File Name,BldgLoc,BldgType,Story,BldgHVAC,BldgVint,TechGroup,TechType,TechID,Cohort,Case,Net Site EUI,Net Site Energy,Net Source EUI,Net Source Energy,Total,Heating,Cooling,Interior Lighting,Exterior Lighting,Interior Equipment,Exterior Equipment,Fans,Pumps,Heat Rejection,Humidification,Heat Recovery,Water Systems,Refrigeration,Generators,Heating Elec,Cooling Elec,Heating NG,Cooling NG,Interior Equipment Elec,Interior Equipment NG,Water Systems NG,Electricity,Natural Gas,Unmet Heating,Unmet Cooling,Electricity:Facility [J](Hourly)
SFm_New/runs/CZ16/SFm&2&rDXHP&New&dxHP_equip/RE-dxHP_eq-pkgSEER-18.7-SEER2-8.5-HSPF2/instance-out.sql,CZ16,SFm,2,rDXHP,New,dxHP_equip,,RE-dxHP_eq-pkgSEER-18.7-SEER2-8.5-HSPF2,SFm&2&rDXHP&New&dxHP_equip,RE-dxHP_eq-pkgSEER-18.7-SEER2-8.5-HSPF2,39.1,34841.6,87.54,78009.83,34841.61,1845.5,666.69,2643.29,457.71,16701.91,0.0,265.55,0.0,0.0,0.0,0.0,12260.95,0.0,0.0,1845.5,666.69,0.0,0.0,13440.28,3261.63,12260.95,19319.03,15522.58,0.0,0.0,15887573.755993214
SFm_New/runs/CZ16/SFm&2&rDXHP&New&dxHP_equip/RE-dxHP_eq-pkgSEER-16.0-SEER2-8.0-HSPF2/instance-out.sql,CZ16,SFm,2,rDXHP,New,dxHP_equip,,RE-dxHP_eq-pkgSEER-16.0-SEER2-8.0-HSPF2,SFm&2&rDXHP&New&dxHP_equip,RE-dxHP_eq-pkgSEER-16.0-SEER2-8.0-HSPF2,39.17,34910.01,87.78,78226.48,34910.01,1868.05,712.55,2643.29,457.71,16701.91,0.0,265.55,0.0,0.0,0.0,0.0,12260.95,0.0,0.0,1868.05,712.55,0.0,0.0,13440.28,3261.63,12260.95,19387.43,15522.58,0.0,0.0,16233549.063580804
SFm_New/runs/CZ16/SFm&2&rDXHP&New&dxHP_equip/RE-dxHP_eq-pkgSEER-14.3-SEER2-7.5-HSPF2/instance-out.sql,CZ16,SFm,2,rDXHP,New,dxHP_equip,,RE-dxHP_eq-pkgSEER-14.3-SEER2-7.5-HSPF2,SFm&2&rDXHP&New&dxHP_equip,RE-dxHP_eq-pkgSEER-14.3-SEER2-7.5-HSPF2,39.7,35375.31,89.44,79699.97,35375.3,1893.85,821.28,2643.29,457.71,16701.91,0.0,596.26,0.0,0.0,0.0,0.0,12260.99,0.0,0.0,1893.85,821.28,0.0,0.0,13440.28,3261.63,12260.99,19852.68,15522.62,0.0,0.0,18067242.375191607
SFm_New/runs/CZ16/SFm&2&rDXHP&New&dxHP_equip/RE-dxHP_eq-pkgSEER-17.8-SEER2-8.1-HSPF2/instance-out.sql,CZ16,SFm,2,rDXHP,New,dxHP_equip,,RE-dxHP_eq-pkgSEER-17.8-SEER2-8.1-HSPF2,SFm&2&rDXHP&New&dxHP_equip,RE-dxHP_eq-pkgSEER-17.8-SEER2-8.1-HSPF2,39.13,34870.54,87.64,78101.47,34870.54,1862.33,678.8,2643.29,457.71,16701.91,0.0,265.55,0.0,0.0,0.0,0.0,12260.95,0.0,0.0,1862.33,678.8,0.0,0.0,13440.28,3261.63,12260.95,19347.96,15522.58,0.0,0.0,15978781.546569472
SFm_New/runs/CZ16/SFm&1&rDXHP&New&dxHP_equip/RE-dxHP_eq-pkgSEER-17.8-SEER2-8.1-HSPF2/instance-out.sql,CZ16,SFm,1,rDXHP,New,dxHP_equip,,RE-dxHP_eq-pkgSEER-17.8-SEER2-8.1-HSPF2,SFm&1&rDXHP&New&dxHP_equip,RE-dxHP_eq-pkgSEER-17.8-SEER2-8.1-HSPF2,33.29,25601.56,66.56,51190.8,25601.55,900.57,165.08,1375.06,457.71,10338.53,0.0,85.7,0.0,0.0,0.0,0.0,12278.91,0.0,0.0,900.57,165.08,0.0,0.0,8268.27,2070.26,12278.91,11252.38,14349.17,0.0,0.0,7924261.296952555
SFm_New/runs/CZ16/SFm&2&rDXHP&New&dxHP_equip/RE-dxHP_eq-pkgSEER-19.6-SEER2-8.9-HSPF2/instance-out.sql,CZ16,SFm,2,rDXHP,New,dxHP_equip,,RE-dxHP_eq-pkgSEER-19.6-SEER2-8.9-HSPF2,SFm&2&rDXHP&New&dxHP_equip,RE-dxHP_eq-pkgSEER-19.6-SEER2-8.9-HSPF2,39.07,34817.76,87.45,77934.33,34817.77,1831.84,656.51,2643.29,457.71,16701.91,0.0,265.55,0.0,0.0,0.0,0.0,12260.95,0.0,0.0,1831.84,656.51,0.0,0.0,13440.28,3261.63,12260.95,19295.19,15522.58,0.0,0.0,15810722.44860106
SFm_New/runs/CZ16/SFm&1&rDXHP&New&dxHP_equip/RE-dxHP_eq-pkgSEER-16.0-SEER2-8.0-HSPF2/instance-out.sql,CZ16,SFm,1,rDXHP,New,dxHP_equip,,RE-dxHP_eq-pkgSEER-16.0-SEER2-8.0-HSPF2,SFm&1&rDXHP&New&dxHP_equip,RE-dxHP_eq-pkgSEER-16.0-SEER2-8.0-HSPF2,33.3,25611.88,66.6,51223.51,25611.879999999997,902.68,173.29,1375.06,457.71,10338.53,0.0,85.7,0.0,0.0,0.0,0.0,12278.91,0.0,0.0,902.68,173.29,0.0,0.0,8268.27,2070.26,12278.91,11262.71,14349.17,0.0,0.0,8006716.3353966465
SFm_New/runs/CZ16/SFm&1&rDXHP&New&dxHP_equip/RE-dxHP_eq-pkgSEER-18.7-SEER2-8.5-HSPF2/instance-out.sql,CZ16,SFm,1,rDXHP,New,dxHP_equip,,RE-dxHP_eq-pkgSEER-18.7-SEER2-8.5-HSPF2,SFm&1&rDXHP&New&dxHP_equip,RE-dxHP_eq-pkgSEER-18.7-SEER2-8.5-HSPF2,33.27,25592.41,66.52,51161.84,25592.41,894.35,162.15,1375.06,457.71,10338.53,0.0,85.7,0.0,0.0,0.0,0.0,12278.91,0.0,0.0,894.35,162.15,0.0,0.0,8268.27,2070.26,12278.91,11243.24,14349.17,0.0,0.0,7894864.177043174
SFm_New/runs/CZ16/SFm&1&rDXHP&New&dxHP_equip/RE-dxHP_eq-pkgSEER-19.6-SEER2-8.9-HSPF2/instance-out.sql,CZ16,SFm,1,rDXHP,New,dxHP_equip,,RE-dxHP_eq-pkgSEER-19.6-SEER2-8.9-HSPF2,SFm&1&rDXHP&New&dxHP_equip,RE-dxHP_eq-pkgSEER-19.6-SEER2-8.9-HSPF2,33.26,25584.89,66.49,51138.01,25584.879999999997,889.31,159.67,1375.06,457.71,10338.53,0.0,85.7,0.0,0.0,0.0,0.0,12278.91,0.0,0.0,889.31,159.67,0.0,0.0,8268.27,2070.26,12278.91,11235.71,14349.17,0.0,0.0,7869988.887867011
SFm_New/runs/CZ16/SFm&1&rDXHP&New&dxHP_equip/RE-dxHP_eq-pkgSEER-14.3-SEER2-7.5-HSPF2/instance-out.sql,CZ16,SFm,1,rDXHP,New,dxHP_equip,,RE-dxHP_eq-pkgSEER-14.3-SEER2-7.5-HSPF2,SFm&1&rDXHP&New&dxHP_equip,RE-dxHP_eq-pkgSEER-14.3-SEER2-7.5-HSPF2,33.52,25779.33,67.29,51754.29,25779.33,940.76,197.61,1375.06,457.71,10338.53,0.0,190.97,0.0,0.0,0.0,0.0,12278.68,0.0,0.0,940.76,197.61,0.0,0.0,8268.27,2070.26,12278.68,11430.39,14348.94,0.0,0.0,8578067.671771603
SFm_New/runs/CZ15/SFm&2&rDXHP&New&dxHP_equip/RE-dxHP_eq-pkgSEER-14.3-SEER2-7.5-HSPF2/instance-out.sql,CZ15,SFm,2,rDXHP,New,dxHP_equip,,RE-dxHP_eq-pkgSEER-14.3-SEER2-7.5-HSPF2,SFm&2&rDXHP&New&dxHP_equip,RE-dxHP_eq-pkgSEER-14.3-SEER2-7.5-HSPF2,47.59,42406.93,116.62,103921.33,42406.93,739.02,8306.46,2643.29,457.71,16701.91,0.0,2234.74,0.0,0.0,0.0,0.0,11323.79,0.0,0.0,739.02,8306.46,0.0,0.0,13440.28,3261.63,11323.79,27821.51,14585.42,0.0,0.0,32379781.960842345
SFm_New/runs/CZ15/SFm&2&rDXHP&New&dxHP_equip/RE-dxHP_eq-pkgSEER-16.0-SEER2-8.0-HSPF2/instance-out.sql,CZ15,SFm,2,rDXHP,New,dxHP_equip,,RE-dxHP_eq-pkgSEER-16.0-SEER2-8.0-HSPF2,SFm&2&rDXHP&New&dxHP_equip,RE-dxHP_eq-pkgSEER-16.0-SEER2-8.0-HSPF2,44.92,40032.82,108.18,96402.54,40032.81,716.58,7193.2,2643.29,457.71,16701.91,0.0,996.34,0.0,0.0,0.0,0.0,11323.77,0.0,0.0,716.58,7193.2,0.0,0.0,13440.28,3261.63,11323.77,25447.41,14585.4,0.0,0.0,27276455.202097803
SFm_New/runs/CZ15/SFm&2&rDXHP&New&dxHP_equip/RE-dxHP_eq-pkgSEER-17.8-SEER2-8.1-HSPF2/instance-out.sql,CZ15,SFm,2,rDXHP,New,dxHP_equip,,RE-dxHP_eq-pkgSEER-17.8-SEER2-8.1-HSPF2,SFm&2&rDXHP&New&dxHP_equip,RE-dxHP_eq-pkgSEER-17.8-SEER2-8.1-HSPF2,44.54,39688.75,106.96,95312.88,39688.75,713.31,6852.4,2643.29,457.71,16701.91,0.0,996.34,0.0,0.0,0.0,0.0,11323.77,0.0,0.0,713.31,6852.4,0.0,0.0,13440.28,3261.63,11323.77,25103.35,14585.4,0.0,0.0,26540030.65671645
SFm_New/runs/CZ15/SFm&2&rDXHP&New&dxHP_equip/RE-dxHP_eq-pkgSEER-18.7-SEER2-8.5-HSPF2/instance-out.sql,CZ15,SFm,2,rDXHP,New,dxHP_equip,,RE-dxHP_eq-pkgSEER-18.7-SEER2-8.5-HSPF2,SFm&2&rDXHP&New&dxHP_equip,RE-dxHP_eq-pkgSEER-18.7-SEER2-8.5-HSPF2,44.39,39557.02,106.49,94895.7,39557.02,703.68,6730.31,2643.29,457.71,16701.91,0.0,996.34,0.0,0.0,0.0,0.0,11323.77,0.0,0.0,703.68,6730.31,0.0,0.0,13440.28,3261.63,11323.77,24971.62,14585.4,0.0,0.0,26273124.60271537
SFm_New/runs/CZ14/SFm&2&rDXHP&New&dxHP_equip/RE-dxHP_eq-pkgSEER-14.3-SEER2-7.5-HSPF2/instance-out.sql,CZ14,SFm,2,rDXHP,New,dxHP_equip,,RE-dxHP_eq-pkgSEER-14.3-SEER2-7.5-HSPF2,SFm&2&rDXHP&New&dxHP_equip,RE-dxHP_eq-pkgSEER-14.3-SEER2-7.5-HSPF2,43.99,39197.55,104.04,92714.48,39197.55,3624.43,2185.64,2643.29,457.71,16701.91,0.0,1760.18,0.0,0.0,0.0,0.0,11824.38,0.0,0.0,3624.43,2185.64,0.0,0.0,13440.28,3261.63,11824.38,24111.54,15086.01,0.0,0.0,19486441.21719108
SFm_New/runs/CZ14/SFm&2&rDXHP&New&dxHP_equip/RE-dxHP_eq-pkgSEER-16.0-SEER2-8.0-HSPF2/instance-out.sql,CZ14,SFm,2,rDXHP,New,dxHP_equip,,RE-dxHP_eq-pkgSEER-16.0-SEER2-8.0-HSPF2,SFm&2&rDXHP&New&dxHP_equip,RE-dxHP_eq-pkgSEER-16.0-SEER2-8.0-HSPF2,42.69,38042.51,99.94,89056.35,38042.509999999995,3444.18,1906.05,2643.29,457.71,16701.91,0.0,1064.92,0.0,0.0,0.0,0.0,11824.44,0.0,0.0,3444.18,1906.05,0.0,0.0,13440.28,3261.63,11824.44,22956.44,15086.07,0.0,0.0,17345587.22787875
SFm_New/runs/CZ14/SFm&2&rDXHP&New&dxHP_equip/RE-dxHP_eq-pkgSEER-17.8-SEER2-8.1-HSPF2/instance-out.sql,CZ14,SFm,2,rDXHP,New,dxHP_equip,,RE-dxHP_eq-pkgSEER-17.8-SEER2-8.1-HSPF2,SFm&2&rDXHP&New&dxHP_equip,RE-dxHP_eq-pkgSEER-17.8-SEER2-8.1-HSPF2,42.57,37937.0,99.56,88722.19,37937.0,3429.02,1815.7,2643.29,457.71,16701.91,0.0,1064.92,0.0,0.0,0.0,0.0,11824.44,0.0,0.0,3429.02,1815.7,0.0,0.0,13440.28,3261.63,11824.44,22850.93,15086.07,0.0,0.0,17038257.07604537
SFm_New/runs/CZ15/SFm&1&rDXHP&New&dxHP_equip/RE-dxHP_eq-pkgSEER-17.8-SEER2-8.1-HSPF2/instance-out.sql,CZ15,SFm,1,rDXHP,New,dxHP_equip,,RE-dxHP_eq-pkgSEER-17.8-SEER2-8.1-HSPF2,SFm&1&rDXHP&New&dxHP_equip,RE-dxHP_eq-pkgSEER-17.8-SEER2-8.1-HSPF2,35.18,27054.87,75.09,57750.46,27054.87,261.41,2871.1,1375.06,457.71,10338.53,0.0,411.66,0.0,0.0,0.0,0.0,11339.39,0.0,0.0,261.41,2871.1,0.0,0.0,8268.27,2070.26,11339.39,13645.22,13409.65,0.0,0.0,13367484.73508466
SFm_New/runs/CZ15/SFm&1&rDXHP&New&dxHP_equip/RE-dxHP_eq-pkgSEER-18.7-SEER2-8.5-HSPF2/instance-out.sql,CZ15,SFm,1,rDXHP,New,dxHP_equip,,RE-dxHP_eq-pkgSEER-18.7-SEER2-8.5-HSPF2,SFm&1&rDXHP&New&dxHP_equip,RE-dxHP_eq-pkgSEER-18.7-SEER2-8.5-HSPF2,35.11,27000.46,74.86,57578.16,27000.46,258.26,2819.85,1375.06,457.71,10338.53,0.0,411.66,0.0,0.0,0.0,0.0,11339.39,0.0,0.0,258.26,2819.85,0.0,0.0,8268.27,2070.26,11339.39,13590.81,13409.65,0.0,0.0,13245741.356789261
SFm_New/runs/CZ15/SFm&1&rDXHP&New&dxHP_equip/RE-dxHP_eq-pkgSEER-16.0-SEER2-8.0-HSPF2/instance-out.sql,CZ15,SFm,1,rDXHP,New,dxHP_equip,,RE-dxHP_eq-pkgSEER-16.0-SEER2-8.0-HSPF2,SFm&1&rDXHP&New&dxHP_equip,RE-dxHP_eq-pkgSEER-16.0-SEER2-8.0-HSPF2,35.36,27198.69,75.68,58205.96,27198.690000000002,262.49,3013.86,1375.06,457.71,10338.53,0.0,411.66,0.0,0.0,0.0,0.0,11339.39,0.0,0.0,262.49,3013.86,0.0,0.0,8268.27,2070.26,11339.39,13789.04,13409.65,0.0,0.0,13695095.949315893
SFm_New/runs/CZ15/SFm&1&rDXHP&New&dxHP_equip/RE-dxHP_eq-pkgSEER-19.6-SEER2-8.9-HSPF2/instance-out.sql,CZ15,SFm,1,rDXHP,New,dxHP_equip,,RE-dxHP_eq-pkgSEER-19.6-SEER2-8.9-HSPF2,SFm&1&rDXHP&New&dxHP_equip,RE-dxHP_eq-pkgSEER-19.6-SEER2-8.9-HSPF2,35.05,26954.84,74.67,57433.69,26954.84,255.71,2776.79,1375.06,457.71,10338.53,0.0,411.66,0.0,0.0,0.0,0.0,11339.39,0.0,0.0,255.71,2776.79,0.0,0.0,8268.27,2070.26,11339.39,13545.19,13409.65,0.0,0.0,13147007.980844494
SFm_New/runs/CZ14/SFm&2&rDXHP&New&dxHP_equip/RE-dxHP_eq-pkgSEER-18.7-SEER2-8.5-HSPF2/instance-out.sql,CZ14,SFm,2,rDXHP,New,dxHP_equip,,RE-dxHP_eq-pkgSEER-18.7-SEER2-8.5-HSPF2,SFm&2&rDXHP&New&dxHP_equip,RE-dxHP_eq-pkgSEER-18.7-SEER2-8.5-HSPF2,42.49,37860.19,99.29,88478.93,37860.19,3384.42,1783.49,2643.29,457.71,16701.91,0.0,1064.92,0.0,0.0,0.0,0.0,11824.44,0.0,0.0,3384.42,1783.49,0.0,0.0,13440.28,3261.63,11824.44,22774.12,15086.07,0.0,0.0,16928707.22992675
SFm_New/runs/CZ15/SFm&2&rDXHP&New&dxHP_equip/RE-dxHP_eq-pkgSEER-19.6-SEER2-8.9-HSPF2/instance-out.sql,CZ15,SFm,2,rDXHP,New,dxHP_equip,,RE-dxHP_eq-pkgSEER-19.6-SEER2-8.9-HSPF2,SFm&2&rDXHP&New&dxHP_equip,RE-dxHP_eq-pkgSEER-19.6-SEER2-8.9-HSPF2,44.27,39446.41,106.1,94545.38,39446.409999999996,695.87,6627.5,2643.29,457.71,16701.91,0.0,996.34,0.0,0.0,0.0,0.0,11323.77,0.0,0.0,695.87,6627.5,0.0,0.0,13440.28,3261.63,11323.77,24861.01,14585.4,0.0,0.0,26051047.090325486
SFm_New/runs/CZ15/SFm&1&rDXHP&New&dxHP_equip/RE-dxHP_eq-pkgSEER-14.3-SEER2-7.5-HSPF2/instance-out.sql,CZ15,SFm,1,rDXHP,New,dxHP_equip,,RE-dxHP_eq-pkgSEER-14.3-SEER2-7.5-HSPF2,SFm&1&rDXHP&New&dxHP_equip,RE-dxHP_eq-pkgSEER-14.3-SEER2-7.5-HSPF2,36.66,28196.6,79.79,61366.1,28196.6,272.39,3488.84,1375.06,457.71,10338.53,0.0,924.57,0.0,0.0,0.0,0.0,11339.5,0.0,0.0,272.39,3488.84,0.0,0.0,8268.27,2070.26,11339.5,14786.84,13409.76,0.0,0.0,15898821.442966904
SFm_New/runs/CZ14/SFm&2&rDXHP&New&dxHP_equip/RE-dxHP_eq-pkgSEER-19.6-SEER2-8.9-HSPF2/instance-out.sql,CZ14,SFm,2,rDXHP,New,dxHP_equip,,RE-dxHP_eq-pkgSEER-19.6-SEER2-8.9-HSPF2,SFm&2&rDXHP&New&dxHP_equip,RE-dxHP_eq-pkgSEER-19.6-SEER2-8.9-HSPF2,42.41,37796.72,99.06,88277.94,37796.72,3348.21,1756.23,2643.29,457.71,16701.91,0.0,1064.92,0.0,0.0,0.0,0.0,11824.44,0.0,0.0,3348.21,1756.23,0.0,0.0,13440.28,3261.63,11824.44,22710.65,15086.07,0.0,0.0,16835990.506997205
SFm_New/runs/CZ14/SFm&1&rDXHP&New&dxHP_equip/RE-dxHP_eq-pkgSEER-16.0-SEER2-8.0-HSPF2/instance-out.sql,CZ14,SFm,1,rDXHP,New,dxHP_equip,,RE-dxHP_eq-pkgSEER-16.0-SEER2-8.0-HSPF2,SFm&1&rDXHP&New&dxHP_equip,RE-dxHP_eq-pkgSEER-16.0-SEER2-8.0-HSPF2,34.61,26621.08,71.94,55332.6,26621.07,1507.61,640.78,1375.06,457.71,10338.53,0.0,460.77,0.0,0.0,0.0,0.0,11840.61,0.0,0.0,1507.61,640.78,0.0,0.0,8268.27,2070.26,11840.61,12710.2,13910.87,0.0,0.0,9060762.98020824
SFm_New/runs/CZ14/SFm&1&rDXHP&New&dxHP_equip/RE-dxHP_eq-pkgSEER-14.3-SEER2-7.5-HSPF2/instance-out.sql,CZ14,SFm,1,rDXHP,New,dxHP_equip,,RE-dxHP_eq-pkgSEER-14.3-SEER2-7.5-HSPF2,SFm&1&rDXHP&New&dxHP_equip,RE-dxHP_eq-pkgSEER-14.3-SEER2-7.5-HSPF2,35.22,27088.54,73.87,56812.45,27088.54,1614.12,733.74,1375.06,457.71,10338.53,0.0,728.48,0.0,0.0,0.0,0.0,11840.91,0.0,0.0,1614.12,733.74,0.0,0.0,8268.27,2070.26,11840.91,13177.37,13911.17,0.0,0.0,9971175.988087192
SFm_New/runs/CZ14/SFm&1&rDXHP&New&dxHP_equip/RE-dxHP_eq-pkgSEER-18.7-SEER2-8.5-HSPF2/instance-out.sql,CZ14,SFm,1,rDXHP,New,dxHP_equip,,RE-dxHP_eq-pkgSEER-18.7-SEER2-8.5-HSPF2,SFm&1&rDXHP&New&dxHP_equip,RE-dxHP_eq-pkgSEER-18.7-SEER2-8.5-HSPF2,34.53,26555.28,71.67,55124.21,26555.27,1483.01,599.58,1375.06,457.71,10338.53,0.0,460.77,0.0,0.0,0.0,0.0,11840.61,0.0,0.0,1483.01,599.58,0.0,0.0,8268.27,2070.26,11840.61,12644.4,13910.87,0.0,0.0,8886228.380704084
SFm_New/runs/CZ13/SFm&2&rDXHP&New&dxHP_equip/RE-dxHP_eq-pkgSEER-14.3-SEER2-7.5-HSPF2/instance-out.sql,CZ13,SFm,2,rDXHP,New,dxHP_equip,,RE-dxHP_eq-pkgSEER-14.3-SEER2-7.5-HSPF2,SFm&2&rDXHP&New&dxHP_equip,RE-dxHP_eq-pkgSEER-14.3-SEER2-7.5-HSPF2,43.56,38819.32,102.87,91667.21,38819.32,1879.61,3747.13,2643.29,457.71,16701.91,0.0,1637.57,0.0,0.0,0.0,0.0,11752.09,0.0,0.0,1879.61,3747.13,0.0,0.0,13440.28,3261.63,11752.09,23805.6,15013.72,0.0,0.0,27544877.01936253
SFm_New/runs/CZ14/SFm&1&rDXHP&New&dxHP_equip/RE-dxHP_eq-pkgSEER-17.8-SEER2-8.1-HSPF2/instance-out.sql,CZ14,SFm,1,rDXHP,New,dxHP_equip,,RE-dxHP_eq-pkgSEER-17.8-SEER2-8.1-HSPF2,SFm&1&rDXHP&New&dxHP_equip,RE-dxHP_eq-pkgSEER-17.8-SEER2-8.1-HSPF2,34.56,26584.46,71.79,55216.64,26584.46,1501.37,610.41,1375.06,457.71,10338.53,0.0,460.77,0.0,0.0,0.0,0.0,11840.61,0.0,0.0,1501.37,610.41,0.0,0.0,8268.27,2070.26,11840.61,12673.59,13910.87,0.0,0.0,8932093.470446907
SFm_New/runs/CZ13/SFm&2&rDXHP&New&dxHP_equip/RE-dxHP_eq-pkgSEER-17.8-SEER2-8.1-HSPF2/instance-out.sql,CZ13,SFm,2,rDXHP,New,dxHP_equip,,RE-dxHP_eq-pkgSEER-17.8-SEER2-8.1-HSPF2,SFm&2&rDXHP&New&dxHP_equip,RE-dxHP_eq-pkgSEER-17.8-SEER2-8.1-HSPF2,41.92,37352.54,97.65,87022.55,37352.54,1805.31,3094.54,2643.29,457.71,16701.91,0.0,897.98,0.0,0.0,0.0,0.0,11751.78,0.0,0.0,1805.31,3094.54,0.0,0.0,13440.28,3261.63,11751.78,22339.13,15013.41,0.0,0.0,22967771.631846152
SFm_New/runs/CZ14/SFm&1&rDXHP&New&dxHP_equip/RE-dxHP_eq-pkgSEER-19.6-SEER2-8.9-HSPF2/instance-out.sql,CZ14,SFm,1,rDXHP,New,dxHP_equip,,RE-dxHP_eq-pkgSEER-19.6-SEER2-8.9-HSPF2,SFm&1&rDXHP&New&dxHP_equip,RE-dxHP_eq-pkgSEER-19.6-SEER2-8.9-HSPF2,34.5,26531.21,71.57,55048.0,26531.21,1468.11,590.41,1375.06,457.71,10338.53,0.0,460.77,0.0,0.0,0.0,0.0,11840.61,0.0,0.0,1468.11,590.41,0.0,0.0,8268.27,2070.26,11840.61,12620.34,13910.87,0.0,0.0,8847410.792469233
SFm_New/runs/CZ13/SFm&2&rDXHP&New&dxHP_equip/RE-dxHP_eq-pkgSEER-16.0-SEER2-8.0-HSPF2/instance-out.sql,CZ13,SFm,2,rDXHP,New,dxHP_equip,,RE-dxHP_eq-pkgSEER-16.0-SEER2-8.0-HSPF2,SFm&2&rDXHP&New&dxHP_equip,RE-dxHP_eq-pkgSEER-16.0-SEER2-8.0-HSPF2,42.1,37514.27,98.23,87534.77,37514.270000000004,1813.19,3248.4,2643.29,457.71,16701.91,0.0,897.98,0.0,0.0,0.0,0.0,11751.78,0.0,0.0,1813.19,3248.4,0.0,0.0,13440.28,3261.63,11751.78,22500.86,15013.41,0.0,0.0,23538678.87658652
SFm_New/runs/CZ13/SFm&2&rDXHP&New&dxHP_equip/RE-dxHP_eq-pkgSEER-19.6-SEER2-8.9-HSPF2/instance-out.sql,CZ13,SFm,2,rDXHP,New,dxHP_equip,,RE-dxHP_eq-pkgSEER-19.6-SEER2-8.9-HSPF2,SFm&2&rDXHP&New&dxHP_equip,RE-dxHP_eq-pkgSEER-19.6-SEER2-8.9-HSPF2,41.75,37208.88,97.14,86567.59,37208.880000000005,1763.32,2992.88,2643.29,457.71,16701.91,0.0,897.98,0.0,0.0,0.0,0.0,11751.78,0.0,0.0,1763.32,2992.88,0.0,0.0,13440.28,3261.63,11751.78,22195.47,15013.41,0.0,0.0,22588150.499752924
SFm_New/runs/CZ13/SFm&1&rDXHP&New&dxHP_equip/RE-dxHP_eq-pkgSEER-14.3-SEER2-7.5-HSPF2/instance-out.sql,CZ13,SFm,1,rDXHP,New,dxHP_equip,,RE-dxHP_eq-pkgSEER-14.3-SEER2-7.5-HSPF2,SFm&1&rDXHP&New&dxHP_equip,RE-dxHP_eq-pkgSEER-14.3-SEER2-7.5-HSPF2,35.03,26941.56,73.44,56484.38,26941.56,836.15,1462.4,1375.06,457.71,10338.53,0.0,696.77,0.0,0.0,0.0,0.0,11774.93,0.0,0.0,836.15,1462.4,0.0,0.0,8268.27,2070.26,11774.93,13096.36,13845.2,0.0,0.0,13661776.301644335
SFm_New/runs/CZ13/SFm&1&rDXHP&New&dxHP_equip/RE-dxHP_eq-pkgSEER-17.8-SEER2-8.1-HSPF2/instance-out.sql,CZ13,SFm,1,rDXHP,New,dxHP_equip,,RE-dxHP_eq-pkgSEER-17.8-SEER2-8.1-HSPF2,SFm&1&rDXHP&New&dxHP_equip,RE-dxHP_eq-pkgSEER-17.8-SEER2-8.1-HSPF2,34.25,26344.56,70.98,54593.59,26344.559999999998,792.03,1203.12,1375.06,457.71,10338.53,0.0,403.13,0.0,0.0,0.0,0.0,11774.98,0.0,0.0,792.03,1203.12,0.0,0.0,8268.27,2070.26,11774.98,12499.32,13845.24,0.0,0.0,11704541.222138707
SFm_New/runs/CZ13/SFm&2&rDXHP&New&dxHP_equip/RE-dxHP_eq-pkgSEER-18.7-SEER2-8.5-HSPF2/instance-out.sql,CZ13,SFm,2,rDXHP,New,dxHP_equip,,RE-dxHP_eq-pkgSEER-18.7-SEER2-8.5-HSPF2,SFm&2&rDXHP&New&dxHP_equip,RE-dxHP_eq-pkgSEER-18.7-SEER2-8.5-HSPF2,41.83,37274.1,97.37,86774.15,37274.1,1782.13,3039.29,2643.29,457.71,16701.91,0.0,897.98,0.0,0.0,0.0,0.0,11751.78,0.0,0.0,1782.13,3039.29,0.0,0.0,13440.28,3261.63,11751.78,22260.69,15013.41,0.0,0.0,22760302.997091893
SFm_New/runs/CZ13/SFm&1&rDXHP&New&dxHP_equip/RE-dxHP_eq-pkgSEER-16.0-SEER2-8.0-HSPF2/instance-out.sql,CZ13,SFm,1,rDXHP,New,dxHP_equip,,RE-dxHP_eq-pkgSEER-16.0-SEER2-8.0-HSPF2,SFm&1&rDXHP&New&dxHP_equip,RE-dxHP_eq-pkgSEER-16.0-SEER2-8.0-HSPF2,34.33,26407.43,71.24,54792.71,26407.43,795.12,1262.9,1375.06,457.71,10338.53,0.0,403.13,0.0,0.0,0.0,0.0,11774.98,0.0,0.0,795.12,1262.9,0.0,0.0,8268.27,2070.26,11774.98,12562.19,13845.24,0.0,0.0,11955418.420732949
SFm_New/runs/CZ12/SFm&2&rDXHP&New&dxHP_equip/RE-dxHP_eq-pkgSEER-14.3-SEER2-7.5-HSPF2/instance-out.sql,CZ12,SFm,2,rDXHP,New,dxHP_equip,,RE-dxHP_eq-pkgSEER-14.3-SEER2-7.5-HSPF2,SFm&2&rDXHP&New&dxHP_equip,RE-dxHP_eq-pkgSEER-14.3-SEER2-7.5-HSPF2,41.18,36692.92,94.85,84520.76,36692.92,2557.38,1234.52,2643.29,457.71,16701.91,0.0,1148.16,0.0,0.0,0.0,0.0,11949.95,0.0,0.0,2557.38,1234.52,0.0,0.0,13440.28,3261.63,11949.95,21481.34,15211.58,0.0,0.0,20681100.795626733
SFm_New/runs/CZ13/SFm&1&rDXHP&New&dxHP_equip/RE-dxHP_eq-pkgSEER-19.6-SEER2-8.9-HSPF2/instance-out.sql,CZ13,SFm,1,rDXHP,New,dxHP_equip,,RE-dxHP_eq-pkgSEER-19.6-SEER2-8.9-HSPF2,SFm&1&rDXHP&New&dxHP_equip,RE-dxHP_eq-pkgSEER-19.6-SEER2-8.9-HSPF2,34.18,26288.46,70.75,54415.9,26288.449999999997,775.54,1163.51,1375.06,457.71,10338.53,0.0,403.13,0.0,0.0,0.0,0.0,11774.98,0.0,0.0,775.54,1163.51,0.0,0.0,8268.27,2070.26,11774.98,12443.21,13845.24,0.0,0.0,11535188.276276246
SFm_New/runs/CZ13/SFm&1&rDXHP&New&dxHP_equip/RE-dxHP_eq-pkgSEER-18.7-SEER2-8.5-HSPF2/instance-out.sql,CZ13,SFm,1,rDXHP,New,dxHP_equip,,RE-dxHP_eq-pkgSEER-18.7-SEER2-8.5-HSPF2,SFm&1&rDXHP&New&dxHP_equip,RE-dxHP_eq-pkgSEER-18.7-SEER2-8.5-HSPF2,34.21,26313.87,70.86,54496.39,26313.87,782.93,1181.53,1375.06,457.71,10338.53,0.0,403.13,0.0,0.0,0.0,0.0,11774.98,0.0,0.0,782.93,1181.53,0.0,0.0,8268.27,2070.26,11774.98,12468.63,13845.24,0.0,0.0,11610785.220187712
SFm_New/runs/CZ12/SFm&2&rDXHP&New&dxHP_equip/RE-dxHP_eq-pkgSEER-16.0-SEER2-8.0-HSPF2/instance-out.sql,CZ12,SFm,2,rDXHP,New,dxHP_equip,,RE-dxHP_eq-pkgSEER-16.0-SEER2-8.0-HSPF2,SFm&2&rDXHP&New&dxHP_equip,RE-dxHP_eq-pkgSEER-16.0-SEER2-8.0-HSPF2,40.37,35979.2,92.31,82259.93,35979.2,2448.86,1078.95,2643.29,457.71,16701.91,0.0,698.3,0.0,0.0,0.0,0.0,11950.17,0.0,0.0,2448.86,1078.95,0.0,0.0,13440.28,3261.63,11950.17,20767.4,15211.8,0.0,0.0,18274259.85611291
SFm_New/runs/CZ12/SFm&2&rDXHP&New&dxHP_equip/RE-dxHP_eq-pkgSEER-19.6-SEER2-8.9-HSPF2/instance-out.sql,CZ12,SFm,2,rDXHP,New,dxHP_equip,,RE-dxHP_eq-pkgSEER-19.6-SEER2-8.9-HSPF2,SFm&2&rDXHP&New&dxHP_equip,RE-dxHP_eq-pkgSEER-19.6-SEER2-8.9-HSPF2,40.2,35825.61,91.76,81773.53,35825.61,2380.14,994.08,2643.29,457.71,16701.91,0.0,698.3,0.0,0.0,0.0,0.0,11950.17,0.0,0.0,2380.14,994.08,0.0,0.0,13440.28,3261.63,11950.17,20613.81,15211.8,0.0,0.0,17699507.280469976
SFm_New/runs/CZ12/SFm&2&rDXHP&New&dxHP_equip/RE-dxHP_eq-pkgSEER-17.8-SEER2-8.1-HSPF2/instance-out.sql,CZ12,SFm,2,rDXHP,New,dxHP_equip,,RE-dxHP_eq-pkgSEER-17.8-SEER2-8.1-HSPF2,SFm&2&rDXHP&New&dxHP_equip,RE-dxHP_eq-pkgSEER-17.8-SEER2-8.1-HSPF2,40.3,35917.23,92.09,82063.7,35917.229999999996,2438.0,1027.84,2643.29,457.71,16701.91,0.0,698.3,0.0,0.0,0.0,0.0,11950.17,0.0,0.0,2438.0,1027.84,0.0,0.0,13440.28,3261.63,11950.17,20705.43,15211.8,0.0,0.0,17927923.715245005
SFm_New/runs/CZ12/SFm&2&rDXHP&New&dxHP_equip/RE-dxHP_eq-pkgSEER-18.7-SEER2-8.5-HSPF2/instance-out.sql,CZ12,SFm,2,rDXHP,New,dxHP_equip,,RE-dxHP_eq-pkgSEER-18.7-SEER2-8.5-HSPF2,SFm&2&rDXHP&New&dxHP_equip,RE-dxHP_eq-pkgSEER-18.7-SEER2-8.5-HSPF2,40.25,35866.95,91.91,81904.46,35866.95,2406.06,1009.49,2643.29,457.71,16701.91,0.0,698.3,0.0,0.0,0.0,0.0,11950.17,0.0,0.0,2406.06,1009.49,0.0,0.0,13440.28,3261.63,11950.17,20655.15,15211.8,0.0,0.0,17803981.483965054
SFm_New/runs/CZ12/SFm&1&rDXHP&New&dxHP_equip/RE-dxHP_eq-pkgSEER-17.8-SEER2-8.1-HSPF2/instance-out.sql,CZ12,SFm,1,rDXHP,New,dxHP_equip,,RE-dxHP_eq-pkgSEER-17.8-SEER2-8.1-HSPF2,SFm&1&rDXHP&New&dxHP_equip,RE-dxHP_eq-pkgSEER-17.8-SEER2-8.1-HSPF2,33.56,25812.87,68.26,52504.24,25812.87,1061.38,316.32,1375.06,457.71,10338.53,0.0,294.23,0.0,0.0,0.0,0.0,11969.63,0.0,0.0,1061.38,316.32,0.0,0.0,8268.27,2070.26,11969.63,11772.97,14039.9,0.0,0.0,9165464.157555288
SFm_New/runs/CZ12/SFm&1&rDXHP&New&dxHP_equip/RE-dxHP_eq-pkgSEER-14.3-SEER2-7.5-HSPF2/instance-out.sql,CZ12,SFm,1,rDXHP,New,dxHP_equip,,RE-dxHP_eq-pkgSEER-14.3-SEER2-7.5-HSPF2,SFm&1&rDXHP&New&dxHP_equip,RE-dxHP_eq-pkgSEER-14.3-SEER2-7.5-HSPF2,33.95,26108.24,69.48,53440.9,26108.239999999998,1127.77,379.89,1375.06,457.71,10338.53,0.0,460.23,0.0,0.0,0.0,0.0,11969.05,0.0,0.0,1127.77,379.89,0.0,0.0,8268.27,2070.26,11969.05,12068.92,14039.32,0.0,0.0,10268087.595359553
SFm_New/runs/CZ12/SFm&1&rDXHP&New&dxHP_equip/RE-dxHP_eq-pkgSEER-16.0-SEER2-8.0-HSPF2/instance-out.sql,CZ12,SFm,1,rDXHP,New,dxHP_equip,,RE-dxHP_eq-pkgSEER-16.0-SEER2-8.0-HSPF2,SFm&1&rDXHP&New&dxHP_equip,RE-dxHP_eq-pkgSEER-16.0-SEER2-8.0-HSPF2,33.59,25832.92,68.35,52567.76,25832.93,1065.71,332.05,1375.06,457.71,10338.53,0.0,294.23,0.0,0.0,0.0,0.0,11969.63,0.0,0.0,1065.71,332.05,0.0,0.0,8268.27,2070.26,11969.63,11793.03,14039.9,0.0,0.0,9304299.261247775
SFm_New/runs/CZ11/SFm&2&rDXHP&New&dxHP_equip/RE-dxHP_eq-pkgSEER-14.3-SEER2-7.5-HSPF2/instance-out.sql,CZ11,SFm,2,rDXHP,New,dxHP_equip,,RE-dxHP_eq-pkgSEER-14.3-SEER2-7.5-HSPF2,SFm&2&rDXHP&New&dxHP_equip,RE-dxHP_eq-pkgSEER-14.3-SEER2-7.5-HSPF2,43.17,38474.31,101.45,90404.11,38474.31,2125.16,3183.78,2643.29,457.71,16701.91,0.0,1528.53,0.0,0.0,0.0,0.0,11833.92,0.0,0.0,2125.16,3183.78,0.0,0.0,13440.28,3261.63,11833.92,23378.76,15095.55,0.0,0.0,26539944.243902713
SFm_New/runs/CZ12/SFm&1&rDXHP&New&dxHP_equip/RE-dxHP_eq-pkgSEER-19.6-SEER2-8.9-HSPF2/instance-out.sql,CZ12,SFm,1,rDXHP,New,dxHP_equip,,RE-dxHP_eq-pkgSEER-19.6-SEER2-8.9-HSPF2,SFm&1&rDXHP&New&dxHP_equip,RE-dxHP_eq-pkgSEER-19.6-SEER2-8.9-HSPF2,33.52,25779.46,68.13,52398.44,25779.46,1038.35,305.95,1375.06,457.71,10338.53,0.0,294.23,0.0,0.0,0.0,0.0,11969.63,0.0,0.0,1038.35,305.95,0.0,0.0,8268.27,2070.26,11969.63,11739.56,14039.9,0.0,0.0,9073977.09702188
SFm_New/runs/CZ12/SFm&1&rDXHP&New&dxHP_equip/RE-dxHP_eq-pkgSEER-18.7-SEER2-8.5-HSPF2/instance-out.sql,CZ12,SFm,1,rDXHP,New,dxHP_equip,,RE-dxHP_eq-pkgSEER-18.7-SEER2-8.5-HSPF2,SFm&1&rDXHP&New&dxHP_equip,RE-dxHP_eq-pkgSEER-18.7-SEER2-8.5-HSPF2,33.54,25794.53,68.19,52446.16,25794.53,1048.67,310.69,1375.06,457.71,10338.53,0.0,294.23,0.0,0.0,0.0,0.0,11969.63,0.0,0.0,1048.67,310.69,0.0,0.0,8268.27,2070.26,11969.63,11754.63,14039.9,0.0,0.0,9115859.099567477
SFm_New/runs/CZ11/SFm&2&rDXHP&New&dxHP_equip/RE-dxHP_eq-pkgSEER-16.0-SEER2-8.0-HSPF2/instance-out.sql,CZ11,SFm,2,rDXHP,New,dxHP_equip,,RE-dxHP_eq-pkgSEER-16.0-SEER2-8.0-HSPF2,SFm&2&rDXHP&New&dxHP_equip,RE-dxHP_eq-pkgSEER-16.0-SEER2-8.0-HSPF2,41.85,37293.36,97.25,86664.49,37293.36,2051.56,2756.59,2643.29,457.71,16701.91,0.0,848.59,0.0,0.0,0.0,0.0,11833.7,0.0,0.0,2051.56,2756.59,0.0,0.0,13440.28,3261.63,11833.7,22198.03,15095.33,0.0,0.0,22768500.866930798
SFm_New/runs/CZ11/SFm&2&rDXHP&New&dxHP_equip/RE-dxHP_eq-pkgSEER-17.8-SEER2-8.1-HSPF2/instance-out.sql,CZ11,SFm,2,rDXHP,New,dxHP_equip,,RE-dxHP_eq-pkgSEER-17.8-SEER2-8.1-HSPF2,SFm&2&rDXHP&New&dxHP_equip,RE-dxHP_eq-pkgSEER-17.8-SEER2-8.1-HSPF2,41.69,37154.02,96.76,86223.2,37154.02,2042.78,2626.02,2643.29,457.71,16701.91,0.0,848.59,0.0,0.0,0.0,0.0,11833.7,0.0,0.0,2042.78,2626.02,0.0,0.0,13440.28,3261.63,11833.7,22058.69,15095.33,0.0,0.0,22231143.119860113
SFm_New/runs/CZ11/SFm&2&rDXHP&New&dxHP_equip/RE-dxHP_eq-pkgSEER-18.7-SEER2-8.5-HSPF2/instance-out.sql,CZ11,SFm,2,rDXHP,New,dxHP_equip,,RE-dxHP_eq-pkgSEER-18.7-SEER2-8.5-HSPF2,SFm&2&rDXHP&New&dxHP_equip,RE-dxHP_eq-pkgSEER-18.7-SEER2-8.5-HSPF2,41.61,37081.31,96.5,85992.92,37081.31,2016.96,2579.13,2643.29,457.71,16701.91,0.0,848.59,0.0,0.0,0.0,0.0,11833.7,0.0,0.0,2016.96,2579.13,0.0,0.0,13440.28,3261.63,11833.7,21985.98,15095.33,0.0,0.0,22036961.13407454
SFm_New/runs/CZ11/SFm&2&rDXHP&New&dxHP_equip/RE-dxHP_eq-pkgSEER-19.6-SEER2-8.9-HSPF2/instance-out.sql,CZ11,SFm,2,rDXHP,New,dxHP_equip,,RE-dxHP_eq-pkgSEER-19.6-SEER2-8.9-HSPF2,SFm&2&rDXHP&New&dxHP_equip,RE-dxHP_eq-pkgSEER-19.6-SEER2-8.9-HSPF2,41.54,37020.96,96.28,85801.81,37020.96,1996.0,2539.75,2643.29,457.71,16701.91,0.0,848.59,0.0,0.0,0.0,0.0,11833.7,0.0,0.0,1996.0,2539.75,0.0,0.0,13440.28,3261.63,11833.7,21925.63,15095.33,0.0,0.0,21874902.763457283
SFm_New/runs/CZ11/SFm&1&rDXHP&New&dxHP_equip/RE-dxHP_eq-pkgSEER-14.3-SEER2-7.5-HSPF2/instance-out.sql,CZ11,SFm,1,rDXHP,New,dxHP_equip,,RE-dxHP_eq-pkgSEER-14.3-SEER2-7.5-HSPF2,SFm&1&rDXHP&New&dxHP_equip,RE-dxHP_eq-pkgSEER-14.3-SEER2-7.5-HSPF2,34.86,26809.37,72.69,55906.68,26809.37,951.5,1193.82,1375.06,457.71,10338.53,0.0,641.46,0.0,0.0,0.0,0.0,11851.28,0.0,0.0,951.5,1193.82,0.0,0.0,8268.27,2070.26,11851.28,12887.82,13921.55,0.0,0.0,13221707.3485661
SFm_New/runs/CZ11/SFm&1&rDXHP&New&dxHP_equip/RE-dxHP_eq-pkgSEER-16.0-SEER2-8.0-HSPF2/instance-out.sql,CZ11,SFm,1,rDXHP,New,dxHP_equip,,RE-dxHP_eq-pkgSEER-16.0-SEER2-8.0-HSPF2,SFm&1&rDXHP&New&dxHP_equip,RE-dxHP_eq-pkgSEER-16.0-SEER2-8.0-HSPF2,34.24,26334.47,70.73,54401.91,26334.47,905.0,1029.28,1375.06,457.71,10338.53,0.0,377.23,0.0,0.0,0.0,0.0,11851.66,0.0,0.0,905.0,1029.28,0.0,0.0,8268.27,2070.26,11851.66,12412.55,13921.92,0.0,0.0,11596032.430161446
SFm_New/runs/CZ11/SFm&1&rDXHP&New&dxHP_equip/RE-dxHP_eq-pkgSEER-18.7-SEER2-8.5-HSPF2/instance-out.sql,CZ11,SFm,1,rDXHP,New,dxHP_equip,,RE-dxHP_eq-pkgSEER-18.7-SEER2-8.5-HSPF2,SFm&1&rDXHP&New&dxHP_equip,RE-dxHP_eq-pkgSEER-18.7-SEER2-8.5-HSPF2,34.14,26254.59,70.4,54148.92,26254.59,891.43,962.97,1375.06,457.71,10338.53,0.0,377.23,0.0,0.0,0.0,0.0,11851.66,0.0,0.0,891.43,962.97,0.0,0.0,8268.27,2070.26,11851.66,12332.67,13921.92,0.0,0.0,11273316.945800591
SFm_New/runs/CZ11/SFm&1&rDXHP&New&dxHP_equip/RE-dxHP_eq-pkgSEER-17.8-SEER2-8.1-HSPF2/instance-out.sql,CZ11,SFm,1,rDXHP,New,dxHP_equip,,RE-dxHP_eq-pkgSEER-17.8-SEER2-8.1-HSPF2,SFm&1&rDXHP&New&dxHP_equip,RE-dxHP_eq-pkgSEER-17.8-SEER2-8.1-HSPF2,34.17,26282.3,70.52,54236.69,26282.3,901.56,980.56,1375.06,457.71,10338.53,0.0,377.23,0.0,0.0,0.0,0.0,11851.66,0.0,0.0,901.56,980.56,0.0,0.0,8268.27,2070.26,11851.66,12360.38,13921.92,0.0,0.0,11360743.52611257
SFm_New/runs/CZ10/SFm&2&rDXHP&New&dxHP_equip/RE-dxHP_eq-pkgSEER-16.0-SEER2-8.0-HSPF2/instance-out.sql,CZ10,SFm,2,rDXHP,New,dxHP_equip,,RE-dxHP_eq-pkgSEER-16.0-SEER2-8.0-HSPF2,SFm&2&rDXHP&New&dxHP_equip,RE-dxHP_eq-pkgSEER-16.0-SEER2-8.0-HSPF2,38.28,34109.48,86.17,76785.53,34109.479999999996,652.51,1183.25,2643.29,457.71,16701.91,0.0,735.22,0.0,0.0,0.0,0.0,11735.58,0.0,0.0,652.51,1183.25,0.0,0.0,13440.28,3261.63,11735.58,19112.27,14997.21,0.0,0.0,17680554.25447816
SFm_New/runs/CZ10/SFm&2&rDXHP&New&dxHP_equip/RE-dxHP_eq-pkgSEER-18.7-SEER2-8.5-HSPF2/instance-out.sql,CZ10,SFm,2,rDXHP,New,dxHP_equip,,RE-dxHP_eq-pkgSEER-18.7-SEER2-8.5-HSPF2,SFm&2&rDXHP&New&dxHP_equip,RE-dxHP_eq-pkgSEER-18.7-SEER2-8.5-HSPF2,38.18,34022.63,85.86,76510.48,34022.63,641.79,1107.12,2643.29,457.71,16701.91,0.0,735.22,0.0,0.0,0.0,0.0,11735.58,0.0,0.0,641.79,1107.12,0.0,0.0,13440.28,3261.63,11735.58,19025.42,14997.21,0.0,0.0,17240450.098730646
SFm_New/runs/CZ10/SFm&2&rDXHP&New&dxHP_equip/RE-dxHP_eq-pkgSEER-14.3-SEER2-7.5-HSPF2/instance-out.sql,CZ10,SFm,2,rDXHP,New,dxHP_equip,,RE-dxHP_eq-pkgSEER-14.3-SEER2-7.5-HSPF2,SFm&2&rDXHP&New&dxHP_equip,RE-dxHP_eq-pkgSEER-14.3-SEER2-7.5-HSPF2,38.77,34548.99,87.73,78177.62,34549.0,672.59,1342.89,2643.29,457.71,16701.91,0.0,995.09,0.0,0.0,0.0,0.0,11735.5,0.0,0.0,672.59,1342.89,0.0,0.0,13440.28,3261.63,11735.5,19551.86,14997.14,0.0,0.0,19879226.86035721
SFm_New/runs/CZ11/SFm&1&rDXHP&New&dxHP_equip/RE-dxHP_eq-pkgSEER-19.6-SEER2-8.9-HSPF2/instance-out.sql,CZ11,SFm,1,rDXHP,New,dxHP_equip,,RE-dxHP_eq-pkgSEER-19.6-SEER2-8.9-HSPF2,SFm&1&rDXHP&New&dxHP_equip,RE-dxHP_eq-pkgSEER-19.6-SEER2-8.9-HSPF2,34.11,26231.67,70.31,54076.34,26231.67,883.2,948.28,1375.06,457.71,10338.53,0.0,377.23,0.0,0.0,0.0,0.0,11851.66,0.0,0.0,883.2,948.28,0.0,0.0,8268.27,2070.26,11851.66,12309.75,13921.92,0.0,0.0,11202406.894270891
SFm_New/runs/CZ10/SFm&2&rDXHP&New&dxHP_equip/RE-dxHP_eq-pkgSEER-19.6-SEER2-8.9-HSPF2/instance-out.sql,CZ10,SFm,2,rDXHP,New,dxHP_equip,,RE-dxHP_eq-pkgSEER-19.6-SEER2-8.9-HSPF2,SFm&2&rDXHP&New&dxHP_equip,RE-dxHP_eq-pkgSEER-19.6-SEER2-8.9-HSPF2,38.15,33999.22,85.77,76436.34,33999.22,635.29,1090.21,2643.29,457.71,16701.91,0.0,735.22,0.0,0.0,0.0,0.0,11735.58,0.0,0.0,635.29,1090.21,0.0,0.0,13440.28,3261.63,11735.58,19002.01,14997.21,0.0,0.0,17142577.812091812
SFm_New/runs/CZ10/SFm&2&rDXHP&New&dxHP_equip/RE-dxHP_eq-pkgSEER-17.8-SEER2-8.1-HSPF2/instance-out.sql,CZ10,SFm,2,rDXHP,New,dxHP_equip,,RE-dxHP_eq-pkgSEER-17.8-SEER2-8.1-HSPF2,SFm&2&rDXHP&New&dxHP_equip,RE-dxHP_eq-pkgSEER-17.8-SEER2-8.1-HSPF2,38.21,34050.69,85.96,76599.34,34050.69,649.79,1127.18,2643.29,457.71,16701.91,0.0,735.22,0.0,0.0,0.0,0.0,11735.58,0.0,0.0,649.79,1127.18,0.0,0.0,13440.28,3261.63,11735.58,19053.48,14997.21,0.0,0.0,17356132.1460379
SFm_New/runs/CZ10/SFm&1&rDXHP&New&dxHP_equip/RE-dxHP_eq-pkgSEER-14.3-SEER2-7.5-HSPF2/instance-out.sql,CZ10,SFm,1,rDXHP,New,dxHP_equip,,RE-dxHP_eq-pkgSEER-14.3-SEER2-7.5-HSPF2,SFm&1&rDXHP&New&dxHP_equip,RE-dxHP_eq-pkgSEER-14.3-SEER2-7.5-HSPF2,32.53,25016.76,65.57,50428.59,25016.760000000002,287.57,395.73,1375.06,457.71,10338.53,0.0,406.45,0.0,0.0,0.0,0.0,11755.71,0.0,0.0,287.57,395.73,0.0,0.0,8268.27,2070.26,11755.71,11190.79,13825.97,0.0,0.0,9742206.954377037
SFm_New/runs/CZ10/SFm&1&rDXHP&New&dxHP_equip/RE-dxHP_eq-pkgSEER-16.0-SEER2-8.0-HSPF2/instance-out.sql,CZ10,SFm,1,rDXHP,New,dxHP_equip,,RE-dxHP_eq-pkgSEER-16.0-SEER2-8.0-HSPF2,SFm&1&rDXHP&New&dxHP_equip,RE-dxHP_eq-pkgSEER-16.0-SEER2-8.0-HSPF2,32.34,24877.23,64.99,49986.4,24877.230000000003,276.08,347.82,1375.06,457.71,10338.53,0.0,326.18,0.0,0.0,0.0,0.0,11755.85,0.0,0.0,276.08,347.82,0.0,0.0,8268.27,2070.26,11755.85,11051.12,13826.11,0.0,0.0,8896789.407163586
SFm_New/runs/CZ10/SFm&1&rDXHP&New&dxHP_equip/RE-dxHP_eq-pkgSEER-19.6-SEER2-8.9-HSPF2/instance-out.sql,CZ10,SFm,1,rDXHP,New,dxHP_equip,,RE-dxHP_eq-pkgSEER-19.6-SEER2-8.9-HSPF2,SFm&1&rDXHP&New&dxHP_equip,RE-dxHP_eq-pkgSEER-19.6-SEER2-8.9-HSPF2,32.3,24844.15,64.86,49881.61,24844.14,270.33,320.48,1375.06,457.71,10338.53,0.0,326.18,0.0,0.0,0.0,0.0,11755.85,0.0,0.0,270.33,320.48,0.0,0.0,8268.27,2070.26,11755.85,11018.03,13826.11,0.0,0.0,8692730.894086225
SFm_New/runs/CZ10/SFm&1&rDXHP&New&dxHP_equip/RE-dxHP_eq-pkgSEER-18.7-SEER2-8.5-HSPF2/instance-out.sql,CZ10,SFm,1,rDXHP,New,dxHP_equip,,RE-dxHP_eq-pkgSEER-18.7-SEER2-8.5-HSPF2,SFm&1&rDXHP&New&dxHP_equip,RE-dxHP_eq-pkgSEER-18.7-SEER2-8.5-HSPF2,32.31,24851.29,64.88,49904.22,24851.28,272.5,325.45,1375.06,457.71,10338.53,0.0,326.18,0.0,0.0,0.0,0.0,11755.85,0.0,0.0,272.5,325.45,0.0,0.0,8268.27,2070.26,11755.85,11025.17,13826.11,0.0,0.0,8729768.57864159
SFm_New/runs/CZ09/SFm&2&rDXHP&New&dxHP_equip/RE-dxHP_eq-pkgSEER-17.8-SEER2-8.1-HSPF2/instance-out.sql,CZ09,SFm,2,rDXHP,New,dxHP_equip,,RE-dxHP_eq-pkgSEER-17.8-SEER2-8.1-HSPF2,SFm&2&rDXHP&New&dxHP_equip,RE-dxHP_eq-pkgSEER-17.8-SEER2-8.1-HSPF2,38.88,34645.6,87.99,78407.81,34645.61,633.57,1984.72,2643.29,457.71,16701.91,0.0,452.51,0.0,0.0,0.0,0.0,11771.89,0.0,0.0,633.57,1984.72,0.0,0.0,13440.28,3261.63,11771.89,19612.09,15033.52,0.0,0.0,22290842.726951025
SFm_New/runs/CZ09/SFm&2&rDXHP&New&dxHP_equip/RE-dxHP_eq-pkgSEER-16.0-SEER2-8.0-HSPF2/instance-out.sql,CZ09,SFm,2,rDXHP,New,dxHP_equip,,RE-dxHP_eq-pkgSEER-16.0-SEER2-8.0-HSPF2,SFm&2&rDXHP&New&dxHP_equip,RE-dxHP_eq-pkgSEER-16.0-SEER2-8.0-HSPF2,38.99,34746.92,88.35,78728.67,34746.92,636.29,2083.32,2643.29,457.71,16701.91,0.0,452.51,0.0,0.0,0.0,0.0,11771.89,0.0,0.0,636.29,2083.32,0.0,0.0,13440.28,3261.63,11771.89,19713.4,15033.52,0.0,0.0,22829065.744707096
SFm_New/runs/CZ09/SFm&2&rDXHP&New&dxHP_equip/RE-dxHP_eq-pkgSEER-14.3-SEER2-7.5-HSPF2/instance-out.sql,CZ09,SFm,2,rDXHP,New,dxHP_equip,,RE-dxHP_eq-pkgSEER-14.3-SEER2-7.5-HSPF2,SFm&2&rDXHP&New&dxHP_equip,RE-dxHP_eq-pkgSEER-14.3-SEER2-7.5-HSPF2,39.86,35523.66,91.11,81189.44,35523.66,656.59,2390.14,2643.29,457.71,16701.91,0.0,902.52,0.0,0.0,0.0,0.0,11771.49,0.0,0.0,656.59,2390.14,0.0,0.0,13440.28,3261.63,11771.49,20490.54,15033.12,0.0,0.0,26508827.94429716
SFm_New/runs/CZ10/SFm&1&rDXHP&New&dxHP_equip/RE-dxHP_eq-pkgSEER-17.8-SEER2-8.1-HSPF2/instance-out.sql,CZ10,SFm,1,rDXHP,New,dxHP_equip,,RE-dxHP_eq-pkgSEER-17.8-SEER2-8.1-HSPF2,SFm&1&rDXHP&New&dxHP_equip,RE-dxHP_eq-pkgSEER-17.8-SEER2-8.1-HSPF2,32.32,24859.84,64.92,49931.32,24859.84,275.17,331.34,1375.06,457.71,10338.53,0.0,326.18,0.0,0.0,0.0,0.0,11755.85,0.0,0.0,275.17,331.34,0.0,0.0,8268.27,2070.26,11755.85,11033.73,13826.11,0.0,0.0,8773989.331732756
SFm_New/runs/CZ09/SFm&2&rDXHP&New&dxHP_equip/RE-dxHP_eq-pkgSEER-18.7-SEER2-8.5-HSPF2/instance-out.sql,CZ09,SFm,2,rDXHP,New,dxHP_equip,,RE-dxHP_eq-pkgSEER-18.7-SEER2-8.5-HSPF2,SFm&2&rDXHP&New&dxHP_equip,RE-dxHP_eq-pkgSEER-18.7-SEER2-8.5-HSPF2,38.83,34601.92,87.83,78269.47,34601.93,625.56,1949.05,2643.29,457.71,16701.91,0.0,452.51,0.0,0.0,0.0,0.0,11771.89,0.0,0.0,625.56,1949.05,0.0,0.0,13440.28,3261.63,11771.89,19568.41,15033.52,0.0,0.0,22090086.84682601
SFm_New/runs/CZ09/SFm&2&rDXHP&New&dxHP_equip/RE-dxHP_eq-pkgSEER-19.6-SEER2-8.9-HSPF2/instance-out.sql,CZ09,SFm,2,rDXHP,New,dxHP_equip,,RE-dxHP_eq-pkgSEER-19.6-SEER2-8.9-HSPF2,SFm&2&rDXHP&New&dxHP_equip,RE-dxHP_eq-pkgSEER-19.6-SEER2-8.9-HSPF2,38.79,34565.69,87.7,78154.73,34565.69,619.06,1919.32,2643.29,457.71,16701.91,0.0,452.51,0.0,0.0,0.0,0.0,11771.89,0.0,0.0,619.06,1919.32,0.0,0.0,13440.28,3261.63,11771.89,19532.17,15033.52,0.0,0.0,21927895.957018025
SFm_New/runs/CZ09/SFm&1&rDXHP&New&dxHP_equip/RE-dxHP_eq-pkgSEER-18.7-SEER2-8.5-HSPF2/instance-out.sql,CZ09,SFm,1,rDXHP,New,dxHP_equip,,RE-dxHP_eq-pkgSEER-18.7-SEER2-8.5-HSPF2,SFm&1&rDXHP&New&dxHP_equip,RE-dxHP_eq-pkgSEER-18.7-SEER2-8.5-HSPF2,32.71,25160.5,66.07,50814.45,25160.5,258.85,757.45,1375.06,457.71,10338.53,0.0,183.89,0.0,0.0,0.0,0.0,11789.0,0.0,0.0,258.85,757.45,0.0,0.0,8268.27,2070.26,11789.0,11301.24,13859.26,0.0,0.17,10904256.354315568
SFm_New/runs/CZ09/SFm&1&rDXHP&New&dxHP_equip/RE-dxHP_eq-pkgSEER-17.8-SEER2-8.1-HSPF2/instance-out.sql,CZ09,SFm,1,rDXHP,New,dxHP_equip,,RE-dxHP_eq-pkgSEER-17.8-SEER2-8.1-HSPF2,SFm&1&rDXHP&New&dxHP_equip,RE-dxHP_eq-pkgSEER-17.8-SEER2-8.1-HSPF2,32.73,25177.14,66.14,50867.18,25177.14,261.53,771.42,1375.06,457.71,10338.53,0.0,183.89,0.0,0.0,0.0,0.0,11789.0,0.0,0.0,261.53,771.42,0.0,0.0,8268.27,2070.26,11789.0,11317.88,13859.26,0.0,0.17,10988148.768512106
SFm_New/runs/CZ08/SFm&2&rDXHP&New&dxHP_equip/RE-dxHP_eq-pkgSEER-14.3-SEER2-7.5-HSPF2/instance-out.sql,CZ08,SFm,2,rDXHP,New,dxHP_equip,,RE-dxHP_eq-pkgSEER-14.3-SEER2-7.5-HSPF2,SFm&2&rDXHP&New&dxHP_equip,RE-dxHP_eq-pkgSEER-14.3-SEER2-7.5-HSPF2,38.69,34481.57,87.46,77934.99,34481.57,481.2,1798.64,2643.29,457.71,16701.91,0.0,649.34,0.0,0.0,0.0,0.0,11749.48,0.0,0.0,481.2,1798.64,0.0,0.0,13440.28,3261.63,11749.48,19470.46,15011.11,0.0,0.0,22152156.39379619
SFm_New/runs/CZ09/SFm&1&rDXHP&New&dxHP_equip/RE-dxHP_eq-pkgSEER-16.0-SEER2-8.0-HSPF2/instance-out.sql,CZ09,SFm,1,rDXHP,New,dxHP_equip,,RE-dxHP_eq-pkgSEER-16.0-SEER2-8.0-HSPF2,SFm&1&rDXHP&New&dxHP_equip,RE-dxHP_eq-pkgSEER-16.0-SEER2-8.0-HSPF2,32.79,25216.34,66.3,50991.31,25216.34,262.44,809.7,1375.06,457.71,10338.53,0.0,183.89,0.0,0.0,0.0,0.0,11789.0,0.0,0.0,262.44,809.7,0.0,0.0,8268.27,2070.26,11789.0,11357.08,13859.26,0.0,0.17,11206350.145856934
SFm_New/runs/CZ09/SFm&1&rDXHP&New&dxHP_equip/RE-dxHP_eq-pkgSEER-19.6-SEER2-8.9-HSPF2/instance-out.sql,CZ09,SFm,1,rDXHP,New,dxHP_equip,,RE-dxHP_eq-pkgSEER-19.6-SEER2-8.9-HSPF2,SFm&1&rDXHP&New&dxHP_equip,RE-dxHP_eq-pkgSEER-19.6-SEER2-8.9-HSPF2,32.7,25146.78,66.01,50771.0,25146.78,256.68,745.91,1375.06,457.71,10338.53,0.0,183.89,0.0,0.0,0.0,0.0,11789.0,0.0,0.0,256.68,745.91,0.0,0.0,8268.27,2070.26,11789.0,11287.52,13859.26,0.0,0.17,10838553.789533826
SFm_New/runs/CZ08/SFm&2&rDXHP&New&dxHP_equip/RE-dxHP_eq-pkgSEER-16.0-SEER2-8.0-HSPF2/instance-out.sql,CZ08,SFm,2,rDXHP,New,dxHP_equip,,RE-dxHP_eq-pkgSEER-16.0-SEER2-8.0-HSPF2,SFm&2&rDXHP&New&dxHP_equip,RE-dxHP_eq-pkgSEER-16.0-SEER2-8.0-HSPF2,38.14,33989.89,85.71,76378.24,33989.89,466.85,1598.77,2643.29,457.71,16701.91,0.0,372.06,0.0,0.0,0.0,0.0,11749.29,0.0,0.0,466.85,1598.77,0.0,0.0,13440.28,3261.63,11749.29,18978.97,15010.92,0.0,0.0,19571195.12848383
SFm_New/runs/CZ08/SFm&2&rDXHP&New&dxHP_equip/RE-dxHP_eq-pkgSEER-17.8-SEER2-8.1-HSPF2/instance-out.sql,CZ08,SFm,2,rDXHP,New,dxHP_equip,,RE-dxHP_eq-pkgSEER-17.8-SEER2-8.1-HSPF2,SFm&2&rDXHP&New&dxHP_equip,RE-dxHP_eq-pkgSEER-17.8-SEER2-8.1-HSPF2,38.05,33912.21,85.43,76132.23,33912.21,464.88,1523.06,2643.29,457.71,16701.91,0.0,372.06,0.0,0.0,0.0,0.0,11749.29,0.0,0.0,464.88,1523.06,0.0,0.0,13440.28,3261.63,11749.29,18901.29,15010.92,0.0,0.0,19163107.62253581
SFm_New/runs/CZ08/SFm&2&rDXHP&New&dxHP_equip/RE-dxHP_eq-pkgSEER-18.7-SEER2-8.5-HSPF2/instance-out.sql,CZ08,SFm,2,rDXHP,New,dxHP_equip,,RE-dxHP_eq-pkgSEER-18.7-SEER2-8.5-HSPF2,SFm&2&rDXHP&New&dxHP_equip,RE-dxHP_eq-pkgSEER-18.7-SEER2-8.5-HSPF2,38.02,33879.19,85.32,76027.65,33879.19,459.1,1495.82,2643.29,457.71,16701.91,0.0,372.06,0.0,0.0,0.0,0.0,11749.29,0.0,0.0,459.1,1495.82,0.0,0.0,13440.28,3261.63,11749.29,18868.27,15010.92,0.0,0.0,19015719.58939732
SFm_New/runs/CZ09/SFm&1&rDXHP&New&dxHP_equip/RE-dxHP_eq-pkgSEER-14.3-SEER2-7.5-HSPF2/instance-out.sql,CZ09,SFm,1,rDXHP,New,dxHP_equip,,RE-dxHP_eq-pkgSEER-14.3-SEER2-7.5-HSPF2,SFm&1&rDXHP&New&dxHP_equip,RE-dxHP_eq-pkgSEER-14.3-SEER2-7.5-HSPF2,33.18,25521.64,67.56,51958.9,25521.629999999997,273.47,929.73,1375.06,457.71,10338.53,0.0,358.49,0.0,0.0,0.0,0.0,11788.65,0.0,0.0,273.47,929.73,0.0,0.0,8268.27,2070.26,11788.65,11662.72,13858.91,0.0,0.67,12566497.737322262
SFm_New/runs/CZ08/SFm&2&rDXHP&New&dxHP_equip/RE-dxHP_eq-pkgSEER-19.6-SEER2-8.9-HSPF2/instance-out.sql,CZ08,SFm,2,rDXHP,New,dxHP_equip,,RE-dxHP_eq-pkgSEER-19.6-SEER2-8.9-HSPF2,SFm&2&rDXHP&New&dxHP_equip,RE-dxHP_eq-pkgSEER-19.6-SEER2-8.9-HSPF2,37.99,33851.66,85.22,75940.45,33851.66,454.4,1472.99,2643.29,457.71,16701.91,0.0,372.06,0.0,0.0,0.0,0.0,11749.29,0.0,0.0,454.4,1472.99,0.0,0.0,13440.28,3261.63,11749.29,18840.74,15010.92,0.0,0.0,18892645.377543464
SFm_New/runs/CZ08/SFm&1&rDXHP&New&dxHP_equip/RE-dxHP_eq-pkgSEER-14.3-SEER2-7.5-HSPF2/instance-out.sql,CZ08,SFm,1,rDXHP,New,dxHP_equip,,RE-dxHP_eq-pkgSEER-14.3-SEER2-7.5-HSPF2,SFm&1&rDXHP&New&dxHP_equip,RE-dxHP_eq-pkgSEER-14.3-SEER2-7.5-HSPF2,32.56,25044.31,65.64,50487.82,25044.309999999998,191.42,654.48,1375.06,457.71,10338.53,0.0,257.95,0.0,0.0,0.0,0.0,11769.16,0.0,0.0,191.42,654.48,0.0,0.0,8268.27,2070.26,11769.16,11204.89,13839.42,0.0,0.0,10834436.639876116
SFm_New/runs/CZ08/SFm&1&rDXHP&New&dxHP_equip/RE-dxHP_eq-pkgSEER-17.8-SEER2-8.1-HSPF2/instance-out.sql,CZ08,SFm,1,rDXHP,New,dxHP_equip,,RE-dxHP_eq-pkgSEER-17.8-SEER2-8.1-HSPF2,SFm&1&rDXHP&New&dxHP_equip,RE-dxHP_eq-pkgSEER-17.8-SEER2-8.1-HSPF2,32.29,24831.43,64.77,49813.35,24831.43,184.78,548.59,1375.06,457.71,10338.53,0.0,157.47,0.0,0.0,0.0,0.0,11769.29,0.0,0.0,184.78,548.59,0.0,0.0,8268.27,2070.26,11769.29,10991.88,13839.55,0.0,0.0,9657289.699509304
SFm_New/runs/CZ08/SFm&1&rDXHP&New&dxHP_equip/RE-dxHP_eq-pkgSEER-16.0-SEER2-8.0-HSPF2/instance-out.sql,CZ08,SFm,1,rDXHP,New,dxHP_equip,,RE-dxHP_eq-pkgSEER-16.0-SEER2-8.0-HSPF2,SFm&1&rDXHP&New&dxHP_equip,RE-dxHP_eq-pkgSEER-16.0-SEER2-8.0-HSPF2,32.32,24859.3,64.88,49901.61,24859.3,185.38,575.85,1375.06,457.71,10338.53,0.0,157.47,0.0,0.0,0.0,0.0,11769.29,0.0,0.0,185.38,575.85,0.0,0.0,8268.27,2070.26,11769.29,11019.75,13839.55,0.0,0.0,9820372.307146264
SFm_New/runs/CZ08/SFm&1&rDXHP&New&dxHP_equip/RE-dxHP_eq-pkgSEER-19.6-SEER2-8.9-HSPF2/instance-out.sql,CZ08,SFm,1,rDXHP,New,dxHP_equip,,RE-dxHP_eq-pkgSEER-19.6-SEER2-8.9-HSPF2,SFm&1&rDXHP&New&dxHP_equip,RE-dxHP_eq-pkgSEER-19.6-SEER2-8.9-HSPF2,32.26,24810.18,64.68,49746.07,24810.18,181.58,530.54,1375.06,457.71,10338.53,0.0,157.47,0.0,0.0,0.0,0.0,11769.29,0.0,0.0,181.58,530.54,0.0,0.0,8268.27,2070.26,11769.29,10970.63,13839.55,0.0,0.0,9548115.057909876
SFm_New/runs/CZ07/SFm&2&rDXHP&New&dxHP_equip/RE-dxHP_eq-pkgSEER-14.3-SEER2-7.5-HSPF2/instance-out.sql,CZ07,SFm,2,rDXHP,New,dxHP_equip,,RE-dxHP_eq-pkgSEER-14.3-SEER2-7.5-HSPF2,SFm&2&rDXHP&New&dxHP_equip,RE-dxHP_eq-pkgSEER-14.3-SEER2-7.5-HSPF2,37.43,33352.6,83.24,74180.22,33352.600000000006,625.36,780.83,2643.29,457.71,16701.91,0.0,307.93,0.0,0.0,0.0,0.0,11835.57,0.0,0.0,625.36,780.83,0.0,0.0,13440.28,3261.63,11835.57,18255.4,15097.2,0.0,0.0,19347719.815325733
SFm_New/runs/CZ07/SFm&2&rDXHP&New&dxHP_equip/RE-dxHP_eq-pkgSEER-16.0-SEER2-8.0-HSPF2/instance-out.sql,CZ07,SFm,2,rDXHP,New,dxHP_equip,,RE-dxHP_eq-pkgSEER-16.0-SEER2-8.0-HSPF2,SFm&2&rDXHP&New&dxHP_equip,RE-dxHP_eq-pkgSEER-16.0-SEER2-8.0-HSPF2,37.12,33078.07,82.27,73310.58,33078.07,605.36,691.32,2643.29,457.71,16701.91,0.0,142.81,0.0,0.0,0.0,0.0,11835.66,0.0,0.0,605.36,691.32,0.0,0.0,13440.28,3261.63,11835.66,17980.78,15097.29,0.0,0.0,17343659.697260574
SFm_New/runs/CZ08/SFm&1&rDXHP&New&dxHP_equip/RE-dxHP_eq-pkgSEER-18.7-SEER2-8.5-HSPF2/instance-out.sql,CZ08,SFm,1,rDXHP,New,dxHP_equip,,RE-dxHP_eq-pkgSEER-18.7-SEER2-8.5-HSPF2,SFm&1&rDXHP&New&dxHP_equip,RE-dxHP_eq-pkgSEER-18.7-SEER2-8.5-HSPF2,32.27,24819.84,64.72,49776.66,24819.84,183.01,538.77,1375.06,457.71,10338.53,0.0,157.47,0.0,0.0,0.0,0.0,11769.29,0.0,0.0,183.01,538.77,0.0,0.0,8268.27,2070.26,11769.29,10980.29,13839.55,0.0,0.0,9597275.939959293
SFm_New/runs/CZ07/SFm&2&rDXHP&New&dxHP_equip/RE-dxHP_eq-pkgSEER-17.8-SEER2-8.1-HSPF2/instance-out.sql,CZ07,SFm,2,rDXHP,New,dxHP_equip,,RE-dxHP_eq-pkgSEER-17.8-SEER2-8.1-HSPF2,SFm&2&rDXHP&New&dxHP_equip,RE-dxHP_eq-pkgSEER-17.8-SEER2-8.1-HSPF2,37.08,33042.48,82.14,73197.87,33042.479999999996,602.5,658.59,2643.29,457.71,16701.91,0.0,142.81,0.0,0.0,0.0,0.0,11835.66,0.0,0.0,602.5,658.59,0.0,0.0,13440.28,3261.63,11835.66,17945.19,15097.29,0.0,0.0,17035467.365175456
SFm_New/runs/CZ07/SFm&2&rDXHP&New&dxHP_equip/RE-dxHP_eq-pkgSEER-19.6-SEER2-8.9-HSPF2/instance-out.sql,CZ07,SFm,2,rDXHP,New,dxHP_equip,,RE-dxHP_eq-pkgSEER-19.6-SEER2-8.9-HSPF2,SFm&2&rDXHP&New&dxHP_equip,RE-dxHP_eq-pkgSEER-19.6-SEER2-8.9-HSPF2,37.04,33005.54,82.01,73080.91,33005.55,587.25,636.91,2643.29,457.71,16701.91,0.0,142.81,0.0,0.0,0.0,0.0,11835.66,0.0,0.0,587.25,636.91,0.0,0.0,13440.28,3261.63,11835.66,17908.26,15097.29,0.0,0.0,16831546.99717594
SFm_New/runs/CZ07/SFm&1&rDXHP&New&dxHP_equip/RE-dxHP_eq-pkgSEER-16.0-SEER2-8.0-HSPF2/instance-out.sql,CZ07,SFm,1,rDXHP,New,dxHP_equip,,RE-dxHP_eq-pkgSEER-16.0-SEER2-8.0-HSPF2,SFm&1&rDXHP&New&dxHP_equip,RE-dxHP_eq-pkgSEER-16.0-SEER2-8.0-HSPF2,31.87,24512.02,63.23,48629.63,24512.02,185.43,254.15,1375.06,457.71,10338.53,0.0,49.21,0.0,0.0,0.0,0.0,11851.92,0.0,0.0,185.43,254.15,0.0,0.0,8268.27,2070.26,11851.92,10589.83,13922.19,0.0,0.0,8493764.801913004
SFm_New/runs/CZ07/SFm&2&rDXHP&New&dxHP_equip/RE-dxHP_eq-pkgSEER-18.7-SEER2-8.5-HSPF2/instance-out.sql,CZ07,SFm,2,rDXHP,New,dxHP_equip,,RE-dxHP_eq-pkgSEER-18.7-SEER2-8.5-HSPF2,SFm&2&rDXHP&New&dxHP_equip,RE-dxHP_eq-pkgSEER-18.7-SEER2-8.5-HSPF2,37.06,33022.25,82.07,73133.81,33022.25,594.08,646.78,2643.29,457.71,16701.91,0.0,142.81,0.0,0.0,0.0,0.0,11835.66,0.0,0.0,594.08,646.78,0.0,0.0,13440.28,3261.63,11835.66,17924.96,15097.29,0.0,0.0,16924501.07592149
SFm_New/runs/CZ07/SFm&1&rDXHP&New&dxHP_equip/RE-dxHP_eq-pkgSEER-14.3-SEER2-7.5-HSPF2/instance-out.sql,CZ07,SFm,1,rDXHP,New,dxHP_equip,,RE-dxHP_eq-pkgSEER-14.3-SEER2-7.5-HSPF2,SFm&1&rDXHP&New&dxHP_equip,RE-dxHP_eq-pkgSEER-14.3-SEER2-7.5-HSPF2,32.0,24611.12,63.64,48943.89,24611.120000000003,193.29,288.0,1375.06,457.71,10338.53,0.0,106.79,0.0,0.0,0.0,0.0,11851.73,0.0,0.0,193.29,288.0,0.0,0.0,8268.27,2070.26,11851.73,10689.12,13922.0,0.0,0.0,9202676.52994933
SFm_New/runs/CZ06/SFm&2&rDXHP&New&dxHP_equip/RE-dxHP_eq-pkgSEER-14.3-SEER2-7.5-HSPF2/instance-out.sql,CZ06,SFm,2,rDXHP,New,dxHP_equip,,RE-dxHP_eq-pkgSEER-14.3-SEER2-7.5-HSPF2,SFm&2&rDXHP&New&dxHP_equip,RE-dxHP_eq-pkgSEER-14.3-SEER2-7.5-HSPF2,38.08,33933.83,85.24,75959.46,33933.84,701.89,1079.53,2643.29,457.71,16701.91,0.0,484.38,0.0,0.0,0.0,0.0,11865.1,0.0,0.0,701.89,1079.53,0.0,0.0,13440.28,3261.63,11865.1,18807.1,15126.74,0.0,0.0,16951482.454914138
SFm_New/runs/CZ07/SFm&1&rDXHP&New&dxHP_equip/RE-dxHP_eq-pkgSEER-18.7-SEER2-8.5-HSPF2/instance-out.sql,CZ07,SFm,1,rDXHP,New,dxHP_equip,,RE-dxHP_eq-pkgSEER-18.7-SEER2-8.5-HSPF2,SFm&1&rDXHP&New&dxHP_equip,RE-dxHP_eq-pkgSEER-18.7-SEER2-8.5-HSPF2,31.84,24492.37,63.15,48567.4,24492.370000000003,182.15,237.78,1375.06,457.71,10338.53,0.0,49.21,0.0,0.0,0.0,0.0,11851.92,0.0,0.0,182.15,237.78,0.0,0.0,8268.27,2070.26,11851.92,10570.18,13922.19,0.0,0.0,8350051.391148134
SFm_New/runs/CZ07/SFm&1&rDXHP&New&dxHP_equip/RE-dxHP_eq-pkgSEER-17.8-SEER2-8.1-HSPF2/instance-out.sql,CZ07,SFm,1,rDXHP,New,dxHP_equip,,RE-dxHP_eq-pkgSEER-17.8-SEER2-8.1-HSPF2,SFm&1&rDXHP&New&dxHP_equip,RE-dxHP_eq-pkgSEER-17.8-SEER2-8.1-HSPF2,31.85,24499.15,63.17,48588.9,24499.15,184.6,242.12,1375.06,457.71,10338.53,0.0,49.21,0.0,0.0,0.0,0.0,11851.92,0.0,0.0,184.6,242.12,0.0,0.0,8268.27,2070.26,11851.92,10576.96,13922.19,0.0,0.0,8388213.195159112
SFm_New/runs/CZ06/SFm&2&rDXHP&New&dxHP_equip/RE-dxHP_eq-pkgSEER-17.8-SEER2-8.1-HSPF2/instance-out.sql,CZ06,SFm,2,rDXHP,New,dxHP_equip,,RE-dxHP_eq-pkgSEER-17.8-SEER2-8.1-HSPF2,SFm&2&rDXHP&New&dxHP_equip,RE-dxHP_eq-pkgSEER-17.8-SEER2-8.1-HSPF2,37.55,33462.83,83.56,74467.68,33462.83,675.24,897.71,2643.29,457.71,16701.91,0.0,221.81,0.0,0.0,0.0,0.0,11865.16,0.0,0.0,675.24,897.71,0.0,0.0,13440.28,3261.63,11865.16,18336.04,15126.79,0.0,0.0,15076153.97725341
SFm_New/runs/CZ07/SFm&1&rDXHP&New&dxHP_equip/RE-dxHP_eq-pkgSEER-19.6-SEER2-8.9-HSPF2/instance-out.sql,CZ07,SFm,1,rDXHP,New,dxHP_equip,,RE-dxHP_eq-pkgSEER-19.6-SEER2-8.9-HSPF2,SFm&1&rDXHP&New&dxHP_equip,RE-dxHP_eq-pkgSEER-19.6-SEER2-8.9-HSPF2,31.84,24486.75,63.12,48549.63,24486.75,180.17,234.15,1375.06,457.71,10338.53,0.0,49.21,0.0,0.0,0.0,0.0,11851.92,0.0,0.0,180.17,234.15,0.0,0.0,8268.27,2070.26,11851.92,10564.56,13922.19,0.0,0.0,8318219.134512
SFm_New/runs/CZ06/SFm&2&rDXHP&New&dxHP_equip/RE-dxHP_eq-pkgSEER-16.0-SEER2-8.0-HSPF2/instance-out.sql,CZ06,SFm,2,rDXHP,New,dxHP_equip,,RE-dxHP_eq-pkgSEER-16.0-SEER2-8.0-HSPF2,SFm&2&rDXHP&New&dxHP_equip,RE-dxHP_eq-pkgSEER-16.0-SEER2-8.0-HSPF2,37.6,33510.7,83.73,74619.27,33510.7,678.44,942.37,2643.29,457.71,16701.91,0.0,221.81,0.0,0.0,0.0,0.0,11865.16,0.0,0.0,678.44,942.37,0.0,0.0,13440.28,3261.63,11865.16,18383.91,15126.79,0.0,0.0,15292721.310561266
SFm_New/runs/CZ06/SFm&2&rDXHP&New&dxHP_equip/RE-dxHP_eq-pkgSEER-18.7-SEER2-8.5-HSPF2/instance-out.sql,CZ06,SFm,2,rDXHP,New,dxHP_equip,,RE-dxHP_eq-pkgSEER-18.7-SEER2-8.5-HSPF2,SFm&2&rDXHP&New&dxHP_equip,RE-dxHP_eq-pkgSEER-18.7-SEER2-8.5-HSPF2,37.52,33437.44,83.47,74387.27,33437.44,665.8,881.75,2643.29,457.71,16701.91,0.0,221.81,0.0,0.0,0.0,0.0,11865.16,0.0,0.0,665.8,881.75,0.0,0.0,13440.28,3261.63,11865.16,18310.65,15126.79,0.0,0.0,14998547.526779188
SFm_New/runs/CZ06/SFm&2&rDXHP&New&dxHP_equip/RE-dxHP_eq-pkgSEER-19.6-SEER2-8.9-HSPF2/instance-out.sql,CZ06,SFm,2,rDXHP,New,dxHP_equip,,RE-dxHP_eq-pkgSEER-19.6-SEER2-8.9-HSPF2,SFm&2&rDXHP&New&dxHP_equip,RE-dxHP_eq-pkgSEER-19.6-SEER2-8.9-HSPF2,37.5,33416.31,83.4,74320.35,33416.31,658.15,868.28,2643.29,457.71,16701.91,0.0,221.81,0.0,0.0,0.0,0.0,11865.16,0.0,0.0,658.15,868.28,0.0,0.0,13440.28,3261.63,11865.16,18289.52,15126.79,0.0,0.0,14933220.935375057
SFm_New/runs/CZ06/SFm&1&rDXHP&New&dxHP_equip/RE-dxHP_eq-pkgSEER-16.0-SEER2-8.0-HSPF2/instance-out.sql,CZ06,SFm,1,rDXHP,New,dxHP_equip,,RE-dxHP_eq-pkgSEER-16.0-SEER2-8.0-HSPF2,SFm&1&rDXHP&New&dxHP_equip,RE-dxHP_eq-pkgSEER-16.0-SEER2-8.0-HSPF2,32.08,24670.89,63.81,49080.02,24670.89,223.72,323.66,1375.06,457.71,10338.53,0.0,74.95,0.0,0.0,0.0,0.0,11877.26,0.0,0.0,223.72,323.66,0.0,0.0,8268.27,2070.26,11877.26,10723.36,13947.53,0.0,0.0,8009676.162491098
SFm_New/runs/CZ06/SFm&1&rDXHP&New&dxHP_equip/RE-dxHP_eq-pkgSEER-14.3-SEER2-7.5-HSPF2/instance-out.sql,CZ06,SFm,1,rDXHP,New,dxHP_equip,,RE-dxHP_eq-pkgSEER-14.3-SEER2-7.5-HSPF2,SFm&1&rDXHP&New&dxHP_equip,RE-dxHP_eq-pkgSEER-14.3-SEER2-7.5-HSPF2,32.27,24817.04,64.41,49542.14,24817.03,233.75,370.46,1375.06,457.71,10338.53,0.0,163.91,0.0,0.0,0.0,0.0,11877.61,0.0,0.0,233.75,370.46,0.0,0.0,8268.27,2070.26,11877.61,10869.16,13947.87,0.0,0.0,8645418.595866438
SFm_New/runs/CZ06/SFm&1&rDXHP&New&dxHP_equip/RE-dxHP_eq-pkgSEER-17.8-SEER2-8.1-HSPF2/instance-out.sql,CZ06,SFm,1,rDXHP,New,dxHP_equip,,RE-dxHP_eq-pkgSEER-17.8-SEER2-8.1-HSPF2,SFm&1&rDXHP&New&dxHP_equip,RE-dxHP_eq-pkgSEER-17.8-SEER2-8.1-HSPF2,32.06,24654.55,63.75,49028.26,24654.550000000003,222.71,308.32,1375.06,457.71,10338.53,0.0,74.95,0.0,0.0,0.0,0.0,11877.26,0.0,0.0,222.71,308.32,0.0,0.0,8268.27,2070.26,11877.26,10707.02,13947.53,0.0,0.0,7926981.659643151
SFm_New/runs/CZ06/SFm&1&rDXHP&New&dxHP_equip/RE-dxHP_eq-pkgSEER-19.6-SEER2-8.9-HSPF2/instance-out.sql,CZ06,SFm,1,rDXHP,New,dxHP_equip,,RE-dxHP_eq-pkgSEER-19.6-SEER2-8.9-HSPF2,SFm&1&rDXHP&New&dxHP_equip,RE-dxHP_eq-pkgSEER-19.6-SEER2-8.9-HSPF2,32.04,24639.07,63.68,48979.22,24639.07,217.34,298.21,1375.06,457.71,10338.53,0.0,74.95,0.0,0.0,0.0,0.0,11877.26,0.0,0.0,217.34,298.21,0.0,0.0,8268.27,2070.26,11877.26,10691.54,13947.53,0.0,0.0,7872090.922568816
SFm_New/runs/CZ05/SFm&2&rDXHP&New&dxHP_equip/RE-dxHP_eq-pkgSEER-14.3-SEER2-7.5-HSPF2/instance-out.sql,CZ05,SFm,2,rDXHP,New,dxHP_equip,,RE-dxHP_eq-pkgSEER-14.3-SEER2-7.5-HSPF2,SFm&2&rDXHP&New&dxHP_equip,RE-dxHP_eq-pkgSEER-14.3-SEER2-7.5-HSPF2,38.39,34213.71,85.66,76338.04,34213.71,1260.56,612.12,2643.29,457.71,16701.91,0.0,429.22,0.0,0.0,0.0,0.0,12108.88,0.0,0.0,1260.56,612.12,0.0,0.0,13440.28,3261.63,12108.88,18843.2,15370.51,0.0,0.0,14429014.613100672
SFm_New/runs/CZ05/SFm&2&rDXHP&New&dxHP_equip/RE-dxHP_eq-pkgSEER-18.7-SEER2-8.5-HSPF2/instance-out.sql,CZ05,SFm,2,rDXHP,New,dxHP_equip,,RE-dxHP_eq-pkgSEER-18.7-SEER2-8.5-HSPF2,SFm&2&rDXHP&New&dxHP_equip,RE-dxHP_eq-pkgSEER-18.7-SEER2-8.5-HSPF2,37.94,33809.48,84.23,75057.15,33809.48,1197.42,499.63,2643.29,457.71,16701.91,0.0,200.29,0.0,0.0,0.0,0.0,12109.22,0.0,0.0,1197.42,499.63,0.0,0.0,13440.28,3261.63,12109.22,18438.63,15370.85,0.0,0.0,13192563.570757346
SFm_New/runs/CZ05/SFm&2&rDXHP&New&dxHP_equip/RE-dxHP_eq-pkgSEER-17.8-SEER2-8.1-HSPF2/instance-out.sql,CZ05,SFm,2,rDXHP,New,dxHP_equip,,RE-dxHP_eq-pkgSEER-17.8-SEER2-8.1-HSPF2,SFm&2&rDXHP&New&dxHP_equip,RE-dxHP_eq-pkgSEER-17.8-SEER2-8.1-HSPF2,37.97,33833.49,84.31,75133.21,33833.5,1212.41,508.66,2643.29,457.71,16701.91,0.0,200.29,0.0,0.0,0.0,0.0,12109.22,0.0,0.0,1212.41,508.66,0.0,0.0,13440.28,3261.63,12109.22,18462.65,15370.85,0.0,0.0,13241945.772146445
SFm_New/runs/CZ06/SFm&1&rDXHP&New&dxHP_equip/RE-dxHP_eq-pkgSEER-18.7-SEER2-8.5-HSPF2/instance-out.sql,CZ06,SFm,1,rDXHP,New,dxHP_equip,,RE-dxHP_eq-pkgSEER-18.7-SEER2-8.5-HSPF2,SFm&1&rDXHP&New&dxHP_equip,RE-dxHP_eq-pkgSEER-18.7-SEER2-8.5-HSPF2,32.04,24646.1,63.71,49001.49,24646.1,219.75,302.83,1375.06,457.71,10338.53,0.0,74.95,0.0,0.0,0.0,0.0,11877.26,0.0,0.0,219.75,302.83,0.0,0.0,8268.27,2070.26,11877.26,10698.57,13947.53,0.0,0.0,7897028.805917881
SFm_New/runs/CZ05/SFm&2&rDXHP&New&dxHP_equip/RE-dxHP_eq-pkgSEER-16.0-SEER2-8.0-HSPF2/instance-out.sql,CZ05,SFm,2,rDXHP,New,dxHP_equip,,RE-dxHP_eq-pkgSEER-16.0-SEER2-8.0-HSPF2,SFm&2&rDXHP&New&dxHP_equip,RE-dxHP_eq-pkgSEER-16.0-SEER2-8.0-HSPF2,38.0,33863.9,84.42,75229.5,33863.9,1217.5,533.97,2643.29,457.71,16701.91,0.0,200.29,0.0,0.0,0.0,0.0,12109.22,0.0,0.0,1217.5,533.97,0.0,0.0,13440.28,3261.63,12109.22,18493.05,15370.85,0.0,0.0,13380482.155249577
SFm_New/runs/CZ05/SFm&1&rDXHP&New&dxHP_equip/RE-dxHP_eq-pkgSEER-16.0-SEER2-8.0-HSPF2/instance-out.sql,CZ05,SFm,1,rDXHP,New,dxHP_equip,,RE-dxHP_eq-pkgSEER-16.0-SEER2-8.0-HSPF2,SFm&1&rDXHP&New&dxHP_equip,RE-dxHP_eq-pkgSEER-16.0-SEER2-8.0-HSPF2,32.46,24969.24,64.37,49510.03,24969.24,503.72,111.16,1375.06,457.71,10338.53,0.0,58.62,0.0,0.0,0.0,0.0,12124.44,0.0,0.0,503.72,111.16,0.0,0.0,8268.27,2070.26,12124.44,10774.54,14194.7,0.0,0.0,7070777.172067289
SFm_New/runs/CZ05/SFm&1&rDXHP&New&dxHP_equip/RE-dxHP_eq-pkgSEER-14.3-SEER2-7.5-HSPF2/instance-out.sql,CZ05,SFm,1,rDXHP,New,dxHP_equip,,RE-dxHP_eq-pkgSEER-14.3-SEER2-7.5-HSPF2,SFm&1&rDXHP&New&dxHP_equip,RE-dxHP_eq-pkgSEER-14.3-SEER2-7.5-HSPF2,32.6,25073.63,64.8,49840.58,25073.64,527.09,126.58,1375.06,457.71,10338.53,0.0,124.2,0.0,0.0,0.0,0.0,12124.46,0.0,0.0,527.09,126.58,0.0,0.0,8268.27,2070.26,12124.46,10878.91,14194.73,0.0,0.0,7401988.987036144
SFm_New/runs/CZ05/SFm&2&rDXHP&New&dxHP_equip/RE-dxHP_eq-pkgSEER-19.6-SEER2-8.9-HSPF2/instance-out.sql,CZ05,SFm,2,rDXHP,New,dxHP_equip,,RE-dxHP_eq-pkgSEER-19.6-SEER2-8.9-HSPF2,SFm&2&rDXHP&New&dxHP_equip,RE-dxHP_eq-pkgSEER-19.6-SEER2-8.9-HSPF2,37.92,33789.68,84.16,74994.43,33789.68,1185.25,492.0,2643.29,457.71,16701.91,0.0,200.29,0.0,0.0,0.0,0.0,12109.22,0.0,0.0,1185.25,492.0,0.0,0.0,13440.28,3261.63,12109.22,18418.83,15370.85,0.0,0.0,13150769.3004223
SFm_New/runs/CZ04/SFm&2&rDXHP&New&dxHP_equip/RE-dxHP_eq-pkgSEER-14.3-SEER2-7.5-HSPF2/instance-out.sql,CZ04,SFm,2,rDXHP,New,dxHP_equip,,RE-dxHP_eq-pkgSEER-14.3-SEER2-7.5-HSPF2,SFm&2&rDXHP&New&dxHP_equip,RE-dxHP_eq-pkgSEER-14.3-SEER2-7.5-HSPF2,40.06,35703.06,91.23,81302.78,35703.06,1748.39,1453.89,2643.29,457.71,16701.91,0.0,708.03,0.0,0.0,0.0,0.0,11989.84,0.0,0.0,1748.39,1453.89,0.0,0.0,13440.28,3261.63,11989.84,20451.59,15251.47,0.0,0.0,19882080.51984468
SFm_New/runs/CZ05/SFm&1&rDXHP&New&dxHP_equip/RE-dxHP_eq-pkgSEER-17.8-SEER2-8.1-HSPF2/instance-out.sql,CZ05,SFm,1,rDXHP,New,dxHP_equip,,RE-dxHP_eq-pkgSEER-17.8-SEER2-8.1-HSPF2,SFm&1&rDXHP&New&dxHP_equip,RE-dxHP_eq-pkgSEER-17.8-SEER2-8.1-HSPF2,32.46,24962.26,64.34,49487.91,24962.260000000002,502.01,105.89,1375.06,457.71,10338.53,0.0,58.62,0.0,0.0,0.0,0.0,12124.44,0.0,0.0,502.01,105.89,0.0,0.0,8268.27,2070.26,12124.44,10767.56,14194.7,0.0,0.0,7026460.901661838
SFm_New/runs/CZ05/SFm&1&rDXHP&New&dxHP_equip/RE-dxHP_eq-pkgSEER-19.6-SEER2-8.9-HSPF2/instance-out.sql,CZ05,SFm,1,rDXHP,New,dxHP_equip,,RE-dxHP_eq-pkgSEER-19.6-SEER2-8.9-HSPF2,SFm&1&rDXHP&New&dxHP_equip,RE-dxHP_eq-pkgSEER-19.6-SEER2-8.9-HSPF2,32.44,24949.65,64.29,49447.99,24949.65,492.87,102.42,1375.06,457.71,10338.53,0.0,58.62,0.0,0.0,0.0,0.0,12124.44,0.0,0.0,492.87,102.42,0.0,0.0,8268.27,2070.26,12124.44,10754.95,14194.7,0.0,0.0,6997294.547776778
SFm_New/runs/CZ05/SFm&1&rDXHP&New&dxHP_equip/RE-dxHP_eq-pkgSEER-18.7-SEER2-8.5-HSPF2/instance-out.sql,CZ05,SFm,1,rDXHP,New,dxHP_equip,,RE-dxHP_eq-pkgSEER-18.7-SEER2-8.5-HSPF2,SFm&1&rDXHP&New&dxHP_equip,RE-dxHP_eq-pkgSEER-18.7-SEER2-8.5-HSPF2,32.45,24955.34,64.31,49465.99,24955.33,496.97,104.01,1375.06,457.71,10338.53,0.0,58.62,0.0,0.0,0.0,0.0,12124.44,0.0,0.0,496.97,104.01,0.0,0.0,8268.27,2070.26,12124.44,10760.63,14194.7,0.0,0.0,7010664.076734291
SFm_New/runs/CZ04/SFm&2&rDXHP&New&dxHP_equip/RE-dxHP_eq-pkgSEER-16.0-SEER2-8.0-HSPF2/instance-out.sql,CZ04,SFm,2,rDXHP,New,dxHP_equip,,RE-dxHP_eq-pkgSEER-16.0-SEER2-8.0-HSPF2,SFm&2&rDXHP&New&dxHP_equip,RE-dxHP_eq-pkgSEER-16.0-SEER2-8.0-HSPF2,39.36,35077.34,89.01,79321.26,35077.34,1690.89,1266.85,2643.29,457.71,16701.91,0.0,326.91,0.0,0.0,0.0,0.0,11989.77,0.0,0.0,1690.89,1266.85,0.0,0.0,13440.28,3261.63,11989.77,19825.93,15251.41,0.0,0.0,17678076.671952225
SFm_New/runs/CZ04/SFm&2&rDXHP&New&dxHP_equip/RE-dxHP_eq-pkgSEER-17.8-SEER2-8.1-HSPF2/instance-out.sql,CZ04,SFm,2,rDXHP,New,dxHP_equip,,RE-dxHP_eq-pkgSEER-17.8-SEER2-8.1-HSPF2,SFm&2&rDXHP&New&dxHP_equip,RE-dxHP_eq-pkgSEER-17.8-SEER2-8.1-HSPF2,39.29,35010.7,88.77,79110.22,35010.71,1684.26,1206.84,2643.29,457.71,16701.91,0.0,326.91,0.0,0.0,0.0,0.0,11989.77,0.0,0.0,1684.26,1206.84,0.0,0.0,13440.28,3261.63,11989.77,19759.3,15251.41,0.0,0.0,17357200.913471773
SFm_New/runs/CZ04/SFm&2&rDXHP&New&dxHP_equip/RE-dxHP_eq-pkgSEER-18.7-SEER2-8.5-HSPF2/instance-out.sql,CZ04,SFm,2,rDXHP,New,dxHP_equip,,RE-dxHP_eq-pkgSEER-18.7-SEER2-8.5-HSPF2,SFm&2&rDXHP&New&dxHP_equip,RE-dxHP_eq-pkgSEER-18.7-SEER2-8.5-HSPF2,39.24,34969.68,88.63,78980.29,34969.68,1664.77,1185.31,2643.29,457.71,16701.91,0.0,326.91,0.0,0.0,0.0,0.0,11989.77,0.0,0.0,1664.77,1185.31,0.0,0.0,13440.28,3261.63,11989.77,19718.27,15251.41,0.0,0.0,17242389.556885805
SFm_New/runs/CZ04/SFm&2&rDXHP&New&dxHP_equip/RE-dxHP_eq-pkgSEER-19.6-SEER2-8.9-HSPF2/instance-out.sql,CZ04,SFm,2,rDXHP,New,dxHP_equip,,RE-dxHP_eq-pkgSEER-19.6-SEER2-8.9-HSPF2,SFm&2&rDXHP&New&dxHP_equip,RE-dxHP_eq-pkgSEER-19.6-SEER2-8.9-HSPF2,39.2,34935.75,88.51,78872.85,34935.759999999995,1648.95,1167.21,2643.29,457.71,16701.91,0.0,326.91,0.0,0.0,0.0,0.0,11989.77,0.0,0.0,1648.95,1167.21,0.0,0.0,13440.28,3261.63,11989.77,19684.35,15251.41,0.0,0.0,17145595.21898871
SFm_New/runs/CZ04/SFm&1&rDXHP&New&dxHP_equip/RE-dxHP_eq-pkgSEER-16.0-SEER2-8.0-HSPF2/instance-out.sql,CZ04,SFm,1,rDXHP,New,dxHP_equip,,RE-dxHP_eq-pkgSEER-16.0-SEER2-8.0-HSPF2,SFm&1&rDXHP&New&dxHP_equip,RE-dxHP_eq-pkgSEER-16.0-SEER2-8.0-HSPF2,33.22,25547.28,67.07,51586.64,25547.27,798.82,445.94,1375.06,457.71,10338.53,0.0,124.87,0.0,0.0,0.0,0.0,12006.35,0.0,0.0,798.82,445.94,0.0,0.0,8268.27,2070.26,12006.35,11470.66,14076.61,0.0,0.0,9173824.503049366
SFm_New/runs/CZ04/SFm&1&rDXHP&New&dxHP_equip/RE-dxHP_eq-pkgSEER-17.8-SEER2-8.1-HSPF2/instance-out.sql,CZ04,SFm,1,rDXHP,New,dxHP_equip,,RE-dxHP_eq-pkgSEER-17.8-SEER2-8.1-HSPF2,SFm&1&rDXHP&New&dxHP_equip,RE-dxHP_eq-pkgSEER-17.8-SEER2-8.1-HSPF2,33.19,25523.51,66.97,51511.37,25523.510000000002,796.19,424.8,1375.06,457.71,10338.53,0.0,124.87,0.0,0.0,0.0,0.0,12006.35,0.0,0.0,796.19,424.8,0.0,0.0,8268.27,2070.26,12006.35,11446.9,14076.61,0.0,0.0,9040670.896767793
SFm_New/runs/CZ04/SFm&1&rDXHP&New&dxHP_equip/RE-dxHP_eq-pkgSEER-14.3-SEER2-7.5-HSPF2/instance-out.sql,CZ04,SFm,1,rDXHP,New,dxHP_equip,,RE-dxHP_eq-pkgSEER-14.3-SEER2-7.5-HSPF2,SFm&1&rDXHP&New&dxHP_equip,RE-dxHP_eq-pkgSEER-14.3-SEER2-7.5-HSPF2,33.54,25792.67,68.08,52364.38,25792.67,833.51,512.2,1375.06,457.71,10338.53,0.0,269.59,0.0,0.0,0.0,0.0,12006.07,0.0,0.0,833.51,512.2,0.0,0.0,8268.27,2070.26,12006.07,11716.34,14076.33,0.0,0.0,10092780.04349019
SFm_New/runs/CZ03/SFm&2&rDXHP&New&dxHP_equip/RE-dxHP_eq-pkgSEER-16.0-SEER2-8.0-HSPF2/instance-out.sql,CZ03,SFm,2,rDXHP,New,dxHP_equip,,RE-dxHP_eq-pkgSEER-16.0-SEER2-8.0-HSPF2,SFm&2&rDXHP&New&dxHP_equip,RE-dxHP_eq-pkgSEER-16.0-SEER2-8.0-HSPF2,37.94,33806.78,84.22,75054.76,33806.77,1133.35,562.22,2643.29,457.71,16701.91,0.0,202.03,0.0,0.0,0.0,0.0,12106.25,0.0,0.0,1133.35,562.22,0.0,0.0,13440.28,3261.63,12106.25,18438.89,15367.88,0.0,0.0,14469510.910533812
SFm_New/runs/CZ03/SFm&2&rDXHP&New&dxHP_equip/RE-dxHP_eq-pkgSEER-14.3-SEER2-7.5-HSPF2/instance-out.sql,CZ03,SFm,2,rDXHP,New,dxHP_equip,,RE-dxHP_eq-pkgSEER-14.3-SEER2-7.5-HSPF2,SFm&2&rDXHP&New&dxHP_equip,RE-dxHP_eq-pkgSEER-14.3-SEER2-7.5-HSPF2,38.33,34155.74,85.46,76159.89,34155.740000000005,1177.35,642.83,2643.29,457.71,16701.91,0.0,426.38,0.0,0.0,0.0,0.0,12106.28,0.0,0.0,1177.35,642.83,0.0,0.0,13440.28,3261.63,12106.28,18787.83,15367.91,0.0,0.0,15780160.484342696
SFm_New/runs/CZ04/SFm&1&rDXHP&New&dxHP_equip/RE-dxHP_eq-pkgSEER-18.7-SEER2-8.5-HSPF2/instance-out.sql,CZ04,SFm,1,rDXHP,New,dxHP_equip,,RE-dxHP_eq-pkgSEER-18.7-SEER2-8.5-HSPF2,SFm&1&rDXHP&New&dxHP_equip,RE-dxHP_eq-pkgSEER-18.7-SEER2-8.5-HSPF2,33.17,25508.21,66.91,51462.91,25508.2,788.43,417.25,1375.06,457.71,10338.53,0.0,124.87,0.0,0.0,0.0,0.0,12006.35,0.0,0.0,788.43,417.25,0.0,0.0,8268.27,2070.26,12006.35,11431.59,14076.61,0.0,0.0,8993086.010609047
SFm_New/runs/CZ03/SFm&2&rDXHP&New&dxHP_equip/RE-dxHP_eq-pkgSEER-17.8-SEER2-8.1-HSPF2/instance-out.sql,CZ03,SFm,2,rDXHP,New,dxHP_equip,,RE-dxHP_eq-pkgSEER-17.8-SEER2-8.1-HSPF2,SFm&2&rDXHP&New&dxHP_equip,RE-dxHP_eq-pkgSEER-17.8-SEER2-8.1-HSPF2,37.9,33775.24,84.11,74954.89,33775.24,1128.47,535.57,2643.29,457.71,16701.91,0.0,202.03,0.0,0.0,0.0,0.0,12106.25,0.0,0.0,1128.47,535.57,0.0,0.0,13440.28,3261.63,12106.25,18407.36,15367.88,0.0,0.0,14285602.289969005
SFm_New/runs/CZ04/SFm&1&rDXHP&New&dxHP_equip/RE-dxHP_eq-pkgSEER-19.6-SEER2-8.9-HSPF2/instance-out.sql,CZ04,SFm,1,rDXHP,New,dxHP_equip,,RE-dxHP_eq-pkgSEER-19.6-SEER2-8.9-HSPF2,SFm&1&rDXHP&New&dxHP_equip,RE-dxHP_eq-pkgSEER-19.6-SEER2-8.9-HSPF2,33.15,25495.54,66.86,51422.79,25495.54,782.14,410.88,1375.06,457.71,10338.53,0.0,124.87,0.0,0.0,0.0,0.0,12006.35,0.0,0.0,782.14,410.88,0.0,0.0,8268.27,2070.26,12006.35,11418.93,14076.61,0.0,0.0,8952918.130677335
SFm_New/runs/CZ03/SFm&2&rDXHP&New&dxHP_equip/RE-dxHP_eq-pkgSEER-18.7-SEER2-8.5-HSPF2/instance-out.sql,CZ03,SFm,2,rDXHP,New,dxHP_equip,,RE-dxHP_eq-pkgSEER-18.7-SEER2-8.5-HSPF2,SFm&2&rDXHP&New&dxHP_equip,RE-dxHP_eq-pkgSEER-18.7-SEER2-8.5-HSPF2,37.87,33751.37,84.03,74879.28,33751.36,1114.1,526.06,2643.29,457.71,16701.91,0.0,202.03,0.0,0.0,0.0,0.0,12106.25,0.0,0.0,1114.1,526.06,0.0,0.0,13440.28,3261.63,12106.25,18383.48,15367.88,0.0,0.0,14219992.432248667
SFm_New/runs/CZ03/SFm&2&rDXHP&New&dxHP_equip/RE-dxHP_eq-pkgSEER-19.6-SEER2-8.9-HSPF2/instance-out.sql,CZ03,SFm,2,rDXHP,New,dxHP_equip,,RE-dxHP_eq-pkgSEER-19.6-SEER2-8.9-HSPF2,SFm&2&rDXHP&New&dxHP_equip,RE-dxHP_eq-pkgSEER-19.6-SEER2-8.9-HSPF2,37.85,33731.66,83.96,74816.86,33731.659999999996,1102.43,518.02,2643.29,457.71,16701.91,0.0,202.03,0.0,0.0,0.0,0.0,12106.25,0.0,0.0,1102.43,518.02,0.0,0.0,13440.28,3261.63,12106.25,18363.78,15367.88,0.0,0.0,14164511.180518776
SFm_New/runs/CZ03/SFm&1&rDXHP&New&dxHP_equip/RE-dxHP_eq-pkgSEER-16.0-SEER2-8.0-HSPF2/instance-out.sql,CZ03,SFm,1,rDXHP,New,dxHP_equip,,RE-dxHP_eq-pkgSEER-16.0-SEER2-8.0-HSPF2,SFm&1&rDXHP&New&dxHP_equip,RE-dxHP_eq-pkgSEER-16.0-SEER2-8.0-HSPF2,32.51,25003.73,64.52,49622.98,25003.73,505.56,146.0,1375.06,457.71,10338.53,0.0,58.22,0.0,0.0,0.0,0.0,12122.65,0.0,0.0,505.56,146.0,0.0,0.0,8268.27,2070.26,12122.65,10810.82,14192.91,0.0,0.0,7568836.952346329
SFm_New/runs/CZ03/SFm&1&rDXHP&New&dxHP_equip/RE-dxHP_eq-pkgSEER-17.8-SEER2-8.1-HSPF2/instance-out.sql,CZ03,SFm,1,rDXHP,New,dxHP_equip,,RE-dxHP_eq-pkgSEER-17.8-SEER2-8.1-HSPF2,SFm&1&rDXHP&New&dxHP_equip,RE-dxHP_eq-pkgSEER-17.8-SEER2-8.1-HSPF2,32.5,24994.96,64.48,49595.19,24994.96,503.71,139.08,1375.06,457.71,10338.53,0.0,58.22,0.0,0.0,0.0,0.0,12122.65,0.0,0.0,503.71,139.08,0.0,0.0,8268.27,2070.26,12122.65,10802.05,14192.91,0.0,0.0,7502660.151811406
SFm_New/runs/CZ03/SFm&1&rDXHP&New&dxHP_equip/RE-dxHP_eq-pkgSEER-14.3-SEER2-7.5-HSPF2/instance-out.sql,CZ03,SFm,1,rDXHP,New,dxHP_equip,,RE-dxHP_eq-pkgSEER-14.3-SEER2-7.5-HSPF2,SFm&1&rDXHP&New&dxHP_equip,RE-dxHP_eq-pkgSEER-14.3-SEER2-7.5-HSPF2,32.65,25108.5,64.95,49955.58,25108.5,529.08,165.26,1375.06,457.71,10338.53,0.0,120.59,0.0,0.0,0.0,0.0,12122.27,0.0,0.0,529.08,165.26,0.0,0.0,8268.27,2070.26,12122.27,10915.97,14192.53,0.0,0.0,7990457.164465532
SFm_New/runs/CZ02/SFm&2&rDXHP&New&dxHP_equip/RE-dxHP_eq-pkgSEER-17.8-SEER2-8.1-HSPF2/instance-out.sql,CZ02,SFm,2,rDXHP,New,dxHP_equip,,RE-dxHP_eq-pkgSEER-17.8-SEER2-8.1-HSPF2,SFm&2&rDXHP&New&dxHP_equip,RE-dxHP_eq-pkgSEER-17.8-SEER2-8.1-HSPF2,38.53,34331.1,86.04,76672.87,34331.09,1860.99,314.97,2643.29,457.71,16701.91,0.0,225.6,0.0,0.0,0.0,0.0,12126.61,0.0,0.0,1860.99,314.97,0.0,0.0,13440.28,3261.63,12126.61,18942.85,15388.24,0.0,0.0,12824423.304582354
SFm_New/runs/CZ02/SFm&2&rDXHP&New&dxHP_equip/RE-dxHP_eq-pkgSEER-16.0-SEER2-8.0-HSPF2/instance-out.sql,CZ02,SFm,2,rDXHP,New,dxHP_equip,,RE-dxHP_eq-pkgSEER-16.0-SEER2-8.0-HSPF2,SFm&2&rDXHP&New&dxHP_equip,RE-dxHP_eq-pkgSEER-16.0-SEER2-8.0-HSPF2,38.55,34354.31,86.12,76746.39,34354.31,1868.54,330.63,2643.29,457.71,16701.91,0.0,225.6,0.0,0.0,0.0,0.0,12126.61,0.0,0.0,1868.54,330.63,0.0,0.0,13440.28,3261.63,12126.61,18966.07,15388.24,0.0,0.0,12946754.283568325
SFm_New/runs/CZ03/SFm&1&rDXHP&New&dxHP_equip/RE-dxHP_eq-pkgSEER-19.6-SEER2-8.9-HSPF2/instance-out.sql,CZ03,SFm,1,rDXHP,New,dxHP_equip,,RE-dxHP_eq-pkgSEER-19.6-SEER2-8.9-HSPF2,SFm&1&rDXHP&New&dxHP_equip,RE-dxHP_eq-pkgSEER-19.6-SEER2-8.9-HSPF2,32.48,24980.52,64.42,49549.48,24980.52,493.83,134.53,1375.06,457.71,10338.53,0.0,58.22,0.0,0.0,0.0,0.0,12122.65,0.0,0.0,493.83,134.53,0.0,0.0,8268.27,2070.26,12122.65,10787.61,14192.91,0.0,0.0,7459106.487080063
SFm_New/runs/CZ02/SFm&2&rDXHP&New&dxHP_equip/RE-dxHP_eq-pkgSEER-18.7-SEER2-8.5-HSPF2/instance-out.sql,CZ02,SFm,2,rDXHP,New,dxHP_equip,,RE-dxHP_eq-pkgSEER-18.7-SEER2-8.5-HSPF2,SFm&2&rDXHP&New&dxHP_equip,RE-dxHP_eq-pkgSEER-18.7-SEER2-8.5-HSPF2,38.49,34303.26,85.94,76584.73,34303.26,1838.77,309.36,2643.29,457.71,16701.91,0.0,225.6,0.0,0.0,0.0,0.0,12126.61,0.0,0.0,1838.77,309.36,0.0,0.0,13440.28,3261.63,12126.61,18915.02,15388.24,0.0,0.0,12780817.625661794
SFm_New/runs/CZ02/SFm&2&rDXHP&New&dxHP_equip/RE-dxHP_eq-pkgSEER-14.3-SEER2-7.5-HSPF2/instance-out.sql,CZ02,SFm,2,rDXHP,New,dxHP_equip,,RE-dxHP_eq-pkgSEER-14.3-SEER2-7.5-HSPF2,SFm&2&rDXHP&New&dxHP_equip,RE-dxHP_eq-pkgSEER-14.3-SEER2-7.5-HSPF2,38.97,34731.3,87.46,77939.5,34731.29,1947.95,376.04,2643.29,457.71,16701.91,0.0,477.38,0.0,0.0,0.0,0.0,12127.0,0.0,0.0,1947.95,376.04,0.0,0.0,13440.28,3261.63,12127.0,19342.66,15388.63,0.0,0.0,13775181.18635542
SFm_New/runs/CZ03/SFm&1&rDXHP&New&dxHP_equip/RE-dxHP_eq-pkgSEER-18.7-SEER2-8.5-HSPF2/instance-out.sql,CZ03,SFm,1,rDXHP,New,dxHP_equip,,RE-dxHP_eq-pkgSEER-18.7-SEER2-8.5-HSPF2,SFm&1&rDXHP&New&dxHP_equip,RE-dxHP_eq-pkgSEER-18.7-SEER2-8.5-HSPF2,32.49,24987.04,64.45,49570.11,24987.04,498.26,136.61,1375.06,457.71,10338.53,0.0,58.22,0.0,0.0,0.0,0.0,12122.65,0.0,0.0,498.26,136.61,0.0,0.0,8268.27,2070.26,12122.65,10794.13,14192.91,0.0,0.0,7479070.997698228
SFm_New/runs/CZ02/SFm&1&rDXHP&New&dxHP_equip/RE-dxHP_eq-pkgSEER-17.8-SEER2-8.1-HSPF2/instance-out.sql,CZ02,SFm,1,rDXHP,New,dxHP_equip,,RE-dxHP_eq-pkgSEER-17.8-SEER2-8.1-HSPF2,SFm&1&rDXHP&New&dxHP_equip,RE-dxHP_eq-pkgSEER-17.8-SEER2-8.1-HSPF2,32.82,25246.34,65.47,50351.32,25246.34,769.54,86.35,1375.06,457.71,10338.53,0.0,77.29,0.0,0.0,0.0,0.0,12141.86,0.0,0.0,769.54,86.35,0.0,0.0,8268.27,2070.26,12141.86,11034.22,14212.12,0.0,0.0,7003564.727691181
SFm_New/runs/CZ02/SFm&2&rDXHP&New&dxHP_equip/RE-dxHP_eq-pkgSEER-19.6-SEER2-8.9-HSPF2/instance-out.sql,CZ02,SFm,2,rDXHP,New,dxHP_equip,,RE-dxHP_eq-pkgSEER-19.6-SEER2-8.9-HSPF2,SFm&2&rDXHP&New&dxHP_equip,RE-dxHP_eq-pkgSEER-19.6-SEER2-8.9-HSPF2,38.47,34280.5,85.86,76512.65,34280.5,1820.74,304.63,2643.29,457.71,16701.91,0.0,225.6,0.0,0.0,0.0,0.0,12126.61,0.0,0.0,1820.74,304.63,0.0,0.0,13440.28,3261.63,12126.61,18892.26,15388.24,0.0,0.0,12743912.273496766
SFm_New/runs/CZ02/SFm&1&rDXHP&New&dxHP_equip/RE-dxHP_eq-pkgSEER-16.0-SEER2-8.0-HSPF2/instance-out.sql,CZ02,SFm,1,rDXHP,New,dxHP_equip,,RE-dxHP_eq-pkgSEER-16.0-SEER2-8.0-HSPF2,SFm&1&rDXHP&New&dxHP_equip,RE-dxHP_eq-pkgSEER-16.0-SEER2-8.0-HSPF2,32.83,25253.24,65.49,50373.16,25253.24,772.14,90.65,1375.06,457.71,10338.53,0.0,77.29,0.0,0.0,0.0,0.0,12141.86,0.0,0.0,772.14,90.65,0.0,0.0,8268.27,2070.26,12141.86,11041.12,14212.12,0.0,0.0,7047516.808183603
SFm_New/runs/CZ02/SFm&1&rDXHP&New&dxHP_equip/RE-dxHP_eq-pkgSEER-14.3-SEER2-7.5-HSPF2/instance-out.sql,CZ02,SFm,1,rDXHP,New,dxHP_equip,,RE-dxHP_eq-pkgSEER-14.3-SEER2-7.5-HSPF2,SFm&1&rDXHP&New&dxHP_equip,RE-dxHP_eq-pkgSEER-14.3-SEER2-7.5-HSPF2,33.03,25407.5,66.13,50861.51,25407.5,826.28,103.73,1375.06,457.71,10338.53,0.0,164.23,0.0,0.0,0.0,0.0,12141.96,0.0,0.0,826.28,103.73,0.0,0.0,8268.27,2070.26,12141.96,11195.28,14212.22,0.0,0.0,7359074.178828632
SFm_New/runs/CZ02/SFm&1&rDXHP&New&dxHP_equip/RE-dxHP_eq-pkgSEER-18.7-SEER2-8.5-HSPF2/instance-out.sql,CZ02,SFm,1,rDXHP,New,dxHP_equip,,RE-dxHP_eq-pkgSEER-18.7-SEER2-8.5-HSPF2,SFm&1&rDXHP&New&dxHP_equip,RE-dxHP_eq-pkgSEER-18.7-SEER2-8.5-HSPF2,32.81,25237.15,65.43,50322.22,25237.15,761.89,84.82,1375.06,457.71,10338.53,0.0,77.29,0.0,0.0,0.0,0.0,12141.86,0.0,0.0,761.89,84.82,0.0,0.0,8268.27,2070.26,12141.86,11025.03,14212.12,0.0,0.0,6987863.907049598
SFm_New/runs/CZ02/SFm&1&rDXHP&New&dxHP_equip/RE-dxHP_eq-pkgSEER-19.6-SEER2-8.9-HSPF2/instance-out.sql,CZ02,SFm,1,rDXHP,New,dxHP_equip,,RE-dxHP_eq-pkgSEER-19.6-SEER2-8.9-HSPF2,SFm&1&rDXHP&New&dxHP_equip,RE-dxHP_eq-pkgSEER-19.6-SEER2-8.9-HSPF2,32.8,25229.64,65.4,50298.44,25229.64,755.67,83.52,1375.06,457.71,10338.53,0.0,77.29,0.0,0.0,0.0,0.0,12141.86,0.0,0.0,755.67,83.52,0.0,0.0,8268.27,2070.26,12141.86,11017.52,14212.12,0.0,0.0,6974604.942116923
SFm_New/runs/CZ01/SFm&2&rDXHP&New&dxHP_equip/RE-dxHP_eq-pkgSEER-18.7-SEER2-8.5-HSPF2/instance-out.sql,CZ01,SFm,2,rDXHP,New,dxHP_equip,,RE-dxHP_eq-pkgSEER-18.7-SEER2-8.5-HSPF2,SFm&2&rDXHP&New&dxHP_equip,RE-dxHP_eq-pkgSEER-18.7-SEER2-8.5-HSPF2,37.31,33251.66,81.61,72726.27,33251.659999999996,966.92,21.33,2643.29,457.71,16701.91,0.0,80.38,0.0,0.0,0.0,0.0,12380.11,0.0,0.0,966.92,21.33,0.0,0.0,13440.28,3261.63,12380.11,17609.92,15641.74,0.0,0.0,10449031.725933276
SFm_New/runs/CZ01/SFm&2&rDXHP&New&dxHP_equip/RE-dxHP_eq-pkgSEER-17.8-SEER2-8.1-HSPF2/instance-out.sql,CZ01,SFm,2,rDXHP,New,dxHP_equip,,RE-dxHP_eq-pkgSEER-17.8-SEER2-8.1-HSPF2,SFm&2&rDXHP&New&dxHP_equip,RE-dxHP_eq-pkgSEER-17.8-SEER2-8.1-HSPF2,37.32,33261.02,81.64,72755.9,33261.02,975.89,21.71,2643.29,457.71,16701.91,0.0,80.38,0.0,0.0,0.0,0.0,12380.11,0.0,0.0,975.89,21.71,0.0,0.0,13440.28,3261.63,12380.11,17619.28,15641.74,0.0,0.0,10455721.254773675
SFm_New/runs/CZ01/SFm&2&rDXHP&New&dxHP_equip/RE-dxHP_eq-pkgSEER-14.3-SEER2-7.5-HSPF2/instance-out.sql,CZ01,SFm,2,rDXHP,New,dxHP_equip,,RE-dxHP_eq-pkgSEER-14.3-SEER2-7.5-HSPF2,SFm&2&rDXHP&New&dxHP_equip,RE-dxHP_eq-pkgSEER-14.3-SEER2-7.5-HSPF2,37.45,33373.01,82.04,73111.18,33373.01,998.29,25.69,2643.29,457.71,16701.91,0.0,166.29,0.0,0.0,0.0,0.0,12379.82,0.0,0.0,998.29,25.69,0.0,0.0,13440.28,3261.63,12379.82,17731.56,15641.45,0.0,0.0,10607112.234153118
SFm_New/runs/CZ01/SFm&2&rDXHP&New&dxHP_equip/RE-dxHP_eq-pkgSEER-16.0-SEER2-8.0-HSPF2/instance-out.sql,CZ01,SFm,2,rDXHP,New,dxHP_equip,,RE-dxHP_eq-pkgSEER-16.0-SEER2-8.0-HSPF2,SFm&2&rDXHP&New&dxHP_equip,RE-dxHP_eq-pkgSEER-16.0-SEER2-8.0-HSPF2,37.33,33265.15,81.66,72768.97,33265.15,978.94,22.79,2643.29,457.71,16701.91,0.0,80.38,0.0,0.0,0.0,0.0,12380.11,0.0,0.0,978.94,22.79,0.0,0.0,13440.28,3261.63,12380.11,17623.41,15641.74,0.0,0.0,10474487.998745061
SFm_New/runs/CZ01/SFm&2&rDXHP&New&dxHP_equip/RE-dxHP_eq-pkgSEER-19.6-SEER2-8.9-HSPF2/instance-out.sql,CZ01,SFm,2,rDXHP,New,dxHP_equip,,RE-dxHP_eq-pkgSEER-19.6-SEER2-8.9-HSPF2,SFm&2&rDXHP&New&dxHP_equip,RE-dxHP_eq-pkgSEER-19.6-SEER2-8.9-HSPF2,37.31,33244.05,81.58,72702.17,33244.05,959.64,21.0,2643.29,457.71,16701.91,0.0,80.38,0.0,0.0,0.0,0.0,12380.11,0.0,0.0,959.64,21.0,0.0,0.0,13440.28,3261.63,12380.11,17602.31,15641.74,0.0,0.0,10443370.091398869
SFm_New/runs/CZ01/SFm&1&rDXHP&New&dxHP_equip/RE-dxHP_eq-pkgSEER-14.3-SEER2-7.5-HSPF2/instance-out.sql,CZ01,SFm,1,rDXHP,New,dxHP_equip,,RE-dxHP_eq-pkgSEER-14.3-SEER2-7.5-HSPF2,SFm&1&rDXHP&New&dxHP_equip,RE-dxHP_eq-pkgSEER-14.3-SEER2-7.5-HSPF2,32.78,25215.33,64.66,49732.45,25215.33,579.63,7.48,1375.06,457.71,10338.53,0.0,65.11,0.0,0.0,0.0,0.0,12391.81,0.0,0.0,579.63,7.48,0.0,0.0,8268.27,2070.26,12391.81,10753.26,14462.07,0.0,0.0,6212963.359987978
SFm_New/runs/CZ01/SFm&1&rDXHP&New&dxHP_equip/RE-dxHP_eq-pkgSEER-18.7-SEER2-8.5-HSPF2/instance-out.sql,CZ01,SFm,1,rDXHP,New,dxHP_equip,,RE-dxHP_eq-pkgSEER-18.7-SEER2-8.5-HSPF2,SFm&1&rDXHP&New&dxHP_equip,RE-dxHP_eq-pkgSEER-18.7-SEER2-8.5-HSPF2,32.72,25162.68,64.44,49566.17,25162.68,561.66,6.26,1375.06,457.71,10338.53,0.0,31.87,0.0,0.0,0.0,0.0,12391.58,0.0,0.0,561.66,6.26,0.0,0.0,8268.27,2070.26,12391.58,10700.83,14461.85,0.0,0.0,6156807.366881536
SFm_New/runs/CZ01/SFm&1&rDXHP&New&dxHP_equip/RE-dxHP_eq-pkgSEER-17.8-SEER2-8.1-HSPF2/instance-out.sql,CZ01,SFm,1,rDXHP,New,dxHP_equip,,RE-dxHP_eq-pkgSEER-17.8-SEER2-8.1-HSPF2,SFm&1&rDXHP&New&dxHP_equip,RE-dxHP_eq-pkgSEER-17.8-SEER2-8.1-HSPF2,32.72,25166.31,64.46,49577.67,25166.309999999998,565.18,6.37,1375.06,457.71,10338.53,0.0,31.87,0.0,0.0,0.0,0.0,12391.58,0.0,0.0,565.18,6.37,0.0,0.0,8268.27,2070.26,12391.58,10704.46,14461.85,0.0,0.0,6159317.968230931
SFm_1985/runs/CZ16/SFm&2&rDXHP&Ex&dxHP_equip/RE-dxHP_eq-pkgSEER-14.3-SEER2-7.5-HSPF2/instance-out.sql,CZ16,SFm,2,rDXHP,Ex,dxHP_equip,,RE-dxHP_eq-pkgSEER-14.3-SEER2-7.5-HSPF2,SFm&2&rDXHP&Ex&dxHP_equip,RE-dxHP_eq-pkgSEER-14.3-SEER2-7.5-HSPF2,41.18,36695.81,94.18,83929.25,36695.81,3713.33,830.44,1774.64,457.71,16701.91,0.0,979.46,0.0,0.0,0.0,0.0,12238.31,0.0,0.0,3713.33,830.44,0.0,0.0,13440.28,3261.63,12238.31,21195.87,15499.94,0.0,0.0,17870430.824854467
SFm_New/runs/CZ01/SFm&1&rDXHP&New&dxHP_equip/RE-dxHP_eq-pkgSEER-19.6-SEER2-8.9-HSPF2/instance-out.sql,CZ01,SFm,1,rDXHP,New,dxHP_equip,,RE-dxHP_eq-pkgSEER-19.6-SEER2-8.9-HSPF2,SFm&1&rDXHP&New&dxHP_equip,RE-dxHP_eq-pkgSEER-19.6-SEER2-8.9-HSPF2,32.71,25159.72,64.43,49556.81,25159.73,558.8,6.17,1375.06,457.71,10338.53,0.0,31.87,0.0,0.0,0.0,0.0,12391.58,0.0,0.0,558.8,6.17,0.0,0.0,8268.27,2070.26,12391.58,10697.88,14461.85,0.0,0.0,6154682.537518961
SFm_New/runs/CZ01/SFm&1&rDXHP&New&dxHP_equip/RE-dxHP_eq-pkgSEER-16.0-SEER2-8.0-HSPF2/instance-out.sql,CZ01,SFm,1,rDXHP,New,dxHP_equip,,RE-dxHP_eq-pkgSEER-16.0-SEER2-8.0-HSPF2,SFm&1&rDXHP&New&dxHP_equip,RE-dxHP_eq-pkgSEER-16.0-SEER2-8.0-HSPF2,32.72,25167.82,64.47,49582.47,25167.83,566.38,6.69,1375.06,457.71,10338.53,0.0,31.87,0.0,0.0,0.0,0.0,12391.58,0.0,0.0,566.38,6.69,0.0,0.0,8268.27,2070.26,12391.58,10705.98,14461.85,0.0,0.0,6166361.186649214
SFm_1985/runs/CZ16/SFm&2&rDXHP&Ex&dxHP_equip/RE-dxHP_eq-pkgSEER-12.5-SEER2-6.4-HSPF2/instance-out.sql,CZ16,SFm,2,rDXHP,Ex,dxHP_equip,,RE-dxHP_eq-pkgSEER-12.5-SEER2-6.4-HSPF2,SFm&2&rDXHP&Ex&dxHP_equip,RE-dxHP_eq-pkgSEER-12.5-SEER2-6.4-HSPF2,41.48,36967.53,95.15,84789.81,36967.53,3912.25,903.24,1774.64,457.71,16701.91,0.0,979.46,0.0,0.0,0.0,0.0,12238.31,0.0,0.0,3912.25,903.24,0.0,0.0,13440.28,3261.63,12238.31,21467.59,15499.94,0.0,0.0,18454222.857746795
SFm_1985/runs/CZ16/SFm&2&rDXHP&Ex&dxHP_equip/RE-dxHP_eq-pkgSEER-17.8-SEER2-8.1-HSPF2/instance-out.sql,CZ16,SFm,2,rDXHP,Ex,dxHP_equip,,RE-dxHP_eq-pkgSEER-17.8-SEER2-8.1-HSPF2,SFm&2&rDXHP&Ex&dxHP_equip,RE-dxHP_eq-pkgSEER-17.8-SEER2-8.1-HSPF2,40.23,35847.3,91.17,81242.66,35847.299999999996,3541.83,685.81,1774.64,457.71,16701.91,0.0,447.38,0.0,0.0,0.0,0.0,12238.0,0.0,0.0,3541.83,685.81,0.0,0.0,13440.28,3261.63,12238.0,20347.67,15499.63,0.0,0.0,15618970.054148257
SFm_1985/runs/CZ16/SFm&2&rDXHP&Ex&dxHP_equip/RE-dxHP_eq-pkgSEER-16.0-SEER2-8.0-HSPF2/instance-out.sql,CZ16,SFm,2,rDXHP,Ex,dxHP_equip,,RE-dxHP_eq-pkgSEER-16.0-SEER2-8.0-HSPF2,SFm&2&rDXHP&Ex&dxHP_equip,RE-dxHP_eq-pkgSEER-16.0-SEER2-8.0-HSPF2,40.28,35893.8,91.33,81389.93,35893.799999999996,3554.21,719.94,1774.64,457.71,16701.91,0.0,447.38,0.0,0.0,0.0,0.0,12238.0,0.0,0.0,3554.21,719.94,0.0,0.0,13440.28,3261.63,12238.0,20394.17,15499.63,0.0,0.0,15894042.775711395
SFm_1985/runs/CZ16/SFm&1&rDXHP&Ex&dxHP_equip/RE-dxHP_eq-pkgSEER-12.5-SEER2-6.4-HSPF2/instance-out.sql,CZ16,SFm,1,rDXHP,Ex,dxHP_equip,,RE-dxHP_eq-pkgSEER-12.5-SEER2-6.4-HSPF2,SFm&1&rDXHP&Ex&dxHP_equip,RE-dxHP_eq-pkgSEER-12.5-SEER2-6.4-HSPF2,35.31,27155.6,73.01,56156.42,27155.61,1857.4,294.54,1557.5,457.71,10338.53,0.0,392.1,0.0,0.0,0.0,0.0,12257.81,0.0,0.0,1857.4,294.54,0.0,0.0,8268.27,2070.26,12257.81,12827.53,14328.08,0.0,0.0,10006511.745755685
SFm_1985/runs/CZ16/SFm&2&rDXHP&Ex&dxHP_equip/RE-dxHP_eq-pkgSEER-18.7-SEER2-8.5-HSPF2/instance-out.sql,CZ16,SFm,2,rDXHP,Ex,dxHP_equip,,RE-dxHP_eq-pkgSEER-18.7-SEER2-8.5-HSPF2,SFm&2&rDXHP&Ex&dxHP_equip,RE-dxHP_eq-pkgSEER-18.7-SEER2-8.5-HSPF2,40.17,35798.71,90.99,81088.77,35798.71,3505.41,673.64,1774.64,457.71,16701.91,0.0,447.38,0.0,0.0,0.0,0.0,12238.0,0.0,0.0,3505.41,673.64,0.0,0.0,13440.28,3261.63,12238.0,20299.08,15499.63,0.0,0.0,15520884.591281492
SFm_1985/runs/CZ16/SFm&2&rDXHP&Ex&dxHP_equip/RE-dxHP_eq-pkgSEER-19.6-SEER2-8.9-HSPF2/instance-out.sql,CZ16,SFm,2,rDXHP,Ex,dxHP_equip,,RE-dxHP_eq-pkgSEER-19.6-SEER2-8.9-HSPF2,SFm&2&rDXHP&Ex&dxHP_equip,RE-dxHP_eq-pkgSEER-19.6-SEER2-8.9-HSPF2,40.13,35758.85,90.85,80962.54,35758.85,3475.85,663.35,1774.64,457.71,16701.91,0.0,447.38,0.0,0.0,0.0,0.0,12238.0,0.0,0.0,3475.85,663.35,0.0,0.0,13440.28,3261.63,12238.0,20259.22,15499.63,0.0,0.0,15437900.130144853
SFm_1985/runs/CZ16/SFm&1&rDXHP&Ex&dxHP_equip/RE-dxHP_eq-pkgSEER-16.0-SEER2-8.0-HSPF2/instance-out.sql,CZ16,SFm,1,rDXHP,Ex,dxHP_equip,,RE-dxHP_eq-pkgSEER-16.0-SEER2-8.0-HSPF2,SFm&1&rDXHP&Ex&dxHP_equip,RE-dxHP_eq-pkgSEER-16.0-SEER2-8.0-HSPF2,34.73,26708.93,71.18,54742.69,26708.93,1681.15,237.3,1557.5,457.71,10338.53,0.0,179.35,0.0,0.0,0.0,0.0,12257.38,0.0,0.0,1681.15,237.3,0.0,0.0,8268.27,2070.26,12257.38,12381.28,14327.65,0.0,0.0,8973269.703932416
SFm_1985/runs/CZ16/SFm&1&rDXHP&Ex&dxHP_equip/RE-dxHP_eq-pkgSEER-17.8-SEER2-8.1-HSPF2/instance-out.sql,CZ16,SFm,1,rDXHP,Ex,dxHP_equip,,RE-dxHP_eq-pkgSEER-17.8-SEER2-8.1-HSPF2,SFm&1&rDXHP&Ex&dxHP_equip,RE-dxHP_eq-pkgSEER-17.8-SEER2-8.1-HSPF2,34.71,26692.5,71.11,54690.65,26692.5,1675.96,226.06,1557.5,457.71,10338.53,0.0,179.35,0.0,0.0,0.0,0.0,12257.38,0.0,0.0,1675.96,226.06,0.0,0.0,8268.27,2070.26,12257.38,12364.85,14327.65,0.0,0.0,8858283.437971974
SFm_1985/runs/CZ16/SFm&1&rDXHP&Ex&dxHP_equip/RE-dxHP_eq-pkgSEER-14.3-SEER2-7.5-HSPF2/instance-out.sql,CZ16,SFm,1,rDXHP,Ex,dxHP_equip,,RE-dxHP_eq-pkgSEER-14.3-SEER2-7.5-HSPF2,SFm&1&rDXHP&Ex&dxHP_equip,RE-dxHP_eq-pkgSEER-14.3-SEER2-7.5-HSPF2,35.17,27049.08,72.57,55819.06,27049.08,1774.62,270.8,1557.5,457.71,10338.53,0.0,392.1,0.0,0.0,0.0,0.0,12257.81,0.0,0.0,1774.62,270.8,0.0,0.0,8268.27,2070.26,12257.81,12721.0,14328.08,0.0,0.0,9765023.129351545
SFm_1985/runs/CZ16/SFm&1&rDXHP&Ex&dxHP_equip/RE-dxHP_eq-pkgSEER-19.6-SEER2-8.9-HSPF2/instance-out.sql,CZ16,SFm,1,rDXHP,Ex,dxHP_equip,,RE-dxHP_eq-pkgSEER-19.6-SEER2-8.9-HSPF2,SFm&1&rDXHP&Ex&dxHP_equip,RE-dxHP_eq-pkgSEER-19.6-SEER2-8.9-HSPF2,34.66,26657.47,70.96,54579.71,26657.47,1648.34,218.65,1557.5,457.71,10338.53,0.0,179.35,0.0,0.0,0.0,0.0,12257.38,0.0,0.0,1648.34,218.65,0.0,0.0,8268.27,2070.26,12257.38,12329.82,14327.65,0.0,0.0,8782606.263556333
SFm_1985/runs/CZ16/SFm&1&rDXHP&Ex&dxHP_equip/RE-dxHP_eq-pkgSEER-18.7-SEER2-8.5-HSPF2/instance-out.sql,CZ16,SFm,1,rDXHP,Ex,dxHP_equip,,RE-dxHP_eq-pkgSEER-18.7-SEER2-8.5-HSPF2,SFm&1&rDXHP&Ex&dxHP_equip,RE-dxHP_eq-pkgSEER-18.7-SEER2-8.5-HSPF2,34.68,26673.24,71.03,54629.66,26673.239999999998,1660.71,222.05,1557.5,457.71,10338.53,0.0,179.35,0.0,0.0,0.0,0.0,12257.38,0.0,0.0,1660.71,222.05,0.0,0.0,8268.27,2070.26,12257.38,12345.59,14327.65,0.0,0.0,8817295.830128824
SFm_1985/runs/CZ15/SFm&2&rDXHP&Ex&dxHP_equip/RE-dxHP_eq-pkgSEER-12.5-SEER2-6.4-HSPF2/instance-out.sql,CZ15,SFm,2,rDXHP,Ex,dxHP_equip,,RE-dxHP_eq-pkgSEER-12.5-SEER2-6.4-HSPF2,SFm&2&rDXHP&Ex&dxHP_equip,RE-dxHP_eq-pkgSEER-12.5-SEER2-6.4-HSPF2,61.18,54520.61,159.68,142299.18,54520.61,1961.78,17853.1,1774.64,457.71,16701.91,0.0,4454.31,0.0,0.0,0.0,0.0,11317.15,0.0,0.0,1961.78,17853.1,0.0,0.0,13440.28,3261.63,11317.15,39941.83,14578.78,0.0,0.0,56836969.69210147
SFm_1985/runs/CZ15/SFm&2&rDXHP&Ex&dxHP_equip/RE-dxHP_eq-pkgSEER-14.3-SEER2-7.5-HSPF2/instance-out.sql,CZ15,SFm,2,rDXHP,Ex,dxHP_equip,,RE-dxHP_eq-pkgSEER-14.3-SEER2-7.5-HSPF2,SFm&2&rDXHP&Ex&dxHP_equip,RE-dxHP_eq-pkgSEER-14.3-SEER2-7.5-HSPF2,59.41,52943.87,154.08,137305.63,52943.869999999995,1824.08,16414.06,1774.64,457.71,16701.91,0.0,4454.31,0.0,0.0,0.0,0.0,11317.15,0.0,0.0,1824.08,16414.06,0.0,0.0,13440.28,3261.63,11317.15,38365.09,14578.78,0.0,0.0,53625283.73512751
SFm_1985/runs/CZ15/SFm&2&rDXHP&Ex&dxHP_equip/RE-dxHP_eq-pkgSEER-16.0-SEER2-8.0-HSPF2/instance-out.sql,CZ15,SFm,2,rDXHP,Ex,dxHP_equip,,RE-dxHP_eq-pkgSEER-16.0-SEER2-8.0-HSPF2,SFm&2&rDXHP&Ex&dxHP_equip,RE-dxHP_eq-pkgSEER-16.0-SEER2-8.0-HSPF2,54.01,48128.18,136.96,122054.04,48128.19,1772.25,14126.95,1774.64,457.71,16701.91,0.0,1977.41,0.0,0.0,0.0,0.0,11317.31,0.0,0.0,1772.25,14126.95,0.0,0.0,13440.28,3261.63,11317.31,33549.25,14578.94,0.0,0.0,43962336.41931124
SFm_1985/runs/CZ15/SFm&2&rDXHP&Ex&dxHP_equip/RE-dxHP_eq-pkgSEER-17.8-SEER2-8.1-HSPF2/instance-out.sql,CZ15,SFm,2,rDXHP,Ex,dxHP_equip,,RE-dxHP_eq-pkgSEER-17.8-SEER2-8.1-HSPF2,SFm&2&rDXHP&Ex&dxHP_equip,RE-dxHP_eq-pkgSEER-17.8-SEER2-8.1-HSPF2,53.25,47451.32,134.56,119910.42,47451.33,1763.92,13458.43,1774.64,457.71,16701.91,0.0,1977.41,0.0,0.0,0.0,0.0,11317.31,0.0,0.0,1763.92,13458.43,0.0,0.0,13440.28,3261.63,11317.31,32872.39,14578.94,0.0,0.0,42484950.852838494
SFm_1985/runs/CZ15/SFm&2&rDXHP&Ex&dxHP_equip/RE-dxHP_eq-pkgSEER-18.7-SEER2-8.5-HSPF2/instance-out.sql,CZ15,SFm,2,rDXHP,Ex,dxHP_equip,,RE-dxHP_eq-pkgSEER-18.7-SEER2-8.5-HSPF2,SFm&2&rDXHP&Ex&dxHP_equip,RE-dxHP_eq-pkgSEER-18.7-SEER2-8.5-HSPF2,52.95,47184.78,133.61,119066.28,47184.79,1739.4,13216.4,1774.64,457.71,16701.91,0.0,1977.41,0.0,0.0,0.0,0.0,11317.31,0.0,0.0,1739.4,13216.4,0.0,0.0,13440.28,3261.63,11317.31,32605.85,14578.94,0.0,0.0,41929229.92481236
SFm_1985/runs/CZ15/SFm&2&rDXHP&Ex&dxHP_equip/RE-dxHP_eq-pkgSEER-19.6-SEER2-8.9-HSPF2/instance-out.sql,CZ15,SFm,2,rDXHP,Ex,dxHP_equip,,RE-dxHP_eq-pkgSEER-19.6-SEER2-8.9-HSPF2,SFm&2&rDXHP&Ex&dxHP_equip,RE-dxHP_eq-pkgSEER-19.6-SEER2-8.9-HSPF2,52.7,46963.27,132.82,118364.76,46963.28,1719.5,13014.79,1774.64,457.71,16701.91,0.0,1977.41,0.0,0.0,0.0,0.0,11317.31,0.0,0.0,1719.5,13014.79,0.0,0.0,13440.28,3261.63,11317.31,32384.34,14578.94,0.0,0.0,41484122.54812699
SFm_1985/runs/CZ15/SFm&1&rDXHP&Ex&dxHP_equip/RE-dxHP_eq-pkgSEER-12.5-SEER2-6.4-HSPF2/instance-out.sql,CZ15,SFm,1,rDXHP,Ex,dxHP_equip,,RE-dxHP_eq-pkgSEER-12.5-SEER2-6.4-HSPF2,SFm&1&rDXHP&Ex&dxHP_equip,RE-dxHP_eq-pkgSEER-12.5-SEER2-6.4-HSPF2,42.67,32818.36,98.83,76011.36,32818.36,677.47,6783.81,1557.5,457.71,10338.53,0.0,1667.75,0.0,0.0,0.0,0.0,11335.58,0.0,0.0,677.47,6783.81,0.0,0.0,8268.27,2070.26,11335.58,19412.51,13405.85,0.0,0.67,27022361.858653314
SFm_1985/runs/CZ15/SFm&1&rDXHP&Ex&dxHP_equip/RE-dxHP_eq-pkgSEER-14.3-SEER2-7.5-HSPF2/instance-out.sql,CZ15,SFm,1,rDXHP,Ex,dxHP_equip,,RE-dxHP_eq-pkgSEER-14.3-SEER2-7.5-HSPF2,SFm&1&rDXHP&Ex&dxHP_equip,RE-dxHP_eq-pkgSEER-14.3-SEER2-7.5-HSPF2,41.9,32225.7,96.39,74134.41,32225.699999999997,631.62,6237.0,1557.5,457.71,10338.53,0.0,1667.75,0.0,0.0,0.0,0.0,11335.58,0.0,0.0,631.62,6237.0,0.0,0.0,8268.27,2070.26,11335.58,18819.85,13405.85,0.0,0.67,25616346.683529444
SFm_1985/runs/CZ15/SFm&1&rDXHP&Ex&dxHP_equip/RE-dxHP_eq-pkgSEER-17.8-SEER2-8.1-HSPF2/instance-out.sql,CZ15,SFm,1,rDXHP,Ex,dxHP_equip,,RE-dxHP_eq-pkgSEER-17.8-SEER2-8.1-HSPF2,SFm&1&rDXHP&Ex&dxHP_equip,RE-dxHP_eq-pkgSEER-17.8-SEER2-8.1-HSPF2,39.2,30151.66,87.85,67565.61,30151.66,606.72,5116.57,1557.5,457.71,10338.53,0.0,738.88,0.0,0.0,0.0,0.0,11335.74,0.0,0.0,606.72,5116.57,0.0,0.0,8268.27,2070.26,11335.74,16745.66,13406.0,0.0,0.0,20894033.88929899
SFm_1985/runs/CZ14/SFm&2&rDXHP&Ex&dxHP_equip/RE-dxHP_eq-pkgSEER-12.5-SEER2-6.4-HSPF2/instance-out.sql,CZ14,SFm,2,rDXHP,Ex,dxHP_equip,,RE-dxHP_eq-pkgSEER-12.5-SEER2-6.4-HSPF2,SFm&2&rDXHP&Ex&dxHP_equip,RE-dxHP_eq-pkgSEER-12.5-SEER2-6.4-HSPF2,53.41,47596.6,133.9,119325.63,47596.6,8067.54,5830.85,1774.64,457.71,16701.91,0.0,2945.01,0.0,0.0,0.0,0.0,11818.93,0.0,0.0,8067.54,5830.85,0.0,0.0,13440.28,3261.63,11818.93,32516.04,15080.56,0.0,0.0,27241347.939134184
SFm_1985/runs/CZ15/SFm&1&rDXHP&Ex&dxHP_equip/RE-dxHP_eq-pkgSEER-16.0-SEER2-8.0-HSPF2/instance-out.sql,CZ15,SFm,1,rDXHP,Ex,dxHP_equip,,RE-dxHP_eq-pkgSEER-16.0-SEER2-8.0-HSPF2,SFm&1&rDXHP&Ex&dxHP_equip,RE-dxHP_eq-pkgSEER-16.0-SEER2-8.0-HSPF2,39.54,30408.49,88.9,68378.97,30408.48,609.49,5370.63,1557.5,457.71,10338.53,0.0,738.88,0.0,0.0,0.0,0.0,11335.74,0.0,0.0,609.49,5370.63,0.0,0.0,8268.27,2070.26,11335.74,17002.48,13406.0,0.0,0.0,21546188.98495366
SFm_1985/runs/CZ14/SFm&2&rDXHP&Ex&dxHP_equip/RE-dxHP_eq-pkgSEER-14.3-SEER2-7.5-HSPF2/instance-out.sql,CZ14,SFm,2,rDXHP,Ex,dxHP_equip,,RE-dxHP_eq-pkgSEER-14.3-SEER2-7.5-HSPF2,SFm&2&rDXHP&Ex&dxHP_equip,RE-dxHP_eq-pkgSEER-14.3-SEER2-7.5-HSPF2,52.28,46588.29,130.32,116132.32,46588.29,7529.23,5360.85,1774.64,457.71,16701.91,0.0,2945.01,0.0,0.0,0.0,0.0,11818.93,0.0,0.0,7529.23,5360.85,0.0,0.0,13440.28,3261.63,11818.93,31507.73,15080.56,0.0,0.0,26060856.142106608
SFm_1985/runs/CZ15/SFm&1&rDXHP&Ex&dxHP_equip/RE-dxHP_eq-pkgSEER-18.7-SEER2-8.5-HSPF2/instance-out.sql,CZ15,SFm,1,rDXHP,Ex,dxHP_equip,,RE-dxHP_eq-pkgSEER-18.7-SEER2-8.5-HSPF2,SFm&1&rDXHP&Ex&dxHP_equip,RE-dxHP_eq-pkgSEER-18.7-SEER2-8.5-HSPF2,39.07,30051.21,87.43,67247.49,30051.21,598.57,5024.28,1557.5,457.71,10338.53,0.0,738.88,0.0,0.0,0.0,0.0,11335.74,0.0,0.0,598.57,5024.28,0.0,0.0,8268.27,2070.26,11335.74,16645.21,13406.0,0.0,0.0,20644150.45096738
SFm_1985/runs/CZ15/SFm&1&rDXHP&Ex&dxHP_equip/RE-dxHP_eq-pkgSEER-19.6-SEER2-8.9-HSPF2/instance-out.sql,CZ15,SFm,1,rDXHP,Ex,dxHP_equip,,RE-dxHP_eq-pkgSEER-19.6-SEER2-8.9-HSPF2,SFm&1&rDXHP&Ex&dxHP_equip,RE-dxHP_eq-pkgSEER-19.6-SEER2-8.9-HSPF2,38.96,29967.99,87.09,66983.91,29967.98,591.95,4947.67,1557.5,457.71,10338.53,0.0,738.88,0.0,0.0,0.0,0.0,11335.74,0.0,0.0,591.95,4947.67,0.0,0.0,8268.27,2070.26,11335.74,16561.98,13406.0,0.0,0.0,20447762.704385445
SFm_1985/runs/CZ14/SFm&2&rDXHP&Ex&dxHP_equip/RE-dxHP_eq-pkgSEER-16.0-SEER2-8.0-HSPF2/instance-out.sql,CZ14,SFm,2,rDXHP,Ex,dxHP_equip,,RE-dxHP_eq-pkgSEER-16.0-SEER2-8.0-HSPF2,SFm&2&rDXHP&Ex&dxHP_equip,RE-dxHP_eq-pkgSEER-16.0-SEER2-8.0-HSPF2,49.2,43845.6,120.57,107445.91,43845.600000000006,7123.22,4621.27,1774.64,457.71,16701.91,0.0,1347.77,0.0,0.0,0.0,0.0,11819.07,0.0,0.0,7123.22,4621.27,0.0,0.0,13440.28,3261.63,11819.07,28764.9,15080.7,0.0,0.0,22184339.95461194
SFm_1985/runs/CZ14/SFm&2&rDXHP&Ex&dxHP_equip/RE-dxHP_eq-pkgSEER-17.8-SEER2-8.1-HSPF2/instance-out.sql,CZ14,SFm,2,rDXHP,Ex,dxHP_equip,,RE-dxHP_eq-pkgSEER-17.8-SEER2-8.1-HSPF2,SFm&2&rDXHP&Ex&dxHP_equip,RE-dxHP_eq-pkgSEER-17.8-SEER2-8.1-HSPF2,48.92,43594.33,119.68,106650.13,43594.32,7091.0,4402.22,1774.64,457.71,16701.91,0.0,1347.77,0.0,0.0,0.0,0.0,11819.07,0.0,0.0,7091.0,4402.22,0.0,0.0,13440.28,3261.63,11819.07,28513.62,15080.7,0.0,0.0,21638994.598844185
SFm_1985/runs/CZ14/SFm&2&rDXHP&Ex&dxHP_equip/RE-dxHP_eq-pkgSEER-18.7-SEER2-8.5-HSPF2/instance-out.sql,CZ14,SFm,2,rDXHP,Ex,dxHP_equip,,RE-dxHP_eq-pkgSEER-18.7-SEER2-8.5-HSPF2,SFm&2&rDXHP&Ex&dxHP_equip,RE-dxHP_eq-pkgSEER-18.7-SEER2-8.5-HSPF2,48.73,43421.41,119.06,106102.5,43421.41,6996.2,4324.1,1774.64,457.71,16701.91,0.0,1347.77,0.0,0.0,0.0,0.0,11819.07,0.0,0.0,6996.2,4324.1,0.0,0.0,13440.28,3261.63,11819.07,28340.71,15080.7,0.0,0.0,21444602.67390786
SFm_1985/runs/CZ14/SFm&1&rDXHP&Ex&dxHP_equip/RE-dxHP_eq-pkgSEER-14.3-SEER2-7.5-HSPF2/instance-out.sql,CZ14,SFm,1,rDXHP,Ex,dxHP_equip,,RE-dxHP_eq-pkgSEER-14.3-SEER2-7.5-HSPF2,SFm&1&rDXHP&Ex&dxHP_equip,RE-dxHP_eq-pkgSEER-14.3-SEER2-7.5-HSPF2,38.92,29933.2,85.59,65830.31,29933.2,2934.38,1759.07,1557.5,457.71,10338.53,0.0,1049.35,0.0,0.0,0.0,0.0,11836.67,0.0,0.0,2934.38,1759.07,0.0,0.0,8268.27,2070.26,11836.67,16026.27,13906.93,0.0,0.0,12819869.86301619
SFm_1985/runs/CZ14/SFm&1&rDXHP&Ex&dxHP_equip/RE-dxHP_eq-pkgSEER-17.8-SEER2-8.1-HSPF2/instance-out.sql,CZ14,SFm,1,rDXHP,Ex,dxHP_equip,,RE-dxHP_eq-pkgSEER-17.8-SEER2-8.1-HSPF2,SFm&1&rDXHP&Ex&dxHP_equip,RE-dxHP_eq-pkgSEER-17.8-SEER2-8.1-HSPF2,37.5,28844.87,81.11,62383.76,28844.870000000003,2726.84,1446.59,1557.5,457.71,10338.53,0.0,481.12,0.0,0.0,0.0,0.0,11836.58,0.0,0.0,2726.84,1446.59,0.0,0.0,8268.27,2070.26,11836.58,14938.03,13906.84,0.0,0.0,11056273.689034205
SFm_1985/runs/CZ14/SFm&2&rDXHP&Ex&dxHP_equip/RE-dxHP_eq-pkgSEER-19.6-SEER2-8.9-HSPF2/instance-out.sql,CZ14,SFm,2,rDXHP,Ex,dxHP_equip,,RE-dxHP_eq-pkgSEER-19.6-SEER2-8.9-HSPF2,SFm&2&rDXHP&Ex&dxHP_equip,RE-dxHP_eq-pkgSEER-19.6-SEER2-8.9-HSPF2,48.57,43278.37,118.56,105649.5,43278.369999999995,6919.25,4258.02,1774.64,457.71,16701.91,0.0,1347.77,0.0,0.0,0.0,0.0,11819.07,0.0,0.0,6919.25,4258.02,0.0,0.0,13440.28,3261.63,11819.07,28197.67,15080.7,0.0,0.0,21280080.468878508
SFm_1985/runs/CZ14/SFm&1&rDXHP&Ex&dxHP_equip/RE-dxHP_eq-pkgSEER-12.5-SEER2-6.4-HSPF2/instance-out.sql,CZ14,SFm,1,rDXHP,Ex,dxHP_equip,,RE-dxHP_eq-pkgSEER-12.5-SEER2-6.4-HSPF2,SFm&1&rDXHP&Ex&dxHP_equip,RE-dxHP_eq-pkgSEER-12.5-SEER2-6.4-HSPF2,39.38,30287.33,87.05,66951.84,30287.33,3134.28,1913.29,1557.5,457.71,10338.53,0.0,1049.35,0.0,0.0,0.0,0.0,11836.67,0.0,0.0,3134.28,1913.29,0.0,0.0,8268.27,2070.26,11836.67,16380.4,13906.93,0.0,0.0,13285492.23606801
SFm_1985/runs/CZ14/SFm&1&rDXHP&Ex&dxHP_equip/RE-dxHP_eq-pkgSEER-16.0-SEER2-8.0-HSPF2/instance-out.sql,CZ14,SFm,1,rDXHP,Ex,dxHP_equip,,RE-dxHP_eq-pkgSEER-16.0-SEER2-8.0-HSPF2,SFm&1&rDXHP&Ex&dxHP_equip,RE-dxHP_eq-pkgSEER-16.0-SEER2-8.0-HSPF2,37.61,28928.8,81.46,62649.58,28928.809999999998,2738.8,1518.57,1557.5,457.71,10338.53,0.0,481.12,0.0,0.0,0.0,0.0,11836.58,0.0,0.0,2738.8,1518.57,0.0,0.0,8268.27,2070.26,11836.58,15021.97,13906.84,0.0,0.0,11270565.018805005
SFm_1985/runs/CZ13/SFm&2&rDXHP&Ex&dxHP_equip/RE-dxHP_eq-pkgSEER-12.5-SEER2-6.4-HSPF2/instance-out.sql,CZ13,SFm,2,rDXHP,Ex,dxHP_equip,,RE-dxHP_eq-pkgSEER-12.5-SEER2-6.4-HSPF2,SFm&2&rDXHP&Ex&dxHP_equip,RE-dxHP_eq-pkgSEER-12.5-SEER2-6.4-HSPF2,55.58,49532.71,140.95,125607.14,49532.7,5540.32,9848.83,1774.64,457.71,16701.91,0.0,3462.3,0.0,0.0,0.0,0.0,11746.98,0.0,0.0,5540.32,9848.83,0.0,0.0,13440.28,3261.63,11746.98,34524.09,15008.61,0.0,0.0,48032564.40555822
SFm_1985/runs/CZ14/SFm&1&rDXHP&Ex&dxHP_equip/RE-dxHP_eq-pkgSEER-18.7-SEER2-8.5-HSPF2/instance-out.sql,CZ14,SFm,1,rDXHP,Ex,dxHP_equip,,RE-dxHP_eq-pkgSEER-18.7-SEER2-8.5-HSPF2,SFm&1&rDXHP&Ex&dxHP_equip,RE-dxHP_eq-pkgSEER-18.7-SEER2-8.5-HSPF2,37.42,28784.02,80.86,62191.06,28784.02,2691.67,1420.91,1557.5,457.71,10338.53,0.0,481.12,0.0,0.0,0.0,0.0,11836.58,0.0,0.0,2691.67,1420.91,0.0,0.0,8268.27,2070.26,11836.58,14877.18,13906.84,0.0,0.0,10979888.140590936
SFm_1985/runs/CZ14/SFm&1&rDXHP&Ex&dxHP_equip/RE-dxHP_eq-pkgSEER-19.6-SEER2-8.9-HSPF2/instance-out.sql,CZ14,SFm,1,rDXHP,Ex,dxHP_equip,,RE-dxHP_eq-pkgSEER-19.6-SEER2-8.9-HSPF2,SFm&1&rDXHP&Ex&dxHP_equip,RE-dxHP_eq-pkgSEER-19.6-SEER2-8.9-HSPF2,37.36,28733.76,80.65,62031.86,28733.760000000002,2663.12,1399.2,1557.5,457.71,10338.53,0.0,481.12,0.0,0.0,0.0,0.0,11836.58,0.0,0.0,2663.12,1399.2,0.0,0.0,8268.27,2070.26,11836.58,14826.92,13906.84,0.0,0.0,10915239.782042194
SFm_1985/runs/CZ13/SFm&2&rDXHP&Ex&dxHP_equip/RE-dxHP_eq-pkgSEER-16.0-SEER2-8.0-HSPF2/instance-out.sql,CZ13,SFm,2,rDXHP,Ex,dxHP_equip,,RE-dxHP_eq-pkgSEER-16.0-SEER2-8.0-HSPF2,SFm&2&rDXHP&Ex&dxHP_equip,RE-dxHP_eq-pkgSEER-16.0-SEER2-8.0-HSPF2,50.49,44991.72,124.81,111226.36,44991.71,4947.34,7798.0,1774.64,457.71,16701.91,0.0,1565.38,0.0,0.0,0.0,0.0,11746.72,0.0,0.0,4947.34,7798.0,0.0,0.0,13440.28,3261.63,11746.72,29983.36,15008.35,0.0,0.17,37277065.849702835
SFm_1985/runs/CZ13/SFm&2&rDXHP&Ex&dxHP_equip/RE-dxHP_eq-pkgSEER-14.3-SEER2-7.5-HSPF2/instance-out.sql,CZ13,SFm,2,rDXHP,Ex,dxHP_equip,,RE-dxHP_eq-pkgSEER-14.3-SEER2-7.5-HSPF2,SFm&2&rDXHP&Ex&dxHP_equip,RE-dxHP_eq-pkgSEER-14.3-SEER2-7.5-HSPF2,54.27,48357.55,136.78,121885.42,48357.55,5159.02,9054.97,1774.64,457.71,16701.91,0.0,3462.3,0.0,0.0,0.0,0.0,11746.98,0.0,0.0,5159.02,9054.97,0.0,0.0,13440.28,3261.63,11746.98,33348.94,15008.61,0.0,0.0,45457080.020926684
SFm_1985/runs/CZ13/SFm&2&rDXHP&Ex&dxHP_equip/RE-dxHP_eq-pkgSEER-18.7-SEER2-8.5-HSPF2/instance-out.sql,CZ13,SFm,2,rDXHP,Ex,dxHP_equip,,RE-dxHP_eq-pkgSEER-18.7-SEER2-8.5-HSPF2,SFm&2&rDXHP&Ex&dxHP_equip,RE-dxHP_eq-pkgSEER-18.7-SEER2-8.5-HSPF2,49.82,44399.16,122.71,109349.74,44399.16,4857.37,7295.42,1774.64,457.71,16701.91,0.0,1565.38,0.0,0.0,0.0,0.0,11746.72,0.0,0.0,4857.37,7295.42,0.0,0.0,13440.28,3261.63,11746.72,29390.81,15008.35,0.0,0.17,35654195.05659816
SFm_1985/runs/CZ13/SFm&2&rDXHP&Ex&dxHP_equip/RE-dxHP_eq-pkgSEER-17.8-SEER2-8.1-HSPF2/instance-out.sql,CZ13,SFm,2,rDXHP,Ex,dxHP_equip,,RE-dxHP_eq-pkgSEER-17.8-SEER2-8.1-HSPF2,SFm&2&rDXHP&Ex&dxHP_equip,RE-dxHP_eq-pkgSEER-17.8-SEER2-8.1-HSPF2,50.05,44599.85,123.42,109985.33,44599.85,4924.52,7428.96,1774.64,457.71,16701.91,0.0,1565.38,0.0,0.0,0.0,0.0,11746.72,0.0,0.0,4924.52,7428.96,0.0,0.0,13440.28,3261.63,11746.72,29591.5,15008.35,0.0,0.17,36094111.05903906
SFm_1985/runs/CZ13/SFm&2&rDXHP&Ex&dxHP_equip/RE-dxHP_eq-pkgSEER-19.6-SEER2-8.9-HSPF2/instance-out.sql,CZ13,SFm,2,rDXHP,Ex,dxHP_equip,,RE-dxHP_eq-pkgSEER-19.6-SEER2-8.9-HSPF2,SFm&2&rDXHP&Ex&dxHP_equip,RE-dxHP_eq-pkgSEER-19.6-SEER2-8.9-HSPF2,49.64,44233.36,122.12,108824.65,44233.36,4802.87,7184.12,1774.64,457.71,16701.91,0.0,1565.38,0.0,0.0,0.0,0.0,11746.72,0.0,0.0,4802.87,7184.12,0.0,0.0,13440.28,3261.63,11746.72,29225.01,15008.35,0.0,0.17,35297690.23810714
SFm_1985/runs/CZ13/SFm&1&rDXHP&Ex&dxHP_equip/RE-dxHP_eq-pkgSEER-12.5-SEER2-6.4-HSPF2/instance-out.sql,CZ13,SFm,1,rDXHP,Ex,dxHP_equip,,RE-dxHP_eq-pkgSEER-12.5-SEER2-6.4-HSPF2,SFm&1&rDXHP&Ex&dxHP_equip,RE-dxHP_eq-pkgSEER-12.5-SEER2-6.4-HSPF2,39.91,30695.0,88.91,68380.81,30695.0,2034.14,3340.05,1557.5,457.71,10338.53,0.0,1196.59,0.0,0.0,0.0,0.0,11770.47,0.0,0.0,2034.14,3340.05,0.0,0.0,8268.27,2070.26,11770.47,16854.26,13840.74,0.0,0.0,21709078.942779444
SFm_1985/runs/CZ13/SFm&1&rDXHP&Ex&dxHP_equip/RE-dxHP_eq-pkgSEER-18.7-SEER2-8.5-HSPF2/instance-out.sql,CZ13,SFm,1,rDXHP,Ex,dxHP_equip,,RE-dxHP_eq-pkgSEER-18.7-SEER2-8.5-HSPF2,SFm&1&rDXHP&Ex&dxHP_equip,RE-dxHP_eq-pkgSEER-18.7-SEER2-8.5-HSPF2,37.59,28912.84,81.57,62736.8,28912.84,1776.89,2470.67,1557.5,457.71,10338.53,0.0,541.11,0.0,0.0,0.0,0.0,11770.43,0.0,0.0,1776.89,2470.67,0.0,0.0,8268.27,2070.26,11770.43,15072.15,13840.69,0.0,0.0,16845866.275958
SFm_1985/runs/CZ13/SFm&1&rDXHP&Ex&dxHP_equip/RE-dxHP_eq-pkgSEER-16.0-SEER2-8.0-HSPF2/instance-out.sql,CZ13,SFm,1,rDXHP,Ex,dxHP_equip,,RE-dxHP_eq-pkgSEER-16.0-SEER2-8.0-HSPF2,SFm&1&rDXHP&Ex&dxHP_equip,RE-dxHP_eq-pkgSEER-16.0-SEER2-8.0-HSPF2,37.85,29114.54,82.4,63375.6,29114.54,1808.28,2640.98,1557.5,457.71,10338.53,0.0,541.11,0.0,0.0,0.0,0.0,11770.43,0.0,0.0,1808.28,2640.98,0.0,0.0,8268.27,2070.26,11770.43,15273.85,13840.69,0.0,0.0,17503035.257048145
SFm_1985/runs/CZ13/SFm&1&rDXHP&Ex&dxHP_equip/RE-dxHP_eq-pkgSEER-17.8-SEER2-8.1-HSPF2/instance-out.sql,CZ13,SFm,1,rDXHP,Ex,dxHP_equip,,RE-dxHP_eq-pkgSEER-17.8-SEER2-8.1-HSPF2,SFm&1&rDXHP&Ex&dxHP_equip,RE-dxHP_eq-pkgSEER-17.8-SEER2-8.1-HSPF2,37.68,28981.65,81.85,62954.71,28981.65,1800.32,2516.04,1557.5,457.71,10338.53,0.0,541.11,0.0,0.0,0.0,0.0,11770.43,0.0,0.0,1800.32,2516.04,0.0,0.0,8268.27,2070.26,11770.43,15140.96,13840.69,0.0,0.0,17026497.987917252
SFm_1985/runs/CZ13/SFm&1&rDXHP&Ex&dxHP_equip/RE-dxHP_eq-pkgSEER-19.6-SEER2-8.9-HSPF2/instance-out.sql,CZ13,SFm,1,rDXHP,Ex,dxHP_equip,,RE-dxHP_eq-pkgSEER-19.6-SEER2-8.9-HSPF2,SFm&1&rDXHP&Ex&dxHP_equip,RE-dxHP_eq-pkgSEER-19.6-SEER2-8.9-HSPF2,37.52,28856.15,81.34,62557.25,28856.14,1757.87,2433.0,1557.5,457.71,10338.53,0.0,541.11,0.0,0.0,0.0,0.0,11770.43,0.0,0.0,1757.87,2433.0,0.0,0.0,8268.27,2070.26,11770.43,15015.45,13840.69,0.0,0.0,16702323.253859207
SFm_1985/runs/CZ13/SFm&1&rDXHP&Ex&dxHP_equip/RE-dxHP_eq-pkgSEER-14.3-SEER2-7.5-HSPF2/instance-out.sql,CZ13,SFm,1,rDXHP,Ex,dxHP_equip,,RE-dxHP_eq-pkgSEER-14.3-SEER2-7.5-HSPF2,SFm&1&rDXHP&Ex&dxHP_equip,RE-dxHP_eq-pkgSEER-14.3-SEER2-7.5-HSPF2,39.39,30292.88,87.25,67107.3,30292.89,1901.25,3070.83,1557.5,457.71,10338.53,0.0,1196.59,0.0,0.0,0.0,0.0,11770.47,0.0,0.0,1901.25,3070.83,0.0,0.0,8268.27,2070.26,11770.47,16452.15,13840.74,0.0,0.0,20677971.1596698
SFm_1985/runs/CZ12/SFm&2&rDXHP&Ex&dxHP_equip/RE-dxHP_eq-pkgSEER-12.5-SEER2-6.4-HSPF2/instance-out.sql,CZ12,SFm,2,rDXHP,Ex,dxHP_equip,,RE-dxHP_eq-pkgSEER-12.5-SEER2-6.4-HSPF2,SFm&2&rDXHP&Ex&dxHP_equip,RE-dxHP_eq-pkgSEER-12.5-SEER2-6.4-HSPF2,47.07,41943.78,113.52,101160.77,41943.77,5412.17,3682.05,1774.64,457.71,16701.91,0.0,1970.41,0.0,0.0,0.0,0.0,11944.88,0.0,0.0,5412.17,3682.05,0.0,0.0,13440.28,3261.63,11944.88,26737.26,15206.51,0.0,0.0,30483389.29433514
SFm_1985/runs/CZ12/SFm&2&rDXHP&Ex&dxHP_equip/RE-dxHP_eq-pkgSEER-14.3-SEER2-7.5-HSPF2/instance-out.sql,CZ12,SFm,2,rDXHP,Ex,dxHP_equip,,RE-dxHP_eq-pkgSEER-14.3-SEER2-7.5-HSPF2,SFm&2&rDXHP&Ex&dxHP_equip,RE-dxHP_eq-pkgSEER-14.3-SEER2-7.5-HSPF2,46.32,41276.05,111.15,99046.09,41276.05,5041.23,3385.26,1774.64,457.71,16701.91,0.0,1970.41,0.0,0.0,0.0,0.0,11944.88,0.0,0.0,5041.23,3385.26,0.0,0.0,13440.28,3261.63,11944.88,26069.54,15206.51,0.0,0.0,29090049.633845568
SFm_1985/runs/CZ12/SFm&2&rDXHP&Ex&dxHP_equip/RE-dxHP_eq-pkgSEER-18.7-SEER2-8.5-HSPF2/instance-out.sql,CZ12,SFm,2,rDXHP,Ex,dxHP_equip,,RE-dxHP_eq-pkgSEER-18.7-SEER2-8.5-HSPF2,SFm&2&rDXHP&Ex&dxHP_equip,RE-dxHP_eq-pkgSEER-18.7-SEER2-8.5-HSPF2,44.05,39252.62,103.95,92637.47,39252.63,4731.21,2734.79,1774.64,457.71,16701.91,0.0,907.26,0.0,0.0,0.0,0.0,11945.09,0.0,0.0,4731.21,2734.79,0.0,0.0,13440.28,3261.63,11945.09,24045.91,15206.72,0.0,0.0,23605907.717477106
SFm_1985/runs/CZ12/SFm&2&rDXHP&Ex&dxHP_equip/RE-dxHP_eq-pkgSEER-17.8-SEER2-8.1-HSPF2/instance-out.sql,CZ12,SFm,2,rDXHP,Ex,dxHP_equip,,RE-dxHP_eq-pkgSEER-17.8-SEER2-8.1-HSPF2,SFm&2&rDXHP&Ex&dxHP_equip,RE-dxHP_eq-pkgSEER-17.8-SEER2-8.1-HSPF2,44.18,39367.57,104.36,93001.51,39367.58,4796.41,2784.54,1774.64,457.71,16701.91,0.0,907.26,0.0,0.0,0.0,0.0,11945.09,0.0,0.0,4796.41,2784.54,0.0,0.0,13440.28,3261.63,11945.09,24160.86,15206.72,0.0,0.0,23837710.425491918
SFm_1985/runs/CZ12/SFm&1&rDXHP&Ex&dxHP_equip/RE-dxHP_eq-pkgSEER-14.3-SEER2-7.5-HSPF2/instance-out.sql,CZ12,SFm,1,rDXHP,Ex,dxHP_equip,,RE-dxHP_eq-pkgSEER-14.3-SEER2-7.5-HSPF2,SFm&1&rDXHP&Ex&dxHP_equip,RE-dxHP_eq-pkgSEER-14.3-SEER2-7.5-HSPF2,36.46,28042.51,77.46,59574.63,28042.5,1938.39,1091.75,1557.5,457.71,10338.53,0.0,693.37,0.0,0.0,0.0,0.0,11965.26,0.0,0.0,1938.39,1091.75,0.0,0.0,8268.27,2070.26,11965.26,14006.98,14035.52,0.0,0.0,14005139.91354834
SFm_1985/runs/CZ12/SFm&1&rDXHP&Ex&dxHP_equip/RE-dxHP_eq-pkgSEER-17.8-SEER2-8.1-HSPF2/instance-out.sql,CZ12,SFm,1,rDXHP,Ex,dxHP_equip,,RE-dxHP_eq-pkgSEER-17.8-SEER2-8.1-HSPF2,SFm&1&rDXHP&Ex&dxHP_equip,RE-dxHP_eq-pkgSEER-17.8-SEER2-8.1-HSPF2,35.56,27353.12,74.62,57392.08,27353.12,1820.6,894.5,1557.5,457.71,10338.53,0.0,319.38,0.0,0.0,0.0,0.0,11964.9,0.0,0.0,1820.6,894.5,0.0,0.0,8268.27,2070.26,11964.9,13317.96,14035.16,0.0,0.0,11921618.856081612
SFm_1985/runs/CZ12/SFm&2&rDXHP&Ex&dxHP_equip/RE-dxHP_eq-pkgSEER-19.6-SEER2-8.9-HSPF2/instance-out.sql,CZ12,SFm,2,rDXHP,Ex,dxHP_equip,,RE-dxHP_eq-pkgSEER-19.6-SEER2-8.9-HSPF2,SFm&2&rDXHP&Ex&dxHP_equip,RE-dxHP_eq-pkgSEER-19.6-SEER2-8.9-HSPF2,43.94,39157.94,103.62,92337.62,39157.95,4678.29,2693.04,1774.64,457.71,16701.91,0.0,907.26,0.0,0.0,0.0,0.0,11945.09,0.0,0.0,4678.29,2693.04,0.0,0.0,13440.28,3261.63,11945.09,23951.23,15206.72,0.0,0.0,23412645.81523113
SFm_1985/runs/CZ12/SFm&1&rDXHP&Ex&dxHP_equip/RE-dxHP_eq-pkgSEER-16.0-SEER2-8.0-HSPF2/instance-out.sql,CZ12,SFm,1,rDXHP,Ex,dxHP_equip,,RE-dxHP_eq-pkgSEER-16.0-SEER2-8.0-HSPF2,SFm&1&rDXHP&Ex&dxHP_equip,RE-dxHP_eq-pkgSEER-16.0-SEER2-8.0-HSPF2,35.63,27405.61,74.84,57558.31,27405.6,1828.62,938.97,1557.5,457.71,10338.53,0.0,319.38,0.0,0.0,0.0,0.0,11964.9,0.0,0.0,1828.62,938.97,0.0,0.0,8268.27,2070.26,11964.9,13370.44,14035.16,0.0,0.0,12173022.989580818
SFm_1985/runs/CZ12/SFm&1&rDXHP&Ex&dxHP_equip/RE-dxHP_eq-pkgSEER-12.5-SEER2-6.4-HSPF2/instance-out.sql,CZ12,SFm,1,rDXHP,Ex,dxHP_equip,,RE-dxHP_eq-pkgSEER-12.5-SEER2-6.4-HSPF2,SFm&1&rDXHP&Ex&dxHP_equip,RE-dxHP_eq-pkgSEER-12.5-SEER2-6.4-HSPF2,36.76,28272.57,78.4,60303.23,28272.56,2072.73,1187.46,1557.5,457.71,10338.53,0.0,693.37,0.0,0.0,0.0,0.0,11965.26,0.0,0.0,2072.73,1187.46,0.0,0.0,8268.27,2070.26,11965.26,14237.04,14035.52,0.0,0.0,14553923.919634689
SFm_1985/runs/CZ12/SFm&1&rDXHP&Ex&dxHP_equip/RE-dxHP_eq-pkgSEER-18.7-SEER2-8.5-HSPF2/instance-out.sql,CZ12,SFm,1,rDXHP,Ex,dxHP_equip,,RE-dxHP_eq-pkgSEER-18.7-SEER2-8.5-HSPF2,SFm&1&rDXHP&Ex&dxHP_equip,RE-dxHP_eq-pkgSEER-18.7-SEER2-8.5-HSPF2,35.51,27313.56,74.46,57266.81,27313.559999999998,1797.02,878.52,1557.5,457.71,10338.53,0.0,319.38,0.0,0.0,0.0,0.0,11964.9,0.0,0.0,1797.02,878.52,0.0,0.0,8268.27,2070.26,11964.9,13278.4,14035.16,0.0,0.0,11829653.102990104
SFm_1985/runs/CZ12/SFm&2&rDXHP&Ex&dxHP_equip/RE-dxHP_eq-pkgSEER-16.0-SEER2-8.0-HSPF2/instance-out.sql,CZ12,SFm,2,rDXHP,Ex,dxHP_equip,,RE-dxHP_eq-pkgSEER-16.0-SEER2-8.0-HSPF2,SFm&2&rDXHP&Ex&dxHP_equip,RE-dxHP_eq-pkgSEER-16.0-SEER2-8.0-HSPF2,44.36,39528.17,104.93,93510.11,39528.17,4818.57,2922.98,1774.64,457.71,16701.91,0.0,907.26,0.0,0.0,0.0,0.0,11945.09,0.0,0.0,4818.57,2922.98,0.0,0.0,13440.28,3261.63,11945.09,24321.45,15206.72,0.0,0.0,24478549.126437794
SFm_1985/runs/CZ11/SFm&2&rDXHP&Ex&dxHP_equip/RE-dxHP_eq-pkgSEER-14.3-SEER2-7.5-HSPF2/instance-out.sql,CZ11,SFm,2,rDXHP,Ex,dxHP_equip,,RE-dxHP_eq-pkgSEER-14.3-SEER2-7.5-HSPF2,SFm&2&rDXHP&Ex&dxHP_equip,RE-dxHP_eq-pkgSEER-14.3-SEER2-7.5-HSPF2,49.99,44546.72,123.04,109647.08,44546.71,4678.45,6446.34,1774.64,457.71,16701.91,0.0,2659.33,0.0,0.0,0.0,0.0,11828.32,0.0,0.0,4678.45,6446.34,0.0,0.0,13440.28,3261.63,11828.32,29456.76,15089.95,0.0,0.0,36074224.02527907
SFm_1985/runs/CZ12/SFm&1&rDXHP&Ex&dxHP_equip/RE-dxHP_eq-pkgSEER-19.6-SEER2-8.9-HSPF2/instance-out.sql,CZ12,SFm,1,rDXHP,Ex,dxHP_equip,,RE-dxHP_eq-pkgSEER-19.6-SEER2-8.9-HSPF2,SFm&1&rDXHP&Ex&dxHP_equip,RE-dxHP_eq-pkgSEER-19.6-SEER2-8.9-HSPF2,35.47,27281.01,74.32,57163.7,27281.0,1777.88,865.11,1557.5,457.71,10338.53,0.0,319.38,0.0,0.0,0.0,0.0,11964.9,0.0,0.0,1777.88,865.11,0.0,0.0,8268.27,2070.26,11964.9,13245.84,14035.16,0.0,0.0,11753856.615943003
SFm_1985/runs/CZ11/SFm&2&rDXHP&Ex&dxHP_equip/RE-dxHP_eq-pkgSEER-12.5-SEER2-6.4-HSPF2/instance-out.sql,CZ11,SFm,2,rDXHP,Ex,dxHP_equip,,RE-dxHP_eq-pkgSEER-12.5-SEER2-6.4-HSPF2,SFm&2&rDXHP&Ex&dxHP_equip,RE-dxHP_eq-pkgSEER-12.5-SEER2-6.4-HSPF2,51.0,45449.45,126.25,112506.05,45449.45,5016.03,7011.5,1774.64,457.71,16701.91,0.0,2659.33,0.0,0.0,0.0,0.0,11828.32,0.0,0.0,5016.03,7011.5,0.0,0.0,13440.28,3261.63,11828.32,30359.5,15089.95,0.0,0.0,37974757.5845985
SFm_1985/runs/CZ11/SFm&2&rDXHP&Ex&dxHP_equip/RE-dxHP_eq-pkgSEER-17.8-SEER2-8.1-HSPF2/instance-out.sql,CZ11,SFm,2,rDXHP,Ex,dxHP_equip,,RE-dxHP_eq-pkgSEER-17.8-SEER2-8.1-HSPF2,SFm&2&rDXHP&Ex&dxHP_equip,RE-dxHP_eq-pkgSEER-17.8-SEER2-8.1-HSPF2,46.85,41753.55,113.12,100801.46,41753.55,4491.89,5289.81,1774.64,457.71,16701.91,0.0,1209.42,0.0,0.0,0.0,0.0,11828.16,0.0,0.0,4491.89,5289.81,0.0,0.0,13440.28,3261.63,11828.16,26663.76,15089.79,0.0,0.0,29030314.19006879
SFm_1985/runs/CZ11/SFm&2&rDXHP&Ex&dxHP_equip/RE-dxHP_eq-pkgSEER-16.0-SEER2-8.0-HSPF2/instance-out.sql,CZ11,SFm,2,rDXHP,Ex,dxHP_equip,,RE-dxHP_eq-pkgSEER-16.0-SEER2-8.0-HSPF2,SFm&2&rDXHP&Ex&dxHP_equip,RE-dxHP_eq-pkgSEER-16.0-SEER2-8.0-HSPF2,47.17,42036.87,114.12,101698.73,42036.87,4512.19,5552.83,1774.64,457.71,16701.91,0.0,1209.42,0.0,0.0,0.0,0.0,11828.16,0.0,0.0,4512.19,5552.83,0.0,0.0,13440.28,3261.63,11828.16,26947.08,15089.79,0.0,0.0,29903417.173479408
SFm_1985/runs/CZ11/SFm&2&rDXHP&Ex&dxHP_equip/RE-dxHP_eq-pkgSEER-19.6-SEER2-8.9-HSPF2/instance-out.sql,CZ11,SFm,2,rDXHP,Ex,dxHP_equip,,RE-dxHP_eq-pkgSEER-19.6-SEER2-8.9-HSPF2,SFm&2&rDXHP&Ex&dxHP_equip,RE-dxHP_eq-pkgSEER-19.6-SEER2-8.9-HSPF2,46.54,41471.55,112.11,99908.37,41471.55,4383.66,5116.04,1774.64,457.71,16701.91,0.0,1209.42,0.0,0.0,0.0,0.0,11828.16,0.0,0.0,4383.66,5116.04,0.0,0.0,13440.28,3261.63,11828.16,26381.76,15089.79,0.0,0.0,28451257.335922297
SFm_1985/runs/CZ11/SFm&2&rDXHP&Ex&dxHP_equip/RE-dxHP_eq-pkgSEER-18.7-SEER2-8.5-HSPF2/instance-out.sql,CZ11,SFm,2,rDXHP,Ex,dxHP_equip,,RE-dxHP_eq-pkgSEER-18.7-SEER2-8.5-HSPF2,SFm&2&rDXHP&Ex&dxHP_equip,RE-dxHP_eq-pkgSEER-18.7-SEER2-8.5-HSPF2,46.68,41599.38,112.57,100313.19,41599.37,4432.15,5195.38,1774.64,457.71,16701.91,0.0,1209.42,0.0,0.0,0.0,0.0,11828.16,0.0,0.0,4432.15,5195.38,0.0,0.0,13440.28,3261.63,11828.16,26509.58,15089.79,0.0,0.0,28714566.10076078
SFm_1985/runs/CZ11/SFm&1&rDXHP&Ex&dxHP_equip/RE-dxHP_eq-pkgSEER-12.5-SEER2-6.4-HSPF2/instance-out.sql,CZ11,SFm,1,rDXHP,Ex,dxHP_equip,,RE-dxHP_eq-pkgSEER-12.5-SEER2-6.4-HSPF2,SFm&1&rDXHP&Ex&dxHP_equip,RE-dxHP_eq-pkgSEER-12.5-SEER2-6.4-HSPF2,38.42,29546.72,83.97,64582.8,29546.73,1947.46,2442.61,1557.5,457.71,10338.53,0.0,954.95,0.0,0.0,0.0,0.0,11847.96,0.0,0.0,1947.46,2442.61,0.0,0.0,8268.27,2070.26,11847.96,15628.5,13918.23,0.0,0.0,17790578.37693402
SFm_1985/runs/CZ11/SFm&1&rDXHP&Ex&dxHP_equip/RE-dxHP_eq-pkgSEER-17.8-SEER2-8.1-HSPF2/instance-out.sql,CZ11,SFm,1,rDXHP,Ex,dxHP_equip,,RE-dxHP_eq-pkgSEER-17.8-SEER2-8.1-HSPF2,SFm&1&rDXHP&Ex&dxHP_equip,RE-dxHP_eq-pkgSEER-17.8-SEER2-8.1-HSPF2,36.67,28205.29,78.45,60334.87,28205.29,1732.62,1837.13,1557.5,457.71,10338.53,0.0,434.02,0.0,0.0,0.0,0.0,11847.77,0.0,0.0,1732.62,1837.13,0.0,0.0,8268.27,2070.26,11847.77,14287.25,13918.04,0.0,0.0,14146600.878081039
SFm_1985/runs/CZ11/SFm&1&rDXHP&Ex&dxHP_equip/RE-dxHP_eq-pkgSEER-14.3-SEER2-7.5-HSPF2/instance-out.sql,CZ11,SFm,1,rDXHP,Ex,dxHP_equip,,RE-dxHP_eq-pkgSEER-14.3-SEER2-7.5-HSPF2,SFm&1&rDXHP&Ex&dxHP_equip,RE-dxHP_eq-pkgSEER-14.3-SEER2-7.5-HSPF2,38.0,29226.5,82.65,63568.65,29226.5,1824.12,2245.73,1557.5,457.71,10338.53,0.0,954.95,0.0,0.0,0.0,0.0,11847.96,0.0,0.0,1824.12,2245.73,0.0,0.0,8268.27,2070.26,11847.96,15308.27,13918.23,0.0,0.0,17022908.329262264
SFm_1985/runs/CZ11/SFm&1&rDXHP&Ex&dxHP_equip/RE-dxHP_eq-pkgSEER-16.0-SEER2-8.0-HSPF2/instance-out.sql,CZ11,SFm,1,rDXHP,Ex,dxHP_equip,,RE-dxHP_eq-pkgSEER-16.0-SEER2-8.0-HSPF2,SFm&1&rDXHP&Ex&dxHP_equip,RE-dxHP_eq-pkgSEER-16.0-SEER2-8.0-HSPF2,36.8,28304.01,78.85,60647.54,28304.02,1740.03,1928.44,1557.5,457.71,10338.53,0.0,434.02,0.0,0.0,0.0,0.0,11847.77,0.0,0.0,1740.03,1928.44,0.0,0.0,8268.27,2070.26,11847.77,14385.98,13918.04,0.0,0.0,14497252.7261234
SFm_1985/runs/CZ10/SFm&2&rDXHP&Ex&dxHP_equip/RE-dxHP_eq-pkgSEER-14.3-SEER2-7.5-HSPF2/instance-out.sql,CZ10,SFm,2,rDXHP,Ex,dxHP_equip,,RE-dxHP_eq-pkgSEER-14.3-SEER2-7.5-HSPF2,SFm&2&rDXHP&Ex&dxHP_equip,RE-dxHP_eq-pkgSEER-14.3-SEER2-7.5-HSPF2,42.97,38290.53,101.03,90035.92,38290.53,2063.73,4046.6,1774.64,457.71,16701.91,0.0,1514.67,0.0,0.0,0.0,0.0,11731.26,0.0,0.0,2063.73,4046.6,0.0,0.0,13440.28,3261.63,11731.26,23297.64,14992.89,0.0,0.0,29054251.025582924
SFm_1985/runs/CZ11/SFm&1&rDXHP&Ex&dxHP_equip/RE-dxHP_eq-pkgSEER-19.6-SEER2-8.9-HSPF2/instance-out.sql,CZ11,SFm,1,rDXHP,Ex,dxHP_equip,,RE-dxHP_eq-pkgSEER-19.6-SEER2-8.9-HSPF2,SFm&1&rDXHP&Ex&dxHP_equip,RE-dxHP_eq-pkgSEER-19.6-SEER2-8.9-HSPF2,36.54,28105.34,78.03,60018.34,28105.34,1693.1,1776.71,1557.5,457.71,10338.53,0.0,434.02,0.0,0.0,0.0,0.0,11847.77,0.0,0.0,1693.1,1776.71,0.0,0.0,8268.27,2070.26,11847.77,14187.3,13918.04,0.0,0.0,13912422.104161652
SFm_1985/runs/CZ10/SFm&2&rDXHP&Ex&dxHP_equip/RE-dxHP_eq-pkgSEER-12.5-SEER2-6.4-HSPF2/instance-out.sql,CZ10,SFm,2,rDXHP,Ex,dxHP_equip,,RE-dxHP_eq-pkgSEER-12.5-SEER2-6.4-HSPF2,SFm&2&rDXHP&Ex&dxHP_equip,RE-dxHP_eq-pkgSEER-12.5-SEER2-6.4-HSPF2,43.54,38798.7,102.84,91645.31,38798.71,2217.13,4401.37,1774.64,457.71,16701.91,0.0,1514.67,0.0,0.0,0.0,0.0,11731.26,0.0,0.0,2217.13,4401.37,0.0,0.0,13440.28,3261.63,11731.26,23805.82,14992.89,0.0,0.0,30462525.8728628
SFm_1985/runs/CZ11/SFm&1&rDXHP&Ex&dxHP_equip/RE-dxHP_eq-pkgSEER-18.7-SEER2-8.5-HSPF2/instance-out.sql,CZ11,SFm,1,rDXHP,Ex,dxHP_equip,,RE-dxHP_eq-pkgSEER-18.7-SEER2-8.5-HSPF2,SFm&1&rDXHP&Ex&dxHP_equip,RE-dxHP_eq-pkgSEER-18.7-SEER2-8.5-HSPF2,36.6,28150.59,78.22,60161.64,28150.59,1710.8,1804.25,1557.5,457.71,10338.53,0.0,434.02,0.0,0.0,0.0,0.0,11847.77,0.0,0.0,1710.8,1804.25,0.0,0.0,8268.27,2070.26,11847.77,14232.55,13918.04,0.0,0.0,14018137.097079054
SFm_1985/runs/CZ10/SFm&2&rDXHP&Ex&dxHP_equip/RE-dxHP_eq-pkgSEER-16.0-SEER2-8.0-HSPF2/instance-out.sql,CZ10,SFm,2,rDXHP,Ex,dxHP_equip,,RE-dxHP_eq-pkgSEER-16.0-SEER2-8.0-HSPF2,SFm&2&rDXHP&Ex&dxHP_equip,RE-dxHP_eq-pkgSEER-16.0-SEER2-8.0-HSPF2,41.39,36880.19,96.02,85569.04,36880.19,2001.02,3523.4,1774.64,457.71,16701.91,0.0,690.09,0.0,0.0,0.0,0.0,11731.42,0.0,0.0,2001.02,3523.4,0.0,0.0,13440.28,3261.63,11731.42,21887.14,14993.05,0.0,0.0,24576219.785840675
SFm_1985/runs/CZ10/SFm&2&rDXHP&Ex&dxHP_equip/RE-dxHP_eq-pkgSEER-19.6-SEER2-8.9-HSPF2/instance-out.sql,CZ10,SFm,2,rDXHP,Ex,dxHP_equip,,RE-dxHP_eq-pkgSEER-19.6-SEER2-8.9-HSPF2,SFm&2&rDXHP&Ex&dxHP_equip,RE-dxHP_eq-pkgSEER-19.6-SEER2-8.9-HSPF2,41.01,36544.37,94.83,84505.49,36544.369999999995,1942.24,3246.35,1774.64,457.71,16701.91,0.0,690.09,0.0,0.0,0.0,0.0,11731.42,0.0,0.0,1942.24,3246.35,0.0,0.0,13440.28,3261.63,11731.42,21551.32,14993.05,0.0,0.0,23495479.463391952
SFm_1985/runs/CZ10/SFm&2&rDXHP&Ex&dxHP_equip/RE-dxHP_eq-pkgSEER-17.8-SEER2-8.1-HSPF2/instance-out.sql,CZ10,SFm,2,rDXHP,Ex,dxHP_equip,,RE-dxHP_eq-pkgSEER-17.8-SEER2-8.1-HSPF2,SFm&2&rDXHP&Ex&dxHP_equip,RE-dxHP_eq-pkgSEER-17.8-SEER2-8.1-HSPF2,41.19,36703.94,95.4,85010.88,36703.95,1991.73,3356.43,1774.64,457.71,16701.91,0.0,690.09,0.0,0.0,0.0,0.0,11731.42,0.0,0.0,1991.73,3356.43,0.0,0.0,13440.28,3261.63,11731.42,21710.9,14993.05,0.0,0.0,23925800.636581495
SFm_1985/runs/CZ10/SFm&1&rDXHP&Ex&dxHP_equip/RE-dxHP_eq-pkgSEER-12.5-SEER2-6.4-HSPF2/instance-out.sql,CZ10,SFm,1,rDXHP,Ex,dxHP_equip,,RE-dxHP_eq-pkgSEER-12.5-SEER2-6.4-HSPF2,SFm&1&rDXHP&Ex&dxHP_equip,RE-dxHP_eq-pkgSEER-12.5-SEER2-6.4-HSPF2,34.88,26830.38,73.05,56181.9,26830.38,819.89,1407.57,1557.5,457.71,10338.53,0.0,498.07,0.0,0.0,0.0,0.0,11751.11,0.0,0.0,819.89,1407.57,0.0,0.0,8268.27,2070.26,11751.11,13009.01,13821.37,0.0,0.0,14375876.638732376
SFm_1985/runs/CZ10/SFm&2&rDXHP&Ex&dxHP_equip/RE-dxHP_eq-pkgSEER-18.7-SEER2-8.5-HSPF2/instance-out.sql,CZ10,SFm,2,rDXHP,Ex,dxHP_equip,,RE-dxHP_eq-pkgSEER-18.7-SEER2-8.5-HSPF2,SFm&2&rDXHP&Ex&dxHP_equip,RE-dxHP_eq-pkgSEER-18.7-SEER2-8.5-HSPF2,41.09,36616.91,95.09,84735.23,36616.91,1964.41,3296.72,1774.64,457.71,16701.91,0.0,690.09,0.0,0.0,0.0,0.0,11731.42,0.0,0.0,1964.41,3296.72,0.0,0.0,13440.28,3261.63,11731.42,21623.86,14993.05,0.0,0.0,23691653.600055657
SFm_1985/runs/CZ10/SFm&1&rDXHP&Ex&dxHP_equip/RE-dxHP_eq-pkgSEER-17.8-SEER2-8.1-HSPF2/instance-out.sql,CZ10,SFm,1,rDXHP,Ex,dxHP_equip,,RE-dxHP_eq-pkgSEER-17.8-SEER2-8.1-HSPF2,SFm&1&rDXHP&Ex&dxHP_equip,RE-dxHP_eq-pkgSEER-17.8-SEER2-8.1-HSPF2,33.98,26135.45,70.19,53981.62,26135.440000000002,733.81,1070.18,1557.5,457.71,10338.53,0.0,226.88,0.0,0.0,0.0,0.0,11750.83,0.0,0.0,733.81,1070.18,0.0,0.0,8268.27,2070.26,11750.83,12314.35,13821.09,0.0,0.0,11844734.44373899
SFm_1985/runs/CZ10/SFm&1&rDXHP&Ex&dxHP_equip/RE-dxHP_eq-pkgSEER-16.0-SEER2-8.0-HSPF2/instance-out.sql,CZ10,SFm,1,rDXHP,Ex,dxHP_equip,,RE-dxHP_eq-pkgSEER-16.0-SEER2-8.0-HSPF2,SFm&1&rDXHP&Ex&dxHP_equip,RE-dxHP_eq-pkgSEER-16.0-SEER2-8.0-HSPF2,34.05,26191.87,70.42,54160.32,26191.870000000003,737.0,1123.42,1557.5,457.71,10338.53,0.0,226.88,0.0,0.0,0.0,0.0,11750.83,0.0,0.0,737.0,1123.42,0.0,0.0,8268.27,2070.26,11750.83,12370.78,13821.09,0.0,0.0,12094991.808007736
SFm_1985/runs/CZ10/SFm&1&rDXHP&Ex&dxHP_equip/RE-dxHP_eq-pkgSEER-18.7-SEER2-8.5-HSPF2/instance-out.sql,CZ10,SFm,1,rDXHP,Ex,dxHP_equip,,RE-dxHP_eq-pkgSEER-18.7-SEER2-8.5-HSPF2,SFm&1&rDXHP&Ex&dxHP_equip,RE-dxHP_eq-pkgSEER-18.7-SEER2-8.5-HSPF2,33.94,26107.03,70.07,53891.64,26107.03,724.43,1051.15,1557.5,457.71,10338.53,0.0,226.88,0.0,0.0,0.0,0.0,11750.83,0.0,0.0,724.43,1051.15,0.0,0.0,8268.27,2070.26,11750.83,12285.94,13821.09,0.0,0.0,11753352.396851964
SFm_1985/runs/CZ10/SFm&1&rDXHP&Ex&dxHP_equip/RE-dxHP_eq-pkgSEER-14.3-SEER2-7.5-HSPF2/instance-out.sql,CZ10,SFm,1,rDXHP,Ex,dxHP_equip,,RE-dxHP_eq-pkgSEER-14.3-SEER2-7.5-HSPF2,SFm&1&rDXHP&Ex&dxHP_equip,RE-dxHP_eq-pkgSEER-14.3-SEER2-7.5-HSPF2,34.67,26664.24,72.36,55655.71,26664.230000000003,767.2,1294.12,1557.5,457.71,10338.53,0.0,498.07,0.0,0.0,0.0,0.0,11751.11,0.0,0.0,767.2,1294.12,0.0,0.0,8268.27,2070.26,11751.11,12842.86,13821.37,0.0,0.0,13832217.131906316
SFm_1975/runs/CZ09/SFm&2&rDXHP&Ex&dxHP_equip/RE-dxHP_eq-pkgSEER-17.8-SEER2-8.1-HSPF2/instance-out.sql,CZ09,SFm,2,rDXHP,Ex,dxHP_equip,,RE-dxHP_eq-pkgSEER-17.8-SEER2-8.1-HSPF2,SFm&2&rDXHP&Ex&dxHP_equip,RE-dxHP_eq-pkgSEER-17.8-SEER2-8.1-HSPF2,30.5,39536.44,72.28,93688.16,39536.44,3474.89,4227.17,1774.64,457.71,16701.91,0.0,1027.91,0.0,0.0,0.0,0.0,11872.19,0.0,0.0,3474.89,4227.17,0.0,0.0,13440.28,3261.63,11872.19,24402.62,15133.82,0.0,0.0,36924797.983820125
SFm_1975/runs/CZ09/SFm&2&rDXHP&Ex&dxHP_equip/RE-dxHP_eq-pkgSEER-12.5-SEER2-6.4-HSPF2/instance-out.sql,CZ09,SFm,2,rDXHP,Ex,dxHP_equip,,RE-dxHP_eq-pkgSEER-12.5-SEER2-6.4-HSPF2,SFm&2&rDXHP&Ex&dxHP_equip,RE-dxHP_eq-pkgSEER-12.5-SEER2-6.4-HSPF2,32.75,42456.99,79.41,102937.88,42456.990000000005,3860.22,5550.9,1774.64,457.71,16701.91,0.0,2239.57,0.0,0.0,0.0,0.0,11872.03,0.0,0.0,3860.22,5550.9,0.0,0.0,13440.28,3261.63,11872.03,27323.33,15133.66,0.0,0.0,49512733.41042745
SFm_1985/runs/CZ10/SFm&1&rDXHP&Ex&dxHP_equip/RE-dxHP_eq-pkgSEER-19.6-SEER2-8.9-HSPF2/instance-out.sql,CZ10,SFm,1,rDXHP,Ex,dxHP_equip,,RE-dxHP_eq-pkgSEER-19.6-SEER2-8.9-HSPF2,SFm&1&rDXHP&Ex&dxHP_equip,RE-dxHP_eq-pkgSEER-19.6-SEER2-8.9-HSPF2,33.91,26083.36,69.97,53816.66,26083.36,716.82,1035.09,1557.5,457.71,10338.53,0.0,226.88,0.0,0.0,0.0,0.0,11750.83,0.0,0.0,716.82,1035.09,0.0,0.0,8268.27,2070.26,11750.83,12262.27,13821.09,0.0,0.0,11677898.283944523
SFm_1975/runs/CZ09/SFm&2&rDXHP&Ex&dxHP_equip/RE-dxHP_eq-pkgSEER-16.0-SEER2-8.0-HSPF2/instance-out.sql,CZ09,SFm,2,rDXHP,Ex,dxHP_equip,,RE-dxHP_eq-pkgSEER-16.0-SEER2-8.0-HSPF2,SFm&2&rDXHP&Ex&dxHP_equip,RE-dxHP_eq-pkgSEER-16.0-SEER2-8.0-HSPF2,30.68,39763.17,72.83,94406.23,39763.18,3491.4,4437.4,1774.64,457.71,16701.91,0.0,1027.91,0.0,0.0,0.0,0.0,11872.19,0.0,0.0,3491.4,4437.4,0.0,0.0,13440.28,3261.63,11872.19,24629.36,15133.82,0.0,0.0,38143343.07037949
SFm_1975/runs/CZ09/SFm&2&rDXHP&Ex&dxHP_equip/RE-dxHP_eq-pkgSEER-19.6-SEER2-8.9-HSPF2/instance-out.sql,CZ09,SFm,2,rDXHP,Ex,dxHP_equip,,RE-dxHP_eq-pkgSEER-19.6-SEER2-8.9-HSPF2,SFm&2&rDXHP&Ex&dxHP_equip,RE-dxHP_eq-pkgSEER-19.6-SEER2-8.9-HSPF2,30.33,39309.67,71.72,92969.99,39309.67,3386.88,4088.42,1774.64,457.71,16701.91,0.0,1027.91,0.0,0.0,0.0,0.0,11872.19,0.0,0.0,3386.88,4088.42,0.0,0.0,13440.28,3261.63,11872.19,24175.85,15133.82,0.0,0.0,36108205.88507238
SFm_1975/runs/CZ09/SFm&2&rDXHP&Ex&dxHP_equip/RE-dxHP_eq-pkgSEER-14.3-SEER2-7.5-HSPF2/instance-out.sql,CZ09,SFm,2,rDXHP,Ex,dxHP_equip,,RE-dxHP_eq-pkgSEER-14.3-SEER2-7.5-HSPF2,SFm&2&rDXHP&Ex&dxHP_equip,RE-dxHP_eq-pkgSEER-14.3-SEER2-7.5-HSPF2,32.2,41737.2,77.65,100658.29,41737.2,3587.86,5103.47,1774.64,457.71,16701.91,0.0,2239.57,0.0,0.0,0.0,0.0,11872.03,0.0,0.0,3587.86,5103.47,0.0,0.0,13440.28,3261.63,11872.03,26603.54,15133.66,0.0,0.0,46845159.35139246
SFm_1975/runs/CZ09/SFm&1&rDXHP&Ex&dxHP_equip/RE-dxHP_eq-pkgSEER-12.5-SEER2-6.4-HSPF2/instance-out.sql,CZ09,SFm,1,rDXHP,Ex,dxHP_equip,,RE-dxHP_eq-pkgSEER-12.5-SEER2-6.4-HSPF2,SFm&1&rDXHP&Ex&dxHP_equip,RE-dxHP_eq-pkgSEER-12.5-SEER2-6.4-HSPF2,38.34,29485.0,83.65,64338.01,29485.0,1957.31,2298.11,1557.5,457.71,10338.53,0.0,1004.2,0.0,0.0,0.0,0.0,11871.64,0.0,0.0,1957.31,2298.11,0.0,0.0,8268.27,2070.26,11871.64,15543.1,13941.9,0.0,0.0,26369502.594549835
SFm_1975/runs/CZ09/SFm&2&rDXHP&Ex&dxHP_equip/RE-dxHP_eq-pkgSEER-18.7-SEER2-8.5-HSPF2/instance-out.sql,CZ09,SFm,2,rDXHP,Ex,dxHP_equip,,RE-dxHP_eq-pkgSEER-18.7-SEER2-8.5-HSPF2,SFm&2&rDXHP&Ex&dxHP_equip,RE-dxHP_eq-pkgSEER-18.7-SEER2-8.5-HSPF2,30.41,39412.52,71.97,93295.7,39412.520000000004,3426.32,4151.83,1774.64,457.71,16701.91,0.0,1027.91,0.0,0.0,0.0,0.0,11872.19,0.0,0.0,3426.32,4151.83,0.0,0.0,13440.28,3261.63,11872.19,24278.7,15133.82,0.0,0.0,36475515.84826853
SFm_1975/runs/CZ09/SFm&1&rDXHP&Ex&dxHP_equip/RE-dxHP_eq-pkgSEER-14.3-SEER2-7.5-HSPF2/instance-out.sql,CZ09,SFm,1,rDXHP,Ex,dxHP_equip,,RE-dxHP_eq-pkgSEER-14.3-SEER2-7.5-HSPF2,SFm&1&rDXHP&Ex&dxHP_equip,RE-dxHP_eq-pkgSEER-14.3-SEER2-7.5-HSPF2,37.92,29163.56,82.33,63320.02,29163.559999999998,1821.11,2112.87,1557.5,457.71,10338.53,0.0,1004.2,0.0,0.0,0.0,0.0,11871.64,0.0,0.0,1821.11,2112.87,0.0,0.0,8268.27,2070.26,11871.64,15221.66,13941.9,0.0,0.0,25032365.287149705
SFm_1975/runs/CZ09/SFm&1&rDXHP&Ex&dxHP_equip/RE-dxHP_eq-pkgSEER-17.8-SEER2-8.1-HSPF2/instance-out.sql,CZ09,SFm,1,rDXHP,Ex,dxHP_equip,,RE-dxHP_eq-pkgSEER-17.8-SEER2-8.1-HSPF2,SFm&1&rDXHP&Ex&dxHP_equip,RE-dxHP_eq-pkgSEER-17.8-SEER2-8.1-HSPF2,36.66,28198.24,78.35,60262.97,28198.239999999998,1758.6,1751.02,1557.5,457.71,10338.53,0.0,463.3,0.0,0.0,0.0,0.0,11871.57,0.0,0.0,1758.6,1751.02,0.0,0.0,8268.27,2070.26,11871.57,14256.4,13941.84,0.0,0.0,20108902.796004698
SFm_1975/runs/CZ09/SFm&1&rDXHP&Ex&dxHP_equip/RE-dxHP_eq-pkgSEER-16.0-SEER2-8.0-HSPF2/instance-out.sql,CZ09,SFm,1,rDXHP,Ex,dxHP_equip,,RE-dxHP_eq-pkgSEER-16.0-SEER2-8.0-HSPF2,SFm&1&rDXHP&Ex&dxHP_equip,RE-dxHP_eq-pkgSEER-16.0-SEER2-8.0-HSPF2,36.79,28293.58,78.75,60564.92,28293.58,1766.86,1838.11,1557.5,457.71,10338.53,0.0,463.3,0.0,0.0,0.0,0.0,11871.57,0.0,0.0,1766.86,1838.11,0.0,0.0,8268.27,2070.26,11871.57,14351.74,13941.84,0.0,0.0,20721162.95898258
SFm_1975/runs/CZ08/SFm&2&rDXHP&Ex&dxHP_equip/RE-dxHP_eq-pkgSEER-12.5-SEER2-6.4-HSPF2/instance-out.sql,CZ08,SFm,2,rDXHP,Ex,dxHP_equip,,RE-dxHP_eq-pkgSEER-12.5-SEER2-6.4-HSPF2,SFm&2&rDXHP&Ex&dxHP_equip,RE-dxHP_eq-pkgSEER-12.5-SEER2-6.4-HSPF2,30.27,39241.16,71.59,92793.64,39241.159999999996,2271.75,4759.79,1774.64,457.71,16701.91,0.0,1422.67,0.0,0.0,0.0,0.0,11852.68,0.0,0.0,2271.75,4759.79,0.0,0.0,13440.28,3261.63,11852.68,24126.85,15114.31,0.0,0.0,38899848.30502697
SFm_1975/runs/CZ09/SFm&1&rDXHP&Ex&dxHP_equip/RE-dxHP_eq-pkgSEER-18.7-SEER2-8.5-HSPF2/instance-out.sql,CZ09,SFm,1,rDXHP,Ex,dxHP_equip,,RE-dxHP_eq-pkgSEER-18.7-SEER2-8.5-HSPF2,SFm&1&rDXHP&Ex&dxHP_equip,RE-dxHP_eq-pkgSEER-18.7-SEER2-8.5-HSPF2,36.59,28142.74,78.12,60087.22,28142.75,1734.3,1719.83,1557.5,457.71,10338.53,0.0,463.3,0.0,0.0,0.0,0.0,11871.57,0.0,0.0,1734.3,1719.83,0.0,0.0,8268.27,2070.26,11871.57,14200.91,13941.84,0.0,0.0,19881400.450121913
SFm_1975/runs/CZ08/SFm&2&rDXHP&Ex&dxHP_equip/RE-dxHP_eq-pkgSEER-16.0-SEER2-8.0-HSPF2/instance-out.sql,CZ08,SFm,2,rDXHP,Ex,dxHP_equip,,RE-dxHP_eq-pkgSEER-16.0-SEER2-8.0-HSPF2,SFm&2&rDXHP&Ex&dxHP_equip,RE-dxHP_eq-pkgSEER-16.0-SEER2-8.0-HSPF2,28.83,37367.36,67.01,86860.02,37367.369999999995,2053.29,3872.74,1774.64,457.71,16701.91,0.0,654.72,0.0,0.0,0.0,0.0,11852.34,0.0,0.0,2053.29,3872.74,0.0,0.0,13440.28,3261.63,11852.34,22253.39,15113.98,0.0,0.0,31057297.159056805
SFm_1975/runs/CZ08/SFm&2&rDXHP&Ex&dxHP_equip/RE-dxHP_eq-pkgSEER-14.3-SEER2-7.5-HSPF2/instance-out.sql,CZ08,SFm,2,rDXHP,Ex,dxHP_equip,,RE-dxHP_eq-pkgSEER-14.3-SEER2-7.5-HSPF2,SFm&2&rDXHP&Ex&dxHP_equip,RE-dxHP_eq-pkgSEER-14.3-SEER2-7.5-HSPF2,29.85,38697.91,70.26,91073.19,38697.92,2112.17,4376.13,1774.64,457.71,16701.91,0.0,1422.67,0.0,0.0,0.0,0.0,11852.68,0.0,0.0,2112.17,4376.13,0.0,0.0,13440.28,3261.63,11852.68,23583.61,15114.31,0.0,0.0,36892226.69932276
SFm_1975/runs/CZ09/SFm&1&rDXHP&Ex&dxHP_equip/RE-dxHP_eq-pkgSEER-19.6-SEER2-8.9-HSPF2/instance-out.sql,CZ09,SFm,1,rDXHP,Ex,dxHP_equip,,RE-dxHP_eq-pkgSEER-19.6-SEER2-8.9-HSPF2,SFm&1&rDXHP&Ex&dxHP_equip,RE-dxHP_eq-pkgSEER-19.6-SEER2-8.9-HSPF2,36.53,28096.75,77.93,59941.56,28096.75,1714.58,1693.56,1557.5,457.71,10338.53,0.0,463.3,0.0,0.0,0.0,0.0,11871.57,0.0,0.0,1714.58,1693.56,0.0,0.0,8268.27,2070.26,11871.57,14154.91,13941.84,0.0,0.0,19696880.99698058
SFm_1975/runs/CZ08/SFm&2&rDXHP&Ex&dxHP_equip/RE-dxHP_eq-pkgSEER-17.8-SEER2-8.1-HSPF2/instance-out.sql,CZ08,SFm,2,rDXHP,Ex,dxHP_equip,,RE-dxHP_eq-pkgSEER-17.8-SEER2-8.1-HSPF2,SFm&2&rDXHP&Ex&dxHP_equip,RE-dxHP_eq-pkgSEER-17.8-SEER2-8.1-HSPF2,28.68,37174.19,66.54,86248.25,37174.19,2043.64,3689.22,1774.64,457.71,16701.91,0.0,654.72,0.0,0.0,0.0,0.0,11852.34,0.0,0.0,2043.64,3689.22,0.0,0.0,13440.28,3261.63,11852.34,22060.21,15113.98,0.0,0.0,30122025.017457575
SFm_1975/runs/CZ08/SFm&2&rDXHP&Ex&dxHP_equip/RE-dxHP_eq-pkgSEER-18.7-SEER2-8.5-HSPF2/instance-out.sql,CZ08,SFm,2,rDXHP,Ex,dxHP_equip,,RE-dxHP_eq-pkgSEER-18.7-SEER2-8.5-HSPF2,SFm&2&rDXHP&Ex&dxHP_equip,RE-dxHP_eq-pkgSEER-18.7-SEER2-8.5-HSPF2,28.61,37080.16,66.31,85950.45,37080.16,2015.23,3623.59,1774.64,457.71,16701.91,0.0,654.72,0.0,0.0,0.0,0.0,11852.34,0.0,0.0,2015.23,3623.59,0.0,0.0,13440.28,3261.63,11852.34,21966.18,15113.98,0.0,0.0,29785220.27825298
SFm_1975/runs/CZ08/SFm&1&rDXHP&Ex&dxHP_equip/RE-dxHP_eq-pkgSEER-12.5-SEER2-6.4-HSPF2/instance-out.sql,CZ08,SFm,1,rDXHP,Ex,dxHP_equip,,RE-dxHP_eq-pkgSEER-12.5-SEER2-6.4-HSPF2,SFm&1&rDXHP&Ex&dxHP_equip,RE-dxHP_eq-pkgSEER-12.5-SEER2-6.4-HSPF2,36.27,27893.61,77.14,59332.01,27893.620000000003,1188.99,1882.75,1557.5,457.71,10338.53,0.0,612.77,0.0,0.0,0.0,0.0,11855.35,0.0,0.0,1188.99,1882.75,0.0,0.0,8268.27,2070.26,11855.35,13968.0,13925.62,0.0,0.0,20824114.172802113
SFm_1975/runs/CZ08/SFm&1&rDXHP&Ex&dxHP_equip/RE-dxHP_eq-pkgSEER-18.7-SEER2-8.5-HSPF2/instance-out.sql,CZ08,SFm,1,rDXHP,Ex,dxHP_equip,,RE-dxHP_eq-pkgSEER-18.7-SEER2-8.5-HSPF2,SFm&1&rDXHP&Ex&dxHP_equip,RE-dxHP_eq-pkgSEER-18.7-SEER2-8.5-HSPF2,35.08,26979.26,73.38,56436.32,26979.260000000002,1053.18,1433.63,1557.5,457.71,10338.53,0.0,283.39,0.0,0.0,0.0,0.0,11855.33,0.0,0.0,1053.18,1433.63,0.0,0.0,8268.27,2070.26,11855.33,13053.67,13925.59,0.0,0.0,16308783.1272689
SFm_1975/runs/CZ08/SFm&2&rDXHP&Ex&dxHP_equip/RE-dxHP_eq-pkgSEER-19.6-SEER2-8.9-HSPF2/instance-out.sql,CZ08,SFm,2,rDXHP,Ex,dxHP_equip,,RE-dxHP_eq-pkgSEER-19.6-SEER2-8.9-HSPF2,SFm&2&rDXHP&Ex&dxHP_equip,RE-dxHP_eq-pkgSEER-19.6-SEER2-8.9-HSPF2,28.55,37001.74,66.12,85702.11,37001.75,1992.18,3568.23,1774.64,457.71,16701.91,0.0,654.72,0.0,0.0,0.0,0.0,11852.34,0.0,0.0,1992.18,3568.23,0.0,0.0,13440.28,3261.63,11852.34,21887.77,15113.98,0.0,0.0,29503133.401397616
SFm_1975/runs/CZ08/SFm&1&rDXHP&Ex&dxHP_equip/RE-dxHP_eq-pkgSEER-17.8-SEER2-8.1-HSPF2/instance-out.sql,CZ08,SFm,1,rDXHP,Ex,dxHP_equip,,RE-dxHP_eq-pkgSEER-17.8-SEER2-8.1-HSPF2,SFm&1&rDXHP&Ex&dxHP_equip,RE-dxHP_eq-pkgSEER-17.8-SEER2-8.1-HSPF2,35.13,27019.71,73.54,56564.41,27019.71,1067.7,1459.56,1557.5,457.71,10338.53,0.0,283.39,0.0,0.0,0.0,0.0,11855.33,0.0,0.0,1067.7,1459.56,0.0,0.0,8268.27,2070.26,11855.33,13094.12,13925.59,0.0,0.0,16474993.403537832
SFm_1975/runs/CZ08/SFm&1&rDXHP&Ex&dxHP_equip/RE-dxHP_eq-pkgSEER-14.3-SEER2-7.5-HSPF2/instance-out.sql,CZ08,SFm,1,rDXHP,Ex,dxHP_equip,,RE-dxHP_eq-pkgSEER-14.3-SEER2-7.5-HSPF2,SFm&1&rDXHP&Ex&dxHP_equip,RE-dxHP_eq-pkgSEER-14.3-SEER2-7.5-HSPF2,35.96,27660.24,76.18,58592.92,27660.24,1107.38,1730.99,1557.5,457.71,10338.53,0.0,612.77,0.0,0.0,0.0,0.0,11855.35,0.0,0.0,1107.38,1730.99,0.0,0.0,8268.27,2070.26,11855.35,13734.62,13925.62,0.0,0.0,19833638.134539444
SFm_1975/runs/CZ08/SFm&1&rDXHP&Ex&dxHP_equip/RE-dxHP_eq-pkgSEER-19.6-SEER2-8.9-HSPF2/instance-out.sql,CZ08,SFm,1,rDXHP,Ex,dxHP_equip,,RE-dxHP_eq-pkgSEER-19.6-SEER2-8.9-HSPF2,SFm&1&rDXHP&Ex&dxHP_equip,RE-dxHP_eq-pkgSEER-19.6-SEER2-8.9-HSPF2,35.03,26945.57,73.24,56329.61,26945.57,1041.39,1411.73,1557.5,457.71,10338.53,0.0,283.39,0.0,0.0,0.0,0.0,11855.33,0.0,0.0,1041.39,1411.73,0.0,0.0,8268.27,2070.26,11855.33,13019.98,13925.59,0.0,0.0,16169922.550397763
SFm_1975/runs/CZ08/SFm&1&rDXHP&Ex&dxHP_equip/RE-dxHP_eq-pkgSEER-16.0-SEER2-8.0-HSPF2/instance-out.sql,CZ08,SFm,1,rDXHP,Ex,dxHP_equip,,RE-dxHP_eq-pkgSEER-16.0-SEER2-8.0-HSPF2,SFm&1&rDXHP&Ex&dxHP_equip,RE-dxHP_eq-pkgSEER-16.0-SEER2-8.0-HSPF2,35.23,27097.26,73.86,56810.02,27097.260000000002,1072.63,1532.18,1557.5,457.71,10338.53,0.0,283.39,0.0,0.0,0.0,0.0,11855.33,0.0,0.0,1072.63,1532.18,0.0,0.0,8268.27,2070.26,11855.33,13171.67,13925.59,0.0,0.0,16935419.590961806
SFm_1975/runs/CZ07/SFm&2&rDXHP&Ex&dxHP_equip/RE-dxHP_eq-pkgSEER-12.5-SEER2-6.4-HSPF2/instance-out.sql,CZ07,SFm,2,rDXHP,Ex,dxHP_equip,,RE-dxHP_eq-pkgSEER-12.5-SEER2-6.4-HSPF2,SFm&2&rDXHP&Ex&dxHP_equip,RE-dxHP_eq-pkgSEER-12.5-SEER2-6.4-HSPF2,27.21,35270.03,61.78,80081.11,35270.03,2190.33,1502.22,1774.64,457.71,16701.91,0.0,725.26,0.0,0.0,0.0,0.0,11917.95,0.0,0.0,2190.33,1502.22,0.0,0.0,13440.28,3261.63,11917.95,20090.45,15179.58,0.0,0.0,22462817.743185923
SFm_1975/runs/CZ07/SFm&2&rDXHP&Ex&dxHP_equip/RE-dxHP_eq-pkgSEER-16.0-SEER2-8.0-HSPF2/instance-out.sql,CZ07,SFm,2,rDXHP,Ex,dxHP_equip,,RE-dxHP_eq-pkgSEER-16.0-SEER2-8.0-HSPF2,SFm&2&rDXHP&Ex&dxHP_equip,RE-dxHP_eq-pkgSEER-16.0-SEER2-8.0-HSPF2,26.53,34385.67,59.62,77280.79,34385.66,1968.81,1225.35,1774.64,457.71,16701.91,0.0,339.51,0.0,0.0,0.0,0.0,11917.73,0.0,0.0,1968.81,1225.35,0.0,0.0,13440.28,3261.63,11917.73,19206.3,15179.36,0.0,0.0,19067461.260504946
SFm_1975/runs/CZ07/SFm&2&rDXHP&Ex&dxHP_equip/RE-dxHP_eq-pkgSEER-18.7-SEER2-8.5-HSPF2/instance-out.sql,CZ07,SFm,2,rDXHP,Ex,dxHP_equip,,RE-dxHP_eq-pkgSEER-18.7-SEER2-8.5-HSPF2,SFm&2&rDXHP&Ex&dxHP_equip,RE-dxHP_eq-pkgSEER-18.7-SEER2-8.5-HSPF2,26.44,34269.45,59.34,76912.74,34269.45,1931.46,1146.48,1774.64,457.71,16701.91,0.0,339.51,0.0,0.0,0.0,0.0,11917.73,0.0,0.0,1931.46,1146.48,0.0,0.0,13440.28,3261.63,11917.73,19090.09,15179.36,0.0,0.0,18502590.631064046
SFm_1975/runs/CZ07/SFm&2&rDXHP&Ex&dxHP_equip/RE-dxHP_eq-pkgSEER-14.3-SEER2-7.5-HSPF2/instance-out.sql,CZ07,SFm,2,rDXHP,Ex,dxHP_equip,,RE-dxHP_eq-pkgSEER-14.3-SEER2-7.5-HSPF2,SFm&2&rDXHP&Ex&dxHP_equip,RE-dxHP_eq-pkgSEER-14.3-SEER2-7.5-HSPF2,26.99,34991.68,61.1,79199.6,34991.69,2033.08,1381.13,1774.64,457.71,16701.91,0.0,725.26,0.0,0.0,0.0,0.0,11917.95,0.0,0.0,2033.08,1381.13,0.0,0.0,13440.28,3261.63,11917.95,19812.11,15179.58,0.0,0.0,21590630.601993755
SFm_1975/runs/CZ07/SFm&2&rDXHP&Ex&dxHP_equip/RE-dxHP_eq-pkgSEER-17.8-SEER2-8.1-HSPF2/instance-out.sql,CZ07,SFm,2,rDXHP,Ex,dxHP_equip,,RE-dxHP_eq-pkgSEER-17.8-SEER2-8.1-HSPF2,SFm&2&rDXHP&Ex&dxHP_equip,RE-dxHP_eq-pkgSEER-17.8-SEER2-8.1-HSPF2,26.48,34318.15,59.45,77066.97,34318.15,1959.33,1167.3,1774.64,457.71,16701.91,0.0,339.51,0.0,0.0,0.0,0.0,11917.73,0.0,0.0,1959.33,1167.3,0.0,0.0,13440.28,3261.63,11917.73,19138.79,15179.36,0.0,0.0,18651483.513880562
SFm_1975/runs/CZ07/SFm&2&rDXHP&Ex&dxHP_equip/RE-dxHP_eq-pkgSEER-19.6-SEER2-8.9-HSPF2/instance-out.sql,CZ07,SFm,2,rDXHP,Ex,dxHP_equip,,RE-dxHP_eq-pkgSEER-19.6-SEER2-8.9-HSPF2,SFm&2&rDXHP&Ex&dxHP_equip,RE-dxHP_eq-pkgSEER-19.6-SEER2-8.9-HSPF2,26.41,34229.32,59.24,76785.64,34229.32,1908.84,1128.97,1774.64,457.71,16701.91,0.0,339.51,0.0,0.0,0.0,0.0,11917.73,0.0,0.0,1908.84,1128.97,0.0,0.0,13440.28,3261.63,11917.73,19049.96,15179.36,0.0,0.0,18377109.23283323
SFm_1975/runs/CZ07/SFm&1&rDXHP&Ex&dxHP_equip/RE-dxHP_eq-pkgSEER-12.5-SEER2-6.4-HSPF2/instance-out.sql,CZ07,SFm,1,rDXHP,Ex,dxHP_equip,,RE-dxHP_eq-pkgSEER-12.5-SEER2-6.4-HSPF2,SFm&1&rDXHP&Ex&dxHP_equip,RE-dxHP_eq-pkgSEER-12.5-SEER2-6.4-HSPF2,34.26,26347.66,70.58,54287.73,26347.67,1090.03,638.79,1557.5,457.71,10338.53,0.0,338.57,0.0,0.0,0.0,0.0,11926.53,0.0,0.0,1090.03,638.79,0.0,0.0,8268.27,2070.26,11926.53,12350.87,13996.8,0.0,0.0,12161088.189671371
SFm_1975/runs/CZ07/SFm&1&rDXHP&Ex&dxHP_equip/RE-dxHP_eq-pkgSEER-18.7-SEER2-8.5-HSPF2/instance-out.sql,CZ07,SFm,1,rDXHP,Ex,dxHP_equip,,RE-dxHP_eq-pkgSEER-18.7-SEER2-8.5-HSPF2,SFm&1&rDXHP&Ex&dxHP_equip,RE-dxHP_eq-pkgSEER-18.7-SEER2-8.5-HSPF2,33.66,25888.29,68.69,52832.64,25888.29,960.57,488.39,1557.5,457.71,10338.53,0.0,158.93,0.0,0.0,0.0,0.0,11926.65,0.0,0.0,960.57,488.39,0.0,0.0,8268.27,2070.26,11926.65,11891.38,13996.91,0.0,0.0,10374727.218149843
SFm_1975/runs/CZ07/SFm&1&rDXHP&Ex&dxHP_equip/RE-dxHP_eq-pkgSEER-14.3-SEER2-7.5-HSPF2/instance-out.sql,CZ07,SFm,1,rDXHP,Ex,dxHP_equip,,RE-dxHP_eq-pkgSEER-14.3-SEER2-7.5-HSPF2,SFm&1&rDXHP&Ex&dxHP_equip,RE-dxHP_eq-pkgSEER-14.3-SEER2-7.5-HSPF2,34.09,26218.48,70.05,53878.59,26218.48,1012.33,587.3,1557.5,457.71,10338.53,0.0,338.57,0.0,0.0,0.0,0.0,11926.53,0.0,0.0,1012.33,587.3,0.0,0.0,8268.27,2070.26,11926.53,12221.68,13996.8,0.0,0.0,11766844.886397231
SFm_1975/runs/CZ07/SFm&1&rDXHP&Ex&dxHP_equip/RE-dxHP_eq-pkgSEER-17.8-SEER2-8.1-HSPF2/instance-out.sql,CZ07,SFm,1,rDXHP,Ex,dxHP_equip,,RE-dxHP_eq-pkgSEER-17.8-SEER2-8.1-HSPF2,SFm&1&rDXHP&Ex&dxHP_equip,RE-dxHP_eq-pkgSEER-17.8-SEER2-8.1-HSPF2,33.69,25910.91,68.79,52904.29,25910.91,974.35,497.25,1557.5,457.71,10338.53,0.0,158.93,0.0,0.0,0.0,0.0,11926.65,0.0,0.0,974.35,497.25,0.0,0.0,8268.27,2070.26,11926.65,11914.0,13996.91,0.0,0.0,10442060.253351059
SFm_1975/runs/CZ06/SFm&2&rDXHP&Ex&dxHP_equip/RE-dxHP_eq-pkgSEER-12.5-SEER2-6.4-HSPF2/instance-out.sql,CZ06,SFm,2,rDXHP,Ex,dxHP_equip,,RE-dxHP_eq-pkgSEER-12.5-SEER2-6.4-HSPF2,SFm&2&rDXHP&Ex&dxHP_equip,RE-dxHP_eq-pkgSEER-12.5-SEER2-6.4-HSPF2,28.36,36767.46,65.4,84769.16,36767.46,2511.0,2222.77,1774.64,457.71,16701.91,0.0,1155.39,0.0,0.0,0.0,0.0,11944.02,0.0,0.0,2511.0,2222.77,0.0,0.0,13440.28,3261.63,11944.02,21561.81,15205.65,0.0,0.0,20788102.47205359
SFm_1975/runs/CZ07/SFm&1&rDXHP&Ex&dxHP_equip/RE-dxHP_eq-pkgSEER-16.0-SEER2-8.0-HSPF2/instance-out.sql,CZ07,SFm,1,rDXHP,Ex,dxHP_equip,,RE-dxHP_eq-pkgSEER-16.0-SEER2-8.0-HSPF2,SFm&1&rDXHP&Ex&dxHP_equip,RE-dxHP_eq-pkgSEER-16.0-SEER2-8.0-HSPF2,33.73,25940.32,68.91,52997.44,25940.32,979.03,521.98,1557.5,457.71,10338.53,0.0,158.93,0.0,0.0,0.0,0.0,11926.65,0.0,0.0,979.03,521.98,0.0,0.0,8268.27,2070.26,11926.65,11943.41,13996.91,0.0,0.0,10630333.543761969
SFm_1975/runs/CZ07/SFm&1&rDXHP&Ex&dxHP_equip/RE-dxHP_eq-pkgSEER-19.6-SEER2-8.9-HSPF2/instance-out.sql,CZ07,SFm,1,rDXHP,Ex,dxHP_equip,,RE-dxHP_eq-pkgSEER-19.6-SEER2-8.9-HSPF2,SFm&1&rDXHP&Ex&dxHP_equip,RE-dxHP_eq-pkgSEER-19.6-SEER2-8.9-HSPF2,33.64,25869.65,68.62,52773.61,25869.65,949.39,480.93,1557.5,457.71,10338.53,0.0,158.93,0.0,0.0,0.0,0.0,11926.65,0.0,0.0,949.39,480.93,0.0,0.0,8268.27,2070.26,11926.65,11872.74,13996.91,0.0,0.0,10317932.64646565
SFm_1975/runs/CZ06/SFm&2&rDXHP&Ex&dxHP_equip/RE-dxHP_eq-pkgSEER-16.0-SEER2-8.0-HSPF2/instance-out.sql,CZ06,SFm,2,rDXHP,Ex,dxHP_equip,,RE-dxHP_eq-pkgSEER-16.0-SEER2-8.0-HSPF2,SFm&2&rDXHP&Ex&dxHP_equip,RE-dxHP_eq-pkgSEER-16.0-SEER2-8.0-HSPF2,27.35,35454.89,62.19,80612.69,35454.89,2256.36,1785.62,1774.64,457.71,16701.91,0.0,534.83,0.0,0.0,0.0,0.0,11943.82,0.0,0.0,2256.36,1785.62,0.0,0.0,13440.28,3261.63,11943.82,20249.44,15205.45,0.0,0.0,17506625.532268707
SFm_1975/runs/CZ06/SFm&2&rDXHP&Ex&dxHP_equip/RE-dxHP_eq-pkgSEER-17.8-SEER2-8.1-HSPF2/instance-out.sql,CZ06,SFm,2,rDXHP,Ex,dxHP_equip,,RE-dxHP_eq-pkgSEER-17.8-SEER2-8.1-HSPF2,SFm&2&rDXHP&Ex&dxHP_equip,RE-dxHP_eq-pkgSEER-17.8-SEER2-8.1-HSPF2,27.28,35359.41,61.96,80310.3,35359.41,2245.5,1700.99,1774.64,457.71,16701.91,0.0,534.83,0.0,0.0,0.0,0.0,11943.82,0.0,0.0,2245.5,1700.99,0.0,0.0,13440.28,3261.63,11943.82,20153.96,15205.45,0.0,0.0,17164380.851888917
SFm_1975/runs/CZ06/SFm&2&rDXHP&Ex&dxHP_equip/RE-dxHP_eq-pkgSEER-14.3-SEER2-7.5-HSPF2/instance-out.sql,CZ06,SFm,2,rDXHP,Ex,dxHP_equip,,RE-dxHP_eq-pkgSEER-14.3-SEER2-7.5-HSPF2,SFm&2&rDXHP&Ex&dxHP_equip,RE-dxHP_eq-pkgSEER-14.3-SEER2-7.5-HSPF2,28.09,36408.03,64.52,83630.86,36408.03,2330.74,2043.6,1774.64,457.71,16701.91,0.0,1155.39,0.0,0.0,0.0,0.0,11944.02,0.0,0.0,2330.74,2043.6,0.0,0.0,13440.28,3261.63,11944.02,21202.38,15205.65,0.0,0.0,20052011.680832304
SFm_1975/runs/CZ06/SFm&2&rDXHP&Ex&dxHP_equip/RE-dxHP_eq-pkgSEER-18.7-SEER2-8.5-HSPF2/instance-out.sql,CZ06,SFm,2,rDXHP,Ex,dxHP_equip,,RE-dxHP_eq-pkgSEER-18.7-SEER2-8.5-HSPF2,SFm&2&rDXHP&Ex&dxHP_equip,RE-dxHP_eq-pkgSEER-18.7-SEER2-8.5-HSPF2,27.23,35297.21,61.8,80113.34,35297.22,2213.54,1670.76,1774.64,457.71,16701.91,0.0,534.83,0.0,0.0,0.0,0.0,11943.82,0.0,0.0,2213.54,1670.76,0.0,0.0,13440.28,3261.63,11943.82,20091.77,15205.45,0.0,0.0,17041764.648436468
SFm_1975/runs/CZ06/SFm&1&rDXHP&Ex&dxHP_equip/RE-dxHP_eq-pkgSEER-12.5-SEER2-6.4-HSPF2/instance-out.sql,CZ06,SFm,1,rDXHP,Ex,dxHP_equip,,RE-dxHP_eq-pkgSEER-12.5-SEER2-6.4-HSPF2,SFm&1&rDXHP&Ex&dxHP_equip,RE-dxHP_eq-pkgSEER-12.5-SEER2-6.4-HSPF2,34.93,26863.09,72.64,55869.59,26863.09,1234.35,827.57,1557.5,457.71,10338.53,0.0,496.66,0.0,0.0,0.0,0.0,11950.76,0.0,0.0,1234.35,827.57,0.0,0.0,8268.27,2070.26,11950.76,12842.06,14021.03,0.0,0.0,11674027.947595514
SFm_1975/runs/CZ06/SFm&2&rDXHP&Ex&dxHP_equip/RE-dxHP_eq-pkgSEER-19.6-SEER2-8.9-HSPF2/instance-out.sql,CZ06,SFm,2,rDXHP,Ex,dxHP_equip,,RE-dxHP_eq-pkgSEER-19.6-SEER2-8.9-HSPF2,SFm&2&rDXHP&Ex&dxHP_equip,RE-dxHP_eq-pkgSEER-19.6-SEER2-8.9-HSPF2,27.19,35245.75,61.68,79950.34,35245.75,2187.6,1645.23,1774.64,457.71,16701.91,0.0,534.83,0.0,0.0,0.0,0.0,11943.82,0.0,0.0,2187.6,1645.23,0.0,0.0,13440.28,3261.63,11943.82,20040.3,15205.45,0.0,0.0,16938527.490722746
SFm_1975/runs/CZ06/SFm&1&rDXHP&Ex&dxHP_equip/RE-dxHP_eq-pkgSEER-14.3-SEER2-7.5-HSPF2/instance-out.sql,CZ06,SFm,1,rDXHP,Ex,dxHP_equip,,RE-dxHP_eq-pkgSEER-14.3-SEER2-7.5-HSPF2,SFm&1&rDXHP&Ex&dxHP_equip,RE-dxHP_eq-pkgSEER-14.3-SEER2-7.5-HSPF2,34.73,26708.43,72.0,55379.79,26708.43,1146.4,760.86,1557.5,457.71,10338.53,0.0,496.66,0.0,0.0,0.0,0.0,11950.76,0.0,0.0,1146.4,760.86,0.0,0.0,8268.27,2070.26,11950.76,12687.4,14021.03,0.0,0.0,11324474.3934667
SFm_1975/runs/CZ06/SFm&1&rDXHP&Ex&dxHP_equip/RE-dxHP_eq-pkgSEER-18.7-SEER2-8.5-HSPF2/instance-out.sql,CZ06,SFm,1,rDXHP,Ex,dxHP_equip,,RE-dxHP_eq-pkgSEER-18.7-SEER2-8.5-HSPF2,SFm&1&rDXHP&Ex&dxHP_equip,RE-dxHP_eq-pkgSEER-18.7-SEER2-8.5-HSPF2,34.13,26247.75,70.11,53920.35,26247.75,1086.71,624.84,1557.5,457.71,10338.53,0.0,231.46,0.0,0.0,0.0,0.0,11950.98,0.0,0.0,1086.71,624.84,0.0,0.0,8268.27,2070.26,11950.98,12226.5,14021.25,0.0,0.0,9892475.772714704
SFm_1975/runs/CZ06/SFm&1&rDXHP&Ex&dxHP_equip/RE-dxHP_eq-pkgSEER-17.8-SEER2-8.1-HSPF2/instance-out.sql,CZ06,SFm,1,rDXHP,Ex,dxHP_equip,,RE-dxHP_eq-pkgSEER-17.8-SEER2-8.1-HSPF2,SFm&1&rDXHP&Ex&dxHP_equip,RE-dxHP_eq-pkgSEER-17.8-SEER2-8.1-HSPF2,34.16,26274.64,70.22,54005.53,26274.64,1102.3,636.15,1557.5,457.71,10338.53,0.0,231.46,0.0,0.0,0.0,0.0,11950.98,0.0,0.0,1102.3,636.15,0.0,0.0,8268.27,2070.26,11950.98,12253.39,14021.25,0.0,0.0,9950743.491577193
SFm_1975/runs/CZ06/SFm&1&rDXHP&Ex&dxHP_equip/RE-dxHP_eq-pkgSEER-16.0-SEER2-8.0-HSPF2/instance-out.sql,CZ06,SFm,1,rDXHP,Ex,dxHP_equip,,RE-dxHP_eq-pkgSEER-16.0-SEER2-8.0-HSPF2,SFm&1&rDXHP&Ex&dxHP_equip,RE-dxHP_eq-pkgSEER-16.0-SEER2-8.0-HSPF2,34.21,26311.59,70.37,54122.55,26311.59,1107.6,667.8,1557.5,457.71,10338.53,0.0,231.46,0.0,0.0,0.0,0.0,11950.98,0.0,0.0,1107.6,667.8,0.0,0.0,8268.27,2070.26,11950.98,12290.34,14021.25,0.0,0.0,10113142.998906307
SFm_1975/runs/CZ06/SFm&1&rDXHP&Ex&dxHP_equip/RE-dxHP_eq-pkgSEER-19.6-SEER2-8.9-HSPF2/instance-out.sql,CZ06,SFm,1,rDXHP,Ex,dxHP_equip,,RE-dxHP_eq-pkgSEER-19.6-SEER2-8.9-HSPF2,SFm&1&rDXHP&Ex&dxHP_equip,RE-dxHP_eq-pkgSEER-19.6-SEER2-8.9-HSPF2,34.1,26225.54,70.01,53850.02,26225.54,1074.05,615.3,1557.5,457.71,10338.53,0.0,231.46,0.0,0.0,0.0,0.0,11950.98,0.0,0.0,1074.05,615.3,0.0,0.0,8268.27,2070.26,11950.98,12204.29,14021.25,0.0,0.0,9843490.150630925
SFm_1975/runs/CZ05/SFm&2&rDXHP&Ex&dxHP_equip/RE-dxHP_eq-pkgSEER-14.3-SEER2-7.5-HSPF2/instance-out.sql,CZ05,SFm,2,rDXHP,Ex,dxHP_equip,,RE-dxHP_eq-pkgSEER-14.3-SEER2-7.5-HSPF2,SFm&2&rDXHP&Ex&dxHP_equip,RE-dxHP_eq-pkgSEER-14.3-SEER2-7.5-HSPF2,29.74,38544.81,69.43,89992.28,38544.81,4636.5,1379.71,1774.64,457.71,16701.91,0.0,1455.52,0.0,0.0,0.0,0.0,12138.82,0.0,0.0,4636.5,1379.71,0.0,0.0,13440.28,3261.63,12138.82,23144.36,15400.45,0.0,0.0,19202859.587821193
SFm_1975/runs/CZ05/SFm&2&rDXHP&Ex&dxHP_equip/RE-dxHP_eq-pkgSEER-12.5-SEER2-6.4-HSPF2/instance-out.sql,CZ05,SFm,2,rDXHP,Ex,dxHP_equip,,RE-dxHP_eq-pkgSEER-12.5-SEER2-6.4-HSPF2,SFm&2&rDXHP&Ex&dxHP_equip,RE-dxHP_eq-pkgSEER-12.5-SEER2-6.4-HSPF2,30.1,39011.29,70.57,91469.61,39011.29,4982.01,1500.67,1774.64,457.71,16701.91,0.0,1455.52,0.0,0.0,0.0,0.0,12138.82,0.0,0.0,4982.01,1500.67,0.0,0.0,13440.28,3261.63,12138.82,23610.84,15400.45,0.0,0.0,19881599.59407277
SFm_1975/runs/CZ05/SFm&2&rDXHP&Ex&dxHP_equip/RE-dxHP_eq-pkgSEER-16.0-SEER2-8.0-HSPF2/instance-out.sql,CZ05,SFm,2,rDXHP,Ex,dxHP_equip,,RE-dxHP_eq-pkgSEER-16.0-SEER2-8.0-HSPF2,SFm&2&rDXHP&Ex&dxHP_equip,RE-dxHP_eq-pkgSEER-16.0-SEER2-8.0-HSPF2,28.87,37419.81,66.68,86430.6,37419.81,4463.94,1200.12,1774.64,457.71,16701.91,0.0,683.23,0.0,0.0,0.0,0.0,12138.25,0.0,0.0,4463.94,1200.12,0.0,0.0,13440.28,3261.63,12138.25,22019.93,15399.88,0.0,0.0,16761857.937336504
SFm_1975/runs/CZ05/SFm&2&rDXHP&Ex&dxHP_equip/RE-dxHP_eq-pkgSEER-19.6-SEER2-8.9-HSPF2/instance-out.sql,CZ05,SFm,2,rDXHP,Ex,dxHP_equip,,RE-dxHP_eq-pkgSEER-19.6-SEER2-8.9-HSPF2,SFm&2&rDXHP&Ex&dxHP_equip,RE-dxHP_eq-pkgSEER-19.6-SEER2-8.9-HSPF2,28.69,37194.06,66.13,85715.63,37194.06,4332.57,1105.74,1774.64,457.71,16701.91,0.0,683.23,0.0,0.0,0.0,0.0,12138.25,0.0,0.0,4332.57,1105.74,0.0,0.0,13440.28,3261.63,12138.25,21794.18,15399.88,0.0,0.0,16244328.282994732
SFm_1975/runs/CZ05/SFm&2&rDXHP&Ex&dxHP_equip/RE-dxHP_eq-pkgSEER-18.7-SEER2-8.5-HSPF2/instance-out.sql,CZ05,SFm,2,rDXHP,Ex,dxHP_equip,,RE-dxHP_eq-pkgSEER-18.7-SEER2-8.5-HSPF2,SFm&2&rDXHP&Ex&dxHP_equip,RE-dxHP_eq-pkgSEER-18.7-SEER2-8.5-HSPF2,28.75,37260.77,66.29,85926.91,37260.77,4382.13,1122.89,1774.64,457.71,16701.91,0.0,683.23,0.0,0.0,0.0,0.0,12138.25,0.0,0.0,4382.13,1122.89,0.0,0.0,13440.28,3261.63,12138.25,21860.89,15399.88,0.0,0.0,16338301.466898754
SFm_1975/runs/CZ05/SFm&2&rDXHP&Ex&dxHP_equip/RE-dxHP_eq-pkgSEER-17.8-SEER2-8.1-HSPF2/instance-out.sql,CZ05,SFm,2,rDXHP,Ex,dxHP_equip,,RE-dxHP_eq-pkgSEER-17.8-SEER2-8.1-HSPF2,SFm&2&rDXHP&Ex&dxHP_equip,RE-dxHP_eq-pkgSEER-17.8-SEER2-8.1-HSPF2,28.81,37342.21,66.49,86184.82,37342.21,4443.19,1143.26,1774.64,457.71,16701.91,0.0,683.23,0.0,0.0,0.0,0.0,12138.25,0.0,0.0,4443.19,1143.26,0.0,0.0,13440.28,3261.63,12138.25,21942.33,15399.88,0.0,0.0,16450299.029818166
SFm_1975/runs/CZ05/SFm&1&rDXHP&Ex&dxHP_equip/RE-dxHP_eq-pkgSEER-17.8-SEER2-8.1-HSPF2/instance-out.sql,CZ05,SFm,1,rDXHP,Ex,dxHP_equip,,RE-dxHP_eq-pkgSEER-17.8-SEER2-8.1-HSPF2,SFm&1&rDXHP&Ex&dxHP_equip,RE-dxHP_eq-pkgSEER-17.8-SEER2-8.1-HSPF2,35.57,27357.57,74.1,56990.25,27357.57,2217.89,324.18,1557.5,457.71,10338.53,0.0,297.18,0.0,0.0,0.0,0.0,12164.58,0.0,0.0,2217.89,324.18,0.0,0.0,8268.27,2070.26,12164.58,13122.73,14234.84,0.0,0.0,9294975.702577228
SFm_1975/runs/CZ05/SFm&1&rDXHP&Ex&dxHP_equip/RE-dxHP_eq-pkgSEER-14.3-SEER2-7.5-HSPF2/instance-out.sql,CZ05,SFm,1,rDXHP,Ex,dxHP_equip,,RE-dxHP_eq-pkgSEER-14.3-SEER2-7.5-HSPF2,SFm&1&rDXHP&Ex&dxHP_equip,RE-dxHP_eq-pkgSEER-14.3-SEER2-7.5-HSPF2,36.22,27857.11,76.15,58572.55,27857.11,2321.7,389.39,1557.5,457.71,10338.53,0.0,627.83,0.0,0.0,0.0,0.0,12164.45,0.0,0.0,2321.7,389.39,0.0,0.0,8268.27,2070.26,12164.45,13622.4,14234.71,0.0,0.0,10461855.692906734
SFm_1975/runs/CZ05/SFm&1&rDXHP&Ex&dxHP_equip/RE-dxHP_eq-pkgSEER-12.5-SEER2-6.4-HSPF2/instance-out.sql,CZ05,SFm,1,rDXHP,Ex,dxHP_equip,,RE-dxHP_eq-pkgSEER-12.5-SEER2-6.4-HSPF2,SFm&1&rDXHP&Ex&dxHP_equip,RE-dxHP_eq-pkgSEER-12.5-SEER2-6.4-HSPF2,36.48,28058.66,76.98,59210.89,28058.66,2489.12,423.53,1557.5,457.71,10338.53,0.0,627.83,0.0,0.0,0.0,0.0,12164.45,0.0,0.0,2489.12,423.53,0.0,0.0,8268.27,2070.26,12164.45,13823.95,14234.71,0.0,0.0,10752805.200172085
SFm_1975/runs/CZ05/SFm&1&rDXHP&Ex&dxHP_equip/RE-dxHP_eq-pkgSEER-16.0-SEER2-8.0-HSPF2/instance-out.sql,CZ05,SFm,1,rDXHP,Ex,dxHP_equip,,RE-dxHP_eq-pkgSEER-16.0-SEER2-8.0-HSPF2,SFm&1&rDXHP&Ex&dxHP_equip,RE-dxHP_eq-pkgSEER-16.0-SEER2-8.0-HSPF2,35.6,27383.77,74.21,57073.21,27383.760000000002,2227.96,340.31,1557.5,457.71,10338.53,0.0,297.18,0.0,0.0,0.0,0.0,12164.58,0.0,0.0,2227.96,340.31,0.0,0.0,8268.27,2070.26,12164.58,13148.92,14234.84,0.0,0.0,9429247.930109065
SFm_1975/runs/CZ05/SFm&1&rDXHP&Ex&dxHP_equip/RE-dxHP_eq-pkgSEER-18.7-SEER2-8.5-HSPF2/instance-out.sql,CZ05,SFm,1,rDXHP,Ex,dxHP_equip,,RE-dxHP_eq-pkgSEER-18.7-SEER2-8.5-HSPF2,SFm&1&rDXHP&Ex&dxHP_equip,RE-dxHP_eq-pkgSEER-18.7-SEER2-8.5-HSPF2,35.52,27322.19,73.95,56878.2,27322.190000000002,2188.27,318.42,1557.5,457.71,10338.53,0.0,297.18,0.0,0.0,0.0,0.0,12164.58,0.0,0.0,2188.27,318.42,0.0,0.0,8268.27,2070.26,12164.58,13087.35,14234.84,0.0,0.0,9246927.162979698
SFm_1975/runs/CZ05/SFm&1&rDXHP&Ex&dxHP_equip/RE-dxHP_eq-pkgSEER-19.6-SEER2-8.9-HSPF2/instance-out.sql,CZ05,SFm,1,rDXHP,Ex,dxHP_equip,,RE-dxHP_eq-pkgSEER-19.6-SEER2-8.9-HSPF2,SFm&1&rDXHP&Ex&dxHP_equip,RE-dxHP_eq-pkgSEER-19.6-SEER2-8.9-HSPF2,35.49,27293.28,73.83,56786.64,27293.28,2164.23,313.55,1557.5,457.71,10338.53,0.0,297.18,0.0,0.0,0.0,0.0,12164.58,0.0,0.0,2164.23,313.55,0.0,0.0,8268.27,2070.26,12164.58,13058.44,14234.84,0.0,0.0,9206423.143960357
SFm_1975/runs/CZ04/SFm&2&rDXHP&Ex&dxHP_equip/RE-dxHP_eq-pkgSEER-12.5-SEER2-6.4-HSPF2/instance-out.sql,CZ04,SFm,2,rDXHP,Ex,dxHP_equip,,RE-dxHP_eq-pkgSEER-12.5-SEER2-6.4-HSPF2,SFm&2&rDXHP&Ex&dxHP_equip,RE-dxHP_eq-pkgSEER-12.5-SEER2-6.4-HSPF2,33.75,43748.69,82.29,106671.65,43748.68,5893.81,4592.99,1774.64,457.71,16701.91,0.0,2284.18,0.0,0.0,0.0,0.0,12043.43,0.0,0.0,5893.81,4592.99,0.0,0.0,13440.28,3261.63,12043.43,28443.62,15305.06,0.0,0.0,33049635.857242674
SFm_1975/runs/CZ04/SFm&2&rDXHP&Ex&dxHP_equip/RE-dxHP_eq-pkgSEER-14.3-SEER2-7.5-HSPF2/instance-out.sql,CZ04,SFm,2,rDXHP,Ex,dxHP_equip,,RE-dxHP_eq-pkgSEER-14.3-SEER2-7.5-HSPF2,SFm&2&rDXHP&Ex&dxHP_equip,RE-dxHP_eq-pkgSEER-14.3-SEER2-7.5-HSPF2,33.17,42993.56,80.45,104280.14,42993.55,5508.89,4222.78,1774.64,457.71,16701.91,0.0,2284.18,0.0,0.0,0.0,0.0,12043.43,0.0,0.0,5508.89,4222.78,0.0,0.0,13440.28,3261.63,12043.43,27688.49,15305.06,0.0,0.0,31490357.267254174
SFm_1975/runs/CZ04/SFm&2&rDXHP&Ex&dxHP_equip/RE-dxHP_eq-pkgSEER-17.8-SEER2-8.1-HSPF2/instance-out.sql,CZ04,SFm,2,rDXHP,Ex,dxHP_equip,,RE-dxHP_eq-pkgSEER-17.8-SEER2-8.1-HSPF2,SFm&2&rDXHP&Ex&dxHP_equip,RE-dxHP_eq-pkgSEER-17.8-SEER2-8.1-HSPF2,31.52,40859.88,75.24,97522.7,40859.880000000005,5328.45,3497.54,1774.64,457.71,16701.91,0.0,1056.14,0.0,0.0,0.0,0.0,12043.48,0.0,0.0,5328.45,3497.54,0.0,0.0,13440.28,3261.63,12043.48,25554.77,15305.11,0.0,0.0,25788264.590788465
SFm_1975/runs/CZ04/SFm&1&rDXHP&Ex&dxHP_equip/RE-dxHP_eq-pkgSEER-14.3-SEER2-7.5-HSPF2/instance-out.sql,CZ04,SFm,1,rDXHP,Ex,dxHP_equip,,RE-dxHP_eq-pkgSEER-14.3-SEER2-7.5-HSPF2,SFm&1&rDXHP&Ex&dxHP_equip,RE-dxHP_eq-pkgSEER-14.3-SEER2-7.5-HSPF2,39.12,30085.79,85.63,65857.62,30085.79,2922.52,1699.07,1557.5,457.71,10338.53,0.0,1054.9,0.0,0.0,0.0,0.0,12055.54,0.0,0.0,2922.52,1699.07,0.0,0.0,8268.27,2070.26,12055.54,15959.98,14125.81,0.0,0.0,17122059.796790823
SFm_1975/runs/CZ04/SFm&2&rDXHP&Ex&dxHP_equip/RE-dxHP_eq-pkgSEER-18.7-SEER2-8.5-HSPF2/instance-out.sql,CZ04,SFm,2,rDXHP,Ex,dxHP_equip,,RE-dxHP_eq-pkgSEER-18.7-SEER2-8.5-HSPF2,SFm&2&rDXHP&Ex&dxHP_equip,RE-dxHP_eq-pkgSEER-18.7-SEER2-8.5-HSPF2,31.42,40729.24,74.92,97108.96,40729.240000000005,5259.92,3435.43,1774.64,457.71,16701.91,0.0,1056.14,0.0,0.0,0.0,0.0,12043.48,0.0,0.0,5259.92,3435.43,0.0,0.0,13440.28,3261.63,12043.48,25424.13,15305.11,0.0,0.0,25528771.309638284
SFm_1975/runs/CZ04/SFm&2&rDXHP&Ex&dxHP_equip/RE-dxHP_eq-pkgSEER-16.0-SEER2-8.0-HSPF2/instance-out.sql,CZ04,SFm,2,rDXHP,Ex,dxHP_equip,,RE-dxHP_eq-pkgSEER-16.0-SEER2-8.0-HSPF2,SFm&2&rDXHP&Ex&dxHP_equip,RE-dxHP_eq-pkgSEER-16.0-SEER2-8.0-HSPF2,31.67,41057.19,75.72,98147.58,41057.19,5351.74,3671.56,1774.64,457.71,16701.91,0.0,1056.14,0.0,0.0,0.0,0.0,12043.48,0.0,0.0,5351.74,3671.56,0.0,0.0,13440.28,3261.63,12043.48,25752.08,15305.11,0.0,0.0,26515470.181946963
SFm_1975/runs/CZ04/SFm&2&rDXHP&Ex&dxHP_equip/RE-dxHP_eq-pkgSEER-19.6-SEER2-8.9-HSPF2/instance-out.sql,CZ04,SFm,2,rDXHP,Ex,dxHP_equip,,RE-dxHP_eq-pkgSEER-19.6-SEER2-8.9-HSPF2,SFm&2&rDXHP&Ex&dxHP_equip,RE-dxHP_eq-pkgSEER-19.6-SEER2-8.9-HSPF2,31.34,40621.12,74.65,96766.53,40621.11,5204.29,3382.93,1774.64,457.71,16701.91,0.0,1056.14,0.0,0.0,0.0,0.0,12043.48,0.0,0.0,5204.29,3382.93,0.0,0.0,13440.28,3261.63,12043.48,25316.0,15305.11,0.0,0.0,25309390.365548983
SFm_1975/runs/CZ04/SFm&1&rDXHP&Ex&dxHP_equip/RE-dxHP_eq-pkgSEER-12.5-SEER2-6.4-HSPF2/instance-out.sql,CZ04,SFm,1,rDXHP,Ex,dxHP_equip,,RE-dxHP_eq-pkgSEER-12.5-SEER2-6.4-HSPF2,SFm&1&rDXHP&Ex&dxHP_equip,RE-dxHP_eq-pkgSEER-12.5-SEER2-6.4-HSPF2,39.57,30431.62,87.05,66952.87,30431.62,3119.4,1848.03,1557.5,457.71,10338.53,0.0,1054.9,0.0,0.0,0.0,0.0,12055.54,0.0,0.0,3119.4,1848.03,0.0,0.0,8268.27,2070.26,12055.54,16305.81,14125.81,0.0,0.0,17887532.993565585
SFm_1975/runs/CZ04/SFm&1&rDXHP&Ex&dxHP_equip/RE-dxHP_eq-pkgSEER-18.7-SEER2-8.5-HSPF2/instance-out.sql,CZ04,SFm,1,rDXHP,Ex,dxHP_equip,,RE-dxHP_eq-pkgSEER-18.7-SEER2-8.5-HSPF2,SFm&1&rDXHP&Ex&dxHP_equip,RE-dxHP_eq-pkgSEER-18.7-SEER2-8.5-HSPF2,37.79,29067.12,81.43,62631.48,29067.12,2782.8,1383.51,1557.5,457.71,10338.53,0.0,491.51,0.0,0.0,0.0,0.0,12055.56,0.0,0.0,2782.8,1383.51,0.0,0.0,8268.27,2070.26,12055.56,14941.3,14125.82,0.0,0.0,14195697.79037365
SFm_1975/runs/CZ04/SFm&1&rDXHP&Ex&dxHP_equip/RE-dxHP_eq-pkgSEER-16.0-SEER2-8.0-HSPF2/instance-out.sql,CZ04,SFm,1,rDXHP,Ex,dxHP_equip,,RE-dxHP_eq-pkgSEER-16.0-SEER2-8.0-HSPF2,SFm&1&rDXHP&Ex&dxHP_equip,RE-dxHP_eq-pkgSEER-16.0-SEER2-8.0-HSPF2,37.98,29209.19,82.02,63081.43,29209.190000000002,2829.79,1478.59,1557.5,457.71,10338.53,0.0,491.51,0.0,0.0,0.0,0.0,12055.56,0.0,0.0,2829.79,1478.59,0.0,0.0,8268.27,2070.26,12055.56,15083.37,14125.82,0.0,0.0,14680137.809378214
SFm_1975/runs/CZ04/SFm&1&rDXHP&Ex&dxHP_equip/RE-dxHP_eq-pkgSEER-17.8-SEER2-8.1-HSPF2/instance-out.sql,CZ04,SFm,1,rDXHP,Ex,dxHP_equip,,RE-dxHP_eq-pkgSEER-17.8-SEER2-8.1-HSPF2,SFm&1&rDXHP&Ex&dxHP_equip,RE-dxHP_eq-pkgSEER-17.8-SEER2-8.1-HSPF2,37.87,29127.19,81.68,62821.71,29127.190000000002,2817.87,1408.5,1557.5,457.71,10338.53,0.0,491.51,0.0,0.0,0.0,0.0,12055.56,0.0,0.0,2817.87,1408.5,0.0,0.0,8268.27,2070.26,12055.56,15001.37,14125.82,0.0,0.0,14323020.870044246
SFm_1975/runs/CZ03/SFm&2&rDXHP&Ex&dxHP_equip/RE-dxHP_eq-pkgSEER-12.5-SEER2-6.4-HSPF2/instance-out.sql,CZ03,SFm,2,rDXHP,Ex,dxHP_equip,,RE-dxHP_eq-pkgSEER-12.5-SEER2-6.4-HSPF2,SFm&2&rDXHP&Ex&dxHP_equip,RE-dxHP_eq-pkgSEER-12.5-SEER2-6.4-HSPF2,29.54,38292.01,68.81,89194.62,38292.01,4417.19,1457.89,1774.64,457.71,16701.91,0.0,1345.27,0.0,0.0,0.0,0.0,12137.4,0.0,0.0,4417.19,1457.89,0.0,0.0,13440.28,3261.63,12137.4,22892.98,15399.03,0.0,0.0,22325657.362404823
SFm_1975/runs/CZ03/SFm&2&rDXHP&Ex&dxHP_equip/RE-dxHP_eq-pkgSEER-14.3-SEER2-7.5-HSPF2/instance-out.sql,CZ03,SFm,2,rDXHP,Ex,dxHP_equip,,RE-dxHP_eq-pkgSEER-14.3-SEER2-7.5-HSPF2,SFm&2&rDXHP&Ex&dxHP_equip,RE-dxHP_eq-pkgSEER-14.3-SEER2-7.5-HSPF2,29.21,37864.88,67.77,87841.91,37864.89,4107.57,1340.38,1774.64,457.71,16701.91,0.0,1345.27,0.0,0.0,0.0,0.0,12137.4,0.0,0.0,4107.57,1340.38,0.0,0.0,13440.28,3261.63,12137.4,22465.86,15399.03,0.0,0.0,21488182.112336904
SFm_1975/runs/CZ04/SFm&1&rDXHP&Ex&dxHP_equip/RE-dxHP_eq-pkgSEER-19.6-SEER2-8.9-HSPF2/instance-out.sql,CZ04,SFm,1,rDXHP,Ex,dxHP_equip,,RE-dxHP_eq-pkgSEER-19.6-SEER2-8.9-HSPF2,SFm&1&rDXHP&Ex&dxHP_equip,RE-dxHP_eq-pkgSEER-19.6-SEER2-8.9-HSPF2,37.73,29017.5,81.23,62474.35,29017.5,2754.32,1362.37,1557.5,457.71,10338.53,0.0,491.51,0.0,0.0,0.0,0.0,12055.56,0.0,0.0,2754.32,1362.37,0.0,0.0,8268.27,2070.26,12055.56,14891.68,14125.82,0.0,0.0,14087961.710302152
SFm_1975/runs/CZ03/SFm&2&rDXHP&Ex&dxHP_equip/RE-dxHP_eq-pkgSEER-17.8-SEER2-8.1-HSPF2/instance-out.sql,CZ03,SFm,2,rDXHP,Ex,dxHP_equip,,RE-dxHP_eq-pkgSEER-17.8-SEER2-8.1-HSPF2,SFm&2&rDXHP&Ex&dxHP_equip,RE-dxHP_eq-pkgSEER-17.8-SEER2-8.1-HSPF2,28.34,36737.96,65.01,84272.58,36737.96,3929.0,1107.39,1774.64,457.71,16701.91,0.0,629.74,0.0,0.0,0.0,0.0,12137.57,0.0,0.0,3929.0,1107.39,0.0,0.0,13440.28,3261.63,12137.57,21338.76,15399.2,0.0,0.0,18206437.55349551
SFm_1975/runs/CZ03/SFm&2&rDXHP&Ex&dxHP_equip/RE-dxHP_eq-pkgSEER-16.0-SEER2-8.0-HSPF2/instance-out.sql,CZ03,SFm,2,rDXHP,Ex,dxHP_equip,,RE-dxHP_eq-pkgSEER-16.0-SEER2-8.0-HSPF2,SFm&2&rDXHP&Ex&dxHP_equip,RE-dxHP_eq-pkgSEER-16.0-SEER2-8.0-HSPF2,28.4,36811.62,65.19,84505.85,36811.61,3947.58,1162.46,1774.64,457.71,16701.91,0.0,629.74,0.0,0.0,0.0,0.0,12137.57,0.0,0.0,3947.58,1162.46,0.0,0.0,13440.28,3261.63,12137.57,21412.41,15399.2,0.0,0.0,18594214.36152097
SFm_1975/runs/CZ03/SFm&2&rDXHP&Ex&dxHP_equip/RE-dxHP_eq-pkgSEER-18.7-SEER2-8.5-HSPF2/instance-out.sql,CZ03,SFm,2,rDXHP,Ex,dxHP_equip,,RE-dxHP_eq-pkgSEER-18.7-SEER2-8.5-HSPF2,SFm&2&rDXHP&Ex&dxHP_equip,RE-dxHP_eq-pkgSEER-18.7-SEER2-8.5-HSPF2,28.28,36663.53,64.83,84036.86,36663.53,3874.3,1087.65,1774.64,457.71,16701.91,0.0,629.74,0.0,0.0,0.0,0.0,12137.57,0.0,0.0,3874.3,1087.65,0.0,0.0,13440.28,3261.63,12137.57,21264.33,15399.2,0.0,0.0,18065704.210818402
SFm_1975/runs/CZ03/SFm&2&rDXHP&Ex&dxHP_equip/RE-dxHP_eq-pkgSEER-19.6-SEER2-8.9-HSPF2/instance-out.sql,CZ03,SFm,2,rDXHP,Ex,dxHP_equip,,RE-dxHP_eq-pkgSEER-19.6-SEER2-8.9-HSPF2,SFm&2&rDXHP&Ex&dxHP_equip,RE-dxHP_eq-pkgSEER-19.6-SEER2-8.9-HSPF2,28.24,36602.52,64.68,83843.65,36602.520000000004,3829.91,1071.03,1774.64,457.71,16701.91,0.0,629.74,0.0,0.0,0.0,0.0,12137.57,0.0,0.0,3829.91,1071.03,0.0,0.0,13440.28,3261.63,12137.57,21203.32,15399.2,0.0,0.0,17948769.42402596
SFm_1975/runs/CZ03/SFm&1&rDXHP&Ex&dxHP_equip/RE-dxHP_eq-pkgSEER-14.3-SEER2-7.5-HSPF2/instance-out.sql,CZ03,SFm,1,rDXHP,Ex,dxHP_equip,,RE-dxHP_eq-pkgSEER-14.3-SEER2-7.5-HSPF2,SFm&1&rDXHP&Ex&dxHP_equip,RE-dxHP_eq-pkgSEER-14.3-SEER2-7.5-HSPF2,36.19,27836.05,76.08,58513.92,27836.05,2259.54,441.8,1557.5,457.71,10338.53,0.0,620.39,0.0,0.0,0.0,0.0,12160.57,0.0,0.0,2259.54,441.8,0.0,0.0,8268.27,2070.26,12160.57,13605.21,14230.84,0.0,0.0,11617956.155240733
SFm_1975/runs/CZ03/SFm&1&rDXHP&Ex&dxHP_equip/RE-dxHP_eq-pkgSEER-16.0-SEER2-8.0-HSPF2/instance-out.sql,CZ03,SFm,1,rDXHP,Ex,dxHP_equip,,RE-dxHP_eq-pkgSEER-16.0-SEER2-8.0-HSPF2,SFm&1&rDXHP&Ex&dxHP_equip,RE-dxHP_eq-pkgSEER-16.0-SEER2-8.0-HSPF2,35.58,27365.17,74.14,57022.32,27365.17,2162.68,386.57,1557.5,457.71,10338.53,0.0,301.44,0.0,0.0,0.0,0.0,12160.74,0.0,0.0,2162.68,386.57,0.0,0.0,8268.27,2070.26,12160.74,13134.17,14231.0,0.0,0.0,10360332.950340383
SFm_1975/runs/CZ03/SFm&1&rDXHP&Ex&dxHP_equip/RE-dxHP_eq-pkgSEER-12.5-SEER2-6.4-HSPF2/instance-out.sql,CZ03,SFm,1,rDXHP,Ex,dxHP_equip,,RE-dxHP_eq-pkgSEER-12.5-SEER2-6.4-HSPF2,SFm&1&rDXHP&Ex&dxHP_equip,RE-dxHP_eq-pkgSEER-12.5-SEER2-6.4-HSPF2,36.46,28040.87,76.92,59162.59,28040.870000000003,2425.63,480.53,1557.5,457.71,10338.53,0.0,620.39,0.0,0.0,0.0,0.0,12160.57,0.0,0.0,2425.63,480.53,0.0,0.0,8268.27,2070.26,12160.57,13810.03,14230.84,0.0,0.0,11991235.611799784
SFm_1975/runs/CZ02/SFm&2&rDXHP&Ex&dxHP_equip/RE-dxHP_eq-pkgSEER-12.5-SEER2-6.4-HSPF2/instance-out.sql,CZ02,SFm,2,rDXHP,Ex,dxHP_equip,,RE-dxHP_eq-pkgSEER-12.5-SEER2-6.4-HSPF2,SFm&2&rDXHP&Ex&dxHP_equip,RE-dxHP_eq-pkgSEER-12.5-SEER2-6.4-HSPF2,31.18,40411.74,73.97,95885.59,40411.75,5981.79,1700.92,1774.64,457.71,16701.91,0.0,1646.7,0.0,0.0,0.0,0.0,12148.07,0.0,0.0,5981.79,1700.92,0.0,0.0,13440.28,3261.63,12148.07,25002.05,15409.7,0.0,0.0,20655966.82571056
SFm_1975/runs/CZ03/SFm&1&rDXHP&Ex&dxHP_equip/RE-dxHP_eq-pkgSEER-18.7-SEER2-8.5-HSPF2/instance-out.sql,CZ03,SFm,1,rDXHP,Ex,dxHP_equip,,RE-dxHP_eq-pkgSEER-18.7-SEER2-8.5-HSPF2,SFm&1&rDXHP&Ex&dxHP_equip,RE-dxHP_eq-pkgSEER-18.7-SEER2-8.5-HSPF2,35.5,27300.98,73.87,56819.02,27300.98,2123.35,361.71,1557.5,457.71,10338.53,0.0,301.44,0.0,0.0,0.0,0.0,12160.74,0.0,0.0,2123.35,361.71,0.0,0.0,8268.27,2070.26,12160.74,13069.98,14231.0,0.0,0.0,10125254.396802114
SFm_1975/runs/CZ03/SFm&1&rDXHP&Ex&dxHP_equip/RE-dxHP_eq-pkgSEER-17.8-SEER2-8.1-HSPF2/instance-out.sql,CZ03,SFm,1,rDXHP,Ex,dxHP_equip,,RE-dxHP_eq-pkgSEER-17.8-SEER2-8.1-HSPF2,SFm&1&rDXHP&Ex&dxHP_equip,RE-dxHP_eq-pkgSEER-17.8-SEER2-8.1-HSPF2,35.54,27336.87,74.02,56932.69,27336.870000000003,2152.71,368.24,1557.5,457.71,10338.53,0.0,301.44,0.0,0.0,0.0,0.0,12160.74,0.0,0.0,2152.71,368.24,0.0,0.0,8268.27,2070.26,12160.74,13105.87,14231.0,0.0,0.0,10187221.135963809
SFm_1975/runs/CZ03/SFm&1&rDXHP&Ex&dxHP_equip/RE-dxHP_eq-pkgSEER-19.6-SEER2-8.9-HSPF2/instance-out.sql,CZ03,SFm,1,rDXHP,Ex,dxHP_equip,,RE-dxHP_eq-pkgSEER-19.6-SEER2-8.9-HSPF2,SFm&1&rDXHP&Ex&dxHP_equip,RE-dxHP_eq-pkgSEER-19.6-SEER2-8.9-HSPF2,35.46,27271.62,73.75,56726.05,27271.620000000003,2099.52,356.18,1557.5,457.71,10338.53,0.0,301.44,0.0,0.0,0.0,0.0,12160.74,0.0,0.0,2099.52,356.18,0.0,0.0,8268.27,2070.26,12160.74,13040.62,14231.0,0.0,0.0,10073034.588190775
SFm_1975/runs/CZ02/SFm&2&rDXHP&Ex&dxHP_equip/RE-dxHP_eq-pkgSEER-16.0-SEER2-8.0-HSPF2/instance-out.sql,CZ02,SFm,2,rDXHP,Ex,dxHP_equip,,RE-dxHP_eq-pkgSEER-16.0-SEER2-8.0-HSPF2,SFm&2&rDXHP&Ex&dxHP_equip,RE-dxHP_eq-pkgSEER-16.0-SEER2-8.0-HSPF2,29.8,38633.64,69.63,90254.0,38633.63,5405.88,1369.3,1774.64,457.71,16701.91,0.0,775.96,0.0,0.0,0.0,0.0,12148.22,0.0,0.0,5405.88,1369.3,0.0,0.0,13440.28,3261.63,12148.22,23223.78,15409.85,0.0,0.0,17541591.28826323
SFm_1975/runs/CZ02/SFm&2&rDXHP&Ex&dxHP_equip/RE-dxHP_eq-pkgSEER-14.3-SEER2-7.5-HSPF2/instance-out.sql,CZ02,SFm,2,rDXHP,Ex,dxHP_equip,,RE-dxHP_eq-pkgSEER-14.3-SEER2-7.5-HSPF2,SFm&2&rDXHP&Ex&dxHP_equip,RE-dxHP_eq-pkgSEER-14.3-SEER2-7.5-HSPF2,30.77,39878.75,72.67,94197.62,39878.76,5585.91,1563.81,1774.64,457.71,16701.91,0.0,1646.7,0.0,0.0,0.0,0.0,12148.07,0.0,0.0,5585.91,1563.81,0.0,0.0,13440.28,3261.63,12148.07,24469.06,15409.7,0.0,0.0,19914067.64660512
SFm_1975/runs/CZ02/SFm&1&rDXHP&Ex&dxHP_equip/RE-dxHP_eq-pkgSEER-12.5-SEER2-6.4-HSPF2/instance-out.sql,CZ02,SFm,1,rDXHP,Ex,dxHP_equip,,RE-dxHP_eq-pkgSEER-12.5-SEER2-6.4-HSPF2,SFm&1&rDXHP&Ex&dxHP_equip,RE-dxHP_eq-pkgSEER-12.5-SEER2-6.4-HSPF2,37.75,29031.99,80.96,62271.96,29031.989999999998,3156.91,574.58,1557.5,457.71,10338.53,0.0,772.01,0.0,0.0,0.0,0.0,12174.75,0.0,0.0,3156.91,574.58,0.0,0.0,8268.27,2070.26,12174.75,14786.98,14245.01,0.0,0.0,11313823.012846824
SFm_1975/runs/CZ02/SFm&2&rDXHP&Ex&dxHP_equip/RE-dxHP_eq-pkgSEER-18.7-SEER2-8.5-HSPF2/instance-out.sql,CZ02,SFm,2,rDXHP,Ex,dxHP_equip,,RE-dxHP_eq-pkgSEER-18.7-SEER2-8.5-HSPF2,SFm&2&rDXHP&Ex&dxHP_equip,RE-dxHP_eq-pkgSEER-18.7-SEER2-8.5-HSPF2,29.66,38451.4,69.18,89676.87,38451.4,5311.71,1281.24,1774.64,457.71,16701.91,0.0,775.96,0.0,0.0,0.0,0.0,12148.22,0.0,0.0,5311.71,1281.24,0.0,0.0,13440.28,3261.63,12148.22,23041.55,15409.85,0.0,0.0,17069149.59768398
SFm_1975/runs/CZ02/SFm&2&rDXHP&Ex&dxHP_equip/RE-dxHP_eq-pkgSEER-17.8-SEER2-8.1-HSPF2/instance-out.sql,CZ02,SFm,2,rDXHP,Ex,dxHP_equip,,RE-dxHP_eq-pkgSEER-17.8-SEER2-8.1-HSPF2,SFm&2&rDXHP&Ex&dxHP_equip,RE-dxHP_eq-pkgSEER-17.8-SEER2-8.1-HSPF2,29.74,38544.85,69.41,89972.81,38544.840000000004,5381.99,1304.4,1774.64,457.71,16701.91,0.0,775.96,0.0,0.0,0.0,0.0,12148.22,0.0,0.0,5381.99,1304.4,0.0,0.0,13440.28,3261.63,12148.22,23134.99,15409.85,0.0,0.0,17193300.227978647
SFm_1975/runs/CZ02/SFm&2&rDXHP&Ex&dxHP_equip/RE-dxHP_eq-pkgSEER-19.6-SEER2-8.9-HSPF2/instance-out.sql,CZ02,SFm,2,rDXHP,Ex,dxHP_equip,,RE-dxHP_eq-pkgSEER-19.6-SEER2-8.9-HSPF2,SFm&2&rDXHP&Ex&dxHP_equip,RE-dxHP_eq-pkgSEER-19.6-SEER2-8.9-HSPF2,29.6,38374.77,69.0,89434.18,38374.77,5254.66,1261.66,1774.64,457.71,16701.91,0.0,775.96,0.0,0.0,0.0,0.0,12148.22,0.0,0.0,5254.66,1261.66,0.0,0.0,13440.28,3261.63,12148.22,22964.92,15409.85,0.0,0.0,16964075.606269203
SFm_1975/runs/CZ02/SFm&1&rDXHP&Ex&dxHP_equip/RE-dxHP_eq-pkgSEER-17.8-SEER2-8.1-HSPF2/instance-out.sql,CZ02,SFm,1,rDXHP,Ex,dxHP_equip,,RE-dxHP_eq-pkgSEER-17.8-SEER2-8.1-HSPF2,SFm&1&rDXHP&Ex&dxHP_equip,RE-dxHP_eq-pkgSEER-17.8-SEER2-8.1-HSPF2,36.62,28166.88,77.4,59532.02,28166.879999999997,2829.89,442.54,1557.5,457.71,10338.53,0.0,365.9,0.0,0.0,0.0,0.0,12174.81,0.0,0.0,2829.89,442.54,0.0,0.0,8268.27,2070.26,12174.81,13921.81,14245.07,0.0,0.0,9762146.443285966
SFm_1975/runs/CZ02/SFm&1&rDXHP&Ex&dxHP_equip/RE-dxHP_eq-pkgSEER-14.3-SEER2-7.5-HSPF2/instance-out.sql,CZ02,SFm,1,rDXHP,Ex,dxHP_equip,,RE-dxHP_eq-pkgSEER-14.3-SEER2-7.5-HSPF2,SFm&1&rDXHP&Ex&dxHP_equip,RE-dxHP_eq-pkgSEER-14.3-SEER2-7.5-HSPF2,37.42,28783.95,79.94,61486.42,28783.95,2955.18,528.27,1557.5,457.71,10338.53,0.0,772.01,0.0,0.0,0.0,0.0,12174.75,0.0,0.0,2955.18,528.27,0.0,0.0,8268.27,2070.26,12174.75,14538.94,14245.01,0.0,0.0,10980986.510424735
SFm_1975/runs/CZ02/SFm&1&rDXHP&Ex&dxHP_equip/RE-dxHP_eq-pkgSEER-16.0-SEER2-8.0-HSPF2/instance-out.sql,CZ02,SFm,1,rDXHP,Ex,dxHP_equip,,RE-dxHP_eq-pkgSEER-16.0-SEER2-8.0-HSPF2,SFm&1&rDXHP&Ex&dxHP_equip,RE-dxHP_eq-pkgSEER-16.0-SEER2-8.0-HSPF2,36.67,28201.06,77.54,59640.26,28201.05,2842.05,464.56,1557.5,457.71,10338.53,0.0,365.9,0.0,0.0,0.0,0.0,12174.81,0.0,0.0,2842.05,464.56,0.0,0.0,8268.27,2070.26,12174.81,13955.98,14245.07,0.0,0.0,9918536.806347072
SFm_1975/runs/CZ02/SFm&1&rDXHP&Ex&dxHP_equip/RE-dxHP_eq-pkgSEER-18.7-SEER2-8.5-HSPF2/instance-out.sql,CZ02,SFm,1,rDXHP,Ex,dxHP_equip,,RE-dxHP_eq-pkgSEER-18.7-SEER2-8.5-HSPF2,SFm&1&rDXHP&Ex&dxHP_equip,RE-dxHP_eq-pkgSEER-18.7-SEER2-8.5-HSPF2,36.57,28123.25,77.22,59393.86,28123.25,2794.12,434.69,1557.5,457.71,10338.53,0.0,365.9,0.0,0.0,0.0,0.0,12174.81,0.0,0.0,2794.12,434.69,0.0,0.0,8268.27,2070.26,12174.81,13878.18,14245.07,0.0,0.0,9706400.073769093
SFm_1975/runs/CZ01/SFm&2&rDXHP&Ex&dxHP_equip/RE-dxHP_eq-pkgSEER-17.8-SEER2-8.1-HSPF2/instance-out.sql,CZ01,SFm,2,rDXHP,Ex,dxHP_equip,,RE-dxHP_eq-pkgSEER-17.8-SEER2-8.1-HSPF2,SFm&2&rDXHP&Ex&dxHP_equip,RE-dxHP_eq-pkgSEER-17.8-SEER2-8.1-HSPF2,26.54,34400.78,58.97,76438.99,34400.78,2710.26,106.43,1774.64,457.71,16701.91,0.0,304.98,0.0,0.0,0.0,0.0,12344.84,0.0,0.0,2710.26,106.43,0.0,0.0,13440.28,3261.63,12344.84,18794.31,15606.47,0.0,0.0,10854292.915973589
SFm_1975/runs/CZ01/SFm&2&rDXHP&Ex&dxHP_equip/RE-dxHP_eq-pkgSEER-18.7-SEER2-8.5-HSPF2/instance-out.sql,CZ01,SFm,2,rDXHP,Ex,dxHP_equip,,RE-dxHP_eq-pkgSEER-18.7-SEER2-8.5-HSPF2,SFm&2&rDXHP&Ex&dxHP_equip,RE-dxHP_eq-pkgSEER-18.7-SEER2-8.5-HSPF2,26.51,34366.08,58.89,76329.12,34366.09,2677.45,104.54,1774.64,457.71,16701.91,0.0,304.98,0.0,0.0,0.0,0.0,12344.84,0.0,0.0,2677.45,104.54,0.0,0.0,13440.28,3261.63,12344.84,18759.62,15606.47,0.0,0.0,10829032.220402353
SFm_1975/runs/CZ01/SFm&2&rDXHP&Ex&dxHP_equip/RE-dxHP_eq-pkgSEER-12.5-SEER2-6.4-HSPF2/instance-out.sql,CZ01,SFm,2,rDXHP,Ex,dxHP_equip,,RE-dxHP_eq-pkgSEER-12.5-SEER2-6.4-HSPF2,SFm&2&rDXHP&Ex&dxHP_equip,RE-dxHP_eq-pkgSEER-12.5-SEER2-6.4-HSPF2,27.02,35026.37,60.5,78420.4,35026.369999999995,2975.55,137.55,1774.64,457.71,16701.91,0.0,634.23,0.0,0.0,0.0,0.0,12344.76,0.0,0.0,2975.55,137.55,0.0,0.0,13440.28,3261.63,12344.76,19419.98,15606.39,0.0,0.0,11617706.92059991
SFm_1975/runs/CZ01/SFm&2&rDXHP&Ex&dxHP_equip/RE-dxHP_eq-pkgSEER-16.0-SEER2-8.0-HSPF2/instance-out.sql,CZ01,SFm,2,rDXHP,Ex,dxHP_equip,,RE-dxHP_eq-pkgSEER-16.0-SEER2-8.0-HSPF2,SFm&2&rDXHP&Ex&dxHP_equip,RE-dxHP_eq-pkgSEER-16.0-SEER2-8.0-HSPF2,26.55,34417.22,59.01,76491.08,34417.229999999996,2721.41,111.73,1774.64,457.71,16701.91,0.0,304.98,0.0,0.0,0.0,0.0,12344.84,0.0,0.0,2721.41,111.73,0.0,0.0,13440.28,3261.63,12344.84,18810.76,15606.47,0.0,0.0,10925159.043863147
SFm_1975/runs/CZ01/SFm&2&rDXHP&Ex&dxHP_equip/RE-dxHP_eq-pkgSEER-19.6-SEER2-8.9-HSPF2/instance-out.sql,CZ01,SFm,2,rDXHP,Ex,dxHP_equip,,RE-dxHP_eq-pkgSEER-19.6-SEER2-8.9-HSPF2,SFm&2&rDXHP&Ex&dxHP_equip,RE-dxHP_eq-pkgSEER-19.6-SEER2-8.9-HSPF2,26.49,34337.86,58.82,76239.72,34337.86,2650.82,102.95,1774.64,457.71,16701.91,0.0,304.98,0.0,0.0,0.0,0.0,12344.84,0.0,0.0,2650.82,102.95,0.0,0.0,13440.28,3261.63,12344.84,18731.39,15606.47,0.0,0.0,10807653.012715017
SFm_1975/runs/CZ02/SFm&1&rDXHP&Ex&dxHP_equip/RE-dxHP_eq-pkgSEER-19.6-SEER2-8.9-HSPF2/instance-out.sql,CZ02,SFm,1,rDXHP,Ex,dxHP_equip,,RE-dxHP_eq-pkgSEER-19.6-SEER2-8.9-HSPF2,SFm&1&rDXHP&Ex&dxHP_equip,RE-dxHP_eq-pkgSEER-19.6-SEER2-8.9-HSPF2,36.52,28087.57,77.08,59280.85,28087.57,2765.08,428.04,1557.5,457.71,10338.53,0.0,365.9,0.0,0.0,0.0,0.0,12174.81,0.0,0.0,2765.08,428.04,0.0,0.0,8268.27,2070.26,12174.81,13842.5,14245.07,0.0,0.0,9659219.53559447
SFm_1975/runs/CZ01/SFm&1&rDXHP&Ex&dxHP_equip/RE-dxHP_eq-pkgSEER-16.0-SEER2-8.0-HSPF2/instance-out.sql,CZ01,SFm,1,rDXHP,Ex,dxHP_equip,,RE-dxHP_eq-pkgSEER-16.0-SEER2-8.0-HSPF2,SFm&1&rDXHP&Ex&dxHP_equip,RE-dxHP_eq-pkgSEER-16.0-SEER2-8.0-HSPF2,34.6,26607.89,70.39,54142.29,26607.89,1652.96,41.31,1557.5,457.71,10338.53,0.0,167.87,0.0,0.0,0.0,0.0,12392.01,0.0,0.0,1652.96,41.31,0.0,0.0,8268.27,2070.26,12392.01,12145.62,14462.27,0.0,0.0,6966726.483657053
SFm_1975/runs/CZ01/SFm&2&rDXHP&Ex&dxHP_equip/RE-dxHP_eq-pkgSEER-14.3-SEER2-7.5-HSPF2/instance-out.sql,CZ01,SFm,2,rDXHP,Ex,dxHP_equip,,RE-dxHP_eq-pkgSEER-14.3-SEER2-7.5-HSPF2,SFm&2&rDXHP&Ex&dxHP_equip,RE-dxHP_eq-pkgSEER-14.3-SEER2-7.5-HSPF2,26.87,34832.02,60.02,77804.89,34832.020000000004,2792.29,126.47,1774.64,457.71,16701.91,0.0,634.23,0.0,0.0,0.0,0.0,12344.76,0.0,0.0,2792.29,126.47,0.0,0.0,13440.28,3261.63,12344.76,19225.63,15606.39,0.0,0.0,11465794.275331695
SFm_1975/runs/CZ01/SFm&1&rDXHP&Ex&dxHP_equip/RE-dxHP_eq-pkgSEER-14.3-SEER2-7.5-HSPF2/instance-out.sql,CZ01,SFm,1,rDXHP,Ex,dxHP_equip,,RE-dxHP_eq-pkgSEER-14.3-SEER2-7.5-HSPF2,SFm&1&rDXHP&Ex&dxHP_equip,RE-dxHP_eq-pkgSEER-14.3-SEER2-7.5-HSPF2,34.9,26840.84,71.35,54879.9,26840.84,1700.49,46.39,1557.5,457.71,10338.53,0.0,348.14,0.0,0.0,0.0,0.0,12392.08,0.0,0.0,1700.49,46.39,0.0,0.0,8268.27,2070.26,12392.08,12378.5,14462.34,0.0,0.0,7207288.716173617
SFm_1975/runs/CZ01/SFm&1&rDXHP&Ex&dxHP_equip/RE-dxHP_eq-pkgSEER-17.8-SEER2-8.1-HSPF2/instance-out.sql,CZ01,SFm,1,rDXHP,Ex,dxHP_equip,,RE-dxHP_eq-pkgSEER-17.8-SEER2-8.1-HSPF2,SFm&1&rDXHP&Ex&dxHP_equip,RE-dxHP_eq-pkgSEER-17.8-SEER2-8.1-HSPF2,34.58,26599.64,70.36,54116.14,26599.63,1646.66,39.35,1557.5,457.71,10338.53,0.0,167.87,0.0,0.0,0.0,0.0,12392.01,0.0,0.0,1646.66,39.35,0.0,0.0,8268.27,2070.26,12392.01,12137.36,14462.27,0.0,0.0,6934149.297215194
SFm_1975/runs/CZ01/SFm&1&rDXHP&Ex&dxHP_equip/RE-dxHP_eq-pkgSEER-12.5-SEER2-6.4-HSPF2/instance-out.sql,CZ01,SFm,1,rDXHP,Ex,dxHP_equip,,RE-dxHP_eq-pkgSEER-12.5-SEER2-6.4-HSPF2,SFm&1&rDXHP&Ex&dxHP_equip,RE-dxHP_eq-pkgSEER-12.5-SEER2-6.4-HSPF2,35.04,26948.37,71.8,55220.43,26948.370000000003,1803.95,50.46,1557.5,457.71,10338.53,0.0,348.14,0.0,0.0,0.0,0.0,12392.08,0.0,0.0,1803.95,50.46,0.0,0.0,8268.27,2070.26,12392.08,12486.03,14462.34,0.0,0.0,7276449.466849125
SFm_1975/runs/CZ01/SFm&1&rDXHP&Ex&dxHP_equip/RE-dxHP_eq-pkgSEER-19.6-SEER2-8.9-HSPF2/instance-out.sql,CZ01,SFm,1,rDXHP,Ex,dxHP_equip,,RE-dxHP_eq-pkgSEER-19.6-SEER2-8.9-HSPF2,SFm&1&rDXHP&Ex&dxHP_equip,RE-dxHP_eq-pkgSEER-19.6-SEER2-8.9-HSPF2,34.54,26564.77,70.22,54005.72,26564.77,1613.09,38.06,1557.5,457.71,10338.53,0.0,167.87,0.0,0.0,0.0,0.0,12392.01,0.0,0.0,1613.09,38.06,0.0,0.0,8268.27,2070.26,12392.01,12102.5,14462.27,0.0,0.0,6912708.915620583
SFm_1975/runs/CZ01/SFm&1&rDXHP&Ex&dxHP_equip/RE-dxHP_eq-pkgSEER-18.7-SEER2-8.5-HSPF2/instance-out.sql,CZ01,SFm,1,rDXHP,Ex,dxHP_equip,,RE-dxHP_eq-pkgSEER-18.7-SEER2-8.5-HSPF2,SFm&1&rDXHP&Ex&dxHP_equip,RE-dxHP_eq-pkgSEER-18.7-SEER2-8.5-HSPF2,34.56,26580.41,70.28,54055.23,26580.4,1628.13,38.66,1557.5,457.71,10338.53,0.0,167.87,0.0,0.0,0.0,0.0,12392.01,0.0,0.0,1628.13,38.66,0.0,0.0,8268.27,2070.26,12392.01,12118.13,14462.27,0.0,0.0,6922536.945675999
MFm_New/runs/CZ16/MFm&0&rDXHP&New&dxHP_equip/RE-dxHP_eq-pkgSEER-14.3-SEER2-7.5-HSPF2/instance-out.sql,CZ16,MFm,0,rDXHP,New,dxHP_equip,,RE-dxHP_eq-pkgSEER-14.3-SEER2-7.5-HSPF2,MFm&0&rDXHP&New&dxHP_equip,RE-dxHP_eq-pkgSEER-14.3-SEER2-7.5-HSPF2,49.47,254143.76,91.29,468962.38,254143.75,10027.39,6761.19,12897.22,0.0,73945.06,0.0,3516.88,0.0,0.0,0.0,0.0,146996.01,0.0,0.0,10027.39,6761.19,0.0,0.0,59678.04,14267.02,146996.01,92880.72,161263.03,0.0,0.0,87942102.1771852
MFm_New/runs/CZ16/MFm&0&rDXHP&New&dxHP_equip/RE-dxHP_eq-pkgSEER-17.8-SEER2-8.1-HSPF2/instance-out.sql,CZ16,MFm,0,rDXHP,New,dxHP_equip,,RE-dxHP_eq-pkgSEER-17.8-SEER2-8.1-HSPF2,MFm&0&rDXHP&New&dxHP_equip,RE-dxHP_eq-pkgSEER-17.8-SEER2-8.1-HSPF2,48.8,250715.46,89.17,458102.95,250715.47000000003,9707.42,5604.9,12897.22,0.0,73945.06,0.0,1563.87,0.0,0.0,0.0,0.0,146996.98,0.0,0.0,9707.42,5604.9,0.0,0.0,59678.04,14267.02,146996.98,89451.46,161264.01,0.0,0.0,76411447.79335052
MFm_New/runs/CZ16/MFm&0&rDXHP&New&dxHP_equip/RE-dxHP_eq-pkgSEER-18.7-SEER2-8.5-HSPF2/instance-out.sql,CZ16,MFm,0,rDXHP,New,dxHP_equip,,RE-dxHP_eq-pkgSEER-18.7-SEER2-8.5-HSPF2,MFm&0&rDXHP&New&dxHP_equip,RE-dxHP_eq-pkgSEER-18.7-SEER2-8.5-HSPF2,48.77,250552.75,89.07,457587.64,250552.75,9644.29,5505.31,12897.22,0.0,73945.06,0.0,1563.87,0.0,0.0,0.0,0.0,146996.98,0.0,0.0,9644.29,5505.31,0.0,0.0,59678.04,14267.02,146996.98,89288.74,161264.01,0.0,0.0,75914463.11289787
MFm_New/runs/CZ16/MFm&0&rDXHP&New&dxHP_equip/RE-dxHP_eq-pkgSEER-19.6-SEER2-8.9-HSPF2/instance-out.sql,CZ16,MFm,0,rDXHP,New,dxHP_equip,,RE-dxHP_eq-pkgSEER-19.6-SEER2-8.9-HSPF2,MFm&0&rDXHP&New&dxHP_equip,RE-dxHP_eq-pkgSEER-19.6-SEER2-8.9-HSPF2,48.75,250417.39,88.99,457158.93,250417.39,9593.05,5421.19,12897.22,0.0,73945.06,0.0,1563.87,0.0,0.0,0.0,0.0,146996.98,0.0,0.0,9593.05,5421.19,0.0,0.0,59678.04,14267.02,146996.98,89153.38,161264.01,0.0,0.0,75494705.21227063
MFm_New/runs/CZ14/MFm&0&rDXHP&New&dxHP_equip/RE-dxHP_eq-pkgSEER-14.3-SEER2-7.5-HSPF2/instance-out.sql,CZ14,MFm,0,rDXHP,New,dxHP_equip,,RE-dxHP_eq-pkgSEER-14.3-SEER2-7.5-HSPF2,MFm&0&rDXHP&New&dxHP_equip,RE-dxHP_eq-pkgSEER-14.3-SEER2-7.5-HSPF2,49.13,252409.71,91.47,469879.07,252409.71000000002,7135.83,10681.38,12897.22,0.0,73945.06,0.0,3830.72,0.0,0.0,0.0,0.0,143919.48,0.0,0.0,7135.83,10681.38,0.0,0.0,59678.04,14267.02,143919.48,94223.21,158186.5,0.0,0.0,83661571.28797963
MFm_New/runs/CZ15/MFm&0&rDXHP&New&dxHP_equip/RE-dxHP_eq-pkgSEER-18.7-SEER2-8.5-HSPF2/instance-out.sql,CZ15,MFm,0,rDXHP,New,dxHP_equip,,RE-dxHP_eq-pkgSEER-18.7-SEER2-8.5-HSPF2,MFm&0&rDXHP&New&dxHP_equip,RE-dxHP_eq-pkgSEER-18.7-SEER2-8.5-HSPF2,51.17,262881.65,98.99,508536.17,262881.65,1487.59,29126.62,12897.22,0.0,73945.06,0.0,4142.47,0.0,0.0,0.0,0.0,141282.67,0.0,0.0,1487.59,29126.62,0.0,0.0,59678.04,14267.02,141282.67,107331.95,155549.7,0.0,0.0,113757491.0395459
MFm_New/runs/CZ15/MFm&0&rDXHP&New&dxHP_equip/RE-dxHP_eq-pkgSEER-16.0-SEER2-8.0-HSPF2/instance-out.sql,CZ15,MFm,0,rDXHP,New,dxHP_equip,,RE-dxHP_eq-pkgSEER-16.0-SEER2-8.0-HSPF2,MFm&0&rDXHP&New&dxHP_equip,RE-dxHP_eq-pkgSEER-16.0-SEER2-8.0-HSPF2,51.57,264902.86,100.24,514937.35,264902.87,1505.94,31129.49,12897.22,0.0,73945.06,0.0,4142.47,0.0,0.0,0.0,0.0,141282.67,0.0,0.0,1505.94,31129.49,0.0,0.0,59678.04,14267.02,141282.67,109353.17,155549.7,0.0,0.0,118073684.73150006
MFm_New/runs/CZ15/MFm&0&rDXHP&New&dxHP_equip/RE-dxHP_eq-pkgSEER-14.3-SEER2-7.5-HSPF2/instance-out.sql,CZ15,MFm,0,rDXHP,New,dxHP_equip,,RE-dxHP_eq-pkgSEER-14.3-SEER2-7.5-HSPF2,MFm&0&rDXHP&New&dxHP_equip,RE-dxHP_eq-pkgSEER-14.3-SEER2-7.5-HSPF2,53.47,274695.26,106.27,545903.18,274695.26,1551.59,35769.66,12897.22,0.0,73945.06,0.0,9226.64,0.0,0.0,0.0,0.0,141305.08,0.0,0.0,1551.59,35769.66,0.0,0.0,59678.04,14267.02,141305.08,119123.15,155572.11,0.0,0.0,139510621.8787124
MFm_New/runs/CZ15/MFm&0&rDXHP&New&dxHP_equip/RE-dxHP_eq-pkgSEER-17.8-SEER2-8.1-HSPF2/instance-out.sql,CZ15,MFm,0,rDXHP,New,dxHP_equip,,RE-dxHP_eq-pkgSEER-17.8-SEER2-8.1-HSPF2,MFm&0&rDXHP&New&dxHP_equip,RE-dxHP_eq-pkgSEER-17.8-SEER2-8.1-HSPF2,51.28,263423.17,99.33,510251.17,263423.18,1501.29,29654.45,12897.22,0.0,73945.06,0.0,4142.47,0.0,0.0,0.0,0.0,141282.67,0.0,0.0,1501.29,29654.45,0.0,0.0,59678.04,14267.02,141282.67,107873.48,155549.7,0.0,0.0,114902474.3846226
MFm_New/runs/CZ16/MFm&0&rDXHP&New&dxHP_equip/RE-dxHP_eq-pkgSEER-16.0-SEER2-8.0-HSPF2/instance-out.sql,CZ16,MFm,0,rDXHP,New,dxHP_equip,,RE-dxHP_eq-pkgSEER-16.0-SEER2-8.0-HSPF2,MFm&0&rDXHP&New&dxHP_equip,RE-dxHP_eq-pkgSEER-16.0-SEER2-8.0-HSPF2,48.86,251015.77,89.36,459054.03,251015.78000000003,9728.87,5883.75,12897.22,0.0,73945.06,0.0,1563.87,0.0,0.0,0.0,0.0,146996.98,0.0,0.0,9728.87,5883.75,0.0,0.0,59678.04,14267.02,146996.98,89751.77,161264.01,0.0,0.0,77802896.07153273
MFm_New/runs/CZ14/MFm&0&rDXHP&New&dxHP_equip/RE-dxHP_eq-pkgSEER-17.8-SEER2-8.1-HSPF2/instance-out.sql,CZ14,MFm,0,rDXHP,New,dxHP_equip,,RE-dxHP_eq-pkgSEER-17.8-SEER2-8.1-HSPF2,MFm&0&rDXHP&New&dxHP_equip,RE-dxHP_eq-pkgSEER-17.8-SEER2-8.1-HSPF2,48.33,248304.43,88.94,456886.24,248304.43,6822.09,8985.74,12897.22,0.0,73945.06,0.0,1738.96,0.0,0.0,0.0,0.0,143915.36,0.0,0.0,6822.09,8985.74,0.0,0.0,59678.04,14267.02,143915.36,90122.05,158182.38,0.0,0.0,73775533.55632782
MFm_New/runs/CZ14/MFm&0&rDXHP&New&dxHP_equip/RE-dxHP_eq-pkgSEER-18.7-SEER2-8.5-HSPF2/instance-out.sql,CZ14,MFm,0,rDXHP,New,dxHP_equip,,RE-dxHP_eq-pkgSEER-18.7-SEER2-8.5-HSPF2,MFm&0&rDXHP&New&dxHP_equip,RE-dxHP_eq-pkgSEER-18.7-SEER2-8.5-HSPF2,48.29,248087.63,88.8,456199.62,248087.63,6764.67,8826.34,12897.22,0.0,73945.06,0.0,1738.96,0.0,0.0,0.0,0.0,143915.36,0.0,0.0,6764.67,8826.34,0.0,0.0,59678.04,14267.02,143915.36,89905.25,158182.38,0.0,0.0,73307377.05210386
MFm_New/runs/CZ15/MFm&0&rDXHP&New&dxHP_equip/RE-dxHP_eq-pkgSEER-19.6-SEER2-8.9-HSPF2/instance-out.sql,CZ15,MFm,0,rDXHP,New,dxHP_equip,,RE-dxHP_eq-pkgSEER-19.6-SEER2-8.9-HSPF2,MFm&0&rDXHP&New&dxHP_equip,RE-dxHP_eq-pkgSEER-19.6-SEER2-8.9-HSPF2,51.08,262425.58,98.71,507091.8,262425.59,1476.48,28681.67,12897.22,0.0,73945.06,0.0,4142.47,0.0,0.0,0.0,0.0,141282.67,0.0,0.0,1476.48,28681.67,0.0,0.0,59678.04,14267.02,141282.67,106875.89,155549.7,0.0,0.0,112801085.40629146
MFm_New/runs/CZ14/MFm&0&rDXHP&New&dxHP_equip/RE-dxHP_eq-pkgSEER-16.0-SEER2-8.0-HSPF2/instance-out.sql,CZ14,MFm,0,rDXHP,New,dxHP_equip,,RE-dxHP_eq-pkgSEER-16.0-SEER2-8.0-HSPF2,MFm&0&rDXHP&New&dxHP_equip,RE-dxHP_eq-pkgSEER-16.0-SEER2-8.0-HSPF2,48.43,248771.1,89.23,458364.17,248771.1,6841.59,9432.89,12897.22,0.0,73945.06,0.0,1738.96,0.0,0.0,0.0,0.0,143915.36,0.0,0.0,6841.59,9432.89,0.0,0.0,59678.04,14267.02,143915.36,90588.72,158182.38,0.0,0.0,75088895.59765047
MFm_New/runs/CZ13/MFm&0&rDXHP&New&dxHP_equip/RE-dxHP_eq-pkgSEER-14.3-SEER2-7.5-HSPF2/instance-out.sql,CZ13,MFm,0,rDXHP,New,dxHP_equip,,RE-dxHP_eq-pkgSEER-14.3-SEER2-7.5-HSPF2,MFm&0&rDXHP&New&dxHP_equip,RE-dxHP_eq-pkgSEER-14.3-SEER2-7.5-HSPF2,50.49,259383.21,95.91,492714.93,259383.21000000002,5307.32,18122.97,12897.22,0.0,73945.06,0.0,5551.58,0.0,0.0,0.0,0.0,143559.04,0.0,0.0,5307.32,18122.97,0.0,0.0,59678.04,14267.02,143559.04,101557.14,157826.07,0.0,0.0,117662403.69972226
MFm_New/runs/CZ14/MFm&0&rDXHP&New&dxHP_equip/RE-dxHP_eq-pkgSEER-19.6-SEER2-8.9-HSPF2/instance-out.sql,CZ14,MFm,0,rDXHP,New,dxHP_equip,,RE-dxHP_eq-pkgSEER-19.6-SEER2-8.9-HSPF2,MFm&0&rDXHP&New&dxHP_equip,RE-dxHP_eq-pkgSEER-19.6-SEER2-8.9-HSPF2,48.26,247906.13,88.69,455624.8,247906.12,6718.07,8691.44,12897.22,0.0,73945.06,0.0,1738.96,0.0,0.0,0.0,0.0,143915.36,0.0,0.0,6718.07,8691.44,0.0,0.0,59678.04,14267.02,143915.36,89723.74,158182.38,0.0,0.0,72911156.16793396
MFm_New/runs/CZ12/MFm&0&rDXHP&New&dxHP_equip/RE-dxHP_eq-pkgSEER-17.8-SEER2-8.1-HSPF2/instance-out.sql,CZ12,MFm,0,rDXHP,New,dxHP_equip,,RE-dxHP_eq-pkgSEER-17.8-SEER2-8.1-HSPF2,MFm&0&rDXHP&New&dxHP_equip,RE-dxHP_eq-pkgSEER-17.8-SEER2-8.1-HSPF2,47.27,242855.88,85.17,437529.93,242855.87999999998,5315.99,4742.75,12897.22,0.0,73945.06,0.0,1030.98,0.0,0.0,0.0,0.0,144923.87,0.0,0.0,5315.99,4742.75,0.0,0.0,59678.04,14267.02,144923.87,83664.98,159190.9,0.0,0.0,71638042.52297845
MFm_New/runs/CZ13/MFm&0&rDXHP&New&dxHP_equip/RE-dxHP_eq-pkgSEER-17.8-SEER2-8.1-HSPF2/instance-out.sql,CZ13,MFm,0,rDXHP,New,dxHP_equip,,RE-dxHP_eq-pkgSEER-17.8-SEER2-8.1-HSPF2,MFm&0&rDXHP&New&dxHP_equip,RE-dxHP_eq-pkgSEER-17.8-SEER2-8.1-HSPF2,49.26,253052.8,92.01,472696.03,253052.8,5101.79,15055.09,12897.22,0.0,73945.06,0.0,2508.75,0.0,0.0,0.0,0.0,143544.88,0.0,0.0,5101.79,15055.09,0.0,0.0,59678.04,14267.02,143544.88,95240.9,157811.9,0.0,0.0,98478529.61547023
MFm_New/runs/CZ12/MFm&0&rDXHP&New&dxHP_equip/RE-dxHP_eq-pkgSEER-14.3-SEER2-7.5-HSPF2/instance-out.sql,CZ12,MFm,0,rDXHP,New,dxHP_equip,,RE-dxHP_eq-pkgSEER-14.3-SEER2-7.5-HSPF2,MFm&0&rDXHP&New&dxHP_equip,RE-dxHP_eq-pkgSEER-14.3-SEER2-7.5-HSPF2,47.72,245135.17,86.57,444742.15,245135.16,5536.77,5613.21,12897.22,0.0,73945.06,0.0,2216.01,0.0,0.0,0.0,0.0,144926.89,0.0,0.0,5536.77,5613.21,0.0,0.0,59678.04,14267.02,144926.89,85941.25,159193.91,0.0,0.0,80709452.38714659
MFm_New/runs/CZ13/MFm&0&rDXHP&New&dxHP_equip/RE-dxHP_eq-pkgSEER-19.6-SEER2-8.9-HSPF2/instance-out.sql,CZ13,MFm,0,rDXHP,New,dxHP_equip,,RE-dxHP_eq-pkgSEER-19.6-SEER2-8.9-HSPF2,MFm&0&rDXHP&New&dxHP_equip,RE-dxHP_eq-pkgSEER-19.6-SEER2-8.9-HSPF2,49.15,252480.0,91.66,470881.98,252480.0,5022.99,14561.1,12897.22,0.0,73945.06,0.0,2508.75,0.0,0.0,0.0,0.0,143544.88,0.0,0.0,5022.99,14561.1,0.0,0.0,59678.04,14267.02,143544.88,94668.1,157811.9,0.0,0.0,96879954.08662374
MFm_New/runs/CZ13/MFm&0&rDXHP&New&dxHP_equip/RE-dxHP_eq-pkgSEER-18.7-SEER2-8.5-HSPF2/instance-out.sql,CZ13,MFm,0,rDXHP,New,dxHP_equip,,RE-dxHP_eq-pkgSEER-18.7-SEER2-8.5-HSPF2,MFm&0&rDXHP&New&dxHP_equip,RE-dxHP_eq-pkgSEER-18.7-SEER2-8.5-HSPF2,49.2,252741.19,91.82,471709.15,252741.18,5058.29,14786.97,12897.22,0.0,73945.06,0.0,2508.75,0.0,0.0,0.0,0.0,143544.88,0.0,0.0,5058.29,14786.97,0.0,0.0,59678.04,14267.02,143544.88,94929.28,157811.9,0.0,0.0,97607644.85191555
MFm_New/runs/CZ12/MFm&0&rDXHP&New&dxHP_equip/RE-dxHP_eq-pkgSEER-16.0-SEER2-8.0-HSPF2/instance-out.sql,CZ12,MFm,0,rDXHP,New,dxHP_equip,,RE-dxHP_eq-pkgSEER-16.0-SEER2-8.0-HSPF2,MFm&0&rDXHP&New&dxHP_equip,RE-dxHP_eq-pkgSEER-16.0-SEER2-8.0-HSPF2,47.32,243106.12,85.32,438322.44,243106.12,5330.21,4978.77,12897.22,0.0,73945.06,0.0,1030.98,0.0,0.0,0.0,0.0,144923.87,0.0,0.0,5330.21,4978.77,0.0,0.0,59678.04,14267.02,144923.87,83915.22,159190.9,0.0,0.0,72857117.52397794
MFm_New/runs/CZ11/MFm&0&rDXHP&New&dxHP_equip/RE-dxHP_eq-pkgSEER-17.8-SEER2-8.1-HSPF2/instance-out.sql,CZ11,MFm,0,rDXHP,New,dxHP_equip,,RE-dxHP_eq-pkgSEER-17.8-SEER2-8.1-HSPF2,MFm&0&rDXHP&New&dxHP_equip,RE-dxHP_eq-pkgSEER-17.8-SEER2-8.1-HSPF2,48.92,251330.53,90.44,464583.63,251330.54,4867.43,12767.77,12897.22,0.0,73945.06,0.0,2032.13,0.0,0.0,0.0,0.0,144820.91,0.0,0.0,4867.43,12767.77,0.0,0.0,59678.04,14267.02,144820.91,92242.6,159087.94,0.0,0.0,94511451.31359883
MFm_New/runs/CZ13/MFm&0&rDXHP&New&dxHP_equip/RE-dxHP_eq-pkgSEER-16.0-SEER2-8.0-HSPF2/instance-out.sql,CZ13,MFm,0,rDXHP,New,dxHP_equip,,RE-dxHP_eq-pkgSEER-16.0-SEER2-8.0-HSPF2,MFm&0&rDXHP&New&dxHP_equip,RE-dxHP_eq-pkgSEER-16.0-SEER2-8.0-HSPF2,49.41,253816.38,92.49,475114.28,253816.37999999998,5116.57,15803.89,12897.22,0.0,73945.06,0.0,2508.75,0.0,0.0,0.0,0.0,143544.88,0.0,0.0,5116.57,15803.89,0.0,0.0,59678.04,14267.02,143544.88,96004.48,157811.9,0.0,0.0,100891357.56992202
MFm_New/runs/CZ11/MFm&0&rDXHP&New&dxHP_equip/RE-dxHP_eq-pkgSEER-14.3-SEER2-7.5-HSPF2/instance-out.sql,CZ11,MFm,0,rDXHP,New,dxHP_equip,,RE-dxHP_eq-pkgSEER-14.3-SEER2-7.5-HSPF2,MFm&0&rDXHP&New&dxHP_equip,RE-dxHP_eq-pkgSEER-14.3-SEER2-7.5-HSPF2,49.94,256546.76,93.65,481082.34,256546.77000000002,5005.25,15359.92,12897.22,0.0,73945.06,0.0,4508.27,0.0,0.0,0.0,0.0,144831.03,0.0,0.0,5005.25,15359.92,0.0,0.0,59678.04,14267.02,144831.03,97448.71,159098.06,0.0,0.0,111907923.1569337
MFm_New/runs/CZ12/MFm&0&rDXHP&New&dxHP_equip/RE-dxHP_eq-pkgSEER-18.7-SEER2-8.5-HSPF2/instance-out.sql,CZ12,MFm,0,rDXHP,New,dxHP_equip,,RE-dxHP_eq-pkgSEER-18.7-SEER2-8.5-HSPF2,MFm&0&rDXHP&New&dxHP_equip,RE-dxHP_eq-pkgSEER-18.7-SEER2-8.5-HSPF2,47.25,242729.89,85.09,437130.92,242729.88999999998,5274.12,4658.62,12897.22,0.0,73945.06,0.0,1030.98,0.0,0.0,0.0,0.0,144923.87,0.0,0.0,5274.12,4658.62,0.0,0.0,59678.04,14267.02,144923.87,83538.99,159190.9,0.0,0.0,71203495.25200662
MFm_New/runs/CZ11/MFm&0&rDXHP&New&dxHP_equip/RE-dxHP_eq-pkgSEER-19.6-SEER2-8.9-HSPF2/instance-out.sql,CZ11,MFm,0,rDXHP,New,dxHP_equip,,RE-dxHP_eq-pkgSEER-19.6-SEER2-8.9-HSPF2,MFm&0&rDXHP&New&dxHP_equip,RE-dxHP_eq-pkgSEER-19.6-SEER2-8.9-HSPF2,48.83,250850.71,90.14,463064.02,250850.71000000002,4806.51,12348.87,12897.22,0.0,73945.06,0.0,2032.13,0.0,0.0,0.0,0.0,144820.91,0.0,0.0,4806.51,12348.87,0.0,0.0,59678.04,14267.02,144820.91,91762.77,159087.94,0.0,0.0,93029741.84452641
MFm_New/runs/CZ11/MFm&0&rDXHP&New&dxHP_equip/RE-dxHP_eq-pkgSEER-18.7-SEER2-8.5-HSPF2/instance-out.sql,CZ11,MFm,0,rDXHP,New,dxHP_equip,,RE-dxHP_eq-pkgSEER-18.7-SEER2-8.5-HSPF2,MFm&0&rDXHP&New&dxHP_equip,RE-dxHP_eq-pkgSEER-18.7-SEER2-8.5-HSPF2,48.87,251069.57,90.27,463757.15,251069.57,4833.81,12540.44,12897.22,0.0,73945.06,0.0,2032.13,0.0,0.0,0.0,0.0,144820.91,0.0,0.0,4833.81,12540.44,0.0,0.0,59678.04,14267.02,144820.91,91981.63,159087.94,0.0,0.0,93705952.51638097
MFm_New/runs/CZ10/MFm&0&rDXHP&New&dxHP_equip/RE-dxHP_eq-pkgSEER-14.3-SEER2-7.5-HSPF2/instance-out.sql,CZ10,MFm,0,rDXHP,New,dxHP_equip,,RE-dxHP_eq-pkgSEER-14.3-SEER2-7.5-HSPF2,MFm&0&rDXHP&New&dxHP_equip,RE-dxHP_eq-pkgSEER-14.3-SEER2-7.5-HSPF2,47.98,246483.38,87.94,451779.67,246483.38,2412.34,10469.25,12897.22,0.0,73945.06,0.0,3161.34,0.0,0.0,0.0,0.0,143598.16,0.0,0.0,2412.34,10469.25,0.0,0.0,59678.04,14267.02,143598.16,88618.19,157865.19,0.0,0.0,97986300.79117703
MFm_New/runs/CZ11/MFm&0&rDXHP&New&dxHP_equip/RE-dxHP_eq-pkgSEER-16.0-SEER2-8.0-HSPF2/instance-out.sql,CZ11,MFm,0,rDXHP,New,dxHP_equip,,RE-dxHP_eq-pkgSEER-16.0-SEER2-8.0-HSPF2,MFm&0&rDXHP&New&dxHP_equip,RE-dxHP_eq-pkgSEER-16.0-SEER2-8.0-HSPF2,49.05,251977.01,90.83,466631.02,251977.02000000002,4878.86,13402.82,12897.22,0.0,73945.06,0.0,2032.13,0.0,0.0,0.0,0.0,144820.91,0.0,0.0,4878.86,13402.82,0.0,0.0,59678.04,14267.02,144820.91,92889.08,159087.94,0.0,0.0,96753334.40170416
MFm_New/runs/CZ12/MFm&0&rDXHP&New&dxHP_equip/RE-dxHP_eq-pkgSEER-19.6-SEER2-8.9-HSPF2/instance-out.sql,CZ12,MFm,0,rDXHP,New,dxHP_equip,,RE-dxHP_eq-pkgSEER-19.6-SEER2-8.9-HSPF2,MFm&0&rDXHP&New&dxHP_equip,RE-dxHP_eq-pkgSEER-19.6-SEER2-8.9-HSPF2,47.23,242624.71,85.03,436797.81,242624.71,5240.14,4587.42,12897.22,0.0,73945.06,0.0,1030.98,0.0,0.0,0.0,0.0,144923.87,0.0,0.0,5240.14,4587.42,0.0,0.0,59678.04,14267.02,144923.87,83433.81,159190.9,0.0,0.0,70835719.30023706
MFm_New/runs/CZ10/MFm&0&rDXHP&New&dxHP_equip/RE-dxHP_eq-pkgSEER-16.0-SEER2-8.0-HSPF2/instance-out.sql,CZ10,MFm,0,rDXHP,New,dxHP_equip,,RE-dxHP_eq-pkgSEER-16.0-SEER2-8.0-HSPF2,MFm&0&rDXHP&New&dxHP_equip,RE-dxHP_eq-pkgSEER-16.0-SEER2-8.0-HSPF2,47.39,243435.66,86.07,442141.14,243435.67,2339.62,9227.09,12897.22,0.0,73945.06,0.0,1435.01,0.0,0.0,0.0,0.0,143591.64,0.0,0.0,2339.62,9227.09,0.0,0.0,59678.04,14267.02,143591.64,85577.0,157858.67,0.0,0.0,85814039.16913489
MFm_New/runs/CZ09/MFm&0&rDXHP&New&dxHP_equip/RE-dxHP_eq-pkgSEER-17.8-SEER2-8.1-HSPF2/instance-out.sql,CZ09,MFm,0,rDXHP,New,dxHP_equip,,RE-dxHP_eq-pkgSEER-17.8-SEER2-8.1-HSPF2,MFm&0&rDXHP&New&dxHP_equip,RE-dxHP_eq-pkgSEER-17.8-SEER2-8.1-HSPF2,47.5,244007.35,86.44,444076.04,244007.35,4260.4,7789.06,12897.22,0.0,73945.06,0.0,1583.66,0.0,0.0,0.0,0.0,143531.95,0.0,0.0,4260.4,7789.06,0.0,0.0,59678.04,14267.02,143531.95,86208.38,157798.97,0.0,0.0,85647492.63158238
MFm_New/runs/CZ10/MFm&0&rDXHP&New&dxHP_equip/RE-dxHP_eq-pkgSEER-18.7-SEER2-8.5-HSPF2/instance-out.sql,CZ10,MFm,0,rDXHP,New,dxHP_equip,,RE-dxHP_eq-pkgSEER-18.7-SEER2-8.5-HSPF2,MFm&0&rDXHP&New&dxHP_equip,RE-dxHP_eq-pkgSEER-18.7-SEER2-8.5-HSPF2,47.27,242819.29,85.69,440189.08,242819.29,2316.8,8633.54,12897.22,0.0,73945.06,0.0,1435.01,0.0,0.0,0.0,0.0,143591.64,0.0,0.0,2316.8,8633.54,0.0,0.0,59678.04,14267.02,143591.64,84960.62,157858.67,0.0,0.0,83404928.97791773
MFm_New/runs/CZ10/MFm&0&rDXHP&New&dxHP_equip/RE-dxHP_eq-pkgSEER-17.8-SEER2-8.1-HSPF2/instance-out.sql,CZ10,MFm,0,rDXHP,New,dxHP_equip,,RE-dxHP_eq-pkgSEER-17.8-SEER2-8.1-HSPF2,MFm&0&rDXHP&New&dxHP_equip,RE-dxHP_eq-pkgSEER-17.8-SEER2-8.1-HSPF2,47.3,242992.6,85.79,440737.96,242992.6,2333.83,8789.82,12897.22,0.0,73945.06,0.0,1435.01,0.0,0.0,0.0,0.0,143591.64,0.0,0.0,2333.83,8789.82,0.0,0.0,59678.04,14267.02,143591.64,85133.93,157858.67,0.0,0.0,84040202.24785888
MFm_New/runs/CZ10/MFm&0&rDXHP&New&dxHP_equip/RE-dxHP_eq-pkgSEER-19.6-SEER2-8.9-HSPF2/instance-out.sql,CZ10,MFm,0,rDXHP,New,dxHP_equip,,RE-dxHP_eq-pkgSEER-19.6-SEER2-8.9-HSPF2,MFm&0&rDXHP&New&dxHP_equip,RE-dxHP_eq-pkgSEER-19.6-SEER2-8.9-HSPF2,47.24,242673.55,85.6,439727.53,242673.55000000002,2302.98,8501.63,12897.22,0.0,73945.06,0.0,1435.01,0.0,0.0,0.0,0.0,143591.64,0.0,0.0,2302.98,8501.63,0.0,0.0,59678.04,14267.02,143591.64,84814.88,157858.67,0.0,0.0,82869851.06531873
MFm_New/runs/CZ09/MFm&0&rDXHP&New&dxHP_equip/RE-dxHP_eq-pkgSEER-16.0-SEER2-8.0-HSPF2/instance-out.sql,CZ09,MFm,0,rDXHP,New,dxHP_equip,,RE-dxHP_eq-pkgSEER-16.0-SEER2-8.0-HSPF2,MFm&0&rDXHP&New&dxHP_equip,RE-dxHP_eq-pkgSEER-16.0-SEER2-8.0-HSPF2,47.58,244411.49,86.69,445355.92,244411.49000000002,4277.09,8176.51,12897.22,0.0,73945.06,0.0,1583.66,0.0,0.0,0.0,0.0,143531.95,0.0,0.0,4277.09,8176.51,0.0,0.0,59678.04,14267.02,143531.95,86612.52,157798.97,0.0,0.0,87491593.62333626
MFm_New/runs/CZ09/MFm&0&rDXHP&New&dxHP_equip/RE-dxHP_eq-pkgSEER-19.6-SEER2-8.9-HSPF2/instance-out.sql,CZ09,MFm,0,rDXHP,New,dxHP_equip,,RE-dxHP_eq-pkgSEER-19.6-SEER2-8.9-HSPF2,MFm&0&rDXHP&New&dxHP_equip,RE-dxHP_eq-pkgSEER-19.6-SEER2-8.9-HSPF2,47.43,243662.93,86.23,442985.25,243662.93000000002,4171.46,7533.58,12897.22,0.0,73945.06,0.0,1583.66,0.0,0.0,0.0,0.0,143531.95,0.0,0.0,4171.46,7533.58,0.0,0.0,59678.04,14267.02,143531.95,85863.96,157798.97,0.0,0.0,84426710.6862224
MFm_New/runs/CZ09/MFm&0&rDXHP&New&dxHP_equip/RE-dxHP_eq-pkgSEER-18.7-SEER2-8.5-HSPF2/instance-out.sql,CZ09,MFm,0,rDXHP,New,dxHP_equip,,RE-dxHP_eq-pkgSEER-18.7-SEER2-8.5-HSPF2,MFm&0&rDXHP&New&dxHP_equip,RE-dxHP_eq-pkgSEER-18.7-SEER2-8.5-HSPF2,47.46,243819.66,86.33,443481.61,243819.66,4211.31,7650.46,12897.22,0.0,73945.06,0.0,1583.66,0.0,0.0,0.0,0.0,143531.95,0.0,0.0,4211.31,7650.46,0.0,0.0,59678.04,14267.02,143531.95,86020.69,157798.97,0.0,0.0,84982898.48919597
MFm_New/runs/CZ08/MFm&0&rDXHP&New&dxHP_equip/RE-dxHP_eq-pkgSEER-16.0-SEER2-8.0-HSPF2/instance-out.sql,CZ08,MFm,0,rDXHP,New,dxHP_equip,,RE-dxHP_eq-pkgSEER-16.0-SEER2-8.0-HSPF2,MFm&0&rDXHP&New&dxHP_equip,RE-dxHP_eq-pkgSEER-16.0-SEER2-8.0-HSPF2,47.22,242560.35,85.5,439236.24,242560.36000000002,1813.61,8785.33,12897.22,0.0,73945.06,0.0,1463.73,0.0,0.0,0.0,0.0,143655.39,0.0,0.0,1813.61,8785.33,0.0,0.0,59678.04,14267.02,143655.39,84637.94,157922.42,0.0,0.0,83198597.5011093
MFm_New/runs/CZ09/MFm&0&rDXHP&New&dxHP_equip/RE-dxHP_eq-pkgSEER-14.3-SEER2-7.5-HSPF2/instance-out.sql,CZ09,MFm,0,rDXHP,New,dxHP_equip,,RE-dxHP_eq-pkgSEER-14.3-SEER2-7.5-HSPF2,MFm&0&rDXHP&New&dxHP_equip,RE-dxHP_eq-pkgSEER-14.3-SEER2-7.5-HSPF2,48.2,247609.07,88.66,455471.18,247609.07,4477.81,9291.24,12897.22,0.0,73945.06,0.0,3460.27,0.0,0.0,0.0,0.0,143537.46,0.0,0.0,4477.81,9291.24,0.0,0.0,59678.04,14267.02,143537.46,89804.59,157804.48,0.0,0.0,100321228.97721797
MFm_New/runs/CZ08/MFm&0&rDXHP&New&dxHP_equip/RE-dxHP_eq-pkgSEER-14.3-SEER2-7.5-HSPF2/instance-out.sql,CZ08,MFm,0,rDXHP,New,dxHP_equip,,RE-dxHP_eq-pkgSEER-14.3-SEER2-7.5-HSPF2,MFm&0&rDXHP&New&dxHP_equip,RE-dxHP_eq-pkgSEER-14.3-SEER2-7.5-HSPF2,47.81,245603.66,87.38,448862.24,245603.66,1887.39,9982.82,12897.22,0.0,73945.06,0.0,3229.93,0.0,0.0,0.0,0.0,143661.23,0.0,0.0,1887.39,9982.82,0.0,0.0,59678.04,14267.02,143661.23,87675.4,157928.26,0.0,0.0,94884535.05523711
MFm_New/runs/CZ08/MFm&0&rDXHP&New&dxHP_equip/RE-dxHP_eq-pkgSEER-17.8-SEER2-8.1-HSPF2/instance-out.sql,CZ08,MFm,0,rDXHP,New,dxHP_equip,,RE-dxHP_eq-pkgSEER-17.8-SEER2-8.1-HSPF2,MFm&0&rDXHP&New&dxHP_equip,RE-dxHP_eq-pkgSEER-17.8-SEER2-8.1-HSPF2,47.13,242138.78,85.24,437901.12,242138.78,1808.27,8369.1,12897.22,0.0,73945.06,0.0,1463.73,0.0,0.0,0.0,0.0,143655.39,0.0,0.0,1808.27,8369.1,0.0,0.0,59678.04,14267.02,143655.39,84216.36,157922.42,0.0,0.0,81550296.74415089
MFm_New/runs/CZ08/MFm&0&rDXHP&New&dxHP_equip/RE-dxHP_eq-pkgSEER-18.7-SEER2-8.5-HSPF2/instance-out.sql,CZ08,MFm,0,rDXHP,New,dxHP_equip,,RE-dxHP_eq-pkgSEER-18.7-SEER2-8.5-HSPF2,MFm&0&rDXHP&New&dxHP_equip,RE-dxHP_eq-pkgSEER-18.7-SEER2-8.5-HSPF2,47.1,241973.98,85.14,437379.21,241973.98,1792.57,8220.0,12897.22,0.0,73945.06,0.0,1463.73,0.0,0.0,0.0,0.0,143655.39,0.0,0.0,1792.57,8220.0,0.0,0.0,59678.04,14267.02,143655.39,84051.56,157922.42,0.0,0.0,80954687.32764602
MFm_New/runs/CZ07/MFm&0&rDXHP&New&dxHP_equip/RE-dxHP_eq-pkgSEER-16.0-SEER2-8.0-HSPF2/instance-out.sql,CZ07,MFm,0,rDXHP,New,dxHP_equip,,RE-dxHP_eq-pkgSEER-16.0-SEER2-8.0-HSPF2,MFm&0&rDXHP&New&dxHP_equip,RE-dxHP_eq-pkgSEER-16.0-SEER2-8.0-HSPF2,46.2,237345.32,81.69,419671.3,237345.32,1169.02,3537.4,12897.22,0.0,73945.06,0.0,677.49,0.0,0.0,0.0,0.0,145119.12,0.0,0.0,1169.02,3537.4,0.0,0.0,59678.04,14267.02,145119.12,77959.18,159386.14,0.0,0.0,70760950.76061507
MFm_New/runs/CZ07/MFm&0&rDXHP&New&dxHP_equip/RE-dxHP_eq-pkgSEER-17.8-SEER2-8.1-HSPF2/instance-out.sql,CZ07,MFm,0,rDXHP,New,dxHP_equip,,RE-dxHP_eq-pkgSEER-17.8-SEER2-8.1-HSPF2,MFm&0&rDXHP&New&dxHP_equip,RE-dxHP_eq-pkgSEER-17.8-SEER2-8.1-HSPF2,46.17,237173.0,81.59,419125.55,237173.0,1164.31,3369.79,12897.22,0.0,73945.06,0.0,677.49,0.0,0.0,0.0,0.0,145119.12,0.0,0.0,1164.31,3369.79,0.0,0.0,59678.04,14267.02,145119.12,77786.86,159386.14,0.0,0.0,69652113.45102915
MFm_New/runs/CZ07/MFm&0&rDXHP&New&dxHP_equip/RE-dxHP_eq-pkgSEER-14.3-SEER2-7.5-HSPF2/instance-out.sql,CZ07,MFm,0,rDXHP,New,dxHP_equip,,RE-dxHP_eq-pkgSEER-14.3-SEER2-7.5-HSPF2,MFm&0&rDXHP&New&dxHP_equip,RE-dxHP_eq-pkgSEER-14.3-SEER2-7.5-HSPF2,46.46,238647.98,82.5,423794.0,238647.97999999998,1205.84,3997.9,12897.22,0.0,73945.06,0.0,1481.48,0.0,0.0,0.0,0.0,145120.47,0.0,0.0,1205.84,3997.9,0.0,0.0,59678.04,14267.02,145120.47,79260.48,159387.5,0.0,0.0,78876491.21868758
MFm_New/runs/CZ08/MFm&0&rDXHP&New&dxHP_equip/RE-dxHP_eq-pkgSEER-19.6-SEER2-8.9-HSPF2/instance-out.sql,CZ08,MFm,0,rDXHP,New,dxHP_equip,,RE-dxHP_eq-pkgSEER-19.6-SEER2-8.9-HSPF2,MFm&0&rDXHP&New&dxHP_equip,RE-dxHP_eq-pkgSEER-19.6-SEER2-8.9-HSPF2,47.08,241835.68,85.05,436941.2,241835.68000000002,1779.82,8094.44,12897.22,0.0,73945.06,0.0,1463.73,0.0,0.0,0.0,0.0,143655.39,0.0,0.0,1779.82,8094.44,0.0,0.0,59678.04,14267.02,143655.39,83913.26,157922.42,0.0,0.0,80457586.01350147
MFm_New/runs/CZ06/MFm&0&rDXHP&New&dxHP_equip/RE-dxHP_eq-pkgSEER-14.3-SEER2-7.5-HSPF2/instance-out.sql,CZ06,MFm,0,rDXHP,New,dxHP_equip,,RE-dxHP_eq-pkgSEER-14.3-SEER2-7.5-HSPF2,MFm&0&rDXHP&New&dxHP_equip,RE-dxHP_eq-pkgSEER-14.3-SEER2-7.5-HSPF2,46.81,240473.34,83.46,428764.79,240473.34,1481.24,4839.59,12897.22,0.0,73945.06,0.0,1800.83,0.0,0.0,0.0,0.0,145509.4,0.0,0.0,1481.24,4839.59,0.0,0.0,59678.04,14267.02,145509.4,80696.92,159776.42,0.0,0.0,69776356.85939038
MFm_New/runs/CZ06/MFm&0&rDXHP&New&dxHP_equip/RE-dxHP_eq-pkgSEER-19.6-SEER2-8.9-HSPF2/instance-out.sql,CZ06,MFm,0,rDXHP,New,dxHP_equip,,RE-dxHP_eq-pkgSEER-19.6-SEER2-8.9-HSPF2,MFm&0&rDXHP&New&dxHP_equip,RE-dxHP_eq-pkgSEER-19.6-SEER2-8.9-HSPF2,46.43,238522.4,82.26,422589.66,238522.39,1391.88,3955.23,12897.22,0.0,73945.06,0.0,825.29,0.0,0.0,0.0,0.0,145507.71,0.0,0.0,1391.88,3955.23,0.0,0.0,59678.04,14267.02,145507.71,78747.66,159774.73,0.0,0.0,62486073.579460666
MFm_New/runs/CZ06/MFm&0&rDXHP&New&dxHP_equip/RE-dxHP_eq-pkgSEER-17.8-SEER2-8.1-HSPF2/instance-out.sql,CZ06,MFm,0,rDXHP,New,dxHP_equip,,RE-dxHP_eq-pkgSEER-17.8-SEER2-8.1-HSPF2,MFm&0&rDXHP&New&dxHP_equip,RE-dxHP_eq-pkgSEER-17.8-SEER2-8.1-HSPF2,46.46,238687.29,82.36,423111.87,238687.28,1422.83,4089.16,12897.22,0.0,73945.06,0.0,825.29,0.0,0.0,0.0,0.0,145507.71,0.0,0.0,1422.83,4089.16,0.0,0.0,59678.04,14267.02,145507.71,78912.55,159774.73,0.0,0.0,63029126.92573082
MFm_New/runs/CZ07/MFm&0&rDXHP&New&dxHP_equip/RE-dxHP_eq-pkgSEER-19.6-SEER2-8.9-HSPF2/instance-out.sql,CZ07,MFm,0,rDXHP,New,dxHP_equip,,RE-dxHP_eq-pkgSEER-19.6-SEER2-8.9-HSPF2,MFm&0&rDXHP&New&dxHP_equip,RE-dxHP_eq-pkgSEER-19.6-SEER2-8.9-HSPF2,46.14,237037.36,81.5,418695.98,237037.35000000003,1139.22,3259.24,12897.22,0.0,73945.06,0.0,677.49,0.0,0.0,0.0,0.0,145119.12,0.0,0.0,1139.22,3259.24,0.0,0.0,59678.04,14267.02,145119.12,77651.21,159386.14,0.0,0.0,68920626.8028126
MFm_New/runs/CZ06/MFm&0&rDXHP&New&dxHP_equip/RE-dxHP_eq-pkgSEER-16.0-SEER2-8.0-HSPF2/instance-out.sql,CZ06,MFm,0,rDXHP,New,dxHP_equip,,RE-dxHP_eq-pkgSEER-16.0-SEER2-8.0-HSPF2,MFm&0&rDXHP&New&dxHP_equip,RE-dxHP_eq-pkgSEER-16.0-SEER2-8.0-HSPF2,46.5,238896.58,82.49,423774.69,238896.58000000002,1428.64,4292.65,12897.22,0.0,73945.06,0.0,825.29,0.0,0.0,0.0,0.0,145507.71,0.0,0.0,1428.64,4292.65,0.0,0.0,59678.04,14267.02,145507.71,79121.85,159774.73,0.0,0.0,63854156.20435981
MFm_New/runs/CZ07/MFm&0&rDXHP&New&dxHP_equip/RE-dxHP_eq-pkgSEER-18.7-SEER2-8.5-HSPF2/instance-out.sql,CZ07,MFm,0,rDXHP,New,dxHP_equip,,RE-dxHP_eq-pkgSEER-18.7-SEER2-8.5-HSPF2,MFm&0&rDXHP&New&dxHP_equip,RE-dxHP_eq-pkgSEER-18.7-SEER2-8.5-HSPF2,46.15,237099.16,81.54,418891.72,237099.16000000003,1150.46,3309.81,12897.22,0.0,73945.06,0.0,677.49,0.0,0.0,0.0,0.0,145119.12,0.0,0.0,1150.46,3309.81,0.0,0.0,59678.04,14267.02,145119.12,77713.02,159386.14,0.0,0.0,69255109.83589181
MFm_New/runs/CZ05/MFm&0&rDXHP&New&dxHP_equip/RE-dxHP_eq-pkgSEER-14.3-SEER2-7.5-HSPF2/instance-out.sql,CZ05,MFm,0,rDXHP,New,dxHP_equip,,RE-dxHP_eq-pkgSEER-14.3-SEER2-7.5-HSPF2,MFm&0&rDXHP&New&dxHP_equip,RE-dxHP_eq-pkgSEER-14.3-SEER2-7.5-HSPF2,48.13,247258.85,86.91,446482.05,247258.86,4850.81,5719.34,12897.22,0.0,73945.06,0.0,2525.95,0.0,0.0,0.0,0.0,147320.46,0.0,0.0,4850.81,5719.34,0.0,0.0,59678.04,14267.02,147320.46,85671.37,161587.49,0.0,0.0,68170096.7269947
MFm_New/runs/CZ05/MFm&0&rDXHP&New&dxHP_equip/RE-dxHP_eq-pkgSEER-16.0-SEER2-8.0-HSPF2/instance-out.sql,CZ05,MFm,0,rDXHP,New,dxHP_equip,,RE-dxHP_eq-pkgSEER-16.0-SEER2-8.0-HSPF2,MFm&0&rDXHP&New&dxHP_equip,RE-dxHP_eq-pkgSEER-16.0-SEER2-8.0-HSPF2,47.7,245062.89,85.56,439525.1,245062.88,4628.55,5099.16,12897.22,0.0,73945.06,0.0,1171.31,0.0,0.0,0.0,0.0,147321.58,0.0,0.0,4628.55,5099.16,0.0,0.0,59678.04,14267.02,147321.58,83474.28,161588.6,0.0,0.0,62459452.2535844
MFm_New/runs/CZ06/MFm&0&rDXHP&New&dxHP_equip/RE-dxHP_eq-pkgSEER-18.7-SEER2-8.5-HSPF2/instance-out.sql,CZ06,MFm,0,rDXHP,New,dxHP_equip,,RE-dxHP_eq-pkgSEER-18.7-SEER2-8.5-HSPF2,MFm&0&rDXHP&New&dxHP_equip,RE-dxHP_eq-pkgSEER-18.7-SEER2-8.5-HSPF2,46.45,238597.65,82.31,422828.0,238597.65,1405.75,4016.62,12897.22,0.0,73945.06,0.0,825.29,0.0,0.0,0.0,0.0,145507.71,0.0,0.0,1405.75,4016.62,0.0,0.0,59678.04,14267.02,145507.71,78822.92,159774.73,0.0,0.0,62734970.651375666
MFm_New/runs/CZ05/MFm&0&rDXHP&New&dxHP_equip/RE-dxHP_eq-pkgSEER-17.8-SEER2-8.1-HSPF2/instance-out.sql,CZ05,MFm,0,rDXHP,New,dxHP_equip,,RE-dxHP_eq-pkgSEER-17.8-SEER2-8.1-HSPF2,MFm&0&rDXHP&New&dxHP_equip,RE-dxHP_eq-pkgSEER-17.8-SEER2-8.1-HSPF2,47.65,244807.61,85.4,438716.64,244807.61000000002,4614.99,4857.44,12897.22,0.0,73945.06,0.0,1171.31,0.0,0.0,0.0,0.0,147321.58,0.0,0.0,4614.99,4857.44,0.0,0.0,59678.04,14267.02,147321.58,83219.01,161588.6,0.0,0.0,61693208.09142993
MFm_New/runs/CZ04/MFm&0&rDXHP&New&dxHP_equip/RE-dxHP_eq-pkgSEER-17.8-SEER2-8.1-HSPF2/instance-out.sql,CZ04,MFm,0,rDXHP,New,dxHP_equip,,RE-dxHP_eq-pkgSEER-17.8-SEER2-8.1-HSPF2,MFm&0&rDXHP&New&dxHP_equip,RE-dxHP_eq-pkgSEER-17.8-SEER2-8.1-HSPF2,48.1,247093.99,87.85,451296.28,247093.99,8256.6,5833.45,12897.22,0.0,73945.06,0.0,1403.05,0.0,0.0,0.0,0.0,144758.6,0.0,0.0,8256.6,5833.45,0.0,0.0,59678.04,14267.02,144758.6,88068.36,159025.63,0.0,0.0,78511081.19631667
MFm_New/runs/CZ05/MFm&0&rDXHP&New&dxHP_equip/RE-dxHP_eq-pkgSEER-18.7-SEER2-8.5-HSPF2/instance-out.sql,CZ05,MFm,0,rDXHP,New,dxHP_equip,,RE-dxHP_eq-pkgSEER-18.7-SEER2-8.5-HSPF2,MFm&0&rDXHP&New&dxHP_equip,RE-dxHP_eq-pkgSEER-18.7-SEER2-8.5-HSPF2,47.63,244681.55,85.32,438317.4,244681.55000000002,4575.1,4771.27,12897.22,0.0,73945.06,0.0,1171.31,0.0,0.0,0.0,0.0,147321.58,0.0,0.0,4575.1,4771.27,0.0,0.0,59678.04,14267.02,147321.58,83092.95,161588.6,0.0,0.0,61419978.53703831
MFm_New/runs/CZ04/MFm&0&rDXHP&New&dxHP_equip/RE-dxHP_eq-pkgSEER-16.0-SEER2-8.0-HSPF2/instance-out.sql,CZ04,MFm,0,rDXHP,New,dxHP_equip,,RE-dxHP_eq-pkgSEER-16.0-SEER2-8.0-HSPF2,MFm&0&rDXHP&New&dxHP_equip,RE-dxHP_eq-pkgSEER-16.0-SEER2-8.0-HSPF2,48.16,247409.99,88.04,452297.04,247409.99,8282.43,6123.61,12897.22,0.0,73945.06,0.0,1403.05,0.0,0.0,0.0,0.0,144758.6,0.0,0.0,8282.43,6123.61,0.0,0.0,59678.04,14267.02,144758.6,88384.36,159025.63,0.0,0.0,80034011.20384517
MFm_New/runs/CZ04/MFm&0&rDXHP&New&dxHP_equip/RE-dxHP_eq-pkgSEER-14.3-SEER2-7.5-HSPF2/instance-out.sql,CZ04,MFm,0,rDXHP,New,dxHP_equip,,RE-dxHP_eq-pkgSEER-14.3-SEER2-7.5-HSPF2,MFm&0&rDXHP&New&dxHP_equip,RE-dxHP_eq-pkgSEER-14.3-SEER2-7.5-HSPF2,48.72,250292.57,89.82,461416.14,250292.57,8637.65,7003.15,12897.22,0.0,73945.06,0.0,3046.06,0.0,0.0,0.0,0.0,144763.42,0.0,0.0,8637.65,7003.15,0.0,0.0,59678.04,14267.02,144763.42,91262.12,159030.45,0.0,0.0,90281843.96430086
MFm_New/runs/CZ04/MFm&0&rDXHP&New&dxHP_equip/RE-dxHP_eq-pkgSEER-18.7-SEER2-8.5-HSPF2/instance-out.sql,CZ04,MFm,0,rDXHP,New,dxHP_equip,,RE-dxHP_eq-pkgSEER-18.7-SEER2-8.5-HSPF2,MFm&0&rDXHP&New&dxHP_equip,RE-dxHP_eq-pkgSEER-18.7-SEER2-8.5-HSPF2,48.06,246914.16,87.74,450726.76,246914.16,8180.58,5729.63,12897.22,0.0,73945.06,0.0,1403.05,0.0,0.0,0.0,0.0,144758.6,0.0,0.0,8180.58,5729.63,0.0,0.0,59678.04,14267.02,144758.6,87888.53,159025.63,0.0,0.0,77967138.8542011
MFm_New/runs/CZ04/MFm&0&rDXHP&New&dxHP_equip/RE-dxHP_eq-pkgSEER-19.6-SEER2-8.9-HSPF2/instance-out.sql,CZ04,MFm,0,rDXHP,New,dxHP_equip,,RE-dxHP_eq-pkgSEER-19.6-SEER2-8.9-HSPF2,MFm&0&rDXHP&New&dxHP_equip,RE-dxHP_eq-pkgSEER-19.6-SEER2-8.9-HSPF2,48.04,246764.93,87.65,450254.15,246764.93,8118.88,5642.1,12897.22,0.0,73945.06,0.0,1403.05,0.0,0.0,0.0,0.0,144758.6,0.0,0.0,8118.88,5642.1,0.0,0.0,59678.04,14267.02,144758.6,87739.3,159025.63,0.0,0.0,77507716.81140564
MFm_New/runs/CZ05/MFm&0&rDXHP&New&dxHP_equip/RE-dxHP_eq-pkgSEER-19.6-SEER2-8.9-HSPF2/instance-out.sql,CZ05,MFm,0,rDXHP,New,dxHP_equip,,RE-dxHP_eq-pkgSEER-19.6-SEER2-8.9-HSPF2,MFm&0&rDXHP&New&dxHP_equip,RE-dxHP_eq-pkgSEER-19.6-SEER2-8.9-HSPF2,47.61,244576.24,85.26,437983.9,244576.24000000002,4542.72,4698.35,12897.22,0.0,73945.06,0.0,1171.31,0.0,0.0,0.0,0.0,147321.58,0.0,0.0,4542.72,4698.35,0.0,0.0,59678.04,14267.02,147321.58,82987.64,161588.6,0.0,0.0,61188816.58626933
MFm_New/runs/CZ03/MFm&0&rDXHP&New&dxHP_equip/RE-dxHP_eq-pkgSEER-14.3-SEER2-7.5-HSPF2/instance-out.sql,CZ03,MFm,0,rDXHP,New,dxHP_equip,,RE-dxHP_eq-pkgSEER-14.3-SEER2-7.5-HSPF2,MFm&0&rDXHP&New&dxHP_equip,RE-dxHP_eq-pkgSEER-14.3-SEER2-7.5-HSPF2,48.3,248128.13,87.38,448882.13,248128.13,4363.49,6724.44,12897.22,0.0,73945.06,0.0,2708.02,0.0,0.0,0.0,0.0,147489.88,0.0,0.0,4363.49,6724.44,0.0,0.0,59678.04,14267.02,147489.88,86371.22,161756.91,0.0,0.0,77322347.44627932
MFm_New/runs/CZ03/MFm&0&rDXHP&New&dxHP_equip/RE-dxHP_eq-pkgSEER-19.6-SEER2-8.9-HSPF2/instance-out.sql,CZ03,MFm,0,rDXHP,New,dxHP_equip,,RE-dxHP_eq-pkgSEER-19.6-SEER2-8.9-HSPF2,MFm&0&rDXHP&New&dxHP_equip,RE-dxHP_eq-pkgSEER-19.6-SEER2-8.9-HSPF2,47.7,245050.52,85.48,439139.9,245050.52,4069.92,5407.21,12897.22,0.0,73945.06,0.0,1243.39,0.0,0.0,0.0,0.0,147487.7,0.0,0.0,4069.92,5407.21,0.0,0.0,59678.04,14267.02,147487.7,83295.79,161754.73,0.0,0.0,67740112.84156275
MFm_New/runs/CZ03/MFm&0&rDXHP&New&dxHP_equip/RE-dxHP_eq-pkgSEER-18.7-SEER2-8.5-HSPF2/instance-out.sql,CZ03,MFm,0,rDXHP,New,dxHP_equip,,RE-dxHP_eq-pkgSEER-18.7-SEER2-8.5-HSPF2,MFm&0&rDXHP&New&dxHP_equip,RE-dxHP_eq-pkgSEER-18.7-SEER2-8.5-HSPF2,47.72,245164.94,85.55,439502.26,245164.94000000003,4100.44,5491.12,12897.22,0.0,73945.06,0.0,1243.39,0.0,0.0,0.0,0.0,147487.7,0.0,0.0,4100.44,5491.12,0.0,0.0,59678.04,14267.02,147487.7,83410.21,161754.73,0.0,0.0,68060351.43265736
MFm_New/runs/CZ03/MFm&0&rDXHP&New&dxHP_equip/RE-dxHP_eq-pkgSEER-17.8-SEER2-8.1-HSPF2/instance-out.sql,CZ03,MFm,0,rDXHP,New,dxHP_equip,,RE-dxHP_eq-pkgSEER-17.8-SEER2-8.1-HSPF2,MFm&0&rDXHP&New&dxHP_equip,RE-dxHP_eq-pkgSEER-17.8-SEER2-8.1-HSPF2,47.75,245301.87,85.64,439935.94,245301.88,4138.03,5590.46,12897.22,0.0,73945.06,0.0,1243.39,0.0,0.0,0.0,0.0,147487.7,0.0,0.0,4138.03,5590.46,0.0,0.0,59678.04,14267.02,147487.7,83547.15,161754.73,0.0,0.0,68442652.59804319
MFm_New/runs/CZ03/MFm&0&rDXHP&New&dxHP_equip/RE-dxHP_eq-pkgSEER-16.0-SEER2-8.0-HSPF2/instance-out.sql,CZ03,MFm,0,rDXHP,New,dxHP_equip,,RE-dxHP_eq-pkgSEER-16.0-SEER2-8.0-HSPF2,MFm&0&rDXHP&New&dxHP_equip,RE-dxHP_eq-pkgSEER-16.0-SEER2-8.0-HSPF2,47.81,245592.78,85.82,440857.24,245592.78,4150.8,5868.6,12897.22,0.0,73945.06,0.0,1243.39,0.0,0.0,0.0,0.0,147487.7,0.0,0.0,4150.8,5868.6,0.0,0.0,59678.04,14267.02,147487.7,83838.05,161754.73,0.0,0.0,69504414.8175784
MFm_New/runs/CZ02/MFm&0&rDXHP&New&dxHP_equip/RE-dxHP_eq-pkgSEER-14.3-SEER2-7.5-HSPF2/instance-out.sql,CZ02,MFm,0,rDXHP,New,dxHP_equip,,RE-dxHP_eq-pkgSEER-14.3-SEER2-7.5-HSPF2,MFm&0&rDXHP&New&dxHP_equip,RE-dxHP_eq-pkgSEER-14.3-SEER2-7.5-HSPF2,47.71,245100.68,85.58,439638.85,245100.68,6726.46,2648.8,12897.22,0.0,73945.06,0.0,1558.69,0.0,0.0,0.0,0.0,147324.43,0.0,0.0,6726.46,2648.8,0.0,0.0,59678.04,14267.02,147324.43,83509.22,161591.46,0.0,0.0,70089553.65531524
MFm_New/runs/CZ02/MFm&0&rDXHP&New&dxHP_equip/RE-dxHP_eq-pkgSEER-16.0-SEER2-8.0-HSPF2/instance-out.sql,CZ02,MFm,0,rDXHP,New,dxHP_equip,,RE-dxHP_eq-pkgSEER-16.0-SEER2-8.0-HSPF2,MFm&0&rDXHP&New&dxHP_equip,RE-dxHP_eq-pkgSEER-16.0-SEER2-8.0-HSPF2,47.44,243706.09,84.72,435225.32,243706.09000000003,6484.45,2329.29,12897.22,0.0,73945.06,0.0,727.13,0.0,0.0,0.0,0.0,147322.92,0.0,0.0,6484.45,2329.29,0.0,0.0,59678.04,14267.02,147322.92,82116.14,161589.95,0.0,0.0,64240062.33266643
MFm_New/runs/CZ02/MFm&0&rDXHP&New&dxHP_equip/RE-dxHP_eq-pkgSEER-18.7-SEER2-8.5-HSPF2/instance-out.sql,CZ02,MFm,0,rDXHP,New,dxHP_equip,,RE-dxHP_eq-pkgSEER-18.7-SEER2-8.5-HSPF2,MFm&0&rDXHP&New&dxHP_equip,RE-dxHP_eq-pkgSEER-18.7-SEER2-8.5-HSPF2,47.4,243491.53,84.59,434545.82,243491.53000000003,6419.75,2179.44,12897.22,0.0,73945.06,0.0,727.13,0.0,0.0,0.0,0.0,147322.92,0.0,0.0,6419.75,2179.44,0.0,0.0,59678.04,14267.02,147322.92,81901.58,161589.95,0.0,0.0,63085099.40902296
MFm_New/runs/CZ02/MFm&0&rDXHP&New&dxHP_equip/RE-dxHP_eq-pkgSEER-17.8-SEER2-8.1-HSPF2/instance-out.sql,CZ02,MFm,0,rDXHP,New,dxHP_equip,,RE-dxHP_eq-pkgSEER-17.8-SEER2-8.1-HSPF2,MFm&0&rDXHP&New&dxHP_equip,RE-dxHP_eq-pkgSEER-17.8-SEER2-8.1-HSPF2,47.42,243579.3,84.64,434823.77,243579.30000000002,6468.04,2218.91,12897.22,0.0,73945.06,0.0,727.13,0.0,0.0,0.0,0.0,147322.92,0.0,0.0,6468.04,2218.91,0.0,0.0,59678.04,14267.02,147322.92,81989.35,161589.95,0.0,0.0,63389351.662116125
MFm_New/runs/CZ01/MFm&0&rDXHP&New&dxHP_equip/RE-dxHP_eq-pkgSEER-14.3-SEER2-7.5-HSPF2/instance-out.sql,CZ01,MFm,0,rDXHP,New,dxHP_equip,,RE-dxHP_eq-pkgSEER-14.3-SEER2-7.5-HSPF2,MFm&0&rDXHP&New&dxHP_equip,RE-dxHP_eq-pkgSEER-14.3-SEER2-7.5-HSPF2,47.48,243917.03,83.62,429554.44,243917.04,4902.0,1147.78,12897.22,0.0,73945.06,0.0,658.86,0.0,0.0,0.0,0.0,150366.1,0.0,0.0,4902.0,1147.78,0.0,0.0,59678.04,14267.02,150366.1,79283.91,164633.13,0.0,0.0,52101015.967451096
MFm_New/runs/CZ01/MFm&0&rDXHP&New&dxHP_equip/RE-dxHP_eq-pkgSEER-16.0-SEER2-8.0-HSPF2/instance-out.sql,CZ01,MFm,0,rDXHP,New,dxHP_equip,,RE-dxHP_eq-pkgSEER-16.0-SEER2-8.0-HSPF2,MFm&0&rDXHP&New&dxHP_equip,RE-dxHP_eq-pkgSEER-16.0-SEER2-8.0-HSPF2,47.37,243353.39,83.27,427769.7,243353.38999999998,4820.17,1017.71,12897.22,0.0,73945.06,0.0,307.27,0.0,0.0,0.0,0.0,150365.94,0.0,0.0,4820.17,1017.71,0.0,0.0,59678.04,14267.02,150365.94,78720.42,164632.97,0.0,0.0,50207097.172087274
MFm_New/runs/CZ01/MFm&0&rDXHP&New&dxHP_equip/RE-dxHP_eq-pkgSEER-19.6-SEER2-8.9-HSPF2/instance-out.sql,CZ01,MFm,0,rDXHP,New,dxHP_equip,,RE-dxHP_eq-pkgSEER-19.6-SEER2-8.9-HSPF2,MFm&0&rDXHP&New&dxHP_equip,RE-dxHP_eq-pkgSEER-19.6-SEER2-8.9-HSPF2,47.35,243241.35,83.2,427414.87,243241.35,4788.12,937.72,12897.22,0.0,73945.06,0.0,307.27,0.0,0.0,0.0,0.0,150365.94,0.0,0.0,4788.12,937.72,0.0,0.0,59678.04,14267.02,150365.94,78608.38,164632.97,0.0,0.0,49776259.453382954
MFm_New/runs/CZ01/MFm&0&rDXHP&New&dxHP_equip/RE-dxHP_eq-pkgSEER-17.8-SEER2-8.1-HSPF2/instance-out.sql,CZ01,MFm,0,rDXHP,New,dxHP_equip,,RE-dxHP_eq-pkgSEER-17.8-SEER2-8.1-HSPF2,MFm&0&rDXHP&New&dxHP_equip,RE-dxHP_eq-pkgSEER-17.8-SEER2-8.1-HSPF2,47.36,243300.08,83.24,427600.88,243300.08,4815.11,969.47,12897.22,0.0,73945.06,0.0,307.27,0.0,0.0,0.0,0.0,150365.94,0.0,0.0,4815.11,969.47,0.0,0.0,59678.04,14267.02,150365.94,78667.11,164632.97,0.0,0.0,49947265.395156115
MFm_New/runs/CZ02/MFm&0&rDXHP&New&dxHP_equip/RE-dxHP_eq-pkgSEER-19.6-SEER2-8.9-HSPF2/instance-out.sql,CZ02,MFm,0,rDXHP,New,dxHP_equip,,RE-dxHP_eq-pkgSEER-19.6-SEER2-8.9-HSPF2,MFm&0&rDXHP&New&dxHP_equip,RE-dxHP_eq-pkgSEER-19.6-SEER2-8.9-HSPF2,47.38,243419.03,84.54,434316.22,243419.04,6380.55,2146.14,12897.22,0.0,73945.06,0.0,727.13,0.0,0.0,0.0,0.0,147322.92,0.0,0.0,6380.55,2146.14,0.0,0.0,59678.04,14267.02,147322.92,81829.09,161589.95,0.0,0.0,62828473.97697622
MFm_New/runs/CZ01/MFm&0&rDXHP&New&dxHP_equip/RE-dxHP_eq-pkgSEER-18.7-SEER2-8.5-HSPF2/instance-out.sql,CZ01,MFm,0,rDXHP,New,dxHP_equip,,RE-dxHP_eq-pkgSEER-18.7-SEER2-8.5-HSPF2,MFm&0&rDXHP&New&dxHP_equip,RE-dxHP_eq-pkgSEER-18.7-SEER2-8.5-HSPF2,47.35,243267.99,83.22,427499.25,243267.99000000002,4800.21,952.27,12897.22,0.0,73945.06,0.0,307.27,0.0,0.0,0.0,0.0,150365.94,0.0,0.0,4800.21,952.27,0.0,0.0,59678.04,14267.02,150365.94,78635.02,164632.97,0.0,0.0,49854646.65596071
MFm_Ex/runs/CZ16/MFm&0&rDXHP&Ex&dxHP_equip/RE-dxHP_eq-pkgSEER-12.5-SEER2-6.4-HSPF2/instance-out.sql,CZ16,MFm,0,rDXHP,Ex,dxHP_equip,,RE-dxHP_eq-pkgSEER-12.5-SEER2-6.4-HSPF2,MFm&0&rDXHP&Ex&dxHP_equip,RE-dxHP_eq-pkgSEER-12.5-SEER2-6.4-HSPF2,52.4,269162.35,100.32,515341.97,269162.33999999997,19801.39,7658.64,14740.46,0.0,73945.06,0.0,5452.23,0.0,0.0,0.0,0.0,147564.56,0.0,0.0,19801.39,7658.64,0.0,0.0,59678.04,14267.02,147564.56,107330.76,161831.58,0.0,0.0,103704517.46612063
MFm_Ex/runs/CZ16/MFm&0&rDXHP&Ex&dxHP_equip/RE-dxHP_eq-pkgSEER-14.3-SEER2-7.5-HSPF2/instance-out.sql,CZ16,MFm,0,rDXHP,Ex,dxHP_equip,,RE-dxHP_eq-pkgSEER-14.3-SEER2-7.5-HSPF2,MFm&0&rDXHP&Ex&dxHP_equip,RE-dxHP_eq-pkgSEER-14.3-SEER2-7.5-HSPF2,52.1,267656.56,99.39,510573.14,267656.55999999994,18912.92,7041.32,14740.46,0.0,73945.06,0.0,5452.23,0.0,0.0,0.0,0.0,147564.56,0.0,0.0,18912.92,7041.32,0.0,0.0,59678.04,14267.02,147564.56,105824.98,161831.58,0.0,0.0,100050132.5394103
MFm_Ex/runs/CZ16/MFm&0&rDXHP&Ex&dxHP_equip/RE-dxHP_eq-pkgSEER-17.8-SEER2-8.1-HSPF2/instance-out.sql,CZ16,MFm,0,rDXHP,Ex,dxHP_equip,,RE-dxHP_eq-pkgSEER-17.8-SEER2-8.1-HSPF2,MFm&0&rDXHP&Ex&dxHP_equip,RE-dxHP_eq-pkgSEER-17.8-SEER2-8.1-HSPF2,51.11,262569.07,96.25,494462.25,262569.07,18034.83,5809.46,14740.46,0.0,73945.06,0.0,2475.27,0.0,0.0,0.0,0.0,147563.99,0.0,0.0,18034.83,5809.46,0.0,0.0,59678.04,14267.02,147563.99,100738.06,161831.01,0.0,0.0,85628812.63626882
MFm_Ex/runs/CZ16/MFm&0&rDXHP&Ex&dxHP_equip/RE-dxHP_eq-pkgSEER-16.0-SEER2-8.0-HSPF2/instance-out.sql,CZ16,MFm,0,rDXHP,Ex,dxHP_equip,,RE-dxHP_eq-pkgSEER-16.0-SEER2-8.0-HSPF2,MFm&0&rDXHP&Ex&dxHP_equip,RE-dxHP_eq-pkgSEER-16.0-SEER2-8.0-HSPF2,51.18,262913.38,96.46,495552.66,262913.37,18090.08,6098.52,14740.46,0.0,73945.06,0.0,2475.27,0.0,0.0,0.0,0.0,147563.99,0.0,0.0,18090.08,6098.52,0.0,0.0,59678.04,14267.02,147563.99,101082.36,161831.01,0.0,0.0,87339790.354714
MFm_Ex/runs/CZ15/MFm&0&rDXHP&Ex&dxHP_equip/RE-dxHP_eq-pkgSEER-12.5-SEER2-6.4-HSPF2/instance-out.sql,CZ15,MFm,0,rDXHP,Ex,dxHP_equip,,RE-dxHP_eq-pkgSEER-12.5-SEER2-6.4-HSPF2,MFm&0&rDXHP&Ex&dxHP_equip,RE-dxHP_eq-pkgSEER-12.5-SEER2-6.4-HSPF2,60.17,309108.03,127.54,655205.05,309108.03,3899.95,60731.99,14740.46,0.0,73945.06,0.0,14637.48,0.0,0.0,0.0,0.0,141153.08,0.0,0.0,3899.95,60731.99,0.0,0.0,59678.04,14267.02,141153.08,153687.92,155420.11,0.0,0.0,211273206.77018064
MFm_Ex/runs/CZ16/MFm&0&rDXHP&Ex&dxHP_equip/RE-dxHP_eq-pkgSEER-19.6-SEER2-8.9-HSPF2/instance-out.sql,CZ16,MFm,0,rDXHP,Ex,dxHP_equip,,RE-dxHP_eq-pkgSEER-19.6-SEER2-8.9-HSPF2,MFm&0&rDXHP&Ex&dxHP_equip,RE-dxHP_eq-pkgSEER-19.6-SEER2-8.9-HSPF2,51.02,262084.14,95.95,492926.47,262084.14,17740.27,5619.09,14740.46,0.0,73945.06,0.0,2475.27,0.0,0.0,0.0,0.0,147563.99,0.0,0.0,17740.27,5619.09,0.0,0.0,59678.04,14267.02,147563.99,100253.13,161831.01,0.0,0.0,84501730.8098344
MFm_Ex/runs/CZ16/MFm&0&rDXHP&Ex&dxHP_equip/RE-dxHP_eq-pkgSEER-18.7-SEER2-8.5-HSPF2/instance-out.sql,CZ16,MFm,0,rDXHP,Ex,dxHP_equip,,RE-dxHP_eq-pkgSEER-18.7-SEER2-8.5-HSPF2,MFm&0&rDXHP&Ex&dxHP_equip,RE-dxHP_eq-pkgSEER-18.7-SEER2-8.5-HSPF2,51.06,262303.32,96.09,493620.6,262303.31,17872.24,5706.29,14740.46,0.0,73945.06,0.0,2475.27,0.0,0.0,0.0,0.0,147563.99,0.0,0.0,17872.24,5706.29,0.0,0.0,59678.04,14267.02,147563.99,100472.3,161831.01,0.0,0.0,85017884.85104509
MFm_Ex/runs/CZ15/MFm&0&rDXHP&Ex&dxHP_equip/RE-dxHP_eq-pkgSEER-18.7-SEER2-8.5-HSPF2/instance-out.sql,CZ15,MFm,0,rDXHP,Ex,dxHP_equip,,RE-dxHP_eq-pkgSEER-18.7-SEER2-8.5-HSPF2,MFm&0&rDXHP&Ex&dxHP_equip,RE-dxHP_eq-pkgSEER-18.7-SEER2-8.5-HSPF2,55.51,285166.35,112.8,579453.5,285166.35,3498.73,45340.49,14740.46,0.0,73945.06,0.0,6522.97,0.0,0.0,0.0,0.0,141118.64,0.0,0.0,3498.73,45340.49,0.0,0.0,59678.04,14267.02,141118.64,129780.69,155385.66,0.0,0.0,158563779.31323424
MFm_Ex/runs/CZ15/MFm&0&rDXHP&Ex&dxHP_equip/RE-dxHP_eq-pkgSEER-14.3-SEER2-7.5-HSPF2/instance-out.sql,CZ15,MFm,0,rDXHP,Ex,dxHP_equip,,RE-dxHP_eq-pkgSEER-14.3-SEER2-7.5-HSPF2,MFm&0&rDXHP&Ex&dxHP_equip,RE-dxHP_eq-pkgSEER-14.3-SEER2-7.5-HSPF2,59.17,303970.76,124.38,638935.33,303970.77,3657.96,55836.72,14740.46,0.0,73945.06,0.0,14637.48,0.0,0.0,0.0,0.0,141153.08,0.0,0.0,3657.96,55836.72,0.0,0.0,59678.04,14267.02,141153.08,148550.66,155420.11,0.0,0.0,200098828.3264935
MFm_Ex/runs/CZ15/MFm&0&rDXHP&Ex&dxHP_equip/RE-dxHP_eq-pkgSEER-16.0-SEER2-8.0-HSPF2/instance-out.sql,CZ15,MFm,0,rDXHP,Ex,dxHP_equip,,RE-dxHP_eq-pkgSEER-16.0-SEER2-8.0-HSPF2,MFm&0&rDXHP&Ex&dxHP_equip,RE-dxHP_eq-pkgSEER-16.0-SEER2-8.0-HSPF2,56.13,288342.33,114.75,589511.83,288342.33,3556.88,48458.32,14740.46,0.0,73945.06,0.0,6522.97,0.0,0.0,0.0,0.0,141118.64,0.0,0.0,3556.88,48458.32,0.0,0.0,59678.04,14267.02,141118.64,132956.67,155385.66,0.0,0.0,165542258.39227515
MFm_Ex/runs/CZ14/MFm&0&rDXHP&Ex&dxHP_equip/RE-dxHP_eq-pkgSEER-14.3-SEER2-7.5-HSPF2/instance-out.sql,CZ14,MFm,0,rDXHP,Ex,dxHP_equip,,RE-dxHP_eq-pkgSEER-14.3-SEER2-7.5-HSPF2,MFm&0&rDXHP&Ex&dxHP_equip,RE-dxHP_eq-pkgSEER-14.3-SEER2-7.5-HSPF2,53.08,272672.95,104.03,534442.45,272672.95,14101.43,18688.43,14740.46,0.0,73945.06,0.0,7465.17,0.0,0.0,0.0,0.0,143732.4,0.0,0.0,14101.43,18688.43,0.0,0.0,59678.04,14267.02,143732.4,114673.53,157999.42,0.0,0.0,112862323.49098179
MFm_Ex/runs/CZ15/MFm&0&rDXHP&Ex&dxHP_equip/RE-dxHP_eq-pkgSEER-17.8-SEER2-8.1-HSPF2/instance-out.sql,CZ15,MFm,0,rDXHP,Ex,dxHP_equip,,RE-dxHP_eq-pkgSEER-17.8-SEER2-8.1-HSPF2,MFm&0&rDXHP&Ex&dxHP_equip,RE-dxHP_eq-pkgSEER-17.8-SEER2-8.1-HSPF2,55.68,286031.46,113.33,582193.3,286031.45999999996,3542.13,46162.2,14740.46,0.0,73945.06,0.0,6522.97,0.0,0.0,0.0,0.0,141118.64,0.0,0.0,3542.13,46162.2,0.0,0.0,59678.04,14267.02,141118.64,130645.8,155385.66,0.0,0.0,160418834.13089046
MFm_Ex/runs/CZ14/MFm&0&rDXHP&Ex&dxHP_equip/RE-dxHP_eq-pkgSEER-12.5-SEER2-6.4-HSPF2/instance-out.sql,CZ14,MFm,0,rDXHP,Ex,dxHP_equip,,RE-dxHP_eq-pkgSEER-12.5-SEER2-6.4-HSPF2,MFm&0&rDXHP&Ex&dxHP_equip,RE-dxHP_eq-pkgSEER-12.5-SEER2-6.4-HSPF2,53.56,275136.08,105.55,542243.17,275136.08,14926.12,20326.86,14740.46,0.0,73945.06,0.0,7465.17,0.0,0.0,0.0,0.0,143732.4,0.0,0.0,14926.12,20326.86,0.0,0.0,59678.04,14267.02,143732.4,117136.66,157999.42,0.0,0.0,117570618.26887026
MFm_Ex/runs/CZ15/MFm&0&rDXHP&Ex&dxHP_equip/RE-dxHP_eq-pkgSEER-19.6-SEER2-8.9-HSPF2/instance-out.sql,CZ15,MFm,0,rDXHP,Ex,dxHP_equip,,RE-dxHP_eq-pkgSEER-19.6-SEER2-8.9-HSPF2,MFm&0&rDXHP&Ex&dxHP_equip,RE-dxHP_eq-pkgSEER-19.6-SEER2-8.9-HSPF2,55.37,284438.49,112.35,577148.36,284438.49,3463.51,44647.85,14740.46,0.0,73945.06,0.0,6522.97,0.0,0.0,0.0,0.0,141118.64,0.0,0.0,3463.51,44647.85,0.0,0.0,59678.04,14267.02,141118.64,129052.83,155385.66,0.0,0.0,157018712.2422447
MFm_Ex/runs/CZ14/MFm&0&rDXHP&Ex&dxHP_equip/RE-dxHP_eq-pkgSEER-17.8-SEER2-8.1-HSPF2/instance-out.sql,CZ14,MFm,0,rDXHP,Ex,dxHP_equip,,RE-dxHP_eq-pkgSEER-17.8-SEER2-8.1-HSPF2,MFm&0&rDXHP&Ex&dxHP_equip,RE-dxHP_eq-pkgSEER-17.8-SEER2-8.1-HSPF2,51.56,264866.66,99.23,509739.1,264866.66000000003,13430.65,15628.66,14740.46,0.0,73945.06,0.0,3398.64,0.0,0.0,0.0,0.0,143723.18,0.0,0.0,13430.65,15628.66,0.0,0.0,59678.04,14267.02,143723.18,106876.45,157990.21,0.0,0.0,96089147.88367493
MFm_Ex/runs/CZ14/MFm&0&rDXHP&Ex&dxHP_equip/RE-dxHP_eq-pkgSEER-16.0-SEER2-8.0-HSPF2/instance-out.sql,CZ14,MFm,0,rDXHP,Ex,dxHP_equip,,RE-dxHP_eq-pkgSEER-16.0-SEER2-8.0-HSPF2,MFm&0&rDXHP&Ex&dxHP_equip,RE-dxHP_eq-pkgSEER-16.0-SEER2-8.0-HSPF2,51.72,265694.75,99.74,512361.66,265694.75,13481.01,16406.39,14740.46,0.0,73945.06,0.0,3398.64,0.0,0.0,0.0,0.0,143723.18,0.0,0.0,13481.01,16406.39,0.0,0.0,59678.04,14267.02,143723.18,107704.54,157990.21,0.0,0.0,98304772.32906531
MFm_Ex/runs/CZ14/MFm&0&rDXHP&Ex&dxHP_equip/RE-dxHP_eq-pkgSEER-19.6-SEER2-8.9-HSPF2/instance-out.sql,CZ14,MFm,0,rDXHP,Ex,dxHP_equip,,RE-dxHP_eq-pkgSEER-19.6-SEER2-8.9-HSPF2,MFm&0&rDXHP&Ex&dxHP_equip,RE-dxHP_eq-pkgSEER-19.6-SEER2-8.9-HSPF2,51.41,264086.31,98.74,507267.75,264086.31999999995,13162.16,15116.8,14740.46,0.0,73945.06,0.0,3398.64,0.0,0.0,0.0,0.0,143723.18,0.0,0.0,13162.16,15116.8,0.0,0.0,59678.04,14267.02,143723.18,106096.11,157990.21,0.0,0.0,94630954.62735128
MFm_Ex/runs/CZ13/MFm&0&rDXHP&Ex&dxHP_equip/RE-dxHP_eq-pkgSEER-12.5-SEER2-6.4-HSPF2/instance-out.sql,CZ13,MFm,0,rDXHP,Ex,dxHP_equip,,RE-dxHP_eq-pkgSEER-12.5-SEER2-6.4-HSPF2,MFm&0&rDXHP&Ex&dxHP_equip,RE-dxHP_eq-pkgSEER-12.5-SEER2-6.4-HSPF2,56.88,292181.46,115.94,595588.04,292181.46,14165.29,34417.29,14740.46,0.0,73945.06,0.0,10874.74,0.0,0.0,0.0,0.0,144038.61,0.0,0.0,14165.29,34417.29,0.0,0.0,59678.04,14267.02,144038.61,133875.82,158305.64,0.0,0.0,190794911.7436775
MFm_Ex/runs/CZ13/MFm&0&rDXHP&Ex&dxHP_equip/RE-dxHP_eq-pkgSEER-14.3-SEER2-7.5-HSPF2/instance-out.sql,CZ13,MFm,0,rDXHP,Ex,dxHP_equip,,RE-dxHP_eq-pkgSEER-14.3-SEER2-7.5-HSPF2,MFm&0&rDXHP&Ex&dxHP_equip,RE-dxHP_eq-pkgSEER-14.3-SEER2-7.5-HSPF2,56.17,288548.88,113.7,584083.66,288548.88,13306.9,31643.1,14740.46,0.0,73945.06,0.0,10874.74,0.0,0.0,0.0,0.0,144038.61,0.0,0.0,13306.9,31643.1,0.0,0.0,59678.04,14267.02,144038.61,130243.24,158305.64,0.0,0.0,181162587.0696785
MFm_Ex/runs/CZ14/MFm&0&rDXHP&Ex&dxHP_equip/RE-dxHP_eq-pkgSEER-18.7-SEER2-8.5-HSPF2/instance-out.sql,CZ14,MFm,0,rDXHP,Ex,dxHP_equip,,RE-dxHP_eq-pkgSEER-18.7-SEER2-8.5-HSPF2,MFm&0&rDXHP&Ex&dxHP_equip,RE-dxHP_eq-pkgSEER-18.7-SEER2-8.5-HSPF2,51.48,264441.23,98.96,508391.79,264441.24,13282.45,15351.43,14740.46,0.0,73945.06,0.0,3398.64,0.0,0.0,0.0,0.0,143723.18,0.0,0.0,13282.45,15351.43,0.0,0.0,59678.04,14267.02,143723.18,106451.03,157990.21,0.0,0.0,95299374.03427804
MFm_Ex/runs/CZ13/MFm&0&rDXHP&Ex&dxHP_equip/RE-dxHP_eq-pkgSEER-17.8-SEER2-8.1-HSPF2/instance-out.sql,CZ13,MFm,0,rDXHP,Ex,dxHP_equip,,RE-dxHP_eq-pkgSEER-17.8-SEER2-8.1-HSPF2,MFm&0&rDXHP&Ex&dxHP_equip,RE-dxHP_eq-pkgSEER-17.8-SEER2-8.1-HSPF2,53.84,276559.54,106.32,546162.37,276559.54000000004,12772.78,26164.5,14740.46,0.0,73945.06,0.0,4921.62,0.0,0.0,0.0,0.0,144015.11,0.0,0.0,12772.78,26164.5,0.0,0.0,59678.04,14267.02,144015.11,118277.41,158282.13,0.0,0.0,145839707.61802322
MFm_Ex/runs/CZ13/MFm&0&rDXHP&Ex&dxHP_equip/RE-dxHP_eq-pkgSEER-16.0-SEER2-8.0-HSPF2/instance-out.sql,CZ13,MFm,0,rDXHP,Ex,dxHP_equip,,RE-dxHP_eq-pkgSEER-16.0-SEER2-8.0-HSPF2,MFm&0&rDXHP&Ex&dxHP_equip,RE-dxHP_eq-pkgSEER-16.0-SEER2-8.0-HSPF2,54.1,277912.91,107.15,550448.52,277912.91000000003,12824.83,27465.83,14740.46,0.0,73945.06,0.0,4921.62,0.0,0.0,0.0,0.0,144015.11,0.0,0.0,12824.83,27465.83,0.0,0.0,59678.04,14267.02,144015.11,119630.78,158282.13,0.0,0.0,150265203.3380158
MFm_Ex/runs/CZ12/MFm&0&rDXHP&Ex&dxHP_equip/RE-dxHP_eq-pkgSEER-12.5-SEER2-6.4-HSPF2/instance-out.sql,CZ12,MFm,0,rDXHP,Ex,dxHP_equip,,RE-dxHP_eq-pkgSEER-12.5-SEER2-6.4-HSPF2,MFm&0&rDXHP&Ex&dxHP_equip,RE-dxHP_eq-pkgSEER-12.5-SEER2-6.4-HSPF2,50.56,259739.11,95.58,491027.48,259739.11000000002,9861.09,11749.55,14740.46,0.0,73945.06,0.0,4532.68,0.0,0.0,0.0,0.0,144910.26,0.0,0.0,9861.09,11749.55,0.0,0.0,59678.04,14267.02,144910.26,100561.83,159177.28,0.0,0.0,115059133.71252054
MFm_Ex/runs/CZ13/MFm&0&rDXHP&Ex&dxHP_equip/RE-dxHP_eq-pkgSEER-18.7-SEER2-8.5-HSPF2/instance-out.sql,CZ13,MFm,0,rDXHP,Ex,dxHP_equip,,RE-dxHP_eq-pkgSEER-18.7-SEER2-8.5-HSPF2,MFm&0&rDXHP&Ex&dxHP_equip,RE-dxHP_eq-pkgSEER-18.7-SEER2-8.5-HSPF2,53.71,275940.36,105.93,544201.44,275940.36,12619.62,25698.48,14740.46,0.0,73945.06,0.0,4921.62,0.0,0.0,0.0,0.0,144015.11,0.0,0.0,12619.62,25698.48,0.0,0.0,59678.04,14267.02,144015.11,117658.23,158282.13,0.0,0.0,144236301.09488454
MFm_Ex/runs/CZ13/MFm&0&rDXHP&Ex&dxHP_equip/RE-dxHP_eq-pkgSEER-19.6-SEER2-8.9-HSPF2/instance-out.sql,CZ13,MFm,0,rDXHP,Ex,dxHP_equip,,RE-dxHP_eq-pkgSEER-19.6-SEER2-8.9-HSPF2,MFm&0&rDXHP&Ex&dxHP_equip,RE-dxHP_eq-pkgSEER-19.6-SEER2-8.9-HSPF2,53.61,275423.49,105.62,542564.51,275423.49,12495.3,25305.94,14740.46,0.0,73945.06,0.0,4921.62,0.0,0.0,0.0,0.0,144015.11,0.0,0.0,12495.3,25305.94,0.0,0.0,59678.04,14267.02,144015.11,117141.36,158282.13,0.0,0.0,142901729.39004216
MFm_Ex/runs/CZ12/MFm&0&rDXHP&Ex&dxHP_equip/RE-dxHP_eq-pkgSEER-14.3-SEER2-7.5-HSPF2/instance-out.sql,CZ12,MFm,0,rDXHP,Ex,dxHP_equip,,RE-dxHP_eq-pkgSEER-14.3-SEER2-7.5-HSPF2,MFm&0&rDXHP&Ex&dxHP_equip,RE-dxHP_eq-pkgSEER-14.3-SEER2-7.5-HSPF2,50.27,258265.92,94.68,486361.91,258265.92,9334.97,10802.49,14740.46,0.0,73945.06,0.0,4532.68,0.0,0.0,0.0,0.0,144910.26,0.0,0.0,9334.97,10802.49,0.0,0.0,59678.04,14267.02,144910.26,99088.64,159177.28,0.0,0.0,110514488.31094362
MFm_Ex/runs/CZ12/MFm&0&rDXHP&Ex&dxHP_equip/RE-dxHP_eq-pkgSEER-17.8-SEER2-8.1-HSPF2/instance-out.sql,CZ12,MFm,0,rDXHP,Ex,dxHP_equip,,RE-dxHP_eq-pkgSEER-17.8-SEER2-8.1-HSPF2,MFm&0&rDXHP&Ex&dxHP_equip,RE-dxHP_eq-pkgSEER-17.8-SEER2-8.1-HSPF2,49.38,253681.29,91.85,471858.64,253681.29,8952.6,9050.53,14740.46,0.0,73945.06,0.0,2090.19,0.0,0.0,0.0,0.0,144902.44,0.0,0.0,8952.6,9050.53,0.0,0.0,59678.04,14267.02,144902.44,94511.82,159169.47,0.0,0.0,94052583.85999557
MFm_Ex/runs/CZ12/MFm&0&rDXHP&Ex&dxHP_equip/RE-dxHP_eq-pkgSEER-16.0-SEER2-8.0-HSPF2/instance-out.sql,CZ12,MFm,0,rDXHP,Ex,dxHP_equip,,RE-dxHP_eq-pkgSEER-16.0-SEER2-8.0-HSPF2,MFm&0&rDXHP&Ex&dxHP_equip,RE-dxHP_eq-pkgSEER-16.0-SEER2-8.0-HSPF2,49.48,254163.63,92.15,473386.21,254163.63,8984.56,9500.92,14740.46,0.0,73945.06,0.0,2090.19,0.0,0.0,0.0,0.0,144902.44,0.0,0.0,8984.56,9500.92,0.0,0.0,59678.04,14267.02,144902.44,94994.16,159169.47,0.0,0.0,96177639.05554979
MFm_Ex/runs/CZ12/MFm&0&rDXHP&Ex&dxHP_equip/RE-dxHP_eq-pkgSEER-18.7-SEER2-8.5-HSPF2/instance-out.sql,CZ12,MFm,0,rDXHP,Ex,dxHP_equip,,RE-dxHP_eq-pkgSEER-18.7-SEER2-8.5-HSPF2,MFm&0&rDXHP&Ex&dxHP_equip,RE-dxHP_eq-pkgSEER-18.7-SEER2-8.5-HSPF2,49.33,253426.69,91.69,471052.33,253426.69999999998,8858.54,8889.99,14740.46,0.0,73945.06,0.0,2090.19,0.0,0.0,0.0,0.0,144902.44,0.0,0.0,8858.54,8889.99,0.0,0.0,59678.04,14267.02,144902.44,94257.23,159169.47,0.0,0.0,93295094.01307437
MFm_Ex/runs/CZ11/MFm&0&rDXHP&Ex&dxHP_equip/RE-dxHP_eq-pkgSEER-12.5-SEER2-6.4-HSPF2/instance-out.sql,CZ11,MFm,0,rDXHP,Ex,dxHP_equip,,RE-dxHP_eq-pkgSEER-12.5-SEER2-6.4-HSPF2,MFm&0&rDXHP&Ex&dxHP_equip,RE-dxHP_eq-pkgSEER-12.5-SEER2-6.4-HSPF2,54.2,278433.64,107.1,550208.27,278433.64,10142.79,26651.08,14740.46,0.0,73945.06,0.0,8032.09,0.0,0.0,0.0,0.0,144922.16,0.0,0.0,10142.79,26651.08,0.0,0.0,59678.04,14267.02,144922.16,119244.46,159189.18,0.0,0.0,161520184.37010014
MFm_Ex/runs/CZ12/MFm&0&rDXHP&Ex&dxHP_equip/RE-dxHP_eq-pkgSEER-19.6-SEER2-8.9-HSPF2/instance-out.sql,CZ12,MFm,0,rDXHP,Ex,dxHP_equip,,RE-dxHP_eq-pkgSEER-19.6-SEER2-8.9-HSPF2,MFm&0&rDXHP&Ex&dxHP_equip,RE-dxHP_eq-pkgSEER-19.6-SEER2-8.9-HSPF2,49.29,253214.48,91.56,470380.25,253214.48,8782.2,8754.12,14740.46,0.0,73945.06,0.0,2090.19,0.0,0.0,0.0,0.0,144902.44,0.0,0.0,8782.2,8754.12,0.0,0.0,59678.04,14267.02,144902.44,94045.01,159169.47,0.0,0.0,92653997.93902884
MFm_Ex/runs/CZ11/MFm&0&rDXHP&Ex&dxHP_equip/RE-dxHP_eq-pkgSEER-14.3-SEER2-7.5-HSPF2/instance-out.sql,CZ11,MFm,0,rDXHP,Ex,dxHP_equip,,RE-dxHP_eq-pkgSEER-14.3-SEER2-7.5-HSPF2,MFm&0&rDXHP&Ex&dxHP_equip,RE-dxHP_eq-pkgSEER-14.3-SEER2-7.5-HSPF2,53.68,275749.35,105.45,541707.12,275749.35,9606.7,24502.88,14740.46,0.0,73945.06,0.0,8032.09,0.0,0.0,0.0,0.0,144922.16,0.0,0.0,9606.7,24502.88,0.0,0.0,59678.04,14267.02,144922.16,116560.17,159189.18,0.0,0.0,153863360.69939315
MFm_Ex/runs/CZ11/MFm&0&rDXHP&Ex&dxHP_equip/RE-dxHP_eq-pkgSEER-16.0-SEER2-8.0-HSPF2/instance-out.sql,CZ11,MFm,0,rDXHP,Ex,dxHP_equip,,RE-dxHP_eq-pkgSEER-16.0-SEER2-8.0-HSPF2,MFm&0&rDXHP&Ex&dxHP_equip,RE-dxHP_eq-pkgSEER-16.0-SEER2-8.0-HSPF2,52.12,267766.88,100.54,516465.87,267766.88,9321.25,21233.69,14740.46,0.0,73945.06,0.0,3623.08,0.0,0.0,0.0,0.0,144903.32,0.0,0.0,9321.25,21233.69,0.0,0.0,59678.04,14267.02,144903.32,108596.53,159170.35,0.0,0.0,129148756.8816973
MFm_Ex/runs/CZ11/MFm&0&rDXHP&Ex&dxHP_equip/RE-dxHP_eq-pkgSEER-18.7-SEER2-8.5-HSPF2/instance-out.sql,CZ11,MFm,0,rDXHP,Ex,dxHP_equip,,RE-dxHP_eq-pkgSEER-18.7-SEER2-8.5-HSPF2,MFm&0&rDXHP&Ex&dxHP_equip,RE-dxHP_eq-pkgSEER-18.7-SEER2-8.5-HSPF2,51.83,266271.64,99.61,511730.46,266271.64,9192.36,19867.35,14740.46,0.0,73945.06,0.0,3623.08,0.0,0.0,0.0,0.0,144903.32,0.0,0.0,9192.36,19867.35,0.0,0.0,59678.04,14267.02,144903.32,107101.29,159170.35,0.0,0.0,124354940.14551497
MFm_Ex/runs/CZ11/MFm&0&rDXHP&Ex&dxHP_equip/RE-dxHP_eq-pkgSEER-19.6-SEER2-8.9-HSPF2/instance-out.sql,CZ11,MFm,0,rDXHP,Ex,dxHP_equip,,RE-dxHP_eq-pkgSEER-19.6-SEER2-8.9-HSPF2,MFm&0&rDXHP&Ex&dxHP_equip,RE-dxHP_eq-pkgSEER-19.6-SEER2-8.9-HSPF2,51.76,265890.08,99.38,510522.05,265890.07999999996,9114.27,19563.88,14740.46,0.0,73945.06,0.0,3623.08,0.0,0.0,0.0,0.0,144903.32,0.0,0.0,9114.27,19563.88,0.0,0.0,59678.04,14267.02,144903.32,106719.73,159170.35,0.0,0.0,123291352.39752817
MFm_Ex/runs/CZ11/MFm&0&rDXHP&Ex&dxHP_equip/RE-dxHP_eq-pkgSEER-17.8-SEER2-8.1-HSPF2/instance-out.sql,CZ11,MFm,0,rDXHP,Ex,dxHP_equip,,RE-dxHP_eq-pkgSEER-17.8-SEER2-8.1-HSPF2,MFm&0&rDXHP&Ex&dxHP_equip,RE-dxHP_eq-pkgSEER-17.8-SEER2-8.1-HSPF2,51.92,266728.14,99.89,513176.18,266728.14,9288.56,20227.65,14740.46,0.0,73945.06,0.0,3623.08,0.0,0.0,0.0,0.0,144903.32,0.0,0.0,9288.56,20227.65,0.0,0.0,59678.04,14267.02,144903.32,107557.79,159170.35,0.0,0.0,125622535.14815794
MFm_Ex/runs/CZ10/MFm&0&rDXHP&Ex&dxHP_equip/RE-dxHP_eq-pkgSEER-14.3-SEER2-7.5-HSPF2/instance-out.sql,CZ10,MFm,0,rDXHP,Ex,dxHP_equip,,RE-dxHP_eq-pkgSEER-14.3-SEER2-7.5-HSPF2,MFm&0&rDXHP&Ex&dxHP_equip,RE-dxHP_eq-pkgSEER-14.3-SEER2-7.5-HSPF2,50.71,260490.92,96.71,496840.49,260490.92,5167.53,17638.06,14740.46,0.0,73945.06,0.0,5737.19,0.0,0.0,0.0,0.0,143262.62,0.0,0.0,5167.53,17638.06,0.0,0.0,59678.04,14267.02,143262.62,102961.28,157529.64,0.0,0.0,135984202.47546136
MFm_Ex/runs/CZ10/MFm&0&rDXHP&Ex&dxHP_equip/RE-dxHP_eq-pkgSEER-12.5-SEER2-6.4-HSPF2/instance-out.sql,CZ10,MFm,0,rDXHP,Ex,dxHP_equip,,RE-dxHP_eq-pkgSEER-12.5-SEER2-6.4-HSPF2,MFm&0&rDXHP&Ex&dxHP_equip,RE-dxHP_eq-pkgSEER-12.5-SEER2-6.4-HSPF2,51.07,262349.21,97.86,502725.72,262349.21,5479.48,19184.41,14740.46,0.0,73945.06,0.0,5737.19,0.0,0.0,0.0,0.0,143262.62,0.0,0.0,5479.48,19184.41,0.0,0.0,59678.04,14267.02,143262.62,104819.57,157529.64,0.0,0.0,142381725.74718738
MFm_Ex/runs/CZ10/MFm&0&rDXHP&Ex&dxHP_equip/RE-dxHP_eq-pkgSEER-17.8-SEER2-8.1-HSPF2/instance-out.sql,CZ10,MFm,0,rDXHP,Ex,dxHP_equip,,RE-dxHP_eq-pkgSEER-17.8-SEER2-8.1-HSPF2,MFm&0&rDXHP&Ex&dxHP_equip,RE-dxHP_eq-pkgSEER-17.8-SEER2-8.1-HSPF2,49.49,254252.86,92.87,477109.17,254252.87,4985.73,14727.58,14740.46,0.0,73945.06,0.0,2603.22,0.0,0.0,0.0,0.0,143250.81,0.0,0.0,4985.73,14727.58,0.0,0.0,59678.04,14267.02,143250.81,96735.03,157517.84,0.0,0.0,112674816.04646075
MFm_Ex/runs/CZ10/MFm&0&rDXHP&Ex&dxHP_equip/RE-dxHP_eq-pkgSEER-18.7-SEER2-8.5-HSPF2/instance-out.sql,CZ10,MFm,0,rDXHP,Ex,dxHP_equip,,RE-dxHP_eq-pkgSEER-18.7-SEER2-8.5-HSPF2,MFm&0&rDXHP&Ex&dxHP_equip,RE-dxHP_eq-pkgSEER-18.7-SEER2-8.5-HSPF2,49.43,253935.32,92.68,476103.52,253935.33,4929.87,14465.9,14740.46,0.0,73945.06,0.0,2603.22,0.0,0.0,0.0,0.0,143250.81,0.0,0.0,4929.87,14465.9,0.0,0.0,59678.04,14267.02,143250.81,96417.49,157517.84,0.0,0.0,111612043.98317266
MFm_Ex/runs/CZ10/MFm&0&rDXHP&Ex&dxHP_equip/RE-dxHP_eq-pkgSEER-19.6-SEER2-8.9-HSPF2/instance-out.sql,CZ10,MFm,0,rDXHP,Ex,dxHP_equip,,RE-dxHP_eq-pkgSEER-19.6-SEER2-8.9-HSPF2,MFm&0&rDXHP&Ex&dxHP_equip,RE-dxHP_eq-pkgSEER-19.6-SEER2-8.9-HSPF2,49.38,253668.93,92.51,475259.86,253668.94,4884.52,14244.86,14740.46,0.0,73945.06,0.0,2603.22,0.0,0.0,0.0,0.0,143250.81,0.0,0.0,4884.52,14244.86,0.0,0.0,59678.04,14267.02,143250.81,96151.1,157517.84,0.0,0.0,110719263.88576749
MFm_Ex/runs/CZ10/MFm&0&rDXHP&Ex&dxHP_equip/RE-dxHP_eq-pkgSEER-16.0-SEER2-8.0-HSPF2/instance-out.sql,CZ10,MFm,0,rDXHP,Ex,dxHP_equip,,RE-dxHP_eq-pkgSEER-16.0-SEER2-8.0-HSPF2,MFm&0&rDXHP&Ex&dxHP_equip,RE-dxHP_eq-pkgSEER-16.0-SEER2-8.0-HSPF2,49.64,255004.58,93.34,479489.85,255004.58,5004.72,15460.31,14740.46,0.0,73945.06,0.0,2603.22,0.0,0.0,0.0,0.0,143250.81,0.0,0.0,5004.72,15460.31,0.0,0.0,59678.04,14267.02,143250.81,97486.74,157517.84,0.0,0.0,115634658.47518213
MFm_Ex/runs/CZ09/MFm&0&rDXHP&Ex&dxHP_equip/RE-dxHP_eq-pkgSEER-12.5-SEER2-6.4-HSPF2/instance-out.sql,CZ09,MFm,0,rDXHP,Ex,dxHP_equip,,RE-dxHP_eq-pkgSEER-12.5-SEER2-6.4-HSPF2,MFm&0&rDXHP&Ex&dxHP_equip,RE-dxHP_eq-pkgSEER-12.5-SEER2-6.4-HSPF2,52.15,267879.5,101.25,520137.3,267879.5,10183.09,18812.84,14740.46,0.0,73945.06,0.0,6886.06,0.0,0.0,0.0,0.0,143311.99,0.0,0.0,10183.09,18812.84,0.0,0.0,59678.04,14267.02,143311.99,110300.49,157579.01,0.0,0.0,153714970.49890184
MFm_Ex/runs/CZ09/MFm&0&rDXHP&Ex&dxHP_equip/RE-dxHP_eq-pkgSEER-14.3-SEER2-7.5-HSPF2/instance-out.sql,CZ09,MFm,0,rDXHP,Ex,dxHP_equip,,RE-dxHP_eq-pkgSEER-14.3-SEER2-7.5-HSPF2,MFm&0&rDXHP&Ex&dxHP_equip,RE-dxHP_eq-pkgSEER-14.3-SEER2-7.5-HSPF2,51.72,265692.27,99.9,513210.33,265692.27,9512.26,17296.44,14740.46,0.0,73945.06,0.0,6886.06,0.0,0.0,0.0,0.0,143311.99,0.0,0.0,9512.26,17296.44,0.0,0.0,59678.04,14267.02,143311.99,108113.26,157579.01,0.0,0.0,146562734.62199643
MFm_Ex/runs/CZ09/MFm&0&rDXHP&Ex&dxHP_equip/RE-dxHP_eq-pkgSEER-18.7-SEER2-8.5-HSPF2/instance-out.sql,CZ09,MFm,0,rDXHP,Ex,dxHP_equip,,RE-dxHP_eq-pkgSEER-18.7-SEER2-8.5-HSPF2,MFm&0&rDXHP&Ex&dxHP_equip,RE-dxHP_eq-pkgSEER-18.7-SEER2-8.5-HSPF2,50.28,258274.4,95.33,489745.69,258274.41000000003,9001.83,14138.92,14740.46,0.0,73945.06,0.0,3149.45,0.0,0.0,0.0,0.0,143298.67,0.0,0.0,9001.83,14138.92,0.0,0.0,59678.04,14267.02,143298.67,100708.71,157565.7,0.0,0.0,119136097.47755921
MFm_Ex/runs/CZ09/MFm&0&rDXHP&Ex&dxHP_equip/RE-dxHP_eq-pkgSEER-17.8-SEER2-8.1-HSPF2/instance-out.sql,CZ09,MFm,0,rDXHP,Ex,dxHP_equip,,RE-dxHP_eq-pkgSEER-17.8-SEER2-8.1-HSPF2,MFm&0&rDXHP&Ex&dxHP_equip,RE-dxHP_eq-pkgSEER-17.8-SEER2-8.1-HSPF2,50.35,258649.88,95.57,490934.83,258649.89,9121.34,14394.89,14740.46,0.0,73945.06,0.0,3149.45,0.0,0.0,0.0,0.0,143298.67,0.0,0.0,9121.34,14394.89,0.0,0.0,59678.04,14267.02,143298.67,101084.19,157565.7,0.0,0.0,120331542.37621951
MFm_Ex/runs/CZ09/MFm&0&rDXHP&Ex&dxHP_equip/RE-dxHP_eq-pkgSEER-16.0-SEER2-8.0-HSPF2/instance-out.sql,CZ09,MFm,0,rDXHP,Ex,dxHP_equip,,RE-dxHP_eq-pkgSEER-16.0-SEER2-8.0-HSPF2,MFm&0&rDXHP&Ex&dxHP_equip,RE-dxHP_eq-pkgSEER-16.0-SEER2-8.0-HSPF2,50.5,259406.6,96.03,493331.36,259406.6,9161.95,15111.0,14740.46,0.0,73945.06,0.0,3149.45,0.0,0.0,0.0,0.0,143298.67,0.0,0.0,9161.95,15111.0,0.0,0.0,59678.04,14267.02,143298.67,101840.9,157565.7,0.0,0.0,123625529.1471776
MFm_Ex/runs/CZ08/MFm&0&rDXHP&Ex&dxHP_equip/RE-dxHP_eq-pkgSEER-12.5-SEER2-6.4-HSPF2/instance-out.sql,CZ08,MFm,0,rDXHP,Ex,dxHP_equip,,RE-dxHP_eq-pkgSEER-12.5-SEER2-6.4-HSPF2,MFm&0&rDXHP&Ex&dxHP_equip,RE-dxHP_eq-pkgSEER-12.5-SEER2-6.4-HSPF2,51.19,262953.78,98.15,504201.92,262953.78,5543.56,19058.87,14740.46,0.0,73945.06,0.0,6192.72,0.0,0.0,0.0,0.0,143473.11,0.0,0.0,5543.56,19058.87,0.0,0.0,59678.04,14267.02,143473.11,105213.64,157740.14,0.0,0.0,142928459.75780028
MFm_Ex/runs/CZ09/MFm&0&rDXHP&Ex&dxHP_equip/RE-dxHP_eq-pkgSEER-19.6-SEER2-8.9-HSPF2/instance-out.sql,CZ09,MFm,0,rDXHP,Ex,dxHP_equip,,RE-dxHP_eq-pkgSEER-19.6-SEER2-8.9-HSPF2,MFm&0&rDXHP&Ex&dxHP_equip,RE-dxHP_eq-pkgSEER-19.6-SEER2-8.9-HSPF2,50.21,257961.37,95.14,488754.31,257961.37,8904.82,13922.9,14740.46,0.0,73945.06,0.0,3149.45,0.0,0.0,0.0,0.0,143298.67,0.0,0.0,8904.82,13922.9,0.0,0.0,59678.04,14267.02,143298.67,100395.67,157565.7,0.0,0.0,118142789.48154798
MFm_Ex/runs/CZ08/MFm&0&rDXHP&Ex&dxHP_equip/RE-dxHP_eq-pkgSEER-17.8-SEER2-8.1-HSPF2/instance-out.sql,CZ08,MFm,0,rDXHP,Ex,dxHP_equip,,RE-dxHP_eq-pkgSEER-17.8-SEER2-8.1-HSPF2,MFm&0&rDXHP&Ex&dxHP_equip,RE-dxHP_eq-pkgSEER-17.8-SEER2-8.1-HSPF2,49.55,254532.27,92.96,477560.34,254532.27,4987.98,14591.67,14740.46,0.0,73945.06,0.0,2808.07,0.0,0.0,0.0,0.0,143459.03,0.0,0.0,4987.98,14591.67,0.0,0.0,59678.04,14267.02,143459.03,96806.22,157726.05,0.0,0.0,112769217.40283221
MFm_Ex/runs/CZ07/MFm&0&rDXHP&Ex&dxHP_equip/RE-dxHP_eq-pkgSEER-14.3-SEER2-7.5-HSPF2/instance-out.sql,CZ07,MFm,0,rDXHP,Ex,dxHP_equip,,RE-dxHP_eq-pkgSEER-14.3-SEER2-7.5-HSPF2,MFm&0&rDXHP&Ex&dxHP_equip,RE-dxHP_eq-pkgSEER-14.3-SEER2-7.5-HSPF2,48.01,246636.71,87.75,450806.67,246636.71,4300.07,6409.15,14740.46,0.0,73945.06,0.0,2943.56,0.0,0.0,0.0,0.0,144298.4,0.0,0.0,4300.07,6409.15,0.0,0.0,59678.04,14267.02,144298.4,88071.28,158565.43,0.0,0.0,92931929.13707714
MFm_Ex/runs/CZ08/MFm&0&rDXHP&Ex&dxHP_equip/RE-dxHP_eq-pkgSEER-19.6-SEER2-8.9-HSPF2/instance-out.sql,CZ08,MFm,0,rDXHP,Ex,dxHP_equip,,RE-dxHP_eq-pkgSEER-19.6-SEER2-8.9-HSPF2,MFm&0&rDXHP&Ex&dxHP_equip,RE-dxHP_eq-pkgSEER-19.6-SEER2-8.9-HSPF2,49.43,253940.89,92.6,475687.44,253940.88999999998,4875.19,14113.08,14740.46,0.0,73945.06,0.0,2808.07,0.0,0.0,0.0,0.0,143459.03,0.0,0.0,4875.19,14113.08,0.0,0.0,59678.04,14267.02,143459.03,96214.84,157726.05,0.0,0.0,110817763.28782949
MFm_Ex/runs/CZ08/MFm&0&rDXHP&Ex&dxHP_equip/RE-dxHP_eq-pkgSEER-18.7-SEER2-8.5-HSPF2/instance-out.sql,CZ08,MFm,0,rDXHP,Ex,dxHP_equip,,RE-dxHP_eq-pkgSEER-18.7-SEER2-8.5-HSPF2,MFm&0&rDXHP&Ex&dxHP_equip,RE-dxHP_eq-pkgSEER-18.7-SEER2-8.5-HSPF2,49.48,254210.38,92.76,476540.91,254210.38,4925.72,14332.04,14740.46,0.0,73945.06,0.0,2808.07,0.0,0.0,0.0,0.0,143459.03,0.0,0.0,4925.72,14332.04,0.0,0.0,59678.04,14267.02,143459.03,96484.33,157726.05,0.0,0.0,111703143.74352188
MFm_Ex/runs/CZ08/MFm&0&rDXHP&Ex&dxHP_equip/RE-dxHP_eq-pkgSEER-16.0-SEER2-8.0-HSPF2/instance-out.sql,CZ08,MFm,0,rDXHP,Ex,dxHP_equip,,RE-dxHP_eq-pkgSEER-16.0-SEER2-8.0-HSPF2,MFm&0&rDXHP&Ex&dxHP_equip,RE-dxHP_eq-pkgSEER-16.0-SEER2-8.0-HSPF2,49.69,255279.26,93.42,479926.05,255279.26,5009.13,15317.5,14740.46,0.0,73945.06,0.0,2808.07,0.0,0.0,0.0,0.0,143459.03,0.0,0.0,5009.13,15317.5,0.0,0.0,59678.04,14267.02,143459.03,97553.21,157726.05,0.0,0.0,115705331.64957221
MFm_Ex/runs/CZ08/MFm&0&rDXHP&Ex&dxHP_equip/RE-dxHP_eq-pkgSEER-14.3-SEER2-7.5-HSPF2/instance-out.sql,CZ08,MFm,0,rDXHP,Ex,dxHP_equip,,RE-dxHP_eq-pkgSEER-14.3-SEER2-7.5-HSPF2,MFm&0&rDXHP&Ex&dxHP_equip,RE-dxHP_eq-pkgSEER-14.3-SEER2-7.5-HSPF2,50.82,261069.09,96.99,498233.09,261069.09000000003,5195.09,17522.64,14740.46,0.0,73945.06,0.0,6192.72,0.0,0.0,0.0,0.0,143473.11,0.0,0.0,5195.09,17522.64,0.0,0.0,59678.04,14267.02,143473.11,103328.95,157740.14,0.0,0.0,136572819.76464385
MFm_Ex/runs/CZ07/MFm&0&rDXHP&Ex&dxHP_equip/RE-dxHP_eq-pkgSEER-12.5-SEER2-6.4-HSPF2/instance-out.sql,CZ07,MFm,0,rDXHP,Ex,dxHP_equip,,RE-dxHP_eq-pkgSEER-12.5-SEER2-6.4-HSPF2,MFm&0&rDXHP&Ex&dxHP_equip,RE-dxHP_eq-pkgSEER-12.5-SEER2-6.4-HSPF2,48.18,247518.53,88.3,453599.4,247518.53,4620.0,6971.05,14740.46,0.0,73945.06,0.0,2943.56,0.0,0.0,0.0,0.0,144298.4,0.0,0.0,4620.0,6971.05,0.0,0.0,59678.04,14267.02,144298.4,88953.1,158565.43,0.0,0.0,96125092.89822185
MFm_Ex/runs/CZ07/MFm&0&rDXHP&Ex&dxHP_equip/RE-dxHP_eq-pkgSEER-16.0-SEER2-8.0-HSPF2/instance-out.sql,CZ07,MFm,0,rDXHP,Ex,dxHP_equip,,RE-dxHP_eq-pkgSEER-16.0-SEER2-8.0-HSPF2,MFm&0&rDXHP&Ex&dxHP_equip,RE-dxHP_eq-pkgSEER-16.0-SEER2-8.0-HSPF2,47.53,244155.32,86.23,442956.25,244155.33,4173.27,5644.82,14740.46,0.0,73945.06,0.0,1357.2,0.0,0.0,0.0,0.0,144294.5,0.0,0.0,4173.27,5644.82,0.0,0.0,59678.04,14267.02,144294.5,85593.8,158561.53,0.0,0.0,82107512.42053919
MFm_Ex/runs/CZ07/MFm&0&rDXHP&Ex&dxHP_equip/RE-dxHP_eq-pkgSEER-18.7-SEER2-8.5-HSPF2/instance-out.sql,CZ07,MFm,0,rDXHP,Ex,dxHP_equip,,RE-dxHP_eq-pkgSEER-18.7-SEER2-8.5-HSPF2,MFm&0&rDXHP&Ex&dxHP_equip,RE-dxHP_eq-pkgSEER-18.7-SEER2-8.5-HSPF2,47.44,243715.66,85.95,441563.84,243715.66,4096.74,5281.69,14740.46,0.0,73945.06,0.0,1357.2,0.0,0.0,0.0,0.0,144294.5,0.0,0.0,4096.74,5281.69,0.0,0.0,59678.04,14267.02,144294.5,85154.13,158561.53,0.0,0.0,80066915.9049166
MFm_Ex/runs/CZ07/MFm&0&rDXHP&Ex&dxHP_equip/RE-dxHP_eq-pkgSEER-17.8-SEER2-8.1-HSPF2/instance-out.sql,CZ07,MFm,0,rDXHP,Ex,dxHP_equip,,RE-dxHP_eq-pkgSEER-17.8-SEER2-8.1-HSPF2,MFm&0&rDXHP&Ex&dxHP_equip,RE-dxHP_eq-pkgSEER-17.8-SEER2-8.1-HSPF2,47.47,243868.41,86.05,442047.6,243868.41,4153.86,5377.32,14740.46,0.0,73945.06,0.0,1357.2,0.0,0.0,0.0,0.0,144294.5,0.0,0.0,4153.86,5377.32,0.0,0.0,59678.04,14267.02,144294.5,85306.88,158561.53,0.0,0.0,80604476.13076976
MFm_Ex/runs/CZ06/MFm&0&rDXHP&Ex&dxHP_equip/RE-dxHP_eq-pkgSEER-12.5-SEER2-6.4-HSPF2/instance-out.sql,CZ06,MFm,0,rDXHP,Ex,dxHP_equip,,RE-dxHP_eq-pkgSEER-12.5-SEER2-6.4-HSPF2,MFm&0&rDXHP&Ex&dxHP_equip,RE-dxHP_eq-pkgSEER-12.5-SEER2-6.4-HSPF2,48.98,251621.35,90.63,465591.57,251621.35,5738.3,8727.58,14740.46,0.0,73945.06,0.0,3690.77,0.0,0.0,0.0,0.0,144779.19,0.0,0.0,5738.3,8727.58,0.0,0.0,59678.04,14267.02,144779.19,92575.14,159046.21,0.0,0.0,85352784.14080322
MFm_Ex/runs/CZ07/MFm&0&rDXHP&Ex&dxHP_equip/RE-dxHP_eq-pkgSEER-19.6-SEER2-8.9-HSPF2/instance-out.sql,CZ07,MFm,0,rDXHP,Ex,dxHP_equip,,RE-dxHP_eq-pkgSEER-19.6-SEER2-8.9-HSPF2,MFm&0&rDXHP&Ex&dxHP_equip,RE-dxHP_eq-pkgSEER-19.6-SEER2-8.9-HSPF2,47.42,243588.6,85.88,441161.44,243588.6,4050.38,5200.99,14740.46,0.0,73945.06,0.0,1357.2,0.0,0.0,0.0,0.0,144294.5,0.0,0.0,4050.38,5200.99,0.0,0.0,59678.04,14267.02,144294.5,85027.07,158561.53,0.0,0.0,79613510.03303847
MFm_Ex/runs/CZ06/MFm&0&rDXHP&Ex&dxHP_equip/RE-dxHP_eq-pkgSEER-14.3-SEER2-7.5-HSPF2/instance-out.sql,CZ06,MFm,0,rDXHP,Ex,dxHP_equip,,RE-dxHP_eq-pkgSEER-14.3-SEER2-7.5-HSPF2,MFm&0&rDXHP&Ex&dxHP_equip,RE-dxHP_eq-pkgSEER-14.3-SEER2-7.5-HSPF2,48.77,250519.83,89.95,462103.06,250519.83,5340.26,8024.09,14740.46,0.0,73945.06,0.0,3690.77,0.0,0.0,0.0,0.0,144779.19,0.0,0.0,5340.26,8024.09,0.0,0.0,59678.04,14267.02,144779.19,91473.62,159046.21,0.0,0.0,82830643.28057908
MFm_Ex/runs/CZ06/MFm&0&rDXHP&Ex&dxHP_equip/RE-dxHP_eq-pkgSEER-16.0-SEER2-8.0-HSPF2/instance-out.sql,CZ06,MFm,0,rDXHP,Ex,dxHP_equip,,RE-dxHP_eq-pkgSEER-16.0-SEER2-8.0-HSPF2,MFm&0&rDXHP&Ex&dxHP_equip,RE-dxHP_eq-pkgSEER-16.0-SEER2-8.0-HSPF2,48.16,247397.64,88.03,452224.65,247397.63999999998,5163.43,7071.97,14740.46,0.0,73945.06,0.0,1702.13,0.0,0.0,0.0,0.0,144774.58,0.0,0.0,5163.43,7071.97,0.0,0.0,59678.04,14267.02,144774.58,88356.03,159041.61,0.0,0.0,74308111.39332785
MFm_Ex/runs/CZ06/MFm&0&rDXHP&Ex&dxHP_equip/RE-dxHP_eq-pkgSEER-17.8-SEER2-8.1-HSPF2/instance-out.sql,CZ06,MFm,0,rDXHP,Ex,dxHP_equip,,RE-dxHP_eq-pkgSEER-17.8-SEER2-8.1-HSPF2,MFm&0&rDXHP&Ex&dxHP_equip,RE-dxHP_eq-pkgSEER-17.8-SEER2-8.1-HSPF2,48.09,247038.33,87.81,451086.72,247038.33,5139.35,6736.75,14740.46,0.0,73945.06,0.0,1702.13,0.0,0.0,0.0,0.0,144774.58,0.0,0.0,5139.35,6736.75,0.0,0.0,59678.04,14267.02,144774.58,87996.72,159041.61,0.0,0.0,73124610.45602545
MFm_Ex/runs/CZ06/MFm&0&rDXHP&Ex&dxHP_equip/RE-dxHP_eq-pkgSEER-18.7-SEER2-8.5-HSPF2/instance-out.sql,CZ06,MFm,0,rDXHP,Ex,dxHP_equip,,RE-dxHP_eq-pkgSEER-18.7-SEER2-8.5-HSPF2,MFm&0&rDXHP&Ex&dxHP_equip,RE-dxHP_eq-pkgSEER-18.7-SEER2-8.5-HSPF2,48.05,246847.91,87.69,450483.65,246847.90999999997,5068.47,6617.2,14740.46,0.0,73945.06,0.0,1702.13,0.0,0.0,0.0,0.0,144774.58,0.0,0.0,5068.47,6617.2,0.0,0.0,59678.04,14267.02,144774.58,87806.3,159041.61,0.0,0.0,72702473.8255637
MFm_Ex/runs/CZ05/MFm&0&rDXHP&Ex&dxHP_equip/RE-dxHP_eq-pkgSEER-14.3-SEER2-7.5-HSPF2/instance-out.sql,CZ05,MFm,0,rDXHP,Ex,dxHP_equip,,RE-dxHP_eq-pkgSEER-14.3-SEER2-7.5-HSPF2,MFm&0&rDXHP&Ex&dxHP_equip,RE-dxHP_eq-pkgSEER-14.3-SEER2-7.5-HSPF2,49.96,256630.37,92.94,477440.44,256630.36,11010.68,6150.45,14740.46,0.0,73945.06,0.0,4077.17,0.0,0.0,0.0,0.0,146706.54,0.0,0.0,11010.68,6150.45,0.0,0.0,59678.04,14267.02,146706.54,95656.8,160973.56,0.0,0.0,77278525.31133899
MFm_Ex/runs/CZ06/MFm&0&rDXHP&Ex&dxHP_equip/RE-dxHP_eq-pkgSEER-19.6-SEER2-8.9-HSPF2/instance-out.sql,CZ06,MFm,0,rDXHP,Ex,dxHP_equip,,RE-dxHP_eq-pkgSEER-19.6-SEER2-8.9-HSPF2,MFm&0&rDXHP&Ex&dxHP_equip,RE-dxHP_eq-pkgSEER-19.6-SEER2-8.9-HSPF2,48.02,246689.25,87.59,449981.17,246689.25,5010.94,6516.07,14740.46,0.0,73945.06,0.0,1702.13,0.0,0.0,0.0,0.0,144774.58,0.0,0.0,5010.94,6516.07,0.0,0.0,59678.04,14267.02,144774.58,87647.64,159041.61,0.0,0.0,72345435.55274332
MFm_Ex/runs/CZ05/MFm&0&rDXHP&Ex&dxHP_equip/RE-dxHP_eq-pkgSEER-16.0-SEER2-8.0-HSPF2/instance-out.sql,CZ05,MFm,0,rDXHP,Ex,dxHP_equip,,RE-dxHP_eq-pkgSEER-16.0-SEER2-8.0-HSPF2,MFm&0&rDXHP&Ex&dxHP_equip,RE-dxHP_eq-pkgSEER-16.0-SEER2-8.0-HSPF2,49.29,253192.53,90.82,466562.11,253192.53,10484.93,5417.72,14740.46,0.0,73945.06,0.0,1902.28,0.0,0.0,0.0,0.0,146702.08,0.0,0.0,10484.93,5417.72,0.0,0.0,59678.04,14267.02,146702.08,92223.43,160969.1,0.0,0.0,69736076.61123791
MFm_Ex/runs/CZ05/MFm&0&rDXHP&Ex&dxHP_equip/RE-dxHP_eq-pkgSEER-17.8-SEER2-8.1-HSPF2/instance-out.sql,CZ05,MFm,0,rDXHP,Ex,dxHP_equip,,RE-dxHP_eq-pkgSEER-17.8-SEER2-8.1-HSPF2,MFm&0&rDXHP&Ex&dxHP_equip,RE-dxHP_eq-pkgSEER-17.8-SEER2-8.1-HSPF2,49.23,252893.14,90.64,465613.93,252893.13,10442.34,5160.92,14740.46,0.0,73945.06,0.0,1902.28,0.0,0.0,0.0,0.0,146702.08,0.0,0.0,10442.34,5160.92,0.0,0.0,59678.04,14267.02,146702.08,91924.03,160969.1,0.0,0.0,68742469.51582459
MFm_Ex/runs/CZ05/MFm&0&rDXHP&Ex&dxHP_equip/RE-dxHP_eq-pkgSEER-12.5-SEER2-6.4-HSPF2/instance-out.sql,CZ05,MFm,0,rDXHP,Ex,dxHP_equip,,RE-dxHP_eq-pkgSEER-12.5-SEER2-6.4-HSPF2,MFm&0&rDXHP&Ex&dxHP_equip,RE-dxHP_eq-pkgSEER-12.5-SEER2-6.4-HSPF2,50.2,257877.05,93.71,481388.69,257877.05,11718.15,6689.67,14740.46,0.0,73945.06,0.0,4077.17,0.0,0.0,0.0,0.0,146706.54,0.0,0.0,11718.15,6689.67,0.0,0.0,59678.04,14267.02,146706.54,96903.49,160973.56,0.0,0.0,79420201.92690444
MFm_Ex/runs/CZ05/MFm&0&rDXHP&Ex&dxHP_equip/RE-dxHP_eq-pkgSEER-18.7-SEER2-8.5-HSPF2/instance-out.sql,CZ05,MFm,0,rDXHP,Ex,dxHP_equip,,RE-dxHP_eq-pkgSEER-18.7-SEER2-8.5-HSPF2,MFm&0&rDXHP&Ex&dxHP_equip,RE-dxHP_eq-pkgSEER-18.7-SEER2-8.5-HSPF2,49.19,252676.2,90.5,464926.88,252676.2,10317.0,5069.32,14740.46,0.0,73945.06,0.0,1902.28,0.0,0.0,0.0,0.0,146702.08,0.0,0.0,10317.0,5069.32,0.0,0.0,59678.04,14267.02,146702.08,91707.1,160969.1,0.0,0.0,68386769.29173726
MFm_Ex/runs/CZ05/MFm&0&rDXHP&Ex&dxHP_equip/RE-dxHP_eq-pkgSEER-19.6-SEER2-8.9-HSPF2/instance-out.sql,CZ05,MFm,0,rDXHP,Ex,dxHP_equip,,RE-dxHP_eq-pkgSEER-19.6-SEER2-8.9-HSPF2,MFm&0&rDXHP&Ex&dxHP_equip,RE-dxHP_eq-pkgSEER-19.6-SEER2-8.9-HSPF2,49.15,252496.99,90.39,464359.32,252496.98,10215.26,4991.85,14740.46,0.0,73945.06,0.0,1902.28,0.0,0.0,0.0,0.0,146702.08,0.0,0.0,10215.26,4991.85,0.0,0.0,59678.04,14267.02,146702.08,91527.88,160969.1,0.0,0.0,68087044.72683933
MFm_Ex/runs/CZ04/MFm&0&rDXHP&Ex&dxHP_equip/RE-dxHP_eq-pkgSEER-16.0-SEER2-8.0-HSPF2/instance-out.sql,CZ04,MFm,0,rDXHP,Ex,dxHP_equip,,RE-dxHP_eq-pkgSEER-16.0-SEER2-8.0-HSPF2,MFm&0&rDXHP&Ex&dxHP_equip,RE-dxHP_eq-pkgSEER-16.0-SEER2-8.0-HSPF2,51.28,263414.72,97.95,503184.45,263414.72,15844.87,11240.01,14740.46,0.0,73945.06,0.0,2981.92,0.0,0.0,0.0,0.0,144662.39,0.0,0.0,15844.87,11240.01,0.0,0.0,59678.04,14267.02,144662.39,104485.31,158929.41,0.0,0.0,105987192.72061539
MFm_Ex/runs/CZ04/MFm&0&rDXHP&Ex&dxHP_equip/RE-dxHP_eq-pkgSEER-12.5-SEER2-6.4-HSPF2/instance-out.sql,CZ04,MFm,0,rDXHP,Ex,dxHP_equip,,RE-dxHP_eq-pkgSEER-12.5-SEER2-6.4-HSPF2,MFm&0&rDXHP&Ex&dxHP_equip,RE-dxHP_eq-pkgSEER-12.5-SEER2-6.4-HSPF2,52.84,271436.52,102.89,528566.71,271436.52,17508.29,14099.11,14740.46,0.0,73945.06,0.0,6470.27,0.0,0.0,0.0,0.0,144673.33,0.0,0.0,17508.29,14099.11,0.0,0.0,59678.04,14267.02,144673.33,112496.17,158940.35,0.0,0.0,129246866.75102961
MFm_Ex/runs/CZ04/MFm&0&rDXHP&Ex&dxHP_equip/RE-dxHP_eq-pkgSEER-14.3-SEER2-7.5-HSPF2/instance-out.sql,CZ04,MFm,0,rDXHP,Ex,dxHP_equip,,RE-dxHP_eq-pkgSEER-14.3-SEER2-7.5-HSPF2,MFm&0&rDXHP&Ex&dxHP_equip,RE-dxHP_eq-pkgSEER-14.3-SEER2-7.5-HSPF2,52.42,269286.14,101.57,521756.44,269286.14,16494.35,12962.66,14740.46,0.0,73945.06,0.0,6470.27,0.0,0.0,0.0,0.0,144673.33,0.0,0.0,16494.35,12962.66,0.0,0.0,59678.04,14267.02,144673.33,110345.79,158940.35,0.0,0.0,123787035.78154907
MFm_Ex/runs/CZ04/MFm&0&rDXHP&Ex&dxHP_equip/RE-dxHP_eq-pkgSEER-17.8-SEER2-8.1-HSPF2/instance-out.sql,CZ04,MFm,0,rDXHP,Ex,dxHP_equip,,RE-dxHP_eq-pkgSEER-17.8-SEER2-8.1-HSPF2,MFm&0&rDXHP&Ex&dxHP_equip,RE-dxHP_eq-pkgSEER-17.8-SEER2-8.1-HSPF2,51.16,262820.76,97.58,501303.37,262820.76,15783.51,10707.41,14740.46,0.0,73945.06,0.0,2981.92,0.0,0.0,0.0,0.0,144662.39,0.0,0.0,15783.51,10707.41,0.0,0.0,59678.04,14267.02,144662.39,103891.35,158929.41,0.0,0.0,103454624.17734319
MFm_Ex/runs/CZ04/MFm&0&rDXHP&Ex&dxHP_equip/RE-dxHP_eq-pkgSEER-19.6-SEER2-8.9-HSPF2/instance-out.sql,CZ04,MFm,0,rDXHP,Ex,dxHP_equip,,RE-dxHP_eq-pkgSEER-19.6-SEER2-8.9-HSPF2,MFm&0&rDXHP&Ex&dxHP_equip,RE-dxHP_eq-pkgSEER-19.6-SEER2-8.9-HSPF2,51.03,262142.38,97.17,499154.96,262142.38,15456.37,10356.18,14740.46,0.0,73945.06,0.0,2981.92,0.0,0.0,0.0,0.0,144662.39,0.0,0.0,15456.37,10356.18,0.0,0.0,59678.04,14267.02,144662.39,103212.97,158929.41,0.0,0.0,101785029.63643256
MFm_Ex/runs/CZ03/MFm&0&rDXHP&Ex&dxHP_equip/RE-dxHP_eq-pkgSEER-14.3-SEER2-7.5-HSPF2/instance-out.sql,CZ03,MFm,0,rDXHP,Ex,dxHP_equip,,RE-dxHP_eq-pkgSEER-14.3-SEER2-7.5-HSPF2,MFm&0&rDXHP&Ex&dxHP_equip,RE-dxHP_eq-pkgSEER-14.3-SEER2-7.5-HSPF2,49.98,256767.13,92.91,477283.42,256767.13,10191.28,6879.76,14740.46,0.0,73945.06,0.0,4020.71,0.0,0.0,0.0,0.0,146989.86,0.0,0.0,10191.28,6879.76,0.0,0.0,59678.04,14267.02,146989.86,95510.25,161256.88,0.0,0.0,88477859.52616689
MFm_Ex/runs/CZ03/MFm&0&rDXHP&Ex&dxHP_equip/RE-dxHP_eq-pkgSEER-12.5-SEER2-6.4-HSPF2/instance-out.sql,CZ03,MFm,0,rDXHP,Ex,dxHP_equip,,RE-dxHP_eq-pkgSEER-12.5-SEER2-6.4-HSPF2,MFm&0&rDXHP&Ex&dxHP_equip,RE-dxHP_eq-pkgSEER-12.5-SEER2-6.4-HSPF2,50.23,258043.16,93.69,481324.59,258043.15000000002,10864.15,7482.92,14740.46,0.0,73945.06,0.0,4020.71,0.0,0.0,0.0,0.0,146989.86,0.0,0.0,10864.15,7482.92,0.0,0.0,59678.04,14267.02,146989.86,96786.27,161256.88,0.0,0.0,91411733.77915238
MFm_Ex/runs/CZ04/MFm&0&rDXHP&Ex&dxHP_equip/RE-dxHP_eq-pkgSEER-18.7-SEER2-8.5-HSPF2/instance-out.sql,CZ04,MFm,0,rDXHP,Ex,dxHP_equip,,RE-dxHP_eq-pkgSEER-18.7-SEER2-8.5-HSPF2,MFm&0&rDXHP&Ex&dxHP_equip,RE-dxHP_eq-pkgSEER-18.7-SEER2-8.5-HSPF2,51.09,262449.62,97.35,500127.97,262449.62,15602.94,10516.84,14740.46,0.0,73945.06,0.0,2981.92,0.0,0.0,0.0,0.0,144662.39,0.0,0.0,15602.94,10516.84,0.0,0.0,59678.04,14267.02,144662.39,103520.21,158929.41,0.0,0.0,102549007.35210021
MFm_Ex/runs/CZ03/MFm&0&rDXHP&Ex&dxHP_equip/RE-dxHP_eq-pkgSEER-16.0-SEER2-8.0-HSPF2/instance-out.sql,CZ03,MFm,0,rDXHP,Ex,dxHP_equip,,RE-dxHP_eq-pkgSEER-16.0-SEER2-8.0-HSPF2,MFm&0&rDXHP&Ex&dxHP_equip,RE-dxHP_eq-pkgSEER-16.0-SEER2-8.0-HSPF2,49.29,253198.48,90.71,465990.52,253198.47999999998,9668.76,5977.31,14740.46,0.0,73945.06,0.0,1881.35,0.0,0.0,0.0,0.0,146985.52,0.0,0.0,9668.76,5977.31,0.0,0.0,59678.04,14267.02,146985.52,91945.93,161252.55,0.0,0.0,78603538.76346923
MFm_Ex/runs/CZ03/MFm&0&rDXHP&Ex&dxHP_equip/RE-dxHP_eq-pkgSEER-17.8-SEER2-8.1-HSPF2/instance-out.sql,CZ03,MFm,0,rDXHP,Ex,dxHP_equip,,RE-dxHP_eq-pkgSEER-17.8-SEER2-8.1-HSPF2,MFm&0&rDXHP&Ex&dxHP_equip,RE-dxHP_eq-pkgSEER-17.8-SEER2-8.1-HSPF2,49.22,252874.85,90.51,464965.58,252874.84999999998,9628.33,5694.11,14740.46,0.0,73945.06,0.0,1881.35,0.0,0.0,0.0,0.0,146985.52,0.0,0.0,9628.33,5694.11,0.0,0.0,59678.04,14267.02,146985.52,91622.3,161252.55,0.0,0.0,77240819.9129614
MFm_Ex/runs/CZ03/MFm&0&rDXHP&Ex&dxHP_equip/RE-dxHP_eq-pkgSEER-18.7-SEER2-8.5-HSPF2/instance-out.sql,CZ03,MFm,0,rDXHP,Ex,dxHP_equip,,RE-dxHP_eq-pkgSEER-18.7-SEER2-8.5-HSPF2,MFm&0&rDXHP&Ex&dxHP_equip,RE-dxHP_eq-pkgSEER-18.7-SEER2-8.5-HSPF2,49.18,252654.42,90.37,464267.49,252654.41999999998,9509.34,5592.68,14740.46,0.0,73945.06,0.0,1881.35,0.0,0.0,0.0,0.0,146985.52,0.0,0.0,9509.34,5592.68,0.0,0.0,59678.04,14267.02,146985.52,91401.87,161252.55,0.0,0.0,76743963.60166767
MFm_Ex/runs/CZ02/MFm&0&rDXHP&Ex&dxHP_equip/RE-dxHP_eq-pkgSEER-14.3-SEER2-7.5-HSPF2/instance-out.sql,CZ02,MFm,0,rDXHP,Ex,dxHP_equip,,RE-dxHP_eq-pkgSEER-14.3-SEER2-7.5-HSPF2,MFm&0&rDXHP&Ex&dxHP_equip,RE-dxHP_eq-pkgSEER-14.3-SEER2-7.5-HSPF2,49.6,254781.38,91.91,472172.89,254781.38,11088.56,5291.49,14740.46,0.0,73945.06,0.0,3291.65,0.0,0.0,0.0,0.0,146424.17,0.0,0.0,11088.56,5291.49,0.0,0.0,59678.04,14267.02,146424.17,94090.19,160691.19,0.0,0.0,89093797.74033962
MFm_Ex/runs/CZ02/MFm&0&rDXHP&Ex&dxHP_equip/RE-dxHP_eq-pkgSEER-12.5-SEER2-6.4-HSPF2/instance-out.sql,CZ02,MFm,0,rDXHP,Ex,dxHP_equip,,RE-dxHP_eq-pkgSEER-12.5-SEER2-6.4-HSPF2,MFm&0&rDXHP&Ex&dxHP_equip,RE-dxHP_eq-pkgSEER-12.5-SEER2-6.4-HSPF2,49.8,255841.98,92.57,475531.81,255841.97999999998,11685.25,5755.4,14740.46,0.0,73945.06,0.0,3291.65,0.0,0.0,0.0,0.0,146424.17,0.0,0.0,11685.25,5755.4,0.0,0.0,59678.04,14267.02,146424.17,95150.79,160691.19,0.0,0.0,92090504.1364867
MFm_Ex/runs/CZ03/MFm&0&rDXHP&Ex&dxHP_equip/RE-dxHP_eq-pkgSEER-19.6-SEER2-8.9-HSPF2/instance-out.sql,CZ03,MFm,0,rDXHP,Ex,dxHP_equip,,RE-dxHP_eq-pkgSEER-19.6-SEER2-8.9-HSPF2,MFm&0&rDXHP&Ex&dxHP_equip,RE-dxHP_eq-pkgSEER-19.6-SEER2-8.9-HSPF2,49.15,252472.41,90.26,463691.07,252472.40999999997,9412.76,5507.25,14740.46,0.0,73945.06,0.0,1881.35,0.0,0.0,0.0,0.0,146985.52,0.0,0.0,9412.76,5507.25,0.0,0.0,59678.04,14267.02,146985.52,91219.86,161252.55,0.0,0.0,76333080.35196322
MFm_Ex/runs/CZ02/MFm&0&rDXHP&Ex&dxHP_equip/RE-dxHP_eq-pkgSEER-16.0-SEER2-8.0-HSPF2/instance-out.sql,CZ02,MFm,0,rDXHP,Ex,dxHP_equip,,RE-dxHP_eq-pkgSEER-16.0-SEER2-8.0-HSPF2,MFm&0&rDXHP&Ex&dxHP_equip,RE-dxHP_eq-pkgSEER-16.0-SEER2-8.0-HSPF2,49.04,251945.58,90.17,463200.95,251945.58,10679.43,4626.76,14740.46,0.0,73945.06,0.0,1534.04,0.0,0.0,0.0,0.0,146419.83,0.0,0.0,10679.43,4626.76,0.0,0.0,59678.04,14267.02,146419.83,91258.73,160686.85,0.0,0.0,79257191.09211838
MFm_Ex/runs/CZ02/MFm&0&rDXHP&Ex&dxHP_equip/RE-dxHP_eq-pkgSEER-18.7-SEER2-8.5-HSPF2/instance-out.sql,CZ02,MFm,0,rDXHP,Ex,dxHP_equip,,RE-dxHP_eq-pkgSEER-18.7-SEER2-8.5-HSPF2,MFm&0&rDXHP&Ex&dxHP_equip,RE-dxHP_eq-pkgSEER-18.7-SEER2-8.5-HSPF2,48.96,251505.35,89.9,461806.73,251505.35,10536.81,4329.14,14740.46,0.0,73945.06,0.0,1534.04,0.0,0.0,0.0,0.0,146419.83,0.0,0.0,10536.81,4329.14,0.0,0.0,59678.04,14267.02,146419.83,90818.5,160686.85,0.0,0.0,77355024.28657047
MFm_Ex/runs/CZ02/MFm&0&rDXHP&Ex&dxHP_equip/RE-dxHP_eq-pkgSEER-17.8-SEER2-8.1-HSPF2/instance-out.sql,CZ02,MFm,0,rDXHP,Ex,dxHP_equip,,RE-dxHP_eq-pkgSEER-17.8-SEER2-8.1-HSPF2,MFm&0&rDXHP&Ex&dxHP_equip,RE-dxHP_eq-pkgSEER-17.8-SEER2-8.1-HSPF2,48.99,251690.14,90.01,462391.96,251690.13999999998,10643.26,4407.48,14740.46,0.0,73945.06,0.0,1534.04,0.0,0.0,0.0,0.0,146419.83,0.0,0.0,10643.26,4407.48,0.0,0.0,59678.04,14267.02,146419.83,91003.29,160686.85,0.0,0.0,77856374.8560599
DMo/runs/CZ16/DMo&0&rDXHP&New&dxHP_equip/RE-dxHP_eq-pkgSEER-14.3-SEER2-7.5-HSPF2/instance-out.sql,CZ16,DMo,0,rDXHP,New,dxHP_equip,,RE-dxHP_eq-pkgSEER-14.3-SEER2-7.5-HSPF2,DMo&0&rDXHP&New&dxHP_equip,RE-dxHP_eq-pkgSEER-14.3-SEER2-7.5-HSPF2,45.25,31325.39,85.01,58853.02,31325.39,1395.49,1508.28,3129.96,0.0,12980.689999999999,0.0,751.37,0.0,0.0,0.0,0.0,11559.59,0.0,0.0,1395.49,1508.28,0.0,0.0,5167.03,7813.66,11559.59,11952.14,19373.25,0.0,0.0,14165487.343522657
DMo/runs/CZ16/DMo&0&rDXHP&New&dxHP_equip/RE-dxHP_eq-pkgSEER-16.0-SEER2-8.0-HSPF2/instance-out.sql,CZ16,DMo,0,rDXHP,New,dxHP_equip,,RE-dxHP_eq-pkgSEER-16.0-SEER2-8.0-HSPF2,DMo&0&rDXHP&New&dxHP_equip,RE-dxHP_eq-pkgSEER-16.0-SEER2-8.0-HSPF2,44.41,30747.37,82.36,57021.58,30747.379999999997,1425.27,1324.01,3129.96,0.0,12980.689999999999,0.0,327.44,0.0,0.0,0.0,0.0,11560.01,0.0,0.0,1425.27,1324.01,0.0,0.0,5167.03,7813.66,11560.01,11373.71,19373.67,0.0,0.0,12057040.216724679
DMo/runs/CZ16/DMo&0&rDXHP&New&dxHP_equip/RE-dxHP_eq-pkgSEER-18.7-SEER2-8.5-HSPF2/instance-out.sql,CZ16,DMo,0,rDXHP,New,dxHP_equip,,RE-dxHP_eq-pkgSEER-18.7-SEER2-8.5-HSPF2,DMo&0&rDXHP&New&dxHP_equip,RE-dxHP_eq-pkgSEER-18.7-SEER2-8.5-HSPF2,44.27,30646.96,81.9,56703.57,30646.96,1409.99,1238.87,3129.96,0.0,12980.689999999999,0.0,327.44,0.0,0.0,0.0,0.0,11560.01,0.0,0.0,1409.99,1238.87,0.0,0.0,5167.03,7813.66,11560.01,11273.29,19373.67,0.0,0.0,11640756.620066354
DMo/runs/CZ16/DMo&0&rDXHP&Ex&dxHP_equip/RE-dxHP_eq-pkgSEER-16.0-SEER2-8.0-HSPF2/instance-out.sql,CZ16,DMo,0,rDXHP,Ex,dxHP_equip,,RE-dxHP_eq-pkgSEER-16.0-SEER2-8.0-HSPF2,DMo&0&rDXHP&Ex&dxHP_equip,RE-dxHP_eq-pkgSEER-16.0-SEER2-8.0-HSPF2,46.29,32049.59,88.36,61172.9,32049.59,2407.68,1520.54,3129.96,0.0,12980.689999999999,0.0,463.77,0.0,0.0,0.0,0.0,11546.95,0.0,0.0,2407.68,1520.54,0.0,0.0,5167.03,7813.66,11546.95,12688.98,19360.61,0.0,0.0,13374026.90255132
DMo/runs/CZ16/DMo&0&rDXHP&New&dxHP_equip/RE-dxHP_eq-pkgSEER-17.8-SEER2-8.1-HSPF2/instance-out.sql,CZ16,DMo,0,rDXHP,New,dxHP_equip,,RE-dxHP_eq-pkgSEER-17.8-SEER2-8.1-HSPF2,DMo&0&rDXHP&New&dxHP_equip,RE-dxHP_eq-pkgSEER-17.8-SEER2-8.1-HSPF2,44.32,30680.73,82.06,56810.54,30680.739999999998,1421.39,1261.24,3129.96,0.0,12980.689999999999,0.0,327.44,0.0,0.0,0.0,0.0,11560.01,0.0,0.0,1421.39,1261.24,0.0,0.0,5167.03,7813.66,11560.01,11307.07,19373.67,0.0,0.0,11750149.74081972
MFm_Ex/runs/CZ02/MFm&0&rDXHP&Ex&dxHP_equip/RE-dxHP_eq-pkgSEER-19.6-SEER2-8.9-HSPF2/instance-out.sql,CZ02,MFm,0,rDXHP,Ex,dxHP_equip,,RE-dxHP_eq-pkgSEER-19.6-SEER2-8.9-HSPF2,MFm&0&rDXHP&Ex&dxHP_equip,RE-dxHP_eq-pkgSEER-19.6-SEER2-8.9-HSPF2,48.93,251352.8,89.8,461323.6,251352.80000000002,10450.41,4262.99,14740.46,0.0,73945.06,0.0,1534.04,0.0,0.0,0.0,0.0,146419.83,0.0,0.0,10450.41,4262.99,0.0,0.0,59678.04,14267.02,146419.83,90665.95,160686.85,0.0,0.0,76932461.27726528
DMo/runs/CZ16/DMo&0&rDXHP&Ex&dxHP_equip/RE-dxHP_eq-pkgSEER-14.3-SEER2-7.5-HSPF2/instance-out.sql,CZ16,DMo,0,rDXHP,Ex,dxHP_equip,,RE-dxHP_eq-pkgSEER-14.3-SEER2-7.5-HSPF2,DMo&0&rDXHP&Ex&dxHP_equip,RE-dxHP_eq-pkgSEER-14.3-SEER2-7.5-HSPF2,47.46,32858.71,92.06,63735.51,32858.7,2421.39,1739.95,3129.96,0.0,12980.689999999999,0.0,1039.84,0.0,0.0,0.0,0.0,11546.89,0.0,0.0,2421.39,1739.95,0.0,0.0,5167.03,7813.66,11546.89,13498.16,19360.54,0.0,0.0,15903262.019787522
DMo/runs/CZ16/DMo&0&rDXHP&Ex&dxHP_equip/RE-dxHP_eq-pkgSEER-12.5-SEER2-6.4-HSPF2/instance-out.sql,CZ16,DMo,0,rDXHP,Ex,dxHP_equip,,RE-dxHP_eq-pkgSEER-12.5-SEER2-6.4-HSPF2,DMo&0&rDXHP&Ex&dxHP_equip,RE-dxHP_eq-pkgSEER-12.5-SEER2-6.4-HSPF2,47.86,33130.97,93.31,64597.75,33130.96,2541.1,1892.49,3129.96,0.0,12980.689999999999,0.0,1039.84,0.0,0.0,0.0,0.0,11546.89,0.0,0.0,2541.1,1892.49,0.0,0.0,5167.03,7813.66,11546.89,13770.42,19360.54,0.0,0.0,16663129.407078635
MFm_Ex/runs/CZ01/MFm&0&rDXHP&Ex&dxHP_equip/RE-dxHP_eq-pkgSEER-16.0-SEER2-8.0-HSPF2/instance-out.sql,CZ01,MFm,0,rDXHP,Ex,dxHP_equip,,RE-dxHP_eq-pkgSEER-16.0-SEER2-8.0-HSPF2,MFm&0&rDXHP&Ex&dxHP_equip,RE-dxHP_eq-pkgSEER-16.0-SEER2-8.0-HSPF2,48.29,248060.16,86.3,443354.0,248060.17,7799.24,887.22,14740.46,0.0,73945.06,0.0,647.7,0.0,0.0,0.0,0.0,150040.48,0.0,0.0,7799.24,887.22,0.0,0.0,59678.04,14267.02,150040.48,83752.66,164307.51,0.0,0.0,52619375.15306369
DMo/runs/CZ16/DMo&0&rDXHP&Ex&dxHP_equip/RE-dxHP_eq-pkgSEER-19.6-SEER2-8.9-HSPF2/instance-out.sql,CZ16,DMo,0,rDXHP,Ex,dxHP_equip,,RE-dxHP_eq-pkgSEER-19.6-SEER2-8.9-HSPF2,DMo&0&rDXHP&Ex&dxHP_equip,RE-dxHP_eq-pkgSEER-19.6-SEER2-8.9-HSPF2,46.05,31881.53,87.59,60640.64,31881.52,2359.14,1401.02,3129.96,0.0,12980.689999999999,0.0,463.77,0.0,0.0,0.0,0.0,11546.95,0.0,0.0,2359.14,1401.02,0.0,0.0,5167.03,7813.66,11546.95,12520.91,19360.61,0.0,0.0,12775905.173907615
MFm_Ex/runs/CZ01/MFm&0&rDXHP&Ex&dxHP_equip/RE-dxHP_eq-pkgSEER-18.7-SEER2-8.5-HSPF2/instance-out.sql,CZ01,MFm,0,rDXHP,Ex,dxHP_equip,,RE-dxHP_eq-pkgSEER-18.7-SEER2-8.5-HSPF2,MFm&0&rDXHP&Ex&dxHP_equip,RE-dxHP_eq-pkgSEER-18.7-SEER2-8.5-HSPF2,48.26,247926.47,86.22,442930.61,247926.48,7722.6,830.17,14740.46,0.0,73945.06,0.0,647.7,0.0,0.0,0.0,0.0,150040.48,0.0,0.0,7722.6,830.17,0.0,0.0,59678.04,14267.02,150040.48,83618.97,164307.51,0.0,0.0,52230220.315128766
DMo/runs/CZ16/DMo&0&rDXHP&Ex&dxHP_equip/RE-dxHP_eq-pkgSEER-18.7-SEER2-8.5-HSPF2/instance-out.sql,CZ16,DMo,0,rDXHP,Ex,dxHP_equip,,RE-dxHP_eq-pkgSEER-18.7-SEER2-8.5-HSPF2,DMo&0&rDXHP&Ex&dxHP_equip,RE-dxHP_eq-pkgSEER-18.7-SEER2-8.5-HSPF2,46.11,31921.59,87.77,60767.51,31921.58,2377.45,1422.76,3129.96,0.0,12980.689999999999,0.0,463.77,0.0,0.0,0.0,0.0,11546.95,0.0,0.0,2377.45,1422.76,0.0,0.0,5167.03,7813.66,11546.95,12560.97,19360.61,0.0,0.0,12884728.257574376
DMo/runs/CZ16/DMo&0&rDXHP&New&dxHP_equip/RE-dxHP_eq-pkgSEER-19.6-SEER2-8.9-HSPF2/instance-out.sql,CZ16,DMo,0,rDXHP,New,dxHP_equip,,RE-dxHP_eq-pkgSEER-19.6-SEER2-8.9-HSPF2,DMo&0&rDXHP&New&dxHP_equip,RE-dxHP_eq-pkgSEER-19.6-SEER2-8.9-HSPF2,44.23,30618.77,81.78,56614.29,30618.769999999997,1400.73,1219.94,3129.96,0.0,12980.689999999999,0.0,327.44,0.0,0.0,0.0,0.0,11560.01,0.0,0.0,1400.73,1219.94,0.0,0.0,5167.03,7813.66,11560.01,11245.1,19373.67,0.0,0.0,11548172.54052045
DMo/runs/CZ16/DMo&0&rDXHP&Ex&dxHP_equip/RE-dxHP_eq-pkgSEER-17.8-SEER2-8.1-HSPF2/instance-out.sql,CZ16,DMo,0,rDXHP,Ex,dxHP_equip,,RE-dxHP_eq-pkgSEER-17.8-SEER2-8.1-HSPF2,DMo&0&rDXHP&Ex&dxHP_equip,RE-dxHP_eq-pkgSEER-17.8-SEER2-8.1-HSPF2,46.18,31969.84,88.0,60920.34,31969.84,2400.02,1448.46,3129.96,0.0,12980.689999999999,0.0,463.77,0.0,0.0,0.0,0.0,11546.95,0.0,0.0,2400.02,1448.46,0.0,0.0,5167.03,7813.66,11546.95,12609.23,19360.61,0.0,0.0,13013308.644080345
MFm_Ex/runs/CZ01/MFm&0&rDXHP&Ex&dxHP_equip/RE-dxHP_eq-pkgSEER-17.8-SEER2-8.1-HSPF2/instance-out.sql,CZ01,MFm,0,rDXHP,Ex,dxHP_equip,,RE-dxHP_eq-pkgSEER-17.8-SEER2-8.1-HSPF2,MFm&0&rDXHP&Ex&dxHP_equip,RE-dxHP_eq-pkgSEER-17.8-SEER2-8.1-HSPF2,48.28,247998.67,86.27,443159.24,247998.67,7779.8,845.16,14740.46,0.0,73945.06,0.0,647.7,0.0,0.0,0.0,0.0,150040.48,0.0,0.0,7779.8,845.16,0.0,0.0,59678.04,14267.02,150040.48,83691.16,164307.51,0.0,0.0,52332484.402687594
MFm_Ex/runs/CZ01/MFm&0&rDXHP&Ex&dxHP_equip/RE-dxHP_eq-pkgSEER-19.6-SEER2-8.9-HSPF2/instance-out.sql,CZ01,MFm,0,rDXHP,Ex,dxHP_equip,,RE-dxHP_eq-pkgSEER-19.6-SEER2-8.9-HSPF2,MFm&0&rDXHP&Ex&dxHP_equip,RE-dxHP_eq-pkgSEER-19.6-SEER2-8.9-HSPF2,48.25,247867.36,86.18,442743.38,247867.36000000002,7676.17,817.48,14740.46,0.0,73945.06,0.0,647.7,0.0,0.0,0.0,0.0,150040.48,0.0,0.0,7676.17,817.48,0.0,0.0,59678.04,14267.02,150040.48,83559.85,164307.51,0.0,0.0,52143669.84146066
MFm_Ex/runs/CZ01/MFm&0&rDXHP&Ex&dxHP_equip/RE-dxHP_eq-pkgSEER-12.5-SEER2-6.4-HSPF2/instance-out.sql,CZ01,MFm,0,rDXHP,Ex,dxHP_equip,,RE-dxHP_eq-pkgSEER-12.5-SEER2-6.4-HSPF2,MFm&0&rDXHP&Ex&dxHP_equip,RE-dxHP_eq-pkgSEER-12.5-SEER2-6.4-HSPF2,48.58,249542.91,87.22,448052.48,249542.91,8363.42,1092.55,14740.46,0.0,73945.06,0.0,1362.18,0.0,0.0,0.0,0.0,150039.23,0.0,0.0,8363.42,1092.55,0.0,0.0,59678.04,14267.02,150039.23,85236.66,164306.25,0.0,0.0,55372326.150236234
DMo/runs/CZ15/DMo&0&rDXHP&New&dxHP_equip/RE-dxHP_eq-pkgSEER-16.0-SEER2-8.0-HSPF2/instance-out.sql,CZ15,DMo,0,rDXHP,New,dxHP_equip,,RE-dxHP_eq-pkgSEER-16.0-SEER2-8.0-HSPF2,DMo&0&rDXHP&New&dxHP_equip,RE-dxHP_eq-pkgSEER-16.0-SEER2-8.0-HSPF2,51.77,35843.08,108.19,74901.73,35843.08,365.38,7623.88,3129.96,0.0,12980.689999999999,0.0,1019.47,0.0,0.0,0.0,0.0,10723.69,0.0,0.0,365.38,7623.88,0.0,0.0,5167.03,7813.66,10723.69,17305.73,18537.35,0.0,0.0,21753888.54575114
DMo/runs/CZ15/DMo&0&rDXHP&New&dxHP_equip/RE-dxHP_eq-pkgSEER-14.3-SEER2-7.5-HSPF2/instance-out.sql,CZ15,DMo,0,rDXHP,New,dxHP_equip,,RE-dxHP_eq-pkgSEER-14.3-SEER2-7.5-HSPF2,DMo&0&rDXHP&New&dxHP_equip,RE-dxHP_eq-pkgSEER-14.3-SEER2-7.5-HSPF2,55.09,38138.81,118.68,82166.11,38138.81,372.38,8668.14,3129.96,0.0,12980.689999999999,0.0,2260.99,0.0,0.0,0.0,0.0,10726.66,0.0,0.0,372.38,8668.14,0.0,0.0,5167.03,7813.66,10726.66,19598.49,18540.32,0.0,0.0,26393265.788829997
MFm_Ex/runs/CZ01/MFm&0&rDXHP&Ex&dxHP_equip/RE-dxHP_eq-pkgSEER-14.3-SEER2-7.5-HSPF2/instance-out.sql,CZ01,MFm,0,rDXHP,Ex,dxHP_equip,,RE-dxHP_eq-pkgSEER-14.3-SEER2-7.5-HSPF2,MFm&0&rDXHP&Ex&dxHP_equip,RE-dxHP_eq-pkgSEER-14.3-SEER2-7.5-HSPF2,48.5,249135.42,86.97,446761.94,249135.41,8043.99,1004.49,14740.46,0.0,73945.06,0.0,1362.18,0.0,0.0,0.0,0.0,150039.23,0.0,0.0,8043.99,1004.49,0.0,0.0,59678.04,14267.02,150039.23,84829.16,164306.25,0.0,0.0,54763836.122832626
DMo/runs/CZ15/DMo&0&rDXHP&New&dxHP_equip/RE-dxHP_eq-pkgSEER-17.8-SEER2-8.1-HSPF2/instance-out.sql,CZ15,DMo,0,rDXHP,New,dxHP_equip,,RE-dxHP_eq-pkgSEER-17.8-SEER2-8.1-HSPF2,DMo&0&rDXHP&New&dxHP_equip,RE-dxHP_eq-pkgSEER-17.8-SEER2-8.1-HSPF2,51.25,35480.13,106.53,73752.27,35480.13,363.84,7262.48,3129.96,0.0,12980.689999999999,0.0,1019.47,0.0,0.0,0.0,0.0,10723.69,0.0,0.0,363.84,7262.48,0.0,0.0,5167.03,7813.66,10723.69,16942.78,18537.35,0.0,0.0,21018691.89499756
DMo/runs/CZ15/DMo&0&rDXHP&New&dxHP_equip/RE-dxHP_eq-pkgSEER-18.7-SEER2-8.5-HSPF2/instance-out.sql,CZ15,DMo,0,rDXHP,New,dxHP_equip,,RE-dxHP_eq-pkgSEER-18.7-SEER2-8.5-HSPF2,DMo&0&rDXHP&New&dxHP_equip,RE-dxHP_eq-pkgSEER-18.7-SEER2-8.5-HSPF2,51.06,35346.76,105.92,73329.88,35346.759999999995,359.29,7133.65,3129.96,0.0,12980.689999999999,0.0,1019.47,0.0,0.0,0.0,0.0,10723.69,0.0,0.0,359.29,7133.65,0.0,0.0,5167.03,7813.66,10723.69,16809.41,18537.35,0.0,0.0,20756626.232137874
DMo/runs/CZ15/DMo&0&rDXHP&New&dxHP_equip/RE-dxHP_eq-pkgSEER-19.6-SEER2-8.9-HSPF2/instance-out.sql,CZ15,DMo,0,rDXHP,New,dxHP_equip,,RE-dxHP_eq-pkgSEER-19.6-SEER2-8.9-HSPF2,DMo&0&rDXHP&New&dxHP_equip,RE-dxHP_eq-pkgSEER-19.6-SEER2-8.9-HSPF2,50.89,35234.04,105.4,72972.89,35234.03,355.6,7024.62,3129.96,0.0,12980.689999999999,0.0,1019.47,0.0,0.0,0.0,0.0,10723.69,0.0,0.0,355.6,7024.62,0.0,0.0,5167.03,7813.66,10723.69,16696.68,18537.35,0.0,0.0,20534828.846622624
DMo/runs/CZ15/DMo&0&rDXHP&Ex&dxHP_equip/RE-dxHP_eq-pkgSEER-14.3-SEER2-7.5-HSPF2/instance-out.sql,CZ15,DMo,0,rDXHP,Ex,dxHP_equip,,RE-dxHP_eq-pkgSEER-14.3-SEER2-7.5-HSPF2,DMo&0&rDXHP&Ex&dxHP_equip,RE-dxHP_eq-pkgSEER-14.3-SEER2-7.5-HSPF2,60.62,41964.71,135.9,94083.63,41964.71,823.44,11221.35,3129.96,0.0,12980.689999999999,0.0,2987.02,0.0,0.0,0.0,0.0,10822.25,0.0,0.0,823.44,11221.35,0.0,0.0,5167.03,7813.66,10822.25,23328.8,18635.91,0.0,0.0,33450502.87303804
DMo/runs/CZ15/DMo&0&rDXHP&Ex&dxHP_equip/RE-dxHP_eq-pkgSEER-12.5-SEER2-6.4-HSPF2/instance-out.sql,CZ15,DMo,0,rDXHP,Ex,dxHP_equip,,RE-dxHP_eq-pkgSEER-12.5-SEER2-6.4-HSPF2,DMo&0&rDXHP&Ex&dxHP_equip,RE-dxHP_eq-pkgSEER-12.5-SEER2-6.4-HSPF2,62.12,43009.06,140.67,97391.1,43009.06,884.01,12205.14,3129.96,0.0,12980.689999999999,0.0,2987.02,0.0,0.0,0.0,0.0,10822.25,0.0,0.0,884.01,12205.14,0.0,0.0,5167.03,7813.66,10822.25,24373.15,18635.91,0.0,0.0,35538770.75729802
DMo/runs/CZ14/DMo&0&rDXHP&New&dxHP_equip/RE-dxHP_eq-pkgSEER-14.3-SEER2-7.5-HSPF2/instance-out.sql,CZ14,DMo,0,rDXHP,New,dxHP_equip,,RE-dxHP_eq-pkgSEER-14.3-SEER2-7.5-HSPF2,DMo&0&rDXHP&New&dxHP_equip,RE-dxHP_eq-pkgSEER-14.3-SEER2-7.5-HSPF2,49.39,34194.79,99.52,68895.95,34194.79,2175.8,3457.61,3129.96,0.0,12980.689999999999,0.0,1349.87,0.0,0.0,0.0,0.0,11100.86,0.0,0.0,2175.8,3457.61,0.0,0.0,5167.03,7813.66,11100.86,15280.27,18914.52,0.0,0.0,16474136.04777351
DMo/runs/CZ15/DMo&0&rDXHP&Ex&dxHP_equip/RE-dxHP_eq-pkgSEER-16.0-SEER2-8.0-HSPF2/instance-out.sql,CZ15,DMo,0,rDXHP,Ex,dxHP_equip,,RE-dxHP_eq-pkgSEER-16.0-SEER2-8.0-HSPF2,DMo&0&rDXHP&Ex&dxHP_equip,RE-dxHP_eq-pkgSEER-16.0-SEER2-8.0-HSPF2,56.17,38887.14,121.83,84344.54,38887.14,805.44,9809.69,3129.96,0.0,12980.689999999999,0.0,1342.75,0.0,0.0,0.0,0.0,10818.61,0.0,0.0,805.44,9809.69,0.0,0.0,5167.03,7813.66,10818.61,20254.87,18632.27,0.0,0.0,27137046.391326513
DMo/runs/CZ14/DMo&0&rDXHP&New&dxHP_equip/RE-dxHP_eq-pkgSEER-16.0-SEER2-8.0-HSPF2/instance-out.sql,CZ14,DMo,0,rDXHP,New,dxHP_equip,,RE-dxHP_eq-pkgSEER-16.0-SEER2-8.0-HSPF2,DMo&0&rDXHP&New&dxHP_equip,RE-dxHP_eq-pkgSEER-16.0-SEER2-8.0-HSPF2,47.69,33014.43,94.12,65160.07,33014.42,2124.13,3062.46,3129.96,0.0,12980.689999999999,0.0,617.44,0.0,0.0,0.0,0.0,11099.74,0.0,0.0,2124.13,3062.46,0.0,0.0,5167.03,7813.66,11099.74,14101.02,18913.4,0.0,0.0,13985763.680499505
DMo/runs/CZ15/DMo&0&rDXHP&Ex&dxHP_equip/RE-dxHP_eq-pkgSEER-18.7-SEER2-8.5-HSPF2/instance-out.sql,CZ15,DMo,0,rDXHP,Ex,dxHP_equip,,RE-dxHP_eq-pkgSEER-18.7-SEER2-8.5-HSPF2,DMo&0&rDXHP&Ex&dxHP_equip,RE-dxHP_eq-pkgSEER-18.7-SEER2-8.5-HSPF2,55.24,38241.81,118.88,82300.8,38241.81,790.89,9178.91,3129.96,0.0,12980.689999999999,0.0,1342.75,0.0,0.0,0.0,0.0,10818.61,0.0,0.0,790.89,9178.91,0.0,0.0,5167.03,7813.66,10818.61,19609.54,18632.27,0.0,0.0,25827526.490993112
DMo/runs/CZ14/DMo&0&rDXHP&New&dxHP_equip/RE-dxHP_eq-pkgSEER-19.6-SEER2-8.9-HSPF2/instance-out.sql,CZ14,DMo,0,rDXHP,New,dxHP_equip,,RE-dxHP_eq-pkgSEER-19.6-SEER2-8.9-HSPF2,DMo&0&rDXHP&New&dxHP_equip,RE-dxHP_eq-pkgSEER-19.6-SEER2-8.9-HSPF2,47.26,32719.14,92.77,64224.89,32719.13,2069.56,2821.74,3129.96,0.0,12980.689999999999,0.0,617.44,0.0,0.0,0.0,0.0,11099.74,0.0,0.0,2069.56,2821.74,0.0,0.0,5167.03,7813.66,11099.74,13805.73,18913.4,0.0,0.0,13329977.309188388
DMo/runs/CZ15/DMo&0&rDXHP&Ex&dxHP_equip/RE-dxHP_eq-pkgSEER-17.8-SEER2-8.1-HSPF2/instance-out.sql,CZ15,DMo,0,rDXHP,Ex,dxHP_equip,,RE-dxHP_eq-pkgSEER-17.8-SEER2-8.1-HSPF2,DMo&0&rDXHP&Ex&dxHP_equip,RE-dxHP_eq-pkgSEER-17.8-SEER2-8.1-HSPF2,55.49,38418.43,119.69,82860.14,38418.43,801.75,9344.67,3129.96,0.0,12980.689999999999,0.0,1342.75,0.0,0.0,0.0,0.0,10818.61,0.0,0.0,801.75,9344.67,0.0,0.0,5167.03,7813.66,10818.61,19786.16,18632.27,0.0,0.0,26171650.306652732
DMo/runs/CZ15/DMo&0&rDXHP&Ex&dxHP_equip/RE-dxHP_eq-pkgSEER-19.6-SEER2-8.9-HSPF2/instance-out.sql,CZ15,DMo,0,rDXHP,Ex,dxHP_equip,,RE-dxHP_eq-pkgSEER-19.6-SEER2-8.9-HSPF2,DMo&0&rDXHP&Ex&dxHP_equip,RE-dxHP_eq-pkgSEER-19.6-SEER2-8.9-HSPF2,55.02,38092.71,118.2,81828.59,38092.71,782.08,9038.62,3129.96,0.0,12980.689999999999,0.0,1342.75,0.0,0.0,0.0,0.0,10818.61,0.0,0.0,782.08,9038.62,0.0,0.0,5167.03,7813.66,10818.61,19460.44,18632.27,0.0,0.0,25536281.561713465
DMo/runs/CZ14/DMo&0&rDXHP&Ex&dxHP_equip/RE-dxHP_eq-pkgSEER-12.5-SEER2-6.4-HSPF2/instance-out.sql,CZ14,DMo,0,rDXHP,Ex,dxHP_equip,,RE-dxHP_eq-pkgSEER-12.5-SEER2-6.4-HSPF2,DMo&0&rDXHP&Ex&dxHP_equip,RE-dxHP_eq-pkgSEER-12.5-SEER2-6.4-HSPF2,55.44,38380.28,118.73,82201.66,38380.29,4379.19,4804.22,3129.96,0.0,12980.689999999999,0.0,2009.49,0.0,0.0,0.0,0.0,11076.74,0.0,0.0,4379.19,4804.22,0.0,0.0,5167.03,7813.66,11076.74,19489.89,18890.4,0.0,0.0,20584397.47295265
DMo/runs/CZ14/DMo&0&rDXHP&New&dxHP_equip/RE-dxHP_eq-pkgSEER-18.7-SEER2-8.5-HSPF2/instance-out.sql,CZ14,DMo,0,rDXHP,New,dxHP_equip,,RE-dxHP_eq-pkgSEER-18.7-SEER2-8.5-HSPF2,DMo&0&rDXHP&New&dxHP_equip,RE-dxHP_eq-pkgSEER-18.7-SEER2-8.5-HSPF2,47.35,32783.52,93.06,64428.8,32783.520000000004,2090.15,2865.54,3129.96,0.0,12980.689999999999,0.0,617.44,0.0,0.0,0.0,0.0,11099.74,0.0,0.0,2090.15,2865.54,0.0,0.0,5167.03,7813.66,11099.74,13870.12,18913.4,0.0,0.0,13449291.976646692
DMo/runs/CZ14/DMo&0&rDXHP&Ex&dxHP_equip/RE-dxHP_eq-pkgSEER-14.3-SEER2-7.5-HSPF2/instance-out.sql,CZ14,DMo,0,rDXHP,Ex,dxHP_equip,,RE-dxHP_eq-pkgSEER-14.3-SEER2-7.5-HSPF2,DMo&0&rDXHP&Ex&dxHP_equip,RE-dxHP_eq-pkgSEER-14.3-SEER2-7.5-HSPF2,54.47,37711.07,115.67,80082.25,37711.07,4097.21,4416.98,3129.96,0.0,12980.689999999999,0.0,2009.49,0.0,0.0,0.0,0.0,11076.74,0.0,0.0,4097.21,4416.98,0.0,0.0,5167.03,7813.66,11076.74,18820.67,18890.4,0.0,0.0,19537542.452866822
DMo/runs/CZ14/DMo&0&rDXHP&New&dxHP_equip/RE-dxHP_eq-pkgSEER-17.8-SEER2-8.1-HSPF2/instance-out.sql,CZ14,DMo,0,rDXHP,New,dxHP_equip,,RE-dxHP_eq-pkgSEER-17.8-SEER2-8.1-HSPF2,DMo&0&rDXHP&New&dxHP_equip,RE-dxHP_eq-pkgSEER-17.8-SEER2-8.1-HSPF2,47.46,32860.63,93.42,64673.01,32860.630000000005,2115.51,2917.29,3129.96,0.0,12980.689999999999,0.0,617.44,0.0,0.0,0.0,0.0,11099.74,0.0,0.0,2115.51,2917.29,0.0,0.0,5167.03,7813.66,11099.74,13947.23,18913.4,0.0,0.0,13590268.739486817
DMo/runs/CZ14/DMo&0&rDXHP&Ex&dxHP_equip/RE-dxHP_eq-pkgSEER-17.8-SEER2-8.1-HSPF2/instance-out.sql,CZ14,DMo,0,rDXHP,Ex,dxHP_equip,,RE-dxHP_eq-pkgSEER-17.8-SEER2-8.1-HSPF2,DMo&0&rDXHP&Ex&dxHP_equip,RE-dxHP_eq-pkgSEER-17.8-SEER2-8.1-HSPF2,51.66,35761.66,106.76,73913.02,35761.66,3950.23,3701.65,3129.96,0.0,12980.689999999999,0.0,924.57,0.0,0.0,0.0,0.0,11074.56,0.0,0.0,3950.23,3701.65,0.0,0.0,5167.03,7813.66,11074.56,16873.44,18888.22,0.0,0.0,15837750.734532043
DMo/runs/CZ14/DMo&0&rDXHP&Ex&dxHP_equip/RE-dxHP_eq-pkgSEER-16.0-SEER2-8.0-HSPF2/instance-out.sql,CZ14,DMo,0,rDXHP,Ex,dxHP_equip,,RE-dxHP_eq-pkgSEER-16.0-SEER2-8.0-HSPF2,DMo&0&rDXHP&Ex&dxHP_equip,RE-dxHP_eq-pkgSEER-16.0-SEER2-8.0-HSPF2,51.95,35963.08,107.68,74550.92,35963.08,3967.45,3885.85,3129.96,0.0,12980.689999999999,0.0,924.57,0.0,0.0,0.0,0.0,11074.56,0.0,0.0,3967.45,3885.85,0.0,0.0,5167.03,7813.66,11074.56,17074.86,18888.22,0.0,0.0,16331646.28085931
DMo/runs/CZ14/DMo&0&rDXHP&Ex&dxHP_equip/RE-dxHP_eq-pkgSEER-18.7-SEER2-8.5-HSPF2/instance-out.sql,CZ14,DMo,0,rDXHP,Ex,dxHP_equip,,RE-dxHP_eq-pkgSEER-18.7-SEER2-8.5-HSPF2,DMo&0&rDXHP&Ex&dxHP_equip,RE-dxHP_eq-pkgSEER-18.7-SEER2-8.5-HSPF2,51.49,35645.35,106.23,73544.64,35645.34,3899.57,3635.99,3129.96,0.0,12980.689999999999,0.0,924.57,0.0,0.0,0.0,0.0,11074.56,0.0,0.0,3899.57,3635.99,0.0,0.0,5167.03,7813.66,11074.56,16757.12,18888.22,0.0,0.0,15661698.431248242
DMo/runs/CZ13/DMo&0&rDXHP&New&dxHP_equip/RE-dxHP_eq-pkgSEER-14.3-SEER2-7.5-HSPF2/instance-out.sql,CZ13,DMo,0,rDXHP,New,dxHP_equip,,RE-dxHP_eq-pkgSEER-14.3-SEER2-7.5-HSPF2,DMo&0&rDXHP&New&dxHP_equip,RE-dxHP_eq-pkgSEER-14.3-SEER2-7.5-HSPF2,50.02,34627.18,101.55,70303.99,34627.18,1120.16,4811.59,3129.96,0.0,12980.689999999999,0.0,1502.48,0.0,0.0,0.0,0.0,11082.3,0.0,0.0,1120.16,4811.59,0.0,0.0,5167.03,7813.66,11082.3,15731.22,18895.96,0.0,0.0,22541998.05413741
DMo/runs/CZ14/DMo&0&rDXHP&Ex&dxHP_equip/RE-dxHP_eq-pkgSEER-19.6-SEER2-8.9-HSPF2/instance-out.sql,CZ14,DMo,0,rDXHP,Ex,dxHP_equip,,RE-dxHP_eq-pkgSEER-19.6-SEER2-8.9-HSPF2,DMo&0&rDXHP&Ex&dxHP_equip,RE-dxHP_eq-pkgSEER-19.6-SEER2-8.9-HSPF2,51.35,35548.65,105.79,73238.42,35548.65,3858.45,3580.41,3129.96,0.0,12980.689999999999,0.0,924.57,0.0,0.0,0.0,0.0,11074.56,0.0,0.0,3858.45,3580.41,0.0,0.0,5167.03,7813.66,11074.56,16660.43,18888.22,0.0,0.0,15512697.832863128
DMo/runs/CZ13/DMo&0&rDXHP&New&dxHP_equip/RE-dxHP_eq-pkgSEER-18.7-SEER2-8.5-HSPF2/instance-out.sql,CZ13,DMo,0,rDXHP,New,dxHP_equip,,RE-dxHP_eq-pkgSEER-18.7-SEER2-8.5-HSPF2,DMo&0&rDXHP&New&dxHP_equip,RE-dxHP_eq-pkgSEER-18.7-SEER2-8.5-HSPF2,47.58,32940.46,93.84,64965.35,32940.46,1087.54,3975.21,3129.96,0.0,12980.689999999999,0.0,686.3,0.0,0.0,0.0,0.0,11080.77,0.0,0.0,1087.54,3975.21,0.0,0.0,5167.03,7813.66,11080.77,14046.03,18894.43,0.0,0.0,17874858.631008275
DMo/runs/CZ13/DMo&0&rDXHP&New&dxHP_equip/RE-dxHP_eq-pkgSEER-17.8-SEER2-8.1-HSPF2/instance-out.sql,CZ13,DMo,0,rDXHP,New,dxHP_equip,,RE-dxHP_eq-pkgSEER-17.8-SEER2-8.1-HSPF2,DMo&0&rDXHP&New&dxHP_equip,RE-dxHP_eq-pkgSEER-17.8-SEER2-8.1-HSPF2,47.7,33025.08,94.23,65233.32,33025.08,1100.36,4047.0,3129.96,0.0,12980.689999999999,0.0,686.3,0.0,0.0,0.0,0.0,11080.77,0.0,0.0,1100.36,4047.0,0.0,0.0,5167.03,7813.66,11080.77,14130.65,18894.43,0.0,0.0,18087943.773060005
DMo/runs/CZ13/DMo&0&rDXHP&New&dxHP_equip/RE-dxHP_eq-pkgSEER-16.0-SEER2-8.0-HSPF2/instance-out.sql,CZ13,DMo,0,rDXHP,New,dxHP_equip,,RE-dxHP_eq-pkgSEER-16.0-SEER2-8.0-HSPF2,DMo&0&rDXHP&New&dxHP_equip,RE-dxHP_eq-pkgSEER-16.0-SEER2-8.0-HSPF2,48.0,33230.83,95.17,65884.93,33230.83,1104.72,4248.39,3129.96,0.0,12980.689999999999,0.0,686.3,0.0,0.0,0.0,0.0,11080.77,0.0,0.0,1104.72,4248.39,0.0,0.0,5167.03,7813.66,11080.77,14336.4,18894.43,0.0,0.0,18685730.91179578
DMo/runs/CZ13/DMo&0&rDXHP&Ex&dxHP_equip/RE-dxHP_eq-pkgSEER-16.0-SEER2-8.0-HSPF2/instance-out.sql,CZ13,DMo,0,rDXHP,Ex,dxHP_equip,,RE-dxHP_eq-pkgSEER-16.0-SEER2-8.0-HSPF2,DMo&0&rDXHP&Ex&dxHP_equip,RE-dxHP_eq-pkgSEER-16.0-SEER2-8.0-HSPF2,51.2,35448.88,105.24,72859.51,35448.880000000005,2058.77,5249.09,3129.96,0.0,12980.689999999999,0.0,925.6,0.0,0.0,0.0,0.0,11104.77,0.0,0.0,2058.77,5249.09,0.0,0.0,5167.03,7813.66,11104.77,16530.45,18918.43,0.0,0.0,22573782.3168652
DMo/runs/CZ13/DMo&0&rDXHP&Ex&dxHP_equip/RE-dxHP_eq-pkgSEER-14.3-SEER2-7.5-HSPF2/instance-out.sql,CZ13,DMo,0,rDXHP,Ex,dxHP_equip,,RE-dxHP_eq-pkgSEER-14.3-SEER2-7.5-HSPF2,DMo&0&rDXHP&Ex&dxHP_equip,RE-dxHP_eq-pkgSEER-14.3-SEER2-7.5-HSPF2,53.92,37328.59,113.83,78807.2,37328.59,2102.31,5982.16,3129.96,0.0,12980.689999999999,0.0,2026.13,0.0,0.0,0.0,0.0,11107.34,0.0,0.0,2102.31,5982.16,0.0,0.0,5167.03,7813.66,11107.34,18407.59,18921.0,0.0,0.0,27665392.045496233
DMo/runs/CZ13/DMo&0&rDXHP&Ex&dxHP_equip/RE-dxHP_eq-pkgSEER-17.8-SEER2-8.1-HSPF2/instance-out.sql,CZ13,DMo,0,rDXHP,Ex,dxHP_equip,,RE-dxHP_eq-pkgSEER-17.8-SEER2-8.1-HSPF2,DMo&0&rDXHP&Ex&dxHP_equip,RE-dxHP_eq-pkgSEER-17.8-SEER2-8.1-HSPF2,50.83,35191.14,104.06,72043.23,35191.130000000005,2049.85,5000.26,3129.96,0.0,12980.689999999999,0.0,925.6,0.0,0.0,0.0,0.0,11104.77,0.0,0.0,2049.85,5000.26,0.0,0.0,5167.03,7813.66,11104.77,16272.7,18918.43,0.0,0.0,21811415.276755195
DMo/runs/CZ13/DMo&0&rDXHP&New&dxHP_equip/RE-dxHP_eq-pkgSEER-19.6-SEER2-8.9-HSPF2/instance-out.sql,CZ13,DMo,0,rDXHP,New,dxHP_equip,,RE-dxHP_eq-pkgSEER-19.6-SEER2-8.9-HSPF2,DMo&0&rDXHP&New&dxHP_equip,RE-dxHP_eq-pkgSEER-19.6-SEER2-8.9-HSPF2,47.48,32869.29,93.51,64739.96,32869.29,1077.12,3914.45,3129.96,0.0,12980.689999999999,0.0,686.3,0.0,0.0,0.0,0.0,11080.77,0.0,0.0,1077.12,3914.45,0.0,0.0,5167.03,7813.66,11080.77,13974.86,18894.43,0.0,0.0,17694515.556362413
DMo/runs/CZ13/DMo&0&rDXHP&Ex&dxHP_equip/RE-dxHP_eq-pkgSEER-12.5-SEER2-6.4-HSPF2/instance-out.sql,CZ13,DMo,0,rDXHP,Ex,dxHP_equip,,RE-dxHP_eq-pkgSEER-12.5-SEER2-6.4-HSPF2,DMo&0&rDXHP&Ex&dxHP_equip,RE-dxHP_eq-pkgSEER-12.5-SEER2-6.4-HSPF2,54.89,37999.21,116.9,80931.05,37999.21,2248.46,6506.63,3129.96,0.0,12980.689999999999,0.0,2026.13,0.0,0.0,0.0,0.0,11107.34,0.0,0.0,2248.46,6506.63,0.0,0.0,5167.03,7813.66,11107.34,19078.21,18921.0,0.0,0.0,29305632.98524287
DMo/runs/CZ13/DMo&0&rDXHP&Ex&dxHP_equip/RE-dxHP_eq-pkgSEER-19.6-SEER2-8.9-HSPF2/instance-out.sql,CZ13,DMo,0,rDXHP,Ex,dxHP_equip,,RE-dxHP_eq-pkgSEER-19.6-SEER2-8.9-HSPF2,DMo&0&rDXHP&Ex&dxHP_equip,RE-dxHP_eq-pkgSEER-19.6-SEER2-8.9-HSPF2,50.53,34979.82,103.09,71374.01,34979.82,2002.3,4836.5,3129.96,0.0,12980.689999999999,0.0,925.6,0.0,0.0,0.0,0.0,11104.77,0.0,0.0,2002.3,4836.5,0.0,0.0,5167.03,7813.66,11104.77,16061.39,18918.43,0.0,0.0,21309670.28154867
DMo/runs/CZ13/DMo&0&rDXHP&Ex&dxHP_equip/RE-dxHP_eq-pkgSEER-18.7-SEER2-8.5-HSPF2/instance-out.sql,CZ13,DMo,0,rDXHP,Ex,dxHP_equip,,RE-dxHP_eq-pkgSEER-18.7-SEER2-8.5-HSPF2,DMo&0&rDXHP&Ex&dxHP_equip,RE-dxHP_eq-pkgSEER-18.7-SEER2-8.5-HSPF2,50.67,35076.19,103.54,71679.21,35076.19,2023.6,4911.57,3129.96,0.0,12980.689999999999,0.0,925.6,0.0,0.0,0.0,0.0,11104.77,0.0,0.0,2023.6,4911.57,0.0,0.0,5167.03,7813.66,11104.77,16157.76,18918.43,0.0,0.0,21539664.55060047
DMo/runs/CZ12/DMo&0&rDXHP&New&dxHP_equip/RE-dxHP_eq-pkgSEER-19.6-SEER2-8.9-HSPF2/instance-out.sql,CZ12,DMo,0,rDXHP,New,dxHP_equip,,RE-dxHP_eq-pkgSEER-19.6-SEER2-8.9-HSPF2,DMo&0&rDXHP&New&dxHP_equip,RE-dxHP_eq-pkgSEER-19.6-SEER2-8.9-HSPF2,45.35,31393.96,86.23,59698.66,31393.96,1298.25,2251.91,3129.96,0.0,12980.689999999999,0.0,475.27,0.0,0.0,0.0,0.0,11257.88,0.0,0.0,1298.25,2251.91,0.0,0.0,5167.03,7813.66,11257.88,12322.42,19071.54,0.0,0.0,14621134.922478229
DMo/runs/CZ12/DMo&0&rDXHP&New&dxHP_equip/RE-dxHP_eq-pkgSEER-14.3-SEER2-7.5-HSPF2/instance-out.sql,CZ12,DMo,0,rDXHP,New,dxHP_equip,,RE-dxHP_eq-pkgSEER-14.3-SEER2-7.5-HSPF2,DMo&0&rDXHP&New&dxHP_equip,RE-dxHP_eq-pkgSEER-14.3-SEER2-7.5-HSPF2,46.96,32507.81,91.32,63223.73,32507.81,1352.13,2757.59,3129.96,0.0,12980.689999999999,0.0,1028.37,0.0,0.0,0.0,0.0,11259.07,0.0,0.0,1352.13,2757.59,0.0,0.0,5167.03,7813.66,11259.07,13435.08,19072.73,0.0,0.0,18301659.711109396
DMo/runs/CZ12/DMo&0&rDXHP&New&dxHP_equip/RE-dxHP_eq-pkgSEER-17.8-SEER2-8.1-HSPF2/instance-out.sql,CZ12,DMo,0,rDXHP,New,dxHP_equip,,RE-dxHP_eq-pkgSEER-17.8-SEER2-8.1-HSPF2,DMo&0&rDXHP&New&dxHP_equip,RE-dxHP_eq-pkgSEER-17.8-SEER2-8.1-HSPF2,45.5,31498.47,86.71,60029.65,31498.47,1326.51,2328.16,3129.96,0.0,12980.689999999999,0.0,475.27,0.0,0.0,0.0,0.0,11257.88,0.0,0.0,1326.51,2328.16,0.0,0.0,5167.03,7813.66,11257.88,12426.93,19071.54,0.0,0.0,14919689.359179437
DMo/runs/CZ12/DMo&0&rDXHP&New&dxHP_equip/RE-dxHP_eq-pkgSEER-16.0-SEER2-8.0-HSPF2/instance-out.sql,CZ12,DMo,0,rDXHP,New,dxHP_equip,,RE-dxHP_eq-pkgSEER-16.0-SEER2-8.0-HSPF2,DMo&0&rDXHP&New&dxHP_equip,RE-dxHP_eq-pkgSEER-16.0-SEER2-8.0-HSPF2,45.67,31619.63,87.26,60413.36,31619.63,1331.81,2444.02,3129.96,0.0,12980.689999999999,0.0,475.27,0.0,0.0,0.0,0.0,11257.88,0.0,0.0,1331.81,2444.02,0.0,0.0,5167.03,7813.66,11257.88,12548.09,19071.54,0.0,0.0,15373322.308972832
DMo/runs/CZ12/DMo&0&rDXHP&New&dxHP_equip/RE-dxHP_eq-pkgSEER-18.7-SEER2-8.5-HSPF2/instance-out.sql,CZ12,DMo,0,rDXHP,New,dxHP_equip,,RE-dxHP_eq-pkgSEER-18.7-SEER2-8.5-HSPF2,DMo&0&rDXHP&New&dxHP_equip,RE-dxHP_eq-pkgSEER-18.7-SEER2-8.5-HSPF2,45.42,31441.58,86.45,59849.45,31441.58,1310.91,2286.87,3129.96,0.0,12980.689999999999,0.0,475.27,0.0,0.0,0.0,0.0,11257.88,0.0,0.0,1310.91,2286.87,0.0,0.0,5167.03,7813.66,11257.88,12370.04,19071.54,0.0,0.0,14757988.922213698
DMo/runs/CZ12/DMo&0&rDXHP&Ex&dxHP_equip/RE-dxHP_eq-pkgSEER-12.5-SEER2-6.4-HSPF2/instance-out.sql,CZ12,DMo,0,rDXHP,Ex,dxHP_equip,,RE-dxHP_eq-pkgSEER-12.5-SEER2-6.4-HSPF2,DMo&0&rDXHP&Ex&dxHP_equip,RE-dxHP_eq-pkgSEER-12.5-SEER2-6.4-HSPF2,51.0,35305.58,104.14,72098.08,35305.58,2670.71,3789.1,3129.96,0.0,12980.689999999999,0.0,1482.68,0.0,0.0,0.0,0.0,11252.44,0.0,0.0,2670.71,3789.1,0.0,0.0,5167.03,7813.66,11252.44,16239.48,19066.1,0.0,0.0,23223707.96748415
DMo/runs/CZ12/DMo&0&rDXHP&Ex&dxHP_equip/RE-dxHP_eq-pkgSEER-16.0-SEER2-8.0-HSPF2/instance-out.sql,CZ12,DMo,0,rDXHP,Ex,dxHP_equip,,RE-dxHP_eq-pkgSEER-16.0-SEER2-8.0-HSPF2,DMo&0&rDXHP&Ex&dxHP_equip,RE-dxHP_eq-pkgSEER-16.0-SEER2-8.0-HSPF2,48.47,33556.51,96.15,66562.52,33556.509999999995,2441.47,3067.49,3129.96,0.0,12980.689999999999,0.0,686.26,0.0,0.0,0.0,0.0,11250.64,0.0,0.0,2441.47,3067.49,0.0,0.0,5167.03,7813.66,11250.64,14492.21,19064.3,0.0,0.0,18199032.792798698
DMo/runs/CZ12/DMo&0&rDXHP&Ex&dxHP_equip/RE-dxHP_eq-pkgSEER-17.8-SEER2-8.1-HSPF2/instance-out.sql,CZ12,DMo,0,rDXHP,Ex,dxHP_equip,,RE-dxHP_eq-pkgSEER-17.8-SEER2-8.1-HSPF2,DMo&0&rDXHP&Ex&dxHP_equip,RE-dxHP_eq-pkgSEER-17.8-SEER2-8.1-HSPF2,48.24,33400.49,95.43,66068.39,33400.479999999996,2430.86,2922.08,3129.96,0.0,12980.689999999999,0.0,686.26,0.0,0.0,0.0,0.0,11250.64,0.0,0.0,2430.86,2922.08,0.0,0.0,5167.03,7813.66,11250.64,14336.18,19064.3,0.0,0.0,17626690.000033967
DMo/runs/CZ12/DMo&0&rDXHP&Ex&dxHP_equip/RE-dxHP_eq-pkgSEER-14.3-SEER2-7.5-HSPF2/instance-out.sql,CZ12,DMo,0,rDXHP,Ex,dxHP_equip,,RE-dxHP_eq-pkgSEER-14.3-SEER2-7.5-HSPF2,DMo&0&rDXHP&Ex&dxHP_equip,RE-dxHP_eq-pkgSEER-14.3-SEER2-7.5-HSPF2,50.3,34826.06,101.95,70579.44,34826.06,2496.61,3483.68,3129.96,0.0,12980.689999999999,0.0,1482.68,0.0,0.0,0.0,0.0,11252.44,0.0,0.0,2496.61,3483.68,0.0,0.0,5167.03,7813.66,11252.44,15759.96,19066.1,0.0,0.0,22003684.987584665
DMo/runs/CZ11/DMo&0&rDXHP&New&dxHP_equip/RE-dxHP_eq-pkgSEER-16.0-SEER2-8.0-HSPF2/instance-out.sql,CZ11,DMo,0,rDXHP,New,dxHP_equip,,RE-dxHP_eq-pkgSEER-16.0-SEER2-8.0-HSPF2,DMo&0&rDXHP&New&dxHP_equip,RE-dxHP_eq-pkgSEER-16.0-SEER2-8.0-HSPF2,47.78,33081.67,94.13,65166.08,33081.67,1235.07,3889.31,3129.96,0.0,12980.689999999999,0.0,647.54,0.0,0.0,0.0,0.0,11199.09,0.0,0.0,1235.07,3889.31,0.0,0.0,5167.03,7813.66,11199.09,14068.92,19012.75,0.0,0.0,17663323.929489784
DMo/runs/CZ12/DMo&0&rDXHP&Ex&dxHP_equip/RE-dxHP_eq-pkgSEER-18.7-SEER2-8.5-HSPF2/instance-out.sql,CZ12,DMo,0,rDXHP,Ex,dxHP_equip,,RE-dxHP_eq-pkgSEER-18.7-SEER2-8.5-HSPF2,DMo&0&rDXHP&Ex&dxHP_equip,RE-dxHP_eq-pkgSEER-18.7-SEER2-8.5-HSPF2,48.12,33317.42,95.05,65805.33,33317.42,2399.63,2870.25,3129.96,0.0,12980.689999999999,0.0,686.26,0.0,0.0,0.0,0.0,11250.64,0.0,0.0,2399.63,2870.25,0.0,0.0,5167.03,7813.66,11250.64,14253.12,19064.3,0.0,0.0,17422674.661804244
DMo/runs/CZ12/DMo&0&rDXHP&Ex&dxHP_equip/RE-dxHP_eq-pkgSEER-19.6-SEER2-8.9-HSPF2/instance-out.sql,CZ12,DMo,0,rDXHP,Ex,dxHP_equip,,RE-dxHP_eq-pkgSEER-19.6-SEER2-8.9-HSPF2,DMo&0&rDXHP&Ex&dxHP_equip,RE-dxHP_eq-pkgSEER-19.6-SEER2-8.9-HSPF2,48.02,33248.2,94.73,65586.12,33248.2,2374.28,2826.38,3129.96,0.0,12980.689999999999,0.0,686.26,0.0,0.0,0.0,0.0,11250.64,0.0,0.0,2374.28,2826.38,0.0,0.0,5167.03,7813.66,11250.64,14183.9,19064.3,0.0,0.0,17250007.750273027
DMo/runs/CZ11/DMo&0&rDXHP&New&dxHP_equip/RE-dxHP_eq-pkgSEER-14.3-SEER2-7.5-HSPF2/instance-out.sql,CZ11,DMo,0,rDXHP,New,dxHP_equip,,RE-dxHP_eq-pkgSEER-14.3-SEER2-7.5-HSPF2,DMo&0&rDXHP&New&dxHP_equip,RE-dxHP_eq-pkgSEER-14.3-SEER2-7.5-HSPF2,49.68,34392.15,100.12,69312.39,34392.149999999994,1251.34,4412.12,3129.96,0.0,12980.689999999999,0.0,1417.03,0.0,0.0,0.0,0.0,11201.01,0.0,0.0,1251.34,4412.12,0.0,0.0,5167.03,7813.66,11201.01,15377.48,19014.67,0.0,0.0,21205236.110494144
DMo/runs/CZ11/DMo&0&rDXHP&New&dxHP_equip/RE-dxHP_eq-pkgSEER-18.7-SEER2-8.5-HSPF2/instance-out.sql,CZ11,DMo,0,rDXHP,New,dxHP_equip,,RE-dxHP_eq-pkgSEER-18.7-SEER2-8.5-HSPF2,DMo&0&rDXHP&New&dxHP_equip,RE-dxHP_eq-pkgSEER-18.7-SEER2-8.5-HSPF2,47.4,32812.8,92.9,64314.57,32812.8,1216.29,3639.23,3129.96,0.0,12980.689999999999,0.0,647.54,0.0,0.0,0.0,0.0,11199.09,0.0,0.0,1216.29,3639.23,0.0,0.0,5167.03,7813.66,11199.09,13800.05,19012.75,0.0,0.0,16913146.505321153
DMo/runs/CZ11/DMo&0&rDXHP&New&dxHP_equip/RE-dxHP_eq-pkgSEER-17.8-SEER2-8.1-HSPF2/instance-out.sql,CZ11,DMo,0,rDXHP,New,dxHP_equip,,RE-dxHP_eq-pkgSEER-17.8-SEER2-8.1-HSPF2,DMo&0&rDXHP&New&dxHP_equip,RE-dxHP_eq-pkgSEER-17.8-SEER2-8.1-HSPF2,47.51,32892.53,93.26,64567.1,32892.53,1230.31,3704.95,3129.96,0.0,12980.689999999999,0.0,647.54,0.0,0.0,0.0,0.0,11199.09,0.0,0.0,1230.31,3704.95,0.0,0.0,5167.03,7813.66,11199.09,13879.78,19012.75,0.0,0.0,17110281.94425579
DMo/runs/CZ11/DMo&0&rDXHP&New&dxHP_equip/RE-dxHP_eq-pkgSEER-19.6-SEER2-8.9-HSPF2/instance-out.sql,CZ11,DMo,0,rDXHP,New,dxHP_equip,,RE-dxHP_eq-pkgSEER-19.6-SEER2-8.9-HSPF2,DMo&0&rDXHP&New&dxHP_equip,RE-dxHP_eq-pkgSEER-19.6-SEER2-8.9-HSPF2,47.3,32745.8,92.59,64102.38,32745.79,1204.91,3583.6,3129.96,0.0,12980.689999999999,0.0,647.54,0.0,0.0,0.0,0.0,11199.09,0.0,0.0,1204.91,3583.6,0.0,0.0,5167.03,7813.66,11199.09,13733.04,19012.75,0.0,0.0,16746302.346987005
DMo/runs/CZ11/DMo&0&rDXHP&Ex&dxHP_equip/RE-dxHP_eq-pkgSEER-14.3-SEER2-7.5-HSPF2/instance-out.sql,CZ11,DMo,0,rDXHP,Ex,dxHP_equip,,RE-dxHP_eq-pkgSEER-14.3-SEER2-7.5-HSPF2,DMo&0&rDXHP&Ex&dxHP_equip,RE-dxHP_eq-pkgSEER-14.3-SEER2-7.5-HSPF2,54.04,37415.21,113.9,78857.36,37415.21,2482.24,5604.35,3129.96,0.0,12980.689999999999,0.0,2003.02,0.0,0.0,0.0,0.0,11214.96,0.0,0.0,2482.24,5604.35,0.0,0.0,5167.03,7813.66,11214.96,18386.59,19028.62,0.0,0.0,26153646.59888474
DMo/runs/CZ11/DMo&0&rDXHP&Ex&dxHP_equip/RE-dxHP_eq-pkgSEER-17.8-SEER2-8.1-HSPF2/instance-out.sql,CZ11,DMo,0,rDXHP,Ex,dxHP_equip,,RE-dxHP_eq-pkgSEER-17.8-SEER2-8.1-HSPF2,DMo&0&rDXHP&Ex&dxHP_equip,RE-dxHP_eq-pkgSEER-17.8-SEER2-8.1-HSPF2,51.04,35335.33,104.4,72275.45,35335.33,2421.26,4674.14,3129.96,0.0,12980.689999999999,0.0,916.76,0.0,0.0,0.0,0.0,11212.53,0.0,0.0,2421.26,4674.14,0.0,0.0,5167.03,7813.66,11212.53,16309.14,19026.19,0.0,0.0,20738090.62802955
DMo/runs/CZ11/DMo&0&rDXHP&Ex&dxHP_equip/RE-dxHP_eq-pkgSEER-12.5-SEER2-6.4-HSPF2/instance-out.sql,CZ11,DMo,0,rDXHP,Ex,dxHP_equip,,RE-dxHP_eq-pkgSEER-12.5-SEER2-6.4-HSPF2,DMo&0&rDXHP&Ex&dxHP_equip,RE-dxHP_eq-pkgSEER-12.5-SEER2-6.4-HSPF2,55.0,38077.32,116.93,80954.25,38077.32,2653.01,6095.69,3129.96,0.0,12980.689999999999,0.0,2003.02,0.0,0.0,0.0,0.0,11214.96,0.0,0.0,2653.01,6095.69,0.0,0.0,5167.03,7813.66,11214.96,19048.7,19028.62,0.0,0.0,27679393.6613432
DMo/runs/CZ11/DMo&0&rDXHP&Ex&dxHP_equip/RE-dxHP_eq-pkgSEER-16.0-SEER2-8.0-HSPF2/instance-out.sql,CZ11,DMo,0,rDXHP,Ex,dxHP_equip,,RE-dxHP_eq-pkgSEER-16.0-SEER2-8.0-HSPF2,DMo&0&rDXHP&Ex&dxHP_equip,RE-dxHP_eq-pkgSEER-16.0-SEER2-8.0-HSPF2,51.39,35578.35,105.51,73045.1,35578.36,2431.68,4906.74,3129.96,0.0,12980.689999999999,0.0,916.76,0.0,0.0,0.0,0.0,11212.53,0.0,0.0,2431.68,4906.74,0.0,0.0,5167.03,7813.66,11212.53,16552.17,19026.19,0.0,0.0,21451056.423208468
DMo/runs/CZ11/DMo&0&rDXHP&Ex&dxHP_equip/RE-dxHP_eq-pkgSEER-18.7-SEER2-8.5-HSPF2/instance-out.sql,CZ11,DMo,0,rDXHP,Ex,dxHP_equip,,RE-dxHP_eq-pkgSEER-18.7-SEER2-8.5-HSPF2,DMo&0&rDXHP&Ex&dxHP_equip,RE-dxHP_eq-pkgSEER-18.7-SEER2-8.5-HSPF2,50.88,35221.75,103.88,71915.74,35221.759999999995,2390.59,4591.23,3129.96,0.0,12980.689999999999,0.0,916.76,0.0,0.0,0.0,0.0,11212.53,0.0,0.0,2390.59,4591.23,0.0,0.0,5167.03,7813.66,11212.53,16195.57,19026.19,0.0,0.0,20483949.299286645
DMo/runs/CZ11/DMo&0&rDXHP&Ex&dxHP_equip/RE-dxHP_eq-pkgSEER-19.6-SEER2-8.9-HSPF2/instance-out.sql,CZ11,DMo,0,rDXHP,Ex,dxHP_equip,,RE-dxHP_eq-pkgSEER-19.6-SEER2-8.9-HSPF2,DMo&0&rDXHP&Ex&dxHP_equip,RE-dxHP_eq-pkgSEER-19.6-SEER2-8.9-HSPF2,50.74,35126.69,103.44,71614.67,35126.69,2365.69,4521.06,3129.96,0.0,12980.689999999999,0.0,916.76,0.0,0.0,0.0,0.0,11212.53,0.0,0.0,2365.69,4521.06,0.0,0.0,5167.03,7813.66,11212.53,16100.5,19026.19,0.0,0.0,20268858.616854403
DMo/runs/CZ10/DMo&0&rDXHP&New&dxHP_equip/RE-dxHP_eq-pkgSEER-14.3-SEER2-7.5-HSPF2/instance-out.sql,CZ10,DMo,0,rDXHP,New,dxHP_equip,,RE-dxHP_eq-pkgSEER-14.3-SEER2-7.5-HSPF2,DMo&0&rDXHP&New&dxHP_equip,RE-dxHP_eq-pkgSEER-14.3-SEER2-7.5-HSPF2,45.76,31677.76,88.11,60997.24,31677.760000000002,552.67,3014.41,3129.96,0.0,12980.689999999999,0.0,934.08,0.0,0.0,0.0,0.0,11065.95,0.0,0.0,552.67,3014.41,0.0,0.0,5167.03,7813.66,11065.95,12798.15,18879.61,0.0,0.0,17976119.44111326
DMo/runs/CZ10/DMo&0&rDXHP&New&dxHP_equip/RE-dxHP_eq-pkgSEER-16.0-SEER2-8.0-HSPF2/instance-out.sql,CZ10,DMo,0,rDXHP,New,dxHP_equip,,RE-dxHP_eq-pkgSEER-16.0-SEER2-8.0-HSPF2,DMo&0&rDXHP&New&dxHP_equip,RE-dxHP_eq-pkgSEER-16.0-SEER2-8.0-HSPF2,44.53,30831.17,84.24,58318.15,30831.17,544.33,2682.87,3129.96,0.0,12980.689999999999,0.0,428.35,0.0,0.0,0.0,0.0,11064.96,0.0,0.0,544.33,2682.87,0.0,0.0,5167.03,7813.66,11064.96,11952.55,18878.62,0.0,0.0,15197849.379354065
DMo/runs/CZ10/DMo&0&rDXHP&New&dxHP_equip/RE-dxHP_eq-pkgSEER-19.6-SEER2-8.9-HSPF2/instance-out.sql,CZ10,DMo,0,rDXHP,New,dxHP_equip,,RE-dxHP_eq-pkgSEER-19.6-SEER2-8.9-HSPF2,DMo&0&rDXHP&New&dxHP_equip,RE-dxHP_eq-pkgSEER-19.6-SEER2-8.9-HSPF2,44.21,30606.6,83.21,57606.96,30606.609999999997,530.65,2471.99,3129.96,0.0,12980.689999999999,0.0,428.35,0.0,0.0,0.0,0.0,11064.96,0.0,0.0,530.65,2471.99,0.0,0.0,5167.03,7813.66,11064.96,11727.99,18878.62,0.0,0.0,14452707.14636299
DMo/runs/CZ10/DMo&0&rDXHP&New&dxHP_equip/RE-dxHP_eq-pkgSEER-18.7-SEER2-8.5-HSPF2/instance-out.sql,CZ10,DMo,0,rDXHP,New,dxHP_equip,,RE-dxHP_eq-pkgSEER-18.7-SEER2-8.5-HSPF2,DMo&0&rDXHP&New&dxHP_equip,RE-dxHP_eq-pkgSEER-18.7-SEER2-8.5-HSPF2,44.27,30650.13,83.41,57744.82,30650.14,535.81,2510.36,3129.96,0.0,12980.689999999999,0.0,428.35,0.0,0.0,0.0,0.0,11064.96,0.0,0.0,535.81,2510.36,0.0,0.0,5167.03,7813.66,11064.96,11771.52,18878.62,0.0,0.0,14588279.34125432
DMo/runs/CZ10/DMo&0&rDXHP&Ex&dxHP_equip/RE-dxHP_eq-pkgSEER-16.0-SEER2-8.0-HSPF2/instance-out.sql,CZ10,DMo,0,rDXHP,Ex,dxHP_equip,,RE-dxHP_eq-pkgSEER-16.0-SEER2-8.0-HSPF2,DMo&0&rDXHP&Ex&dxHP_equip,RE-dxHP_eq-pkgSEER-16.0-SEER2-8.0-HSPF2,46.79,32393.54,91.34,63235.1,32393.53,1251.79,3351.98,3129.96,0.0,12980.689999999999,0.0,599.24,0.0,0.0,0.0,0.0,11079.87,0.0,0.0,1251.79,3351.98,0.0,0.0,5167.03,7813.66,11079.87,13500.0,18893.53,0.0,0.0,18095621.248938907
DMo/runs/CZ10/DMo&0&rDXHP&Ex&dxHP_equip/RE-dxHP_eq-pkgSEER-12.5-SEER2-6.4-HSPF2/instance-out.sql,CZ10,DMo,0,rDXHP,Ex,dxHP_equip,,RE-dxHP_eq-pkgSEER-12.5-SEER2-6.4-HSPF2,DMo&0&rDXHP&Ex&dxHP_equip,RE-dxHP_eq-pkgSEER-12.5-SEER2-6.4-HSPF2,49.09,33987.52,98.63,68280.29,33987.53,1369.16,4122.11,3129.96,0.0,12980.689999999999,0.0,1304.31,0.0,0.0,0.0,0.0,11081.3,0.0,0.0,1369.16,4122.11,0.0,0.0,5167.03,7813.66,11081.3,15092.57,18894.96,0.0,0.0,22969126.710064992
DMo/runs/CZ10/DMo&0&rDXHP&Ex&dxHP_equip/RE-dxHP_eq-pkgSEER-14.3-SEER2-7.5-HSPF2/instance-out.sql,CZ10,DMo,0,rDXHP,Ex,dxHP_equip,,RE-dxHP_eq-pkgSEER-14.3-SEER2-7.5-HSPF2,DMo&0&rDXHP&Ex&dxHP_equip,RE-dxHP_eq-pkgSEER-14.3-SEER2-7.5-HSPF2,48.48,33563.46,96.69,66937.27,33563.46,1277.35,3789.85,3129.96,0.0,12980.689999999999,0.0,1304.31,0.0,0.0,0.0,0.0,11081.3,0.0,0.0,1277.35,3789.85,0.0,0.0,5167.03,7813.66,11081.3,14668.5,18894.96,0.0,0.0,21753277.576247025
DMo/runs/CZ10/DMo&0&rDXHP&New&dxHP_equip/RE-dxHP_eq-pkgSEER-17.8-SEER2-8.1-HSPF2/instance-out.sql,CZ10,DMo,0,rDXHP,New,dxHP_equip,,RE-dxHP_eq-pkgSEER-17.8-SEER2-8.1-HSPF2,DMo&0&rDXHP&New&dxHP_equip,RE-dxHP_eq-pkgSEER-17.8-SEER2-8.1-HSPF2,44.35,30701.83,83.64,57908.53,30701.829999999998,542.17,2555.7,3129.96,0.0,12980.689999999999,0.0,428.35,0.0,0.0,0.0,0.0,11064.96,0.0,0.0,542.17,2555.7,0.0,0.0,5167.03,7813.66,11064.96,11823.21,18878.62,0.0,0.0,14748465.256146884
DMo/runs/CZ10/DMo&0&rDXHP&Ex&dxHP_equip/RE-dxHP_eq-pkgSEER-17.8-SEER2-8.1-HSPF2/instance-out.sql,CZ10,DMo,0,rDXHP,Ex,dxHP_equip,,RE-dxHP_eq-pkgSEER-17.8-SEER2-8.1-HSPF2,DMo&0&rDXHP&Ex&dxHP_equip,RE-dxHP_eq-pkgSEER-17.8-SEER2-8.1-HSPF2,46.55,32229.03,90.59,62714.1,32229.03,1246.18,3193.09,3129.96,0.0,12980.689999999999,0.0,599.24,0.0,0.0,0.0,0.0,11079.87,0.0,0.0,1246.18,3193.09,0.0,0.0,5167.03,7813.66,11079.87,13335.5,18893.53,0.0,0.0,17523673.577135306
DMo/runs/CZ10/DMo&0&rDXHP&Ex&dxHP_equip/RE-dxHP_eq-pkgSEER-18.7-SEER2-8.5-HSPF2/instance-out.sql,CZ10,DMo,0,rDXHP,Ex,dxHP_equip,,RE-dxHP_eq-pkgSEER-18.7-SEER2-8.5-HSPF2,DMo&0&rDXHP&Ex&dxHP_equip,RE-dxHP_eq-pkgSEER-18.7-SEER2-8.5-HSPF2,46.45,32155.88,90.25,62482.45,32155.879999999997,1229.67,3136.45,3129.96,0.0,12980.689999999999,0.0,599.24,0.0,0.0,0.0,0.0,11079.87,0.0,0.0,1229.67,3136.45,0.0,0.0,5167.03,7813.66,11079.87,13262.35,18893.53,0.0,0.0,17319799.082360834
DMo/runs/CZ09/DMo&0&rDXHP&New&dxHP_equip/RE-dxHP_eq-pkgSEER-14.3-SEER2-7.5-HSPF2/instance-out.sql,CZ09,DMo,0,rDXHP,New,dxHP_equip,,RE-dxHP_eq-pkgSEER-14.3-SEER2-7.5-HSPF2,DMo&0&rDXHP&New&dxHP_equip,RE-dxHP_eq-pkgSEER-14.3-SEER2-7.5-HSPF2,47.04,32563.61,92.05,63727.12,32563.600000000002,375.24,3782.05,3129.96,0.0,12980.689999999999,0.0,1193.42,0.0,0.0,0.0,0.0,11102.24,0.0,0.0,375.24,3782.05,0.0,0.0,5167.03,7813.66,11102.24,13647.7,18915.9,0.0,0.0,21446318.98949817
DMo/runs/CZ09/DMo&0&rDXHP&New&dxHP_equip/RE-dxHP_eq-pkgSEER-16.0-SEER2-8.0-HSPF2/instance-out.sql,CZ09,DMo,0,rDXHP,New,dxHP_equip,,RE-dxHP_eq-pkgSEER-16.0-SEER2-8.0-HSPF2,DMo&0&rDXHP&New&dxHP_equip,RE-dxHP_eq-pkgSEER-16.0-SEER2-8.0-HSPF2,45.45,31463.53,87.02,60245.4,31463.54,369.55,3339.28,3129.96,0.0,12980.689999999999,0.0,542.88,0.0,0.0,0.0,0.0,11101.18,0.0,0.0,369.55,3339.28,0.0,0.0,5167.03,7813.66,11101.18,12548.7,18914.84,0.0,0.0,17724347.306331865
DMo/runs/CZ09/DMo&0&rDXHP&New&dxHP_equip/RE-dxHP_eq-pkgSEER-19.6-SEER2-8.9-HSPF2/instance-out.sql,CZ09,DMo,0,rDXHP,New,dxHP_equip,,RE-dxHP_eq-pkgSEER-19.6-SEER2-8.9-HSPF2,DMo&0&rDXHP&New&dxHP_equip,RE-dxHP_eq-pkgSEER-19.6-SEER2-8.9-HSPF2,45.06,31192.22,85.78,59386.17,31192.23,360.72,3076.79,3129.96,0.0,12980.689999999999,0.0,542.88,0.0,0.0,0.0,0.0,11101.18,0.0,0.0,360.72,3076.79,0.0,0.0,5167.03,7813.66,11101.18,12277.39,18914.84,0.0,0.0,16802934.135650825
DMo/runs/CZ10/DMo&0&rDXHP&Ex&dxHP_equip/RE-dxHP_eq-pkgSEER-19.6-SEER2-8.9-HSPF2/instance-out.sql,CZ10,DMo,0,rDXHP,Ex,dxHP_equip,,RE-dxHP_eq-pkgSEER-19.6-SEER2-8.9-HSPF2,DMo&0&rDXHP&Ex&dxHP_equip,RE-dxHP_eq-pkgSEER-19.6-SEER2-8.9-HSPF2,46.36,32094.55,89.97,62288.2,32094.54,1216.28,3088.51,3129.96,0.0,12980.689999999999,0.0,599.24,0.0,0.0,0.0,0.0,11079.87,0.0,0.0,1216.28,3088.51,0.0,0.0,5167.03,7813.66,11079.87,13201.01,18893.53,0.0,0.0,17147251.372673165
DMo/runs/CZ09/DMo&0&rDXHP&New&dxHP_equip/RE-dxHP_eq-pkgSEER-17.8-SEER2-8.1-HSPF2/instance-out.sql,CZ09,DMo,0,rDXHP,New,dxHP_equip,,RE-dxHP_eq-pkgSEER-17.8-SEER2-8.1-HSPF2,DMo&0&rDXHP&New&dxHP_equip,RE-dxHP_eq-pkgSEER-17.8-SEER2-8.1-HSPF2,45.22,31303.85,86.29,59739.69,31303.850000000002,368.15,3180.99,3129.96,0.0,12980.689999999999,0.0,542.88,0.0,0.0,0.0,0.0,11101.18,0.0,0.0,368.15,3180.99,0.0,0.0,5167.03,7813.66,11101.18,12389.01,18914.84,0.0,0.0,17168785.032160044
DMo/runs/CZ09/DMo&0&rDXHP&New&dxHP_equip/RE-dxHP_eq-pkgSEER-18.7-SEER2-8.5-HSPF2/instance-out.sql,CZ09,DMo,0,rDXHP,New,dxHP_equip,,RE-dxHP_eq-pkgSEER-18.7-SEER2-8.5-HSPF2,DMo&0&rDXHP&New&dxHP_equip,RE-dxHP_eq-pkgSEER-18.7-SEER2-8.5-HSPF2,45.13,31243.3,86.01,59547.94,31243.31,364.05,3124.54,3129.96,0.0,12980.689999999999,0.0,542.88,0.0,0.0,0.0,0.0,11101.18,0.0,0.0,364.05,3124.54,0.0,0.0,5167.03,7813.66,11101.18,12328.47,18914.84,0.0,0.0,16970534.173800204
DMo/runs/CZ09/DMo&0&rDXHP&Ex&dxHP_equip/RE-dxHP_eq-pkgSEER-16.0-SEER2-8.0-HSPF2/instance-out.sql,CZ09,DMo,0,rDXHP,Ex,dxHP_equip,,RE-dxHP_eq-pkgSEER-16.0-SEER2-8.0-HSPF2,DMo&0&rDXHP&Ex&dxHP_equip,RE-dxHP_eq-pkgSEER-16.0-SEER2-8.0-HSPF2,47.48,32868.39,93.38,64648.48,32868.39,1052.99,3882.93,3129.96,0.0,12980.689999999999,0.0,698.51,0.0,0.0,0.0,0.0,11123.31,0.0,0.0,1052.99,3882.93,0.0,0.0,5167.03,7813.66,11123.31,13931.42,18936.97,0.0,0.0,21716238.37225465
DMo/runs/CZ09/DMo&0&rDXHP&Ex&dxHP_equip/RE-dxHP_eq-pkgSEER-17.8-SEER2-8.1-HSPF2/instance-out.sql,CZ09,DMo,0,rDXHP,Ex,dxHP_equip,,RE-dxHP_eq-pkgSEER-17.8-SEER2-8.1-HSPF2,DMo&0&rDXHP&Ex&dxHP_equip,RE-dxHP_eq-pkgSEER-17.8-SEER2-8.1-HSPF2,47.2,32679.6,92.52,64050.57,32679.6,1048.26,3698.87,3129.96,0.0,12980.689999999999,0.0,698.51,0.0,0.0,0.0,0.0,11123.31,0.0,0.0,1048.26,3698.87,0.0,0.0,5167.03,7813.66,11123.31,13742.63,18936.97,0.0,0.0,20992179.01094549
DMo/runs/CZ09/DMo&0&rDXHP&Ex&dxHP_equip/RE-dxHP_eq-pkgSEER-12.5-SEER2-6.4-HSPF2/instance-out.sql,CZ09,DMo,0,rDXHP,Ex,dxHP_equip,,RE-dxHP_eq-pkgSEER-12.5-SEER2-6.4-HSPF2,DMo&0&rDXHP&Ex&dxHP_equip,RE-dxHP_eq-pkgSEER-12.5-SEER2-6.4-HSPF2,50.18,34740.39,101.94,70573.67,34740.39,1151.75,4820.79,3129.96,0.0,12980.689999999999,0.0,1532.24,0.0,0.0,0.0,0.0,11124.96,0.0,0.0,1151.75,4820.79,0.0,0.0,5167.03,7813.66,11124.96,15801.77,18938.62,0.0,0.0,28439484.87938542
DMo/runs/CZ09/DMo&0&rDXHP&Ex&dxHP_equip/RE-dxHP_eq-pkgSEER-14.3-SEER2-7.5-HSPF2/instance-out.sql,CZ09,DMo,0,rDXHP,Ex,dxHP_equip,,RE-dxHP_eq-pkgSEER-14.3-SEER2-7.5-HSPF2,DMo&0&rDXHP&Ex&dxHP_equip,RE-dxHP_eq-pkgSEER-14.3-SEER2-7.5-HSPF2,49.51,34274.37,99.81,69097.77,34274.369999999995,1074.3,4432.21,3129.96,0.0,12980.689999999999,0.0,1532.24,0.0,0.0,0.0,0.0,11124.96,0.0,0.0,1074.3,4432.21,0.0,0.0,5167.03,7813.66,11124.96,15335.75,18938.62,0.0,0.0,26862524.630995065
DMo/runs/CZ08/DMo&0&rDXHP&New&dxHP_equip/RE-dxHP_eq-pkgSEER-17.8-SEER2-8.1-HSPF2/instance-out.sql,CZ08,DMo,0,rDXHP,New,dxHP_equip,,RE-dxHP_eq-pkgSEER-17.8-SEER2-8.1-HSPF2,DMo&0&rDXHP&New&dxHP_equip,RE-dxHP_eq-pkgSEER-17.8-SEER2-8.1-HSPF2,44.59,30869.47,84.37,58408.21,30869.46,266.51,2992.89,3129.96,0.0,12980.689999999999,0.0,419.47,0.0,0.0,0.0,0.0,11079.95,0.0,0.0,266.51,2992.89,0.0,0.0,5167.03,7813.66,11079.95,11975.85,18893.61,0.0,0.0,15322959.310621873
DMo/runs/CZ08/DMo&0&rDXHP&New&dxHP_equip/RE-dxHP_eq-pkgSEER-16.0-SEER2-8.0-HSPF2/instance-out.sql,CZ08,DMo,0,rDXHP,New,dxHP_equip,,RE-dxHP_eq-pkgSEER-16.0-SEER2-8.0-HSPF2,DMo&0&rDXHP&New&dxHP_equip,RE-dxHP_eq-pkgSEER-16.0-SEER2-8.0-HSPF2,44.81,31019.38,85.05,58882.99,31019.38,267.49,3141.82,3129.96,0.0,12980.689999999999,0.0,419.47,0.0,0.0,0.0,0.0,11079.95,0.0,0.0,267.49,3141.82,0.0,0.0,5167.03,7813.66,11079.95,12125.77,18893.61,0.0,0.0,15803557.447009146
DMo/runs/CZ09/DMo&0&rDXHP&Ex&dxHP_equip/RE-dxHP_eq-pkgSEER-18.7-SEER2-8.5-HSPF2/instance-out.sql,CZ09,DMo,0,rDXHP,Ex,dxHP_equip,,RE-dxHP_eq-pkgSEER-18.7-SEER2-8.5-HSPF2,DMo&0&rDXHP&Ex&dxHP_equip,RE-dxHP_eq-pkgSEER-18.7-SEER2-8.5-HSPF2,47.09,32600.04,92.15,63798.6,32600.04,1034.33,3633.24,3129.96,0.0,12980.689999999999,0.0,698.51,0.0,0.0,0.0,0.0,11123.31,0.0,0.0,1034.33,3633.24,0.0,0.0,5167.03,7813.66,11123.31,13663.07,18936.97,0.0,0.0,20733690.63405633
DMo/runs/CZ09/DMo&0&rDXHP&Ex&dxHP_equip/RE-dxHP_eq-pkgSEER-19.6-SEER2-8.9-HSPF2/instance-out.sql,CZ09,DMo,0,rDXHP,Ex,dxHP_equip,,RE-dxHP_eq-pkgSEER-19.6-SEER2-8.9-HSPF2,DMo&0&rDXHP&Ex&dxHP_equip,RE-dxHP_eq-pkgSEER-19.6-SEER2-8.9-HSPF2,46.99,32533.2,91.85,63586.94,32533.2,1023.02,3577.71,3129.96,0.0,12980.689999999999,0.0,698.51,0.0,0.0,0.0,0.0,11123.31,0.0,0.0,1023.02,3577.71,0.0,0.0,5167.03,7813.66,11123.31,13596.23,18936.97,0.0,0.0,20515261.25007566
DMo/runs/CZ08/DMo&0&rDXHP&New&dxHP_equip/RE-dxHP_eq-pkgSEER-14.3-SEER2-7.5-HSPF2/instance-out.sql,CZ08,DMo,0,rDXHP,New,dxHP_equip,,RE-dxHP_eq-pkgSEER-14.3-SEER2-7.5-HSPF2,DMo&0&rDXHP&New&dxHP_equip,RE-dxHP_eq-pkgSEER-14.3-SEER2-7.5-HSPF2,46.04,31876.04,88.97,61593.39,31876.03,271.96,3501.72,3129.96,0.0,12980.689999999999,0.0,910.5,0.0,0.0,0.0,0.0,11081.21,0.0,0.0,271.96,3501.72,0.0,0.0,5167.03,7813.66,11081.21,12981.16,18894.87,0.0,0.0,18539402.677392684
DMo/runs/CZ08/DMo&0&rDXHP&Ex&dxHP_equip/RE-dxHP_eq-pkgSEER-14.3-SEER2-7.5-HSPF2/instance-out.sql,CZ08,DMo,0,rDXHP,Ex,dxHP_equip,,RE-dxHP_eq-pkgSEER-14.3-SEER2-7.5-HSPF2,DMo&0&rDXHP&Ex&dxHP_equip,RE-dxHP_eq-pkgSEER-14.3-SEER2-7.5-HSPF2,47.72,33037.85,94.18,65199.81,33037.85,585.33,4112.05,3129.96,0.0,12980.689999999999,0.0,1113.54,0.0,0.0,0.0,0.0,11116.28,0.0,0.0,585.33,4112.05,0.0,0.0,5167.03,7813.66,11116.28,14107.91,18929.94,0.0,0.0,21890193.7721557
DMo/runs/CZ08/DMo&0&rDXHP&New&dxHP_equip/RE-dxHP_eq-pkgSEER-18.7-SEER2-8.5-HSPF2/instance-out.sql,CZ08,DMo,0,rDXHP,New,dxHP_equip,,RE-dxHP_eq-pkgSEER-18.7-SEER2-8.5-HSPF2,DMo&0&rDXHP&New&dxHP_equip,RE-dxHP_eq-pkgSEER-18.7-SEER2-8.5-HSPF2,44.51,30813.49,84.11,58230.93,30813.489999999998,263.62,2939.8,3129.96,0.0,12980.689999999999,0.0,419.47,0.0,0.0,0.0,0.0,11079.95,0.0,0.0,263.62,2939.8,0.0,0.0,5167.03,7813.66,11079.95,11919.88,18893.61,0.0,0.0,15151646.956230212
DMo/runs/CZ08/DMo&0&rDXHP&Ex&dxHP_equip/RE-dxHP_eq-pkgSEER-16.0-SEER2-8.0-HSPF2/instance-out.sql,CZ08,DMo,0,rDXHP,Ex,dxHP_equip,,RE-dxHP_eq-pkgSEER-16.0-SEER2-8.0-HSPF2,DMo&0&rDXHP&Ex&dxHP_equip,RE-dxHP_eq-pkgSEER-16.0-SEER2-8.0-HSPF2,46.2,31982.1,89.35,61858.49,31982.109999999997,573.61,3670.48,3129.96,0.0,12980.689999999999,0.0,512.17,0.0,0.0,0.0,0.0,11115.21,0.0,0.0,573.61,3670.48,0.0,0.0,5167.03,7813.66,11115.21,13053.24,18928.87,0.0,0.0,18413498.84985154
DMo/runs/CZ08/DMo&0&rDXHP&Ex&dxHP_equip/RE-dxHP_eq-pkgSEER-17.8-SEER2-8.1-HSPF2/instance-out.sql,CZ08,DMo,0,rDXHP,Ex,dxHP_equip,,RE-dxHP_eq-pkgSEER-17.8-SEER2-8.1-HSPF2,DMo&0&rDXHP&Ex&dxHP_equip,RE-dxHP_eq-pkgSEER-17.8-SEER2-8.1-HSPF2,45.94,31805.63,88.54,61299.62,31805.64,571.13,3496.48,3129.96,0.0,12980.689999999999,0.0,512.17,0.0,0.0,0.0,0.0,11115.21,0.0,0.0,571.13,3496.48,0.0,0.0,5167.03,7813.66,11115.21,12876.77,18928.87,0.0,0.0,17821216.5689801
DMo/runs/CZ08/DMo&0&rDXHP&Ex&dxHP_equip/RE-dxHP_eq-pkgSEER-12.5-SEER2-6.4-HSPF2/instance-out.sql,CZ08,DMo,0,rDXHP,Ex,dxHP_equip,,RE-dxHP_eq-pkgSEER-12.5-SEER2-6.4-HSPF2,DMo&0&rDXHP&Ex&dxHP_equip,RE-dxHP_eq-pkgSEER-12.5-SEER2-6.4-HSPF2,48.3,33438.93,96.01,66470.03,33438.92999999999,625.9,4472.56,3129.96,0.0,12980.689999999999,0.0,1113.54,0.0,0.0,0.0,0.0,11116.28,0.0,0.0,625.9,4472.56,0.0,0.0,5167.03,7813.66,11116.28,14508.99,18929.94,0.0,0.0,23143089.139197804
DMo/runs/CZ08/DMo&0&rDXHP&New&dxHP_equip/RE-dxHP_eq-pkgSEER-19.6-SEER2-8.9-HSPF2/instance-out.sql,CZ08,DMo,0,rDXHP,New,dxHP_equip,,RE-dxHP_eq-pkgSEER-19.6-SEER2-8.9-HSPF2,DMo&0&rDXHP&New&dxHP_equip,RE-dxHP_eq-pkgSEER-19.6-SEER2-8.9-HSPF2,44.44,30766.22,83.89,58081.21,30766.21,261.27,2894.87,3129.96,0.0,12980.689999999999,0.0,419.47,0.0,0.0,0.0,0.0,11079.95,0.0,0.0,261.27,2894.87,0.0,0.0,5167.03,7813.66,11079.95,11872.6,18893.61,0.0,0.0,15006657.979437485
DMo/runs/CZ08/DMo&0&rDXHP&Ex&dxHP_equip/RE-dxHP_eq-pkgSEER-19.6-SEER2-8.9-HSPF2/instance-out.sql,CZ08,DMo,0,rDXHP,Ex,dxHP_equip,,RE-dxHP_eq-pkgSEER-19.6-SEER2-8.9-HSPF2,DMo&0&rDXHP&Ex&dxHP_equip,RE-dxHP_eq-pkgSEER-19.6-SEER2-8.9-HSPF2,45.76,31677.93,87.96,60895.17,31677.929999999997,557.94,3381.97,3129.96,0.0,12980.689999999999,0.0,512.17,0.0,0.0,0.0,0.0,11115.21,0.0,0.0,557.94,3381.97,0.0,0.0,5167.03,7813.66,11115.21,12749.06,18928.87,0.0,0.0,17431411.324863214
DMo/runs/CZ08/DMo&0&rDXHP&Ex&dxHP_equip/RE-dxHP_eq-pkgSEER-18.7-SEER2-8.5-HSPF2/instance-out.sql,CZ08,DMo,0,rDXHP,Ex,dxHP_equip,,RE-dxHP_eq-pkgSEER-18.7-SEER2-8.5-HSPF2,DMo&0&rDXHP&Ex&dxHP_equip,RE-dxHP_eq-pkgSEER-18.7-SEER2-8.5-HSPF2,45.84,31736.33,88.23,61080.13,31736.329999999998,563.85,3434.46,3129.96,0.0,12980.689999999999,0.0,512.17,0.0,0.0,0.0,0.0,11115.21,0.0,0.0,563.85,3434.46,0.0,0.0,5167.03,7813.66,11115.21,12807.46,18928.87,0.0,0.0,17610093.669579618
DMo/runs/CZ07/DMo&0&rDXHP&New&dxHP_equip/RE-dxHP_eq-pkgSEER-14.3-SEER2-7.5-HSPF2/instance-out.sql,CZ07,DMo,0,rDXHP,New,dxHP_equip,,RE-dxHP_eq-pkgSEER-14.3-SEER2-7.5-HSPF2,DMo&0&rDXHP&New&dxHP_equip,RE-dxHP_eq-pkgSEER-14.3-SEER2-7.5-HSPF2,43.63,30208.0,81.05,56112.78,30208.0,192.96,2130.7,3129.96,0.0,12980.689999999999,0.0,597.45,0.0,0.0,0.0,0.0,11176.24,0.0,0.0,192.96,2130.7,0.0,0.0,5167.03,7813.66,11176.24,11218.1,18989.9,0.0,0.0,13215355.789770722
DMo/runs/CZ07/DMo&0&rDXHP&New&dxHP_equip/RE-dxHP_eq-pkgSEER-16.0-SEER2-8.0-HSPF2/instance-out.sql,CZ07,DMo,0,rDXHP,New,dxHP_equip,,RE-dxHP_eq-pkgSEER-16.0-SEER2-8.0-HSPF2,DMo&0&rDXHP&New&dxHP_equip,RE-dxHP_eq-pkgSEER-16.0-SEER2-8.0-HSPF2,42.86,29671.05,78.6,54413.37,29671.050000000003,189.93,1918.38,3129.96,0.0,12980.689999999999,0.0,276.38,0.0,0.0,0.0,0.0,11175.7,0.0,0.0,189.93,1918.38,0.0,0.0,5167.03,7813.66,11175.7,10681.69,18989.36,0.0,0.0,11509042.882665683
DMo/runs/CZ07/DMo&0&rDXHP&New&dxHP_equip/RE-dxHP_eq-pkgSEER-17.8-SEER2-8.1-HSPF2/instance-out.sql,CZ07,DMo,0,rDXHP,New,dxHP_equip,,RE-dxHP_eq-pkgSEER-17.8-SEER2-8.1-HSPF2,DMo&0&rDXHP&New&dxHP_equip,RE-dxHP_eq-pkgSEER-17.8-SEER2-8.1-HSPF2,42.73,29579.28,78.18,54122.73,29579.28,189.1,1827.44,3129.96,0.0,12980.689999999999,0.0,276.38,0.0,0.0,0.0,0.0,11175.7,0.0,0.0,189.1,1827.44,0.0,0.0,5167.03,7813.66,11175.7,10589.92,18989.36,0.0,0.0,11219937.133041663
DMo/runs/CZ07/DMo&0&rDXHP&Ex&dxHP_equip/RE-dxHP_eq-pkgSEER-12.5-SEER2-6.4-HSPF2/instance-out.sql,CZ07,DMo,0,rDXHP,Ex,dxHP_equip,,RE-dxHP_eq-pkgSEER-12.5-SEER2-6.4-HSPF2,DMo&0&rDXHP&Ex&dxHP_equip,RE-dxHP_eq-pkgSEER-12.5-SEER2-6.4-HSPF2,44.73,30963.79,84.48,58488.68,30963.800000000003,598.86,2389.94,3129.96,0.0,12980.689999999999,0.0,679.61,0.0,0.0,0.0,0.0,11184.74,0.0,0.0,598.86,2389.94,0.0,0.0,5167.03,7813.66,11184.74,11965.4,18998.4,0.0,0.0,15534961.727332834
DMo/runs/CZ07/DMo&0&rDXHP&New&dxHP_equip/RE-dxHP_eq-pkgSEER-19.6-SEER2-8.9-HSPF2/instance-out.sql,CZ07,DMo,0,rDXHP,New,dxHP_equip,,RE-dxHP_eq-pkgSEER-19.6-SEER2-8.9-HSPF2,DMo&0&rDXHP&New&dxHP_equip,RE-dxHP_eq-pkgSEER-19.6-SEER2-8.9-HSPF2,42.63,29514.98,77.88,53919.1,29514.980000000003,184.66,1767.59,3129.96,0.0,12980.689999999999,0.0,276.38,0.0,0.0,0.0,0.0,11175.7,0.0,0.0,184.66,1767.59,0.0,0.0,5167.03,7813.66,11175.7,10525.62,18989.36,0.0,0.0,11029664.790026478
DMo/runs/CZ07/DMo&0&rDXHP&Ex&dxHP_equip/RE-dxHP_eq-pkgSEER-14.3-SEER2-7.5-HSPF2/instance-out.sql,CZ07,DMo,0,rDXHP,Ex,dxHP_equip,,RE-dxHP_eq-pkgSEER-14.3-SEER2-7.5-HSPF2,DMo&0&rDXHP&Ex&dxHP_equip,RE-dxHP_eq-pkgSEER-14.3-SEER2-7.5-HSPF2,44.39,30729.13,83.41,57745.48,30729.13,556.83,2197.3,3129.96,0.0,12980.689999999999,0.0,679.61,0.0,0.0,0.0,0.0,11184.74,0.0,0.0,556.83,2197.3,0.0,0.0,5167.03,7813.66,11184.74,11730.73,18998.4,0.0,0.0,14820253.546010861
DMo/runs/CZ07/DMo&0&rDXHP&New&dxHP_equip/RE-dxHP_eq-pkgSEER-18.7-SEER2-8.5-HSPF2/instance-out.sql,CZ07,DMo,0,rDXHP,New,dxHP_equip,,RE-dxHP_eq-pkgSEER-18.7-SEER2-8.5-HSPF2,DMo&0&rDXHP&New&dxHP_equip,RE-dxHP_eq-pkgSEER-18.7-SEER2-8.5-HSPF2,42.67,29544.4,78.02,54012.29,29544.4,186.65,1795.02,3129.96,0.0,12980.689999999999,0.0,276.38,0.0,0.0,0.0,0.0,11175.7,0.0,0.0,186.65,1795.02,0.0,0.0,5167.03,7813.66,11175.7,10555.04,18989.36,0.0,0.0,11116883.494489167
DMo/runs/CZ07/DMo&0&rDXHP&Ex&dxHP_equip/RE-dxHP_eq-pkgSEER-16.0-SEER2-8.0-HSPF2/instance-out.sql,CZ07,DMo,0,rDXHP,Ex,dxHP_equip,,RE-dxHP_eq-pkgSEER-16.0-SEER2-8.0-HSPF2,DMo&0&rDXHP&Ex&dxHP_equip,RE-dxHP_eq-pkgSEER-16.0-SEER2-8.0-HSPF2,43.51,30122.86,80.64,55826.13,30122.86,545.69,1967.37,3129.96,0.0,12980.689999999999,0.0,314.75,0.0,0.0,0.0,0.0,11184.4,0.0,0.0,545.69,1967.37,0.0,0.0,5167.03,7813.66,11184.4,11124.8,18998.06,0.0,0.0,12779623.604634276
DMo/runs/CZ07/DMo&0&rDXHP&Ex&dxHP_equip/RE-dxHP_eq-pkgSEER-19.6-SEER2-8.9-HSPF2/instance-out.sql,CZ07,DMo,0,rDXHP,Ex,dxHP_equip,,RE-dxHP_eq-pkgSEER-19.6-SEER2-8.9-HSPF2,DMo&0&rDXHP&Ex&dxHP_equip,RE-dxHP_eq-pkgSEER-19.6-SEER2-8.9-HSPF2,43.26,29951.99,79.86,55285.0,29951.99,529.47,1812.73,3129.96,0.0,12980.689999999999,0.0,314.75,0.0,0.0,0.0,0.0,11184.4,0.0,0.0,529.47,1812.73,0.0,0.0,5167.03,7813.66,11184.4,10953.93,18998.06,0.0,0.0,12211659.02873642
DMo/runs/CZ07/DMo&0&rDXHP&Ex&dxHP_equip/RE-dxHP_eq-pkgSEER-17.8-SEER2-8.1-HSPF2/instance-out.sql,CZ07,DMo,0,rDXHP,Ex,dxHP_equip,,RE-dxHP_eq-pkgSEER-17.8-SEER2-8.1-HSPF2,DMo&0&rDXHP&Ex&dxHP_equip,RE-dxHP_eq-pkgSEER-17.8-SEER2-8.1-HSPF2,43.37,30027.04,80.2,55522.66,30027.030000000002,543.13,1874.11,3129.96,0.0,12980.689999999999,0.0,314.75,0.0,0.0,0.0,0.0,11184.4,0.0,0.0,543.13,1874.11,0.0,0.0,5167.03,7813.66,11184.4,11028.97,18998.06,0.0,0.0,12437092.673421234
DMo/runs/CZ06/DMo&0&rDXHP&New&dxHP_equip/RE-dxHP_eq-pkgSEER-18.7-SEER2-8.5-HSPF2/instance-out.sql,CZ06,DMo,0,rDXHP,New,dxHP_equip,,RE-dxHP_eq-pkgSEER-18.7-SEER2-8.5-HSPF2,DMo&0&rDXHP&New&dxHP_equip,RE-dxHP_eq-pkgSEER-18.7-SEER2-8.5-HSPF2,43.18,29896.93,79.57,55087.2,29896.94,213.57,2001.43,3129.96,0.0,12980.689999999999,0.0,375.64,0.0,0.0,0.0,0.0,11195.65,0.0,0.0,213.57,2001.43,0.0,0.0,5167.03,7813.66,11195.65,10887.63,19009.31,0.0,0.0,10197396.965611912
DMo/runs/CZ06/DMo&0&rDXHP&New&dxHP_equip/RE-dxHP_eq-pkgSEER-14.3-SEER2-7.5-HSPF2/instance-out.sql,CZ06,DMo,0,rDXHP,New,dxHP_equip,,RE-dxHP_eq-pkgSEER-14.3-SEER2-7.5-HSPF2,DMo&0&rDXHP&New&dxHP_equip,RE-dxHP_eq-pkgSEER-14.3-SEER2-7.5-HSPF2,44.4,30741.31,83.43,57760.13,30741.32,220.25,2395.91,3129.96,0.0,12980.689999999999,0.0,818.27,0.0,0.0,0.0,0.0,11196.24,0.0,0.0,220.25,2395.91,0.0,0.0,5167.03,7813.66,11196.24,11731.42,19009.9,0.0,0.0,12202949.714288611
DMo/runs/CZ07/DMo&0&rDXHP&Ex&dxHP_equip/RE-dxHP_eq-pkgSEER-18.7-SEER2-8.5-HSPF2/instance-out.sql,CZ07,DMo,0,rDXHP,Ex,dxHP_equip,,RE-dxHP_eq-pkgSEER-18.7-SEER2-8.5-HSPF2,DMo&0&rDXHP&Ex&dxHP_equip,RE-dxHP_eq-pkgSEER-18.7-SEER2-8.5-HSPF2,43.31,29986.25,80.01,55393.49,29986.250000000004,535.59,1840.86,3129.96,0.0,12980.689999999999,0.0,314.75,0.0,0.0,0.0,0.0,11184.4,0.0,0.0,535.59,1840.86,0.0,0.0,5167.03,7813.66,11184.4,10988.19,18998.06,0.0,0.0,12314995.27887206
DMo/runs/CZ06/DMo&0&rDXHP&New&dxHP_equip/RE-dxHP_eq-pkgSEER-16.0-SEER2-8.0-HSPF2/instance-out.sql,CZ06,DMo,0,rDXHP,New,dxHP_equip,,RE-dxHP_eq-pkgSEER-16.0-SEER2-8.0-HSPF2,DMo&0&rDXHP&New&dxHP_equip,RE-dxHP_eq-pkgSEER-16.0-SEER2-8.0-HSPF2,43.39,30038.21,80.22,55534.62,30038.210000000003,217.3,2138.97,3129.96,0.0,12980.689999999999,0.0,375.64,0.0,0.0,0.0,0.0,11195.65,0.0,0.0,217.3,2138.97,0.0,0.0,5167.03,7813.66,11195.65,11028.9,19009.31,0.0,0.0,10529855.158423193
DMo/runs/CZ06/DMo&0&rDXHP&New&dxHP_equip/RE-dxHP_eq-pkgSEER-17.8-SEER2-8.1-HSPF2/instance-out.sql,CZ06,DMo,0,rDXHP,New,dxHP_equip,,RE-dxHP_eq-pkgSEER-17.8-SEER2-8.1-HSPF2,DMo&0&rDXHP&New&dxHP_equip,RE-dxHP_eq-pkgSEER-17.8-SEER2-8.1-HSPF2,43.24,29935.86,79.75,55210.5,29935.87,216.36,2037.57,3129.96,0.0,12980.689999999999,0.0,375.64,0.0,0.0,0.0,0.0,11195.65,0.0,0.0,216.36,2037.57,0.0,0.0,5167.03,7813.66,11195.65,10926.56,19009.31,0.0,0.0,10284762.020405317
DMo/runs/CZ06/DMo&0&rDXHP&New&dxHP_equip/RE-dxHP_eq-pkgSEER-19.6-SEER2-8.9-HSPF2/instance-out.sql,CZ06,DMo,0,rDXHP,New,dxHP_equip,,RE-dxHP_eq-pkgSEER-19.6-SEER2-8.9-HSPF2,DMo&0&rDXHP&New&dxHP_equip,RE-dxHP_eq-pkgSEER-19.6-SEER2-8.9-HSPF2,43.14,29864.08,79.42,54983.15,29864.08,211.3,1970.84,3129.96,0.0,12980.689999999999,0.0,375.64,0.0,0.0,0.0,0.0,11195.65,0.0,0.0,211.3,1970.84,0.0,0.0,5167.03,7813.66,11195.65,10854.77,19009.31,0.0,0.0,10123456.180973716
DMo/runs/CZ06/DMo&0&rDXHP&Ex&dxHP_equip/RE-dxHP_eq-pkgSEER-19.6-SEER2-8.9-HSPF2/instance-out.sql,CZ06,DMo,0,rDXHP,Ex,dxHP_equip,,RE-dxHP_eq-pkgSEER-19.6-SEER2-8.9-HSPF2,DMo&0&rDXHP&Ex&dxHP_equip,RE-dxHP_eq-pkgSEER-19.6-SEER2-8.9-HSPF2,43.96,30434.18,81.99,56761.12,30434.18,603.08,2073.64,3129.96,0.0,12980.689999999999,0.0,437.95,0.0,0.0,0.0,0.0,11208.87,0.0,0.0,603.08,2073.64,0.0,0.0,5167.03,7813.66,11208.87,11411.65,19022.53,0.0,0.0,11090482.463454269
DMo/runs/CZ06/DMo&0&rDXHP&Ex&dxHP_equip/RE-dxHP_eq-pkgSEER-12.5-SEER2-6.4-HSPF2/instance-out.sql,CZ06,DMo,0,rDXHP,Ex,dxHP_equip,,RE-dxHP_eq-pkgSEER-12.5-SEER2-6.4-HSPF2,DMo&0&rDXHP&Ex&dxHP_equip,RE-dxHP_eq-pkgSEER-12.5-SEER2-6.4-HSPF2,45.81,31713.37,87.84,60810.08,31713.37,680.78,2759.35,3129.96,0.0,12980.689999999999,0.0,952.65,0.0,0.0,0.0,0.0,11209.94,0.0,0.0,680.78,2759.35,0.0,0.0,5167.03,7813.66,11209.94,12689.77,19023.6,0.0,0.0,14193470.08997164
DMo/runs/CZ06/DMo&0&rDXHP&Ex&dxHP_equip/RE-dxHP_eq-pkgSEER-14.3-SEER2-7.5-HSPF2/instance-out.sql,CZ06,DMo,0,rDXHP,Ex,dxHP_equip,,RE-dxHP_eq-pkgSEER-14.3-SEER2-7.5-HSPF2,DMo&0&rDXHP&Ex&dxHP_equip,RE-dxHP_eq-pkgSEER-14.3-SEER2-7.5-HSPF2,45.42,31443.26,86.6,59954.66,31443.269999999997,633.09,2536.93,3129.96,0.0,12980.689999999999,0.0,952.65,0.0,0.0,0.0,0.0,11209.94,0.0,0.0,633.09,2536.93,0.0,0.0,5167.03,7813.66,11209.94,12419.67,19023.6,0.0,0.0,13585251.126532847
DMo/runs/CZ05/DMo&0&rDXHP&New&dxHP_equip/RE-dxHP_eq-pkgSEER-14.3-SEER2-7.5-HSPF2/instance-out.sql,CZ05,DMo,0,rDXHP,New,dxHP_equip,,RE-dxHP_eq-pkgSEER-14.3-SEER2-7.5-HSPF2,DMo&0&rDXHP&New&dxHP_equip,RE-dxHP_eq-pkgSEER-14.3-SEER2-7.5-HSPF2,42.8,29631.35,77.59,53719.47,29631.350000000002,576.67,1059.95,3129.96,0.0,12980.689999999999,0.0,435.61,0.0,0.0,0.0,0.0,11448.47,0.0,0.0,576.67,1059.95,0.0,0.0,5167.03,7813.66,11448.47,10369.22,19262.13,0.0,0.0,10953310.869587157
DMo/runs/CZ06/DMo&0&rDXHP&Ex&dxHP_equip/RE-dxHP_eq-pkgSEER-16.0-SEER2-8.0-HSPF2/instance-out.sql,CZ06,DMo,0,rDXHP,Ex,dxHP_equip,,RE-dxHP_eq-pkgSEER-16.0-SEER2-8.0-HSPF2,DMo&0&rDXHP&Ex&dxHP_equip,RE-dxHP_eq-pkgSEER-16.0-SEER2-8.0-HSPF2,44.24,30629.53,82.88,57379.81,30629.54,621.54,2250.53,3129.96,0.0,12980.689999999999,0.0,437.95,0.0,0.0,0.0,0.0,11208.87,0.0,0.0,621.54,2250.53,0.0,0.0,5167.03,7813.66,11208.87,11607.01,19022.53,0.0,0.0,11567537.28165582
DMo/runs/CZ06/DMo&0&rDXHP&Ex&dxHP_equip/RE-dxHP_eq-pkgSEER-18.7-SEER2-8.5-HSPF2/instance-out.sql,CZ06,DMo,0,rDXHP,Ex,dxHP_equip,,RE-dxHP_eq-pkgSEER-18.7-SEER2-8.5-HSPF2,DMo&0&rDXHP&Ex&dxHP_equip,RE-dxHP_eq-pkgSEER-18.7-SEER2-8.5-HSPF2,44.02,30473.33,82.17,56885.11,30473.329999999998,610.05,2105.82,3129.96,0.0,12980.689999999999,0.0,437.95,0.0,0.0,0.0,0.0,11208.87,0.0,0.0,610.05,2105.82,0.0,0.0,5167.03,7813.66,11208.87,11450.8,19022.53,0.0,0.0,11177278.468194809
DMo/runs/CZ06/DMo&0&rDXHP&Ex&dxHP_equip/RE-dxHP_eq-pkgSEER-17.8-SEER2-8.1-HSPF2/instance-out.sql,CZ06,DMo,0,rDXHP,Ex,dxHP_equip,,RE-dxHP_eq-pkgSEER-17.8-SEER2-8.1-HSPF2,DMo&0&rDXHP&Ex&dxHP_equip,RE-dxHP_eq-pkgSEER-17.8-SEER2-8.1-HSPF2,44.08,30519.93,82.38,57032.71,30519.94,618.62,2143.85,3129.96,0.0,12980.689999999999,0.0,437.95,0.0,0.0,0.0,0.0,11208.87,0.0,0.0,618.62,2143.85,0.0,0.0,5167.03,7813.66,11208.87,11497.41,19022.53,0.0,0.0,11279832.664057218
DMo/runs/CZ05/DMo&0&rDXHP&New&dxHP_equip/RE-dxHP_eq-pkgSEER-16.0-SEER2-8.0-HSPF2/instance-out.sql,CZ05,DMo,0,rDXHP,New,dxHP_equip,,RE-dxHP_eq-pkgSEER-16.0-SEER2-8.0-HSPF2,DMo&0&rDXHP&New&dxHP_equip,RE-dxHP_eq-pkgSEER-16.0-SEER2-8.0-HSPF2,42.29,29277.88,75.98,52601.49,29277.88,570.28,946.83,3129.96,0.0,12980.689999999999,0.0,202.35,0.0,0.0,0.0,0.0,11447.77,0.0,0.0,570.28,946.83,0.0,0.0,5167.03,7813.66,11447.77,10016.45,19261.43,0.0,0.0,9536154.313281024
DMo/runs/CZ05/DMo&0&rDXHP&New&dxHP_equip/RE-dxHP_eq-pkgSEER-19.6-SEER2-8.9-HSPF2/instance-out.sql,CZ05,DMo,0,rDXHP,New,dxHP_equip,,RE-dxHP_eq-pkgSEER-19.6-SEER2-8.9-HSPF2,DMo&0&rDXHP&New&dxHP_equip,RE-dxHP_eq-pkgSEER-19.6-SEER2-8.9-HSPF2,42.16,29191.36,75.58,52327.48,29191.36,558.18,872.41,3129.96,0.0,12980.689999999999,0.0,202.35,0.0,0.0,0.0,0.0,11447.77,0.0,0.0,558.18,872.41,0.0,0.0,5167.03,7813.66,11447.77,9929.93,19261.43,0.0,0.0,9197718.299218087
DMo/runs/CZ05/DMo&0&rDXHP&Ex&dxHP_equip/RE-dxHP_eq-pkgSEER-12.5-SEER2-6.4-HSPF2/instance-out.sql,CZ05,DMo,0,rDXHP,Ex,dxHP_equip,,RE-dxHP_eq-pkgSEER-12.5-SEER2-6.4-HSPF2,DMo&0&rDXHP&Ex&dxHP_equip,RE-dxHP_eq-pkgSEER-12.5-SEER2-6.4-HSPF2,44.97,31132.97,84.49,58492.51,31132.98,1309.86,1563.84,3129.96,0.0,12980.689999999999,0.0,708.5,0.0,0.0,0.0,0.0,11440.12,0.0,0.0,1309.86,1563.84,0.0,0.0,5167.03,7813.66,11440.12,11879.2,19253.78,0.0,0.0,13067962.396369852
DMo/runs/CZ05/DMo&0&rDXHP&New&dxHP_equip/RE-dxHP_eq-pkgSEER-18.7-SEER2-8.5-HSPF2/instance-out.sql,CZ05,DMo,0,rDXHP,New,dxHP_equip,,RE-dxHP_eq-pkgSEER-18.7-SEER2-8.5-HSPF2,DMo&0&rDXHP&New&dxHP_equip,RE-dxHP_eq-pkgSEER-18.7-SEER2-8.5-HSPF2,42.19,29209.46,75.67,52384.82,29209.47,562.74,885.95,3129.96,0.0,12980.689999999999,0.0,202.35,0.0,0.0,0.0,0.0,11447.77,0.0,0.0,562.74,885.95,0.0,0.0,5167.03,7813.66,11447.77,9948.04,19261.43,0.0,0.0,9259293.809537249
DMo/runs/CZ04/DMo&0&rDXHP&New&dxHP_equip/RE-dxHP_eq-pkgSEER-14.3-SEER2-7.5-HSPF2/instance-out.sql,CZ04,DMo,0,rDXHP,New,dxHP_equip,,RE-dxHP_eq-pkgSEER-14.3-SEER2-7.5-HSPF2,DMo&0&rDXHP&New&dxHP_equip,RE-dxHP_eq-pkgSEER-14.3-SEER2-7.5-HSPF2,45.9,31775.28,87.94,60884.16,31775.28,1001.76,2534.81,3129.96,0.0,12980.689999999999,0.0,859.55,0.0,0.0,0.0,0.0,11268.51,0.0,0.0,1001.76,2534.81,0.0,0.0,5167.03,7813.66,11268.51,12693.11,19082.17,0.0,0.0,17424382.81626475
DMo/runs/CZ05/DMo&0&rDXHP&Ex&dxHP_equip/RE-dxHP_eq-pkgSEER-16.0-SEER2-8.0-HSPF2/instance-out.sql,CZ05,DMo,0,rDXHP,Ex,dxHP_equip,,RE-dxHP_eq-pkgSEER-16.0-SEER2-8.0-HSPF2,DMo&0&rDXHP&Ex&dxHP_equip,RE-dxHP_eq-pkgSEER-16.0-SEER2-8.0-HSPF2,43.86,30362.29,80.96,56052.53,30362.289999999997,1206.11,1275.55,3129.96,0.0,12980.689999999999,0.0,330.23,0.0,0.0,0.0,0.0,11439.75,0.0,0.0,1206.11,1275.55,0.0,0.0,5167.03,7813.66,11439.75,11108.88,19253.41,0.0,0.0,10723059.306058727
DMo/runs/CZ05/DMo&0&rDXHP&New&dxHP_equip/RE-dxHP_eq-pkgSEER-17.8-SEER2-8.1-HSPF2/instance-out.sql,CZ05,DMo,0,rDXHP,New,dxHP_equip,,RE-dxHP_eq-pkgSEER-17.8-SEER2-8.1-HSPF2,DMo&0&rDXHP&New&dxHP_equip,RE-dxHP_eq-pkgSEER-17.8-SEER2-8.1-HSPF2,42.22,29231.08,75.77,52453.29,29231.09,568.37,901.95,3129.96,0.0,12980.689999999999,0.0,202.35,0.0,0.0,0.0,0.0,11447.77,0.0,0.0,568.37,901.95,0.0,0.0,5167.03,7813.66,11447.77,9969.66,19261.43,0.0,0.0,9332048.620826965
DMo/runs/CZ05/DMo&0&rDXHP&Ex&dxHP_equip/RE-dxHP_eq-pkgSEER-17.8-SEER2-8.1-HSPF2/instance-out.sql,CZ05,DMo,0,rDXHP,Ex,dxHP_equip,,RE-dxHP_eq-pkgSEER-17.8-SEER2-8.1-HSPF2,DMo&0&rDXHP&Ex&dxHP_equip,RE-dxHP_eq-pkgSEER-17.8-SEER2-8.1-HSPF2,43.76,30296.85,80.66,55845.26,30296.850000000002,1201.13,1215.08,3129.96,0.0,12980.689999999999,0.0,330.23,0.0,0.0,0.0,0.0,11439.75,0.0,0.0,1201.13,1215.08,0.0,0.0,5167.03,7813.66,11439.75,11043.44,19253.41,0.0,0.0,10470173.12238001
DMo/runs/CZ05/DMo&0&rDXHP&Ex&dxHP_equip/RE-dxHP_eq-pkgSEER-14.3-SEER2-7.5-HSPF2/instance-out.sql,CZ05,DMo,0,rDXHP,Ex,dxHP_equip,,RE-dxHP_eq-pkgSEER-14.3-SEER2-7.5-HSPF2,DMo&0&rDXHP&Ex&dxHP_equip,RE-dxHP_eq-pkgSEER-14.3-SEER2-7.5-HSPF2,44.67,30925.53,83.54,57835.55,30925.54,1228.48,1437.79,3129.96,0.0,12980.689999999999,0.0,708.5,0.0,0.0,0.0,0.0,11440.12,0.0,0.0,1228.48,1437.79,0.0,0.0,5167.03,7813.66,11440.12,11671.76,19253.78,0.0,0.0,12531405.094064489
DMo/runs/CZ05/DMo&0&rDXHP&Ex&dxHP_equip/RE-dxHP_eq-pkgSEER-18.7-SEER2-8.5-HSPF2/instance-out.sql,CZ05,DMo,0,rDXHP,Ex,dxHP_equip,,RE-dxHP_eq-pkgSEER-18.7-SEER2-8.5-HSPF2,DMo&0&rDXHP&Ex&dxHP_equip,RE-dxHP_eq-pkgSEER-18.7-SEER2-8.5-HSPF2,43.71,30260.64,80.5,55730.6,30260.64,1186.48,1193.53,3129.96,0.0,12980.689999999999,0.0,330.23,0.0,0.0,0.0,0.0,11439.75,0.0,0.0,1186.48,1193.53,0.0,0.0,5167.03,7813.66,11439.75,11007.23,19253.41,0.0,0.0,10380030.185404047
DMo/runs/CZ05/DMo&0&rDXHP&Ex&dxHP_equip/RE-dxHP_eq-pkgSEER-19.6-SEER2-8.9-HSPF2/instance-out.sql,CZ05,DMo,0,rDXHP,Ex,dxHP_equip,,RE-dxHP_eq-pkgSEER-19.6-SEER2-8.9-HSPF2,DMo&0&rDXHP&Ex&dxHP_equip,RE-dxHP_eq-pkgSEER-19.6-SEER2-8.9-HSPF2,43.67,30230.51,80.36,55635.16,30230.51,1174.59,1175.29,3129.96,0.0,12980.689999999999,0.0,330.23,0.0,0.0,0.0,0.0,11439.75,0.0,0.0,1174.59,1175.29,0.0,0.0,5167.03,7813.66,11439.75,10977.1,19253.41,0.0,0.0,10303738.360195952
DMo/runs/CZ04/DMo&0&rDXHP&New&dxHP_equip/RE-dxHP_eq-pkgSEER-17.8-SEER2-8.1-HSPF2/instance-out.sql,CZ04,DMo,0,rDXHP,New,dxHP_equip,,RE-dxHP_eq-pkgSEER-17.8-SEER2-8.1-HSPF2,DMo&0&rDXHP&New&dxHP_equip,RE-dxHP_eq-pkgSEER-17.8-SEER2-8.1-HSPF2,44.64,30903.75,83.96,58126.08,30903.76,996.44,2134.64,3129.96,0.0,12980.689999999999,0.0,394.51,0.0,0.0,0.0,0.0,11267.53,0.0,0.0,996.44,2134.64,0.0,0.0,5167.03,7813.66,11267.53,11822.57,19081.19,0.0,0.0,14283000.947831133
DMo/runs/CZ04/DMo&0&rDXHP&New&dxHP_equip/RE-dxHP_eq-pkgSEER-16.0-SEER2-8.0-HSPF2/instance-out.sql,CZ04,DMo,0,rDXHP,New,dxHP_equip,,RE-dxHP_eq-pkgSEER-16.0-SEER2-8.0-HSPF2,DMo&0&rDXHP&New&dxHP_equip,RE-dxHP_eq-pkgSEER-16.0-SEER2-8.0-HSPF2,44.8,31013.27,84.46,58472.91,31013.27,999.72,2240.86,3129.96,0.0,12980.689999999999,0.0,394.51,0.0,0.0,0.0,0.0,11267.53,0.0,0.0,999.72,2240.86,0.0,0.0,5167.03,7813.66,11267.53,11932.08,19081.19,0.0,0.0,14708068.173467554
DMo/runs/CZ04/DMo&0&rDXHP&Ex&dxHP_equip/RE-dxHP_eq-pkgSEER-12.5-SEER2-6.4-HSPF2/instance-out.sql,CZ04,DMo,0,rDXHP,Ex,dxHP_equip,,RE-dxHP_eq-pkgSEER-12.5-SEER2-6.4-HSPF2,DMo&0&rDXHP&Ex&dxHP_equip,RE-dxHP_eq-pkgSEER-12.5-SEER2-6.4-HSPF2,49.39,34194.93,99.01,68543.85,34194.93,2058.87,3503.71,3129.96,0.0,12980.689999999999,0.0,1251.59,0.0,0.0,0.0,0.0,11270.11,0.0,0.0,2058.87,3503.71,0.0,0.0,5167.03,7813.66,11270.11,15111.16,19083.77,0.0,0.0,21824458.203464787
DMo/runs/CZ04/DMo&0&rDXHP&New&dxHP_equip/RE-dxHP_eq-pkgSEER-18.7-SEER2-8.5-HSPF2/instance-out.sql,CZ04,DMo,0,rDXHP,New,dxHP_equip,,RE-dxHP_eq-pkgSEER-18.7-SEER2-8.5-HSPF2,DMo&0&rDXHP&New&dxHP_equip,RE-dxHP_eq-pkgSEER-18.7-SEER2-8.5-HSPF2,44.57,30856.21,83.74,57975.52,30856.219999999998,986.76,2096.77,3129.96,0.0,12980.689999999999,0.0,394.51,0.0,0.0,0.0,0.0,11267.53,0.0,0.0,986.76,2096.77,0.0,0.0,5167.03,7813.66,11267.53,11775.03,19081.19,0.0,0.0,14131482.950391732
DMo/runs/CZ04/DMo&0&rDXHP&New&dxHP_equip/RE-dxHP_eq-pkgSEER-19.6-SEER2-8.9-HSPF2/instance-out.sql,CZ04,DMo,0,rDXHP,New,dxHP_equip,,RE-dxHP_eq-pkgSEER-19.6-SEER2-8.9-HSPF2,DMo&0&rDXHP&New&dxHP_equip,RE-dxHP_eq-pkgSEER-19.6-SEER2-8.9-HSPF2,44.51,30816.31,83.56,57849.16,30816.319999999996,978.91,2064.72,3129.96,0.0,12980.689999999999,0.0,394.51,0.0,0.0,0.0,0.0,11267.53,0.0,0.0,978.91,2064.72,0.0,0.0,5167.03,7813.66,11267.53,11735.13,19081.19,0.0,0.0,14003246.78498246
DMo/runs/CZ04/DMo&0&rDXHP&Ex&dxHP_equip/RE-dxHP_eq-pkgSEER-14.3-SEER2-7.5-HSPF2/instance-out.sql,CZ04,DMo,0,rDXHP,Ex,dxHP_equip,,RE-dxHP_eq-pkgSEER-14.3-SEER2-7.5-HSPF2,DMo&0&rDXHP&Ex&dxHP_equip,RE-dxHP_eq-pkgSEER-14.3-SEER2-7.5-HSPF2,48.81,33791.38,97.16,67265.81,33791.380000000005,1937.74,3221.29,3129.96,0.0,12980.689999999999,0.0,1251.59,0.0,0.0,0.0,0.0,11270.11,0.0,0.0,1937.74,3221.29,0.0,0.0,5167.03,7813.66,11270.11,14707.61,19083.77,0.0,0.0,20698789.257769898
DMo/runs/CZ04/DMo&0&rDXHP&Ex&dxHP_equip/RE-dxHP_eq-pkgSEER-16.0-SEER2-8.0-HSPF2/instance-out.sql,CZ04,DMo,0,rDXHP,Ex,dxHP_equip,,RE-dxHP_eq-pkgSEER-16.0-SEER2-8.0-HSPF2,DMo&0&rDXHP&Ex&dxHP_equip,RE-dxHP_eq-pkgSEER-16.0-SEER2-8.0-HSPF2,47.23,32695.1,92.15,63798.22,32695.1,1911.14,2829.15,3129.96,0.0,12980.689999999999,0.0,576.13,0.0,0.0,0.0,0.0,11268.04,0.0,0.0,1911.14,2829.15,0.0,0.0,5167.03,7813.66,11268.04,13613.41,19081.69,0.0,0.0,17216635.6883991
DMo/runs/CZ04/DMo&0&rDXHP&Ex&dxHP_equip/RE-dxHP_eq-pkgSEER-19.6-SEER2-8.9-HSPF2/instance-out.sql,CZ04,DMo,0,rDXHP,Ex,dxHP_equip,,RE-dxHP_eq-pkgSEER-19.6-SEER2-8.9-HSPF2,DMo&0&rDXHP&Ex&dxHP_equip,RE-dxHP_eq-pkgSEER-19.6-SEER2-8.9-HSPF2,46.84,32425.68,90.92,62944.96,32425.67,1864.09,2606.77,3129.96,0.0,12980.689999999999,0.0,576.13,0.0,0.0,0.0,0.0,11268.04,0.0,0.0,1864.09,2606.77,0.0,0.0,5167.03,7813.66,11268.04,13343.98,19081.69,0.0,0.0,16337325.073801588
DMo/runs/CZ04/DMo&0&rDXHP&Ex&dxHP_equip/RE-dxHP_eq-pkgSEER-18.7-SEER2-8.5-HSPF2/instance-out.sql,CZ04,DMo,0,rDXHP,Ex,dxHP_equip,,RE-dxHP_eq-pkgSEER-18.7-SEER2-8.5-HSPF2,DMo&0&rDXHP&Ex&dxHP_equip,RE-dxHP_eq-pkgSEER-18.7-SEER2-8.5-HSPF2,46.92,32483.89,91.19,63129.3,32483.88,1881.84,2647.23,3129.96,0.0,12980.689999999999,0.0,576.13,0.0,0.0,0.0,0.0,11268.04,0.0,0.0,1881.84,2647.23,0.0,0.0,5167.03,7813.66,11268.04,13402.19,19081.69,0.0,0.0,16497308.04716455
DMo/runs/CZ03/DMo&0&rDXHP&New&dxHP_equip/RE-dxHP_eq-pkgSEER-17.8-SEER2-8.1-HSPF2/instance-out.sql,CZ03,DMo,0,rDXHP,New,dxHP_equip,,RE-dxHP_eq-pkgSEER-17.8-SEER2-8.1-HSPF2,DMo&0&rDXHP&New&dxHP_equip,RE-dxHP_eq-pkgSEER-17.8-SEER2-8.1-HSPF2,42.73,29584.97,77.41,53593.56,29584.97,561.18,1211.92,3129.96,0.0,12980.689999999999,0.0,262.83,0.0,0.0,0.0,0.0,11438.4,0.0,0.0,561.18,1211.92,0.0,0.0,5167.03,7813.66,11438.4,10332.91,19252.06,0.0,0.0,10422667.919594837
DMo/runs/CZ03/DMo&0&rDXHP&New&dxHP_equip/RE-dxHP_eq-pkgSEER-16.0-SEER2-8.0-HSPF2/instance-out.sql,CZ03,DMo,0,rDXHP,New,dxHP_equip,,RE-dxHP_eq-pkgSEER-16.0-SEER2-8.0-HSPF2,DMo&0&rDXHP&New&dxHP_equip,RE-dxHP_eq-pkgSEER-16.0-SEER2-8.0-HSPF2,42.82,29647.32,77.7,53791.03,29647.320000000003,563.22,1272.22,3129.96,0.0,12980.689999999999,0.0,262.83,0.0,0.0,0.0,0.0,11438.4,0.0,0.0,563.22,1272.22,0.0,0.0,5167.03,7813.66,11438.4,10395.26,19252.06,0.0,0.0,10674196.350004492
DMo/runs/CZ04/DMo&0&rDXHP&Ex&dxHP_equip/RE-dxHP_eq-pkgSEER-17.8-SEER2-8.1-HSPF2/instance-out.sql,CZ04,DMo,0,rDXHP,Ex,dxHP_equip,,RE-dxHP_eq-pkgSEER-17.8-SEER2-8.1-HSPF2,DMo&0&rDXHP&Ex&dxHP_equip,RE-dxHP_eq-pkgSEER-17.8-SEER2-8.1-HSPF2,47.02,32553.56,91.5,63349.95,32553.55,1903.71,2695.04,3129.96,0.0,12980.689999999999,0.0,576.13,0.0,0.0,0.0,0.0,11268.04,0.0,0.0,1903.71,2695.04,0.0,0.0,5167.03,7813.66,11268.04,13471.86,19081.69,0.0,0.0,16686336.623237398
DMo/runs/CZ03/DMo&0&rDXHP&New&dxHP_equip/RE-dxHP_eq-pkgSEER-14.3-SEER2-7.5-HSPF2/instance-out.sql,CZ03,DMo,0,rDXHP,New,dxHP_equip,,RE-dxHP_eq-pkgSEER-14.3-SEER2-7.5-HSPF2,DMo&0&rDXHP&New&dxHP_equip,RE-dxHP_eq-pkgSEER-14.3-SEER2-7.5-HSPF2,43.51,30120.91,79.86,55289.85,30120.899999999998,572.35,1429.84,3129.96,0.0,12980.689999999999,0.0,569.17,0.0,0.0,0.0,0.0,11438.89,0.0,0.0,572.35,1429.84,0.0,0.0,5167.03,7813.66,11438.89,10868.35,19252.55,0.0,0.0,12459229.736479254
DMo/runs/CZ03/DMo&0&rDXHP&Ex&dxHP_equip/RE-dxHP_eq-pkgSEER-12.5-SEER2-6.4-HSPF2/instance-out.sql,CZ03,DMo,0,rDXHP,Ex,dxHP_equip,,RE-dxHP_eq-pkgSEER-12.5-SEER2-6.4-HSPF2,DMo&0&rDXHP&Ex&dxHP_equip,RE-dxHP_eq-pkgSEER-12.5-SEER2-6.4-HSPF2,45.5,31503.23,86.19,59673.27,31503.230000000003,1222.31,1920.46,3129.96,0.0,12980.689999999999,0.0,813.62,0.0,0.0,0.0,0.0,11436.21,0.0,0.0,1222.31,1920.46,0.0,0.0,5167.03,7813.66,11436.21,12253.37,19249.86,0.0,0.0,15092860.281529162
DMo/runs/CZ03/DMo&0&rDXHP&New&dxHP_equip/RE-dxHP_eq-pkgSEER-19.6-SEER2-8.9-HSPF2/instance-out.sql,CZ03,DMo,0,rDXHP,New,dxHP_equip,,RE-dxHP_eq-pkgSEER-19.6-SEER2-8.9-HSPF2,DMo&0&rDXHP&New&dxHP_equip,RE-dxHP_eq-pkgSEER-19.6-SEER2-8.9-HSPF2,42.66,29534.38,77.18,53433.35,29534.38,550.28,1172.22,3129.96,0.0,12980.689999999999,0.0,262.83,0.0,0.0,0.0,0.0,11438.4,0.0,0.0,550.28,1172.22,0.0,0.0,5167.03,7813.66,11438.4,10282.32,19252.06,0.0,0.0,10257126.750485552
DMo/runs/CZ03/DMo&0&rDXHP&New&dxHP_equip/RE-dxHP_eq-pkgSEER-18.7-SEER2-8.5-HSPF2/instance-out.sql,CZ03,DMo,0,rDXHP,New,dxHP_equip,,RE-dxHP_eq-pkgSEER-18.7-SEER2-8.5-HSPF2,DMo&0&rDXHP&New&dxHP_equip,RE-dxHP_eq-pkgSEER-18.7-SEER2-8.5-HSPF2,42.69,29557.46,77.29,53506.43,29557.460000000003,555.16,1190.42,3129.96,0.0,12980.689999999999,0.0,262.83,0.0,0.0,0.0,0.0,11438.4,0.0,0.0,555.16,1190.42,0.0,0.0,5167.03,7813.66,11438.4,10305.4,19252.06,0.0,0.0,10333008.96266706
DMo/runs/CZ03/DMo&0&rDXHP&Ex&dxHP_equip/RE-dxHP_eq-pkgSEER-16.0-SEER2-8.0-HSPF2/instance-out.sql,CZ03,DMo,0,rDXHP,Ex,dxHP_equip,,RE-dxHP_eq-pkgSEER-16.0-SEER2-8.0-HSPF2,DMo&0&rDXHP&Ex&dxHP_equip,RE-dxHP_eq-pkgSEER-16.0-SEER2-8.0-HSPF2,44.2,30601.14,82.07,56818.44,30601.14,1119.0,1559.85,3129.96,0.0,12980.689999999999,0.0,376.45,0.0,0.0,0.0,0.0,11435.2,0.0,0.0,1119.0,1559.85,0.0,0.0,5167.03,7813.66,11435.2,11352.28,19248.86,0.0,0.0,12127706.830883062
DMo/runs/CZ03/DMo&0&rDXHP&Ex&dxHP_equip/RE-dxHP_eq-pkgSEER-17.8-SEER2-8.1-HSPF2/instance-out.sql,CZ03,DMo,0,rDXHP,Ex,dxHP_equip,,RE-dxHP_eq-pkgSEER-17.8-SEER2-8.1-HSPF2,DMo&0&rDXHP&Ex&dxHP_equip,RE-dxHP_eq-pkgSEER-17.8-SEER2-8.1-HSPF2,44.09,30522.44,81.71,56569.18,30522.440000000002,1114.23,1485.9,3129.96,0.0,12980.689999999999,0.0,376.45,0.0,0.0,0.0,0.0,11435.2,0.0,0.0,1114.23,1485.9,0.0,0.0,5167.03,7813.66,11435.2,11273.58,19248.86,0.0,0.0,11816267.02071498
DMo/runs/CZ03/DMo&0&rDXHP&Ex&dxHP_equip/RE-dxHP_eq-pkgSEER-18.7-SEER2-8.5-HSPF2/instance-out.sql,CZ03,DMo,0,rDXHP,Ex,dxHP_equip,,RE-dxHP_eq-pkgSEER-18.7-SEER2-8.5-HSPF2,DMo&0&rDXHP&Ex&dxHP_equip,RE-dxHP_eq-pkgSEER-18.7-SEER2-8.5-HSPF2,44.03,30482.07,81.53,56441.33,30482.07,1100.22,1459.55,3129.96,0.0,12980.689999999999,0.0,376.45,0.0,0.0,0.0,0.0,11435.2,0.0,0.0,1100.22,1459.55,0.0,0.0,5167.03,7813.66,11435.2,11233.21,19248.86,0.0,0.0,11705252.259958202
DMo/runs/CZ02/DMo&0&rDXHP&New&dxHP_equip/RE-dxHP_eq-pkgSEER-14.3-SEER2-7.5-HSPF2/instance-out.sql,CZ02,DMo,0,rDXHP,New,dxHP_equip,,RE-dxHP_eq-pkgSEER-14.3-SEER2-7.5-HSPF2,DMo&0&rDXHP&New&dxHP_equip,RE-dxHP_eq-pkgSEER-14.3-SEER2-7.5-HSPF2,43.62,30198.2,80.27,55570.66,30198.2,1049.21,1113.94,3129.96,0.0,12980.689999999999,0.0,502.81,0.0,0.0,0.0,0.0,11421.6,0.0,0.0,1049.21,1113.94,0.0,0.0,5167.03,7813.66,11421.6,10962.94,19235.26,0.0,0.0,12434515.911102774
DMo/runs/CZ03/DMo&0&rDXHP&Ex&dxHP_equip/RE-dxHP_eq-pkgSEER-14.3-SEER2-7.5-HSPF2/instance-out.sql,CZ03,DMo,0,rDXHP,Ex,dxHP_equip,,RE-dxHP_eq-pkgSEER-14.3-SEER2-7.5-HSPF2,DMo&0&rDXHP&Ex&dxHP_equip,RE-dxHP_eq-pkgSEER-14.3-SEER2-7.5-HSPF2,45.17,31270.44,85.13,58936.03,31270.440000000002,1144.32,1765.66,3129.96,0.0,12980.689999999999,0.0,813.62,0.0,0.0,0.0,0.0,11436.21,0.0,0.0,1144.32,1765.66,0.0,0.0,5167.03,7813.66,11436.21,12020.58,19249.86,0.0,0.0,14425616.164384183
DMo/runs/CZ03/DMo&0&rDXHP&Ex&dxHP_equip/RE-dxHP_eq-pkgSEER-19.6-SEER2-8.9-HSPF2/instance-out.sql,CZ03,DMo,0,rDXHP,Ex,dxHP_equip,,RE-dxHP_eq-pkgSEER-19.6-SEER2-8.9-HSPF2,DMo&0&rDXHP&Ex&dxHP_equip,RE-dxHP_eq-pkgSEER-19.6-SEER2-8.9-HSPF2,43.98,30448.39,81.37,56334.67,30448.39,1088.85,1437.24,3129.96,0.0,12980.689999999999,0.0,376.45,0.0,0.0,0.0,0.0,11435.2,0.0,0.0,1088.85,1437.24,0.0,0.0,5167.03,7813.66,11435.2,11199.53,19248.86,0.0,0.0,11611295.717079718
DMo/runs/CZ02/DMo&0&rDXHP&New&dxHP_equip/RE-dxHP_eq-pkgSEER-18.7-SEER2-8.5-HSPF2/instance-out.sql,CZ02,DMo,0,rDXHP,New,dxHP_equip,,RE-dxHP_eq-pkgSEER-18.7-SEER2-8.5-HSPF2,DMo&0&rDXHP&New&dxHP_equip,RE-dxHP_eq-pkgSEER-18.7-SEER2-8.5-HSPF2,42.93,29724.45,78.1,54071.07,29724.46,1028.83,928.76,3129.96,0.0,12980.689999999999,0.0,234.99,0.0,0.0,0.0,0.0,11421.23,0.0,0.0,1028.83,928.76,0.0,0.0,5167.03,7813.66,11421.23,10489.57,19234.89,0.0,0.0,10428242.18227992
DMo/runs/CZ02/DMo&0&rDXHP&New&dxHP_equip/RE-dxHP_eq-pkgSEER-17.8-SEER2-8.1-HSPF2/instance-out.sql,CZ02,DMo,0,rDXHP,New,dxHP_equip,,RE-dxHP_eq-pkgSEER-17.8-SEER2-8.1-HSPF2,DMo&0&rDXHP&New&dxHP_equip,RE-dxHP_eq-pkgSEER-17.8-SEER2-8.1-HSPF2,42.97,29751.56,78.23,54156.93,29751.57,1039.16,945.54,3129.96,0.0,12980.689999999999,0.0,234.99,0.0,0.0,0.0,0.0,11421.23,0.0,0.0,1039.16,945.54,0.0,0.0,5167.03,7813.66,11421.23,10516.68,19234.89,0.0,0.0,10520082.758801375
DMo/runs/CZ02/DMo&0&rDXHP&Ex&dxHP_equip/RE-dxHP_eq-pkgSEER-12.5-SEER2-6.4-HSPF2/instance-out.sql,CZ02,DMo,0,rDXHP,Ex,dxHP_equip,,RE-dxHP_eq-pkgSEER-12.5-SEER2-6.4-HSPF2,DMo&0&rDXHP&Ex&dxHP_equip,RE-dxHP_eq-pkgSEER-12.5-SEER2-6.4-HSPF2,46.16,31958.63,88.36,61174.95,31958.63,1991.76,1643.89,3129.96,0.0,12980.689999999999,0.0,804.66,0.0,0.0,0.0,0.0,11407.67,0.0,0.0,1991.76,1643.89,0.0,0.0,5167.03,7813.66,11407.67,12737.3,19221.33,0.0,0.0,15529510.705969023
DMo/runs/CZ02/DMo&0&rDXHP&New&dxHP_equip/RE-dxHP_eq-pkgSEER-19.6-SEER2-8.9-HSPF2/instance-out.sql,CZ02,DMo,0,rDXHP,New,dxHP_equip,,RE-dxHP_eq-pkgSEER-19.6-SEER2-8.9-HSPF2,DMo&0&rDXHP&New&dxHP_equip,RE-dxHP_eq-pkgSEER-19.6-SEER2-8.9-HSPF2,42.9,29701.87,78.0,53999.54,29701.87,1020.43,914.57,3129.96,0.0,12980.689999999999,0.0,234.99,0.0,0.0,0.0,0.0,11421.23,0.0,0.0,1020.43,914.57,0.0,0.0,5167.03,7813.66,11421.23,10466.98,19234.89,0.0,0.0,10350513.572074398
DMo/runs/CZ02/DMo&0&rDXHP&New&dxHP_equip/RE-dxHP_eq-pkgSEER-16.0-SEER2-8.0-HSPF2/instance-out.sql,CZ02,DMo,0,rDXHP,New,dxHP_equip,,RE-dxHP_eq-pkgSEER-16.0-SEER2-8.0-HSPF2,DMo&0&rDXHP&New&dxHP_equip,RE-dxHP_eq-pkgSEER-16.0-SEER2-8.0-HSPF2,43.05,29802.13,78.46,54317.07,29802.129999999997,1042.68,992.59,3129.96,0.0,12980.689999999999,0.0,234.99,0.0,0.0,0.0,0.0,11421.23,0.0,0.0,1042.68,992.59,0.0,0.0,5167.03,7813.66,11421.23,10567.24,19234.89,0.0,0.0,10777731.485174209
DMo/runs/CZ02/DMo&0&rDXHP&Ex&dxHP_equip/RE-dxHP_eq-pkgSEER-16.0-SEER2-8.0-HSPF2/instance-out.sql,CZ02,DMo,0,rDXHP,Ex,dxHP_equip,,RE-dxHP_eq-pkgSEER-16.0-SEER2-8.0-HSPF2,DMo&0&rDXHP&Ex&dxHP_equip,RE-dxHP_eq-pkgSEER-16.0-SEER2-8.0-HSPF2,44.89,31077.23,84.33,58385.38,31077.23,1845.68,1337.47,3129.96,0.0,12980.689999999999,0.0,376.64,0.0,0.0,0.0,0.0,11406.8,0.0,0.0,1845.68,1337.47,0.0,0.0,5167.03,7813.66,11406.8,11856.77,19220.46,0.0,0.0,12615854.656612288
DMo/runs/CZ02/DMo&0&rDXHP&Ex&dxHP_equip/RE-dxHP_eq-pkgSEER-14.3-SEER2-7.5-HSPF2/instance-out.sql,CZ02,DMo,0,rDXHP,Ex,dxHP_equip,,RE-dxHP_eq-pkgSEER-14.3-SEER2-7.5-HSPF2,DMo&0&rDXHP&Ex&dxHP_equip,RE-dxHP_eq-pkgSEER-14.3-SEER2-7.5-HSPF2,45.8,31708.23,87.22,60381.92,31708.230000000003,1873.86,1511.39,3129.96,0.0,12980.689999999999,0.0,804.66,0.0,0.0,0.0,0.0,11407.67,0.0,0.0,1873.86,1511.39,0.0,0.0,5167.03,7813.66,11407.67,12486.9,19221.33,0.0,0.0,14826641.686799545
DMo/runs/CZ02/DMo&0&rDXHP&Ex&dxHP_equip/RE-dxHP_eq-pkgSEER-17.8-SEER2-8.1-HSPF2/instance-out.sql,CZ02,DMo,0,rDXHP,Ex,dxHP_equip,,RE-dxHP_eq-pkgSEER-17.8-SEER2-8.1-HSPF2,DMo&0&rDXHP&Ex&dxHP_equip,RE-dxHP_eq-pkgSEER-17.8-SEER2-8.1-HSPF2,44.79,31006.6,84.01,58161.7,31006.61,1838.45,1274.07,3129.96,0.0,12980.689999999999,0.0,376.64,0.0,0.0,0.0,0.0,11406.8,0.0,0.0,1838.45,1274.07,0.0,0.0,5167.03,7813.66,11406.8,11786.15,19220.46,0.0,0.0,12281926.718096836
DMo/runs/CZ02/DMo&0&rDXHP&Ex&dxHP_equip/RE-dxHP_eq-pkgSEER-18.7-SEER2-8.5-HSPF2/instance-out.sql,CZ02,DMo,0,rDXHP,Ex,dxHP_equip,,RE-dxHP_eq-pkgSEER-18.7-SEER2-8.5-HSPF2,DMo&0&rDXHP&Ex&dxHP_equip,RE-dxHP_eq-pkgSEER-18.7-SEER2-8.5-HSPF2,44.72,30962.74,83.81,58022.78,30962.739999999998,1817.18,1251.47,3129.96,0.0,12980.689999999999,0.0,376.64,0.0,0.0,0.0,0.0,11406.8,0.0,0.0,1817.18,1251.47,0.0,0.0,5167.03,7813.66,11406.8,11742.28,19220.46,0.0,0.0,12162895.916657899
DMo/runs/CZ01/DMo&0&rDXHP&New&dxHP_equip/RE-dxHP_eq-pkgSEER-14.3-SEER2-7.5-HSPF2/instance-out.sql,CZ01,DMo,0,rDXHP,New,dxHP_equip,,RE-dxHP_eq-pkgSEER-14.3-SEER2-7.5-HSPF2,DMo&0&rDXHP&New&dxHP_equip,RE-dxHP_eq-pkgSEER-14.3-SEER2-7.5-HSPF2,41.93,29028.57,73.88,51146.24,29028.579999999998,632.82,330.33,3129.96,0.0,12980.689999999999,0.0,187.42,0.0,0.0,0.0,0.0,11767.36,0.0,0.0,632.82,330.33,0.0,0.0,5167.03,7813.66,11767.36,9447.56,19581.02,0.0,0.0,7459818.527817711
DMo/runs/CZ02/DMo&0&rDXHP&Ex&dxHP_equip/RE-dxHP_eq-pkgSEER-19.6-SEER2-8.9-HSPF2/instance-out.sql,CZ02,DMo,0,rDXHP,Ex,dxHP_equip,,RE-dxHP_eq-pkgSEER-19.6-SEER2-8.9-HSPF2,DMo&0&rDXHP&Ex&dxHP_equip,RE-dxHP_eq-pkgSEER-19.6-SEER2-8.9-HSPF2,44.67,30926.35,83.64,57907.53,30926.35,1799.92,1232.34,3129.96,0.0,12980.689999999999,0.0,376.64,0.0,0.0,0.0,0.0,11406.8,0.0,0.0,1799.92,1232.34,0.0,0.0,5167.03,7813.66,11406.8,11705.89,19220.46,0.0,0.0,12062155.055505566
DMo/runs/CZ01/DMo&0&rDXHP&New&dxHP_equip/RE-dxHP_eq-pkgSEER-17.8-SEER2-8.1-HSPF2/instance-out.sql,CZ01,DMo,0,rDXHP,New,dxHP_equip,,RE-dxHP_eq-pkgSEER-17.8-SEER2-8.1-HSPF2,DMo&0&rDXHP&New&dxHP_equip,RE-dxHP_eq-pkgSEER-17.8-SEER2-8.1-HSPF2,41.71,28879.79,73.2,50675.1,28879.78,630.48,282.87,3129.96,0.0,12980.689999999999,0.0,88.46,0.0,0.0,0.0,0.0,11767.32,0.0,0.0,630.48,282.87,0.0,0.0,5167.03,7813.66,11767.32,9298.8,19580.98,0.0,0.0,6725424.842912931
DMo/runs/CZ01/DMo&0&rDXHP&Ex&dxHP_equip/RE-dxHP_eq-pkgSEER-12.5-SEER2-6.4-HSPF2/instance-out.sql,CZ01,DMo,0,rDXHP,Ex,dxHP_equip,,RE-dxHP_eq-pkgSEER-12.5-SEER2-6.4-HSPF2,DMo&0&rDXHP&Ex&dxHP_equip,RE-dxHP_eq-pkgSEER-12.5-SEER2-6.4-HSPF2,43.05,29807.3,77.5,53656.64,29807.3,1266.28,360.42,3129.96,0.0,12980.689999999999,0.0,323.8,0.0,0.0,0.0,0.0,11746.15,0.0,0.0,1266.28,360.42,0.0,0.0,5167.03,7813.66,11746.15,10247.49,19559.81,0.0,0.0,7882864.825627545
DMo/runs/CZ01/DMo&0&rDXHP&New&dxHP_equip/RE-dxHP_eq-pkgSEER-18.7-SEER2-8.5-HSPF2/instance-out.sql,CZ01,DMo,0,rDXHP,New,dxHP_equip,,RE-dxHP_eq-pkgSEER-18.7-SEER2-8.5-HSPF2,DMo&0&rDXHP&New&dxHP_equip,RE-dxHP_eq-pkgSEER-18.7-SEER2-8.5-HSPF2,41.7,28870.64,73.15,50646.12,28870.63,626.34,277.86,3129.96,0.0,12980.689999999999,0.0,88.46,0.0,0.0,0.0,0.0,11767.32,0.0,0.0,626.34,277.86,0.0,0.0,5167.03,7813.66,11767.32,9289.65,19580.98,0.0,0.0,6692885.636187036
DMo/runs/CZ01/DMo&0&rDXHP&New&dxHP_equip/RE-dxHP_eq-pkgSEER-16.0-SEER2-8.0-HSPF2/instance-out.sql,CZ01,DMo,0,rDXHP,New,dxHP_equip,,RE-dxHP_eq-pkgSEER-16.0-SEER2-8.0-HSPF2,DMo&0&rDXHP&New&dxHP_equip,RE-dxHP_eq-pkgSEER-16.0-SEER2-8.0-HSPF2,41.74,28895.27,73.27,50724.13,28895.26,631.88,296.95,3129.96,0.0,12980.689999999999,0.0,88.46,0.0,0.0,0.0,0.0,11767.32,0.0,0.0,631.88,296.95,0.0,0.0,5167.03,7813.66,11767.32,9314.28,19580.98,0.0,0.0,6816710.040454681
DMo/runs/CZ01/DMo&0&rDXHP&New&dxHP_equip/RE-dxHP_eq-pkgSEER-19.6-SEER2-8.9-HSPF2/instance-out.sql,CZ01,DMo,0,rDXHP,New,dxHP_equip,,RE-dxHP_eq-pkgSEER-19.6-SEER2-8.9-HSPF2,DMo&0&rDXHP&New&dxHP_equip,RE-dxHP_eq-pkgSEER-19.6-SEER2-8.9-HSPF2,41.69,28863.04,73.12,50622.05,28863.03,622.99,273.61,3129.96,0.0,12980.689999999999,0.0,88.46,0.0,0.0,0.0,0.0,11767.32,0.0,0.0,622.99,273.61,0.0,0.0,5167.03,7813.66,11767.32,9282.05,19580.98,0.0,0.0,6665346.3130273735
DMo/runs/CZ01/DMo&0&rDXHP&Ex&dxHP_equip/RE-dxHP_eq-pkgSEER-14.3-SEER2-7.5-HSPF2/instance-out.sql,CZ01,DMo,0,rDXHP,Ex,dxHP_equip,,RE-dxHP_eq-pkgSEER-14.3-SEER2-7.5-HSPF2,DMo&0&rDXHP&Ex&dxHP_equip,RE-dxHP_eq-pkgSEER-14.3-SEER2-7.5-HSPF2,42.92,29713.37,77.07,53359.17,29713.37,1201.41,331.36,3129.96,0.0,12980.689999999999,0.0,323.8,0.0,0.0,0.0,0.0,11746.15,0.0,0.0,1201.41,331.36,0.0,0.0,5167.03,7813.66,11746.15,10153.56,19559.81,0.0,0.0,7677822.906898363
DMo/runs/CZ01/DMo&0&rDXHP&Ex&dxHP_equip/RE-dxHP_eq-pkgSEER-16.0-SEER2-8.0-HSPF2/instance-out.sql,CZ01,DMo,0,rDXHP,Ex,dxHP_equip,,RE-dxHP_eq-pkgSEER-16.0-SEER2-8.0-HSPF2,DMo&0&rDXHP&Ex&dxHP_equip,RE-dxHP_eq-pkgSEER-16.0-SEER2-8.0-HSPF2,42.6,29492.84,76.07,52661.12,29492.84,1185.51,296.3,3129.96,0.0,12980.689999999999,0.0,154.42,0.0,0.0,0.0,0.0,11745.98,0.0,0.0,1185.51,296.3,0.0,0.0,5167.03,7813.66,11745.98,9933.21,19559.63,0.0,0.0,6969882.214306169
DMo/runs/CZ01/DMo&0&rDXHP&Ex&dxHP_equip/RE-dxHP_eq-pkgSEER-17.8-SEER2-8.1-HSPF2/instance-out.sql,CZ01,DMo,0,rDXHP,Ex,dxHP_equip,,RE-dxHP_eq-pkgSEER-17.8-SEER2-8.1-HSPF2,DMo&0&rDXHP&Ex&dxHP_equip,RE-dxHP_eq-pkgSEER-17.8-SEER2-8.1-HSPF2,42.57,29474.81,75.98,52604.01,29474.81,1181.52,282.25,3129.96,0.0,12980.689999999999,0.0,154.42,0.0,0.0,0.0,0.0,11745.98,0.0,0.0,1181.52,282.25,0.0,0.0,5167.03,7813.66,11745.98,9915.18,19559.63,0.0,0.0,6872336.869297341
DMo/runs/CZ01/DMo&0&rDXHP&Ex&dxHP_equip/RE-dxHP_eq-pkgSEER-19.6-SEER2-8.9-HSPF2/instance-out.sql,CZ01,DMo,0,rDXHP,Ex,dxHP_equip,,RE-dxHP_eq-pkgSEER-19.6-SEER2-8.9-HSPF2,DMo&0&rDXHP&Ex&dxHP_equip,RE-dxHP_eq-pkgSEER-19.6-SEER2-8.9-HSPF2,42.53,29444.3,75.84,52507.39,29444.3,1160.26,273.01,3129.96,0.0,12980.689999999999,0.0,154.42,0.0,0.0,0.0,0.0,11745.98,0.0,0.0,1160.26,273.01,0.0,0.0,5167.03,7813.66,11745.98,9884.67,19559.63,0.0,0.0,6808138.279787476
DMo/runs/CZ01/DMo&0&rDXHP&Ex&dxHP_equip/RE-dxHP_eq-pkgSEER-18.7-SEER2-8.5-HSPF2/instance-out.sql,CZ01,DMo,0,rDXHP,Ex,dxHP_equip,,RE-dxHP_eq-pkgSEER-18.7-SEER2-8.5-HSPF2,DMo&0&rDXHP&Ex&dxHP_equip,RE-dxHP_eq-pkgSEER-18.7-SEER2-8.5-HSPF2,42.55,29458.07,75.91,52550.98,29458.06,1169.78,277.24,3129.96,0.0,12980.689999999999,0.0,154.42,0.0,0.0,0.0,0.0,11745.98,0.0,0.0,1169.78,277.24,0.0,0.0,5167.03,7813.66,11745.98,9898.43,19559.63,0.0,0.0,6837566.191992959
