Building Type,Measure,System Type,Run Type,Climate Zone,Average Temperature,Average Electric Energy
Htl,M1,cDXGF,Base,CZ01,18.805000000000003,269744462.988516
Htl,M1,cDXGF,Measure,CZ01,18.805000000000003,273061144.3688951
Htl,M1,cDXHP,Base,CZ01,18.805000000000003,270171902.6135529
Htl,M1,cDXHP,Measure,CZ01,18.805000000000003,273440409.95692635
Htl,M1,cPTAC,Base,CZ01,18.805000000000003,268276178.37783358
Htl,M1,cPTAC,Measure,CZ01,18.805000000000003,271765527.4752896
Htl,M1,cPVVG,Base,CZ01,18.805000000000003,249041700.73060188
Htl,M1,cPVVG,Measure,CZ01,18.805000000000003,255017529.60433066
Htl,M2,cDXGF,Base,CZ01,18.805000000000003,334161524.7739813
Htl,M2,cDXGF,Measure,CZ01,18.805000000000003,331386239.73010945
Htl,M2,cDXHP,Base,CZ01,18.805000000000003,333488090.208968
Htl,M2,cDXHP,Measure,CZ01,18.805000000000003,330588382.8645543
Htl,M2,cPTAC,Base,CZ01,18.805000000000003,334160981.9464076
Htl,M2,cPTAC,Measure,CZ01,18.805000000000003,331389167.4165523
Htl,M2,cPVVG,Base,CZ01,18.805000000000003,319067557.6246027
Htl,M2,cPVVG,Measure,CZ01,18.805000000000003,317732411.74239963
Htl,M3,cDXGF,Base,CZ01,18.805000000000003,319229853.8947807
Htl,M3,cDXGF,Measure,CZ01,18.805000000000003,304151026.9552859
Htl,M3,cDXHP,Base,CZ01,18.805000000000003,311528481.8449036
Htl,M3,cDXHP,Measure,CZ01,18.805000000000003,296385056.98220485
Htl,M3,cPTAC,Base,CZ01,18.805000000000003,319231199.46140367
Htl,M3,cPTAC,Measure,CZ01,18.805000000000003,304152264.4595595
Htl,M3,cPVVG,Base,CZ01,18.805000000000003,316972292.4242824
Htl,M3,cPVVG,Measure,CZ01,18.805000000000003,301996478.37012863
Htl,M4,cDXGF,Base,CZ01,18.805000000000003,278398319.3771606
Htl,M4,cDXGF,Measure,CZ01,18.805000000000003,283134715.7711683
Htl,M4,cDXHP,Base,CZ01,18.805000000000003,278581565.2728826
Htl,M4,cDXHP,Measure,CZ01,18.805000000000003,283156955.5972693
Htl,M4,cPTAC,Base,CZ01,18.805000000000003,277453724.0135493
Htl,M4,cPTAC,Measure,CZ01,18.805000000000003,282421198.44287175
Htl,M4,cPVVG,Base,CZ01,18.805000000000003,254297296.31113726
Htl,M4,cPVVG,Measure,CZ01,18.805000000000003,261431014.997212
Htl,M5,cDXGF,Base,CZ01,18.805000000000003,301933166.45624465
Htl,M5,cDXGF,Measure,CZ01,18.805000000000003,289136588.87103844
Htl,M5,cDXHP,Base,CZ01,18.805000000000003,300390715.6715707
Htl,M5,cDXHP,Measure,CZ01,18.805000000000003,286694802.09660524
Htl,M5,cPTAC,Base,CZ01,18.805000000000003,301932549.03337806
Htl,M5,cPTAC,Measure,CZ01,18.805000000000003,289132416.4252065
Htl,M5,cPVVG,Base,CZ01,18.805000000000003,299647785.2054334
Htl,M5,cPVVG,Measure,CZ01,18.805000000000003,286951673.830613
Htl,M1,cDXGF,Base,CZ02,29.647222222222226,441953041.39110214
Htl,M1,cDXGF,Measure,CZ02,29.647222222222226,446263072.04090923
Htl,M1,cDXHP,Base,CZ02,29.647222222222226,445942131.599162
Htl,M1,cDXHP,Measure,CZ02,29.647222222222226,450484808.3984497
Htl,M1,cPTAC,Base,CZ02,29.647222222222226,441917602.67643714
Htl,M1,cPTAC,Measure,CZ02,29.647222222222226,446262402.7716285
Htl,M1,cPVVG,Base,CZ02,29.647222222222226,425011060.7911476
Htl,M1,cPVVG,Measure,CZ02,29.647222222222226,432503386.54063743
Htl,M2,cDXGF,Base,CZ02,29.647222222222226,404933704.59380585
Htl,M2,cDXGF,Measure,CZ02,29.647222222222226,401282954.5588904
Htl,M2,cDXHP,Base,CZ02,29.647222222222226,404291822.19029516
Htl,M2,cDXHP,Measure,CZ02,29.647222222222226,400584651.719083
Htl,M2,cPTAC,Base,CZ02,29.647222222222226,404932089.4047192
Htl,M2,cPTAC,Measure,CZ02,29.647222222222226,401283663.0132576
Htl,M2,cPVVG,Base,CZ02,29.647222222222226,384044783.07059383
Htl,M2,cPVVG,Measure,CZ02,29.647222222222226,382462371.8665634
Htl,M3,cDXGF,Base,CZ02,29.647222222222226,394341525.5134379
Htl,M3,cDXGF,Measure,CZ02,29.647222222222226,372465888.0619288
Htl,M3,cDXHP,Base,CZ02,29.647222222222226,392163640.72456825
Htl,M3,cDXHP,Measure,CZ02,29.647222222222226,370142419.08048517
Htl,M3,cPTAC,Base,CZ02,29.647222222222226,394338557.782645
Htl,M3,cPTAC,Measure,CZ02,29.647222222222226,372468988.85162336
Htl,M3,cPVVG,Base,CZ02,29.647222222222226,391457513.46837395
Htl,M3,cPVVG,Measure,CZ02,29.647222222222226,369729490.3857831
Htl,M4,cDXGF,Base,CZ02,29.647222222222226,416917575.1488877
Htl,M4,cDXGF,Measure,CZ02,29.647222222222226,422551932.6395766
Htl,M4,cDXHP,Base,CZ02,29.647222222222226,416076730.2108215
Htl,M4,cDXHP,Measure,CZ02,29.647222222222226,421705118.66672844
Htl,M4,cPTAC,Base,CZ02,29.647222222222226,416877086.9358596
Htl,M4,cPTAC,Measure,CZ02,29.647222222222226,422548437.13854814
Htl,M4,cPVVG,Base,CZ02,29.647222222222226,396050910.7416094
Htl,M4,cPVVG,Measure,CZ02,29.647222222222226,405358523.5228989
Htl,M5,cDXGF,Base,CZ02,29.647222222222226,422800204.81832093
Htl,M5,cDXGF,Measure,CZ02,29.647222222222226,397853348.5012449
Htl,M5,cDXHP,Base,CZ02,29.647222222222226,421399972.2491452
Htl,M5,cDXHP,Measure,CZ02,29.647222222222226,396119066.2399636
Htl,M5,cPTAC,Base,CZ02,29.647222222222226,422799223.44426054
Htl,M5,cPTAC,Measure,CZ02,29.647222222222226,397854019.1441262
Htl,M5,cPVVG,Base,CZ02,29.647222222222226,419934664.9035276
Htl,M5,cPVVG,Measure,CZ02,29.647222222222226,395155852.8720165
Htl,M1,cDXGF,Base,CZ03,24.846666666666668,374293610.4341163
Htl,M1,cDXGF,Measure,CZ03,24.846666666666668,378907865.8090189
Htl,M1,cDXHP,Base,CZ03,24.846666666666668,374584863.0133581
Htl,M1,cDXHP,Measure,CZ03,24.846666666666668,379136465.78624594
Htl,M1,cPTAC,Base,CZ03,24.846666666666668,374238442.1589411
Htl,M1,cPTAC,Measure,CZ03,24.846666666666668,378909825.39339006
Htl,M1,cPVVG,Base,CZ03,24.846666666666668,354902288.1399587
Htl,M1,cPVVG,Measure,CZ03,24.846666666666668,362622279.2502574
Htl,M2,cDXGF,Base,CZ03,24.846666666666668,388158064.32258236
Htl,M2,cDXGF,Measure,CZ03,24.846666666666668,384965856.6278668
Htl,M2,cDXHP,Base,CZ03,24.846666666666668,387402512.9472519
Htl,M2,cDXHP,Measure,CZ03,24.846666666666668,384130406.3130014
Htl,M2,cPTAC,Base,CZ03,24.846666666666668,388157389.7556414
Htl,M2,cPTAC,Measure,CZ03,24.846666666666668,384966082.95657367
Htl,M2,cPVVG,Base,CZ03,24.846666666666668,369278813.3556995
Htl,M2,cPVVG,Measure,CZ03,24.846666666666668,367827195.5758539
Htl,M3,cDXGF,Base,CZ03,24.846666666666668,375186480.8701929
Htl,M3,cDXGF,Measure,CZ03,24.846666666666668,355444893.2892207
Htl,M3,cDXHP,Base,CZ03,24.846666666666668,370690207.6740147
Htl,M3,cDXHP,Measure,CZ03,24.846666666666668,350812371.3204037
Htl,M3,cPTAC,Base,CZ03,24.846666666666668,375189179.64600486
Htl,M3,cPTAC,Measure,CZ03,24.846666666666668,355447341.9836188
Htl,M3,cPVVG,Base,CZ03,24.846666666666668,372475072.37980855
Htl,M3,cPVVG,Measure,CZ03,24.846666666666668,352860906.1437052
Htl,M4,cDXGF,Base,CZ03,24.846666666666668,368460674.537344
Htl,M4,cDXGF,Measure,CZ03,24.846666666666668,373502429.5824116
Htl,M4,cDXHP,Base,CZ03,24.846666666666668,367493570.717465
Htl,M4,cDXHP,Measure,CZ03,24.846666666666668,372349734.14386976
Htl,M4,cPTAC,Base,CZ03,24.846666666666668,368386385.0812547
Htl,M4,cPTAC,Measure,CZ03,24.846666666666668,373495628.1546366
Htl,M4,cPVVG,Base,CZ03,24.846666666666668,345840425.06494176
Htl,M4,cPVVG,Measure,CZ03,24.846666666666668,354216041.90856254
Htl,M5,cDXGF,Base,CZ03,24.846666666666668,377398800.56552196
Htl,M5,cDXGF,Measure,CZ03,24.846666666666668,357621260.91462684
Htl,M5,cDXHP,Base,CZ03,24.846666666666668,375695288.05846894
Htl,M5,cDXHP,Measure,CZ03,24.846666666666668,355300751.2521824
Htl,M5,cPTAC,Base,CZ03,24.846666666666668,377396787.69589067
Htl,M5,cPTAC,Measure,CZ03,24.846666666666668,357621004.5711252
Htl,M5,cPVVG,Base,CZ03,24.846666666666668,374657185.29547304
Htl,M5,cPVVG,Measure,CZ03,24.846666666666668,355018146.28887993
Htl,M1,cDXGF,Base,CZ04,35.86611111111111,567457106.3140427
Htl,M1,cDXGF,Measure,CZ04,35.86611111111111,569545627.5324559
Htl,M1,cDXHP,Base,CZ04,35.86611111111111,573150229.7104192
Htl,M1,cDXHP,Measure,CZ04,35.86611111111111,575472873.8829906
Htl,M1,cPTAC,Base,CZ04,35.86611111111111,567455851.5434428
Htl,M1,cPTAC,Measure,CZ04,35.86611111111111,569546379.9015521
Htl,M1,cPVVG,Base,CZ04,35.86611111111111,561946828.8623313
Htl,M1,cPVVG,Measure,CZ04,35.86611111111111,565799467.8880436
Htl,M2,cDXGF,Base,CZ04,35.86611111111111,457037845.9832269
Htl,M2,cDXGF,Measure,CZ04,35.86611111111111,452901000.6276224
Htl,M2,cDXHP,Base,CZ04,35.86611111111111,456596077.40932053
Htl,M2,cDXHP,Measure,CZ04,35.86611111111111,452428773.32655996
Htl,M2,cPTAC,Base,CZ04,35.86611111111111,457038227.0142984
Htl,M2,cPTAC,Measure,CZ04,35.86611111111111,452902856.33351296
Htl,M2,cPVVG,Base,CZ04,35.86611111111111,436619999.30932593
Htl,M2,cPVVG,Measure,CZ04,35.86611111111111,434803941.19172186
Htl,M3,cDXGF,Base,CZ04,35.86611111111111,456654298.8212572
Htl,M3,cDXGF,Measure,CZ04,35.86611111111111,429121327.061884
Htl,M3,cDXHP,Base,CZ04,35.86611111111111,455620782.00866693
Htl,M3,cDXHP,Measure,CZ04,35.86611111111111,427949284.31568366
Htl,M3,cPTAC,Base,CZ04,35.86611111111111,456652651.95899475
Htl,M3,cPTAC,Measure,CZ04,35.86611111111111,429119883.30867124
Htl,M3,cPVVG,Base,CZ04,35.86611111111111,453623147.0539857
Htl,M3,cPVVG,Measure,CZ04,35.86611111111111,426259721.8231831
Htl,M4,cDXGF,Base,CZ04,35.86611111111111,520001821.8062042
Htl,M4,cDXGF,Measure,CZ04,35.86611111111111,523719028.033472
Htl,M4,cDXHP,Base,CZ04,35.86611111111111,520198257.6722112
Htl,M4,cDXHP,Measure,CZ04,35.86611111111111,523950525.89438576
Htl,M4,cPTAC,Base,CZ04,35.86611111111111,519998046.2003585
Htl,M4,cPTAC,Measure,CZ04,35.86611111111111,523720425.8346401
Htl,M4,cPVVG,Base,CZ04,35.86611111111111,506209804.19064003
Htl,M4,cPVVG,Measure,CZ04,35.86611111111111,513018267.6559696
Htl,M5,cDXGF,Base,CZ04,35.86611111111111,504456149.8173105
Htl,M5,cDXGF,Measure,CZ04,35.86611111111111,472502787.36376876
Htl,M5,cDXHP,Base,CZ04,35.86611111111111,502474934.1140334
Htl,M5,cDXHP,Measure,CZ04,35.86611111111111,470506376.3595396
Htl,M5,cPTAC,Base,CZ04,35.86611111111111,504456149.8172575
Htl,M5,cPTAC,Measure,CZ04,35.86611111111111,472502787.3722387
Htl,M5,cPVVG,Base,CZ04,35.86611111111111,501583809.76406825
Htl,M5,cPVVG,Measure,CZ04,35.86611111111111,469815581.5728162
Htl,M1,cDXGF,Base,CZ05,22.37611111111111,331171620.92026716
Htl,M1,cDXGF,Measure,CZ05,22.37611111111111,335984931.26626605
Htl,M1,cDXHP,Base,CZ05,22.37611111111111,330812007.8004408
Htl,M1,cDXHP,Measure,CZ05,22.37611111111111,335682605.69777757
Htl,M1,cPTAC,Base,CZ05,22.37611111111111,330202161.76170313
Htl,M1,cPTAC,Measure,CZ05,22.37611111111111,335286110.026635
Htl,M1,cPVVG,Base,CZ05,22.37611111111111,309190188.58358353
Htl,M1,cPVVG,Measure,CZ05,22.37611111111111,317156159.81139123
Htl,M2,cDXGF,Base,CZ05,22.37611111111111,370187912.8853283
Htl,M2,cDXGF,Measure,CZ05,22.37611111111111,366961109.8548256
Htl,M2,cDXHP,Base,CZ05,22.37611111111111,369281461.80253214
Htl,M2,cDXHP,Measure,CZ05,22.37611111111111,365972279.4245388
Htl,M2,cPTAC,Base,CZ05,22.37611111111111,370191127.4198073
Htl,M2,cPTAC,Measure,CZ05,22.37611111111111,366962057.9631761
Htl,M2,cPVVG,Base,CZ05,22.37611111111111,350484541.6286459
Htl,M2,cPVVG,Measure,CZ05,22.37611111111111,349000815.19954264
Htl,M3,cDXGF,Base,CZ05,22.37611111111111,351464873.67525685
Htl,M3,cDXGF,Measure,CZ05,22.37611111111111,333586035.7623013
Htl,M3,cDXHP,Base,CZ05,22.37611111111111,346081715.748798
Htl,M3,cDXHP,Measure,CZ05,22.37611111111111,328110360.6504023
Htl,M3,cPTAC,Base,CZ05,22.37611111111111,351464768.96193606
Htl,M3,cPTAC,Measure,CZ05,22.37611111111111,333586062.2412714
Htl,M3,cPVVG,Base,CZ05,22.37611111111111,348718399.68172115
Htl,M3,cPVVG,Measure,CZ05,22.37611111111111,330967790.60579115
Htl,M4,cDXGF,Base,CZ05,22.37611111111111,332852037.5503697
Htl,M4,cDXGF,Measure,CZ05,22.37611111111111,338147602.5494554
Htl,M4,cDXHP,Base,CZ05,22.37611111111111,332716013.7586528
Htl,M4,cDXHP,Measure,CZ05,22.37611111111111,338108119.9866394
Htl,M4,cPTAC,Base,CZ05,22.37611111111111,332503126.54191196
Htl,M4,cPTAC,Measure,CZ05,22.37611111111111,338007042.9941999
Htl,M4,cPVVG,Base,CZ05,22.37611111111111,308149839.9669151
Htl,M4,cPVVG,Measure,CZ05,22.37611111111111,316485967.8052901
Htl,M5,cDXGF,Base,CZ05,22.37611111111111,339092826.1524914
Htl,M5,cDXGF,Measure,CZ05,22.37611111111111,322953023.19304115
Htl,M5,cDXHP,Base,CZ05,22.37611111111111,337470693.2993678
Htl,M5,cDXHP,Measure,CZ05,22.37611111111111,320681031.4952409
Htl,M5,cPTAC,Base,CZ05,22.37611111111111,339092346.68225735
Htl,M5,cPTAC,Measure,CZ05,22.37611111111111,322956450.31051916
Htl,M5,cPVVG,Base,CZ05,22.37611111111111,336348715.84224296
Htl,M5,cPVVG,Measure,CZ05,22.37611111111111,320338034.8515139
Htl,M1,cDXGF,Base,CZ06,24.253888888888888,366055587.51900315
Htl,M1,cDXGF,Measure,CZ06,24.253888888888888,368190098.9134638
Htl,M1,cDXHP,Base,CZ06,24.253888888888888,366615275.75187576
Htl,M1,cDXHP,Measure,CZ06,24.253888888888888,368752012.50211906
Htl,M1,cPTAC,Base,CZ06,24.253888888888888,366055411.1998438
Htl,M1,cPTAC,Measure,CZ06,24.253888888888888,368190130.1995411
Htl,M1,cPVVG,Base,CZ06,24.253888888888888,348052937.11543953
Htl,M1,cPVVG,Measure,CZ06,24.253888888888888,352728888.33607394
Htl,M2,cDXGF,Base,CZ06,24.253888888888888,378724225.6397844
Htl,M2,cDXGF,Measure,CZ06,24.253888888888888,375776500.3025408
Htl,M2,cDXHP,Base,CZ06,24.253888888888888,378164312.7118812
Htl,M2,cDXHP,Measure,CZ06,24.253888888888888,375128460.74195266
Htl,M2,cPTAC,Base,CZ06,24.253888888888888,378724225.6397847
Htl,M2,cPTAC,Measure,CZ06,24.253888888888888,375774988.03089327
Htl,M2,cPVVG,Base,CZ06,24.253888888888888,361976518.4415224
Htl,M2,cPVVG,Measure,CZ06,24.253888888888888,360618724.0957406
Htl,M3,cDXGF,Base,CZ06,24.253888888888888,371046576.559017
Htl,M3,cDXGF,Measure,CZ06,24.253888888888888,351508182.5524474
Htl,M3,cDXHP,Base,CZ06,24.253888888888888,366141673.9541959
Htl,M3,cDXHP,Measure,CZ06,24.253888888888888,346471115.64913833
Htl,M3,cPTAC,Base,CZ06,24.253888888888888,371048574.8470414
Htl,M3,cPTAC,Measure,CZ06,24.253888888888888,351509952.6195488
Htl,M3,cPVVG,Base,CZ06,24.253888888888888,368462848.1215647
Htl,M3,cPVVG,Measure,CZ06,24.253888888888888,349043270.88851243
Htl,M4,cDXGF,Base,CZ06,24.253888888888888,363644434.62335944
Htl,M4,cDXGF,Measure,CZ06,24.253888888888888,365860292.65702426
Htl,M4,cDXHP,Base,CZ06,24.253888888888888,363286440.43633354
Htl,M4,cDXHP,Measure,CZ06,24.253888888888888,365412968.99592215
Htl,M4,cPTAC,Base,CZ06,24.253888888888888,363644370.34027255
Htl,M4,cPTAC,Measure,CZ06,24.253888888888888,365860766.79095554
Htl,M4,cPVVG,Base,CZ06,24.253888888888888,344123051.6262421
Htl,M4,cPVVG,Measure,CZ06,24.253888888888888,348837933.9598436
Htl,M5,cDXGF,Base,CZ06,24.253888888888888,367663844.0397963
Htl,M5,cDXGF,Measure,CZ06,24.253888888888888,348645380.25412476
Htl,M5,cDXHP,Base,CZ06,24.253888888888888,366949456.79435927
Htl,M5,cDXHP,Measure,CZ06,24.253888888888888,347112099.8135102
Htl,M5,cPTAC,Base,CZ06,24.253888888888888,367664230.0941077
Htl,M5,cPTAC,Measure,CZ06,24.253888888888888,348645776.3247874
Htl,M5,cPVVG,Base,CZ06,24.253888888888888,365000056.6789311
Htl,M5,cPVVG,Measure,CZ06,24.253888888888888,346110704.9886113
Htl,M1,cDXGF,Base,CZ07,26.066111111111113,420196791.9221138
Htl,M1,cDXGF,Measure,CZ07,26.066111111111113,420550110.83888465
Htl,M1,cDXHP,Base,CZ07,26.066111111111113,419499897.2050976
Htl,M1,cDXHP,Measure,CZ07,26.066111111111113,419695948.1973067
Htl,M1,cPTAC,Base,CZ07,26.066111111111113,420196444.49146736
Htl,M1,cPTAC,Measure,CZ07,26.066111111111113,420550111.53387755
Htl,M1,cPVVG,Base,CZ07,26.066111111111113,408842679.2562514
Htl,M1,cPVVG,Measure,CZ07,26.066111111111113,411510137.52503604
Htl,M2,cDXGF,Base,CZ07,26.066111111111113,390192858.3373163
Htl,M2,cDXGF,Measure,CZ07,26.066111111111113,387408108.5556948
Htl,M2,cDXHP,Base,CZ07,26.066111111111113,389680154.6253659
Htl,M2,cDXHP,Measure,CZ07,26.066111111111113,386831783.34415096
Htl,M2,cPTAC,Base,CZ07,26.066111111111113,390192858.3373178
Htl,M2,cPTAC,Measure,CZ07,26.066111111111113,387408710.33463067
Htl,M2,cPVVG,Base,CZ07,26.066111111111113,373869358.0349916
Htl,M2,cPVVG,Measure,CZ07,26.066111111111113,372507541.73895586
Htl,M3,cDXGF,Base,CZ07,26.066111111111113,386802009.681282
Htl,M3,cDXGF,Measure,CZ07,26.066111111111113,365752699.53857327
Htl,M3,cDXHP,Base,CZ07,26.066111111111113,383056170.197649
Htl,M3,cDXHP,Measure,CZ07,26.066111111111113,361846545.69631594
Htl,M3,cPTAC,Base,CZ07,26.066111111111113,386804697.17899865
Htl,M3,cPTAC,Measure,CZ07,26.066111111111113,365755074.9344335
Htl,M3,cPVVG,Base,CZ07,26.066111111111113,384275159.21799636
Htl,M3,cPVVG,Measure,CZ07,26.066111111111113,363344651.2560252
Htl,M4,cDXGF,Base,CZ07,26.066111111111113,400013664.2225487
Htl,M4,cDXGF,Measure,CZ07,26.066111111111113,400079408.77495736
Htl,M4,cDXHP,Base,CZ07,26.066111111111113,397990921.2529026
Htl,M4,cDXHP,Measure,CZ07,26.066111111111113,398085836.01355904
Htl,M4,cPTAC,Base,CZ07,26.066111111111113,400016844.13185203
Htl,M4,cPTAC,Measure,CZ07,26.066111111111113,400079408.73465616
Htl,M4,cPVVG,Base,CZ07,26.066111111111113,385491314.60448366
Htl,M4,cPVVG,Measure,CZ07,26.066111111111113,387664704.1786202
Htl,M5,cDXGF,Base,CZ07,26.066111111111113,410239580.0819816
Htl,M5,cDXGF,Measure,CZ07,26.066111111111113,386619209.66703886
Htl,M5,cDXHP,Base,CZ07,26.066111111111113,408408361.31770146
Htl,M5,cDXHP,Measure,CZ07,26.066111111111113,384202030.96192086
Htl,M5,cPTAC,Base,CZ07,26.066111111111113,410239580.08219045
Htl,M5,cPTAC,Measure,CZ07,26.066111111111113,386619209.6672218
Htl,M5,cPVVG,Base,CZ07,26.066111111111113,407820075.9983241
Htl,M5,cPVVG,Measure,CZ07,26.066111111111113,384331523.2310189
Htl,M1,cDXGF,Base,CZ08,32.875,510551049.2919751
Htl,M1,cDXGF,Measure,CZ08,32.875,512656389.47408366
Htl,M1,cDXHP,Base,CZ08,32.875,513797175.3295889
Htl,M1,cDXHP,Measure,CZ08,32.875,516038585.3014545
Htl,M1,cPTAC,Base,CZ08,32.875,510550363.6477348
Htl,M1,cPTAC,Measure,CZ08,32.875,512657352.90861857
Htl,M1,cPVVG,Base,CZ08,32.875,499792609.5790275
Htl,M1,cPVVG,Measure,CZ08,32.875,504207642.6637552
Htl,M2,cDXGF,Base,CZ08,32.875,428750185.89903575
Htl,M2,cDXGF,Measure,CZ08,32.875,424786880.1749328
Htl,M2,cDXHP,Base,CZ08,32.875,428438559.8856109
Htl,M2,cDXHP,Measure,CZ08,32.875,424445157.143549
Htl,M2,cPTAC,Base,CZ08,32.875,428750185.89903903
Htl,M2,cPTAC,Measure,CZ08,32.875,424789217.06546664
Htl,M2,cPVVG,Base,CZ08,32.875,407374373.9951458
Htl,M2,cPVVG,Measure,CZ08,32.875,405648121.0928296
Htl,M3,cDXGF,Base,CZ08,32.875,420453885.9200338
Htl,M3,cDXGF,Measure,CZ08,32.875,396163506.3915774
Htl,M3,cDXHP,Base,CZ08,32.875,419383736.7448826
Htl,M3,cDXHP,Measure,CZ08,32.875,394988712.6553125
Htl,M3,cPTAC,Base,CZ08,32.875,420459610.06271464
Htl,M3,cPTAC,Measure,CZ08,32.875,396168537.55459803
Htl,M3,cPVVG,Base,CZ08,32.875,417427425.69550693
Htl,M3,cPVVG,Measure,CZ08,32.875,393298387.25097364
Htl,M4,cDXGF,Base,CZ08,32.875,471734992.8535393
Htl,M4,cDXGF,Measure,CZ08,32.875,474331186.1961567
Htl,M4,cDXHP,Base,CZ08,32.875,472054999.6501377
Htl,M4,cDXHP,Measure,CZ08,32.875,474683920.62155265
Htl,M4,cPTAC,Base,CZ08,32.875,471733758.9260607
Htl,M4,cPTAC,Measure,CZ08,32.875,474333171.128287
Htl,M4,cPVVG,Base,CZ08,32.875,455611129.0716957
Htl,M4,cPVVG,Measure,CZ08,32.875,460976083.7675177
Htl,M5,cDXGF,Base,CZ08,32.875,449011181.2097304
Htl,M5,cDXGF,Measure,CZ08,32.875,422460249.1994162
Htl,M5,cDXHP,Base,CZ08,32.875,447200859.4215625
Htl,M5,cDXHP,Measure,CZ08,32.875,420641691.6424539
Htl,M5,cPTAC,Base,CZ08,32.875,449010236.77052593
Htl,M5,cPTAC,Measure,CZ08,32.875,422459426.65665203
Htl,M5,cPVVG,Base,CZ08,32.875,445999898.41550803
Htl,M5,cPVVG,Measure,CZ08,32.875,419629789.78099185
Htl,M1,cDXGF,Base,CZ09,34.36222222222222,536098393.5590428
Htl,M1,cDXGF,Measure,CZ09,34.36222222222222,538156544.4798499
Htl,M1,cDXHP,Base,CZ09,34.36222222222222,539180877.8620082
Htl,M1,cDXHP,Measure,CZ09,34.36222222222222,541308356.2131058
Htl,M1,cPTAC,Base,CZ09,34.36222222222222,536095983.7861188
Htl,M1,cPTAC,Measure,CZ09,34.36222222222222,538157437.3688934
Htl,M1,cPVVG,Base,CZ09,34.36222222222222,525063408.3014812
Htl,M1,cPVVG,Measure,CZ09,34.36222222222222,529363143.64057654
Htl,M2,cDXGF,Base,CZ09,34.36222222222222,441833903.77917695
Htl,M2,cDXGF,Measure,CZ09,34.36222222222222,437555727.8793815
Htl,M2,cDXHP,Base,CZ09,34.36222222222222,441575199.2232616
Htl,M2,cDXHP,Measure,CZ09,34.36222222222222,437268017.2788992
Htl,M2,cPTAC,Base,CZ09,34.36222222222222,441836899.3521604
Htl,M2,cPTAC,Measure,CZ09,34.36222222222222,437558244.1728512
Htl,M2,cPVVG,Base,CZ09,34.36222222222222,418999509.73948306
Htl,M2,cPVVG,Measure,CZ09,34.36222222222222,417124392.3464607
Htl,M3,cDXGF,Base,CZ09,34.36222222222222,432155244.7287018
Htl,M3,cDXGF,Measure,CZ09,34.36222222222222,406805981.8436744
Htl,M3,cDXHP,Base,CZ09,34.36222222222222,431397047.15084815
Htl,M3,cDXHP,Measure,CZ09,34.36222222222222,405967384.766766
Htl,M3,cPTAC,Base,CZ09,34.36222222222222,432156903.70933586
Htl,M3,cPTAC,Measure,CZ09,34.36222222222222,406807440.8003536
Htl,M3,cPVVG,Base,CZ09,34.36222222222222,428986784.9257833
Htl,M3,cPVVG,Measure,CZ09,34.36222222222222,403811972.3179014
Htl,M4,cDXGF,Base,CZ09,34.36222222222222,496915370.08436584
Htl,M4,cDXGF,Measure,CZ09,34.36222222222222,499245933.11108285
Htl,M4,cDXHP,Base,CZ09,34.36222222222222,497513291.1132423
Htl,M4,cDXHP,Measure,CZ09,34.36222222222222,499872097.36012655
Htl,M4,cPTAC,Base,CZ09,34.36222222222222,496910840.717321
Htl,M4,cPTAC,Measure,CZ09,34.36222222222222,499246543.7266237
Htl,M4,cPVVG,Base,CZ09,34.36222222222222,480922653.00554985
Htl,M4,cPVVG,Measure,CZ09,34.36222222222222,486044368.47786385
Htl,M5,cDXGF,Base,CZ09,34.36222222222222,477027623.01287585
Htl,M5,cDXGF,Measure,CZ09,34.36222222222222,447838641.0579378
Htl,M5,cDXHP,Base,CZ09,34.36222222222222,475790794.330051
Htl,M5,cDXHP,Measure,CZ09,34.36222222222222,446572363.4289827
Htl,M5,cPTAC,Base,CZ09,34.36222222222222,477023011.2155126
Htl,M5,cPTAC,Measure,CZ09,34.36222222222222,447832746.3652446
Htl,M5,cPVVG,Base,CZ09,34.36222222222222,474162858.0943783
Htl,M5,cPVVG,Measure,CZ09,34.36222222222222,445148621.7276236
Htl,M1,cDXGF,Base,CZ10,35.65,556834612.5900445
Htl,M1,cDXGF,Measure,CZ10,35.65,558948794.9685422
Htl,M1,cDXHP,Base,CZ10,35.65,558069524.2343141
Htl,M1,cDXHP,Measure,CZ10,35.65,560208513.2506585
Htl,M1,cPTAC,Base,CZ10,35.65,556833360.4678986
Htl,M1,cPTAC,Measure,CZ10,35.65,558949596.1431118
Htl,M1,cPVVG,Base,CZ10,35.65,547988811.1128621
Htl,M1,cPVVG,Measure,CZ10,35.65,552379452.248674
Htl,M2,cDXGF,Base,CZ10,35.65,442372582.2351116
Htl,M2,cDXGF,Measure,CZ10,35.65,437909207.90766215
Htl,M2,cDXHP,Base,CZ10,35.65,442208327.95965356
Htl,M2,cDXHP,Measure,CZ10,35.65,437734300.6011478
Htl,M2,cPTAC,Base,CZ10,35.65,442372582.2351134
Htl,M2,cPTAC,Measure,CZ10,35.65,437912467.7588241
Htl,M2,cPVVG,Base,CZ10,35.65,419206265.5428663
Htl,M2,cPVVG,Measure,CZ10,35.65,417268006.5524424
Htl,M3,cDXGF,Base,CZ10,35.65,434885834.7031747
Htl,M3,cDXGF,Measure,CZ10,35.65,408892077.34578335
Htl,M3,cDXHP,Base,CZ10,35.65,434576890.73146987
Htl,M3,cDXHP,Measure,CZ10,35.65,408541096.59974277
Htl,M3,cPTAC,Base,CZ10,35.65,434882895.6039918
Htl,M3,cPTAC,Measure,CZ10,35.65,408889500.1977115
Htl,M3,cPVVG,Base,CZ10,35.65,431705477.62110484
Htl,M3,cPVVG,Measure,CZ10,35.65,405891623.4832573
Htl,M4,cDXGF,Base,CZ10,35.65,510450045.1233855
Htl,M4,cDXGF,Measure,CZ10,35.65,513050028.13363206
Htl,M4,cDXHP,Base,CZ10,35.65,510747387.6492536
Htl,M4,cDXHP,Measure,CZ10,35.65,513368649.13444275
Htl,M4,cPTAC,Base,CZ10,35.65,510447343.80005187
Htl,M4,cPTAC,Measure,CZ10,35.65,513054281.00713176
Htl,M4,cPVVG,Base,CZ10,35.65,495193290.8171987
Htl,M4,cPVVG,Measure,CZ10,35.65,500597168.1523872
Htl,M5,cDXGF,Base,CZ10,35.65,485533210.89902174
Htl,M5,cDXGF,Measure,CZ10,35.65,455175978.50928485
Htl,M5,cDXHP,Base,CZ10,35.65,484981153.92305905
Htl,M5,cDXHP,Measure,CZ10,35.65,454609745.76875037
Htl,M5,cPTAC,Base,CZ10,35.65,485528394.9856743
Htl,M5,cPTAC,Measure,CZ10,35.65,455171792.7745718
Htl,M5,cPVVG,Base,CZ10,35.65,482580758.63928956
Htl,M5,cPVVG,Measure,CZ10,35.65,452412828.9118568
Htl,M1,cDXGF,Base,CZ11,37.705000000000005,614484730.7362888
Htl,M1,cDXGF,Measure,CZ11,37.705000000000005,614817574.243227
Htl,M1,cDXHP,Base,CZ11,37.705000000000005,618496061.8472142
Htl,M1,cDXHP,Measure,CZ11,37.705000000000005,618842803.8591422
Htl,M1,cPTAC,Base,CZ11,37.705000000000005,614485184.4798263
Htl,M1,cPTAC,Measure,CZ11,37.705000000000005,614817526.7561221
Htl,M1,cPVVG,Base,CZ11,37.705000000000005,612537884.6310018
Htl,M1,cPVVG,Measure,CZ11,37.705000000000005,613606314.5870306
Htl,M2,cDXGF,Base,CZ11,37.705000000000005,484873889.98148024
Htl,M2,cDXGF,Measure,CZ11,37.705000000000005,482043565.8626479
Htl,M2,cDXHP,Base,CZ11,37.705000000000005,484751757.07135063
Htl,M2,cDXHP,Measure,CZ11,37.705000000000005,481916525.47072864
Htl,M2,cPTAC,Base,CZ11,37.705000000000005,484869788.81912094
Htl,M2,cPTAC,Measure,CZ11,37.705000000000005,482045444.67711765
Htl,M2,cPVVG,Base,CZ11,37.705000000000005,465701172.5320272
Htl,M2,cPVVG,Measure,CZ11,37.705000000000005,463828212.57945144
Htl,M3,cDXGF,Base,CZ11,37.705000000000005,488437539.49611896
Htl,M3,cDXGF,Measure,CZ11,37.705000000000005,458500875.20390576
Htl,M3,cDXHP,Base,CZ11,37.705000000000005,488069963.08462447
Htl,M3,cDXHP,Measure,CZ11,37.705000000000005,458061701.5115198
Htl,M3,cPTAC,Base,CZ11,37.705000000000005,488435315.91674536
Htl,M3,cPTAC,Measure,CZ11,37.705000000000005,458498381.85661685
Htl,M3,cPVVG,Base,CZ11,37.705000000000005,485335716.24133664
Htl,M3,cPVVG,Measure,CZ11,37.705000000000005,455574981.93528634
Htl,M4,cDXGF,Base,CZ11,37.705000000000005,571251207.9914768
Htl,M4,cDXGF,Measure,CZ11,37.705000000000005,571096105.1220467
Htl,M4,cDXHP,Base,CZ11,37.705000000000005,571491892.6256863
Htl,M4,cDXHP,Measure,CZ11,37.705000000000005,571329667.2812557
Htl,M4,cPTAC,Base,CZ11,37.705000000000005,571250451.9281583
Htl,M4,cPTAC,Measure,CZ11,37.705000000000005,571099136.7497237
Htl,M4,cPVVG,Base,CZ11,37.705000000000005,560358165.6650665
Htl,M4,cPVVG,Measure,CZ11,37.705000000000005,562205422.4085939
Htl,M5,cDXGF,Base,CZ11,37.705000000000005,570830665.4019924
Htl,M5,cDXGF,Measure,CZ11,37.705000000000005,532711052.88002276
Htl,M5,cDXHP,Base,CZ11,37.705000000000005,570042273.2758349
Htl,M5,cDXHP,Measure,CZ11,37.705000000000005,531892312.81996423
Htl,M5,cPTAC,Base,CZ11,37.705000000000005,570831668.6247755
Htl,M5,cPTAC,Measure,CZ11,37.705000000000005,532713714.13565844
Htl,M5,cPVVG,Base,CZ11,37.705000000000005,568280664.0615295
Htl,M5,cPVVG,Measure,CZ11,37.705000000000005,530335451.3896026
Htl,M1,cDXGF,Base,CZ12,36.3,570209702.6663336
Htl,M1,cDXGF,Measure,CZ12,36.3,571364940.6753515
Htl,M1,cDXHP,Base,CZ12,36.3,577991887.1311234
Htl,M1,cDXHP,Measure,CZ12,36.3,579225269.2412217
Htl,M1,cPTAC,Base,CZ12,36.3,570209512.6464291
Htl,M1,cPTAC,Measure,CZ12,36.3,571365885.3303645
Htl,M1,cPVVG,Base,CZ12,36.3,566245534.6247545
Htl,M1,cPVVG,Measure,CZ12,36.3,568566323.0525023
Htl,M2,cDXGF,Base,CZ12,36.3,458776092.3984798
Htl,M2,cDXGF,Measure,CZ12,36.3,454836720.62598205
Htl,M2,cDXHP,Base,CZ12,36.3,458381561.06907904
Htl,M2,cDXHP,Measure,CZ12,36.3,454407507.9449377
Htl,M2,cPTAC,Base,CZ12,36.3,458779767.911583
Htl,M2,cPTAC,Measure,CZ12,36.3,454836114.5595845
Htl,M2,cPVVG,Base,CZ12,36.3,439370496.7421018
Htl,M2,cPVVG,Measure,CZ12,36.3,437603858.4525743
Htl,M3,cDXGF,Base,CZ12,36.3,460078059.93520004
Htl,M3,cDXGF,Measure,CZ12,36.3,432196996.9821833
Htl,M3,cDXHP,Base,CZ12,36.3,459113862.7269036
Htl,M3,cDXHP,Measure,CZ12,36.3,431091845.0484708
Htl,M3,cPTAC,Base,CZ12,36.3,460080857.9369783
Htl,M3,cPTAC,Measure,CZ12,36.3,432199450.32217664
Htl,M3,cPVVG,Base,CZ12,36.3,457123027.34880775
Htl,M3,cPVVG,Measure,CZ12,36.3,429407652.4305674
Htl,M4,cDXGF,Base,CZ12,36.3,526283554.9691482
Htl,M4,cDXGF,Measure,CZ12,36.3,528750821.8641934
Htl,M4,cDXHP,Base,CZ12,36.3,526423127.06949437
Htl,M4,cDXHP,Measure,CZ12,36.3,528898763.177604
Htl,M4,cPTAC,Base,CZ12,36.3,526282621.424871
Htl,M4,cPTAC,Measure,CZ12,36.3,528751970.41615546
Htl,M4,cPVVG,Base,CZ12,36.3,513985137.39690846
Htl,M4,cPVVG,Measure,CZ12,36.3,519091693.0361709
Htl,M5,cDXGF,Base,CZ12,36.3,516302921.36137986
Htl,M5,cDXGF,Measure,CZ12,36.3,483072558.4512294
Htl,M5,cDXHP,Base,CZ12,36.3,514986748.9820509
Htl,M5,cDXHP,Measure,CZ12,36.3,481635878.66473657
Htl,M5,cPTAC,Base,CZ12,36.3,516314802.52667403
Htl,M5,cPTAC,Measure,CZ12,36.3,483080712.79539603
Htl,M5,cPVVG,Base,CZ12,36.3,513522514.85910195
Htl,M5,cPVVG,Measure,CZ12,36.3,480474978.72206914
Htl,M1,cDXGF,Base,CZ13,38.61666666666667,623028539.8745273
Htl,M1,cDXGF,Measure,CZ13,38.61666666666667,623104331.7540859
Htl,M1,cDXHP,Base,CZ13,38.61666666666667,626392531.3031363
Htl,M1,cDXHP,Measure,CZ13,38.61666666666667,626473571.3188112
Htl,M1,cPTAC,Base,CZ13,38.61666666666667,623028865.8417618
Htl,M1,cPTAC,Measure,CZ13,38.61666666666667,623103228.1917282
Htl,M1,cPVVG,Base,CZ13,38.61666666666667,621657844.7077206
Htl,M1,cPVVG,Measure,CZ13,38.61666666666667,622152393.2138119
Htl,M2,cDXGF,Base,CZ13,38.61666666666667,489959750.1177849
Htl,M2,cDXGF,Measure,CZ13,38.61666666666667,487128961.38542885
Htl,M2,cDXHP,Base,CZ13,38.61666666666667,489849378.04158795
Htl,M2,cDXHP,Measure,CZ13,38.61666666666667,487012034.8867175
Htl,M2,cPTAC,Base,CZ13,38.61666666666667,489956274.84442025
Htl,M2,cPTAC,Measure,CZ13,38.61666666666667,487125441.488769
Htl,M2,cPVVG,Base,CZ13,38.61666666666667,471519061.3460296
Htl,M2,cPVVG,Measure,CZ13,38.61666666666667,469643604.7609715
Htl,M3,cDXGF,Base,CZ13,38.61666666666667,493743050.7361033
Htl,M3,cDXGF,Measure,CZ13,38.61666666666667,463313524.02217823
Htl,M3,cDXHP,Base,CZ13,38.61666666666667,493411998.54119843
Htl,M3,cDXHP,Measure,CZ13,38.61666666666667,462908770.17796445
Htl,M3,cPTAC,Base,CZ13,38.61666666666667,493749175.42517644
Htl,M3,cPTAC,Measure,CZ13,38.61666666666667,463311278.4183777
Htl,M3,cPVVG,Base,CZ13,38.61666666666667,490705013.48962426
Htl,M3,cPVVG,Measure,CZ13,38.61666666666667,460440646.2243229
Htl,M4,cDXGF,Base,CZ13,38.61666666666667,582431352.80764
Htl,M4,cDXGF,Measure,CZ13,38.61666666666667,581987908.4739957
Htl,M4,cDXHP,Base,CZ13,38.61666666666667,583066730.6544632
Htl,M4,cDXHP,Measure,CZ13,38.61666666666667,582591834.6491481
Htl,M4,cPTAC,Base,CZ13,38.61666666666667,582430934.9935147
Htl,M4,cPTAC,Measure,CZ13,38.61666666666667,581988865.9811679
Htl,M4,cPVVG,Base,CZ13,38.61666666666667,573204893.0601603
Htl,M4,cPVVG,Measure,CZ13,38.61666666666667,574152773.0330414
Htl,M5,cDXGF,Base,CZ13,38.61666666666667,573856362.6089655
Htl,M5,cDXGF,Measure,CZ13,38.61666666666667,535978262.6832446
Htl,M5,cDXHP,Base,CZ13,38.61666666666667,573304300.1358329
Htl,M5,cDXHP,Measure,CZ13,38.61666666666667,535367089.9676128
Htl,M5,cPTAC,Base,CZ13,38.61666666666667,573855256.9745685
Htl,M5,cPTAC,Measure,CZ13,38.61666666666667,535976789.7188419
Htl,M5,cPVVG,Base,CZ13,38.61666666666667,571387994.742692
Htl,M5,cPVVG,Measure,CZ13,38.61666666666667,533669861.17771506
Htl,M1,cDXGF,Base,CZ14,35.867222222222225,570686865.7770792
Htl,M1,cDXGF,Measure,CZ14,35.867222222222225,570684390.6346401
Htl,M1,cDXHP,Base,CZ14,35.867222222222225,575853229.8827565
Htl,M1,cDXHP,Measure,CZ14,35.867222222222225,575804313.8451025
Htl,M1,cPTAC,Base,CZ14,35.867222222222225,570686729.0068738
Htl,M1,cPTAC,Measure,CZ14,35.867222222222225,570683040.6308882
Htl,M1,cPVVG,Base,CZ14,35.867222222222225,567242048.9788777
Htl,M1,cPVVG,Measure,CZ14,35.867222222222225,567906460.5235573
Htl,M2,cDXGF,Base,CZ14,35.867222222222225,457706096.5795214
Htl,M2,cDXGF,Measure,CZ14,35.867222222222225,454666671.48917264
Htl,M2,cDXHP,Base,CZ14,35.867222222222225,457550020.2776382
Htl,M2,cDXHP,Measure,CZ14,35.867222222222225,454485989.7356096
Htl,M2,cPTAC,Base,CZ14,35.867222222222225,457705898.12248135
Htl,M2,cPTAC,Measure,CZ14,35.867222222222225,454662373.54815716
Htl,M2,cPVVG,Base,CZ14,35.867222222222225,437341897.70279974
Htl,M2,cPVVG,Measure,CZ14,35.867222222222225,435418535.0254543
Htl,M3,cDXGF,Base,CZ14,35.867222222222225,452483714.8441487
Htl,M3,cDXGF,Measure,CZ14,35.867222222222225,425052427.3678254
Htl,M3,cDXHP,Base,CZ14,35.867222222222225,451753016.79652065
Htl,M3,cDXHP,Measure,CZ14,35.867222222222225,424215458.3554319
Htl,M3,cPTAC,Base,CZ14,35.867222222222225,452481852.8023664
Htl,M3,cPTAC,Measure,CZ14,35.867222222222225,425051098.3667133
Htl,M3,cPVVG,Base,CZ14,35.867222222222225,449358880.36178094
Htl,M3,cPVVG,Measure,CZ14,35.867222222222225,422103683.2545262
Htl,M4,cDXGF,Base,CZ14,35.867222222222225,527244636.64122427
Htl,M4,cDXGF,Measure,CZ14,35.867222222222225,526074012.2826404
Htl,M4,cDXHP,Base,CZ14,35.867222222222225,527699198.4787528
Htl,M4,cDXHP,Measure,CZ14,35.867222222222225,526499214.87826383
Htl,M4,cPTAC,Base,CZ14,35.867222222222225,527244613.6024427
Htl,M4,cPTAC,Measure,CZ14,35.867222222222225,526072927.4501981
Htl,M4,cPVVG,Base,CZ14,35.867222222222225,515256961.27064115
Htl,M4,cPVVG,Measure,CZ14,35.867222222222225,515563482.7393829
Htl,M5,cDXGF,Base,CZ14,35.867222222222225,505146148.8052607
Htl,M5,cDXGF,Measure,CZ14,35.867222222222225,473399669.7382982
Htl,M5,cDXHP,Base,CZ14,35.867222222222225,501831353.92426413
Htl,M5,cDXHP,Measure,CZ14,35.867222222222225,470373361.37551856
Htl,M5,cPTAC,Base,CZ14,35.867222222222225,505146585.2577279
Htl,M5,cPTAC,Measure,CZ14,35.867222222222225,473395583.57060075
Htl,M5,cPVVG,Base,CZ14,35.867222222222225,502216036.2824437
Htl,M5,cPVVG,Measure,CZ14,35.867222222222225,470660447.6373522
Htl,M1,cDXGF,Base,CZ15,43.455555555555556,732818785.6891118
Htl,M1,cDXGF,Measure,CZ15,43.455555555555556,732737801.4846051
Htl,M1,cDXHP,Base,CZ15,43.455555555555556,732869537.4105364
Htl,M1,cDXHP,Measure,CZ15,43.455555555555556,732788327.176014
Htl,M1,cPTAC,Base,CZ15,43.455555555555556,732818451.548858
Htl,M1,cPTAC,Measure,CZ15,43.455555555555556,732738879.1161735
Htl,M1,cPVVG,Base,CZ15,43.455555555555556,732787048.8959033
Htl,M1,cPVVG,Measure,CZ15,43.455555555555556,732715783.5098052
Htl,M2,cDXGF,Base,CZ15,43.455555555555556,544701287.2249764
Htl,M2,cDXGF,Measure,CZ15,43.455555555555556,542934552.5627534
Htl,M2,cDXHP,Base,CZ15,43.455555555555556,544704195.6079541
Htl,M2,cDXHP,Measure,CZ15,43.455555555555556,542937365.740492
Htl,M2,cPTAC,Base,CZ15,43.455555555555556,544701287.2249731
Htl,M2,cPTAC,Measure,CZ15,43.455555555555556,542935848.410116
Htl,M2,cPVVG,Base,CZ15,43.455555555555556,527876089.76865095
Htl,M2,cPVVG,Measure,CZ15,43.455555555555556,526171306.6767862
Htl,M3,cDXGF,Base,CZ15,43.455555555555556,563144449.7918323
Htl,M3,cDXGF,Measure,CZ15,43.455555555555556,525375490.3505865
Htl,M3,cDXHP,Base,CZ15,43.455555555555556,563142521.6161374
Htl,M3,cDXHP,Measure,CZ15,43.455555555555556,525373527.559019
Htl,M3,cPTAC,Base,CZ15,43.455555555555556,563142705.2112131
Htl,M3,cPTAC,Measure,CZ15,43.455555555555556,525374830.45063895
Htl,M3,cPVVG,Base,CZ15,43.455555555555556,559892194.36667
Htl,M3,cPVVG,Measure,CZ15,43.455555555555556,522326930.7823754
Htl,M4,cDXGF,Base,CZ15,43.455555555555556,687140061.5479308
Htl,M4,cDXGF,Measure,CZ15,43.455555555555556,685953780.5155407
Htl,M4,cDXHP,Base,CZ15,43.455555555555556,687164212.45128
Htl,M4,cDXHP,Measure,CZ15,43.455555555555556,685974813.8793008
Htl,M4,cPTAC,Base,CZ15,43.455555555555556,687140113.2045004
Htl,M4,cPTAC,Measure,CZ15,43.455555555555556,685953550.004278
Htl,M4,cPVVG,Base,CZ15,43.455555555555556,682149797.9546053
Htl,M4,cPVVG,Measure,CZ15,43.455555555555556,680859395.9146516
Htl,M5,cDXGF,Base,CZ15,43.455555555555556,695575728.6320472
Htl,M5,cDXGF,Measure,CZ15,43.455555555555556,645265796.3837458
Htl,M5,cDXHP,Base,CZ15,43.455555555555556,695576944.0189077
Htl,M5,cDXHP,Measure,CZ15,43.455555555555556,645262720.3661913
Htl,M5,cPTAC,Base,CZ15,43.455555555555556,695576725.9541359
Htl,M5,cPTAC,Measure,CZ15,43.455555555555556,645266226.0202091
Htl,M5,cPVVG,Base,CZ15,43.455555555555556,693563731.3444202
Htl,M5,cPVVG,Measure,CZ15,43.455555555555556,643398344.7911384
Htl,M1,cDXGF,Base,CZ16,26.445,411309690.32841283
Htl,M1,cDXGF,Measure,CZ16,26.445,410326830.43802774
Htl,M1,cDXHP,Base,CZ16,26.445,412767025.6542694
Htl,M1,cDXHP,Measure,CZ16,26.445,411757469.4117663
Htl,M1,cPTAC,Base,CZ16,26.445,411310066.32910043
Htl,M1,cPTAC,Measure,CZ16,26.445,410327075.63089526
Htl,M1,cPVVG,Base,CZ16,26.445,394613712.3730258
Htl,M1,cPVVG,Measure,CZ16,26.445,395376304.5734156
Htl,M2,cDXGF,Base,CZ16,26.445,402621372.3536274
Htl,M2,cDXGF,Measure,CZ16,26.445,399440184.0717276
Htl,M2,cDXHP,Base,CZ16,26.445,402608177.38128394
Htl,M2,cDXHP,Measure,CZ16,26.445,399292613.00205547
Htl,M2,cPTAC,Base,CZ16,26.445,402618411.33641416
Htl,M2,cPTAC,Measure,CZ16,26.445,399436699.91309947
Htl,M2,cPVVG,Base,CZ16,26.445,383151529.22606164
Htl,M2,cPVVG,Measure,CZ16,26.445,381370432.3127844
Htl,M3,cDXGF,Base,CZ16,26.445,386154988.90662926
Htl,M3,cDXGF,Measure,CZ16,26.445,365743693.7243726
Htl,M3,cDXHP,Base,CZ16,26.445,378480547.58749884
Htl,M3,cDXHP,Measure,CZ16,26.445,358020354.8322369
Htl,M3,cPTAC,Base,CZ16,26.445,386156922.48566914
Htl,M3,cPTAC,Measure,CZ16,26.445,365744934.70770454
Htl,M3,cPVVG,Base,CZ16,26.445,383056074.13054144
Htl,M3,cPVVG,Measure,CZ16,26.445,362795457.34880227
Htl,M4,cDXGF,Base,CZ16,26.445,400188287.31693304
Htl,M4,cDXGF,Measure,CZ16,26.445,399175745.1536665
Htl,M4,cDXHP,Base,CZ16,26.445,401080054.52770996
Htl,M4,cDXHP,Measure,CZ16,26.445,400041671.2859859
Htl,M4,cPTAC,Base,CZ16,26.445,400188399.2149412
Htl,M4,cPTAC,Measure,CZ16,26.445,399179826.07446074
Htl,M4,cPVVG,Base,CZ16,26.445,380825877.44889206
Htl,M4,cPVVG,Measure,CZ16,26.445,381563785.8762176
Htl,M5,cDXGF,Base,CZ16,26.445,379771396.6213385
Htl,M5,cDXGF,Measure,CZ16,26.445,360384552.77220505
Htl,M5,cDXHP,Base,CZ16,26.445,376265832.2598739
Htl,M5,cDXHP,Measure,CZ16,26.445,356181185.0025663
Htl,M5,cPTAC,Base,CZ16,26.445,379770853.61011386
Htl,M5,cPTAC,Measure,CZ16,26.445,360387168.6236955
Htl,M5,cPVVG,Base,CZ16,26.445,376542940.78560024
Htl,M5,cPVVG,Measure,CZ16,26.445,357314377.25677496
Asm,M1,cDXGF,Base,CZ01,18.805000000000003,379936141.69692665
Asm,M1,cDXGF,Measure,CZ01,18.805000000000003,389684891.41688246
Asm,M1,cDXHP,Base,CZ01,18.805000000000003,386469082.070252
Asm,M1,cDXHP,Measure,CZ01,18.805000000000003,393299629.91121066
Asm,M1,cPTAC,Base,CZ01,18.805000000000003,377557137.2958099
Asm,M1,cPTAC,Measure,CZ01,18.805000000000003,386691001.76128364
Asm,M1,cPVVG,Base,CZ01,18.805000000000003,323142397.2265098
Asm,M1,cPVVG,Measure,CZ01,18.805000000000003,338153876.8622425
Asm,M2,cDXGF,Base,CZ01,18.805000000000003,522709507.1948377
Asm,M2,cDXGF,Measure,CZ01,18.805000000000003,515949992.3227858
Asm,M2,cDXHP,Base,CZ01,18.805000000000003,525486946.6304245
Asm,M2,cDXHP,Measure,CZ01,18.805000000000003,518323606.4833916
Asm,M2,cPTAC,Base,CZ01,18.805000000000003,522709507.19483453
Asm,M2,cPTAC,Measure,CZ01,18.805000000000003,515949992.3227908
Asm,M2,cPVVG,Base,CZ01,18.805000000000003,486562941.1514368
Asm,M2,cPVVG,Measure,CZ01,18.805000000000003,480904969.639563
Asm,M3,cDXGF,Base,CZ01,18.805000000000003,508144241.29839665
Asm,M3,cDXGF,Measure,CZ01,18.805000000000003,463041027.8116418
Asm,M3,cDXHP,Base,CZ01,18.805000000000003,485467162.99675375
Asm,M3,cDXHP,Measure,CZ01,18.805000000000003,440020738.3615968
Asm,M3,cPTAC,Base,CZ01,18.805000000000003,508144241.2983935
Asm,M3,cPTAC,Measure,CZ01,18.805000000000003,463041027.81163913
Asm,M3,cPVVG,Base,CZ01,18.805000000000003,502277874.7404086
Asm,M3,cPVVG,Measure,CZ01,18.805000000000003,457444360.8423366
Asm,M4,cDXGF,Base,CZ01,18.805000000000003,395908502.6106624
Asm,M4,cDXGF,Measure,CZ01,18.805000000000003,409237775.30398047
Asm,M4,cDXHP,Base,CZ01,18.805000000000003,402595931.0589202
Asm,M4,cDXHP,Measure,CZ01,18.805000000000003,413058351.3388153
Asm,M4,cPTAC,Base,CZ01,18.805000000000003,392657176.0511993
Asm,M4,cPTAC,Measure,CZ01,18.805000000000003,405436382.2337618
Asm,M4,cPVVG,Base,CZ01,18.805000000000003,331747768.9879916
Asm,M4,cPVVG,Measure,CZ01,18.805000000000003,348995736.7097184
Asm,M5,cDXGF,Base,CZ01,18.805000000000003,431585370.0442777
Asm,M5,cDXGF,Measure,CZ01,18.805000000000003,398438659.14386916
Asm,M5,cDXHP,Base,CZ01,18.805000000000003,433840277.6688978
Asm,M5,cDXHP,Measure,CZ01,18.805000000000003,397229014.45914054
Asm,M5,cPTAC,Base,CZ01,18.805000000000003,431585370.0442755
Asm,M5,cPTAC,Measure,CZ01,18.805000000000003,398438659.1438673
Asm,M5,cPVVG,Base,CZ01,18.805000000000003,425277004.7359157
Asm,M5,cPVVG,Measure,CZ01,18.805000000000003,392406875.97770363
ECC,M1,cDXGF,Base,CZ01,18.805000000000003,1151304617.7321043
ECC,M1,cDXGF,Measure,CZ01,18.805000000000003,1167191178.6859477
ECC,M1,cDXHP,Base,CZ01,18.805000000000003,1154423834.4648612
ECC,M1,cDXHP,Measure,CZ01,18.805000000000003,1170116549.5650678
ECC,M1,cPTAC,Base,CZ01,18.805000000000003,1149025774.5388722
ECC,M1,cPTAC,Measure,CZ01,18.805000000000003,1165816732.3132744
ECC,M1,cPVVG,Base,CZ01,18.805000000000003,930585305.2102542
ECC,M1,cPVVG,Measure,CZ01,18.805000000000003,962889339.5437807
ECC,M2,cDXGF,Base,CZ01,18.805000000000003,1446511581.7456584
ECC,M2,cDXGF,Measure,CZ01,18.805000000000003,1415778580.8026452
ECC,M2,cDXHP,Base,CZ01,18.805000000000003,1438701888.9656675
ECC,M2,cDXHP,Measure,CZ01,18.805000000000003,1408052292.4703765
ECC,M2,cPTAC,Base,CZ01,18.805000000000003,1446518400.4387748
ECC,M2,cPTAC,Measure,CZ01,18.805000000000003,1415778487.2090292
ECC,M2,cPVVG,Base,CZ01,18.805000000000003,1244285342.3509932
ECC,M2,cPVVG,Measure,CZ01,18.805000000000003,1227449271.6263783
ECC,M3,cDXGF,Base,CZ01,18.805000000000003,1261766933.3664365
ECC,M3,cDXGF,Measure,CZ01,18.805000000000003,1177951911.920139
ECC,M3,cDXHP,Base,CZ01,18.805000000000003,1215689458.4559848
ECC,M3,cDXHP,Measure,CZ01,18.805000000000003,1132129505.3134987
ECC,M3,cPTAC,Base,CZ01,18.805000000000003,1261754615.9324892
ECC,M3,cPTAC,Measure,CZ01,18.805000000000003,1177940600.3852458
ECC,M3,cPVVG,Base,CZ01,18.805000000000003,1243560509.6974173
ECC,M3,cPVVG,Measure,CZ01,18.805000000000003,1160649090.7605233
ECC,M4,cDXGF,Base,CZ01,18.805000000000003,1218698265.4590342
ECC,M4,cDXGF,Measure,CZ01,18.805000000000003,1260217389.1507213
ECC,M4,cDXHP,Base,CZ01,18.805000000000003,1222044903.4579368
ECC,M4,cDXHP,Measure,CZ01,18.805000000000003,1263292107.9159958
ECC,M4,cPTAC,Base,CZ01,18.805000000000003,1213459792.6003656
ECC,M4,cPTAC,Measure,CZ01,18.805000000000003,1257310648.6809828
ECC,M4,cPVVG,Base,CZ01,18.805000000000003,968951801.3696251
ECC,M4,cPVVG,Measure,CZ01,18.805000000000003,1028373010.8945758
ECC,M5,cDXGF,Base,CZ01,18.805000000000003,1183978122.8903756
ECC,M5,cDXGF,Measure,CZ01,18.805000000000003,1112297356.0979416
ECC,M5,cDXHP,Base,CZ01,18.805000000000003,1177334531.1215873
ECC,M5,cDXHP,Measure,CZ01,18.805000000000003,1100311976.7538762
ECC,M5,cPTAC,Base,CZ01,18.805000000000003,1183305397.208667
ECC,M5,cPTAC,Measure,CZ01,18.805000000000003,1111720214.3934393
ECC,M5,cPVVG,Base,CZ01,18.805000000000003,1167092010.555683
ECC,M5,cPVVG,Measure,CZ01,18.805000000000003,1096193763.9987946
Epr,M1,cDXGF,Base,CZ01,18.805000000000003,183073728.0866812
Epr,M1,cDXGF,Measure,CZ01,18.805000000000003,185835569.82213724
Epr,M1,cDXHP,Base,CZ01,18.805000000000003,184086519.28578103
Epr,M1,cDXHP,Measure,CZ01,18.805000000000003,186516711.39382762
Epr,M1,cPTAC,Base,CZ01,18.805000000000003,182358792.39496225
Epr,M1,cPTAC,Measure,CZ01,18.805000000000003,185357880.22414908
Epr,M1,cPVVG,Base,CZ01,18.805000000000003,145992329.2516252
Epr,M1,cPVVG,Measure,CZ01,18.805000000000003,150961184.48452753
Epr,M2,cDXGF,Base,CZ01,18.805000000000003,231954214.4138499
Epr,M2,cDXGF,Measure,CZ01,18.805000000000003,226396299.85856536
Epr,M2,cDXHP,Base,CZ01,18.805000000000003,230632751.97562394
Epr,M2,cDXHP,Measure,CZ01,18.805000000000003,224969921.09144652
Epr,M2,cPTAC,Base,CZ01,18.805000000000003,231954214.41383156
Epr,M2,cPTAC,Measure,CZ01,18.805000000000003,226396299.85832193
Epr,M2,cPVVG,Base,CZ01,18.805000000000003,197549334.03968573
Epr,M2,cPVVG,Measure,CZ01,18.805000000000003,194542955.84689415
Epr,M3,cDXGF,Base,CZ01,18.805000000000003,199720173.6767782
Epr,M3,cDXGF,Measure,CZ01,18.805000000000003,186398397.50144538
Epr,M3,cDXHP,Base,CZ01,18.805000000000003,192174296.13135463
Epr,M3,cDXHP,Measure,CZ01,18.805000000000003,178842549.79814395
Epr,M3,cPTAC,Base,CZ01,18.805000000000003,199720167.77388242
Epr,M3,cPTAC,Measure,CZ01,18.805000000000003,186398392.47308323
Epr,M3,cPVVG,Base,CZ01,18.805000000000003,196675583.286914
Epr,M3,cPVVG,Measure,CZ01,18.805000000000003,183503724.0296077
Epr,M4,cDXGF,Base,CZ01,18.805000000000003,187264029.38020468
Epr,M4,cDXGF,Measure,CZ01,18.805000000000003,194119657.5676361
Epr,M4,cDXHP,Base,CZ01,18.805000000000003,188311474.17517793
Epr,M4,cDXHP,Measure,CZ01,18.805000000000003,194878039.88754427
Epr,M4,cPTAC,Base,CZ01,18.805000000000003,185940863.4110876
Epr,M4,cPTAC,Measure,CZ01,18.805000000000003,193210659.30152175
Epr,M4,cPVVG,Base,CZ01,18.805000000000003,147433890.11488438
Epr,M4,cPVVG,Measure,CZ01,18.805000000000003,155311672.10091448
Epr,M5,cDXGF,Base,CZ01,18.805000000000003,183199216.4697895
Epr,M5,cDXGF,Measure,CZ01,18.805000000000003,172452137.78480408
Epr,M5,cDXHP,Base,CZ01,18.805000000000003,183299459.1242849
Epr,M5,cDXHP,Measure,CZ01,18.805000000000003,171485020.36613044
Epr,M5,cPTAC,Base,CZ01,18.805000000000003,183197333.50227958
Epr,M5,cPTAC,Measure,CZ01,18.805000000000003,172450527.41792563
Epr,M5,cPVVG,Base,CZ01,18.805000000000003,180496584.90545627
Epr,M5,cPVVG,Measure,CZ01,18.805000000000003,169875842.74864966
ERC,M1,cDXGF,Base,CZ01,18.805000000000003,6530435.253611247
ERC,M1,cDXGF,Measure,CZ01,18.805000000000003,6570894.367189352
ERC,M1,cDXHP,Base,CZ01,18.805000000000003,6548358.56183889
ERC,M1,cDXHP,Measure,CZ01,18.805000000000003,6590833.546650336
ERC,M1,cPTAC,Base,CZ01,18.805000000000003,6508128.613536422
ERC,M1,cPTAC,Measure,CZ01,18.805000000000003,6549856.330401408
ERC,M1,cPVVG,Base,CZ01,18.805000000000003,4986304.053338542
ERC,M1,cPVVG,Measure,CZ01,18.805000000000003,5058328.332174713
ERC,M2,cDXGF,Base,CZ01,18.805000000000003,8033823.16735296
ERC,M2,cDXGF,Measure,CZ01,18.805000000000003,7871126.346380399
ERC,M2,cDXHP,Base,CZ01,18.805000000000003,7945190.128960917
ERC,M2,cDXHP,Measure,CZ01,18.805000000000003,7780500.024740607
ERC,M2,cPTAC,Base,CZ01,18.805000000000003,8033823.167351762
ERC,M2,cPTAC,Measure,CZ01,18.805000000000003,7869732.9693008065
ERC,M2,cPVVG,Base,CZ01,18.805000000000003,6384931.927530871
ERC,M2,cPVVG,Measure,CZ01,18.805000000000003,6308157.446836352
ERC,M3,cDXGF,Base,CZ01,18.805000000000003,6326354.5061455965
ERC,M3,cDXGF,Measure,CZ01,18.805000000000003,5880977.633742556
ERC,M3,cDXHP,Base,CZ01,18.805000000000003,6080841.131696041
ERC,M3,cDXHP,Measure,CZ01,18.805000000000003,5634124.394305184
ERC,M3,cPTAC,Base,CZ01,18.805000000000003,6318116.4251101175
ERC,M3,cPTAC,Measure,CZ01,18.805000000000003,5873975.754805563
ERC,M3,cPVVG,Base,CZ01,18.805000000000003,6211849.514559655
ERC,M3,cPVVG,Measure,CZ01,18.805000000000003,5772287.076722763
ERC,M4,cDXGF,Base,CZ01,18.805000000000003,6672273.738762051
ERC,M4,cDXGF,Measure,CZ01,18.805000000000003,6773497.663712319
ERC,M4,cDXHP,Base,CZ01,18.805000000000003,6691268.01116413
ERC,M4,cDXHP,Measure,CZ01,18.805000000000003,6794998.931301223
ERC,M4,cPTAC,Base,CZ01,18.805000000000003,6622518.70240912
ERC,M4,cPTAC,Measure,CZ01,18.805000000000003,6720048.685755627
ERC,M4,cPVVG,Base,CZ01,18.805000000000003,5015995.028438004
ERC,M4,cPVVG,Measure,CZ01,18.805000000000003,5129229.147843963
ERC,M5,cDXGF,Base,CZ01,18.805000000000003,5815966.471030424
ERC,M5,cDXGF,Measure,CZ01,18.805000000000003,5449996.014977651
ERC,M5,cDXHP,Base,CZ01,18.805000000000003,5806169.227836516
ERC,M5,cDXHP,Measure,CZ01,18.805000000000003,5406285.069559754
ERC,M5,cPTAC,Base,CZ01,18.805000000000003,5688954.159920348
ERC,M5,cPTAC,Measure,CZ01,18.805000000000003,5341975.107273419
ERC,M5,cPVVG,Base,CZ01,18.805000000000003,5716900.407429774
ERC,M5,cPVVG,Measure,CZ01,18.805000000000003,5355702.934697697
Ese,M1,cDXGF,Base,CZ01,18.805000000000003,471399834.41849196
Ese,M1,cDXGF,Measure,CZ01,18.805000000000003,478731098.9133635
Ese,M1,cDXHP,Base,CZ01,18.805000000000003,471913642.85199744
Ese,M1,cDXHP,Measure,CZ01,18.805000000000003,479299524.37401193
Ese,M1,cPTAC,Base,CZ01,18.805000000000003,470774279.4411712
Ese,M1,cPTAC,Measure,CZ01,18.805000000000003,478381731.0937461
Ese,M1,cPVVG,Base,CZ01,18.805000000000003,436939570.0220901
Ese,M1,cPVVG,Measure,CZ01,18.805000000000003,447102684.4165769
Ese,M2,cDXGF,Base,CZ01,18.805000000000003,528618070.57895756
Ese,M2,cDXGF,Measure,CZ01,18.805000000000003,523131671.7593212
Ese,M2,cDXHP,Base,CZ01,18.805000000000003,528194857.8255933
Ese,M2,cDXHP,Measure,CZ01,18.805000000000003,522514321.230863
Ese,M2,cPTAC,Base,CZ01,18.805000000000003,528618070.5789291
Ese,M2,cPTAC,Measure,CZ01,18.805000000000003,523131671.75935465
Ese,M2,cPVVG,Base,CZ01,18.805000000000003,499181736.6682168
Ese,M2,cPVVG,Measure,CZ01,18.805000000000003,495310437.394669
Ese,M3,cDXGF,Base,CZ01,18.805000000000003,490253711.73732924
Ese,M3,cDXGF,Measure,CZ01,18.805000000000003,474778311.97162765
Ese,M3,cDXHP,Base,CZ01,18.805000000000003,481820944.7112456
Ese,M3,cDXHP,Measure,CZ01,18.805000000000003,466328225.4310229
Ese,M3,cPTAC,Base,CZ01,18.805000000000003,490253711.7378178
Ese,M3,cPTAC,Measure,CZ01,18.805000000000003,474778311.97186947
Ese,M3,cPVVG,Base,CZ01,18.805000000000003,487447428.5581255
Ese,M3,cPVVG,Measure,CZ01,18.805000000000003,472104295.204357
Ese,M4,cDXGF,Base,CZ01,18.805000000000003,484580061.61563
Ese,M4,cDXGF,Measure,CZ01,18.805000000000003,494974634.6958886
Ese,M4,cDXHP,Base,CZ01,18.805000000000003,485055892.35525745
Ese,M4,cDXHP,Measure,CZ01,18.805000000000003,495345990.74606925
Ese,M4,cPTAC,Base,CZ01,18.805000000000003,483525536.32000655
Ese,M4,cPTAC,Measure,CZ01,18.805000000000003,494402446.0385679
Ese,M4,cPVVG,Base,CZ01,18.805000000000003,445198330.4616292
Ese,M4,cPVVG,Measure,CZ01,18.805000000000003,458626316.6677066
Ese,M5,cDXGF,Base,CZ01,18.805000000000003,469161052.49892825
Ese,M5,cDXGF,Measure,CZ01,18.805000000000003,455862751.1548529
Ese,M5,cDXHP,Base,CZ01,18.805000000000003,468384972.393766
Ese,M5,cDXHP,Measure,CZ01,18.805000000000003,453996847.04375553
Ese,M5,cPTAC,Base,CZ01,18.805000000000003,469161052.4868187
Ese,M5,cPTAC,Measure,CZ01,18.805000000000003,455862751.13450825
Ese,M5,cPVVG,Base,CZ01,18.805000000000003,466437719.4977138
Ese,M5,cPVVG,Measure,CZ01,18.805000000000003,453264153.0923224
Eun,M1,cDXGF,Base,CZ01,18.805000000000003,3679710666.67822
Eun,M1,cDXGF,Measure,CZ01,18.805000000000003,3719935341.7759542
Eun,M1,cDXHP,Base,CZ01,18.805000000000003,3685869935.403252
Eun,M1,cDXHP,Measure,CZ01,18.805000000000003,3726835882.6409903
Eun,M1,cPTAC,Base,CZ01,18.805000000000003,3673059702.7454915
Eun,M1,cPTAC,Measure,CZ01,18.805000000000003,3715327621.070158
Eun,M1,cPVVG,Base,CZ01,18.805000000000003,3162317587.7939973
Eun,M1,cPVVG,Measure,CZ01,18.805000000000003,3244115735.8152194
Eun,M2,cDXGF,Base,CZ01,18.805000000000003,4477389851.834735
Eun,M2,cDXGF,Measure,CZ01,18.805000000000003,4432674185.536722
Eun,M2,cDXHP,Base,CZ01,18.805000000000003,4477712423.685089
Eun,M2,cDXHP,Measure,CZ01,18.805000000000003,4431572005.740543
Eun,M2,cPTAC,Base,CZ01,18.805000000000003,4477389848.714009
Eun,M2,cPTAC,Measure,CZ01,18.805000000000003,4432673410.603509
Eun,M2,cPVVG,Base,CZ01,18.805000000000003,4034903199.7856994
Eun,M2,cPVVG,Measure,CZ01,18.805000000000003,4009324683.1360335
Eun,M3,cDXGF,Base,CZ01,18.805000000000003,4124454313.899053
Eun,M3,cDXGF,Measure,CZ01,18.805000000000003,3870913182.1495137
Eun,M3,cDXHP,Base,CZ01,18.805000000000003,3990864887.19904
Eun,M3,cDXHP,Measure,CZ01,18.805000000000003,3737930902.811658
Eun,M3,cPTAC,Base,CZ01,18.805000000000003,4124415891.353192
Eun,M3,cPTAC,Measure,CZ01,18.805000000000003,3870880510.5182834
Eun,M3,cPVVG,Base,CZ01,18.805000000000003,4078376021.8294683
Eun,M3,cPVVG,Measure,CZ01,18.805000000000003,3827002308.7283955
Eun,M4,cDXGF,Base,CZ01,18.805000000000003,3982113416.8862934
Eun,M4,cDXGF,Measure,CZ01,18.805000000000003,4062023303.898457
Eun,M4,cDXHP,Base,CZ01,18.805000000000003,3984392604.547654
Eun,M4,cDXHP,Measure,CZ01,18.805000000000003,4064576441.708226
Eun,M4,cPTAC,Base,CZ01,18.805000000000003,3971329950.7138333
Eun,M4,cPTAC,Measure,CZ01,18.805000000000003,4055810909.891829
Eun,M4,cPVVG,Base,CZ01,18.805000000000003,3381501017.1771827
Eun,M4,cPVVG,Measure,CZ01,18.805000000000003,3517363444.1644335
Eun,M5,cDXGF,Base,CZ01,18.805000000000003,3941997156.2547636
Eun,M5,cDXGF,Measure,CZ01,18.805000000000003,3716510572.895445
Eun,M5,cDXHP,Base,CZ01,18.805000000000003,3906994847.397797
Eun,M5,cDXHP,Measure,CZ01,18.805000000000003,3667888795.844792
Eun,M5,cPTAC,Base,CZ01,18.805000000000003,3941069179.015905
Eun,M5,cPTAC,Measure,CZ01,18.805000000000003,3715720484.074146
Eun,M5,cPVVG,Base,CZ01,18.805000000000003,3897030882.981919
Eun,M5,cPVVG,Measure,CZ01,18.805000000000003,3673589598.9796433
Gro,M1,cDXGF,Base,CZ01,18.805000000000003,1254264475.721061
Gro,M1,cDXGF,Measure,CZ01,18.805000000000003,1254984690.6687136
Gro,M1,cDXHP,Base,CZ01,18.805000000000003,1257144237.3267186
Gro,M1,cDXHP,Measure,CZ01,18.805000000000003,1256962819.5665336
Gro,M1,cPTAC,Base,CZ01,18.805000000000003,1256095881.9121194
Gro,M1,cPTAC,Measure,CZ01,18.805000000000003,1256097384.896517
Gro,M1,cPVVG,Base,CZ01,18.805000000000003,1214910838.4081368
Gro,M1,cPVVG,Measure,CZ01,18.805000000000003,1216503601.2168639
Gro,M2,cDXGF,Base,CZ01,18.805000000000003,1121294895.3111165
Gro,M2,cDXGF,Measure,CZ01,18.805000000000003,1123772579.0527956
Gro,M2,cDXHP,Base,CZ01,18.805000000000003,1122813809.4282846
Gro,M2,cDXHP,Measure,CZ01,18.805000000000003,1125184254.4181836
Gro,M2,cPTAC,Base,CZ01,18.805000000000003,1129900189.3272262
Gro,M2,cPTAC,Measure,CZ01,18.805000000000003,1122353010.2469573
Gro,M2,cPVVG,Base,CZ01,18.805000000000003,1082218919.7704685
Gro,M2,cPVVG,Measure,CZ01,18.805000000000003,1077096255.9343119
Gro,M3,cDXGF,Base,CZ01,18.805000000000003,1057906799.7942084
Gro,M3,cDXGF,Measure,CZ01,18.805000000000003,1050852864.3144631
Gro,M3,cDXHP,Base,CZ01,18.805000000000003,1054904552.6540931
Gro,M3,cDXHP,Measure,CZ01,18.805000000000003,1047736574.8385082
Gro,M3,cPTAC,Base,CZ01,18.805000000000003,1044314466.1233522
Gro,M3,cPTAC,Measure,CZ01,18.805000000000003,1037940460.6057777
Gro,M3,cPVVG,Base,CZ01,18.805000000000003,1055345872.2978408
Gro,M3,cPVVG,Measure,CZ01,18.805000000000003,1048429088.9805801
Gro,M4,cDXGF,Base,CZ01,18.805000000000003,1258827863.2386746
Gro,M4,cDXGF,Measure,CZ01,18.805000000000003,1260050044.3372076
Gro,M4,cDXHP,Base,CZ01,18.805000000000003,1261751155.868781
Gro,M4,cDXHP,Measure,CZ01,18.805000000000003,1262053445.5785651
Gro,M4,cPTAC,Base,CZ01,18.805000000000003,1259838002.3748584
Gro,M4,cPTAC,Measure,CZ01,18.805000000000003,1260196502.2804534
Gro,M4,cPVVG,Base,CZ01,18.805000000000003,1218455492.4890454
Gro,M4,cPVVG,Measure,CZ01,18.805000000000003,1220532010.5756376
Gro,M5,cDXGF,Base,CZ01,18.805000000000003,1169922077.860743
Gro,M5,cDXGF,Measure,CZ01,18.805000000000003,1162816402.1119642
Gro,M5,cDXHP,Base,CZ01,18.805000000000003,1139828347.435629
Gro,M5,cDXHP,Measure,CZ01,18.805000000000003,1132343361.213092
Gro,M5,cPTAC,Base,CZ01,18.805000000000003,1190269425.4686112
Gro,M5,cPTAC,Measure,CZ01,18.805000000000003,1185203542.9393954
Gro,M5,cPVVG,Base,CZ01,18.805000000000003,1135358803.882607
Gro,M5,cPVVG,Measure,CZ01,18.805000000000003,1128375601.7998593
MBT,M1,cDXGF,Base,CZ01,18.805000000000003,1694541259.5402133
MBT,M1,cDXGF,Measure,CZ01,18.805000000000003,1700803267.4627852
MBT,M1,cDXHP,Base,CZ01,18.805000000000003,1695164436.1048186
MBT,M1,cDXHP,Measure,CZ01,18.805000000000003,1701532509.1163476
MBT,M1,cPTAC,Base,CZ01,18.805000000000003,1687284375.0390327
MBT,M1,cPTAC,Measure,CZ01,18.805000000000003,1693908880.6637158
MBT,M1,cPVVG,Base,CZ01,18.805000000000003,1615858237.945695
MBT,M1,cPVVG,Measure,CZ01,18.805000000000003,1628259267.7728434
MBT,M2,cDXGF,Base,CZ01,18.805000000000003,1807122153.1462364
MBT,M2,cDXGF,Measure,CZ01,18.805000000000003,1799745289.6096933
MBT,M2,cDXHP,Base,CZ01,18.805000000000003,1805400720.3544986
MBT,M2,cDXHP,Measure,CZ01,18.805000000000003,1797878036.5151112
MBT,M2,cPTAC,Base,CZ01,18.805000000000003,1807122153.146122
MBT,M2,cPTAC,Measure,CZ01,18.805000000000003,1799745264.43122
MBT,M2,cPVVG,Base,CZ01,18.805000000000003,1738368093.217022
MBT,M2,cPVVG,Measure,CZ01,18.805000000000003,1734776583.2649262
MBT,M3,cDXGF,Base,CZ01,18.805000000000003,1752443562.454511
MBT,M3,cDXGF,Measure,CZ01,18.805000000000003,1714213131.0527065
MBT,M3,cDXHP,Base,CZ01,18.805000000000003,1733548965.8050656
MBT,M3,cDXHP,Measure,CZ01,18.805000000000003,1695362062.486484
MBT,M3,cPTAC,Base,CZ01,18.805000000000003,1752438827.0892422
MBT,M3,cPTAC,Measure,CZ01,18.805000000000003,1714208975.276977
MBT,M3,cPVVG,Base,CZ01,18.805000000000003,1745023262.8185723
MBT,M3,cPVVG,Measure,CZ01,18.805000000000003,1707143721.3954124
MBT,M4,cDXGF,Base,CZ01,18.805000000000003,1740295826.6948485
MBT,M4,cDXGF,Measure,CZ01,18.805000000000003,1750382317.4103339
MBT,M4,cDXHP,Base,CZ01,18.805000000000003,1738904426.9544325
MBT,M4,cDXHP,Measure,CZ01,18.805000000000003,1748694713.12751
MBT,M4,cPTAC,Base,CZ01,18.805000000000003,1738728749.7146707
MBT,M4,cPTAC,Measure,CZ01,18.805000000000003,1749674894.3662474
MBT,M4,cPVVG,Base,CZ01,18.805000000000003,1649802372.5484128
MBT,M4,cPVVG,Measure,CZ01,18.805000000000003,1667824138.1226811
MBT,M5,cDXGF,Base,CZ01,18.805000000000003,1728627813.331891
MBT,M5,cDXGF,Measure,CZ01,18.805000000000003,1694111169.581245
MBT,M5,cDXHP,Base,CZ01,18.805000000000003,1721187337.53223
MBT,M5,cDXHP,Measure,CZ01,18.805000000000003,1685106443.6019108
MBT,M5,cPTAC,Base,CZ01,18.805000000000003,1728521966.2552822
MBT,M5,cPTAC,Measure,CZ01,18.805000000000003,1694018109.639497
MBT,M5,cPVVG,Base,CZ01,18.805000000000003,1721275248.8209999
MBT,M5,cPVVG,Measure,CZ01,18.805000000000003,1687098417.9903429
MLI,M1,cDXGF,Base,CZ01,18.805000000000003,638047884.1542783
MLI,M1,cDXGF,Measure,CZ01,18.805000000000003,639666055.4966924
MLI,M1,cDXHP,Base,CZ01,18.805000000000003,638941723.907376
MLI,M1,cDXHP,Measure,CZ01,18.805000000000003,640618466.4580923
MLI,M1,cPTAC,Base,CZ01,18.805000000000003,636673418.9098332
MLI,M1,cPTAC,Measure,CZ01,18.805000000000003,638877586.7364709
MLI,M1,cPVVG,Base,CZ01,18.805000000000003,490114668.57395756
MLI,M1,cPVVG,Measure,CZ01,18.805000000000003,493937723.2140232
MLI,M2,cDXGF,Base,CZ01,18.805000000000003,756285037.6462338
MLI,M2,cDXGF,Measure,CZ01,18.805000000000003,745093550.4935774
MLI,M2,cDXHP,Base,CZ01,18.805000000000003,756263582.8600727
MLI,M2,cDXHP,Measure,CZ01,18.805000000000003,744748652.1933573
MLI,M2,cPTAC,Base,CZ01,18.805000000000003,756285037.6462241
MLI,M2,cPTAC,Measure,CZ01,18.805000000000003,745060372.2320955
MLI,M2,cPVVG,Base,CZ01,18.805000000000003,600060207.1625803
MLI,M2,cPVVG,Measure,CZ01,18.805000000000003,593927043.0905966
MLI,M3,cDXGF,Base,CZ01,18.805000000000003,587136890.5390966
MLI,M3,cDXGF,Measure,CZ01,18.805000000000003,556393289.0104386
MLI,M3,cDXHP,Base,CZ01,18.805000000000003,572124564.1279969
MLI,M3,cDXHP,Measure,CZ01,18.805000000000003,541575379.9479039
MLI,M3,cPTAC,Base,CZ01,18.805000000000003,586781370.1546366
MLI,M3,cPTAC,Measure,CZ01,18.805000000000003,556090817.4176027
MLI,M3,cPVVG,Base,CZ01,18.805000000000003,575028293.8510467
MLI,M3,cPVVG,Measure,CZ01,18.805000000000003,544949505.5200562
MLI,M4,cDXGF,Base,CZ01,18.805000000000003,680043895.9334408
MLI,M4,cDXGF,Measure,CZ01,18.805000000000003,685191976.6252354
MLI,M4,cDXHP,Base,CZ01,18.805000000000003,681279906.082834
MLI,M4,cDXHP,Measure,CZ01,18.805000000000003,686529462.431363
MLI,M4,cPTAC,Base,CZ01,18.805000000000003,675458747.2305143
MLI,M4,cPTAC,Measure,CZ01,18.805000000000003,682208387.3826345
MLI,M4,cPVVG,Base,CZ01,18.805000000000003,514557537.6858664
MLI,M4,cPVVG,Measure,CZ01,18.805000000000003,523445899.14945036
MLI,M5,cDXGF,Base,CZ01,18.805000000000003,572334042.3599907
MLI,M5,cDXGF,Measure,CZ01,18.805000000000003,543896805.2600418
MLI,M5,cDXHP,Base,CZ01,18.805000000000003,564579379.8474116
MLI,M5,cDXHP,Measure,CZ01,18.805000000000003,535295701.0569774
MLI,M5,cPTAC,Base,CZ01,18.805000000000003,568761145.7152984
MLI,M5,cPTAC,Measure,CZ01,18.805000000000003,540861898.3871183
MLI,M5,cPVVG,Base,CZ01,18.805000000000003,560788159.3557664
MLI,M5,cPVVG,Measure,CZ01,18.805000000000003,532981859.0303587
OfS,M1,cDXGF,Base,CZ01,18.805000000000003,77521609.93809277
OfS,M1,cDXGF,Measure,CZ01,18.805000000000003,77527559.30330198
OfS,M1,cDXHP,Base,CZ01,18.805000000000003,77572031.50947554
OfS,M1,cDXHP,Measure,CZ01,18.805000000000003,77582921.63952853
OfS,M1,cPTAC,Base,CZ01,18.805000000000003,77443992.36589187
OfS,M1,cPTAC,Measure,CZ01,18.805000000000003,77444810.71409295
OfS,M1,cPVVG,Base,CZ01,18.805000000000003,63269824.20262311
OfS,M1,cPVVG,Measure,CZ01,18.805000000000003,63742810.18299553
OfS,M2,cDXGF,Base,CZ01,18.805000000000003,95374555.81124239
OfS,M2,cDXGF,Measure,CZ01,18.805000000000003,94299656.62843193
OfS,M2,cDXHP,Base,CZ01,18.805000000000003,95127989.23094797
OfS,M2,cDXHP,Measure,CZ01,18.805000000000003,94049155.42080599
OfS,M2,cPTAC,Base,CZ01,18.805000000000003,95374555.81124191
OfS,M2,cPTAC,Measure,CZ01,18.805000000000003,94299090.5780151
OfS,M2,cPVVG,Base,CZ01,18.805000000000003,81410096.14289184
OfS,M2,cPVVG,Measure,CZ01,18.805000000000003,80858094.84845787
OfS,M3,cDXGF,Base,CZ01,18.805000000000003,81301839.88954592
OfS,M3,cDXGF,Measure,CZ01,18.805000000000003,74889717.04079849
OfS,M3,cDXHP,Base,CZ01,18.805000000000003,79178488.10577106
OfS,M3,cDXHP,Measure,CZ01,18.805000000000003,72792034.40040718
OfS,M3,cPTAC,Base,CZ01,18.805000000000003,81282999.52368525
OfS,M3,cPTAC,Measure,CZ01,18.805000000000003,74874019.98502116
OfS,M3,cPVVG,Base,CZ01,18.805000000000003,80045479.54136069
OfS,M3,cPVVG,Measure,CZ01,18.805000000000003,73691861.61934112
OfS,M4,cDXGF,Base,CZ01,18.805000000000003,90841522.16310294
OfS,M4,cDXGF,Measure,CZ01,18.805000000000003,90819665.83595057
OfS,M4,cDXHP,Base,CZ01,18.805000000000003,90606933.77853748
OfS,M4,cDXHP,Measure,CZ01,18.805000000000003,90586486.62405856
OfS,M4,cPTAC,Base,CZ01,18.805000000000003,90741861.19973645
OfS,M4,cPTAC,Measure,CZ01,18.805000000000003,90728326.46404527
OfS,M4,cPVVG,Base,CZ01,18.805000000000003,75261537.24093533
OfS,M4,cPVVG,Measure,CZ01,18.805000000000003,76075100.58199038
OfS,M5,cDXGF,Base,CZ01,18.805000000000003,80480419.58992739
OfS,M5,cDXGF,Measure,CZ01,18.805000000000003,74195730.60645077
OfS,M5,cDXHP,Base,CZ01,18.805000000000003,78730585.80001333
OfS,M5,cDXHP,Measure,CZ01,18.805000000000003,72417362.36876121
OfS,M5,cPTAC,Base,CZ01,18.805000000000003,80333607.3124517
OfS,M5,cPTAC,Measure,CZ01,18.805000000000003,74070966.16894692
OfS,M5,cPVVG,Base,CZ01,18.805000000000003,79244083.78072242
OfS,M5,cPVVG,Measure,CZ01,18.805000000000003,73016439.38067736
RFF,M1,cDXGF,Base,CZ01,18.805000000000003,31693265.73733984
RFF,M1,cDXGF,Measure,CZ01,18.805000000000003,31744249.38801246
RFF,M1,cDXHP,Base,CZ01,18.805000000000003,31753150.67972285
RFF,M1,cDXHP,Measure,CZ01,18.805000000000003,31805813.673271585
RFF,M1,cPTAC,Base,CZ01,18.805000000000003,31660267.357389398
RFF,M1,cPTAC,Measure,CZ01,18.805000000000003,31715511.55591135
RFF,M1,cPVVG,Base,CZ01,18.805000000000003,28732786.393597506
RFF,M1,cPVVG,Measure,CZ01,18.805000000000003,28859519.61913745
RFF,M2,cDXGF,Base,CZ01,18.805000000000003,36778279.28528459
RFF,M2,cDXGF,Measure,CZ01,18.805000000000003,36678355.98947649
RFF,M2,cDXHP,Base,CZ01,18.805000000000003,36843734.365502164
RFF,M2,cDXHP,Measure,CZ01,18.805000000000003,36736815.69000563
RFF,M2,cPTAC,Base,CZ01,18.805000000000003,36778279.28529586
RFF,M2,cPTAC,Measure,CZ01,18.805000000000003,36678355.616975114
RFF,M2,cPVVG,Base,CZ01,18.805000000000003,34391165.835041925
RFF,M2,cPVVG,Measure,CZ01,18.805000000000003,34337688.04815795
RFF,M3,cDXGF,Base,CZ01,18.805000000000003,35510639.82436104
RFF,M3,cDXGF,Measure,CZ01,18.805000000000003,33700626.1404624
RFF,M3,cDXHP,Base,CZ01,18.805000000000003,34672827.04055168
RFF,M3,cDXHP,Measure,CZ01,18.805000000000003,32844894.302320223
RFF,M3,cPTAC,Base,CZ01,18.805000000000003,35510420.106134295
RFF,M3,cPTAC,Measure,CZ01,18.805000000000003,33700434.283476405
RFF,M3,cPVVG,Base,CZ01,18.805000000000003,35195400.82549595
RFF,M3,cPVVG,Measure,CZ01,18.805000000000003,33400771.24569223
RFF,M4,cDXGF,Base,CZ01,18.805000000000003,34151681.02330588
RFF,M4,cDXGF,Measure,CZ01,18.805000000000003,34257834.97615972
RFF,M4,cDXHP,Base,CZ01,18.805000000000003,34192337.396841
RFF,M4,cDXHP,Measure,CZ01,18.805000000000003,34299269.52718735
RFF,M4,cPTAC,Base,CZ01,18.805000000000003,34080428.682543464
RFF,M4,cPTAC,Measure,CZ01,18.805000000000003,34196124.71674638
RFF,M4,cPVVG,Base,CZ01,18.805000000000003,30755672.488680054
RFF,M4,cPVVG,Measure,CZ01,18.805000000000003,30967331.764822528
RFF,M5,cDXGF,Base,CZ01,18.805000000000003,34278409.75304621
RFF,M5,cDXGF,Measure,CZ01,18.805000000000003,32660123.5094117
RFF,M5,cDXHP,Base,CZ01,18.805000000000003,34122163.522681296
RFF,M5,cDXHP,Measure,CZ01,18.805000000000003,32387899.24333458
RFF,M5,cPTAC,Base,CZ01,18.805000000000003,34273366.678056166
RFF,M5,cPTAC,Measure,CZ01,18.805000000000003,32655733.45232271
RFF,M5,cPVVG,Base,CZ01,18.805000000000003,33972885.45296141
RFF,M5,cPVVG,Measure,CZ01,18.805000000000003,32369038.95483365
Rt3,M1,cDXGF,Base,CZ01,18.805000000000003,1261933325.415688
Rt3,M1,cDXGF,Measure,CZ01,18.805000000000003,1287061801.9879062
Rt3,M1,cDXHP,Base,CZ01,18.805000000000003,1264320940.723775
Rt3,M1,cDXHP,Measure,CZ01,18.805000000000003,1290278015.975588
Rt3,M1,cPTAC,Base,CZ01,18.805000000000003,1259964883.820465
Rt3,M1,cPTAC,Measure,CZ01,18.805000000000003,1286320143.1079297
Rt3,M1,cPVVG,Base,CZ01,18.805000000000003,1120369887.3178265
Rt3,M1,cPVVG,Measure,CZ01,18.805000000000003,1169271013.0116322
Rt3,M2,cDXGF,Base,CZ01,18.805000000000003,1515435354.8041189
Rt3,M2,cDXGF,Measure,CZ01,18.805000000000003,1494838640.5373566
Rt3,M2,cDXHP,Base,CZ01,18.805000000000003,1519048554.4659457
Rt3,M2,cDXHP,Measure,CZ01,18.805000000000003,1497101351.1230876
Rt3,M2,cPTAC,Base,CZ01,18.805000000000003,1515435246.3102484
Rt3,M2,cPTAC,Measure,CZ01,18.805000000000003,1494795258.7606766
Rt3,M2,cPVVG,Base,CZ01,18.805000000000003,1409331321.8260446
Rt3,M2,cPVVG,Measure,CZ01,18.805000000000003,1398396664.3046389
Rt3,M3,cDXGF,Base,CZ01,18.805000000000003,1447245517.2859354
Rt3,M3,cDXGF,Measure,CZ01,18.805000000000003,1369383430.1231227
Rt3,M3,cDXHP,Base,CZ01,18.805000000000003,1405698989.2163467
Rt3,M3,cDXHP,Measure,CZ01,18.805000000000003,1327727556.9810002
Rt3,M3,cPTAC,Base,CZ01,18.805000000000003,1447025380.1446064
Rt3,M3,cPTAC,Measure,CZ01,18.805000000000003,1369194288.3690786
Rt3,M3,cPVVG,Base,CZ01,18.805000000000003,1433367551.0493846
Rt3,M3,cPVVG,Measure,CZ01,18.805000000000003,1356153094.6774063
Rt3,M4,cDXGF,Base,CZ01,18.805000000000003,1342343015.0638855
Rt3,M4,cDXGF,Measure,CZ01,18.805000000000003,1386767927.5781953
Rt3,M4,cDXHP,Base,CZ01,18.805000000000003,1345691479.7554564
Rt3,M4,cDXHP,Measure,CZ01,18.805000000000003,1389925808.3446097
Rt3,M4,cPTAC,Base,CZ01,18.805000000000003,1338142651.568729
Rt3,M4,cPTAC,Measure,CZ01,18.805000000000003,1385325418.2729273
Rt3,M4,cPVVG,Base,CZ01,18.805000000000003,1174033434.2724464
Rt3,M4,cPVVG,Measure,CZ01,18.805000000000003,1246324942.5693471
Rt3,M5,cDXGF,Base,CZ01,18.805000000000003,1391635887.9962685
Rt3,M5,cDXGF,Measure,CZ01,18.805000000000003,1322401245.1622872
Rt3,M5,cDXHP,Base,CZ01,18.805000000000003,1386612206.2800114
Rt3,M5,cDXHP,Measure,CZ01,18.805000000000003,1311847088.3021545
Rt3,M5,cPTAC,Base,CZ01,18.805000000000003,1389452356.5658255
Rt3,M5,cPTAC,Measure,CZ01,18.805000000000003,1320540320.7973564
Rt3,M5,cPVVG,Base,CZ01,18.805000000000003,1377892943.2241476
Rt3,M5,cPVVG,Measure,CZ01,18.805000000000003,1309284515.8325331
RtL,M1,cDXGF,Base,CZ01,18.805000000000003,1279749958.2676847
RtL,M1,cDXGF,Measure,CZ01,18.805000000000003,1300761537.1162531
RtL,M1,cDXHP,Base,CZ01,18.805000000000003,1281882279.0797997
RtL,M1,cDXHP,Measure,CZ01,18.805000000000003,1303516004.561478
RtL,M1,cPTAC,Base,CZ01,18.805000000000003,1275126110.1691332
RtL,M1,cPTAC,Measure,CZ01,18.805000000000003,1298669530.1211152
RtL,M1,cPVVG,Base,CZ01,18.805000000000003,1139303063.5718145
RtL,M1,cPVVG,Measure,CZ01,18.805000000000003,1181772731.5604393
RtL,M2,cDXGF,Base,CZ01,18.805000000000003,1530589073.0835235
RtL,M2,cDXGF,Measure,CZ01,18.805000000000003,1509919034.894023
RtL,M2,cDXHP,Base,CZ01,18.805000000000003,1530479946.5062528
RtL,M2,cDXHP,Measure,CZ01,18.805000000000003,1508740449.7848
RtL,M2,cPTAC,Base,CZ01,18.805000000000003,1530410579.7054942
RtL,M2,cPTAC,Measure,CZ01,18.805000000000003,1509584955.140039
RtL,M2,cPVVG,Base,CZ01,18.805000000000003,1423006060.707729
RtL,M2,cPVVG,Measure,CZ01,18.805000000000003,1412363481.7252374
RtL,M3,cDXGF,Base,CZ01,18.805000000000003,1467641626.1166701
RtL,M3,cDXGF,Measure,CZ01,18.805000000000003,1389655426.2913916
RtL,M3,cDXHP,Base,CZ01,18.805000000000003,1425684205.0716865
RtL,M3,cDXHP,Measure,CZ01,18.805000000000003,1347770850.3110008
RtL,M3,cPTAC,Base,CZ01,18.805000000000003,1467177794.4781046
RtL,M3,cPTAC,Measure,CZ01,18.805000000000003,1389260877.494075
RtL,M3,cPVVG,Base,CZ01,18.805000000000003,1453072421.3426301
RtL,M3,cPVVG,Measure,CZ01,18.805000000000003,1375768471.6599126
RtL,M4,cDXGF,Base,CZ01,18.805000000000003,1368192061.8375382
RtL,M4,cDXGF,Measure,CZ01,18.805000000000003,1405898403.5026433
RtL,M4,cDXHP,Base,CZ01,18.805000000000003,1371323064.3546202
RtL,M4,cDXHP,Measure,CZ01,18.805000000000003,1409384698.7841375
RtL,M4,cPTAC,Base,CZ01,18.805000000000003,1361473070.4563775
RtL,M4,cPTAC,Measure,CZ01,18.805000000000003,1403899790.694628
RtL,M4,cPVVG,Base,CZ01,18.805000000000003,1204273794.839179
RtL,M4,cPVVG,Measure,CZ01,18.805000000000003,1265269132.1840074
RtL,M5,cDXGF,Base,CZ01,18.805000000000003,1416219884.2722049
RtL,M5,cDXGF,Measure,CZ01,18.805000000000003,1346262306.2763605
RtL,M5,cDXHP,Base,CZ01,18.805000000000003,1409950226.71144
RtL,M5,cDXHP,Measure,CZ01,18.805000000000003,1334735863.6497004
RtL,M5,cPTAC,Base,CZ01,18.805000000000003,1414024405.6267457
RtL,M5,cPTAC,Measure,CZ01,18.805000000000003,1344395054.3882573
RtL,M5,cPVVG,Base,CZ01,18.805000000000003,1401868620.1820052
RtL,M5,cPVVG,Measure,CZ01,18.805000000000003,1332570770.0585501
RtS,M1,cDXGF,Base,CZ01,18.805000000000003,75258042.14561574
RtS,M1,cDXGF,Measure,CZ01,18.805000000000003,75894855.21173294
RtS,M1,cDXHP,Base,CZ01,18.805000000000003,75483960.01449619
RtS,M1,cDXHP,Measure,CZ01,18.805000000000003,76138360.04420875
RtS,M1,cPTAC,Base,CZ01,18.805000000000003,75063895.3635998
RtS,M1,cPTAC,Measure,CZ01,18.805000000000003,75742508.97631994
RtS,M1,cPVVG,Base,CZ01,18.805000000000003,65513183.272474416
RtS,M1,cPVVG,Measure,CZ01,18.805000000000003,67176796.5240824
RtS,M2,cDXGF,Base,CZ01,18.805000000000003,89726682.63468243
RtS,M2,cDXGF,Measure,CZ01,18.805000000000003,88508374.0655727
RtS,M2,cDXHP,Base,CZ01,18.805000000000003,89840567.60954908
RtS,M2,cDXHP,Measure,CZ01,18.805000000000003,88561180.51174437
RtS,M2,cPTAC,Base,CZ01,18.805000000000003,89726682.63452896
RtS,M2,cPTAC,Measure,CZ01,18.805000000000003,88506834.72438525
RtS,M2,cPVVG,Base,CZ01,18.805000000000003,80834178.73753434
RtS,M2,cPVVG,Measure,CZ01,18.805000000000003,80221850.66243236
RtS,M3,cDXGF,Base,CZ01,18.805000000000003,83039955.10853046
RtS,M3,cDXGF,Measure,CZ01,18.805000000000003,78477835.08028944
RtS,M3,cDXHP,Base,CZ01,18.805000000000003,80463902.17888574
RtS,M3,cDXHP,Measure,CZ01,18.805000000000003,75897910.32317212
RtS,M3,cPTAC,Base,CZ01,18.805000000000003,83018246.00008884
RtS,M3,cPTAC,Measure,CZ01,18.805000000000003,78459382.944459
RtS,M3,cPVVG,Base,CZ01,18.805000000000003,82129214.38845126
RtS,M3,cPVVG,Measure,CZ01,18.805000000000003,77611983.16211507
RtS,M4,cDXGF,Base,CZ01,18.805000000000003,80696592.32380196
RtS,M4,cDXGF,Measure,CZ01,18.805000000000003,82121498.91046132
RtS,M4,cDXHP,Base,CZ01,18.805000000000003,80996583.1257638
RtS,M4,cDXHP,Measure,CZ01,18.805000000000003,82393669.07458638
RtS,M4,cPTAC,Base,CZ01,18.805000000000003,80250470.0670761
RtS,M4,cPTAC,Measure,CZ01,18.805000000000003,81844747.76128015
RtS,M4,cPVVG,Base,CZ01,18.805000000000003,69473460.51758018
RtS,M4,cPVVG,Measure,CZ01,18.805000000000003,71964735.66472445
RtS,M5,cDXGF,Base,CZ01,18.805000000000003,80422750.3224131
RtS,M5,cDXGF,Measure,CZ01,18.805000000000003,76268878.57008617
RtS,M5,cDXHP,Base,CZ01,18.805000000000003,79824547.30896991
RtS,M5,cDXHP,Measure,CZ01,18.805000000000003,75367780.70527624
RtS,M5,cPTAC,Base,CZ01,18.805000000000003,80138981.48649281
RtS,M5,cPTAC,Measure,CZ01,18.805000000000003,76027936.08347769
RtS,M5,cPVVG,Base,CZ01,18.805000000000003,79572160.75409038
RtS,M5,cPVVG,Measure,CZ01,18.805000000000003,75458456.69361798
SCn,M1,cDXGF,Base,CZ01,18.805000000000003,1262366315.887618
SCn,M1,cDXGF,Measure,CZ01,18.805000000000003,1276915341.9850745
SCn,M1,cDXHP,Base,CZ01,18.805000000000003,1282310078.7210424
SCn,M1,cDXHP,Measure,CZ01,18.805000000000003,1285879469.5658834
SCn,M1,cPTAC,Base,CZ01,18.805000000000003,1223849542.6554043
SCn,M1,cPTAC,Measure,CZ01,18.805000000000003,1246656694.4631531
SCn,M1,cPVVG,Base,CZ01,18.805000000000003,1091522076.0834563
SCn,M1,cPVVG,Measure,CZ01,18.805000000000003,1105524439.636346
SCn,M2,cDXGF,Base,CZ01,18.805000000000003,1451081355.8467913
SCn,M2,cDXGF,Measure,CZ01,18.805000000000003,1425474931.4552526
SCn,M2,cDXHP,Base,CZ01,18.805000000000003,1446945993.915806
SCn,M2,cDXHP,Measure,CZ01,18.805000000000003,1420112677.5990818
SCn,M2,cPTAC,Base,CZ01,18.805000000000003,1451081250.1743178
SCn,M2,cPTAC,Measure,CZ01,18.805000000000003,1425464022.0675807
SCn,M2,cPVVG,Base,CZ01,18.805000000000003,1231230862.3816617
SCn,M2,cPVVG,Measure,CZ01,18.805000000000003,1217630005.9410164
SCn,M3,cDXGF,Base,CZ01,18.805000000000003,1173269832.6550543
SCn,M3,cDXGF,Measure,CZ01,18.805000000000003,1133656637.783666
SCn,M3,cDXHP,Base,CZ01,18.805000000000003,1154494482.3612478
SCn,M3,cDXHP,Measure,CZ01,18.805000000000003,1114279441.7905085
SCn,M3,cPTAC,Base,CZ01,18.805000000000003,1172119004.778565
SCn,M3,cPTAC,Measure,CZ01,18.805000000000003,1132676590.512506
SCn,M3,cPVVG,Base,CZ01,18.805000000000003,1127257805.1027102
SCn,M3,cPVVG,Measure,CZ01,18.805000000000003,1090618117.1675549
SCn,M4,cDXGF,Base,CZ01,18.805000000000003,1262921166.9408464
SCn,M4,cDXGF,Measure,CZ01,18.805000000000003,1277971897.8983786
SCn,M4,cDXHP,Base,CZ01,18.805000000000003,1282846570.0149994
SCn,M4,cDXHP,Measure,CZ01,18.805000000000003,1286944983.0437233
SCn,M4,cPTAC,Base,CZ01,18.805000000000003,1223849542.655414
SCn,M4,cPTAC,Measure,CZ01,18.805000000000003,1246825953.7364283
SCn,M4,cPVVG,Base,CZ01,18.805000000000003,1091522076.0834718
SCn,M4,cPVVG,Measure,CZ01,18.805000000000003,1105524439.6580136
SCn,M5,cDXGF,Base,CZ01,18.805000000000003,1116602428.4444137
SCn,M5,cDXGF,Measure,CZ01,18.805000000000003,1085838686.8092282
SCn,M5,cDXHP,Base,CZ01,18.805000000000003,1110390090.265975
SCn,M5,cDXHP,Measure,CZ01,18.805000000000003,1077707560.123541
SCn,M5,cPTAC,Base,CZ01,18.805000000000003,1030842108.7190018
SCn,M5,cPTAC,Measure,CZ01,18.805000000000003,1024111891.5442467
SCn,M5,cPVVG,Base,CZ01,18.805000000000003,1080336930.604463
SCn,M5,cPVVG,Measure,CZ01,18.805000000000003,1051850177.8877836
Asm,M1,cDXGF,Base,CZ02,29.647222222222226,614975781.3203943
Asm,M1,cDXGF,Measure,CZ02,29.647222222222226,636927250.2776114
Asm,M1,cDXHP,Base,CZ02,29.647222222222226,615409905.6020187
Asm,M1,cDXHP,Measure,CZ02,29.647222222222226,637485225.1818417
Asm,M1,cPTAC,Base,CZ02,29.647222222222226,614196259.8559657
Asm,M1,cPTAC,Measure,CZ02,29.647222222222226,636780550.5663766
Asm,M1,cPVVG,Base,CZ02,29.647222222222226,565688361.9098428
Asm,M1,cPVVG,Measure,CZ02,29.647222222222226,596348391.7578247
Asm,M2,cDXGF,Base,CZ02,29.647222222222226,598372689.9223595
Asm,M2,cDXGF,Measure,CZ02,29.647222222222226,594474568.1674752
Asm,M2,cDXHP,Base,CZ02,29.647222222222226,599195577.5112561
Asm,M2,cDXHP,Measure,CZ02,29.647222222222226,595231134.8327985
Asm,M2,cPTAC,Base,CZ02,29.647222222222226,598372689.9223524
Asm,M2,cPTAC,Measure,CZ02,29.647222222222226,594474568.1674727
Asm,M2,cPVVG,Base,CZ02,29.647222222222226,549494269.9113755
Asm,M2,cPVVG,Measure,CZ02,29.647222222222226,545776745.9348843
Asm,M3,cDXGF,Base,CZ02,29.647222222222226,594785642.5865142
Asm,M3,cDXGF,Measure,CZ02,29.647222222222226,531369857.46396047
Asm,M3,cDXHP,Base,CZ02,29.647222222222226,590200848.0539936
Asm,M3,cDXHP,Measure,CZ02,29.647222222222226,526480588.2467502
Asm,M3,cPTAC,Base,CZ02,29.647222222222226,594785642.5865215
Asm,M3,cPTAC,Measure,CZ02,29.647222222222226,531369857.46396655
Asm,M3,cPVVG,Base,CZ02,29.647222222222226,587383871.253337
Asm,M3,cPVVG,Measure,CZ02,29.647222222222226,524346949.2387439
Asm,M4,cDXGF,Base,CZ02,29.647222222222226,617812495.1318233
Asm,M4,cDXGF,Measure,CZ02,29.647222222222226,639970220.0736998
Asm,M4,cDXHP,Base,CZ02,29.647222222222226,618264675.4730499
Asm,M4,cDXHP,Measure,CZ02,29.647222222222226,640554591.1403724
Asm,M4,cPTAC,Base,CZ02,29.647222222222226,617017766.3450012
Asm,M4,cPTAC,Measure,CZ02,29.647222222222226,639825857.2574638
Asm,M4,cPVVG,Base,CZ02,29.647222222222226,566852405.8265784
Asm,M4,cPVVG,Measure,CZ02,29.647222222222226,597577155.0163633
Asm,M5,cDXGF,Base,CZ02,29.647222222222226,667707803.323524
Asm,M5,cDXGF,Measure,CZ02,29.647222222222226,591925645.0391421
Asm,M5,cDXHP,Base,CZ02,29.647222222222226,661519470.7858665
Asm,M5,cDXHP,Measure,CZ02,29.647222222222226,585510922.8881974
Asm,M5,cPTAC,Base,CZ02,29.647222222222226,667707803.3235265
Asm,M5,cPTAC,Measure,CZ02,29.647222222222226,591925645.0391443
Asm,M5,cPVVG,Base,CZ02,29.647222222222226,660955549.7068826
Asm,M5,cPVVG,Measure,CZ02,29.647222222222226,585593996.3991803
ECC,M1,cDXGF,Base,CZ02,29.647222222222226,1964631440.3198192
ECC,M1,cDXGF,Measure,CZ02,29.647222222222226,1997833770.8242364
ECC,M1,cDXHP,Base,CZ02,29.647222222222226,1963615369.3171217
ECC,M1,cDXHP,Measure,CZ02,29.647222222222226,1996740262.5386863
ECC,M1,cPTAC,Base,CZ02,29.647222222222226,1964556869.6937866
ECC,M1,cPTAC,Measure,CZ02,29.647222222222226,1997833617.8876395
ECC,M1,cPVVG,Base,CZ02,29.647222222222226,1748191228.4247358
ECC,M1,cPVVG,Measure,CZ02,29.647222222222226,1812816571.3825617
ECC,M2,cDXGF,Base,CZ02,29.647222222222226,1928473958.55952
ECC,M2,cDXGF,Measure,CZ02,29.647222222222226,1902318893.9421852
ECC,M2,cDXHP,Base,CZ02,29.647222222222226,1924449371.5818114
ECC,M2,cDXHP,Measure,CZ02,29.647222222222226,1898058673.518416
ECC,M2,cPTAC,Base,CZ02,29.647222222222226,1928473958.5550244
ECC,M2,cPTAC,Measure,CZ02,29.647222222222226,1902318893.9400342
ECC,M2,cPVVG,Base,CZ02,29.647222222222226,1705968709.1961274
ECC,M2,cPVVG,Measure,CZ02,29.647222222222226,1689930655.7967699
ECC,M3,cDXGF,Base,CZ02,29.647222222222226,1790576523.0094466
ECC,M3,cDXGF,Measure,CZ02,29.647222222222226,1655144063.7014215
ECC,M3,cDXHP,Base,CZ02,29.647222222222226,1772068457.0751114
ECC,M3,cDXHP,Measure,CZ02,29.647222222222226,1635807190.4346106
ECC,M3,cPTAC,Base,CZ02,29.647222222222226,1790576523.0281427
ECC,M3,cPTAC,Measure,CZ02,29.647222222222226,1655144063.7006123
ECC,M3,cPVVG,Base,CZ02,29.647222222222226,1767797297.489867
ECC,M3,cPVVG,Measure,CZ02,29.647222222222226,1633573935.1257074
ECC,M4,cDXGF,Base,CZ02,29.647222222222226,1980741125.7085614
ECC,M4,cDXGF,Measure,CZ02,29.647222222222226,2014247451.5411975
ECC,M4,cDXHP,Base,CZ02,29.647222222222226,1979846179.8792949
ECC,M4,cDXHP,Measure,CZ02,29.647222222222226,2013279536.4745934
ECC,M4,cPTAC,Base,CZ02,29.647222222222226,1980666243.3121426
ECC,M4,cPTAC,Measure,CZ02,29.647222222222226,2014247275.7098231
ECC,M4,cPVVG,Base,CZ02,29.647222222222226,1759825847.5662339
ECC,M4,cPVVG,Measure,CZ02,29.647222222222226,1824932332.2948
ECC,M5,cDXGF,Base,CZ02,29.647222222222226,1916422671.8468506
ECC,M5,cDXGF,Measure,CZ02,29.647222222222226,1759920082.4198084
ECC,M5,cDXHP,Base,CZ02,29.647222222222226,1899537817.7384567
ECC,M5,cDXHP,Measure,CZ02,29.647222222222226,1741275665.4156022
ECC,M5,cPTAC,Base,CZ02,29.647222222222226,1916422671.841014
ECC,M5,cPTAC,Measure,CZ02,29.647222222222226,1759920082.419232
ECC,M5,cPVVG,Base,CZ02,29.647222222222226,1892156435.2260187
ECC,M5,cPVVG,Measure,CZ02,29.647222222222226,1737127630.2379718
Epr,M1,cDXGF,Base,CZ02,29.647222222222226,284637812.55532044
Epr,M1,cDXGF,Measure,CZ02,29.647222222222226,293548358.0871631
Epr,M1,cDXHP,Base,CZ02,29.647222222222226,284798622.18551373
Epr,M1,cDXHP,Measure,CZ02,29.647222222222226,293379330.5863981
Epr,M1,cPTAC,Base,CZ02,29.647222222222226,284545233.7097278
Epr,M1,cPTAC,Measure,CZ02,29.647222222222226,293546107.07132345
Epr,M1,cPVVG,Base,CZ02,29.647222222222226,251257024.78620836
Epr,M1,cPVVG,Measure,CZ02,29.647222222222226,266441955.24368474
Epr,M2,cDXGF,Base,CZ02,29.647222222222226,276814420.5777614
Epr,M2,cDXGF,Measure,CZ02,29.647222222222226,272387299.6698791
Epr,M2,cDXHP,Base,CZ02,29.647222222222226,276093143.316917
Epr,M2,cDXHP,Measure,CZ02,29.647222222222226,271589998.04459137
Epr,M2,cPTAC,Base,CZ02,29.647222222222226,276814420.5777528
Epr,M2,cPTAC,Measure,CZ02,29.647222222222226,272387299.6698801
Epr,M2,cPVVG,Base,CZ02,29.647222222222226,242602894.42994887
Epr,M2,cPVVG,Measure,CZ02,29.647222222222226,239734705.69675645
Epr,M3,cDXGF,Base,CZ02,29.647222222222226,257944257.47197956
Epr,M3,cDXGF,Measure,CZ02,29.647222222222226,234832529.9318809
Epr,M3,cDXHP,Base,CZ02,29.647222222222226,254001500.3629969
Epr,M3,cDXHP,Measure,CZ02,29.647222222222226,230684438.48697758
Epr,M3,cPTAC,Base,CZ02,29.647222222222226,257944257.4719976
Epr,M3,cPTAC,Measure,CZ02,29.647222222222226,234832529.93190002
Epr,M3,cPVVG,Base,CZ02,29.647222222222226,254225665.56399298
Epr,M3,cPVVG,Measure,CZ02,29.647222222222226,231311342.08984703
Epr,M4,cDXGF,Base,CZ02,29.647222222222226,286822234.27040255
Epr,M4,cDXGF,Measure,CZ02,29.647222222222226,295796822.34888625
Epr,M4,cDXHP,Base,CZ02,29.647222222222226,287004733.56109536
Epr,M4,cDXHP,Measure,CZ02,29.647222222222226,295651195.8062255
Epr,M4,cPTAC,Base,CZ02,29.647222222222226,286727540.5565391
Epr,M4,cPTAC,Measure,CZ02,29.647222222222226,295794549.96396524
Epr,M4,cPVVG,Base,CZ02,29.647222222222226,252589988.8899369
Epr,M4,cPVVG,Measure,CZ02,29.647222222222226,267871833.8782875
Epr,M5,cDXGF,Base,CZ02,29.647222222222226,286192881.60771245
Epr,M5,cDXGF,Measure,CZ02,29.647222222222226,258377871.72403613
Epr,M5,cDXHP,Base,CZ02,29.647222222222226,281127694.8156821
Epr,M5,cDXHP,Measure,CZ02,29.647222222222226,253112015.04835188
Epr,M5,cPTAC,Base,CZ02,29.647222222222226,286192884.86644304
Epr,M5,cPTAC,Measure,CZ02,29.647222222222226,258377874.0052921
Epr,M5,cPVVG,Base,CZ02,29.647222222222226,282302657.56949925
Epr,M5,cPVVG,Measure,CZ02,29.647222222222226,254731385.445819
ERC,M1,cDXGF,Base,CZ02,29.647222222222226,11767978.232341703
ERC,M1,cDXGF,Measure,CZ02,29.647222222222226,11953474.22205541
ERC,M1,cDXHP,Base,CZ02,29.647222222222226,11771390.767180312
ERC,M1,cDXHP,Measure,CZ02,29.647222222222226,11947309.246554676
ERC,M1,cPTAC,Base,CZ02,29.647222222222226,11766953.21815906
ERC,M1,cPTAC,Measure,CZ02,29.647222222222226,11953401.093169335
ERC,M1,cPVVG,Base,CZ02,29.647222222222226,10286564.085562062
ERC,M1,cPVVG,Measure,CZ02,29.647222222222226,10622140.933749834
ERC,M2,cDXGF,Base,CZ02,29.647222222222226,11407872.841268577
ERC,M2,cDXGF,Measure,CZ02,29.647222222222226,11215586.37361301
ERC,M2,cDXHP,Base,CZ02,29.647222222222226,11336853.59222042
ERC,M2,cDXHP,Measure,CZ02,29.647222222222226,11138260.4620065
ERC,M2,cPTAC,Base,CZ02,29.647222222222226,11407872.841263792
ERC,M2,cPTAC,Measure,CZ02,29.647222222222226,11215586.373611635
ERC,M2,cPVVG,Base,CZ02,29.647222222222226,9759022.281168792
ERC,M2,cPVVG,Measure,CZ02,29.647222222222226,9662007.954412133
ERC,M3,cDXGF,Base,CZ02,29.647222222222226,10605742.080363637
ERC,M3,cDXGF,Measure,CZ02,29.647222222222226,9441297.739238467
ERC,M3,cDXHP,Base,CZ02,29.647222222222226,10430425.090589834
ERC,M3,cDXHP,Measure,CZ02,29.647222222222226,9247425.351214867
ERC,M3,cPTAC,Base,CZ02,29.647222222222226,10605742.080427546
ERC,M3,cPTAC,Measure,CZ02,29.647222222222226,9441297.739308126
ERC,M3,cPVVG,Base,CZ02,29.647222222222226,10419208.748177608
ERC,M3,cPVVG,Measure,CZ02,29.647222222222226,9264475.67536109
ERC,M4,cDXGF,Base,CZ02,29.647222222222226,11896936.003489248
ERC,M4,cDXGF,Measure,CZ02,29.647222222222226,12083158.749704007
ERC,M4,cDXHP,Base,CZ02,29.647222222222226,11901773.5666044
ERC,M4,cDXHP,Measure,CZ02,29.647222222222226,12078513.226692775
ERC,M4,cPTAC,Base,CZ02,29.647222222222226,11895908.231055789
ERC,M4,cPTAC,Measure,CZ02,29.647222222222226,12083085.613549653
ERC,M4,cPVVG,Base,CZ02,29.647222222222226,10380688.762714446
ERC,M4,cPVVG,Measure,CZ02,29.647222222222226,10717308.218905346
ERC,M5,cDXGF,Base,CZ02,29.647222222222226,11763538.530972471
ERC,M5,cDXGF,Measure,CZ02,29.647222222222226,10406377.653697928
ERC,M5,cDXHP,Base,CZ02,29.647222222222226,11657935.978526227
ERC,M5,cDXHP,Measure,CZ02,29.647222222222226,10261756.029557992
ERC,M5,cPTAC,Base,CZ02,29.647222222222226,11763538.531013058
ERC,M5,cPTAC,Measure,CZ02,29.647222222222226,10406377.653738953
ERC,M5,cPVVG,Base,CZ02,29.647222222222226,11570705.9223159
ERC,M5,cPVVG,Measure,CZ02,29.647222222222226,10225003.067790722
Ese,M1,cDXGF,Base,CZ02,29.647222222222226,771524729.326858
Ese,M1,cDXGF,Measure,CZ02,29.647222222222226,788207804.7639463
Ese,M1,cDXHP,Base,CZ02,29.647222222222226,771020551.4545364
Ese,M1,cDXHP,Measure,CZ02,29.647222222222226,787684776.6780801
Ese,M1,cPTAC,Base,CZ02,29.647222222222226,771519970.9274775
Ese,M1,cPTAC,Measure,CZ02,29.647222222222226,788207803.9394859
Ese,M1,cPVVG,Base,CZ02,29.647222222222226,738702016.928858
Ese,M1,cPVVG,Measure,CZ02,29.647222222222226,760488986.0435859
Ese,M2,cDXGF,Base,CZ02,29.647222222222226,742807267.9696659
Ese,M2,cDXGF,Measure,CZ02,29.647222222222226,730665202.2313119
Ese,M2,cDXHP,Base,CZ02,29.647222222222226,742286788.0284488
Ese,M2,cDXHP,Measure,CZ02,29.647222222222226,730112172.3972895
Ese,M2,cPTAC,Base,CZ02,29.647222222222226,742807267.9696145
Ese,M2,cPTAC,Measure,CZ02,29.647222222222226,730665202.2316549
Ese,M2,cPVVG,Base,CZ02,29.647222222222226,710217302.283815
Ese,M2,cPVVG,Measure,CZ02,29.647222222222226,699186809.7652321
Ese,M3,cDXGF,Base,CZ02,29.647222222222226,721784903.1007676
Ese,M3,cDXGF,Measure,CZ02,29.647222222222226,696226229.5761611
Ese,M3,cDXHP,Base,CZ02,29.647222222222226,717546125.2596718
Ese,M3,cDXHP,Measure,CZ02,29.647222222222226,691808791.959854
Ese,M3,cPTAC,Base,CZ02,29.647222222222226,721784903.1002601
Ese,M3,cPTAC,Measure,CZ02,29.647222222222226,696226229.5763282
Ese,M3,cPVVG,Base,CZ02,29.647222222222226,717949533.389733
Ese,M3,cPVVG,Measure,CZ02,29.647222222222226,692589841.6110291
Ese,M4,cDXGF,Base,CZ02,29.647222222222226,774280967.5916291
Ese,M4,cDXGF,Measure,CZ02,29.647222222222226,790982957.9223047
Ese,M4,cDXHP,Base,CZ02,29.647222222222226,773802001.598787
Ese,M4,cDXHP,Measure,CZ02,29.647222222222226,790488138.6361351
Ese,M4,cPTAC,Base,CZ02,29.647222222222226,774276210.1871095
Ese,M4,cPTAC,Measure,CZ02,29.647222222222226,790982956.931534
Ese,M4,cPVVG,Base,CZ02,29.647222222222226,740781506.6009488
Ese,M4,cPVVG,Measure,CZ02,29.647222222222226,762630980.3965222
Ese,M5,cDXGF,Base,CZ02,29.647222222222226,785303307.0125126
Ese,M5,cDXGF,Measure,CZ02,29.647222222222226,755986550.9628037
Ese,M5,cDXHP,Base,CZ02,29.647222222222226,781320210.481319
Ese,M5,cDXHP,Measure,CZ02,29.647222222222226,751637275.6182363
Ese,M5,cPTAC,Base,CZ02,29.647222222222226,785303307.0219039
Ese,M5,cPTAC,Measure,CZ02,29.647222222222226,755986550.9601134
Ese,M5,cPVVG,Base,CZ02,29.647222222222226,781429833.7803088
Ese,M5,cPVVG,Measure,CZ02,29.647222222222226,752339815.0660915
Eun,M1,cDXGF,Base,CZ02,29.647222222222226,6138758585.755176
Eun,M1,cDXGF,Measure,CZ02,29.647222222222226,6191347466.220673
Eun,M1,cDXHP,Base,CZ02,29.647222222222226,6132435245.250807
Eun,M1,cDXHP,Measure,CZ02,29.647222222222226,6185835060.388758
Eun,M1,cPTAC,Base,CZ02,29.647222222222226,6138626377.921921
Eun,M1,cPTAC,Measure,CZ02,29.647222222222226,6191334846.675187
Eun,M1,cPVVG,Base,CZ02,29.647222222222226,5683250456.915334
Eun,M1,cPVVG,Measure,CZ02,29.647222222222226,5791781440.014269
Eun,M2,cDXGF,Base,CZ02,29.647222222222226,6015236761.332982
Eun,M2,cDXGF,Measure,CZ02,29.647222222222226,5974381751.7270155
Eun,M2,cDXHP,Base,CZ02,29.647222222222226,6013433648.172485
Eun,M2,cDXHP,Measure,CZ02,29.647222222222226,5971564959.262788
Eun,M2,cPTAC,Base,CZ02,29.647222222222226,6015247573.468282
Eun,M2,cPTAC,Measure,CZ02,29.647222222222226,5974381751.727124
Eun,M2,cPVVG,Base,CZ02,29.647222222222226,5536298727.225356
Eun,M2,cPVVG,Measure,CZ02,29.647222222222226,5510488938.503165
Eun,M3,cDXGF,Base,CZ02,29.647222222222226,5777858576.055233
Eun,M3,cDXGF,Measure,CZ02,29.647222222222226,5412642668.942125
Eun,M3,cDXHP,Base,CZ02,29.647222222222226,5709090219.009951
Eun,M3,cDXHP,Measure,CZ02,29.647222222222226,5341416925.473477
Eun,M3,cPTAC,Base,CZ02,29.647222222222226,5777858576.056431
Eun,M3,cPTAC,Measure,CZ02,29.647222222222226,5412642668.968537
Eun,M3,cPVVG,Base,CZ02,29.647222222222226,5722944937.729125
Eun,M3,cPVVG,Measure,CZ02,29.647222222222226,5360579969.944917
Eun,M4,cDXGF,Base,CZ02,29.647222222222226,6179295833.491846
Eun,M4,cDXGF,Measure,CZ02,29.647222222222226,6232398177.602521
Eun,M4,cDXHP,Base,CZ02,29.647222222222226,6173126872.308913
Eun,M4,cDXHP,Measure,CZ02,29.647222222222226,6227045404.880832
Eun,M4,cPTAC,Base,CZ02,29.647222222222226,6179170662.468321
Eun,M4,cPTAC,Measure,CZ02,29.647222222222226,6232395284.331005
Eun,M4,cPVVG,Base,CZ02,29.647222222222226,5714182010.904487
Eun,M4,cPVVG,Measure,CZ02,29.647222222222226,5823569628.522664
Eun,M5,cDXGF,Base,CZ02,29.647222222222226,6103818355.397344
Eun,M5,cDXGF,Measure,CZ02,29.647222222222226,5686988488.310473
Eun,M5,cDXHP,Base,CZ02,29.647222222222226,6037236390.065765
Eun,M5,cDXHP,Measure,CZ02,29.647222222222226,5615481178.038995
Eun,M5,cPTAC,Base,CZ02,29.647222222222226,6103818581.575118
Eun,M5,cPTAC,Measure,CZ02,29.647222222222226,5686988488.380506
Eun,M5,cPVVG,Base,CZ02,29.647222222222226,6049463355.644499
Eun,M5,cPVVG,Measure,CZ02,29.647222222222226,5635799509.518348
Gro,M1,cDXGF,Base,CZ02,29.647222222222226,1417768278.9371455
Gro,M1,cDXGF,Measure,CZ02,29.647222222222226,1423563304.8406105
Gro,M1,cDXHP,Base,CZ02,29.647222222222226,1419112984.24392
Gro,M1,cDXHP,Measure,CZ02,29.647222222222226,1424913725.4755595
Gro,M1,cPTAC,Base,CZ02,29.647222222222226,1417406288.3674612
Gro,M1,cPTAC,Measure,CZ02,29.647222222222226,1423445733.8995433
Gro,M1,cPVVG,Base,CZ02,29.647222222222226,1379575648.0847707
Gro,M1,cPVVG,Measure,CZ02,29.647222222222226,1390987217.1046758
Gro,M2,cDXGF,Base,CZ02,29.647222222222226,1365619503.5116718
Gro,M2,cDXGF,Measure,CZ02,29.647222222222226,1357859549.588009
Gro,M2,cDXHP,Base,CZ02,29.647222222222226,1366794096.55949
Gro,M2,cDXHP,Measure,CZ02,29.647222222222226,1358911593.9535186
Gro,M2,cPTAC,Base,CZ02,29.647222222222226,1365556697.9075127
Gro,M2,cPTAC,Measure,CZ02,29.647222222222226,1357876600.9660556
Gro,M2,cPVVG,Base,CZ02,29.647222222222226,1322053327.096451
Gro,M2,cPVVG,Measure,CZ02,29.647222222222226,1318042466.9687357
Gro,M3,cDXGF,Base,CZ02,29.647222222222226,1328467464.8907695
Gro,M3,cDXGF,Measure,CZ02,29.647222222222226,1299994179.0715377
Gro,M3,cDXHP,Base,CZ02,29.647222222222226,1323950656.9713256
Gro,M3,cDXHP,Measure,CZ02,29.647222222222226,1295476167.2423043
Gro,M3,cPTAC,Base,CZ02,29.647222222222226,1328363319.326816
Gro,M3,cPTAC,Measure,CZ02,29.647222222222226,1299958480.228113
Gro,M3,cPVVG,Base,CZ02,29.647222222222226,1323791732.174009
Gro,M3,cPVVG,Measure,CZ02,29.647222222222226,1295565672.8201585
Gro,M4,cDXGF,Base,CZ02,29.647222222222226,1420217595.003799
Gro,M4,cDXGF,Measure,CZ02,29.647222222222226,1426031468.813601
Gro,M4,cDXHP,Base,CZ02,29.647222222222226,1421580464.0815136
Gro,M4,cDXHP,Measure,CZ02,29.647222222222226,1427413811.2265935
Gro,M4,cPTAC,Base,CZ02,29.647222222222226,1419862400.236696
Gro,M4,cPTAC,Measure,CZ02,29.647222222222226,1425937535.8188941
Gro,M4,cPVVG,Base,CZ02,29.647222222222226,1381100400.4274638
Gro,M4,cPVVG,Measure,CZ02,29.647222222222226,1392667986.9937682
Gro,M5,cDXGF,Base,CZ02,29.647222222222226,1394240786.597339
Gro,M5,cDXGF,Measure,CZ02,29.647222222222226,1357310372.0829763
Gro,M5,cDXHP,Base,CZ02,29.647222222222226,1381596269.0276673
Gro,M5,cDXHP,Measure,CZ02,29.647222222222226,1344648435.9954479
Gro,M5,cPTAC,Base,CZ02,29.647222222222226,1394028570.1721685
Gro,M5,cPTAC,Measure,CZ02,29.647222222222226,1357182054.7698948
Gro,M5,cPVVG,Base,CZ02,29.647222222222226,1389268340.2103622
Gro,M5,cPVVG,Measure,CZ02,29.647222222222226,1352641963.0048068
MBT,M1,cDXGF,Base,CZ02,29.647222222222226,2283641448.522923
MBT,M1,cDXGF,Measure,CZ02,29.647222222222226,2289111729.2348347
MBT,M1,cDXHP,Base,CZ02,29.647222222222226,2282144387.786238
MBT,M1,cDXHP,Measure,CZ02,29.647222222222226,2289009782.9186506
MBT,M1,cPTAC,Base,CZ02,29.647222222222226,2283523155.2351413
MBT,M1,cPTAC,Measure,CZ02,29.647222222222226,2288996904.154886
MBT,M1,cPVVG,Base,CZ02,29.647222222222226,2220882529.0903454
MBT,M1,cPVVG,Measure,CZ02,29.647222222222226,2234878329.425956
MBT,M2,cDXGF,Base,CZ02,29.647222222222226,2274059905.416394
MBT,M2,cDXGF,Measure,CZ02,29.647222222222226,2266812045.500473
MBT,M2,cDXHP,Base,CZ02,29.647222222222226,2270201964.441973
MBT,M2,cDXHP,Measure,CZ02,29.647222222222226,2262688716.980005
MBT,M2,cPTAC,Base,CZ02,29.647222222222226,2274059905.4178376
MBT,M2,cPTAC,Measure,CZ02,29.647222222222226,2266812045.497961
MBT,M2,cPVVG,Base,CZ02,29.647222222222226,2206958197.8924932
MBT,M2,cPVVG,Measure,CZ02,29.647222222222226,2203244380.627969
MBT,M3,cDXGF,Base,CZ02,29.647222222222226,2261160870.0161667
MBT,M3,cDXGF,Measure,CZ02,29.647222222222226,2191499894.2235923
MBT,M3,cDXHP,Base,CZ02,29.647222222222226,2241236663.427103
MBT,M3,cDXHP,Measure,CZ02,29.647222222222226,2170933306.745371
MBT,M3,cPTAC,Base,CZ02,29.647222222222226,2261160870.017191
MBT,M3,cPTAC,Measure,CZ02,29.647222222222226,2191499894.223205
MBT,M3,cPVVG,Base,CZ02,29.647222222222226,2251322519.695954
MBT,M3,cPVVG,Measure,CZ02,29.647222222222226,2182160756.9323454
MBT,M4,cDXGF,Base,CZ02,29.647222222222226,2291071229.094436
MBT,M4,cDXGF,Measure,CZ02,29.647222222222226,2296539025.7680635
MBT,M4,cDXHP,Base,CZ02,29.647222222222226,2288753700.1889625
MBT,M4,cDXHP,Measure,CZ02,29.647222222222226,2295604839.645943
MBT,M4,cPTAC,Base,CZ02,29.647222222222226,2291071090.5856395
MBT,M4,cPTAC,Measure,CZ02,29.647222222222226,2296539025.766234
MBT,M4,cPVVG,Base,CZ02,29.647222222222226,2227161202.096193
MBT,M4,cPVVG,Measure,CZ02,29.647222222222226,2241227835.20416
MBT,M5,cDXGF,Base,CZ02,29.647222222222226,2305240440.8452744
MBT,M5,cDXGF,Measure,CZ02,29.647222222222226,2228448243.5559754
MBT,M5,cDXHP,Base,CZ02,29.647222222222226,2288440509.993809
MBT,M5,cDXHP,Measure,CZ02,29.647222222222226,2210058419.3912883
MBT,M5,cPTAC,Base,CZ02,29.647222222222226,2305240440.8500056
MBT,M5,cPTAC,Measure,CZ02,29.647222222222226,2228448243.5583286
MBT,M5,cPVVG,Base,CZ02,29.647222222222226,2295844685.512602
MBT,M5,cPVVG,Measure,CZ02,29.647222222222226,2219562330.172063
MLI,M1,cDXGF,Base,CZ02,29.647222222222226,923292485.2835461
MLI,M1,cDXGF,Measure,CZ02,29.647222222222226,925776666.8012123
MLI,M1,cDXHP,Base,CZ02,29.647222222222226,922379997.1331933
MLI,M1,cDXHP,Measure,CZ02,29.647222222222226,924999758.068497
MLI,M1,cPTAC,Base,CZ02,29.647222222222226,923292370.9994978
MLI,M1,cPTAC,Measure,CZ02,29.647222222222226,925776640.0886382
MLI,M1,cPVVG,Base,CZ02,29.647222222222226,801816462.5535401
MLI,M1,cPVVG,Measure,CZ02,29.647222222222226,817970714.4812015
MLI,M2,cDXGF,Base,CZ02,29.647222222222226,901538086.2731408
MLI,M2,cDXGF,Measure,CZ02,29.647222222222226,891517674.3850653
MLI,M2,cDXHP,Base,CZ02,29.647222222222226,904417126.8086873
MLI,M2,cDXHP,Measure,CZ02,29.647222222222226,894190441.3082256
MLI,M2,cPTAC,Base,CZ02,29.647222222222226,901538086.2731607
MLI,M2,cPTAC,Measure,CZ02,29.647222222222226,891517674.3847497
MLI,M2,cPVVG,Base,CZ02,29.647222222222226,778904238.6438068
MLI,M2,cPVVG,Measure,CZ02,29.647222222222226,774435742.212274
MLI,M3,cDXGF,Base,CZ02,29.647222222222226,838346858.8215344
MLI,M3,cDXGF,Measure,CZ02,29.647222222222226,767621860.1640065
MLI,M3,cDXHP,Base,CZ02,29.647222222222226,814676927.3661181
MLI,M3,cDXHP,Measure,CZ02,29.647222222222226,743629105.9462287
MLI,M3,cPTAC,Base,CZ02,29.647222222222226,838346858.8215067
MLI,M3,cPTAC,Measure,CZ02,29.647222222222226,767621860.1640205
MLI,M3,cPVVG,Base,CZ02,29.647222222222226,814904291.4007932
MLI,M3,cPVVG,Measure,CZ02,29.647222222222226,745642583.7037139
MLI,M4,cDXGF,Base,CZ02,29.647222222222226,933185458.7879093
MLI,M4,cDXGF,Measure,CZ02,29.647222222222226,935725165.7999927
MLI,M4,cDXHP,Base,CZ02,29.647222222222226,932442248.6894033
MLI,M4,cDXHP,Measure,CZ02,29.647222222222226,935152997.5385041
MLI,M4,cPTAC,Base,CZ02,29.647222222222226,933185345.2004615
MLI,M4,cPTAC,Measure,CZ02,29.647222222222226,935725139.0373273
MLI,M4,cPVVG,Base,CZ02,29.647222222222226,809517934.3535548
MLI,M4,cPVVG,Measure,CZ02,29.647222222222226,825905150.018959
MLI,M5,cDXGF,Base,CZ02,29.647222222222226,904454740.7700273
MLI,M5,cDXGF,Measure,CZ02,29.647222222222226,823081640.7368226
MLI,M5,cDXHP,Base,CZ02,29.647222222222226,871310748.8577639
MLI,M5,cDXHP,Measure,CZ02,29.647222222222226,790572129.1519631
MLI,M5,cPTAC,Base,CZ02,29.647222222222226,904454740.7700646
MLI,M5,cPTAC,Measure,CZ02,29.647222222222226,823081640.7368535
MLI,M5,cPVVG,Base,CZ02,29.647222222222226,879396804.5382969
MLI,M5,cPVVG,Measure,CZ02,29.647222222222226,799760610.8569639
OfS,M1,cDXGF,Base,CZ02,29.647222222222226,124529521.2299299
OfS,M1,cDXGF,Measure,CZ02,29.647222222222226,124226351.61866976
OfS,M1,cDXHP,Base,CZ02,29.647222222222226,124203502.50536087
OfS,M1,cDXHP,Measure,CZ02,29.647222222222226,123899101.09915629
OfS,M1,cPTAC,Base,CZ02,29.647222222222226,124526322.66832666
OfS,M1,cPTAC,Measure,CZ02,29.647222222222226,124222993.37120526
OfS,M1,cPVVG,Base,CZ02,29.647222222222226,111491326.93151903
OfS,M1,cPVVG,Measure,CZ02,29.647222222222226,112048373.13340773
OfS,M2,cDXGF,Base,CZ02,29.647222222222226,123425265.56616913
OfS,M2,cDXGF,Measure,CZ02,29.647222222222226,122409578.07380368
OfS,M2,cDXHP,Base,CZ02,29.647222222222226,123177533.80917329
OfS,M2,cDXHP,Measure,CZ02,29.647222222222226,122153474.97945954
OfS,M2,cPTAC,Base,CZ02,29.647222222222226,123425265.5661652
OfS,M2,cPTAC,Measure,CZ02,29.647222222222226,122409578.07418922
OfS,M2,cPVVG,Base,CZ02,29.647222222222226,109730480.30393477
OfS,M2,cPVVG,Measure,CZ02,29.647222222222226,109173797.70242094
OfS,M3,cDXGF,Base,CZ02,29.647222222222226,117709631.26066528
OfS,M3,cDXGF,Measure,CZ02,29.647222222222226,105387847.27745412
OfS,M3,cDXHP,Base,CZ02,29.647222222222226,115517293.14028282
OfS,M3,cDXHP,Measure,CZ02,29.647222222222226,103179524.72472629
OfS,M3,cPTAC,Base,CZ02,29.647222222222226,117709631.26066127
OfS,M3,cPTAC,Measure,CZ02,29.647222222222226,105387847.277458
OfS,M3,cPVVG,Base,CZ02,29.647222222222226,115828800.81215528
OfS,M3,cPVVG,Measure,CZ02,29.647222222222226,103602660.5408672
OfS,M4,cDXGF,Base,CZ02,29.647222222222226,126159293.92797439
OfS,M4,cDXGF,Measure,CZ02,29.647222222222226,125855603.99189171
OfS,M4,cDXHP,Base,CZ02,29.647222222222226,125788344.05799678
OfS,M4,cDXHP,Measure,CZ02,29.647222222222226,125482941.43397352
OfS,M4,cPTAC,Base,CZ02,29.647222222222226,126159293.92798401
OfS,M4,cPTAC,Measure,CZ02,29.647222222222226,125855603.99189046
OfS,M4,cPVVG,Base,CZ02,29.647222222222226,113042217.2123484
OfS,M4,cPVVG,Measure,CZ02,29.647222222222226,113601784.13567327
OfS,M5,cDXGF,Base,CZ02,29.647222222222226,122805078.01777887
OfS,M5,cDXGF,Measure,CZ02,29.647222222222226,109654138.49211971
OfS,M5,cDXHP,Base,CZ02,29.647222222222226,120239277.3705875
OfS,M5,cDXHP,Measure,CZ02,29.647222222222226,107112668.6806883
OfS,M5,cPTAC,Base,CZ02,29.647222222222226,122805078.01777963
OfS,M5,cPTAC,Measure,CZ02,29.647222222222226,109654138.49211676
OfS,M5,cPVVG,Base,CZ02,29.647222222222226,120955693.59340757
OfS,M5,cPVVG,Measure,CZ02,29.647222222222226,107902785.91606444
RFF,M1,cDXGF,Base,CZ02,29.647222222222226,47956258.306979775
RFF,M1,cDXGF,Measure,CZ02,29.647222222222226,48023149.75113578
RFF,M1,cDXHP,Base,CZ02,29.647222222222226,47770453.138897136
RFF,M1,cDXHP,Measure,CZ02,29.647222222222226,47838919.401284546
RFF,M1,cPTAC,Base,CZ02,29.647222222222226,47956258.25928456
RFF,M1,cPTAC,Measure,CZ02,29.647222222222226,48023149.74772243
RFF,M1,cPVVG,Base,CZ02,29.647222222222226,45293016.48920358
RFF,M1,cPVVG,Measure,CZ02,29.647222222222226,45489137.82769649
RFF,M2,cDXGF,Base,CZ02,29.647222222222226,47404811.73255523
RFF,M2,cDXGF,Measure,CZ02,29.647222222222226,47282349.70635858
RFF,M2,cDXHP,Base,CZ02,29.647222222222226,47428812.79547359
RFF,M2,cDXHP,Measure,CZ02,29.647222222222226,47301073.836120114
RFF,M2,cPTAC,Base,CZ02,29.647222222222226,47404811.73256138
RFF,M2,cPTAC,Measure,CZ02,29.647222222222226,47282349.706335455
RFF,M2,cPVVG,Base,CZ02,29.647222222222226,44654264.375381835
RFF,M2,cPVVG,Measure,CZ02,29.647222222222226,44593998.96963966
RFF,M3,cDXGF,Base,CZ02,29.647222222222226,47140252.60534909
RFF,M3,cDXGF,Measure,CZ02,29.647222222222226,44037395.48575289
RFF,M3,cDXHP,Base,CZ02,29.647222222222226,46643731.29065038
RFF,M3,cDXHP,Measure,CZ02,29.647222222222226,43494789.371523045
RFF,M3,cPTAC,Base,CZ02,29.647222222222226,47140252.605334476
RFF,M3,cPTAC,Measure,CZ02,29.647222222222226,44037395.4857408
RFF,M3,cPVVG,Base,CZ02,29.647222222222226,46691578.07522167
RFF,M3,cPVVG,Measure,CZ02,29.647222222222226,43612005.805928074
RFF,M4,cDXGF,Base,CZ02,29.647222222222226,48333632.98017264
RFF,M4,cDXGF,Measure,CZ02,29.647222222222226,48401814.73552351
RFF,M4,cDXHP,Base,CZ02,29.647222222222226,48117893.97888441
RFF,M4,cDXHP,Measure,CZ02,29.647222222222226,48186384.352909684
RFF,M4,cPTAC,Base,CZ02,29.647222222222226,48333632.942294665
RFF,M4,cPTAC,Measure,CZ02,29.647222222222226,48401814.73211579
RFF,M4,cPVVG,Base,CZ02,29.647222222222226,45606515.67491935
RFF,M4,cPVVG,Measure,CZ02,29.647222222222226,45808424.52941802
RFF,M5,cDXGF,Base,CZ02,29.647222222222226,49168849.133668736
RFF,M5,cDXGF,Measure,CZ02,29.647222222222226,45732121.11511208
RFF,M5,cDXHP,Base,CZ02,29.647222222222226,48784789.67529402
RFF,M5,cDXHP,Measure,CZ02,29.647222222222226,45267590.1880654
RFF,M5,cPTAC,Base,CZ02,29.647222222222226,49168849.13366679
RFF,M5,cPTAC,Measure,CZ02,29.647222222222226,45732121.1151024
RFF,M5,cPVVG,Base,CZ02,29.647222222222226,48741793.62334106
RFF,M5,cPVVG,Measure,CZ02,29.647222222222226,45328825.978252
Rt3,M1,cDXGF,Base,CZ02,29.647222222222226,1764814722.3168986
Rt3,M1,cDXGF,Measure,CZ02,29.647222222222226,1791537916.926317
Rt3,M1,cDXHP,Base,CZ02,29.647222222222226,1761645268.2066014
Rt3,M1,cDXHP,Measure,CZ02,29.647222222222226,1791184215.8256235
Rt3,M1,cPTAC,Base,CZ02,29.647222222222226,1764804292.3377419
Rt3,M1,cPTAC,Measure,CZ02,29.647222222222226,1791538236.08608
Rt3,M1,cPVVG,Base,CZ02,29.647222222222226,1653252423.861286
Rt3,M1,cPVVG,Measure,CZ02,29.647222222222226,1713978522.9497645
Rt3,M2,cDXGF,Base,CZ02,29.647222222222226,1748029838.5672927
Rt3,M2,cDXGF,Measure,CZ02,29.647222222222226,1728520889.3224716
Rt3,M2,cDXHP,Base,CZ02,29.647222222222226,1751240648.1844394
Rt3,M2,cDXHP,Measure,CZ02,29.647222222222226,1730734091.750177
Rt3,M2,cPTAC,Base,CZ02,29.647222222222226,1748029838.567298
Rt3,M2,cPTAC,Measure,CZ02,29.647222222222226,1728521876.2244775
Rt3,M2,cPVVG,Base,CZ02,29.647222222222226,1643459150.9077342
Rt3,M2,cPVVG,Measure,CZ02,29.647222222222226,1630188766.4849575
Rt3,M3,cDXGF,Base,CZ02,29.647222222222226,1735588615.9396434
Rt3,M3,cDXGF,Measure,CZ02,29.647222222222226,1610740988.8200722
Rt3,M3,cDXHP,Base,CZ02,29.647222222222226,1702364201.853366
Rt3,M3,cDXHP,Measure,CZ02,29.647222222222226,1576107172.7139373
Rt3,M3,cPTAC,Base,CZ02,29.647222222222226,1735588579.5311334
Rt3,M3,cPTAC,Measure,CZ02,29.647222222222226,1610740959.2065537
Rt3,M3,cPVVG,Base,CZ02,29.647222222222226,1720212063.0931869
Rt3,M3,cPVVG,Measure,CZ02,29.647222222222226,1596128047.0054276
Rt3,M4,cDXGF,Base,CZ02,29.647222222222226,1776990980.0923078
Rt3,M4,cDXGF,Measure,CZ02,29.647222222222226,1803834513.114654
Rt3,M4,cDXHP,Base,CZ02,29.647222222222226,1773977898.9873853
Rt3,M4,cDXHP,Measure,CZ02,29.647222222222226,1803507966.5980933
Rt3,M4,cPTAC,Base,CZ02,29.647222222222226,1776980551.952342
Rt3,M4,cPTAC,Measure,CZ02,29.647222222222226,1803834467.8586495
Rt3,M4,cPVVG,Base,CZ02,29.647222222222226,1663290728.232489
Rt3,M4,cPVVG,Measure,CZ02,29.647222222222226,1724516271.520189
Rt3,M5,cDXGF,Base,CZ02,29.647222222222226,1861571990.3946044
Rt3,M5,cDXGF,Measure,CZ02,29.647222222222226,1716678423.375543
Rt3,M5,cDXHP,Base,CZ02,29.647222222222226,1832659674.3198664
Rt3,M5,cDXHP,Measure,CZ02,29.647222222222226,1684363630.107786
Rt3,M5,cPTAC,Base,CZ02,29.647222222222226,1861571741.296455
Rt3,M5,cPTAC,Measure,CZ02,29.647222222222226,1716678218.471851
Rt3,M5,cPVVG,Base,CZ02,29.647222222222226,1849028060.6768308
Rt3,M5,cPVVG,Measure,CZ02,29.647222222222226,1704815376.777652
RtL,M1,cDXGF,Base,CZ02,29.647222222222226,1774383015.3761888
RtL,M1,cDXGF,Measure,CZ02,29.647222222222226,1801501203.8653414
RtL,M1,cDXHP,Base,CZ02,29.647222222222226,1770683440.4367447
RtL,M1,cDXHP,Measure,CZ02,29.647222222222226,1797737181.2038455
RtL,M1,cPTAC,Base,CZ02,29.647222222222226,1774341274.1599422
RtL,M1,cPTAC,Measure,CZ02,29.647222222222226,1801456226.4124095
RtL,M1,cPVVG,Base,CZ02,29.647222222222226,1654498734.003975
RtL,M1,cPVVG,Measure,CZ02,29.647222222222226,1711072104.621497
RtL,M2,cDXGF,Base,CZ02,29.647222222222226,1751610604.5489643
RtL,M2,cDXGF,Measure,CZ02,29.647222222222226,1730606201.6306145
RtL,M2,cDXHP,Base,CZ02,29.647222222222226,1749020027.8319168
RtL,M2,cDXHP,Measure,CZ02,29.647222222222226,1727468406.6371107
RtL,M2,cPTAC,Base,CZ02,29.647222222222226,1751610604.548966
RtL,M2,cPTAC,Measure,CZ02,29.647222222222226,1730606201.6306129
RtL,M2,cPVVG,Base,CZ02,29.647222222222226,1635259604.5317414
RtL,M2,cPVVG,Measure,CZ02,29.647222222222226,1623728216.6649585
RtL,M3,cDXGF,Base,CZ02,29.647222222222226,1742404037.2938778
RtL,M3,cDXGF,Measure,CZ02,29.647222222222226,1615401634.2498515
RtL,M3,cDXHP,Base,CZ02,29.647222222222226,1725546507.6955113
RtL,M3,cDXHP,Measure,CZ02,29.647222222222226,1597491375.1292765
RtL,M3,cPTAC,Base,CZ02,29.647222222222226,1742404037.29382
RtL,M3,cPTAC,Measure,CZ02,29.647222222222226,1615401634.249769
RtL,M3,cPVVG,Base,CZ02,29.647222222222226,1726448537.8586268
RtL,M3,cPVVG,Measure,CZ02,29.647222222222226,1600252148.4682825
RtL,M4,cDXGF,Base,CZ02,29.647222222222226,1785634529.3796122
RtL,M4,cDXGF,Measure,CZ02,29.647222222222226,1812728878.2395425
RtL,M4,cDXHP,Base,CZ02,29.647222222222226,1781858648.2545285
RtL,M4,cDXHP,Measure,CZ02,29.647222222222226,1808886447.6021063
RtL,M4,cPTAC,Base,CZ02,29.647222222222226,1785634203.0424845
RtL,M4,cPTAC,Measure,CZ02,29.647222222222226,1812728878.239503
RtL,M4,cPVVG,Base,CZ02,29.647222222222226,1663289923.6795492
RtL,M4,cPVVG,Measure,CZ02,29.647222222222226,1720109601.037272
RtL,M5,cDXGF,Base,CZ02,29.647222222222226,1872730919.9021416
RtL,M5,cDXGF,Measure,CZ02,29.647222222222226,1723845320.4148002
RtL,M5,cDXHP,Base,CZ02,29.647222222222226,1863328624.9784994
RtL,M5,cDXHP,Measure,CZ02,29.647222222222226,1711345693.2579541
RtL,M5,cPTAC,Base,CZ02,29.647222222222226,1872730919.9021556
RtL,M5,cPTAC,Measure,CZ02,29.647222222222226,1723845320.4148362
RtL,M5,cPVVG,Base,CZ02,29.647222222222226,1858084623.9201274
RtL,M5,cPVVG,Measure,CZ02,29.647222222222226,1710025569.9844987
RtS,M1,cDXGF,Base,CZ02,29.647222222222226,115356061.88057847
RtS,M1,cDXGF,Measure,CZ02,29.647222222222226,116345438.47012672
RtS,M1,cDXHP,Base,CZ02,29.647222222222226,115213848.2305527
RtS,M1,cDXHP,Measure,CZ02,29.647222222222226,116219270.18798074
RtS,M1,cPTAC,Base,CZ02,29.647222222222226,115356040.42681998
RtS,M1,cPTAC,Measure,CZ02,29.647222222222226,116345436.75482866
RtS,M1,cPVVG,Base,CZ02,29.647222222222226,105934698.29029189
RtS,M1,cPVVG,Measure,CZ02,29.647222222222226,108651666.15745334
RtS,M2,cDXGF,Base,CZ02,29.647222222222226,113670305.89223018
RtS,M2,cDXGF,Measure,CZ02,29.647222222222226,112318696.48234092
RtS,M2,cDXHP,Base,CZ02,29.647222222222226,113780940.54040632
RtS,M2,cDXHP,Measure,CZ02,29.647222222222226,112373493.29867023
RtS,M2,cPTAC,Base,CZ02,29.647222222222226,113670305.89223029
RtS,M2,cPTAC,Measure,CZ02,29.647222222222226,112318696.48234013
RtS,M2,cPVVG,Base,CZ02,29.647222222222226,104242652.13652612
RtS,M2,cPVVG,Measure,CZ02,29.647222222222226,103524462.63621588
RtS,M3,cDXGF,Base,CZ02,29.647222222222226,111872883.06613442
RtS,M3,cDXGF,Measure,CZ02,29.647222222222226,102398001.00414814
RtS,M3,cDXHP,Base,CZ02,29.647222222222226,110465878.38130657
RtS,M3,cDXHP,Measure,CZ02,29.647222222222226,100890530.12144862
RtS,M3,cPTAC,Base,CZ02,29.647222222222226,111872883.06612596
RtS,M3,cPTAC,Measure,CZ02,29.647222222222226,102398001.00413927
RtS,M3,cPVVG,Base,CZ02,29.647222222222226,110235825.48141214
RtS,M3,cPVVG,Measure,CZ02,29.647222222222226,100852009.07410899
RtS,M4,cDXGF,Base,CZ02,29.647222222222226,116352332.6841649
RtS,M4,cDXGF,Measure,CZ02,29.647222222222226,117338335.60822478
RtS,M4,cDXHP,Base,CZ02,29.647222222222226,116223329.53033897
RtS,M4,cDXHP,Measure,CZ02,29.647222222222226,117225955.9258662
RtS,M4,cPTAC,Base,CZ02,29.647222222222226,116352311.04250608
RtS,M4,cPTAC,Measure,CZ02,29.647222222222226,117338333.84919038
RtS,M4,cPVVG,Base,CZ02,29.647222222222226,106740345.25399
RtS,M4,cPVVG,Measure,CZ02,29.647222222222226,109464469.72400475
RtS,M5,cDXGF,Base,CZ02,29.647222222222226,120369364.5334298
RtS,M5,cDXGF,Measure,CZ02,29.647222222222226,109480799.64101373
RtS,M5,cDXHP,Base,CZ02,29.647222222222226,119528896.04671416
RtS,M5,cDXHP,Measure,CZ02,29.647222222222226,108388909.464401
RtS,M5,cPTAC,Base,CZ02,29.647222222222226,120369364.53341958
RtS,M5,cPTAC,Measure,CZ02,29.647222222222226,109480799.64100543
RtS,M5,cPVVG,Base,CZ02,29.647222222222226,118689089.59134515
RtS,M5,cPVVG,Measure,CZ02,29.647222222222226,107907297.64097786
SCn,M1,cDXGF,Base,CZ02,29.647222222222226,2029271128.2293153
SCn,M1,cDXGF,Measure,CZ02,29.647222222222226,2122007796.6462224
SCn,M1,cDXHP,Base,CZ02,29.647222222222226,2029270053.610549
SCn,M1,cDXHP,Measure,CZ02,29.647222222222226,2122007796.6463325
SCn,M1,cPTAC,Base,CZ02,29.647222222222226,2027206832.304001
SCn,M1,cPTAC,Measure,CZ02,29.647222222222226,2122004903.461173
SCn,M1,cPVVG,Base,CZ02,29.647222222222226,1748956817.5621862
SCn,M1,cPVVG,Measure,CZ02,29.647222222222226,1828125253.7897367
SCn,M2,cDXGF,Base,CZ02,29.647222222222226,1984409298.4017494
SCn,M2,cDXGF,Measure,CZ02,29.647222222222226,1967115305.247225
SCn,M2,cDXHP,Base,CZ02,29.647222222222226,1984409298.4016843
SCn,M2,cDXHP,Measure,CZ02,29.647222222222226,1967115305.2472389
SCn,M2,cPTAC,Base,CZ02,29.647222222222226,1984409298.4018252
SCn,M2,cPTAC,Measure,CZ02,29.647222222222226,1967115305.2462096
SCn,M2,cPVVG,Base,CZ02,29.647222222222226,1729210975.6104922
SCn,M2,cPVVG,Measure,CZ02,29.647222222222226,1723783438.824434
SCn,M3,cDXGF,Base,CZ02,29.647222222222226,2017573881.970554
SCn,M3,cDXGF,Measure,CZ02,29.647222222222226,1832600323.032255
SCn,M3,cDXHP,Base,CZ02,29.647222222222226,2017573881.970563
SCn,M3,cDXHP,Measure,CZ02,29.647222222222226,1832600323.0322757
SCn,M3,cPTAC,Base,CZ02,29.647222222222226,2017573881.9704065
SCn,M3,cPTAC,Measure,CZ02,29.647222222222226,1832600323.032323
SCn,M3,cPVVG,Base,CZ02,29.647222222222226,1858725631.382636
SCn,M3,cPVVG,Measure,CZ02,29.647222222222226,1686882128.980188
SCn,M4,cDXGF,Base,CZ02,29.647222222222226,2034638657.2620623
SCn,M4,cDXGF,Measure,CZ02,29.647222222222226,2127253426.4523234
SCn,M4,cDXHP,Base,CZ02,29.647222222222226,2034637214.4615133
SCn,M4,cDXHP,Measure,CZ02,29.647222222222226,2127253426.4523418
SCn,M4,cPTAC,Base,CZ02,29.647222222222226,2032575406.8127067
SCn,M4,cPTAC,Measure,CZ02,29.647222222222226,2127250544.080139
SCn,M4,cPVVG,Base,CZ02,29.647222222222226,1748956818.9368622
SCn,M4,cPVVG,Measure,CZ02,29.647222222222226,1828132927.5835874
SCn,M5,cDXGF,Base,CZ02,29.647222222222226,2412387551.675506
SCn,M5,cDXGF,Measure,CZ02,29.647222222222226,2158700828.601158
SCn,M5,cDXHP,Base,CZ02,29.647222222222226,2412387551.677557
SCn,M5,cDXHP,Measure,CZ02,29.647222222222226,2158700828.603408
SCn,M5,cPTAC,Base,CZ02,29.647222222222226,2412387551.6756735
SCn,M5,cPTAC,Measure,CZ02,29.647222222222226,2158700828.6028776
SCn,M5,cPVVG,Base,CZ02,29.647222222222226,2045383454.5298223
SCn,M5,cPVVG,Measure,CZ02,29.647222222222226,1838931306.840539
Asm,M1,cDXGF,Base,CZ03,24.846666666666668,501127390.38669246
Asm,M1,cDXGF,Measure,CZ03,24.846666666666668,518138969.37819886
Asm,M1,cDXHP,Base,CZ03,24.846666666666668,501955348.05319864
Asm,M1,cDXHP,Measure,CZ03,24.846666666666668,517385784.20685595
Asm,M1,cPTAC,Base,CZ03,24.846666666666668,500180628.0559036
Asm,M1,cPTAC,Measure,CZ03,24.846666666666668,517752415.11484534
Asm,M1,cPVVG,Base,CZ03,24.846666666666668,448456173.70010895
Asm,M1,cPVVG,Measure,CZ03,24.846666666666668,472961415.1055319
Asm,M2,cDXGF,Base,CZ03,24.846666666666668,557550158.8578666
Asm,M2,cDXGF,Measure,CZ03,24.846666666666668,552275450.6220838
Asm,M2,cDXHP,Base,CZ03,24.846666666666668,558671265.7287151
Asm,M2,cDXHP,Measure,CZ03,24.846666666666668,553208526.9466273
Asm,M2,cPTAC,Base,CZ03,24.846666666666668,557550158.8578666
Asm,M2,cPTAC,Measure,CZ03,24.846666666666668,552275450.6220834
Asm,M2,cPVVG,Base,CZ03,24.846666666666668,516869131.53101003
Asm,M2,cPVVG,Measure,CZ03,24.846666666666668,511562119.7793299
Asm,M3,cDXGF,Base,CZ03,24.846666666666668,546984425.6294664
Asm,M3,cDXGF,Measure,CZ03,24.846666666666668,493569832.4293655
Asm,M3,cDXHP,Base,CZ03,24.846666666666668,535377489.948684
Asm,M3,cDXHP,Measure,CZ03,24.846666666666668,481474513.8589407
Asm,M3,cPTAC,Base,CZ03,24.846666666666668,546984425.6294678
Asm,M3,cPTAC,Measure,CZ03,24.846666666666668,493569832.42936677
Asm,M3,cPVVG,Base,CZ03,24.846666666666668,540309283.9931998
Asm,M3,cPVVG,Measure,CZ03,24.846666666666668,487210949.7404526
Asm,M4,cDXGF,Base,CZ03,24.846666666666668,508429897.9724771
Asm,M4,cDXGF,Measure,CZ03,24.846666666666668,526274329.7069468
Asm,M4,cDXHP,Base,CZ03,24.846666666666668,509578639.3065525
Asm,M4,cDXHP,Measure,CZ03,24.846666666666668,525885704.3567988
Asm,M4,cPTAC,Base,CZ03,24.846666666666668,507437437.785693
Asm,M4,cPTAC,Measure,CZ03,24.846666666666668,525853323.92406064
Asm,M4,cPVVG,Base,CZ03,24.846666666666668,452491197.6395534
Asm,M4,cPVVG,Measure,CZ03,24.846666666666668,477084303.8278242
Asm,M5,cDXGF,Base,CZ03,24.846666666666668,532631432.7834931
Asm,M5,cDXGF,Measure,CZ03,24.846666666666668,481585287.9056693
Asm,M5,cDXHP,Base,CZ03,24.846666666666668,528509579.4284229
Asm,M5,cDXHP,Measure,CZ03,24.846666666666668,475791016.1927538
Asm,M5,cPTAC,Base,CZ03,24.846666666666668,532631432.78350353
Asm,M5,cPTAC,Measure,CZ03,24.846666666666668,481585287.905678
Asm,M5,cPVVG,Base,CZ03,24.846666666666668,525673180.88387
Asm,M5,cPVVG,Measure,CZ03,24.846666666666668,474999662.9403511
ECC,M1,cDXGF,Base,CZ03,24.846666666666668,1485717304.1320114
ECC,M1,cDXGF,Measure,CZ03,24.846666666666668,1513267774.6502187
ECC,M1,cDXHP,Base,CZ03,24.846666666666668,1487712890.1222274
ECC,M1,cDXHP,Measure,CZ03,24.846666666666668,1515255388.4367938
ECC,M1,cPTAC,Base,CZ03,24.846666666666668,1485143939.4920108
ECC,M1,cPTAC,Measure,CZ03,24.846666666666668,1513086475.222331
ECC,M1,cPVVG,Base,CZ03,24.846666666666668,1260564533.0327003
ECC,M1,cPVVG,Measure,CZ03,24.846666666666668,1315865281.9240305
ECC,M2,cDXGF,Base,CZ03,24.846666666666668,1602646437.52677
ECC,M2,cDXGF,Measure,CZ03,24.846666666666668,1577491532.3601744
ECC,M2,cDXHP,Base,CZ03,24.846666666666668,1597865237.5528996
ECC,M2,cDXHP,Measure,CZ03,24.846666666666668,1572334963.7816458
ECC,M2,cPTAC,Base,CZ03,24.846666666666668,1602646437.5242143
ECC,M2,cPTAC,Measure,CZ03,24.846666666666668,1577491532.3379033
ECC,M2,cPVVG,Base,CZ03,24.846666666666668,1385893036.7659552
ECC,M2,cPVVG,Measure,CZ03,24.846666666666668,1370713055.747116
ECC,M3,cDXGF,Base,CZ03,24.846666666666668,1438928060.4999568
ECC,M3,cDXGF,Measure,CZ03,24.846666666666668,1325059729.3766606
ECC,M3,cDXHP,Base,CZ03,24.846666666666668,1413428461.8469825
ECC,M3,cDXHP,Measure,CZ03,24.846666666666668,1298912420.0027773
ECC,M3,cPTAC,Base,CZ03,24.846666666666668,1438908832.3986022
ECC,M3,cPTAC,Measure,CZ03,24.846666666666668,1325059729.3733656
ECC,M3,cPVVG,Base,CZ03,24.846666666666668,1417632227.3955147
ECC,M3,cPVVG,Measure,CZ03,24.846666666666668,1304828066.392986
ECC,M4,cDXGF,Base,CZ03,24.846666666666668,1535364921.319487
ECC,M4,cDXGF,Measure,CZ03,24.846666666666668,1565173613.5645082
ECC,M4,cDXHP,Base,CZ03,24.846666666666668,1537767353.6791651
ECC,M4,cDXHP,Measure,CZ03,24.846666666666668,1567610544.2116752
ECC,M4,cPTAC,Base,CZ03,24.846666666666668,1534714884.928542
ECC,M4,cPTAC,Measure,CZ03,24.846666666666668,1564964563.2873063
ECC,M4,cPVVG,Base,CZ03,24.846666666666668,1296382110.1207728
ECC,M4,cPVVG,Measure,CZ03,24.846666666666668,1355206215.685691
ECC,M5,cDXGF,Base,CZ03,24.846666666666668,1442875866.2616892
ECC,M5,cDXGF,Measure,CZ03,24.846666666666668,1328409193.7500303
ECC,M5,cDXHP,Base,CZ03,24.846666666666668,1435737540.2578578
ECC,M5,cDXHP,Measure,CZ03,24.846666666666668,1317428403.204707
ECC,M5,cPTAC,Base,CZ03,24.846666666666668,1442892501.0701518
ECC,M5,cPTAC,Measure,CZ03,24.846666666666668,1328409193.7501333
ECC,M5,cPVVG,Base,CZ03,24.846666666666668,1421183820.0120595
ECC,M5,cPVVG,Measure,CZ03,24.846666666666668,1307855063.3842723
Epr,M1,cDXGF,Base,CZ03,24.846666666666668,234772538.26401228
Epr,M1,cDXGF,Measure,CZ03,24.846666666666668,242085344.99705368
Epr,M1,cDXHP,Base,CZ03,24.846666666666668,235232753.7637814
Epr,M1,cDXHP,Measure,CZ03,24.846666666666668,242517682.52963307
Epr,M1,cPTAC,Base,CZ03,24.846666666666668,234544427.83801556
Epr,M1,cPTAC,Measure,CZ03,24.846666666666668,242016020.8109595
Epr,M1,cPVVG,Base,CZ03,24.846666666666668,198760547.79312408
Epr,M1,cPVVG,Measure,CZ03,24.846666666666668,211457782.59942836
Epr,M2,cDXGF,Base,CZ03,24.846666666666668,256273657.62486497
Epr,M2,cDXGF,Measure,CZ03,24.846666666666668,251463445.76040527
Epr,M2,cDXHP,Base,CZ03,24.846666666666668,255097865.86072838
Epr,M2,cDXHP,Measure,CZ03,24.846666666666668,250163459.98562753
Epr,M2,cPTAC,Base,CZ03,24.846666666666668,256273658.0326573
Epr,M2,cPTAC,Measure,CZ03,24.846666666666668,251463442.28045338
Epr,M2,cPVVG,Base,CZ03,24.846666666666668,221933289.55107683
Epr,M2,cPVVG,Measure,CZ03,24.846666666666668,219292849.59884065
Epr,M3,cDXGF,Base,CZ03,24.846666666666668,231707542.84083873
Epr,M3,cDXGF,Measure,CZ03,24.846666666666668,213059261.83492973
Epr,M3,cDXHP,Base,CZ03,24.846666666666668,226626298.78494495
Epr,M3,cDXHP,Measure,CZ03,24.846666666666668,207804078.97431436
Epr,M3,cPTAC,Base,CZ03,24.846666666666668,231707542.82106882
Epr,M3,cPTAC,Measure,CZ03,24.846666666666668,213059255.98947495
Epr,M3,cPVVG,Base,CZ03,24.846666666666668,228295000.25313675
Epr,M3,cPVVG,Measure,CZ03,24.846666666666668,209815829.7383875
Epr,M4,cDXGF,Base,CZ03,24.846666666666668,240901425.56305918
Epr,M4,cDXGF,Measure,CZ03,24.846666666666668,248786401.72312596
Epr,M4,cDXHP,Base,CZ03,24.846666666666668,241426068.59760422
Epr,M4,cDXHP,Measure,CZ03,24.846666666666668,249310993.61798376
Epr,M4,cPTAC,Base,CZ03,24.846666666666668,240648585.527964
Epr,M4,cPTAC,Measure,CZ03,24.846666666666668,248709894.25960657
Epr,M4,cPVVG,Base,CZ03,24.846666666666668,202230565.56368798
Epr,M4,cPVVG,Measure,CZ03,24.846666666666668,215745145.88495243
Epr,M5,cDXGF,Base,CZ03,24.846666666666668,231700963.8089986
Epr,M5,cDXGF,Measure,CZ03,24.846666666666668,213051624.40863886
Epr,M5,cDXHP,Base,CZ03,24.846666666666668,230996462.94778982
Epr,M5,cDXHP,Measure,CZ03,24.846666666666668,211421639.91208404
Epr,M5,cPTAC,Base,CZ03,24.846666666666668,231700963.808997
Epr,M5,cPTAC,Measure,CZ03,24.846666666666668,213051617.8770321
Epr,M5,cPVVG,Base,CZ03,24.846666666666668,228188861.63948864
Epr,M5,cPVVG,Measure,CZ03,24.846666666666668,209728258.63667414
ERC,M1,cDXGF,Base,CZ03,24.846666666666668,9081886.050638052
ERC,M1,cDXGF,Measure,CZ03,24.846666666666668,9195614.873742307
ERC,M1,cDXHP,Base,CZ03,24.846666666666668,9101435.691637421
ERC,M1,cDXHP,Measure,CZ03,24.846666666666668,9212021.125201788
ERC,M1,cPTAC,Base,CZ03,24.846666666666668,9070957.800392522
ERC,M1,cPTAC,Measure,CZ03,24.846666666666668,9189712.886690902
ERC,M1,cPVVG,Base,CZ03,24.846666666666668,7551158.015812834
ERC,M1,cPVVG,Measure,CZ03,24.846666666666668,7783768.11941817
ERC,M2,cDXGF,Base,CZ03,24.846666666666668,9765688.164145421
ERC,M2,cDXGF,Measure,CZ03,24.846666666666668,9589408.751268737
ERC,M2,cDXHP,Base,CZ03,24.846666666666668,9676063.297454182
ERC,M2,cDXHP,Measure,CZ03,24.846666666666668,9493937.51658604
ERC,M2,cPTAC,Base,CZ03,24.846666666666668,9765688.164144127
ERC,M2,cPTAC,Measure,CZ03,24.846666666666668,9589408.751267541
ERC,M2,cPVVG,Base,CZ03,24.846666666666668,8171822.482170444
ERC,M2,cPVVG,Measure,CZ03,24.846666666666668,8079540.851697439
ERC,M3,cDXGF,Base,CZ03,24.846666666666668,8577755.875573361
ERC,M3,cDXGF,Measure,CZ03,24.846666666666668,7760933.3287942605
ERC,M3,cDXHP,Base,CZ03,24.846666666666668,8379093.819153201
ERC,M3,cDXHP,Measure,CZ03,24.846666666666668,7548869.893944462
ERC,M3,cPTAC,Base,CZ03,24.846666666666668,8577755.870159725
ERC,M3,cPTAC,Measure,CZ03,24.846666666666668,7760933.323989302
ERC,M3,cPVVG,Base,CZ03,24.846666666666668,8423302.203734854
ERC,M3,cPVVG,Measure,CZ03,24.846666666666668,7614124.280914629
ERC,M4,cDXGF,Base,CZ03,24.846666666666668,9397270.032487895
ERC,M4,cDXGF,Measure,CZ03,24.846666666666668,9520424.593761234
ERC,M4,cDXHP,Base,CZ03,24.846666666666668,9420937.118949663
ERC,M4,cDXHP,Measure,CZ03,24.846666666666668,9541345.318103824
ERC,M4,cPTAC,Base,CZ03,24.846666666666668,9384826.039300535
ERC,M4,cPTAC,Measure,CZ03,24.846666666666668,9513763.048654022
ERC,M4,cPVVG,Base,CZ03,24.846666666666668,7752601.764094598
ERC,M4,cPVVG,Measure,CZ03,24.846666666666668,8005966.560331609
ERC,M5,cDXGF,Base,CZ03,24.846666666666668,8630133.150440926
ERC,M5,cDXGF,Measure,CZ03,24.846666666666668,7804710.18603081
ERC,M5,cDXHP,Base,CZ03,24.846666666666668,8639906.424156416
ERC,M5,cDXHP,Measure,CZ03,24.846666666666668,7764642.05649744
ERC,M5,cPTAC,Base,CZ03,24.846666666666668,8630133.097872809
ERC,M5,cPTAC,Measure,CZ03,24.846666666666668,7804710.139416843
ERC,M5,cPVVG,Base,CZ03,24.846666666666668,8472478.125188261
ERC,M5,cPVVG,Measure,CZ03,24.846666666666668,7655348.490462994
Ese,M1,cDXGF,Base,CZ03,24.846666666666668,593665845.9845234
Ese,M1,cDXGF,Measure,CZ03,24.846666666666668,605513654.4133811
Ese,M1,cDXHP,Base,CZ03,24.846666666666668,593839662.4686204
Ese,M1,cDXHP,Measure,CZ03,24.846666666666668,605665428.1654862
Ese,M1,cPTAC,Base,CZ03,24.846666666666668,593579882.4076332
Ese,M1,cPTAC,Measure,CZ03,24.846666666666668,605488820.7485712
Ese,M1,cPVVG,Base,CZ03,24.846666666666668,559314912.5745196
Ese,M1,cPVVG,Measure,CZ03,24.846666666666668,575126946.385284
Ese,M2,cDXGF,Base,CZ03,24.846666666666668,622373900.0965009
Ese,M2,cDXGF,Measure,CZ03,24.846666666666668,611862964.2217062
Ese,M2,cDXHP,Base,CZ03,24.846666666666668,621948941.196525
Ese,M2,cDXHP,Measure,CZ03,24.846666666666668,611381024.9962139
Ese,M2,cPTAC,Base,CZ03,24.846666666666668,622373900.096506
Ese,M2,cPTAC,Measure,CZ03,24.846666666666668,611862964.2216455
Ese,M2,cPVVG,Base,CZ03,24.846666666666668,590215667.9981562
Ese,M2,cPVVG,Measure,CZ03,24.846666666666668,581074674.4957155
Ese,M3,cDXGF,Base,CZ03,24.846666666666668,607138595.1106174
Ese,M3,cDXGF,Measure,CZ03,24.846666666666668,585296218.5826967
Ese,M3,cDXHP,Base,CZ03,24.846666666666668,601947614.6774001
Ese,M3,cDXHP,Measure,CZ03,24.846666666666668,579978266.0139794
Ese,M3,cPTAC,Base,CZ03,24.846666666666668,607138595.1094937
Ese,M3,cPTAC,Measure,CZ03,24.846666666666668,585296218.5822442
Ese,M3,cPVVG,Base,CZ03,24.846666666666668,603650701.4412277
Ese,M3,cPVVG,Measure,CZ03,24.846666666666668,581977228.4005682
Ese,M4,cDXGF,Base,CZ03,24.846666666666668,602132750.3772757
Ese,M4,cDXGF,Measure,CZ03,24.846666666666668,614266778.5157828
Ese,M4,cDXHP,Base,CZ03,24.846666666666668,602317356.5135578
Ese,M4,cDXHP,Measure,CZ03,24.846666666666668,614367112.2649561
Ese,M4,cPTAC,Base,CZ03,24.846666666666668,602037286.5740445
Ese,M4,cPTAC,Measure,CZ03,24.846666666666668,614239052.6589069
Ese,M4,cPVVG,Base,CZ03,24.846666666666668,565611224.4953896
Ese,M4,cPVVG,Measure,CZ03,24.846666666666668,581931571.3593714
Ese,M5,cDXGF,Base,CZ03,24.846666666666668,609354091.8796048
Ese,M5,cDXGF,Measure,CZ03,24.846666666666668,588165775.492063
Ese,M5,cDXHP,Base,CZ03,24.846666666666668,608122010.4082317
Ese,M5,cDXHP,Measure,CZ03,24.846666666666668,586130371.8113722
Ese,M5,cPTAC,Base,CZ03,24.846666666666668,609354091.8801137
Ese,M5,cPTAC,Measure,CZ03,24.846666666666668,588165775.4920791
Ese,M5,cPVVG,Base,CZ03,24.846666666666668,605844684.7414144
Ese,M5,cPVVG,Measure,CZ03,24.846666666666668,584795876.122181
Eun,M1,cDXGF,Base,CZ03,24.846666666666668,4579801158.8357935
Eun,M1,cDXGF,Measure,CZ03,24.846666666666668,4623251754.686869
Eun,M1,cDXHP,Base,CZ03,24.846666666666668,4583314192.227296
Eun,M1,cDXHP,Measure,CZ03,24.846666666666668,4627365996.420801
Eun,M1,cPTAC,Base,CZ03,24.846666666666668,4578962327.815892
Eun,M1,cPTAC,Measure,CZ03,24.846666666666668,4622807013.658725
Eun,M1,cPVVG,Base,CZ03,24.846666666666668,4082299306.4632015
Eun,M1,cPVVG,Measure,CZ03,24.846666666666668,4176591969.9674315
Eun,M2,cDXGF,Base,CZ03,24.846666666666668,4835375867.501065
Eun,M2,cDXGF,Measure,CZ03,24.846666666666668,4794897384.754209
Eun,M2,cDXHP,Base,CZ03,24.846666666666668,4834811708.374856
Eun,M2,cDXHP,Measure,CZ03,24.846666666666668,4793181696.489193
Eun,M2,cPTAC,Base,CZ03,24.846666666666668,4835375867.501147
Eun,M2,cPTAC,Measure,CZ03,24.846666666666668,4794897384.753834
Eun,M2,cPVVG,Base,CZ03,24.846666666666668,4361826025.167858
Eun,M2,cPVVG,Measure,CZ03,24.846666666666668,4337131041.205946
Eun,M3,cDXGF,Base,CZ03,24.846666666666668,4520515443.44707
Eun,M3,cDXGF,Measure,CZ03,24.846666666666668,4211748480.363759
Eun,M3,cDXHP,Base,CZ03,24.846666666666668,4434345628.032807
Eun,M3,cDXHP,Measure,CZ03,24.846666666666668,4124356913.936645
Eun,M3,cPTAC,Base,CZ03,24.846666666666668,4520515443.447145
Eun,M3,cPTAC,Measure,CZ03,24.846666666666668,4211748480.3635325
Eun,M3,cPVVG,Base,CZ03,24.846666666666668,4468905470.862558
Eun,M3,cPVVG,Measure,CZ03,24.846666666666668,4162643406.5957994
Eun,M4,cDXGF,Base,CZ03,24.846666666666668,4712529098.822917
Eun,M4,cDXGF,Measure,CZ03,24.846666666666668,4759908853.638076
Eun,M4,cDXHP,Base,CZ03,24.846666666666668,4714754222.709547
Eun,M4,cDXHP,Measure,CZ03,24.846666666666668,4762192070.506688
Eun,M4,cPTAC,Base,CZ03,24.846666666666668,4711688622.800479
Eun,M4,cPTAC,Measure,CZ03,24.846666666666668,4759523322.961496
Eun,M4,cPVVG,Base,CZ03,24.846666666666668,4187392152.032129
Eun,M4,cPVVG,Measure,CZ03,24.846666666666668,4287728183.692701
Eun,M5,cDXGF,Base,CZ03,24.846666666666668,4543940745.963401
Eun,M5,cDXGF,Measure,CZ03,24.846666666666668,4231845574.677664
Eun,M5,cDXHP,Base,CZ03,24.846666666666668,4500404685.390592
Eun,M5,cDXHP,Measure,CZ03,24.846666666666668,4179640341.3035226
Eun,M5,cPTAC,Base,CZ03,24.846666666666668,4543940745.963522
Eun,M5,cPTAC,Measure,CZ03,24.846666666666668,4231845574.6776414
Eun,M5,cPVVG,Base,CZ03,24.846666666666668,4491973157.605399
Eun,M5,cPVVG,Measure,CZ03,24.846666666666668,4182528690.5773287
Gro,M1,cDXGF,Base,CZ03,24.846666666666668,1320085761.7843308
Gro,M1,cDXGF,Measure,CZ03,24.846666666666668,1324619004.354001
Gro,M1,cDXHP,Base,CZ03,24.846666666666668,1321940863.2542837
Gro,M1,cDXHP,Measure,CZ03,24.846666666666668,1326624036.5193262
Gro,M1,cPTAC,Base,CZ03,24.846666666666668,1318914138.8984113
Gro,M1,cPTAC,Measure,CZ03,24.846666666666668,1324101833.506636
Gro,M1,cPVVG,Base,CZ03,24.846666666666668,1280796466.8511856
Gro,M1,cPVVG,Measure,CZ03,24.846666666666668,1289864141.7808344
Gro,M2,cDXGF,Base,CZ03,24.846666666666668,1309134917.3398676
Gro,M2,cDXGF,Measure,CZ03,24.846666666666668,1302468728.1910808
Gro,M2,cDXHP,Base,CZ03,24.846666666666668,1310960352.520545
Gro,M2,cDXHP,Measure,CZ03,24.846666666666668,1304117591.8107193
Gro,M2,cPTAC,Base,CZ03,24.846666666666668,1309973322.971446
Gro,M2,cPTAC,Measure,CZ03,24.846666666666668,1303147345.4953206
Gro,M2,cPVVG,Base,CZ03,24.846666666666668,1268419820.491287
Gro,M2,cPVVG,Measure,CZ03,24.846666666666668,1264780964.1148057
Gro,M3,cDXGF,Base,CZ03,24.846666666666668,1262885101.8577127
Gro,M3,cDXGF,Measure,CZ03,24.846666666666668,1245766104.2402868
Gro,M3,cDXHP,Base,CZ03,24.846666666666668,1256409808.9714692
Gro,M3,cDXHP,Measure,CZ03,24.846666666666668,1239315579.018122
Gro,M3,cPTAC,Base,CZ03,24.846666666666668,1262909720.6817164
Gro,M3,cPTAC,Measure,CZ03,24.846666666666668,1245973961.2283642
Gro,M3,cPVVG,Base,CZ03,24.846666666666668,1259453877.702374
Gro,M3,cPVVG,Measure,CZ03,24.846666666666668,1242503471.7594821
Gro,M4,cDXGF,Base,CZ03,24.846666666666668,1324742191.6150546
Gro,M4,cDXGF,Measure,CZ03,24.846666666666668,1329529981.2178376
Gro,M4,cDXHP,Base,CZ03,24.846666666666668,1326748584.6925433
Gro,M4,cDXHP,Measure,CZ03,24.846666666666668,1331693073.3697298
Gro,M4,cPTAC,Base,CZ03,24.846666666666668,1323497922.0679598
Gro,M4,cPTAC,Measure,CZ03,24.846666666666668,1328969791.365994
Gro,M4,cPVVG,Base,CZ03,24.846666666666668,1283700132.6444762
Gro,M4,cPVVG,Measure,CZ03,24.846666666666668,1293093254.6547978
Gro,M5,cDXGF,Base,CZ03,24.846666666666668,1285240612.839198
Gro,M5,cDXGF,Measure,CZ03,24.846666666666668,1265466069.6843271
Gro,M5,cDXHP,Base,CZ03,24.846666666666668,1272298033.7416396
Gro,M5,cDXHP,Measure,CZ03,24.846666666666668,1252463419.5783546
Gro,M5,cPTAC,Base,CZ03,24.846666666666668,1284897651.1890008
Gro,M5,cPTAC,Measure,CZ03,24.846666666666668,1265471595.566112
Gro,M5,cPVVG,Base,CZ03,24.846666666666668,1281625455.8383775
Gro,M5,cPVVG,Measure,CZ03,24.846666666666668,1262044370.079564
MBT,M1,cDXGF,Base,CZ03,24.846666666666668,1899895496.4393797
MBT,M1,cDXGF,Measure,CZ03,24.846666666666668,1905067052.3214777
MBT,M1,cDXHP,Base,CZ03,24.846666666666668,1898479713.6642342
MBT,M1,cDXHP,Measure,CZ03,24.846666666666668,1903946029.5753317
MBT,M1,cPTAC,Base,CZ03,24.846666666666668,1899522970.0804079
MBT,M1,cPTAC,Measure,CZ03,24.846666666666668,1904914793.2978485
MBT,M1,cPVVG,Base,CZ03,24.846666666666668,1828980090.1469884
MBT,M1,cPVVG,Measure,CZ03,24.846666666666668,1842123580.01352
MBT,M2,cDXGF,Base,CZ03,24.846666666666668,1941455015.6343057
MBT,M2,cDXGF,Measure,CZ03,24.846666666666668,1933999396.0310073
MBT,M2,cDXHP,Base,CZ03,24.846666666666668,1938797111.6594517
MBT,M2,cDXHP,Measure,CZ03,24.846666666666668,1931152542.1226604
MBT,M2,cPTAC,Base,CZ03,24.846666666666668,1941455015.6349907
MBT,M2,cPTAC,Measure,CZ03,24.846666666666668,1933999396.0288823
MBT,M2,cPVVG,Base,CZ03,24.846666666666668,1875445927.878633
MBT,M2,cPVVG,Measure,CZ03,24.846666666666668,1871735684.966054
MBT,M3,cDXGF,Base,CZ03,24.846666666666668,1912298500.519245
MBT,M3,cDXGF,Measure,CZ03,24.846666666666668,1856787210.2674394
MBT,M3,cDXHP,Base,CZ03,24.846666666666668,1892027194.067888
MBT,M3,cDXHP,Measure,CZ03,24.846666666666668,1836334571.4013453
MBT,M3,cPTAC,Base,CZ03,24.846666666666668,1912298500.5212703
MBT,M3,cPTAC,Measure,CZ03,24.846666666666668,1856787210.2690222
MBT,M3,cPVVG,Base,CZ03,24.846666666666668,1903226846.9873033
MBT,M3,cPVVG,Measure,CZ03,24.846666666666668,1848149582.3994799
MBT,M4,cDXGF,Base,CZ03,24.846666666666668,1923806786.2914095
MBT,M4,cDXGF,Measure,CZ03,24.846666666666668,1929777783.8477263
MBT,M4,cDXHP,Base,CZ03,24.846666666666668,1920488746.2525165
MBT,M4,cDXHP,Measure,CZ03,24.846666666666668,1926490861.112654
MBT,M4,cPTAC,Base,CZ03,24.846666666666668,1923806324.9520285
MBT,M4,cPTAC,Measure,CZ03,24.846666666666668,1929777783.8502545
MBT,M4,cPVVG,Base,CZ03,24.846666666666668,1849658427.3140068
MBT,M4,cPVVG,Measure,CZ03,24.846666666666668,1863940718.4746454
MBT,M5,cDXGF,Base,CZ03,24.846666666666668,1916320819.7420824
MBT,M5,cDXGF,Measure,CZ03,24.846666666666668,1860168530.8991435
MBT,M5,cDXHP,Base,CZ03,24.846666666666668,1900346713.1430147
MBT,M5,cDXHP,Measure,CZ03,24.846666666666668,1843261470.7777038
MBT,M5,cPTAC,Base,CZ03,24.846666666666668,1916320819.7420914
MBT,M5,cPTAC,Measure,CZ03,24.846666666666668,1860168530.8984993
MBT,M5,cPVVG,Base,CZ03,24.846666666666668,1907197215.8474565
MBT,M5,cPVVG,Measure,CZ03,24.846666666666668,1851496816.1408525
MLI,M1,cDXGF,Base,CZ03,24.846666666666668,773640045.6604135
MLI,M1,cDXGF,Measure,CZ03,24.846666666666668,776012260.1819264
MLI,M1,cDXHP,Base,CZ03,24.846666666666668,773324887.0041928
MLI,M1,cDXHP,Measure,CZ03,24.846666666666668,775698161.4005487
MLI,M1,cPTAC,Base,CZ03,24.846666666666668,773640045.1225716
MLI,M1,cPTAC,Measure,CZ03,24.846666666666668,776012259.9994946
MLI,M1,cPVVG,Base,CZ03,24.846666666666668,635921671.0785495
MLI,M1,cPVVG,Measure,CZ03,24.846666666666668,649168049.9748725
MLI,M2,cDXGF,Base,CZ03,24.846666666666668,816631520.8994331
MLI,M2,cDXGF,Measure,CZ03,24.846666666666668,807255397.6794639
MLI,M2,cDXHP,Base,CZ03,24.846666666666668,818195000.3256307
MLI,M2,cDXHP,Measure,CZ03,24.846666666666668,808509234.23195
MLI,M2,cPTAC,Base,CZ03,24.846666666666668,816631520.8994504
MLI,M2,cPTAC,Measure,CZ03,24.846666666666668,807255397.6794502
MLI,M2,cPVVG,Base,CZ03,24.846666666666668,685045690.6057789
MLI,M2,cPVVG,Measure,CZ03,24.846666666666668,680844958.9876064
MLI,M3,cDXGF,Base,CZ03,24.846666666666668,710561591.1773297
MLI,M3,cDXGF,Measure,CZ03,24.846666666666668,660686970.5367627
MLI,M3,cDXHP,Base,CZ03,24.846666666666668,691361608.4690611
MLI,M3,cDXHP,Measure,CZ03,24.846666666666668,641544225.9228079
MLI,M3,cPTAC,Base,CZ03,24.846666666666668,710561591.1767516
MLI,M3,cPTAC,Measure,CZ03,24.846666666666668,660686970.5362576
MLI,M3,cPVVG,Base,CZ03,24.846666666666668,691727535.58722
MLI,M3,cPVVG,Measure,CZ03,24.846666666666668,642934236.6554171
MLI,M4,cDXGF,Base,CZ03,24.846666666666668,801963216.7844601
MLI,M4,cDXGF,Measure,CZ03,24.846666666666668,804640279.3817737
MLI,M4,cDXHP,Base,CZ03,24.846666666666668,802056552.5296495
MLI,M4,cDXHP,Measure,CZ03,24.846666666666668,804904024.4766887
MLI,M4,cPTAC,Base,CZ03,24.846666666666668,801963216.1158024
MLI,M4,cPTAC,Measure,CZ03,24.846666666666668,804640279.1565188
MLI,M4,cPVVG,Base,CZ03,24.846666666666668,655594610.5215855
MLI,M4,cPVVG,Measure,CZ03,24.846666666666668,670316820.4062992
MLI,M5,cDXGF,Base,CZ03,24.846666666666668,720903486.8295934
MLI,M5,cDXGF,Measure,CZ03,24.846666666666668,669383392.916611
MLI,M5,cDXHP,Base,CZ03,24.846666666666668,703735373.1022531
MLI,M5,cDXHP,Measure,CZ03,24.846666666666668,651831578.8008325
MLI,M5,cPTAC,Base,CZ03,24.846666666666668,720903486.8275647
MLI,M5,cPTAC,Measure,CZ03,24.846666666666668,669383392.9148772
MLI,M5,cPVVG,Base,CZ03,24.846666666666668,701325496.941522
MLI,M5,cPVVG,Measure,CZ03,24.846666666666668,650988014.6652501
OfS,M1,cDXGF,Base,CZ03,24.846666666666668,108282751.7654345
OfS,M1,cDXGF,Measure,CZ03,24.846666666666668,107983975.86789672
OfS,M1,cDXHP,Base,CZ03,24.846666666666668,108237916.65042824
OfS,M1,cDXHP,Measure,CZ03,24.846666666666668,107932174.06085745
OfS,M1,cPTAC,Base,CZ03,24.846666666666668,108289639.53298026
OfS,M1,cPTAC,Measure,CZ03,24.846666666666668,107990707.52694736
OfS,M1,cPVVG,Base,CZ03,24.846666666666668,94408250.72446008
OfS,M1,cPVVG,Measure,CZ03,24.846666666666668,94851969.443882
OfS,M2,cDXGF,Base,CZ03,24.846666666666668,114070574.20263384
OfS,M2,cDXGF,Measure,CZ03,24.846666666666668,113058657.0764596
OfS,M2,cDXHP,Base,CZ03,24.846666666666668,113880704.32446718
OfS,M2,cDXHP,Measure,CZ03,24.846666666666668,112860777.39193909
OfS,M2,cPTAC,Base,CZ03,24.846666666666668,114070574.20263325
OfS,M2,cPTAC,Measure,CZ03,24.846666666666668,113058657.07645985
OfS,M2,cPVVG,Base,CZ03,24.846666666666668,100331008.42390022
OfS,M2,cPVVG,Measure,CZ03,24.846666666666668,99803001.98552546
OfS,M3,cDXGF,Base,CZ03,24.846666666666668,105245978.65097538
OfS,M3,cDXGF,Measure,CZ03,24.846666666666668,95111970.71599256
OfS,M3,cDXHP,Base,CZ03,24.846666666666668,102839062.78459886
OfS,M3,cDXHP,Measure,CZ03,24.846666666666668,92715281.5707202
OfS,M3,cPTAC,Base,CZ03,24.846666666666668,105245978.65097387
OfS,M3,cPTAC,Measure,CZ03,24.846666666666668,95111985.16116574
OfS,M3,cPVVG,Base,CZ03,24.846666666666668,103546880.65166219
OfS,M3,cPVVG,Measure,CZ03,24.846666666666668,93493728.97943845
OfS,M4,cDXGF,Base,CZ03,24.846666666666668,113593872.72594197
OfS,M4,cDXGF,Measure,CZ03,24.846666666666668,113292012.07102084
OfS,M4,cDXHP,Base,CZ03,24.846666666666668,113330393.57530512
OfS,M4,cDXHP,Measure,CZ03,24.846666666666668,113027891.72439027
OfS,M4,cPTAC,Base,CZ03,24.846666666666668,113593872.7255885
OfS,M4,cPTAC,Measure,CZ03,24.846666666666668,113292012.07075128
OfS,M4,cPVVG,Base,CZ03,24.846666666666668,99516365.6755761
OfS,M4,cPVVG,Measure,CZ03,24.846666666666668,99986903.48442204
OfS,M5,cDXGF,Base,CZ03,24.846666666666668,106791504.70684476
OfS,M5,cDXGF,Measure,CZ03,24.846666666666668,96411023.6135181
OfS,M5,cDXHP,Base,CZ03,24.846666666666668,104282779.40497991
OfS,M5,cDXHP,Measure,CZ03,24.846666666666668,93921095.4988439
OfS,M5,cPTAC,Base,CZ03,24.846666666666668,106791504.70683998
OfS,M5,cPTAC,Measure,CZ03,24.846666666666668,96411040.32336624
OfS,M5,cPVVG,Base,CZ03,24.846666666666668,105105768.09655327
OfS,M5,cPVVG,Measure,CZ03,24.846666666666668,94806959.94961593
RFF,M1,cDXGF,Base,CZ03,24.846666666666668,41926278.36880473
RFF,M1,cDXGF,Measure,CZ03,24.846666666666668,41975898.77133814
RFF,M1,cDXHP,Base,CZ03,24.846666666666668,41865187.03056958
RFF,M1,cDXHP,Measure,CZ03,24.846666666666668,41914039.34184622
RFF,M1,cPTAC,Base,CZ03,24.846666666666668,41925419.12769057
RFF,M1,cPTAC,Measure,CZ03,24.846666666666668,41975587.1983334
RFF,M1,cPVVG,Base,CZ03,24.846666666666668,39300819.56877126
RFF,M1,cPVVG,Measure,CZ03,24.846666666666668,39452778.078488216
RFF,M2,cDXGF,Base,CZ03,24.846666666666668,43671014.44579416
RFF,M2,cDXGF,Measure,CZ03,24.846666666666668,43560654.75425756
RFF,M2,cDXHP,Base,CZ03,24.846666666666668,43744300.21312383
RFF,M2,cDXHP,Measure,CZ03,24.846666666666668,43628822.990626216
RFF,M2,cPTAC,Base,CZ03,24.846666666666668,43671014.445787355
RFF,M2,cPTAC,Measure,CZ03,24.846666666666668,43560654.75425986
RFF,M2,cPVVG,Base,CZ03,24.846666666666668,41239129.3833336
RFF,M2,cPVVG,Measure,CZ03,24.846666666666668,41184475.55121776
RFF,M3,cDXGF,Base,CZ03,24.846666666666668,43479683.18632125
RFF,M3,cDXGF,Measure,CZ03,24.846666666666668,40702990.53764057
RFF,M3,cDXHP,Base,CZ03,24.846666666666668,42745896.53161372
RFF,M3,cDXHP,Measure,CZ03,24.846666666666668,39940720.159898445
RFF,M3,cPTAC,Base,CZ03,24.846666666666668,43479683.18631096
RFF,M3,cPTAC,Measure,CZ03,24.846666666666668,40702990.53763189
RFF,M3,cPVVG,Base,CZ03,24.846666666666668,43065030.2140817
RFF,M3,cPVVG,Measure,CZ03,24.846666666666668,40308664.883738376
RFF,M4,cDXGF,Base,CZ03,24.846666666666668,43116636.96791987
RFF,M4,cDXGF,Measure,CZ03,24.846666666666668,43166435.88618944
RFF,M4,cDXHP,Base,CZ03,24.846666666666668,43075195.09029733
RFF,M4,cDXHP,Measure,CZ03,24.846666666666668,43126283.735947356
RFF,M4,cPTAC,Base,CZ03,24.846666666666668,43115755.10168867
RFF,M4,cPTAC,Measure,CZ03,24.846666666666668,43166118.902358145
RFF,M4,cPVVG,Base,CZ03,24.846666666666668,40389868.81581624
RFF,M4,cPVVG,Measure,CZ03,24.846666666666668,40539759.86305681
RFF,M5,cDXGF,Base,CZ03,24.846666666666668,43726652.30623086
RFF,M5,cDXGF,Measure,CZ03,24.846666666666668,40909629.888166696
RFF,M5,cDXHP,Base,CZ03,24.846666666666668,43263958.62226518
RFF,M5,cDXHP,Measure,CZ03,24.846666666666668,40370918.93824925
RFF,M5,cPTAC,Base,CZ03,24.846666666666668,43726652.30623091
RFF,M5,cPTAC,Measure,CZ03,24.846666666666668,40909629.88816495
RFF,M5,cPVVG,Base,CZ03,24.846666666666668,43321837.95752664
RFF,M5,cPVVG,Measure,CZ03,24.846666666666668,40525171.68519859
Rt3,M1,cDXGF,Base,CZ03,24.846666666666668,1535155693.1222117
Rt3,M1,cDXGF,Measure,CZ03,24.846666666666668,1562731476.524338
Rt3,M1,cDXHP,Base,CZ03,24.846666666666668,1533875294.4030786
Rt3,M1,cDXHP,Measure,CZ03,24.846666666666668,1559884581.3855987
Rt3,M1,cPTAC,Base,CZ03,24.846666666666668,1534938901.1010613
Rt3,M1,cPTAC,Measure,CZ03,24.846666666666668,1562614865.7850962
Rt3,M1,cPVVG,Base,CZ03,24.846666666666668,1411584252.745497
Rt3,M1,cPVVG,Measure,CZ03,24.846666666666668,1467480883.6531594
Rt3,M2,cDXGF,Base,CZ03,24.846666666666668,1625294268.853912
Rt3,M2,cDXGF,Measure,CZ03,24.846666666666668,1604304039.7301881
Rt3,M2,cDXHP,Base,CZ03,24.846666666666668,1629255410.3762972
Rt3,M2,cDXHP,Measure,CZ03,24.846666666666668,1607028684.807158
Rt3,M2,cPTAC,Base,CZ03,24.846666666666668,1625294268.8538337
Rt3,M2,cPTAC,Measure,CZ03,24.846666666666668,1604302884.1588092
Rt3,M2,cPVVG,Base,CZ03,24.846666666666668,1520445902.4105346
Rt3,M2,cPVVG,Measure,CZ03,24.846666666666668,1508519299.1688612
Rt3,M3,cDXGF,Base,CZ03,24.846666666666668,1583828400.031851
Rt3,M3,cDXGF,Measure,CZ03,24.846666666666668,1484404599.8432584
Rt3,M3,cDXHP,Base,CZ03,24.846666666666668,1545707183.749736
Rt3,M3,cDXHP,Measure,CZ03,24.846666666666668,1445659074.495931
Rt3,M3,cPTAC,Base,CZ03,24.846666666666668,1583809634.2872484
Rt3,M3,cPTAC,Measure,CZ03,24.846666666666668,1484388686.557809
Rt3,M3,cPVVG,Base,CZ03,24.846666666666668,1569768541.418898
Rt3,M3,cPVVG,Measure,CZ03,24.846666666666668,1471000356.7952425
Rt3,M4,cDXGF,Base,CZ03,24.846666666666668,1571937091.1623964
Rt3,M4,cDXGF,Measure,CZ03,24.846666666666668,1598679610.656546
Rt3,M4,cDXHP,Base,CZ03,24.846666666666668,1571117138.0247955
Rt3,M4,cDXHP,Measure,CZ03,24.846666666666668,1597131386.7612884
Rt3,M4,cPTAC,Base,CZ03,24.846666666666668,1571706769.4528081
Rt3,M4,cPTAC,Measure,CZ03,24.846666666666668,1598555358.160354
Rt3,M4,cPVVG,Base,CZ03,24.846666666666668,1441134616.3306894
Rt3,M4,cPVVG,Measure,CZ03,24.846666666666668,1498039974.777379
Rt3,M5,cDXGF,Base,CZ03,24.846666666666668,1602962730.7541745
Rt3,M5,cDXGF,Measure,CZ03,24.846666666666668,1500536018.8917363
Rt3,M5,cDXHP,Base,CZ03,24.846666666666668,1582504993.8036942
Rt3,M5,cDXHP,Measure,CZ03,24.846666666666668,1476195763.4307306
Rt3,M5,cPTAC,Base,CZ03,24.846666666666668,1602796376.8967633
Rt3,M5,cPTAC,Measure,CZ03,24.846666666666668,1500395110.968471
Rt3,M5,cPVVG,Base,CZ03,24.846666666666668,1589231033.2180521
Rt3,M5,cPVVG,Measure,CZ03,24.846666666666668,1487483551.6684182
RtL,M1,cDXGF,Base,CZ03,24.846666666666668,1536363416.0984702
RtL,M1,cDXGF,Measure,CZ03,24.846666666666668,1562113147.5086925
RtL,M1,cDXHP,Base,CZ03,24.846666666666668,1534309017.6217883
RtL,M1,cDXHP,Measure,CZ03,24.846666666666668,1559849525.8091233
RtL,M1,cPTAC,Base,CZ03,24.846666666666668,1535796920.2281709
RtL,M1,cPTAC,Measure,CZ03,24.846666666666668,1561518743.0199652
RtL,M1,cPVVG,Base,CZ03,24.846666666666668,1416239625.3011446
RtL,M1,cPVVG,Measure,CZ03,24.846666666666668,1467041989.2062445
RtL,M2,cDXGF,Base,CZ03,24.846666666666668,1621579568.7714145
RtL,M2,cDXGF,Measure,CZ03,24.846666666666668,1600356209.956259
RtL,M2,cDXHP,Base,CZ03,24.846666666666668,1619175615.3468525
RtL,M2,cDXHP,Measure,CZ03,24.846666666666668,1597105749.962949
RtL,M2,cPTAC,Base,CZ03,24.846666666666668,1621579568.7713802
RtL,M2,cPTAC,Measure,CZ03,24.846666666666668,1600356209.9562695
RtL,M2,cPVVG,Base,CZ03,24.846666666666668,1514376050.5267477
RtL,M2,cPVVG,Measure,CZ03,24.846666666666668,1504262536.3472116
RtL,M3,cDXGF,Base,CZ03,24.846666666666668,1584944462.3017876
RtL,M3,cDXGF,Measure,CZ03,24.846666666666668,1486176586.3186796
RtL,M3,cDXHP,Base,CZ03,24.846666666666668,1557515062.9499688
RtL,M3,cDXHP,Measure,CZ03,24.846666666666668,1458069905.9406662
RtL,M3,cPTAC,Base,CZ03,24.846666666666668,1584944462.3019722
RtL,M3,cPTAC,Measure,CZ03,24.846666666666668,1486176586.3188977
RtL,M3,cPVVG,Base,CZ03,24.846666666666668,1570559872.3329842
RtL,M3,cPVVG,Measure,CZ03,24.846666666666668,1472469053.803589
RtL,M4,cDXGF,Base,CZ03,24.846666666666668,1571372531.522635
RtL,M4,cDXGF,Measure,CZ03,24.846666666666668,1597165111.7866924
RtL,M4,cDXHP,Base,CZ03,24.846666666666668,1569283050.7913022
RtL,M4,cDXHP,Measure,CZ03,24.846666666666668,1595001405.5440369
RtL,M4,cPTAC,Base,CZ03,24.846666666666668,1571278526.1959548
RtL,M4,cPTAC,Measure,CZ03,24.846666666666668,1597165111.7866006
RtL,M4,cPVVG,Base,CZ03,24.846666666666668,1443997491.7515361
RtL,M4,cPVVG,Measure,CZ03,24.846666666666668,1496102229.4192958
RtL,M5,cDXGF,Base,CZ03,24.846666666666668,1602491753.4290807
RtL,M5,cDXGF,Measure,CZ03,24.846666666666668,1500878693.1087465
RtL,M5,cDXHP,Base,CZ03,24.846666666666668,1598440188.3243032
RtL,M5,cDXHP,Measure,CZ03,24.846666666666668,1491944753.2118938
RtL,M5,cPTAC,Base,CZ03,24.846666666666668,1602491753.4287682
RtL,M5,cPTAC,Measure,CZ03,24.846666666666668,1500878693.1084256
RtL,M5,cPVVG,Base,CZ03,24.846666666666668,1588188912.5897422
RtL,M5,cPVVG,Measure,CZ03,24.846666666666668,1487290295.486737
RtS,M1,cDXGF,Base,CZ03,24.846666666666668,98854112.85427111
RtS,M1,cDXGF,Measure,CZ03,24.846666666666668,99685088.22608134
RtS,M1,cDXHP,Base,CZ03,24.846666666666668,98942717.15601271
RtS,M1,cDXHP,Measure,CZ03,24.846666666666668,99780322.56618778
RtS,M1,cPTAC,Base,CZ03,24.846666666666668,98841311.05799317
RtS,M1,cPTAC,Measure,CZ03,24.846666666666668,99680610.20531327
RtS,M1,cPVVG,Base,CZ03,24.846666666666668,89563724.4355202
RtS,M1,cPVVG,Measure,CZ03,24.846666666666668,91672441.25597507
RtS,M2,cDXGF,Base,CZ03,24.846666666666668,104030848.1577857
RtS,M2,cDXGF,Measure,CZ03,24.846666666666668,102670874.6489162
RtS,M2,cDXHP,Base,CZ03,24.846666666666668,104230227.32563499
RtS,M2,cDXHP,Measure,CZ03,24.846666666666668,102810951.54115309
RtS,M2,cPTAC,Base,CZ03,24.846666666666668,104030848.1577805
RtS,M2,cPTAC,Measure,CZ03,24.846666666666668,102670874.64891762
RtS,M2,cPVVG,Base,CZ03,24.846666666666668,95105491.17378339
RtS,M2,cPVVG,Measure,CZ03,24.846666666666668,94454344.69974977
RtS,M3,cDXGF,Base,CZ03,24.846666666666668,100734323.36701527
RtS,M3,cDXGF,Measure,CZ03,24.846666666666668,93294079.67423278
RtS,M3,cDXHP,Base,CZ03,24.846666666666668,98707108.94909382
RtS,M3,cDXHP,Measure,CZ03,24.846666666666668,91215979.30544594
RtS,M3,cPTAC,Base,CZ03,24.846666666666668,100734323.36699027
RtS,M3,cPTAC,Measure,CZ03,24.846666666666668,93294079.67421429
RtS,M3,cPVVG,Base,CZ03,24.846666666666668,99364549.40109928
RtS,M3,cPVVG,Measure,CZ03,24.846666666666668,91994756.14762202
RtS,M4,cDXGF,Base,CZ03,24.846666666666668,101767442.20554969
RtS,M4,cDXGF,Measure,CZ03,24.846666666666668,102618145.41133754
RtS,M4,cDXHP,Base,CZ03,24.846666666666668,101932268.75935218
RtS,M4,cDXHP,Measure,CZ03,24.846666666666668,102807959.89430639
RtS,M4,cPTAC,Base,CZ03,24.846666666666668,101753303.04551071
RtS,M4,cPTAC,Measure,CZ03,24.846666666666668,102613190.73667522
RtS,M4,cPVVG,Base,CZ03,24.846666666666668,92039140.18251196
RtS,M4,cPVVG,Measure,CZ03,24.846666666666668,94179442.24078174
RtS,M5,cDXGF,Base,CZ03,24.846666666666668,102702697.83185214
RtS,M5,cDXGF,Measure,CZ03,24.846666666666668,94944297.46813677
RtS,M5,cDXHP,Base,CZ03,24.846666666666668,101630900.78974333
RtS,M5,cDXHP,Measure,CZ03,24.846666666666668,93641618.7722075
RtS,M5,cPTAC,Base,CZ03,24.846666666666668,102702697.86241958
RtS,M5,cPTAC,Measure,CZ03,24.846666666666668,94944297.49387763
RtS,M5,cPVVG,Base,CZ03,24.846666666666668,101314263.87214123
RtS,M5,cPVVG,Measure,CZ03,24.846666666666668,93632723.51118194
SCn,M1,cDXGF,Base,CZ03,24.846666666666668,1498343554.7298357
SCn,M1,cDXGF,Measure,CZ03,24.846666666666668,1557736953.677265
SCn,M1,cDXHP,Base,CZ03,24.846666666666668,1503744417.564092
SCn,M1,cDXHP,Measure,CZ03,24.846666666666668,1563691920.672278
SCn,M1,cPTAC,Base,CZ03,24.846666666666668,1488196979.8526506
SCn,M1,cPTAC,Measure,CZ03,24.846666666666668,1557320348.7543843
SCn,M1,cPVVG,Base,CZ03,24.846666666666668,1383550806.8808565
SCn,M1,cPVVG,Measure,CZ03,24.846666666666668,1443189819.214869
SCn,M2,cDXGF,Base,CZ03,24.846666666666668,1640367812.888559
SCn,M2,cDXGF,Measure,CZ03,24.846666666666668,1619975352.7002652
SCn,M2,cDXHP,Base,CZ03,24.846666666666668,1645546149.3788075
SCn,M2,cDXHP,Measure,CZ03,24.846666666666668,1624196966.7925458
SCn,M2,cPTAC,Base,CZ03,24.846666666666668,1640367812.8884592
SCn,M2,cPTAC,Measure,CZ03,24.846666666666668,1619975352.7003284
SCn,M2,cPVVG,Base,CZ03,24.846666666666668,1522265763.192344
SCn,M2,cPVVG,Measure,CZ03,24.846666666666668,1508224434.0491104
SCn,M3,cDXGF,Base,CZ03,24.846666666666668,1584840611.1129372
SCn,M3,cDXGF,Measure,CZ03,24.846666666666668,1476837872.5514586
SCn,M3,cDXHP,Base,CZ03,24.846666666666668,1575277631.4839275
SCn,M3,cDXHP,Measure,CZ03,24.846666666666668,1465344716.3335433
SCn,M3,cPTAC,Base,CZ03,24.846666666666668,1584840611.1129184
SCn,M3,cPTAC,Measure,CZ03,24.846666666666668,1476837872.551483
SCn,M3,cPVVG,Base,CZ03,24.846666666666668,1522976994.035691
SCn,M3,cPVVG,Measure,CZ03,24.846666666666668,1419008426.8019984
SCn,M4,cDXGF,Base,CZ03,24.846666666666668,1503082742.4493513
SCn,M4,cDXGF,Measure,CZ03,24.846666666666668,1563025038.2699301
SCn,M4,cDXHP,Base,CZ03,24.846666666666668,1508515578.784402
SCn,M4,cDXHP,Measure,CZ03,24.846666666666668,1569125035.0808492
SCn,M4,cPTAC,Base,CZ03,24.846666666666668,1492799350.1881638
SCn,M4,cPTAC,Measure,CZ03,24.846666666666668,1562602955.9449155
SCn,M4,cPVVG,Base,CZ03,24.846666666666668,1383550806.734934
SCn,M4,cPVVG,Measure,CZ03,24.846666666666668,1443189819.4690034
SCn,M5,cDXGF,Base,CZ03,24.846666666666668,1693541986.0429199
SCn,M5,cDXGF,Measure,CZ03,24.846666666666668,1567426313.8480694
SCn,M5,cDXHP,Base,CZ03,24.846666666666668,1698448718.9128838
SCn,M5,cDXHP,Measure,CZ03,24.846666666666668,1567268863.18366
SCn,M5,cPTAC,Base,CZ03,24.846666666666668,1693541986.0430171
SCn,M5,cPTAC,Measure,CZ03,24.846666666666668,1567426313.848011
SCn,M5,cPVVG,Base,CZ03,24.846666666666668,1604522134.9481893
SCn,M5,cPVVG,Measure,CZ03,24.846666666666668,1486593786.2995117
Asm,M1,cDXGF,Base,CZ04,35.86611111111111,773822112.5846107
Asm,M1,cDXGF,Measure,CZ04,35.86611111111111,788746533.776059
Asm,M1,cDXHP,Base,CZ04,35.86611111111111,775065034.7873894
Asm,M1,cDXHP,Measure,CZ04,35.86611111111111,790169329.7221713
Asm,M1,cPTAC,Base,CZ04,35.86611111111111,773699784.0198674
Asm,M1,cPTAC,Measure,CZ04,35.86611111111111,788735737.7374399
Asm,M1,cPVVG,Base,CZ04,35.86611111111111,738004775.8093449
Asm,M1,cPVVG,Measure,CZ04,35.86611111111111,761243152.8735757
Asm,M2,cDXGF,Base,CZ04,35.86611111111111,650792401.0799022
Asm,M2,cDXGF,Measure,CZ04,35.86611111111111,647939267.5354878
Asm,M2,cDXHP,Base,CZ04,35.86611111111111,651290457.0631642
Asm,M2,cDXHP,Measure,CZ04,35.86611111111111,648410490.0550721
Asm,M2,cPTAC,Base,CZ04,35.86611111111111,650792401.0798986
Asm,M2,cPTAC,Measure,CZ04,35.86611111111111,647939267.5354902
Asm,M2,cPVVG,Base,CZ04,35.86611111111111,593408190.0290481
Asm,M2,cPVVG,Measure,CZ04,35.86611111111111,590590475.1590616
Asm,M3,cDXGF,Base,CZ04,35.86611111111111,660512345.6101044
Asm,M3,cDXGF,Measure,CZ04,35.86611111111111,584434393.3843716
Asm,M3,cDXHP,Base,CZ04,35.86611111111111,659272875.139969
Asm,M3,cDXHP,Measure,CZ04,35.86611111111111,583090296.3758732
Asm,M3,cPTAC,Base,CZ04,35.86611111111111,660512345.610122
Asm,M3,cPTAC,Measure,CZ04,35.86611111111111,584434393.3843926
Asm,M3,cPVVG,Base,CZ04,35.86611111111111,652393739.1730732
Asm,M3,cPVVG,Measure,CZ04,35.86611111111111,576775696.0292456
Asm,M4,cDXGF,Base,CZ04,35.86611111111111,773822349.0934097
Asm,M4,cDXGF,Measure,CZ04,35.86611111111111,788747677.3258612
Asm,M4,cDXHP,Base,CZ04,35.86611111111111,775065304.1395413
Asm,M4,cDXHP,Measure,CZ04,35.86611111111111,790170421.4422505
Asm,M4,cPTAC,Base,CZ04,35.86611111111111,773699996.0181674
Asm,M4,cPTAC,Measure,CZ04,35.86611111111111,788736970.2798363
Asm,M4,cPVVG,Base,CZ04,35.86611111111111,738004824.280803
Asm,M4,cPVVG,Measure,CZ04,35.86611111111111,761248816.1338036
Asm,M5,cDXGF,Base,CZ04,35.86611111111111,778609423.400215
Asm,M5,cDXGF,Measure,CZ04,35.86611111111111,682131418.4386455
Asm,M5,cDXHP,Base,CZ04,35.86611111111111,773213205.4906832
Asm,M5,cDXHP,Measure,CZ04,35.86611111111111,677280383.1409459
Asm,M5,cPTAC,Base,CZ04,35.86611111111111,778609423.4002303
Asm,M5,cPTAC,Measure,CZ04,35.86611111111111,682131418.4386477
Asm,M5,cPVVG,Base,CZ04,35.86611111111111,771477692.9604008
Asm,M5,cPVVG,Measure,CZ04,35.86611111111111,675506486.2800661
ECC,M1,cDXGF,Base,CZ04,35.86611111111111,2463433464.713832
ECC,M1,cDXGF,Measure,CZ04,35.86611111111111,2483866818.703177
ECC,M1,cDXHP,Base,CZ04,35.86611111111111,2477623492.257114
ECC,M1,cDXHP,Measure,CZ04,35.86611111111111,2498565944.992328
ECC,M1,cPTAC,Base,CZ04,35.86611111111111,2463432091.1669607
ECC,M1,cPTAC,Measure,CZ04,35.86611111111111,2483866818.6993666
ECC,M1,cPVVG,Base,CZ04,35.86611111111111,2308469342.1820436
ECC,M1,cPVVG,Measure,CZ04,35.86611111111111,2355481132.8131876
ECC,M2,cDXGF,Base,CZ04,35.86611111111111,2236022993.4411025
ECC,M2,cDXGF,Measure,CZ04,35.86611111111111,2216687341.432344
ECC,M2,cDXHP,Base,CZ04,35.86611111111111,2231414364.572745
ECC,M2,cDXHP,Measure,CZ04,35.86611111111111,2211728108.342666
ECC,M2,cPTAC,Base,CZ04,35.86611111111111,2236022993.3635535
ECC,M2,cPTAC,Measure,CZ04,35.86611111111111,2216687341.4312296
ECC,M2,cPVVG,Base,CZ04,35.86611111111111,2033364059.051473
ECC,M2,cPVVG,Measure,CZ04,35.86611111111111,2017702767.4421437
ECC,M3,cDXGF,Base,CZ04,35.86611111111111,2176439948.093715
ECC,M3,cDXGF,Measure,CZ04,35.86611111111111,2001306334.7607563
ECC,M3,cDXHP,Base,CZ04,35.86611111111111,2159073339.649514
ECC,M3,cDXHP,Measure,CZ04,35.86611111111111,1982535949.2476108
ECC,M3,cPTAC,Base,CZ04,35.86611111111111,2176439948.094165
ECC,M3,cPTAC,Measure,CZ04,35.86611111111111,2001306334.771088
ECC,M3,cPVVG,Base,CZ04,35.86611111111111,2151419183.3908005
ECC,M3,cPVVG,Measure,CZ04,35.86611111111111,1977719439.0966456
ECC,M4,cDXGF,Base,CZ04,35.86611111111111,2463433484.5592237
ECC,M4,cDXGF,Measure,CZ04,35.86611111111111,2483879830.546544
ECC,M4,cDXHP,Base,CZ04,35.86611111111111,2477623094.3371983
ECC,M4,cDXHP,Measure,CZ04,35.86611111111111,2498578381.459001
ECC,M4,cPTAC,Base,CZ04,35.86611111111111,2463432111.865004
ECC,M4,cPTAC,Measure,CZ04,35.86611111111111,2483879830.543749
ECC,M4,cPVVG,Base,CZ04,35.86611111111111,2308468494.3143
ECC,M4,cPVVG,Measure,CZ04,35.86611111111111,2355509335.874608
ECC,M5,cDXGF,Base,CZ04,35.86611111111111,2338930146.4354157
ECC,M5,cDXGF,Measure,CZ04,35.86611111111111,2136439788.8457563
ECC,M5,cDXHP,Base,CZ04,35.86611111111111,2300872250.0552077
ECC,M5,cDXHP,Measure,CZ04,35.86611111111111,2099633483.7865865
ECC,M5,cPTAC,Base,CZ04,35.86611111111111,2338930146.4389334
ECC,M5,cPTAC,Measure,CZ04,35.86611111111111,2136439788.8484697
ECC,M5,cPVVG,Base,CZ04,35.86611111111111,2312957850.436357
ECC,M5,cPVVG,Measure,CZ04,35.86611111111111,2112175122.8632176
Epr,M1,cDXGF,Base,CZ04,35.86611111111111,352570386.8821178
Epr,M1,cDXGF,Measure,CZ04,35.86611111111111,357997057.95848787
Epr,M1,cDXHP,Base,CZ04,35.86611111111111,355709925.1607373
Epr,M1,cDXHP,Measure,CZ04,35.86611111111111,361409844.80001044
Epr,M1,cPTAC,Base,CZ04,35.86611111111111,352562572.33721775
Epr,M1,cPTAC,Measure,CZ04,35.86611111111111,357996865.02236885
Epr,M1,cPVVG,Base,CZ04,35.86611111111111,328706504.8845131
Epr,M1,cPVVG,Measure,CZ04,35.86611111111111,339296334.07297415
Epr,M2,cDXGF,Base,CZ04,35.86611111111111,303817258.3941227
Epr,M2,cDXGF,Measure,CZ04,35.86611111111111,300236784.0569816
Epr,M2,cDXHP,Base,CZ04,35.86611111111111,302904488.4468494
Epr,M2,cDXHP,Measure,CZ04,35.86611111111111,299256159.4633096
Epr,M2,cPTAC,Base,CZ04,35.86611111111111,303817258.3941216
Epr,M2,cPTAC,Measure,CZ04,35.86611111111111,300236784.0570345
Epr,M2,cPVVG,Base,CZ04,35.86611111111111,269746582.66043043
Epr,M2,cPVVG,Measure,CZ04,35.86611111111111,266984631.50289708
Epr,M3,cDXGF,Base,CZ04,35.86611111111111,293348077.5455124
Epr,M3,cDXGF,Measure,CZ04,35.86611111111111,264281557.2008258
Epr,M3,cDXHP,Base,CZ04,35.86611111111111,290377864.9796707
Epr,M3,cDXHP,Measure,CZ04,35.86611111111111,261018657.44079718
Epr,M3,cPTAC,Base,CZ04,35.86611111111111,293348511.627375
Epr,M3,cPTAC,Measure,CZ04,35.86611111111111,264281557.2011122
Epr,M3,cPVVG,Base,CZ04,35.86611111111111,289230257.0569457
Epr,M3,cPVVG,Measure,CZ04,35.86611111111111,260400615.10921332
Epr,M4,cDXGF,Base,CZ04,35.86611111111111,352570878.46123767
Epr,M4,cDXGF,Measure,CZ04,35.86611111111111,358000063.76159674
Epr,M4,cDXHP,Base,CZ04,35.86611111111111,355710305.07323194
Epr,M4,cDXHP,Measure,CZ04,35.86611111111111,361412814.07494867
Epr,M4,cPTAC,Base,CZ04,35.86611111111111,352562475.8467338
Epr,M4,cPTAC,Measure,CZ04,35.86611111111111,357999869.1939258
Epr,M4,cPVVG,Base,CZ04,35.86611111111111,328706636.4798243
Epr,M4,cPVVG,Measure,CZ04,35.86611111111111,339302944.07747346
Epr,M5,cDXGF,Base,CZ04,35.86611111111111,332622275.77094287
Epr,M5,cDXGF,Measure,CZ04,35.86611111111111,296968054.011288
Epr,M5,cDXHP,Base,CZ04,35.86611111111111,319418288.3679417
Epr,M5,cDXHP,Measure,CZ04,35.86611111111111,284981693.55256224
Epr,M5,cPTAC,Base,CZ04,35.86611111111111,332622418.9584338
Epr,M5,cPTAC,Measure,CZ04,35.86611111111111,296968054.01139426
Epr,M5,cPVVG,Base,CZ04,35.86611111111111,328409355.2335408
Epr,M5,cPVVG,Measure,CZ04,35.86611111111111,293047622.2989591
ERC,M1,cDXGF,Base,CZ04,35.86611111111111,15124823.29001635
ERC,M1,cDXGF,Measure,CZ04,35.86611111111111,15232852.894793998
ERC,M1,cDXHP,Base,CZ04,35.86611111111111,15298098.204572285
ERC,M1,cDXHP,Measure,CZ04,35.86611111111111,15410403.944652088
ERC,M1,cPTAC,Base,CZ04,35.86611111111111,15124817.222180368
ERC,M1,cPTAC,Measure,CZ04,35.86611111111111,15232852.894792875
ERC,M1,cPVVG,Base,CZ04,35.86611111111111,13985928.79011873
ERC,M1,cPVVG,Measure,CZ04,35.86611111111111,14252257.728249101
ERC,M2,cDXGF,Base,CZ04,35.86611111111111,13185694.766558938
ERC,M2,cDXGF,Measure,CZ04,35.86611111111111,13048556.890205659
ERC,M2,cDXHP,Base,CZ04,35.86611111111111,13102921.6025506
ERC,M2,cDXHP,Measure,CZ04,35.86611111111111,12961409.153070547
ERC,M2,cPTAC,Base,CZ04,35.86611111111111,13185694.766559036
ERC,M2,cPTAC,Measure,CZ04,35.86611111111111,13048556.890205422
ERC,M2,cPVVG,Base,CZ04,35.86611111111111,11487232.356945312
ERC,M2,cPVVG,Measure,CZ04,35.86611111111111,11388799.850380948
ERC,M3,cDXGF,Base,CZ04,35.86611111111111,12901405.669624127
ERC,M3,cDXGF,Measure,CZ04,35.86611111111111,11336659.195771107
ERC,M3,cDXHP,Base,CZ04,35.86611111111111,12758431.286631638
ERC,M3,cDXHP,Measure,CZ04,35.86611111111111,11168179.212141244
ERC,M3,cPTAC,Base,CZ04,35.86611111111111,12901405.669623943
ERC,M3,cPTAC,Measure,CZ04,35.86611111111111,11336659.195771456
ERC,M3,cPVVG,Base,CZ04,35.86611111111111,12687363.288533479
ERC,M3,cPVVG,Measure,CZ04,35.86611111111111,11134736.26887704
ERC,M4,cDXGF,Base,CZ04,35.86611111111111,15124846.823799532
ERC,M4,cDXGF,Measure,CZ04,35.86611111111111,15232864.72080192
ERC,M4,cDXHP,Base,CZ04,35.86611111111111,15298115.209319085
ERC,M4,cDXHP,Measure,CZ04,35.86611111111111,15410424.20978245
ERC,M4,cPTAC,Base,CZ04,35.86611111111111,15124840.740465704
ERC,M4,cPTAC,Measure,CZ04,35.86611111111111,15232864.720800955
ERC,M4,cPVVG,Base,CZ04,35.86611111111111,13985930.37407356
ERC,M4,cPVVG,Measure,CZ04,35.86611111111111,14252298.05916318
ERC,M5,cDXGF,Base,CZ04,35.86611111111111,14346874.321490198
ERC,M5,cDXGF,Measure,CZ04,35.86611111111111,12538140.919328395
ERC,M5,cDXHP,Base,CZ04,35.86611111111111,14146367.313823216
ERC,M5,cDXHP,Measure,CZ04,35.86611111111111,12312623.656766286
ERC,M5,cPTAC,Base,CZ04,35.86611111111111,14346874.321490131
ERC,M5,cPTAC,Measure,CZ04,35.86611111111111,12538140.919327779
ERC,M5,cPVVG,Base,CZ04,35.86611111111111,14126846.14427341
ERC,M5,cPVVG,Measure,CZ04,35.86611111111111,12332380.736479612
Ese,M1,cDXGF,Base,CZ04,35.86611111111111,985178598.7181438
Ese,M1,cDXGF,Measure,CZ04,35.86611111111111,995191826.8741208
Ese,M1,cDXHP,Base,CZ04,35.86611111111111,988707002.0149771
Ese,M1,cDXHP,Measure,CZ04,35.86611111111111,998894273.7295043
Ese,M1,cPTAC,Base,CZ04,35.86611111111111,985174608.7205386
Ese,M1,cPTAC,Measure,CZ04,35.86611111111111,995191826.8740947
Ese,M1,cPVVG,Base,CZ04,35.86611111111111,963429501.2096058
Ese,M1,cPVVG,Measure,CZ04,35.86611111111111,977425858.0201079
Ese,M2,cDXGF,Base,CZ04,35.86611111111111,878974214.2936308
Ese,M2,cDXGF,Measure,CZ04,35.86611111111111,867750965.2123684
Ese,M2,cDXHP,Base,CZ04,35.86611111111111,878445159.4888691
Ese,M2,cDXHP,Measure,CZ04,35.86611111111111,867143334.132351
Ese,M2,cPTAC,Base,CZ04,35.86611111111111,878974214.2936351
Ese,M2,cPTAC,Measure,CZ04,35.86611111111111,867750965.2125002
Ese,M2,cPVVG,Base,CZ04,35.86611111111111,849785215.4870018
Ese,M2,cPVVG,Measure,CZ04,35.86611111111111,838810376.4845674
Ese,M3,cDXGF,Base,CZ04,35.86611111111111,865938432.4442569
Ese,M3,cDXGF,Measure,CZ04,35.86611111111111,833268193.8213601
Ese,M3,cDXHP,Base,CZ04,35.86611111111111,861705921.7270833
Ese,M3,cDXHP,Measure,CZ04,35.86611111111111,828690531.0097317
Ese,M3,cPTAC,Base,CZ04,35.86611111111111,865938432.4442482
Ese,M3,cPTAC,Measure,CZ04,35.86611111111111,833268193.8212619
Ese,M3,cPVVG,Base,CZ04,35.86611111111111,861825049.1530086
Ese,M3,cPVVG,Measure,CZ04,35.86611111111111,829385787.871688
Ese,M4,cDXGF,Base,CZ04,35.86611111111111,985179056.9776922
Ese,M4,cDXGF,Measure,CZ04,35.86611111111111,995193139.8266476
Ese,M4,cDXHP,Base,CZ04,35.86611111111111,988707499.4267287
Ese,M4,cDXHP,Measure,CZ04,35.86611111111111,998895581.3551317
Ese,M4,cPTAC,Base,CZ04,35.86611111111111,985175090.3140366
Ese,M4,cPTAC,Measure,CZ04,35.86611111111111,995193139.8265594
Ese,M4,cPVVG,Base,CZ04,35.86611111111111,963429609.0801607
Ese,M4,cPVVG,Measure,CZ04,35.86611111111111,977429464.2775898
Ese,M5,cDXGF,Base,CZ04,35.86611111111111,963826346.9390932
Ese,M5,cDXGF,Measure,CZ04,35.86611111111111,926132034.1842924
Ese,M5,cDXHP,Base,CZ04,35.86611111111111,954755119.9979857
Ese,M5,cDXHP,Measure,CZ04,35.86611111111111,917327123.6986778
Ese,M5,cPTAC,Base,CZ04,35.86611111111111,963819558.2407463
Ese,M5,cPTAC,Measure,CZ04,35.86611111111111,926132034.1842815
Ese,M5,cPVVG,Base,CZ04,35.86611111111111,959870410.7184609
Ese,M5,cPVVG,Measure,CZ04,35.86611111111111,922428928.1320914
Eun,M1,cDXGF,Base,CZ04,35.86611111111111,7494800952.237756
Eun,M1,cDXGF,Measure,CZ04,35.86611111111111,7525083927.206315
Eun,M1,cDXHP,Base,CZ04,35.86611111111111,7524970940.715879
Eun,M1,cDXHP,Measure,CZ04,35.86611111111111,7555730436.323337
Eun,M1,cPTAC,Base,CZ04,35.86611111111111,7494794941.052247
Eun,M1,cPTAC,Measure,CZ04,35.86611111111111,7525060845.023004
Eun,M1,cPVVG,Base,CZ04,35.86611111111111,7136084826.94557
Eun,M1,cPVVG,Measure,CZ04,35.86611111111111,7209424139.443592
Eun,M2,cDXGF,Base,CZ04,35.86611111111111,6963475683.536429
Eun,M2,cDXGF,Measure,CZ04,35.86611111111111,6925649395.545568
Eun,M2,cDXHP,Base,CZ04,35.86611111111111,6961738881.708576
Eun,M2,cDXHP,Measure,CZ04,35.86611111111111,6923280239.566337
Eun,M2,cPTAC,Base,CZ04,35.86611111111111,6963475683.53645
Eun,M2,cPTAC,Measure,CZ04,35.86611111111111,6925649395.456198
Eun,M2,cPVVG,Base,CZ04,35.86611111111111,6490439451.939462
Eun,M2,cPVVG,Measure,CZ04,35.86611111111111,6463838310.707285
Eun,M3,cDXGF,Base,CZ04,35.86611111111111,6853199081.895976
Eun,M3,cDXGF,Measure,CZ04,35.86611111111111,6407864382.979574
Eun,M3,cDXHP,Base,CZ04,35.86611111111111,6806622192.211188
Eun,M3,cDXHP,Measure,CZ04,35.86611111111111,6358166215.245245
Eun,M3,cPTAC,Base,CZ04,35.86611111111111,6853199081.897162
Eun,M3,cPTAC,Measure,CZ04,35.86611111111111,6407864382.979623
Eun,M3,cPVVG,Base,CZ04,35.86611111111111,6795138649.598092
Eun,M3,cPVVG,Measure,CZ04,35.86611111111111,6353106089.170181
Eun,M4,cDXGF,Base,CZ04,35.86611111111111,7494790168.044206
Eun,M4,cDXGF,Measure,CZ04,35.86611111111111,7525090029.289047
Eun,M4,cDXHP,Base,CZ04,35.86611111111111,7524951426.750201
Eun,M4,cDXHP,Measure,CZ04,35.86611111111111,7555729120.792972
Eun,M4,cPTAC,Base,CZ04,35.86611111111111,7494787427.765363
Eun,M4,cPTAC,Measure,CZ04,35.86611111111111,7525070688.63577
Eun,M4,cPVVG,Base,CZ04,35.86611111111111,7136071581.92056
Eun,M4,cPVVG,Measure,CZ04,35.86611111111111,7209385850.542162
Eun,M5,cDXGF,Base,CZ04,35.86611111111111,7223840170.084804
Eun,M5,cDXGF,Measure,CZ04,35.86611111111111,6721052773.298785
Eun,M5,cDXHP,Base,CZ04,35.86611111111111,7159754174.661045
Eun,M5,cDXHP,Measure,CZ04,35.86611111111111,6655182874.516846
Eun,M5,cPTAC,Base,CZ04,35.86611111111111,7223840170.085916
Eun,M5,cPTAC,Measure,CZ04,35.86611111111111,6721087549.057372
Eun,M5,cPVVG,Base,CZ04,35.86611111111111,7165853059.850261
Eun,M5,cPVVG,Measure,CZ04,35.86611111111111,6666773813.651425
Gro,M1,cDXGF,Base,CZ04,35.86611111111111,1484829116.9491627
Gro,M1,cDXGF,Measure,CZ04,35.86611111111111,1487154220.1224449
Gro,M1,cDXHP,Base,CZ04,35.86611111111111,1485954561.985579
Gro,M1,cDXHP,Measure,CZ04,35.86611111111111,1488296074.5521197
Gro,M1,cPTAC,Base,CZ04,35.86611111111111,1484601584.8922496
Gro,M1,cPTAC,Measure,CZ04,35.86611111111111,1486971101.8874
Gro,M1,cPVVG,Base,CZ04,35.86611111111111,1450358994.56689
Gro,M1,cPVVG,Measure,CZ04,35.86611111111111,1458675760.8909829
Gro,M2,cDXGF,Base,CZ04,35.86611111111111,1422190877.4460254
Gro,M2,cDXGF,Measure,CZ04,35.86611111111111,1413081012.612781
Gro,M2,cDXHP,Base,CZ04,35.86611111111111,1422711846.5223768
Gro,M2,cDXHP,Measure,CZ04,35.86611111111111,1413541850.4274964
Gro,M2,cPTAC,Base,CZ04,35.86611111111111,1422078288.3981242
Gro,M2,cPTAC,Measure,CZ04,35.86611111111111,1412903814.1920936
Gro,M2,cPVVG,Base,CZ04,35.86611111111111,1374831898.561578
Gro,M2,cPVVG,Measure,CZ04,35.86611111111111,1370472386.5161636
Gro,M3,cDXGF,Base,CZ04,35.86611111111111,1392473435.118543
Gro,M3,cDXGF,Measure,CZ04,35.86611111111111,1352502246.4213803
Gro,M3,cDXHP,Base,CZ04,35.86611111111111,1391062016.8105211
Gro,M3,cDXHP,Measure,CZ04,35.86611111111111,1351059691.186998
Gro,M3,cPTAC,Base,CZ04,35.86611111111111,1392194298.1574411
Gro,M3,cPTAC,Measure,CZ04,35.86611111111111,1352268363.2544818
Gro,M3,cPVVG,Base,CZ04,35.86611111111111,1386767430.2923777
Gro,M3,cPVVG,Measure,CZ04,35.86611111111111,1347129877.7366133
Gro,M4,cDXGF,Base,CZ04,35.86611111111111,1484879715.7483666
Gro,M4,cDXGF,Measure,CZ04,35.86611111111111,1487190369.375331
Gro,M4,cDXHP,Base,CZ04,35.86611111111111,1486004843.6769226
Gro,M4,cDXHP,Measure,CZ04,35.86611111111111,1488333250.0938864
Gro,M4,cPTAC,Base,CZ04,35.86611111111111,1484642473.2659714
Gro,M4,cPTAC,Measure,CZ04,35.86611111111111,1486996391.1571794
Gro,M4,cPVVG,Base,CZ04,35.86611111111111,1450423629.4052522
Gro,M4,cPVVG,Measure,CZ04,35.86611111111111,1458732686.4094477
Gro,M5,cDXGF,Base,CZ04,35.86611111111111,1456266948.6992483
Gro,M5,cDXGF,Measure,CZ04,35.86611111111111,1405528902.9193568
Gro,M5,cDXHP,Base,CZ04,35.86611111111111,1452098314.8227408
Gro,M5,cDXHP,Measure,CZ04,35.86611111111111,1401686221.0751348
Gro,M5,cPTAC,Base,CZ04,35.86611111111111,1455944673.9372592
Gro,M5,cPTAC,Measure,CZ04,35.86611111111111,1405258524.3374262
Gro,M5,cPVVG,Base,CZ04,35.86611111111111,1450341966.4440966
Gro,M5,cPVVG,Measure,CZ04,35.86611111111111,1399997162.7044966
MBT,M1,cDXGF,Base,CZ04,35.86611111111111,2627505904.7836757
MBT,M1,cDXGF,Measure,CZ04,35.86611111111111,2629818321.7868366
MBT,M1,cDXHP,Base,CZ04,35.86611111111111,2637284181.8466644
MBT,M1,cDXHP,Measure,CZ04,35.86611111111111,2640527262.849751
MBT,M1,cPTAC,Base,CZ04,35.86611111111111,2627473549.7660537
MBT,M1,cPTAC,Measure,CZ04,35.86611111111111,2629786373.5929494
MBT,M1,cPVVG,Base,CZ04,35.86611111111111,2585103745.9654956
MBT,M1,cPVVG,Measure,CZ04,35.86611111111111,2593755550.776942
MBT,M2,cDXGF,Base,CZ04,35.86611111111111,2576035650.005254
MBT,M2,cDXGF,Measure,CZ04,35.86611111111111,2569250093.672107
MBT,M2,cDXHP,Base,CZ04,35.86611111111111,2571800358.847376
MBT,M2,cDXHP,Measure,CZ04,35.86611111111111,2564784988.6134424
MBT,M2,cPTAC,Base,CZ04,35.86611111111111,2576035650.0001707
MBT,M2,cPTAC,Measure,CZ04,35.86611111111111,2569250093.666412
MBT,M2,cPVVG,Base,CZ04,35.86611111111111,2513906881.0488644
MBT,M2,cPVVG,Measure,CZ04,35.86611111111111,2510331108.4145026
MBT,M3,cDXGF,Base,CZ04,35.86611111111111,2594623479.0582714
MBT,M3,cDXGF,Measure,CZ04,35.86611111111111,2505021148.535186
MBT,M3,cDXHP,Base,CZ04,35.86611111111111,2574277921.508261
MBT,M3,cDXHP,Measure,CZ04,35.86611111111111,2483609593.929333
MBT,M3,cPTAC,Base,CZ04,35.86611111111111,2594623479.0575194
MBT,M3,cPTAC,Measure,CZ04,35.86611111111111,2505021148.69337
MBT,M3,cPVVG,Base,CZ04,35.86611111111111,2584248690.5314045
MBT,M3,cPVVG,Measure,CZ04,35.86611111111111,2495218014.3084817
MBT,M4,cDXGF,Base,CZ04,35.86611111111111,2627542500.9617176
MBT,M4,cDXGF,Measure,CZ04,35.86611111111111,2629864506.7466373
MBT,M4,cDXHP,Base,CZ04,35.86611111111111,2637189216.470804
MBT,M4,cDXHP,Measure,CZ04,35.86611111111111,2640434736.057435
MBT,M4,cPTAC,Base,CZ04,35.86611111111111,2627542500.9656887
MBT,M4,cPTAC,Measure,CZ04,35.86611111111111,2629864506.7432375
MBT,M4,cPVVG,Base,CZ04,35.86611111111111,2585142418.6442795
MBT,M4,cPVVG,Measure,CZ04,35.86611111111111,2593800638.419347
MBT,M5,cDXGF,Base,CZ04,35.86611111111111,2657031803.2149944
MBT,M5,cDXGF,Measure,CZ04,35.86611111111111,2557377768.148988
MBT,M5,cDXHP,Base,CZ04,35.86611111111111,2624143280.0959673
MBT,M5,cDXHP,Measure,CZ04,35.86611111111111,2524906082.3526487
MBT,M5,cPTAC,Base,CZ04,35.86611111111111,2657044914.643937
MBT,M5,cPTAC,Measure,CZ04,35.86611111111111,2557381778.3969254
MBT,M5,cPVVG,Base,CZ04,35.86611111111111,2647692317.285112
MBT,M5,cPVVG,Measure,CZ04,35.86611111111111,2548594119.1952233
MLI,M1,cDXGF,Base,CZ04,35.86611111111111,1070904906.0847303
MLI,M1,cDXGF,Measure,CZ04,35.86611111111111,1069580359.9365667
MLI,M1,cDXHP,Base,CZ04,35.86611111111111,1083340534.9639943
MLI,M1,cDXHP,Measure,CZ04,35.86611111111111,1081964137.1247241
MLI,M1,cPTAC,Base,CZ04,35.86611111111111,1070904906.0847394
MLI,M1,cPTAC,Measure,CZ04,35.86611111111111,1069580359.9365603
MLI,M1,cPVVG,Base,CZ04,35.86611111111111,973006916.9593194
MLI,M1,cPVVG,Measure,CZ04,35.86611111111111,981559214.8746475
MLI,M2,cDXGF,Base,CZ04,35.86611111111111,991030455.2230372
MLI,M2,cDXGF,Measure,CZ04,35.86611111111111,978607684.0558498
MLI,M2,cDXHP,Base,CZ04,35.86611111111111,995189707.0024128
MLI,M2,cDXHP,Measure,CZ04,35.86611111111111,982233953.9683491
MLI,M2,cPTAC,Base,CZ04,35.86611111111111,991030455.2230295
MLI,M2,cPTAC,Measure,CZ04,35.86611111111111,978607684.0558518
MLI,M2,cPVVG,Base,CZ04,35.86611111111111,869967662.4820782
MLI,M2,cPVVG,Measure,CZ04,35.86611111111111,864911086.0369339
MLI,M3,cDXGF,Base,CZ04,35.86611111111111,957062429.9610741
MLI,M3,cDXGF,Measure,CZ04,35.86611111111111,866143584.6751639
MLI,M3,cDXHP,Base,CZ04,35.86611111111111,933243298.3339084
MLI,M3,cDXHP,Measure,CZ04,35.86611111111111,841779572.8811703
MLI,M3,cPTAC,Base,CZ04,35.86611111111111,957062429.9610802
MLI,M3,cPTAC,Measure,CZ04,35.86611111111111,866143584.675169
MLI,M3,cPVVG,Base,CZ04,35.86611111111111,931114644.4631552
MLI,M3,cPVVG,Measure,CZ04,35.86611111111111,841955213.3139496
MLI,M4,cDXGF,Base,CZ04,35.86611111111111,1070929478.1454431
MLI,M4,cDXGF,Measure,CZ04,35.86611111111111,1069621424.4856073
MLI,M4,cDXHP,Base,CZ04,35.86611111111111,1083368468.3186257
MLI,M4,cDXHP,Measure,CZ04,35.86611111111111,1082018966.5216367
MLI,M4,cPTAC,Base,CZ04,35.86611111111111,1070929478.1454345
MLI,M4,cPTAC,Measure,CZ04,35.86611111111111,1069621424.4856048
MLI,M4,cPVVG,Base,CZ04,35.86611111111111,973002622.420187
MLI,M4,cPVVG,Measure,CZ04,35.86611111111111,981587048.2116144
MLI,M5,cDXGF,Base,CZ04,35.86611111111111,1038435432.626223
MLI,M5,cDXGF,Measure,CZ04,35.86611111111111,934308608.7041049
MLI,M5,cDXHP,Base,CZ04,35.86611111111111,994043487.4372233
MLI,M5,cDXHP,Measure,CZ04,35.86611111111111,892104264.0055975
MLI,M5,cPTAC,Base,CZ04,35.86611111111111,1038434896.2320582
MLI,M5,cPTAC,Measure,CZ04,35.86611111111111,934308156.0711112
MLI,M5,cPVVG,Base,CZ04,35.86611111111111,1011316055.2597041
MLI,M5,cPVVG,Measure,CZ04,35.86611111111111,909226626.8275052
OfS,M1,cDXGF,Base,CZ04,35.86611111111111,143887192.15030226
OfS,M1,cDXGF,Measure,CZ04,35.86611111111111,143513448.4548802
OfS,M1,cDXHP,Base,CZ04,35.86611111111111,144023408.9853238
OfS,M1,cDXHP,Measure,CZ04,35.86611111111111,143648817.25847384
OfS,M1,cPTAC,Base,CZ04,35.86611111111111,143886326.15641248
OfS,M1,cPTAC,Measure,CZ04,35.86611111111111,143512484.54235283
OfS,M1,cPVVG,Base,CZ04,35.86611111111111,133854316.86918014
OfS,M1,cPVVG,Measure,CZ04,35.86611111111111,134201123.28623816
OfS,M2,cDXGF,Base,CZ04,35.86611111111111,138130246.62152746
OfS,M2,cDXGF,Measure,CZ04,35.86611111111111,137224704.2738761
OfS,M2,cDXHP,Base,CZ04,35.86611111111111,137977516.880279
OfS,M2,cDXHP,Measure,CZ04,35.86611111111111,137062588.45393282
OfS,M2,cPTAC,Base,CZ04,35.86611111111111,138130246.6214709
OfS,M2,cPTAC,Measure,CZ04,35.86611111111111,137224704.27387503
OfS,M2,cPVVG,Base,CZ04,35.86611111111111,126041445.1458969
OfS,M2,cPVVG,Measure,CZ04,35.86611111111111,125472270.94728507
OfS,M3,cDXGF,Base,CZ04,35.86611111111111,138982680.57409033
OfS,M3,cDXGF,Measure,CZ04,35.86611111111111,123029689.82010333
OfS,M3,cDXHP,Base,CZ04,35.86611111111111,137186595.4432027
OfS,M3,cDXHP,Measure,CZ04,35.86611111111111,121199644.49609992
OfS,M3,cPTAC,Base,CZ04,35.86611111111111,138982680.57409236
OfS,M3,cPTAC,Measure,CZ04,35.86611111111111,123029689.82010393
OfS,M3,cPVVG,Base,CZ04,35.86611111111111,137021919.0952076
OfS,M3,cPVVG,Measure,CZ04,35.86611111111111,121177199.20724964
OfS,M4,cDXGF,Base,CZ04,35.86611111111111,143888279.41204527
OfS,M4,cDXGF,Measure,CZ04,35.86611111111111,143514249.25223032
OfS,M4,cDXHP,Base,CZ04,35.86611111111111,144017924.06490314
OfS,M4,cDXHP,Measure,CZ04,35.86611111111111,143642619.45473343
OfS,M4,cPTAC,Base,CZ04,35.86611111111111,143888279.41204536
OfS,M4,cPTAC,Measure,CZ04,35.86611111111111,143514249.25222856
OfS,M4,cPVVG,Base,CZ04,35.86611111111111,133852083.24453834
OfS,M4,cPVVG,Measure,CZ04,35.86611111111111,134199106.81907262
OfS,M5,cDXGF,Base,CZ04,35.86611111111111,145034894.38852265
OfS,M5,cDXGF,Measure,CZ04,35.86611111111111,128090022.57170282
OfS,M5,cDXHP,Base,CZ04,35.86611111111111,142571956.17379013
OfS,M5,cDXHP,Measure,CZ04,35.86611111111111,125682228.2480517
OfS,M5,cPTAC,Base,CZ04,35.86611111111111,145034894.38852772
OfS,M5,cPTAC,Measure,CZ04,35.86611111111111,128090022.57170323
OfS,M5,cPVVG,Base,CZ04,35.86611111111111,143162676.38441816
OfS,M5,cPVVG,Measure,CZ04,35.86611111111111,126325243.54904528
RFF,M1,cDXGF,Base,CZ04,35.86611111111111,55762046.04699384
RFF,M1,cDXGF,Measure,CZ04,35.86611111111111,55800651.31530152
RFF,M1,cDXHP,Base,CZ04,35.86611111111111,56154977.63855589
RFF,M1,cDXHP,Measure,CZ04,35.86611111111111,56195149.64090904
RFF,M1,cPTAC,Base,CZ04,35.86611111111111,55762046.047005035
RFF,M1,cPTAC,Measure,CZ04,35.86611111111111,55800651.3153036
RFF,M1,cPVVG,Base,CZ04,35.86611111111111,54387223.887599155
RFF,M1,cPVVG,Measure,CZ04,35.86611111111111,54529204.49005237
RFF,M2,cDXGF,Base,CZ04,35.86611111111111,53649311.2011361
RFF,M2,cDXGF,Measure,CZ04,35.86611111111111,53523496.55964507
RFF,M2,cDXHP,Base,CZ04,35.86611111111111,53729404.468199
RFF,M2,cDXHP,Measure,CZ04,35.86611111111111,53597530.78937506
RFF,M2,cPTAC,Base,CZ04,35.86611111111111,53649311.20113581
RFF,M2,cPTAC,Measure,CZ04,35.86611111111111,53523496.559637755
RFF,M2,cPVVG,Base,CZ04,35.86611111111111,51534495.75054492
RFF,M2,cPVVG,Measure,CZ04,35.86611111111111,51473967.255464084
RFF,M3,cDXGF,Base,CZ04,35.86611111111111,55341041.48376986
RFF,M3,cDXGF,Measure,CZ04,35.86611111111111,51257838.31947959
RFF,M3,cDXHP,Base,CZ04,35.86611111111111,54989168.12760876
RFF,M3,cDXHP,Measure,CZ04,35.86611111111111,50834374.295217976
RFF,M3,cPTAC,Base,CZ04,35.86611111111111,55341041.48377503
RFF,M3,cPTAC,Measure,CZ04,35.86611111111111,51257838.31949689
RFF,M3,cPVVG,Base,CZ04,35.86611111111111,54964210.299189836
RFF,M3,cPVVG,Measure,CZ04,35.86611111111111,50901502.62772011
RFF,M4,cDXGF,Base,CZ04,35.86611111111111,55762212.39622544
RFF,M4,cDXGF,Measure,CZ04,35.86611111111111,55800907.57033638
RFF,M4,cDXHP,Base,CZ04,35.86611111111111,56155180.26475715
RFF,M4,cDXHP,Measure,CZ04,35.86611111111111,56195437.583666846
RFF,M4,cPTAC,Base,CZ04,35.86611111111111,55762212.39622477
RFF,M4,cPTAC,Measure,CZ04,35.86611111111111,55800907.57034225
RFF,M4,cPVVG,Base,CZ04,35.86611111111111,54387485.893388055
RFF,M4,cPVVG,Measure,CZ04,35.86611111111111,54529481.11348007
RFF,M5,cDXGF,Base,CZ04,35.86611111111111,57839087.03749141
RFF,M5,cDXGF,Measure,CZ04,35.86611111111111,53339309.342694566
RFF,M5,cDXHP,Base,CZ04,35.86611111111111,57413876.678425424
RFF,M5,cDXHP,Measure,CZ04,35.86611111111111,52838265.0220243
RFF,M5,cPTAC,Base,CZ04,35.86611111111111,57839087.03749696
RFF,M5,cPTAC,Measure,CZ04,35.86611111111111,53339309.3426954
RFF,M5,cPVVG,Base,CZ04,35.86611111111111,57517584.156372696
RFF,M5,cPVVG,Measure,CZ04,35.86611111111111,53036636.39576974
Rt3,M1,cDXGF,Base,CZ04,35.86611111111111,2018912444.1955373
Rt3,M1,cDXGF,Measure,CZ04,35.86611111111111,2030128868.3971255
Rt3,M1,cDXHP,Base,CZ04,35.86611111111111,2043914914.43822
Rt3,M1,cDXHP,Measure,CZ04,35.86611111111111,2057552702.629417
Rt3,M1,cPTAC,Base,CZ04,35.86611111111111,2018912425.404353
Rt3,M1,cPTAC,Measure,CZ04,35.86611111111111,2030128868.3969223
Rt3,M1,cPVVG,Base,CZ04,35.86611111111111,1949331394.9670126
Rt3,M1,cPVVG,Measure,CZ04,35.86611111111111,1981513512.8267102
Rt3,M2,cDXGF,Base,CZ04,35.86611111111111,1898010085.2759383
Rt3,M2,cDXGF,Measure,CZ04,35.86611111111111,1879663405.2770376
Rt3,M2,cDXHP,Base,CZ04,35.86611111111111,1900116720.0713203
Rt3,M2,cDXHP,Measure,CZ04,35.86611111111111,1880982952.4366696
Rt3,M2,cPTAC,Base,CZ04,35.86611111111111,1898010085.2760038
Rt3,M2,cPTAC,Measure,CZ04,35.86611111111111,1879663405.2770076
Rt3,M2,cPVVG,Base,CZ04,35.86611111111111,1794892712.5788338
Rt3,M2,cPVVG,Measure,CZ04,35.86611111111111,1780705350.072853
Rt3,M3,cDXGF,Base,CZ04,35.86611111111111,1928719282.0337095
Rt3,M3,cDXGF,Measure,CZ04,35.86611111111111,1770980786.6918137
Rt3,M3,cDXHP,Base,CZ04,35.86611111111111,1902273852.7383764
Rt3,M3,cDXHP,Measure,CZ04,35.86611111111111,1742505239.9429903
Rt3,M3,cPTAC,Base,CZ04,35.86611111111111,1928717858.469127
Rt3,M3,cPTAC,Measure,CZ04,35.86611111111111,1770980795.2308877
Rt3,M3,cPVVG,Base,CZ04,35.86611111111111,1912215558.4454286
Rt3,M3,cPVVG,Measure,CZ04,35.86611111111111,1755372801.7937512
Rt3,M4,cDXGF,Base,CZ04,35.86611111111111,2018910961.5740447
Rt3,M4,cDXGF,Measure,CZ04,35.86611111111111,2030134207.7564962
Rt3,M4,cDXHP,Base,CZ04,35.86611111111111,2043911478.9178216
Rt3,M4,cDXHP,Measure,CZ04,35.86611111111111,2057557749.0407712
Rt3,M4,cPTAC,Base,CZ04,35.86611111111111,2018910942.927368
Rt3,M4,cPTAC,Measure,CZ04,35.86611111111111,2030134207.7563074
Rt3,M4,cPVVG,Base,CZ04,35.86611111111111,1949328903.3017845
Rt3,M4,cPVVG,Measure,CZ04,35.86611111111111,1981541407.9190485
Rt3,M5,cDXGF,Base,CZ04,35.86611111111111,2105164729.0951903
Rt3,M5,cDXGF,Measure,CZ04,35.86611111111111,1919108426.513373
Rt3,M5,cDXHP,Base,CZ04,35.86611111111111,2035588994.8224232
Rt3,M5,cDXHP,Measure,CZ04,35.86611111111111,1853365152.0940986
Rt3,M5,cPTAC,Base,CZ04,35.86611111111111,2105162220.2477157
Rt3,M5,cPTAC,Measure,CZ04,35.86611111111111,1919106324.9939
Rt3,M5,cPVVG,Base,CZ04,35.86611111111111,2093129246.794122
Rt3,M5,cPVVG,Measure,CZ04,35.86611111111111,1907794834.4430246
RtL,M1,cDXGF,Base,CZ04,35.86611111111111,2017989686.442207
RtL,M1,cDXGF,Measure,CZ04,35.86611111111111,2028712633.4300513
RtL,M1,cDXHP,Base,CZ04,35.86611111111111,2022363131.525455
RtL,M1,cDXHP,Measure,CZ04,35.86611111111111,2033262285.3760457
RtL,M1,cPTAC,Base,CZ04,35.86611111111111,2017997672.4712715
RtL,M1,cPTAC,Measure,CZ04,35.86611111111111,2028721862.620938
RtL,M1,cPVVG,Base,CZ04,35.86611111111111,1920417991.209522
RtL,M1,cPVVG,Measure,CZ04,35.86611111111111,1952499617.5447226
RtL,M2,cDXGF,Base,CZ04,35.86611111111111,1876286183.12034
RtL,M2,cDXGF,Measure,CZ04,35.86611111111111,1855917908.2407663
RtL,M2,cDXHP,Base,CZ04,35.86611111111111,1874512580.9739761
RtL,M2,cDXHP,Measure,CZ04,35.86611111111111,1853848394.673049
RtL,M2,cPTAC,Base,CZ04,35.86611111111111,1876286183.1203897
RtL,M2,cPTAC,Measure,CZ04,35.86611111111111,1855917908.2407897
RtL,M2,cPVVG,Base,CZ04,35.86611111111111,1754100540.7766309
RtL,M2,cPVVG,Measure,CZ04,35.86611111111111,1740638041.5122373
RtL,M3,cDXGF,Base,CZ04,35.86611111111111,1896906426.5592003
RtL,M3,cDXGF,Measure,CZ04,35.86611111111111,1740951128.614812
RtL,M3,cDXHP,Base,CZ04,35.86611111111111,1890123583.2201571
RtL,M3,cDXHP,Measure,CZ04,35.86611111111111,1733339288.9555397
RtL,M3,cPTAC,Base,CZ04,35.86611111111111,1896906426.5595496
RtL,M3,cPTAC,Measure,CZ04,35.86611111111111,1740951128.6151474
RtL,M3,cPVVG,Base,CZ04,35.86611111111111,1879156628.8932576
RtL,M3,cPVVG,Measure,CZ04,35.86611111111111,1724197444.121636
RtL,M4,cDXGF,Base,CZ04,35.86611111111111,2018036645.3567958
RtL,M4,cDXGF,Measure,CZ04,35.86611111111111,2028781558.4491632
RtL,M4,cDXHP,Base,CZ04,35.86611111111111,2022389364.6057107
RtL,M4,cDXHP,Measure,CZ04,35.86611111111111,2033308862.555162
RtL,M4,cPTAC,Base,CZ04,35.86611111111111,2018036645.3567894
RtL,M4,cPTAC,Measure,CZ04,35.86611111111111,2028781558.449124
RtL,M4,cPVVG,Base,CZ04,35.86611111111111,1920505764.685615
RtL,M4,cPVVG,Measure,CZ04,35.86611111111111,1952608139.1089303
RtL,M5,cDXGF,Base,CZ04,35.86611111111111,2031783172.4609163
RtL,M5,cDXGF,Measure,CZ04,35.86611111111111,1852553692.1464813
RtL,M5,cDXHP,Base,CZ04,35.86611111111111,2025500433.1046476
RtL,M5,cDXHP,Measure,CZ04,35.86611111111111,1844967911.1910782
RtL,M5,cPTAC,Base,CZ04,35.86611111111111,2031783172.460982
RtL,M5,cPTAC,Measure,CZ04,35.86611111111111,1852553692.1464794
RtL,M5,cPVVG,Base,CZ04,35.86611111111111,2014644924.6109276
RtL,M5,cPVVG,Measure,CZ04,35.86611111111111,1836490509.0234616
RtS,M1,cDXGF,Base,CZ04,35.86611111111111,135583928.96813995
RtS,M1,cDXGF,Measure,CZ04,35.86611111111111,135988241.30192086
RtS,M1,cDXHP,Base,CZ04,35.86611111111111,136581907.6348383
RtS,M1,cDXHP,Measure,CZ04,35.86611111111111,137020034.97260457
RtS,M1,cPTAC,Base,CZ04,35.86611111111111,135583928.97221363
RtS,M1,cPTAC,Measure,CZ04,35.86611111111111,135988241.30191848
RtS,M1,cPVVG,Base,CZ04,35.86611111111111,130042126.5062072
RtS,M1,cPVVG,Measure,CZ04,35.86611111111111,131658335.79296125
RtS,M2,cDXGF,Base,CZ04,35.86611111111111,127060994.44669673
RtS,M2,cDXGF,Measure,CZ04,35.86611111111111,126007474.49263927
RtS,M2,cDXHP,Base,CZ04,35.86611111111111,127250547.61567068
RtS,M2,cDXHP,Measure,CZ04,35.86611111111111,126153874.24135637
RtS,M2,cPTAC,Base,CZ04,35.86611111111111,127060994.44670057
RtS,M2,cPTAC,Measure,CZ04,35.86611111111111,126007474.49264373
RtS,M2,cPVVG,Base,CZ04,35.86611111111111,119200423.36147508
RtS,M2,cPVVG,Measure,CZ04,35.86611111111111,118441926.55619308
RtS,M3,cDXGF,Base,CZ04,35.86611111111111,130879127.06047177
RtS,M3,cDXGF,Measure,CZ04,35.86611111111111,118073607.48552793
RtS,M3,cDXHP,Base,CZ04,35.86611111111111,130028267.27094635
RtS,M3,cDXHP,Measure,CZ04,35.86611111111111,117091505.29162297
RtS,M3,cPTAC,Base,CZ04,35.86611111111111,130879127.03582567
RtS,M3,cPTAC,Measure,CZ04,35.86611111111111,118073607.48552589
RtS,M3,cPVVG,Base,CZ04,35.86611111111111,129640766.4237367
RtS,M3,cPVVG,Measure,CZ04,35.86611111111111,116902515.95662765
RtS,M4,cDXGF,Base,CZ04,35.86611111111111,135583908.14947966
RtS,M4,cDXGF,Measure,CZ04,35.86611111111111,135988236.0080673
RtS,M4,cDXHP,Base,CZ04,35.86611111111111,136581848.84549528
RtS,M4,cDXHP,Measure,CZ04,35.86611111111111,137019987.11341625
RtS,M4,cPTAC,Base,CZ04,35.86611111111111,135583908.1535528
RtS,M4,cPTAC,Measure,CZ04,35.86611111111111,135988236.0080645
RtS,M4,cPVVG,Base,CZ04,35.86611111111111,130042079.93779387
RtS,M4,cPVVG,Measure,CZ04,35.86611111111111,131658326.30742742
RtS,M5,cDXGF,Base,CZ04,35.86611111111111,141674366.50115743
RtS,M5,cDXGF,Measure,CZ04,35.86611111111111,127048471.40450044
RtS,M5,cDXHP,Base,CZ04,35.86611111111111,140077604.14854553
RtS,M5,cDXHP,Measure,CZ04,35.86611111111111,125392371.52479018
RtS,M5,cPTAC,Base,CZ04,35.86611111111111,141674366.47082764
RtS,M5,cPTAC,Measure,CZ04,35.86611111111111,127048471.40449499
RtS,M5,cPVVG,Base,CZ04,35.86611111111111,140646583.93080604
RtS,M5,cPVVG,Measure,CZ04,35.86611111111111,126081867.75556721
SCn,M1,cDXGF,Base,CZ04,35.86611111111111,2499317244.542345
SCn,M1,cDXGF,Measure,CZ04,35.86611111111111,2518521254.2761254
SCn,M1,cDXHP,Base,CZ04,35.86611111111111,2499317244.5423512
SCn,M1,cDXHP,Measure,CZ04,35.86611111111111,2518521254.2781477
SCn,M1,cPTAC,Base,CZ04,35.86611111111111,2499314901.6363707
SCn,M1,cPTAC,Measure,CZ04,35.86611111111111,2518521254.274571
SCn,M1,cPVVG,Base,CZ04,35.86611111111111,2270679890.61786
SCn,M1,cPVVG,Measure,CZ04,35.86611111111111,2274697240.1154475
SCn,M2,cDXGF,Base,CZ04,35.86611111111111,2240627435.2406516
SCn,M2,cDXGF,Measure,CZ04,35.86611111111111,2216951113.705736
SCn,M2,cDXHP,Base,CZ04,35.86611111111111,2240627435.316298
SCn,M2,cDXHP,Measure,CZ04,35.86611111111111,2216951113.704587
SCn,M2,cPTAC,Base,CZ04,35.86611111111111,2240627435.2408314
SCn,M2,cPTAC,Measure,CZ04,35.86611111111111,2216951113.704574
SCn,M2,cPVVG,Base,CZ04,35.86611111111111,2055612371.3946793
SCn,M2,cPVVG,Measure,CZ04,35.86611111111111,2049026757.4316936
SCn,M3,cDXGF,Base,CZ04,35.86611111111111,2372799980.5022616
SCn,M3,cDXGF,Measure,CZ04,35.86611111111111,2125341725.5540965
SCn,M3,cDXHP,Base,CZ04,35.86611111111111,2372799980.502345
SCn,M3,cDXHP,Measure,CZ04,35.86611111111111,2125341802.5737224
SCn,M3,cPTAC,Base,CZ04,35.86611111111111,2372799887.7174172
SCn,M3,cPTAC,Measure,CZ04,35.86611111111111,2125341725.554187
SCn,M3,cPVVG,Base,CZ04,35.86611111111111,2266108113.0935235
SCn,M3,cPVVG,Measure,CZ04,35.86611111111111,2027284480.195955
SCn,M4,cDXGF,Base,CZ04,35.86611111111111,2499317166.1985707
SCn,M4,cDXGF,Measure,CZ04,35.86611111111111,2518539011.567101
SCn,M4,cDXHP,Base,CZ04,35.86611111111111,2499317166.19857
SCn,M4,cDXHP,Measure,CZ04,35.86611111111111,2518539011.5682497
SCn,M4,cPTAC,Base,CZ04,35.86611111111111,2499314828.862729
SCn,M4,cPTAC,Measure,CZ04,35.86611111111111,2518539011.566197
SCn,M4,cPVVG,Base,CZ04,35.86611111111111,2270679890.642605
SCn,M4,cPVVG,Measure,CZ04,35.86611111111111,2274699394.913969
SCn,M5,cDXGF,Base,CZ04,35.86611111111111,2839905062.2974772
SCn,M5,cDXGF,Measure,CZ04,35.86611111111111,2510117410.696492
SCn,M5,cDXHP,Base,CZ04,35.86611111111111,2839905136.5558867
SCn,M5,cDXHP,Measure,CZ04,35.86611111111111,2510117410.6965513
SCn,M5,cPTAC,Base,CZ04,35.86611111111111,2839905062.2970805
SCn,M5,cPTAC,Measure,CZ04,35.86611111111111,2510117348.765222
SCn,M5,cPVVG,Base,CZ04,35.86611111111111,2562361367.9999347
SCn,M5,cPVVG,Measure,CZ04,35.86611111111111,2269929755.94054
Asm,M1,cDXGF,Base,CZ05,22.37611111111111,453659801.670988
Asm,M1,cDXGF,Measure,CZ05,22.37611111111111,469239986.9107437
Asm,M1,cDXHP,Base,CZ05,22.37611111111111,456066473.5771197
Asm,M1,cDXHP,Measure,CZ05,22.37611111111111,471735645.58064
Asm,M1,cPTAC,Base,CZ05,22.37611111111111,451435911.446319
Asm,M1,cPTAC,Measure,CZ05,22.37611111111111,467570722.0833209
Asm,M1,cPVVG,Base,CZ05,22.37611111111111,394519319.3622083
Asm,M1,cPVVG,Measure,CZ05,22.37611111111111,416452354.70497966
Asm,M2,cDXGF,Base,CZ05,22.37611111111111,551320737.775801
Asm,M2,cDXGF,Measure,CZ05,22.37611111111111,544955536.8422239
Asm,M2,cDXHP,Base,CZ05,22.37611111111111,552443955.1188405
Asm,M2,cDXHP,Measure,CZ05,22.37611111111111,545874914.4397305
Asm,M2,cPTAC,Base,CZ05,22.37611111111111,551320737.7757978
Asm,M2,cPTAC,Measure,CZ05,22.37611111111111,544955536.8422217
Asm,M2,cPVVG,Base,CZ05,22.37611111111111,504404768.9818498
Asm,M2,cPVVG,Measure,CZ05,22.37611111111111,498926159.45392156
Asm,M3,cDXGF,Base,CZ05,22.37611111111111,531356242.4413222
Asm,M3,cDXGF,Measure,CZ05,22.37611111111111,480706529.4321001
Asm,M3,cDXHP,Base,CZ05,22.37611111111111,519110492.65589297
Asm,M3,cDXHP,Measure,CZ05,22.37611111111111,468083831.9262981
Asm,M3,cPTAC,Base,CZ05,22.37611111111111,531356242.4413145
Asm,M3,cPTAC,Measure,CZ05,22.37611111111111,480706529.4320937
Asm,M3,cPVVG,Base,CZ05,22.37611111111111,524461332.15802604
Asm,M3,cPVVG,Measure,CZ05,22.37611111111111,474134188.41625196
Asm,M4,cDXGF,Base,CZ05,22.37611111111111,466050554.67831534
Asm,M4,cDXGF,Measure,CZ05,22.37611111111111,482433008.18561894
Asm,M4,cDXHP,Base,CZ05,22.37611111111111,468603919.7733682
Asm,M4,cDXHP,Measure,CZ05,22.37611111111111,485111260.69855726
Asm,M4,cPTAC,Base,CZ05,22.37611111111111,463693324.71777946
Asm,M4,cPTAC,Measure,CZ05,22.37611111111111,480670027.36368
Asm,M4,cPVVG,Base,CZ05,22.37611111111111,401186780.7310999
Asm,M4,cPVVG,Measure,CZ05,22.37611111111111,424061240.67111677
Asm,M5,cDXGF,Base,CZ05,22.37611111111111,472517179.2673188
Asm,M5,cDXGF,Measure,CZ05,22.37611111111111,431517695.4759172
Asm,M5,cDXHP,Base,CZ05,22.37611111111111,472304964.3372853
Asm,M5,cDXHP,Measure,CZ05,22.37611111111111,429305080.5030648
Asm,M5,cPTAC,Base,CZ05,22.37611111111111,472517179.2673121
Asm,M5,cPTAC,Measure,CZ05,22.37611111111111,431517695.4759117
Asm,M5,cPVVG,Base,CZ05,22.37611111111111,465462441.95442647
Asm,M5,cPVVG,Measure,CZ05,22.37611111111111,424802678.3702134
ECC,M1,cDXGF,Base,CZ05,22.37611111111111,1375105507.6665914
ECC,M1,cDXGF,Measure,CZ05,22.37611111111111,1401973152.9208946
ECC,M1,cDXHP,Base,CZ05,22.37611111111111,1379293075.0316265
ECC,M1,cDXHP,Measure,CZ05,22.37611111111111,1406731736.424093
ECC,M1,cPTAC,Base,CZ05,22.37611111111111,1373533855.132474
ECC,M1,cPTAC,Measure,CZ05,22.37611111111111,1401255164.222709
ECC,M1,cPVVG,Base,CZ05,22.37611111111111,1133869712.505756
ECC,M1,cPVVG,Measure,CZ05,22.37611111111111,1186117306.5239303
ECC,M2,cDXGF,Base,CZ05,22.37611111111111,1575739475.5641894
ECC,M2,cDXGF,Measure,CZ05,22.37611111111111,1546227668.6182792
ECC,M2,cDXHP,Base,CZ05,22.37611111111111,1569744617.8590045
ECC,M2,cDXHP,Measure,CZ05,22.37611111111111,1539671475.9651918
ECC,M2,cPTAC,Base,CZ05,22.37611111111111,1575739475.5651438
ECC,M2,cPTAC,Measure,CZ05,22.37611111111111,1546227668.6193554
ECC,M2,cPVVG,Base,CZ05,22.37611111111111,1344834869.2596872
ECC,M2,cPVVG,Measure,CZ05,22.37611111111111,1328505469.5206134
ECC,M3,cDXGF,Base,CZ05,22.37611111111111,1376865291.4005418
ECC,M3,cDXGF,Measure,CZ05,22.37611111111111,1274351866.0780778
ECC,M3,cDXHP,Base,CZ05,22.37611111111111,1344659567.463548
ECC,M3,cDXHP,Measure,CZ05,22.37611111111111,1241647963.3233886
ECC,M3,cPTAC,Base,CZ05,22.37611111111111,1376865244.6025121
ECC,M3,cPTAC,Measure,CZ05,22.37611111111111,1274351825.510115
ECC,M3,cPVVG,Base,CZ05,22.37611111111111,1355764379.2274086
ECC,M3,cPVVG,Measure,CZ05,22.37611111111111,1254285879.1290243
ECC,M4,cDXGF,Base,CZ05,22.37611111111111,1438398387.2867658
ECC,M4,cDXGF,Measure,CZ05,22.37611111111111,1474150297.1742265
ECC,M4,cDXHP,Base,CZ05,22.37611111111111,1443162263.7740526
ECC,M4,cDXHP,Measure,CZ05,22.37611111111111,1479595116.7054012
ECC,M4,cPTAC,Base,CZ05,22.37611111111111,1436127631.051493
ECC,M4,cPTAC,Measure,CZ05,22.37611111111111,1473111925.9665067
ECC,M4,cPVVG,Base,CZ05,22.37611111111111,1175736887.880996
ECC,M4,cPVVG,Measure,CZ05,22.37611111111111,1240020950.3883262
ECC,M5,cDXGF,Base,CZ05,22.37611111111111,1319815259.1836176
ECC,M5,cDXGF,Measure,CZ05,22.37611111111111,1226517013.8457341
ECC,M5,cDXHP,Base,CZ05,22.37611111111111,1313379239.6242285
ECC,M5,cDXHP,Measure,CZ05,22.37611111111111,1215693034.2645304
ECC,M5,cPTAC,Base,CZ05,22.37611111111111,1319813899.3768702
ECC,M5,cPTAC,Measure,CZ05,22.37611111111111,1226515826.164664
ECC,M5,cPVVG,Base,CZ05,22.37611111111111,1299582393.543643
ECC,M5,cPVVG,Measure,CZ05,22.37611111111111,1207265954.63319
Epr,M1,cDXGF,Base,CZ05,22.37611111111111,214943273.35311973
Epr,M1,cDXGF,Measure,CZ05,22.37611111111111,221651073.0697214
Epr,M1,cDXHP,Base,CZ05,22.37611111111111,215753822.72151905
Epr,M1,cDXHP,Measure,CZ05,22.37611111111111,222669766.31761497
Epr,M1,cPTAC,Base,CZ05,22.37611111111111,214368832.80368
Epr,M1,cPTAC,Measure,CZ05,22.37611111111111,221393935.29843205
Epr,M1,cPVVG,Base,CZ05,22.37611111111111,176121038.1463006
Epr,M1,cPVVG,Measure,CZ05,22.37611111111111,187461303.64999154
Epr,M2,cDXGF,Base,CZ05,22.37611111111111,251521462.3621091
Epr,M2,cDXGF,Measure,CZ05,22.37611111111111,246102261.82635772
Epr,M2,cDXHP,Base,CZ05,22.37611111111111,250237888.02578053
Epr,M2,cDXHP,Measure,CZ05,22.37611111111111,244681279.9527751
Epr,M2,cPTAC,Base,CZ05,22.37611111111111,251521462.36211056
Epr,M2,cPTAC,Measure,CZ05,22.37611111111111,246101225.16632423
Epr,M2,cPVVG,Base,CZ05,22.37611111111111,215386261.6830074
Epr,M2,cPVVG,Measure,CZ05,22.37611111111111,212452982.62121946
Epr,M3,cDXGF,Base,CZ05,22.37611111111111,221613627.63533863
Epr,M3,cDXGF,Measure,CZ05,22.37611111111111,204777346.33127055
Epr,M3,cDXHP,Base,CZ05,22.37611111111111,215174795.94604394
Epr,M3,cDXHP,Measure,CZ05,22.37611111111111,198221800.4948527
Epr,M3,cPTAC,Base,CZ05,22.37611111111111,221614272.6918979
Epr,M3,cPTAC,Measure,CZ05,22.37611111111111,204776386.00715846
Epr,M3,cPVVG,Base,CZ05,22.37611111111111,218206047.82253024
Epr,M3,cPVVG,Measure,CZ05,22.37611111111111,201535827.0421997
Epr,M4,cDXGF,Base,CZ05,22.37611111111111,221431598.37688679
Epr,M4,cDXGF,Measure,CZ05,22.37611111111111,230174705.0669176
Epr,M4,cDXHP,Base,CZ05,22.37611111111111,222320406.6973895
Epr,M4,cDXHP,Measure,CZ05,22.37611111111111,231313727.3171814
Epr,M4,cPTAC,Base,CZ05,22.37611111111111,220672877.17621568
Epr,M4,cPTAC,Measure,CZ05,22.37611111111111,229837553.3876074
Epr,M4,cPVVG,Base,CZ05,22.37611111111111,179612562.9461823
Epr,M4,cPVVG,Measure,CZ05,22.37611111111111,192751507.95043176
Epr,M5,cDXGF,Base,CZ05,22.37611111111111,208510575.51539296
Epr,M5,cDXGF,Measure,CZ05,22.37611111111111,193777177.2577068
Epr,M5,cDXHP,Base,CZ05,22.37611111111111,208145029.49951735
Epr,M5,cDXHP,Measure,CZ05,22.37611111111111,192396900.17879036
Epr,M5,cPTAC,Base,CZ05,22.37611111111111,208510575.51540443
Epr,M5,cPTAC,Measure,CZ05,22.37611111111111,193776728.66620535
Epr,M5,cPVVG,Base,CZ05,22.37611111111111,205269770.55615658
Epr,M5,cPVVG,Measure,CZ05,22.37611111111111,190693690.89548108
ERC,M1,cDXGF,Base,CZ05,22.37611111111111,8260829.054089076
ERC,M1,cDXGF,Measure,CZ05,22.37611111111111,8356610.200983196
ERC,M1,cDXHP,Base,CZ05,22.37611111111111,8305781.097576575
ERC,M1,cDXHP,Measure,CZ05,22.37611111111111,8405149.228015749
ERC,M1,cPTAC,Base,CZ05,22.37611111111111,8241481.24084696
ERC,M1,cPTAC,Measure,CZ05,22.37611111111111,8341118.634524181
ERC,M1,cPVVG,Base,CZ05,22.37611111111111,6585574.540030958
ERC,M1,cPVVG,Measure,CZ05,22.37611111111111,6786230.275208541
ERC,M2,cDXGF,Base,CZ05,22.37611111111111,9463524.8887965
ERC,M2,cDXGF,Measure,CZ05,22.37611111111111,9267166.241956752
ERC,M2,cDXHP,Base,CZ05,22.37611111111111,9383305.49125361
ERC,M2,cDXHP,Measure,CZ05,22.37611111111111,9183279.216743272
ERC,M2,cPTAC,Base,CZ05,22.37611111111111,9463524.888796536
ERC,M2,cPTAC,Measure,CZ05,22.37611111111111,9267162.183552848
ERC,M2,cPVVG,Base,CZ05,22.37611111111111,7723107.877022139
ERC,M2,cPVVG,Measure,CZ05,22.37611111111111,7616143.204445243
ERC,M3,cDXGF,Base,CZ05,22.37611111111111,7933980.71669721
ERC,M3,cDXGF,Measure,CZ05,22.37611111111111,7233114.839129865
ERC,M3,cDXHP,Base,CZ05,22.37611111111111,7661088.988236518
ERC,M3,cDXHP,Measure,CZ05,22.37611111111111,6952678.437635407
ERC,M3,cPTAC,Base,CZ05,22.37611111111111,7931618.035375369
ERC,M3,cPTAC,Measure,CZ05,22.37611111111111,7231111.828872875
ERC,M3,cPVVG,Base,CZ05,22.37611111111111,7782746.715729846
ERC,M3,cPVVG,Measure,CZ05,22.37611111111111,7089342.541136634
ERC,M4,cDXGF,Base,CZ05,22.37611111111111,8627286.284574013
ERC,M4,cDXGF,Measure,CZ05,22.37611111111111,8756471.496577535
ERC,M4,cDXHP,Base,CZ05,22.37611111111111,8676597.30635498
ERC,M4,cDXHP,Measure,CZ05,22.37611111111111,8810115.227047687
ERC,M4,cPTAC,Base,CZ05,22.37611111111111,8597944.791389696
ERC,M4,cPTAC,Measure,CZ05,22.37611111111111,8732973.507345986
ERC,M4,cPVVG,Base,CZ05,22.37611111111111,6799897.9447210105
ERC,M4,cPVVG,Measure,CZ05,22.37611111111111,7049250.781183893
ERC,M5,cDXGF,Base,CZ05,22.37611111111111,7545428.616337392
ERC,M5,cDXGF,Measure,CZ05,22.37611111111111,6906767.474648017
ERC,M5,cDXHP,Base,CZ05,22.37611111111111,7487403.29133372
ERC,M5,cDXHP,Measure,CZ05,22.37611111111111,6808759.706360296
ERC,M5,cPTAC,Base,CZ05,22.37611111111111,7500392.477348958
ERC,M5,cPTAC,Measure,CZ05,22.37611111111111,6868564.742071882
ERC,M5,cPVVG,Base,CZ05,22.37611111111111,7400645.063640474
ERC,M5,cPVVG,Measure,CZ05,22.37611111111111,6769079.553345222
Ese,M1,cDXGF,Base,CZ05,22.37611111111111,544859896.3433703
Ese,M1,cDXGF,Measure,CZ05,22.37611111111111,554676080.5597842
Ese,M1,cDXHP,Base,CZ05,22.37611111111111,545788141.9037669
Ese,M1,cDXHP,Measure,CZ05,22.37611111111111,555704946.634477
Ese,M1,cPTAC,Base,CZ05,22.37611111111111,544560507.2922088
Ese,M1,cPTAC,Measure,CZ05,22.37611111111111,554531635.2847052
Ese,M1,cPVVG,Base,CZ05,22.37611111111111,507869549.23639446
Ese,M1,cPVVG,Measure,CZ05,22.37611111111111,521227485.5194814
Ese,M2,cDXGF,Base,CZ05,22.37611111111111,595930752.8713098
Ese,M2,cDXGF,Measure,CZ05,22.37611111111111,585728321.1845497
Ese,M2,cDXHP,Base,CZ05,22.37611111111111,595461509.6594312
Ese,M2,cDXHP,Measure,CZ05,22.37611111111111,585107067.8500943
Ese,M2,cPTAC,Base,CZ05,22.37611111111111,595930752.8713094
Ese,M2,cPTAC,Measure,CZ05,22.37611111111111,585728321.1845447
Ese,M2,cPVVG,Base,CZ05,22.37611111111111,561375678.4640005
Ese,M2,cPVVG,Measure,CZ05,22.37611111111111,553045411.8477768
Ese,M3,cDXGF,Base,CZ05,22.37611111111111,558760812.9840332
Ese,M3,cDXGF,Measure,CZ05,22.37611111111111,539510107.5236684
Ese,M3,cDXHP,Base,CZ05,22.37611111111111,552066613.8845719
Ese,M3,cDXHP,Measure,CZ05,22.37611111111111,532727464.83597076
Ese,M3,cPTAC,Base,CZ05,22.37611111111111,558760812.9840726
Ese,M3,cPTAC,Measure,CZ05,22.37611111111111,539510107.5240015
Ese,M3,cPVVG,Base,CZ05,22.37611111111111,555271047.7027948
Ese,M3,cPVVG,Measure,CZ05,22.37611111111111,536188010.1420618
Ese,M4,cDXGF,Base,CZ05,22.37611111111111,556333037.4042857
Ese,M4,cDXGF,Measure,CZ05,22.37611111111111,567301580.3279216
Ese,M4,cDXHP,Base,CZ05,22.37611111111111,557395731.764278
Ese,M4,cDXHP,Measure,CZ05,22.37611111111111,568446916.5634495
Ese,M4,cPTAC,Base,CZ05,22.37611111111111,555934838.7346132
Ese,M4,cPTAC,Measure,CZ05,22.37611111111111,567110276.5975093
Ese,M4,cPVVG,Base,CZ05,22.37611111111111,515972136.0448597
Ese,M4,cPVVG,Measure,CZ05,22.37611111111111,530716802.772736
Ese,M5,cDXGF,Base,CZ05,22.37611111111111,536191203.12232214
Ese,M5,cDXGF,Measure,CZ05,22.37611111111111,518750793.0493096
Ese,M5,cDXHP,Base,CZ05,22.37611111111111,534934043.6647963
Ese,M5,cDXHP,Measure,CZ05,22.37611111111111,516595820.33210284
Ese,M5,cPTAC,Base,CZ05,22.37611111111111,536191203.1246429
Ese,M5,cPTAC,Measure,CZ05,22.37611111111111,518978041.9263122
Ese,M5,cPVVG,Base,CZ05,22.37611111111111,532772641.38704914
Ese,M5,cPVVG,Measure,CZ05,22.37611111111111,515495078.5989911
Eun,M1,cDXGF,Base,CZ05,22.37611111111111,4268866558.969567
Eun,M1,cDXGF,Measure,CZ05,22.37611111111111,4315900356.449311
Eun,M1,cDXHP,Base,CZ05,22.37611111111111,4280868844.0714364
Eun,M1,cDXHP,Measure,CZ05,22.37611111111111,4328978907.538319
Eun,M1,cPTAC,Base,CZ05,22.37611111111111,4264914084.6746087
Eun,M1,cPTAC,Measure,CZ05,22.37611111111111,4313278511.89786
Eun,M1,cPVVG,Base,CZ05,22.37611111111111,3729655608.853502
Eun,M1,cPVVG,Measure,CZ05,22.37611111111111,3826798378.1950283
Eun,M2,cDXGF,Base,CZ05,22.37611111111111,4758679271.333825
Eun,M2,cDXGF,Measure,CZ05,22.37611111111111,4714716863.041119
Eun,M2,cDXHP,Base,CZ05,22.37611111111111,4756548611.0036125
Eun,M2,cDXHP,Measure,CZ05,22.37611111111111,4711845031.906365
Eun,M2,cPTAC,Base,CZ05,22.37611111111111,4758679271.33394
Eun,M2,cPTAC,Measure,CZ05,22.37611111111111,4714716863.033442
Eun,M2,cPVVG,Base,CZ05,22.37611111111111,4268610720.095984
Eun,M2,cPVVG,Measure,CZ05,22.37611111111111,4242603475.926044
Eun,M3,cDXGF,Base,CZ05,22.37611111111111,4389548522.290443
Eun,M3,cDXGF,Measure,CZ05,22.37611111111111,4099382634.97807
Eun,M3,cDXHP,Base,CZ05,22.37611111111111,4283387270.724896
Eun,M3,cDXHP,Measure,CZ05,22.37611111111111,3992897461.1959324
Eun,M3,cPTAC,Base,CZ05,22.37611111111111,4389548521.079968
Eun,M3,cPTAC,Measure,CZ05,22.37611111111111,4099382633.951871
Eun,M3,cPVVG,Base,CZ05,22.37611111111111,4337877237.166024
Eun,M3,cPVVG,Measure,CZ05,22.37611111111111,4050182028.7575135
Eun,M4,cDXGF,Base,CZ05,22.37611111111111,4462565125.402287
Eun,M4,cDXGF,Measure,CZ05,22.37611111111111,4524172168.378778
Eun,M4,cDXHP,Base,CZ05,22.37611111111111,4473785657.671499
Eun,M4,cDXHP,Measure,CZ05,22.37611111111111,4536511292.12053
Eun,M4,cPTAC,Base,CZ05,22.37611111111111,4458458101.986025
Eun,M4,cPTAC,Measure,CZ05,22.37611111111111,4522006777.101539
Eun,M4,cPVVG,Base,CZ05,22.37611111111111,3875981366.816325
Eun,M4,cPVVG,Measure,CZ05,22.37611111111111,3995354707.964223
Eun,M5,cDXGF,Base,CZ05,22.37611111111111,4249961526.0743756
Eun,M5,cDXGF,Measure,CZ05,22.37611111111111,3981751328.7147307
Eun,M5,cDXHP,Base,CZ05,22.37611111111111,4215827060.9607363
Eun,M5,cDXHP,Measure,CZ05,22.37611111111111,3936430384.1556425
Eun,M5,cPTAC,Base,CZ05,22.37611111111111,4249961272.177384
Eun,M5,cPTAC,Measure,CZ05,22.37611111111111,3981748517.9731016
Eun,M5,cPVVG,Base,CZ05,22.37611111111111,4199328208.0555625
Eun,M5,cPVVG,Measure,CZ05,22.37611111111111,3933511108.2839174
Gro,M1,cDXGF,Base,CZ05,22.37611111111111,1279068919.5628593
Gro,M1,cDXGF,Measure,CZ05,22.37611111111111,1283706165.3232856
Gro,M1,cDXHP,Base,CZ05,22.37611111111111,1280614211.1628182
Gro,M1,cDXHP,Measure,CZ05,22.37611111111111,1285301674.1951323
Gro,M1,cPTAC,Base,CZ05,22.37611111111111,1277313385.9199774
Gro,M1,cPTAC,Measure,CZ05,22.37611111111111,1282170296.7222936
Gro,M1,cPVVG,Base,CZ05,22.37611111111111,1234392910.0007374
Gro,M1,cPVVG,Measure,CZ05,22.37611111111111,1242307181.378082
Gro,M2,cDXGF,Base,CZ05,22.37611111111111,1286956155.9890838
Gro,M2,cDXGF,Measure,CZ05,22.37611111111111,1279332692.6301172
Gro,M2,cDXHP,Base,CZ05,22.37611111111111,1288371466.0183415
Gro,M2,cDXHP,Measure,CZ05,22.37611111111111,1280644050.5452702
Gro,M2,cPTAC,Base,CZ05,22.37611111111111,1287492918.418947
Gro,M2,cPTAC,Measure,CZ05,22.37611111111111,1279550860.6824462
Gro,M2,cPVVG,Base,CZ05,22.37611111111111,1237612750.0461376
Gro,M2,cPVVG,Measure,CZ05,22.37611111111111,1233839107.876858
Gro,M3,cDXGF,Base,CZ05,22.37611111111111,1223464719.926191
Gro,M3,cDXGF,Measure,CZ05,22.37611111111111,1210660060.0692487
Gro,M3,cDXHP,Base,CZ05,22.37611111111111,1219196954.942897
Gro,M3,cDXHP,Measure,CZ05,22.37611111111111,1206364798.2176638
Gro,M3,cPTAC,Base,CZ05,22.37611111111111,1219575419.2916641
Gro,M3,cPTAC,Measure,CZ05,22.37611111111111,1207084302.1169004
Gro,M3,cPVVG,Base,CZ05,22.37611111111111,1220539419.3870785
Gro,M3,cPVVG,Measure,CZ05,22.37611111111111,1207878824.9764946
Gro,M4,cDXGF,Base,CZ05,22.37611111111111,1284776290.2899396
Gro,M4,cDXGF,Measure,CZ05,22.37611111111111,1290718745.2449539
Gro,M4,cDXHP,Base,CZ05,22.37611111111111,1286376364.1366801
Gro,M4,cDXHP,Measure,CZ05,22.37611111111111,1292383043.5879288
Gro,M4,cPTAC,Base,CZ05,22.37611111111111,1282306847.7092588
Gro,M4,cPTAC,Measure,CZ05,22.37611111111111,1288601996.7365057
Gro,M4,cPVVG,Base,CZ05,22.37611111111111,1237663632.4622133
Gro,M4,cPVVG,Measure,CZ05,22.37611111111111,1246755142.76248
Gro,M5,cDXGF,Base,CZ05,22.37611111111111,1237182571.731822
Gro,M5,cDXGF,Measure,CZ05,22.37611111111111,1223950629.3697054
Gro,M5,cDXHP,Base,CZ05,22.37611111111111,1234657370.6416514
Gro,M5,cDXHP,Measure,CZ05,22.37611111111111,1221124967.311403
Gro,M5,cPTAC,Base,CZ05,22.37611111111111,1232532750.4574547
Gro,M5,cPTAC,Measure,CZ05,22.37611111111111,1220306128.5978324
Gro,M5,cPVVG,Base,CZ05,22.37611111111111,1234264857.5936477
Gro,M5,cPVVG,Measure,CZ05,22.37611111111111,1221181362.418923
MBT,M1,cDXGF,Base,CZ05,22.37611111111111,1814754566.9923332
MBT,M1,cDXGF,Measure,CZ05,22.37611111111111,1820542902.6462286
MBT,M1,cDXHP,Base,CZ05,22.37611111111111,1815622228.4262202
MBT,M1,cDXHP,Measure,CZ05,22.37611111111111,1821533441.6997702
MBT,M1,cPTAC,Base,CZ05,22.37611111111111,1813062629.2332456
MBT,M1,cPTAC,Measure,CZ05,22.37611111111111,1819028250.9317582
MBT,M1,cPVVG,Base,CZ05,22.37611111111111,1734141011.5968993
MBT,M1,cPVVG,Measure,CZ05,22.37611111111111,1747300372.498057
MBT,M2,cDXGF,Base,CZ05,22.37611111111111,1892350339.8036165
MBT,M2,cDXGF,Measure,CZ05,22.37611111111111,1884407664.6797767
MBT,M2,cDXHP,Base,CZ05,22.37611111111111,1889685197.4171078
MBT,M2,cDXHP,Measure,CZ05,22.37611111111111,1881584155.0722516
MBT,M2,cPTAC,Base,CZ05,22.37611111111111,1892350339.8012652
MBT,M2,cPTAC,Measure,CZ05,22.37611111111111,1884407664.67859
MBT,M2,cPVVG,Base,CZ05,22.37611111111111,1819372046.6219978
MBT,M2,cPVVG,Measure,CZ05,22.37611111111111,1815383739.3904598
MBT,M3,cDXGF,Base,CZ05,22.37611111111111,1846188543.4848151
MBT,M3,cDXGF,Measure,CZ05,22.37611111111111,1796585683.9303129
MBT,M3,cDXHP,Base,CZ05,22.37611111111111,1825786249.401325
MBT,M3,cDXHP,Measure,CZ05,22.37611111111111,1776160964.8124528
MBT,M3,cPTAC,Base,CZ05,22.37611111111111,1846188543.484201
MBT,M3,cPTAC,Measure,CZ05,22.37611111111111,1796585683.9312973
MBT,M3,cPVVG,Base,CZ05,22.37611111111111,1837060923.559264
MBT,M3,cPVVG,Measure,CZ05,22.37611111111111,1787892307.6654913
MBT,M4,cDXGF,Base,CZ05,22.37611111111111,1851574122.0083425
MBT,M4,cDXGF,Measure,CZ05,22.37611111111111,1858722009.8517563
MBT,M4,cDXHP,Base,CZ05,22.37611111111111,1850583551.5773013
MBT,M4,cDXHP,Measure,CZ05,22.37611111111111,1857708340.3717802
MBT,M4,cPTAC,Base,CZ05,22.37611111111111,1851227186.5441267
MBT,M4,cPTAC,Measure,CZ05,22.37611111111111,1858661005.0216599
MBT,M4,cPVVG,Base,CZ05,22.37611111111111,1764806084.204242
MBT,M4,cPVVG,Measure,CZ05,22.37611111111111,1780288009.313372
MBT,M5,cDXGF,Base,CZ05,22.37611111111111,1826577004.9739335
MBT,M5,cDXGF,Measure,CZ05,22.37611111111111,1780065665.4413404
MBT,M5,cDXHP,Base,CZ05,22.37611111111111,1815028917.7124162
MBT,M5,cDXHP,Measure,CZ05,22.37611111111111,1767236226.575652
MBT,M5,cPTAC,Base,CZ05,22.37611111111111,1826577004.9719195
MBT,M5,cPTAC,Measure,CZ05,22.37611111111111,1780065665.4427125
MBT,M5,cPVVG,Base,CZ05,22.37611111111111,1817421122.128923
MBT,M5,cPVVG,Measure,CZ05,22.37611111111111,1771342108.1158032
MLI,M1,cDXGF,Base,CZ05,22.37611111111111,719822346.5013924
MLI,M1,cDXGF,Measure,CZ05,22.37611111111111,723823875.010877
MLI,M1,cDXHP,Base,CZ05,22.37611111111111,722047411.5029742
MLI,M1,cDXHP,Measure,CZ05,22.37611111111111,726158345.2965391
MLI,M1,cPTAC,Base,CZ05,22.37611111111111,719259138.0582659
MLI,M1,cPTAC,Measure,CZ05,22.37611111111111,723573203.8786346
MLI,M1,cPVVG,Base,CZ05,22.37611111111111,573216056.3149418
MLI,M1,cPVVG,Measure,CZ05,22.37611111111111,585210277.0671271
MLI,M2,cDXGF,Base,CZ05,22.37611111111111,796544620.5432069
MLI,M2,cDXGF,Measure,CZ05,22.37611111111111,785992219.9529309
MLI,M2,cDXHP,Base,CZ05,22.37611111111111,796990742.3183253
MLI,M2,cDXHP,Measure,CZ05,22.37611111111111,786088615.4342835
MLI,M2,cPTAC,Base,CZ05,22.37611111111111,796544620.543234
MLI,M2,cPTAC,Measure,CZ05,22.37611111111111,785992183.0100383
MLI,M2,cPVVG,Base,CZ05,22.37611111111111,650942266.1347944
MLI,M2,cPVVG,Measure,CZ05,22.37611111111111,645462654.9189676
MLI,M3,cDXGF,Base,CZ05,22.37611111111111,657741786.8779219
MLI,M3,cDXGF,Measure,CZ05,22.37611111111111,616136280.6726528
MLI,M3,cDXHP,Base,CZ05,22.37611111111111,640698681.0317568
MLI,M3,cDXHP,Measure,CZ05,22.37611111111111,599196348.6904954
MLI,M3,cPTAC,Base,CZ05,22.37611111111111,657649415.2137347
MLI,M3,cPTAC,Measure,CZ05,22.37611111111111,616058013.7454083
MLI,M3,cPVVG,Base,CZ05,22.37611111111111,642319203.5363513
MLI,M3,cPVVG,Measure,CZ05,22.37611111111111,601558228.2971919
MLI,M4,cDXGF,Base,CZ05,22.37611111111111,754366778.6843387
MLI,M4,cDXGF,Measure,CZ05,22.37611111111111,760093260.6339931
MLI,M4,cDXHP,Base,CZ05,22.37611111111111,756956556.944925
MLI,M4,cDXHP,Measure,CZ05,22.37611111111111,762821705.8195463
MLI,M4,cPTAC,Base,CZ05,22.37611111111111,753419747.8832946
MLI,M4,cPTAC,Measure,CZ05,22.37611111111111,759662845.0122911
MLI,M4,cPVVG,Base,CZ05,22.37611111111111,594258469.5426697
MLI,M4,cPVVG,Measure,CZ05,22.37611111111111,609364850.7360729
MLI,M5,cDXGF,Base,CZ05,22.37611111111111,645673176.563994
MLI,M5,cDXGF,Measure,CZ05,22.37611111111111,605969583.2598178
MLI,M5,cDXHP,Base,CZ05,22.37611111111111,636069574.7668941
MLI,M5,cDXHP,Measure,CZ05,22.37611111111111,595340482.2304708
MLI,M5,cPTAC,Base,CZ05,22.37611111111111,644960749.5282753
MLI,M5,cPTAC,Measure,CZ05,22.37611111111111,605366472.1788317
MLI,M5,cPVVG,Base,CZ05,22.37611111111111,630488003.2422868
MLI,M5,cPVVG,Measure,CZ05,22.37611111111111,591617786.7827947
OfS,M1,cDXGF,Base,CZ05,22.37611111111111,99964220.45585494
OfS,M1,cDXGF,Measure,CZ05,22.37611111111111,99771502.8097535
OfS,M1,cDXHP,Base,CZ05,22.37611111111111,100085116.91357853
OfS,M1,cDXHP,Measure,CZ05,22.37611111111111,99890660.1851573
OfS,M1,cPTAC,Base,CZ05,22.37611111111111,99925652.21773985
OfS,M1,cPTAC,Measure,CZ05,22.37611111111111,99727072.87107353
OfS,M1,cPVVG,Base,CZ05,22.37611111111111,84454095.192757
OfS,M1,cPVVG,Measure,CZ05,22.37611111111111,84952051.42021017
OfS,M2,cDXGF,Base,CZ05,22.37611111111111,111585031.50394505
OfS,M2,cDXGF,Measure,CZ05,22.37611111111111,110433704.9073433
OfS,M2,cDXHP,Base,CZ05,22.37611111111111,111337324.6304388
OfS,M2,cDXHP,Measure,CZ05,22.37611111111111,110182001.52209519
OfS,M2,cPTAC,Base,CZ05,22.37611111111111,111585031.50394486
OfS,M2,cPTAC,Measure,CZ05,22.37611111111111,110433704.90734312
OfS,M2,cPVVG,Base,CZ05,22.37611111111111,96208591.18494605
OfS,M2,cPVVG,Measure,CZ05,22.37611111111111,95617976.16552943
OfS,M3,cDXGF,Base,CZ05,22.37611111111111,99124316.85068817
OfS,M3,cDXGF,Measure,CZ05,22.37611111111111,89988733.05998649
OfS,M3,cDXHP,Base,CZ05,22.37611111111111,96760500.71130766
OfS,M3,cDXHP,Measure,CZ05,22.37611111111111,87647824.87250973
OfS,M3,cPTAC,Base,CZ05,22.37611111111111,99120490.69604804
OfS,M3,cPTAC,Measure,CZ05,22.37611111111111,89985562.29408854
OfS,M3,cPVVG,Base,CZ05,22.37611111111111,97414075.91923876
OfS,M3,cPVVG,Measure,CZ05,22.37611111111111,88358948.78746338
OfS,M4,cDXGF,Base,CZ05,22.37611111111111,109261386.81687108
OfS,M4,cDXGF,Measure,CZ05,22.37611111111111,109030407.01843409
OfS,M4,cDXHP,Base,CZ05,22.37611111111111,109101313.97514047
OfS,M4,cDXHP,Measure,CZ05,22.37611111111111,108873237.20375599
OfS,M4,cPTAC,Base,CZ05,22.37611111111111,109245798.47085758
OfS,M4,cPTAC,Measure,CZ05,22.37611111111111,109017522.00684088
OfS,M4,cPVVG,Base,CZ05,22.37611111111111,93150873.85944273
OfS,M4,cPVVG,Measure,CZ05,22.37611111111111,93780619.66353151
OfS,M5,cDXGF,Base,CZ05,22.37611111111111,98642471.30979228
OfS,M5,cDXGF,Measure,CZ05,22.37611111111111,89583887.82631412
OfS,M5,cDXHP,Base,CZ05,22.37611111111111,96439835.01162563
OfS,M5,cDXHP,Measure,CZ05,22.37611111111111,87379828.72789493
OfS,M5,cPTAC,Base,CZ05,22.37611111111111,98621469.11652063
OfS,M5,cPTAC,Measure,CZ05,22.37611111111111,89566304.42528944
OfS,M5,cPVVG,Base,CZ05,22.37611111111111,96947021.90269634
OfS,M5,cPVVG,Measure,CZ05,22.37611111111111,87967949.60240787
RFF,M1,cDXGF,Base,CZ05,22.37611111111111,38951277.12863179
RFF,M1,cDXGF,Measure,CZ05,22.37611111111111,38992909.77815168
RFF,M1,cDXHP,Base,CZ05,22.37611111111111,39098372.68923782
RFF,M1,cDXHP,Measure,CZ05,22.37611111111111,39140249.38643073
RFF,M1,cPTAC,Base,CZ05,22.37611111111111,38936513.74240764
RFF,M1,cPTAC,Measure,CZ05,22.37611111111111,38980005.12209538
RFF,M1,cPVVG,Base,CZ05,22.37611111111111,35813813.07499123
RFF,M1,cPVVG,Measure,CZ05,22.37611111111111,35943806.863631114
RFF,M2,cDXGF,Base,CZ05,22.37611111111111,42544502.442850746
RFF,M2,cDXGF,Measure,CZ05,22.37611111111111,42424770.46366845
RFF,M2,cDXHP,Base,CZ05,22.37611111111111,42581790.84287529
RFF,M2,cDXHP,Measure,CZ05,22.37611111111111,42458593.99893158
RFF,M2,cPTAC,Base,CZ05,22.37611111111111,42544502.44283605
RFF,M2,cPTAC,Measure,CZ05,22.37611111111111,42424770.46348597
RFF,M2,cPVVG,Base,CZ05,22.37611111111111,39775404.65040572
RFF,M2,cPVVG,Measure,CZ05,22.37611111111111,39713119.70600995
RFF,M3,cDXGF,Base,CZ05,22.37611111111111,41636293.13458801
RFF,M3,cDXGF,Measure,CZ05,22.37611111111111,39109506.55375997
RFF,M3,cDXHP,Base,CZ05,22.37611111111111,40723978.3937683
RFF,M3,cDXHP,Measure,CZ05,22.37611111111111,38179631.78871327
RFF,M3,cPTAC,Base,CZ05,22.37611111111111,41635758.84778409
RFF,M3,cPTAC,Measure,CZ05,22.37611111111111,39109039.15454783
RFF,M3,cPVVG,Base,CZ05,22.37611111111111,41205903.98597087
RFF,M3,cPVVG,Measure,CZ05,22.37611111111111,38699882.55822839
RFF,M4,cDXGF,Base,CZ05,22.37611111111111,40931174.37915662
RFF,M4,cDXGF,Measure,CZ05,22.37611111111111,40981332.219528675
RFF,M4,cDXHP,Base,CZ05,22.37611111111111,41111869.01932075
RFF,M4,cDXHP,Measure,CZ05,22.37611111111111,41162781.39927515
RFF,M4,cPTAC,Base,CZ05,22.37611111111111,40911017.41854034
RFF,M4,cPTAC,Measure,CZ05,22.37611111111111,40963787.440083
RFF,M4,cPVVG,Base,CZ05,22.37611111111111,37574726.07689404
RFF,M4,cPVVG,Measure,CZ05,22.37611111111111,37723877.260319516
RFF,M5,cDXGF,Base,CZ05,22.37611111111111,40604185.44713788
RFF,M5,cDXGF,Measure,CZ05,22.37611111111111,38239596.30361237
RFF,M5,cDXHP,Base,CZ05,22.37611111111111,40179771.778698735
RFF,M5,cDXHP,Measure,CZ05,22.37611111111111,37726996.09474538
RFF,M5,cPTAC,Base,CZ05,22.37611111111111,40603057.18348863
RFF,M5,cPTAC,Measure,CZ05,22.37611111111111,38238606.43179761
RFF,M5,cPVVG,Base,CZ05,22.37611111111111,40176841.350691915
RFF,M5,cPVVG,Measure,CZ05,22.37611111111111,37832480.17595466
Rt3,M1,cDXGF,Base,CZ05,22.37611111111111,1441676712.2993882
Rt3,M1,cDXGF,Measure,CZ05,22.37611111111111,1469853834.4767516
Rt3,M1,cDXHP,Base,CZ05,22.37611111111111,1447318361.4080477
Rt3,M1,cDXHP,Measure,CZ05,22.37611111111111,1476721364.5671272
Rt3,M1,cPTAC,Base,CZ05,22.37611111111111,1440719715.2127638
Rt3,M1,cPTAC,Measure,CZ05,22.37611111111111,1469408438.4416058
Rt3,M1,cPVVG,Base,CZ05,22.37611111111111,1298833956.4054651
Rt3,M1,cPVVG,Measure,CZ05,22.37611111111111,1352011021.2811844
Rt3,M2,cDXGF,Base,CZ05,22.37611111111111,1608515985.5207338
Rt3,M2,cDXGF,Measure,CZ05,22.37611111111111,1586365370.432121
Rt3,M2,cDXHP,Base,CZ05,22.37611111111111,1611664442.3871036
Rt3,M2,cDXHP,Measure,CZ05,22.37611111111111,1588281815.88922
Rt3,M2,cPTAC,Base,CZ05,22.37611111111111,1608513894.1807225
Rt3,M2,cPTAC,Measure,CZ05,22.37611111111111,1586304277.5536215
Rt3,M2,cPVVG,Base,CZ05,22.37611111111111,1487110026.6811106
Rt3,M2,cPVVG,Measure,CZ05,22.37611111111111,1475134305.7235389
Rt3,M3,cDXGF,Base,CZ05,22.37611111111111,1534865118.2048974
Rt3,M3,cDXGF,Measure,CZ05,22.37611111111111,1443428005.416535
Rt3,M3,cDXHP,Base,CZ05,22.37611111111111,1495158872.2715795
Rt3,M3,cDXHP,Measure,CZ05,22.37611111111111,1403445158.3446226
Rt3,M3,cPTAC,Base,CZ05,22.37611111111111,1534650133.9299867
Rt3,M3,cPTAC,Measure,CZ05,22.37611111111111,1443245347.3138328
Rt3,M3,cPVVG,Base,CZ05,22.37611111111111,1520075028.3484063
Rt3,M3,cPVVG,Measure,CZ05,22.37611111111111,1429325527.1429658
Rt3,M4,cDXGF,Base,CZ05,22.37611111111111,1499794312.3177829
Rt3,M4,cDXGF,Measure,CZ05,22.37611111111111,1533122770.2833533
Rt3,M4,cDXHP,Base,CZ05,22.37611111111111,1506382841.1086807
Rt3,M4,cDXHP,Measure,CZ05,22.37611111111111,1541220072.3769162
Rt3,M4,cPTAC,Base,CZ05,22.37611111111111,1498478958.0794907
Rt3,M4,cPTAC,Measure,CZ05,22.37611111111111,1532520786.0682032
Rt3,M4,cPVVG,Base,CZ05,22.37611111111111,1341611829.6743243
Rt3,M4,cPVVG,Measure,CZ05,22.37611111111111,1404249837.723151
Rt3,M5,cDXGF,Base,CZ05,22.37611111111111,1493205287.4765024
Rt3,M5,cDXGF,Measure,CZ05,22.37611111111111,1408303079.6610837
Rt3,M5,cDXHP,Base,CZ05,22.37611111111111,1480677550.9217448
Rt3,M5,cDXHP,Measure,CZ05,22.37611111111111,1391336265.4246542
Rt3,M5,cPTAC,Base,CZ05,22.37611111111111,1492074493.777582
Rt3,M5,cPTAC,Measure,CZ05,22.37611111111111,1407345921.854875
Rt3,M5,cPVVG,Base,CZ05,22.37611111111111,1478345176.205071
Rt3,M5,cPVVG,Measure,CZ05,22.37611111111111,1394135126.0978472
RtL,M1,cDXGF,Base,CZ05,22.37611111111111,1435641522.2686648
RtL,M1,cDXGF,Measure,CZ05,22.37611111111111,1462873925.745775
RtL,M1,cDXHP,Base,CZ05,22.37611111111111,1439440824.3585727
RtL,M1,cDXHP,Measure,CZ05,22.37611111111111,1467511427.8079598
RtL,M1,cPTAC,Base,CZ05,22.37611111111111,1432118138.7155876
RtL,M1,cPTAC,Measure,CZ05,22.37611111111111,1460863186.0950465
RtL,M1,cPVVG,Base,CZ05,22.37611111111111,1300644519.2088525
RtL,M1,cPVVG,Measure,CZ05,22.37611111111111,1351317098.5691931
RtL,M2,cDXGF,Base,CZ05,22.37611111111111,1594795090.5081398
RtL,M2,cDXGF,Measure,CZ05,22.37611111111111,1572891912.862323
RtL,M2,cDXHP,Base,CZ05,22.37611111111111,1592182355.1242096
RtL,M2,cDXHP,Measure,CZ05,22.37611111111111,1569483704.7064168
RtL,M2,cPTAC,Base,CZ05,22.37611111111111,1594771145.6235986
RtL,M2,cPTAC,Measure,CZ05,22.37611111111111,1572851514.4127696
RtL,M2,cPVVG,Base,CZ05,22.37611111111111,1476894032.7987373
RtL,M2,cPVVG,Measure,CZ05,22.37611111111111,1466088833.6644855
RtL,M3,cDXGF,Base,CZ05,22.37611111111111,1534731202.1950989
RtL,M3,cDXGF,Measure,CZ05,22.37611111111111,1444490295.485012
RtL,M3,cDXHP,Base,CZ05,22.37611111111111,1504578417.9815137
RtL,M3,cDXHP,Measure,CZ05,22.37611111111111,1414009291.70319
RtL,M3,cPTAC,Base,CZ05,22.37611111111111,1534682204.9401953
RtL,M3,cPTAC,Measure,CZ05,22.37611111111111,1444448827.3855538
RtL,M3,cPVVG,Base,CZ05,22.37611111111111,1519869765.762841
RtL,M3,cPVVG,Measure,CZ05,22.37611111111111,1430323757.0042355
RtL,M4,cDXGF,Base,CZ05,22.37611111111111,1491208995.948427
RtL,M4,cDXGF,Measure,CZ05,22.37611111111111,1523621183.4368188
RtL,M4,cDXHP,Base,CZ05,22.37611111111111,1495624375.545762
RtL,M4,cDXHP,Measure,CZ05,22.37611111111111,1529036968.4247653
RtL,M4,cPTAC,Base,CZ05,22.37611111111111,1488923681.7722914
RtL,M4,cPTAC,Measure,CZ05,22.37611111111111,1523118239.5228028
RtL,M4,cPVVG,Base,CZ05,22.37611111111111,1341765052.8515677
RtL,M4,cPVVG,Measure,CZ05,22.37611111111111,1401219301.5344396
RtL,M5,cDXGF,Base,CZ05,22.37611111111111,1496233722.5281386
RtL,M5,cDXGF,Measure,CZ05,22.37611111111111,1412236801.214667
RtL,M5,cDXHP,Base,CZ05,22.37611111111111,1494777762.8675668
RtL,M5,cDXHP,Measure,CZ05,22.37611111111111,1405887186.3756616
RtL,M5,cPTAC,Base,CZ05,22.37611111111111,1495636985.3611932
RtL,M5,cPTAC,Measure,CZ05,22.37611111111111,1411731599.735442
RtL,M5,cPVVG,Base,CZ05,22.37611111111111,1481483230.689133
RtL,M5,cPVVG,Measure,CZ05,22.37611111111111,1398177961.3777597
RtS,M1,cDXGF,Base,CZ05,22.37611111111111,91722619.0332719
RtS,M1,cDXGF,Measure,CZ05,22.37611111111111,92557429.89008561
RtS,M1,cDXHP,Base,CZ05,22.37611111111111,92125589.61471008
RtS,M1,cDXHP,Measure,CZ05,22.37611111111111,92988177.49149896
RtS,M1,cPTAC,Base,CZ05,22.37611111111111,91621240.15370712
RtS,M1,cPTAC,Measure,CZ05,22.37611111111111,92498945.44428281
RtS,M1,cPVVG,Base,CZ05,22.37611111111111,80941740.3936949
RtS,M1,cPVVG,Measure,CZ05,22.37611111111111,82894548.67237815
RtS,M2,cDXGF,Base,CZ05,22.37611111111111,101623417.92265622
RtS,M2,cDXGF,Measure,CZ05,22.37611111111111,100188589.10237108
RtS,M2,cDXHP,Base,CZ05,22.37611111111111,101788287.47592574
RtS,M2,cDXHP,Measure,CZ05,22.37611111111111,100306472.87584917
RtS,M2,cPTAC,Base,CZ05,22.37611111111111,101623417.92265707
RtS,M2,cPTAC,Measure,CZ05,22.37611111111111,100188244.77584949
RtS,M2,cPVVG,Base,CZ05,22.37611111111111,91140157.63169338
RtS,M2,cPVVG,Measure,CZ05,22.37611111111111,90426144.83959238
RtS,M3,cDXGF,Base,CZ05,22.37611111111111,95095685.5294779
RtS,M3,cDXGF,Measure,CZ05,22.37611111111111,88600059.52710353
RtS,M3,cDXHP,Base,CZ05,22.37611111111111,92864522.8222097
RtS,M3,cDXHP,Measure,CZ05,22.37611111111111,86347570.505869
RtS,M3,cPTAC,Base,CZ05,22.37611111111111,95087176.19895092
RtS,M3,cPTAC,Measure,CZ05,22.37611111111111,88592860.27968019
RtS,M3,cPVVG,Base,CZ05,22.37611111111111,93799173.67839411
RtS,M3,cPVVG,Measure,CZ05,22.37611111111111,87367875.13920452
RtS,M4,cDXGF,Base,CZ05,22.37611111111111,96329528.01702186
RtS,M4,cDXGF,Measure,CZ05,22.37611111111111,97367185.40882188
RtS,M4,cDXHP,Base,CZ05,22.37611111111111,96802419.26315902
RtS,M4,cDXHP,Measure,CZ05,22.37611111111111,97875371.87928647
RtS,M4,cPTAC,Base,CZ05,22.37611111111111,96182223.86240302
RtS,M4,cPTAC,Measure,CZ05,22.37611111111111,97281552.14818381
RtS,M4,cPVVG,Base,CZ05,22.37611111111111,84588239.26474427
RtS,M4,cPVVG,Measure,CZ05,22.37611111111111,86926246.6828402
RtS,M5,cDXGF,Base,CZ05,22.37611111111111,93395838.12045349
RtS,M5,cDXGF,Measure,CZ05,22.37611111111111,87173375.7042915
RtS,M5,cDXHP,Base,CZ05,22.37611111111111,92455488.45553485
RtS,M5,cDXHP,Measure,CZ05,22.37611111111111,86007121.14926407
RtS,M5,cPTAC,Base,CZ05,22.37611111111111,93302778.79043677
RtS,M5,cPTAC,Measure,CZ05,22.37611111111111,87094653.18717931
RtS,M5,cPVVG,Base,CZ05,22.37611111111111,92114382.80533315
RtS,M5,cPVVG,Measure,CZ05,22.37611111111111,85955787.96130596
SCn,M1,cDXGF,Base,CZ05,22.37611111111111,1372964601.1467955
SCn,M1,cDXGF,Measure,CZ05,22.37611111111111,1408344131.9261038
SCn,M1,cDXHP,Base,CZ05,22.37611111111111,1374097760.860294
SCn,M1,cDXHP,Measure,CZ05,22.37611111111111,1410315996.104908
SCn,M1,cPTAC,Base,CZ05,22.37611111111111,1351172756.4091756
SCn,M1,cPTAC,Measure,CZ05,22.37611111111111,1399064302.1508749
SCn,M1,cPVVG,Base,CZ05,22.37611111111111,1219320699.1952326
SCn,M1,cPVVG,Measure,CZ05,22.37611111111111,1258556486.0928378
SCn,M2,cDXGF,Base,CZ05,22.37611111111111,1543424831.0311897
SCn,M2,cDXGF,Measure,CZ05,22.37611111111111,1515985712.7083602
SCn,M2,cDXHP,Base,CZ05,22.37611111111111,1541058636.6968217
SCn,M2,cDXHP,Measure,CZ05,22.37611111111111,1513005986.504048
SCn,M2,cPTAC,Base,CZ05,22.37611111111111,1543424831.031267
SCn,M2,cPTAC,Measure,CZ05,22.37611111111111,1515985712.7082522
SCn,M2,cPVVG,Base,CZ05,22.37611111111111,1372424830.261932
SCn,M2,cPVVG,Measure,CZ05,22.37611111111111,1356034472.885177
SCn,M3,cDXGF,Base,CZ05,22.37611111111111,1392607363.4692085
SCn,M3,cDXGF,Measure,CZ05,22.37611111111111,1314728134.1706398
SCn,M3,cDXHP,Base,CZ05,22.37611111111111,1388053855.4743319
SCn,M3,cDXHP,Measure,CZ05,22.37611111111111,1309395162.7161067
SCn,M3,cPTAC,Base,CZ05,22.37611111111111,1392606360.8007078
SCn,M3,cPTAC,Measure,CZ05,22.37611111111111,1314727294.6039932
SCn,M3,cPVVG,Base,CZ05,22.37611111111111,1335203717.6776648
SCn,M3,cPVVG,Measure,CZ05,22.37611111111111,1260996421.1389742
SCn,M4,cDXGF,Base,CZ05,22.37611111111111,1375495675.3521588
SCn,M4,cDXGF,Measure,CZ05,22.37611111111111,1413625631.1620414
SCn,M4,cDXHP,Base,CZ05,22.37611111111111,1376565668.500505
SCn,M4,cDXHP,Measure,CZ05,22.37611111111111,1415611633.1870513
SCn,M4,cPTAC,Base,CZ05,22.37611111111111,1352586729.2904458
SCn,M4,cPTAC,Measure,CZ05,22.37611111111111,1403106998.3082573
SCn,M4,cPVVG,Base,CZ05,22.37611111111111,1219320699.1955113
SCn,M4,cPVVG,Measure,CZ05,22.37611111111111,1258556486.1734483
SCn,M5,cDXGF,Base,CZ05,22.37611111111111,1381564864.499843
SCn,M5,cDXGF,Measure,CZ05,22.37611111111111,1305599848.3239093
SCn,M5,cDXHP,Base,CZ05,22.37611111111111,1377310868.1735322
SCn,M5,cDXHP,Measure,CZ05,22.37611111111111,1300509749.5180063
SCn,M5,cPTAC,Base,CZ05,22.37611111111111,1381565717.496369
SCn,M5,cPTAC,Measure,CZ05,22.37611111111111,1305599848.326484
SCn,M5,cPVVG,Base,CZ05,22.37611111111111,1327951621.6519997
SCn,M5,cPVVG,Measure,CZ05,22.37611111111111,1255176044.0090015
Asm,M1,cDXGF,Base,CZ06,24.253888888888888,512851060.15787506
Asm,M1,cDXGF,Measure,CZ06,24.253888888888888,522844263.388772
Asm,M1,cDXHP,Base,CZ06,24.253888888888888,515292128.2505071
Asm,M1,cDXHP,Measure,CZ06,24.253888888888888,525222736.08180755
Asm,M1,cPTAC,Base,CZ06,24.253888888888888,512851033.42302066
Asm,M1,cPTAC,Measure,CZ06,24.253888888888888,522844263.38877654
Asm,M1,cPVVG,Base,CZ06,24.253888888888888,454064514.3951628
Asm,M1,cPVVG,Measure,CZ06,24.253888888888888,469972347.49262255
Asm,M2,cDXGF,Base,CZ06,24.253888888888888,564103651.3067669
Asm,M2,cDXGF,Measure,CZ06,24.253888888888888,560013267.749433
Asm,M2,cDXHP,Base,CZ06,24.253888888888888,565268711.3728943
Asm,M2,cDXHP,Measure,CZ06,24.253888888888888,561041938.3048904
Asm,M2,cPTAC,Base,CZ06,24.253888888888888,564103651.3067596
Asm,M2,cPTAC,Measure,CZ06,24.253888888888888,560013267.7494358
Asm,M2,cPVVG,Base,CZ06,24.253888888888888,518552681.1529325
Asm,M2,cPVVG,Measure,CZ06,24.253888888888888,514351604.0317469
Asm,M3,cDXGF,Base,CZ06,24.253888888888888,552007074.4508963
Asm,M3,cDXGF,Measure,CZ06,24.253888888888888,498171040.7616919
Asm,M3,cDXHP,Base,CZ06,24.253888888888888,539399100.2567075
Asm,M3,cDXHP,Measure,CZ06,24.253888888888888,485128594.26379293
Asm,M3,cPTAC,Base,CZ06,24.253888888888888,552007074.4508946
Asm,M3,cPTAC,Measure,CZ06,24.253888888888888,498171040.7616946
Asm,M3,cPVVG,Base,CZ06,24.253888888888888,545010081.5738176
Asm,M3,cPVVG,Measure,CZ06,24.253888888888888,491500930.51201224
Asm,M4,cDXGF,Base,CZ06,24.253888888888888,515465361.7149287
Asm,M4,cDXGF,Measure,CZ06,24.253888888888888,525442276.8115705
Asm,M4,cDXHP,Base,CZ06,24.253888888888888,517939880.6717183
Asm,M4,cDXHP,Measure,CZ06,24.253888888888888,527857052.36762536
Asm,M4,cPTAC,Base,CZ06,24.253888888888888,515465334.5110594
Asm,M4,cPTAC,Measure,CZ06,24.253888888888888,525442276.81155884
Asm,M4,cPVVG,Base,CZ06,24.253888888888888,455173248.1983124
Asm,M4,cPVVG,Measure,CZ06,24.253888888888888,471158235.2071984
Asm,M5,cDXGF,Base,CZ06,24.253888888888888,518851515.72957814
Asm,M5,cDXGF,Measure,CZ06,24.253888888888888,470427604.15472394
Asm,M5,cDXHP,Base,CZ06,24.253888888888888,525793677.355325
Asm,M5,cDXHP,Measure,CZ06,24.253888888888888,473859053.58774024
Asm,M5,cPTAC,Base,CZ06,24.253888888888888,518851515.7295712
Asm,M5,cPTAC,Measure,CZ06,24.253888888888888,470427604.1547295
Asm,M5,cPVVG,Base,CZ06,24.253888888888888,511289431.66098154
Asm,M5,cPVVG,Measure,CZ06,24.253888888888888,463249728.23185384
ECC,M1,cDXGF,Base,CZ06,24.253888888888888,1532535777.0914152
ECC,M1,cDXGF,Measure,CZ06,24.253888888888888,1543331535.2101798
ECC,M1,cDXHP,Base,CZ06,24.253888888888888,1534867115.5740278
ECC,M1,cDXHP,Measure,CZ06,24.253888888888888,1545689562.7070792
ECC,M1,cPTAC,Base,CZ06,24.253888888888888,1532535753.8795269
ECC,M1,cPTAC,Measure,CZ06,24.253888888888888,1543331535.2033217
ECC,M1,cPVVG,Base,CZ06,24.253888888888888,1313621761.7806551
ECC,M1,cPVVG,Measure,CZ06,24.253888888888888,1346159088.528857
ECC,M2,cDXGF,Base,CZ06,24.253888888888888,1606295630.035749
ECC,M2,cDXGF,Measure,CZ06,24.253888888888888,1583631357.6047096
ECC,M2,cDXHP,Base,CZ06,24.253888888888888,1601905033.2851014
ECC,M2,cDXHP,Measure,CZ06,24.253888888888888,1578796304.7279234
ECC,M2,cPTAC,Base,CZ06,24.253888888888888,1606295630.0370739
ECC,M2,cPTAC,Measure,CZ06,24.253888888888888,1583631357.6068485
ECC,M2,cPVVG,Base,CZ06,24.253888888888888,1402485018.4010808
ECC,M2,cPVVG,Measure,CZ06,24.253888888888888,1387699654.0261996
ECC,M3,cDXGF,Base,CZ06,24.253888888888888,1455982025.768815
ECC,M3,cDXGF,Measure,CZ06,24.253888888888888,1342095147.2416093
ECC,M3,cDXHP,Base,CZ06,24.253888888888888,1428702521.756133
ECC,M3,cDXHP,Measure,CZ06,24.253888888888888,1314186056.2412894
ECC,M3,cPTAC,Base,CZ06,24.253888888888888,1455982025.76335
ECC,M3,cPTAC,Measure,CZ06,24.253888888888888,1342095147.244393
ECC,M3,cPVVG,Base,CZ06,24.253888888888888,1434565984.6916368
ECC,M3,cPVVG,Measure,CZ06,24.253888888888888,1321719258.943902
ECC,M4,cDXGF,Base,CZ06,24.253888888888888,1546581956.873945
ECC,M4,cDXGF,Measure,CZ06,24.253888888888888,1557360546.9949656
ECC,M4,cDXHP,Base,CZ06,24.253888888888888,1549073832.3647406
ECC,M4,cDXHP,Measure,CZ06,24.253888888888888,1559875761.612116
ECC,M4,cPTAC,Base,CZ06,24.253888888888888,1546581933.8857105
ECC,M4,cPTAC,Measure,CZ06,24.253888888888888,1557360546.9955826
ECC,M4,cPVVG,Base,CZ06,24.253888888888888,1324121365.1564074
ECC,M4,cPVVG,Measure,CZ06,24.253888888888888,1356800160.180638
ECC,M5,cDXGF,Base,CZ06,24.253888888888888,1444831147.845194
ECC,M5,cDXGF,Measure,CZ06,24.253888888888888,1332755456.456373
ECC,M5,cDXHP,Base,CZ06,24.253888888888888,1439677272.6339977
ECC,M5,cDXHP,Measure,CZ06,24.253888888888888,1323313293.1873448
ECC,M5,cPTAC,Base,CZ06,24.253888888888888,1444831147.7742603
ECC,M5,cPTAC,Measure,CZ06,24.253888888888888,1332755456.324471
ECC,M5,cPVVG,Base,CZ06,24.253888888888888,1423144910.6003866
ECC,M5,cPVVG,Measure,CZ06,24.253888888888888,1312163601.0919352
Epr,M1,cDXGF,Base,CZ06,24.253888888888888,246014103.42953342
Epr,M1,cDXGF,Measure,CZ06,24.253888888888888,249238755.96656272
Epr,M1,cDXHP,Base,CZ06,24.253888888888888,246750373.5654143
Epr,M1,cDXHP,Measure,CZ06,24.253888888888888,249951843.1666647
Epr,M1,cPTAC,Base,CZ06,24.253888888888888,246014075.2135403
Epr,M1,cPTAC,Measure,CZ06,24.253888888888888,249238755.9665457
Epr,M1,cPVVG,Base,CZ06,24.253888888888888,209057275.45963162
Epr,M1,cPVVG,Measure,CZ06,24.253888888888888,216376367.53616783
Epr,M2,cDXGF,Base,CZ06,24.253888888888888,261181829.09964415
Epr,M2,cDXGF,Measure,CZ06,24.253888888888888,256931762.8324112
Epr,M2,cDXHP,Base,CZ06,24.253888888888888,260028665.02606055
Epr,M2,cDXHP,Measure,CZ06,24.253888888888888,255656986.90148604
Epr,M2,cPTAC,Base,CZ06,24.253888888888888,261181829.09964576
Epr,M2,cPTAC,Measure,CZ06,24.253888888888888,256931761.248113
Epr,M2,cPVVG,Base,CZ06,24.253888888888888,227324933.82147214
Epr,M2,cPVVG,Measure,CZ06,24.253888888888888,224627404.0865427
Epr,M3,cDXGF,Base,CZ06,24.253888888888888,236555787.81154433
Epr,M3,cDXGF,Measure,CZ06,24.253888888888888,217431168.73427728
Epr,M3,cDXHP,Base,CZ06,24.253888888888888,230542636.19070378
Epr,M3,cDXHP,Measure,CZ06,24.253888888888888,211276279.05606714
Epr,M3,cPTAC,Base,CZ06,24.253888888888888,236555787.6211544
Epr,M3,cPTAC,Measure,CZ06,24.253888888888888,217431164.4880375
Epr,M3,cPVVG,Base,CZ06,24.253888888888888,232956025.54210457
Epr,M3,cPVVG,Measure,CZ06,24.253888888888888,214006073.68402898
Epr,M4,cDXGF,Base,CZ06,24.253888888888888,247984629.30046415
Epr,M4,cDXGF,Measure,CZ06,24.253888888888888,251199906.2649351
Epr,M4,cDXHP,Base,CZ06,24.253888888888888,248750770.7969252
Epr,M4,cDXHP,Measure,CZ06,24.253888888888888,251944704.6531871
Epr,M4,cPTAC,Base,CZ06,24.253888888888888,247984601.5849879
Epr,M4,cPTAC,Measure,CZ06,24.253888888888888,251199906.26491693
Epr,M4,cPVVG,Base,CZ06,24.253888888888888,210315856.8476512
Epr,M4,cPVVG,Measure,CZ06,24.253888888888888,217670394.16680917
Epr,M5,cDXGF,Base,CZ06,24.253888888888888,232920734.42181417
Epr,M5,cDXGF,Measure,CZ06,24.253888888888888,214377910.8834406
Epr,M5,cDXHP,Base,CZ06,24.253888888888888,232803450.87303245
Epr,M5,cDXHP,Measure,CZ06,24.253888888888888,213151738.61490074
Epr,M5,cPTAC,Base,CZ06,24.253888888888888,232920734.21743387
Epr,M5,cPTAC,Measure,CZ06,24.253888888888888,214377911.26966614
Epr,M5,cPVVG,Base,CZ06,24.253888888888888,229258522.12767702
Epr,M5,cPVVG,Measure,CZ06,24.253888888888888,210902398.72305056
ERC,M1,cDXGF,Base,CZ06,24.253888888888888,9883857.923724016
ERC,M1,cDXGF,Measure,CZ06,24.253888888888888,9915093.07372863
ERC,M1,cDXHP,Base,CZ06,24.253888888888888,9912255.157238523
ERC,M1,cDXHP,Measure,CZ06,24.253888888888888,9942668.92076429
ERC,M1,cPTAC,Base,CZ06,24.253888888888888,9883857.923724262
ERC,M1,cPTAC,Measure,CZ06,24.253888888888888,9915093.073729604
ERC,M1,cPVVG,Base,CZ06,24.253888888888888,8158154.454895013
ERC,M1,cPVVG,Measure,CZ06,24.253888888888888,8298585.098579318
ERC,M2,cDXGF,Base,CZ06,24.253888888888888,10374850.997684604
ERC,M2,cDXGF,Measure,CZ06,24.253888888888888,10198237.406027671
ERC,M2,cDXHP,Base,CZ06,24.253888888888888,10324673.175413545
ERC,M2,cDXHP,Measure,CZ06,24.253888888888888,10142698.53297217
ERC,M2,cPTAC,Base,CZ06,24.253888888888888,10374850.99768466
ERC,M2,cPTAC,Measure,CZ06,24.253888888888888,10198237.406027382
ERC,M2,cPVVG,Base,CZ06,24.253888888888888,8671699.097191308
ERC,M2,cPVVG,Measure,CZ06,24.253888888888888,8580627.363232004
ERC,M3,cDXGF,Base,CZ06,24.253888888888888,9123531.421678133
ERC,M3,cDXGF,Measure,CZ06,24.253888888888888,8234813.452524255
ERC,M3,cDXHP,Base,CZ06,24.253888888888888,8891305.480775895
ERC,M3,cDXHP,Measure,CZ06,24.253888888888888,7996858.946719834
ERC,M3,cPTAC,Base,CZ06,24.253888888888888,9123531.421678297
ERC,M3,cPTAC,Measure,CZ06,24.253888888888888,8234813.452524285
ERC,M3,cPVVG,Base,CZ06,24.253888888888888,8948804.89913276
ERC,M3,cPVVG,Measure,CZ06,24.253888888888888,8068554.580152748
ERC,M4,cDXGF,Base,CZ06,24.253888888888888,9998255.937479772
ERC,M4,cDXGF,Measure,CZ06,24.253888888888888,10029393.17543746
ERC,M4,cDXHP,Base,CZ06,24.253888888888888,10027898.361494489
ERC,M4,cDXHP,Measure,CZ06,24.253888888888888,10058216.905277949
ERC,M4,cPTAC,Base,CZ06,24.253888888888888,9998255.937480008
ERC,M4,cPTAC,Measure,CZ06,24.253888888888888,10029393.17543847
ERC,M4,cPVVG,Base,CZ06,24.253888888888888,8241404.238728807
ERC,M4,cPVVG,Measure,CZ06,24.253888888888888,8382333.921083461
ERC,M5,cDXGF,Base,CZ06,24.253888888888888,9093902.625138333
ERC,M5,cDXGF,Measure,CZ06,24.253888888888888,8209864.547554659
ERC,M5,cDXHP,Base,CZ06,24.253888888888888,9024914.350115405
ERC,M5,cDXHP,Measure,CZ06,24.253888888888888,8107846.195563926
ERC,M5,cPTAC,Base,CZ06,24.253888888888888,9093902.62513793
ERC,M5,cPTAC,Measure,CZ06,24.253888888888888,8209864.547554467
ERC,M5,cPVVG,Base,CZ06,24.253888888888888,8915869.391040012
ERC,M5,cPVVG,Measure,CZ06,24.253888888888888,8040833.290649657
Ese,M1,cDXGF,Base,CZ06,24.253888888888888,590992459.9934236
Ese,M1,cDXGF,Measure,CZ06,24.253888888888888,596252132.8143939
Ese,M1,cDXHP,Base,CZ06,24.253888888888888,591279307.2648919
Ese,M1,cDXHP,Measure,CZ06,24.253888888888888,596506174.0311726
Ese,M1,cPTAC,Base,CZ06,24.253888888888888,590992459.993393
Ese,M1,cPTAC,Measure,CZ06,24.253888888888888,596252132.8144249
Ese,M1,cPVVG,Base,CZ06,24.253888888888888,556941135.3473413
Ese,M1,cPVVG,Measure,CZ06,24.253888888888888,565394490.6972593
Ese,M2,cDXGF,Base,CZ06,24.253888888888888,621059816.9819167
Ese,M2,cDXGF,Measure,CZ06,24.253888888888888,611306508.5655365
Ese,M2,cDXHP,Base,CZ06,24.253888888888888,620881978.8839804
Ese,M2,cDXHP,Measure,CZ06,24.253888888888888,611018355.2371463
Ese,M2,cPTAC,Base,CZ06,24.253888888888888,621059816.9819156
Ese,M2,cPTAC,Measure,CZ06,24.253888888888888,611306508.5655419
Ese,M2,cPVVG,Base,CZ06,24.253888888888888,590475521.5174797
Ese,M2,cPVVG,Measure,CZ06,24.253888888888888,581671914.5464509
Ese,M3,cDXGF,Base,CZ06,24.253888888888888,611532795.7191418
Ese,M3,cDXGF,Measure,CZ06,24.253888888888888,595292177.5141652
Ese,M3,cDXHP,Base,CZ06,24.253888888888888,606065661.0019116
Ese,M3,cDXHP,Measure,CZ06,24.253888888888888,589719344.6944755
Ese,M3,cPTAC,Base,CZ06,24.253888888888888,611532795.7200152
Ese,M3,cPTAC,Measure,CZ06,24.253888888888888,595292177.5140755
Ese,M3,cPVVG,Base,CZ06,24.253888888888888,608077933.4618468
Ese,M3,cPVVG,Measure,CZ06,24.253888888888888,592002354.7560674
Ese,M4,cDXGF,Base,CZ06,24.253888888888888,593400225.8215879
Ese,M4,cDXGF,Measure,CZ06,24.253888888888888,598672376.9048921
Ese,M4,cDXHP,Base,CZ06,24.253888888888888,593699573.4576933
Ese,M4,cDXHP,Measure,CZ06,24.253888888888888,598921695.5780805
Ese,M4,cPTAC,Base,CZ06,24.253888888888888,593400225.8215355
Ese,M4,cPTAC,Measure,CZ06,24.253888888888888,598672376.9048972
Ese,M4,cPVVG,Base,CZ06,24.253888888888888,558775780.2987243
Ese,M4,cPVVG,Measure,CZ06,24.253888888888888,567251486.5027572
Ese,M5,cDXGF,Base,CZ06,24.253888888888888,599546443.9636759
Ese,M5,cDXGF,Measure,CZ06,24.253888888888888,583221497.4099953
Ese,M5,cDXHP,Base,CZ06,24.253888888888888,598351978.9649522
Ese,M5,cDXHP,Measure,CZ06,24.253888888888888,581218245.4786886
Ese,M5,cPTAC,Base,CZ06,24.253888888888888,599546443.9649262
Ese,M5,cPTAC,Measure,CZ06,24.253888888888888,583221497.4108938
Ese,M5,cPVVG,Base,CZ06,24.253888888888888,596009753.6729388
Ese,M5,cPVVG,Measure,CZ06,24.253888888888888,579861297.1434017
Eun,M1,cDXGF,Base,CZ06,24.253888888888888,4626456415.800074
Eun,M1,cDXGF,Measure,CZ06,24.253888888888888,4642089477.693104
Eun,M1,cDXHP,Base,CZ06,24.253888888888888,4625623580.99225
Eun,M1,cDXHP,Measure,CZ06,24.253888888888888,4641018397.499987
Eun,M1,cPTAC,Base,CZ06,24.253888888888888,4626455454.283985
Eun,M1,cPTAC,Measure,CZ06,24.253888888888888,4642088510.301104
Eun,M1,cPVVG,Base,CZ06,24.253888888888888,4139111700.9469213
Eun,M1,cPVVG,Measure,CZ06,24.253888888888888,4191409784.4650908
Eun,M2,cDXGF,Base,CZ06,24.253888888888888,4779280514.636416
Eun,M2,cDXGF,Measure,CZ06,24.253888888888888,4742297621.023239
Eun,M2,cDXHP,Base,CZ06,24.253888888888888,4777332066.783624
Eun,M2,cDXHP,Measure,CZ06,24.253888888888888,4739761494.374866
Eun,M2,cPTAC,Base,CZ06,24.253888888888888,4779278934.408159
Eun,M2,cPTAC,Measure,CZ06,24.253888888888888,4742297621.023015
Eun,M2,cPVVG,Base,CZ06,24.253888888888888,4326203486.391248
Eun,M2,cPVVG,Measure,CZ06,24.253888888888888,4302218438.697896
Eun,M3,cDXGF,Base,CZ06,24.253888888888888,4486172011.056891
Eun,M3,cDXGF,Measure,CZ06,24.253888888888888,4184907154.136869
Eun,M3,cDXHP,Base,CZ06,24.253888888888888,4402447958.157404
Eun,M3,cDXHP,Measure,CZ06,24.253888888888888,4100521612.964098
Eun,M3,cPTAC,Base,CZ06,24.253888888888888,4486172011.069602
Eun,M3,cPTAC,Measure,CZ06,24.253888888888888,4184907154.1368203
Eun,M3,cPVVG,Base,CZ06,24.253888888888888,4435385407.342791
Eun,M3,cPVVG,Measure,CZ06,24.253888888888888,4136549579.870597
Eun,M4,cDXGF,Base,CZ06,24.253888888888888,4663212182.563974
Eun,M4,cDXGF,Measure,CZ06,24.253888888888888,4678815140.319175
Eun,M4,cDXHP,Base,CZ06,24.253888888888888,4662578836.923767
Eun,M4,cDXHP,Measure,CZ06,24.253888888888888,4677948338.356922
Eun,M4,cPTAC,Base,CZ06,24.253888888888888,4663212180.830525
Eun,M4,cPTAC,Measure,CZ06,24.253888888888888,4678815140.31919
Eun,M4,cPVVG,Base,CZ06,24.253888888888888,4167933951.1533904
Eun,M4,cPVVG,Measure,CZ06,24.253888888888888,4220518430.82049
Eun,M5,cDXGF,Base,CZ06,24.253888888888888,4466472770.834941
Eun,M5,cDXGF,Measure,CZ06,24.253888888888888,4168357435.7498794
Eun,M5,cDXHP,Base,CZ06,24.253888888888888,4425365881.388943
Eun,M5,cDXHP,Measure,CZ06,24.253888888888888,4119595397.476331
Eun,M5,cPTAC,Base,CZ06,24.253888888888888,4466472770.83487
Eun,M5,cPTAC,Measure,CZ06,24.253888888888888,4168357435.7497683
Eun,M5,cPVVG,Base,CZ06,24.253888888888888,4415074316.804211
Eun,M5,cPVVG,Measure,CZ06,24.253888888888888,4119509444.727945
Gro,M1,cDXGF,Base,CZ06,24.253888888888888,1335651437.1195269
Gro,M1,cDXGF,Measure,CZ06,24.253888888888888,1336721645.8179307
Gro,M1,cDXHP,Base,CZ06,24.253888888888888,1337103500.1042523
Gro,M1,cDXHP,Measure,CZ06,24.253888888888888,1338226299.6279695
Gro,M1,cPTAC,Base,CZ06,24.253888888888888,1336565736.792244
Gro,M1,cPTAC,Measure,CZ06,24.253888888888888,1337596771.974575
Gro,M1,cPVVG,Base,CZ06,24.253888888888888,1289623472.0342803
Gro,M1,cPVVG,Measure,CZ06,24.253888888888888,1294994860.4486089
Gro,M2,cDXGF,Base,CZ06,24.253888888888888,1322948949.8647373
Gro,M2,cDXGF,Measure,CZ06,24.253888888888888,1316746788.1715271
Gro,M2,cDXHP,Base,CZ06,24.253888888888888,1324471365.7236035
Gro,M2,cDXHP,Measure,CZ06,24.253888888888888,1318144797.6486678
Gro,M2,cPTAC,Base,CZ06,24.253888888888888,1323718546.7684247
Gro,M2,cPTAC,Measure,CZ06,24.253888888888888,1317634066.1121929
Gro,M2,cPVVG,Base,CZ06,24.253888888888888,1278464470.7552283
Gro,M2,cPVVG,Measure,CZ06,24.253888888888888,1274971324.0892243
Gro,M3,cDXGF,Base,CZ06,24.253888888888888,1273303701.186821
Gro,M3,cDXGF,Measure,CZ06,24.253888888888888,1254645993.9833934
Gro,M3,cDXHP,Base,CZ06,24.253888888888888,1266406807.6449044
Gro,M3,cDXHP,Measure,CZ06,24.253888888888888,1247850984.6963754
Gro,M3,cPTAC,Base,CZ06,24.253888888888888,1273991165.4983237
Gro,M3,cPTAC,Measure,CZ06,24.253888888888888,1255402000.1614702
Gro,M3,cPVVG,Base,CZ06,24.253888888888888,1269308918.921054
Gro,M3,cPVVG,Measure,CZ06,24.253888888888888,1250844735.4369223
Gro,M4,cDXGF,Base,CZ06,24.253888888888888,1337634504.393885
Gro,M4,cDXGF,Measure,CZ06,24.253888888888888,1338661976.3518257
Gro,M4,cDXHP,Base,CZ06,24.253888888888888,1339087377.7014155
Gro,M4,cDXHP,Measure,CZ06,24.253888888888888,1340163127.4669116
Gro,M4,cPTAC,Base,CZ06,24.253888888888888,1338554110.3483992
Gro,M4,cPTAC,Measure,CZ06,24.253888888888888,1339541161.1747558
Gro,M4,cPVVG,Base,CZ06,24.253888888888888,1290676268.4691591
Gro,M4,cPVVG,Measure,CZ06,24.253888888888888,1296170688.7340589
Gro,M5,cDXGF,Base,CZ06,24.253888888888888,1286040770.6340356
Gro,M5,cDXGF,Measure,CZ06,24.253888888888888,1266101105.5024545
Gro,M5,cDXHP,Base,CZ06,24.253888888888888,1279589888.8926249
Gro,M5,cDXHP,Measure,CZ06,24.253888888888888,1258748557.2412524
Gro,M5,cPTAC,Base,CZ06,24.253888888888888,1286662411.6329465
Gro,M5,cPTAC,Measure,CZ06,24.253888888888888,1266796618.6164343
Gro,M5,cPVVG,Base,CZ06,24.253888888888888,1281819548.109877
Gro,M5,cPVVG,Measure,CZ06,24.253888888888888,1262092509.7521565
MBT,M1,cDXGF,Base,CZ06,24.253888888888888,1938635526.6952133
MBT,M1,cDXGF,Measure,CZ06,24.253888888888888,1939117335.2124727
MBT,M1,cDXHP,Base,CZ06,24.253888888888888,1935280754.8917708
MBT,M1,cDXHP,Measure,CZ06,24.253888888888888,1935670479.6947062
MBT,M1,cPTAC,Base,CZ06,24.253888888888888,1938627553.0253046
MBT,M1,cPTAC,Measure,CZ06,24.253888888888888,1939103911.3753483
MBT,M1,cPVVG,Base,CZ06,24.253888888888888,1867209029.0525374
MBT,M1,cPVVG,Measure,CZ06,24.253888888888888,1873372023.2732341
MBT,M2,cDXGF,Base,CZ06,24.253888888888888,1960652266.053251
MBT,M2,cDXGF,Measure,CZ06,24.253888888888888,1953553013.0361664
MBT,M2,cDXHP,Base,CZ06,24.253888888888888,1957676624.9810457
MBT,M2,cDXHP,Measure,CZ06,24.253888888888888,1950441950.742936
MBT,M2,cPTAC,Base,CZ06,24.253888888888888,1960652266.0552154
MBT,M2,cPTAC,Measure,CZ06,24.253888888888888,1953553013.0350568
MBT,M2,cPVVG,Base,CZ06,24.253888888888888,1893566708.7856488
MBT,M2,cPVVG,Measure,CZ06,24.253888888888888,1889953712.2643332
MBT,M3,cDXGF,Base,CZ06,24.253888888888888,1933529876.2637455
MBT,M3,cDXGF,Measure,CZ06,24.253888888888888,1875523715.624688
MBT,M3,cDXHP,Base,CZ06,24.253888888888888,1913841463.2069364
MBT,M3,cDXHP,Measure,CZ06,24.253888888888888,1855753733.0389178
MBT,M3,cPTAC,Base,CZ06,24.253888888888888,1933529876.2615254
MBT,M3,cPTAC,Measure,CZ06,24.253888888888888,1875523715.6209915
MBT,M3,cPVVG,Base,CZ06,24.253888888888888,1923843813.1207647
MBT,M3,cPVVG,Measure,CZ06,24.253888888888888,1866294017.2346268
MBT,M4,cDXGF,Base,CZ06,24.253888888888888,1945162758.6262453
MBT,M4,cDXGF,Measure,CZ06,24.253888888888888,1945645016.1360142
MBT,M4,cDXHP,Base,CZ06,24.253888888888888,1941164262.9821703
MBT,M4,cDXHP,Measure,CZ06,24.253888888888888,1941556641.3768318
MBT,M4,cPTAC,Base,CZ06,24.253888888888888,1945162758.625516
MBT,M4,cPTAC,Measure,CZ06,24.253888888888888,1945645016.1337695
MBT,M4,cPVVG,Base,CZ06,24.253888888888888,1872880067.1045523
MBT,M4,cPVVG,Measure,CZ06,24.253888888888888,1879061647.1057353
MBT,M5,cDXGF,Base,CZ06,24.253888888888888,1932197709.3554838
MBT,M5,cDXGF,Measure,CZ06,24.253888888888888,1874391836.5082133
MBT,M5,cDXHP,Base,CZ06,24.253888888888888,1917395221.7968574
MBT,M5,cDXHP,Measure,CZ06,24.253888888888888,1858735604.6967046
MBT,M5,cPTAC,Base,CZ06,24.253888888888888,1932197709.3587968
MBT,M5,cPTAC,Measure,CZ06,24.253888888888888,1874391836.5038147
MBT,M5,cPVVG,Base,CZ06,24.253888888888888,1922340827.5316875
MBT,M5,cPVVG,Measure,CZ06,24.253888888888888,1865012375.589622
MLI,M1,cDXGF,Base,CZ06,24.253888888888888,807851497.4020457
MLI,M1,cDXGF,Measure,CZ06,24.253888888888888,805353761.2969681
MLI,M1,cDXHP,Base,CZ06,24.253888888888888,809923465.6737298
MLI,M1,cDXHP,Measure,CZ06,24.253888888888888,807484936.1188186
MLI,M1,cPTAC,Base,CZ06,24.253888888888888,807851497.4020559
MLI,M1,cPTAC,Measure,CZ06,24.253888888888888,805353761.2968802
MLI,M1,cPVVG,Base,CZ06,24.253888888888888,681467090.1544285
MLI,M1,cPVVG,Measure,CZ06,24.253888888888888,685943621.2615418
MLI,M2,cDXGF,Base,CZ06,24.253888888888888,828409788.4285629
MLI,M2,cDXGF,Measure,CZ06,24.253888888888888,819328899.3634965
MLI,M2,cDXHP,Base,CZ06,24.253888888888888,829538202.6485467
MLI,M2,cDXHP,Measure,CZ06,24.253888888888888,820259256.0497142
MLI,M2,cPTAC,Base,CZ06,24.253888888888888,828409788.4285823
MLI,M2,cPTAC,Measure,CZ06,24.253888888888888,819328899.3635162
MLI,M2,cPVVG,Base,CZ06,24.253888888888888,704382170.42659
MLI,M2,cPVVG,Measure,CZ06,24.253888888888888,700118028.1069195
MLI,M3,cDXGF,Base,CZ06,24.253888888888888,720653840.5128793
MLI,M3,cDXGF,Measure,CZ06,24.253888888888888,669576741.5265679
MLI,M3,cDXHP,Base,CZ06,24.253888888888888,703733080.4699012
MLI,M3,cDXHP,Measure,CZ06,24.253888888888888,652899095.0895737
MLI,M3,cPTAC,Base,CZ06,24.253888888888888,720653840.5128026
MLI,M3,cPTAC,Measure,CZ06,24.253888888888888,669576741.5265028
MLI,M3,cPVVG,Base,CZ06,24.253888888888888,705849882.7299755
MLI,M3,cPVVG,Measure,CZ06,24.253888888888888,655533089.3006521
MLI,M4,cDXGF,Base,CZ06,24.253888888888888,817273658.3779299
MLI,M4,cDXGF,Measure,CZ06,24.253888888888888,814777493.2491282
MLI,M4,cDXHP,Base,CZ06,24.253888888888888,819326806.9135115
MLI,M4,cDXHP,Measure,CZ06,24.253888888888888,816863049.8117659
MLI,M4,cPTAC,Base,CZ06,24.253888888888888,817273658.3707306
MLI,M4,cPTAC,Measure,CZ06,24.253888888888888,814777493.2490271
MLI,M4,cPVVG,Base,CZ06,24.253888888888888,688900726.4843185
MLI,M4,cPVVG,Measure,CZ06,24.253888888888888,693413284.434439
MLI,M5,cDXGF,Base,CZ06,24.253888888888888,724961916.53061
MLI,M5,cDXGF,Measure,CZ06,24.253888888888888,673202194.5020953
MLI,M5,cDXHP,Base,CZ06,24.253888888888888,710176042.4990137
MLI,M5,cDXHP,Measure,CZ06,24.253888888888888,658272022.8324739
MLI,M5,cPTAC,Base,CZ06,24.253888888888888,724961916.530552
MLI,M5,cPTAC,Measure,CZ06,24.253888888888888,673202194.5020243
MLI,M5,cPVVG,Base,CZ06,24.253888888888888,709841241.3886932
MLI,M5,cPVVG,Measure,CZ06,24.253888888888888,658883575.80163
OfS,M1,cDXGF,Base,CZ06,24.253888888888888,110961071.57026212
OfS,M1,cDXGF,Measure,CZ06,24.253888888888888,110504299.26556116
OfS,M1,cDXHP,Base,CZ06,24.253888888888888,110644730.54020968
OfS,M1,cDXHP,Measure,CZ06,24.253888888888888,110191567.77077077
OfS,M1,cPTAC,Base,CZ06,24.253888888888888,110960398.51794101
OfS,M1,cPTAC,Measure,CZ06,24.253888888888888,110503692.44878894
OfS,M1,cPVVG,Base,CZ06,24.253888888888888,97577133.00935695
OfS,M1,cPVVG,Measure,CZ06,24.253888888888888,97716360.90050006
OfS,M2,cDXGF,Base,CZ06,24.253888888888888,112876317.04211041
OfS,M2,cDXGF,Measure,CZ06,24.253888888888888,111987550.38674755
OfS,M2,cDXHP,Base,CZ06,24.253888888888888,112573309.58062617
OfS,M2,cDXHP,Measure,CZ06,24.253888888888888,111699019.63700517
OfS,M2,cPTAC,Base,CZ06,24.253888888888888,112876317.04211052
OfS,M2,cPTAC,Measure,CZ06,24.253888888888888,111987550.3867475
OfS,M2,cPVVG,Base,CZ06,24.253888888888888,99587432.01378663
OfS,M2,cPVVG,Measure,CZ06,24.253888888888888,99104847.64549568
OfS,M3,cDXGF,Base,CZ06,24.253888888888888,104635937.22376993
OfS,M3,cDXGF,Measure,CZ06,24.253888888888888,94646529.96392672
OfS,M3,cDXHP,Base,CZ06,24.253888888888888,102429566.38214746
OfS,M3,cDXHP,Measure,CZ06,24.253888888888888,92469835.03340362
OfS,M3,cPTAC,Base,CZ06,24.253888888888888,104635937.22377017
OfS,M3,cPTAC,Measure,CZ06,24.253888888888888,94646529.96392663
OfS,M3,cPVVG,Base,CZ06,24.253888888888888,103001512.47435826
OfS,M3,cPVVG,Measure,CZ06,24.253888888888888,93088993.82775754
OfS,M4,cDXGF,Base,CZ06,24.253888888888888,112414475.1583204
OfS,M4,cDXGF,Measure,CZ06,24.253888888888888,111961200.66648099
OfS,M4,cDXHP,Base,CZ06,24.253888888888888,112041073.85802658
OfS,M4,cDXHP,Measure,CZ06,24.253888888888888,111592031.10027118
OfS,M4,cPTAC,Base,CZ06,24.253888888888888,112414475.15832017
OfS,M4,cPTAC,Measure,CZ06,24.253888888888888,111961200.66647997
OfS,M4,cPVVG,Base,CZ06,24.253888888888888,98929541.53376527
OfS,M4,cPVVG,Measure,CZ06,24.253888888888888,99069184.62771153
OfS,M5,cDXGF,Base,CZ06,24.253888888888888,105724021.1537056
OfS,M5,cDXGF,Measure,CZ06,24.253888888888888,95561824.37847497
OfS,M5,cDXHP,Base,CZ06,24.253888888888888,103440692.32401769
OfS,M5,cDXHP,Measure,CZ06,24.253888888888888,93316331.20365374
OfS,M5,cPTAC,Base,CZ06,24.253888888888888,105724021.1537058
OfS,M5,cPTAC,Measure,CZ06,24.253888888888888,95561824.37847447
OfS,M5,cPVVG,Base,CZ06,24.253888888888888,104094141.90463004
OfS,M5,cPVVG,Measure,CZ06,24.253888888888888,94009771.33313257
RFF,M1,cDXGF,Base,CZ06,24.253888888888888,42740142.59778028
RFF,M1,cDXGF,Measure,CZ06,24.253888888888888,42755579.92394664
RFF,M1,cDXHP,Base,CZ06,24.253888888888888,42676839.40760844
RFF,M1,cDXHP,Measure,CZ06,24.253888888888888,42690600.278706565
RFF,M1,cPTAC,Base,CZ06,24.253888888888888,42740142.59778098
RFF,M1,cPTAC,Measure,CZ06,24.253888888888888,42755579.92394101
RFF,M1,cPVVG,Base,CZ06,24.253888888888888,40030745.51060107
RFF,M1,cPVVG,Measure,CZ06,24.253888888888888,40133027.42177579
RFF,M2,cDXGF,Base,CZ06,24.253888888888888,43818783.182428226
RFF,M2,cDXGF,Measure,CZ06,24.253888888888888,43717540.71095624
RFF,M2,cDXHP,Base,CZ06,24.253888888888888,43888650.28582488
RFF,M2,cDXHP,Measure,CZ06,24.253888888888888,43783875.30256306
RFF,M2,cPTAC,Base,CZ06,24.253888888888888,43818783.182429664
RFF,M2,cPTAC,Measure,CZ06,24.253888888888888,43717540.710948505
RFF,M2,cPVVG,Base,CZ06,24.253888888888888,41470756.036853194
RFF,M2,cPVVG,Measure,CZ06,24.253888888888888,41420149.09980144
RFF,M3,cDXGF,Base,CZ06,24.253888888888888,43621243.49302487
RFF,M3,cDXGF,Measure,CZ06,24.253888888888888,40904539.47208268
RFF,M3,cDXHP,Base,CZ06,24.253888888888888,42975587.9901351
RFF,M3,cDXHP,Measure,CZ06,24.253888888888888,40245229.21856208
RFF,M3,cPTAC,Base,CZ06,24.253888888888888,43621243.49302389
RFF,M3,cPTAC,Measure,CZ06,24.253888888888888,40904539.472082414
RFF,M3,cPVVG,Base,CZ06,24.253888888888888,43251723.49731903
RFF,M3,cPVVG,Measure,CZ06,24.253888888888888,40552232.64906261
RFF,M4,cDXGF,Base,CZ06,24.253888888888888,43080754.50164174
RFF,M4,cDXGF,Measure,CZ06,24.253888888888888,43096625.87221099
RFF,M4,cDXHP,Base,CZ06,24.253888888888888,42964666.990762934
RFF,M4,cDXHP,Measure,CZ06,24.253888888888888,42978624.59761706
RFF,M4,cPTAC,Base,CZ06,24.253888888888888,43080754.50164101
RFF,M4,cPTAC,Measure,CZ06,24.253888888888888,43096625.872216865
RFF,M4,cPVVG,Base,CZ06,24.253888888888888,40328149.89605014
RFF,M4,cPVVG,Measure,CZ06,24.253888888888888,40434026.16114299
RFF,M5,cDXGF,Base,CZ06,24.253888888888888,43609257.91942409
RFF,M5,cDXGF,Measure,CZ06,24.253888888888888,40893770.83215427
RFF,M5,cDXHP,Base,CZ06,24.253888888888888,43149080.466709174
RFF,M5,cDXHP,Measure,CZ06,24.253888888888888,40389629.925756924
RFF,M5,cPTAC,Base,CZ06,24.253888888888888,43609257.91941272
RFF,M5,cPTAC,Measure,CZ06,24.253888888888888,40893770.83214439
RFF,M5,cPVVG,Base,CZ06,24.253888888888888,43243174.58700344
RFF,M5,cPVVG,Measure,CZ06,24.253888888888888,40545149.94420123
Rt3,M1,cDXGF,Base,CZ06,24.253888888888888,1594015335.0844336
Rt3,M1,cDXGF,Measure,CZ06,24.253888888888888,1602661459.0799682
Rt3,M1,cDXHP,Base,CZ06,24.253888888888888,1597058688.3660836
Rt3,M1,cDXHP,Measure,CZ06,24.253888888888888,1605166518.1092272
Rt3,M1,cPTAC,Base,CZ06,24.253888888888888,1594015324.9610858
Rt3,M1,cPTAC,Measure,CZ06,24.253888888888888,1602661459.0442405
Rt3,M1,cPVVG,Base,CZ06,24.253888888888888,1463588948.4560852
Rt3,M1,cPVVG,Measure,CZ06,24.253888888888888,1489733942.2944593
Rt3,M2,cDXGF,Base,CZ06,24.253888888888888,1652286588.0672295
Rt3,M2,cDXGF,Measure,CZ06,24.253888888888888,1633884433.9443638
Rt3,M2,cDXHP,Base,CZ06,24.253888888888888,1655963792.4755852
Rt3,M2,cDXHP,Measure,CZ06,24.253888888888888,1636756265.6875844
Rt3,M2,cPTAC,Base,CZ06,24.253888888888888,1652286588.0672219
Rt3,M2,cPTAC,Measure,CZ06,24.253888888888888,1633884433.9443483
Rt3,M2,cPVVG,Base,CZ06,24.253888888888888,1539134874.7213366
Rt3,M2,cPVVG,Measure,CZ06,24.253888888888888,1527342452.1122534
Rt3,M3,cDXGF,Base,CZ06,24.253888888888888,1602215060.1785724
Rt3,M3,cDXGF,Measure,CZ06,24.253888888888888,1500593157.6118627
Rt3,M3,cDXHP,Base,CZ06,24.253888888888888,1568275747.775807
Rt3,M3,cDXHP,Measure,CZ06,24.253888888888888,1466368340.0817366
Rt3,M3,cPTAC,Base,CZ06,24.253888888888888,1602215060.178262
Rt3,M3,cPTAC,Measure,CZ06,24.253888888888888,1500593157.6119583
Rt3,M3,cPVVG,Base,CZ06,24.253888888888888,1586891975.0383656
Rt3,M3,cPVVG,Measure,CZ06,24.253888888888888,1485979671.1593406
Rt3,M4,cDXGF,Base,CZ06,24.253888888888888,1604593240.1484118
Rt3,M4,cDXGF,Measure,CZ06,24.253888888888888,1613312580.3388937
Rt3,M4,cDXHP,Base,CZ06,24.253888888888888,1607818723.8663344
Rt3,M4,cDXHP,Measure,CZ06,24.253888888888888,1615906533.8056848
Rt3,M4,cPTAC,Base,CZ06,24.253888888888888,1604593230.300877
Rt3,M4,cPTAC,Measure,CZ06,24.253888888888888,1613312580.303764
Rt3,M4,cPVVG,Base,CZ06,24.253888888888888,1472525733.3534114
Rt3,M4,cPVVG,Measure,CZ06,24.253888888888888,1498791376.8004413
Rt3,M5,cDXGF,Base,CZ06,24.253888888888888,1606425455.3111696
Rt3,M5,cDXGF,Measure,CZ06,24.253888888888888,1504132713.85332
Rt3,M5,cDXHP,Base,CZ06,24.253888888888888,1590727540.410115
Rt3,M5,cDXHP,Measure,CZ06,24.253888888888888,1485019888.4997873
Rt3,M5,cPTAC,Base,CZ06,24.253888888888888,1606425455.3111932
Rt3,M5,cPTAC,Measure,CZ06,24.253888888888888,1504132713.8535488
Rt3,M5,cPVVG,Base,CZ06,24.253888888888888,1590952381.2203207
Rt3,M5,cPVVG,Measure,CZ06,24.253888888888888,1489408575.317848
RtL,M1,cDXGF,Base,CZ06,24.253888888888888,1591238124.7967415
RtL,M1,cDXGF,Measure,CZ06,24.253888888888888,1597871742.0292435
RtL,M1,cDXHP,Base,CZ06,24.253888888888888,1593313008.2512252
RtL,M1,cDXHP,Measure,CZ06,24.253888888888888,1599827853.1459796
RtL,M1,cPTAC,Base,CZ06,24.253888888888888,1591203144.4797964
RtL,M1,cPTAC,Measure,CZ06,24.253888888888888,1597836326.4967322
RtL,M1,cPVVG,Base,CZ06,24.253888888888888,1466257801.426373
RtL,M1,cPVVG,Measure,CZ06,24.253888888888888,1490125368.128227
RtL,M2,cDXGF,Base,CZ06,24.253888888888888,1644946917.5984988
RtL,M2,cDXGF,Measure,CZ06,24.253888888888888,1625158270.3679554
RtL,M2,cDXHP,Base,CZ06,24.253888888888888,1643873364.8689623
RtL,M2,cDXHP,Measure,CZ06,24.253888888888888,1623569355.2893026
RtL,M2,cPTAC,Base,CZ06,24.253888888888888,1644946917.5984902
RtL,M2,cPTAC,Measure,CZ06,24.253888888888888,1625158270.367946
RtL,M2,cPVVG,Base,CZ06,24.253888888888888,1530670849.8069763
RtL,M2,cPVVG,Measure,CZ06,24.253888888888888,1520267612.3596716
RtL,M3,cDXGF,Base,CZ06,24.253888888888888,1600818999.5342724
RtL,M3,cDXGF,Measure,CZ06,24.253888888888888,1500878036.4291382
RtL,M3,cDXHP,Base,CZ06,24.253888888888888,1573872456.0153344
RtL,M3,cDXHP,Measure,CZ06,24.253888888888888,1473694562.583876
RtL,M3,cPTAC,Base,CZ06,24.253888888888888,1600818999.5342505
RtL,M3,cPTAC,Measure,CZ06,24.253888888888888,1500878036.4291193
RtL,M3,cPVVG,Base,CZ06,24.253888888888888,1584977329.1033638
RtL,M3,cPVVG,Measure,CZ06,24.253888888888888,1485775707.0557013
RtL,M4,cDXGF,Base,CZ06,24.253888888888888,1601144319.5037618
RtL,M4,cDXGF,Measure,CZ06,24.253888888888888,1607783462.1198242
RtL,M4,cDXHP,Base,CZ06,24.253888888888888,1603290074.980105
RtL,M4,cDXHP,Measure,CZ06,24.253888888888888,1609809453.7496514
RtL,M4,cPTAC,Base,CZ06,24.253888888888888,1601144319.50374
RtL,M4,cPTAC,Measure,CZ06,24.253888888888888,1607783462.119826
RtL,M4,cPVVG,Base,CZ06,24.253888888888888,1474510177.4954424
RtL,M4,cPVVG,Measure,CZ06,24.253888888888888,1498513193.1621978
RtL,M5,cDXGF,Base,CZ06,24.253888888888888,1605257583.0559204
RtL,M5,cDXGF,Measure,CZ06,24.253888888888888,1504601913.8797743
RtL,M5,cDXHP,Base,CZ06,24.253888888888888,1596348578.106729
RtL,M5,cDXHP,Measure,CZ06,24.253888888888888,1492373671.8759334
RtL,M5,cPTAC,Base,CZ06,24.253888888888888,1605257583.0559504
RtL,M5,cPTAC,Measure,CZ06,24.253888888888888,1504601913.8797994
RtL,M5,cPVVG,Base,CZ06,24.253888888888888,1589224823.9372168
RtL,M5,cPVVG,Measure,CZ06,24.253888888888888,1489350078.553733
RtS,M1,cDXGF,Base,CZ06,24.253888888888888,102611642.12502518
RtS,M1,cDXGF,Measure,CZ06,24.253888888888888,102821194.82808898
RtS,M1,cDXHP,Base,CZ06,24.253888888888888,102701177.8988563
RtS,M1,cDXHP,Measure,CZ06,24.253888888888888,102918050.51881294
RtS,M1,cPTAC,Base,CZ06,24.253888888888888,102611642.12502316
RtS,M1,cPTAC,Measure,CZ06,24.253888888888888,102821194.8280893
RtS,M1,cPVVG,Base,CZ06,24.253888888888888,94353047.06648645
RtS,M1,cPVVG,Measure,CZ06,24.253888888888888,95605858.01209027
RtS,M2,cDXGF,Base,CZ06,24.253888888888888,105338836.68125805
RtS,M2,cDXGF,Measure,CZ06,24.253888888888888,104169436.13483813
RtS,M2,cDXHP,Base,CZ06,24.253888888888888,105580028.83960228
RtS,M2,cDXHP,Measure,CZ06,24.253888888888888,104359942.53255774
RtS,M2,cPTAC,Base,CZ06,24.253888888888888,105338836.68126144
RtS,M2,cPTAC,Measure,CZ06,24.253888888888888,104169436.13484056
RtS,M2,cPVVG,Base,CZ06,24.253888888888888,97710130.736311
RtS,M2,cPVVG,Measure,CZ06,24.253888888888888,97067873.52089943
RtS,M3,cDXGF,Base,CZ06,24.253888888888888,103378202.0744298
RtS,M3,cDXGF,Measure,CZ06,24.253888888888888,95624984.86193752
RtS,M3,cDXHP,Base,CZ06,24.253888888888888,101373019.1601682
RtS,M3,cDXHP,Measure,CZ06,24.253888888888888,93592119.04544939
RtS,M3,cPTAC,Base,CZ06,24.253888888888888,103378202.07443224
RtS,M3,cPTAC,Measure,CZ06,24.253888888888888,95624984.86193961
RtS,M3,cPVVG,Base,CZ06,24.253888888888888,102314058.21372609
RtS,M3,cPVVG,Measure,CZ06,24.253888888888888,94609664.35127333
RtS,M4,cDXGF,Base,CZ06,24.253888888888888,103398987.43955015
RtS,M4,cDXGF,Measure,CZ06,24.253888888888888,103607883.7968997
RtS,M4,cDXHP,Base,CZ06,24.253888888888888,103501772.03501482
RtS,M4,cDXHP,Measure,CZ06,24.253888888888888,103718068.76967093
RtS,M4,cPTAC,Base,CZ06,24.253888888888888,103398987.43954799
RtS,M4,cPTAC,Measure,CZ06,24.253888888888888,103607883.79689841
RtS,M4,cPVVG,Base,CZ06,24.253888888888888,95039226.62269391
RtS,M4,cPVVG,Measure,CZ06,24.253888888888888,96296173.23928002
RtS,M5,cDXGF,Base,CZ06,24.253888888888888,104623981.33808999
RtS,M5,cDXGF,Measure,CZ06,24.253888888888888,96670823.16603205
RtS,M5,cDXHP,Base,CZ06,24.253888888888888,103355135.05891868
RtS,M5,cDXHP,Measure,CZ06,24.253888888888888,95241712.09606194
RtS,M5,cPTAC,Base,CZ06,24.253888888888888,104623981.33809075
RtS,M5,cPTAC,Measure,CZ06,24.253888888888888,96670823.16603169
RtS,M5,cPVVG,Base,CZ06,24.253888888888888,103573363.26777582
RtS,M5,cPVVG,Measure,CZ06,24.253888888888888,95670190.6911519
SCn,M1,cDXGF,Base,CZ06,24.253888888888888,1558026475.189494
SCn,M1,cDXGF,Measure,CZ06,24.253888888888888,1592908346.2792428
SCn,M1,cDXHP,Base,CZ06,24.253888888888888,1559031386.226256
SCn,M1,cDXHP,Measure,CZ06,24.253888888888888,1595633504.1562917
SCn,M1,cPTAC,Base,CZ06,24.253888888888888,1558025803.1622136
SCn,M1,cPTAC,Measure,CZ06,24.253888888888888,1592907850.2182298
SCn,M1,cPVVG,Base,CZ06,24.253888888888888,1539165642.8685524
SCn,M1,cPVVG,Measure,CZ06,24.253888888888888,1578160956.4844844
SCn,M2,cDXGF,Base,CZ06,24.253888888888888,1610147690.309426
SCn,M2,cDXGF,Measure,CZ06,24.253888888888888,1598420190.1407058
SCn,M2,cDXHP,Base,CZ06,24.253888888888888,1611435007.2382398
SCn,M2,cDXHP,Measure,CZ06,24.253888888888888,1599719504.346915
SCn,M2,cPTAC,Base,CZ06,24.253888888888888,1610147690.309429
SCn,M2,cPTAC,Measure,CZ06,24.253888888888888,1598420190.1408799
SCn,M2,cPVVG,Base,CZ06,24.253888888888888,1594650640.7103095
SCn,M2,cPVVG,Measure,CZ06,24.253888888888888,1583603732.1299672
SCn,M3,cDXGF,Base,CZ06,24.253888888888888,1631654901.6310687
SCn,M3,cDXGF,Measure,CZ06,24.253888888888888,1515791112.0449052
SCn,M3,cDXHP,Base,CZ06,24.253888888888888,1623029001.0180478
SCn,M3,cDXHP,Measure,CZ06,24.253888888888888,1505884062.8261902
SCn,M3,cPTAC,Base,CZ06,24.253888888888888,1631654901.630564
SCn,M3,cPTAC,Measure,CZ06,24.253888888888888,1515791112.0441825
SCn,M3,cPVVG,Base,CZ06,24.253888888888888,1620448372.6186516
SCn,M3,cPVVG,Measure,CZ06,24.253888888888888,1505087277.188754
SCn,M4,cDXGF,Base,CZ06,24.253888888888888,1558468933.5294602
SCn,M4,cDXGF,Measure,CZ06,24.253888888888888,1593349887.2730994
SCn,M4,cDXHP,Base,CZ06,24.253888888888888,1559478664.2013142
SCn,M4,cDXHP,Measure,CZ06,24.253888888888888,1596081851.4615011
SCn,M4,cPTAC,Base,CZ06,24.253888888888888,1558468262.4003463
SCn,M4,cPTAC,Measure,CZ06,24.253888888888888,1593349390.5810003
SCn,M4,cPVVG,Base,CZ06,24.253888888888888,1539191298.8663728
SCn,M4,cPVVG,Measure,CZ06,24.253888888888888,1578210836.870206
SCn,M5,cDXGF,Base,CZ06,24.253888888888888,1725070560.351643
SCn,M5,cDXGF,Measure,CZ06,24.253888888888888,1593487169.8975627
SCn,M5,cDXHP,Base,CZ06,24.253888888888888,1747271113.2514913
SCn,M5,cDXHP,Measure,CZ06,24.253888888888888,1608693113.172281
SCn,M5,cPTAC,Base,CZ06,24.253888888888888,1725070560.351793
SCn,M5,cPTAC,Measure,CZ06,24.253888888888888,1593486740.2095516
SCn,M5,cPVVG,Base,CZ06,24.253888888888888,1715505929.1213756
SCn,M5,cPVVG,Measure,CZ06,24.253888888888888,1584410357.810516
Asm,M1,cDXGF,Base,CZ07,26.066111111111113,589174187.9296769
Asm,M1,cDXGF,Measure,CZ07,26.066111111111113,594317843.8020997
Asm,M1,cDXHP,Base,CZ07,26.066111111111113,580116248.6815048
Asm,M1,cDXHP,Measure,CZ07,26.066111111111113,585901455.8955498
Asm,M1,cPTAC,Base,CZ07,26.066111111111113,589174187.9282864
Asm,M1,cPTAC,Measure,CZ07,26.066111111111113,594317843.8020943
Asm,M1,cPVVG,Base,CZ07,26.066111111111113,539411675.0733984
Asm,M1,cPVVG,Measure,CZ07,26.066111111111113,550620241.8932061
Asm,M2,cDXGF,Base,CZ07,26.066111111111113,574908390.8088139
Asm,M2,cDXGF,Measure,CZ07,26.066111111111113,572142134.2879348
Asm,M2,cDXHP,Base,CZ07,26.066111111111113,575813026.5463994
Asm,M2,cDXHP,Measure,CZ07,26.066111111111113,572969800.8961399
Asm,M2,cPTAC,Base,CZ07,26.066111111111113,574908390.8088202
Asm,M2,cPTAC,Measure,CZ07,26.066111111111113,572142134.2879322
Asm,M2,cPVVG,Base,CZ07,26.066111111111113,529298542.5142443
Asm,M2,cPVVG,Measure,CZ07,26.066111111111113,526444427.8814875
Asm,M3,cDXGF,Base,CZ07,26.066111111111113,568942515.4290496
Asm,M3,cDXGF,Measure,CZ07,26.066111111111113,511748592.03741056
Asm,M3,cDXHP,Base,CZ07,26.066111111111113,558539171.4082744
Asm,M3,cDXHP,Measure,CZ07,26.066111111111113,500877432.26363176
Asm,M3,cPTAC,Base,CZ07,26.066111111111113,568942515.4290472
Asm,M3,cPTAC,Measure,CZ07,26.066111111111113,511748592.0374086
Asm,M3,cPVVG,Base,CZ07,26.066111111111113,561900331.5897344
Asm,M3,cPVVG,Measure,CZ07,26.066111111111113,505043109.0287412
Asm,M4,cDXGF,Base,CZ07,26.066111111111113,589174190.8960074
Asm,M4,cDXGF,Measure,CZ07,26.066111111111113,594317907.2212334
Asm,M4,cDXHP,Base,CZ07,26.066111111111113,580116251.3949591
Asm,M4,cDXHP,Measure,CZ07,26.066111111111113,585901501.5006783
Asm,M4,cPTAC,Base,CZ07,26.066111111111113,589174190.8945991
Asm,M4,cPTAC,Measure,CZ07,26.066111111111113,594317907.2212293
Asm,M4,cPVVG,Base,CZ07,26.066111111111113,539411674.6165128
Asm,M4,cPVVG,Measure,CZ07,26.066111111111113,550620376.4481305
Asm,M5,cDXGF,Base,CZ07,26.066111111111113,611128023.3038708
Asm,M5,cDXGF,Measure,CZ07,26.066111111111113,547061856.9734441
Asm,M5,cDXHP,Base,CZ07,26.066111111111113,611407818.099802
Asm,M5,cDXHP,Measure,CZ07,26.066111111111113,544764889.6814835
Asm,M5,cPTAC,Base,CZ07,26.066111111111113,611128023.3038713
Asm,M5,cPTAC,Measure,CZ07,26.066111111111113,547061856.9734445
Asm,M5,cPVVG,Base,CZ07,26.066111111111113,603813592.0294336
Asm,M5,cPVVG,Measure,CZ07,26.066111111111113,540183427.7456095
ECC,M1,cDXGF,Base,CZ07,26.066111111111113,1730482953.3718493
ECC,M1,cDXGF,Measure,CZ07,26.066111111111113,1731322215.974052
ECC,M1,cDXHP,Base,CZ07,26.066111111111113,1711797919.2069085
ECC,M1,cDXHP,Measure,CZ07,26.066111111111113,1712102088.2310605
ECC,M1,cPTAC,Base,CZ07,26.066111111111113,1730482953.3776567
ECC,M1,cPTAC,Measure,CZ07,26.066111111111113,1731322216.053759
ECC,M1,cPVVG,Base,CZ07,26.066111111111113,1539237826.0821123
ECC,M1,cPVVG,Measure,CZ07,26.066111111111113,1559667970.981656
ECC,M2,cDXGF,Base,CZ07,26.066111111111113,1676221933.9134986
ECC,M2,cDXGF,Measure,CZ07,26.066111111111113,1664194976.182594
ECC,M2,cDXHP,Base,CZ07,26.066111111111113,1672937879.5601494
ECC,M2,cDXHP,Measure,CZ07,26.066111111111113,1660711821.655015
ECC,M2,cPTAC,Base,CZ07,26.066111111111113,1676221937.8979502
ECC,M2,cPTAC,Measure,CZ07,26.066111111111113,1664194976.147905
ECC,M2,cPVVG,Base,CZ07,26.066111111111113,1491496347.7275505
ECC,M2,cPVVG,Measure,CZ07,26.066111111111113,1481180689.1075716
ECC,M3,cDXGF,Base,CZ07,26.066111111111113,1579568116.6971288
ECC,M3,cDXGF,Measure,CZ07,26.066111111111113,1446768260.8505387
ECC,M3,cDXHP,Base,CZ07,26.066111111111113,1557749327.9393642
ECC,M3,cDXHP,Measure,CZ07,26.066111111111113,1424020553.262559
ECC,M3,cPTAC,Base,CZ07,26.066111111111113,1579568116.69898
ECC,M3,cPTAC,Measure,CZ07,26.066111111111113,1446768260.8484726
ECC,M3,cPVVG,Base,CZ07,26.066111111111113,1557786357.237854
ECC,M3,cPVVG,Measure,CZ07,26.066111111111113,1426070010.6825013
ECC,M4,cDXGF,Base,CZ07,26.066111111111113,1730482944.2057588
ECC,M4,cDXGF,Measure,CZ07,26.066111111111113,1731322582.6918328
ECC,M4,cDXHP,Base,CZ07,26.066111111111113,1711797921.4700289
ECC,M4,cDXHP,Measure,CZ07,26.066111111111113,1712102482.0061545
ECC,M4,cPTAC,Base,CZ07,26.066111111111113,1730482944.2068994
ECC,M4,cPTAC,Measure,CZ07,26.066111111111113,1731322582.6980271
ECC,M4,cPVVG,Base,CZ07,26.066111111111113,1539237819.519188
ECC,M4,cPVVG,Measure,CZ07,26.066111111111113,1559669372.119096
ECC,M5,cDXGF,Base,CZ07,26.066111111111113,1695719211.0897882
ECC,M5,cDXGF,Measure,CZ07,26.066111111111113,1544691731.1352324
ECC,M5,cDXHP,Base,CZ07,26.066111111111113,1679451274.908087
ECC,M5,cDXHP,Measure,CZ07,26.066111111111113,1525542555.9653008
ECC,M5,cPTAC,Base,CZ07,26.066111111111113,1695719211.0855439
ECC,M5,cPTAC,Measure,CZ07,26.066111111111113,1544691731.1252959
ECC,M5,cPVVG,Base,CZ07,26.066111111111113,1673330044.6894724
ECC,M5,cPVVG,Measure,CZ07,26.066111111111113,1523336255.8811471
Epr,M1,cDXGF,Base,CZ07,26.066111111111113,281412124.73893934
Epr,M1,cDXGF,Measure,CZ07,26.066111111111113,281972074.25171137
Epr,M1,cDXHP,Base,CZ07,26.066111111111113,276905312.49450666
Epr,M1,cDXHP,Measure,CZ07,26.066111111111113,277460892.6312223
Epr,M1,cPTAC,Base,CZ07,26.066111111111113,281412124.73893374
Epr,M1,cPTAC,Measure,CZ07,26.066111111111113,281972074.2517155
Epr,M1,cPVVG,Base,CZ07,26.066111111111113,248840608.8574596
Epr,M1,cPVVG,Measure,CZ07,26.066111111111113,253144002.21884394
Epr,M2,cDXGF,Base,CZ07,26.066111111111113,272018991.8776492
Epr,M2,cDXGF,Measure,CZ07,26.066111111111113,269206684.0576669
Epr,M2,cDXHP,Base,CZ07,26.066111111111113,271030079.53149146
Epr,M2,cDXHP,Measure,CZ07,26.066111111111113,268145421.28155184
Epr,M2,cPTAC,Base,CZ07,26.066111111111113,272018991.8776515
Epr,M2,cPTAC,Measure,CZ07,26.066111111111113,269206684.05767626
Epr,M2,cPVVG,Base,CZ07,26.066111111111113,240786073.6416231
Epr,M2,cPVVG,Measure,CZ07,26.066111111111113,238380286.42352238
Epr,M3,cDXGF,Base,CZ07,26.066111111111113,254964605.0546011
Epr,M3,cDXGF,Measure,CZ07,26.066111111111113,232890372.31050488
Epr,M3,cDXHP,Base,CZ07,26.066111111111113,250565278.23567393
Epr,M3,cDXHP,Measure,CZ07,26.066111111111113,228258444.19485167
Epr,M3,cPTAC,Base,CZ07,26.066111111111113,254964605.05459622
Epr,M3,cPTAC,Measure,CZ07,26.066111111111113,232890372.31050807
Epr,M3,cPVVG,Base,CZ07,26.066111111111113,251337518.1996902
Epr,M3,cPVVG,Measure,CZ07,26.066111111111113,229443050.56377143
Epr,M4,cDXGF,Base,CZ07,26.066111111111113,281412127.6263627
Epr,M4,cDXGF,Measure,CZ07,26.066111111111113,281972182.0971054
Epr,M4,cDXHP,Base,CZ07,26.066111111111113,276905317.96927834
Epr,M4,cDXHP,Measure,CZ07,26.066111111111113,277460993.818239
Epr,M4,cPTAC,Base,CZ07,26.066111111111113,281412127.62635875
Epr,M4,cPTAC,Measure,CZ07,26.066111111111113,281972182.0974396
Epr,M4,cPVVG,Base,CZ07,26.066111111111113,248840609.2269544
Epr,M4,cPVVG,Measure,CZ07,26.066111111111113,253144388.1388976
Epr,M5,cDXGF,Base,CZ07,26.066111111111113,276409527.19532573
Epr,M5,cDXGF,Measure,CZ07,26.066111111111113,250892464.70553476
Epr,M5,cDXHP,Base,CZ07,26.066111111111113,275086134.5881197
Epr,M5,cDXHP,Measure,CZ07,26.066111111111113,248653919.8626363
Epr,M5,cPTAC,Base,CZ07,26.066111111111113,276409527.1953116
Epr,M5,cPTAC,Measure,CZ07,26.066111111111113,250892464.70555076
Epr,M5,cPVVG,Base,CZ07,26.066111111111113,272519949.993024
Epr,M5,cPVVG,Measure,CZ07,26.066111111111113,247231583.0410897
ERC,M1,cDXGF,Base,CZ07,26.066111111111113,11398958.292525798
ERC,M1,cDXGF,Measure,CZ07,26.066111111111113,11400231.094664045
ERC,M1,cDXHP,Base,CZ07,26.066111111111113,11237046.83715113
ERC,M1,cDXHP,Measure,CZ07,26.066111111111113,11238056.434726259
ERC,M1,cPTAC,Base,CZ07,26.066111111111113,11398958.292526511
ERC,M1,cPTAC,Measure,CZ07,26.066111111111113,11400231.094662715
ERC,M1,cPVVG,Base,CZ07,26.066111111111113,9896255.554599453
ERC,M1,cPVVG,Measure,CZ07,26.066111111111113,10001065.304905232
ERC,M2,cDXGF,Base,CZ07,26.066111111111113,10938516.464038007
ERC,M2,cDXGF,Measure,CZ07,26.066111111111113,10838467.067610888
ERC,M2,cDXHP,Base,CZ07,26.066111111111113,10896582.413563376
ERC,M2,cDXHP,Measure,CZ07,26.066111111111113,10793961.437858941
ERC,M2,cPTAC,Base,CZ07,26.066111111111113,10938516.464038037
ERC,M2,cPTAC,Measure,CZ07,26.066111111111113,10838467.067609834
ERC,M2,cPVVG,Base,CZ07,26.066111111111113,9396850.506385485
ERC,M2,cPVVG,Measure,CZ07,26.066111111111113,9329834.718696702
ERC,M3,cDXGF,Base,CZ07,26.066111111111113,10094269.783537496
ERC,M3,cDXGF,Measure,CZ07,26.066111111111113,9044928.8640778
ERC,M3,cDXHP,Base,CZ07,26.066111111111113,9926587.306023488
ERC,M3,cDXHP,Measure,CZ07,26.066111111111113,8866922.88802393
ERC,M3,cPTAC,Base,CZ07,26.066111111111113,10094269.783531407
ERC,M3,cPTAC,Measure,CZ07,26.066111111111113,9044928.864076827
ERC,M3,cPVVG,Base,CZ07,26.066111111111113,9915692.35972666
ERC,M3,cPVVG,Measure,CZ07,26.066111111111113,8875106.6094177
ERC,M4,cDXGF,Base,CZ07,26.066111111111113,11398958.825673886
ERC,M4,cDXGF,Measure,CZ07,26.066111111111113,11400231.95209359
ERC,M4,cDXHP,Base,CZ07,26.066111111111113,11237047.4974205
ERC,M4,cDXHP,Measure,CZ07,26.066111111111113,11238057.591650402
ERC,M4,cPTAC,Base,CZ07,26.066111111111113,11398958.825674498
ERC,M4,cPTAC,Measure,CZ07,26.066111111111113,11400231.952092525
ERC,M4,cPVVG,Base,CZ07,26.066111111111113,9896256.270657647
ERC,M4,cPVVG,Measure,CZ07,26.066111111111113,10001067.439037165
ERC,M5,cDXGF,Base,CZ07,26.066111111111113,11000424.690081947
ERC,M5,cDXGF,Measure,CZ07,26.066111111111113,9805350.335293274
ERC,M5,cDXHP,Base,CZ07,26.066111111111113,10934735.836441614
ERC,M5,cDXHP,Measure,CZ07,26.066111111111113,9706603.02562188
ERC,M5,cPTAC,Base,CZ07,26.066111111111113,11000424.69008475
ERC,M5,cPTAC,Measure,CZ07,26.066111111111113,9805350.335289922
ERC,M5,cPVVG,Base,CZ07,26.066111111111113,10811065.266040493
ERC,M5,cPVVG,Measure,CZ07,26.066111111111113,9626599.486411065
Ese,M1,cDXGF,Base,CZ07,26.066111111111113,702401052.2510239
Ese,M1,cDXGF,Measure,CZ07,26.066111111111113,702205904.0725788
Ese,M1,cDXHP,Base,CZ07,26.066111111111113,699779077.0467496
Ese,M1,cDXHP,Measure,CZ07,26.066111111111113,699598371.5170604
Ese,M1,cPTAC,Base,CZ07,26.066111111111113,702401052.2515216
Ese,M1,cPTAC,Measure,CZ07,26.066111111111113,702205904.0732633
Ese,M1,cPVVG,Base,CZ07,26.066111111111113,672872843.2965243
Ese,M1,cPVVG,Measure,CZ07,26.066111111111113,675523707.9089568
Ese,M2,cDXGF,Base,CZ07,26.066111111111113,673450406.6902843
Ese,M2,cDXGF,Measure,CZ07,26.066111111111113,665461565.8616673
Ese,M2,cDXHP,Base,CZ07,26.066111111111113,673278901.1998451
Ese,M2,cDXHP,Measure,CZ07,26.066111111111113,665251517.2833632
Ese,M2,cPTAC,Base,CZ07,26.066111111111113,673450406.7773898
Ese,M2,cPTAC,Measure,CZ07,26.066111111111113,665461565.8185133
Ese,M2,cPVVG,Base,CZ07,26.066111111111113,644495914.0651237
Ese,M2,cPVVG,Measure,CZ07,26.066111111111113,636827097.1807202
Ese,M3,cDXGF,Base,CZ07,26.066111111111113,653364112.1433086
Ese,M3,cDXGF,Measure,CZ07,26.066111111111113,629919573.0355363
Ese,M3,cDXHP,Base,CZ07,26.066111111111113,649274739.737552
Ese,M3,cDXHP,Measure,CZ07,26.066111111111113,625653572.7192229
Ese,M3,cPTAC,Base,CZ07,26.066111111111113,653364112.1434026
Ese,M3,cPTAC,Measure,CZ07,26.066111111111113,629919573.0355364
Ese,M3,cPVVG,Base,CZ07,26.066111111111113,649862885.5501266
Ese,M3,cPVVG,Measure,CZ07,26.066111111111113,626590392.755156
Ese,M4,cDXGF,Base,CZ07,26.066111111111113,702401053.8709869
Ese,M4,cDXGF,Measure,CZ07,26.066111111111113,702205926.4666665
Ese,M4,cDXHP,Base,CZ07,26.066111111111113,699779078.9305458
Ese,M4,cDXHP,Measure,CZ07,26.066111111111113,699598391.2358011
Ese,M4,cPTAC,Base,CZ07,26.066111111111113,702401053.8717254
Ese,M4,cPTAC,Measure,CZ07,26.066111111111113,702205926.4673864
Ese,M4,cPVVG,Base,CZ07,26.066111111111113,672872842.6132594
Ese,M4,cPVVG,Measure,CZ07,26.066111111111113,675523798.214046
Ese,M5,cDXGF,Base,CZ07,26.066111111111113,693308697.5991677
Ese,M5,cDXGF,Measure,CZ07,26.066111111111113,666544872.6326709
Ese,M5,cDXHP,Base,CZ07,26.066111111111113,690948726.7134343
Ese,M5,cDXHP,Measure,CZ07,26.066111111111113,663585162.169178
Ese,M5,cPTAC,Base,CZ07,26.066111111111113,693308697.5992199
Ese,M5,cPTAC,Measure,CZ07,26.066111111111113,666544872.6330038
Ese,M5,cPVVG,Base,CZ07,26.066111111111113,689755406.3320669
Ese,M5,cPVVG,Measure,CZ07,26.066111111111113,663191328.4364941
Eun,M1,cDXGF,Base,CZ07,26.066111111111113,5044623721.104048
Eun,M1,cDXGF,Measure,CZ07,26.066111111111113,5027232784.4793
Eun,M1,cDXHP,Base,CZ07,26.066111111111113,5011459474.15726
Eun,M1,cDXHP,Measure,CZ07,26.066111111111113,4993837356.00784
Eun,M1,cPTAC,Base,CZ07,26.066111111111113,5044617567.987581
Eun,M1,cPTAC,Measure,CZ07,26.066111111111113,5027214262.994278
Eun,M1,cPVVG,Base,CZ07,26.066111111111113,4609852549.631978
Eun,M1,cPVVG,Measure,CZ07,26.066111111111113,4624529968.768387
Eun,M2,cDXGF,Base,CZ07,26.066111111111113,4919036782.141166
Eun,M2,cDXGF,Measure,CZ07,26.066111111111113,4882984238.750211
Eun,M2,cDXHP,Base,CZ07,26.066111111111113,4917199325.144959
Eun,M2,cDXHP,Measure,CZ07,26.066111111111113,4880379697.027781
Eun,M2,cPTAC,Base,CZ07,26.066111111111113,4919036782.141157
Eun,M2,cPTAC,Measure,CZ07,26.066111111111113,4882984238.75023
Eun,M2,cPVVG,Base,CZ07,26.066111111111113,4485697845.916024
Eun,M2,cPVVG,Measure,CZ07,26.066111111111113,4454277667.321089
Eun,M3,cDXGF,Base,CZ07,26.066111111111113,4683359535.013561
Eun,M3,cDXGF,Measure,CZ07,26.066111111111113,4354972306.188039
Eun,M3,cDXHP,Base,CZ07,26.066111111111113,4617012957.972386
Eun,M3,cDXHP,Measure,CZ07,26.066111111111113,4287038531.658828
Eun,M3,cPTAC,Base,CZ07,26.066111111111113,4683359535.013602
Eun,M3,cPTAC,Measure,CZ07,26.066111111111113,4354972306.188034
Eun,M3,cPVVG,Base,CZ07,26.066111111111113,4632555819.967291
Eun,M3,cPVVG,Measure,CZ07,26.066111111111113,4306659553.60345
Eun,M4,cDXGF,Base,CZ07,26.066111111111113,5044623678.910696
Eun,M4,cDXGF,Measure,CZ07,26.066111111111113,5027233293.111123
Eun,M4,cDXHP,Base,CZ07,26.066111111111113,5011459499.670726
Eun,M4,cDXHP,Measure,CZ07,26.066111111111113,4993837968.649451
Eun,M4,cPTAC,Base,CZ07,26.066111111111113,5044617524.04904
Eun,M4,cPTAC,Measure,CZ07,26.066111111111113,5027214774.844201
Eun,M4,cPVVG,Base,CZ07,26.066111111111113,4609852612.433592
Eun,M4,cPVVG,Measure,CZ07,26.066111111111113,4624532398.010676
Eun,M5,cDXGF,Base,CZ07,26.066111111111113,4936265057.454524
Eun,M5,cDXGF,Measure,CZ07,26.066111111111113,4569265615.798922
Eun,M5,cDXHP,Base,CZ07,26.066111111111113,4879505592.061321
Eun,M5,cDXHP,Measure,CZ07,26.066111111111113,4507799628.413219
Eun,M5,cPTAC,Base,CZ07,26.066111111111113,4936265057.448074
Eun,M5,cPTAC,Measure,CZ07,26.066111111111113,4569265615.7989235
Eun,M5,cPVVG,Base,CZ07,26.066111111111113,4884580646.86473
Eun,M5,cPVVG,Measure,CZ07,26.066111111111113,4520457651.809893
Gro,M1,cDXGF,Base,CZ07,26.066111111111113,1391690791.0189478
Gro,M1,cDXGF,Measure,CZ07,26.066111111111113,1387274750.8110616
Gro,M1,cDXHP,Base,CZ07,26.066111111111113,1389545883.4845598
Gro,M1,cDXHP,Measure,CZ07,26.066111111111113,1384664825.156123
Gro,M1,cPTAC,Base,CZ07,26.066111111111113,1392006086.7967937
Gro,M1,cPTAC,Measure,CZ07,26.066111111111113,1387663071.784869
Gro,M1,cPVVG,Base,CZ07,26.066111111111113,1355359052.6536474
Gro,M1,cPVVG,Measure,CZ07,26.066111111111113,1353507039.0990415
Gro,M2,cDXGF,Base,CZ07,26.066111111111113,1337526941.7711248
Gro,M2,cDXGF,Measure,CZ07,26.066111111111113,1330772489.6522129
Gro,M2,cDXHP,Base,CZ07,26.066111111111113,1339205711.2324889
Gro,M2,cDXHP,Measure,CZ07,26.066111111111113,1332283484.8729236
Gro,M2,cPTAC,Base,CZ07,26.066111111111113,1337829033.4774666
Gro,M2,cPTAC,Measure,CZ07,26.066111111111113,1331162644.0405924
Gro,M2,cPVVG,Base,CZ07,26.066111111111113,1295670106.7584982
Gro,M2,cPVVG,Measure,CZ07,26.066111111111113,1292264777.0947826
Gro,M3,cDXGF,Base,CZ07,26.066111111111113,1297075655.2182932
Gro,M3,cDXGF,Measure,CZ07,26.066111111111113,1274574642.7936103
Gro,M3,cDXHP,Base,CZ07,26.066111111111113,1289349648.3715396
Gro,M3,cDXHP,Measure,CZ07,26.066111111111113,1266968229.237583
Gro,M3,cPTAC,Base,CZ07,26.066111111111113,1297385232.2207682
Gro,M3,cPTAC,Measure,CZ07,26.066111111111113,1274924936.4461641
Gro,M3,cPVVG,Base,CZ07,26.066111111111113,1292771733.718931
Gro,M3,cPVVG,Measure,CZ07,26.066111111111113,1270482547.449245
Gro,M4,cDXGF,Base,CZ07,26.066111111111113,1391720744.6301682
Gro,M4,cDXGF,Measure,CZ07,26.066111111111113,1387303262.5528514
Gro,M4,cDXHP,Base,CZ07,26.066111111111113,1389575523.1143372
Gro,M4,cDXHP,Measure,CZ07,26.066111111111113,1384693030.9058065
Gro,M4,cPTAC,Base,CZ07,26.066111111111113,1392036446.0396185
Gro,M4,cPTAC,Measure,CZ07,26.066111111111113,1387692225.9289012
Gro,M4,cPVVG,Base,CZ07,26.066111111111113,1355388145.9621189
Gro,M4,cPVVG,Measure,CZ07,26.066111111111113,1353535715.493155
Gro,M5,cDXGF,Base,CZ07,26.066111111111113,1352127369.520643
Gro,M5,cDXGF,Measure,CZ07,26.066111111111113,1323758978.3790822
Gro,M5,cDXHP,Base,CZ07,26.066111111111113,1332726813.958022
Gro,M5,cDXHP,Measure,CZ07,26.066111111111113,1304035991.1164594
Gro,M5,cPTAC,Base,CZ07,26.066111111111113,1352382932.3362684
Gro,M5,cPTAC,Measure,CZ07,26.066111111111113,1324062142.1896918
Gro,M5,cPVVG,Base,CZ07,26.066111111111113,1347413436.0894272
Gro,M5,cPVVG,Measure,CZ07,26.066111111111113,1319311259.6147363
MBT,M1,cDXGF,Base,CZ07,26.066111111111113,2034983924.9218035
MBT,M1,cDXGF,Measure,CZ07,26.066111111111113,2029660486.1585488
MBT,M1,cDXHP,Base,CZ07,26.066111111111113,2026658495.879702
MBT,M1,cDXHP,Measure,CZ07,26.066111111111113,2021387636.2565427
MBT,M1,cPTAC,Base,CZ07,26.066111111111113,2034983962.4753835
MBT,M1,cPTAC,Measure,CZ07,26.066111111111113,2029660524.2733243
MBT,M1,cPVVG,Base,CZ07,26.066111111111113,1976791004.9419627
MBT,M1,cPVVG,Measure,CZ07,26.066111111111113,1977320358.1091425
MBT,M2,cDXGF,Base,CZ07,26.066111111111113,2015556634.9351287
MBT,M2,cDXGF,Measure,CZ07,26.066111111111113,2007141087.4553804
MBT,M2,cDXHP,Base,CZ07,26.066111111111113,2012589813.118292
MBT,M2,cDXHP,Measure,CZ07,26.066111111111113,2004005838.9793527
MBT,M2,cPTAC,Base,CZ07,26.066111111111113,2015556634.9350045
MBT,M2,cPTAC,Measure,CZ07,26.066111111111113,2007141087.4543805
MBT,M2,cPVVG,Base,CZ07,26.066111111111113,1954454403.8365119
MBT,M2,cPVVG,Measure,CZ07,26.066111111111113,1949022531.340756
MBT,M3,cDXGF,Base,CZ07,26.066111111111113,2006357019.928176
MBT,M3,cDXGF,Measure,CZ07,26.066111111111113,1938804554.072875
MBT,M3,cDXHP,Base,CZ07,26.066111111111113,1989044769.590329
MBT,M3,cDXHP,Measure,CZ07,26.066111111111113,1921159225.5639322
MBT,M3,cPTAC,Base,CZ07,26.066111111111113,2006357019.9266784
MBT,M3,cPTAC,Measure,CZ07,26.066111111111113,1938804554.0712938
MBT,M3,cPVVG,Base,CZ07,26.066111111111113,1996797789.8923671
MBT,M3,cPVVG,Measure,CZ07,26.066111111111113,1929707321.6259384
MBT,M4,cDXGF,Base,CZ07,26.066111111111113,2034983979.7023022
MBT,M4,cDXGF,Measure,CZ07,26.066111111111113,2029660566.8900287
MBT,M4,cDXHP,Base,CZ07,26.066111111111113,2026658531.006333
MBT,M4,cDXHP,Measure,CZ07,26.066111111111113,2021387725.4302027
MBT,M4,cPTAC,Base,CZ07,26.066111111111113,2034983979.7035758
MBT,M4,cPTAC,Measure,CZ07,26.066111111111113,2029660566.8908765
MBT,M4,cPVVG,Base,CZ07,26.066111111111113,1976791037.760014
MBT,M4,cPVVG,Measure,CZ07,26.066111111111113,1977316279.0550187
MBT,M5,cDXGF,Base,CZ07,26.066111111111113,2045343343.9239213
MBT,M5,cDXGF,Measure,CZ07,26.066111111111113,1971599972.8221192
MBT,M5,cDXHP,Base,CZ07,26.066111111111113,2027891216.8690698
MBT,M5,cDXHP,Measure,CZ07,26.066111111111113,1953558134.6294622
MBT,M5,cPTAC,Base,CZ07,26.066111111111113,2045343343.9258468
MBT,M5,cPTAC,Measure,CZ07,26.066111111111113,1971599972.8213005
MBT,M5,cPVVG,Base,CZ07,26.066111111111113,2036023670.1104515
MBT,M5,cPVVG,Measure,CZ07,26.066111111111113,1962771930.280816
MLI,M1,cDXGF,Base,CZ07,26.066111111111113,877633153.26023
MLI,M1,cDXGF,Measure,CZ07,26.066111111111113,867899773.6255667
MLI,M1,cDXHP,Base,CZ07,26.066111111111113,875211040.2030085
MLI,M1,cDXHP,Measure,CZ07,26.066111111111113,865690166.3265828
MLI,M1,cPTAC,Base,CZ07,26.066111111111113,877633153.2602208
MLI,M1,cPTAC,Measure,CZ07,26.066111111111113,867899773.6255718
MLI,M1,cPVVG,Base,CZ07,26.066111111111113,759905814.7385021
MLI,M1,cPVVG,Measure,CZ07,26.066111111111113,756499563.9247216
MLI,M2,cDXGF,Base,CZ07,26.066111111111113,859370982.6571177
MLI,M2,cDXGF,Measure,CZ07,26.066111111111113,846399990.1640586
MLI,M2,cDXHP,Base,CZ07,26.066111111111113,860521463.8806872
MLI,M2,cDXHP,Measure,CZ07,26.066111111111113,847307405.2902658
MLI,M2,cPTAC,Base,CZ07,26.066111111111113,859370982.6571236
MLI,M2,cPTAC,Measure,CZ07,26.066111111111113,846399990.1640965
MLI,M2,cPVVG,Base,CZ07,26.066111111111113,735692083.0456146
MLI,M2,cPVVG,Measure,CZ07,26.066111111111113,729847376.4756957
MLI,M3,cDXGF,Base,CZ07,26.066111111111113,763409934.0454913
MLI,M3,cDXGF,Measure,CZ07,26.066111111111113,704970128.5097591
MLI,M3,cDXHP,Base,CZ07,26.066111111111113,748817699.7634826
MLI,M3,cDXHP,Measure,CZ07,26.066111111111113,690493691.6100935
MLI,M3,cPTAC,Base,CZ07,26.066111111111113,763409934.0454556
MLI,M3,cPTAC,Measure,CZ07,26.066111111111113,704970128.5097288
MLI,M3,cPVVG,Base,CZ07,26.066111111111113,747147852.5651762
MLI,M3,cPVVG,Measure,CZ07,26.066111111111113,689574252.9094169
MLI,M4,cDXGF,Base,CZ07,26.066111111111113,877633150.2446731
MLI,M4,cDXGF,Measure,CZ07,26.066111111111113,867899779.2333944
MLI,M4,cDXHP,Base,CZ07,26.066111111111113,875211043.0879112
MLI,M4,cDXHP,Measure,CZ07,26.066111111111113,865690175.8015771
MLI,M4,cPTAC,Base,CZ07,26.066111111111113,877633150.2446488
MLI,M4,cPTAC,Measure,CZ07,26.066111111111113,867899779.2334123
MLI,M4,cPVVG,Base,CZ07,26.066111111111113,759905837.5267075
MLI,M4,cPVVG,Measure,CZ07,26.066111111111113,756499688.538199
MLI,M5,cDXGF,Base,CZ07,26.066111111111113,806496217.8609517
MLI,M5,cDXGF,Measure,CZ07,26.066111111111113,741197835.7378743
MLI,M5,cDXHP,Base,CZ07,26.066111111111113,788893834.5072128
MLI,M5,cDXHP,Measure,CZ07,26.066111111111113,723939450.1808499
MLI,M5,cPTAC,Base,CZ07,26.066111111111113,806496217.8609325
MLI,M5,cPTAC,Measure,CZ07,26.066111111111113,741197835.7378634
MLI,M5,cPVVG,Base,CZ07,26.066111111111113,788637233.9762269
MLI,M5,cPVVG,Measure,CZ07,26.066111111111113,724392953.9954762
OfS,M1,cDXGF,Base,CZ07,26.066111111111113,120423010.18464266
OfS,M1,cDXGF,Measure,CZ07,26.066111111111113,120117282.86758825
OfS,M1,cDXHP,Base,CZ07,26.066111111111113,119965161.13373478
OfS,M1,cDXHP,Measure,CZ07,26.066111111111113,119647619.51017669
OfS,M1,cPTAC,Base,CZ07,26.066111111111113,120423010.94911684
OfS,M1,cPTAC,Measure,CZ07,26.066111111111113,120117283.83019336
OfS,M1,cPVVG,Base,CZ07,26.066111111111113,109122924.92699872
OfS,M1,cPVVG,Measure,CZ07,26.066111111111113,109191409.33247176
OfS,M2,cDXGF,Base,CZ07,26.066111111111113,118171515.25741841
OfS,M2,cDXGF,Measure,CZ07,26.066111111111113,117776873.40517187
OfS,M2,cDXHP,Base,CZ07,26.066111111111113,117817095.62032932
OfS,M2,cDXHP,Measure,CZ07,26.066111111111113,117422009.0112104
OfS,M2,cPTAC,Base,CZ07,26.066111111111113,118171515.25741847
OfS,M2,cPTAC,Measure,CZ07,26.066111111111113,117776873.40517193
OfS,M2,cPVVG,Base,CZ07,26.066111111111113,106491155.65093045
OfS,M2,cPVVG,Measure,CZ07,26.066111111111113,106263476.75300522
OfS,M3,cDXGF,Base,CZ07,26.066111111111113,114024397.72479604
OfS,M3,cDXGF,Measure,CZ07,26.066111111111113,102678842.51011826
OfS,M3,cDXHP,Base,CZ07,26.066111111111113,111703613.07993871
OfS,M3,cDXHP,Measure,CZ07,26.066111111111113,100397540.77574109
OfS,M3,cPTAC,Base,CZ07,26.066111111111113,114024397.72479698
OfS,M3,cPTAC,Measure,CZ07,26.066111111111113,102678842.5101178
OfS,M3,cPVVG,Base,CZ07,26.066111111111113,112456860.66913478
OfS,M3,cPVVG,Measure,CZ07,26.066111111111113,101189260.69018202
OfS,M4,cDXGF,Base,CZ07,26.066111111111113,120423011.20952266
OfS,M4,cDXGF,Measure,CZ07,26.066111111111113,120117282.68996786
OfS,M4,cDXHP,Base,CZ07,26.066111111111113,119965161.76359595
OfS,M4,cDXHP,Measure,CZ07,26.066111111111113,119647619.08299689
OfS,M4,cPTAC,Base,CZ07,26.066111111111113,120423011.20952366
OfS,M4,cPTAC,Measure,CZ07,26.066111111111113,120117282.68996787
OfS,M4,cPVVG,Base,CZ07,26.066111111111113,109122927.85343266
OfS,M4,cPVVG,Measure,CZ07,26.066111111111113,109191414.08892193
OfS,M5,cDXGF,Base,CZ07,26.066111111111113,118420412.92401713
OfS,M5,cDXGF,Measure,CZ07,26.066111111111113,106377113.26423042
OfS,M5,cDXHP,Base,CZ07,26.066111111111113,116001652.12539038
OfS,M5,cDXHP,Measure,CZ07,26.066111111111113,103998540.20100038
OfS,M5,cPTAC,Base,CZ07,26.066111111111113,118420412.92401862
OfS,M5,cPTAC,Measure,CZ07,26.066111111111113,106377113.26422955
OfS,M5,cPVVG,Base,CZ07,26.066111111111113,116875970.5501749
OfS,M5,cPVVG,Measure,CZ07,26.066111111111113,104914695.35484467
RFF,M1,cDXGF,Base,CZ07,26.066111111111113,46796324.473683976
RFF,M1,cDXGF,Measure,CZ07,26.066111111111113,46772900.585507825
RFF,M1,cDXHP,Base,CZ07,26.066111111111113,46704635.07336807
RFF,M1,cDXHP,Measure,CZ07,26.066111111111113,46679842.328342244
RFF,M1,cPTAC,Base,CZ07,26.066111111111113,46796324.473683715
RFF,M1,cPTAC,Measure,CZ07,26.066111111111113,46772900.5855047
RFF,M1,cPVVG,Base,CZ07,26.066111111111113,44756526.64370967
RFF,M1,cPVVG,Measure,CZ07,26.066111111111113,44795556.89781173
RFF,M2,cDXGF,Base,CZ07,26.066111111111113,45798592.98208282
RFF,M2,cDXGF,Measure,CZ07,26.066111111111113,45727792.26051225
RFF,M2,cDXHP,Base,CZ07,26.066111111111113,45855084.83658948
RFF,M2,cDXHP,Measure,CZ07,26.066111111111113,45782095.69229087
RFF,M2,cPTAC,Base,CZ07,26.066111111111113,45798592.98208192
RFF,M2,cPTAC,Measure,CZ07,26.066111111111113,45727792.260341085
RFF,M2,cPVVG,Base,CZ07,26.066111111111113,43518857.79741676
RFF,M2,cPVVG,Measure,CZ07,26.066111111111113,43475659.187919155
RFF,M3,cDXGF,Base,CZ07,26.066111111111113,46019454.30734629
RFF,M3,cDXGF,Measure,CZ07,26.066111111111113,43035675.636089936
RFF,M3,cDXHP,Base,CZ07,26.066111111111113,45530144.06166037
RFF,M3,cDXHP,Measure,CZ07,26.066111111111113,42527215.489640735
RFF,M3,cPTAC,Base,CZ07,26.066111111111113,46019454.307348065
RFF,M3,cPTAC,Measure,CZ07,26.066111111111113,43035675.63609063
RFF,M3,cPVVG,Base,CZ07,26.066111111111113,45647894.42264925
RFF,M3,cPVVG,Measure,CZ07,26.066111111111113,42681842.56455953
RFF,M4,cDXGF,Base,CZ07,26.066111111111113,46796323.41969994
RFF,M4,cDXGF,Measure,CZ07,26.066111111111113,46772931.63850393
RFF,M4,cDXHP,Base,CZ07,26.066111111111113,46704635.36645734
RFF,M4,cDXHP,Measure,CZ07,26.066111111111113,46679859.27023087
RFF,M4,cPTAC,Base,CZ07,26.066111111111113,46796323.41970036
RFF,M4,cPTAC,Measure,CZ07,26.066111111111113,46772931.638501756
RFF,M4,cPVVG,Base,CZ07,26.066111111111113,44756527.23170781
RFF,M4,cPVVG,Measure,CZ07,26.066111111111113,44795557.60311688
RFF,M5,cDXGF,Base,CZ07,26.066111111111113,47886595.82194984
RFF,M5,cDXGF,Measure,CZ07,26.066111111111113,44603462.36097357
RFF,M5,cDXHP,Base,CZ07,26.066111111111113,47393812.660091996
RFF,M5,cDXHP,Measure,CZ07,26.066111111111113,44081822.09348509
RFF,M5,cPTAC,Base,CZ07,26.066111111111113,47886595.821948916
RFF,M5,cPTAC,Measure,CZ07,26.066111111111113,44603462.36097287
RFF,M5,cPVVG,Base,CZ07,26.066111111111113,47542503.301966794
RFF,M5,cPVVG,Measure,CZ07,26.066111111111113,44277334.42357124
Rt3,M1,cDXGF,Base,CZ07,26.066111111111113,1753983873.962562
Rt3,M1,cDXGF,Measure,CZ07,26.066111111111113,1749340073.965963
Rt3,M1,cDXHP,Base,CZ07,26.066111111111113,1746064765.565005
Rt3,M1,cDXHP,Measure,CZ07,26.066111111111113,1741179893.4895697
Rt3,M1,cPTAC,Base,CZ07,26.066111111111113,1753983873.9623823
Rt3,M1,cPTAC,Measure,CZ07,26.066111111111113,1749340073.965986
Rt3,M1,cPVVG,Base,CZ07,26.066111111111113,1652918560.6880372
Rt3,M1,cPVVG,Measure,CZ07,26.066111111111113,1662428793.357501
Rt3,M2,cDXGF,Base,CZ07,26.066111111111113,1707328895.3396094
Rt3,M2,cDXGF,Measure,CZ07,26.066111111111113,1690708558.52236
Rt3,M2,cDXHP,Base,CZ07,26.066111111111113,1710300147.0722454
Rt3,M2,cDXHP,Measure,CZ07,26.066111111111113,1693026116.2355573
Rt3,M2,cPTAC,Base,CZ07,26.066111111111113,1707328895.3399599
Rt3,M2,cPTAC,Measure,CZ07,26.066111111111113,1690708558.522354
Rt3,M2,cPVVG,Base,CZ07,26.066111111111113,1598670290.7106092
Rt3,M2,cPVVG,Measure,CZ07,26.066111111111113,1585875588.1740112
Rt3,M3,cDXGF,Base,CZ07,26.066111111111113,1675940227.87144
Rt3,M3,cDXGF,Measure,CZ07,26.066111111111113,1561952245.6364598
Rt3,M3,cDXHP,Base,CZ07,26.066111111111113,1646385750.6662035
Rt3,M3,cDXHP,Measure,CZ07,26.066111111111113,1531830606.3813188
Rt3,M3,cPTAC,Base,CZ07,26.066111111111113,1675940227.8714938
Rt3,M3,cPTAC,Measure,CZ07,26.066111111111113,1561952245.6364563
Rt3,M3,cPVVG,Base,CZ07,26.066111111111113,1660339464.708873
Rt3,M3,cPVVG,Measure,CZ07,26.066111111111113,1547089116.9811754
Rt3,M4,cDXGF,Base,CZ07,26.066111111111113,1753983885.3702905
Rt3,M4,cDXGF,Measure,CZ07,26.066111111111113,1749340106.0942976
Rt3,M4,cDXHP,Base,CZ07,26.066111111111113,1746064785.6872625
Rt3,M4,cDXHP,Measure,CZ07,26.066111111111113,1741179956.5341978
Rt3,M4,cPTAC,Base,CZ07,26.066111111111113,1753983885.3701792
Rt3,M4,cPTAC,Measure,CZ07,26.066111111111113,1749340106.0942762
Rt3,M4,cPVVG,Base,CZ07,26.066111111111113,1652918555.8617415
Rt3,M4,cPVVG,Measure,CZ07,26.066111111111113,1662429572.7387195
Rt3,M5,cDXGF,Base,CZ07,26.066111111111113,1777961656.389955
Rt3,M5,cDXGF,Measure,CZ07,26.066111111111113,1647797181.2713764
Rt3,M5,cDXHP,Base,CZ07,26.066111111111113,1753029364.9858437
Rt3,M5,cDXHP,Measure,CZ07,26.066111111111113,1620638635.241566
Rt3,M5,cPTAC,Base,CZ07,26.066111111111113,1777961656.3901803
Rt3,M5,cPTAC,Measure,CZ07,26.066111111111113,1647797181.2714226
Rt3,M5,cPVVG,Base,CZ07,26.066111111111113,1763595261.1831672
Rt3,M5,cPVVG,Measure,CZ07,26.066111111111113,1634193555.7637267
RtL,M1,cDXGF,Base,CZ07,26.066111111111113,1723241782.792373
RtL,M1,cDXGF,Measure,CZ07,26.066111111111113,1715976581.3656883
RtL,M1,cDXHP,Base,CZ07,26.066111111111113,1714470581.318803
RtL,M1,cDXHP,Measure,CZ07,26.066111111111113,1706841130.7590635
RtL,M1,cPTAC,Base,CZ07,26.066111111111113,1723241783.025363
RtL,M1,cPTAC,Measure,CZ07,26.066111111111113,1715976581.6908975
RtL,M1,cPVVG,Base,CZ07,26.066111111111113,1621641662.3933039
RtL,M1,cPVVG,Measure,CZ07,26.066111111111113,1627594219.0786896
RtL,M2,cDXGF,Base,CZ07,26.066111111111113,1678509889.6367013
RtL,M2,cDXGF,Measure,CZ07,26.066111111111113,1658733482.1195474
RtL,M2,cDXHP,Base,CZ07,26.066111111111113,1676248701.4733899
RtL,M2,cDXHP,Measure,CZ07,26.066111111111113,1655974220.1797502
RtL,M2,cPTAC,Base,CZ07,26.066111111111113,1678509889.6367104
RtL,M2,cPTAC,Measure,CZ07,26.066111111111113,1658733482.1195643
RtL,M2,cPVVG,Base,CZ07,26.066111111111113,1566244264.7356064
RtL,M2,cPVVG,Measure,CZ07,26.066111111111113,1554647817.7932332
RtL,M3,cDXGF,Base,CZ07,26.066111111111113,1646546785.3229768
RtL,M3,cDXGF,Measure,CZ07,26.066111111111113,1538419463.0901494
RtL,M3,cDXHP,Base,CZ07,26.066111111111113,1623647478.336693
RtL,M3,cDXHP,Measure,CZ07,26.066111111111113,1515017533.0987394
RtL,M3,cPTAC,Base,CZ07,26.066111111111113,1646546785.3229878
RtL,M3,cPTAC,Measure,CZ07,26.066111111111113,1538419463.0901587
RtL,M3,cPVVG,Base,CZ07,26.066111111111113,1630638336.0558608
RtL,M3,cPVVG,Measure,CZ07,26.066111111111113,1523269517.7474632
RtL,M4,cDXGF,Base,CZ07,26.066111111111113,1723241773.0275428
RtL,M4,cDXGF,Measure,CZ07,26.066111111111113,1715976619.6127534
RtL,M4,cDXHP,Base,CZ07,26.066111111111113,1714470570.105613
RtL,M4,cDXHP,Measure,CZ07,26.066111111111113,1706841179.0129662
RtL,M4,cPTAC,Base,CZ07,26.066111111111113,1723241773.0275702
RtL,M4,cPTAC,Measure,CZ07,26.066111111111113,1715976619.6126971
RtL,M4,cPVVG,Base,CZ07,26.066111111111113,1621641641.800402
RtL,M4,cPVVG,Measure,CZ07,26.066111111111113,1627594473.6784353
RtL,M5,cDXGF,Base,CZ07,26.066111111111113,1741018879.6402972
RtL,M5,cDXGF,Measure,CZ07,26.066111111111113,1617654963.2107413
RtL,M5,cDXHP,Base,CZ07,26.066111111111113,1726524723.5654645
RtL,M5,cDXHP,Measure,CZ07,26.066111111111113,1600554776.7560883
RtL,M5,cPTAC,Base,CZ07,26.066111111111113,1741018879.6403048
RtL,M5,cPTAC,Measure,CZ07,26.066111111111113,1617654963.2107475
RtL,M5,cPVVG,Base,CZ07,26.066111111111113,1725525051.5614438
RtL,M5,cPVVG,Measure,CZ07,26.066111111111113,1602992482.7627084
RtS,M1,cDXGF,Base,CZ07,26.066111111111113,114287981.57327618
RtS,M1,cDXGF,Measure,CZ07,26.066111111111113,114013419.1697879
RtS,M1,cDXHP,Base,CZ07,26.066111111111113,114145035.7028773
RtS,M1,cDXHP,Measure,CZ07,26.066111111111113,113846463.67141566
RtS,M1,cPTAC,Base,CZ07,26.066111111111113,114287981.57327291
RtS,M1,cPTAC,Measure,CZ07,26.066111111111113,114013419.16978782
RtS,M1,cPVVG,Base,CZ07,26.066111111111113,108585759.90101983
RtS,M1,cPVVG,Measure,CZ07,26.066111111111113,109119868.5243304
RtS,M2,cDXGF,Base,CZ07,26.066111111111113,110007377.0717385
RtS,M2,cDXGF,Measure,CZ07,26.066111111111113,109290077.88642147
RtS,M2,cDXHP,Base,CZ07,26.066111111111113,110275631.89311603
RtS,M2,cDXHP,Measure,CZ07,26.066111111111113,109527653.46517451
RtS,M2,cPTAC,Base,CZ07,26.066111111111113,110007377.0717365
RtS,M2,cPTAC,Measure,CZ07,26.066111111111113,109290077.8864202
RtS,M2,cPVVG,Base,CZ07,26.066111111111113,103488888.7187509
RtS,M2,cPVVG,Measure,CZ07,26.066111111111113,102872716.37345554
RtS,M3,cDXGF,Base,CZ07,26.066111111111113,110882176.4851769
RtS,M3,cDXGF,Measure,CZ07,26.066111111111113,101872576.42506842
RtS,M3,cDXHP,Base,CZ07,26.066111111111113,109111823.63249063
RtS,M3,cDXHP,Measure,CZ07,26.066111111111113,100050201.75163677
RtS,M3,cPTAC,Base,CZ07,26.066111111111113,110882176.48517552
RtS,M3,cPTAC,Measure,CZ07,26.066111111111113,101872576.42506741
RtS,M3,cPVVG,Base,CZ07,26.066111111111113,109849850.6280248
RtS,M3,cPVVG,Measure,CZ07,26.066111111111113,100888257.37518755
RtS,M4,cDXGF,Base,CZ07,26.066111111111113,114287979.5400748
RtS,M4,cDXGF,Measure,CZ07,26.066111111111113,114013420.58868757
RtS,M4,cDXHP,Base,CZ07,26.066111111111113,114145035.82364438
RtS,M4,cDXHP,Measure,CZ07,26.066111111111113,113846465.01456429
RtS,M4,cPTAC,Base,CZ07,26.066111111111113,114287979.54007024
RtS,M4,cPTAC,Measure,CZ07,26.066111111111113,114013420.58868591
RtS,M4,cPVVG,Base,CZ07,26.066111111111113,108585760.60540417
RtS,M4,cPVVG,Measure,CZ07,26.066111111111113,109119872.36681071
RtS,M5,cDXGF,Base,CZ07,26.066111111111113,119006697.73599389
RtS,M5,cDXGF,Measure,CZ07,26.066111111111113,108691428.43577088
RtS,M5,cDXHP,Base,CZ07,26.066111111111113,117236378.04011314
RtS,M5,cDXHP,Measure,CZ07,26.066111111111113,106816216.31825705
RtS,M5,cPTAC,Base,CZ07,26.066111111111113,119006697.73599425
RtS,M5,cPTAC,Measure,CZ07,26.066111111111113,108691428.43576336
RtS,M5,cPVVG,Base,CZ07,26.066111111111113,118129236.15631643
RtS,M5,cPVVG,Measure,CZ07,26.066111111111113,107859453.18971425
SCn,M1,cDXGF,Base,CZ07,26.066111111111113,1874105805.0675855
SCn,M1,cDXGF,Measure,CZ07,26.066111111111113,1872614565.413933
SCn,M1,cDXHP,Base,CZ07,26.066111111111113,1945411112.4320204
SCn,M1,cDXHP,Measure,CZ07,26.066111111111113,1940088420.555095
SCn,M1,cPTAC,Base,CZ07,26.066111111111113,1874105805.0675976
SCn,M1,cPTAC,Measure,CZ07,26.066111111111113,1872614565.414237
SCn,M1,cPVVG,Base,CZ07,26.066111111111113,1873446488.344609
SCn,M1,cPVVG,Measure,CZ07,26.066111111111113,1872297566.6102972
SCn,M2,cDXGF,Base,CZ07,26.066111111111113,1721603398.3129816
SCn,M2,cDXGF,Measure,CZ07,26.066111111111113,1705999224.6710608
SCn,M2,cDXHP,Base,CZ07,26.066111111111113,1720650862.842761
SCn,M2,cDXHP,Measure,CZ07,26.066111111111113,1707430886.819274
SCn,M2,cPTAC,Base,CZ07,26.066111111111113,1721603456.4200683
SCn,M2,cPTAC,Measure,CZ07,26.066111111111113,1705999224.6711388
SCn,M2,cPVVG,Base,CZ07,26.066111111111113,1708133957.9202847
SCn,M2,cPVVG,Measure,CZ07,26.066111111111113,1694387738.1058605
SCn,M3,cDXGF,Base,CZ07,26.066111111111113,1804616567.3149948
SCn,M3,cDXGF,Measure,CZ07,26.066111111111113,1660255364.3137593
SCn,M3,cDXHP,Base,CZ07,26.066111111111113,1793855300.8782308
SCn,M3,cDXHP,Measure,CZ07,26.066111111111113,1647957091.2416124
SCn,M3,cPTAC,Base,CZ07,26.066111111111113,1804616567.3150308
SCn,M3,cPTAC,Measure,CZ07,26.066111111111113,1660255364.313772
SCn,M3,cPVVG,Base,CZ07,26.066111111111113,1796525632.3663874
SCn,M3,cPVVG,Measure,CZ07,26.066111111111113,1652530884.1467347
SCn,M4,cDXGF,Base,CZ07,26.066111111111113,1874105805.4565175
SCn,M4,cDXGF,Measure,CZ07,26.066111111111113,1872614584.0330799
SCn,M4,cDXHP,Base,CZ07,26.066111111111113,1945411113.7268367
SCn,M4,cDXHP,Measure,CZ07,26.066111111111113,1940089446.5410314
SCn,M4,cPTAC,Base,CZ07,26.066111111111113,1874105805.4565246
SCn,M4,cPTAC,Measure,CZ07,26.066111111111113,1872614584.033371
SCn,M4,cPVVG,Base,CZ07,26.066111111111113,1873446488.3122325
SCn,M4,cPVVG,Measure,CZ07,26.066111111111113,1872298141.7027767
SCn,M5,cDXGF,Base,CZ07,26.066111111111113,2060347020.7374535
SCn,M5,cDXGF,Measure,CZ07,26.066111111111113,1872677414.2396855
SCn,M5,cDXHP,Base,CZ07,26.066111111111113,2150706665.7935324
SCn,M5,cDXHP,Measure,CZ07,26.066111111111113,1943334613.588698
SCn,M5,cPTAC,Base,CZ07,26.066111111111113,2060347020.7372577
SCn,M5,cPTAC,Measure,CZ07,26.066111111111113,1872677300.5521464
SCn,M5,cPVVG,Base,CZ07,26.066111111111113,2060143895.369726
SCn,M5,cPVVG,Measure,CZ07,26.066111111111113,1872481227.3391855
Asm,M1,cDXGF,Base,CZ08,32.875,710116811.8460196
Asm,M1,cDXGF,Measure,CZ08,32.875,721413472.5686959
Asm,M1,cDXHP,Base,CZ08,32.875,712107564.9507498
Asm,M1,cDXHP,Measure,CZ08,32.875,723947589.6754934
Asm,M1,cPTAC,Base,CZ08,32.875,710115784.7143985
Asm,M1,cPTAC,Measure,CZ08,32.875,721413472.568671
Asm,M1,cPVVG,Base,CZ08,32.875,672706169.1772199
Asm,M1,cPVVG,Measure,CZ08,32.875,690883188.3012198
Asm,M2,cDXGF,Base,CZ08,32.875,626592826.0891238
Asm,M2,cDXGF,Measure,CZ08,32.875,622764274.1889794
Asm,M2,cDXHP,Base,CZ08,32.875,627267577.5657403
Asm,M2,cDXHP,Measure,CZ08,32.875,623413287.1675187
Asm,M2,cPTAC,Base,CZ08,32.875,626592826.0891219
Asm,M2,cPTAC,Measure,CZ08,32.875,622764274.1889851
Asm,M2,cPVVG,Base,CZ08,32.875,574648087.0601703
Asm,M2,cPVVG,Measure,CZ08,32.875,570928931.6712408
Asm,M3,cDXGF,Base,CZ08,32.875,629590646.6752946
Asm,M3,cDXGF,Measure,CZ08,32.875,559515940.1361641
Asm,M3,cDXHP,Base,CZ08,32.875,627386560.1377558
Asm,M3,cDXHP,Measure,CZ08,32.875,557154628.2802225
Asm,M3,cPTAC,Base,CZ08,32.875,629590646.6752951
Asm,M3,cPTAC,Measure,CZ08,32.875,559515940.136165
Asm,M3,cPVVG,Base,CZ08,32.875,621840310.4882396
Asm,M3,cPVVG,Measure,CZ08,32.875,552181885.0370618
Asm,M4,cDXGF,Base,CZ08,32.875,710117335.1513997
Asm,M4,cDXGF,Measure,CZ08,32.875,721414732.4283767
Asm,M4,cDXHP,Base,CZ08,32.875,712108073.7497116
Asm,M4,cDXHP,Measure,CZ08,32.875,723948900.9037844
Asm,M4,cPTAC,Base,CZ08,32.875,710116309.1845744
Asm,M4,cPTAC,Measure,CZ08,32.875,721414732.4283553
Asm,M4,cPVVG,Base,CZ08,32.875,672706130.9063116
Asm,M4,cPVVG,Measure,CZ08,32.875,690885571.6870891
Asm,M5,cDXGF,Base,CZ08,32.875,699319059.2233125
Asm,M5,cDXGF,Measure,CZ08,32.875,617385276.8992316
Asm,M5,cDXHP,Base,CZ08,32.875,690038494.084863
Asm,M5,cDXHP,Measure,CZ08,32.875,609074016.6332284
Asm,M5,cPTAC,Base,CZ08,32.875,699319059.2233263
Asm,M5,cPTAC,Measure,CZ08,32.875,617385276.899236
Asm,M5,cPVVG,Base,CZ08,32.875,692335109.5110326
Asm,M5,cPVVG,Measure,CZ08,32.875,610851135.2331672
ECC,M1,cDXGF,Base,CZ08,32.875,2051438859.409288
ECC,M1,cDXGF,Measure,CZ08,32.875,2066856643.832318
ECC,M1,cDXHP,Base,CZ08,32.875,2057909078.408135
ECC,M1,cDXHP,Measure,CZ08,32.875,2073526682.1385305
ECC,M1,cPTAC,Base,CZ08,32.875,2051436437.6208985
ECC,M1,cPTAC,Measure,CZ08,32.875,2066855084.1047342
ECC,M1,cPVVG,Base,CZ08,32.875,1864274148.7143683
ECC,M1,cPVVG,Measure,CZ08,32.875,1906067284.7550862
ECC,M2,cDXGF,Base,CZ08,32.875,1894907069.2264485
ECC,M2,cDXGF,Measure,CZ08,32.875,1863945458.5525591
ECC,M2,cDXHP,Base,CZ08,32.875,1892614233.6307418
ECC,M2,cDXHP,Measure,CZ08,32.875,1861517589.6444256
ECC,M2,cPTAC,Base,CZ08,32.875,1894907069.2253966
ECC,M2,cPTAC,Measure,CZ08,32.875,1863945465.4923716
ECC,M2,cPVVG,Base,CZ08,32.875,1664812838.979407
ECC,M2,cPVVG,Measure,CZ08,32.875,1645976784.5939524
ECC,M3,cDXGF,Base,CZ08,32.875,1764418130.0138955
ECC,M3,cDXGF,Measure,CZ08,32.875,1614115805.4895456
ECC,M3,cDXHP,Base,CZ08,32.875,1755146671.852555
ECC,M3,cDXHP,Measure,CZ08,32.875,1604269049.6474497
ECC,M3,cPTAC,Base,CZ08,32.875,1764422692.7444725
ECC,M3,cPTAC,Measure,CZ08,32.875,1614111721.345201
ECC,M3,cPVVG,Base,CZ08,32.875,1740511766.1531203
ECC,M3,cPVVG,Measure,CZ08,32.875,1591528826.193536
ECC,M4,cDXGF,Base,CZ08,32.875,2051436703.025796
ECC,M4,cDXGF,Measure,CZ08,32.875,2066864502.963661
ECC,M4,cDXHP,Base,CZ08,32.875,2057907886.6096506
ECC,M4,cDXHP,Measure,CZ08,32.875,2073534291.4754379
ECC,M4,cPTAC,Base,CZ08,32.875,2051437744.8108683
ECC,M4,cPTAC,Measure,CZ08,32.875,2066864502.9596295
ECC,M4,cPVVG,Base,CZ08,32.875,1864275413.608167
ECC,M4,cPVVG,Measure,CZ08,32.875,1906084230.2936125
ECC,M5,cDXGF,Base,CZ08,32.875,1844653888.5588102
ECC,M5,cDXGF,Measure,CZ08,32.875,1680948773.2253118
ECC,M5,cDXHP,Base,CZ08,32.875,1825211220.0404677
ECC,M5,cDXHP,Measure,CZ08,32.875,1662383095.5938354
ECC,M5,cPTAC,Base,CZ08,32.875,1844649314.4568799
ECC,M5,cPTAC,Measure,CZ08,32.875,1680948773.8831167
ECC,M5,cPVVG,Base,CZ08,32.875,1819407778.8254497
ECC,M5,cPVVG,Measure,CZ08,32.875,1657269054.7836478
Epr,M1,cDXGF,Base,CZ08,32.875,327262055.3705569
Epr,M1,cDXGF,Measure,CZ08,32.875,331931745.3678276
Epr,M1,cDXHP,Base,CZ08,32.875,329082177.12812954
Epr,M1,cDXHP,Measure,CZ08,32.875,333849787.4141363
Epr,M1,cPTAC,Base,CZ08,32.875,327260387.8203553
Epr,M1,cPTAC,Measure,CZ08,32.875,331929899.2673681
Epr,M1,cPVVG,Base,CZ08,32.875,298500121.2153381
Epr,M1,cPVVG,Measure,CZ08,32.875,308303188.1175304
Epr,M2,cDXGF,Base,CZ08,32.875,294052708.7145888
Epr,M2,cDXGF,Measure,CZ08,32.875,288737411.6305292
Epr,M2,cDXHP,Base,CZ08,32.875,293373675.36421424
Epr,M2,cDXHP,Measure,CZ08,32.875,288017027.1625316
Epr,M2,cPTAC,Base,CZ08,32.875,294052708.71458846
Epr,M2,cPTAC,Measure,CZ08,32.875,288737787.407512
Epr,M2,cPVVG,Base,CZ08,32.875,256841339.84626994
Epr,M2,cPVVG,Measure,CZ08,32.875,253597254.45370227
Epr,M3,cDXGF,Base,CZ08,32.875,275409066.91849935
Epr,M3,cDXGF,Measure,CZ08,32.875,249211455.38544303
Epr,M3,cDXHP,Base,CZ08,32.875,273508108.69497555
Epr,M3,cDXHP,Measure,CZ08,32.875,247114609.24107245
Epr,M3,cPTAC,Base,CZ08,32.875,275409066.9189373
Epr,M3,cPTAC,Measure,CZ08,32.875,249208972.70769966
Epr,M3,cPVVG,Base,CZ08,32.875,271439626.8508462
Epr,M3,cPVVG,Measure,CZ08,32.875,245461274.42825833
Epr,M4,cDXGF,Base,CZ08,32.875,327262417.43200576
Epr,M4,cDXGF,Measure,CZ08,32.875,331931179.49936295
Epr,M4,cDXHP,Base,CZ08,32.875,329082550.4787091
Epr,M4,cDXHP,Measure,CZ08,32.875,333849243.2204057
Epr,M4,cPTAC,Base,CZ08,32.875,327260879.87153
Epr,M4,cPTAC,Measure,CZ08,32.875,331930899.59140295
Epr,M4,cPVVG,Base,CZ08,32.875,298500388.8834935
Epr,M4,cPVVG,Measure,CZ08,32.875,308308708.95405114
Epr,M5,cDXGF,Base,CZ08,32.875,295800616.22289234
Epr,M5,cDXGF,Measure,CZ08,32.875,266175829.0163292
Epr,M5,cDXHP,Base,CZ08,32.875,290126096.83822197
Epr,M5,cDXHP,Measure,CZ08,32.875,260866936.753806
Epr,M5,cPTAC,Base,CZ08,32.875,295800616.2220545
Epr,M5,cPTAC,Measure,CZ08,32.875,266178449.44601056
Epr,M5,cPVVG,Base,CZ08,32.875,291556383.1582024
Epr,M5,cPVVG,Measure,CZ08,32.875,262206739.42987207
ERC,M1,cDXGF,Base,CZ08,32.875,13960634.53637927
ERC,M1,cDXGF,Measure,CZ08,32.875,14020216.198053807
ERC,M1,cDXHP,Base,CZ08,32.875,14038618.483708603
ERC,M1,cDXHP,Measure,CZ08,32.875,14099275.303661117
ERC,M1,cPTAC,Base,CZ08,32.875,13960634.528917115
ERC,M1,cPTAC,Measure,CZ08,32.875,14020216.190214893
ERC,M1,cPVVG,Base,CZ08,32.875,12655678.901458861
ERC,M1,cPVVG,Measure,CZ08,32.875,12856693.283065699
ERC,M2,cDXGF,Base,CZ08,32.875,12605483.743263341
ERC,M2,cDXGF,Measure,CZ08,32.875,12387841.593880972
ERC,M2,cDXHP,Base,CZ08,32.875,12574886.300509114
ERC,M2,cDXHP,Measure,CZ08,32.875,12353801.19344585
ERC,M2,cPTAC,Base,CZ08,32.875,12605483.743263267
ERC,M2,cPTAC,Measure,CZ08,32.875,12387841.593881339
ERC,M2,cPVVG,Base,CZ08,32.875,10800159.049935848
ERC,M2,cPVVG,Measure,CZ08,32.875,10681247.214014221
ERC,M3,cDXGF,Base,CZ08,32.875,11901172.483225591
ERC,M3,cDXGF,Measure,CZ08,32.875,10505999.27660441
ERC,M3,cDXHP,Base,CZ08,32.875,11814806.164637752
ERC,M3,cDXHP,Measure,CZ08,32.875,10409813.695639323
ERC,M3,cPTAC,Base,CZ08,32.875,11901172.483225878
ERC,M3,cPTAC,Measure,CZ08,32.875,10505999.27660341
ERC,M3,cPVVG,Base,CZ08,32.875,11694250.32354265
ERC,M3,cPVVG,Measure,CZ08,32.875,10310299.39242267
ERC,M4,cDXGF,Base,CZ08,32.875,13960649.810329739
ERC,M4,cDXGF,Measure,CZ08,32.875,14020235.64611342
ERC,M4,cDXHP,Base,CZ08,32.875,14038634.686104493
ERC,M4,cDXHP,Measure,CZ08,32.875,14099296.597962474
ERC,M4,cPTAC,Base,CZ08,32.875,13960649.80287103
ERC,M4,cPTAC,Measure,CZ08,32.875,14020235.638268888
ERC,M4,cPVVG,Base,CZ08,32.875,12655698.792797983
ERC,M4,cPVVG,Measure,CZ08,32.875,12856726.729261933
ERC,M5,cDXGF,Base,CZ08,32.875,12851379.237396976
ERC,M5,cDXGF,Measure,CZ08,32.875,11297903.872164484
ERC,M5,cDXHP,Base,CZ08,32.875,12650419.493380073
ERC,M5,cDXHP,Measure,CZ08,32.875,11102950.467585634
ERC,M5,cPTAC,Base,CZ08,32.875,12851379.233685974
ERC,M5,cPTAC,Measure,CZ08,32.875,11297903.868911652
ERC,M5,cPVVG,Base,CZ08,32.875,12639018.71182492
ERC,M5,cPVVG,Measure,CZ08,32.875,11098353.24103386
Ese,M1,cDXGF,Base,CZ08,32.875,858940234.0057744
Ese,M1,cDXGF,Measure,CZ08,32.875,865054784.373409
Ese,M1,cDXHP,Base,CZ08,32.875,860419639.9460893
Ese,M1,cDXHP,Measure,CZ08,32.875,866571724.8804137
Ese,M1,cPTAC,Base,CZ08,32.875,858940234.0058458
Ese,M1,cPTAC,Measure,CZ08,32.875,865054784.3733948
Ese,M1,cPVVG,Base,CZ08,32.875,831822409.527205
Ese,M1,cPVVG,Measure,CZ08,32.875,841496999.8359952
Ese,M2,cDXGF,Base,CZ08,32.875,785351713.2688851
Ese,M2,cDXGF,Measure,CZ08,32.875,772071373.4191012
Ese,M2,cDXHP,Base,CZ08,32.875,785025575.579116
Ese,M2,cDXHP,Measure,CZ08,32.875,771702192.4842966
Ese,M2,cPTAC,Base,CZ08,32.875,785351713.2688822
Ese,M2,cPTAC,Measure,CZ08,32.875,772071373.419071
Ese,M2,cPVVG,Base,CZ08,32.875,751780693.5058751
Ese,M2,cPVVG,Measure,CZ08,32.875,739597604.2280751
Ese,M3,cDXGF,Base,CZ08,32.875,759819995.0785892
Ese,M3,cDXGF,Measure,CZ08,32.875,731008483.8717582
Ese,M3,cDXHP,Base,CZ08,32.875,757759387.5496495
Ese,M3,cDXHP,Measure,CZ08,32.875,728798999.5136979
Ese,M3,cPTAC,Base,CZ08,32.875,759819995.0785453
Ese,M3,cPTAC,Measure,CZ08,32.875,731008483.8717461
Ese,M3,cPVVG,Base,CZ08,32.875,755764172.682248
Ese,M3,cPVVG,Measure,CZ08,32.875,727172382.4854325
Ese,M4,cDXGF,Base,CZ08,32.875,858940414.9265136
Ese,M4,cDXGF,Measure,CZ08,32.875,865055532.304214
Ese,M4,cDXHP,Base,CZ08,32.875,860419801.9777089
Ese,M4,cDXHP,Measure,CZ08,32.875,866572471.4655879
Ese,M4,cPTAC,Base,CZ08,32.875,858940414.9265926
Ese,M4,cPTAC,Measure,CZ08,32.875,865055532.3042215
Ese,M4,cPVVG,Base,CZ08,32.875,831822595.2673283
Ese,M4,cPVVG,Measure,CZ08,32.875,841498791.643662
Ese,M5,cDXGF,Base,CZ08,32.875,817985823.3268682
Ese,M5,cDXGF,Measure,CZ08,32.875,786678153.4754944
Ese,M5,cDXHP,Base,CZ08,32.875,813758412.6516713
Ese,M5,cDXHP,Measure,CZ08,32.875,782609745.3864342
Ese,M5,cPTAC,Base,CZ08,32.875,817985823.3269393
Ese,M5,cPTAC,Measure,CZ08,32.875,786680177.2123725
Ese,M5,cPVVG,Base,CZ08,32.875,813835476.9198833
Ese,M5,cPVVG,Measure,CZ08,32.875,782779993.373988
Eun,M1,cDXGF,Base,CZ08,32.875,6098437054.323746
Eun,M1,cDXGF,Measure,CZ08,32.875,6123651420.133397
Eun,M1,cDXHP,Base,CZ08,32.875,6117568507.77116
Eun,M1,cDXHP,Measure,CZ08,32.875,6143077154.030162
Eun,M1,cPTAC,Base,CZ08,32.875,6098470980.978379
Eun,M1,cPTAC,Measure,CZ08,32.875,6123649230.780695
Eun,M1,cPVVG,Base,CZ08,32.875,5703514653.028237
Eun,M1,cPVVG,Measure,CZ08,32.875,5771806037.742735
Eun,M2,cDXGF,Base,CZ08,32.875,5737899688.131068
Eun,M2,cDXGF,Measure,CZ08,32.875,5691911404.755235
Eun,M2,cDXHP,Base,CZ08,32.875,5736689887.805581
Eun,M2,cDXHP,Measure,CZ08,32.875,5690099714.433151
Eun,M2,cPTAC,Base,CZ08,32.875,5737899688.131008
Eun,M2,cPTAC,Measure,CZ08,32.875,5691911404.755188
Eun,M2,cPVVG,Base,CZ08,32.875,5245482488.44925
Eun,M2,cPVVG,Measure,CZ08,32.875,5216908117.678644
Eun,M3,cDXGF,Base,CZ08,32.875,5526660774.004074
Eun,M3,cDXGF,Measure,CZ08,32.875,5129686927.038141
Eun,M3,cDXHP,Base,CZ08,32.875,5493720621.9728
Eun,M3,cDXHP,Measure,CZ08,32.875,5095037068.571711
Eun,M3,cPTAC,Base,CZ08,32.875,5526721696.689929
Eun,M3,cPTAC,Measure,CZ08,32.875,5129686927.038141
Eun,M3,cPVVG,Base,CZ08,32.875,5469813588.77614
Eun,M3,cPVVG,Measure,CZ08,32.875,5075924809.741566
Eun,M4,cDXGF,Base,CZ08,32.875,6098437831.8463745
Eun,M4,cDXGF,Measure,CZ08,32.875,6123617659.16844
Eun,M4,cDXHP,Base,CZ08,32.875,6117566497.811371
Eun,M4,cDXHP,Measure,CZ08,32.875,6143071193.893534
Eun,M4,cPTAC,Base,CZ08,32.875,6098474029.149451
Eun,M4,cPTAC,Measure,CZ08,32.875,6123648088.811535
Eun,M4,cPVVG,Base,CZ08,32.875,5703515756.90765
Eun,M4,cPVVG,Measure,CZ08,32.875,5771817003.851299
Eun,M5,cDXGF,Base,CZ08,32.875,5719801440.527965
Eun,M5,cDXGF,Measure,CZ08,32.875,5294351781.85736
Eun,M5,cDXHP,Base,CZ08,32.875,5663520069.291974
Eun,M5,cDXHP,Measure,CZ08,32.875,5239575894.642462
Eun,M5,cPTAC,Base,CZ08,32.875,5719824712.854207
Eun,M5,cPTAC,Measure,CZ08,32.875,5294352221.014472
Eun,M5,cPVVG,Base,CZ08,32.875,5661472799.610601
Eun,M5,cPVVG,Measure,CZ08,32.875,5239519252.399641
Gro,M1,cDXGF,Base,CZ08,32.875,1440882313.5242906
Gro,M1,cDXGF,Measure,CZ08,32.875,1441917753.665943
Gro,M1,cDXHP,Base,CZ08,32.875,1443604451.7860107
Gro,M1,cDXHP,Measure,CZ08,32.875,1444669650.8585508
Gro,M1,cPTAC,Base,CZ08,32.875,1440569112.914742
Gro,M1,cPTAC,Measure,CZ08,32.875,1441606368.2538266
Gro,M1,cPVVG,Base,CZ08,32.875,1407318131.3153791
Gro,M1,cPVVG,Measure,CZ08,32.875,1413681852.301189
Gro,M2,cDXGF,Base,CZ08,32.875,1400001509.3180697
Gro,M2,cDXGF,Measure,CZ08,32.875,1391250125.0651014
Gro,M2,cDXHP,Base,CZ08,32.875,1401237218.3130963
Gro,M2,cDXHP,Measure,CZ08,32.875,1392348558.8487537
Gro,M2,cPTAC,Base,CZ08,32.875,1399807894.8918653
Gro,M2,cPTAC,Measure,CZ08,32.875,1390992073.433203
Gro,M2,cPVVG,Base,CZ08,32.875,1355213626.768416
Gro,M2,cPVVG,Measure,CZ08,32.875,1350752047.0022993
Gro,M3,cDXGF,Base,CZ08,32.875,1368170901.7187984
Gro,M3,cDXGF,Measure,CZ08,32.875,1332979458.6842859
Gro,M3,cDXHP,Base,CZ08,32.875,1363756033.1023848
Gro,M3,cDXHP,Measure,CZ08,32.875,1328606685.402327
Gro,M3,cPTAC,Base,CZ08,32.875,1367630471.3495376
Gro,M3,cPTAC,Measure,CZ08,32.875,1332542198.8749034
Gro,M3,cPVVG,Base,CZ08,32.875,1362863256.8044004
Gro,M3,cPVVG,Measure,CZ08,32.875,1327964575.6538177
Gro,M4,cDXGF,Base,CZ08,32.875,1440985153.038928
Gro,M4,cDXGF,Measure,CZ08,32.875,1442018148.9410315
Gro,M4,cDXHP,Base,CZ08,32.875,1443706827.1284683
Gro,M4,cDXHP,Measure,CZ08,32.875,1444769583.148452
Gro,M4,cPTAC,Base,CZ08,32.875,1440641930.322209
Gro,M4,cPTAC,Measure,CZ08,32.875,1441678323.5953097
Gro,M4,cPVVG,Base,CZ08,32.875,1407421695.5490518
Gro,M4,cPVVG,Measure,CZ08,32.875,1413789484.411136
Gro,M5,cDXGF,Base,CZ08,32.875,1416813339.4573326
Gro,M5,cDXGF,Measure,CZ08,32.875,1373253448.930752
Gro,M5,cDXHP,Base,CZ08,32.875,1405673923.4756563
Gro,M5,cDXHP,Measure,CZ08,32.875,1363185777.9332933
Gro,M5,cPTAC,Base,CZ08,32.875,1416082224.566356
Gro,M5,cPTAC,Measure,CZ08,32.875,1372657530.006877
Gro,M5,cPVVG,Base,CZ08,32.875,1411609459.474833
Gro,M5,cPVVG,Measure,CZ08,32.875,1368371179.8184326
MBT,M1,cDXGF,Base,CZ08,32.875,2312701686.4357843
MBT,M1,cDXGF,Measure,CZ08,32.875,2314443142.7469425
MBT,M1,cDXHP,Base,CZ08,32.875,2316257254.9713836
MBT,M1,cDXHP,Measure,CZ08,32.875,2318266285.3225374
MBT,M1,cPTAC,Base,CZ08,32.875,2312650484.7201567
MBT,M1,cPTAC,Measure,CZ08,32.875,2314392708.7536693
MBT,M1,cPVVG,Base,CZ08,32.875,2256093681.0937324
MBT,M1,cPVVG,Measure,CZ08,32.875,2264809825.9848013
MBT,M2,cDXGF,Base,CZ08,32.875,2273966207.6034493
MBT,M2,cDXGF,Measure,CZ08,32.875,2264907860.724752
MBT,M2,cDXHP,Base,CZ08,32.875,2270929098.1614337
MBT,M2,cDXHP,Measure,CZ08,32.875,2261738567.056494
MBT,M2,cPTAC,Base,CZ08,32.875,2273966207.584108
MBT,M2,cPTAC,Measure,CZ08,32.875,2264907860.7256026
MBT,M2,cPVVG,Base,CZ08,32.875,2200305586.732622
MBT,M2,cPVVG,Measure,CZ08,32.875,2195791399.672539
MBT,M3,cDXGF,Base,CZ08,32.875,2262605717.238396
MBT,M3,cDXGF,Measure,CZ08,32.875,2184387590.307262
MBT,M3,cDXHP,Base,CZ08,32.875,2250903523.2124643
MBT,M3,cDXHP,Measure,CZ08,32.875,2172034144.7274504
MBT,M3,cPTAC,Base,CZ08,32.875,2262605717.239385
MBT,M3,cPTAC,Measure,CZ08,32.875,2184387590.305165
MBT,M3,cPVVG,Base,CZ08,32.875,2251631005.8103976
MBT,M3,cPVVG,Measure,CZ08,32.875,2173996072.5029006
MBT,M4,cDXGF,Base,CZ08,32.875,2312712757.732867
MBT,M4,cDXGF,Measure,CZ08,32.875,2314454744.136708
MBT,M4,cDXHP,Base,CZ08,32.875,2316141479.769331
MBT,M4,cDXHP,Measure,CZ08,32.875,2318153983.6009326
MBT,M4,cPTAC,Base,CZ08,32.875,2312712757.74948
MBT,M4,cPTAC,Measure,CZ08,32.875,2314454744.138861
MBT,M4,cPVVG,Base,CZ08,32.875,2256106864.4507847
MBT,M4,cPVVG,Measure,CZ08,32.875,2264823281.527585
MBT,M5,cDXGF,Base,CZ08,32.875,2299417028.250809
MBT,M5,cDXGF,Measure,CZ08,32.875,2215303118.8922935
MBT,M5,cDXHP,Base,CZ08,32.875,2278219001.1454134
MBT,M5,cDXHP,Measure,CZ08,32.875,2194796577.9851365
MBT,M5,cPTAC,Base,CZ08,32.875,2299417028.2491946
MBT,M5,cPTAC,Measure,CZ08,32.875,2215303118.9109983
MBT,M5,cPVVG,Base,CZ08,32.875,2288796569.4599023
MBT,M5,cPVVG,Measure,CZ08,32.875,2205285370.6723065
MLI,M1,cDXGF,Base,CZ08,32.875,1010323016.0728385
MLI,M1,cDXGF,Measure,CZ08,32.875,1008290111.7046484
MLI,M1,cDXHP,Base,CZ08,32.875,1019436999.7621304
MLI,M1,cDXHP,Measure,CZ08,32.875,1017315653.9673197
MLI,M1,cPTAC,Base,CZ08,32.875,1010323016.0728364
MLI,M1,cPTAC,Measure,CZ08,32.875,1008290111.7046516
MLI,M1,cPVVG,Base,CZ08,32.875,917407070.0001034
MLI,M1,cPVVG,Measure,CZ08,32.875,924770846.4145296
MLI,M2,cDXGF,Base,CZ08,32.875,952409475.4617859
MLI,M2,cDXGF,Measure,CZ08,32.875,941124824.805255
MLI,M2,cDXHP,Base,CZ08,32.875,955152635.6550101
MLI,M2,cDXHP,Measure,CZ08,32.875,943356407.3114169
MLI,M2,cPTAC,Base,CZ08,32.875,952409475.4617754
MLI,M2,cPTAC,Measure,CZ08,32.875,941124824.8052472
MLI,M2,cPVVG,Base,CZ08,32.875,841484861.1611187
MLI,M2,cPVVG,Measure,CZ08,32.875,836149729.2825942
MLI,M3,cDXGF,Base,CZ08,32.875,910856644.7940094
MLI,M3,cDXGF,Measure,CZ08,32.875,828412944.5314734
MLI,M3,cDXHP,Base,CZ08,32.875,888323948.7049826
MLI,M3,cDXHP,Measure,CZ08,32.875,805770517.3476586
MLI,M3,cPTAC,Base,CZ08,32.875,910856644.793998
MLI,M3,cPTAC,Measure,CZ08,32.875,828412944.5314637
MLI,M3,cPVVG,Base,CZ08,32.875,888797358.1481711
MLI,M3,cPVVG,Measure,CZ08,32.875,807715492.1067942
MLI,M4,cDXGF,Base,CZ08,32.875,1010302616.8664124
MLI,M4,cDXGF,Measure,CZ08,32.875,1008294156.3142718
MLI,M4,cDXHP,Base,CZ08,32.875,1019406914.9971677
MLI,M4,cDXHP,Measure,CZ08,32.875,1017316526.3893017
MLI,M4,cPTAC,Base,CZ08,32.875,1010302616.8664186
MLI,M4,cPTAC,Measure,CZ08,32.875,1008294156.3142745
MLI,M4,cPVVG,Base,CZ08,32.875,917388320.8798746
MLI,M4,cPVVG,Measure,CZ08,32.875,924763474.716901
MLI,M5,cDXGF,Base,CZ08,32.875,966220668.7989691
MLI,M5,cDXGF,Measure,CZ08,32.875,875009187.5185267
MLI,M5,cDXHP,Base,CZ08,32.875,927157564.4053147
MLI,M5,cDXHP,Measure,CZ08,32.875,838110545.0669265
MLI,M5,cPTAC,Base,CZ08,32.875,966220668.7990077
MLI,M5,cPTAC,Measure,CZ08,32.875,875009187.5185101
MLI,M5,cPVVG,Base,CZ08,32.875,941705422.2359064
MLI,M5,cPVVG,Measure,CZ08,32.875,852230353.776066
OfS,M1,cDXGF,Base,CZ08,32.875,135809716.3637766
OfS,M1,cDXGF,Measure,CZ08,32.875,135270136.17968747
OfS,M1,cDXHP,Base,CZ08,32.875,135890123.49041772
OfS,M1,cDXHP,Measure,CZ08,32.875,135348396.39209786
OfS,M1,cPTAC,Base,CZ08,32.875,135808422.8223408
OfS,M1,cPTAC,Measure,CZ08,32.875,135268653.956344
OfS,M1,cPVVG,Base,CZ08,32.875,124417451.23008981
OfS,M1,cPVVG,Measure,CZ08,32.875,124619583.3367923
OfS,M2,cDXGF,Base,CZ08,32.875,131423744.16779299
OfS,M2,cDXGF,Measure,CZ08,32.875,130303831.88861732
OfS,M2,cDXHP,Base,CZ08,32.875,131310803.72451618
OfS,M2,cDXHP,Measure,CZ08,32.875,130185910.06509624
OfS,M2,cPTAC,Base,CZ08,32.875,131423744.16779251
OfS,M2,cPTAC,Measure,CZ08,32.875,130303831.88861795
OfS,M2,cPVVG,Base,CZ08,32.875,118080976.32252431
OfS,M2,cPVVG,Measure,CZ08,32.875,117443782.68007593
OfS,M3,cDXGF,Base,CZ08,32.875,128153482.34442319
OfS,M3,cDXGF,Measure,CZ08,32.875,113991807.96438794
OfS,M3,cDXHP,Base,CZ08,32.875,126881992.54163961
OfS,M3,cDXHP,Measure,CZ08,32.875,112705439.69507118
OfS,M3,cPTAC,Base,CZ08,32.875,128153482.34442195
OfS,M3,cPTAC,Measure,CZ08,32.875,113991807.96438883
OfS,M3,cPVVG,Base,CZ08,32.875,126217111.38741045
OfS,M3,cPVVG,Measure,CZ08,32.875,112157721.33643648
OfS,M4,cDXGF,Base,CZ08,32.875,135808386.8928529
OfS,M4,cDXGF,Measure,CZ08,32.875,135268923.74915856
OfS,M4,cDXHP,Base,CZ08,32.875,135886084.26710358
OfS,M4,cDXHP,Measure,CZ08,32.875,135344246.34246436
OfS,M4,cPTAC,Base,CZ08,32.875,135808386.89285222
OfS,M4,cPTAC,Measure,CZ08,32.875,135268923.74915814
OfS,M4,cPVVG,Base,CZ08,32.875,124415837.94658986
OfS,M4,cPVVG,Measure,CZ08,32.875,124618126.18896587
OfS,M5,cDXGF,Base,CZ08,32.875,132110077.73919298
OfS,M5,cDXGF,Measure,CZ08,32.875,117319856.93590192
OfS,M5,cDXHP,Base,CZ08,32.875,130504347.30566555
OfS,M5,cDXHP,Measure,CZ08,32.875,115743156.3289428
OfS,M5,cPTAC,Base,CZ08,32.875,132110077.73919268
OfS,M5,cPTAC,Measure,CZ08,32.875,117319856.93590346
OfS,M5,cPVVG,Base,CZ08,32.875,130226591.29900564
OfS,M5,cPVVG,Measure,CZ08,32.875,115539039.94403839
RFF,M1,cDXGF,Base,CZ08,32.875,52793668.94862179
RFF,M1,cDXGF,Measure,CZ08,32.875,52804046.92715193
RFF,M1,cDXHP,Base,CZ08,32.875,52990591.57773368
RFF,M1,cDXHP,Measure,CZ08,32.875,53001320.78080749
RFF,M1,cPTAC,Base,CZ08,32.875,52793668.948621504
RFF,M1,cPTAC,Measure,CZ08,32.875,52804046.92715245
RFF,M1,cPVVG,Base,CZ08,32.875,50647349.60330804
RFF,M1,cPVVG,Measure,CZ08,32.875,50747197.082486
RFF,M2,cDXGF,Base,CZ08,32.875,51251603.84668816
RFF,M2,cDXGF,Measure,CZ08,32.875,51128432.68338492
RFF,M2,cDXHP,Base,CZ08,32.875,51292330.715336375
RFF,M2,cDXHP,Measure,CZ08,32.875,51166378.75463752
RFF,M2,cPTAC,Base,CZ08,32.875,51251603.84668709
RFF,M2,cPTAC,Measure,CZ08,32.875,51128432.68338421
RFF,M2,cPVVG,Base,CZ08,32.875,48477158.3960838
RFF,M2,cPVVG,Measure,CZ08,32.875,48413732.53461584
RFF,M3,cDXGF,Base,CZ08,32.875,51401317.07036453
RFF,M3,cDXGF,Measure,CZ08,32.875,47853243.507959224
RFF,M3,cDXHP,Base,CZ08,32.875,51154360.694695316
RFF,M3,cDXHP,Measure,CZ08,32.875,47575686.37831125
RFF,M3,cPTAC,Base,CZ08,32.875,51401317.070366114
RFF,M3,cPTAC,Measure,CZ08,32.875,47853243.507960714
RFF,M3,cPVVG,Base,CZ08,32.875,50967555.43566492
RFF,M3,cPVVG,Measure,CZ08,32.875,47442280.00652589
RFF,M4,cDXGF,Base,CZ08,32.875,52794134.89783705
RFF,M4,cDXGF,Measure,CZ08,32.875,52804537.87059745
RFF,M4,cDXHP,Base,CZ08,32.875,52991065.693644024
RFF,M4,cDXHP,Measure,CZ08,32.875,53001821.212737694
RFF,M4,cPTAC,Base,CZ08,32.875,52794134.89783672
RFF,M4,cPTAC,Measure,CZ08,32.875,52804537.870597936
RFF,M4,cPVVG,Base,CZ08,32.875,50648310.45914229
RFF,M4,cPVVG,Measure,CZ08,32.875,50748161.3602726
RFF,M5,cDXGF,Base,CZ08,32.875,52639648.22191143
RFF,M5,cDXGF,Measure,CZ08,32.875,48890510.25700749
RFF,M5,cDXHP,Base,CZ08,32.875,52243458.731432036
RFF,M5,cDXHP,Measure,CZ08,32.875,48482781.1067272
RFF,M5,cPTAC,Base,CZ08,32.875,52639648.221902624
RFF,M5,cPTAC,Measure,CZ08,32.875,48890510.257000096
RFF,M5,cPVVG,Base,CZ08,32.875,52222339.39038606
RFF,M5,cPVVG,Measure,CZ08,32.875,48496454.31487604
Rt3,M1,cDXGF,Base,CZ08,32.875,1916427540.9818468
Rt3,M1,cDXGF,Measure,CZ08,32.875,1927010120.5046873
Rt3,M1,cDXHP,Base,CZ08,32.875,1931915598.6415727
Rt3,M1,cDXHP,Measure,CZ08,32.875,1943324603.5170965
Rt3,M1,cPTAC,Base,CZ08,32.875,1916427540.9818022
Rt3,M1,cPTAC,Measure,CZ08,32.875,1927010120.5046046
Rt3,M1,cPVVG,Base,CZ08,32.875,1826944196.167161
Rt3,M1,cPVVG,Measure,CZ08,32.875,1857630051.3254898
Rt3,M2,cDXGF,Base,CZ08,32.875,1835845023.573476
Rt3,M2,cDXGF,Measure,CZ08,32.875,1814148698.2242808
Rt3,M2,cDXHP,Base,CZ08,32.875,1837126749.3118834
Rt3,M2,cDXHP,Measure,CZ08,32.875,1814748761.5434592
Rt3,M2,cPTAC,Base,CZ08,32.875,1835845023.5734732
Rt3,M2,cPTAC,Measure,CZ08,32.875,1814148698.2242713
Rt3,M2,cPVVG,Base,CZ08,32.875,1718664513.7751691
Rt3,M2,cPVVG,Measure,CZ08,32.875,1704421847.2882984
Rt3,M3,cDXGF,Base,CZ08,32.875,1827581290.3364573
Rt3,M3,cDXGF,Measure,CZ08,32.875,1685833970.1087897
Rt3,M3,cDXHP,Base,CZ08,32.875,1807821032.6046739
Rt3,M3,cDXHP,Measure,CZ08,32.875,1664817614.8577783
Rt3,M3,cPTAC,Base,CZ08,32.875,1827581290.3364317
Rt3,M3,cPTAC,Measure,CZ08,32.875,1685833970.108766
Rt3,M3,cPVVG,Base,CZ08,32.875,1810796443.2068946
Rt3,M3,cPVVG,Measure,CZ08,32.875,1669925543.5720816
Rt3,M4,cDXGF,Base,CZ08,32.875,1916427320.356194
Rt3,M4,cDXGF,Measure,CZ08,32.875,1927012075.0366223
Rt3,M4,cDXHP,Base,CZ08,32.875,1931915331.4412005
Rt3,M4,cDXHP,Measure,CZ08,32.875,1943326234.301612
Rt3,M4,cPTAC,Base,CZ08,32.875,1916427320.3561492
Rt3,M4,cPTAC,Measure,CZ08,32.875,1927012075.0365746
Rt3,M4,cPVVG,Base,CZ08,32.875,1826943717.9691045
Rt3,M4,cPVVG,Measure,CZ08,32.875,1857643765.0340278
Rt3,M5,cDXGF,Base,CZ08,32.875,1934329543.2971227
Rt3,M5,cDXGF,Measure,CZ08,32.875,1775634933.8220007
Rt3,M5,cDXHP,Base,CZ08,32.875,1891174476.3326967
Rt3,M5,cDXHP,Measure,CZ08,32.875,1734436624.5162015
Rt3,M5,cPTAC,Base,CZ08,32.875,1934329543.2969043
Rt3,M5,cPTAC,Measure,CZ08,32.875,1775634933.8218787
Rt3,M5,cPVVG,Base,CZ08,32.875,1919725649.083244
Rt3,M5,cPVVG,Measure,CZ08,32.875,1761862515.244706
RtL,M1,cDXGF,Base,CZ08,32.875,1920626104.11366
RtL,M1,cDXGF,Measure,CZ08,32.875,1929168320.4403465
RtL,M1,cDXHP,Base,CZ08,32.875,1925882789.0182178
RtL,M1,cDXHP,Measure,CZ08,32.875,1934644950.0942268
RtL,M1,cPTAC,Base,CZ08,32.875,1920634821.716522
RtL,M1,cPTAC,Measure,CZ08,32.875,1929177342.7258806
RtL,M1,cPVVG,Base,CZ08,32.875,1827749800.2949598
RtL,M1,cPVVG,Measure,CZ08,32.875,1856183389.2146492
RtL,M2,cDXGF,Base,CZ08,32.875,1830028219.8137326
RtL,M2,cDXGF,Measure,CZ08,32.875,1806960923.1794298
RtL,M2,cDXHP,Base,CZ08,32.875,1828179470.2968292
RtL,M2,cDXHP,Measure,CZ08,32.875,1804837391.3350427
RtL,M2,cPTAC,Base,CZ08,32.875,1830028219.813755
RtL,M2,cPTAC,Measure,CZ08,32.875,1806960923.179394
RtL,M2,cPVVG,Base,CZ08,32.875,1707996414.9918563
RtL,M2,cPVVG,Measure,CZ08,32.875,1695327174.6823277
RtL,M3,cDXGF,Base,CZ08,32.875,1834972008.228849
RtL,M3,cDXGF,Measure,CZ08,32.875,1692030106.3850875
RtL,M3,cDXHP,Base,CZ08,32.875,1824843312.4884875
RtL,M3,cDXHP,Measure,CZ08,32.875,1681098574.8413234
RtL,M3,cPTAC,Base,CZ08,32.875,1834972008.228788
RtL,M3,cPTAC,Measure,CZ08,32.875,1692030106.3850365
RtL,M3,cPVVG,Base,CZ08,32.875,1818026143.5067253
RtL,M3,cPVVG,Measure,CZ08,32.875,1675979558.382144
RtL,M4,cDXGF,Base,CZ08,32.875,1920647097.1643858
RtL,M4,cDXGF,Measure,CZ08,32.875,1929196400.4131544
RtL,M4,cDXHP,Base,CZ08,32.875,1925902099.565396
RtL,M4,cDXHP,Measure,CZ08,32.875,1934672111.5239995
RtL,M4,cPTAC,Base,CZ08,32.875,1920647097.1644042
RtL,M4,cPTAC,Measure,CZ08,32.875,1929196881.0815039
RtL,M4,cPVVG,Base,CZ08,32.875,1827782443.69128
RtL,M4,cPVVG,Measure,CZ08,32.875,1856226735.100726
RtL,M5,cDXGF,Base,CZ08,32.875,1928954766.2923992
RtL,M5,cDXGF,Measure,CZ08,32.875,1770366046.6449761
RtL,M5,cDXHP,Base,CZ08,32.875,1911215357.3603697
RtL,M5,cDXHP,Measure,CZ08,32.875,1752733357.2987685
RtL,M5,cPTAC,Base,CZ08,32.875,1928956122.3728442
RtL,M5,cPTAC,Measure,CZ08,32.875,1770367180.6048203
RtL,M5,cPVVG,Base,CZ08,32.875,1913131884.898073
RtL,M5,cPVVG,Measure,CZ08,32.875,1755453550.6712232
RtS,M1,cDXGF,Base,CZ08,32.875,127204604.62378944
RtS,M1,cDXGF,Measure,CZ08,32.875,127384840.3425139
RtS,M1,cDXHP,Base,CZ08,32.875,127929932.60837446
RtS,M1,cDXHP,Measure,CZ08,32.875,128116355.39913301
RtS,M1,cPTAC,Base,CZ08,32.875,127204634.47216251
RtS,M1,cPTAC,Measure,CZ08,32.875,127384840.34214084
RtS,M1,cPVVG,Base,CZ08,32.875,120678264.90036716
RtS,M1,cPVVG,Measure,CZ08,32.875,121975772.61119126
RtS,M2,cDXGF,Base,CZ08,32.875,121541613.49810877
RtS,M2,cDXGF,Measure,CZ08,32.875,120191251.57230379
RtS,M2,cDXHP,Base,CZ08,32.875,121708550.89047922
RtS,M2,cDXHP,Measure,CZ08,32.875,120325514.91542964
RtS,M2,cPTAC,Base,CZ08,32.875,121541613.49810892
RtS,M2,cPTAC,Measure,CZ08,32.875,120191251.57228835
RtS,M2,cPVVG,Base,CZ08,32.875,112992355.38124633
RtS,M2,cPVVG,Measure,CZ08,32.875,112168960.03402872
RtS,M3,cDXGF,Base,CZ08,32.875,122030755.77071641
RtS,M3,cDXGF,Measure,CZ08,32.875,110816299.55451015
RtS,M3,cDXHP,Base,CZ08,32.875,121356723.57375805
RtS,M3,cDXHP,Measure,CZ08,32.875,110073084.74094555
RtS,M3,cPTAC,Base,CZ08,32.875,122030724.9006639
RtS,M3,cPTAC,Measure,CZ08,32.875,110816271.97634853
RtS,M3,cPVVG,Base,CZ08,32.875,120769267.99812774
RtS,M3,cPVVG,Measure,CZ08,32.875,109620233.46276096
RtS,M4,cDXGF,Base,CZ08,32.875,127204625.70279507
RtS,M4,cDXGF,Measure,CZ08,32.875,127384880.4503407
RtS,M4,cDXHP,Base,CZ08,32.875,127929953.26230313
RtS,M4,cDXHP,Measure,CZ08,32.875,128116396.29911639
RtS,M4,cPTAC,Base,CZ08,32.875,127204655.5177445
RtS,M4,cPTAC,Measure,CZ08,32.875,127384880.4499672
RtS,M4,cPVVG,Base,CZ08,32.875,120678278.57108665
RtS,M4,cPVVG,Measure,CZ08,32.875,121975879.29392658
RtS,M5,cDXGF,Base,CZ08,32.875,128916684.55192734
RtS,M5,cDXGF,Measure,CZ08,32.875,116570474.4924888
RtS,M5,cDXHP,Base,CZ08,32.875,128011877.97283904
RtS,M5,cDXHP,Measure,CZ08,32.875,115608919.9756128
RtS,M5,cPTAC,Base,CZ08,32.875,128916649.0859932
RtS,M5,cPTAC,Measure,CZ08,32.875,116570442.67481273
RtS,M5,cPVVG,Base,CZ08,32.875,127796493.28773008
RtS,M5,cPVVG,Measure,CZ08,32.875,115512191.26313241
SCn,M1,cDXGF,Base,CZ08,32.875,2211880708.887161
SCn,M1,cDXGF,Measure,CZ08,32.875,2237507258.9093394
SCn,M1,cDXHP,Base,CZ08,32.875,2211880708.886354
SCn,M1,cDXHP,Measure,CZ08,32.875,2237507258.9093285
SCn,M1,cPTAC,Base,CZ08,32.875,2211880787.9188623
SCn,M1,cPTAC,Measure,CZ08,32.875,2237507258.907208
SCn,M1,cPVVG,Base,CZ08,32.875,2179400330.678654
SCn,M1,cPVVG,Measure,CZ08,32.875,2220178620.9251995
SCn,M2,cDXGF,Base,CZ08,32.875,2105665392.643474
SCn,M2,cDXGF,Measure,CZ08,32.875,2087820527.8675013
SCn,M2,cDXHP,Base,CZ08,32.875,2105665805.2158937
SCn,M2,cDXHP,Measure,CZ08,32.875,2087820527.872384
SCn,M2,cPTAC,Base,CZ08,32.875,2105665392.6436007
SCn,M2,cPTAC,Measure,CZ08,32.875,2087820874.9208982
SCn,M2,cPVVG,Base,CZ08,32.875,2056879650.7149646
SCn,M2,cPVVG,Measure,CZ08,32.875,2046552566.0249524
SCn,M3,cDXGF,Base,CZ08,32.875,2217794834.799936
SCn,M3,cDXGF,Measure,CZ08,32.875,1997879387.990616
SCn,M3,cDXHP,Base,CZ08,32.875,2217794834.7999096
SCn,M3,cDXHP,Measure,CZ08,32.875,1997879971.9795682
SCn,M3,cPTAC,Base,CZ08,32.875,2217795537.2890377
SCn,M3,cPTAC,Measure,CZ08,32.875,1997879971.9796379
SCn,M3,cPVVG,Base,CZ08,32.875,2207796315.2189837
SCn,M3,cPVVG,Measure,CZ08,32.875,1988357286.4392908
SCn,M4,cDXGF,Base,CZ08,32.875,2211879771.565759
SCn,M4,cDXGF,Measure,CZ08,32.875,2237504365.6707735
SCn,M4,cDXHP,Base,CZ08,32.875,2211879771.5648584
SCn,M4,cDXHP,Measure,CZ08,32.875,2237504365.670772
SCn,M4,cPTAC,Base,CZ08,32.875,2211879865.6972632
SCn,M4,cPTAC,Measure,CZ08,32.875,2237504365.6686645
SCn,M4,cPVVG,Base,CZ08,32.875,2179400303.020773
SCn,M4,cPVVG,Measure,CZ08,32.875,2220182986.060109
SCn,M5,cDXGF,Base,CZ08,32.875,2476453164.770081
SCn,M5,cDXGF,Measure,CZ08,32.875,2210847302.2660966
SCn,M5,cDXHP,Base,CZ08,32.875,2476453164.770086
SCn,M5,cDXHP,Measure,CZ08,32.875,2210847302.2661133
SCn,M5,cPTAC,Base,CZ08,32.875,2476453465.045622
SCn,M5,cPTAC,Measure,CZ08,32.875,2210847552.1554084
SCn,M5,cPVVG,Base,CZ08,32.875,2472694444.8851447
SCn,M5,cPVVG,Measure,CZ08,32.875,2207293621.8144746
Asm,M1,cDXGF,Base,CZ09,34.36222222222222,746302823.0917602
Asm,M1,cDXGF,Measure,CZ09,34.36222222222222,755911555.1695049
Asm,M1,cDXHP,Base,CZ09,34.36222222222222,748337757.236915
Asm,M1,cDXHP,Measure,CZ09,34.36222222222222,757934962.0621148
Asm,M1,cPTAC,Base,CZ09,34.36222222222222,746226040.9450607
Asm,M1,cPTAC,Measure,CZ09,34.36222222222222,755898751.0428663
Asm,M1,cPVVG,Base,CZ09,34.36222222222222,707108629.0517163
Asm,M1,cPVVG,Measure,CZ09,34.36222222222222,722826858.3926194
Asm,M2,cDXGF,Base,CZ09,34.36222222222222,643005271.2789527
Asm,M2,cDXGF,Measure,CZ09,34.36222222222222,639049045.2957864
Asm,M2,cDXHP,Base,CZ09,34.36222222222222,643388242.7383975
Asm,M2,cDXHP,Measure,CZ09,34.36222222222222,639412808.3821445
Asm,M2,cPTAC,Base,CZ09,34.36222222222222,643005271.2789496
Asm,M2,cPTAC,Measure,CZ09,34.36222222222222,639049045.295787
Asm,M2,cPVVG,Base,CZ09,34.36222222222222,583946738.2995955
Asm,M2,cPVVG,Measure,CZ09,34.36222222222222,580117773.8388455
Asm,M3,cDXGF,Base,CZ09,34.36222222222222,645028238.6002426
Asm,M3,cDXGF,Measure,CZ09,34.36222222222222,571904245.0718132
Asm,M3,cDXHP,Base,CZ09,34.36222222222222,643838377.4306202
Asm,M3,cDXHP,Measure,CZ09,34.36222222222222,570657751.7873452
Asm,M3,cPTAC,Base,CZ09,34.36222222222222,645028238.6002461
Asm,M3,cPTAC,Measure,CZ09,34.36222222222222,571904245.0718045
Asm,M3,cPVVG,Base,CZ09,34.36222222222222,636927869.0491043
Asm,M3,cPVVG,Measure,CZ09,34.36222222222222,564252529.9929475
Asm,M4,cDXGF,Base,CZ09,34.36222222222222,746303412.4094437
Asm,M4,cDXGF,Measure,CZ09,34.36222222222222,755913112.5091048
Asm,M4,cDXHP,Base,CZ09,34.36222222222222,748338359.1903611
Asm,M4,cDXHP,Measure,CZ09,34.36222222222222,757936487.5189967
Asm,M4,cPTAC,Base,CZ09,34.36222222222222,746226623.3912534
Asm,M4,cPTAC,Measure,CZ09,34.36222222222222,755900433.5125121
Asm,M4,cPVVG,Base,CZ09,34.36222222222222,707108436.8270837
Asm,M4,cPVVG,Measure,CZ09,34.36222222222222,722827179.4708192
Asm,M5,cDXGF,Base,CZ09,34.36222222222222,736489406.0646572
Asm,M5,cDXGF,Measure,CZ09,34.36222222222222,647677265.0905018
Asm,M5,cDXHP,Base,CZ09,34.36222222222222,735027562.4888952
Asm,M5,cDXHP,Measure,CZ09,34.36222222222222,646162762.4180025
Asm,M5,cPTAC,Base,CZ09,34.36222222222222,736489406.0646454
Asm,M5,cPTAC,Measure,CZ09,34.36222222222222,647677265.0904844
Asm,M5,cPVVG,Base,CZ09,34.36222222222222,729419230.978979
Asm,M5,cPVVG,Measure,CZ09,34.36222222222222,641079103.532781
ECC,M1,cDXGF,Base,CZ09,34.36222222222222,2162427870.699148
ECC,M1,cDXGF,Measure,CZ09,34.36222222222222,2176810268.0674596
ECC,M1,cDXHP,Base,CZ09,34.36222222222222,2167866927.803531
ECC,M1,cDXHP,Measure,CZ09,34.36222222222222,2182363371.2809277
ECC,M1,cPTAC,Base,CZ09,34.36222222222222,2162422476.1608787
ECC,M1,cPTAC,Measure,CZ09,34.36222222222222,2176810268.568781
ECC,M1,cPVVG,Base,CZ09,34.36222222222222,1974887223.0428197
ECC,M1,cPVVG,Measure,CZ09,34.36222222222222,2017012354.1213238
ECC,M2,cDXGF,Base,CZ09,34.36222222222222,1955154690.3047829
ECC,M2,cDXGF,Measure,CZ09,34.36222222222222,1923143071.818131
ECC,M2,cDXHP,Base,CZ09,34.36222222222222,1953750651.666954
ECC,M2,cDXHP,Measure,CZ09,34.36222222222222,1921592432.1366441
ECC,M2,cPTAC,Base,CZ09,34.36222222222222,1955154690.3047788
ECC,M2,cPTAC,Measure,CZ09,34.36222222222222,1923143071.7815428
ECC,M2,cPVVG,Base,CZ09,34.36222222222222,1713548217.9624188
ECC,M2,cPVVG,Measure,CZ09,34.36222222222222,1693463005.427936
ECC,M3,cDXGF,Base,CZ09,34.36222222222222,1819861942.099112
ECC,M3,cDXGF,Measure,CZ09,34.36222222222222,1661423628.3474677
ECC,M3,cDXHP,Base,CZ09,34.36222222222222,1812787498.1263876
ECC,M3,cDXHP,Measure,CZ09,34.36222222222222,1653966017.1192758
ECC,M3,cPTAC,Base,CZ09,34.36222222222222,1819861954.731079
ECC,M3,cPTAC,Measure,CZ09,34.36222222222222,1661423628.3158276
ECC,M3,cPVVG,Base,CZ09,34.36222222222222,1794935877.513318
ECC,M3,cPVVG,Measure,CZ09,34.36222222222222,1637918446.132447
ECC,M4,cDXGF,Base,CZ09,34.36222222222222,2162432337.9619956
ECC,M4,cDXGF,Measure,CZ09,34.36222222222222,2176821822.3857355
ECC,M4,cDXHP,Base,CZ09,34.36222222222222,2167865786.791666
ECC,M4,cDXHP,Measure,CZ09,34.36222222222222,2182375015.2443504
ECC,M4,cPTAC,Base,CZ09,34.36222222222222,2162431962.3416195
ECC,M4,cPTAC,Measure,CZ09,34.36222222222222,2176821822.3759313
ECC,M4,cPVVG,Base,CZ09,34.36222222222222,1974893602.2627406
ECC,M4,cPVVG,Measure,CZ09,34.36222222222222,2017030326.3549552
ECC,M5,cDXGF,Base,CZ09,34.36222222222222,1955316246.0066338
ECC,M5,cDXGF,Measure,CZ09,34.36222222222222,1774197441.0688014
ECC,M5,cDXHP,Base,CZ09,34.36222222222222,1930771928.6066985
ECC,M5,cDXHP,Measure,CZ09,34.36222222222222,1751907891.6083987
ECC,M5,cPTAC,Base,CZ09,34.36222222222222,1955316271.3288643
ECC,M5,cPTAC,Measure,CZ09,34.36222222222222,1774197439.3983452
ECC,M5,cPVVG,Base,CZ09,34.36222222222222,1929674595.8636892
ECC,M5,cPVVG,Measure,CZ09,34.36222222222222,1750219697.3884542
Epr,M1,cDXGF,Base,CZ09,34.36222222222222,344201736.2508028
Epr,M1,cDXGF,Measure,CZ09,34.36222222222222,348837584.5008431
Epr,M1,cDXHP,Base,CZ09,34.36222222222222,346006670.678079
Epr,M1,cDXHP,Measure,CZ09,34.36222222222222,350764811.68846446
Epr,M1,cPTAC,Base,CZ09,34.36222222222222,344194577.7944462
Epr,M1,cPTAC,Measure,CZ09,34.36222222222222,348837584.4918123
Epr,M1,cPVVG,Base,CZ09,34.36222222222222,315845552.53097457
Epr,M1,cPVVG,Measure,CZ09,34.36222222222222,325823163.3284486
Epr,M2,cDXGF,Base,CZ09,34.36222222222222,300629232.3933906
Epr,M2,cDXGF,Measure,CZ09,34.36222222222222,295264878.4926055
Epr,M2,cDXHP,Base,CZ09,34.36222222222222,300105253.44332004
Epr,M2,cDXHP,Measure,CZ09,34.36222222222222,294704317.1570997
Epr,M2,cPTAC,Base,CZ09,34.36222222222222,300629232.3933888
Epr,M2,cPTAC,Measure,CZ09,34.36222222222222,295264857.25400466
Epr,M2,cPVVG,Base,CZ09,34.36222222222222,261816433.93716943
Epr,M2,cPVVG,Measure,CZ09,34.36222222222222,258400322.32612863
Epr,M3,cDXGF,Base,CZ09,34.36222222222222,281362220.9048529
Epr,M3,cDXGF,Measure,CZ09,34.36222222222222,254106248.61100155
Epr,M3,cDXHP,Base,CZ09,34.36222222222222,279837460.49258494
Epr,M3,cDXHP,Measure,CZ09,34.36222222222222,252407111.32054418
Epr,M3,cPTAC,Base,CZ09,34.36222222222222,281362220.8952232
Epr,M3,cPTAC,Measure,CZ09,34.36222222222222,254106302.1201664
Epr,M3,cPVVG,Base,CZ09,34.36222222222222,277257441.89000934
Epr,M3,cPVVG,Measure,CZ09,34.36222222222222,250235497.27752477
Epr,M4,cDXGF,Base,CZ09,34.36222222222222,344202906.4275605
Epr,M4,cDXGF,Measure,CZ09,34.36222222222222,348840830.42258507
Epr,M4,cDXHP,Base,CZ09,34.36222222222222,346007916.4100539
Epr,M4,cDXHP,Measure,CZ09,34.36222222222222,350768425.3340638
Epr,M4,cPTAC,Base,CZ09,34.36222222222222,344195750.1158829
Epr,M4,cPTAC,Measure,CZ09,34.36222222222222,348840830.4154082
Epr,M4,cPVVG,Base,CZ09,34.36222222222222,315846764.5337854
Epr,M4,cPVVG,Measure,CZ09,34.36222222222222,325828524.781408
Epr,M5,cDXGF,Base,CZ09,34.36222222222222,315872462.58199435
Epr,M5,cDXGF,Measure,CZ09,34.36222222222222,282794444.69793093
Epr,M5,cDXHP,Base,CZ09,34.36222222222222,306907139.4185051
Epr,M5,cDXHP,Measure,CZ09,34.36222222222222,274817695.7466153
Epr,M5,cPTAC,Base,CZ09,34.36222222222222,315872462.5820274
Epr,M5,cPTAC,Measure,CZ09,34.36222222222222,282793616.6166718
Epr,M5,cPVVG,Base,CZ09,34.36222222222222,311730667.7379716
Epr,M5,cPVVG,Measure,CZ09,34.36222222222222,278930180.362317
ERC,M1,cDXGF,Base,CZ09,34.36222222222222,14723428.060693868
ERC,M1,cDXGF,Measure,CZ09,34.36222222222222,14780564.339390943
ERC,M1,cDXHP,Base,CZ09,34.36222222222222,14790008.456114892
ERC,M1,cDXHP,Measure,CZ09,34.36222222222222,14847838.653142808
ERC,M1,cPTAC,Base,CZ09,34.36222222222222,14723428.04116308
ERC,M1,cPTAC,Measure,CZ09,34.36222222222222,14780564.310881507
ERC,M1,cPVVG,Base,CZ09,34.36222222222222,13419461.292331146
ERC,M1,cPVVG,Measure,CZ09,34.36222222222222,13625349.605262995
ERC,M2,cDXGF,Base,CZ09,34.36222222222222,12942297.335867725
ERC,M2,cDXGF,Measure,CZ09,34.36222222222222,12720614.19951742
ERC,M2,cDXHP,Base,CZ09,34.36222222222222,12918001.623810874
ERC,M2,cDXHP,Measure,CZ09,34.36222222222222,12693751.82911597
ERC,M2,cPTAC,Base,CZ09,34.36222222222222,12942297.335868014
ERC,M2,cPTAC,Measure,CZ09,34.36222222222222,12720614.199439883
ERC,M2,cPVVG,Base,CZ09,34.36222222222222,11031296.866648875
ERC,M2,cPVVG,Measure,CZ09,34.36222222222222,10904213.800912576
ERC,M3,cDXGF,Base,CZ09,34.36222222222222,12176707.566910362
ERC,M3,cDXGF,Measure,CZ09,34.36222222222222,10728232.73985868
ERC,M3,cDXHP,Base,CZ09,34.36222222222222,12118075.858260266
ERC,M3,cDXHP,Measure,CZ09,34.36222222222222,10662031.455313869
ERC,M3,cPTAC,Base,CZ09,34.36222222222222,12176707.564559558
ERC,M3,cPTAC,Measure,CZ09,34.36222222222222,10728232.737744408
ERC,M3,cPVVG,Base,CZ09,34.36222222222222,11962713.04711461
ERC,M3,cPVVG,Measure,CZ09,34.36222222222222,10526210.343098903
ERC,M4,cDXGF,Base,CZ09,34.36222222222222,14723456.674289756
ERC,M4,cDXGF,Measure,CZ09,34.36222222222222,14780601.412736751
ERC,M4,cDXHP,Base,CZ09,34.36222222222222,14790037.924991123
ERC,M4,cDXHP,Measure,CZ09,34.36222222222222,14847876.631047852
ERC,M4,cPTAC,Base,CZ09,34.36222222222222,14723456.654755682
ERC,M4,cPTAC,Measure,CZ09,34.36222222222222,14780601.384280788
ERC,M4,cPVVG,Base,CZ09,34.36222222222222,13419508.04415264
ERC,M4,cPVVG,Measure,CZ09,34.36222222222222,13625411.661536757
ERC,M5,cDXGF,Base,CZ09,34.36222222222222,13689121.100716611
ERC,M5,cDXGF,Measure,CZ09,34.36222222222222,11988268.7900076
ERC,M5,cDXHP,Base,CZ09,34.36222222222222,13442187.105009016
ERC,M5,cDXHP,Measure,CZ09,34.36222222222222,11761865.218541777
ERC,M5,cPTAC,Base,CZ09,34.36222222222222,13689121.087624826
ERC,M5,cPTAC,Measure,CZ09,34.36222222222222,11988268.77822047
ERC,M5,cPVVG,Base,CZ09,34.36222222222222,13482617.544189874
ERC,M5,cPVVG,Measure,CZ09,34.36222222222222,11794696.179660736
Ese,M1,cDXGF,Base,CZ09,34.36222222222222,918451838.5654732
Ese,M1,cDXGF,Measure,CZ09,34.36222222222222,922448507.4198915
Ese,M1,cDXHP,Base,CZ09,34.36222222222222,919795218.0628449
Ese,M1,cDXHP,Measure,CZ09,34.36222222222222,923837205.8534347
Ese,M1,cPTAC,Base,CZ09,34.36222222222222,918451838.5654768
Ese,M1,cPTAC,Measure,CZ09,34.36222222222222,922448507.4198962
Ese,M1,cPVVG,Base,CZ09,34.36222222222222,891519672.404032
Ese,M1,cPVVG,Measure,CZ09,34.36222222222222,899067982.9115759
Ese,M2,cDXGF,Base,CZ09,34.36222222222222,812954116.2807249
Ese,M2,cDXGF,Measure,CZ09,34.36222222222222,800557992.2816331
Ese,M2,cDXHP,Base,CZ09,34.36222222222222,812712937.2109203
Ese,M2,cDXHP,Measure,CZ09,34.36222222222222,800287557.269808
Ese,M2,cPTAC,Base,CZ09,34.36222222222222,812954116.2807242
Ese,M2,cPTAC,Measure,CZ09,34.36222222222222,800557992.2816554
Ese,M2,cPVVG,Base,CZ09,34.36222222222222,777397114.4821248
Ese,M2,cPVVG,Measure,CZ09,34.36222222222222,766080045.6442984
Ese,M3,cDXGF,Base,CZ09,34.36222222222222,786514120.430715
Ese,M3,cDXGF,Measure,CZ09,34.36222222222222,756124457.1839435
Ese,M3,cDXHP,Base,CZ09,34.36222222222222,784913178.6812745
Ese,M3,cDXHP,Measure,CZ09,34.36222222222222,754423277.3347061
Ese,M3,cPTAC,Base,CZ09,34.36222222222222,786514120.431029
Ese,M3,cPTAC,Measure,CZ09,34.36222222222222,756124457.183415
Ese,M3,cPVVG,Base,CZ09,34.36222222222222,782268757.5952393
Ese,M3,cPVVG,Measure,CZ09,34.36222222222222,752115138.4291161
Ese,M4,cDXGF,Base,CZ09,34.36222222222222,918452263.2487856
Ese,M4,cDXGF,Measure,CZ09,34.36222222222222,922449352.9511303
Ese,M4,cDXHP,Base,CZ09,34.36222222222222,919795671.4443812
Ese,M4,cDXHP,Measure,CZ09,34.36222222222222,923837939.5032132
Ese,M4,cPTAC,Base,CZ09,34.36222222222222,918452263.2487869
Ese,M4,cPTAC,Measure,CZ09,34.36222222222222,922449352.9511274
Ese,M4,cPVVG,Base,CZ09,34.36222222222222,891520181.8400719
Ese,M4,cPVVG,Measure,CZ09,34.36222222222222,899070736.601478
Ese,M5,cDXGF,Base,CZ09,34.36222222222222,876273481.4138107
Ese,M5,cDXGF,Measure,CZ09,34.36222222222222,841851972.5665317
Ese,M5,cDXHP,Base,CZ09,34.36222222222222,871082059.7503124
Ese,M5,cDXHP,Measure,CZ09,34.36222222222222,837096195.3737599
Ese,M5,cPTAC,Base,CZ09,34.36222222222222,876280030.9379619
Ese,M5,cPTAC,Measure,CZ09,34.36222222222222,841851972.5662354
Ese,M5,cPVVG,Base,CZ09,34.36222222222222,872196566.7461492
Ese,M5,cPVVG,Measure,CZ09,34.36222222222222,838026707.5843021
Eun,M1,cDXGF,Base,CZ09,34.36222222222222,6365006200.034596
Eun,M1,cDXGF,Measure,CZ09,34.36222222222222,6388467963.098273
Eun,M1,cDXHP,Base,CZ09,34.36222222222222,6383522513.840533
Eun,M1,cDXHP,Measure,CZ09,34.36222222222222,6407263823.314443
Eun,M1,cPTAC,Base,CZ09,34.36222222222222,6364994986.85088
Eun,M1,cPTAC,Measure,CZ09,34.36222222222222,6388440314.690602
Eun,M1,cPVVG,Base,CZ09,34.36222222222222,5974594966.021652
Eun,M1,cPVVG,Measure,CZ09,34.36222222222222,6042742608.704257
Eun,M2,cDXGF,Base,CZ09,34.36222222222222,5886901291.032404
Eun,M2,cDXGF,Measure,CZ09,34.36222222222222,5839748277.886731
Eun,M2,cDXHP,Base,CZ09,34.36222222222222,5886001499.802964
Eun,M2,cDXHP,Measure,CZ09,34.36222222222222,5838435514.587604
Eun,M2,cPTAC,Base,CZ09,34.36222222222222,5886849288.433196
Eun,M2,cPTAC,Measure,CZ09,34.36222222222222,5839748277.886646
Eun,M2,cPVVG,Base,CZ09,34.36222222222222,5368626392.735656
Eun,M2,cPVVG,Measure,CZ09,34.36222222222222,5338477583.8773775
Eun,M3,cDXGF,Base,CZ09,34.36222222222222,5665708773.72716
Eun,M3,cDXGF,Measure,CZ09,34.36222222222222,5249359664.423754
Eun,M3,cDXHP,Base,CZ09,34.36222222222222,5640594419.625157
Eun,M3,cDXHP,Measure,CZ09,34.36222222222222,5223035431.724234
Eun,M3,cPTAC,Base,CZ09,34.36222222222222,5665708773.727062
Eun,M3,cPTAC,Measure,CZ09,34.36222222222222,5249324253.030568
Eun,M3,cPVVG,Base,CZ09,34.36222222222222,5606235921.832229
Eun,M3,cPVVG,Measure,CZ09,34.36222222222222,5193165146.25555
Eun,M4,cDXGF,Base,CZ09,34.36222222222222,6365013285.626565
Eun,M4,cDXGF,Measure,CZ09,34.36222222222222,6388475042.805694
Eun,M4,cDXHP,Base,CZ09,34.36222222222222,6383528267.32083
Eun,M4,cDXHP,Measure,CZ09,34.36222222222222,6407269945.8571615
Eun,M4,cPTAC,Base,CZ09,34.36222222222222,6365003055.797667
Eun,M4,cPTAC,Measure,CZ09,34.36222222222222,6388448424.339551
Eun,M4,cPVVG,Base,CZ09,34.36222222222222,5974602053.98212
Eun,M4,cPVVG,Measure,CZ09,34.36222222222222,6042779799.655979
Eun,M5,cDXGF,Base,CZ09,34.36222222222222,5986844755.684973
Eun,M5,cDXGF,Measure,CZ09,34.36222222222222,5522818350.94768
Eun,M5,cDXHP,Base,CZ09,34.36222222222222,5920327112.829017
Eun,M5,cDXHP,Measure,CZ09,34.36222222222222,5461183439.4573145
Eun,M5,cPTAC,Base,CZ09,34.36222222222222,5986897206.552432
Eun,M5,cPTAC,Measure,CZ09,34.36222222222222,5522818350.947573
Eun,M5,cPVVG,Base,CZ09,34.36222222222222,5927687616.612477
Eun,M5,cPVVG,Measure,CZ09,34.36222222222222,5467366472.192953
Gro,M1,cDXGF,Base,CZ09,34.36222222222222,1461979856.2767255
Gro,M1,cDXGF,Measure,CZ09,34.36222222222222,1462689824.3966713
Gro,M1,cDXHP,Base,CZ09,34.36222222222222,1465573805.482485
Gro,M1,cDXHP,Measure,CZ09,34.36222222222222,1466042358.0972939
Gro,M1,cPTAC,Base,CZ09,34.36222222222222,1461632211.0841146
Gro,M1,cPTAC,Measure,CZ09,34.36222222222222,1462420058.6843557
Gro,M1,cPVVG,Base,CZ09,34.36222222222222,1429371591.8466005
Gro,M1,cPVVG,Measure,CZ09,34.36222222222222,1434927178.6858633
Gro,M2,cDXGF,Base,CZ09,34.36222222222222,1411949228.1207879
Gro,M2,cDXGF,Measure,CZ09,34.36222222222222,1402656351.5652938
Gro,M2,cDXHP,Base,CZ09,34.36222222222222,1413026829.2684348
Gro,M2,cDXHP,Measure,CZ09,34.36222222222222,1403621294.4862733
Gro,M2,cPTAC,Base,CZ09,34.36222222222222,1411803700.224366
Gro,M2,cPTAC,Measure,CZ09,34.36222222222222,1402484572.5426545
Gro,M2,cPVVG,Base,CZ09,34.36222222222222,1364738307.2189264
Gro,M2,cPVVG,Measure,CZ09,34.36222222222222,1359972576.8806913
Gro,M3,cDXGF,Base,CZ09,34.36222222222222,1378011421.2548766
Gro,M3,cDXGF,Measure,CZ09,34.36222222222222,1340966379.324658
Gro,M3,cDXHP,Base,CZ09,34.36222222222222,1374301771.8266716
Gro,M3,cDXHP,Measure,CZ09,34.36222222222222,1337308622.9644296
Gro,M3,cPTAC,Base,CZ09,34.36222222222222,1377577683.518889
Gro,M3,cPTAC,Measure,CZ09,34.36222222222222,1340629170.9549184
Gro,M3,cPVVG,Base,CZ09,34.36222222222222,1372583829.0136323
Gro,M3,cPVVG,Measure,CZ09,34.36222222222222,1335847919.366577
Gro,M4,cDXGF,Base,CZ09,34.36222222222222,1462070223.1019607
Gro,M4,cDXGF,Measure,CZ09,34.36222222222222,1462773748.1951864
Gro,M4,cDXHP,Base,CZ09,34.36222222222222,1465664047.1698751
Gro,M4,cDXHP,Measure,CZ09,34.36222222222222,1466123818.203391
Gro,M4,cPTAC,Base,CZ09,34.36222222222222,1461722977.810295
Gro,M4,cPTAC,Measure,CZ09,34.36222222222222,1462502363.3215683
Gro,M4,cPVVG,Base,CZ09,34.36222222222222,1429469134.5869696
Gro,M4,cPVVG,Measure,CZ09,34.36222222222222,1435022716.130153
Gro,M5,cDXGF,Base,CZ09,34.36222222222222,1444339297.802813
Gro,M5,cDXGF,Measure,CZ09,34.36222222222222,1395893402.447245
Gro,M5,cDXHP,Base,CZ09,34.36222222222222,1433601670.748961
Gro,M5,cDXHP,Measure,CZ09,34.36222222222222,1386277119.825747
Gro,M5,cPTAC,Base,CZ09,34.36222222222222,1443726383.6717653
Gro,M5,cPTAC,Measure,CZ09,34.36222222222222,1395406973.644363
Gro,M5,cPVVG,Base,CZ09,34.36222222222222,1439627694.5044458
Gro,M5,cPVVG,Measure,CZ09,34.36222222222222,1391477766.277617
MBT,M1,cDXGF,Base,CZ09,34.36222222222222,2374702760.874128
MBT,M1,cDXGF,Measure,CZ09,34.36222222222222,2376241602.7634993
MBT,M1,cDXHP,Base,CZ09,34.36222222222222,2380837638.6633577
MBT,M1,cDXHP,Measure,CZ09,34.36222222222222,2382588873.253665
MBT,M1,cPTAC,Base,CZ09,34.36222222222222,2374709410.6128254
MBT,M1,cPTAC,Measure,CZ09,34.36222222222222,2376247881.1286135
MBT,M1,cPVVG,Base,CZ09,34.36222222222222,2318529644.5569844
MBT,M1,cPVVG,Measure,CZ09,34.36222222222222,2327197724.920839
MBT,M2,cDXGF,Base,CZ09,34.36222222222222,2324543606.063894
MBT,M2,cDXGF,Measure,CZ09,34.36222222222222,2315041076.840464
MBT,M2,cDXHP,Base,CZ09,34.36222222222222,2321530150.5375686
MBT,M2,cDXHP,Measure,CZ09,34.36222222222222,2311913722.7262025
MBT,M2,cPTAC,Base,CZ09,34.36222222222222,2324543606.0668736
MBT,M2,cPTAC,Measure,CZ09,34.36222222222222,2315041076.824868
MBT,M2,cPVVG,Base,CZ09,34.36222222222222,2246561234.6654487
MBT,M2,cPVVG,Measure,CZ09,34.36222222222222,2241787475.137319
MBT,M3,cDXGF,Base,CZ09,34.36222222222222,2311867303.514802
MBT,M3,cDXGF,Measure,CZ09,34.36222222222222,2229682834.8247075
MBT,M3,cDXHP,Base,CZ09,34.36222222222222,2301426683.9026732
MBT,M3,cDXHP,Measure,CZ09,34.36222222222222,2218613384.758065
MBT,M3,cPTAC,Base,CZ09,34.36222222222222,2311867303.516649
MBT,M3,cPTAC,Measure,CZ09,34.36222222222222,2229682834.7289405
MBT,M3,cPVVG,Base,CZ09,34.36222222222222,2300419438.950689
MBT,M3,cPVVG,Measure,CZ09,34.36222222222222,2218859685.7049985
MBT,M4,cDXGF,Base,CZ09,34.36222222222222,2374848531.2871766
MBT,M4,cDXGF,Measure,CZ09,34.36222222222222,2376383907.8658204
MBT,M4,cDXHP,Base,CZ09,34.36222222222222,2380842328.450195
MBT,M4,cDXHP,Measure,CZ09,34.36222222222222,2382593169.824546
MBT,M4,cPTAC,Base,CZ09,34.36222222222222,2374848531.319047
MBT,M4,cPTAC,Measure,CZ09,34.36222222222222,2376383907.8640294
MBT,M4,cPVVG,Base,CZ09,34.36222222222222,2318684574.7929287
MBT,M4,cPVVG,Measure,CZ09,34.36222222222222,2327348342.6174684
MBT,M5,cDXGF,Base,CZ09,34.36222222222222,2367447793.5958085
MBT,M5,cDXGF,Measure,CZ09,34.36222222222222,2276376515.048917
MBT,M5,cDXHP,Base,CZ09,34.36222222222222,2346025691.143975
MBT,M5,cDXHP,Measure,CZ09,34.36222222222222,2255854558.8568482
MBT,M5,cPTAC,Base,CZ09,34.36222222222222,2367447793.5946317
MBT,M5,cPTAC,Measure,CZ09,34.36222222222222,2276376515.0501256
MBT,M5,cPVVG,Base,CZ09,34.36222222222222,2356965433.744594
MBT,M5,cPVVG,Measure,CZ09,34.36222222222222,2266505492.446085
MLI,M1,cDXGF,Base,CZ09,34.36222222222222,1044772668.570109
MLI,M1,cDXGF,Measure,CZ09,34.36222222222222,1042538715.2393138
MLI,M1,cDXHP,Base,CZ09,34.36222222222222,1057745381.1883144
MLI,M1,cDXHP,Measure,CZ09,34.36222222222222,1054921430.8391718
MLI,M1,cPTAC,Base,CZ09,34.36222222222222,1044772668.5701065
MLI,M1,cPTAC,Measure,CZ09,34.36222222222222,1042538715.239301
MLI,M1,cPVVG,Base,CZ09,34.36222222222222,951943857.93832
MLI,M1,cPVVG,Measure,CZ09,34.36222222222222,958850444.4719282
MLI,M2,cDXGF,Base,CZ09,34.36222222222222,972894283.5594654
MLI,M2,cDXGF,Measure,CZ09,34.36222222222222,960853881.5008687
MLI,M2,cDXHP,Base,CZ09,34.36222222222222,975697969.3386443
MLI,M2,cDXHP,Measure,CZ09,34.36222222222222,963277363.7270659
MLI,M2,cPTAC,Base,CZ09,34.36222222222222,972894283.5594555
MLI,M2,cPTAC,Measure,CZ09,34.36222222222222,960853881.5008732
MLI,M2,cPVVG,Base,CZ09,34.36222222222222,857790601.6373832
MLI,M2,cPVVG,Measure,CZ09,34.36222222222222,852229679.4563929
MLI,M3,cDXGF,Base,CZ09,34.36222222222222,929530114.7365813
MLI,M3,cDXGF,Measure,CZ09,34.36222222222222,843830747.8752081
MLI,M3,cDXHP,Base,CZ09,34.36222222222222,907465498.9104162
MLI,M3,cDXHP,Measure,CZ09,34.36222222222222,821754466.4182627
MLI,M3,cPTAC,Base,CZ09,34.36222222222222,929530114.7366242
MLI,M3,cPTAC,Measure,CZ09,34.36222222222222,843830747.8752139
MLI,M3,cPVVG,Base,CZ09,34.36222222222222,906411371.5659128
MLI,M3,cPVVG,Measure,CZ09,34.36222222222222,822186422.0792006
MLI,M4,cDXGF,Base,CZ09,34.36222222222222,1044754341.5076598
MLI,M4,cDXGF,Measure,CZ09,34.36222222222222,1042497861.390259
MLI,M4,cDXHP,Base,CZ09,34.36222222222222,1057677393.6426069
MLI,M4,cDXHP,Measure,CZ09,34.36222222222222,1054818570.2644632
MLI,M4,cPTAC,Base,CZ09,34.36222222222222,1044754341.5076529
MLI,M4,cPTAC,Measure,CZ09,34.36222222222222,1042497861.3902346
MLI,M4,cPVVG,Base,CZ09,34.36222222222222,951898411.5956848
MLI,M4,cPVVG,Measure,CZ09,34.36222222222222,958776751.3885785
MLI,M5,cDXGF,Base,CZ09,34.36222222222222,1012882912.9278038
MLI,M5,cDXGF,Measure,CZ09,34.36222222222222,914030985.4856085
MLI,M5,cDXHP,Base,CZ09,34.36222222222222,968054702.6690087
MLI,M5,cDXHP,Measure,CZ09,34.36222222222222,872329415.9080107
MLI,M5,cPTAC,Base,CZ09,34.36222222222222,1012882912.9278282
MLI,M5,cPTAC,Measure,CZ09,34.36222222222222,914030985.4856364
MLI,M5,cPVVG,Base,CZ09,34.36222222222222,984839690.7632724
MLI,M5,cPVVG,Measure,CZ09,34.36222222222222,888313385.7154698
OfS,M1,cDXGF,Base,CZ09,34.36222222222222,142131973.0741963
OfS,M1,cDXGF,Measure,CZ09,34.36222222222222,141553157.1421957
OfS,M1,cDXHP,Base,CZ09,34.36222222222222,142169260.00902325
OfS,M1,cDXHP,Measure,CZ09,34.36222222222222,141584990.0418016
OfS,M1,cPTAC,Base,CZ09,34.36222222222222,142131304.3072425
OfS,M1,cPTAC,Measure,CZ09,34.36222222222222,141552429.03718272
OfS,M1,cPVVG,Base,CZ09,34.36222222222222,130483433.5872946
OfS,M1,cPVVG,Measure,CZ09,34.36222222222222,130637186.00313401
OfS,M2,cDXGF,Base,CZ09,34.36222222222222,136371061.76973084
OfS,M2,cDXGF,Measure,CZ09,34.36222222222222,135215560.4948566
OfS,M2,cDXHP,Base,CZ09,34.36222222222222,136209562.94195312
OfS,M2,cDXHP,Measure,CZ09,34.36222222222222,135053168.3423361
OfS,M2,cPTAC,Base,CZ09,34.36222222222222,136371061.7697303
OfS,M2,cPTAC,Measure,CZ09,34.36222222222222,135215560.49486378
OfS,M2,cPVVG,Base,CZ09,34.36222222222222,122024812.5944716
OfS,M2,cPVVG,Measure,CZ09,34.36222222222222,121350340.94621368
OfS,M3,cDXGF,Base,CZ09,34.36222222222222,132508156.79505771
OfS,M3,cDXGF,Measure,CZ09,34.36222222222222,117586134.10437933
OfS,M3,cDXHP,Base,CZ09,34.36222222222222,131669124.70462562
OfS,M3,cDXHP,Measure,CZ09,34.36222222222222,116733202.95921302
OfS,M3,cPTAC,Base,CZ09,34.36222222222222,132508156.79505835
OfS,M3,cPTAC,Measure,CZ09,34.36222222222222,117586134.10426074
OfS,M3,cPVVG,Base,CZ09,34.36222222222222,130451039.26696828
OfS,M3,cPVVG,Measure,CZ09,34.36222222222222,115640582.21899886
OfS,M4,cDXGF,Base,CZ09,34.36222222222222,142133769.49426308
OfS,M4,cDXGF,Measure,CZ09,34.36222222222222,141554311.79203072
OfS,M4,cDXHP,Base,CZ09,34.36222222222222,142168116.72300577
OfS,M4,cDXHP,Measure,CZ09,34.36222222222222,141582834.2442673
OfS,M4,cPTAC,Base,CZ09,34.36222222222222,142133769.49426234
OfS,M4,cPTAC,Measure,CZ09,34.36222222222222,141554311.79203156
OfS,M4,cPVVG,Base,CZ09,34.36222222222222,130485426.28704622
OfS,M4,cPVVG,Measure,CZ09,34.36222222222222,130638160.81326628
OfS,M5,cDXGF,Base,CZ09,34.36222222222222,138234647.88120365
OfS,M5,cDXGF,Measure,CZ09,34.36222222222222,122420655.69996327
OfS,M5,cDXHP,Base,CZ09,34.36222222222222,137245810.9851292
OfS,M5,cDXHP,Measure,CZ09,34.36222222222222,121433671.37299626
OfS,M5,cPTAC,Base,CZ09,34.36222222222222,138234647.88120106
OfS,M5,cPTAC,Measure,CZ09,34.36222222222222,122420655.69996323
OfS,M5,cPVVG,Base,CZ09,34.36222222222222,136292946.91554052
OfS,M5,cPVVG,Measure,CZ09,34.36222222222222,120587932.66566665
RFF,M1,cDXGF,Base,CZ09,34.36222222222222,55133068.32281205
RFF,M1,cDXGF,Measure,CZ09,34.36222222222222,55131434.795244746
RFF,M1,cDXHP,Base,CZ09,34.36222222222222,55317110.37654897
RFF,M1,cDXHP,Measure,CZ09,34.36222222222222,55315467.34590117
RFF,M1,cPTAC,Base,CZ09,34.36222222222222,55133068.32280442
RFF,M1,cPTAC,Measure,CZ09,34.36222222222222,55131434.79524717
RFF,M1,cPVVG,Base,CZ09,34.36222222222222,53030427.10649008
RFF,M1,cPVVG,Measure,CZ09,34.36222222222222,53120973.63720979
RFF,M2,cDXGF,Base,CZ09,34.36222222222222,52996612.28490535
RFF,M2,cDXGF,Measure,CZ09,34.36222222222222,52872004.041054584
RFF,M2,cDXHP,Base,CZ09,34.36222222222222,53036330.078567356
RFF,M2,cDXHP,Measure,CZ09,34.36222222222222,52909040.30567494
RFF,M2,cPTAC,Base,CZ09,34.36222222222222,52996612.284895815
RFF,M2,cPTAC,Measure,CZ09,34.36222222222222,52872004.04105739
RFF,M2,cPVVG,Base,CZ09,34.36222222222222,50030148.86049118
RFF,M2,cPVVG,Measure,CZ09,34.36222222222222,49962060.79184519
RFF,M3,cDXGF,Base,CZ09,34.36222222222222,53156766.27352504
RFF,M3,cDXGF,Measure,CZ09,34.36222222222222,49369350.35172019
RFF,M3,cDXHP,Base,CZ09,34.36222222222222,52966903.65647842
RFF,M3,cDXHP,Measure,CZ09,34.36222222222222,49152278.99643911
RFF,M3,cPTAC,Base,CZ09,34.36222222222222,53156766.27353214
RFF,M3,cPTAC,Measure,CZ09,34.36222222222222,49369350.35171541
RFF,M3,cPVVG,Base,CZ09,34.36222222222222,52704370.42058168
RFF,M3,cPVVG,Measure,CZ09,34.36222222222222,48941301.46782228
RFF,M4,cDXGF,Base,CZ09,34.36222222222222,55137005.67979633
RFF,M4,cDXGF,Measure,CZ09,34.36222222222222,55135435.12193927
RFF,M4,cDXHP,Base,CZ09,34.36222222222222,55321034.285772346
RFF,M4,cDXHP,Measure,CZ09,34.36222222222222,55319460.158202484
RFF,M4,cPTAC,Base,CZ09,34.36222222222222,55137005.67979384
RFF,M4,cPTAC,Measure,CZ09,34.36222222222222,55135435.12194179
RFF,M4,cPVVG,Base,CZ09,34.36222222222222,53033966.518564664
RFF,M4,cPVVG,Measure,CZ09,34.36222222222222,53124527.43422203
RFF,M5,cDXGF,Base,CZ09,34.36222222222222,55373005.2811894
RFF,M5,cDXGF,Measure,CZ09,34.36222222222222,51227605.89468332
RFF,M5,cDXHP,Base,CZ09,34.36222222222222,54780148.52752237
RFF,M5,cDXHP,Measure,CZ09,34.36222222222222,50666624.53777031
RFF,M5,cPTAC,Base,CZ09,34.36222222222222,55373005.281183414
RFF,M5,cPTAC,Measure,CZ09,34.36222222222222,51227605.8946874
RFF,M5,cPVVG,Base,CZ09,34.36222222222222,54993018.60884734
RFF,M5,cPVVG,Measure,CZ09,34.36222222222222,50868823.64649672
Rt3,M1,cDXGF,Base,CZ09,34.36222222222222,1978008133.7982583
Rt3,M1,cDXGF,Measure,CZ09,34.36222222222222,1986791586.1470873
Rt3,M1,cDXHP,Base,CZ09,34.36222222222222,2002297514.9103973
Rt3,M1,cDXHP,Measure,CZ09,34.36222222222222,2012321451.3488684
Rt3,M1,cPTAC,Base,CZ09,34.36222222222222,1978008133.789365
Rt3,M1,cPTAC,Measure,CZ09,34.36222222222222,1986791586.1444204
Rt3,M1,cPVVG,Base,CZ09,34.36222222222222,1890859349.5664368
Rt3,M1,cPVVG,Measure,CZ09,34.36222222222222,1918578332.5962627
Rt3,M2,cDXGF,Base,CZ09,34.36222222222222,1875027577.643748
Rt3,M2,cDXGF,Measure,CZ09,34.36222222222222,1852193606.9137056
Rt3,M2,cDXHP,Base,CZ09,34.36222222222222,1875857417.5954657
Rt3,M2,cDXHP,Measure,CZ09,34.36222222222222,1852365751.806048
Rt3,M2,cPTAC,Base,CZ09,34.36222222222222,1875027577.6437392
Rt3,M2,cPTAC,Measure,CZ09,34.36222222222222,1852193606.9131753
Rt3,M2,cPVVG,Base,CZ09,34.36222222222222,1751215280.6327357
Rt3,M2,cPVVG,Measure,CZ09,34.36222222222222,1736112196.0911717
Rt3,M3,cDXGF,Base,CZ09,34.36222222222222,1864727156.4302065
Rt3,M3,cDXGF,Measure,CZ09,34.36222222222222,1716626524.6751049
Rt3,M3,cDXHP,Base,CZ09,34.36222222222222,1847238643.1691177
Rt3,M3,cDXHP,Measure,CZ09,34.36222222222222,1698006804.710379
Rt3,M3,cPTAC,Base,CZ09,34.36222222222222,1864727156.4453318
Rt3,M3,cPTAC,Measure,CZ09,34.36222222222222,1716626524.661313
Rt3,M3,cPVVG,Base,CZ09,34.36222222222222,1847323744.0263038
Rt3,M3,cPVVG,Measure,CZ09,34.36222222222222,1700155753.815414
Rt3,M4,cDXGF,Base,CZ09,34.36222222222222,1978008345.5549426
Rt3,M4,cDXGF,Measure,CZ09,34.36222222222222,1986796147.800217
Rt3,M4,cDXHP,Base,CZ09,34.36222222222222,2002298079.3818588
Rt3,M4,cDXHP,Measure,CZ09,34.36222222222222,2012326620.7050202
Rt3,M4,cPTAC,Base,CZ09,34.36222222222222,1978008345.5458395
Rt3,M4,cPTAC,Measure,CZ09,34.36222222222222,1986796147.7975762
Rt3,M4,cPVVG,Base,CZ09,34.36222222222222,1890858780.8821096
Rt3,M4,cPVVG,Measure,CZ09,34.36222222222222,1918601435.9615953
Rt3,M5,cDXGF,Base,CZ09,34.36222222222222,2006497974.7456334
Rt3,M5,cDXGF,Measure,CZ09,34.36222222222222,1835991358.797997
Rt3,M5,cDXHP,Base,CZ09,34.36222222222222,1969469984.9556236
Rt3,M5,cDXHP,Measure,CZ09,34.36222222222222,1800314999.5681062
Rt3,M5,cPTAC,Base,CZ09,34.36222222222222,2006497974.7342594
Rt3,M5,cPTAC,Measure,CZ09,34.36222222222222,1835991358.7888951
Rt3,M5,cPVVG,Base,CZ09,34.36222222222222,1992634431.902588
Rt3,M5,cPVVG,Measure,CZ09,34.36222222222222,1822929644.4134817
RtL,M1,cDXGF,Base,CZ09,34.36222222222222,1982926135.0742953
RtL,M1,cDXGF,Measure,CZ09,34.36222222222222,1989857354.582715
RtL,M1,cDXHP,Base,CZ09,34.36222222222222,1989897135.9424245
RtL,M1,cDXHP,Measure,CZ09,34.36222222222222,1996974876.396071
RtL,M1,cPTAC,Base,CZ09,34.36222222222222,1982923956.8865814
RtL,M1,cPTAC,Measure,CZ09,34.36222222222222,1989854957.1945708
RtL,M1,cPVVG,Base,CZ09,34.36222222222222,1892824018.4747803
RtL,M1,cPVVG,Measure,CZ09,34.36222222222222,1919017452.0160444
RtL,M2,cDXGF,Base,CZ09,34.36222222222222,1861568845.0731113
RtL,M2,cDXGF,Measure,CZ09,34.36222222222222,1837952926.59776
RtL,M2,cDXHP,Base,CZ09,34.36222222222222,1860201147.7863386
RtL,M2,cDXHP,Measure,CZ09,34.36222222222222,1836379846.2192361
RtL,M2,cPTAC,Base,CZ09,34.36222222222222,1861568845.073148
RtL,M2,cPTAC,Measure,CZ09,34.36222222222222,1837952926.5964606
RtL,M2,cPVVG,Base,CZ09,34.36222222222222,1734428257.4938185
RtL,M2,cPVVG,Measure,CZ09,34.36222222222222,1720976588.7893095
RtL,M3,cDXGF,Base,CZ09,34.36222222222222,1866064660.0533316
RtL,M3,cDXGF,Measure,CZ09,34.36222222222222,1717243919.7706268
RtL,M3,cDXHP,Base,CZ09,34.36222222222222,1859036085.1435015
RtL,M3,cDXHP,Measure,CZ09,34.36222222222222,1709632074.0901017
RtL,M3,cPTAC,Base,CZ09,34.36222222222222,1866064660.0533693
RtL,M3,cPTAC,Measure,CZ09,34.36222222222222,1717243919.7706423
RtL,M3,cPVVG,Base,CZ09,34.36222222222222,1848512333.8902159
RtL,M3,cPVVG,Measure,CZ09,34.36222222222222,1700645926.738422
RtL,M4,cDXGF,Base,CZ09,34.36222222222222,1983131524.0661874
RtL,M4,cDXGF,Measure,CZ09,34.36222222222222,1990102130.479792
RtL,M4,cDXHP,Base,CZ09,34.36222222222222,1990104038.4971318
RtL,M4,cDXHP,Measure,CZ09,34.36222222222222,1997221169.159453
RtL,M4,cPTAC,Base,CZ09,34.36222222222222,1983131524.0661738
RtL,M4,cPTAC,Measure,CZ09,34.36222222222222,1990102130.4798079
RtL,M4,cPVVG,Base,CZ09,34.36222222222222,1893113699.1080344
RtL,M4,cPVVG,Measure,CZ09,34.36222222222222,1919313191.9449148
RtL,M5,cDXGF,Base,CZ09,34.36222222222222,2005362616.3336382
RtL,M5,cDXGF,Measure,CZ09,34.36222222222222,1833321103.928298
RtL,M5,cDXHP,Base,CZ09,34.36222222222222,1985344872.5368686
RtL,M5,cDXHP,Measure,CZ09,34.36222222222222,1814559318.6462922
RtL,M5,cPTAC,Base,CZ09,34.36222222222222,2005362616.3336434
RtL,M5,cPTAC,Measure,CZ09,34.36222222222222,1833321103.9282937
RtL,M5,cPVVG,Base,CZ09,34.36222222222222,1990603784.4005983
RtL,M5,cPVVG,Measure,CZ09,34.36222222222222,1819426175.6949599
RtS,M1,cDXGF,Base,CZ09,34.36222222222222,132341210.7555911
RtS,M1,cDXGF,Measure,CZ09,34.36222222222222,132438129.14996119
RtS,M1,cDXHP,Base,CZ09,34.36222222222222,133234511.71872282
RtS,M1,cDXHP,Measure,CZ09,34.36222222222222,133306297.3347028
RtS,M1,cPTAC,Base,CZ09,34.36222222222222,132341210.66425233
RtS,M1,cPTAC,Measure,CZ09,34.36222222222222,132438129.17459108
RtS,M1,cPVVG,Base,CZ09,34.36222222222222,125827458.53302695
RtS,M1,cPVVG,Measure,CZ09,34.36222222222222,126906877.59375627
RtS,M2,cDXGF,Base,CZ09,34.36222222222222,125046645.2362903
RtS,M2,cDXGF,Measure,CZ09,34.36222222222222,123642783.76101927
RtS,M2,cDXHP,Base,CZ09,34.36222222222222,125166384.68987544
RtS,M2,cDXHP,Measure,CZ09,34.36222222222222,123742122.38367735
RtS,M2,cPTAC,Base,CZ09,34.36222222222222,125046645.23629315
RtS,M2,cPTAC,Measure,CZ09,34.36222222222222,123642783.76102638
RtS,M2,cPVVG,Base,CZ09,34.36222222222222,115750349.21053766
RtS,M2,cPVVG,Measure,CZ09,34.36222222222222,114887791.3161474
RtS,M3,cDXGF,Base,CZ09,34.36222222222222,125239588.46401784
RtS,M3,cDXGF,Measure,CZ09,34.36222222222222,113439336.28346486
RtS,M3,cDXHP,Base,CZ09,34.36222222222222,124816135.78585365
RtS,M3,cDXHP,Measure,CZ09,34.36222222222222,112967247.65855068
RtS,M3,cPTAC,Base,CZ09,34.36222222222222,125239588.44521993
RtS,M3,cPTAC,Measure,CZ09,34.36222222222222,113439336.26703341
RtS,M3,cPVVG,Base,CZ09,34.36222222222222,123919378.37813714
RtS,M3,cPVVG,Measure,CZ09,34.36222222222222,112189583.65124646
RtS,M4,cDXGF,Base,CZ09,34.36222222222222,132341255.79208054
RtS,M4,cDXGF,Measure,CZ09,34.36222222222222,132438205.69292842
RtS,M4,cDXHP,Base,CZ09,34.36222222222222,133234547.52584642
RtS,M4,cDXHP,Measure,CZ09,34.36222222222222,133306360.48429032
RtS,M4,cPTAC,Base,CZ09,34.36222222222222,132341255.78300539
RtS,M4,cPTAC,Measure,CZ09,34.36222222222222,132438205.68112414
RtS,M4,cPVVG,Base,CZ09,34.36222222222222,125827439.88286678
RtS,M4,cPVVG,Measure,CZ09,34.36222222222222,126906978.27850832
RtS,M5,cDXGF,Base,CZ09,34.36222222222222,134631998.56847182
RtS,M5,cDXGF,Measure,CZ09,34.36222222222222,121291298.79489411
RtS,M5,cDXHP,Base,CZ09,34.36222222222222,134331149.95152932
RtS,M5,cDXHP,Measure,CZ09,34.36222222222222,120902552.46389575
RtS,M5,cPTAC,Base,CZ09,34.36222222222222,134631998.86536548
RtS,M5,cPTAC,Measure,CZ09,34.36222222222222,121291299.35368432
RtS,M5,cPVVG,Base,CZ09,34.36222222222222,133572900.4605681
RtS,M5,cPVVG,Measure,CZ09,34.36222222222222,120291591.85513166
SCn,M1,cDXGF,Base,CZ09,34.36222222222222,2246765518.506658
SCn,M1,cDXGF,Measure,CZ09,34.36222222222222,2273929157.701986
SCn,M1,cDXHP,Base,CZ09,34.36222222222222,2246765518.3836474
SCn,M1,cDXHP,Measure,CZ09,34.36222222222222,2273929157.701826
SCn,M1,cPTAC,Base,CZ09,34.36222222222222,2246193618.1138053
SCn,M1,cPTAC,Measure,CZ09,34.36222222222222,2273929157.58884
SCn,M1,cPVVG,Base,CZ09,34.36222222222222,2204336772.6966615
SCn,M1,cPVVG,Measure,CZ09,34.36222222222222,2247775936.771495
SCn,M2,cDXGF,Base,CZ09,34.36222222222222,2132622259.8997612
SCn,M2,cDXGF,Measure,CZ09,34.36222222222222,2117669688.336989
SCn,M2,cDXHP,Base,CZ09,34.36222222222222,2132622259.899761
SCn,M2,cDXHP,Measure,CZ09,34.36222222222222,2117669688.3369231
SCn,M2,cPTAC,Base,CZ09,34.36222222222222,2132622259.8997543
SCn,M2,cPTAC,Measure,CZ09,34.36222222222222,2117669688.3999033
SCn,M2,cPVVG,Base,CZ09,34.36222222222222,2076601847.7495122
SCn,M2,cPVVG,Measure,CZ09,34.36222222222222,2068174060.8065214
SCn,M3,cDXGF,Base,CZ09,34.36222222222222,2250484363.405414
SCn,M3,cDXGF,Measure,CZ09,34.36222222222222,2024325881.447032
SCn,M3,cDXHP,Base,CZ09,34.36222222222222,2250484363.405487
SCn,M3,cDXHP,Measure,CZ09,34.36222222222222,2024325881.4470668
SCn,M3,cPTAC,Base,CZ09,34.36222222222222,2250484363.405484
SCn,M3,cPTAC,Measure,CZ09,34.36222222222222,2024325881.447126
SCn,M3,cPVVG,Base,CZ09,34.36222222222222,2240131704.823882
SCn,M3,cPVVG,Measure,CZ09,34.36222222222222,2014473156.8174362
SCn,M4,cDXGF,Base,CZ09,34.36222222222222,2246765652.095455
SCn,M4,cDXGF,Measure,CZ09,34.36222222222222,2273928182.263414
SCn,M4,cDXHP,Base,CZ09,34.36222222222222,2246765651.9680223
SCn,M4,cDXHP,Measure,CZ09,34.36222222222222,2273928182.263067
SCn,M4,cPTAC,Base,CZ09,34.36222222222222,2246193688.1880655
SCn,M4,cPTAC,Measure,CZ09,34.36222222222222,2273928182.1518235
SCn,M4,cPVVG,Base,CZ09,34.36222222222222,2204337073.0789356
SCn,M4,cPVVG,Measure,CZ09,34.36222222222222,2247776925.4991765
SCn,M5,cDXGF,Base,CZ09,34.36222222222222,2497205885.904128
SCn,M5,cDXGF,Measure,CZ09,34.36222222222222,2227105620.1494036
SCn,M5,cDXHP,Base,CZ09,34.36222222222222,2497205885.904099
SCn,M5,cDXHP,Measure,CZ09,34.36222222222222,2227105620.1492243
SCn,M5,cPTAC,Base,CZ09,34.36222222222222,2497205885.9041314
SCn,M5,cPTAC,Measure,CZ09,34.36222222222222,2227105620.149317
SCn,M5,cPVVG,Base,CZ09,34.36222222222222,2491814680.496961
SCn,M5,cPVVG,Measure,CZ09,34.36222222222222,2222016884.6411123
Asm,M1,cDXGF,Base,CZ10,35.65,764137781.2157005
Asm,M1,cDXGF,Measure,CZ10,35.65,774761788.4159176
Asm,M1,cDXHP,Base,CZ10,35.65,764217735.6405376
Asm,M1,cDXHP,Measure,CZ10,35.65,774847311.4486623
Asm,M1,cPTAC,Base,CZ10,35.65,764092186.7375715
Asm,M1,cPTAC,Measure,CZ10,35.65,774761157.0169215
Asm,M1,cPVVG,Base,CZ10,35.65,729078778.398556
Asm,M1,cPVVG,Measure,CZ10,35.65,746060492.2292504
Asm,M2,cDXGF,Base,CZ10,35.65,642523172.131125
Asm,M2,cDXGF,Measure,CZ10,35.65,638579654.151503
Asm,M2,cDXHP,Base,CZ10,35.65,642565532.5367392
Asm,M2,cDXHP,Measure,CZ10,35.65,638618270.7440009
Asm,M2,cPTAC,Base,CZ10,35.65,642523172.1311243
Asm,M2,cPTAC,Measure,CZ10,35.65,638579654.1516647
Asm,M2,cPVVG,Base,CZ10,35.65,584337529.8131776
Asm,M2,cPVVG,Measure,CZ10,35.65,580533407.5012428
Asm,M3,cDXGF,Base,CZ10,35.65,646931455.82773
Asm,M3,cDXGF,Measure,CZ10,35.65,572947812.4911163
Asm,M3,cDXHP,Base,CZ10,35.65,646860895.6783243
Asm,M3,cDXHP,Measure,CZ10,35.65,572867643.575656
Asm,M3,cPTAC,Base,CZ10,35.65,646931455.8277382
Asm,M3,cPTAC,Measure,CZ10,35.65,572947812.4911093
Asm,M3,cPVVG,Base,CZ10,35.65,638874225.522801
Asm,M3,cPVVG,Measure,CZ10,35.65,565347986.9938436
Asm,M4,cDXGF,Base,CZ10,35.65,764137890.6429787
Asm,M4,cDXGF,Measure,CZ10,35.65,774762497.3933364
Asm,M4,cDXHP,Base,CZ10,35.65,764217853.461171
Asm,M4,cDXHP,Measure,CZ10,35.65,774848012.9129494
Asm,M4,cPTAC,Base,CZ10,35.65,764092303.3290032
Asm,M4,cPTAC,Measure,CZ10,35.65,774762073.9881421
Asm,M4,cPVVG,Base,CZ10,35.65,729078602.3669056
Asm,M4,cPVVG,Measure,CZ10,35.65,746061271.2194153
Asm,M5,cDXGF,Base,CZ10,35.65,759574612.4557412
Asm,M5,cDXGF,Measure,CZ10,35.65,666208827.8639573
Asm,M5,cDXHP,Base,CZ10,35.65,759362566.1595043
Asm,M5,cDXHP,Measure,CZ10,35.65,666006149.5441917
Asm,M5,cPTAC,Base,CZ10,35.65,759574612.4557073
Asm,M5,cPTAC,Measure,CZ10,35.65,666208827.8639565
Asm,M5,cPVVG,Base,CZ10,35.65,752571353.8134112
Asm,M5,cPVVG,Measure,CZ10,35.65,659699517.9943149
ECC,M1,cDXGF,Base,CZ10,35.65,2222804817.5573626
ECC,M1,cDXGF,Measure,CZ10,35.65,2237193789.2787824
ECC,M1,cDXHP,Base,CZ10,35.65,2225260480.5390387
ECC,M1,cDXHP,Measure,CZ10,35.65,2239695346.0682907
ECC,M1,cPTAC,Base,CZ10,35.65,2222805127.585193
ECC,M1,cPTAC,Measure,CZ10,35.65,2237193789.064811
ECC,M1,cPVVG,Base,CZ10,35.65,2038161086.9716344
ECC,M1,cPVVG,Measure,CZ10,35.65,2079800250.9756942
ECC,M2,cDXGF,Base,CZ10,35.65,1970024103.4731483
ECC,M2,cDXGF,Measure,CZ10,35.65,1937932650.1855617
ECC,M2,cDXHP,Base,CZ10,35.65,1969380077.0145195
ECC,M2,cDXHP,Measure,CZ10,35.65,1937195394.2429051
ECC,M2,cPTAC,Base,CZ10,35.65,1970024085.945353
ECC,M2,cPTAC,Measure,CZ10,35.65,1937936252.957703
ECC,M2,cPVVG,Base,CZ10,35.65,1728581766.7090347
ECC,M2,cPVVG,Measure,CZ10,35.65,1708410322.1586845
ECC,M3,cDXGF,Base,CZ10,35.65,1848063251.1261942
ECC,M3,cDXGF,Measure,CZ10,35.65,1683239824.7262077
ECC,M3,cDXHP,Base,CZ10,35.65,1844265768.36937
ECC,M3,cDXHP,Measure,CZ10,35.65,1679332555.59419
ECC,M3,cPTAC,Base,CZ10,35.65,1848073243.7373254
ECC,M3,cPTAC,Measure,CZ10,35.65,1683239824.7699306
ECC,M3,cPVVG,Base,CZ10,35.65,1823210526.3301036
ECC,M3,cPVVG,Measure,CZ10,35.65,1659838769.3246458
ECC,M4,cDXGF,Base,CZ10,35.65,2222807452.9907975
ECC,M4,cDXGF,Measure,CZ10,35.65,2237200803.3855886
ECC,M4,cDXHP,Base,CZ10,35.65,2225262450.813542
ECC,M4,cDXHP,Measure,CZ10,35.65,2239703554.08104
ECC,M4,cPTAC,Base,CZ10,35.65,2222806958.8958697
ECC,M4,cPTAC,Measure,CZ10,35.65,2237200803.2044845
ECC,M4,cPVVG,Base,CZ10,35.65,2038163250.009506
ECC,M4,cPVVG,Measure,CZ10,35.65,2079811399.6770015
ECC,M5,cDXGF,Base,CZ10,35.65,1990217200.4423075
ECC,M5,cDXGF,Measure,CZ10,35.65,1801321826.3140447
ECC,M5,cDXHP,Base,CZ10,35.65,1977045829.157586
ECC,M5,cDXHP,Measure,CZ10,35.65,1789430270.5976434
ECC,M5,cPTAC,Base,CZ10,35.65,1990210918.503727
ECC,M5,cPTAC,Measure,CZ10,35.65,1801319483.9011025
ECC,M5,cPVVG,Base,CZ10,35.65,1964169329.9927917
ECC,M5,cPVVG,Measure,CZ10,35.65,1777019836.3290672
Epr,M1,cDXGF,Base,CZ10,35.65,348565032.3481155
Epr,M1,cDXGF,Measure,CZ10,35.65,353577150.5454044
Epr,M1,cDXHP,Base,CZ10,35.65,349581738.90397793
Epr,M1,cDXHP,Measure,CZ10,35.65,354687859.468034
Epr,M1,cPTAC,Base,CZ10,35.65,348560718.26337874
Epr,M1,cPTAC,Measure,CZ10,35.65,353577163.5482441
Epr,M1,cPVVG,Base,CZ10,35.65,321174113.6094043
Epr,M1,cPVVG,Measure,CZ10,35.65,331473595.43257546
Epr,M2,cDXGF,Base,CZ10,35.65,295516862.67129916
Epr,M2,cDXGF,Measure,CZ10,35.65,290213647.4708694
Epr,M2,cDXHP,Base,CZ10,35.65,295224606.75176156
Epr,M2,cDXHP,Measure,CZ10,35.65,289907884.8815552
Epr,M2,cPTAC,Base,CZ10,35.65,295516862.6712979
Epr,M2,cPTAC,Measure,CZ10,35.65,290214189.9598553
Epr,M2,cPVVG,Base,CZ10,35.65,257289038.04950172
Epr,M2,cPVVG,Measure,CZ10,35.65,253824442.6842957
Epr,M3,cDXGF,Base,CZ10,35.65,277985765.6368192
Epr,M3,cDXGF,Measure,CZ10,35.65,250867455.47191736
Epr,M3,cDXHP,Base,CZ10,35.65,277302296.1883633
Epr,M3,cDXHP,Measure,CZ10,35.65,250098964.62133816
Epr,M3,cPTAC,Base,CZ10,35.65,277986631.0174064
Epr,M3,cPTAC,Measure,CZ10,35.65,250867455.47205755
Epr,M3,cPVVG,Base,CZ10,35.65,274015976.1677024
Epr,M3,cPVVG,Measure,CZ10,35.65,247130523.2907221
Epr,M4,cDXGF,Base,CZ10,35.65,348565758.9341337
Epr,M4,cDXGF,Measure,CZ10,35.65,353579565.95025355
Epr,M4,cDXHP,Base,CZ10,35.65,349582486.8755792
Epr,M4,cDXHP,Measure,CZ10,35.65,354690746.9541393
Epr,M4,cPTAC,Base,CZ10,35.65,348561084.8150028
Epr,M4,cPTAC,Measure,CZ10,35.65,353579565.85596806
Epr,M4,cPVVG,Base,CZ10,35.65,321174757.83282
Epr,M4,cPVVG,Measure,CZ10,35.65,331478979.2519296
Epr,M5,cDXGF,Base,CZ10,35.65,314050239.0541087
Epr,M5,cDXGF,Measure,CZ10,35.65,280770970.266183
Epr,M5,cDXHP,Base,CZ10,35.65,308745056.2742976
Epr,M5,cDXHP,Measure,CZ10,35.65,276113011.82603616
Epr,M5,cPTAC,Base,CZ10,35.65,314051982.35805625
Epr,M5,cPTAC,Measure,CZ10,35.65,280770970.2612242
Epr,M5,cPVVG,Base,CZ10,35.65,309862389.69413835
Epr,M5,cPVVG,Measure,CZ10,35.65,276877727.55658525
ERC,M1,cDXGF,Base,CZ10,35.65,14737465.954049088
ERC,M1,cDXGF,Measure,CZ10,35.65,14815144.734555094
ERC,M1,cDXHP,Base,CZ10,35.65,14772937.70247412
ERC,M1,cDXHP,Measure,CZ10,35.65,14851140.970457498
ERC,M1,cPTAC,Base,CZ10,35.65,14737465.897468852
ERC,M1,cPTAC,Measure,CZ10,35.65,14815144.625324856
ERC,M1,cPVVG,Base,CZ10,35.65,13452429.652431693
ERC,M1,cPVVG,Measure,CZ10,35.65,13688277.930236084
ERC,M2,cDXGF,Base,CZ10,35.65,12538574.381291341
ERC,M2,cDXGF,Measure,CZ10,35.65,12314146.339514138
ERC,M2,cDXHP,Base,CZ10,35.65,12521319.320742102
ERC,M2,cDXHP,Measure,CZ10,35.65,12295670.054768374
ERC,M2,cPTAC,Base,CZ10,35.65,12538574.381291222
ERC,M2,cPTAC,Measure,CZ10,35.65,12314146.335982395
ERC,M2,cPVVG,Base,CZ10,35.65,10664462.911705544
ERC,M2,cPVVG,Measure,CZ10,35.65,10535672.849988548
ERC,M3,cDXGF,Base,CZ10,35.65,11852816.629890885
ERC,M3,cDXGF,Measure,CZ10,35.65,10437158.541603953
ERC,M3,cDXHP,Base,CZ10,35.65,11832468.013356857
ERC,M3,cDXHP,Measure,CZ10,35.65,10412315.006047038
ERC,M3,cPTAC,Base,CZ10,35.65,11852816.604403727
ERC,M3,cPTAC,Measure,CZ10,35.65,10437158.508872284
ERC,M3,cPVVG,Base,CZ10,35.65,11647690.448141737
ERC,M3,cPVVG,Measure,CZ10,35.65,10243877.538935844
ERC,M4,cDXGF,Base,CZ10,35.65,14737484.939924527
ERC,M4,cDXGF,Measure,CZ10,35.65,14815172.394187761
ERC,M4,cDXHP,Base,CZ10,35.65,14772956.049520548
ERC,M4,cDXHP,Measure,CZ10,35.65,14851166.745649744
ERC,M4,cPTAC,Base,CZ10,35.65,14737484.883432819
ERC,M4,cPTAC,Measure,CZ10,35.65,14815172.284947867
ERC,M4,cPVVG,Base,CZ10,35.65,13452454.421381645
ERC,M4,cPVVG,Measure,CZ10,35.65,13688315.85397624
ERC,M5,cDXGF,Base,CZ10,35.65,13371594.730686827
ERC,M5,cDXGF,Measure,CZ10,35.65,11698353.230027346
ERC,M5,cDXHP,Base,CZ10,35.65,13234689.194090376
ERC,M5,cDXHP,Measure,CZ10,35.65,11574933.983535627
ERC,M5,cPTAC,Base,CZ10,35.65,13371594.50750791
ERC,M5,cPTAC,Measure,CZ10,35.65,11698352.994531758
ERC,M5,cPVVG,Base,CZ10,35.65,13162896.97830003
ERC,M5,cPVVG,Measure,CZ10,35.65,11503445.714359405
Ese,M1,cDXGF,Base,CZ10,35.65,957235813.8331007
Ese,M1,cDXGF,Measure,CZ10,35.65,962001061.2063364
Ese,M1,cDXHP,Base,CZ10,35.65,957913633.629436
Ese,M1,cDXHP,Measure,CZ10,35.65,962691766.9871334
Ese,M1,cPTAC,Base,CZ10,35.65,957235813.8331981
Ese,M1,cPTAC,Measure,CZ10,35.65,962001061.2063445
Ese,M1,cPVVG,Base,CZ10,35.65,930659120.7706703
Ese,M1,cPVVG,Measure,CZ10,35.65,939036654.1983886
Ese,M2,cDXGF,Base,CZ10,35.65,832727707.8576379
Ese,M2,cDXGF,Measure,CZ10,35.65,820035176.303714
Ese,M2,cDXHP,Base,CZ10,35.65,832517496.7959821
Ese,M2,cDXHP,Measure,CZ10,35.65,819815450.3264811
Ese,M2,cPTAC,Base,CZ10,35.65,832727707.8576301
Ese,M2,cPTAC,Measure,CZ10,35.65,820035176.3037305
Ese,M2,cPVVG,Base,CZ10,35.65,797173063.5594188
Ese,M2,cPVVG,Measure,CZ10,35.65,785663701.801779
Ese,M3,cDXGF,Base,CZ10,35.65,807568688.2434316
Ese,M3,cDXGF,Measure,CZ10,35.65,776680758.3221738
Ese,M3,cDXHP,Base,CZ10,35.65,806747962.3167539
Ese,M3,cDXHP,Measure,CZ10,35.65,775817642.6918793
Ese,M3,cPTAC,Base,CZ10,35.65,807568688.2434028
Ese,M3,cPTAC,Measure,CZ10,35.65,776680758.3223996
Ese,M3,cPVVG,Base,CZ10,35.65,803366457.540042
Ese,M3,cPVVG,Measure,CZ10,35.65,772719128.316154
Ese,M4,cDXGF,Base,CZ10,35.65,957236038.5150725
Ese,M4,cDXGF,Measure,CZ10,35.65,962002041.8433241
Ese,M4,cDXHP,Base,CZ10,35.65,957913889.340202
Ese,M4,cDXHP,Measure,CZ10,35.65,962692737.9840997
Ese,M4,cPTAC,Base,CZ10,35.65,957236038.5150894
Ese,M4,cPTAC,Measure,CZ10,35.65,962002041.8433465
Ese,M4,cPVVG,Base,CZ10,35.65,930659371.5952268
Ese,M4,cPVVG,Measure,CZ10,35.65,939038496.6303576
Ese,M5,cDXGF,Base,CZ10,35.65,904206121.1943663
Ese,M5,cDXGF,Measure,CZ10,35.65,869024881.5920508
Ese,M5,cDXHP,Base,CZ10,35.65,900813910.7220387
Ese,M5,cDXHP,Measure,CZ10,35.65,865981167.700307
Ese,M5,cPTAC,Base,CZ10,35.65,904206121.1945122
Ese,M5,cPTAC,Measure,CZ10,35.65,868962160.7835574
Ese,M5,cPVVG,Base,CZ10,35.65,900025386.6321847
Ese,M5,cPVVG,Measure,CZ10,35.65,865115843.4087465
Eun,M1,cDXGF,Base,CZ10,35.65,6389184925.354146
Eun,M1,cDXGF,Measure,CZ10,35.65,6414821362.173961
Eun,M1,cDXHP,Base,CZ10,35.65,6400212024.867751
Eun,M1,cDXHP,Measure,CZ10,35.65,6425982968.668692
Eun,M1,cPTAC,Base,CZ10,35.65,6389183491.325031
Eun,M1,cPTAC,Measure,CZ10,35.65,6414828166.998602
Eun,M1,cPVVG,Base,CZ10,35.65,6014189876.487792
Eun,M1,cPVVG,Measure,CZ10,35.65,6084406705.200995
Eun,M2,cDXGF,Base,CZ10,35.65,5810654442.21106
Eun,M2,cDXGF,Measure,CZ10,35.65,5761448323.152737
Eun,M2,cDXHP,Base,CZ10,35.65,5810035537.268558
Eun,M2,cDXHP,Measure,CZ10,35.65,5760622023.708746
Eun,M2,cPTAC,Base,CZ10,35.65,5810661577.838896
Eun,M2,cPTAC,Measure,CZ10,35.65,5761448323.152659
Eun,M2,cPVVG,Base,CZ10,35.65,5299659479.071115
Eun,M2,cPVVG,Measure,CZ10,35.65,5268978253.668795
Eun,M3,cDXGF,Base,CZ10,35.65,5611984922.199253
Eun,M3,cDXGF,Measure,CZ10,35.65,5197748695.695329
Eun,M3,cDXHP,Base,CZ10,35.65,5598576985.148089
Eun,M3,cDXHP,Measure,CZ10,35.65,5183689255.6813135
Eun,M3,cPTAC,Base,CZ10,35.65,5611984922.198166
Eun,M3,cPTAC,Measure,CZ10,35.65,5197748695.694816
Eun,M3,cPVVG,Base,CZ10,35.65,5554644217.840713
Eun,M3,cPVVG,Measure,CZ10,35.65,5143700807.972338
Eun,M4,cDXGF,Base,CZ10,35.65,6389185955.940991
Eun,M4,cDXGF,Measure,CZ10,35.65,6414831513.340325
Eun,M4,cDXHP,Base,CZ10,35.65,6400212649.651301
Eun,M4,cDXHP,Measure,CZ10,35.65,6425993731.08178
Eun,M4,cPTAC,Base,CZ10,35.65,6389186887.249681
Eun,M4,cPTAC,Measure,CZ10,35.65,6414840631.221346
Eun,M4,cPVVG,Base,CZ10,35.65,6014190281.342966
Eun,M4,cPVVG,Measure,CZ10,35.65,6084434323.632634
Eun,M5,cDXGF,Base,CZ10,35.65,5957432243.05092
Eun,M5,cDXGF,Measure,CZ10,35.65,5491262177.74555
Eun,M5,cDXHP,Base,CZ10,35.65,5915267514.355503
Eun,M5,cDXHP,Measure,CZ10,35.65,5452736961.100297
Eun,M5,cPTAC,Base,CZ10,35.65,5957432243.02861
Eun,M5,cPTAC,Measure,CZ10,35.65,5491262177.732135
Eun,M5,cPVVG,Base,CZ10,35.65,5899748643.467649
Eun,M5,cPVVG,Measure,CZ10,35.65,5437331790.848447
Gro,M1,cDXGF,Base,CZ10,35.65,1466742522.8022485
Gro,M1,cDXGF,Measure,CZ10,35.65,1468248759.642783
Gro,M1,cDXHP,Base,CZ10,35.65,1468777576.1437616
Gro,M1,cDXHP,Measure,CZ10,35.65,1470253953.20927
Gro,M1,cPTAC,Base,CZ10,35.65,1466540146.034192
Gro,M1,cPTAC,Measure,CZ10,35.65,1468092368.8555443
Gro,M1,cPVVG,Base,CZ10,35.65,1435257506.4354413
Gro,M1,cPVVG,Measure,CZ10,35.65,1441994770.7970424
Gro,M2,cDXGF,Base,CZ10,35.65,1407863916.308719
Gro,M2,cDXGF,Measure,CZ10,35.65,1398585559.617684
Gro,M2,cDXHP,Base,CZ10,35.65,1408351141.429544
Gro,M2,cDXHP,Measure,CZ10,35.65,1399026479.5936515
Gro,M2,cPTAC,Base,CZ10,35.65,1407715977.8914273
Gro,M2,cPTAC,Measure,CZ10,35.65,1398422247.936668
Gro,M2,cPVVG,Base,CZ10,35.65,1360498150.5650065
Gro,M2,cPVVG,Measure,CZ10,35.65,1355925067.2168002
Gro,M3,cDXGF,Base,CZ10,35.65,1374025041.8515468
Gro,M3,cDXGF,Measure,CZ10,35.65,1337181811.8812058
Gro,M3,cDXHP,Base,CZ10,35.65,1372445350.8059752
Gro,M3,cDXHP,Measure,CZ10,35.65,1335625358.4828515
Gro,M3,cPTAC,Base,CZ10,35.65,1373704085.8030946
Gro,M3,cPTAC,Measure,CZ10,35.65,1336932510.574994
Gro,M3,cPVVG,Base,CZ10,35.65,1368712926.2736135
Gro,M3,cPVVG,Measure,CZ10,35.65,1332180513.6222506
Gro,M4,cDXGF,Base,CZ10,35.65,1466858822.904812
Gro,M4,cDXGF,Measure,CZ10,35.65,1468357297.1065383
Gro,M4,cDXHP,Base,CZ10,35.65,1468895714.7985406
Gro,M4,cDXHP,Measure,CZ10,35.65,1470363549.0222788
Gro,M4,cPTAC,Base,CZ10,35.65,1466658484.6294093
Gro,M4,cPTAC,Measure,CZ10,35.65,1468201521.677011
Gro,M4,cPVVG,Base,CZ10,35.65,1435390719.5772557
Gro,M4,cPVVG,Measure,CZ10,35.65,1442118053.3049524
Gro,M5,cDXGF,Base,CZ10,35.65,1445959820.3644607
Gro,M5,cDXGF,Measure,CZ10,35.65,1396646930.86418
Gro,M5,cDXHP,Base,CZ10,35.65,1441760477.7231293
Gro,M5,cDXHP,Measure,CZ10,35.65,1392848863.3812397
Gro,M5,cPTAC,Base,CZ10,35.65,1445567291.7072928
Gro,M5,cPTAC,Measure,CZ10,35.65,1396338356.4506254
Gro,M5,cPVVG,Base,CZ10,35.65,1441104002.3348863
Gro,M5,cPVVG,Measure,CZ10,35.65,1392112038.0406313
MBT,M1,cDXGF,Base,CZ10,35.65,2409065544.487452
MBT,M1,cDXGF,Measure,CZ10,35.65,2410739209.162841
MBT,M1,cDXHP,Base,CZ10,35.65,2414507445.122618
MBT,M1,cDXHP,Measure,CZ10,35.65,2416486799.6632385
MBT,M1,cPTAC,Base,CZ10,35.65,2409044335.6882405
MBT,M1,cPTAC,Measure,CZ10,35.65,2410717987.1345716
MBT,M1,cPVVG,Base,CZ10,35.65,2355202254.951073
MBT,M1,cPVVG,Measure,CZ10,35.65,2363905004.757006
MBT,M2,cDXGF,Base,CZ10,35.65,2347620948.3289924
MBT,M2,cDXGF,Measure,CZ10,35.65,2338099691.058571
MBT,M2,cDXHP,Base,CZ10,35.65,2344687742.872685
MBT,M2,cDXHP,Measure,CZ10,35.65,2335078362.368237
MBT,M2,cPTAC,Base,CZ10,35.65,2347620948.2204785
MBT,M2,cPTAC,Measure,CZ10,35.65,2338099691.051399
MBT,M2,cPVVG,Base,CZ10,35.65,2269184159.858064
MBT,M2,cPVVG,Measure,CZ10,35.65,2264441702.1044145
MBT,M3,cDXGF,Base,CZ10,35.65,2338508366.250016
MBT,M3,cDXGF,Measure,CZ10,35.65,2254505362.25358
MBT,M3,cDXHP,Base,CZ10,35.65,2330360934.4888434
MBT,M3,cDXHP,Measure,CZ10,35.65,2245747906.951405
MBT,M3,cPTAC,Base,CZ10,35.65,2338508366.245788
MBT,M3,cPTAC,Measure,CZ10,35.65,2254505362.2478275
MBT,M3,cPVVG,Base,CZ10,35.65,2327173889.8887043
MBT,M3,cPVVG,Measure,CZ10,35.65,2243804424.963109
MBT,M4,cDXGF,Base,CZ10,35.65,2409134610.565954
MBT,M4,cDXGF,Measure,CZ10,35.65,2410807730.014175
MBT,M4,cDXHP,Base,CZ10,35.65,2414469446.5750604
MBT,M4,cDXHP,Measure,CZ10,35.65,2416449366.7471786
MBT,M4,cPTAC,Base,CZ10,35.65,2409134610.5553937
MBT,M4,cPTAC,Measure,CZ10,35.65,2410807730.0163636
MBT,M4,cPVVG,Base,CZ10,35.65,2355275556.34149
MBT,M4,cPVVG,Measure,CZ10,35.65,2363978043.0993257
MBT,M5,cDXGF,Base,CZ10,35.65,2402033979.1288834
MBT,M5,cDXGF,Measure,CZ10,35.65,2307751549.85368
MBT,M5,cDXHP,Base,CZ10,35.65,2381779629.2958198
MBT,M5,cDXHP,Measure,CZ10,35.65,2288629813.8004594
MBT,M5,cPTAC,Base,CZ10,35.65,2402033979.125916
MBT,M5,cPTAC,Measure,CZ10,35.65,2307751549.849604
MBT,M5,cPVVG,Base,CZ10,35.65,2391563846.426371
MBT,M5,cPVVG,Measure,CZ10,35.65,2297916044.168268
MLI,M1,cDXGF,Base,CZ10,35.65,1057962274.7800453
MLI,M1,cDXGF,Measure,CZ10,35.65,1056169204.8341922
MLI,M1,cDXHP,Base,CZ10,35.65,1073033475.0001343
MLI,M1,cDXHP,Measure,CZ10,35.65,1070720137.9732375
MLI,M1,cPTAC,Base,CZ10,35.65,1057962274.7800641
MLI,M1,cPTAC,Measure,CZ10,35.65,1056169204.834194
MLI,M1,cPVVG,Base,CZ10,35.65,967726154.6189896
MLI,M1,cPVVG,Measure,CZ10,35.65,975165042.4100183
MLI,M2,cDXGF,Base,CZ10,35.65,974485822.6073205
MLI,M2,cDXGF,Measure,CZ10,35.65,962048561.3615539
MLI,M2,cDXHP,Base,CZ10,35.65,977561159.7557623
MLI,M2,cDXHP,Measure,CZ10,35.65,964402580.8108363
MLI,M2,cPTAC,Base,CZ10,35.65,974485822.6073604
MLI,M2,cPTAC,Measure,CZ10,35.65,962048561.3615937
MLI,M2,cPVVG,Base,CZ10,35.65,857477574.5996876
MLI,M2,cPVVG,Measure,CZ10,35.65,851906852.8760657
MLI,M3,cDXGF,Base,CZ10,35.65,931016231.4679883
MLI,M3,cDXGF,Measure,CZ10,35.65,844700820.0529705
MLI,M3,cDXHP,Base,CZ10,35.65,908465426.0741903
MLI,M3,cDXHP,Measure,CZ10,35.65,822095047.681294
MLI,M3,cPTAC,Base,CZ10,35.65,931017238.1263095
MLI,M3,cPTAC,Measure,CZ10,35.65,844701669.0007577
MLI,M3,cPVVG,Base,CZ10,35.65,907262307.9894937
MLI,M3,cPVVG,Measure,CZ10,35.65,822497006.2464608
MLI,M4,cDXGF,Base,CZ10,35.65,1057946801.1811447
MLI,M4,cDXGF,Measure,CZ10,35.65,1056152828.3917297
MLI,M4,cDXHP,Base,CZ10,35.65,1073020176.7646245
MLI,M4,cDXHP,Measure,CZ10,35.65,1070707622.0980376
MLI,M4,cPTAC,Base,CZ10,35.65,1057946801.1811252
MLI,M4,cPTAC,Measure,CZ10,35.65,1056152828.3917309
MLI,M4,cPVVG,Base,CZ10,35.65,967704631.3830721
MLI,M4,cPVVG,Measure,CZ10,35.65,975136335.9689707
MLI,M5,cDXGF,Base,CZ10,35.65,1026790777.5651783
MLI,M5,cDXGF,Measure,CZ10,35.65,925327680.5905323
MLI,M5,cDXHP,Base,CZ10,35.65,976970178.7091174
MLI,M5,cDXHP,Measure,CZ10,35.65,879217482.3196278
MLI,M5,cPTAC,Base,CZ10,35.65,1026790777.5651453
MLI,M5,cPTAC,Measure,CZ10,35.65,925327680.5904953
MLI,M5,cPVVG,Base,CZ10,35.65,997571482.7319863
MLI,M5,cPVVG,Measure,CZ10,35.65,898567564.8844883
OfS,M1,cDXGF,Base,CZ10,35.65,135674192.25272745
OfS,M1,cDXGF,Measure,CZ10,35.65,135115373.32379004
OfS,M1,cDXHP,Base,CZ10,35.65,135622843.68500587
OfS,M1,cDXHP,Measure,CZ10,35.65,135063169.08863598
OfS,M1,cPTAC,Base,CZ10,35.65,135672997.5214194
OfS,M1,cPTAC,Measure,CZ10,35.65,135114025.61258474
OfS,M1,cPVVG,Base,CZ10,35.65,124926126.81158811
OfS,M1,cPVVG,Measure,CZ10,35.65,125158959.64834431
OfS,M2,cDXGF,Base,CZ10,35.65,128807504.25066742
OfS,M2,cDXGF,Measure,CZ10,35.65,127578084.42347313
OfS,M2,cDXHP,Base,CZ10,35.65,128673060.17040573
OfS,M2,cDXHP,Measure,CZ10,35.65,127443202.8036786
OfS,M2,cPTAC,Base,CZ10,35.65,128807504.25066355
OfS,M2,cPTAC,Measure,CZ10,35.65,127578084.42347227
OfS,M2,cPVVG,Base,CZ10,35.65,115082715.13392515
OfS,M2,cPVVG,Measure,CZ10,35.65,114403220.87481147
OfS,M3,cDXGF,Base,CZ10,35.65,125072371.30359043
OfS,M3,cDXGF,Measure,CZ10,35.65,111166230.57533191
OfS,M3,cDXHP,Base,CZ10,35.65,124510970.26643434
OfS,M3,cDXHP,Measure,CZ10,35.65,110601418.322614
OfS,M3,cPTAC,Base,CZ10,35.65,125072371.30344273
OfS,M3,cPTAC,Measure,CZ10,35.65,111166230.57538135
OfS,M3,cPVVG,Base,CZ10,35.65,123140814.68234086
OfS,M3,cPVVG,Measure,CZ10,35.65,109342230.07363524
OfS,M4,cDXGF,Base,CZ10,35.65,135674338.97894642
OfS,M4,cDXGF,Measure,CZ10,35.65,135115559.99936882
OfS,M4,cDXHP,Base,CZ10,35.65,135620876.18418667
OfS,M4,cDXHP,Measure,CZ10,35.65,135061012.41673255
OfS,M4,cPTAC,Base,CZ10,35.65,135674349.56609616
OfS,M4,cPTAC,Measure,CZ10,35.65,135115559.99936637
OfS,M4,cPVVG,Base,CZ10,35.65,124926444.06409536
OfS,M4,cPVVG,Measure,CZ10,35.65,125159279.30239466
OfS,M5,cDXGF,Base,CZ10,35.65,131475874.4386104
OfS,M5,cDXGF,Measure,CZ10,35.65,116558795.9330446
OfS,M5,cDXHP,Base,CZ10,35.65,130703472.58175357
OfS,M5,cDXHP,Measure,CZ10,35.65,115811066.2934074
OfS,M5,cPTAC,Base,CZ10,35.65,131475874.31769449
OfS,M5,cPTAC,Measure,CZ10,35.65,116558795.85202922
OfS,M5,cPVVG,Base,CZ10,35.65,129630628.10926749
OfS,M5,cPVVG,Measure,CZ10,35.65,114821384.33649763
RFF,M1,cDXGF,Base,CZ10,35.65,56557422.51165616
RFF,M1,cDXGF,Measure,CZ10,35.65,56560820.890493274
RFF,M1,cDXHP,Base,CZ10,35.65,56733160.235467814
RFF,M1,cDXHP,Measure,CZ10,35.65,56736658.08994704
RFF,M1,cPTAC,Base,CZ10,35.65,56557422.51165665
RFF,M1,cPTAC,Measure,CZ10,35.65,56560820.890492655
RFF,M1,cPVVG,Base,CZ10,35.65,54463714.38723921
RFF,M1,cPVVG,Measure,CZ10,35.65,54557669.12936468
RFF,M2,cDXGF,Base,CZ10,35.65,53880263.17910465
RFF,M2,cDXGF,Measure,CZ10,35.65,53744530.142971285
RFF,M2,cDXHP,Base,CZ10,35.65,53894591.77144212
RFF,M2,cDXHP,Measure,CZ10,35.65,53756555.951267086
RFF,M2,cPTAC,Base,CZ10,35.65,53880263.17910614
RFF,M2,cPTAC,Measure,CZ10,35.65,53744530.142969325
RFF,M2,cPVVG,Base,CZ10,35.65,50774105.54006903
RFF,M2,cPVVG,Measure,CZ10,35.65,50705115.46285774
RFF,M3,cDXGF,Base,CZ10,35.65,54062305.13445563
RFF,M3,cDXGF,Measure,CZ10,35.65,50253871.5394826
RFF,M3,cDXHP,Base,CZ10,35.65,53930134.106914856
RFF,M3,cDXHP,Measure,CZ10,35.65,50096160.14017028
RFF,M3,cPTAC,Base,CZ10,35.65,54062305.13444985
RFF,M3,cPTAC,Measure,CZ10,35.65,50253871.53947894
RFF,M3,cPVVG,Base,CZ10,35.65,53605763.756577015
RFF,M3,cPVVG,Measure,CZ10,35.65,49822644.76961716
RFF,M4,cDXGF,Base,CZ10,35.65,56560936.01133703
RFF,M4,cDXGF,Measure,CZ10,35.65,56564218.80999967
RFF,M4,cDXHP,Base,CZ10,35.65,56736522.099620804
RFF,M4,cDXHP,Measure,CZ10,35.65,56740001.88634146
RFF,M4,cPTAC,Base,CZ10,35.65,56560936.01133883
RFF,M4,cPTAC,Measure,CZ10,35.65,56564218.80999992
RFF,M4,cPVVG,Base,CZ10,35.65,54466924.227924176
RFF,M4,cPVVG,Measure,CZ10,35.65,54560904.442042544
RFF,M5,cDXGF,Base,CZ10,35.65,56532866.52766807
RFF,M5,cDXGF,Measure,CZ10,35.65,52320184.53108313
RFF,M5,cDXHP,Base,CZ10,35.65,56006468.15322839
RFF,M5,cDXHP,Measure,CZ10,35.65,51826755.51223599
RFF,M5,cPTAC,Base,CZ10,35.65,56532866.52763692
RFF,M5,cPTAC,Measure,CZ10,35.65,52320184.53105699
RFF,M5,cPVVG,Base,CZ10,35.65,56129444.31653104
RFF,M5,cPVVG,Measure,CZ10,35.65,51940670.9938267
Rt3,M1,cDXGF,Base,CZ10,35.65,2078854379.9689941
Rt3,M1,cDXGF,Measure,CZ10,35.65,2088010657.5012546
Rt3,M1,cDXHP,Base,CZ10,35.65,2097397343.6491945
Rt3,M1,cDXHP,Measure,CZ10,35.65,2107689739.653535
Rt3,M1,cPTAC,Base,CZ10,35.65,2078854379.9622977
Rt3,M1,cPTAC,Measure,CZ10,35.65,2088010657.495725
Rt3,M1,cPVVG,Base,CZ10,35.65,1987099584.2645576
Rt3,M1,cPVVG,Measure,CZ10,35.65,2015657948.9337158
Rt3,M2,cDXGF,Base,CZ10,35.65,1943751474.5257604
Rt3,M2,cDXGF,Measure,CZ10,35.65,1920721364.7379518
Rt3,M2,cDXHP,Base,CZ10,35.65,1943870241.9999774
Rt3,M2,cDXHP,Measure,CZ10,35.65,1920432844.8023632
Rt3,M2,cPTAC,Base,CZ10,35.65,1943751474.5257018
Rt3,M2,cPTAC,Measure,CZ10,35.65,1920721364.737373
Rt3,M2,cPVVG,Base,CZ10,35.65,1809272273.8080993
Rt3,M2,cPVVG,Measure,CZ10,35.65,1793687951.9400575
Rt3,M3,cDXGF,Base,CZ10,35.65,1937550142.2731867
Rt3,M3,cDXGF,Measure,CZ10,35.65,1776309456.5052984
Rt3,M3,cDXHP,Base,CZ10,35.65,1925436108.3330474
Rt3,M3,cDXHP,Measure,CZ10,35.65,1763244288.4198067
Rt3,M3,cPTAC,Base,CZ10,35.65,1937550142.2458863
Rt3,M3,cPTAC,Measure,CZ10,35.65,1776309456.4826622
Rt3,M3,cPVVG,Base,CZ10,35.65,1918836633.8123355
Rt3,M3,cPVVG,Measure,CZ10,35.65,1758626419.1473715
Rt3,M4,cDXGF,Base,CZ10,35.65,2078854433.611696
Rt3,M4,cDXGF,Measure,CZ10,35.65,2088013393.7840893
Rt3,M4,cDXHP,Base,CZ10,35.65,2097397538.7798848
Rt3,M4,cDXHP,Measure,CZ10,35.65,2107692267.8686767
Rt3,M4,cPTAC,Base,CZ10,35.65,2078854433.6047235
Rt3,M4,cPTAC,Measure,CZ10,35.65,2088013393.7786958
Rt3,M4,cPVVG,Base,CZ10,35.65,1987098912.47956
Rt3,M4,cPVVG,Measure,CZ10,35.65,2015675684.1836143
Rt3,M5,cDXGF,Base,CZ10,35.65,2104755075.1990383
Rt3,M5,cDXGF,Measure,CZ10,35.65,1916768254.2746937
Rt3,M5,cDXHP,Base,CZ10,35.65,2068586644.6671224
Rt3,M5,cDXHP,Measure,CZ10,35.65,1883010118.3174918
Rt3,M5,cPTAC,Base,CZ10,35.65,2104755075.1762128
Rt3,M5,cPTAC,Measure,CZ10,35.65,1916768254.2557907
Rt3,M5,cPVVG,Base,CZ10,35.65,2089484120.9979482
Rt3,M5,cPVVG,Measure,CZ10,35.65,1902420160.3868554
RtL,M1,cDXGF,Base,CZ10,35.65,2008032909.7225263
RtL,M1,cDXGF,Measure,CZ10,35.65,2016756254.4641085
RtL,M1,cDXHP,Base,CZ10,35.65,2010532021.2821238
RtL,M1,cDXHP,Measure,CZ10,35.65,2019365523.5198038
RtL,M1,cPTAC,Base,CZ10,35.65,2008040276.336766
RtL,M1,cPTAC,Measure,CZ10,35.65,2016764645.8330731
RtL,M1,cPVVG,Base,CZ10,35.65,1916971725.9044735
RtL,M1,cPVVG,Measure,CZ10,35.65,1945695399.8061256
RtL,M2,cDXGF,Base,CZ10,35.65,1856947706.335054
RtL,M2,cDXGF,Measure,CZ10,35.65,1833477997.8229651
RtL,M2,cDXHP,Base,CZ10,35.65,1856192928.1128352
RtL,M2,cDXHP,Measure,CZ10,35.65,1832634164.2428312
RtL,M2,cPTAC,Base,CZ10,35.65,1856947706.3350475
RtL,M2,cPTAC,Measure,CZ10,35.65,1833477997.822944
RtL,M2,cPVVG,Base,CZ10,35.65,1730345800.7863035
RtL,M2,cPVVG,Measure,CZ10,35.65,1716904930.9204798
RtL,M3,cDXGF,Base,CZ10,35.65,1867565717.2474635
RtL,M3,cDXGF,Measure,CZ10,35.65,1716158197.0116158
RtL,M3,cDXHP,Base,CZ10,35.65,1865228890.169964
RtL,M3,cDXHP,Measure,CZ10,35.65,1713547662.4852216
RtL,M3,cPTAC,Base,CZ10,35.65,1867565717.2473876
RtL,M3,cPTAC,Measure,CZ10,35.65,1716158197.0115523
RtL,M3,cPVVG,Base,CZ10,35.65,1850109981.7954545
RtL,M3,cPVVG,Measure,CZ10,35.65,1699681410.9306502
RtL,M4,cDXGF,Base,CZ10,35.65,2008167942.3760245
RtL,M4,cDXGF,Measure,CZ10,35.65,2016938571.5919583
RtL,M4,cDXHP,Base,CZ10,35.65,2010668757.764337
RtL,M4,cDXHP,Measure,CZ10,35.65,2019548764.3574982
RtL,M4,cPTAC,Base,CZ10,35.65,2008167942.3760126
RtL,M4,cPTAC,Measure,CZ10,35.65,2016938571.5919523
RtL,M4,cPVVG,Base,CZ10,35.65,1917164039.5794785
RtL,M4,cPVVG,Measure,CZ10,35.65,1945891538.9130125
RtL,M5,cDXGF,Base,CZ10,35.65,2017851901.491033
RtL,M5,cDXGF,Measure,CZ10,35.65,1840996422.6313214
RtL,M5,cDXHP,Base,CZ10,35.65,2010450496.920933
RtL,M5,cDXHP,Measure,CZ10,35.65,1834027106.0990913
RtL,M5,cPTAC,Base,CZ10,35.65,2017851901.490986
RtL,M5,cPTAC,Measure,CZ10,35.65,1840996422.6313002
RtL,M5,cPVVG,Base,CZ10,35.65,2002504436.9380624
RtL,M5,cPVVG,Measure,CZ10,35.65,1826600404.7222722
RtS,M1,cDXGF,Base,CZ10,35.65,138644015.68241435
RtS,M1,cDXGF,Measure,CZ10,35.65,138716609.27277002
RtS,M1,cDXHP,Base,CZ10,35.65,139006206.1912135
RtS,M1,cDXHP,Measure,CZ10,35.65,139078050.00925967
RtS,M1,cPTAC,Base,CZ10,35.65,138644015.67951056
RtS,M1,cPTAC,Measure,CZ10,35.65,138716609.27236897
RtS,M1,cPVVG,Base,CZ10,35.65,131879074.07096456
RtS,M1,cPVVG,Measure,CZ10,35.65,133008407.43977259
RtS,M2,cDXGF,Base,CZ10,35.65,129346403.95211406
RtS,M2,cDXGF,Measure,CZ10,35.65,127860102.85538977
RtS,M2,cDXHP,Base,CZ10,35.65,129390998.44089125
RtS,M2,cDXHP,Measure,CZ10,35.65,127895485.45152378
RtS,M2,cPTAC,Base,CZ10,35.65,129346403.9521095
RtS,M2,cPTAC,Measure,CZ10,35.65,127860108.0381153
RtS,M2,cPVVG,Base,CZ10,35.65,119266421.17494044
RtS,M2,cPVVG,Measure,CZ10,35.65,118351000.51654275
RtS,M3,cDXGF,Base,CZ10,35.65,130110151.31936578
RtS,M3,cDXGF,Measure,CZ10,35.65,117378045.25052829
RtS,M3,cDXHP,Base,CZ10,35.65,129982902.15243132
RtS,M3,cDXHP,Measure,CZ10,35.65,117230771.76461421
RtS,M3,cPTAC,Base,CZ10,35.65,130110151.31926875
RtS,M3,cPTAC,Measure,CZ10,35.65,117378045.25044832
RtS,M3,cPVVG,Base,CZ10,35.65,128712411.98101856
RtS,M3,cPVVG,Measure,CZ10,35.65,116056877.53739314
RtS,M4,cDXGF,Base,CZ10,35.65,138644025.80314583
RtS,M4,cDXGF,Measure,CZ10,35.65,138716639.05548424
RtS,M4,cDXHP,Base,CZ10,35.65,139006209.77463496
RtS,M4,cDXHP,Measure,CZ10,35.65,139078080.3248415
RtS,M4,cPTAC,Base,CZ10,35.65,138644025.80022874
RtS,M4,cPTAC,Measure,CZ10,35.65,138716639.05508345
RtS,M4,cPVVG,Base,CZ10,35.65,131879092.97038533
RtS,M4,cPVVG,Measure,CZ10,35.65,133008485.93505058
RtS,M5,cDXGF,Base,CZ10,35.65,140760407.62824112
RtS,M5,cDXGF,Measure,CZ10,35.65,126264895.3606378
RtS,M5,cDXHP,Base,CZ10,35.65,140700420.51087192
RtS,M5,cDXHP,Measure,CZ10,35.65,126165199.96044931
RtS,M5,cPTAC,Base,CZ10,35.65,140760379.20445517
RtS,M5,cPTAC,Measure,CZ10,35.65,126264872.43317525
RtS,M5,cPVVG,Base,CZ10,35.65,139601614.44725794
RtS,M5,cPVVG,Measure,CZ10,35.65,125174123.99446997
SCn,M1,cDXGF,Base,CZ10,35.65,2210354194.478557
SCn,M1,cDXGF,Measure,CZ10,35.65,2228184661.872418
SCn,M1,cDXHP,Base,CZ10,35.65,2210354194.469687
SCn,M1,cDXHP,Measure,CZ10,35.65,2228184661.872271
SCn,M1,cPTAC,Base,CZ10,35.65,2210354190.8301167
SCn,M1,cPTAC,Measure,CZ10,35.65,2228184661.7950125
SCn,M1,cPVVG,Base,CZ10,35.65,2197066324.9220376
SCn,M1,cPVVG,Measure,CZ10,35.65,2223156814.458915
SCn,M2,cDXGF,Base,CZ10,35.65,2076236246.309548
SCn,M2,cDXGF,Measure,CZ10,35.65,2062088537.7692344
SCn,M2,cDXHP,Base,CZ10,35.65,2076236246.3500314
SCn,M2,cDXHP,Measure,CZ10,35.65,2062088537.7692158
SCn,M2,cPTAC,Base,CZ10,35.65,2076236246.3500745
SCn,M2,cPTAC,Measure,CZ10,35.65,2062088537.769244
SCn,M2,cPVVG,Base,CZ10,35.65,2040870834.18897
SCn,M2,cPVVG,Measure,CZ10,35.65,2032569568.565893
SCn,M3,cDXGF,Base,CZ10,35.65,2220387337.8642335
SCn,M3,cDXGF,Measure,CZ10,35.65,1998817826.9375732
SCn,M3,cDXHP,Base,CZ10,35.65,2220387337.0191565
SCn,M3,cDXHP,Measure,CZ10,35.65,1998817826.2346969
SCn,M3,cPTAC,Base,CZ10,35.65,2220387337.864185
SCn,M3,cPTAC,Measure,CZ10,35.65,1998817826.93755
SCn,M3,cPVVG,Base,CZ10,35.65,2212665615.8657613
SCn,M3,cPVVG,Measure,CZ10,35.65,1991473334.5603812
SCn,M4,cDXGF,Base,CZ10,35.65,2210353856.8993444
SCn,M4,cDXGF,Measure,CZ10,35.65,2228183973.7798414
SCn,M4,cDXHP,Base,CZ10,35.65,2210353856.8888173
SCn,M4,cDXHP,Measure,CZ10,35.65,2228183973.7796645
SCn,M4,cPTAC,Base,CZ10,35.65,2210353852.897515
SCn,M4,cPTAC,Measure,CZ10,35.65,2228183973.700642
SCn,M4,cPVVG,Base,CZ10,35.65,2197066355.402987
SCn,M4,cPVVG,Measure,CZ10,35.65,2223157223.0425005
SCn,M5,cDXGF,Base,CZ10,35.65,2487498108.7068715
SCn,M5,cDXGF,Measure,CZ10,35.65,2218230950.6908746
SCn,M5,cDXHP,Base,CZ10,35.65,2487498108.701067
SCn,M5,cDXHP,Measure,CZ10,35.65,2218230950.6858068
SCn,M5,cPTAC,Base,CZ10,35.65,2487498108.7010183
SCn,M5,cPTAC,Measure,CZ10,35.65,2218230950.6859274
SCn,M5,cPVVG,Base,CZ10,35.65,2486153003.0541053
SCn,M5,cPVVG,Measure,CZ10,35.65,2216957446.951316
Asm,M1,cDXGF,Base,CZ11,37.705000000000005,832910289.429804
Asm,M1,cDXGF,Measure,CZ11,37.705000000000005,838576663.0757622
Asm,M1,cDXHP,Base,CZ11,37.705000000000005,833136513.6445613
Asm,M1,cDXHP,Measure,CZ11,37.705000000000005,838804390.0515485
Asm,M1,cPTAC,Base,CZ11,37.705000000000005,832910289.4268067
Asm,M1,cPTAC,Measure,CZ11,37.705000000000005,838576663.0715699
Asm,M1,cPVVG,Base,CZ11,37.705000000000005,808819663.2210214
Asm,M1,cPVVG,Measure,CZ11,37.705000000000005,818995689.5078424
Asm,M2,cDXGF,Base,CZ11,37.705000000000005,671482127.2358495
Asm,M2,cDXGF,Measure,CZ11,37.705000000000005,671170139.99198
Asm,M2,cDXHP,Base,CZ11,37.705000000000005,671612971.6201574
Asm,M2,cDXHP,Measure,CZ11,37.705000000000005,671299785.0967602
Asm,M2,cPTAC,Base,CZ11,37.705000000000005,671482127.235855
Asm,M2,cPTAC,Measure,CZ11,37.705000000000005,671170139.9919927
Asm,M2,cPVVG,Base,CZ11,37.705000000000005,617501034.8974874
Asm,M2,cPVVG,Measure,CZ11,37.705000000000005,617297411.4170521
Asm,M3,cDXGF,Base,CZ11,37.705000000000005,693438805.6230075
Asm,M3,cDXGF,Measure,CZ11,37.705000000000005,609864621.9791533
Asm,M3,cDXHP,Base,CZ11,37.705000000000005,693174716.6385522
Asm,M3,cDXHP,Measure,CZ11,37.705000000000005,609568264.7805711
Asm,M3,cPTAC,Base,CZ11,37.705000000000005,693438805.6230043
Asm,M3,cPTAC,Measure,CZ11,37.705000000000005,609864621.9791586
Asm,M3,cPVVG,Base,CZ11,37.705000000000005,685044967.1265633
Asm,M3,cPVVG,Measure,CZ11,37.705000000000005,601960515.6473871
Asm,M4,cDXGF,Base,CZ11,37.705000000000005,832910458.5106479
Asm,M4,cDXGF,Measure,CZ11,37.705000000000005,838576307.6885395
Asm,M4,cDXHP,Base,CZ11,37.705000000000005,833136701.5552044
Asm,M4,cDXHP,Measure,CZ11,37.705000000000005,838803998.8763562
Asm,M4,cPTAC,Base,CZ11,37.705000000000005,832910458.5076483
Asm,M4,cPTAC,Measure,CZ11,37.705000000000005,838576307.6843904
Asm,M4,cPVVG,Base,CZ11,37.705000000000005,808819961.6315447
Asm,M4,cPVVG,Measure,CZ11,37.705000000000005,818995246.9788238
Asm,M5,cDXGF,Base,CZ11,37.705000000000005,895937880.2561772
Asm,M5,cDXGF,Measure,CZ11,37.705000000000005,777314274.8889635
Asm,M5,cDXHP,Base,CZ11,37.705000000000005,895413794.3349938
Asm,M5,cDXHP,Measure,CZ11,37.705000000000005,776788540.777131
Asm,M5,cPTAC,Base,CZ11,37.705000000000005,895937880.2561642
Asm,M5,cPTAC,Measure,CZ11,37.705000000000005,777314274.8889673
Asm,M5,cPVVG,Base,CZ11,37.705000000000005,890196900.7428111
Asm,M5,cPVVG,Measure,CZ11,37.705000000000005,772024107.3367463
ECC,M1,cDXGF,Base,CZ11,37.705000000000005,2217896236.374433
ECC,M1,cDXGF,Measure,CZ11,37.705000000000005,2115735502.539883
ECC,M1,cDXHP,Base,CZ11,37.705000000000005,2220581625.882299
ECC,M1,cDXHP,Measure,CZ11,37.705000000000005,2118135676.2588594
ECC,M1,cPTAC,Base,CZ11,37.705000000000005,2217896236.3404894
ECC,M1,cPTAC,Measure,CZ11,37.705000000000005,2115735502.5250769
ECC,M1,cPVVG,Base,CZ11,37.705000000000005,2043230444.4770904
ECC,M1,cPVVG,Measure,CZ11,37.705000000000005,1981635709.4950478
ECC,M2,cDXGF,Base,CZ11,37.705000000000005,1902263785.2750723
ECC,M2,cDXGF,Measure,CZ11,37.705000000000005,1842172452.3410118
ECC,M2,cDXHP,Base,CZ11,37.705000000000005,1900533231.6713512
ECC,M2,cDXHP,Measure,CZ11,37.705000000000005,1841915420.0256984
ECC,M2,cPTAC,Base,CZ11,37.705000000000005,1902263785.2761955
ECC,M2,cPTAC,Measure,CZ11,37.705000000000005,1842172452.3396895
ECC,M2,cPVVG,Base,CZ11,37.705000000000005,1668516419.3405366
ECC,M2,cPVVG,Measure,CZ11,37.705000000000005,1645930035.2870376
ECC,M3,cDXGF,Base,CZ11,37.705000000000005,1767491280.8183658
ECC,M3,cDXGF,Measure,CZ11,37.705000000000005,1604834061.4012637
ECC,M3,cDXHP,Base,CZ11,37.705000000000005,1759616578.2568154
ECC,M3,cDXHP,Measure,CZ11,37.705000000000005,1596207200.0278878
ECC,M3,cPTAC,Base,CZ11,37.705000000000005,1767491280.822994
ECC,M3,cPTAC,Measure,CZ11,37.705000000000005,1604834061.4018707
ECC,M3,cPVVG,Base,CZ11,37.705000000000005,1745523559.1695356
ECC,M3,cPVVG,Measure,CZ11,37.705000000000005,1585341695.3498971
ECC,M4,cDXGF,Base,CZ11,37.705000000000005,2217895370.4207087
ECC,M4,cDXGF,Measure,CZ11,37.705000000000005,2115735505.4199224
ECC,M4,cDXHP,Base,CZ11,37.705000000000005,2220581235.186702
ECC,M4,cDXHP,Measure,CZ11,37.705000000000005,2118136272.8176742
ECC,M4,cPTAC,Base,CZ11,37.705000000000005,2217895370.4134755
ECC,M4,cPTAC,Measure,CZ11,37.705000000000005,2115735505.4220464
ECC,M4,cPVVG,Base,CZ11,37.705000000000005,2043229656.687567
ECC,M4,cPVVG,Measure,CZ11,37.705000000000005,1981629620.5036466
ECC,M5,cDXGF,Base,CZ11,37.705000000000005,1991518079.2057254
ECC,M5,cDXGF,Measure,CZ11,37.705000000000005,1787935236.6685255
ECC,M5,cDXHP,Base,CZ11,37.705000000000005,1969615514.6590292
ECC,M5,cDXHP,Measure,CZ11,37.705000000000005,1767719086.2320795
ECC,M5,cPTAC,Base,CZ11,37.705000000000005,1991518079.2049696
ECC,M5,cPTAC,Measure,CZ11,37.705000000000005,1787935236.6886091
ECC,M5,cPVVG,Base,CZ11,37.705000000000005,1967860772.8101454
ECC,M5,cPVVG,Measure,CZ11,37.705000000000005,1767600662.6120682
Epr,M1,cDXGF,Base,CZ11,37.705000000000005,340201704.6196271
Epr,M1,cDXGF,Measure,CZ11,37.705000000000005,325530568.2005288
Epr,M1,cDXHP,Base,CZ11,37.705000000000005,341047217.54469734
Epr,M1,cDXHP,Measure,CZ11,37.705000000000005,326315248.1600933
Epr,M1,cPTAC,Base,CZ11,37.705000000000005,340201704.60035115
Epr,M1,cPTAC,Measure,CZ11,37.705000000000005,325530568.1958832
Epr,M1,cPVVG,Base,CZ11,37.705000000000005,314019186.3091894
Epr,M1,cPVVG,Measure,CZ11,37.705000000000005,305645096.5414137
Epr,M2,cDXGF,Base,CZ11,37.705000000000005,274438883.7823319
Epr,M2,cDXGF,Measure,CZ11,37.705000000000005,266332084.1068422
Epr,M2,cDXHP,Base,CZ11,37.705000000000005,274126182.8591694
Epr,M2,cDXHP,Measure,CZ11,37.705000000000005,266176894.0092862
Epr,M2,cPTAC,Base,CZ11,37.705000000000005,274438689.38851166
Epr,M2,cPTAC,Measure,CZ11,37.705000000000005,266331760.4861468
Epr,M2,cPVVG,Base,CZ11,37.705000000000005,236129552.170221
Epr,M2,cPVVG,Measure,CZ11,37.705000000000005,233539849.38140133
Epr,M3,cDXGF,Base,CZ11,37.705000000000005,253895217.20589653
Epr,M3,cDXGF,Measure,CZ11,37.705000000000005,226679866.4071617
Epr,M3,cDXHP,Base,CZ11,37.705000000000005,252639750.38788
Epr,M3,cDXHP,Measure,CZ11,37.705000000000005,225231359.80259356
Epr,M3,cPTAC,Base,CZ11,37.705000000000005,253896369.5508644
Epr,M3,cPTAC,Measure,CZ11,37.705000000000005,226679866.40598422
Epr,M3,cPVVG,Base,CZ11,37.705000000000005,250336606.5545527
Epr,M3,cPVVG,Measure,CZ11,37.705000000000005,223493652.29335323
Epr,M4,cDXGF,Base,CZ11,37.705000000000005,340201717.4994408
Epr,M4,cDXGF,Measure,CZ11,37.705000000000005,325530252.8450363
Epr,M4,cDXHP,Base,CZ11,37.705000000000005,341047071.29000837
Epr,M4,cDXHP,Measure,CZ11,37.705000000000005,326314827.8940857
Epr,M4,cPTAC,Base,CZ11,37.705000000000005,340201718.01384187
Epr,M4,cPTAC,Measure,CZ11,37.705000000000005,325530543.6467079
Epr,M4,cPVVG,Base,CZ11,37.705000000000005,314019006.63963497
Epr,M4,cPVVG,Measure,CZ11,37.705000000000005,305645000.1010304
Epr,M5,cDXGF,Base,CZ11,37.705000000000005,302917265.0589782
Epr,M5,cDXGF,Measure,CZ11,37.705000000000005,266876566.54298082
Epr,M5,cDXHP,Base,CZ11,37.705000000000005,297803977.46188277
Epr,M5,cDXHP,Measure,CZ11,37.705000000000005,262157477.54526627
Epr,M5,cPTAC,Base,CZ11,37.705000000000005,302917265.0590817
Epr,M5,cPTAC,Measure,CZ11,37.705000000000005,266876566.54253724
Epr,M5,cPVVG,Base,CZ11,37.705000000000005,299138524.6162188
Epr,M5,cPVVG,Measure,CZ11,37.705000000000005,263641959.56708157
ERC,M1,cDXGF,Base,CZ11,37.705000000000005,14796481.644605113
ERC,M1,cDXGF,Measure,CZ11,37.705000000000005,14000596.849273486
ERC,M1,cDXHP,Base,CZ11,37.705000000000005,14808479.677579284
ERC,M1,cDXHP,Measure,CZ11,37.705000000000005,14010887.28644946
ERC,M1,cPTAC,Base,CZ11,37.705000000000005,14796481.610443687
ERC,M1,cPTAC,Measure,CZ11,37.705000000000005,14000596.849277603
ERC,M1,cPVVG,Base,CZ11,37.705000000000005,13432566.534963967
ERC,M1,cPVVG,Measure,CZ11,37.705000000000005,12901938.639727972
ERC,M2,cDXGF,Base,CZ11,37.705000000000005,12178039.81617778
ERC,M2,cDXGF,Measure,CZ11,37.705000000000005,11656504.510405816
ERC,M2,cDXHP,Base,CZ11,37.705000000000005,12155257.14482754
ERC,M2,cDXHP,Measure,CZ11,37.705000000000005,11644204.527103785
ERC,M2,cPTAC,Base,CZ11,37.705000000000005,12178039.816177228
ERC,M2,cPTAC,Measure,CZ11,37.705000000000005,11656504.510405533
ERC,M2,cPVVG,Base,CZ11,37.705000000000005,10294439.216877308
ERC,M2,cPVVG,Measure,CZ11,37.705000000000005,10037708.144172221
ERC,M3,cDXGF,Base,CZ11,37.705000000000005,11384391.166922485
ERC,M3,cDXGF,Measure,CZ11,37.705000000000005,9724896.435436422
ERC,M3,cDXHP,Base,CZ11,37.705000000000005,11319360.09719283
ERC,M3,cDXHP,Measure,CZ11,37.705000000000005,9649223.356614912
ERC,M3,cPTAC,Base,CZ11,37.705000000000005,11384391.16692379
ERC,M3,cPTAC,Measure,CZ11,37.705000000000005,9724896.43542665
ERC,M3,cPVVG,Base,CZ11,37.705000000000005,11179012.361749921
ERC,M3,cPVVG,Measure,CZ11,37.705000000000005,9546893.808742536
ERC,M4,cDXGF,Base,CZ11,37.705000000000005,14796478.171248145
ERC,M4,cDXGF,Measure,CZ11,37.705000000000005,14000588.866165357
ERC,M4,cDXHP,Base,CZ11,37.705000000000005,14808472.726094302
ERC,M4,cDXHP,Measure,CZ11,37.705000000000005,14010885.18278179
ERC,M4,cPTAC,Base,CZ11,37.705000000000005,14796478.140504183
ERC,M4,cPTAC,Measure,CZ11,37.705000000000005,14000588.86616951
ERC,M4,cPVVG,Base,CZ11,37.705000000000005,13432557.259847783
ERC,M4,cPVVG,Measure,CZ11,37.705000000000005,12901936.867588688
ERC,M5,cDXGF,Base,CZ11,37.705000000000005,13504068.171736594
ERC,M5,cDXGF,Measure,CZ11,37.705000000000005,11424930.735875377
ERC,M5,cDXHP,Base,CZ11,37.705000000000005,13347756.994020551
ERC,M5,cDXHP,Measure,CZ11,37.705000000000005,11278994.184874468
ERC,M5,cPTAC,Base,CZ11,37.705000000000005,13504068.171737617
ERC,M5,cPTAC,Measure,CZ11,37.705000000000005,11424930.735861719
ERC,M5,cPVVG,Base,CZ11,37.705000000000005,13286756.292489378
ERC,M5,cPVVG,Measure,CZ11,37.705000000000005,11243262.325340832
Ese,M1,cDXGF,Base,CZ11,37.705000000000005,987615267.0277517
Ese,M1,cDXGF,Measure,CZ11,37.705000000000005,968096997.0730077
Ese,M1,cDXHP,Base,CZ11,37.705000000000005,988757165.0966308
Ese,M1,cDXHP,Measure,CZ11,37.705000000000005,969193941.7930406
Ese,M1,cPTAC,Base,CZ11,37.705000000000005,987615267.0274901
Ese,M1,cPTAC,Measure,CZ11,37.705000000000005,968096997.072994
Ese,M1,cPVVG,Base,CZ11,37.705000000000005,962338384.5695161
Ese,M1,cPVVG,Measure,CZ11,37.705000000000005,947431920.4084681
Ese,M2,cDXGF,Base,CZ11,37.705000000000005,802478046.2353085
Ese,M2,cDXGF,Measure,CZ11,37.705000000000005,789024275.4609231
Ese,M2,cDXHP,Base,CZ11,37.705000000000005,802216944.235185
Ese,M2,cDXHP,Measure,CZ11,37.705000000000005,789067470.8929713
Ese,M2,cPTAC,Base,CZ11,37.705000000000005,802478046.2353114
Ese,M2,cPTAC,Measure,CZ11,37.705000000000005,789024275.4608301
Ese,M2,cPVVG,Base,CZ11,37.705000000000005,766755661.1917907
Ese,M2,cPVVG,Measure,CZ11,37.705000000000005,757857572.3187443
Ese,M3,cDXGF,Base,CZ11,37.705000000000005,778902549.449469
Ese,M3,cDXGF,Measure,CZ11,37.705000000000005,749273946.1345482
Ese,M3,cDXHP,Base,CZ11,37.705000000000005,777005551.8603337
Ese,M3,cDXHP,Measure,CZ11,37.705000000000005,747184089.2962327
Ese,M3,cPTAC,Base,CZ11,37.705000000000005,778902549.4494416
Ese,M3,cPTAC,Measure,CZ11,37.705000000000005,749273946.1347084
Ese,M3,cPVVG,Base,CZ11,37.705000000000005,774951667.7970191
Ese,M3,cPVVG,Measure,CZ11,37.705000000000005,745764201.0126435
Ese,M4,cDXGF,Base,CZ11,37.705000000000005,987615228.77473
Ese,M4,cDXGF,Measure,CZ11,37.705000000000005,968097000.0018115
Ese,M4,cDXHP,Base,CZ11,37.705000000000005,988757124.8738339
Ese,M4,cDXHP,Measure,CZ11,37.705000000000005,969193936.4325976
Ese,M4,cPTAC,Base,CZ11,37.705000000000005,987615228.774507
Ese,M4,cPTAC,Measure,CZ11,37.705000000000005,968097000.0017903
Ese,M4,cPVVG,Base,CZ11,37.705000000000005,962338329.0600624
Ese,M4,cPVVG,Measure,CZ11,37.705000000000005,947431962.6874942
Ese,M5,cDXGF,Base,CZ11,37.705000000000005,935539578.7482452
Ese,M5,cDXGF,Measure,CZ11,37.705000000000005,896136271.9955239
Ese,M5,cDXHP,Base,CZ11,37.705000000000005,930444984.7904879
Ese,M5,cDXHP,Measure,CZ11,37.705000000000005,891416892.0921388
Ese,M5,cPTAC,Base,CZ11,37.705000000000005,935539578.7483977
Ese,M5,cPTAC,Measure,CZ11,37.705000000000005,896089793.9042001
Ese,M5,cPVVG,Base,CZ11,37.705000000000005,931543894.6233052
Ese,M5,cPVVG,Measure,CZ11,37.705000000000005,892706603.7873904
Eun,M1,cDXGF,Base,CZ11,37.705000000000005,6479854578.380473
Eun,M1,cDXGF,Measure,CZ11,37.705000000000005,6174440792.793325
Eun,M1,cDXHP,Base,CZ11,37.705000000000005,6485530944.329946
Eun,M1,cDXHP,Measure,CZ11,37.705000000000005,6179430884.72073
Eun,M1,cPTAC,Base,CZ11,37.705000000000005,6479854205.57435
Eun,M1,cPTAC,Measure,CZ11,37.705000000000005,6174429303.529201
Eun,M1,cPVVG,Base,CZ11,37.705000000000005,6056727632.821592
Eun,M1,cPVVG,Measure,CZ11,37.705000000000005,5858760185.848742
Eun,M2,cDXGF,Base,CZ11,37.705000000000005,5737340589.405534
Eun,M2,cDXGF,Measure,CZ11,37.705000000000005,5548880377.098887
Eun,M2,cDXHP,Base,CZ11,37.705000000000005,5736158121.974789
Eun,M2,cDXHP,Measure,CZ11,37.705000000000005,5551182472.355445
Eun,M2,cPTAC,Base,CZ11,37.705000000000005,5737336347.344956
Eun,M2,cPTAC,Measure,CZ11,37.705000000000005,5548880377.092358
Eun,M2,cPVVG,Base,CZ11,37.705000000000005,5182936591.274547
Eun,M2,cPVVG,Measure,CZ11,37.705000000000005,5107364445.321802
Eun,M3,cDXGF,Base,CZ11,37.705000000000005,5390232222.813913
Eun,M3,cDXGF,Measure,CZ11,37.705000000000005,5006325082.141902
Eun,M3,cDXHP,Base,CZ11,37.705000000000005,5370176548.889979
Eun,M3,cDXHP,Measure,CZ11,37.705000000000005,4984843783.557665
Eun,M3,cPTAC,Base,CZ11,37.705000000000005,5390228342.007573
Eun,M3,cPTAC,Measure,CZ11,37.705000000000005,5006325082.141904
Eun,M3,cPVVG,Base,CZ11,37.705000000000005,5340504289.420104
Eun,M3,cPVVG,Measure,CZ11,37.705000000000005,4961924882.78538
Eun,M4,cDXGF,Base,CZ11,37.705000000000005,6479852459.055922
Eun,M4,cDXGF,Measure,CZ11,37.705000000000005,6174439673.419675
Eun,M4,cDXHP,Base,CZ11,37.705000000000005,6485528971.587055
Eun,M4,cDXHP,Measure,CZ11,37.705000000000005,6179429768.224607
Eun,M4,cPTAC,Base,CZ11,37.705000000000005,6479852383.811969
Eun,M4,cPTAC,Measure,CZ11,37.705000000000005,6174428149.441695
Eun,M4,cPVVG,Base,CZ11,37.705000000000005,6056724313.348406
Eun,M4,cPVVG,Measure,CZ11,37.705000000000005,5858762032.17693
Eun,M5,cDXGF,Base,CZ11,37.705000000000005,5886874029.576269
Eun,M5,cDXGF,Measure,CZ11,37.705000000000005,5421098090.419677
Eun,M5,cDXHP,Base,CZ11,37.705000000000005,5849525704.712478
Eun,M5,cDXHP,Measure,CZ11,37.705000000000005,5385399910.406187
Eun,M5,cPTAC,Base,CZ11,37.705000000000005,5886846136.453079
Eun,M5,cPTAC,Measure,CZ11,37.705000000000005,5421098090.41966
Eun,M5,cPVVG,Base,CZ11,37.705000000000005,5834775953.401139
Eun,M5,cPVVG,Measure,CZ11,37.705000000000005,5375797197.320097
Gro,M1,cDXGF,Base,CZ11,37.705000000000005,1471196999.9280922
Gro,M1,cDXGF,Measure,CZ11,37.705000000000005,1456116847.0506263
Gro,M1,cDXHP,Base,CZ11,37.705000000000005,1471206806.4734113
Gro,M1,cDXHP,Measure,CZ11,37.705000000000005,1456125749.5733583
Gro,M1,cPTAC,Base,CZ11,37.705000000000005,1471185418.0147378
Gro,M1,cPTAC,Measure,CZ11,37.705000000000005,1456092842.096745
Gro,M1,cPVVG,Base,CZ11,37.705000000000005,1440477583.1562297
Gro,M1,cPVVG,Measure,CZ11,37.705000000000005,1432162691.080209
Gro,M2,cDXGF,Base,CZ11,37.705000000000005,1373235523.3439841
Gro,M2,cDXGF,Measure,CZ11,37.705000000000005,1356299411.6209645
Gro,M2,cDXHP,Base,CZ11,37.705000000000005,1373240884.0688393
Gro,M2,cDXHP,Measure,CZ11,37.705000000000005,1356304927.7652137
Gro,M2,cPTAC,Base,CZ11,37.705000000000005,1373225644.0845397
Gro,M2,cPTAC,Measure,CZ11,37.705000000000005,1356272101.2265806
Gro,M2,cPVVG,Base,CZ11,37.705000000000005,1322003640.6668732
Gro,M2,cPVVG,Measure,CZ11,37.705000000000005,1314877961.994339
Gro,M3,cDXGF,Base,CZ11,37.705000000000005,1339306055.179115
Gro,M3,cDXGF,Measure,CZ11,37.705000000000005,1298391805.0145552
Gro,M3,cDXHP,Base,CZ11,37.705000000000005,1339292903.3399909
Gro,M3,cDXHP,Measure,CZ11,37.705000000000005,1298377107.9661818
Gro,M3,cPTAC,Base,CZ11,37.705000000000005,1339265877.7781882
Gro,M3,cPTAC,Measure,CZ11,37.705000000000005,1298358349.01238
Gro,M3,cPVVG,Base,CZ11,37.705000000000005,1333585410.1167376
Gro,M3,cPVVG,Measure,CZ11,37.705000000000005,1293016632.9384081
Gro,M4,cDXGF,Base,CZ11,37.705000000000005,1471265840.5328124
Gro,M4,cDXGF,Measure,CZ11,37.705000000000005,1456157735.6175551
Gro,M4,cDXHP,Base,CZ11,37.705000000000005,1471275473.0119748
Gro,M4,cDXHP,Measure,CZ11,37.705000000000005,1456166683.5855205
Gro,M4,cPTAC,Base,CZ11,37.705000000000005,1471252413.3669837
Gro,M4,cPTAC,Measure,CZ11,37.705000000000005,1456131802.1068847
Gro,M4,cPVVG,Base,CZ11,37.705000000000005,1440559110.913727
Gro,M4,cPVVG,Measure,CZ11,37.705000000000005,1432226967.0116954
Gro,M5,cDXGF,Base,CZ11,37.705000000000005,1433002511.4772155
Gro,M5,cDXGF,Measure,CZ11,37.705000000000005,1377239708.167596
Gro,M5,cDXHP,Base,CZ11,37.705000000000005,1432976663.3602235
Gro,M5,cDXHP,Measure,CZ11,37.705000000000005,1377213549.574542
Gro,M5,cPTAC,Base,CZ11,37.705000000000005,1432954400.595036
Gro,M5,cPTAC,Measure,CZ11,37.705000000000005,1377199607.8783107
Gro,M5,cPVVG,Base,CZ11,37.705000000000005,1426865367.4722655
Gro,M5,cPVVG,Measure,CZ11,37.705000000000005,1371544321.9488578
MBT,M1,cDXGF,Base,CZ11,37.705000000000005,2157266047.509005
MBT,M1,cDXGF,Measure,CZ11,37.705000000000005,2120491289.3848696
MBT,M1,cDXHP,Base,CZ11,37.705000000000005,2163804223.6748953
MBT,M1,cDXHP,Measure,CZ11,37.705000000000005,2126543029.8130288
MBT,M1,cPTAC,Base,CZ11,37.705000000000005,2157266040.2256913
MBT,M1,cPTAC,Measure,CZ11,37.705000000000005,2120491281.9252465
MBT,M1,cPVVG,Base,CZ11,37.705000000000005,2099283336.7940583
MBT,M1,cPVVG,Measure,CZ11,37.705000000000005,2076506808.2229753
MBT,M2,cDXGF,Base,CZ11,37.705000000000005,2073190194.0127134
MBT,M2,cDXGF,Measure,CZ11,37.705000000000005,2046455530.881963
MBT,M2,cDXHP,Base,CZ11,37.705000000000005,2072157023.273537
MBT,M2,cDXHP,Measure,CZ11,37.705000000000005,2045815164.9589946
MBT,M2,cPTAC,Base,CZ11,37.705000000000005,2073190194.0119739
MBT,M2,cPTAC,Measure,CZ11,37.705000000000005,2046455530.8798378
MBT,M2,cPVVG,Base,CZ11,37.705000000000005,1993350187.5503304
MBT,M2,cPVVG,Measure,CZ11,37.705000000000005,1980914306.8352487
MBT,M3,cDXGF,Base,CZ11,37.705000000000005,2048488778.4263449
MBT,M3,cDXGF,Measure,CZ11,37.705000000000005,1963680923.5998766
MBT,M3,cDXHP,Base,CZ11,37.705000000000005,2039949319.095879
MBT,M3,cDXHP,Measure,CZ11,37.705000000000005,1954269488.0579925
MBT,M3,cPTAC,Base,CZ11,37.705000000000005,2048488778.4203794
MBT,M3,cPTAC,Measure,CZ11,37.705000000000005,1963680923.5996275
MBT,M3,cPVVG,Base,CZ11,37.705000000000005,2039860197.945473
MBT,M3,cPVVG,Measure,CZ11,37.705000000000005,1956070726.9800253
MBT,M4,cDXGF,Base,CZ11,37.705000000000005,2157332882.4952188
MBT,M4,cDXGF,Measure,CZ11,37.705000000000005,2120558358.5463493
MBT,M4,cDXHP,Base,CZ11,37.705000000000005,2163820053.274608
MBT,M4,cDXHP,Measure,CZ11,37.705000000000005,2126559662.2298732
MBT,M4,cPTAC,Base,CZ11,37.705000000000005,2157332882.4941463
MBT,M4,cPTAC,Measure,CZ11,37.705000000000005,2120558358.5472345
MBT,M4,cPVVG,Base,CZ11,37.705000000000005,2099353580.1019785
MBT,M4,cPVVG,Measure,CZ11,37.705000000000005,2076578433.9545438
MBT,M5,cDXGF,Base,CZ11,37.705000000000005,2120962812.6129248
MBT,M5,cDXGF,Measure,CZ11,37.705000000000005,2023051831.9974453
MBT,M5,cDXHP,Base,CZ11,37.705000000000005,2106554064.2594907
MBT,M5,cDXHP,Measure,CZ11,37.705000000000005,2008824706.1549125
MBT,M5,cPTAC,Base,CZ11,37.705000000000005,2120962812.6132956
MBT,M5,cPTAC,Measure,CZ11,37.705000000000005,2023051831.996074
MBT,M5,cPVVG,Base,CZ11,37.705000000000005,2113141440.4548254
MBT,M5,cPVVG,Measure,CZ11,37.705000000000005,2016402950.9401948
MLI,M1,cDXGF,Base,CZ11,37.705000000000005,969905988.2689726
MLI,M1,cDXGF,Measure,CZ11,37.705000000000005,915193240.3753964
MLI,M1,cDXHP,Base,CZ11,37.705000000000005,973139506.4956087
MLI,M1,cDXHP,Measure,CZ11,37.705000000000005,917876537.8121012
MLI,M1,cPTAC,Base,CZ11,37.705000000000005,969905988.2689805
MLI,M1,cPTAC,Measure,CZ11,37.705000000000005,915193240.3753897
MLI,M1,cPVVG,Base,CZ11,37.705000000000005,875802268.154972
MLI,M1,cPVVG,Measure,CZ11,37.705000000000005,849780056.4614698
MLI,M2,cDXGF,Base,CZ11,37.705000000000005,854722026.9033116
MLI,M2,cDXGF,Measure,CZ11,37.705000000000005,809492127.1546154
MLI,M2,cDXHP,Base,CZ11,37.705000000000005,858912803.3452078
MLI,M2,cDXHP,Measure,CZ11,37.705000000000005,812937442.0814328
MLI,M2,cPTAC,Base,CZ11,37.705000000000005,854722026.9033093
MLI,M2,cPTAC,Measure,CZ11,37.705000000000005,809492127.1546304
MLI,M2,cPVVG,Base,CZ11,37.705000000000005,732001693.5149826
MLI,M2,cPVVG,Measure,CZ11,37.705000000000005,713680021.5988215
MLI,M3,cDXGF,Base,CZ11,37.705000000000005,798272462.6740359
MLI,M3,cDXGF,Measure,CZ11,37.705000000000005,714147079.8510538
MLI,M3,cDXHP,Base,CZ11,37.705000000000005,774546093.6270653
MLI,M3,cDXHP,Measure,CZ11,37.705000000000005,690154584.8980018
MLI,M3,cPTAC,Base,CZ11,37.705000000000005,798272462.6740564
MLI,M3,cPTAC,Measure,CZ11,37.705000000000005,714147079.851049
MLI,M3,cPVVG,Base,CZ11,37.705000000000005,774232523.736049
MLI,M3,cPVVG,Measure,CZ11,37.705000000000005,691738749.0532125
MLI,M4,cDXGF,Base,CZ11,37.705000000000005,969927892.7930474
MLI,M4,cDXGF,Measure,CZ11,37.705000000000005,915158112.1735829
MLI,M4,cDXHP,Base,CZ11,37.705000000000005,973095519.7906144
MLI,M4,cDXHP,Measure,CZ11,37.705000000000005,917821140.5848571
MLI,M4,cPTAC,Base,CZ11,37.705000000000005,969927892.7930743
MLI,M4,cPTAC,Measure,CZ11,37.705000000000005,915158112.1735746
MLI,M4,cPVVG,Base,CZ11,37.705000000000005,875784917.4683454
MLI,M4,cPVVG,Measure,CZ11,37.705000000000005,849748448.0323547
MLI,M5,cDXGF,Base,CZ11,37.705000000000005,923076718.4605043
MLI,M5,cDXGF,Measure,CZ11,37.705000000000005,818673566.3734448
MLI,M5,cDXHP,Base,CZ11,37.705000000000005,867645473.9766297
MLI,M5,cDXHP,Measure,CZ11,37.705000000000005,767280715.4139947
MLI,M5,cPTAC,Base,CZ11,37.705000000000005,923076718.460492
MLI,M5,cPTAC,Measure,CZ11,37.705000000000005,818673566.3734173
MLI,M5,cPVVG,Base,CZ11,37.705000000000005,894829951.0673157
MLI,M5,cPVVG,Measure,CZ11,37.705000000000005,792738937.575677
OfS,M1,cDXGF,Base,CZ11,37.705000000000005,134737801.41758388
OfS,M1,cDXGF,Measure,CZ11,37.705000000000005,128700640.33533362
OfS,M1,cDXHP,Base,CZ11,37.705000000000005,134788487.24373993
OfS,M1,cDXHP,Measure,CZ11,37.705000000000005,128743903.98524556
OfS,M1,cPTAC,Base,CZ11,37.705000000000005,134737802.83706853
OfS,M1,cPTAC,Measure,CZ11,37.705000000000005,128700637.61426353
OfS,M1,cPVVG,Base,CZ11,37.705000000000005,122742245.4843984
OfS,M1,cPVVG,Measure,CZ11,37.705000000000005,118698939.09961568
OfS,M2,cDXGF,Base,CZ11,37.705000000000005,126720040.80227984
OfS,M2,cDXGF,Measure,CZ11,37.705000000000005,121334985.00115888
OfS,M2,cDXHP,Base,CZ11,37.705000000000005,126689067.185046
OfS,M2,cDXHP,Measure,CZ11,37.705000000000005,121317900.8464128
OfS,M2,cPTAC,Base,CZ11,37.705000000000005,126720040.80228068
OfS,M2,cPTAC,Measure,CZ11,37.705000000000005,121334985.00115845
OfS,M2,cPVVG,Base,CZ11,37.705000000000005,112459852.56990872
OfS,M2,cPVVG,Measure,CZ11,37.705000000000005,109291084.21150273
OfS,M3,cDXGF,Base,CZ11,37.705000000000005,123356123.25847717
OfS,M3,cDXGF,Measure,CZ11,37.705000000000005,105820146.8837469
OfS,M3,cDXHP,Base,CZ11,37.705000000000005,122353566.94588214
OfS,M3,cDXHP,Measure,CZ11,37.705000000000005,104817818.14348792
OfS,M3,cPTAC,Base,CZ11,37.705000000000005,123356123.2584777
OfS,M3,cPTAC,Measure,CZ11,37.705000000000005,105820146.88374655
OfS,M3,cPVVG,Base,CZ11,37.705000000000005,121394129.74445608
OfS,M3,cPVVG,Measure,CZ11,37.705000000000005,104167736.85600284
OfS,M4,cDXGF,Base,CZ11,37.705000000000005,134739704.10786754
OfS,M4,cDXGF,Measure,CZ11,37.705000000000005,128700646.56652279
OfS,M4,cDXHP,Base,CZ11,37.705000000000005,134789012.63483632
OfS,M4,cDXHP,Measure,CZ11,37.705000000000005,128743506.1926816
OfS,M4,cPTAC,Base,CZ11,37.705000000000005,134739704.10786697
OfS,M4,cPTAC,Measure,CZ11,37.705000000000005,128700646.56652226
OfS,M4,cPVVG,Base,CZ11,37.705000000000005,122744377.32790963
OfS,M4,cPVVG,Measure,CZ11,37.705000000000005,118699057.15275873
OfS,M5,cDXGF,Base,CZ11,37.705000000000005,131421416.45297311
OfS,M5,cDXGF,Measure,CZ11,37.705000000000005,112262136.08553158
OfS,M5,cDXHP,Base,CZ11,37.705000000000005,129918987.0727819
OfS,M5,cDXHP,Measure,CZ11,37.705000000000005,110853542.1229586
OfS,M5,cPTAC,Base,CZ11,37.705000000000005,131421416.45297281
OfS,M5,cPTAC,Measure,CZ11,37.705000000000005,112262136.08553141
OfS,M5,cPVVG,Base,CZ11,37.705000000000005,129497062.56182824
OfS,M5,cPVVG,Measure,CZ11,37.705000000000005,110676478.32627946
RFF,M1,cDXGF,Base,CZ11,37.705000000000005,58763441.77765996
RFF,M1,cDXGF,Measure,CZ11,37.705000000000005,58768928.02037597
RFF,M1,cDXHP,Base,CZ11,37.705000000000005,58964037.55144261
RFF,M1,cDXHP,Measure,CZ11,37.705000000000005,58970036.532498136
RFF,M1,cPTAC,Base,CZ11,37.705000000000005,58763441.77765935
RFF,M1,cPTAC,Measure,CZ11,37.705000000000005,58768928.02037572
RFF,M1,cPVVG,Base,CZ11,37.705000000000005,57204669.34819665
RFF,M1,cPVVG,Measure,CZ11,37.705000000000005,57285010.48396204
RFF,M2,cDXGF,Base,CZ11,37.705000000000005,55057882.79534484
RFF,M2,cDXGF,Measure,CZ11,37.705000000000005,55032914.402868785
RFF,M2,cDXHP,Base,CZ11,37.705000000000005,55103039.0978377
RFF,M2,cDXHP,Measure,CZ11,37.705000000000005,55077889.52871566
RFF,M2,cPTAC,Base,CZ11,37.705000000000005,55057882.79534752
RFF,M2,cPTAC,Measure,CZ11,37.705000000000005,55032914.40287091
RFF,M2,cPVVG,Base,CZ11,37.705000000000005,52496023.10313889
RFF,M2,cPVVG,Measure,CZ11,37.705000000000005,52478382.19622361
RFF,M3,cDXGF,Base,CZ11,37.705000000000005,56702246.65129901
RFF,M3,cDXGF,Measure,CZ11,37.705000000000005,52214769.59630766
RFF,M3,cDXHP,Base,CZ11,37.705000000000005,56530987.312989324
RFF,M3,cDXHP,Measure,CZ11,37.705000000000005,51999109.83104067
RFF,M3,cPTAC,Base,CZ11,37.705000000000005,56702246.65129828
RFF,M3,cPTAC,Measure,CZ11,37.705000000000005,52214769.5963086
RFF,M3,cPVVG,Base,CZ11,37.705000000000005,56262713.44947693
RFF,M3,cPVVG,Measure,CZ11,37.705000000000005,51800525.6384424
RFF,M4,cDXGF,Base,CZ11,37.705000000000005,58763429.89943409
RFF,M4,cDXGF,Measure,CZ11,37.705000000000005,58768920.43990558
RFF,M4,cDXHP,Base,CZ11,37.705000000000005,58964019.59427179
RFF,M4,cDXHP,Measure,CZ11,37.705000000000005,58970024.76252842
RFF,M4,cPTAC,Base,CZ11,37.705000000000005,58763429.89943514
RFF,M4,cPTAC,Measure,CZ11,37.705000000000005,58768920.439903945
RFF,M4,cPVVG,Base,CZ11,37.705000000000005,57204651.65718654
RFF,M4,cPVVG,Measure,CZ11,37.705000000000005,57284992.08453759
RFF,M5,cDXGF,Base,CZ11,37.705000000000005,61347510.55353001
RFF,M5,cDXGF,Measure,CZ11,37.705000000000005,56081398.72282354
RFF,M5,cDXHP,Base,CZ11,37.705000000000005,60902853.68585382
RFF,M5,cDXHP,Measure,CZ11,37.705000000000005,55622284.71824025
RFF,M5,cPTAC,Base,CZ11,37.705000000000005,61347510.553531095
RFF,M5,cPTAC,Measure,CZ11,37.705000000000005,56081398.72282442
RFF,M5,cPVVG,Base,CZ11,37.705000000000005,60990107.71972451
RFF,M5,cPVVG,Measure,CZ11,37.705000000000005,55747560.72849238
Rt3,M1,cDXGF,Base,CZ11,37.705000000000005,1928082043.6613238
Rt3,M1,cDXGF,Measure,CZ11,37.705000000000005,1895555171.1245358
Rt3,M1,cDXHP,Base,CZ11,37.705000000000005,1941659333.6018608
Rt3,M1,cDXHP,Measure,CZ11,37.705000000000005,1908524324.997544
Rt3,M1,cPTAC,Base,CZ11,37.705000000000005,1928082043.659614
Rt3,M1,cPTAC,Measure,CZ11,37.705000000000005,1895555171.124827
Rt3,M1,cPVVG,Base,CZ11,37.705000000000005,1854896221.559822
Rt3,M1,cPVVG,Measure,CZ11,37.705000000000005,1844707048.637086
Rt3,M2,cDXGF,Base,CZ11,37.705000000000005,1712147557.1854508
Rt3,M2,cDXGF,Measure,CZ11,37.705000000000005,1681667443.9827044
Rt3,M2,cDXHP,Base,CZ11,37.705000000000005,1712791339.1952078
Rt3,M2,cDXHP,Measure,CZ11,37.705000000000005,1682015409.8739624
Rt3,M2,cPTAC,Base,CZ11,37.705000000000005,1712147557.1853416
Rt3,M2,cPTAC,Measure,CZ11,37.705000000000005,1681667443.9827232
Rt3,M2,cPVVG,Base,CZ11,37.705000000000005,1588371838.8357031
Rt3,M2,cPVVG,Measure,CZ11,37.705000000000005,1571703374.057512
Rt3,M3,cDXGF,Base,CZ11,37.705000000000005,1710530169.685989
Rt3,M3,cDXGF,Measure,CZ11,37.705000000000005,1560061359.9472265
Rt3,M3,cDXHP,Base,CZ11,37.705000000000005,1697652308.8031454
Rt3,M3,cDXHP,Measure,CZ11,37.705000000000005,1545581247.6235402
Rt3,M3,cPTAC,Base,CZ11,37.705000000000005,1710527379.9602075
Rt3,M3,cPTAC,Measure,CZ11,37.705000000000005,1560060444.2806115
Rt3,M3,cPVVG,Base,CZ11,37.705000000000005,1693689101.4805484
Rt3,M3,cPVVG,Measure,CZ11,37.705000000000005,1544234167.7638896
Rt3,M4,cDXGF,Base,CZ11,37.705000000000005,1928082381.6480708
Rt3,M4,cDXGF,Measure,CZ11,37.705000000000005,1895554870.5864804
Rt3,M4,cDXHP,Base,CZ11,37.705000000000005,1941658412.8283143
Rt3,M4,cDXHP,Measure,CZ11,37.705000000000005,1908523881.244837
Rt3,M4,cPTAC,Base,CZ11,37.705000000000005,1928082381.6456351
Rt3,M4,cPTAC,Measure,CZ11,37.705000000000005,1895554870.5864983
Rt3,M4,cPVVG,Base,CZ11,37.705000000000005,1854896059.482659
Rt3,M4,cPVVG,Measure,CZ11,37.705000000000005,1844706760.693296
Rt3,M5,cDXGF,Base,CZ11,37.705000000000005,1967733697.0457826
Rt3,M5,cDXGF,Measure,CZ11,37.705000000000005,1775366254.6220925
Rt3,M5,cDXHP,Base,CZ11,37.705000000000005,1916288898.8505468
Rt3,M5,cDXHP,Measure,CZ11,37.705000000000005,1727615474.58414
Rt3,M5,cPTAC,Base,CZ11,37.705000000000005,1967729218.353298
Rt3,M5,cPTAC,Measure,CZ11,37.705000000000005,1775361669.5731447
Rt3,M5,cPVVG,Base,CZ11,37.705000000000005,1954942948.556225
Rt3,M5,cPVVG,Measure,CZ11,37.705000000000005,1763541799.0422082
RtL,M1,cDXGF,Base,CZ11,37.705000000000005,1926529022.8152118
RtL,M1,cDXGF,Measure,CZ11,37.705000000000005,1889931537.5737245
RtL,M1,cDXHP,Base,CZ11,37.705000000000005,1926489782.0777566
RtL,M1,cDXHP,Measure,CZ11,37.705000000000005,1889797829.98228
RtL,M1,cPTAC,Base,CZ11,37.705000000000005,1926528219.1810758
RtL,M1,cPTAC,Measure,CZ11,37.705000000000005,1889931393.899312
RtL,M1,cPVVG,Base,CZ11,37.705000000000005,1835153124.991664
RtL,M1,cPVVG,Measure,CZ11,37.705000000000005,1823291340.6304963
RtL,M2,cDXGF,Base,CZ11,37.705000000000005,1699287461.6537554
RtL,M2,cDXGF,Measure,CZ11,37.705000000000005,1666669521.946794
RtL,M2,cDXHP,Base,CZ11,37.705000000000005,1698689859.2495959
RtL,M2,cDXHP,Measure,CZ11,37.705000000000005,1666014857.4443312
RtL,M2,cPTAC,Base,CZ11,37.705000000000005,1699287461.6537275
RtL,M2,cPTAC,Measure,CZ11,37.705000000000005,1666669849.8746145
RtL,M2,cPVVG,Base,CZ11,37.705000000000005,1572799839.7659771
RtL,M2,cPVVG,Measure,CZ11,37.705000000000005,1552575860.9728277
RtL,M3,cDXGF,Base,CZ11,37.705000000000005,1701345831.6686294
RtL,M3,cDXGF,Measure,CZ11,37.705000000000005,1549547574.44752
RtL,M3,cDXHP,Base,CZ11,37.705000000000005,1699733170.6773224
RtL,M3,cDXHP,Measure,CZ11,37.705000000000005,1547662368.829887
RtL,M3,cPTAC,Base,CZ11,37.705000000000005,1701345179.621105
RtL,M3,cPTAC,Measure,CZ11,37.705000000000005,1549547517.5345368
RtL,M3,cPVVG,Base,CZ11,37.705000000000005,1684102009.8403723
RtL,M3,cPVVG,Measure,CZ11,37.705000000000005,1533308721.5265398
RtL,M4,cDXGF,Base,CZ11,37.705000000000005,1926522754.4397829
RtL,M4,cDXGF,Measure,CZ11,37.705000000000005,1889924245.6113877
RtL,M4,cDXHP,Base,CZ11,37.705000000000005,1926482929.4618392
RtL,M4,cDXHP,Measure,CZ11,37.705000000000005,1889790358.2497663
RtL,M4,cPTAC,Base,CZ11,37.705000000000005,1926522754.4397833
RtL,M4,cPTAC,Measure,CZ11,37.705000000000005,1889924828.9636075
RtL,M4,cPVVG,Base,CZ11,37.705000000000005,1835146807.7959204
RtL,M4,cPVVG,Measure,CZ11,37.705000000000005,1823284519.5660965
RtL,M5,cDXGF,Base,CZ11,37.705000000000005,1917998396.405637
RtL,M5,cDXGF,Measure,CZ11,37.705000000000005,1728474045.113107
RtL,M5,cDXHP,Base,CZ11,37.705000000000005,1913674073.5775979
RtL,M5,cDXHP,Measure,CZ11,37.705000000000005,1724183055.763096
RtL,M5,cPTAC,Base,CZ11,37.705000000000005,1917998396.4056814
RtL,M5,cPTAC,Measure,CZ11,37.705000000000005,1728474045.1131072
RtL,M5,cPVVG,Base,CZ11,37.705000000000005,1901115172.710304
RtL,M5,cPVVG,Measure,CZ11,37.705000000000005,1712751688.9418464
RtS,M1,cDXGF,Base,CZ11,37.705000000000005,134477901.22115093
RtS,M1,cDXGF,Measure,CZ11,37.705000000000005,133187496.84977375
RtS,M1,cDXHP,Base,CZ11,37.705000000000005,135131862.99606648
RtS,M1,cDXHP,Measure,CZ11,37.705000000000005,133743002.31410155
RtS,M1,cPTAC,Base,CZ11,37.705000000000005,134477901.22115558
RtS,M1,cPTAC,Measure,CZ11,37.705000000000005,133187496.84977776
RtS,M1,cPVVG,Base,CZ11,37.705000000000005,129022169.94655858
RtS,M1,cPVVG,Measure,CZ11,37.705000000000005,128797593.07550338
RtS,M2,cDXGF,Base,CZ11,37.705000000000005,120437677.20225778
RtS,M2,cDXGF,Measure,CZ11,37.705000000000005,119278941.25713192
RtS,M2,cDXHP,Base,CZ11,37.705000000000005,120576588.12982726
RtS,M2,cDXHP,Measure,CZ11,37.705000000000005,119412669.24164852
RtS,M2,cPTAC,Base,CZ11,37.705000000000005,120437677.20225853
RtS,M2,cPTAC,Measure,CZ11,37.705000000000005,119278941.25713533
RtS,M2,cPVVG,Base,CZ11,37.705000000000005,111781944.03125976
RtS,M2,cPVVG,Measure,CZ11,37.705000000000005,111338745.22524685
RtS,M3,cDXGF,Base,CZ11,37.705000000000005,123927411.84249063
RtS,M3,cDXGF,Measure,CZ11,37.705000000000005,110644102.3476631
RtS,M3,cDXHP,Base,CZ11,37.705000000000005,123683100.06661001
RtS,M3,cDXHP,Measure,CZ11,37.705000000000005,110341110.16882825
RtS,M3,cPTAC,Base,CZ11,37.705000000000005,123927411.84249003
RtS,M3,cPTAC,Measure,CZ11,37.705000000000005,110644102.34766507
RtS,M3,cPVVG,Base,CZ11,37.705000000000005,122667373.31502071
RtS,M3,cPVVG,Measure,CZ11,37.705000000000005,109464791.9193489
RtS,M4,cDXGF,Base,CZ11,37.705000000000005,134477898.89015007
RtS,M4,cDXGF,Measure,CZ11,37.705000000000005,133187495.302457
RtS,M4,cDXHP,Base,CZ11,37.705000000000005,135131865.0256484
RtS,M4,cDXHP,Measure,CZ11,37.705000000000005,133742942.81815596
RtS,M4,cPTAC,Base,CZ11,37.705000000000005,134477898.890153
RtS,M4,cPTAC,Measure,CZ11,37.705000000000005,133187495.3024587
RtS,M4,cPVVG,Base,CZ11,37.705000000000005,129022156.37261935
RtS,M4,cPVVG,Measure,CZ11,37.705000000000005,128797559.44166404
RtS,M5,cDXGF,Base,CZ11,37.705000000000005,140672049.68653253
RtS,M5,cDXGF,Measure,CZ11,37.705000000000005,124529054.08779675
RtS,M5,cDXHP,Base,CZ11,37.705000000000005,140347600.32260472
RtS,M5,cDXHP,Measure,CZ11,37.705000000000005,124150294.83458708
RtS,M5,cPTAC,Base,CZ11,37.705000000000005,140672011.0988695
RtS,M5,cPTAC,Measure,CZ11,37.705000000000005,124528896.20247786
RtS,M5,cPVVG,Base,CZ11,37.705000000000005,139692186.66984212
RtS,M5,cPVVG,Measure,CZ11,37.705000000000005,123625002.41388871
SCn,M1,cDXGF,Base,CZ11,37.705000000000005,2116617846.9987695
SCn,M1,cDXGF,Measure,CZ11,37.705000000000005,1931741294.9690735
SCn,M1,cDXHP,Base,CZ11,37.705000000000005,2116617847.0011137
SCn,M1,cDXHP,Measure,CZ11,37.705000000000005,1931741300.722836
SCn,M1,cPTAC,Base,CZ11,37.705000000000005,2116617814.6144297
SCn,M1,cPTAC,Measure,CZ11,37.705000000000005,1931741294.96891
SCn,M1,cPVVG,Base,CZ11,37.705000000000005,2071367509.4284377
SCn,M1,cPVVG,Measure,CZ11,37.705000000000005,1921936560.9504502
SCn,M2,cDXGF,Base,CZ11,37.705000000000005,1836966370.260083
SCn,M2,cDXGF,Measure,CZ11,37.705000000000005,1676383615.8713276
SCn,M2,cDXHP,Base,CZ11,37.705000000000005,1836966370.260076
SCn,M2,cDXHP,Measure,CZ11,37.705000000000005,1676383616.1084146
SCn,M2,cPTAC,Base,CZ11,37.705000000000005,1836966370.260043
SCn,M2,cPTAC,Measure,CZ11,37.705000000000005,1676383616.3923583
SCn,M2,cPVVG,Base,CZ11,37.705000000000005,1733281007.4284046
SCn,M2,cPVVG,Measure,CZ11,37.705000000000005,1657996597.4345715
SCn,M3,cDXGF,Base,CZ11,37.705000000000005,1886052807.18245
SCn,M3,cDXGF,Measure,CZ11,37.705000000000005,1649304781.6999648
SCn,M3,cDXHP,Base,CZ11,37.705000000000005,1886052807.1568613
SCn,M3,cDXHP,Measure,CZ11,37.705000000000005,1649304781.6855433
SCn,M3,cPTAC,Base,CZ11,37.705000000000005,1886052807.1420135
SCn,M3,cPTAC,Measure,CZ11,37.705000000000005,1649304781.6864836
SCn,M3,cPVVG,Base,CZ11,37.705000000000005,1881964707.1300673
SCn,M3,cPVVG,Measure,CZ11,37.705000000000005,1647268106.3732011
SCn,M4,cDXGF,Base,CZ11,37.705000000000005,2116682135.3515995
SCn,M4,cDXGF,Measure,CZ11,37.705000000000005,1931767809.4189174
SCn,M4,cDXHP,Base,CZ11,37.705000000000005,2116682135.3264809
SCn,M4,cDXHP,Measure,CZ11,37.705000000000005,1931767829.1563544
SCn,M4,cPTAC,Base,CZ11,37.705000000000005,2116682102.7751281
SCn,M4,cPTAC,Measure,CZ11,37.705000000000005,1931767809.41892
SCn,M4,cPVVG,Base,CZ11,37.705000000000005,2071418145.1889212
SCn,M4,cPVVG,Measure,CZ11,37.705000000000005,1921968624.645885
SCn,M5,cDXGF,Base,CZ11,37.705000000000005,2167004676.945774
SCn,M5,cDXGF,Measure,CZ11,37.705000000000005,1882863975.651002
SCn,M5,cDXHP,Base,CZ11,37.705000000000005,2167004731.8474355
SCn,M5,cDXHP,Measure,CZ11,37.705000000000005,1882864031.2634969
SCn,M5,cPTAC,Base,CZ11,37.705000000000005,2167004676.94801
SCn,M5,cPTAC,Measure,CZ11,37.705000000000005,1882863975.6517718
SCn,M5,cPVVG,Base,CZ11,37.705000000000005,2159534068.708497
SCn,M5,cPVVG,Measure,CZ11,37.705000000000005,1880801139.7706175
Asm,M1,cDXGF,Base,CZ12,36.3,783615330.1234627
Asm,M1,cDXGF,Measure,CZ12,36.3,795266357.8375988
Asm,M1,cDXHP,Base,CZ12,36.3,784825405.1303455
Asm,M1,cDXHP,Measure,CZ12,36.3,796518717.8203502
Asm,M1,cPTAC,Base,CZ12,36.3,783614351.4000621
Asm,M1,cPTAC,Measure,CZ12,36.3,795266353.4686857
Asm,M1,cPVVG,Base,CZ12,36.3,755813918.0593656
Asm,M1,cPVVG,Measure,CZ12,36.3,774374186.425123
Asm,M2,cDXGF,Base,CZ12,36.3,649658131.3531743
Asm,M2,cDXGF,Measure,CZ12,36.3,647738459.5629722
Asm,M2,cDXHP,Base,CZ12,36.3,650227353.0504164
Asm,M2,cDXHP,Measure,CZ12,36.3,648287550.9388546
Asm,M2,cPTAC,Base,CZ12,36.3,649658131.3531663
Asm,M2,cPTAC,Measure,CZ12,36.3,647738459.5629691
Asm,M2,cPVVG,Base,CZ12,36.3,599937792.5701594
Asm,M2,cPVVG,Measure,CZ12,36.3,598006181.2615049
Asm,M3,cDXGF,Base,CZ12,36.3,666197549.4971192
Asm,M3,cDXGF,Measure,CZ12,36.3,589111970.131537
Asm,M3,cDXHP,Base,CZ12,36.3,664993524.1374165
Asm,M3,cDXHP,Measure,CZ12,36.3,587780955.8488958
Asm,M3,cPTAC,Base,CZ12,36.3,666197549.4971286
Asm,M3,cPTAC,Measure,CZ12,36.3,589111970.1315373
Asm,M3,cPVVG,Base,CZ12,36.3,658385726.6154553
Asm,M3,cPVVG,Measure,CZ12,36.3,581743328.9742883
Asm,M4,cDXGF,Base,CZ12,36.3,783615474.0020585
Asm,M4,cDXGF,Measure,CZ12,36.3,795267544.9690384
Asm,M4,cDXHP,Base,CZ12,36.3,784825518.5481322
Asm,M4,cDXHP,Measure,CZ12,36.3,796520130.2006378
Asm,M4,cPTAC,Base,CZ12,36.3,783614495.7311425
Asm,M4,cPTAC,Measure,CZ12,36.3,795267541.089592
Asm,M4,cPVVG,Base,CZ12,36.3,755813866.7952368
Asm,M4,cPVVG,Measure,CZ12,36.3,774375845.3781496
Asm,M5,cDXGF,Base,CZ12,36.3,811552930.3398468
Asm,M5,cDXGF,Measure,CZ12,36.3,709402168.2856948
Asm,M5,cDXHP,Base,CZ12,36.3,805533436.5127766
Asm,M5,cDXHP,Measure,CZ12,36.3,704008934.1829839
Asm,M5,cPTAC,Base,CZ12,36.3,811552930.339843
Asm,M5,cPTAC,Measure,CZ12,36.3,709402168.2856934
Asm,M5,cPVVG,Base,CZ12,36.3,804911924.7128503
Asm,M5,cPVVG,Measure,CZ12,36.3,703261176.1671097
ECC,M1,cDXGF,Base,CZ12,36.3,2476818468.9816833
ECC,M1,cDXGF,Measure,CZ12,36.3,2491694220.400322
ECC,M1,cDXHP,Base,CZ12,36.3,2487399797.488986
ECC,M1,cDXHP,Measure,CZ12,36.3,2502519234.7028885
ECC,M1,cPTAC,Base,CZ12,36.3,2476818468.9813967
ECC,M1,cPTAC,Measure,CZ12,36.3,2491694220.3967075
ECC,M1,cPVVG,Base,CZ12,36.3,2329829022.18519
ECC,M1,cPVVG,Measure,CZ12,36.3,2367887602.930499
ECC,M2,cDXGF,Base,CZ12,36.3,2223445499.2978983
ECC,M2,cDXGF,Measure,CZ12,36.3,2208203849.1286817
ECC,M2,cDXHP,Base,CZ12,36.3,2219985567.537502
ECC,M2,cDXHP,Measure,CZ12,36.3,2204564942.660615
ECC,M2,cPTAC,Base,CZ12,36.3,2223445499.307307
ECC,M2,cPTAC,Measure,CZ12,36.3,2208203849.1293163
ECC,M2,cPVVG,Base,CZ12,36.3,2027706024.609551
ECC,M2,cPVVG,Measure,CZ12,36.3,2013872480.471181
ECC,M3,cDXGF,Base,CZ12,36.3,2177046918.3137884
ECC,M3,cDXGF,Measure,CZ12,36.3,1999942279.843974
ECC,M3,cDXHP,Base,CZ12,36.3,2164263448.222163
ECC,M3,cDXHP,Measure,CZ12,36.3,1985980818.9748642
ECC,M3,cPTAC,Base,CZ12,36.3,2177046918.3057513
ECC,M3,cPTAC,Measure,CZ12,36.3,1999942279.8469162
ECC,M3,cPVVG,Base,CZ12,36.3,2152499178.87007
ECC,M3,cPVVG,Measure,CZ12,36.3,1976809460.9333525
ECC,M4,cDXGF,Base,CZ12,36.3,2476816582.9901795
ECC,M4,cDXGF,Measure,CZ12,36.3,2491694034.471863
ECC,M4,cDXHP,Base,CZ12,36.3,2487397801.6503925
ECC,M4,cDXHP,Measure,CZ12,36.3,2502519073.3702807
ECC,M4,cPTAC,Base,CZ12,36.3,2476816582.991897
ECC,M4,cPTAC,Measure,CZ12,36.3,2491694034.473644
ECC,M4,cPVVG,Base,CZ12,36.3,2329826049.1171336
ECC,M4,cPVVG,Measure,CZ12,36.3,2367914115.5537715
ECC,M5,cDXGF,Base,CZ12,36.3,2382852526.281859
ECC,M5,cDXGF,Measure,CZ12,36.3,2170768237.1729984
ECC,M5,cDXHP,Base,CZ12,36.3,2358537310.821174
ECC,M5,cDXHP,Measure,CZ12,36.3,2146468474.3959804
ECC,M5,cPTAC,Base,CZ12,36.3,2382852526.2769427
ECC,M5,cPTAC,Measure,CZ12,36.3,2170768237.170478
ECC,M5,cPVVG,Base,CZ12,36.3,2356776383.7513967
ECC,M5,cPVVG,Measure,CZ12,36.3,2146454952.4929588
Epr,M1,cDXGF,Base,CZ12,36.3,357784243.0556819
Epr,M1,cDXGF,Measure,CZ12,36.3,361894022.3622115
Epr,M1,cDXHP,Base,CZ12,36.3,360200467.56085646
Epr,M1,cDXHP,Measure,CZ12,36.3,364417430.91509825
Epr,M1,cPTAC,Base,CZ12,36.3,357784243.0756876
Epr,M1,cPTAC,Measure,CZ12,36.3,361894023.8289224
Epr,M1,cPVVG,Base,CZ12,36.3,335588198.13708997
Epr,M1,cPVVG,Measure,CZ12,36.3,344004082.7288769
Epr,M2,cDXGF,Base,CZ12,36.3,304071795.94555336
Epr,M2,cDXGF,Measure,CZ12,36.3,301197781.7204554
Epr,M2,cDXHP,Base,CZ12,36.3,303349127.0791596
Epr,M2,cDXHP,Measure,CZ12,36.3,300439724.724204
Epr,M2,cPTAC,Base,CZ12,36.3,304071795.9455163
Epr,M2,cPTAC,Measure,CZ12,36.3,301197781.7205345
Epr,M2,cPVVG,Base,CZ12,36.3,271163625.3209935
Epr,M2,cPVVG,Measure,CZ12,36.3,268794545.47784525
Epr,M3,cDXGF,Base,CZ12,36.3,296239869.62849426
Epr,M3,cDXGF,Measure,CZ12,36.3,266461579.6640794
Epr,M3,cDXHP,Base,CZ12,36.3,294343681.79508394
Epr,M3,cDXHP,Measure,CZ12,36.3,264299580.6871741
Epr,M3,cPTAC,Base,CZ12,36.3,296239869.6284991
Epr,M3,cPTAC,Measure,CZ12,36.3,266461579.6641114
Epr,M3,cPVVG,Base,CZ12,36.3,292185046.8676824
Epr,M3,cPVVG,Measure,CZ12,36.3,262641271.89683607
Epr,M4,cDXGF,Base,CZ12,36.3,357783618.7675273
Epr,M4,cDXGF,Measure,CZ12,36.3,361894284.0157776
Epr,M4,cDXHP,Base,CZ12,36.3,360200093.1191138
Epr,M4,cDXHP,Measure,CZ12,36.3,364417548.5249892
Epr,M4,cPTAC,Base,CZ12,36.3,357783618.7825063
Epr,M4,cPTAC,Measure,CZ12,36.3,361894285.48060805
Epr,M4,cPVVG,Base,CZ12,36.3,335587511.177395
Epr,M4,cPVVG,Measure,CZ12,36.3,344007464.2699039
Epr,M5,cDXGF,Base,CZ12,36.3,341990665.71182114
Epr,M5,cDXGF,Measure,CZ12,36.3,304429038.36069924
Epr,M5,cDXHP,Base,CZ12,36.3,334768008.18381476
Epr,M5,cDXHP,Measure,CZ12,36.3,297670146.77934724
Epr,M5,cPTAC,Base,CZ12,36.3,341990670.9897671
Epr,M5,cPTAC,Measure,CZ12,36.3,304429042.651641
Epr,M5,cPVVG,Base,CZ12,36.3,337615801.63030916
Epr,M5,cPVVG,Measure,CZ12,36.3,300366119.61967856
ERC,M1,cDXGF,Base,CZ12,36.3,15271667.091109216
ERC,M1,cDXGF,Measure,CZ12,36.3,15354240.434391856
ERC,M1,cDXHP,Base,CZ12,36.3,15392229.114383122
ERC,M1,cDXHP,Measure,CZ12,36.3,15476590.2090388
ERC,M1,cPTAC,Base,CZ12,36.3,15271667.091110578
ERC,M1,cPTAC,Measure,CZ12,36.3,15354240.434391243
ERC,M1,cPVVG,Base,CZ12,36.3,14201517.061046863
ERC,M1,cPVVG,Measure,CZ12,36.3,14417991.437405538
ERC,M2,cDXGF,Base,CZ12,36.3,13189286.846157743
ERC,M2,cDXGF,Measure,CZ12,36.3,13091178.56681347
ERC,M2,cDXHP,Base,CZ12,36.3,13140128.399529452
ERC,M2,cDXHP,Measure,CZ12,36.3,13040148.907165373
ERC,M2,cPTAC,Base,CZ12,36.3,13189286.84615782
ERC,M2,cPTAC,Measure,CZ12,36.3,13091178.566814184
ERC,M2,cPVVG,Base,CZ12,36.3,11645690.69869227
ERC,M2,cPVVG,Measure,CZ12,36.3,11554333.39719425
ERC,M3,cDXGF,Base,CZ12,36.3,13099542.379660808
ERC,M3,cDXGF,Measure,CZ12,36.3,11485556.750892837
ERC,M3,cDXHP,Base,CZ12,36.3,12997492.592090635
ERC,M3,cDXHP,Measure,CZ12,36.3,11364681.582920145
ERC,M3,cPTAC,Base,CZ12,36.3,13099542.37966072
ERC,M3,cPTAC,Measure,CZ12,36.3,11485556.750892308
ERC,M3,cPVVG,Base,CZ12,36.3,12891614.061708076
ERC,M3,cPVVG,Measure,CZ12,36.3,11289459.574321276
ERC,M4,cDXGF,Base,CZ12,36.3,15271633.83912416
ERC,M4,cDXGF,Measure,CZ12,36.3,15354204.123910727
ERC,M4,cDXHP,Base,CZ12,36.3,15392193.388391988
ERC,M4,cDXHP,Measure,CZ12,36.3,15476562.030108707
ERC,M4,cPTAC,Base,CZ12,36.3,15271633.839125587
ERC,M4,cPTAC,Measure,CZ12,36.3,15354204.123910177
ERC,M4,cPVVG,Base,CZ12,36.3,14201481.572732942
ERC,M4,cPVVG,Measure,CZ12,36.3,14417992.825635727
ERC,M5,cDXGF,Base,CZ12,36.3,15011626.622135583
ERC,M5,cDXGF,Measure,CZ12,36.3,13071353.193470867
ERC,M5,cDXHP,Base,CZ12,36.3,14882676.46502194
ERC,M5,cDXHP,Measure,CZ12,36.3,12919841.12405865
ERC,M5,cPTAC,Base,CZ12,36.3,15011626.622133417
ERC,M5,cPTAC,Measure,CZ12,36.3,13071353.193470746
ERC,M5,cPVVG,Base,CZ12,36.3,14798823.646241939
ERC,M5,cPVVG,Measure,CZ12,36.3,12872617.367926914
Ese,M1,cDXGF,Base,CZ12,36.3,1004094678.7617552
Ese,M1,cDXGF,Measure,CZ12,36.3,1012191586.7361382
Ese,M1,cDXHP,Base,CZ12,36.3,1006508335.3205341
Ese,M1,cDXHP,Measure,CZ12,36.3,1014656436.904762
Ese,M1,cPTAC,Base,CZ12,36.3,1004094678.7617656
Ese,M1,cPTAC,Measure,CZ12,36.3,1012191586.7360328
Ese,M1,cPVVG,Base,CZ12,36.3,982957800.9420689
Ese,M1,cPVVG,Measure,CZ12,36.3,994560310.6709272
Ese,M2,cDXGF,Base,CZ12,36.3,879957690.3047428
Ese,M2,cDXGF,Measure,CZ12,36.3,870634263.130983
Ese,M2,cDXHP,Base,CZ12,36.3,879499628.0828909
Ese,M2,cDXHP,Measure,CZ12,36.3,870138088.9156107
Ese,M2,cPTAC,Base,CZ12,36.3,879957690.3047317
Ese,M2,cPTAC,Measure,CZ12,36.3,870634263.1310846
Ese,M2,cPVVG,Base,CZ12,36.3,851500912.7501285
Ese,M2,cPVVG,Measure,CZ12,36.3,842178736.6728839
Ese,M3,cDXGF,Base,CZ12,36.3,870923390.3243926
Ese,M3,cDXGF,Measure,CZ12,36.3,837965168.1802148
Ese,M3,cDXHP,Base,CZ12,36.3,868094997.5690373
Ese,M3,cDXHP,Measure,CZ12,36.3,834831197.8244437
Ese,M3,cPTAC,Base,CZ12,36.3,870923390.3244449
Ese,M3,cPTAC,Measure,CZ12,36.3,837965168.1801416
Ese,M3,cPVVG,Base,CZ12,36.3,866905799.3383775
Ese,M3,cPVVG,Measure,CZ12,36.3,834175051.7038836
Ese,M4,cDXGF,Base,CZ12,36.3,1004094592.1126863
Ese,M4,cDXGF,Measure,CZ12,36.3,1012191829.7531681
Ese,M4,cDXHP,Base,CZ12,36.3,1006508180.4382838
Ese,M4,cDXHP,Measure,CZ12,36.3,1014656682.5655017
Ese,M4,cPTAC,Base,CZ12,36.3,1004094592.1127297
Ese,M4,cPTAC,Measure,CZ12,36.3,1012191829.7531552
Ese,M4,cPVVG,Base,CZ12,36.3,982957761.3646559
Ese,M4,cPVVG,Measure,CZ12,36.3,994560988.1121395
Ese,M5,cDXGF,Base,CZ12,36.3,991783676.2060332
Ese,M5,cDXGF,Measure,CZ12,36.3,952565556.1117564
Ese,M5,cDXHP,Base,CZ12,36.3,986590969.4929636
Ese,M5,cDXHP,Measure,CZ12,36.3,947292954.4142433
Ese,M5,cPTAC,Base,CZ12,36.3,991783676.2060037
Ese,M5,cPTAC,Measure,CZ12,36.3,952565556.1117077
Ese,M5,cPVVG,Base,CZ12,36.3,987828801.7040297
Ese,M5,cPVVG,Measure,CZ12,36.3,948872099.3754714
Eun,M1,cDXGF,Base,CZ12,36.3,7510402999.317005
Eun,M1,cDXGF,Measure,CZ12,36.3,7529175138.115978
Eun,M1,cDXHP,Base,CZ12,36.3,7537397530.236435
Eun,M1,cDXHP,Measure,CZ12,36.3,7556494775.425714
Eun,M1,cPTAC,Base,CZ12,36.3,7510402117.214368
Eun,M1,cPTAC,Measure,CZ12,36.3,7529182557.022694
Eun,M1,cPVVG,Base,CZ12,36.3,7181708226.022467
Eun,M1,cPVVG,Measure,CZ12,36.3,7237868786.624598
Eun,M2,cDXGF,Base,CZ12,36.3,6934648209.464887
Eun,M2,cDXGF,Measure,CZ12,36.3,6900636675.19516
Eun,M2,cDXHP,Base,CZ12,36.3,6932905638.651206
Eun,M2,cDXHP,Measure,CZ12,36.3,6898324911.404692
Eun,M2,cPTAC,Base,CZ12,36.3,6934648209.464779
Eun,M2,cPTAC,Measure,CZ12,36.3,6900636675.195143
Eun,M2,cPVVG,Base,CZ12,36.3,6484901762.318531
Eun,M2,cPVVG,Measure,CZ12,36.3,6459749090.065203
Eun,M3,cDXGF,Base,CZ12,36.3,6854375930.761146
Eun,M3,cDXGF,Measure,CZ12,36.3,6408227203.624736
Eun,M3,cDXHP,Base,CZ12,36.3,6812983023.4512005
Eun,M3,cDXHP,Measure,CZ12,36.3,6363422660.7326
Eun,M3,cPTAC,Base,CZ12,36.3,6854375930.761237
Eun,M3,cPTAC,Measure,CZ12,36.3,6408227203.624767
Eun,M3,cPVVG,Base,CZ12,36.3,6797939988.862385
Eun,M3,cPVVG,Measure,CZ12,36.3,6355012303.604526
Eun,M4,cDXGF,Base,CZ12,36.3,7510394875.1004505
Eun,M4,cDXGF,Measure,CZ12,36.3,7529171649.496523
Eun,M4,cDXHP,Base,CZ12,36.3,7537377086.4555025
Eun,M4,cDXHP,Measure,CZ12,36.3,7556479322.42644
Eun,M4,cPTAC,Base,CZ12,36.3,7510394875.100676
Eun,M4,cPTAC,Measure,CZ12,36.3,7529171649.496322
Eun,M4,cPVVG,Base,CZ12,36.3,7181693537.795435
Eun,M4,cPVVG,Measure,CZ12,36.3,7237884813.327421
Eun,M5,cDXGF,Base,CZ12,36.3,7319025287.880747
Eun,M5,cDXGF,Measure,CZ12,36.3,6800140953.203361
Eun,M5,cDXHP,Base,CZ12,36.3,7271195785.307046
Eun,M5,cDXHP,Measure,CZ12,36.3,6748132822.045407
Eun,M5,cPTAC,Base,CZ12,36.3,7319025287.882041
Eun,M5,cPTAC,Measure,CZ12,36.3,6800140953.203609
Eun,M5,cPVVG,Base,CZ12,36.3,7261922186.93458
Eun,M5,cPVVG,Measure,CZ12,36.3,6746782928.386741
Gro,M1,cDXGF,Base,CZ12,36.3,1508635396.8605115
Gro,M1,cDXGF,Measure,CZ12,36.3,1508894261.032813
Gro,M1,cDXHP,Base,CZ12,36.3,1510588035.60658
Gro,M1,cDXHP,Measure,CZ12,36.3,1510843880.453851
Gro,M1,cPTAC,Base,CZ12,36.3,1508511146.2312953
Gro,M1,cPTAC,Measure,CZ12,36.3,1508761582.6214714
Gro,M1,cPVVG,Base,CZ12,36.3,1480544215.8402445
Gro,M1,cPVVG,Measure,CZ12,36.3,1486050311.021983
Gro,M2,cDXGF,Base,CZ12,36.3,1427381140.2999835
Gro,M2,cDXGF,Measure,CZ12,36.3,1418850883.7181308
Gro,M2,cDXHP,Base,CZ12,36.3,1428283455.0442076
Gro,M2,cDXHP,Measure,CZ12,36.3,1419667951.6802685
Gro,M2,cPTAC,Base,CZ12,36.3,1427312340.0911663
Gro,M2,cPTAC,Measure,CZ12,36.3,1418729603.9792302
Gro,M2,cPVVG,Base,CZ12,36.3,1385447192.1678603
Gro,M2,cPVVG,Measure,CZ12,36.3,1381430659.9972565
Gro,M3,cDXGF,Base,CZ12,36.3,1408949282.989449
Gro,M3,cDXGF,Measure,CZ12,36.3,1366321679.4212613
Gro,M3,cDXHP,Base,CZ12,36.3,1406545482.4911604
Gro,M3,cDXHP,Measure,CZ12,36.3,1363877981.9770913
Gro,M3,cPTAC,Base,CZ12,36.3,1408762126.3706353
Gro,M3,cPTAC,Measure,CZ12,36.3,1366164871.8821268
Gro,M3,cPVVG,Base,CZ12,36.3,1403239616.77547
Gro,M3,cPVVG,Measure,CZ12,36.3,1360946089.4360595
Gro,M4,cDXGF,Base,CZ12,36.3,1508647630.3668516
Gro,M4,cDXGF,Measure,CZ12,36.3,1508887135.2490942
Gro,M4,cDXHP,Base,CZ12,36.3,1510602260.6648817
Gro,M4,cDXHP,Measure,CZ12,36.3,1510837712.9889925
Gro,M4,cPTAC,Base,CZ12,36.3,1508530614.0086284
Gro,M4,cPTAC,Measure,CZ12,36.3,1508762593.156781
Gro,M4,cPVVG,Base,CZ12,36.3,1480584181.3056
Gro,M4,cPVVG,Measure,CZ12,36.3,1486083387.3833847
Gro,M5,cDXGF,Base,CZ12,36.3,1497294597.9237492
Gro,M5,cDXGF,Measure,CZ12,36.3,1441373941.74085
Gro,M5,cDXHP,Base,CZ12,36.3,1489582287.8602257
Gro,M5,cDXHP,Measure,CZ12,36.3,1434190719.1459303
Gro,M5,cPTAC,Base,CZ12,36.3,1497075438.480239
Gro,M5,cPTAC,Measure,CZ12,36.3,1441190036.687026
Gro,M5,cPVVG,Base,CZ12,36.3,1491615330.32191
Gro,M5,cPVVG,Measure,CZ12,36.3,1436077009.7248304
MBT,M1,cDXGF,Base,CZ12,36.3,2655613591.580771
MBT,M1,cDXGF,Measure,CZ12,36.3,2656369628.782424
MBT,M1,cDXHP,Base,CZ12,36.3,2665014166.799238
MBT,M1,cDXHP,Measure,CZ12,36.3,2666515827.3600225
MBT,M1,cPTAC,Base,CZ12,36.3,2655609044.05509
MBT,M1,cPTAC,Measure,CZ12,36.3,2656365080.2268825
MBT,M1,cPVVG,Base,CZ12,36.3,2615584338.4288573
MBT,M1,cPVVG,Measure,CZ12,36.3,2621713485.1008625
MBT,M2,cDXGF,Base,CZ12,36.3,2598533070.242303
MBT,M2,cDXGF,Measure,CZ12,36.3,2592457338.6286674
MBT,M2,cDXHP,Base,CZ12,36.3,2595032944.9371057
MBT,M2,cDXHP,Measure,CZ12,36.3,2588780302.3653417
MBT,M2,cPTAC,Base,CZ12,36.3,2598533070.2524734
MBT,M2,cPTAC,Measure,CZ12,36.3,2592457338.616813
MBT,M2,cPVVG,Base,CZ12,36.3,2538910272.8141704
MBT,M2,cPVVG,Measure,CZ12,36.3,2535558260.1518683
MBT,M3,cDXGF,Base,CZ12,36.3,2623205447.149596
MBT,M3,cDXGF,Measure,CZ12,36.3,2530738861.180541
MBT,M3,cDXHP,Base,CZ12,36.3,2605273496.344081
MBT,M3,cDXHP,Measure,CZ12,36.3,2511630349.2360487
MBT,M3,cPTAC,Base,CZ12,36.3,2623205447.1508183
MBT,M3,cPTAC,Measure,CZ12,36.3,2530738861.1812916
MBT,M3,cPVVG,Base,CZ12,36.3,2612946563.408981
MBT,M3,cPVVG,Measure,CZ12,36.3,2521047565.847169
MBT,M4,cDXGF,Base,CZ12,36.3,2655580543.200452
MBT,M4,cDXGF,Measure,CZ12,36.3,2656337321.4648123
MBT,M4,cDXHP,Base,CZ12,36.3,2664898498.913048
MBT,M4,cDXHP,Measure,CZ12,36.3,2666399433.519858
MBT,M4,cPTAC,Base,CZ12,36.3,2655580543.203236
MBT,M4,cPTAC,Measure,CZ12,36.3,2656337321.4686513
MBT,M4,cPVVG,Base,CZ12,36.3,2615549364.329041
MBT,M4,cPVVG,Measure,CZ12,36.3,2621680711.8340654
MBT,M5,cDXGF,Base,CZ12,36.3,2698360631.1860166
MBT,M5,cDXGF,Measure,CZ12,36.3,2593588254.7923045
MBT,M5,cDXHP,Base,CZ12,36.3,2670935013.5455194
MBT,M5,cDXHP,Measure,CZ12,36.3,2566020392.2763677
MBT,M5,cPTAC,Base,CZ12,36.3,2698360631.1874185
MBT,M5,cPTAC,Measure,CZ12,36.3,2593588254.7972345
MBT,M5,cPVVG,Base,CZ12,36.3,2689339085.599518
MBT,M5,cPVVG,Measure,CZ12,36.3,2585109049.796497
MLI,M1,cDXGF,Base,CZ12,36.3,1089808215.69725
MLI,M1,cDXGF,Measure,CZ12,36.3,1086837097.5414898
MLI,M1,cDXHP,Base,CZ12,36.3,1099524577.6991634
MLI,M1,cDXHP,Measure,CZ12,36.3,1096508425.7155926
MLI,M1,cPTAC,Base,CZ12,36.3,1089808215.6972435
MLI,M1,cPTAC,Measure,CZ12,36.3,1086837097.5414877
MLI,M1,cPVVG,Base,CZ12,36.3,1003936399.9010421
MLI,M1,cPVVG,Measure,CZ12,36.3,1008796047.680955
MLI,M2,cDXGF,Base,CZ12,36.3,1004939287.6230359
MLI,M2,cDXGF,Measure,CZ12,36.3,993135504.311563
MLI,M2,cDXHP,Base,CZ12,36.3,1009290815.5218927
MLI,M2,cDXHP,Measure,CZ12,36.3,997137734.7416947
MLI,M2,cPTAC,Base,CZ12,36.3,1004939287.6230328
MLI,M2,cPTAC,Measure,CZ12,36.3,993135504.311568
MLI,M2,cPVVG,Base,CZ12,36.3,893655558.1920902
MLI,M2,cPVVG,Measure,CZ12,36.3,888702677.9091893
MLI,M3,cDXGF,Base,CZ12,36.3,984827491.4537195
MLI,M3,cDXGF,Measure,CZ12,36.3,889421089.4548328
MLI,M3,cDXHP,Base,CZ12,36.3,959886556.6925551
MLI,M3,cDXHP,Measure,CZ12,36.3,863866183.0112367
MLI,M3,cPTAC,Base,CZ12,36.3,984827491.4537208
MLI,M3,cPTAC,Measure,CZ12,36.3,889421089.4548315
MLI,M3,cPVVG,Base,CZ12,36.3,959582970.9851598
MLI,M3,cPVVG,Measure,CZ12,36.3,865873918.7862722
MLI,M4,cDXGF,Base,CZ12,36.3,1089833890.4417806
MLI,M4,cDXGF,Measure,CZ12,36.3,1086870401.363259
MLI,M4,cDXHP,Base,CZ12,36.3,1099527533.4021351
MLI,M4,cDXHP,Measure,CZ12,36.3,1096494172.6997516
MLI,M4,cPTAC,Base,CZ12,36.3,1089833890.4417887
MLI,M4,cPTAC,Measure,CZ12,36.3,1086870401.36326
MLI,M4,cPVVG,Base,CZ12,36.3,1003947318.857846
MLI,M4,cPVVG,Measure,CZ12,36.3,1008817448.2332004
MLI,M5,cDXGF,Base,CZ12,36.3,1083444810.9119508
MLI,M5,cDXGF,Measure,CZ12,36.3,971962139.9139947
MLI,M5,cDXHP,Base,CZ12,36.3,1039867161.2007484
MLI,M5,cDXHP,Measure,CZ12,36.3,930075223.6265106
MLI,M5,cPTAC,Base,CZ12,36.3,1083444810.9119678
MLI,M5,cPTAC,Measure,CZ12,36.3,971962139.9139786
MLI,M5,cPVVG,Base,CZ12,36.3,1056641486.1319014
MLI,M5,cPVVG,Measure,CZ12,36.3,947184947.2229277
OfS,M1,cDXGF,Base,CZ12,36.3,142631046.8593333
OfS,M1,cDXGF,Measure,CZ12,36.3,142233430.8784475
OfS,M1,cDXHP,Base,CZ12,36.3,142731601.8144488
OfS,M1,cDXHP,Measure,CZ12,36.3,142331523.52280295
OfS,M1,cPTAC,Base,CZ12,36.3,142630972.2214834
OfS,M1,cPTAC,Measure,CZ12,36.3,142233263.7597453
OfS,M1,cPVVG,Base,CZ12,36.3,133354267.92701936
OfS,M1,cPVVG,Measure,CZ12,36.3,133587837.62423001
OfS,M2,cDXGF,Base,CZ12,36.3,136464097.00020733
OfS,M2,cDXGF,Measure,CZ12,36.3,135679940.91451085
OfS,M2,cDXHP,Base,CZ12,36.3,136392042.75544685
OfS,M2,cDXHP,Measure,CZ12,36.3,135597017.67649403
OfS,M2,cPTAC,Base,CZ12,36.3,136464097.00020766
OfS,M2,cPTAC,Measure,CZ12,36.3,135679940.9145135
OfS,M2,cPVVG,Base,CZ12,36.3,125322366.55426154
OfS,M2,cPVVG,Measure,CZ12,36.3,124806048.71283102
OfS,M3,cDXGF,Base,CZ12,36.3,138617112.23691222
OfS,M3,cDXGF,Measure,CZ12,36.3,122651992.59602697
OfS,M3,cDXHP,Base,CZ12,36.3,136794119.82487804
OfS,M3,cDXHP,Measure,CZ12,36.3,120783586.40442689
OfS,M3,cPTAC,Base,CZ12,36.3,138617112.23691285
OfS,M3,cPTAC,Measure,CZ12,36.3,122651992.59642132
OfS,M3,cPVVG,Base,CZ12,36.3,136757659.3889727
OfS,M3,cPVVG,Measure,CZ12,36.3,120895677.19891931
OfS,M4,cDXGF,Base,CZ12,36.3,142631517.48421693
OfS,M4,cDXGF,Measure,CZ12,36.3,142233646.22706586
OfS,M4,cDXHP,Base,CZ12,36.3,142731038.35773608
OfS,M4,cDXHP,Measure,CZ12,36.3,142330428.96123978
OfS,M4,cPTAC,Base,CZ12,36.3,142631517.48421612
OfS,M4,cPTAC,Measure,CZ12,36.3,142233646.22706524
OfS,M4,cPVVG,Base,CZ12,36.3,133357159.32529381
OfS,M4,cPVVG,Measure,CZ12,36.3,133590617.74572054
OfS,M5,cDXGF,Base,CZ12,36.3,145911922.66132876
OfS,M5,cDXGF,Measure,CZ12,36.3,128744976.89386667
OfS,M5,cDXHP,Base,CZ12,36.3,143439207.69999358
OfS,M5,cDXHP,Measure,CZ12,36.3,126309219.29110903
OfS,M5,cPTAC,Base,CZ12,36.3,145911922.66132995
OfS,M5,cPTAC,Measure,CZ12,36.3,128744976.89421691
OfS,M5,cPVVG,Base,CZ12,36.3,144152174.6905596
OfS,M5,cPVVG,Measure,CZ12,36.3,127087453.6403766
RFF,M1,cDXGF,Base,CZ12,36.3,56197750.26224486
RFF,M1,cDXGF,Measure,CZ12,36.3,56224447.21909116
RFF,M1,cDXHP,Base,CZ12,36.3,56388503.27719137
RFF,M1,cDXHP,Measure,CZ12,36.3,56415961.177134715
RFF,M1,cPTAC,Base,CZ12,36.3,56197750.262247756
RFF,M1,cPTAC,Measure,CZ12,36.3,56224447.21910212
RFF,M1,cPVVG,Base,CZ12,36.3,54738846.85133876
RFF,M1,cPVVG,Measure,CZ12,36.3,54863119.916224144
RFF,M2,cDXGF,Base,CZ12,36.3,53645223.32723978
RFF,M2,cDXGF,Measure,CZ12,36.3,53540961.10698659
RFF,M2,cDXHP,Base,CZ12,36.3,53702590.11951752
RFF,M2,cDXHP,Measure,CZ12,36.3,53594859.69037012
RFF,M2,cPTAC,Base,CZ12,36.3,53645223.327254295
RFF,M2,cPTAC,Measure,CZ12,36.3,53540961.106991254
RFF,M2,cPVVG,Base,CZ12,36.3,51486278.47939296
RFF,M2,cPVVG,Measure,CZ12,36.3,51422806.58495942
RFF,M3,cDXGF,Base,CZ12,36.3,55381994.91300633
RFF,M3,cDXGF,Measure,CZ12,36.3,51229284.449676394
RFF,M3,cDXHP,Base,CZ12,36.3,55142276.31904284
RFF,M3,cDXHP,Measure,CZ12,36.3,50935449.61222155
RFF,M3,cPTAC,Base,CZ12,36.3,55381994.91301516
RFF,M3,cPTAC,Measure,CZ12,36.3,51229284.44969322
RFF,M3,cPVVG,Base,CZ12,36.3,55003198.22085711
RFF,M3,cPVVG,Measure,CZ12,36.3,50871286.71599619
RFF,M4,cDXGF,Base,CZ12,36.3,56197703.07628273
RFF,M4,cDXGF,Measure,CZ12,36.3,56224404.85835264
RFF,M4,cDXHP,Base,CZ12,36.3,56388457.040904395
RFF,M4,cDXHP,Measure,CZ12,36.3,56415915.97810049
RFF,M4,cPTAC,Base,CZ12,36.3,56197703.076286465
RFF,M4,cPTAC,Measure,CZ12,36.3,56224404.85835531
RFF,M4,cPVVG,Base,CZ12,36.3,54738797.153410085
RFF,M4,cPVVG,Measure,CZ12,36.3,54863078.95807721
RFF,M5,cDXGF,Base,CZ12,36.3,58651859.04474341
RFF,M5,cDXGF,Measure,CZ12,36.3,53947580.054180846
RFF,M5,cDXHP,Base,CZ12,36.3,58467862.45172248
RFF,M5,cDXHP,Measure,CZ12,36.3,53685091.833506756
RFF,M5,cPTAC,Base,CZ12,36.3,58651859.0447531
RFF,M5,cPTAC,Measure,CZ12,36.3,53947580.05418911
RFF,M5,cPVVG,Base,CZ12,36.3,58329221.80790515
RFF,M5,cPVVG,Measure,CZ12,36.3,53644411.635983616
Rt3,M1,cDXGF,Base,CZ12,36.3,2026156213.2156432
Rt3,M1,cDXGF,Measure,CZ12,36.3,2033745468.6577036
Rt3,M1,cDXHP,Base,CZ12,36.3,2047557797.594339
Rt3,M1,cDXHP,Measure,CZ12,36.3,2056638126.1170783
Rt3,M1,cPTAC,Base,CZ12,36.3,2026156213.2156003
Rt3,M1,cPTAC,Measure,CZ12,36.3,2033745468.6576505
Rt3,M1,cPVVG,Base,CZ12,36.3,1967314074.051933
Rt3,M1,cPVVG,Measure,CZ12,36.3,1992336072.537182
Rt3,M2,cDXGF,Base,CZ12,36.3,1890639889.8545747
Rt3,M2,cDXGF,Measure,CZ12,36.3,1874812607.4009063
Rt3,M2,cDXHP,Base,CZ12,36.3,1893627242.7960205
Rt3,M2,cDXHP,Measure,CZ12,36.3,1877086111.2383685
Rt3,M2,cPTAC,Base,CZ12,36.3,1890639889.8546271
Rt3,M2,cPTAC,Measure,CZ12,36.3,1874812607.400884
Rt3,M2,cPVVG,Base,CZ12,36.3,1796676103.9212744
Rt3,M2,cPVVG,Measure,CZ12,36.3,1784153681.921269
Rt3,M3,cDXGF,Base,CZ12,36.3,1934051020.5267036
Rt3,M3,cDXGF,Measure,CZ12,36.3,1774639757.6892462
Rt3,M3,cDXHP,Base,CZ12,36.3,1910741817.6532555
Rt3,M3,cDXHP,Measure,CZ12,36.3,1749076585.6056046
Rt3,M3,cPTAC,Base,CZ12,36.3,1934051020.526725
Rt3,M3,cPTAC,Measure,CZ12,36.3,1774639757.6895006
Rt3,M3,cPVVG,Base,CZ12,36.3,1918489938.7838292
Rt3,M3,cPVVG,Measure,CZ12,36.3,1759925629.168624
Rt3,M4,cDXGF,Base,CZ12,36.3,2026157511.6808267
Rt3,M4,cDXGF,Measure,CZ12,36.3,2033748461.619739
Rt3,M4,cDXHP,Base,CZ12,36.3,2047556701.6444616
Rt3,M4,cDXHP,Measure,CZ12,36.3,2056638076.7734063
Rt3,M4,cPTAC,Base,CZ12,36.3,2026157511.6807964
Rt3,M4,cPTAC,Measure,CZ12,36.3,2033748461.6196926
Rt3,M4,cPVVG,Base,CZ12,36.3,1967313292.5869133
Rt3,M4,cPVVG,Measure,CZ12,36.3,1992344067.1478877
Rt3,M5,cDXGF,Base,CZ12,36.3,2143385091.5732772
Rt3,M5,cDXGF,Measure,CZ12,36.3,1950118081.640572
Rt3,M5,cDXHP,Base,CZ12,36.3,2087579809.1480484
Rt3,M5,cDXHP,Measure,CZ12,36.3,1895988365.504518
Rt3,M5,cPTAC,Base,CZ12,36.3,2143385091.5732374
Rt3,M5,cPTAC,Measure,CZ12,36.3,1950118081.6397145
Rt3,M5,cPVVG,Base,CZ12,36.3,2133035264.9126697
Rt3,M5,cPVVG,Measure,CZ12,36.3,1940408168.7875638
RtL,M1,cDXGF,Base,CZ12,36.3,2041637290.1163828
RtL,M1,cDXGF,Measure,CZ12,36.3,2047785309.88885
RtL,M1,cDXHP,Base,CZ12,36.3,2046560331.0855174
RtL,M1,cDXHP,Measure,CZ12,36.3,2052825371.3819017
RtL,M1,cPTAC,Base,CZ12,36.3,2041639699.4852579
RtL,M1,cPTAC,Measure,CZ12,36.3,2047787657.5143504
RtL,M1,cPVVG,Base,CZ12,36.3,1958243919.9875937
RtL,M1,cPVVG,Measure,CZ12,36.3,1981688513.9331884
RtL,M2,cDXGF,Base,CZ12,36.3,1890776828.6390293
RtL,M2,cDXGF,Measure,CZ12,36.3,1873130232.2555537
RtL,M2,cDXHP,Base,CZ12,36.3,1888868336.2742872
RtL,M2,cDXHP,Measure,CZ12,36.3,1870976283.311738
RtL,M2,cPTAC,Base,CZ12,36.3,1890776828.6390429
RtL,M2,cPTAC,Measure,CZ12,36.3,1873130232.2555182
RtL,M2,cPVVG,Base,CZ12,36.3,1780226577.3565056
RtL,M2,cPVVG,Measure,CZ12,36.3,1767181982.1337824
RtL,M3,cDXGF,Base,CZ12,36.3,1928032393.9578638
RtL,M3,cDXGF,Measure,CZ12,36.3,1766969340.1280339
RtL,M3,cDXHP,Base,CZ12,36.3,1920373707.7698722
RtL,M3,cDXHP,Measure,CZ12,36.3,1758271855.5179803
RtL,M3,cPTAC,Base,CZ12,36.3,1928032393.9578793
RtL,M3,cPTAC,Measure,CZ12,36.3,1766969340.1280432
RtL,M3,cPVVG,Base,CZ12,36.3,1910970664.373414
RtL,M3,cPVVG,Measure,CZ12,36.3,1750861292.01003
RtL,M4,cDXGF,Base,CZ12,36.3,2041636930.3499174
RtL,M4,cDXGF,Measure,CZ12,36.3,2047785510.86034
RtL,M4,cDXHP,Base,CZ12,36.3,2046527969.6451697
RtL,M4,cDXHP,Measure,CZ12,36.3,2052792561.193197
RtL,M4,cPTAC,Base,CZ12,36.3,2041636930.349944
RtL,M4,cPTAC,Measure,CZ12,36.3,2047785510.860363
RtL,M4,cPVVG,Base,CZ12,36.3,1958244335.1293793
RtL,M4,cPVVG,Measure,CZ12,36.3,1981692187.4556398
RtL,M5,cDXGF,Base,CZ12,36.3,2105289652.4010198
RtL,M5,cDXGF,Measure,CZ12,36.3,1913715208.2050524
RtL,M5,cDXHP,Base,CZ12,36.3,2099758257.8864095
RtL,M5,cDXHP,Measure,CZ12,36.3,1906241527.585106
RtL,M5,cPTAC,Base,CZ12,36.3,2105289652.4009657
RtL,M5,cPTAC,Measure,CZ12,36.3,1913715208.2049947
RtL,M5,cPVVG,Base,CZ12,36.3,2089456622.5982132
RtL,M5,cPVVG,Measure,CZ12,36.3,1898891632.5067787
RtS,M1,cDXGF,Base,CZ12,36.3,135908155.5602455
RtS,M1,cDXGF,Measure,CZ12,36.3,136223347.00102946
RtS,M1,cDXHP,Base,CZ12,36.3,136750644.22256127
RtS,M1,cDXHP,Measure,CZ12,36.3,137101476.66662475
RtS,M1,cPTAC,Base,CZ12,36.3,135908155.55991548
RtS,M1,cPTAC,Measure,CZ12,36.3,136223347.00103298
RtS,M1,cPVVG,Base,CZ12,36.3,131086726.77069446
RtS,M1,cPVVG,Measure,CZ12,36.3,132472645.10123324
RtS,M2,cDXGF,Base,CZ12,36.3,126629976.24367842
RtS,M2,cDXGF,Measure,CZ12,36.3,125903665.89854096
RtS,M2,cDXHP,Base,CZ12,36.3,126891564.35584284
RtS,M2,cDXHP,Measure,CZ12,36.3,126132365.91723296
RtS,M2,cPTAC,Base,CZ12,36.3,126629976.24367958
RtS,M2,cPTAC,Measure,CZ12,36.3,125903665.8985431
RtS,M2,cPVVG,Base,CZ12,36.3,119880564.25363955
RtS,M2,cPVVG,Measure,CZ12,36.3,119260844.51597902
RtS,M3,cDXGF,Base,CZ12,36.3,132022764.9374668
RtS,M3,cDXGF,Measure,CZ12,36.3,118982518.59981412
RtS,M3,cDXHP,Base,CZ12,36.3,131236166.95753826
RtS,M3,cDXHP,Measure,CZ12,36.3,118062773.59789239
RtS,M3,cPTAC,Base,CZ12,36.3,132022764.93746498
RtS,M3,cPTAC,Measure,CZ12,36.3,118982518.59981625
RtS,M3,cPVVG,Base,CZ12,36.3,130888043.60359903
RtS,M3,cPVVG,Measure,CZ12,36.3,117909636.13664597
RtS,M4,cDXGF,Base,CZ12,36.3,135908124.18545726
RtS,M4,cDXGF,Measure,CZ12,36.3,136223331.9736288
RtS,M4,cDXHP,Base,CZ12,36.3,136750619.33807117
RtS,M4,cDXHP,Measure,CZ12,36.3,137101480.76754957
RtS,M4,cPTAC,Base,CZ12,36.3,135908124.18526143
RtS,M4,cPTAC,Measure,CZ12,36.3,136223331.9736315
RtS,M4,cPVVG,Base,CZ12,36.3,131086739.16623685
RtS,M4,cPVVG,Measure,CZ12,36.3,132472598.61651476
RtS,M5,cDXGF,Base,CZ12,36.3,145561848.5099954
RtS,M5,cDXGF,Measure,CZ12,36.3,130227330.46862549
RtS,M5,cDXHP,Base,CZ12,36.3,144584800.40212584
RtS,M5,cDXHP,Measure,CZ12,36.3,129091208.65508083
RtS,M5,cPTAC,Base,CZ12,36.3,145561848.50999948
RtS,M5,cPTAC,Measure,CZ12,36.3,130227330.4686218
RtS,M5,cPVVG,Base,CZ12,36.3,144713827.30314127
RtS,M5,cPVVG,Measure,CZ12,36.3,129431410.49394242
SCn,M1,cDXGF,Base,CZ12,36.3,2392413594.8666387
SCn,M1,cDXGF,Measure,CZ12,36.3,2392483347.8287864
SCn,M1,cDXHP,Base,CZ12,36.3,2392413594.8666387
SCn,M1,cDXHP,Measure,CZ12,36.3,2392483337.3943963
SCn,M1,cPTAC,Base,CZ12,36.3,2392413599.079827
SCn,M1,cPTAC,Measure,CZ12,36.3,2392483347.8287864
SCn,M1,cPVVG,Base,CZ12,36.3,2348453195.0838704
SCn,M1,cPVVG,Measure,CZ12,36.3,2348538756.9097137
SCn,M2,cDXGF,Base,CZ12,36.3,2263547100.5328097
SCn,M2,cDXGF,Measure,CZ12,36.3,2247582484.07555
SCn,M2,cDXHP,Base,CZ12,36.3,2263547100.5328407
SCn,M2,cDXHP,Measure,CZ12,36.3,2247582484.0755672
SCn,M2,cPTAC,Base,CZ12,36.3,2263547100.532847
SCn,M2,cPTAC,Measure,CZ12,36.3,2247582484.0755467
SCn,M2,cPVVG,Base,CZ12,36.3,2212232580.5024486
SCn,M2,cPVVG,Measure,CZ12,36.3,2203762719.171141
SCn,M3,cDXGF,Base,CZ12,36.3,2463827983.7322206
SCn,M3,cDXGF,Measure,CZ12,36.3,2200575421.009949
SCn,M3,cDXHP,Base,CZ12,36.3,2463827983.732259
SCn,M3,cDXHP,Measure,CZ12,36.3,2200575421.009927
SCn,M3,cPTAC,Base,CZ12,36.3,2463827983.7323313
SCn,M3,cPTAC,Measure,CZ12,36.3,2200575421.010017
SCn,M3,cPVVG,Base,CZ12,36.3,2439278489.3242536
SCn,M3,cPVVG,Measure,CZ12,36.3,2177915478.657
SCn,M4,cDXGF,Base,CZ12,36.3,2392412110.429617
SCn,M4,cDXGF,Measure,CZ12,36.3,2392470741.211502
SCn,M4,cDXHP,Base,CZ12,36.3,2392412110.429617
SCn,M4,cDXHP,Measure,CZ12,36.3,2392470737.296213
SCn,M4,cPTAC,Base,CZ12,36.3,2392412108.3932753
SCn,M4,cPTAC,Measure,CZ12,36.3,2392470741.211502
SCn,M4,cPVVG,Base,CZ12,36.3,2348452573.358666
SCn,M4,cPVVG,Measure,CZ12,36.3,2348538044.671572
SCn,M5,cDXGF,Base,CZ12,36.3,2698644110.0313416
SCn,M5,cDXGF,Measure,CZ12,36.3,2392250379.125442
SCn,M5,cDXHP,Base,CZ12,36.3,2698644110.0313416
SCn,M5,cDXHP,Measure,CZ12,36.3,2392250379.125442
SCn,M5,cPTAC,Base,CZ12,36.3,2698644110.0313416
SCn,M5,cPTAC,Measure,CZ12,36.3,2392250379.125442
SCn,M5,cPVVG,Base,CZ12,36.3,2647435500.942674
SCn,M5,cPVVG,Measure,CZ12,36.3,2347911135.145391
Asm,M1,cDXGF,Base,CZ13,38.61666666666667,850107423.8753673
Asm,M1,cDXGF,Measure,CZ13,38.61666666666667,853424193.1340209
Asm,M1,cDXHP,Base,CZ13,38.61666666666667,850538703.0077388
Asm,M1,cDXHP,Measure,CZ13,38.61666666666667,853856312.8105481
Asm,M1,cPTAC,Base,CZ13,38.61666666666667,850107423.8752115
Asm,M1,cPTAC,Measure,CZ13,38.61666666666667,853424193.1339532
Asm,M1,cPVVG,Base,CZ13,38.61666666666667,831914507.3282087
Asm,M1,cPVVG,Measure,CZ13,38.61666666666667,837974194.1229972
Asm,M2,cDXGF,Base,CZ13,38.61666666666667,680584883.1107005
Asm,M2,cDXGF,Measure,CZ13,38.61666666666667,680360204.3074862
Asm,M2,cDXHP,Base,CZ13,38.61666666666667,680817207.5593466
Asm,M2,cDXHP,Measure,CZ13,38.61666666666667,680591004.4742951
Asm,M2,cPTAC,Base,CZ13,38.61666666666667,680584883.1107018
Asm,M2,cPTAC,Measure,CZ13,38.61666666666667,680360204.3074868
Asm,M2,cPVVG,Base,CZ13,38.61666666666667,628563586.8221467
Asm,M2,cPVVG,Measure,CZ13,38.61666666666667,628455369.1194271
Asm,M3,cDXGF,Base,CZ13,38.61666666666667,707422795.6389306
Asm,M3,cDXGF,Measure,CZ13,38.61666666666667,621419207.1346676
Asm,M3,cDXHP,Base,CZ13,38.61666666666667,707014168.1562043
Asm,M3,cDXHP,Measure,CZ13,38.61666666666667,620957809.9972807
Asm,M3,cPTAC,Base,CZ13,38.61666666666667,707422795.6389158
Asm,M3,cPTAC,Measure,CZ13,38.61666666666667,621419207.1346552
Asm,M3,cPVVG,Base,CZ13,38.61666666666667,699130737.8002927
Asm,M3,cPVVG,Measure,CZ13,38.61666666666667,613617277.7760099
Asm,M4,cDXGF,Base,CZ13,38.61666666666667,850107661.2289935
Asm,M4,cDXGF,Measure,CZ13,38.61666666666667,853424520.562855
Asm,M4,cDXHP,Base,CZ13,38.61666666666667,850539081.484883
Asm,M4,cDXHP,Measure,CZ13,38.61666666666667,853856597.4721373
Asm,M4,cPTAC,Base,CZ13,38.61666666666667,850107661.2288392
Asm,M4,cPTAC,Measure,CZ13,38.61666666666667,853424520.5627801
Asm,M4,cPVVG,Base,CZ13,38.61666666666667,831914927.9530959
Asm,M4,cPVVG,Measure,CZ13,38.61666666666667,837974380.8816073
Asm,M5,cDXGF,Base,CZ13,38.61666666666667,901737289.6031964
Asm,M5,cDXGF,Measure,CZ13,38.61666666666667,782128338.5402398
Asm,M5,cDXHP,Base,CZ13,38.61666666666667,900536799.0138284
Asm,M5,cDXHP,Measure,CZ13,38.61666666666667,780983695.896057
Asm,M5,cPTAC,Base,CZ13,38.61666666666667,901737289.6032054
Asm,M5,cPTAC,Measure,CZ13,38.61666666666667,782128338.5402366
Asm,M5,cPVVG,Base,CZ13,38.61666666666667,896445569.1228722
Asm,M5,cPVVG,Measure,CZ13,38.61666666666667,777246217.0119464
ECC,M1,cDXGF,Base,CZ13,38.61666666666667,2254884290.3706846
ECC,M1,cDXGF,Measure,CZ13,38.61666666666667,2149107163.6755323
ECC,M1,cDXHP,Base,CZ13,38.61666666666667,2262345542.1237226
ECC,M1,cDXHP,Measure,CZ13,38.61666666666667,2156309698.2852106
ECC,M1,cPTAC,Base,CZ13,38.61666666666667,2254884290.3815093
ECC,M1,cPTAC,Measure,CZ13,38.61666666666667,2149107164.325737
ECC,M1,cPVVG,Base,CZ13,38.61666666666667,2093056488.8031707
ECC,M1,cPVVG,Measure,CZ13,38.61666666666667,2019266015.7729273
ECC,M2,cDXGF,Base,CZ13,38.61666666666667,1911153597.439832
ECC,M2,cDXGF,Measure,CZ13,38.61666666666667,1855133199.3324819
ECC,M2,cDXHP,Base,CZ13,38.61666666666667,1909831329.193933
ECC,M2,cDXHP,Measure,CZ13,38.61666666666667,1855011093.5505674
ECC,M2,cPTAC,Base,CZ13,38.61666666666667,1911153597.4418433
ECC,M2,cPTAC,Measure,CZ13,38.61666666666667,1855172831.708038
ECC,M2,cPVVG,Base,CZ13,38.61666666666667,1679456590.1297863
ECC,M2,cPVVG,Measure,CZ13,38.61666666666667,1659215670.6940966
ECC,M3,cDXGF,Base,CZ13,38.61666666666667,1785329829.923491
ECC,M3,cDXGF,Measure,CZ13,38.61666666666667,1618397352.8857017
ECC,M3,cDXHP,Base,CZ13,38.61666666666667,1779876166.0371313
ECC,M3,cDXHP,Measure,CZ13,38.61666666666667,1612394228.004514
ECC,M3,cPTAC,Base,CZ13,38.61666666666667,1785329829.9046276
ECC,M3,cPTAC,Measure,CZ13,38.61666666666667,1618400464.0219336
ECC,M3,cPVVG,Base,CZ13,38.61666666666667,1763345272.549674
ECC,M3,cPVVG,Measure,CZ13,38.61666666666667,1598959540.2820883
ECC,M4,cDXGF,Base,CZ13,38.61666666666667,2254883828.2749453
ECC,M4,cDXGF,Measure,CZ13,38.61666666666667,2149107235.7234507
ECC,M4,cDXHP,Base,CZ13,38.61666666666667,2262344573.76841
ECC,M4,cDXHP,Measure,CZ13,38.61666666666667,2156309682.119322
ECC,M4,cPTAC,Base,CZ13,38.61666666666667,2254883828.276236
ECC,M4,cPTAC,Measure,CZ13,38.61666666666667,2149107236.3371663
ECC,M4,cPVVG,Base,CZ13,38.61666666666667,2093055823.3243039
ECC,M4,cPVVG,Measure,CZ13,38.61666666666667,2019266827.2449143
ECC,M5,cDXGF,Base,CZ13,38.61666666666667,1958317465.586522
ECC,M5,cDXGF,Measure,CZ13,38.61666666666667,1758196527.6409457
ECC,M5,cDXHP,Base,CZ13,38.61666666666667,1937936434.5058699
ECC,M5,cDXHP,Measure,CZ13,38.61666666666667,1739959946.3323183
ECC,M5,cPTAC,Base,CZ13,38.61666666666667,1958317465.5898461
ECC,M5,cPTAC,Measure,CZ13,38.61666666666667,1758196527.6329331
ECC,M5,cPVVG,Base,CZ13,38.61666666666667,1933847129.9727697
ECC,M5,cPVVG,Measure,CZ13,38.61666666666667,1737202203.923542
Epr,M1,cDXGF,Base,CZ13,38.61666666666667,349853682.0813315
Epr,M1,cDXGF,Measure,CZ13,38.61666666666667,333913418.5403464
Epr,M1,cDXHP,Base,CZ13,38.61666666666667,351527698.0487665
Epr,M1,cDXHP,Measure,CZ13,38.61666666666667,335517904.3564905
Epr,M1,cPTAC,Base,CZ13,38.61666666666667,349853319.6580613
Epr,M1,cPTAC,Measure,CZ13,38.61666666666667,333913420.59385806
Epr,M1,cPVVG,Base,CZ13,38.61666666666667,325852714.15530413
Epr,M1,cPVVG,Measure,CZ13,38.61666666666667,315256142.5363111
Epr,M2,cDXGF,Base,CZ13,38.61666666666667,277522301.55031025
Epr,M2,cDXGF,Measure,CZ13,38.61666666666667,269690578.42373174
Epr,M2,cDXHP,Base,CZ13,38.61666666666667,277305405.0557825
Epr,M2,cDXHP,Measure,CZ13,38.61666666666667,269550284.5314299
Epr,M2,cPTAC,Base,CZ13,38.61666666666667,277522267.18457776
Epr,M2,cPTAC,Measure,CZ13,38.61666666666667,269690578.4230893
Epr,M2,cPVVG,Base,CZ13,38.61666666666667,239453810.06039408
Epr,M2,cPVVG,Measure,CZ13,38.61666666666667,237015215.65358397
Epr,M3,cDXGF,Base,CZ13,38.61666666666667,258743788.55098704
Epr,M3,cDXGF,Measure,CZ13,38.61666666666667,230457182.28311208
Epr,M3,cDXHP,Base,CZ13,38.61666666666667,257933589.96211058
Epr,M3,cDXHP,Measure,CZ13,38.61666666666667,229506262.53848824
Epr,M3,cPTAC,Base,CZ13,38.61666666666667,258742556.43385202
Epr,M3,cPTAC,Measure,CZ13,38.61666666666667,230457182.28268936
Epr,M3,cPVVG,Base,CZ13,38.61666666666667,255143894.06349018
Epr,M3,cPVVG,Measure,CZ13,38.61666666666667,227245167.40088278
Epr,M4,cDXGF,Base,CZ13,38.61666666666667,349853102.3921747
Epr,M4,cDXGF,Measure,CZ13,38.61666666666667,333913246.56171495
Epr,M4,cDXHP,Base,CZ13,38.61666666666667,351527206.84732753
Epr,M4,cDXHP,Measure,CZ13,38.61666666666667,335517752.7521403
Epr,M4,cPTAC,Base,CZ13,38.61666666666667,349852591.4278409
Epr,M4,cPTAC,Measure,CZ13,38.61666666666667,333913248.61654305
Epr,M4,cPVVG,Base,CZ13,38.61666666666667,325852593.5906447
Epr,M4,cPVVG,Measure,CZ13,38.61666666666667,315256027.63434654
Epr,M5,cDXGF,Base,CZ13,38.61666666666667,298497216.958315
Epr,M5,cDXGF,Measure,CZ13,38.61666666666667,262720748.0975093
Epr,M5,cDXHP,Base,CZ13,38.61666666666667,293582861.4254263
Epr,M5,cDXHP,Measure,CZ13,38.61666666666667,258341934.08485526
Epr,M5,cPTAC,Base,CZ13,38.61666666666667,298498738.7600771
Epr,M5,cPTAC,Measure,CZ13,38.61666666666667,262720753.12888357
Epr,M5,cPVVG,Base,CZ13,38.61666666666667,294448768.03392065
Epr,M5,cPVVG,Measure,CZ13,38.61666666666667,259255536.59709805
ERC,M1,cDXGF,Base,CZ13,38.61666666666667,15198492.920301406
ERC,M1,cDXGF,Measure,CZ13,38.61666666666667,14327815.473257508
ERC,M1,cDXHP,Base,CZ13,38.61666666666667,15261697.794031022
ERC,M1,cDXHP,Measure,CZ13,38.61666666666667,14388607.887645392
ERC,M1,cPTAC,Base,CZ13,38.61666666666667,15198492.920300264
ERC,M1,cPTAC,Measure,CZ13,38.61666666666667,14327815.47325476
ERC,M1,cPVVG,Base,CZ13,38.61666666666667,13928658.320872366
ERC,M1,cPVVG,Measure,CZ13,38.61666666666667,13289665.547277229
ERC,M2,cDXGF,Base,CZ13,38.61666666666667,12392802.491467176
ERC,M2,cDXGF,Measure,CZ13,38.61666666666667,11883671.930018494
ERC,M2,cDXHP,Base,CZ13,38.61666666666667,12380667.345019829
ERC,M2,cDXHP,Measure,CZ13,38.61666666666667,11882850.716534276
ERC,M2,cPTAC,Base,CZ13,38.61666666666667,12392802.491466913
ERC,M2,cPTAC,Measure,CZ13,38.61666666666667,11883671.930017358
ERC,M2,cPVVG,Base,CZ13,38.61666666666667,10509644.670143735
ERC,M2,cPVVG,Measure,CZ13,38.61666666666667,10266794.513548689
ERC,M3,cDXGF,Base,CZ13,38.61666666666667,11731371.110114234
ERC,M3,cDXGF,Measure,CZ13,38.61666666666667,9968737.343417397
ERC,M3,cDXHP,Base,CZ13,38.61666666666667,11689140.766013242
ERC,M3,cDXHP,Measure,CZ13,38.61666666666667,9921790.885086691
ERC,M3,cPTAC,Base,CZ13,38.61666666666667,11731371.110113246
ERC,M3,cPTAC,Measure,CZ13,38.61666666666667,9968737.343417764
ERC,M3,cPVVG,Base,CZ13,38.61666666666667,11520585.770264037
ERC,M3,cPVVG,Measure,CZ13,38.61666666666667,9786708.767628716
ERC,M4,cDXGF,Base,CZ13,38.61666666666667,15198480.52656911
ERC,M4,cDXGF,Measure,CZ13,38.61666666666667,14327807.2063666
ERC,M4,cDXHP,Base,CZ13,38.61666666666667,15261689.204410268
ERC,M4,cDXHP,Measure,CZ13,38.61666666666667,14388602.77961516
ERC,M4,cPTAC,Base,CZ13,38.61666666666667,15198480.526567707
ERC,M4,cPTAC,Measure,CZ13,38.61666666666667,14327807.206364276
ERC,M4,cPVVG,Base,CZ13,38.61666666666667,13928656.817143101
ERC,M4,cPVVG,Measure,CZ13,38.61666666666667,13289656.259187255
ERC,M5,cDXGF,Base,CZ13,38.61666666666667,13505464.751318667
ERC,M5,cDXGF,Measure,CZ13,38.61666666666667,11359749.477298232
ERC,M5,cDXHP,Base,CZ13,38.61666666666667,13356015.961981531
ERC,M5,cDXHP,Measure,CZ13,38.61666666666667,11228540.935094785
ERC,M5,cPTAC,Base,CZ13,38.61666666666667,13505464.751318397
ERC,M5,cPTAC,Measure,CZ13,38.61666666666667,11359749.477293473
ERC,M5,cPVVG,Base,CZ13,38.61666666666667,13273150.233961277
ERC,M5,cPVVG,Measure,CZ13,38.61666666666667,11166342.728547378
Ese,M1,cDXGF,Base,CZ13,38.61666666666667,1010510991.5308149
Ese,M1,cDXGF,Measure,CZ13,38.61666666666667,989691607.0339903
Ese,M1,cDXHP,Base,CZ13,38.61666666666667,1012369849.651083
Ese,M1,cDXHP,Measure,CZ13,38.61666666666667,991506757.1029829
Ese,M1,cPTAC,Base,CZ13,38.61666666666667,1010510991.5308267
Ese,M1,cPTAC,Measure,CZ13,38.61666666666667,989691607.0339987
Ese,M1,cPVVG,Base,CZ13,38.61666666666667,986942666.3183643
Ese,M1,cPVVG,Measure,CZ13,38.61666666666667,971226145.6043582
Ese,M2,cDXGF,Base,CZ13,38.61666666666667,820724580.7901758
Ese,M2,cDXGF,Measure,CZ13,38.61666666666667,808103990.7269015
Ese,M2,cDXHP,Base,CZ13,38.61666666666667,820467957.6095376
Ese,M2,cDXHP,Measure,CZ13,38.61666666666667,808113558.7080941
Ese,M2,cPTAC,Base,CZ13,38.61666666666667,820724580.7901752
Ese,M2,cPTAC,Measure,CZ13,38.61666666666667,808103990.7261937
Ese,M2,cPVVG,Base,CZ13,38.61666666666667,785368884.6110598
Ese,M2,cPVVG,Measure,CZ13,38.61666666666667,778141031.479688
Ese,M3,cDXGF,Base,CZ13,38.61666666666667,800494206.4267222
Ese,M3,cDXGF,Measure,CZ13,38.61666666666667,769283205.7796439
Ese,M3,cDXHP,Base,CZ13,38.61666666666667,799261633.1433278
Ese,M3,cDXHP,Measure,CZ13,38.61666666666667,767912740.3407972
Ese,M3,cPTAC,Base,CZ13,38.61666666666667,800494206.4266772
Ese,M3,cPTAC,Measure,CZ13,38.61666666666667,769283205.77966
Ese,M3,cPVVG,Base,CZ13,38.61666666666667,796538443.839459
Ese,M3,cPVVG,Measure,CZ13,38.61666666666667,765789844.1218823
Ese,M4,cDXGF,Base,CZ13,38.61666666666667,1010510994.7226818
Ese,M4,cDXGF,Measure,CZ13,38.61666666666667,989691553.3703154
Ese,M4,cDXHP,Base,CZ13,38.61666666666667,1012369878.5717946
Ese,M4,cDXHP,Measure,CZ13,38.61666666666667,991506741.714399
Ese,M4,cPTAC,Base,CZ13,38.61666666666667,1010510994.7226707
Ese,M4,cPTAC,Measure,CZ13,38.61666666666667,989691553.3703058
Ese,M4,cPVVG,Base,CZ13,38.61666666666667,986942659.8801326
Ese,M4,cPVVG,Measure,CZ13,38.61666666666667,971226127.8896424
Ese,M5,cDXGF,Base,CZ13,38.61666666666667,945070727.2465322
Ese,M5,cDXGF,Measure,CZ13,38.61666666666667,906023391.6705588
Ese,M5,cDXHP,Base,CZ13,38.61666666666667,940170724.9268343
Ese,M5,cDXHP,Measure,CZ13,38.61666666666667,901694908.0921241
Ese,M5,cPTAC,Base,CZ13,38.61666666666667,945070727.2465769
Ese,M5,cPTAC,Measure,CZ13,38.61666666666667,906023391.6704243
Ese,M5,cPVVG,Base,CZ13,38.61666666666667,940879185.029377
Ese,M5,cPVVG,Measure,CZ13,38.61666666666667,902443655.2022904
Eun,M1,cDXGF,Base,CZ13,38.61666666666667,6563262196.302935
Eun,M1,cDXGF,Measure,CZ13,38.61666666666667,6240161973.86637
Eun,M1,cDXHP,Base,CZ13,38.61666666666667,6581419543.197772
Eun,M1,cDXHP,Measure,CZ13,38.61666666666667,6257541287.944425
Eun,M1,cPTAC,Base,CZ13,38.61666666666667,6563262183.071153
Eun,M1,cPTAC,Measure,CZ13,38.61666666666667,6240161960.631993
Eun,M1,cPVVG,Base,CZ13,38.61666666666667,6178131556.174189
Eun,M1,cPVVG,Measure,CZ13,38.61666666666667,5950002639.232332
Eun,M2,cDXGF,Base,CZ13,38.61666666666667,5770170909.824047
Eun,M2,cDXGF,Measure,CZ13,38.61666666666667,5581695162.237402
Eun,M2,cDXHP,Base,CZ13,38.61666666666667,5769260177.900143
Eun,M2,cDXHP,Measure,CZ13,38.61666666666667,5583238290.409082
Eun,M2,cPTAC,Base,CZ13,38.61666666666667,5770170909.822154
Eun,M2,cPTAC,Measure,CZ13,38.61666666666667,5581532620.639686
Eun,M2,cPVVG,Base,CZ13,38.61666666666667,5226348782.198899
Eun,M2,cPVVG,Measure,CZ13,38.61666666666667,5147748485.935196
Eun,M3,cDXGF,Base,CZ13,38.61666666666667,5444901823.835821
Eun,M3,cDXGF,Measure,CZ13,38.61666666666667,5052565171.382064
Eun,M3,cDXHP,Base,CZ13,38.61666666666667,5428848799.292745
Eun,M3,cDXHP,Measure,CZ13,38.61666666666667,5034394846.616937
Eun,M3,cPTAC,Base,CZ13,38.61666666666667,5444902552.773942
Eun,M3,cPTAC,Measure,CZ13,38.61666666666667,5052565171.409931
Eun,M3,cPVVG,Base,CZ13,38.61666666666667,5395319679.965021
Eun,M3,cPVVG,Measure,CZ13,38.61666666666667,5008403187.729889
Eun,M4,cDXGF,Base,CZ13,38.61666666666667,6563254980.063843
Eun,M4,cDXGF,Measure,CZ13,38.61666666666667,6240161213.18096
Eun,M4,cDXHP,Base,CZ13,38.61666666666667,6581416594.174455
Eun,M4,cDXHP,Measure,CZ13,38.61666666666667,6257540259.336215
Eun,M4,cPTAC,Base,CZ13,38.61666666666667,6563254980.062694
Eun,M4,cPTAC,Measure,CZ13,38.61666666666667,6239924659.382943
Eun,M4,cPVVG,Base,CZ13,38.61666666666667,6178128243.517319
Eun,M4,cPVVG,Measure,CZ13,38.61666666666667,5948890086.898543
Eun,M5,cDXGF,Base,CZ13,38.61666666666667,5815954644.453043
Eun,M5,cDXGF,Measure,CZ13,38.61666666666667,5362502187.766726
Eun,M5,cDXHP,Base,CZ13,38.61666666666667,5776464640.891576
Eun,M5,cDXHP,Measure,CZ13,38.61666666666667,5325772661.61466
Eun,M5,cPTAC,Base,CZ13,38.61666666666667,5815954641.139182
Eun,M5,cPTAC,Measure,CZ13,38.61666666666667,5362502187.766314
Eun,M5,cPVVG,Base,CZ13,38.61666666666667,5762309250.649282
Eun,M5,cPVVG,Measure,CZ13,38.61666666666667,5315937102.331768
Gro,M1,cDXGF,Base,CZ13,38.61666666666667,1473226583.2314677
Gro,M1,cDXGF,Measure,CZ13,38.61666666666667,1457058861.8206594
Gro,M1,cDXHP,Base,CZ13,38.61666666666667,1473271919.6797044
Gro,M1,cDXHP,Measure,CZ13,38.61666666666667,1457102487.643361
Gro,M1,cPTAC,Base,CZ13,38.61666666666667,1473217958.83764
Gro,M1,cPTAC,Measure,CZ13,38.61666666666667,1457038334.3238614
Gro,M1,cPVVG,Base,CZ13,38.61666666666667,1445816968.926234
Gro,M1,cPVVG,Measure,CZ13,38.61666666666667,1436156533.1895788
Gro,M2,cDXGF,Base,CZ13,38.61666666666667,1384204025.3225005
Gro,M2,cDXGF,Measure,CZ13,38.61666666666667,1367079643.9364746
Gro,M2,cDXHP,Base,CZ13,38.61666666666667,1384231563.5678084
Gro,M2,cDXHP,Measure,CZ13,38.61666666666667,1367105552.8974144
Gro,M2,cPTAC,Base,CZ13,38.61666666666667,1384195097.0765886
Gro,M2,cPTAC,Measure,CZ13,38.61666666666667,1367057570.1344562
Gro,M2,cPVVG,Base,CZ13,38.61666666666667,1335615919.7340994
Gro,M2,cPVVG,Measure,CZ13,38.61666666666667,1328346438.3420851
Gro,M3,cDXGF,Base,CZ13,38.61666666666667,1356772894.622123
Gro,M3,cDXGF,Measure,CZ13,38.61666666666667,1312857114.9691024
Gro,M3,cDXHP,Base,CZ13,38.61666666666667,1356736431.7918715
Gro,M3,cDXHP,Measure,CZ13,38.61666666666667,1312814237.1699386
Gro,M3,cPTAC,Base,CZ13,38.61666666666667,1356740073.6479194
Gro,M3,cPTAC,Measure,CZ13,38.61666666666667,1312830039.7629685
Gro,M3,cPVVG,Base,CZ13,38.61666666666667,1350962653.7976496
Gro,M3,cPVVG,Measure,CZ13,38.61666666666667,1307405986.143492
Gro,M4,cDXGF,Base,CZ13,38.61666666666667,1473254066.331217
Gro,M4,cDXGF,Measure,CZ13,38.61666666666667,1457067744.5115998
Gro,M4,cDXHP,Base,CZ13,38.61666666666667,1473299603.3354445
Gro,M4,cDXHP,Measure,CZ13,38.61666666666667,1457111640.7162645
Gro,M4,cPTAC,Base,CZ13,38.61666666666667,1473245439.2500498
Gro,M4,cPTAC,Measure,CZ13,38.61666666666667,1457047000.8513968
Gro,M4,cPVVG,Base,CZ13,38.61666666666667,1445857233.8863404
Gro,M4,cPVVG,Measure,CZ13,38.61666666666667,1436187237.279602
Gro,M5,cDXGF,Base,CZ13,38.61666666666667,1437853867.783594
Gro,M5,cDXGF,Measure,CZ13,38.61666666666667,1379856921.458928
Gro,M5,cDXHP,Base,CZ13,38.61666666666667,1437759280.3842404
Gro,M5,cDXHP,Measure,CZ13,38.61666666666667,1379763751.280141
Gro,M5,cPTAC,Base,CZ13,38.61666666666667,1437815045.4660203
Gro,M5,cPTAC,Measure,CZ13,38.61666666666667,1379824885.1473062
Gro,M5,cPVVG,Base,CZ13,38.61666666666667,1431852383.3406656
Gro,M5,cPVVG,Measure,CZ13,38.61666666666667,1374291324.1327834
MBT,M1,cDXGF,Base,CZ13,38.61666666666667,2188215136.5841937
MBT,M1,cDXGF,Measure,CZ13,38.61666666666667,2148870520.861512
MBT,M1,cDXHP,Base,CZ13,38.61666666666667,2194637657.0348644
MBT,M1,cDXHP,Measure,CZ13,38.61666666666667,2155069279.6122365
MBT,M1,cPTAC,Base,CZ13,38.61666666666667,2188215137.947809
MBT,M1,cPTAC,Measure,CZ13,38.61666666666667,2148870521.989285
MBT,M1,cPVVG,Base,CZ13,38.61666666666667,2133608249.3427744
MBT,M1,cPVVG,Measure,CZ13,38.61666666666667,2106926184.8337739
MBT,M2,cDXGF,Base,CZ13,38.61666666666667,2099791522.6296353
MBT,M2,cDXGF,Measure,CZ13,38.61666666666667,2072113957.501825
MBT,M2,cDXHP,Base,CZ13,38.61666666666667,2098787867.4614868
MBT,M2,cDXHP,Measure,CZ13,38.61666666666667,2071511648.0750754
MBT,M2,cPTAC,Base,CZ13,38.61666666666667,2099791522.627189
MBT,M2,cPTAC,Measure,CZ13,38.61666666666667,2072113957.5024283
MBT,M2,cPVVG,Base,CZ13,38.61666666666667,2019924275.3301084
MBT,M2,cPVVG,Measure,CZ13,38.61666666666667,2006865338.938058
MBT,M3,cDXGF,Base,CZ13,38.61666666666667,2078123852.054745
MBT,M3,cDXGF,Measure,CZ13,38.61666666666667,1990758986.1406736
MBT,M3,cDXHP,Base,CZ13,38.61666666666667,2071549315.4125712
MBT,M3,cDXHP,Measure,CZ13,38.61666666666667,1983428250.5182598
MBT,M3,cPTAC,Base,CZ13,38.61666666666667,2078123852.0509865
MBT,M3,cPTAC,Measure,CZ13,38.61666666666667,1990758986.1415188
MBT,M3,cPVVG,Base,CZ13,38.61666666666667,2069347826.8801308
MBT,M3,cPVVG,Measure,CZ13,38.61666666666667,1983011720.2389514
MBT,M4,cDXGF,Base,CZ13,38.61666666666667,2188251614.4624376
MBT,M4,cDXGF,Measure,CZ13,38.61666666666667,2148904913.8719206
MBT,M4,cDXHP,Base,CZ13,38.61666666666667,2194637951.170177
MBT,M4,cDXHP,Measure,CZ13,38.61666666666667,2155068987.6733174
MBT,M4,cPTAC,Base,CZ13,38.61666666666667,2188251614.4682827
MBT,M4,cPTAC,Measure,CZ13,38.61666666666667,2148904913.8713484
MBT,M4,cPVVG,Base,CZ13,38.61666666666667,2133644077.3571582
MBT,M4,cPVVG,Measure,CZ13,38.61666666666667,2106963104.5677464
MBT,M5,cDXGF,Base,CZ13,38.61666666666667,2137983819.158004
MBT,M5,cDXGF,Measure,CZ13,38.61666666666667,2039423986.376643
MBT,M5,cDXHP,Base,CZ13,38.61666666666667,2119144508.9336486
MBT,M5,cDXHP,Measure,CZ13,38.61666666666667,2021994841.8685987
MBT,M5,cPTAC,Base,CZ13,38.61666666666667,2137983819.1553464
MBT,M5,cPTAC,Measure,CZ13,38.61666666666667,2039423986.3747098
MBT,M5,cPVVG,Base,CZ13,38.61666666666667,2129608880.9797113
MBT,M5,cPVVG,Measure,CZ13,38.61666666666667,2032284407.5394237
MLI,M1,cDXGF,Base,CZ13,38.61666666666667,996213694.4430466
MLI,M1,cDXGF,Measure,CZ13,38.61666666666667,936105167.9979144
MLI,M1,cDXHP,Base,CZ13,38.61666666666667,1007693447.7592748
MLI,M1,cDXHP,Measure,CZ13,38.61666666666667,947036810.604736
MLI,M1,cPTAC,Base,CZ13,38.61666666666667,996213694.4430493
MLI,M1,cPTAC,Measure,CZ13,38.61666666666667,936105167.9979156
MLI,M1,cPVVG,Base,CZ13,38.61666666666667,908290645.3878163
MLI,M1,cPVVG,Measure,CZ13,38.61666666666667,875672719.8080653
MLI,M2,cDXGF,Base,CZ13,38.61666666666667,879202115.124736
MLI,M2,cDXGF,Measure,CZ13,38.61666666666667,832119029.941774
MLI,M2,cDXHP,Base,CZ13,38.61666666666667,883907626.1048964
MLI,M2,cDXHP,Measure,CZ13,38.61666666666667,836026312.3035467
MLI,M2,cPTAC,Base,CZ13,38.61666666666667,879202115.1247362
MLI,M2,cPTAC,Measure,CZ13,38.61666666666667,832119029.9417703
MLI,M2,cPVVG,Base,CZ13,38.61666666666667,758570132.1831375
MLI,M2,cPVVG,Measure,CZ13,38.61666666666667,739905200.2820784
MLI,M3,cDXGF,Base,CZ13,38.61666666666667,825697609.0058554
MLI,M3,cDXGF,Measure,CZ13,38.61666666666667,736877516.1828468
MLI,M3,cDXHP,Base,CZ13,38.61666666666667,803543378.689647
MLI,M3,cDXHP,Measure,CZ13,38.61666666666667,714464145.179224
MLI,M3,cPTAC,Base,CZ13,38.61666666666667,825697609.005844
MLI,M3,cPTAC,Measure,CZ13,38.61666666666667,736877516.1828544
MLI,M3,cPVVG,Base,CZ13,38.61666666666667,802895110.6439719
MLI,M3,cPVVG,Measure,CZ13,38.61666666666667,715601426.3724314
MLI,M4,cDXGF,Base,CZ13,38.61666666666667,996273494.5107307
MLI,M4,cDXGF,Measure,CZ13,38.61666666666667,936157797.0215087
MLI,M4,cDXHP,Base,CZ13,38.61666666666667,1007788388.2956454
MLI,M4,cDXHP,Measure,CZ13,38.61666666666667,947142300.5258399
MLI,M4,cPTAC,Base,CZ13,38.61666666666667,996273494.5107311
MLI,M4,cPTAC,Measure,CZ13,38.61666666666667,936157797.0215093
MLI,M4,cPVVG,Base,CZ13,38.61666666666667,908329549.2935463
MLI,M4,cPVVG,Measure,CZ13,38.61666666666667,875766293.5032655
MLI,M5,cDXGF,Base,CZ13,38.61666666666667,935596912.9356675
MLI,M5,cDXGF,Measure,CZ13,38.61666666666667,828880289.7581416
MLI,M5,cDXHP,Base,CZ13,38.61666666666667,880279996.205759
MLI,M5,cDXHP,Measure,CZ13,38.61666666666667,778039888.3929106
MLI,M5,cPTAC,Base,CZ13,38.61666666666667,935596912.935658
MLI,M5,cPTAC,Measure,CZ13,38.61666666666667,828880289.7581526
MLI,M5,cPVVG,Base,CZ13,38.61666666666667,908661703.122205
MLI,M5,cPVVG,Measure,CZ13,38.61666666666667,804132676.0957464
OfS,M1,cDXGF,Base,CZ13,38.61666666666667,134894815.5327032
OfS,M1,cDXGF,Measure,CZ13,38.61666666666667,128683534.25707668
OfS,M1,cDXHP,Base,CZ13,38.61666666666667,135037766.8745294
OfS,M1,cDXHP,Measure,CZ13,38.61666666666667,128821006.29722376
OfS,M1,cPTAC,Base,CZ13,38.61666666666667,134894830.84154987
OfS,M1,cPTAC,Measure,CZ13,38.61666666666667,128683552.46487646
OfS,M1,cPVVG,Base,CZ13,38.61666666666667,124301518.72517048
OfS,M1,cPVVG,Measure,CZ13,38.61666666666667,119950189.36563195
OfS,M2,cDXGF,Base,CZ13,38.61666666666667,126848935.77037974
OfS,M2,cDXGF,Measure,CZ13,38.61666666666667,121378704.25976324
OfS,M2,cDXHP,Base,CZ13,38.61666666666667,126819165.90226893
OfS,M2,cDXHP,Measure,CZ13,38.61666666666667,121368499.09961094
OfS,M2,cPTAC,Base,CZ13,38.61666666666667,126848935.77037974
OfS,M2,cPTAC,Measure,CZ13,38.61666666666667,121378704.25976323
OfS,M2,cPVVG,Base,CZ13,38.61666666666667,113509166.69940975
OfS,M2,cPVVG,Measure,CZ13,38.61666666666667,110107550.13534872
OfS,M3,cDXGF,Base,CZ13,38.61666666666667,125180926.07020423
OfS,M3,cDXGF,Measure,CZ13,38.61666666666667,107038844.30286807
OfS,M3,cDXHP,Base,CZ13,38.61666666666667,124328767.46658643
OfS,M3,cDXHP,Measure,CZ13,38.61666666666667,106185739.00607912
OfS,M3,cPTAC,Base,CZ13,38.61666666666667,125180926.06500325
OfS,M3,cPTAC,Measure,CZ13,38.61666666666667,107038844.3028569
OfS,M3,cPVVG,Base,CZ13,38.61666666666667,123267106.26296991
OfS,M3,cPVVG,Measure,CZ13,38.61666666666667,105439080.98739003
OfS,M4,cDXGF,Base,CZ13,38.61666666666667,134889051.23662382
OfS,M4,cDXGF,Measure,CZ13,38.61666666666667,128675930.41626193
OfS,M4,cDXHP,Base,CZ13,38.61666666666667,135037039.69019374
OfS,M4,cDXHP,Measure,CZ13,38.61666666666667,128818138.63317333
OfS,M4,cPTAC,Base,CZ13,38.61666666666667,134889051.23662397
OfS,M4,cPTAC,Measure,CZ13,38.61666666666667,128675930.41626178
OfS,M4,cPVVG,Base,CZ13,38.61666666666667,124296728.36629732
OfS,M4,cPVVG,Measure,CZ13,38.61666666666667,119942157.13645862
OfS,M5,cDXGF,Base,CZ13,38.61666666666667,131984263.32569353
OfS,M5,cDXGF,Measure,CZ13,38.61666666666667,112398978.34459457
OfS,M5,cDXHP,Base,CZ13,38.61666666666667,130646468.25478703
OfS,M5,cDXHP,Measure,CZ13,38.61666666666667,111149200.96001802
OfS,M5,cPTAC,Base,CZ13,38.61666666666667,131984263.32569487
OfS,M5,cPTAC,Measure,CZ13,38.61666666666667,112398978.34460087
OfS,M5,cPVVG,Base,CZ13,38.61666666666667,130084649.5033839
OfS,M5,cPVVG,Measure,CZ13,38.61666666666667,110845186.27848874
RFF,M1,cDXGF,Base,CZ13,38.61666666666667,59440340.11702048
RFF,M1,cDXGF,Measure,CZ13,38.61666666666667,59447645.76052065
RFF,M1,cDXHP,Base,CZ13,38.61666666666667,59635456.36025476
RFF,M1,cDXHP,Measure,CZ13,38.61666666666667,59642967.36729176
RFF,M1,cPTAC,Base,CZ13,38.61666666666667,59440340.11702109
RFF,M1,cPTAC,Measure,CZ13,38.61666666666667,59447645.76051472
RFF,M1,cPVVG,Base,CZ13,38.61666666666667,58055616.87808895
RFF,M1,cPVVG,Measure,CZ13,38.61666666666667,58124410.13074226
RFF,M2,cDXGF,Base,CZ13,38.61666666666667,55882811.15681133
RFF,M2,cDXGF,Measure,CZ13,38.61666666666667,55858200.44781799
RFF,M2,cDXHP,Base,CZ13,38.61666666666667,55926607.346419856
RFF,M2,cDXHP,Measure,CZ13,38.61666666666667,55901965.12400348
RFF,M2,cPTAC,Base,CZ13,38.61666666666667,55882811.156808406
RFF,M2,cPTAC,Measure,CZ13,38.61666666666667,55858200.44782791
RFF,M2,cPVVG,Base,CZ13,38.61666666666667,53444013.17994976
RFF,M2,cPVVG,Measure,CZ13,38.61666666666667,53429359.27733045
RFF,M3,cDXGF,Base,CZ13,38.61666666666667,57763725.011282764
RFF,M3,cDXGF,Measure,CZ13,38.61666666666667,53187913.53463552
RFF,M3,cDXHP,Base,CZ13,38.61666666666667,57637509.39927443
RFF,M3,cDXHP,Measure,CZ13,38.61666666666667,53026065.21059206
RFF,M3,cPTAC,Base,CZ13,38.61666666666667,57763725.01128836
RFF,M3,cPTAC,Measure,CZ13,38.61666666666667,53187913.53463581
RFF,M3,cPVVG,Base,CZ13,38.61666666666667,57341202.12174001
RFF,M3,cPVVG,Measure,CZ13,38.61666666666667,52790012.629325286
RFF,M4,cDXGF,Base,CZ13,38.61666666666667,59440318.24392193
RFF,M4,cDXGF,Measure,CZ13,38.61666666666667,59447629.75425206
RFF,M4,cDXHP,Base,CZ13,38.61666666666667,59635425.3350534
RFF,M4,cDXHP,Measure,CZ13,38.61666666666667,59642947.72583608
RFF,M4,cPTAC,Base,CZ13,38.61666666666667,59440318.243918195
RFF,M4,cPTAC,Measure,CZ13,38.61666666666667,59447629.75424123
RFF,M4,cPVVG,Base,CZ13,38.61666666666667,58055584.19179801
RFF,M4,cPVVG,Measure,CZ13,38.61666666666667,58124382.16928801
RFF,M5,cDXGF,Base,CZ13,38.61666666666667,61912152.39833602
RFF,M5,cDXGF,Measure,CZ13,38.61666666666667,56643627.64038504
RFF,M5,cDXHP,Base,CZ13,38.61666666666667,61271570.68712605
RFF,M5,cDXHP,Measure,CZ13,38.61666666666667,56041832.4879158
RFF,M5,cPTAC,Base,CZ13,38.61666666666667,61912152.39833497
RFF,M5,cPTAC,Measure,CZ13,38.61666666666667,56643627.640380345
RFF,M5,cPVVG,Base,CZ13,38.61666666666667,61575959.35929966
RFF,M5,cPVVG,Measure,CZ13,38.61666666666667,56330071.816852376
Rt3,M1,cDXGF,Base,CZ13,38.61666666666667,1955399396.5805285
Rt3,M1,cDXGF,Measure,CZ13,38.61666666666667,1920309465.3168252
Rt3,M1,cDXHP,Base,CZ13,38.61666666666667,1973544666.6772535
Rt3,M1,cDXHP,Measure,CZ13,38.61666666666667,1937863197.2981114
Rt3,M1,cPTAC,Base,CZ13,38.61666666666667,1955399396.5805345
Rt3,M1,cPTAC,Measure,CZ13,38.61666666666667,1920309465.3169124
Rt3,M1,cPVVG,Base,CZ13,38.61666666666667,1892210722.34214
Rt3,M1,cPVVG,Measure,CZ13,38.61666666666667,1875049878.538345
Rt3,M2,cDXGF,Base,CZ13,38.61666666666667,1736436879.2512045
Rt3,M2,cDXGF,Measure,CZ13,38.61666666666667,1706805839.2549427
Rt3,M2,cDXHP,Base,CZ13,38.61666666666667,1737329385.1112869
Rt3,M2,cDXHP,Measure,CZ13,38.61666666666667,1707431462.439528
Rt3,M2,cPTAC,Base,CZ13,38.61666666666667,1736436879.2511818
Rt3,M2,cPTAC,Measure,CZ13,38.61666666666667,1706805839.2549171
Rt3,M2,cPVVG,Base,CZ13,38.61666666666667,1615611295.2439597
Rt3,M2,cPVVG,Measure,CZ13,38.61666666666667,1599186330.7421968
Rt3,M3,cDXGF,Base,CZ13,38.61666666666667,1743809840.0461853
Rt3,M3,cDXGF,Measure,CZ13,38.61666666666667,1587157196.9508078
Rt3,M3,cDXHP,Base,CZ13,38.61666666666667,1732229477.5534587
Rt3,M3,cDXHP,Measure,CZ13,38.61666666666667,1574121357.0859506
Rt3,M3,cPTAC,Base,CZ13,38.61666666666667,1743809839.9969041
Rt3,M3,cPTAC,Measure,CZ13,38.61666666666667,1587157196.890827
Rt3,M3,cPVVG,Base,CZ13,38.61666666666667,1727025954.1638973
Rt3,M3,cPVVG,Measure,CZ13,38.61666666666667,1571427675.2812216
Rt3,M4,cDXGF,Base,CZ13,38.61666666666667,1955397956.4348903
Rt3,M4,cDXGF,Measure,CZ13,38.61666666666667,1920308859.3056412
Rt3,M4,cDXHP,Base,CZ13,38.61666666666667,1973543397.9902065
Rt3,M4,cDXHP,Measure,CZ13,38.61666666666667,1937862317.3569398
Rt3,M4,cPTAC,Base,CZ13,38.61666666666667,1955397956.4349005
Rt3,M4,cPTAC,Measure,CZ13,38.61666666666667,1920308859.3057213
Rt3,M4,cPVVG,Base,CZ13,38.61666666666667,1892210121.0455472
Rt3,M4,cPVVG,Measure,CZ13,38.61666666666667,1875049648.2276149
Rt3,M5,cDXGF,Base,CZ13,38.61666666666667,1983085284.8080306
Rt3,M5,cDXGF,Measure,CZ13,38.61666666666667,1787432324.7856512
Rt3,M5,cDXHP,Base,CZ13,38.61666666666667,1917671498.83403
Rt3,M5,cDXHP,Measure,CZ13,38.61666666666667,1728714448.8123186
Rt3,M5,cPTAC,Base,CZ13,38.61666666666667,1983085284.8069572
Rt3,M5,cPTAC,Measure,CZ13,38.61666666666667,1787432324.7861595
Rt3,M5,cPVVG,Base,CZ13,38.61666666666667,1969842208.3036482
Rt3,M5,cPVVG,Measure,CZ13,38.61666666666667,1775231535.7947774
RtL,M1,cDXGF,Base,CZ13,38.61666666666667,1960446952.7065556
RtL,M1,cDXGF,Measure,CZ13,38.61666666666667,1921392517.0838354
RtL,M1,cDXHP,Base,CZ13,38.61666666666667,1963641838.4403603
RtL,M1,cDXHP,Measure,CZ13,38.61666666666667,1924458981.5394208
RtL,M1,cPTAC,Base,CZ13,38.61666666666667,1960446942.8159113
RtL,M1,cPTAC,Measure,CZ13,38.61666666666667,1921392507.2600608
RtL,M1,cPVVG,Base,CZ13,38.61666666666667,1878396753.6440732
RtL,M1,cPVVG,Measure,CZ13,38.61666666666667,1860126795.0274916
RtL,M2,cDXGF,Base,CZ13,38.61666666666667,1727702277.3239682
RtL,M2,cDXGF,Measure,CZ13,38.61666666666667,1696398999.9485674
RtL,M2,cDXHP,Base,CZ13,38.61666666666667,1726909927.2259924
RtL,M2,cDXHP,Measure,CZ13,38.61666666666667,1695522300.2010818
RtL,M2,cPTAC,Base,CZ13,38.61666666666667,1727702277.3238878
RtL,M2,cPTAC,Measure,CZ13,38.61666666666667,1696398999.9485452
RtL,M2,cPVVG,Base,CZ13,38.61666666666667,1607131560.3916214
RtL,M2,cPVVG,Measure,CZ13,38.61666666666667,1587749607.8881612
RtL,M3,cDXGF,Base,CZ13,38.61666666666667,1744018951.2576535
RtL,M3,cDXGF,Measure,CZ13,38.61666666666667,1585404384.1865718
RtL,M3,cDXHP,Base,CZ13,38.61666666666667,1741232530.6973805
RtL,M3,cDXHP,Measure,CZ13,38.61666666666667,1582231023.9068441
RtL,M3,cPTAC,Base,CZ13,38.61666666666667,1744018951.2577186
RtL,M3,cPTAC,Measure,CZ13,38.61666666666667,1585404384.1865997
RtL,M3,cPVVG,Base,CZ13,38.61666666666667,1727019189.0179024
RtL,M3,cPVVG,Measure,CZ13,38.61666666666667,1569404193.8838058
RtL,M4,cDXGF,Base,CZ13,38.61666666666667,1960448570.7079952
RtL,M4,cDXGF,Measure,CZ13,38.61666666666667,1921396223.3966765
RtL,M4,cDXHP,Base,CZ13,38.61666666666667,1963641639.6169612
RtL,M4,cDXHP,Measure,CZ13,38.61666666666667,1924461133.243068
RtL,M4,cPTAC,Base,CZ13,38.61666666666667,1960448570.7080538
RtL,M4,cPTAC,Measure,CZ13,38.61666666666667,1921396223.396671
RtL,M4,cPVVG,Base,CZ13,38.61666666666667,1878397824.0969977
RtL,M4,cPVVG,Measure,CZ13,38.61666666666667,1860129848.484658
RtL,M5,cDXGF,Base,CZ13,38.61666666666667,1932012215.574426
RtL,M5,cDXGF,Measure,CZ13,38.61666666666667,1740751741.9177933
RtL,M5,cDXHP,Base,CZ13,38.61666666666667,1920709134.5228229
RtL,M5,cDXHP,Measure,CZ13,38.61666666666667,1730305331.0188453
RtL,M5,cPTAC,Base,CZ13,38.61666666666667,1932012855.9858818
RtL,M5,cPTAC,Measure,CZ13,38.61666666666667,1740752299.9459367
RtL,M5,cPVVG,Base,CZ13,38.61666666666667,1915458255.7065134
RtL,M5,cPVVG,Measure,CZ13,38.61666666666667,1725334901.704431
RtS,M1,cDXGF,Base,CZ13,38.61666666666667,135607800.32796866
RtS,M1,cDXGF,Measure,CZ13,38.61666666666667,134364302.85218078
RtS,M1,cDXHP,Base,CZ13,38.61666666666667,136314638.53534335
RtS,M1,cDXHP,Measure,CZ13,38.61666666666667,135093506.16318953
RtS,M1,cPTAC,Base,CZ13,38.61666666666667,135607800.32798368
RtS,M1,cPTAC,Measure,CZ13,38.61666666666667,134364302.85218126
RtS,M1,cPVVG,Base,CZ13,38.61666666666667,131020438.48094991
RtS,M1,cPVVG,Measure,CZ13,38.61666666666667,130629157.86665927
RtS,M2,cDXGF,Base,CZ13,38.61666666666667,122135178.75398253
RtS,M2,cDXGF,Measure,CZ13,38.61666666666667,121201511.13855185
RtS,M2,cDXHP,Base,CZ13,38.61666666666667,122295310.01202837
RtS,M2,cDXHP,Measure,CZ13,38.61666666666667,121359196.32608084
RtS,M2,cPTAC,Base,CZ13,38.61666666666667,122135178.75399318
RtS,M2,cPTAC,Measure,CZ13,38.61666666666667,121201511.13855124
RtS,M2,cPVVG,Base,CZ13,38.61666666666667,114043194.15860696
RtS,M2,cPVVG,Measure,CZ13,38.61666666666667,113690912.38645707
RtS,M3,cDXGF,Base,CZ13,38.61666666666667,126725877.5236539
RtS,M3,cDXGF,Measure,CZ13,38.61666666666667,112970012.37902628
RtS,M3,cDXHP,Base,CZ13,38.61666666666667,126472865.97795099
RtS,M3,cDXHP,Measure,CZ13,38.61666666666667,112661007.67196518
RtS,M3,cPTAC,Base,CZ13,38.61666666666667,126725877.54218021
RtS,M3,cPTAC,Measure,CZ13,38.61666666666667,112970012.4947008
RtS,M3,cPVVG,Base,CZ13,38.61666666666667,125500731.24987927
RtS,M3,cPVVG,Measure,CZ13,38.61666666666667,111826677.81864077
RtS,M4,cDXGF,Base,CZ13,38.61666666666667,135607782.40819725
RtS,M4,cDXGF,Measure,CZ13,38.61666666666667,134364282.92246538
RtS,M4,cDXHP,Base,CZ13,38.61666666666667,136314617.76703924
RtS,M4,cDXHP,Measure,CZ13,38.61666666666667,135093453.38547686
RtS,M4,cPTAC,Base,CZ13,38.61666666666667,135607782.40820774
RtS,M4,cPTAC,Measure,CZ13,38.61666666666667,134364282.9224633
RtS,M4,cPVVG,Base,CZ13,38.61666666666667,131020423.07155594
RtS,M4,cPVVG,Measure,CZ13,38.61666666666667,130629067.90491292
RtS,M5,cDXGF,Base,CZ13,38.61666666666667,141923198.73098734
RtS,M5,cDXGF,Measure,CZ13,38.61666666666667,125550976.18749228
RtS,M5,cDXHP,Base,CZ13,38.61666666666667,141313966.25606796
RtS,M5,cDXHP,Measure,CZ13,38.61666666666667,124950968.68027435
RtS,M5,cPTAC,Base,CZ13,38.61666666666667,141923198.73103228
RtS,M5,cPTAC,Measure,CZ13,38.61666666666667,125550976.18749233
RtS,M5,cPVVG,Base,CZ13,38.61666666666667,140990355.12338346
RtS,M5,cPVVG,Measure,CZ13,38.61666666666667,124697300.30417953
SCn,M1,cDXGF,Base,CZ13,38.61666666666667,2163266374.130622
SCn,M1,cDXGF,Measure,CZ13,38.61666666666667,1913296448.9926305
SCn,M1,cDXHP,Base,CZ13,38.61666666666667,2163266374.1305876
SCn,M1,cDXHP,Measure,CZ13,38.61666666666667,1913296448.9926229
SCn,M1,cPTAC,Base,CZ13,38.61666666666667,2163266374.1305795
SCn,M1,cPTAC,Measure,CZ13,38.61666666666667,1913296448.992648
SCn,M1,cPVVG,Base,CZ13,38.61666666666667,2124327515.917918
SCn,M1,cPVVG,Measure,CZ13,38.61666666666667,1908173622.2044415
SCn,M2,cDXGF,Base,CZ13,38.61666666666667,1881487349.660734
SCn,M2,cDXGF,Measure,CZ13,38.61666666666667,1746180083.0910137
SCn,M2,cDXHP,Base,CZ13,38.61666666666667,1881487349.6607132
SCn,M2,cDXHP,Measure,CZ13,38.61666666666667,1746180047.8837428
SCn,M2,cPTAC,Base,CZ13,38.61666666666667,1881487326.4954317
SCn,M2,cPTAC,Measure,CZ13,38.61666666666667,1746179956.2198012
SCn,M2,cPVVG,Base,CZ13,38.61666666666667,1787950052.479425
SCn,M2,cPVVG,Measure,CZ13,38.61666666666667,1725945706.4742284
SCn,M3,cDXGF,Base,CZ13,38.61666666666667,1959033462.1055067
SCn,M3,cDXGF,Measure,CZ13,38.61666666666667,1711783133.173473
SCn,M3,cDXHP,Base,CZ13,38.61666666666667,1959033462.1054077
SCn,M3,cDXHP,Measure,CZ13,38.61666666666667,1711783133.1734967
SCn,M3,cPTAC,Base,CZ13,38.61666666666667,1959033201.186016
SCn,M3,cPTAC,Measure,CZ13,38.61666666666667,1711783013.3841503
SCn,M3,cPVVG,Base,CZ13,38.61666666666667,1955401881.1226268
SCn,M3,cPVVG,Measure,CZ13,38.61666666666667,1710507912.765582
SCn,M4,cDXGF,Base,CZ13,38.61666666666667,2163271052.0524054
SCn,M4,cDXGF,Measure,CZ13,38.61666666666667,1913287151.3843038
SCn,M4,cDXHP,Base,CZ13,38.61666666666667,2163271052.052379
SCn,M4,cDXHP,Measure,CZ13,38.61666666666667,1913287151.384716
SCn,M4,cPTAC,Base,CZ13,38.61666666666667,2163271052.0524154
SCn,M4,cPTAC,Measure,CZ13,38.61666666666667,1913287171.28853
SCn,M4,cPVVG,Base,CZ13,38.61666666666667,2124332543.2218516
SCn,M4,cPVVG,Measure,CZ13,38.61666666666667,1908165561.386977
SCn,M5,cDXGF,Base,CZ13,38.61666666666667,2209301598.2165093
SCn,M5,cDXGF,Measure,CZ13,38.61666666666667,1881558287.307622
SCn,M5,cDXHP,Base,CZ13,38.61666666666667,2209301598.2175927
SCn,M5,cDXHP,Measure,CZ13,38.61666666666667,1881558287.307098
SCn,M5,cPTAC,Base,CZ13,38.61666666666667,2209301522.564543
SCn,M5,cPTAC,Measure,CZ13,38.61666666666667,1881558287.3075678
SCn,M5,cPVVG,Base,CZ13,38.61666666666667,2200928580.7801895
SCn,M5,cPVVG,Measure,CZ13,38.61666666666667,1880005808.3856087
Asm,M1,cDXGF,Base,CZ14,35.867222222222225,800320497.3339099
Asm,M1,cDXGF,Measure,CZ14,35.867222222222225,802742310.5139673
Asm,M1,cDXHP,Base,CZ14,35.867222222222225,800683143.9218967
Asm,M1,cDXHP,Measure,CZ14,35.867222222222225,803101152.8426642
Asm,M1,cPTAC,Base,CZ14,35.867222222222225,800320574.5467067
Asm,M1,cPTAC,Measure,CZ14,35.867222222222225,802742385.0129039
Asm,M1,cPVVG,Base,CZ14,35.867222222222225,767080416.0459672
Asm,M1,cPVVG,Measure,CZ14,35.867222222222225,772637310.8076576
Asm,M2,cDXGF,Base,CZ14,35.867222222222225,665354448.6688478
Asm,M2,cDXGF,Measure,CZ14,35.867222222222225,664694041.5547047
Asm,M2,cDXHP,Base,CZ14,35.867222222222225,665493112.410168
Asm,M2,cDXHP,Measure,CZ14,35.867222222222225,664823115.9114681
Asm,M2,cPTAC,Base,CZ14,35.867222222222225,665354448.6688493
Asm,M2,cPTAC,Measure,CZ14,35.867222222222225,664694041.5547099
Asm,M2,cPVVG,Base,CZ14,35.867222222222225,603511012.2320446
Asm,M2,cPVVG,Measure,CZ14,35.867222222222225,602882716.2173021
Asm,M3,cDXGF,Base,CZ14,35.867222222222225,674074925.8886354
Asm,M3,cDXGF,Measure,CZ14,35.867222222222225,594276671.5744582
Asm,M3,cDXHP,Base,CZ14,35.867222222222225,673080259.6766244
Asm,M3,cDXHP,Measure,CZ14,35.867222222222225,593283720.5253781
Asm,M3,cPTAC,Base,CZ14,35.867222222222225,674074925.888631
Asm,M3,cPTAC,Measure,CZ14,35.867222222222225,594276671.5744487
Asm,M3,cPVVG,Base,CZ14,35.867222222222225,665198094.6240628
Asm,M3,cPVVG,Measure,CZ14,35.867222222222225,585907330.1888621
Asm,M4,cDXGF,Base,CZ14,35.867222222222225,800320500.6819872
Asm,M4,cDXGF,Measure,CZ14,35.867222222222225,802742391.1153167
Asm,M4,cDXHP,Base,CZ14,35.867222222222225,800683141.0869216
Asm,M4,cDXHP,Measure,CZ14,35.867222222222225,803101233.4272866
Asm,M4,cPTAC,Base,CZ14,35.867222222222225,800320577.8959318
Asm,M4,cPTAC,Measure,CZ14,35.867222222222225,802742465.6081418
Asm,M4,cPVVG,Base,CZ14,35.867222222222225,767080385.733419
Asm,M4,cPVVG,Measure,CZ14,35.867222222222225,772637452.374104
Asm,M5,cDXGF,Base,CZ14,35.867222222222225,779282820.7713042
Asm,M5,cDXGF,Measure,CZ14,35.867222222222225,681718849.0602585
Asm,M5,cDXHP,Base,CZ14,35.867222222222225,777152143.3132081
Asm,M5,cDXHP,Measure,CZ14,35.867222222222225,679749018.0493183
Asm,M5,cPTAC,Base,CZ14,35.867222222222225,779282820.7712994
Asm,M5,cPTAC,Measure,CZ14,35.867222222222225,681718849.0602596
Asm,M5,cPVVG,Base,CZ14,35.867222222222225,770789927.68405
Asm,M5,cPVVG,Measure,CZ14,35.867222222222225,673850636.3997982
ECC,M1,cDXGF,Base,CZ14,35.867222222222225,2112947670.3468585
ECC,M1,cDXGF,Measure,CZ14,35.867222222222225,2024910128.2331345
ECC,M1,cDXHP,Base,CZ14,35.867222222222225,2123311116.734816
ECC,M1,cDXHP,Measure,CZ14,35.867222222222225,2034879487.530723
ECC,M1,cPTAC,Base,CZ14,35.867222222222225,2112950684.7564816
ECC,M1,cPTAC,Measure,CZ14,35.867222222222225,2024910128.2316954
ECC,M1,cPVVG,Base,CZ14,35.867222222222225,1935386183.8262897
ECC,M1,cPVVG,Measure,CZ14,35.867222222222225,1883791902.9805439
ECC,M2,cDXGF,Base,CZ14,35.867222222222225,1870758862.4933972
ECC,M2,cDXGF,Measure,CZ14,35.867222222222225,1809010151.4674041
ECC,M2,cDXHP,Base,CZ14,35.867222222222225,1868226199.3817945
ECC,M2,cDXHP,Measure,CZ14,35.867222222222225,1807141614.5050006
ECC,M2,cPTAC,Base,CZ14,35.867222222222225,1870758862.481608
ECC,M2,cPTAC,Measure,CZ14,35.867222222222225,1809010151.4547148
ECC,M2,cPVVG,Base,CZ14,35.867222222222225,1630871758.9563818
ECC,M2,cPVVG,Measure,CZ14,35.867222222222225,1605228026.6441188
ECC,M3,cDXGF,Base,CZ14,35.867222222222225,1706378764.8019767
ECC,M3,cDXGF,Measure,CZ14,35.867222222222225,1559200362.6851172
ECC,M3,cDXHP,Base,CZ14,35.867222222222225,1694024085.8211768
ECC,M3,cDXHP,Measure,CZ14,35.867222222222225,1546157425.1497283
ECC,M3,cPTAC,Base,CZ14,35.867222222222225,1706378764.800273
ECC,M3,cPTAC,Measure,CZ14,35.867222222222225,1559200362.6671114
ECC,M3,cPVVG,Base,CZ14,35.867222222222225,1684782231.2899299
ECC,M3,cPVVG,Measure,CZ14,35.867222222222225,1539835272.836052
ECC,M4,cDXGF,Base,CZ14,35.867222222222225,2112953127.960897
ECC,M4,cDXGF,Measure,CZ14,35.867222222222225,2024912267.885783
ECC,M4,cDXHP,Base,CZ14,35.867222222222225,2123312933.8065197
ECC,M4,cDXHP,Measure,CZ14,35.867222222222225,2034881510.9101412
ECC,M4,cPTAC,Base,CZ14,35.867222222222225,2112953127.9591532
ECC,M4,cPTAC,Measure,CZ14,35.867222222222225,2024912267.8707225
ECC,M4,cPVVG,Base,CZ14,35.867222222222225,1935386759.1629229
ECC,M4,cPVVG,Measure,CZ14,35.867222222222225,1883794418.449301
ECC,M5,cDXGF,Base,CZ14,35.867222222222225,1824851048.911793
ECC,M5,cDXGF,Measure,CZ14,35.867222222222225,1657217141.3446815
ECC,M5,cDXHP,Base,CZ14,35.867222222222225,1773437828.1569288
ECC,M5,cDXHP,Measure,CZ14,35.867222222222225,1611268168.566796
ECC,M5,cPTAC,Base,CZ14,35.867222222222225,1824856722.9501183
ECC,M5,cPTAC,Measure,CZ14,35.867222222222225,1657217141.3376586
ECC,M5,cPVVG,Base,CZ14,35.867222222222225,1802164219.9434664
ECC,M5,cPVVG,Measure,CZ14,35.867222222222225,1637351023.712054
Epr,M1,cDXGF,Base,CZ14,35.867222222222225,322235450.35699856
Epr,M1,cDXGF,Measure,CZ14,35.867222222222225,308310256.44181025
Epr,M1,cDXHP,Base,CZ14,35.867222222222225,324540782.2491204
Epr,M1,cDXHP,Measure,CZ14,35.867222222222225,310110795.5626635
Epr,M1,cPTAC,Base,CZ14,35.867222222222225,322235450.3566338
Epr,M1,cPTAC,Measure,CZ14,35.867222222222225,308310256.4418146
Epr,M1,cPVVG,Base,CZ14,35.867222222222225,293864669.1551352
Epr,M1,cPVVG,Measure,CZ14,35.867222222222225,286034319.4732558
Epr,M2,cDXGF,Base,CZ14,35.867222222222225,270618023.2151557
Epr,M2,cDXGF,Measure,CZ14,35.867222222222225,260856410.3274855
Epr,M2,cDXHP,Base,CZ14,35.867222222222225,270248540.2974185
Epr,M2,cDXHP,Measure,CZ14,35.867222222222225,260585685.37252027
Epr,M2,cPTAC,Base,CZ14,35.867222222222225,270618023.2151562
Epr,M2,cPTAC,Measure,CZ14,35.867222222222225,260856410.32743326
Epr,M2,cPVVG,Base,CZ14,35.867222222222225,230267955.18518084
Epr,M2,cPVVG,Measure,CZ14,35.867222222222225,226472098.51270336
Epr,M3,cDXGF,Base,CZ14,35.867222222222225,243999375.09099716
Epr,M3,cDXGF,Measure,CZ14,35.867222222222225,218665149.70920944
Epr,M3,cDXHP,Base,CZ14,35.867222222222225,242104839.00249237
Epr,M3,cDXHP,Measure,CZ14,35.867222222222225,216556504.42133638
Epr,M3,cPTAC,Base,CZ14,35.867222222222225,243999374.74293983
Epr,M3,cPTAC,Measure,CZ14,35.867222222222225,218665149.72547442
Epr,M3,cPVVG,Base,CZ14,35.867222222222225,240453217.35527277
Epr,M3,cPVVG,Measure,CZ14,35.867222222222225,215478236.38752383
Epr,M4,cDXGF,Base,CZ14,35.867222222222225,322235460.10251933
Epr,M4,cDXGF,Measure,CZ14,35.867222222222225,308310329.50719935
Epr,M4,cDXHP,Base,CZ14,35.867222222222225,324540794.22367173
Epr,M4,cDXHP,Measure,CZ14,35.867222222222225,310110852.9400739
Epr,M4,cPTAC,Base,CZ14,35.867222222222225,322235460.1021556
Epr,M4,cPTAC,Measure,CZ14,35.867222222222225,308310329.50720173
Epr,M4,cPVVG,Base,CZ14,35.867222222222225,293864680.2127101
Epr,M4,cPVVG,Measure,CZ14,35.867222222222225,286034592.5868836
Epr,M5,cDXGF,Base,CZ14,35.867222222222225,271565789.98797184
Epr,M5,cDXGF,Measure,CZ14,35.867222222222225,241482010.26962882
Epr,M5,cDXHP,Base,CZ14,35.867222222222225,260066052.41810927
Epr,M5,cDXHP,Measure,CZ14,35.867222222222225,231249957.8795517
Epr,M5,cPTAC,Base,CZ14,35.867222222222225,271566511.33146757
Epr,M5,cPTAC,Measure,CZ14,35.867222222222225,241479678.78409946
Epr,M5,cPVVG,Base,CZ14,35.867222222222225,267892017.5450601
Epr,M5,cPVVG,Measure,CZ14,35.867222222222225,238274971.74834627
ERC,M1,cDXGF,Base,CZ14,35.867222222222225,13934906.869866144
ERC,M1,cDXGF,Measure,CZ14,35.867222222222225,13308432.336479748
ERC,M1,cDXHP,Base,CZ14,35.867222222222225,14056814.266558208
ERC,M1,cDXHP,Measure,CZ14,35.867222222222225,13427848.789906034
ERC,M1,cPTAC,Base,CZ14,35.867222222222225,13934906.869861256
ERC,M1,cPTAC,Measure,CZ14,35.867222222222225,13308432.336472148
ERC,M1,cPVVG,Base,CZ14,35.867222222222225,12570381.926098846
ERC,M1,cPVVG,Measure,CZ14,35.867222222222225,12178743.73364776
ERC,M2,cDXGF,Base,CZ14,35.867222222222225,11971636.781446304
ERC,M2,cDXGF,Measure,CZ14,35.867222222222225,11493227.575837702
ERC,M2,cDXHP,Base,CZ14,35.867222222222225,11953644.833093675
ERC,M2,cDXHP,Measure,CZ14,35.867222222222225,11475492.02398854
ERC,M2,cPTAC,Base,CZ14,35.867222222222225,11971636.781447273
ERC,M2,cPTAC,Measure,CZ14,35.867222222222225,11493227.575835733
ERC,M2,cPVVG,Base,CZ14,35.867222222222225,10000100.28934449
ERC,M2,cPVVG,Measure,CZ14,35.867222222222225,9751841.550859619
ERC,M3,cDXGF,Base,CZ14,35.867222222222225,10918368.515642457
ERC,M3,cDXGF,Measure,CZ14,35.867222222222225,9406640.374120364
ERC,M3,cDXHP,Base,CZ14,35.867222222222225,10803403.044234658
ERC,M3,cDXHP,Measure,CZ14,35.867222222222225,9284767.093153251
ERC,M3,cPTAC,Base,CZ14,35.867222222222225,10918368.515641844
ERC,M3,cPTAC,Measure,CZ14,35.867222222222225,9406640.37412194
ERC,M3,cPVVG,Base,CZ14,35.867222222222225,10709126.994734254
ERC,M3,cPVVG,Measure,CZ14,35.867222222222225,9222877.977728315
ERC,M4,cDXGF,Base,CZ14,35.867222222222225,13934907.299148198
ERC,M4,cDXGF,Measure,CZ14,35.867222222222225,13308433.026076015
ERC,M4,cDXHP,Base,CZ14,35.867222222222225,14056814.707877044
ERC,M4,cDXHP,Measure,CZ14,35.867222222222225,13427849.656156538
ERC,M4,cPTAC,Base,CZ14,35.867222222222225,13934907.299143346
ERC,M4,cPTAC,Measure,CZ14,35.867222222222225,13308433.026068306
ERC,M4,cPVVG,Base,CZ14,35.867222222222225,12570382.953113507
ERC,M4,cPVVG,Measure,CZ14,35.867222222222225,12178749.199629296
ERC,M5,cDXGF,Base,CZ14,35.867222222222225,12238821.018659014
ERC,M5,cDXGF,Measure,CZ14,35.867222222222225,10480038.634908212
ERC,M5,cDXHP,Base,CZ14,35.867222222222225,11759432.753466493
ERC,M5,cDXHP,Measure,CZ14,35.867222222222225,10054534.33642354
ERC,M5,cPTAC,Base,CZ14,35.867222222222225,12238821.018549489
ERC,M5,cPTAC,Measure,CZ14,35.867222222222225,10480038.634894218
ERC,M5,cPVVG,Base,CZ14,35.867222222222225,12022164.831129752
ERC,M5,cPVVG,Measure,CZ14,35.867222222222225,10294626.820793217
Ese,M1,cDXGF,Base,CZ14,35.867222222222225,891701985.8568418
Ese,M1,cDXGF,Measure,CZ14,35.867222222222225,872686424.0529884
Ese,M1,cDXHP,Base,CZ14,35.867222222222225,894357640.0448914
Ese,M1,cDXHP,Measure,CZ14,35.867222222222225,874836013.4090337
Ese,M1,cPTAC,Base,CZ14,35.867222222222225,891701985.8568548
Ese,M1,cPTAC,Measure,CZ14,35.867222222222225,872686424.0527974
Ese,M1,cPVVG,Base,CZ14,35.867222222222225,866417253.9387927
Ese,M1,cPVVG,Measure,CZ14,35.867222222222225,852070994.920626
Ese,M2,cDXGF,Base,CZ14,35.867222222222225,756383974.4824375
Ese,M2,cDXGF,Measure,CZ14,35.867222222222225,741820870.2397327
Ese,M2,cDXHP,Base,CZ14,35.867222222222225,756019681.0722963
Ese,M2,cDXHP,Measure,CZ14,35.867222222222225,741586484.5856818
Ese,M2,cPTAC,Base,CZ14,35.867222222222225,756383974.4824382
Ese,M2,cPTAC,Measure,CZ14,35.867222222222225,741820870.2373129
Ese,M2,cPVVG,Base,CZ14,35.867222222222225,720483971.1383163
Ese,M2,cPVVG,Measure,CZ14,35.867222222222225,710467993.979576
Ese,M3,cDXGF,Base,CZ14,35.867222222222225,727921301.3474001
Ese,M3,cDXGF,Measure,CZ14,35.867222222222225,701110678.4282609
Ese,M3,cDXHP,Base,CZ14,35.867222222222225,724876828.1355039
Ese,M3,cDXHP,Measure,CZ14,35.867222222222225,697903956.8871971
Ese,M3,cPTAC,Base,CZ14,35.867222222222225,727921301.3474096
Ese,M3,cPTAC,Measure,CZ14,35.867222222222225,701110678.4283226
Ese,M3,cPVVG,Base,CZ14,35.867222222222225,724040411.4704621
Ese,M3,cPVVG,Measure,CZ14,35.867222222222225,697639989.890443
Ese,M4,cDXGF,Base,CZ14,35.867222222222225,891702040.2459501
Ese,M4,cDXGF,Measure,CZ14,35.867222222222225,872686494.3492264
Ese,M4,cDXHP,Base,CZ14,35.867222222222225,894357711.4256401
Ese,M4,cDXHP,Measure,CZ14,35.867222222222225,874836071.36166
Ese,M4,cPTAC,Base,CZ14,35.867222222222225,891702040.24596
Ese,M4,cPTAC,Measure,CZ14,35.867222222222225,872686494.3490485
Ese,M4,cPVVG,Base,CZ14,35.867222222222225,866417273.3143876
Ese,M4,cPVVG,Measure,CZ14,35.867222222222225,852071105.9163897
Ese,M5,cDXGF,Base,CZ14,35.867222222222225,823680833.3823488
Ese,M5,cDXGF,Measure,CZ14,35.867222222222225,791119629.0026628
Ese,M5,cDXHP,Base,CZ14,35.867222222222225,810967989.3781394
Ese,M5,cDXHP,Measure,CZ14,35.867222222222225,779805920.4115012
Ese,M5,cPTAC,Base,CZ14,35.867222222222225,823680833.3823596
Ese,M5,cPTAC,Measure,CZ14,35.867222222222225,791119629.0028193
Ese,M5,cPVVG,Base,CZ14,35.867222222222225,819705968.0190654
Ese,M5,cPVVG,Measure,CZ14,35.867222222222225,787655975.2410563
Eun,M1,cDXGF,Base,CZ14,35.867222222222225,6241879372.995226
Eun,M1,cDXGF,Measure,CZ14,35.867222222222225,5962017464.820027
Eun,M1,cDXHP,Base,CZ14,35.867222222222225,6267920789.661731
Eun,M1,cDXHP,Measure,CZ14,35.867222222222225,5986700026.562688
Eun,M1,cPTAC,Base,CZ14,35.867222222222225,6241881013.829907
Eun,M1,cPTAC,Measure,CZ14,35.867222222222225,5962017524.272151
Eun,M1,cPVVG,Base,CZ14,35.867222222222225,5816143107.878411
Eun,M1,cPVVG,Measure,CZ14,35.867222222222225,5645566042.21671
Eun,M2,cDXGF,Base,CZ14,35.867222222222225,5680399469.267949
Eun,M2,cDXGF,Measure,CZ14,35.867222222222225,5480282124.467263
Eun,M2,cDXHP,Base,CZ14,35.867222222222225,5678537344.440652
Eun,M2,cDXHP,Measure,CZ14,35.867222222222225,5480958557.979643
Eun,M2,cPTAC,Base,CZ14,35.867222222222225,5680401382.986219
Eun,M2,cPTAC,Measure,CZ14,35.867222222222225,5480282124.466756
Eun,M2,cPVVG,Base,CZ14,35.867222222222225,5110515152.438278
Eun,M2,cPVVG,Measure,CZ14,35.867222222222225,5024833536.461506
Eun,M3,cDXGF,Base,CZ14,35.867222222222225,5264173480.745556
Eun,M3,cDXGF,Measure,CZ14,35.867222222222225,4905847718.715683
Eun,M3,cDXHP,Base,CZ14,35.867222222222225,5231897939.117736
Eun,M3,cDXHP,Measure,CZ14,35.867222222222225,4871740462.233692
Eun,M3,cPTAC,Base,CZ14,35.867222222222225,5264173480.745734
Eun,M3,cPTAC,Measure,CZ14,35.867222222222225,4905847718.715779
Eun,M3,cPVVG,Base,CZ14,35.867222222222225,5214580635.802093
Eun,M3,cPVVG,Measure,CZ14,35.867222222222225,4861258568.210813
Eun,M4,cDXGF,Base,CZ14,35.867222222222225,6241880204.131003
Eun,M4,cDXGF,Measure,CZ14,35.867222222222225,5962019070.907712
Eun,M4,cDXHP,Base,CZ14,35.867222222222225,6267921301.2661705
Eun,M4,cDXHP,Measure,CZ14,35.867222222222225,5986940004.338627
Eun,M4,cPTAC,Base,CZ14,35.867222222222225,6241881629.826356
Eun,M4,cPTAC,Measure,CZ14,35.867222222222225,5962019070.907756
Eun,M4,cPVVG,Base,CZ14,35.867222222222225,5816143704.497303
Eun,M4,cPVVG,Measure,CZ14,35.867222222222225,5645568789.082252
Eun,M5,cDXGF,Base,CZ14,35.867222222222225,5529985151.939692
Eun,M5,cDXGF,Measure,CZ14,35.867222222222225,5131441413.975962
Eun,M5,cDXHP,Base,CZ14,35.867222222222225,5415231080.732563
Eun,M5,cDXHP,Measure,CZ14,35.867222222222225,5028448784.8920965
Eun,M5,cPTAC,Base,CZ14,35.867222222222225,5529985151.939917
Eun,M5,cPTAC,Measure,CZ14,35.867222222222225,5131441413.976031
Eun,M5,cPVVG,Base,CZ14,35.867222222222225,5479243913.086847
Eun,M5,cPVVG,Measure,CZ14,35.867222222222225,5086871906.995558
Gro,M1,cDXGF,Base,CZ14,35.867222222222225,1419722371.2512877
Gro,M1,cDXGF,Measure,CZ14,35.867222222222225,1403627554.3814225
Gro,M1,cDXHP,Base,CZ14,35.867222222222225,1421177062.3319213
Gro,M1,cDXHP,Measure,CZ14,35.867222222222225,1404980150.7004082
Gro,M1,cPTAC,Base,CZ14,35.867222222222225,1419699308.5047717
Gro,M1,cPTAC,Measure,CZ14,35.867222222222225,1403597355.5158975
Gro,M1,cPVVG,Base,CZ14,35.867222222222225,1387055137.2127259
Gro,M1,cPVVG,Measure,CZ14,35.867222222222225,1377883054.9522061
Gro,M2,cDXGF,Base,CZ14,35.867222222222225,1353387466.1129866
Gro,M2,cDXGF,Measure,CZ14,35.867222222222225,1336529602.5391786
Gro,M2,cDXHP,Base,CZ14,35.867222222222225,1353893346.43152
Gro,M2,cDXHP,Measure,CZ14,35.867222222222225,1336972216.2182133
Gro,M2,cPTAC,Base,CZ14,35.867222222222225,1353377345.5185974
Gro,M2,cPTAC,Measure,CZ14,35.867222222222225,1336503441.2168927
Gro,M2,cPVVG,Base,CZ14,35.867222222222225,1301285564.4638414
Gro,M2,cPVVG,Measure,CZ14,35.867222222222225,1294095863.1387558
Gro,M3,cDXGF,Base,CZ14,35.867222222222225,1310898790.8721156
Gro,M3,cDXGF,Measure,CZ14,35.867222222222225,1275300157.9971964
Gro,M3,cDXHP,Base,CZ14,35.867222222222225,1308912682.1908298
Gro,M3,cDXHP,Measure,CZ14,35.867222222222225,1273356441.6652577
Gro,M3,cPTAC,Base,CZ14,35.867222222222225,1310859710.589645
Gro,M3,cPTAC,Measure,CZ14,35.867222222222225,1275267360.0869446
Gro,M3,cPVVG,Base,CZ14,35.867222222222225,1305346073.2359846
Gro,M3,cPVVG,Measure,CZ14,35.867222222222225,1270075240.2232623
Gro,M4,cDXGF,Base,CZ14,35.867222222222225,1419754562.6464512
Gro,M4,cDXGF,Measure,CZ14,35.867222222222225,1403663189.6452308
Gro,M4,cDXHP,Base,CZ14,35.867222222222225,1421209244.2725546
Gro,M4,cDXHP,Measure,CZ14,35.867222222222225,1405015761.9459083
Gro,M4,cPTAC,Base,CZ14,35.867222222222225,1419741908.1310682
Gro,M4,cPTAC,Measure,CZ14,35.867222222222225,1403637647.3600159
Gro,M4,cPVVG,Base,CZ14,35.867222222222225,1387098529.6030147
Gro,M4,cPVVG,Measure,CZ14,35.867222222222225,1377921590.4460218
Gro,M5,cDXGF,Base,CZ14,35.867222222222225,1370339488.879189
Gro,M5,cDXGF,Measure,CZ14,35.867222222222225,1324589114.518951
Gro,M5,cDXHP,Base,CZ14,35.867222222222225,1364370018.6220193
Gro,M5,cDXHP,Measure,CZ14,35.867222222222225,1319276316.81088
Gro,M5,cPTAC,Base,CZ14,35.867222222222225,1370295003.214871
Gro,M5,cPTAC,Measure,CZ14,35.867222222222225,1324551839.0848622
Gro,M5,cPVVG,Base,CZ14,35.867222222222225,1364496843.3543458
Gro,M5,cPVVG,Measure,CZ14,35.867222222222225,1319144238.6298568
MBT,M1,cDXGF,Base,CZ14,35.867222222222225,2100130911.5812387
MBT,M1,cDXGF,Measure,CZ14,35.867222222222225,2061605187.8423114
MBT,M1,cDXHP,Base,CZ14,35.867222222222225,2105902713.0206523
MBT,M1,cDXHP,Measure,CZ14,35.867222222222225,2067016756.5471733
MBT,M1,cPTAC,Base,CZ14,35.867222222222225,2100131408.3791153
MBT,M1,cPTAC,Measure,CZ14,35.867222222222225,2061605679.2716608
MBT,M1,cPVVG,Base,CZ14,35.867222222222225,2039710904.7808917
MBT,M1,cPVVG,Measure,CZ14,35.867222222222225,2016293998.5281656
MBT,M2,cDXGF,Base,CZ14,35.867222222222225,2038942643.3133044
MBT,M2,cDXGF,Measure,CZ14,35.867222222222225,2007986163.098436
MBT,M2,cDXHP,Base,CZ14,35.867222222222225,2037351905.8939853
MBT,M2,cDXHP,Measure,CZ14,35.867222222222225,2006560844.0159066
MBT,M2,cPTAC,Base,CZ14,35.867222222222225,2038942643.3130028
MBT,M2,cPTAC,Measure,CZ14,35.867222222222225,2007986163.0986886
MBT,M2,cPVVG,Base,CZ14,35.867222222222225,1956582591.260571
MBT,M2,cPVVG,Measure,CZ14,35.867222222222225,1942031936.3693655
MBT,M3,cDXGF,Base,CZ14,35.867222222222225,2003411693.6436737
MBT,M3,cDXGF,Measure,CZ14,35.867222222222225,1923541019.3009465
MBT,M3,cDXHP,Base,CZ14,35.867222222222225,1992778525.088466
MBT,M3,cDXHP,Measure,CZ14,35.867222222222225,1912346179.0633452
MBT,M3,cPTAC,Base,CZ14,35.867222222222225,2003411693.6455421
MBT,M3,cPTAC,Measure,CZ14,35.867222222222225,1923541019.3024695
MBT,M3,cPVVG,Base,CZ14,35.867222222222225,1994738600.6641438
MBT,M3,cPVVG,Measure,CZ14,35.867222222222225,1915842728.7153668
MBT,M4,cDXGF,Base,CZ14,35.867222222222225,2100151969.2101874
MBT,M4,cDXGF,Measure,CZ14,35.867222222222225,2061626338.9456263
MBT,M4,cDXHP,Base,CZ14,35.867222222222225,2105907343.7520964
MBT,M4,cDXHP,Measure,CZ14,35.867222222222225,2067021537.2721858
MBT,M4,cPTAC,Base,CZ14,35.867222222222225,2100151969.2104166
MBT,M4,cPTAC,Measure,CZ14,35.867222222222225,2061626338.9437664
MBT,M4,cPVVG,Base,CZ14,35.867222222222225,2039733075.1557853
MBT,M4,cPVVG,Measure,CZ14,35.867222222222225,2016315919.7871542
MBT,M5,cDXGF,Base,CZ14,35.867222222222225,2051115965.969066
MBT,M5,cDXGF,Measure,CZ14,35.867222222222225,1963192245.3124707
MBT,M5,cDXHP,Base,CZ14,35.867222222222225,2027093940.9682584
MBT,M5,cDXHP,Measure,CZ14,35.867222222222225,1940922290.0129354
MBT,M5,cPTAC,Base,CZ14,35.867222222222225,2051115965.9642384
MBT,M5,cPTAC,Measure,CZ14,35.867222222222225,1963192245.3142433
MBT,M5,cPVVG,Base,CZ14,35.867222222222225,2043349448.6038086
MBT,M5,cPVVG,Measure,CZ14,35.867222222222225,1956476606.9844267
MLI,M1,cDXGF,Base,CZ14,35.867222222222225,938899533.4760575
MLI,M1,cDXGF,Measure,CZ14,35.867222222222225,885530535.6966554
MLI,M1,cDXHP,Base,CZ14,35.867222222222225,947274982.4718473
MLI,M1,cDXHP,Measure,CZ14,35.867222222222225,893456952.6045867
MLI,M1,cPTAC,Base,CZ14,35.867222222222225,938899533.476053
MLI,M1,cPTAC,Measure,CZ14,35.867222222222225,885530535.6966674
MLI,M1,cPVVG,Base,CZ14,35.867222222222225,821287549.4718566
MLI,M1,cPVVG,Measure,CZ14,35.867222222222225,798737258.9331645
MLI,M2,cDXGF,Base,CZ14,35.867222222222225,848237322.037299
MLI,M2,cDXGF,Measure,CZ14,35.867222222222225,799336878.4850519
MLI,M2,cDXHP,Base,CZ14,35.867222222222225,850071359.3457409
MLI,M2,cDXHP,Measure,CZ14,35.867222222222225,800565268.143219
MLI,M2,cPTAC,Base,CZ14,35.867222222222225,848237322.037305
MLI,M2,cPTAC,Measure,CZ14,35.867222222222225,799336878.4850456
MLI,M2,cPVVG,Base,CZ14,35.867222222222225,699753699.0502633
MLI,M2,cPVVG,Measure,CZ14,35.867222222222225,680550726.5254858
MLI,M3,cDXGF,Base,CZ14,35.867222222222225,748467774.1911935
MLI,M3,cDXGF,Measure,CZ14,35.867222222222225,672886433.8690383
MLI,M3,cDXHP,Base,CZ14,35.867222222222225,728526833.6536924
MLI,M3,cDXHP,Measure,CZ14,35.867222222222225,653158431.2260181
MLI,M3,cPTAC,Base,CZ14,35.867222222222225,748467774.191181
MLI,M3,cPTAC,Measure,CZ14,35.867222222222225,672886433.8690517
MLI,M3,cPVVG,Base,CZ14,35.867222222222225,721020954.6889176
MLI,M3,cPVVG,Measure,CZ14,35.867222222222225,647295105.2182935
MLI,M4,cDXGF,Base,CZ14,35.867222222222225,938908788.1119736
MLI,M4,cDXGF,Measure,CZ14,35.867222222222225,885533377.8062547
MLI,M4,cDXHP,Base,CZ14,35.867222222222225,947271301.8091023
MLI,M4,cDXHP,Measure,CZ14,35.867222222222225,893460152.7647725
MLI,M4,cPTAC,Base,CZ14,35.867222222222225,938908788.1119804
MLI,M4,cPTAC,Measure,CZ14,35.867222222222225,885533377.8062613
MLI,M4,cPVVG,Base,CZ14,35.867222222222225,821284117.9026734
MLI,M4,cPVVG,Measure,CZ14,35.867222222222225,798742510.0707422
MLI,M5,cDXGF,Base,CZ14,35.867222222222225,829929811.9762
MLI,M5,cDXGF,Measure,CZ14,35.867222222222225,741686189.6605123
MLI,M5,cDXHP,Base,CZ14,35.867222222222225,784466918.4199574
MLI,M5,cDXHP,Measure,CZ14,35.867222222222225,700004907.5507134
MLI,M5,cPTAC,Base,CZ14,35.867222222222225,829929811.9762172
MLI,M5,cPTAC,Measure,CZ14,35.867222222222225,741686189.6605227
MLI,M5,cPVVG,Base,CZ14,35.867222222222225,799039798.7337744
MLI,M5,cPVVG,Measure,CZ14,35.867222222222225,713084605.228164
OfS,M1,cDXGF,Base,CZ14,35.867222222222225,128142261.83617815
OfS,M1,cDXGF,Measure,CZ14,35.867222222222225,122369576.56049222
OfS,M1,cDXHP,Base,CZ14,35.867222222222225,128122203.86159731
OfS,M1,cDXHP,Measure,CZ14,35.867222222222225,122346285.36706924
OfS,M1,cPTAC,Base,CZ14,35.867222222222225,128141971.23227784
OfS,M1,cPTAC,Measure,CZ14,35.867222222222225,122368966.12194306
OfS,M1,cPVVG,Base,CZ14,35.867222222222225,117077742.00517707
OfS,M1,cPVVG,Measure,CZ14,35.867222222222225,113346191.61601959
OfS,M2,cDXGF,Base,CZ14,35.867222222222225,122028693.95560671
OfS,M2,cDXGF,Measure,CZ14,35.867222222222225,116816965.30306548
OfS,M2,cDXHP,Base,CZ14,35.867222222222225,121880439.01046473
OfS,M2,cDXHP,Measure,CZ14,35.867222222222225,116659818.51877673
OfS,M2,cPTAC,Base,CZ14,35.867222222222225,122028693.95560627
OfS,M2,cPTAC,Measure,CZ14,35.867222222222225,116816965.3058584
OfS,M2,cPVVG,Base,CZ14,35.867222222222225,108284318.51400417
OfS,M2,cPVVG,Measure,CZ14,35.867222222222225,105201892.08007649
OfS,M3,cDXGF,Base,CZ14,35.867222222222225,117592731.86710641
OfS,M3,cDXGF,Measure,CZ14,35.867222222222225,101293068.37238565
OfS,M3,cDXHP,Base,CZ14,35.867222222222225,116739056.38063768
OfS,M3,cDXHP,Measure,CZ14,35.867222222222225,100434241.91226056
OfS,M3,cPTAC,Base,CZ14,35.867222222222225,117592731.86711064
OfS,M3,cPTAC,Measure,CZ14,35.867222222222225,101293068.37238623
OfS,M3,cPVVG,Base,CZ14,35.867222222222225,115697758.83599237
OfS,M3,cPVVG,Measure,CZ14,35.867222222222225,99704752.26028942
OfS,M4,cDXGF,Base,CZ14,35.867222222222225,128145996.0684707
OfS,M4,cDXGF,Measure,CZ14,35.867222222222225,122373349.67027822
OfS,M4,cDXHP,Base,CZ14,35.867222222222225,128122538.26265693
OfS,M4,cDXHP,Measure,CZ14,35.867222222222225,122346716.91643888
OfS,M4,cPTAC,Base,CZ14,35.867222222222225,128145996.06847057
OfS,M4,cPTAC,Measure,CZ14,35.867222222222225,122373349.6703312
OfS,M4,cPVVG,Base,CZ14,35.867222222222225,117081690.51060154
OfS,M4,cPVVG,Measure,CZ14,35.867222222222225,113350176.20176116
OfS,M5,cDXGF,Base,CZ14,35.867222222222225,123847117.17229243
OfS,M5,cDXGF,Measure,CZ14,35.867222222222225,106403396.44348049
OfS,M5,cDXHP,Base,CZ14,35.867222222222225,122719992.07855591
OfS,M5,cDXHP,Measure,CZ14,35.867222222222225,105335641.67187104
OfS,M5,cPTAC,Base,CZ14,35.867222222222225,123847117.17229107
OfS,M5,cPTAC,Measure,CZ14,35.867222222222225,106403396.44347998
OfS,M5,cPVVG,Base,CZ14,35.867222222222225,122053216.60633142
OfS,M5,cPVVG,Measure,CZ14,35.867222222222225,104935077.60485667
RFF,M1,cDXGF,Base,CZ14,35.867222222222225,54483355.86034862
RFF,M1,cDXGF,Measure,CZ14,35.867222222222225,54477032.050809294
RFF,M1,cDXHP,Base,CZ14,35.867222222222225,54779075.25797175
RFF,M1,cDXHP,Measure,CZ14,35.867222222222225,54769342.34695629
RFF,M1,cPTAC,Base,CZ14,35.867222222222225,54483355.86026613
RFF,M1,cPTAC,Measure,CZ14,35.867222222222225,54477032.05080954
RFF,M1,cPVVG,Base,CZ14,35.867222222222225,53201018.14369584
RFF,M1,cPVVG,Measure,CZ14,35.867222222222225,53261724.69756534
RFF,M2,cDXGF,Base,CZ14,35.867222222222225,51860272.4101539
RFF,M2,cDXGF,Measure,CZ14,35.867222222222225,51828899.554170676
RFF,M2,cDXHP,Base,CZ14,35.867222222222225,51904256.359179154
RFF,M2,cDXHP,Measure,CZ14,35.867222222222225,51872236.41864116
RFF,M2,cPTAC,Base,CZ14,35.867222222222225,51860272.41015386
RFF,M2,cPTAC,Measure,CZ14,35.867222222222225,51828899.55417325
RFF,M2,cPVVG,Base,CZ14,35.867222222222225,49525857.846801974
RFF,M2,cPVVG,Measure,CZ14,35.867222222222225,49504443.21072098
RFF,M3,cDXGF,Base,CZ14,35.867222222222225,53215262.21674928
RFF,M3,cDXGF,Measure,CZ14,35.867222222222225,49244918.614231855
RFF,M3,cDXHP,Base,CZ14,35.867222222222225,52785368.30399104
RFF,M3,cDXHP,Measure,CZ14,35.867222222222225,48771029.275292255
RFF,M3,cPTAC,Base,CZ14,35.867222222222225,53215262.21674757
RFF,M3,cPTAC,Measure,CZ14,35.867222222222225,49244918.614231475
RFF,M3,cPVVG,Base,CZ14,35.867222222222225,52800534.303761706
RFF,M3,cPVVG,Measure,CZ14,35.867222222222225,48853565.57834436
RFF,M4,cDXGF,Base,CZ14,35.867222222222225,54482245.46903526
RFF,M4,cDXGF,Measure,CZ14,35.867222222222225,54475782.142084636
RFF,M4,cDXHP,Base,CZ14,35.867222222222225,54777947.631746255
RFF,M4,cDXHP,Measure,CZ14,35.867222222222225,54768080.405424245
RFF,M4,cPTAC,Base,CZ14,35.867222222222225,54482245.469033755
RFF,M4,cPTAC,Measure,CZ14,35.867222222222225,54475782.142084695
RFF,M4,cPVVG,Base,CZ14,35.867222222222225,53197111.17790716
RFF,M4,cPVVG,Measure,CZ14,35.867222222222225,53257855.23618838
RFF,M5,cDXGF,Base,CZ14,35.867222222222225,56143421.25536545
RFF,M5,cDXGF,Measure,CZ14,35.867222222222225,51720092.06012266
RFF,M5,cDXHP,Base,CZ14,35.867222222222225,54501223.089121744
RFF,M5,cDXHP,Measure,CZ14,35.867222222222225,50207891.30435787
RFF,M5,cPTAC,Base,CZ14,35.867222222222225,56143421.25536813
RFF,M5,cPTAC,Measure,CZ14,35.867222222222225,51720092.06012457
RFF,M5,cPVVG,Base,CZ14,35.867222222222225,55810457.30414923
RFF,M5,cPVVG,Measure,CZ14,35.867222222222225,51408318.09366899
Rt3,M1,cDXGF,Base,CZ14,35.867222222222225,1822742025.764493
Rt3,M1,cDXGF,Measure,CZ14,35.867222222222225,1789108677.2947893
Rt3,M1,cDXHP,Base,CZ14,35.867222222222225,1840642172.3171654
Rt3,M1,cDXHP,Measure,CZ14,35.867222222222225,1806074936.021436
Rt3,M1,cPTAC,Base,CZ14,35.867222222222225,1822742025.7328286
Rt3,M1,cPTAC,Measure,CZ14,35.867222222222225,1789108677.2948027
Rt3,M1,cPVVG,Base,CZ14,35.867222222222225,1751938224.1986978
Rt3,M1,cPVVG,Measure,CZ14,35.867222222222225,1739022134.771472
Rt3,M2,cDXGF,Base,CZ14,35.867222222222225,1657084140.8515813
Rt3,M2,cDXGF,Measure,CZ14,35.867222222222225,1623677739.9825945
Rt3,M2,cDXHP,Base,CZ14,35.867222222222225,1657146088.4943671
Rt3,M2,cDXHP,Measure,CZ14,35.867222222222225,1623432266.7125375
Rt3,M2,cPTAC,Base,CZ14,35.867222222222225,1657084140.8515449
Rt3,M2,cPTAC,Measure,CZ14,35.867222222222225,1623677739.982583
Rt3,M2,cPVVG,Base,CZ14,35.867222222222225,1532791872.4461637
Rt3,M2,cPVVG,Measure,CZ14,35.867222222222225,1513924606.9107347
Rt3,M3,cDXGF,Base,CZ14,35.867222222222225,1637252619.9574997
Rt3,M3,cDXGF,Measure,CZ14,35.867222222222225,1500346768.7264712
Rt3,M3,cDXHP,Base,CZ14,35.867222222222225,1617320921.1029575
Rt3,M3,cDXHP,Measure,CZ14,35.867222222222225,1479057718.3278716
Rt3,M3,cPTAC,Base,CZ14,35.867222222222225,1637252619.957362
Rt3,M3,cPTAC,Measure,CZ14,35.867222222222225,1500346768.731746
Rt3,M3,cPVVG,Base,CZ14,35.867222222222225,1620471460.6853514
Rt3,M3,cPVVG,Measure,CZ14,35.867222222222225,1484524402.59466
Rt3,M4,cDXGF,Base,CZ14,35.867222222222225,1822742020.1957562
Rt3,M4,cDXGF,Measure,CZ14,35.867222222222225,1789108561.4284148
Rt3,M4,cDXHP,Base,CZ14,35.867222222222225,1840642047.8018465
Rt3,M4,cDXHP,Measure,CZ14,35.867222222222225,1806074934.5404944
Rt3,M4,cPTAC,Base,CZ14,35.867222222222225,1822742020.1673708
Rt3,M4,cPTAC,Measure,CZ14,35.867222222222225,1789108561.4284506
Rt3,M4,cPVVG,Base,CZ14,35.867222222222225,1751938159.4937067
Rt3,M4,cPVVG,Measure,CZ14,35.867222222222225,1739022445.539414
Rt3,M5,cDXGF,Base,CZ14,35.867222222222225,1822141454.9675107
Rt3,M5,cDXGF,Measure,CZ14,35.867222222222225,1656868798.7640738
Rt3,M5,cDXHP,Base,CZ14,35.867222222222225,1729785742.244305
Rt3,M5,cDXHP,Measure,CZ14,35.867222222222225,1573734747.7473614
Rt3,M5,cPTAC,Base,CZ14,35.867222222222225,1822141454.968915
Rt3,M5,cPTAC,Measure,CZ14,35.867222222222225,1656868798.765493
Rt3,M5,cPVVG,Base,CZ14,35.867222222222225,1808766726.5091522
Rt3,M5,cPVVG,Measure,CZ14,35.867222222222225,1644407464.4330697
RtL,M1,cDXGF,Base,CZ14,35.867222222222225,1842162122.4934494
RtL,M1,cDXGF,Measure,CZ14,35.867222222222225,1805648467.5743628
RtL,M1,cDXHP,Base,CZ14,35.867222222222225,1845845804.1730514
RtL,M1,cDXHP,Measure,CZ14,35.867222222222225,1809245248.633862
RtL,M1,cPTAC,Base,CZ14,35.867222222222225,1842162317.1197407
RtL,M1,cPTAC,Measure,CZ14,35.867222222222225,1805648689.64988
RtL,M1,cPVVG,Base,CZ14,35.867222222222225,1746409043.146774
RtL,M1,cPVVG,Measure,CZ14,35.867222222222225,1731058645.3347816
RtL,M2,cDXGF,Base,CZ14,35.867222222222225,1666099917.2157972
RtL,M2,cDXGF,Measure,CZ14,35.867222222222225,1630836601.2490182
RtL,M2,cDXHP,Base,CZ14,35.867222222222225,1663933103.7248237
RtL,M2,cDXHP,Measure,CZ14,35.867222222222225,1628564463.4866698
RtL,M2,cPTAC,Base,CZ14,35.867222222222225,1666099917.2157946
RtL,M2,cPTAC,Measure,CZ14,35.867222222222225,1630836601.2490416
RtL,M2,cPVVG,Base,CZ14,35.867222222222225,1531629409.6008768
RtL,M2,cPVVG,Measure,CZ14,35.867222222222225,1508787585.3829107
RtL,M3,cDXGF,Base,CZ14,35.867222222222225,1643235179.4756024
RtL,M3,cDXGF,Measure,CZ14,35.867222222222225,1503823360.9333022
RtL,M3,cDXHP,Base,CZ14,35.867222222222225,1636326485.0683885
RtL,M3,cDXHP,Measure,CZ14,35.867222222222225,1496432516.0186915
RtL,M3,cPTAC,Base,CZ14,35.867222222222225,1643235179.4756021
RtL,M3,cPTAC,Measure,CZ14,35.867222222222225,1503823360.9332898
RtL,M3,cPVVG,Base,CZ14,35.867222222222225,1625586639.6641614
RtL,M3,cPVVG,Measure,CZ14,35.867222222222225,1487177524.3146088
RtL,M4,cDXGF,Base,CZ14,35.867222222222225,1842528283.854588
RtL,M4,cDXGF,Measure,CZ14,35.867222222222225,1805903175.8747513
RtL,M4,cDXHP,Base,CZ14,35.867222222222225,1846211298.1216626
RtL,M4,cDXHP,Measure,CZ14,35.867222222222225,1809499444.6114197
RtL,M4,cPTAC,Base,CZ14,35.867222222222225,1842528283.8545873
RtL,M4,cPTAC,Measure,CZ14,35.867222222222225,1805903175.874771
RtL,M4,cPVVG,Base,CZ14,35.867222222222225,1746722964.4778383
RtL,M4,cPVVG,Measure,CZ14,35.867222222222225,1731369837.427964
RtL,M5,cDXGF,Base,CZ14,35.867222222222225,1766316434.272242
RtL,M5,cDXGF,Measure,CZ14,35.867222222222225,1606484977.5684595
RtL,M5,cDXHP,Base,CZ14,35.867222222222225,1738059850.147841
RtL,M5,cDXHP,Measure,CZ14,35.867222222222225,1581003938.8383088
RtL,M5,cPTAC,Base,CZ14,35.867222222222225,1766316434.2722247
RtL,M5,cPTAC,Measure,CZ14,35.867222222222225,1606484977.5684817
RtL,M5,cPVVG,Base,CZ14,35.867222222222225,1748900744.48216
RtL,M5,cPVVG,Measure,CZ14,35.867222222222225,1590197062.5759168
RtS,M1,cDXGF,Base,CZ14,35.867222222222225,124071344.38688521
RtS,M1,cDXGF,Measure,CZ14,35.867222222222225,122620046.2146267
RtS,M1,cDXHP,Base,CZ14,35.867222222222225,124898285.06535612
RtS,M1,cDXHP,Measure,CZ14,35.867222222222225,123413375.74433398
RtS,M1,cPTAC,Base,CZ14,35.867222222222225,124071305.11332601
RtS,M1,cPTAC,Measure,CZ14,35.867222222222225,122620046.37526818
RtS,M1,cPVVG,Base,CZ14,35.867222222222225,118977007.40526207
RtS,M1,cPVVG,Measure,CZ14,35.867222222222225,118590421.78784509
RtS,M2,cDXGF,Base,CZ14,35.867222222222225,113585323.05396204
RtS,M2,cDXGF,Measure,CZ14,35.867222222222225,112234963.11611976
RtS,M2,cDXHP,Base,CZ14,35.867222222222225,113759971.24829571
RtS,M2,cDXHP,Measure,CZ14,35.867222222222225,112404872.81462316
RtS,M2,cPTAC,Base,CZ14,35.867222222222225,113585303.14428613
RtS,M2,cPTAC,Measure,CZ14,35.867222222222225,112234963.11611818
RtS,M2,cPVVG,Base,CZ14,35.867222222222225,104962072.4617369
RtS,M2,cPVVG,Measure,CZ14,35.867222222222225,104392267.84998508
RtS,M3,cDXGF,Base,CZ14,35.867222222222225,115415042.22115357
RtS,M3,cDXGF,Measure,CZ14,35.867222222222225,103720974.96315789
RtS,M3,cDXHP,Base,CZ14,35.867222222222225,114884245.42805976
RtS,M3,cDXHP,Measure,CZ14,35.867222222222225,103111951.93383895
RtS,M3,cPTAC,Base,CZ14,35.867222222222225,115415042.22115238
RtS,M3,cPTAC,Measure,CZ14,35.867222222222225,103720974.96315251
RtS,M3,cPVVG,Base,CZ14,35.867222222222225,114204235.11853717
RtS,M3,cPVVG,Measure,CZ14,35.867222222222225,102583282.15551123
RtS,M4,cDXGF,Base,CZ14,35.867222222222225,124071347.78705217
RtS,M4,cDXGF,Measure,CZ14,35.867222222222225,122620048.28918663
RtS,M4,cDXHP,Base,CZ14,35.867222222222225,124898288.01641732
RtS,M4,cDXHP,Measure,CZ14,35.867222222222225,123413377.28384732
RtS,M4,cPTAC,Base,CZ14,35.867222222222225,124071308.51480834
RtS,M4,cPTAC,Measure,CZ14,35.867222222222225,122620048.44394255
RtS,M4,cPVVG,Base,CZ14,35.867222222222225,118977007.75551905
RtS,M4,cPVVG,Measure,CZ14,35.867222222222225,118590421.7216306
RtS,M5,cDXGF,Base,CZ14,35.867222222222225,127015168.18756038
RtS,M5,cDXGF,Measure,CZ14,35.867222222222225,113446577.97048931
RtS,M5,cDXHP,Base,CZ14,35.867222222222225,125067882.97373782
RtS,M5,cDXHP,Measure,CZ14,35.867222222222225,111618425.32578354
RtS,M5,cPTAC,Base,CZ14,35.867222222222225,127015168.18757452
RtS,M5,cPTAC,Measure,CZ14,35.867222222222225,113446577.97048923
RtS,M5,cPVVG,Base,CZ14,35.867222222222225,126067747.22066252
RtS,M5,cPVVG,Measure,CZ14,35.867222222222225,112567429.73999786
SCn,M1,cDXGF,Base,CZ14,35.867222222222225,2014980248.9045334
SCn,M1,cDXGF,Measure,CZ14,35.867222222222225,1804519356.772165
SCn,M1,cDXHP,Base,CZ14,35.867222222222225,2014980248.9045098
SCn,M1,cDXHP,Measure,CZ14,35.867222222222225,1804519370.0183074
SCn,M1,cPTAC,Base,CZ14,35.867222222222225,2014980255.0769396
SCn,M1,cPTAC,Measure,CZ14,35.867222222222225,1804519356.772203
SCn,M1,cPVVG,Base,CZ14,35.867222222222225,1768976950.1285293
SCn,M1,cPVVG,Measure,CZ14,35.867222222222225,1633383523.1030042
SCn,M2,cDXGF,Base,CZ14,35.867222222222225,1757565461.7049735
SCn,M2,cDXGF,Measure,CZ14,35.867222222222225,1561228501.156569
SCn,M2,cDXHP,Base,CZ14,35.867222222222225,1757565461.7059815
SCn,M2,cDXHP,Measure,CZ14,35.867222222222225,1561228501.1558714
SCn,M2,cPTAC,Base,CZ14,35.867222222222225,1757565461.705059
SCn,M2,cPTAC,Measure,CZ14,35.867222222222225,1561228493.0555665
SCn,M2,cPVVG,Base,CZ14,35.867222222222225,1512819717.6695724
SCn,M2,cPVVG,Measure,CZ14,35.867222222222225,1448205233.621641
SCn,M3,cDXGF,Base,CZ14,35.867222222222225,1734550313.1097806
SCn,M3,cDXGF,Measure,CZ14,35.867222222222225,1539186284.9786599
SCn,M3,cDXHP,Base,CZ14,35.867222222222225,1734550313.1097865
SCn,M3,cDXHP,Measure,CZ14,35.867222222222225,1539186284.9786248
SCn,M3,cPTAC,Base,CZ14,35.867222222222225,1734550334.5070465
SCn,M3,cPTAC,Measure,CZ14,35.867222222222225,1539186303.0542123
SCn,M3,cPVVG,Base,CZ14,35.867222222222225,1640149244.041017
SCn,M3,cPVVG,Measure,CZ14,35.867222222222225,1447290426.111702
SCn,M4,cDXGF,Base,CZ14,35.867222222222225,2014994883.0172248
SCn,M4,cDXGF,Measure,CZ14,35.867222222222225,1804541639.265625
SCn,M4,cDXHP,Base,CZ14,35.867222222222225,2014994883.0172527
SCn,M4,cDXHP,Measure,CZ14,35.867222222222225,1804541649.0675497
SCn,M4,cPTAC,Base,CZ14,35.867222222222225,2014994912.6734207
SCn,M4,cPTAC,Measure,CZ14,35.867222222222225,1804541639.2656033
SCn,M4,cPVVG,Base,CZ14,35.867222222222225,1768989101.6264474
SCn,M4,cPVVG,Measure,CZ14,35.867222222222225,1633419224.4959257
SCn,M5,cDXGF,Base,CZ14,35.867222222222225,2013502158.1704137
SCn,M5,cDXGF,Measure,CZ14,35.867222222222225,1756726411.6588979
SCn,M5,cDXHP,Base,CZ14,35.867222222222225,2013502144.786339
SCn,M5,cDXHP,Measure,CZ14,35.867222222222225,1756726400.358359
SCn,M5,cPTAC,Base,CZ14,35.867222222222225,2013502142.6854973
SCn,M5,cPTAC,Measure,CZ14,35.867222222222225,1756726393.6434033
SCn,M5,cPVVG,Base,CZ14,35.867222222222225,1821707546.4726646
SCn,M5,cPVVG,Measure,CZ14,35.867222222222225,1598886548.5883214
Asm,M1,cDXGF,Base,CZ15,43.455555555555556,960966514.147965
Asm,M1,cDXGF,Measure,CZ15,43.455555555555556,961042757.0355605
Asm,M1,cDXHP,Base,CZ15,43.455555555555556,960966514.1479639
Asm,M1,cDXHP,Measure,CZ15,43.455555555555556,961042757.035562
Asm,M1,cPTAC,Base,CZ15,43.455555555555556,960966473.1905457
Asm,M1,cPTAC,Measure,CZ15,43.455555555555556,961042757.0355619
Asm,M1,cPVVG,Base,CZ15,43.455555555555556,955039104.6009277
Asm,M1,cPVVG,Measure,CZ15,43.455555555555556,955140865.3917938
Asm,M2,cDXGF,Base,CZ15,43.455555555555556,732026181.2921516
Asm,M2,cDXGF,Measure,CZ15,43.455555555555556,732270147.0406833
Asm,M2,cDXHP,Base,CZ15,43.455555555555556,732026181.2921576
Asm,M2,cDXHP,Measure,CZ15,43.455555555555556,732270147.040682
Asm,M2,cPTAC,Base,CZ15,43.455555555555556,732026181.2921576
Asm,M2,cPTAC,Measure,CZ15,43.455555555555556,732270147.0406823
Asm,M2,cPVVG,Base,CZ15,43.455555555555556,678508209.2621486
Asm,M2,cPVVG,Measure,CZ15,43.455555555555556,678967193.1687965
Asm,M3,cDXGF,Base,CZ15,43.455555555555556,776081567.9645814
Asm,M3,cDXGF,Measure,CZ15,43.455555555555556,679260635.8681903
Asm,M3,cDXHP,Base,CZ15,43.455555555555556,776081567.9645913
Asm,M3,cDXHP,Measure,CZ15,43.455555555555556,679260635.8681988
Asm,M3,cPTAC,Base,CZ15,43.455555555555556,776081567.9646857
Asm,M3,cPTAC,Measure,CZ15,43.455555555555556,679260635.8683056
Asm,M3,cPVVG,Base,CZ15,43.455555555555556,767671243.1553982
Asm,M3,cPVVG,Measure,CZ15,43.455555555555556,671392718.2232902
Asm,M4,cDXGF,Base,CZ15,43.455555555555556,960966514.1518788
Asm,M4,cDXGF,Measure,CZ15,43.455555555555556,961042757.0346307
Asm,M4,cDXHP,Base,CZ15,43.455555555555556,960966514.1518798
Asm,M4,cDXHP,Measure,CZ15,43.455555555555556,961042757.0346344
Asm,M4,cPTAC,Base,CZ15,43.455555555555556,960966473.1944706
Asm,M4,cPTAC,Measure,CZ15,43.455555555555556,961042757.0346326
Asm,M4,cPVVG,Base,CZ15,43.455555555555556,955039104.6020571
Asm,M4,cPVVG,Measure,CZ15,43.455555555555556,955140865.4093932
Asm,M5,cDXGF,Base,CZ15,43.455555555555556,1084588466.699411
Asm,M5,cDXGF,Measure,CZ15,43.455555555555556,933505455.0403323
Asm,M5,cDXHP,Base,CZ15,43.455555555555556,1084588466.6994157
Asm,M5,cDXHP,Measure,CZ15,43.455555555555556,933505455.0403409
Asm,M5,cPTAC,Base,CZ15,43.455555555555556,1084588466.699407
Asm,M5,cPTAC,Measure,CZ15,43.455555555555556,933505455.0403275
Asm,M5,cPVVG,Base,CZ15,43.455555555555556,1081925034.6563559
Asm,M5,cPVVG,Measure,CZ15,43.455555555555556,931094959.5563607
ECC,M1,cDXGF,Base,CZ15,43.455555555555556,3019331877.9462504
ECC,M1,cDXGF,Measure,CZ15,43.455555555555556,3017943625.7952604
ECC,M1,cDXHP,Base,CZ15,43.455555555555556,3019664396.4392824
ECC,M1,cDXHP,Measure,CZ15,43.455555555555556,3018275499.482376
ECC,M1,cPTAC,Base,CZ15,43.455555555555556,3019335985.7433796
ECC,M1,cPTAC,Measure,CZ15,43.455555555555556,3017943625.7960024
ECC,M1,cPVVG,Base,CZ15,43.455555555555556,2931868073.881001
ECC,M1,cPVVG,Measure,CZ15,43.455555555555556,2930269516.0442615
ECC,M2,cDXGF,Base,CZ15,43.455555555555556,2480504770.5895514
ECC,M2,cDXGF,Measure,CZ15,43.455555555555556,2479090619.497267
ECC,M2,cDXHP,Base,CZ15,43.455555555555556,2480408532.7959766
ECC,M2,cDXHP,Measure,CZ15,43.455555555555556,2478990145.484857
ECC,M2,cPTAC,Base,CZ15,43.455555555555556,2480504770.589551
ECC,M2,cPTAC,Measure,CZ15,43.455555555555556,2479090619.4929147
ECC,M2,cPVVG,Base,CZ15,43.455555555555556,2283996063.986808
ECC,M2,cPVVG,Measure,CZ15,43.455555555555556,2283405603.3923597
ECC,M3,cDXGF,Base,CZ15,43.455555555555556,2526004180.591414
ECC,M3,cDXGF,Measure,CZ15,43.455555555555556,2290766804.6631136
ECC,M3,cDXHP,Base,CZ15,43.455555555555556,2525790985.4512644
ECC,M3,cDXHP,Measure,CZ15,43.455555555555556,2290521798.051579
ECC,M3,cPTAC,Base,CZ15,43.455555555555556,2526002731.3973927
ECC,M3,cPTAC,Measure,CZ15,43.455555555555556,2290766804.670967
ECC,M3,cPVVG,Base,CZ15,43.455555555555556,2498631598.6362777
ECC,M3,cPVVG,Measure,CZ15,43.455555555555556,2265177120.7982717
ECC,M4,cDXGF,Base,CZ15,43.455555555555556,3019331903.365462
ECC,M4,cDXGF,Measure,CZ15,43.455555555555556,3017943625.8294044
ECC,M4,cDXHP,Base,CZ15,43.455555555555556,3019676767.256557
ECC,M4,cDXHP,Measure,CZ15,43.455555555555556,3018275499.517175
ECC,M4,cPTAC,Base,CZ15,43.455555555555556,3019344304.491151
ECC,M4,cPTAC,Measure,CZ15,43.455555555555556,3017943625.828149
ECC,M4,cPVVG,Base,CZ15,43.455555555555556,2931868074.0702333
ECC,M4,cPVVG,Measure,CZ15,43.455555555555556,2930269518.6359425
ECC,M5,cDXGF,Base,CZ15,43.455555555555556,3015009115.69765
ECC,M5,cDXGF,Measure,CZ15,43.455555555555556,2695358910.6351233
ECC,M5,cDXHP,Base,CZ15,43.455555555555556,3013521410.3029323
ECC,M5,cDXHP,Measure,CZ15,43.455555555555556,2694050681.452924
ECC,M5,cPTAC,Base,CZ15,43.455555555555556,3015009115.7245646
ECC,M5,cPTAC,Measure,CZ15,43.455555555555556,2695358910.619459
ECC,M5,cPVVG,Base,CZ15,43.455555555555556,2988839232.8970094
ECC,M5,cPVVG,Measure,CZ15,43.455555555555556,2671397883.809591
Epr,M1,cDXGF,Base,CZ15,43.455555555555556,460255425.405294
Epr,M1,cDXGF,Measure,CZ15,43.455555555555556,459873520.63298875
Epr,M1,cDXHP,Base,CZ15,43.455555555555556,460369224.94546527
Epr,M1,cDXHP,Measure,CZ15,43.455555555555556,459976264.52120876
Epr,M1,cPTAC,Base,CZ15,43.455555555555556,460255506.05458635
Epr,M1,cPTAC,Measure,CZ15,43.455555555555556,459873520.6329852
Epr,M1,cPVVG,Base,CZ15,43.455555555555556,449257532.1817395
Epr,M1,cPVVG,Measure,CZ15,43.455555555555556,448799105.09289765
Epr,M2,cDXGF,Base,CZ15,43.455555555555556,345370212.7975652
Epr,M2,cDXGF,Measure,CZ15,43.455555555555556,344905942.9019703
Epr,M2,cDXHP,Base,CZ15,43.455555555555556,345390695.31354415
Epr,M2,cDXHP,Measure,CZ15,43.455555555555556,344926479.29644454
Epr,M2,cPTAC,Base,CZ15,43.455555555555556,345370212.7975647
Epr,M2,cPTAC,Measure,CZ15,43.455555555555556,344905942.90192515
Epr,M2,cPVVG,Base,CZ15,43.455555555555556,312249482.415871
Epr,M2,cPVVG,Measure,CZ15,43.455555555555556,311802584.6404047
Epr,M3,cDXGF,Base,CZ15,43.455555555555556,352901667.9518686
Epr,M3,cDXGF,Measure,CZ15,43.455555555555556,313233362.177779
Epr,M3,cDXHP,Base,CZ15,43.455555555555556,352875706.43400514
Epr,M3,cDXHP,Measure,CZ15,43.455555555555556,313199383.8714189
Epr,M3,cPTAC,Base,CZ15,43.455555555555556,352901355.62188137
Epr,M3,cPTAC,Measure,CZ15,43.455555555555556,313233362.1777784
Epr,M3,cPVVG,Base,CZ15,43.455555555555556,348313010.9384456
Epr,M3,cPVVG,Measure,CZ15,43.455555555555556,308944378.5612786
Epr,M4,cDXGF,Base,CZ15,43.455555555555556,460250557.08670443
Epr,M4,cDXGF,Measure,CZ15,43.455555555555556,459873520.66915214
Epr,M4,cDXHP,Base,CZ15,43.455555555555556,460367649.5708009
Epr,M4,cDXHP,Measure,CZ15,43.455555555555556,459976264.526877
Epr,M4,cPTAC,Base,CZ15,43.455555555555556,460255506.05640095
Epr,M4,cPTAC,Measure,CZ15,43.455555555555556,459873520.66914773
Epr,M4,cPVVG,Base,CZ15,43.455555555555556,449257600.8574206
Epr,M4,cPVVG,Measure,CZ15,43.455555555555556,448800801.95167226
Epr,M5,cDXGF,Base,CZ15,43.455555555555556,463654765.18994457
Epr,M5,cDXGF,Measure,CZ15,43.455555555555556,404704277.35712475
Epr,M5,cDXHP,Base,CZ15,43.455555555555556,462996757.53081125
Epr,M5,cDXHP,Measure,CZ15,43.455555555555556,404142387.9122187
Epr,M5,cPTAC,Base,CZ15,43.455555555555556,463672764.4818497
Epr,M5,cPTAC,Measure,CZ15,43.455555555555556,404704277.35711545
Epr,M5,cPVVG,Base,CZ15,43.455555555555556,459454224.11070174
Epr,M5,cPVVG,Measure,CZ15,43.455555555555556,400873122.87225056
ERC,M1,cDXGF,Base,CZ15,43.455555555555556,20605574.573766433
ERC,M1,cDXGF,Measure,CZ15,43.455555555555556,20622179.893612426
ERC,M1,cDXHP,Base,CZ15,43.455555555555556,20605574.57376643
ERC,M1,cDXHP,Measure,CZ15,43.455555555555556,20622179.893612623
ERC,M1,cPTAC,Base,CZ15,43.455555555555556,20605574.57376579
ERC,M1,cPTAC,Measure,CZ15,43.455555555555556,20622179.893609922
ERC,M1,cPVVG,Base,CZ15,43.455555555555556,19812900.019421507
ERC,M1,cPVVG,Measure,CZ15,43.455555555555556,19832401.520451136
ERC,M2,cDXGF,Base,CZ15,43.455555555555556,16054449.235127013
ERC,M2,cDXGF,Measure,CZ15,43.455555555555556,16074522.91252864
ERC,M2,cDXHP,Base,CZ15,43.455555555555556,16054449.235126896
ERC,M2,cDXHP,Measure,CZ15,43.455555555555556,16074522.91252858
ERC,M2,cPTAC,Base,CZ15,43.455555555555556,16054449.235126896
ERC,M2,cPTAC,Measure,CZ15,43.455555555555556,16074522.91252994
ERC,M2,cPVVG,Base,CZ15,43.455555555555556,14439311.680807894
ERC,M2,cPVVG,Measure,CZ15,43.455555555555556,14464145.42229761
ERC,M3,cDXGF,Base,CZ15,43.455555555555556,16892229.544019066
ERC,M3,cDXGF,Measure,CZ15,43.455555555555556,14590619.786255525
ERC,M3,cDXHP,Base,CZ15,43.455555555555556,16892229.544018816
ERC,M3,cDXHP,Measure,CZ15,43.455555555555556,14590619.786255447
ERC,M3,cPTAC,Base,CZ15,43.455555555555556,16892229.544022538
ERC,M3,cPTAC,Measure,CZ15,43.455555555555556,14590619.78625776
ERC,M3,cPVVG,Base,CZ15,43.455555555555556,16646360.754189294
ERC,M3,cPVVG,Measure,CZ15,43.455555555555556,14360688.274262177
ERC,M4,cDXGF,Base,CZ15,43.455555555555556,20605574.57640199
ERC,M4,cDXGF,Measure,CZ15,43.455555555555556,20622179.89697637
ERC,M4,cDXHP,Base,CZ15,43.455555555555556,20605574.576401934
ERC,M4,cDXHP,Measure,CZ15,43.455555555555556,20622179.89697631
ERC,M4,cPTAC,Base,CZ15,43.455555555555556,20605574.57640129
ERC,M4,cPTAC,Measure,CZ15,43.455555555555556,20622179.896974348
ERC,M4,cPVVG,Base,CZ15,43.455555555555556,19812900.025459364
ERC,M4,cPVVG,Measure,CZ15,43.455555555555556,19832401.554366842
ERC,M5,cDXGF,Base,CZ15,43.455555555555556,20969410.26763558
ERC,M5,cDXGF,Measure,CZ15,43.455555555555556,17956094.55760671
ERC,M5,cDXHP,Base,CZ15,43.455555555555556,20969410.26763582
ERC,M5,cDXHP,Measure,CZ15,43.455555555555556,17956094.557606902
ERC,M5,cPTAC,Base,CZ15,43.455555555555556,20969410.267635334
ERC,M5,cPTAC,Measure,CZ15,43.455555555555556,17956094.557618737
ERC,M5,cPVVG,Base,CZ15,43.455555555555556,20736161.158409823
ERC,M5,cPVVG,Measure,CZ15,43.455555555555556,17741899.74902363
Ese,M1,cDXGF,Base,CZ15,43.455555555555556,1313491918.8171992
Ese,M1,cDXGF,Measure,CZ15,43.455555555555556,1313525971.4110358
Ese,M1,cDXHP,Base,CZ15,43.455555555555556,1313605589.0306723
Ese,M1,cDXHP,Measure,CZ15,43.455555555555556,1313639731.6999745
Ese,M1,cPTAC,Base,CZ15,43.455555555555556,1313491918.8171945
Ese,M1,cPTAC,Measure,CZ15,43.455555555555556,1313525971.4110148
Ese,M1,cPVVG,Base,CZ15,43.455555555555556,1301240012.2476134
Ese,M1,cPVVG,Measure,CZ15,43.455555555555556,1301296642.739545
Ese,M2,cDXGF,Base,CZ15,43.455555555555556,1030078551.2770802
Ese,M2,cDXGF,Measure,CZ15,43.455555555555556,1030403390.2358261
Ese,M2,cDXHP,Base,CZ15,43.455555555555556,1030049718.0862848
Ese,M2,cDXHP,Measure,CZ15,43.455555555555556,1030374686.5574538
Ese,M2,cPTAC,Base,CZ15,43.455555555555556,1030078548.6328663
Ese,M2,cPTAC,Measure,CZ15,43.455555555555556,1030403390.2367206
Ese,M2,cPVVG,Base,CZ15,43.455555555555556,1000960514.7527859
Ese,M2,cPVVG,Measure,CZ15,43.455555555555556,1001358113.788956
Ese,M3,cDXGF,Base,CZ15,43.455555555555556,1044391710.034575
Ese,M3,cDXGF,Measure,CZ15,43.455555555555556,1001934857.2243892
Ese,M3,cDXHP,Base,CZ15,43.455555555555556,1044313417.948869
Ese,M3,cDXHP,Measure,CZ15,43.455555555555556,1001845859.8283964
Ese,M3,cPTAC,Base,CZ15,43.455555555555556,1044391710.0345744
Ese,M3,cPTAC,Measure,CZ15,43.455555555555556,1001934857.2243911
Ese,M3,cPVVG,Base,CZ15,43.455555555555556,1040001313.3726274
Ese,M3,cPVVG,Measure,CZ15,43.455555555555556,997827583.2126349
Ese,M4,cDXGF,Base,CZ15,43.455555555555556,1313491918.8226478
Ese,M4,cDXGF,Measure,CZ15,43.455555555555556,1313525971.4222152
Ese,M4,cDXHP,Base,CZ15,43.455555555555556,1313605589.036942
Ese,M4,cDXHP,Measure,CZ15,43.455555555555556,1313639731.7195158
Ese,M4,cPTAC,Base,CZ15,43.455555555555556,1313491918.8226585
Ese,M4,cPTAC,Measure,CZ15,43.455555555555556,1313525971.4221795
Ese,M4,cPVVG,Base,CZ15,43.455555555555556,1301240012.2532384
Ese,M4,cPVVG,Measure,CZ15,43.455555555555556,1301296642.5997276
Ese,M5,cDXGF,Base,CZ15,43.455555555555556,1312708152.0094671
Ese,M5,cDXGF,Measure,CZ15,43.455555555555556,1256119156.7268844
Ese,M5,cDXHP,Base,CZ15,43.455555555555556,1312227805.4884694
Ese,M5,cDXHP,Measure,CZ15,43.455555555555556,1255686878.238967
Ese,M5,cPTAC,Base,CZ15,43.455555555555556,1312708152.00942
Ese,M5,cPTAC,Measure,CZ15,43.455555555555556,1256119156.7268946
Ese,M5,cPVVG,Base,CZ15,43.455555555555556,1308975811.1468177
Ese,M5,cPVVG,Measure,CZ15,43.455555555555556,1252687875.9703605
Eun,M1,cDXGF,Base,CZ15,43.455555555555556,8790631215.137712
Eun,M1,cDXGF,Measure,CZ15,43.455555555555556,8771253073.04857
Eun,M1,cDXHP,Base,CZ15,43.455555555555556,8792197881.019014
Eun,M1,cDXHP,Measure,CZ15,43.455555555555556,8772806839.805855
Eun,M1,cPTAC,Base,CZ15,43.455555555555556,8790636246.722645
Eun,M1,cPTAC,Measure,CZ15,43.455555555555556,8771253073.04858
Eun,M1,cPVVG,Base,CZ15,43.455555555555556,8568860025.44151
Eun,M1,cPVVG,Measure,CZ15,43.455555555555556,8545618543.038025
Eun,M2,cDXGF,Base,CZ15,43.455555555555556,7534883315.585801
Eun,M2,cDXGF,Measure,CZ15,43.455555555555556,7514009215.560038
Eun,M2,cDXHP,Base,CZ15,43.455555555555556,7534463876.290613
Eun,M2,cDXHP,Measure,CZ15,43.455555555555556,7513581498.925724
Eun,M2,cPTAC,Base,CZ15,43.455555555555556,7534854928.130338
Eun,M2,cPTAC,Measure,CZ15,43.455555555555556,7514009215.560017
Eun,M2,cPVVG,Base,CZ15,43.455555555555556,7067571128.135848
Eun,M2,cPVVG,Measure,CZ15,43.455555555555556,7051461513.123409
Eun,M3,cDXGF,Base,CZ15,43.455555555555556,7604422905.727996
Eun,M3,cDXGF,Measure,CZ15,43.455555555555556,7044348679.947467
Eun,M3,cDXHP,Base,CZ15,43.455555555555556,7603193789.564986
Eun,M3,cDXHP,Measure,CZ15,43.455555555555556,7042987430.257434
Eun,M3,cPTAC,Base,CZ15,43.455555555555556,7604417950.768436
Eun,M3,cPTAC,Measure,CZ15,43.455555555555556,7044348679.9476385
Eun,M3,cPVVG,Base,CZ15,43.455555555555556,7542764089.654357
Eun,M3,cPVVG,Measure,CZ15,43.455555555555556,6986677654.520093
Eun,M4,cDXGF,Base,CZ15,43.455555555555556,8790636249.386503
Eun,M4,cDXGF,Measure,CZ15,43.455555555555556,8771253073.33936
Eun,M4,cDXHP,Base,CZ15,43.455555555555556,8792194515.383284
Eun,M4,cDXHP,Measure,CZ15,43.455555555555556,8772806839.971672
Eun,M4,cPTAC,Base,CZ15,43.455555555555556,8790631271.632576
Eun,M4,cPTAC,Measure,CZ15,43.455555555555556,8771253073.33935
Eun,M4,cPVVG,Base,CZ15,43.455555555555556,8568838922.952404
Eun,M4,cPVVG,Measure,CZ15,43.455555555555556,8545601068.735545
Eun,M5,cDXGF,Base,CZ15,43.455555555555556,8626987231.289917
Eun,M5,cDXGF,Measure,CZ15,43.455555555555556,7903157544.012974
Eun,M5,cDXHP,Base,CZ15,43.455555555555556,8620349993.320286
Eun,M5,cDXHP,Measure,CZ15,43.455555555555556,7897201682.353571
Eun,M5,cPTAC,Base,CZ15,43.455555555555556,8626992794.53051
Eun,M5,cPTAC,Measure,CZ15,43.455555555555556,7903159590.026417
Eun,M5,cPVVG,Base,CZ15,43.455555555555556,8566635441.31423
Eun,M5,cPVVG,Measure,CZ15,43.455555555555556,7847600200.330572
Gro,M1,cDXGF,Base,CZ15,43.455555555555556,1646404364.8214655
Gro,M1,cDXGF,Measure,CZ15,43.455555555555556,1639170906.1469827
Gro,M1,cDXHP,Base,CZ15,43.455555555555556,1646404364.8165138
Gro,M1,cDXHP,Measure,CZ15,43.455555555555556,1639170894.3674002
Gro,M1,cPTAC,Base,CZ15,43.455555555555556,1646404395.5248938
Gro,M1,cPTAC,Measure,CZ15,43.455555555555556,1639162544.5969033
Gro,M1,cPVVG,Base,CZ15,43.455555555555556,1635500241.5964386
Gro,M1,cPVVG,Measure,CZ15,43.455555555555556,1627509841.4968219
Gro,M2,cDXGF,Base,CZ15,43.455555555555556,1513175847.9709241
Gro,M2,cDXGF,Measure,CZ15,43.455555555555556,1504215037.4292433
Gro,M2,cDXHP,Base,CZ15,43.455555555555556,1513175836.3161514
Gro,M2,cDXHP,Measure,CZ15,43.455555555555556,1504215024.210697
Gro,M2,cPTAC,Base,CZ15,43.455555555555556,1513175451.4877017
Gro,M2,cPTAC,Measure,CZ15,43.455555555555556,1504205186.610019
Gro,M2,cPVVG,Base,CZ15,43.455555555555556,1471892216.181764
Gro,M2,cPVVG,Measure,CZ15,43.455555555555556,1467520572.466297
Gro,M3,cDXGF,Base,CZ15,43.455555555555556,1516331827.7761323
Gro,M3,cDXGF,Measure,CZ15,43.455555555555556,1454414891.862831
Gro,M3,cDXHP,Base,CZ15,43.455555555555556,1516331808.364236
Gro,M3,cDXHP,Measure,CZ15,43.455555555555556,1454414875.7013633
Gro,M3,cPTAC,Base,CZ15,43.455555555555556,1516317853.1435192
Gro,M3,cPTAC,Measure,CZ15,43.455555555555556,1454403249.879016
Gro,M3,cPVVG,Base,CZ15,43.455555555555556,1510165705.543563
Gro,M3,cPVVG,Measure,CZ15,43.455555555555556,1448646747.9317307
Gro,M4,cDXGF,Base,CZ15,43.455555555555556,1646622967.3537052
Gro,M4,cDXGF,Measure,CZ15,43.455555555555556,1639401865.2426407
Gro,M4,cDXHP,Base,CZ15,43.455555555555556,1646622967.3509321
Gro,M4,cDXHP,Measure,CZ15,43.455555555555556,1639401853.666166
Gro,M4,cPTAC,Base,CZ15,43.455555555555556,1646622925.2991087
Gro,M4,cPTAC,Measure,CZ15,43.455555555555556,1639393361.8031373
Gro,M4,cPVVG,Base,CZ15,43.455555555555556,1635740138.749874
Gro,M4,cPVVG,Measure,CZ15,43.455555555555556,1627758416.2455788
Gro,M5,cDXGF,Base,CZ15,43.455555555555556,1683256513.347466
Gro,M5,cDXGF,Measure,CZ15,43.455555555555556,1593100934.089249
Gro,M5,cDXHP,Base,CZ15,43.455555555555556,1683256490.7474258
Gro,M5,cDXHP,Measure,CZ15,43.455555555555556,1593100915.2964797
Gro,M5,cPTAC,Base,CZ15,43.455555555555556,1683240473.2461748
Gro,M5,cPTAC,Measure,CZ15,43.455555555555556,1593087589.0174441
Gro,M5,cPVVG,Base,CZ15,43.455555555555556,1679260266.1087065
Gro,M5,cPVVG,Measure,CZ15,43.455555555555556,1589412509.620411
MBT,M1,cDXGF,Base,CZ15,43.455555555555556,3086087038.929978
MBT,M1,cDXGF,Measure,CZ15,43.455555555555556,3084741438.3439727
MBT,M1,cDXHP,Base,CZ15,43.455555555555556,3088720135.0880203
MBT,M1,cDXHP,Measure,CZ15,43.455555555555556,3087330033.980523
MBT,M1,cPTAC,Base,CZ15,43.455555555555556,3086087038.930176
MBT,M1,cPTAC,Measure,CZ15,43.455555555555556,3084741438.345431
MBT,M1,cPVVG,Base,CZ15,43.455555555555556,3054139386.679586
MBT,M1,cPVVG,Measure,CZ15,43.455555555555556,3052565635.4842396
MBT,M2,cDXGF,Base,CZ15,43.455555555555556,2944506018.7918687
MBT,M2,cDXGF,Measure,CZ15,43.455555555555556,2943155951.127611
MBT,M2,cDXHP,Base,CZ15,43.455555555555556,2944398273.530864
MBT,M2,cDXHP,Measure,CZ15,43.455555555555556,2943042467.4669833
MBT,M2,cPTAC,Base,CZ15,43.455555555555556,2944506018.791681
MBT,M2,cPTAC,Measure,CZ15,43.455555555555556,2943155951.1261497
MBT,M2,cPVVG,Base,CZ15,43.455555555555556,2875820027.3282504
MBT,M2,cPVVG,Measure,CZ15,43.455555555555556,2874585952.310095
MBT,M3,cDXGF,Base,CZ15,43.455555555555556,3006785153.2881255
MBT,M3,cDXGF,Measure,CZ15,43.455555555555556,2875986454.0855093
MBT,M3,cDXHP,Base,CZ15,43.455555555555556,3006196651.3508515
MBT,M3,cDXHP,Measure,CZ15,43.455555555555556,2875227187.9772735
MBT,M3,cPTAC,Base,CZ15,43.455555555555556,3006785153.2889085
MBT,M3,cPTAC,Measure,CZ15,43.455555555555556,2875986454.082134
MBT,M3,cPVVG,Base,CZ15,43.455555555555556,2994144468.076169
MBT,M3,cPVVG,Measure,CZ15,43.455555555555556,2864143362.875049
MBT,M4,cDXGF,Base,CZ15,43.455555555555556,3086087038.778194
MBT,M4,cDXGF,Measure,CZ15,43.455555555555556,3084741438.3149467
MBT,M4,cDXHP,Base,CZ15,43.455555555555556,3088720134.8969855
MBT,M4,cDXHP,Measure,CZ15,43.455555555555556,3087330033.9288554
MBT,M4,cPTAC,Base,CZ15,43.455555555555556,3086087038.7775054
MBT,M4,cPTAC,Measure,CZ15,43.455555555555556,3084741438.317229
MBT,M4,cPVVG,Base,CZ15,43.455555555555556,3054139386.675884
MBT,M4,cPVVG,Measure,CZ15,43.455555555555556,3052565635.464938
MBT,M5,cDXGF,Base,CZ15,43.455555555555556,3162358760.6448
MBT,M5,cDXGF,Measure,CZ15,43.455555555555556,3004853217.655945
MBT,M5,cDXHP,Base,CZ15,43.455555555555556,3159607969.098534
MBT,M5,cDXHP,Measure,CZ15,43.455555555555556,3002195200.5493565
MBT,M5,cPTAC,Base,CZ15,43.455555555555556,3162358760.645641
MBT,M5,cPTAC,Measure,CZ15,43.455555555555556,3004853217.6539407
MBT,M5,cPVVG,Base,CZ15,43.455555555555556,3151873454.862638
MBT,M5,cPVVG,Measure,CZ15,43.455555555555556,2995116592.9714074
MLI,M1,cDXGF,Base,CZ15,43.455555555555556,1332586113.3864167
MLI,M1,cDXGF,Measure,CZ15,43.455555555555556,1323350012.5714068
MLI,M1,cDXHP,Base,CZ15,43.455555555555556,1352079630.1519256
MLI,M1,cDXHP,Measure,CZ15,43.455555555555556,1340653201.665536
MLI,M1,cPTAC,Base,CZ15,43.455555555555556,1332586113.3864024
MLI,M1,cPTAC,Measure,CZ15,43.455555555555556,1323350012.5714037
MLI,M1,cPVVG,Base,CZ15,43.455555555555556,1300347737.0937667
MLI,M1,cPVVG,Measure,CZ15,43.455555555555556,1289294942.011724
MLI,M2,cDXGF,Base,CZ15,43.455555555555556,1165159021.1013436
MLI,M2,cDXGF,Measure,CZ15,43.455555555555556,1154687515.9416156
MLI,M2,cDXHP,Base,CZ15,43.455555555555556,1169219189.9522088
MLI,M2,cDXHP,Measure,CZ15,43.455555555555556,1158490479.936812
MLI,M2,cPTAC,Base,CZ15,43.455555555555556,1165159021.1013186
MLI,M2,cPTAC,Measure,CZ15,43.455555555555556,1154687515.9416003
MLI,M2,cPVVG,Base,CZ15,43.455555555555556,1070386532.9329858
MLI,M2,cPVVG,Measure,CZ15,43.455555555555556,1063610676.310055
MLI,M3,cDXGF,Base,CZ15,43.455555555555556,1179185422.1684942
MLI,M3,cDXGF,Measure,CZ15,43.455555555555556,1050311276.3952811
MLI,M3,cDXHP,Base,CZ15,43.455555555555556,1161049650.2870526
MLI,M3,cDXHP,Measure,CZ15,43.455555555555556,1031892063.687042
MLI,M3,cPTAC,Base,CZ15,43.455555555555556,1179185422.1685133
MLI,M3,cPTAC,Measure,CZ15,43.455555555555556,1050311276.3952564
MLI,M3,cPVVG,Base,CZ15,43.455555555555556,1164357168.1105616
MLI,M3,cPVVG,Measure,CZ15,43.455555555555556,1036404119.9172654
MLI,M4,cDXGF,Base,CZ15,43.455555555555556,1332586121.4034681
MLI,M4,cDXGF,Measure,CZ15,43.455555555555556,1323350011.9262328
MLI,M4,cDXHP,Base,CZ15,43.455555555555556,1352079635.9140465
MLI,M4,cDXHP,Measure,CZ15,43.455555555555556,1340653200.5393357
MLI,M4,cPTAC,Base,CZ15,43.455555555555556,1332586121.4034667
MLI,M4,cPTAC,Measure,CZ15,43.455555555555556,1323350011.926231
MLI,M4,cPVVG,Base,CZ15,43.455555555555556,1300347737.8524408
MLI,M4,cPVVG,Measure,CZ15,43.455555555555556,1289294940.641952
MLI,M5,cDXGF,Base,CZ15,43.455555555555556,1394232518.8842413
MLI,M5,cDXGF,Measure,CZ15,43.455555555555556,1229874737.8544106
MLI,M5,cDXHP,Base,CZ15,43.455555555555556,1344460687.8912477
MLI,M5,cDXHP,Measure,CZ15,43.455555555555556,1184172012.7227721
MLI,M5,cPTAC,Base,CZ15,43.455555555555556,1394232518.8842223
MLI,M5,cPTAC,Measure,CZ15,43.455555555555556,1229874737.8544037
MLI,M5,cPVVG,Base,CZ15,43.455555555555556,1384441696.6013064
MLI,M5,cPVVG,Measure,CZ15,43.455555555555556,1220786948.4726875
OfS,M1,cDXGF,Base,CZ15,43.455555555555556,170329622.7699173
OfS,M1,cDXGF,Measure,CZ15,43.455555555555556,170294156.87498325
OfS,M1,cDXHP,Base,CZ15,43.455555555555556,170334736.69475207
OfS,M1,cDXHP,Measure,CZ15,43.455555555555556,170299267.44594228
OfS,M1,cPTAC,Base,CZ15,43.455555555555556,170329622.7699174
OfS,M1,cPTAC,Measure,CZ15,43.455555555555556,170294156.87498263
OfS,M1,cPVVG,Base,CZ15,43.455555555555556,162768877.2749626
OfS,M1,cPVVG,Measure,CZ15,43.455555555555556,162730638.7057291
OfS,M2,cDXGF,Base,CZ15,43.455555555555556,157262039.17727736
OfS,M2,cDXGF,Measure,CZ15,43.455555555555556,157230841.67340028
OfS,M2,cDXHP,Base,CZ15,43.455555555555556,157263671.41702908
OfS,M2,cDXHP,Measure,CZ15,43.455555555555556,157232459.43158287
OfS,M2,cPTAC,Base,CZ15,43.455555555555556,157262039.17727888
OfS,M2,cPTAC,Measure,CZ15,43.455555555555556,157230841.67340162
OfS,M2,cPVVG,Base,CZ15,43.455555555555556,145686138.53081575
OfS,M2,cPVVG,Measure,CZ15,43.455555555555556,145677616.24076176
OfS,M3,cDXGF,Base,CZ15,43.455555555555556,165226640.45664346
OfS,M3,cDXGF,Measure,CZ15,43.455555555555556,144188322.41238293
OfS,M3,cDXHP,Base,CZ15,43.455555555555556,165194146.15548357
OfS,M3,cDXHP,Measure,CZ15,43.455555555555556,144157150.77279347
OfS,M3,cPTAC,Base,CZ15,43.455555555555556,165226640.4566436
OfS,M3,cPTAC,Measure,CZ15,43.455555555555556,144188322.4123835
OfS,M3,cPVVG,Base,CZ15,43.455555555555556,163200740.35932153
OfS,M3,cPVVG,Measure,CZ15,43.455555555555556,142290375.88840204
OfS,M4,cDXGF,Base,CZ15,43.455555555555556,170329622.74002644
OfS,M4,cDXGF,Measure,CZ15,43.455555555555556,170294156.83060938
OfS,M4,cDXHP,Base,CZ15,43.455555555555556,170334736.65726998
OfS,M4,cDXHP,Measure,CZ15,43.455555555555556,170299267.40086937
OfS,M4,cPTAC,Base,CZ15,43.455555555555556,170329622.74002478
OfS,M4,cPTAC,Measure,CZ15,43.455555555555556,170294156.83060932
OfS,M4,cPVVG,Base,CZ15,43.455555555555556,162768877.23383862
OfS,M4,cPVVG,Measure,CZ15,43.455555555555556,162730638.67376187
OfS,M5,cDXGF,Base,CZ15,43.455555555555556,179300348.808842
OfS,M5,cDXGF,Measure,CZ15,43.455555555555556,155881065.19164222
OfS,M5,cDXHP,Base,CZ15,43.455555555555556,179246858.69001248
OfS,M5,cDXHP,Measure,CZ15,43.455555555555556,155831845.94939765
OfS,M5,cPTAC,Base,CZ15,43.455555555555556,179300348.80884352
OfS,M5,cPTAC,Measure,CZ15,43.455555555555556,155881065.1916422
OfS,M5,cPVVG,Base,CZ15,43.455555555555556,177484340.2121147
OfS,M5,cPVVG,Measure,CZ15,43.455555555555556,154188404.0381975
RFF,M1,cDXGF,Base,CZ15,43.455555555555556,68293460.48269568
RFF,M1,cDXGF,Measure,CZ15,43.455555555555556,68294586.49164246
RFF,M1,cDXHP,Base,CZ15,43.455555555555556,68293460.48269613
RFF,M1,cDXHP,Measure,CZ15,43.455555555555556,68294586.49164298
RFF,M1,cPTAC,Base,CZ15,43.455555555555556,68293460.48269527
RFF,M1,cPTAC,Measure,CZ15,43.455555555555556,68294586.49164025
RFF,M1,cPVVG,Base,CZ15,43.455555555555556,67422855.02529754
RFF,M1,cPVVG,Measure,CZ15,43.455555555555556,67425646.50467564
RFF,M2,cDXGF,Base,CZ15,43.455555555555556,62760301.20632497
RFF,M2,cDXGF,Measure,CZ15,43.455555555555556,62762690.88146665
RFF,M2,cDXHP,Base,CZ15,43.455555555555556,62760301.20632524
RFF,M2,cDXHP,Measure,CZ15,43.455555555555556,62762690.881465904
RFF,M2,cPTAC,Base,CZ15,43.455555555555556,62760301.20632536
RFF,M2,cPTAC,Measure,CZ15,43.455555555555556,62762690.881466255
RFF,M2,cPVVG,Base,CZ15,43.455555555555556,60510307.542542376
RFF,M2,cPVVG,Measure,CZ15,43.455555555555556,60516491.58098652
RFF,M3,cDXGF,Base,CZ15,43.455555555555556,66225339.32028595
RFF,M3,cDXGF,Measure,CZ15,43.455555555555556,60609509.49235415
RFF,M3,cDXHP,Base,CZ15,43.455555555555556,66225339.320285544
RFF,M3,cDXHP,Measure,CZ15,43.455555555555556,60609509.49235411
RFF,M3,cPTAC,Base,CZ15,43.455555555555556,66225339.32028474
RFF,M3,cPTAC,Measure,CZ15,43.455555555555556,60609509.49235298
RFF,M3,cPVVG,Base,CZ15,43.455555555555556,65806997.45395061
RFF,M3,cPVVG,Measure,CZ15,43.455555555555556,60217305.887171775
RFF,M4,cDXGF,Base,CZ15,43.455555555555556,68293460.48201175
RFF,M4,cDXGF,Measure,CZ15,43.455555555555556,68294586.49080862
RFF,M4,cDXHP,Base,CZ15,43.455555555555556,68293460.4820117
RFF,M4,cDXHP,Measure,CZ15,43.455555555555556,68294586.4908084
RFF,M4,cPTAC,Base,CZ15,43.455555555555556,68293460.4820108
RFF,M4,cPTAC,Measure,CZ15,43.455555555555556,68294586.49080826
RFF,M4,cPVVG,Base,CZ15,43.455555555555556,67422855.02526145
RFF,M4,cPVVG,Measure,CZ15,43.455555555555556,67425646.50490676
RFF,M5,cDXGF,Base,CZ15,43.455555555555556,73327280.73476501
RFF,M5,cDXGF,Measure,CZ15,43.455555555555556,66486513.302077934
RFF,M5,cDXHP,Base,CZ15,43.455555555555556,73327280.73476475
RFF,M5,cDXHP,Measure,CZ15,43.455555555555556,66486513.30207814
RFF,M5,cPTAC,Base,CZ15,43.455555555555556,73327280.73476149
RFF,M5,cPTAC,Measure,CZ15,43.455555555555556,66486513.30207911
RFF,M5,cPVVG,Base,CZ15,43.455555555555556,73085721.74793218
RFF,M5,cPVVG,Measure,CZ15,43.455555555555556,66262111.721304394
Rt3,M1,cDXGF,Base,CZ15,43.455555555555556,2405881647.449394
Rt3,M1,cDXGF,Measure,CZ15,43.455555555555556,2400788538.9958196
Rt3,M1,cDXHP,Base,CZ15,43.455555555555556,2406280368.213411
Rt3,M1,cDXHP,Measure,CZ15,43.455555555555556,2401177479.1545944
Rt3,M1,cPTAC,Base,CZ15,43.455555555555556,2405881647.449405
Rt3,M1,cPTAC,Measure,CZ15,43.455555555555556,2400788538.9958425
Rt3,M1,cPVVG,Base,CZ15,43.455555555555556,2373196457.574632
Rt3,M1,cPVVG,Measure,CZ15,43.455555555555556,2367229629.382744
Rt3,M2,cDXGF,Base,CZ15,43.455555555555556,2074632764.2320642
Rt3,M2,cDXGF,Measure,CZ15,43.455555555555556,2068328564.2819302
Rt3,M2,cDXHP,Base,CZ15,43.455555555555556,2074626333.430555
Rt3,M2,cDXHP,Measure,CZ15,43.455555555555556,2068319602.1040154
Rt3,M2,cPTAC,Base,CZ15,43.455555555555556,2074632764.232056
Rt3,M2,cPTAC,Measure,CZ15,43.455555555555556,2068328564.2817924
Rt3,M2,cPVVG,Base,CZ15,43.455555555555556,1968989249.2412524
Rt3,M2,cPVVG,Measure,CZ15,43.455555555555556,1963616501.8606102
Rt3,M3,cDXGF,Base,CZ15,43.455555555555556,2173586387.533529
Rt3,M3,cDXGF,Measure,CZ15,43.455555555555556,1968301584.567565
Rt3,M3,cDXHP,Base,CZ15,43.455555555555556,2173454817.2598963
Rt3,M3,cDXHP,Measure,CZ15,43.455555555555556,1968158240.1515708
Rt3,M3,cPTAC,Base,CZ15,43.455555555555556,2173586387.5335093
Rt3,M3,cPTAC,Measure,CZ15,43.455555555555556,1968301584.5675366
Rt3,M3,cPVVG,Base,CZ15,43.455555555555556,2155734639.674776
Rt3,M3,cPVVG,Measure,CZ15,43.455555555555556,1951591337.183406
Rt3,M4,cDXGF,Base,CZ15,43.455555555555556,2405881647.4866223
Rt3,M4,cDXGF,Measure,CZ15,43.455555555555556,2400788539.064057
Rt3,M4,cDXHP,Base,CZ15,43.455555555555556,2406280368.251016
Rt3,M4,cDXHP,Measure,CZ15,43.455555555555556,2401177479.219453
Rt3,M4,cPTAC,Base,CZ15,43.455555555555556,2405881647.4866505
Rt3,M4,cPTAC,Measure,CZ15,43.455555555555556,2400788539.0640697
Rt3,M4,cPVVG,Base,CZ15,43.455555555555556,2373196457.591325
Rt3,M4,cPVVG,Measure,CZ15,43.455555555555556,2367229629.3735914
Rt3,M5,cDXGF,Base,CZ15,43.455555555555556,2575269810.4910407
Rt3,M5,cDXGF,Measure,CZ15,43.455555555555556,2302011553.766341
Rt3,M5,cDXHP,Base,CZ15,43.455555555555556,2574976931.1774707
Rt3,M5,cDXHP,Measure,CZ15,43.455555555555556,2301726093.8727555
Rt3,M5,cPTAC,Base,CZ15,43.455555555555556,2575269810.49105
Rt3,M5,cPTAC,Measure,CZ15,43.455555555555556,2302011553.766249
Rt3,M5,cPVVG,Base,CZ15,43.455555555555556,2564748559.0800357
Rt3,M5,cPVVG,Measure,CZ15,43.455555555555556,2292334497.451835
RtL,M1,cDXGF,Base,CZ15,43.455555555555556,2414561012.3821707
RtL,M1,cDXGF,Measure,CZ15,43.455555555555556,2407647477.831149
RtL,M1,cDXHP,Base,CZ15,43.455555555555556,2414561012.3821797
RtL,M1,cDXHP,Measure,CZ15,43.455555555555556,2407647477.831113
RtL,M1,cPTAC,Base,CZ15,43.455555555555556,2414561012.3821726
RtL,M1,cPTAC,Measure,CZ15,43.455555555555556,2407647477.8311253
RtL,M1,cPVVG,Base,CZ15,43.455555555555556,2372671620.2542906
RtL,M1,cPVVG,Measure,CZ15,43.455555555555556,2364300398.922032
RtL,M2,cDXGF,Base,CZ15,43.455555555555556,2070396630.927478
RtL,M2,cDXGF,Measure,CZ15,43.455555555555556,2063897910.957544
RtL,M2,cDXHP,Base,CZ15,43.455555555555556,2070396630.9274416
RtL,M2,cDXHP,Measure,CZ15,43.455555555555556,2063897910.9575894
RtL,M2,cPTAC,Base,CZ15,43.455555555555556,2070396630.9275017
RtL,M2,cPTAC,Measure,CZ15,43.455555555555556,2063897910.9575496
RtL,M2,cPVVG,Base,CZ15,43.455555555555556,1965747520.2487333
RtL,M2,cPVVG,Measure,CZ15,43.455555555555556,1958708364.276541
RtL,M3,cDXGF,Base,CZ15,43.455555555555556,2180768628.9222193
RtL,M3,cDXGF,Measure,CZ15,43.455555555555556,1972192867.6029742
RtL,M3,cDXHP,Base,CZ15,43.455555555555556,2180768628.922215
RtL,M3,cDXHP,Measure,CZ15,43.455555555555556,1972192867.6029558
RtL,M3,cPTAC,Base,CZ15,43.455555555555556,2180768628.922148
RtL,M3,cPTAC,Measure,CZ15,43.455555555555556,1972192867.6029556
RtL,M3,cPVVG,Base,CZ15,43.455555555555556,2162146217.393377
RtL,M3,cPVVG,Measure,CZ15,43.455555555555556,1954747639.1063893
RtL,M4,cDXGF,Base,CZ15,43.455555555555556,2414561012.3525386
RtL,M4,cDXGF,Measure,CZ15,43.455555555555556,2407647477.4642277
RtL,M4,cDXHP,Base,CZ15,43.455555555555556,2414561012.352484
RtL,M4,cDXHP,Measure,CZ15,43.455555555555556,2407647477.464211
RtL,M4,cPTAC,Base,CZ15,43.455555555555556,2414561012.3524942
RtL,M4,cPTAC,Measure,CZ15,43.455555555555556,2407647477.4642205
RtL,M4,cPVVG,Base,CZ15,43.455555555555556,2372671619.985755
RtL,M4,cPVVG,Measure,CZ15,43.455555555555556,2364300398.458085
RtL,M5,cDXGF,Base,CZ15,43.455555555555556,2552956047.2281365
RtL,M5,cDXGF,Measure,CZ15,43.455555555555556,2278718916.3220544
RtL,M5,cDXHP,Base,CZ15,43.455555555555556,2552956047.2281756
RtL,M5,cDXHP,Measure,CZ15,43.455555555555556,2278718916.3220615
RtL,M5,cPTAC,Base,CZ15,43.455555555555556,2552956047.228126
RtL,M5,cPTAC,Measure,CZ15,43.455555555555556,2278718916.3220267
RtL,M5,cPVVG,Base,CZ15,43.455555555555556,2539366007.46071
RtL,M5,cPVVG,Measure,CZ15,43.455555555555556,2266151143.9970355
RtS,M1,cDXGF,Base,CZ15,43.455555555555556,168004833.84325865
RtS,M1,cDXGF,Measure,CZ15,43.455555555555556,168075792.05967623
RtS,M1,cDXHP,Base,CZ15,43.455555555555556,168004833.8432574
RtS,M1,cDXHP,Measure,CZ15,43.455555555555556,168075792.05967686
RtS,M1,cPTAC,Base,CZ15,43.455555555555556,168004833.84325597
RtS,M1,cPTAC,Measure,CZ15,43.455555555555556,168075792.05967468
RtS,M1,cPVVG,Base,CZ15,43.455555555555556,165461879.27272034
RtS,M1,cPVVG,Measure,CZ15,43.455555555555556,165547735.75312883
RtS,M2,cDXGF,Base,CZ15,43.455555555555556,146838430.1300127
RtS,M2,cDXGF,Measure,CZ15,43.455555555555556,146926980.84675738
RtS,M2,cDXHP,Base,CZ15,43.455555555555556,146838430.13001308
RtS,M2,cDXHP,Measure,CZ15,43.455555555555556,146926980.84675464
RtS,M2,cPTAC,Base,CZ15,43.455555555555556,146838430.13000295
RtS,M2,cPTAC,Measure,CZ15,43.455555555555556,146926980.8467646
RtS,M2,cPVVG,Base,CZ15,43.455555555555556,139865494.68685353
RtS,M2,cPVVG,Measure,CZ15,43.455555555555556,139988338.68254986
RtS,M3,cDXGF,Base,CZ15,43.455555555555556,158564528.02622902
RtS,M3,cDXGF,Measure,CZ15,43.455555555555556,140633167.58476987
RtS,M3,cDXHP,Base,CZ15,43.455555555555556,158564528.026231
RtS,M3,cDXHP,Measure,CZ15,43.455555555555556,140633167.58477178
RtS,M3,cPTAC,Base,CZ15,43.455555555555556,158564528.02623212
RtS,M3,cPTAC,Measure,CZ15,43.455555555555556,140633167.58476737
RtS,M3,cPVVG,Base,CZ15,43.455555555555556,157268996.55035612
RtS,M3,cPVVG,Measure,CZ15,43.455555555555556,139421344.69211262
RtS,M4,cDXGF,Base,CZ15,43.455555555555556,168004833.84366485
RtS,M4,cDXGF,Measure,CZ15,43.455555555555556,168075792.05974224
RtS,M4,cDXHP,Base,CZ15,43.455555555555556,168004833.84366652
RtS,M4,cDXHP,Measure,CZ15,43.455555555555556,168075792.0597396
RtS,M4,cPTAC,Base,CZ15,43.455555555555556,168004833.84366804
RtS,M4,cPTAC,Measure,CZ15,43.455555555555556,168075792.05973858
RtS,M4,cPVVG,Base,CZ15,43.455555555555556,165461879.2771956
RtS,M4,cPVVG,Measure,CZ15,43.455555555555556,165547735.74928805
RtS,M5,cDXGF,Base,CZ15,43.455555555555556,184630501.7398158
RtS,M5,cDXGF,Measure,CZ15,43.455555555555556,162128277.062899
RtS,M5,cDXHP,Base,CZ15,43.455555555555556,184630501.7398153
RtS,M5,cDXHP,Measure,CZ15,43.455555555555556,162128277.06290075
RtS,M5,cPTAC,Base,CZ15,43.455555555555556,184630501.73981607
RtS,M5,cPTAC,Measure,CZ15,43.455555555555556,162128277.06289536
RtS,M5,cPVVG,Base,CZ15,43.455555555555556,183902200.25895908
RtS,M5,cPVVG,Measure,CZ15,43.455555555555556,161458151.02040178
SCn,M1,cDXGF,Base,CZ15,43.455555555555556,2864118646.0123596
SCn,M1,cDXGF,Measure,CZ15,43.455555555555556,2863574014.9457445
SCn,M1,cDXHP,Base,CZ15,43.455555555555556,2864118659.89768
SCn,M1,cDXHP,Measure,CZ15,43.455555555555556,2863574009.3719482
SCn,M1,cPTAC,Base,CZ15,43.455555555555556,2864118651.5157037
SCn,M1,cPTAC,Measure,CZ15,43.455555555555556,2863574008.612746
SCn,M1,cPVVG,Base,CZ15,43.455555555555556,2863927713.467209
SCn,M1,cPVVG,Measure,CZ15,43.455555555555556,2863434281.40025
SCn,M2,cDXGF,Base,CZ15,43.455555555555556,2722288665.929824
SCn,M2,cDXGF,Measure,CZ15,43.455555555555556,2703999553.089724
SCn,M2,cDXHP,Base,CZ15,43.455555555555556,2722287958.893863
SCn,M2,cDXHP,Measure,CZ15,43.455555555555556,2703999553.091922
SCn,M2,cPTAC,Base,CZ15,43.455555555555556,2722287958.888687
SCn,M2,cPTAC,Measure,CZ15,43.455555555555556,2703999553.091041
SCn,M2,cPVVG,Base,CZ15,43.455555555555556,2698734679.7453203
SCn,M2,cPVVG,Measure,CZ15,43.455555555555556,2690975857.3422637
SCn,M3,cDXGF,Base,CZ15,43.455555555555556,3049437537.734308
SCn,M3,cDXGF,Measure,CZ15,43.455555555555556,2682175216.2860875
SCn,M3,cDXHP,Base,CZ15,43.455555555555556,3049437537.734403
SCn,M3,cDXHP,Measure,CZ15,43.455555555555556,2682175074.0887
SCn,M3,cPTAC,Base,CZ15,43.455555555555556,3049437537.734384
SCn,M3,cPTAC,Measure,CZ15,43.455555555555556,2682175141.107727
SCn,M3,cPVVG,Base,CZ15,43.455555555555556,3046743297.393496
SCn,M3,cPVVG,Measure,CZ15,43.455555555555556,2679625349.018952
SCn,M4,cDXGF,Base,CZ15,43.455555555555556,2864118654.525661
SCn,M4,cDXGF,Measure,CZ15,43.455555555555556,2863573990.084071
SCn,M4,cDXHP,Base,CZ15,43.455555555555556,2864118650.1418657
SCn,M4,cDXHP,Measure,CZ15,43.455555555555556,2863573990.0840707
SCn,M4,cPTAC,Base,CZ15,43.455555555555556,2864118648.138879
SCn,M4,cPTAC,Measure,CZ15,43.455555555555556,2863574009.8082337
SCn,M4,cPVVG,Base,CZ15,43.455555555555556,2863927717.9527864
SCn,M4,cPVVG,Measure,CZ15,43.455555555555556,2863434265.7173476
SCn,M5,cDXGF,Base,CZ15,43.455555555555556,3275007982.524147
SCn,M5,cDXGF,Measure,CZ15,43.455555555555556,2863573408.641194
SCn,M5,cDXHP,Base,CZ15,43.455555555555556,3275007990.0685725
SCn,M5,cDXHP,Measure,CZ15,43.455555555555556,2863573404.0518613
SCn,M5,cPTAC,Base,CZ15,43.455555555555556,3275007979.3564925
SCn,M5,cPTAC,Measure,CZ15,43.455555555555556,2863573402.589014
SCn,M5,cPVVG,Base,CZ15,43.455555555555556,3274868228.0721617
SCn,M5,cPVVG,Measure,CZ15,43.455555555555556,2863433781.7306128
Asm,M1,cDXGF,Base,CZ16,26.445,598444982.6388963
Asm,M1,cDXGF,Measure,CZ16,26.445,599935204.464194
Asm,M1,cDXHP,Base,CZ16,26.445,605490384.6858673
Asm,M1,cDXHP,Measure,CZ16,26.445,607098252.6285095
Asm,M1,cPTAC,Base,CZ16,26.445,598445036.5217743
Asm,M1,cPTAC,Measure,CZ16,26.445,599935202.7658092
Asm,M1,cPVVG,Base,CZ16,26.445,538201272.3857275
Asm,M1,cPVVG,Measure,CZ16,26.445,544486142.925422
Asm,M2,cDXGF,Base,CZ16,26.445,617541024.3214401
Asm,M2,cDXGF,Measure,CZ16,26.445,615932147.1759337
Asm,M2,cDXHP,Base,CZ16,26.445,621098673.625925
Asm,M2,cDXHP,Measure,CZ16,26.445,619408493.1623355
Asm,M2,cPTAC,Base,CZ16,26.445,617541024.3214433
Asm,M2,cPTAC,Measure,CZ16,26.445,615932147.1759431
Asm,M2,cPVVG,Base,CZ16,26.445,563367215.2667745
Asm,M2,cPVVG,Measure,CZ16,26.445,561403313.8098739
Asm,M3,cDXGF,Base,CZ16,26.445,611254163.1637024
Asm,M3,cDXGF,Measure,CZ16,26.445,548711297.064369
Asm,M3,cDXHP,Base,CZ16,26.445,583581602.1558992
Asm,M3,cDXHP,Measure,CZ16,26.445,520684545.81685865
Asm,M3,cPTAC,Base,CZ16,26.445,611254163.1636823
Asm,M3,cPTAC,Measure,CZ16,26.445,548711297.0643619
Asm,M3,cPVVG,Base,CZ16,26.445,602600807.3206955
Asm,M3,cPVVG,Measure,CZ16,26.445,540470190.7916853
Asm,M4,cDXGF,Base,CZ16,26.445,599052348.2178749
Asm,M4,cDXGF,Measure,CZ16,26.445,600540940.9511266
Asm,M4,cDXHP,Base,CZ16,26.445,606114563.7495008
Asm,M4,cDXHP,Measure,CZ16,26.445,607720969.9479535
Asm,M4,cPTAC,Base,CZ16,26.445,599052402.1009854
Asm,M4,cPTAC,Measure,CZ16,26.445,600540939.2496477
Asm,M4,cPVVG,Base,CZ16,26.445,538633440.5352906
Asm,M4,cPVVG,Measure,CZ16,26.445,544923532.5236619
Asm,M5,cDXGF,Base,CZ16,26.445,569946064.3234867
Asm,M5,cDXGF,Measure,CZ16,26.445,514022091.16191393
Asm,M5,cDXHP,Base,CZ16,26.445,561391767.8570899
Asm,M5,cDXHP,Measure,CZ16,26.445,502343086.93961823
Asm,M5,cPTAC,Base,CZ16,26.445,569946064.3234879
Asm,M5,cPTAC,Measure,CZ16,26.445,514022091.16190153
Asm,M5,cPVVG,Base,CZ16,26.445,560407836.9511272
Asm,M5,cPVVG,Measure,CZ16,26.445,504972468.68989205
ECC,M1,cDXGF,Base,CZ16,26.445,1713785468.2123032
ECC,M1,cDXGF,Measure,CZ16,26.445,1646685222.255507
ECC,M1,cDXHP,Base,CZ16,26.445,1720832118.4496193
ECC,M1,cDXHP,Measure,CZ16,26.445,1653296989.9970284
ECC,M1,cPTAC,Base,CZ16,26.445,1713785426.2437274
ECC,M1,cPTAC,Measure,CZ16,26.445,1646305339.246373
ECC,M1,cPVVG,Base,CZ16,26.445,1446368878.5857055
ECC,M1,cPVVG,Measure,CZ16,26.445,1433257568.779048
ECC,M2,cDXGF,Base,CZ16,26.445,1732515946.000553
ECC,M2,cDXGF,Measure,CZ16,26.445,1662915501.8837423
ECC,M2,cDXHP,Base,CZ16,26.445,1729946905.1802406
ECC,M2,cDXHP,Measure,CZ16,26.445,1661005907.458115
ECC,M2,cPTAC,Base,CZ16,26.445,1732515945.9963877
ECC,M2,cPTAC,Measure,CZ16,26.445,1662915501.854857
ECC,M2,cPVVG,Base,CZ16,26.445,1477873218.5904198
ECC,M2,cPVVG,Measure,CZ16,26.445,1447734334.6433845
ECC,M3,cDXGF,Base,CZ16,26.445,1482675415.060022
ECC,M3,cDXGF,Measure,CZ16,26.445,1379067800.617359
ECC,M3,cDXHP,Base,CZ16,26.445,1443226546.0156233
ECC,M3,cDXHP,Measure,CZ16,26.445,1340163586.1050813
ECC,M3,cPTAC,Base,CZ16,26.445,1482675414.86726
ECC,M3,cPTAC,Measure,CZ16,26.445,1379067800.4466429
ECC,M3,cPVVG,Base,CZ16,26.445,1461541370.2129295
ECC,M3,cPVVG,Measure,CZ16,26.445,1359523453.1795335
ECC,M4,cDXGF,Base,CZ16,26.445,1716401959.6227527
ECC,M4,cDXGF,Measure,CZ16,26.445,1649301950.9819791
ECC,M4,cDXHP,Base,CZ16,26.445,1723509981.0328593
ECC,M4,cDXHP,Measure,CZ16,26.445,1655974777.832074
ECC,M4,cPTAC,Base,CZ16,26.445,1716401917.8632467
ECC,M4,cPTAC,Measure,CZ16,26.445,1649301766.48159
ECC,M4,cPVVG,Base,CZ16,26.445,1448704254.7965343
ECC,M4,cPVVG,Measure,CZ16,26.445,1435600473.4356036
ECC,M5,cDXGF,Base,CZ16,26.445,1455874127.169027
ECC,M5,cDXGF,Measure,CZ16,26.445,1356424817.874381
ECC,M5,cDXHP,Base,CZ16,26.445,1432946713.2745829
ECC,M5,cDXHP,Measure,CZ16,26.445,1331643752.8212402
ECC,M5,cPTAC,Base,CZ16,26.445,1455874121.2296228
ECC,M5,cPTAC,Measure,CZ16,26.445,1356424805.3577042
ECC,M5,cPVVG,Base,CZ16,26.445,1434568263.2284622
ECC,M5,cPVVG,Measure,CZ16,26.445,1336716046.7681136
Epr,M1,cDXGF,Base,CZ16,26.445,246693800.30003467
Epr,M1,cDXGF,Measure,CZ16,26.445,233773604.9603483
Epr,M1,cDXHP,Base,CZ16,26.445,248475518.1749386
Epr,M1,cDXHP,Measure,CZ16,26.445,235537059.8890683
Epr,M1,cPTAC,Base,CZ16,26.445,246693918.33552387
Epr,M1,cPTAC,Measure,CZ16,26.445,233773584.75360918
Epr,M1,cPVVG,Base,CZ16,26.445,202114075.31769145
Epr,M1,cPVVG,Measure,CZ16,26.445,200496008.7525852
Epr,M2,cDXGF,Base,CZ16,26.445,250589684.07340294
Epr,M2,cDXGF,Measure,CZ16,26.445,237016956.619253
Epr,M2,cDXHP,Base,CZ16,26.445,250116244.4822531
Epr,M2,cDXHP,Measure,CZ16,26.445,236561079.2536113
Epr,M2,cPTAC,Base,CZ16,26.445,250589684.07340685
Epr,M2,cPTAC,Measure,CZ16,26.445,237017210.1019225
Epr,M2,cPVVG,Base,CZ16,26.445,209094998.99758214
Epr,M2,cPVVG,Measure,CZ16,26.445,203323411.4339967
Epr,M3,cDXGF,Base,CZ16,26.445,211775690.45972547
Epr,M3,cDXGF,Measure,CZ16,26.445,193097752.94401616
Epr,M3,cDXHP,Base,CZ16,26.445,202857356.95930442
Epr,M3,cDXHP,Measure,CZ16,26.445,184300491.51954156
Epr,M3,cPTAC,Base,CZ16,26.445,211775690.45972952
Epr,M3,cPTAC,Measure,CZ16,26.445,193097640.80560023
Epr,M3,cPVVG,Base,CZ16,26.445,208201490.11720377
Epr,M3,cPVVG,Measure,CZ16,26.445,189826610.68720192
Epr,M4,cDXGF,Base,CZ16,26.445,247081135.48223576
Epr,M4,cDXGF,Measure,CZ16,26.445,234156839.28275985
Epr,M4,cDXHP,Base,CZ16,26.445,248876555.3752297
Epr,M4,cDXHP,Measure,CZ16,26.445,235937926.53583053
Epr,M4,cPTAC,Base,CZ16,26.445,247081285.10309106
Epr,M4,cPTAC,Measure,CZ16,26.445,234160697.09437308
Epr,M4,cPVVG,Base,CZ16,26.445,202447201.29064366
Epr,M4,cPVVG,Measure,CZ16,26.445,200843507.81392938
Epr,M5,cDXGF,Base,CZ16,26.445,205939216.18893525
Epr,M5,cDXGF,Measure,CZ16,26.445,188237911.0350175
Epr,M5,cDXHP,Base,CZ16,26.445,201913029.20067737
Epr,M5,cDXHP,Measure,CZ16,26.445,183567903.69559392
Epr,M5,cPTAC,Base,CZ16,26.445,205939216.1889532
Epr,M5,cPTAC,Measure,CZ16,26.445,188237911.0349736
Epr,M5,cPVVG,Base,CZ16,26.445,202326024.75105673
Epr,M5,cPVVG,Measure,CZ16,26.445,184925169.42348135
ERC,M1,cDXGF,Base,CZ16,26.445,9944842.690287493
ERC,M1,cDXGF,Measure,CZ16,26.445,9458208.036566935
ERC,M1,cDXHP,Base,CZ16,26.445,10015591.687677758
ERC,M1,cDXHP,Measure,CZ16,26.445,9528017.347230004
ERC,M1,cPTAC,Base,CZ16,26.445,9944820.940668767
ERC,M1,cPTAC,Measure,CZ16,26.445,9458183.954735173
ERC,M1,cPVVG,Base,CZ16,26.445,7956353.3626345135
ERC,M1,cPVVG,Measure,CZ16,26.445,7805411.748123575
ERC,M2,cDXGF,Base,CZ16,26.445,10091588.544691838
ERC,M2,cDXGF,Measure,CZ16,26.445,9566111.667316442
ERC,M2,cDXHP,Base,CZ16,26.445,10077915.60242687
ERC,M2,cDXHP,Measure,CZ16,26.445,9554317.7180877
ERC,M2,cPTAC,Base,CZ16,26.445,10091588.544691207
ERC,M2,cPTAC,Measure,CZ16,26.445,9566111.295336422
ERC,M2,cPVVG,Base,CZ16,26.445,8147438.459557552
ERC,M2,cPVVG,Measure,CZ16,26.445,7877398.890233024
ERC,M3,cDXGF,Base,CZ16,26.445,8341997.918585344
ERC,M3,cDXGF,Measure,CZ16,26.445,7351841.756133785
ERC,M3,cDXHP,Base,CZ16,26.445,7974406.410962468
ERC,M3,cDXHP,Measure,CZ16,26.445,6994725.242765794
ERC,M3,cPTAC,Base,CZ16,26.445,8341994.967026653
ERC,M3,cPTAC,Measure,CZ16,26.445,7351839.23520945
ERC,M3,cPVVG,Base,CZ16,26.445,8155089.814032263
ERC,M3,cPVVG,Measure,CZ16,26.445,7183593.10587739
ERC,M4,cDXGF,Base,CZ16,26.445,9965621.681953274
ERC,M4,cDXGF,Measure,CZ16,26.445,9478991.823389253
ERC,M4,cDXHP,Base,CZ16,26.445,10036968.6760042
ERC,M4,cDXHP,Measure,CZ16,26.445,9549395.120475877
ERC,M4,cPTAC,Base,CZ16,26.445,9965600.66365054
ERC,M4,cPTAC,Measure,CZ16,26.445,9478967.74018101
ERC,M4,cPVVG,Base,CZ16,26.445,7975312.027366269
ERC,M4,cPVVG,Measure,CZ16,26.445,7824398.634148907
ERC,M5,cDXGF,Base,CZ16,26.445,8192790.362647773
ERC,M5,cDXGF,Measure,CZ16,26.445,7224452.059093475
ERC,M5,cDXHP,Base,CZ16,26.445,7932355.431897226
ERC,M5,cDXHP,Measure,CZ16,26.445,6960107.243601292
ERC,M5,cPTAC,Base,CZ16,26.445,8192766.345158166
ERC,M5,cPTAC,Measure,CZ16,26.445,7224430.462520153
ERC,M5,cPVVG,Base,CZ16,26.445,8003369.465858085
ERC,M5,cPVVG,Measure,CZ16,26.445,7054146.252904883
Ese,M1,cDXGF,Base,CZ16,26.445,641332555.3220229
Ese,M1,cDXGF,Measure,CZ16,26.445,623830709.8189442
Ese,M1,cDXHP,Base,CZ16,26.445,642753082.0701146
Ese,M1,cDXHP,Measure,CZ16,26.445,625243648.6990429
Ese,M1,cPTAC,Base,CZ16,26.445,641332555.0412769
Ese,M1,cPTAC,Measure,CZ16,26.445,623830709.5394317
Ese,M1,cPVVG,Base,CZ16,26.445,600452258.2401053
Ese,M1,cPVVG,Measure,CZ16,26.445,589901126.4360462
Ese,M2,cDXGF,Base,CZ16,26.445,660553025.4042648
Ese,M2,cDXGF,Measure,CZ16,26.445,641651250.6193999
Ese,M2,cDXHP,Base,CZ16,26.445,660547409.975338
Ese,M2,cDXHP,Measure,CZ16,26.445,641637264.8989726
Ese,M2,cPTAC,Base,CZ16,26.445,660553025.4043918
Ese,M2,cPTAC,Measure,CZ16,26.445,641651250.6104636
Ese,M2,cPVVG,Base,CZ16,26.445,621509343.1602606
Ese,M2,cPVVG,Measure,CZ16,26.445,608368929.4908502
Ese,M3,cDXGF,Base,CZ16,26.445,617664917.5367854
Ese,M3,cDXGF,Measure,CZ16,26.445,599030923.3694072
Ese,M3,cDXHP,Base,CZ16,26.445,609991485.7925981
Ese,M3,cDXHP,Measure,CZ16,26.445,591466958.1912504
Ese,M3,cPTAC,Base,CZ16,26.445,617664917.5335267
Ese,M3,cPTAC,Measure,CZ16,26.445,599030923.3154198
Ese,M3,cPVVG,Base,CZ16,26.445,613846999.5601077
Ese,M3,cPVVG,Measure,CZ16,26.445,595529623.1499867
Ese,M4,cDXGF,Base,CZ16,26.445,641778120.1426654
Ese,M4,cDXGF,Measure,CZ16,26.445,624275842.0581142
Ese,M4,cDXHP,Base,CZ16,26.445,643208846.7071646
Ese,M4,cDXHP,Measure,CZ16,26.445,625698925.2688727
Ese,M4,cPTAC,Base,CZ16,26.445,641778119.86907
Ese,M4,cPTAC,Measure,CZ16,26.445,624275841.7791126
Ese,M4,cPVVG,Base,CZ16,26.445,600851165.7750182
Ese,M4,cPVVG,Measure,CZ16,26.445,590300957.4972352
Ese,M5,cDXGF,Base,CZ16,26.445,596053052.1910417
Ese,M5,cDXGF,Measure,CZ16,26.445,576793702.692262
Ese,M5,cDXHP,Base,CZ16,26.445,591513583.0233753
Ese,M5,cDXHP,Measure,CZ16,26.445,571895380.6220882
Ese,M5,cPTAC,Base,CZ16,26.445,596053051.5359379
Ese,M5,cPTAC,Measure,CZ16,26.445,576793702.663062
Ese,M5,cPVVG,Base,CZ16,26.445,592148222.5759739
Ese,M5,cPVVG,Measure,CZ16,26.445,573213621.9377897
Eun,M1,cDXGF,Base,CZ16,26.445,5302820940.408556
Eun,M1,cDXGF,Measure,CZ16,26.445,5044347398.166912
Eun,M1,cDXHP,Base,CZ16,26.445,5314126787.8495455
Eun,M1,cDXHP,Measure,CZ16,26.445,5055208269.6198435
Eun,M1,cPTAC,Base,CZ16,26.445,5302825059.938038
Eun,M1,cPTAC,Measure,CZ16,26.445,5044347369.048817
Eun,M1,cPVVG,Base,CZ16,26.445,4656428494.957819
Eun,M1,cPVVG,Measure,CZ16,26.445,4574960565.933422
Eun,M2,cDXGF,Base,CZ16,26.445,5341499425.415349
Eun,M2,cDXGF,Measure,CZ16,26.445,5084121683.748094
Eun,M2,cDXHP,Base,CZ16,26.445,5341122027.74191
Eun,M2,cDXHP,Measure,CZ16,26.445,5086435218.989612
Eun,M2,cPTAC,Base,CZ16,26.445,5341499425.415356
Eun,M2,cPTAC,Measure,CZ16,26.445,5084121682.283945
Eun,M2,cPVVG,Base,CZ16,26.445,4725359947.883626
Eun,M2,cPVVG,Measure,CZ16,26.445,4613739531.6251
Eun,M3,cDXGF,Base,CZ16,26.445,4723029684.468425
Eun,M3,cDXGF,Measure,CZ16,26.445,4448396693.568999
Eun,M3,cDXHP,Base,CZ16,26.445,4637106514.716583
Eun,M3,cDXHP,Measure,CZ16,26.445,4364122493.79658
Eun,M3,cPTAC,Base,CZ16,26.445,4723029684.354094
Eun,M3,cPTAC,Measure,CZ16,26.445,4448396693.479649
Eun,M3,cPVVG,Base,CZ16,26.445,4671653125.613744
Eun,M3,cPVVG,Measure,CZ16,26.445,4401402922.144146
Eun,M4,cDXGF,Base,CZ16,26.445,5309804492.834314
Eun,M4,cDXGF,Measure,CZ16,26.445,5051330651.989295
Eun,M4,cDXHP,Base,CZ16,26.445,5321090352.832738
Eun,M4,cDXHP,Measure,CZ16,26.445,5062173321.648156
Eun,M4,cPTAC,Base,CZ16,26.445,5309808741.742922
Eun,M4,cPTAC,Measure,CZ16,26.445,5051330621.065519
Eun,M4,cPVVG,Base,CZ16,26.445,4662852396.730393
Eun,M4,cPVVG,Measure,CZ16,26.445,4581392963.872069
Eun,M5,cDXGF,Base,CZ16,26.445,4665693214.63653
Eun,M5,cDXGF,Measure,CZ16,26.445,4400077228.561128
Eun,M5,cDXHP,Base,CZ16,26.445,4605069058.021756
Eun,M5,cDXHP,Measure,CZ16,26.445,4337435745.545141
Eun,M5,cPTAC,Base,CZ16,26.445,4665693208.195609
Eun,M5,cPTAC,Measure,CZ16,26.445,4400077223.937027
Eun,M5,cPVVG,Base,CZ16,26.445,4614086014.347318
Eun,M5,cPVVG,Measure,CZ16,26.445,4352808471.459754
Gro,M1,cDXGF,Base,CZ16,26.445,1309923303.8941572
Gro,M1,cDXGF,Measure,CZ16,26.445,1297390923.608636
Gro,M1,cDXHP,Base,CZ16,26.445,1312707758.3756793
Gro,M1,cDXHP,Measure,CZ16,26.445,1299896550.0468976
Gro,M1,cPTAC,Base,CZ16,26.445,1309878778.9725232
Gro,M1,cPTAC,Measure,CZ16,26.445,1297321401.3171654
Gro,M1,cPVVG,Base,CZ16,26.445,1264534326.0228803
Gro,M1,cPVVG,Measure,CZ16,26.445,1259674974.8139734
Gro,M2,cDXGF,Base,CZ16,26.445,1302701307.9948182
Gro,M2,cDXGF,Measure,CZ16,26.445,1287030884.2432432
Gro,M2,cDXHP,Base,CZ16,26.445,1304956740.4979522
Gro,M2,cDXHP,Measure,CZ16,26.445,1288898459.9717302
Gro,M2,cPTAC,Base,CZ16,26.445,1302670032.0024512
Gro,M2,cPTAC,Measure,CZ16,26.445,1286961822.4679189
Gro,M2,cPVVG,Base,CZ16,26.445,1252265835.8509436
Gro,M2,cPVVG,Measure,CZ16,26.445,1245193218.3101058
Gro,M3,cDXGF,Base,CZ16,26.445,1249311425.981476
Gro,M3,cDXGF,Measure,CZ16,26.445,1226115616.3498845
Gro,M3,cDXHP,Base,CZ16,26.445,1237286167.3671758
Gro,M3,cDXHP,Measure,CZ16,26.445,1214421323.2541573
Gro,M3,cPTAC,Base,CZ16,26.445,1249195725.2680337
Gro,M3,cPTAC,Measure,CZ16,26.445,1226017181.4744577
Gro,M3,cPVVG,Base,CZ16,26.445,1243984833.802996
Gro,M3,cPVVG,Measure,CZ16,26.445,1221053222.8052135
Gro,M4,cDXGF,Base,CZ16,26.445,1310411868.697848
Gro,M4,cDXGF,Measure,CZ16,26.445,1297880973.4484994
Gro,M4,cDXHP,Base,CZ16,26.445,1313210129.330752
Gro,M4,cDXHP,Measure,CZ16,26.445,1300399577.2121658
Gro,M4,cPTAC,Base,CZ16,26.445,1310367876.3399725
Gro,M4,cPTAC,Measure,CZ16,26.445,1297811854.54145
Gro,M4,cPVVG,Base,CZ16,26.445,1264977653.7202907
Gro,M4,cPVVG,Measure,CZ16,26.445,1260106460.699019
Gro,M5,cDXGF,Base,CZ16,26.445,1258012365.2753406
Gro,M5,cDXGF,Measure,CZ16,26.445,1233435818.2182856
Gro,M5,cDXHP,Base,CZ16,26.445,1247777079.204639
Gro,M5,cDXHP,Measure,CZ16,26.445,1223185339.9951456
Gro,M5,cPTAC,Base,CZ16,26.445,1257892456.29688
Gro,M5,cPTAC,Measure,CZ16,26.445,1233333878.964592
Gro,M5,cPVVG,Base,CZ16,26.445,1252514070.0706794
Gro,M5,cPVVG,Measure,CZ16,26.445,1228222410.5749397
MBT,M1,cDXGF,Base,CZ16,26.445,1847747574.420112
MBT,M1,cDXGF,Measure,CZ16,26.445,1802367594.535819
MBT,M1,cDXHP,Base,CZ16,26.445,1845142975.6811812
MBT,M1,cDXHP,Measure,CZ16,26.445,1799699652.7987983
MBT,M1,cPTAC,Base,CZ16,26.445,1847747581.6108336
MBT,M1,cPTAC,Measure,CZ16,26.445,1802367616.1322505
MBT,M1,cPVVG,Base,CZ16,26.445,1745478764.7155845
MBT,M1,cPVVG,Measure,CZ16,26.445,1729465756.2392988
MBT,M2,cDXGF,Base,CZ16,26.445,1855337308.8481705
MBT,M2,cDXGF,Measure,CZ16,26.445,1808597085.6071281
MBT,M2,cDXHP,Base,CZ16,26.445,1850841846.653647
MBT,M2,cDXHP,Measure,CZ16,26.445,1804142591.1923347
MBT,M2,cPTAC,Base,CZ16,26.445,1855337308.8479772
MBT,M2,cPTAC,Measure,CZ16,26.445,1808597085.6019833
MBT,M2,cPVVG,Base,CZ16,26.445,1757720221.5615952
MBT,M2,cPVVG,Measure,CZ16,26.445,1736753004.0829318
MBT,M3,cDXGF,Base,CZ16,26.445,1768469028.8661563
MBT,M3,cDXGF,Measure,CZ16,26.445,1714435467.5057557
MBT,M3,cDXHP,Base,CZ16,26.445,1753211541.0596614
MBT,M3,cDXHP,Measure,CZ16,26.445,1699163412.1439776
MBT,M3,cPTAC,Base,CZ16,26.445,1768469028.8323238
MBT,M3,cPTAC,Measure,CZ16,26.445,1714435467.4732904
MBT,M3,cPVVG,Base,CZ16,26.445,1759612884.6226375
MBT,M3,cPVVG,Measure,CZ16,26.445,1706054783.5251336
MBT,M4,cDXGF,Base,CZ16,26.445,1849320304.2303255
MBT,M4,cDXGF,Measure,CZ16,26.445,1803942206.305215
MBT,M4,cDXHP,Base,CZ16,26.445,1845798525.028191
MBT,M4,cDXHP,Measure,CZ16,26.445,1800364437.8727188
MBT,M4,cPTAC,Base,CZ16,26.445,1849320284.6937685
MBT,M4,cPTAC,Measure,CZ16,26.445,1803942200.2599535
MBT,M4,cPVVG,Base,CZ16,26.445,1747029870.1383011
MBT,M4,cPVVG,Measure,CZ16,26.445,1731017163.6114478
MBT,M5,cDXGF,Base,CZ16,26.445,1761271494.4692168
MBT,M5,cDXGF,Measure,CZ16,26.445,1708440107.0955384
MBT,M5,cDXHP,Base,CZ16,26.445,1749933443.7838163
MBT,M5,cDXHP,Measure,CZ16,26.445,1696484702.9355943
MBT,M5,cPTAC,Base,CZ16,26.445,1761271491.6072373
MBT,M5,cPTAC,Measure,CZ16,26.445,1708440104.668602
MBT,M5,cPVVG,Base,CZ16,26.445,1752327848.4601898
MBT,M5,cPVVG,Measure,CZ16,26.445,1699989215.8682172
MLI,M1,cDXGF,Base,CZ16,26.445,791265801.992409
MLI,M1,cDXGF,Measure,CZ16,26.445,743166630.61371
MLI,M1,cDXHP,Base,CZ16,26.445,793224537.4384605
MLI,M1,cDXHP,Measure,CZ16,26.445,744979284.4811327
MLI,M1,cPTAC,Base,CZ16,26.445,791265801.7183434
MLI,M1,cPTAC,Measure,CZ16,26.445,743166630.1350318
MLI,M1,cPVVG,Base,CZ16,26.445,619516833.8175509
MLI,M1,cPVVG,Measure,CZ16,26.445,605294660.9400923
MLI,M2,cDXGF,Base,CZ16,26.445,788985548.086444
MLI,M2,cDXGF,Measure,CZ16,26.445,735485668.4966829
MLI,M2,cDXHP,Base,CZ16,26.445,790186148.6772132
MLI,M2,cDXHP,Measure,CZ16,26.445,736475690.6853997
MLI,M2,cPTAC,Base,CZ16,26.445,788985548.0864445
MLI,M2,cPTAC,Measure,CZ16,26.445,735485670.0169647
MLI,M2,cPVVG,Base,CZ16,26.445,609934795.9067355
MLI,M2,cPVVG,Measure,CZ16,26.445,591285668.0433553
MLI,M3,cDXGF,Base,CZ16,26.445,626197492.4943542
MLI,M3,cDXGF,Measure,CZ16,26.445,572089632.3082219
MLI,M3,cDXHP,Base,CZ16,26.445,614283227.622583
MLI,M3,cDXHP,Measure,CZ16,26.445,560507717.4952242
MLI,M3,cPTAC,Base,CZ16,26.445,626197750.9861655
MLI,M3,cPTAC,Measure,CZ16,26.445,572089852.7221301
MLI,M3,cPVVG,Base,CZ16,26.445,600683270.8227699
MLI,M3,cPVVG,Measure,CZ16,26.445,548056766.4486887
MLI,M4,cDXGF,Base,CZ16,26.445,793084693.5095042
MLI,M4,cDXGF,Measure,CZ16,26.445,744948022.0758041
MLI,M4,cDXHP,Base,CZ16,26.445,795035890.8314668
MLI,M4,cDXHP,Measure,CZ16,26.445,746777963.2980667
MLI,M4,cPTAC,Base,CZ16,26.445,793084693.2351741
MLI,M4,cPTAC,Measure,CZ16,26.445,744948021.5974085
MLI,M4,cPVVG,Base,CZ16,26.445,621064888.73673
MLI,M4,cPVVG,Measure,CZ16,26.445,606761243.7931389
MLI,M5,cDXGF,Base,CZ16,26.445,628258454.7621711
MLI,M5,cDXGF,Measure,CZ16,26.445,573838268.8644776
MLI,M5,cDXHP,Base,CZ16,26.445,615322992.6528171
MLI,M5,cDXHP,Measure,CZ16,26.445,561385060.3802389
MLI,M5,cPTAC,Base,CZ16,26.445,628258453.6769933
MLI,M5,cPTAC,Measure,CZ16,26.445,573838267.9435451
MLI,M5,cPVVG,Base,CZ16,26.445,602224845.6169403
MLI,M5,cPVVG,Measure,CZ16,26.445,549343241.9884713
OfS,M1,cDXGF,Base,CZ16,26.445,108635909.34690437
OfS,M1,cDXGF,Measure,CZ16,26.445,103889969.18815497
OfS,M1,cDXHP,Base,CZ16,26.445,108224744.30686682
OfS,M1,cDXHP,Measure,CZ16,26.445,103476222.03150614
OfS,M1,cPTAC,Base,CZ16,26.445,108635914.18684028
OfS,M1,cPTAC,Measure,CZ16,26.445,103889971.51816599
OfS,M1,cPVVG,Base,CZ16,26.445,90733513.62463006
OfS,M1,cPVVG,Measure,CZ16,26.445,88398582.49772684
OfS,M2,cDXGF,Base,CZ16,26.445,108948919.20178299
OfS,M2,cDXGF,Measure,CZ16,26.445,104176904.05363768
OfS,M2,cDXHP,Base,CZ16,26.445,108419470.44879058
OfS,M2,cDXHP,Measure,CZ16,26.445,103647531.25025016
OfS,M2,cPTAC,Base,CZ16,26.445,108948919.20179787
OfS,M2,cPTAC,Measure,CZ16,26.445,104176904.05238424
OfS,M2,cPVVG,Base,CZ16,26.445,90748646.46050145
OfS,M2,cPVVG,Measure,CZ16,26.445,88298875.52463208
OfS,M3,cDXGF,Base,CZ16,26.445,93054567.41605099
OfS,M3,cDXGF,Measure,CZ16,26.445,82097570.91115257
OfS,M3,cDXHP,Base,CZ16,26.445,92250284.82430664
OfS,M3,cDXHP,Measure,CZ16,26.445,81285549.64177485
OfS,M3,cPTAC,Base,CZ16,26.445,93054529.73450404
OfS,M3,cPTAC,Measure,CZ16,26.445,82097570.86307526
OfS,M3,cPVVG,Base,CZ16,26.445,91113495.90790604
OfS,M3,cPVVG,Measure,CZ16,26.445,80374808.41578104
OfS,M4,cDXGF,Base,CZ16,26.445,108938191.28120898
OfS,M4,cDXGF,Measure,CZ16,26.445,104191372.53900982
OfS,M4,cDXHP,Base,CZ16,26.445,108421695.00376442
OfS,M4,cDXHP,Measure,CZ16,26.445,103672659.99788618
OfS,M4,cPTAC,Base,CZ16,26.445,108938191.29683828
OfS,M4,cPTAC,Measure,CZ16,26.445,104191372.50362243
OfS,M4,cPVVG,Base,CZ16,26.445,91038044.57737173
OfS,M4,cPVVG,Measure,CZ16,26.445,88705127.4335294
OfS,M5,cDXGF,Base,CZ16,26.445,93332760.9821162
OfS,M5,cDXGF,Measure,CZ16,26.445,82311653.27282639
OfS,M5,cDXHP,Base,CZ16,26.445,92516102.0575965
OfS,M5,cDXHP,Measure,CZ16,26.445,81488964.80217944
OfS,M5,cPTAC,Base,CZ16,26.445,93332746.22296534
OfS,M5,cPTAC,Measure,CZ16,26.445,82311694.80636041
OfS,M5,cPVVG,Base,CZ16,26.445,91383677.11649936
OfS,M5,cPVVG,Measure,CZ16,26.445,80583896.25398177
RFF,M1,cDXGF,Base,CZ16,26.445,44512935.76549939
RFF,M1,cDXGF,Measure,CZ16,26.445,44479080.2465731
RFF,M1,cDXHP,Base,CZ16,26.445,44656455.13271817
RFF,M1,cDXHP,Measure,CZ16,26.445,44622054.53715345
RFF,M1,cPTAC,Base,CZ16,26.445,44512935.76196392
RFF,M1,cPTAC,Measure,CZ16,26.445,44479080.23955379
RFF,M1,cPVVG,Base,CZ16,26.445,41335561.06096114
RFF,M1,cPVVG,Measure,CZ16,26.445,41360659.971373506
RFF,M2,cDXGF,Base,CZ16,26.445,45029362.81552956
RFF,M2,cDXGF,Measure,CZ16,26.445,44975200.709921114
RFF,M2,cDXHP,Base,CZ16,26.445,45078800.487585165
RFF,M2,cDXHP,Measure,CZ16,26.445,45023368.65150068
RFF,M2,cPTAC,Base,CZ16,26.445,45029362.815524586
RFF,M2,cPTAC,Measure,CZ16,26.445,44975201.77578281
RFF,M2,cPVVG,Base,CZ16,26.445,41898814.231108956
RFF,M2,cPVVG,Measure,CZ16,26.445,41858010.95844922
RFF,M3,cDXGF,Base,CZ16,26.445,44001606.78354894
RFF,M3,cDXGF,Measure,CZ16,26.445,41205208.379984245
RFF,M3,cDXHP,Base,CZ16,26.445,43275564.23650936
RFF,M3,cDXHP,Measure,CZ16,26.445,40483382.92613448
RFF,M3,cPTAC,Base,CZ16,26.445,44001606.78586868
RFF,M3,cPTAC,Measure,CZ16,26.445,41205208.38542443
RFF,M3,cPVVG,Base,CZ16,26.445,43458266.27449436
RFF,M3,cPVVG,Measure,CZ16,26.445,40689310.02649907
RFF,M4,cDXGF,Base,CZ16,26.445,44568487.82564606
RFF,M4,cDXGF,Measure,CZ16,26.445,44534717.63377
RFF,M4,cDXHP,Base,CZ16,26.445,44712648.12431694
RFF,M4,cDXHP,Measure,CZ16,26.445,44678330.76648804
RFF,M4,cPTAC,Base,CZ16,26.445,44568487.76676578
RFF,M4,cPTAC,Measure,CZ16,26.445,44534717.49581518
RFF,M4,cPVVG,Base,CZ16,26.445,41380611.32518073
RFF,M4,cPVVG,Measure,CZ16,26.445,41405734.336026944
RFF,M5,cDXGF,Base,CZ16,26.445,43703120.24250472
RFF,M5,cDXGF,Measure,CZ16,26.445,40955296.97015483
RFF,M5,cDXHP,Base,CZ16,26.445,43010841.94949078
RFF,M5,cDXHP,Measure,CZ16,26.445,40262729.39257043
RFF,M5,cPTAC,Base,CZ16,26.445,43703120.29374519
RFF,M5,cPTAC,Measure,CZ16,26.445,40955297.02504876
RFF,M5,cPVVG,Base,CZ16,26.445,43154955.900092855
RFF,M5,cPVVG,Measure,CZ16,26.445,40435192.16505789
Rt3,M1,cDXGF,Base,CZ16,26.445,1535897705.42691
Rt3,M1,cDXGF,Measure,CZ16,26.445,1505457417.0967093
Rt3,M1,cDXHP,Base,CZ16,26.445,1544111409.0002186
Rt3,M1,cDXHP,Measure,CZ16,26.445,1513336259.0037587
Rt3,M1,cPTAC,Base,CZ16,26.445,1535896183.3804708
Rt3,M1,cPTAC,Measure,CZ16,26.445,1505457405.1462069
Rt3,M1,cPVVG,Base,CZ16,26.445,1390856340.6029956
Rt3,M1,cPVVG,Measure,CZ16,26.445,1387950647.6276662
Rt3,M2,cDXGF,Base,CZ16,26.445,1541557896.9050057
Rt3,M2,cDXGF,Measure,CZ16,26.445,1502864771.7284033
Rt3,M2,cDXHP,Base,CZ16,26.445,1543356141.3779554
Rt3,M2,cDXHP,Measure,CZ16,26.445,1504012213.1825473
Rt3,M2,cPTAC,Base,CZ16,26.445,1541557896.9152844
Rt3,M2,cPTAC,Measure,CZ16,26.445,1502864771.0769703
Rt3,M2,cPVVG,Base,CZ16,26.445,1399155197.8614461
Rt3,M2,cPVVG,Measure,CZ16,26.445,1375998639.2751396
Rt3,M3,cDXGF,Base,CZ16,26.445,1444377214.0525277
Rt3,M3,cDXGF,Measure,CZ16,26.445,1343443099.0260463
Rt3,M3,cDXHP,Base,CZ16,26.445,1408864481.252219
Rt3,M3,cDXHP,Measure,CZ16,26.445,1308198085.7425392
Rt3,M3,cPTAC,Base,CZ16,26.445,1444377210.75553
Rt3,M3,cPTAC,Measure,CZ16,26.445,1343443096.2022831
Rt3,M3,cPVVG,Base,CZ16,26.445,1426387109.9183269
Rt3,M3,cPVVG,Measure,CZ16,26.445,1326339520.3250382
Rt3,M4,cDXGF,Base,CZ16,26.445,1537801865.5067756
Rt3,M4,cDXGF,Measure,CZ16,26.445,1507363752.2351472
Rt3,M4,cDXHP,Base,CZ16,26.445,1546060280.543399
Rt3,M4,cDXHP,Measure,CZ16,26.445,1515286865.0412903
Rt3,M4,cPTAC,Base,CZ16,26.445,1537800346.054994
Rt3,M4,cPTAC,Measure,CZ16,26.445,1507363740.305595
Rt3,M4,cPVVG,Base,CZ16,26.445,1392623830.8703668
Rt3,M4,cPVVG,Measure,CZ16,26.445,1389721109.7300737
Rt3,M5,cDXGF,Base,CZ16,26.445,1437412578.0142257
Rt3,M5,cDXGF,Measure,CZ16,26.445,1337594626.870084
Rt3,M5,cDXHP,Base,CZ16,26.445,1414264289.7950342
Rt3,M5,cDXHP,Measure,CZ16,26.445,1312653064.863242
Rt3,M5,cPTAC,Base,CZ16,26.445,1437412557.0195148
Rt3,M5,cPTAC,Measure,CZ16,26.445,1337594608.793555
Rt3,M5,cPVVG,Base,CZ16,26.445,1419124054.0545921
Rt3,M5,cPVVG,Measure,CZ16,26.445,1320228354.9659934
RtL,M1,cDXGF,Base,CZ16,26.445,1584626719.7094636
RtL,M1,cDXGF,Measure,CZ16,26.445,1550012024.0125775
RtL,M1,cDXHP,Base,CZ16,26.445,1590466261.1361668
RtL,M1,cDXHP,Measure,CZ16,26.445,1555478333.382953
RtL,M1,cPTAC,Base,CZ16,26.445,1584626740.863613
RtL,M1,cPTAC,Measure,CZ16,26.445,1550012079.0491903
RtL,M1,cPVVG,Base,CZ16,26.445,1442544708.6047065
RtL,M1,cPVVG,Measure,CZ16,26.445,1436988463.816149
RtL,M2,cDXGF,Base,CZ16,26.445,1585280004.0082889
RtL,M2,cDXGF,Measure,CZ16,26.445,1543942915.3713586
RtL,M2,cDXHP,Base,CZ16,26.445,1584602163.6545599
RtL,M2,cDXHP,Measure,CZ16,26.445,1542699605.219417
RtL,M2,cPTAC,Base,CZ16,26.445,1585279916.790288
RtL,M2,cPTAC,Measure,CZ16,26.445,1543942915.4844244
RtL,M2,cPVVG,Base,CZ16,26.445,1446044727.347925
RtL,M2,cPVVG,Measure,CZ16,26.445,1420872046.8133545
RtL,M3,cDXGF,Base,CZ16,26.445,1504598791.0120168
RtL,M3,cDXGF,Measure,CZ16,26.445,1397287278.6192765
RtL,M3,cDXHP,Base,CZ16,26.445,1467190897.9308612
RtL,M3,cDXHP,Measure,CZ16,26.445,1360156626.8219774
RtL,M3,cPTAC,Base,CZ16,26.445,1504599587.4087672
RtL,M3,cPTAC,Measure,CZ16,26.445,1397287981.39527
RtL,M3,cPVVG,Base,CZ16,26.445,1485905201.8423774
RtL,M3,cPVVG,Measure,CZ16,26.445,1379494010.6415458
RtL,M4,cDXGF,Base,CZ16,26.445,1586782073.1161902
RtL,M4,cDXGF,Measure,CZ16,26.445,1552249927.7814438
RtL,M4,cDXHP,Base,CZ16,26.445,1592595463.4974217
RtL,M4,cDXHP,Measure,CZ16,26.445,1557689236.6113446
RtL,M4,cPTAC,Base,CZ16,26.445,1586782088.6462808
RtL,M4,cPTAC,Measure,CZ16,26.445,1552249981.2674
RtL,M4,cPVVG,Base,CZ16,26.445,1444784836.939918
RtL,M4,cPVVG,Measure,CZ16,26.445,1439261880.9058263
RtL,M5,cDXGF,Base,CZ16,26.445,1501450326.0888088
RtL,M5,cDXGF,Measure,CZ16,26.445,1394673776.5881312
RtL,M5,cDXHP,Base,CZ16,26.445,1473821881.121181
RtL,M5,cDXHP,Measure,CZ16,26.445,1365663471.727194
RtL,M5,cPTAC,Base,CZ16,26.445,1501450325.8762307
RtL,M5,cPTAC,Measure,CZ16,26.445,1394673776.3245738
RtL,M5,cPVVG,Base,CZ16,26.445,1482530671.3507628
RtL,M5,cPVVG,Measure,CZ16,26.445,1376689971.9963384
RtS,M1,cDXGF,Base,CZ16,26.445,99615084.68771546
RtS,M1,cDXGF,Measure,CZ16,26.445,98009579.322727
RtS,M1,cDXHP,Base,CZ16,26.445,100221629.50310963
RtS,M1,cDXHP,Measure,CZ16,26.445,98601032.60476787
RtS,M1,cPTAC,Base,CZ16,26.445,99615084.65295795
RtS,M1,cPTAC,Measure,CZ16,26.445,98009575.81022422
RtS,M1,cPVVG,Base,CZ16,26.445,90222010.5052218
RtS,M1,cPVVG,Measure,CZ16,26.445,90174270.74762405
RtS,M2,cDXGF,Base,CZ16,26.445,99699457.60974212
RtS,M2,cDXGF,Measure,CZ16,26.445,97780915.26846412
RtS,M2,cDXHP,Base,CZ16,26.445,100012909.03567079
RtS,M2,cDXHP,Measure,CZ16,26.445,98064869.45883411
RtS,M2,cPTAC,Base,CZ16,26.445,99699457.60977916
RtS,M2,cPTAC,Measure,CZ16,26.445,97780915.27033678
RtS,M2,cPVVG,Base,CZ16,26.445,90429867.12407264
RtS,M2,cPVVG,Measure,CZ16,26.445,89396092.2745192
RtS,M3,cDXGF,Base,CZ16,26.445,95948128.4629977
RtS,M3,cDXGF,Measure,CZ16,26.445,88054246.22066174
RtS,M3,cDXHP,Base,CZ16,26.445,93469711.4421557
RtS,M3,cDXHP,Measure,CZ16,26.445,85587449.55561893
RtS,M3,cPTAC,Base,CZ16,26.445,95948128.45539358
RtS,M3,cPTAC,Measure,CZ16,26.445,88054245.97736838
RtS,M3,cPVVG,Base,CZ16,26.445,94311280.53970726
RtS,M3,cPVVG,Measure,CZ16,26.445,86503331.18519643
RtS,M4,cDXGF,Base,CZ16,26.445,99751454.41984186
RtS,M4,cDXGF,Measure,CZ16,26.445,98146145.85103153
RtS,M4,cDXHP,Base,CZ16,26.445,100361340.88891856
RtS,M4,cDXHP,Measure,CZ16,26.445,98740891.53192249
RtS,M4,cPTAC,Base,CZ16,26.445,99751454.38499552
RtS,M4,cPTAC,Measure,CZ16,26.445,98146142.5146055
RtS,M4,cPVVG,Base,CZ16,26.445,90351200.80850008
RtS,M4,cPVVG,Measure,CZ16,26.445,90303618.09224094
RtS,M5,cDXGF,Base,CZ16,26.445,96331942.34169157
RtS,M5,cDXGF,Measure,CZ16,26.445,88380938.73538691
RtS,M5,cDXHP,Base,CZ16,26.445,94041659.01596124
RtS,M5,cDXHP,Measure,CZ16,26.445,86063730.67097984
RtS,M5,cPTAC,Base,CZ16,26.445,96331968.49585582
RtS,M5,cPTAC,Measure,CZ16,26.445,88380925.27993077
RtS,M5,cPVVG,Base,CZ16,26.445,94662003.76238148
RtS,M5,cPVVG,Measure,CZ16,26.445,86801489.60268632
SCn,M1,cDXGF,Base,CZ16,26.445,1581096636.8612788
SCn,M1,cDXGF,Measure,CZ16,26.445,1409266457.5162652
SCn,M1,cDXHP,Base,CZ16,26.445,1598311254.6149075
SCn,M1,cDXHP,Measure,CZ16,26.445,1426508129.2318907
SCn,M1,cPTAC,Base,CZ16,26.445,1581095838.451298
SCn,M1,cPTAC,Measure,CZ16,26.445,1409266070.8378341
SCn,M1,cPVVG,Base,CZ16,26.445,1202403836.1967018
SCn,M1,cPVVG,Measure,CZ16,26.445,1179763626.739016
SCn,M2,cDXGF,Base,CZ16,26.445,1591588595.2799332
SCn,M2,cDXGF,Measure,CZ16,26.445,1397116086.6990163
SCn,M2,cDXHP,Base,CZ16,26.445,1602304334.0425513
SCn,M2,cDXHP,Measure,CZ16,26.445,1406014182.46152
SCn,M2,cPTAC,Base,CZ16,26.445,1591588595.2799482
SCn,M2,cPTAC,Measure,CZ16,26.445,1397116086.5951772
SCn,M2,cPVVG,Base,CZ16,26.445,1204798622.6027086
SCn,M2,cPVVG,Measure,CZ16,26.445,1179271911.2139442
SCn,M3,cDXGF,Base,CZ16,26.445,1474130546.9942238
SCn,M3,cDXGF,Measure,CZ16,26.445,1341087094.968587
SCn,M3,cDXHP,Base,CZ16,26.445,1430660685.8301473
SCn,M3,cDXHP,Measure,CZ16,26.445,1295781269.0745108
SCn,M3,cPTAC,Base,CZ16,26.445,1474130545.4386833
SCn,M3,cPTAC,Measure,CZ16,26.445,1341087093.6521187
SCn,M3,cPVVG,Base,CZ16,26.445,1295259277.2494464
SCn,M3,cPVVG,Measure,CZ16,26.445,1177500552.8676724
SCn,M4,cDXGF,Base,CZ16,26.445,1582473064.2935648
SCn,M4,cDXGF,Measure,CZ16,26.445,1410626994.5819921
SCn,M4,cDXHP,Base,CZ16,26.445,1599711544.874365
SCn,M4,cDXHP,Measure,CZ16,26.445,1427912349.0381486
SCn,M4,cPTAC,Base,CZ16,26.445,1582472263.381109
SCn,M4,cPTAC,Measure,CZ16,26.445,1410626606.6088197
SCn,M4,cPVVG,Base,CZ16,26.445,1202640764.8185823
SCn,M4,cPVVG,Measure,CZ16,26.445,1180035943.46575
SCn,M5,cDXGF,Base,CZ16,26.445,1494939371.1506128
SCn,M5,cDXGF,Measure,CZ16,26.445,1358624909.919871
SCn,M5,cDXHP,Base,CZ16,26.445,1510961758.6036677
SCn,M5,cDXHP,Measure,CZ16,26.445,1362505027.7020695
SCn,M5,cPTAC,Base,CZ16,26.445,1494939086.71253
SCn,M5,cPTAC,Measure,CZ16,26.445,1358624669.122451
SCn,M5,cPVVG,Base,CZ16,26.445,1297019091.4525552
SCn,M5,cPVVG,Measure,CZ16,26.445,1178997232.1675906
