File Name,Net Site EUI (kWh/m2),Net Site Energy (kWh),Net Source EUI (kWh/m2),Net Source Energy (kWh)
CZ01/Asm&0&rDXHP&New&HV_AirDist__SupFanMtr/NE-HVAC-FanBelt-VBelt-Std/instance-out.sql,81.89,517367.74,264.71,1672431.76
CZ01/Asm&0&rDXHP&New&HV_AirDist__SupFanMtr/NE-HVAC-FanBelt-CoggedVBelt-Msr/instance-out.sql,81.44,514570.47,263.23,1663088.88
CZ01/Asm&0&rDXHP&New&HV_AirDist__SupFanMtr/NE-HVAC-FanBelt-SynchVBelt-Msr/instance-out.sql,80.81,510571.99,261.12,1649733.96
CZ01/ECC&0&rDXHP&New&HV_AirDist__SupFanMtr/NE-HVAC-FanBelt-VBelt-Std/instance-out.sql,81.73,2157871.22,224.22,5919902.67
CZ01/ECC&0&rDXHP&New&HV_AirDist__SupFanMtr/NE-HVAC-FanBelt-CoggedVBelt-Msr/instance-out.sql,81.50,2151856.66,223.46,5899813.42
CZ01/ECC&0&rDXHP&New&HV_AirDist__SupFanMtr/NE-HVAC-FanBelt-SynchVBelt-Msr/instance-out.sql,81.16,2142873.14,222.32,5869868.02
CZ01/EPr&0&rDXHP&New&HV_AirDist__SupFanMtr/NE-HVAC-FanBelt-VBelt-Std/instance-out.sql,87.40,330841.28,209.35,792467.32
CZ01/EPr&0&rDXHP&New&HV_AirDist__SupFanMtr/NE-HVAC-FanBelt-CoggedVBelt-Msr/instance-out.sql,87.18,330010.49,208.62,789692.48
CZ01/EPr&0&rDXHP&New&HV_AirDist__SupFanMtr/NE-HVAC-FanBelt-SynchVBelt-Msr/instance-out.sql,86.90,328961.47,207.69,786188.74
CZ01/ERC&0&rDXHP&New&HV_AirDist__SupFanMtr/NE-HVAC-FanBelt-VBelt-Std/instance-out.sql,61.82,16562.20,124.53,33361.40
CZ01/ERC&0&rDXHP&New&HV_AirDist__SupFanMtr/NE-HVAC-FanBelt-CoggedVBelt-Msr/instance-out.sql,61.69,16526.47,124.09,33242.06
CZ01/ERC&0&rDXHP&New&HV_AirDist__SupFanMtr/NE-HVAC-FanBelt-SynchVBelt-Msr/instance-out.sql,61.50,16474.19,123.43,33067.43
CZ01/ESe&0&rDXHP&New&HV_AirDist__SupFanMtr/NE-HVAC-FanBelt-VBelt-Std/instance-out.sql,160.66,1110542.91,348.37,2408002.74
CZ01/ESe&0&rDXHP&New&HV_AirDist__SupFanMtr/NE-HVAC-FanBelt-CoggedVBelt-Msr/instance-out.sql,160.53,1109641.83,347.93,2404956.15
CZ01/ESe&0&rDXHP&New&HV_AirDist__SupFanMtr/NE-HVAC-FanBelt-SynchVBelt-Msr/instance-out.sql,160.35,1108360.31,347.30,2400623.18
CZ01/EUn&0&rDXHP&New&HV_AirDist__SupFanMtr/NE-HVAC-FanBelt-VBelt-Std/instance-out.sql,85.00,6773497.64,256.23,20419351.83
CZ01/EUn&0&rDXHP&New&HV_AirDist__SupFanMtr/NE-HVAC-FanBelt-CoggedVBelt-Msr/instance-out.sql,84.73,6752508.74,255.35,20349242.36
CZ01/EUn&0&rDXHP&New&HV_AirDist__SupFanMtr/NE-HVAC-FanBelt-SynchVBelt-Msr/instance-out.sql,84.36,6722556.81,254.10,20249193.69
CZ01/Hsp&0&rDXHP&New&HV_AirDist__SupFanMtr/NE-HVAC-FanBelt-VBelt-Std/instance-out.sql,62.91,2887460.90,181.06,8310588.18
CZ01/Hsp&0&rDXHP&New&HV_AirDist__SupFanMtr/NE-HVAC-FanBelt-CoggedVBelt-Msr/instance-out.sql,62.82,2883277.10,180.75,8296275.98
CZ01/Hsp&0&rDXHP&New&HV_AirDist__SupFanMtr/NE-HVAC-FanBelt-SynchVBelt-Msr/instance-out.sql,62.69,2877344.58,180.31,8275890.07
CZ01/MBT&0&rDXHP&New&HV_AirDist__SupFanMtr/NE-HVAC-FanBelt-VBelt-Std/instance-out.sql,210.55,7823336.37,394.00,14639681.07
CZ01/MBT&0&rDXHP&New&HV_AirDist__SupFanMtr/NE-HVAC-FanBelt-CoggedVBelt-Msr/instance-out.sql,210.45,7819718.72,393.67,14627186.15
CZ01/MBT&0&rDXHP&New&HV_AirDist__SupFanMtr/NE-HVAC-FanBelt-SynchVBelt-Msr/instance-out.sql,210.32,7814559.72,393.19,14609367.20
CZ01/MLI&0&rDXHP&New&HV_AirDist__SupFanMtr/NE-HVAC-FanBelt-VBelt-Std/instance-out.sql,86.75,806091.48,276.67,2570733.48
CZ01/MLI&0&rDXHP&New&HV_AirDist__SupFanMtr/NE-HVAC-FanBelt-CoggedVBelt-Msr/instance-out.sql,86.19,800850.15,274.79,2553227.41
CZ01/MLI&0&rDXHP&New&HV_AirDist__SupFanMtr/NE-HVAC-FanBelt-SynchVBelt-Msr/instance-out.sql,85.39,793382.22,272.10,2528284.54
CZ01/Mtl&0&rDXHP&New&HV_AirDist__SupFanMtr/NE-HVAC-FanBelt-VBelt-Std/instance-out.sql,46.11,128456.16,145.93,406528.04
CZ01/Mtl&0&rDXHP&New&HV_AirDist__SupFanMtr/NE-HVAC-FanBelt-CoggedVBelt-Msr/instance-out.sql,45.82,127638.99,144.95,403792.58
CZ01/Mtl&0&rDXHP&New&HV_AirDist__SupFanMtr/NE-HVAC-FanBelt-SynchVBelt-Msr/instance-out.sql,45.40,126474.67,143.55,399895.54
CZ01/Nrs&0&rDXHP&New&HV_AirDist__SupFanMtr/NE-HVAC-FanBelt-VBelt-Std/instance-out.sql,74.88,772121.78,194.07,2001321.67
CZ01/Nrs&0&rDXHP&New&HV_AirDist__SupFanMtr/NE-HVAC-FanBelt-CoggedVBelt-Msr/instance-out.sql,74.76,770943.02,193.67,1997108.89
CZ01/Nrs&0&rDXHP&New&HV_AirDist__SupFanMtr/NE-HVAC-FanBelt-SynchVBelt-Msr/instance-out.sql,74.59,769195.24,193.07,1990977.98
CZ01/OfL&0&rDXHP&New&HV_AirDist__SupFanMtr/NE-HVAC-FanBelt-VBelt-Std/instance-out.sql,55.87,1816400.96,174.43,5670413.12
CZ01/OfL&0&rDXHP&New&HV_AirDist__SupFanMtr/NE-HVAC-FanBelt-CoggedVBelt-Msr/instance-out.sql,55.58,1806869.71,173.45,5638516.86
CZ01/OfL&0&rDXHP&New&HV_AirDist__SupFanMtr/NE-HVAC-FanBelt-SynchVBelt-Msr/instance-out.sql,55.16,1793229.16,172.05,5592957.43
CZ01/OfS&0&rDXHP&New&HV_AirDist__SupFanMtr/NE-HVAC-FanBelt-VBelt-Std/instance-out.sql,52.61,97771.53,146.09,271516.00
CZ01/OfS&0&rDXHP&New&HV_AirDist__SupFanMtr/NE-HVAC-FanBelt-CoggedVBelt-Msr/instance-out.sql,52.36,97309.83,145.27,269973.91
CZ01/OfS&0&rDXHP&New&HV_AirDist__SupFanMtr/NE-HVAC-FanBelt-SynchVBelt-Msr/instance-out.sql,52.01,96651.55,144.08,267775.27
CZ01/RFF&0&rDXHP&New&HV_AirDist__SupFanMtr/NE-HVAC-FanBelt-VBelt-Std/instance-out.sql,238.21,88437.29,503.55,186948.49
CZ01/RFF&0&rDXHP&New&HV_AirDist__SupFanMtr/NE-HVAC-FanBelt-CoggedVBelt-Msr/instance-out.sql,237.89,88317.21,502.47,186547.39
CZ01/RFF&0&rDXHP&New&HV_AirDist__SupFanMtr/NE-HVAC-FanBelt-SynchVBelt-Msr/instance-out.sql,237.42,88145.84,500.93,185974.95
CZ01/RSD&0&rDXHP&New&HV_AirDist__SupFanMtr/NE-HVAC-FanBelt-VBelt-Std/instance-out.sql,225.48,234722.30,429.58,447185.33
CZ01/RSD&0&rDXHP&New&HV_AirDist__SupFanMtr/NE-HVAC-FanBelt-CoggedVBelt-Msr/instance-out.sql,225.41,234653.44,429.35,446947.10
CZ01/RSD&0&rDXHP&New&HV_AirDist__SupFanMtr/NE-HVAC-FanBelt-SynchVBelt-Msr/instance-out.sql,225.32,234555.46,429.02,446607.56
CZ01/Rt3&0&rDXHP&New&HV_AirDist__SupFanMtr/NE-HVAC-FanBelt-VBelt-Std/instance-out.sql,65.47,1459810.85,198.29,4421302.08
CZ01/Rt3&0&rDXHP&New&HV_AirDist__SupFanMtr/NE-HVAC-FanBelt-CoggedVBelt-Msr/instance-out.sql,65.17,1453104.49,197.29,4398858.14
CZ01/Rt3&0&rDXHP&New&HV_AirDist__SupFanMtr/NE-HVAC-FanBelt-SynchVBelt-Msr/instance-out.sql,64.74,1443545.52,195.85,4366868.55
CZ01/RtL&0&rDXHP&New&HV_AirDist__SupFanMtr/NE-HVAC-FanBelt-VBelt-Std/instance-out.sql,122.66,1487096.24,375.63,4554128.24
CZ01/RtL&0&rDXHP&New&HV_AirDist__SupFanMtr/NE-HVAC-FanBelt-CoggedVBelt-Msr/instance-out.sql,122.08,1480037.82,373.68,4530553.10
CZ01/RtL&0&rDXHP&New&HV_AirDist__SupFanMtr/NE-HVAC-FanBelt-SynchVBelt-Msr/instance-out.sql,121.24,1469968.69,370.91,4496922.22
CZ01/RtS&0&rDXHP&New&HV_AirDist__SupFanMtr/NE-HVAC-FanBelt-VBelt-Std/instance-out.sql,61.90,92020.78,181.01,269100.81
CZ01/RtS&0&rDXHP&New&HV_AirDist__SupFanMtr/NE-HVAC-FanBelt-CoggedVBelt-Msr/instance-out.sql,61.67,91690.26,180.26,267996.89
CZ01/RtS&0&rDXHP&New&HV_AirDist__SupFanMtr/NE-HVAC-FanBelt-SynchVBelt-Msr/instance-out.sql,61.36,91218.93,179.20,266422.62
CZ01/SCn&0&rDXHP&New&HV_AirDist__SupFanMtr/NE-HVAC-FanBelt-VBelt-Std/instance-out.sql,53.73,2495987.75,174.87,8122805.17
CZ01/SCn&0&rDXHP&New&HV_AirDist__SupFanMtr/NE-HVAC-FanBelt-CoggedVBelt-Msr/instance-out.sql,53.42,2481365.32,173.82,8073966.23
CZ01/SCn&0&rDXHP&New&HV_AirDist__SupFanMtr/NE-HVAC-FanBelt-SynchVBelt-Msr/instance-out.sql,52.97,2460284.78,172.30,8003557.24
CZ02/Asm&0&rDXHP&New&HV_AirDist__SupFanMtr/NE-HVAC-FanBelt-VBelt-Std/instance-out.sql,89.47,565287.16,290.48,1835242.32
CZ02/Asm&0&rDXHP&New&HV_AirDist__SupFanMtr/NE-HVAC-FanBelt-CoggedVBelt-Msr/instance-out.sql,88.93,561866.14,288.67,1823814.56
CZ02/Asm&0&rDXHP&New&HV_AirDist__SupFanMtr/NE-HVAC-FanBelt-SynchVBelt-Msr/instance-out.sql,88.16,556982.69,286.09,1807503.85
CZ02/ECC&0&rDXHP&New&HV_AirDist__SupFanMtr/NE-HVAC-FanBelt-VBelt-Std/instance-out.sql,88.17,2327854.03,248.38,6557829.36
CZ02/ECC&0&rDXHP&New&HV_AirDist__SupFanMtr/NE-HVAC-FanBelt-CoggedVBelt-Msr/instance-out.sql,87.87,2320068.25,247.39,6531791.81
CZ02/ECC&0&rDXHP&New&HV_AirDist__SupFanMtr/NE-HVAC-FanBelt-SynchVBelt-Msr/instance-out.sql,87.44,2308683.87,245.95,6493783.52
CZ02/EPr&0&rDXHP&New&HV_AirDist__SupFanMtr/NE-HVAC-FanBelt-VBelt-Std/instance-out.sql,90.30,341814.79,222.66,842860.10
CZ02/EPr&0&rDXHP&New&HV_AirDist__SupFanMtr/NE-HVAC-FanBelt-CoggedVBelt-Msr/instance-out.sql,90.04,340836.48,221.80,839592.53
CZ02/EPr&0&rDXHP&New&HV_AirDist__SupFanMtr/NE-HVAC-FanBelt-SynchVBelt-Msr/instance-out.sql,89.67,339438.59,220.57,834923.59
CZ02/ERC&0&rDXHP&New&HV_AirDist__SupFanMtr/NE-HVAC-FanBelt-VBelt-Std/instance-out.sql,62.39,16713.58,128.28,34365.64
CZ02/ERC&0&rDXHP&New&HV_AirDist__SupFanMtr/NE-HVAC-FanBelt-CoggedVBelt-Msr/instance-out.sql,62.21,16665.03,127.68,34203.47
CZ02/ERC&0&rDXHP&New&HV_AirDist__SupFanMtr/NE-HVAC-FanBelt-SynchVBelt-Msr/instance-out.sql,61.95,16595.24,126.81,33970.38
CZ02/ESe&0&rDXHP&New&HV_AirDist__SupFanMtr/NE-HVAC-FanBelt-VBelt-Std/instance-out.sql,171.72,1186948.51,401.67,2776410.90
CZ02/ESe&0&rDXHP&New&HV_AirDist__SupFanMtr/NE-HVAC-FanBelt-CoggedVBelt-Msr/instance-out.sql,171.53,1185681.08,401.05,2772130.90
CZ02/ESe&0&rDXHP&New&HV_AirDist__SupFanMtr/NE-HVAC-FanBelt-SynchVBelt-Msr/instance-out.sql,171.27,1183864.46,400.17,2766045.73
CZ02/EUn&0&rDXHP&New&HV_AirDist__SupFanMtr/NE-HVAC-FanBelt-VBelt-Std/instance-out.sql,90.04,7175061.85,274.68,21889713.31
CZ02/EUn&0&rDXHP&New&HV_AirDist__SupFanMtr/NE-HVAC-FanBelt-CoggedVBelt-Msr/instance-out.sql,89.73,7151057.69,273.68,21809535.32
CZ02/EUn&0&rDXHP&New&HV_AirDist__SupFanMtr/NE-HVAC-FanBelt-SynchVBelt-Msr/instance-out.sql,89.30,7116780.68,272.24,21695044.75
CZ02/Hsp&0&rDXHP&New&HV_AirDist__SupFanMtr/NE-HVAC-FanBelt-VBelt-Std/instance-out.sql,78.21,3590009.02,222.61,10217468.76
CZ02/Hsp&0&rDXHP&New&HV_AirDist__SupFanMtr/NE-HVAC-FanBelt-CoggedVBelt-Msr/instance-out.sql,78.10,3584716.99,222.21,10199366.12
CZ02/Hsp&0&rDXHP&New&HV_AirDist__SupFanMtr/NE-HVAC-FanBelt-SynchVBelt-Msr/instance-out.sql,77.93,3577058.80,221.65,10173372.93
CZ02/MBT&0&rDXHP&New&HV_AirDist__SupFanMtr/NE-HVAC-FanBelt-VBelt-Std/instance-out.sql,190.97,7095762.66,385.43,14321146.48
CZ02/MBT&0&rDXHP&New&HV_AirDist__SupFanMtr/NE-HVAC-FanBelt-CoggedVBelt-Msr/instance-out.sql,190.85,7091145.80,385.01,14305441.86
CZ02/MBT&0&rDXHP&New&HV_AirDist__SupFanMtr/NE-HVAC-FanBelt-SynchVBelt-Msr/instance-out.sql,190.67,7084558.76,384.40,14283035.69
CZ02/MLI&0&rDXHP&New&HV_AirDist__SupFanMtr/NE-HVAC-FanBelt-VBelt-Std/instance-out.sql,92.09,855689.83,295.29,2743690.27
CZ02/MLI&0&rDXHP&New&HV_AirDist__SupFanMtr/NE-HVAC-FanBelt-CoggedVBelt-Msr/instance-out.sql,91.43,849516.74,293.07,2723072.14
CZ02/MLI&0&rDXHP&New&HV_AirDist__SupFanMtr/NE-HVAC-FanBelt-SynchVBelt-Msr/instance-out.sql,90.48,840710.42,289.90,2693659.04
CZ02/Mtl&0&rDXHP&New&HV_AirDist__SupFanMtr/NE-HVAC-FanBelt-VBelt-Std/instance-out.sql,53.16,148083.88,170.15,474016.64
CZ02/Mtl&0&rDXHP&New&HV_AirDist__SupFanMtr/NE-HVAC-FanBelt-CoggedVBelt-Msr/instance-out.sql,52.78,147045.30,168.91,470544.06
CZ02/Mtl&0&rDXHP&New&HV_AirDist__SupFanMtr/NE-HVAC-FanBelt-SynchVBelt-Msr/instance-out.sql,52.25,145562.32,167.13,465584.61
CZ02/Nrs&0&rDXHP&New&HV_AirDist__SupFanMtr/NE-HVAC-FanBelt-VBelt-Std/instance-out.sql,75.93,783008.59,205.46,2118699.67
CZ02/Nrs&0&rDXHP&New&HV_AirDist__SupFanMtr/NE-HVAC-FanBelt-CoggedVBelt-Msr/instance-out.sql,75.78,781458.72,204.95,2113480.94
CZ02/Nrs&0&rDXHP&New&HV_AirDist__SupFanMtr/NE-HVAC-FanBelt-SynchVBelt-Msr/instance-out.sql,75.57,779257.98,204.23,2106005.66
CZ02/OfL&0&rDXHP&New&HV_AirDist__SupFanMtr/NE-HVAC-FanBelt-VBelt-Std/instance-out.sql,61.70,2005846.14,195.13,6343443.28
CZ02/OfL&0&rDXHP&New&HV_AirDist__SupFanMtr/NE-HVAC-FanBelt-CoggedVBelt-Msr/instance-out.sql,61.36,1994845.88,194.00,6306645.11
CZ02/OfL&0&rDXHP&New&HV_AirDist__SupFanMtr/NE-HVAC-FanBelt-SynchVBelt-Msr/instance-out.sql,60.88,1979082.07,192.38,6254087.27
CZ02/OfS&0&rDXHP&New&HV_AirDist__SupFanMtr/NE-HVAC-FanBelt-VBelt-Std/instance-out.sql,57.00,105941.71,162.42,301854.25
CZ02/OfS&0&rDXHP&New&HV_AirDist__SupFanMtr/NE-HVAC-FanBelt-CoggedVBelt-Msr/instance-out.sql,56.67,105327.27,161.31,299802.02
CZ02/OfS&0&rDXHP&New&HV_AirDist__SupFanMtr/NE-HVAC-FanBelt-SynchVBelt-Msr/instance-out.sql,56.20,104446.45,159.73,296860.08
CZ02/RFF&0&rDXHP&New&HV_AirDist__SupFanMtr/NE-HVAC-FanBelt-VBelt-Std/instance-out.sql,264.63,98244.83,596.44,221432.54
CZ02/RFF&0&rDXHP&New&HV_AirDist__SupFanMtr/NE-HVAC-FanBelt-CoggedVBelt-Msr/instance-out.sql,264.07,98037.66,594.57,220740.06
CZ02/RFF&0&rDXHP&New&HV_AirDist__SupFanMtr/NE-HVAC-FanBelt-SynchVBelt-Msr/instance-out.sql,263.27,97742.36,591.91,219752.96
CZ02/RSD&0&rDXHP&New&HV_AirDist__SupFanMtr/NE-HVAC-FanBelt-VBelt-Std/instance-out.sql,221.88,230978.61,445.49,463745.57
CZ02/RSD&0&rDXHP&New&HV_AirDist__SupFanMtr/NE-HVAC-FanBelt-CoggedVBelt-Msr/instance-out.sql,221.80,230887.93,445.19,463437.71
CZ02/RSD&0&rDXHP&New&HV_AirDist__SupFanMtr/NE-HVAC-FanBelt-SynchVBelt-Msr/instance-out.sql,221.67,230758.41,444.77,462997.84
CZ02/Rt3&0&rDXHP&New&HV_AirDist__SupFanMtr/NE-HVAC-FanBelt-VBelt-Std/instance-out.sql,78.81,1757103.63,243.87,5437444.80
CZ02/Rt3&0&rDXHP&New&HV_AirDist__SupFanMtr/NE-HVAC-FanBelt-CoggedVBelt-Msr/instance-out.sql,78.35,1747029.42,242.36,5403783.32
CZ02/Rt3&0&rDXHP&New&HV_AirDist__SupFanMtr/NE-HVAC-FanBelt-SynchVBelt-Msr/instance-out.sql,77.71,1732659.81,240.20,5355756.17
CZ02/RtL&0&rDXHP&New&HV_AirDist__SupFanMtr/NE-HVAC-FanBelt-VBelt-Std/instance-out.sql,132.15,1602157.90,409.02,4958993.32
CZ02/RtL&0&rDXHP&New&HV_AirDist__SupFanMtr/NE-HVAC-FanBelt-CoggedVBelt-Msr/instance-out.sql,131.48,1594091.91,406.80,4932052.86
CZ02/RtL&0&rDXHP&New&HV_AirDist__SupFanMtr/NE-HVAC-FanBelt-SynchVBelt-Msr/instance-out.sql,130.53,1582577.21,403.63,4893593.76
CZ02/RtS&0&rDXHP&New&HV_AirDist__SupFanMtr/NE-HVAC-FanBelt-VBelt-Std/instance-out.sql,76.09,113126.13,229.52,341225.10
CZ02/RtS&0&rDXHP&New&HV_AirDist__SupFanMtr/NE-HVAC-FanBelt-CoggedVBelt-Msr/instance-out.sql,75.67,112503.04,228.12,339143.99
CZ02/RtS&0&rDXHP&New&HV_AirDist__SupFanMtr/NE-HVAC-FanBelt-SynchVBelt-Msr/instance-out.sql,75.07,111611.92,226.12,336167.65
CZ02/SCn&0&rDXHP&New&HV_AirDist__SupFanMtr/NE-HVAC-FanBelt-VBelt-Std/instance-out.sql,54.80,2545454.89,178.72,8301475.92
CZ02/SCn&0&rDXHP&New&HV_AirDist__SupFanMtr/NE-HVAC-FanBelt-CoggedVBelt-Msr/instance-out.sql,54.40,2526751.26,177.37,8239005.80
CZ02/SCn&0&rDXHP&New&HV_AirDist__SupFanMtr/NE-HVAC-FanBelt-SynchVBelt-Msr/instance-out.sql,53.82,2499760.37,175.43,8148856.22
CZ03/Asm&0&rDXHP&New&HV_AirDist__SupFanMtr/NE-HVAC-FanBelt-VBelt-Std/instance-out.sql,78.28,494560.47,253.16,1599471.79
CZ03/Asm&0&rDXHP&New&HV_AirDist__SupFanMtr/NE-HVAC-FanBelt-CoggedVBelt-Msr/instance-out.sql,77.76,491261.09,251.42,1588451.88
CZ03/Asm&0&rDXHP&New&HV_AirDist__SupFanMtr/NE-HVAC-FanBelt-SynchVBelt-Msr/instance-out.sql,77.01,486554.53,248.93,1572731.96
CZ03/ECC&0&rDXHP&New&HV_AirDist__SupFanMtr/NE-HVAC-FanBelt-VBelt-Std/instance-out.sql,82.71,2183679.82,230.72,6091543.17
CZ03/ECC&0&rDXHP&New&HV_AirDist__SupFanMtr/NE-HVAC-FanBelt-CoggedVBelt-Msr/instance-out.sql,82.44,2176526.32,229.81,6067621.44
CZ03/ECC&0&rDXHP&New&HV_AirDist__SupFanMtr/NE-HVAC-FanBelt-SynchVBelt-Msr/instance-out.sql,82.03,2165754.44,228.45,6031664.76
CZ03/EPr&0&rDXHP&New&HV_AirDist__SupFanMtr/NE-HVAC-FanBelt-VBelt-Std/instance-out.sql,85.47,323525.19,207.08,783859.08
CZ03/EPr&0&rDXHP&New&HV_AirDist__SupFanMtr/NE-HVAC-FanBelt-CoggedVBelt-Msr/instance-out.sql,85.22,322580.57,206.24,780704.04
CZ03/EPr&0&rDXHP&New&HV_AirDist__SupFanMtr/NE-HVAC-FanBelt-SynchVBelt-Msr/instance-out.sql,84.86,321228.70,205.05,776188.80
CZ03/ERC&0&rDXHP&New&HV_AirDist__SupFanMtr/NE-HVAC-FanBelt-VBelt-Std/instance-out.sql,59.53,15947.98,119.02,31883.79
CZ03/ERC&0&rDXHP&New&HV_AirDist__SupFanMtr/NE-HVAC-FanBelt-CoggedVBelt-Msr/instance-out.sql,59.36,15901.65,118.44,31729.02
CZ03/ERC&0&rDXHP&New&HV_AirDist__SupFanMtr/NE-HVAC-FanBelt-SynchVBelt-Msr/instance-out.sql,59.11,15835.12,117.61,31506.81
CZ03/ESe&0&rDXHP&New&HV_AirDist__SupFanMtr/NE-HVAC-FanBelt-VBelt-Std/instance-out.sql,152.68,1055351.12,360.21,2489845.61
CZ03/ESe&0&rDXHP&New&HV_AirDist__SupFanMtr/NE-HVAC-FanBelt-CoggedVBelt-Msr/instance-out.sql,152.51,1054175.31,359.64,2485881.45
CZ03/ESe&0&rDXHP&New&HV_AirDist__SupFanMtr/NE-HVAC-FanBelt-SynchVBelt-Msr/instance-out.sql,152.27,1052499.61,358.82,2480266.09
CZ03/EUn&0&rDXHP&New&HV_AirDist__SupFanMtr/NE-HVAC-FanBelt-VBelt-Std/instance-out.sql,85.76,6834608.02,260.69,20774975.19
CZ03/EUn&0&rDXHP&New&HV_AirDist__SupFanMtr/NE-HVAC-FanBelt-CoggedVBelt-Msr/instance-out.sql,85.47,6811096.87,259.71,20696446.10
CZ03/EUn&0&rDXHP&New&HV_AirDist__SupFanMtr/NE-HVAC-FanBelt-SynchVBelt-Msr/instance-out.sql,85.05,6777530.32,258.30,20584331.38
CZ03/Hsp&0&rDXHP&New&HV_AirDist__SupFanMtr/NE-HVAC-FanBelt-VBelt-Std/instance-out.sql,69.38,3184278.31,199.64,9163213.53
CZ03/Hsp&0&rDXHP&New&HV_AirDist__SupFanMtr/NE-HVAC-FanBelt-CoggedVBelt-Msr/instance-out.sql,69.26,3179147.76,199.26,9145914.58
CZ03/Hsp&0&rDXHP&New&HV_AirDist__SupFanMtr/NE-HVAC-FanBelt-SynchVBelt-Msr/instance-out.sql,69.11,3171997.44,198.73,9121427.60
CZ03/MBT&0&rDXHP&New&HV_AirDist__SupFanMtr/NE-HVAC-FanBelt-VBelt-Std/instance-out.sql,167.69,6230835.38,351.58,13063345.89
CZ03/MBT&0&rDXHP&New&HV_AirDist__SupFanMtr/NE-HVAC-FanBelt-CoggedVBelt-Msr/instance-out.sql,167.57,6226458.14,351.18,13048405.02
CZ03/MBT&0&rDXHP&New&HV_AirDist__SupFanMtr/NE-HVAC-FanBelt-SynchVBelt-Msr/instance-out.sql,167.41,6220213.63,350.60,13027085.94
CZ03/MLI&0&rDXHP&New&HV_AirDist__SupFanMtr/NE-HVAC-FanBelt-VBelt-Std/instance-out.sql,84.95,789302.46,271.55,2523160.94
CZ03/MLI&0&rDXHP&New&HV_AirDist__SupFanMtr/NE-HVAC-FanBelt-CoggedVBelt-Msr/instance-out.sql,84.32,783479.85,269.46,2503713.40
CZ03/MLI&0&rDXHP&New&HV_AirDist__SupFanMtr/NE-HVAC-FanBelt-SynchVBelt-Msr/instance-out.sql,83.43,775173.49,266.47,2475970.17
CZ03/Mtl&0&rDXHP&New&HV_AirDist__SupFanMtr/NE-HVAC-FanBelt-VBelt-Std/instance-out.sql,48.04,133818.99,153.47,427535.84
CZ03/Mtl&0&rDXHP&New&HV_AirDist__SupFanMtr/NE-HVAC-FanBelt-CoggedVBelt-Msr/instance-out.sql,47.66,132757.79,152.20,423995.07
CZ03/Mtl&0&rDXHP&New&HV_AirDist__SupFanMtr/NE-HVAC-FanBelt-SynchVBelt-Msr/instance-out.sql,47.12,131260.68,150.40,418978.89
CZ03/Nrs&0&rDXHP&New&HV_AirDist__SupFanMtr/NE-HVAC-FanBelt-VBelt-Std/instance-out.sql,72.29,745513.92,194.56,2006276.79
CZ03/Nrs&0&rDXHP&New&HV_AirDist__SupFanMtr/NE-HVAC-FanBelt-CoggedVBelt-Msr/instance-out.sql,72.14,743952.90,194.04,2001007.31
CZ03/Nrs&0&rDXHP&New&HV_AirDist__SupFanMtr/NE-HVAC-FanBelt-SynchVBelt-Msr/instance-out.sql,71.93,741774.01,193.32,1993566.57
CZ03/OfL&0&rDXHP&New&HV_AirDist__SupFanMtr/NE-HVAC-FanBelt-VBelt-Std/instance-out.sql,57.74,1877111.01,182.82,5943336.94
CZ03/OfL&0&rDXHP&New&HV_AirDist__SupFanMtr/NE-HVAC-FanBelt-CoggedVBelt-Msr/instance-out.sql,57.41,1866430.06,181.73,5907654.14
CZ03/OfL&0&rDXHP&New&HV_AirDist__SupFanMtr/NE-HVAC-FanBelt-SynchVBelt-Msr/instance-out.sql,56.94,1851184.76,180.16,5856744.47
CZ03/OfS&0&rDXHP&New&HV_AirDist__SupFanMtr/NE-HVAC-FanBelt-VBelt-Std/instance-out.sql,53.17,98818.39,149.89,278568.28
CZ03/OfS&0&rDXHP&New&HV_AirDist__SupFanMtr/NE-HVAC-FanBelt-CoggedVBelt-Msr/instance-out.sql,52.86,98231.97,148.84,276609.63
CZ03/OfS&0&rDXHP&New&HV_AirDist__SupFanMtr/NE-HVAC-FanBelt-SynchVBelt-Msr/instance-out.sql,52.41,97396.27,147.33,273818.39
CZ03/RFF&0&rDXHP&New&HV_AirDist__SupFanMtr/NE-HVAC-FanBelt-VBelt-Std/instance-out.sql,248.15,92129.35,545.59,202555.59
CZ03/RFF&0&rDXHP&New&HV_AirDist__SupFanMtr/NE-HVAC-FanBelt-CoggedVBelt-Msr/instance-out.sql,247.64,91937.67,543.87,201915.30
CZ03/RFF&0&rDXHP&New&HV_AirDist__SupFanMtr/NE-HVAC-FanBelt-SynchVBelt-Msr/instance-out.sql,246.90,91664.33,541.41,201001.92
CZ03/RSD&0&rDXHP&New&HV_AirDist__SupFanMtr/NE-HVAC-FanBelt-VBelt-Std/instance-out.sql,206.35,214807.16,414.34,431321.90
CZ03/RSD&0&rDXHP&New&HV_AirDist__SupFanMtr/NE-HVAC-FanBelt-CoggedVBelt-Msr/instance-out.sql,206.26,214716.09,414.04,431011.99
CZ03/RSD&0&rDXHP&New&HV_AirDist__SupFanMtr/NE-HVAC-FanBelt-SynchVBelt-Msr/instance-out.sql,206.14,214586.65,413.62,430570.26
CZ03/Rt3&0&rDXHP&New&HV_AirDist__SupFanMtr/NE-HVAC-FanBelt-VBelt-Std/instance-out.sql,71.19,1587227.49,218.95,4881884.73
CZ03/Rt3&0&rDXHP&New&HV_AirDist__SupFanMtr/NE-HVAC-FanBelt-CoggedVBelt-Msr/instance-out.sql,70.78,1578100.18,217.58,4851379.72
CZ03/Rt3&0&rDXHP&New&HV_AirDist__SupFanMtr/NE-HVAC-FanBelt-SynchVBelt-Msr/instance-out.sql,70.19,1565083.49,215.63,4807873.68
CZ03/RtL&0&rDXHP&New&HV_AirDist__SupFanMtr/NE-HVAC-FanBelt-VBelt-Std/instance-out.sql,124.00,1503426.61,382.11,4632641.97
CZ03/RtL&0&rDXHP&New&HV_AirDist__SupFanMtr/NE-HVAC-FanBelt-CoggedVBelt-Msr/instance-out.sql,123.36,1495583.16,379.94,4606444.84
CZ03/RtL&0&rDXHP&New&HV_AirDist__SupFanMtr/NE-HVAC-FanBelt-SynchVBelt-Msr/instance-out.sql,122.43,1484394.55,376.86,4569074.86
CZ03/RtS&0&rDXHP&New&HV_AirDist__SupFanMtr/NE-HVAC-FanBelt-VBelt-Std/instance-out.sql,67.11,99775.36,199.71,296904.37
CZ03/RtS&0&rDXHP&New&HV_AirDist__SupFanMtr/NE-HVAC-FanBelt-CoggedVBelt-Msr/instance-out.sql,66.75,99242.09,198.51,295123.26
CZ03/RtS&0&rDXHP&New&HV_AirDist__SupFanMtr/NE-HVAC-FanBelt-SynchVBelt-Msr/instance-out.sql,66.24,98483.11,196.80,292588.27
CZ03/SCn&0&rDXHP&New&HV_AirDist__SupFanMtr/NE-HVAC-FanBelt-VBelt-Std/instance-out.sql,48.13,2235709.42,156.49,7269141.06
CZ03/SCn&0&rDXHP&New&HV_AirDist__SupFanMtr/NE-HVAC-FanBelt-CoggedVBelt-Msr/instance-out.sql,47.78,2219591.79,155.33,7215308.16
CZ03/SCn&0&rDXHP&New&HV_AirDist__SupFanMtr/NE-HVAC-FanBelt-SynchVBelt-Msr/instance-out.sql,47.29,2196555.73,153.68,7138367.72
CZ04/Asm&0&rDXHP&New&HV_AirDist__SupFanMtr/NE-HVAC-FanBelt-VBelt-Std/instance-out.sql,97.24,614372.17,316.68,2000792.23
CZ04/Asm&0&rDXHP&New&HV_AirDist__SupFanMtr/NE-HVAC-FanBelt-CoggedVBelt-Msr/instance-out.sql,96.64,610592.41,314.68,1988167.83
CZ04/Asm&0&rDXHP&New&HV_AirDist__SupFanMtr/NE-HVAC-FanBelt-SynchVBelt-Msr/instance-out.sql,95.79,605195.27,311.83,1970141.37
CZ04/ECC&0&rDXHP&New&HV_AirDist__SupFanMtr/NE-HVAC-FanBelt-VBelt-Std/instance-out.sql,92.38,2439035.12,264.20,6975604.55
CZ04/ECC&0&rDXHP&New&HV_AirDist__SupFanMtr/NE-HVAC-FanBelt-CoggedVBelt-Msr/instance-out.sql,92.04,2430148.47,263.08,6945930.62
CZ04/ECC&0&rDXHP&New&HV_AirDist__SupFanMtr/NE-HVAC-FanBelt-SynchVBelt-Msr/instance-out.sql,91.57,2417767.49,261.51,6904556.07
CZ04/EPr&0&rDXHP&New&HV_AirDist__SupFanMtr/NE-HVAC-FanBelt-VBelt-Std/instance-out.sql,93.84,355216.89,236.66,895839.85
CZ04/EPr&0&rDXHP&New&HV_AirDist__SupFanMtr/NE-HVAC-FanBelt-CoggedVBelt-Msr/instance-out.sql,93.56,354173.58,235.74,892355.18
CZ04/EPr&0&rDXHP&New&HV_AirDist__SupFanMtr/NE-HVAC-FanBelt-SynchVBelt-Msr/instance-out.sql,93.15,352604.58,234.35,887114.73
CZ04/ERC&0&rDXHP&New&HV_AirDist__SupFanMtr/NE-HVAC-FanBelt-VBelt-Std/instance-out.sql,64.84,17370.94,137.59,36859.25
CZ04/ERC&0&rDXHP&New&HV_AirDist__SupFanMtr/NE-HVAC-FanBelt-CoggedVBelt-Msr/instance-out.sql,64.63,17314.18,136.88,36669.72
CZ04/ERC&0&rDXHP&New&HV_AirDist__SupFanMtr/NE-HVAC-FanBelt-SynchVBelt-Msr/instance-out.sql,64.33,17233.49,135.88,36400.18
CZ04/ESe&0&rDXHP&New&HV_AirDist__SupFanMtr/NE-HVAC-FanBelt-VBelt-Std/instance-out.sql,173.66,1200350.00,425.35,2940092.85
CZ04/ESe&0&rDXHP&New&HV_AirDist__SupFanMtr/NE-HVAC-FanBelt-CoggedVBelt-Msr/instance-out.sql,173.45,1198948.96,424.67,2935404.00
CZ04/ESe&0&rDXHP&New&HV_AirDist__SupFanMtr/NE-HVAC-FanBelt-SynchVBelt-Msr/instance-out.sql,173.16,1196935.97,423.69,2928641.17
CZ04/EUn&0&rDXHP&New&HV_AirDist__SupFanMtr/NE-HVAC-FanBelt-VBelt-Std/instance-out.sql,93.86,7479555.67,288.39,22982102.54
CZ04/EUn&0&rDXHP&New&HV_AirDist__SupFanMtr/NE-HVAC-FanBelt-CoggedVBelt-Msr/instance-out.sql,93.54,7454004.85,287.32,22896759.50
CZ04/EUn&0&rDXHP&New&HV_AirDist__SupFanMtr/NE-HVAC-FanBelt-SynchVBelt-Msr/instance-out.sql,93.08,7417488.72,285.79,22774790.99
CZ04/Hsp&0&rDXHP&New&HV_AirDist__SupFanMtr/NE-HVAC-FanBelt-VBelt-Std/instance-out.sql,83.26,3821416.73,242.24,11118719.23
CZ04/Hsp&0&rDXHP&New&HV_AirDist__SupFanMtr/NE-HVAC-FanBelt-CoggedVBelt-Msr/instance-out.sql,83.13,3815801.19,241.82,11099395.29
CZ04/Hsp&0&rDXHP&New&HV_AirDist__SupFanMtr/NE-HVAC-FanBelt-SynchVBelt-Msr/instance-out.sql,82.96,3807810.56,241.22,11071849.97
CZ04/MBT&0&rDXHP&New&HV_AirDist__SupFanMtr/NE-HVAC-FanBelt-VBelt-Std/instance-out.sql,181.84,6756591.55,386.53,14361892.45
CZ04/MBT&0&rDXHP&New&HV_AirDist__SupFanMtr/NE-HVAC-FanBelt-CoggedVBelt-Msr/instance-out.sql,181.71,6751537.95,386.07,14344782.63
CZ04/MBT&0&rDXHP&New&HV_AirDist__SupFanMtr/NE-HVAC-FanBelt-SynchVBelt-Msr/instance-out.sql,181.53,6744887.81,385.45,14321728.59
CZ04/MLI&0&rDXHP&New&HV_AirDist__SupFanMtr/NE-HVAC-FanBelt-VBelt-Std/instance-out.sql,98.05,911059.68,315.65,2932884.11
CZ04/MLI&0&rDXHP&New&HV_AirDist__SupFanMtr/NE-HVAC-FanBelt-CoggedVBelt-Msr/instance-out.sql,97.33,904397.22,313.25,2910631.48
CZ04/MLI&0&rDXHP&New&HV_AirDist__SupFanMtr/NE-HVAC-FanBelt-SynchVBelt-Msr/instance-out.sql,96.31,894887.26,309.84,2878868.24
CZ04/Mtl&0&rDXHP&New&HV_AirDist__SupFanMtr/NE-HVAC-FanBelt-VBelt-Std/instance-out.sql,56.87,158442.66,182.88,509470.25
CZ04/Mtl&0&rDXHP&New&HV_AirDist__SupFanMtr/NE-HVAC-FanBelt-CoggedVBelt-Msr/instance-out.sql,56.49,157370.90,181.59,505888.16
CZ04/Mtl&0&rDXHP&New&HV_AirDist__SupFanMtr/NE-HVAC-FanBelt-SynchVBelt-Msr/instance-out.sql,55.94,155843.25,179.76,500782.43
CZ04/Nrs&0&rDXHP&New&HV_AirDist__SupFanMtr/NE-HVAC-FanBelt-VBelt-Std/instance-out.sql,78.91,813680.73,217.11,2238857.03
CZ04/Nrs&0&rDXHP&New&HV_AirDist__SupFanMtr/NE-HVAC-FanBelt-CoggedVBelt-Msr/instance-out.sql,78.74,812001.53,216.56,2233242.73
CZ04/Nrs&0&rDXHP&New&HV_AirDist__SupFanMtr/NE-HVAC-FanBelt-SynchVBelt-Msr/instance-out.sql,78.52,809710.93,215.81,2225409.12
CZ04/OfL&0&rDXHP&New&HV_AirDist__SupFanMtr/NE-HVAC-FanBelt-VBelt-Std/instance-out.sql,65.10,2116259.01,207.11,6732966.67
CZ04/OfL&0&rDXHP&New&HV_AirDist__SupFanMtr/NE-HVAC-FanBelt-CoggedVBelt-Msr/instance-out.sql,64.74,2104644.69,205.92,6694134.34
CZ04/OfL&0&rDXHP&New&HV_AirDist__SupFanMtr/NE-HVAC-FanBelt-SynchVBelt-Msr/instance-out.sql,64.23,2088037.95,204.21,6638676.30
CZ04/OfS&0&rDXHP&New&HV_AirDist__SupFanMtr/NE-HVAC-FanBelt-VBelt-Std/instance-out.sql,60.20,111873.55,174.04,323443.14
CZ04/OfS&0&rDXHP&New&HV_AirDist__SupFanMtr/NE-HVAC-FanBelt-CoggedVBelt-Msr/instance-out.sql,59.83,111201.33,172.83,321197.94
CZ04/OfS&0&rDXHP&New&HV_AirDist__SupFanMtr/NE-HVAC-FanBelt-SynchVBelt-Msr/instance-out.sql,59.32,110250.02,171.12,318020.55
CZ04/RFF&0&rDXHP&New&HV_AirDist__SupFanMtr/NE-HVAC-FanBelt-VBelt-Std/instance-out.sql,274.26,101821.46,635.48,235926.77
CZ04/RFF&0&rDXHP&New&HV_AirDist__SupFanMtr/NE-HVAC-FanBelt-CoggedVBelt-Msr/instance-out.sql,273.65,101594.75,633.44,235169.12
CZ04/RFF&0&rDXHP&New&HV_AirDist__SupFanMtr/NE-HVAC-FanBelt-SynchVBelt-Msr/instance-out.sql,272.78,101270.93,630.52,234087.02
CZ04/RSD&0&rDXHP&New&HV_AirDist__SupFanMtr/NE-HVAC-FanBelt-VBelt-Std/instance-out.sql,223.84,233016.45,462.26,481205.39
CZ04/RSD&0&rDXHP&New&HV_AirDist__SupFanMtr/NE-HVAC-FanBelt-CoggedVBelt-Msr/instance-out.sql,223.74,232915.27,461.93,480862.96
CZ04/RSD&0&rDXHP&New&HV_AirDist__SupFanMtr/NE-HVAC-FanBelt-SynchVBelt-Msr/instance-out.sql,223.61,232770.17,461.46,480373.37
CZ04/Rt3&0&rDXHP&New&HV_AirDist__SupFanMtr/NE-HVAC-FanBelt-VBelt-Std/instance-out.sql,83.99,1872697.99,262.22,5846594.32
CZ04/Rt3&0&rDXHP&New&HV_AirDist__SupFanMtr/NE-HVAC-FanBelt-CoggedVBelt-Msr/instance-out.sql,83.49,1861641.47,260.56,5809651.13
CZ04/Rt3&0&rDXHP&New&HV_AirDist__SupFanMtr/NE-HVAC-FanBelt-SynchVBelt-Msr/instance-out.sql,82.79,1845877.02,258.20,5756974.85
CZ04/RtL&0&rDXHP&New&HV_AirDist__SupFanMtr/NE-HVAC-FanBelt-VBelt-Std/instance-out.sql,140.12,1698788.75,436.63,5293715.71
CZ04/RtL&0&rDXHP&New&HV_AirDist__SupFanMtr/NE-HVAC-FanBelt-CoggedVBelt-Msr/instance-out.sql,139.39,1690019.06,434.22,5264424.96
CZ04/RtL&0&rDXHP&New&HV_AirDist__SupFanMtr/NE-HVAC-FanBelt-SynchVBelt-Msr/instance-out.sql,138.36,1677504.64,430.77,5222626.78
CZ04/RtS&0&rDXHP&New&HV_AirDist__SupFanMtr/NE-HVAC-FanBelt-VBelt-Std/instance-out.sql,81.89,121740.71,249.51,370949.11
CZ04/RtS&0&rDXHP&New&HV_AirDist__SupFanMtr/NE-HVAC-FanBelt-CoggedVBelt-Msr/instance-out.sql,81.41,121027.76,247.91,368567.87
CZ04/RtS&0&rDXHP&New&HV_AirDist__SupFanMtr/NE-HVAC-FanBelt-SynchVBelt-Msr/instance-out.sql,80.72,120008.54,245.62,365163.67
CZ04/SCn&0&rDXHP&New&HV_AirDist__SupFanMtr/NE-HVAC-FanBelt-VBelt-Std/instance-out.sql,59.25,2752246.96,193.75,9000010.65
CZ04/SCn&0&rDXHP&New&HV_AirDist__SupFanMtr/NE-HVAC-FanBelt-CoggedVBelt-Msr/instance-out.sql,58.79,2730879.63,192.22,8928643.75
CZ04/SCn&0&rDXHP&New&HV_AirDist__SupFanMtr/NE-HVAC-FanBelt-SynchVBelt-Msr/instance-out.sql,58.14,2700595.09,190.04,8827493.38
CZ05/Asm&0&rDXHP&New&HV_AirDist__SupFanMtr/NE-HVAC-FanBelt-VBelt-Std/instance-out.sql,79.99,505375.86,258.85,1635406.34
CZ05/Asm&0&rDXHP&New&HV_AirDist__SupFanMtr/NE-HVAC-FanBelt-CoggedVBelt-Msr/instance-out.sql,79.45,501996.45,257.06,1624119.13
CZ05/Asm&0&rDXHP&New&HV_AirDist__SupFanMtr/NE-HVAC-FanBelt-SynchVBelt-Msr/instance-out.sql,78.69,497174.69,254.51,1608014.46
CZ05/ECC&0&rDXHP&New&HV_AirDist__SupFanMtr/NE-HVAC-FanBelt-VBelt-Std/instance-out.sql,84.17,2222205.44,235.40,6215218.98
CZ05/ECC&0&rDXHP&New&HV_AirDist__SupFanMtr/NE-HVAC-FanBelt-CoggedVBelt-Msr/instance-out.sql,83.88,2214527.58,234.43,6189582.41
CZ05/ECC&0&rDXHP&New&HV_AirDist__SupFanMtr/NE-HVAC-FanBelt-SynchVBelt-Msr/instance-out.sql,83.46,2203599.14,233.05,6153078.76
CZ05/EPr&0&rDXHP&New&HV_AirDist__SupFanMtr/NE-HVAC-FanBelt-VBelt-Std/instance-out.sql,86.55,327626.50,210.42,796526.02
CZ05/EPr&0&rDXHP&New&HV_AirDist__SupFanMtr/NE-HVAC-FanBelt-CoggedVBelt-Msr/instance-out.sql,86.30,326667.58,209.58,793323.24
CZ05/EPr&0&rDXHP&New&HV_AirDist__SupFanMtr/NE-HVAC-FanBelt-SynchVBelt-Msr/instance-out.sql,85.93,325296.66,208.37,788744.37
CZ05/ERC&0&rDXHP&New&HV_AirDist__SupFanMtr/NE-HVAC-FanBelt-VBelt-Std/instance-out.sql,59.87,16039.93,120.02,32153.35
CZ05/ERC&0&rDXHP&New&HV_AirDist__SupFanMtr/NE-HVAC-FanBelt-CoggedVBelt-Msr/instance-out.sql,59.70,15992.37,119.43,31994.52
CZ05/ERC&0&rDXHP&New&HV_AirDist__SupFanMtr/NE-HVAC-FanBelt-SynchVBelt-Msr/instance-out.sql,59.45,15925.69,118.60,31771.79
CZ05/ESe&0&rDXHP&New&HV_AirDist__SupFanMtr/NE-HVAC-FanBelt-VBelt-Std/instance-out.sql,153.88,1063668.80,365.16,2524056.58
CZ05/ESe&0&rDXHP&New&HV_AirDist__SupFanMtr/NE-HVAC-FanBelt-CoggedVBelt-Msr/instance-out.sql,153.71,1062454.84,364.57,2519978.05
CZ05/ESe&0&rDXHP&New&HV_AirDist__SupFanMtr/NE-HVAC-FanBelt-SynchVBelt-Msr/instance-out.sql,153.45,1060699.00,363.72,2514100.44
CZ05/EUn&0&rDXHP&New&HV_AirDist__SupFanMtr/NE-HVAC-FanBelt-VBelt-Std/instance-out.sql,87.24,6952132.78,265.51,21159081.53
CZ05/EUn&0&rDXHP&New&HV_AirDist__SupFanMtr/NE-HVAC-FanBelt-CoggedVBelt-Msr/instance-out.sql,86.94,6928104.26,264.51,21078825.73
CZ05/EUn&0&rDXHP&New&HV_AirDist__SupFanMtr/NE-HVAC-FanBelt-SynchVBelt-Msr/instance-out.sql,86.51,6893817.34,263.07,20964306.75
CZ05/Hsp&0&rDXHP&New&HV_AirDist__SupFanMtr/NE-HVAC-FanBelt-VBelt-Std/instance-out.sql,70.94,3255968.34,204.43,9383134.03
CZ05/Hsp&0&rDXHP&New&HV_AirDist__SupFanMtr/NE-HVAC-FanBelt-CoggedVBelt-Msr/instance-out.sql,70.82,3250768.49,204.04,9365407.98
CZ05/Hsp&0&rDXHP&New&HV_AirDist__SupFanMtr/NE-HVAC-FanBelt-SynchVBelt-Msr/instance-out.sql,70.62,3241600.02,203.44,9337642.60
CZ05/MBT&0&rDXHP&New&HV_AirDist__SupFanMtr/NE-HVAC-FanBelt-VBelt-Std/instance-out.sql,172.61,6413674.36,357.60,13286972.73
CZ05/MBT&0&rDXHP&New&HV_AirDist__SupFanMtr/NE-HVAC-FanBelt-CoggedVBelt-Msr/instance-out.sql,172.49,6409182.73,357.18,13271640.71
CZ05/MBT&0&rDXHP&New&HV_AirDist__SupFanMtr/NE-HVAC-FanBelt-SynchVBelt-Msr/instance-out.sql,172.32,6402775.98,356.59,13249762.06
CZ05/MLI&0&rDXHP&New&HV_AirDist__SupFanMtr/NE-HVAC-FanBelt-VBelt-Std/instance-out.sql,85.77,796928.73,274.24,2548133.37
CZ05/MLI&0&rDXHP&New&HV_AirDist__SupFanMtr/NE-HVAC-FanBelt-CoggedVBelt-Msr/instance-out.sql,85.12,790871.13,272.06,2527900.99
CZ05/MLI&0&rDXHP&New&HV_AirDist__SupFanMtr/NE-HVAC-FanBelt-SynchVBelt-Msr/instance-out.sql,84.19,782233.02,268.96,2499049.70
CZ05/Mtl&0&rDXHP&New&HV_AirDist__SupFanMtr/NE-HVAC-FanBelt-VBelt-Std/instance-out.sql,49.15,136934.98,157.30,438214.67
CZ05/Mtl&0&rDXHP&New&HV_AirDist__SupFanMtr/NE-HVAC-FanBelt-CoggedVBelt-Msr/instance-out.sql,48.77,135851.02,156.00,434599.10
CZ05/Mtl&0&rDXHP&New&HV_AirDist__SupFanMtr/NE-HVAC-FanBelt-SynchVBelt-Msr/instance-out.sql,48.21,134313.63,154.16,429458.44
CZ05/Nrs&0&rDXHP&New&HV_AirDist__SupFanMtr/NE-HVAC-FanBelt-VBelt-Std/instance-out.sql,72.51,747692.43,196.76,2029041.49
CZ05/Nrs&0&rDXHP&New&HV_AirDist__SupFanMtr/NE-HVAC-FanBelt-CoggedVBelt-Msr/instance-out.sql,72.35,746122.87,196.25,2023726.37
CZ05/Nrs&0&rDXHP&New&HV_AirDist__SupFanMtr/NE-HVAC-FanBelt-SynchVBelt-Msr/instance-out.sql,72.13,743850.56,195.51,2016077.49
CZ05/OfL&0&rDXHP&New&HV_AirDist__SupFanMtr/NE-HVAC-FanBelt-VBelt-Std/instance-out.sql,58.70,1908384.01,186.01,6046943.09
CZ05/OfL&0&rDXHP&New&HV_AirDist__SupFanMtr/NE-HVAC-FanBelt-CoggedVBelt-Msr/instance-out.sql,58.37,1897397.37,184.88,6010300.86
CZ05/OfL&0&rDXHP&New&HV_AirDist__SupFanMtr/NE-HVAC-FanBelt-SynchVBelt-Msr/instance-out.sql,57.88,1881749.26,183.28,5958050.46
CZ05/OfS&0&rDXHP&New&HV_AirDist__SupFanMtr/NE-HVAC-FanBelt-VBelt-Std/instance-out.sql,53.88,100142.47,152.16,282783.13
CZ05/OfS&0&rDXHP&New&HV_AirDist__SupFanMtr/NE-HVAC-FanBelt-CoggedVBelt-Msr/instance-out.sql,53.56,99542.76,151.08,280780.11
CZ05/OfS&0&rDXHP&New&HV_AirDist__SupFanMtr/NE-HVAC-FanBelt-SynchVBelt-Msr/instance-out.sql,53.10,98679.45,149.53,277896.65
CZ05/RFF&0&rDXHP&New&HV_AirDist__SupFanMtr/NE-HVAC-FanBelt-VBelt-Std/instance-out.sql,251.10,93223.46,555.22,206131.46
CZ05/RFF&0&rDXHP&New&HV_AirDist__SupFanMtr/NE-HVAC-FanBelt-CoggedVBelt-Msr/instance-out.sql,250.57,93025.59,553.44,205470.25
CZ05/RFF&0&rDXHP&New&HV_AirDist__SupFanMtr/NE-HVAC-FanBelt-SynchVBelt-Msr/instance-out.sql,249.81,92743.47,550.90,204527.61
CZ05/RSD&0&rDXHP&New&HV_AirDist__SupFanMtr/NE-HVAC-FanBelt-VBelt-Std/instance-out.sql,210.18,218795.12,421.85,439142.51
CZ05/RSD&0&rDXHP&New&HV_AirDist__SupFanMtr/NE-HVAC-FanBelt-CoggedVBelt-Msr/instance-out.sql,210.09,218703.15,421.55,438829.93
CZ05/RSD&0&rDXHP&New&HV_AirDist__SupFanMtr/NE-HVAC-FanBelt-SynchVBelt-Msr/instance-out.sql,209.97,218572.48,421.12,438384.63
CZ05/Rt3&0&rDXHP&New&HV_AirDist__SupFanMtr/NE-HVAC-FanBelt-VBelt-Std/instance-out.sql,72.58,1618365.77,223.67,4987179.84
CZ05/Rt3&0&rDXHP&New&HV_AirDist__SupFanMtr/NE-HVAC-FanBelt-CoggedVBelt-Msr/instance-out.sql,72.15,1608714.94,222.23,4954930.16
CZ05/Rt3&0&rDXHP&New&HV_AirDist__SupFanMtr/NE-HVAC-FanBelt-SynchVBelt-Msr/instance-out.sql,71.53,1594942.91,220.16,4908909.48
CZ05/RtL&0&rDXHP&New&HV_AirDist__SupFanMtr/NE-HVAC-FanBelt-VBelt-Std/instance-out.sql,124.95,1514906.56,385.15,4669590.01
CZ05/RtL&0&rDXHP&New&HV_AirDist__SupFanMtr/NE-HVAC-FanBelt-CoggedVBelt-Msr/instance-out.sql,124.29,1506938.84,382.96,4642977.81
CZ05/RtL&0&rDXHP&New&HV_AirDist__SupFanMtr/NE-HVAC-FanBelt-SynchVBelt-Msr/instance-out.sql,123.36,1495603.08,379.83,4605116.40
CZ05/RtS&0&rDXHP&New&HV_AirDist__SupFanMtr/NE-HVAC-FanBelt-VBelt-Std/instance-out.sql,68.25,101466.19,203.43,302440.30
CZ05/RtS&0&rDXHP&New&HV_AirDist__SupFanMtr/NE-HVAC-FanBelt-CoggedVBelt-Msr/instance-out.sql,67.87,100900.92,202.16,300552.31
CZ05/RtS&0&rDXHP&New&HV_AirDist__SupFanMtr/NE-HVAC-FanBelt-SynchVBelt-Msr/instance-out.sql,67.33,100094.98,200.35,297860.48
CZ05/SCn&0&rDXHP&New&HV_AirDist__SupFanMtr/NE-HVAC-FanBelt-VBelt-Std/instance-out.sql,47.82,2221129.56,155.42,7219525.28
CZ05/SCn&0&rDXHP&New&HV_AirDist__SupFanMtr/NE-HVAC-FanBelt-CoggedVBelt-Msr/instance-out.sql,47.45,2203908.09,154.19,7162005.58
CZ05/SCn&0&rDXHP&New&HV_AirDist__SupFanMtr/NE-HVAC-FanBelt-SynchVBelt-Msr/instance-out.sql,46.94,2180170.13,152.48,7082720.81
CZ06/Asm&0&rDXHP&New&HV_AirDist__SupFanMtr/NE-HVAC-FanBelt-VBelt-Std/instance-out.sql,79.97,505250.48,259.29,1638215.60
CZ06/Asm&0&rDXHP&New&HV_AirDist__SupFanMtr/NE-HVAC-FanBelt-CoggedVBelt-Msr/instance-out.sql,79.35,501313.75,257.21,1625066.90
CZ06/Asm&0&rDXHP&New&HV_AirDist__SupFanMtr/NE-HVAC-FanBelt-SynchVBelt-Msr/instance-out.sql,78.46,495697.58,254.24,1606308.89
CZ06/ECC&0&rDXHP&New&HV_AirDist__SupFanMtr/NE-HVAC-FanBelt-VBelt-Std/instance-out.sql,85.71,2262903.04,243.96,6441015.71
CZ06/ECC&0&rDXHP&New&HV_AirDist__SupFanMtr/NE-HVAC-FanBelt-CoggedVBelt-Msr/instance-out.sql,85.39,2254444.19,242.89,6412763.05
CZ06/ECC&0&rDXHP&New&HV_AirDist__SupFanMtr/NE-HVAC-FanBelt-SynchVBelt-Msr/instance-out.sql,84.93,2242426.29,241.37,6372623.03
CZ06/EPr&0&rDXHP&New&HV_AirDist__SupFanMtr/NE-HVAC-FanBelt-VBelt-Std/instance-out.sql,87.82,332415.40,218.86,828465.31
CZ06/EPr&0&rDXHP&New&HV_AirDist__SupFanMtr/NE-HVAC-FanBelt-CoggedVBelt-Msr/instance-out.sql,87.51,331269.35,217.85,824637.50
CZ06/EPr&0&rDXHP&New&HV_AirDist__SupFanMtr/NE-HVAC-FanBelt-SynchVBelt-Msr/instance-out.sql,87.08,329634.82,216.41,819178.17
CZ06/ERC&0&rDXHP&New&HV_AirDist__SupFanMtr/NE-HVAC-FanBelt-VBelt-Std/instance-out.sql,59.69,15990.81,121.57,32567.33
CZ06/ERC&0&rDXHP&New&HV_AirDist__SupFanMtr/NE-HVAC-FanBelt-CoggedVBelt-Msr/instance-out.sql,59.48,15934.56,120.87,32379.45
CZ06/ERC&0&rDXHP&New&HV_AirDist__SupFanMtr/NE-HVAC-FanBelt-SynchVBelt-Msr/instance-out.sql,59.18,15853.78,119.86,32109.64
CZ06/ESe&0&rDXHP&New&HV_AirDist__SupFanMtr/NE-HVAC-FanBelt-VBelt-Std/instance-out.sql,142.17,982684.53,363.57,2513063.31
CZ06/ESe&0&rDXHP&New&HV_AirDist__SupFanMtr/NE-HVAC-FanBelt-CoggedVBelt-Msr/instance-out.sql,141.97,981298.76,362.90,2508426.79
CZ06/ESe&0&rDXHP&New&HV_AirDist__SupFanMtr/NE-HVAC-FanBelt-SynchVBelt-Msr/instance-out.sql,141.68,979325.12,361.94,2501824.97
CZ06/EUn&0&rDXHP&New&HV_AirDist__SupFanMtr/NE-HVAC-FanBelt-VBelt-Std/instance-out.sql,89.50,7132589.26,274.94,21910100.97
CZ06/EUn&0&rDXHP&New&HV_AirDist__SupFanMtr/NE-HVAC-FanBelt-CoggedVBelt-Msr/instance-out.sql,89.18,7106588.37,273.85,21823258.00
CZ06/EUn&0&rDXHP&New&HV_AirDist__SupFanMtr/NE-HVAC-FanBelt-SynchVBelt-Msr/instance-out.sql,88.71,7069491.06,272.29,21699352.98
CZ06/Hsp&0&rDXHP&New&HV_AirDist__SupFanMtr/NE-HVAC-FanBelt-VBelt-Std/instance-out.sql,72.12,3310132.96,219.82,10089491.05
CZ06/Hsp&0&rDXHP&New&HV_AirDist__SupFanMtr/NE-HVAC-FanBelt-CoggedVBelt-Msr/instance-out.sql,71.99,3304388.07,219.40,10070215.92
CZ06/Hsp&0&rDXHP&New&HV_AirDist__SupFanMtr/NE-HVAC-FanBelt-SynchVBelt-Msr/instance-out.sql,71.81,3296189.73,218.80,10042745.07
CZ06/MBT&0&rDXHP&New&HV_AirDist__SupFanMtr/NE-HVAC-FanBelt-VBelt-Std/instance-out.sql,134.43,4995102.75,323.12,12005816.67
CZ06/MBT&0&rDXHP&New&HV_AirDist__SupFanMtr/NE-HVAC-FanBelt-CoggedVBelt-Msr/instance-out.sql,134.29,4989896.88,322.64,11988223.08
CZ06/MBT&0&rDXHP&New&HV_AirDist__SupFanMtr/NE-HVAC-FanBelt-SynchVBelt-Msr/instance-out.sql,134.09,4982469.50,321.97,11963116.81
CZ06/MLI&0&rDXHP&New&HV_AirDist__SupFanMtr/NE-HVAC-FanBelt-VBelt-Std/instance-out.sql,88.64,823652.38,284.76,2645918.62
CZ06/MLI&0&rDXHP&New&HV_AirDist__SupFanMtr/NE-HVAC-FanBelt-CoggedVBelt-Msr/instance-out.sql,87.92,816915.17,282.34,2623416.33
CZ06/MLI&0&rDXHP&New&HV_AirDist__SupFanMtr/NE-HVAC-FanBelt-SynchVBelt-Msr/instance-out.sql,86.89,807303.18,278.89,2591312.30
CZ06/Mtl&0&rDXHP&New&HV_AirDist__SupFanMtr/NE-HVAC-FanBelt-VBelt-Std/instance-out.sql,49.99,139260.19,160.44,446968.49
CZ06/Mtl&0&rDXHP&New&HV_AirDist__SupFanMtr/NE-HVAC-FanBelt-CoggedVBelt-Msr/instance-out.sql,49.61,138194.83,159.17,443410.18
CZ06/Mtl&0&rDXHP&New&HV_AirDist__SupFanMtr/NE-HVAC-FanBelt-SynchVBelt-Msr/instance-out.sql,49.06,136674.34,157.34,438331.75
CZ06/Nrs&0&rDXHP&New&HV_AirDist__SupFanMtr/NE-HVAC-FanBelt-VBelt-Std/instance-out.sql,74.00,763105.40,206.18,2126133.03
CZ06/Nrs&0&rDXHP&New&HV_AirDist__SupFanMtr/NE-HVAC-FanBelt-CoggedVBelt-Msr/instance-out.sql,73.83,761352.71,205.60,2120139.64
CZ06/Nrs&0&rDXHP&New&HV_AirDist__SupFanMtr/NE-HVAC-FanBelt-SynchVBelt-Msr/instance-out.sql,73.60,758961.04,204.82,2112104.00
CZ06/OfL&0&rDXHP&New&HV_AirDist__SupFanMtr/NE-HVAC-FanBelt-VBelt-Std/instance-out.sql,61.30,1992649.58,196.33,6382574.98
CZ06/OfL&0&rDXHP&New&HV_AirDist__SupFanMtr/NE-HVAC-FanBelt-CoggedVBelt-Msr/instance-out.sql,60.94,1981168.75,195.16,6344225.30
CZ06/OfL&0&rDXHP&New&HV_AirDist__SupFanMtr/NE-HVAC-FanBelt-SynchVBelt-Msr/instance-out.sql,60.45,1964994.04,193.48,6289681.67
CZ06/OfS&0&rDXHP&New&HV_AirDist__SupFanMtr/NE-HVAC-FanBelt-VBelt-Std/instance-out.sql,55.69,103492.27,160.10,297536.92
CZ06/OfS&0&rDXHP&New&HV_AirDist__SupFanMtr/NE-HVAC-FanBelt-CoggedVBelt-Msr/instance-out.sql,55.32,102808.96,158.87,295254.67
CZ06/OfS&0&rDXHP&New&HV_AirDist__SupFanMtr/NE-HVAC-FanBelt-SynchVBelt-Msr/instance-out.sql,54.79,101833.02,157.11,291995.04
CZ06/RFF&0&rDXHP&New&HV_AirDist__SupFanMtr/NE-HVAC-FanBelt-VBelt-Std/instance-out.sql,254.27,94401.40,578.01,214591.60
CZ06/RFF&0&rDXHP&New&HV_AirDist__SupFanMtr/NE-HVAC-FanBelt-CoggedVBelt-Msr/instance-out.sql,253.66,94173.96,575.96,213831.94
CZ06/RFF&0&rDXHP&New&HV_AirDist__SupFanMtr/NE-HVAC-FanBelt-SynchVBelt-Msr/instance-out.sql,252.79,93849.67,573.05,212748.65
CZ06/RSD&0&rDXHP&New&HV_AirDist__SupFanMtr/NE-HVAC-FanBelt-VBelt-Std/instance-out.sql,198.93,207084.01,420.59,437824.76
CZ06/RSD&0&rDXHP&New&HV_AirDist__SupFanMtr/NE-HVAC-FanBelt-CoggedVBelt-Msr/instance-out.sql,198.83,206974.68,420.23,437455.86
CZ06/RSD&0&rDXHP&New&HV_AirDist__SupFanMtr/NE-HVAC-FanBelt-SynchVBelt-Msr/instance-out.sql,198.68,206818.67,419.73,436929.88
CZ06/Rt3&0&rDXHP&New&HV_AirDist__SupFanMtr/NE-HVAC-FanBelt-VBelt-Std/instance-out.sql,74.34,1657457.77,231.49,5161517.58
CZ06/Rt3&0&rDXHP&New&HV_AirDist__SupFanMtr/NE-HVAC-FanBelt-CoggedVBelt-Msr/instance-out.sql,73.86,1646828.14,229.90,5126010.02
CZ06/Rt3&0&rDXHP&New&HV_AirDist__SupFanMtr/NE-HVAC-FanBelt-SynchVBelt-Msr/instance-out.sql,73.18,1631669.61,227.63,5075373.84
CZ06/RtL&0&rDXHP&New&HV_AirDist__SupFanMtr/NE-HVAC-FanBelt-VBelt-Std/instance-out.sql,130.53,1582571.29,405.78,4919621.52
CZ06/RtL&0&rDXHP&New&HV_AirDist__SupFanMtr/NE-HVAC-FanBelt-CoggedVBelt-Msr/instance-out.sql,129.78,1573492.58,403.27,4889298.62
CZ06/RtL&0&rDXHP&New&HV_AirDist__SupFanMtr/NE-HVAC-FanBelt-SynchVBelt-Msr/instance-out.sql,128.71,1560538.91,399.71,4846033.34
CZ06/RtS&0&rDXHP&New&HV_AirDist__SupFanMtr/NE-HVAC-FanBelt-VBelt-Std/instance-out.sql,69.81,103793.19,209.94,312121.36
CZ06/RtS&0&rDXHP&New&HV_AirDist__SupFanMtr/NE-HVAC-FanBelt-CoggedVBelt-Msr/instance-out.sql,69.38,103153.10,208.51,309983.44
CZ06/RtS&0&rDXHP&New&HV_AirDist__SupFanMtr/NE-HVAC-FanBelt-SynchVBelt-Msr/instance-out.sql,68.77,102239.55,206.45,306932.17
CZ06/SCn&0&rDXHP&New&HV_AirDist__SupFanMtr/NE-HVAC-FanBelt-VBelt-Std/instance-out.sql,49.16,2283539.30,160.25,7443689.60
CZ06/SCn&0&rDXHP&New&HV_AirDist__SupFanMtr/NE-HVAC-FanBelt-CoggedVBelt-Msr/instance-out.sql,48.73,2263379.17,158.80,7376354.78
CZ06/SCn&0&rDXHP&New&HV_AirDist__SupFanMtr/NE-HVAC-FanBelt-SynchVBelt-Msr/instance-out.sql,48.11,2234605.80,156.73,7280251.74
CZ07/Asm&0&rDXHP&New&HV_AirDist__SupFanMtr/NE-HVAC-FanBelt-VBelt-Std/instance-out.sql,80.57,509071.10,261.37,1651362.05
CZ07/Asm&0&rDXHP&New&HV_AirDist__SupFanMtr/NE-HVAC-FanBelt-CoggedVBelt-Msr/instance-out.sql,79.95,505124.50,259.29,1638180.42
CZ07/Asm&0&rDXHP&New&HV_AirDist__SupFanMtr/NE-HVAC-FanBelt-SynchVBelt-Msr/instance-out.sql,79.06,499493.29,256.31,1619372.17
CZ07/ECC&0&rDXHP&New&HV_AirDist__SupFanMtr/NE-HVAC-FanBelt-VBelt-Std/instance-out.sql,85.91,2268115.17,245.04,6469535.92
CZ07/ECC&0&rDXHP&New&HV_AirDist__SupFanMtr/NE-HVAC-FanBelt-CoggedVBelt-Msr/instance-out.sql,85.58,2259575.06,243.96,6441011.94
CZ07/ECC&0&rDXHP&New&HV_AirDist__SupFanMtr/NE-HVAC-FanBelt-SynchVBelt-Msr/instance-out.sql,85.12,2247385.31,242.41,6400298.14
CZ07/EPr&0&rDXHP&New&HV_AirDist__SupFanMtr/NE-HVAC-FanBelt-VBelt-Std/instance-out.sql,88.05,333296.03,220.16,833404.96
CZ07/EPr&0&rDXHP&New&HV_AirDist__SupFanMtr/NE-HVAC-FanBelt-CoggedVBelt-Msr/instance-out.sql,87.74,332141.12,219.14,829546.90
CZ07/EPr&0&rDXHP&New&HV_AirDist__SupFanMtr/NE-HVAC-FanBelt-SynchVBelt-Msr/instance-out.sql,87.31,330493.26,217.69,824041.74
CZ07/ERC&0&rDXHP&New&HV_AirDist__SupFanMtr/NE-HVAC-FanBelt-VBelt-Std/instance-out.sql,59.87,16038.07,122.43,32797.70
CZ07/ERC&0&rDXHP&New&HV_AirDist__SupFanMtr/NE-HVAC-FanBelt-CoggedVBelt-Msr/instance-out.sql,59.65,15980.62,121.71,32605.82
CZ07/ERC&0&rDXHP&New&HV_AirDist__SupFanMtr/NE-HVAC-FanBelt-SynchVBelt-Msr/instance-out.sql,59.35,15898.65,120.69,32332.03
CZ07/ESe&0&rDXHP&New&HV_AirDist__SupFanMtr/NE-HVAC-FanBelt-VBelt-Std/instance-out.sql,140.84,973517.25,362.55,2506047.71
CZ07/ESe&0&rDXHP&New&HV_AirDist__SupFanMtr/NE-HVAC-FanBelt-CoggedVBelt-Msr/instance-out.sql,140.64,972117.89,361.88,2501370.53
CZ07/ESe&0&rDXHP&New&HV_AirDist__SupFanMtr/NE-HVAC-FanBelt-SynchVBelt-Msr/instance-out.sql,140.35,970131.52,360.92,2494727.86
CZ07/EUn&0&rDXHP&New&HV_AirDist__SupFanMtr/NE-HVAC-FanBelt-VBelt-Std/instance-out.sql,89.96,7169158.44,276.70,22050432.49
CZ07/EUn&0&rDXHP&New&HV_AirDist__SupFanMtr/NE-HVAC-FanBelt-CoggedVBelt-Msr/instance-out.sql,89.63,7143020.64,275.60,21963132.26
CZ07/EUn&0&rDXHP&New&HV_AirDist__SupFanMtr/NE-HVAC-FanBelt-SynchVBelt-Msr/instance-out.sql,89.17,7105727.99,274.04,21838574.75
CZ07/Hsp&0&rDXHP&New&HV_AirDist__SupFanMtr/NE-HVAC-FanBelt-VBelt-Std/instance-out.sql,72.82,3342245.85,223.37,10252339.88
CZ07/Hsp&0&rDXHP&New&HV_AirDist__SupFanMtr/NE-HVAC-FanBelt-CoggedVBelt-Msr/instance-out.sql,72.69,3336433.35,222.94,10232875.95
CZ07/Hsp&0&rDXHP&New&HV_AirDist__SupFanMtr/NE-HVAC-FanBelt-SynchVBelt-Msr/instance-out.sql,72.51,3328176.13,222.34,10205135.64
CZ07/MBT&0&rDXHP&New&HV_AirDist__SupFanMtr/NE-HVAC-FanBelt-VBelt-Std/instance-out.sql,131.95,4902963.56,322.00,11964526.05
CZ07/MBT&0&rDXHP&New&HV_AirDist__SupFanMtr/NE-HVAC-FanBelt-CoggedVBelt-Msr/instance-out.sql,131.81,4897668.53,321.52,11946646.74
CZ07/MBT&0&rDXHP&New&HV_AirDist__SupFanMtr/NE-HVAC-FanBelt-SynchVBelt-Msr/instance-out.sql,131.61,4890112.57,320.84,11921129.46
CZ07/MLI&0&rDXHP&New&HV_AirDist__SupFanMtr/NE-HVAC-FanBelt-VBelt-Std/instance-out.sql,90.24,838520.09,290.22,2696606.22
CZ07/MLI&0&rDXHP&New&HV_AirDist__SupFanMtr/NE-HVAC-FanBelt-CoggedVBelt-Msr/instance-out.sql,89.50,831632.98,287.74,2673603.28
CZ07/MLI&0&rDXHP&New&HV_AirDist__SupFanMtr/NE-HVAC-FanBelt-SynchVBelt-Msr/instance-out.sql,88.45,821802.12,284.21,2640768.21
CZ07/Mtl&0&rDXHP&New&HV_AirDist__SupFanMtr/NE-HVAC-FanBelt-VBelt-Std/instance-out.sql,50.24,139963.59,161.30,449348.06
CZ07/Mtl&0&rDXHP&New&HV_AirDist__SupFanMtr/NE-HVAC-FanBelt-CoggedVBelt-Msr/instance-out.sql,49.86,138902.69,160.03,445804.67
CZ07/Mtl&0&rDXHP&New&HV_AirDist__SupFanMtr/NE-HVAC-FanBelt-SynchVBelt-Msr/instance-out.sql,49.32,137388.33,158.21,440746.70
CZ07/Nrs&0&rDXHP&New&HV_AirDist__SupFanMtr/NE-HVAC-FanBelt-VBelt-Std/instance-out.sql,73.59,758876.03,205.71,2121280.39
CZ07/Nrs&0&rDXHP&New&HV_AirDist__SupFanMtr/NE-HVAC-FanBelt-CoggedVBelt-Msr/instance-out.sql,73.42,757139.35,205.15,2115527.81
CZ07/Nrs&0&rDXHP&New&HV_AirDist__SupFanMtr/NE-HVAC-FanBelt-SynchVBelt-Msr/instance-out.sql,73.18,754616.77,204.33,2107086.48
CZ07/OfL&0&rDXHP&New&HV_AirDist__SupFanMtr/NE-HVAC-FanBelt-VBelt-Std/instance-out.sql,61.89,2011925.56,198.45,6451357.22
CZ07/OfL&0&rDXHP&New&HV_AirDist__SupFanMtr/NE-HVAC-FanBelt-CoggedVBelt-Msr/instance-out.sql,61.53,2000408.20,197.27,6412888.74
CZ07/OfL&0&rDXHP&New&HV_AirDist__SupFanMtr/NE-HVAC-FanBelt-SynchVBelt-Msr/instance-out.sql,61.03,1983963.63,195.58,6357964.10
CZ07/OfS&0&rDXHP&New&HV_AirDist__SupFanMtr/NE-HVAC-FanBelt-VBelt-Std/instance-out.sql,56.29,104614.53,162.34,301713.86
CZ07/OfS&0&rDXHP&New&HV_AirDist__SupFanMtr/NE-HVAC-FanBelt-CoggedVBelt-Msr/instance-out.sql,55.92,103923.42,161.10,299405.56
CZ07/OfS&0&rDXHP&New&HV_AirDist__SupFanMtr/NE-HVAC-FanBelt-SynchVBelt-Msr/instance-out.sql,55.39,102936.50,159.33,296109.24
CZ07/RFF&0&rDXHP&New&HV_AirDist__SupFanMtr/NE-HVAC-FanBelt-VBelt-Std/instance-out.sql,255.49,94852.54,583.39,216587.50
CZ07/RFF&0&rDXHP&New&HV_AirDist__SupFanMtr/NE-HVAC-FanBelt-CoggedVBelt-Msr/instance-out.sql,254.87,94621.75,581.31,215816.68
CZ07/RFF&0&rDXHP&New&HV_AirDist__SupFanMtr/NE-HVAC-FanBelt-SynchVBelt-Msr/instance-out.sql,253.98,94292.44,578.35,214716.80
CZ07/RSD&0&rDXHP&New&HV_AirDist__SupFanMtr/NE-HVAC-FanBelt-VBelt-Std/instance-out.sql,200.03,208226.03,424.48,441874.92
CZ07/RSD&0&rDXHP&New&HV_AirDist__SupFanMtr/NE-HVAC-FanBelt-CoggedVBelt-Msr/instance-out.sql,199.92,208115.02,424.12,441501.63
CZ07/RSD&0&rDXHP&New&HV_AirDist__SupFanMtr/NE-HVAC-FanBelt-SynchVBelt-Msr/instance-out.sql,199.77,207957.15,423.61,440969.51
CZ07/Rt3&0&rDXHP&New&HV_AirDist__SupFanMtr/NE-HVAC-FanBelt-VBelt-Std/instance-out.sql,75.26,1678128.68,234.81,5235440.92
CZ07/Rt3&0&rDXHP&New&HV_AirDist__SupFanMtr/NE-HVAC-FanBelt-CoggedVBelt-Msr/instance-out.sql,74.78,1667357.02,233.19,5199460.17
CZ07/Rt3&0&rDXHP&New&HV_AirDist__SupFanMtr/NE-HVAC-FanBelt-SynchVBelt-Msr/instance-out.sql,74.09,1651977.83,230.89,5148088.91
CZ07/RtL&0&rDXHP&New&HV_AirDist__SupFanMtr/NE-HVAC-FanBelt-VBelt-Std/instance-out.sql,132.34,1604502.92,412.06,4995761.23
CZ07/RtL&0&rDXHP&New&HV_AirDist__SupFanMtr/NE-HVAC-FanBelt-CoggedVBelt-Msr/instance-out.sql,131.58,1595307.69,409.52,4965049.17
CZ07/RtL&0&rDXHP&New&HV_AirDist__SupFanMtr/NE-HVAC-FanBelt-SynchVBelt-Msr/instance-out.sql,130.50,1582188.93,405.91,4921232.51
CZ07/RtS&0&rDXHP&New&HV_AirDist__SupFanMtr/NE-HVAC-FanBelt-VBelt-Std/instance-out.sql,70.57,104921.82,212.63,316120.11
CZ07/RtS&0&rDXHP&New&HV_AirDist__SupFanMtr/NE-HVAC-FanBelt-CoggedVBelt-Msr/instance-out.sql,70.14,104271.12,211.17,313946.77
CZ07/RtS&0&rDXHP&New&HV_AirDist__SupFanMtr/NE-HVAC-FanBelt-SynchVBelt-Msr/instance-out.sql,69.51,103342.40,209.08,310844.84
CZ07/SCn&0&rDXHP&New&HV_AirDist__SupFanMtr/NE-HVAC-FanBelt-VBelt-Std/instance-out.sql,50.55,2348082.40,164.93,7661159.20
CZ07/SCn&0&rDXHP&New&HV_AirDist__SupFanMtr/NE-HVAC-FanBelt-CoggedVBelt-Msr/instance-out.sql,50.10,2326998.51,163.42,7590739.01
CZ07/SCn&0&rDXHP&New&HV_AirDist__SupFanMtr/NE-HVAC-FanBelt-SynchVBelt-Msr/instance-out.sql,49.45,2296909.39,161.25,7490241.35
CZ08/Asm&0&rDXHP&New&HV_AirDist__SupFanMtr/NE-HVAC-FanBelt-VBelt-Std/instance-out.sql,90.24,570130.61,293.77,1856068.99
CZ08/Asm&0&rDXHP&New&HV_AirDist__SupFanMtr/NE-HVAC-FanBelt-CoggedVBelt-Msr/instance-out.sql,89.59,566049.45,291.62,1842437.95
CZ08/Asm&0&rDXHP&New&HV_AirDist__SupFanMtr/NE-HVAC-FanBelt-SynchVBelt-Msr/instance-out.sql,88.67,560226.07,288.54,1822987.85
CZ08/ECC&0&rDXHP&New&HV_AirDist__SupFanMtr/NE-HVAC-FanBelt-VBelt-Std/instance-out.sql,91.42,2413602.76,264.25,6976873.91
CZ08/ECC&0&rDXHP&New&HV_AirDist__SupFanMtr/NE-HVAC-FanBelt-CoggedVBelt-Msr/instance-out.sql,91.06,2404203.32,263.06,6945479.55
CZ08/ECC&0&rDXHP&New&HV_AirDist__SupFanMtr/NE-HVAC-FanBelt-SynchVBelt-Msr/instance-out.sql,90.55,2390812.45,261.37,6900753.75
CZ08/EPr&0&rDXHP&New&HV_AirDist__SupFanMtr/NE-HVAC-FanBelt-VBelt-Std/instance-out.sql,93.01,352061.85,237.76,899995.57
CZ08/EPr&0&rDXHP&New&HV_AirDist__SupFanMtr/NE-HVAC-FanBelt-CoggedVBelt-Msr/instance-out.sql,92.68,350831.70,236.67,895886.90
CZ08/EPr&0&rDXHP&New&HV_AirDist__SupFanMtr/NE-HVAC-FanBelt-SynchVBelt-Msr/instance-out.sql,92.22,349075.45,235.12,890021.00
CZ08/ERC&0&rDXHP&New&HV_AirDist__SupFanMtr/NE-HVAC-FanBelt-VBelt-Std/instance-out.sql,63.76,17080.10,135.95,36420.48
CZ08/ERC&0&rDXHP&New&HV_AirDist__SupFanMtr/NE-HVAC-FanBelt-CoggedVBelt-Msr/instance-out.sql,63.51,17015.05,135.14,36203.22
CZ08/ERC&0&rDXHP&New&HV_AirDist__SupFanMtr/NE-HVAC-FanBelt-SynchVBelt-Msr/instance-out.sql,63.17,16923.11,133.99,35896.15
CZ08/ESe&0&rDXHP&New&HV_AirDist__SupFanMtr/NE-HVAC-FanBelt-VBelt-Std/instance-out.sql,152.86,1056585.99,400.89,2771013.26
CZ08/ESe&0&rDXHP&New&HV_AirDist__SupFanMtr/NE-HVAC-FanBelt-CoggedVBelt-Msr/instance-out.sql,152.63,1055030.76,400.13,2765814.98
CZ08/ESe&0&rDXHP&New&HV_AirDist__SupFanMtr/NE-HVAC-FanBelt-SynchVBelt-Msr/instance-out.sql,152.31,1052819.51,399.06,2758396.17
CZ08/EUn&0&rDXHP&New&HV_AirDist__SupFanMtr/NE-HVAC-FanBelt-VBelt-Std/instance-out.sql,93.91,7483688.42,290.33,23136780.36
CZ08/EUn&0&rDXHP&New&HV_AirDist__SupFanMtr/NE-HVAC-FanBelt-CoggedVBelt-Msr/instance-out.sql,93.57,7456647.08,289.20,23046462.31
CZ08/EUn&0&rDXHP&New&HV_AirDist__SupFanMtr/NE-HVAC-FanBelt-SynchVBelt-Msr/instance-out.sql,93.08,7418026.80,287.58,22917470.55
CZ08/Hsp&0&rDXHP&New&HV_AirDist__SupFanMtr/NE-HVAC-FanBelt-VBelt-Std/instance-out.sql,81.20,3726881.31,248.83,11421209.77
CZ08/Hsp&0&rDXHP&New&HV_AirDist__SupFanMtr/NE-HVAC-FanBelt-CoggedVBelt-Msr/instance-out.sql,81.06,3720704.89,248.38,11400407.78
CZ08/Hsp&0&rDXHP&New&HV_AirDist__SupFanMtr/NE-HVAC-FanBelt-SynchVBelt-Msr/instance-out.sql,80.87,3711875.45,247.73,11370710.52
CZ08/MBT&0&rDXHP&New&HV_AirDist__SupFanMtr/NE-HVAC-FanBelt-VBelt-Std/instance-out.sql,142.30,5287444.34,345.11,12822868.51
CZ08/MBT&0&rDXHP&New&HV_AirDist__SupFanMtr/NE-HVAC-FanBelt-CoggedVBelt-Msr/instance-out.sql,142.15,5281903.83,344.60,12804201.82
CZ08/MBT&0&rDXHP&New&HV_AirDist__SupFanMtr/NE-HVAC-FanBelt-SynchVBelt-Msr/instance-out.sql,141.94,5273995.35,343.89,12777554.51
CZ08/MLI&0&rDXHP&New&HV_AirDist__SupFanMtr/NE-HVAC-FanBelt-VBelt-Std/instance-out.sql,95.70,889168.32,308.64,2867807.25
CZ08/MLI&0&rDXHP&New&HV_AirDist__SupFanMtr/NE-HVAC-FanBelt-CoggedVBelt-Msr/instance-out.sql,94.94,882105.97,306.11,2844218.99
CZ08/MLI&0&rDXHP&New&HV_AirDist__SupFanMtr/NE-HVAC-FanBelt-SynchVBelt-Msr/instance-out.sql,93.85,872026.45,302.48,2810553.41
CZ08/Mtl&0&rDXHP&New&HV_AirDist__SupFanMtr/NE-HVAC-FanBelt-VBelt-Std/instance-out.sql,57.31,159652.60,184.93,515169.77
CZ08/Mtl&0&rDXHP&New&HV_AirDist__SupFanMtr/NE-HVAC-FanBelt-CoggedVBelt-Msr/instance-out.sql,56.89,158472.77,183.51,511229.12
CZ08/Mtl&0&rDXHP&New&HV_AirDist__SupFanMtr/NE-HVAC-FanBelt-SynchVBelt-Msr/instance-out.sql,56.28,156788.27,181.49,505602.88
CZ08/Nrs&0&rDXHP&New&HV_AirDist__SupFanMtr/NE-HVAC-FanBelt-VBelt-Std/instance-out.sql,78.25,806945.22,220.63,2275183.45
CZ08/Nrs&0&rDXHP&New&HV_AirDist__SupFanMtr/NE-HVAC-FanBelt-CoggedVBelt-Msr/instance-out.sql,78.08,805148.06,220.04,2269116.64
CZ08/Nrs&0&rDXHP&New&HV_AirDist__SupFanMtr/NE-HVAC-FanBelt-SynchVBelt-Msr/instance-out.sql,77.82,802503.83,219.19,2260308.74
CZ08/OfL&0&rDXHP&New&HV_AirDist__SupFanMtr/NE-HVAC-FanBelt-VBelt-Std/instance-out.sql,65.74,2137094.63,211.29,6868593.59
CZ08/OfL&0&rDXHP&New&HV_AirDist__SupFanMtr/NE-HVAC-FanBelt-CoggedVBelt-Msr/instance-out.sql,65.37,2125075.28,210.05,6828443.85
CZ08/OfL&0&rDXHP&New&HV_AirDist__SupFanMtr/NE-HVAC-FanBelt-SynchVBelt-Msr/instance-out.sql,64.84,2107898.18,208.29,6771076.23
CZ08/OfS&0&rDXHP&New&HV_AirDist__SupFanMtr/NE-HVAC-FanBelt-VBelt-Std/instance-out.sql,60.37,112193.94,176.42,327879.30
CZ08/OfS&0&rDXHP&New&HV_AirDist__SupFanMtr/NE-HVAC-FanBelt-CoggedVBelt-Msr/instance-out.sql,59.97,111452.26,175.09,325402.07
CZ08/OfS&0&rDXHP&New&HV_AirDist__SupFanMtr/NE-HVAC-FanBelt-SynchVBelt-Msr/instance-out.sql,59.40,110393.58,173.19,321866.10
CZ08/RFF&0&rDXHP&New&HV_AirDist__SupFanMtr/NE-HVAC-FanBelt-VBelt-Std/instance-out.sql,269.17,99930.04,631.51,234452.87
CZ08/RFF&0&rDXHP&New&HV_AirDist__SupFanMtr/NE-HVAC-FanBelt-CoggedVBelt-Msr/instance-out.sql,268.48,99674.28,629.21,233598.58
CZ08/RFF&0&rDXHP&New&HV_AirDist__SupFanMtr/NE-HVAC-FanBelt-SynchVBelt-Msr/instance-out.sql,267.49,99309.28,625.92,232379.36
CZ08/RSD&0&rDXHP&New&HV_AirDist__SupFanMtr/NE-HVAC-FanBelt-VBelt-Std/instance-out.sql,208.96,217523.66,451.70,470216.09
CZ08/RSD&0&rDXHP&New&HV_AirDist__SupFanMtr/NE-HVAC-FanBelt-CoggedVBelt-Msr/instance-out.sql,208.85,217405.41,451.32,469817.78
CZ08/RSD&0&rDXHP&New&HV_AirDist__SupFanMtr/NE-HVAC-FanBelt-SynchVBelt-Msr/instance-out.sql,208.68,217236.15,450.77,469248.27
CZ08/Rt3&0&rDXHP&New&HV_AirDist__SupFanMtr/NE-HVAC-FanBelt-VBelt-Std/instance-out.sql,81.95,1827285.21,257.44,5740148.86
CZ08/Rt3&0&rDXHP&New&HV_AirDist__SupFanMtr/NE-HVAC-FanBelt-CoggedVBelt-Msr/instance-out.sql,81.43,1815597.07,255.69,5701097.57
CZ08/Rt3&0&rDXHP&New&HV_AirDist__SupFanMtr/NE-HVAC-FanBelt-SynchVBelt-Msr/instance-out.sql,80.68,1798789.47,253.17,5644962.10
CZ08/RtL&0&rDXHP&New&HV_AirDist__SupFanMtr/NE-HVAC-FanBelt-VBelt-Std/instance-out.sql,139.57,1692101.12,436.66,5294070.31
CZ08/RtL&0&rDXHP&New&HV_AirDist__SupFanMtr/NE-HVAC-FanBelt-CoggedVBelt-Msr/instance-out.sql,138.79,1682663.92,434.06,5262550.08
CZ08/RtL&0&rDXHP&New&HV_AirDist__SupFanMtr/NE-HVAC-FanBelt-SynchVBelt-Msr/instance-out.sql,137.68,1669191.53,430.35,5217552.31
CZ08/RtS&0&rDXHP&New&HV_AirDist__SupFanMtr/NE-HVAC-FanBelt-VBelt-Std/instance-out.sql,78.98,117424.54,241.03,358334.44
CZ08/RtS&0&rDXHP&New&HV_AirDist__SupFanMtr/NE-HVAC-FanBelt-CoggedVBelt-Msr/instance-out.sql,78.48,116673.15,239.34,355824.82
CZ08/RtS&0&rDXHP&New&HV_AirDist__SupFanMtr/NE-HVAC-FanBelt-SynchVBelt-Msr/instance-out.sql,77.76,115600.65,236.93,352242.66
CZ08/SCn&0&rDXHP&New&HV_AirDist__SupFanMtr/NE-HVAC-FanBelt-VBelt-Std/instance-out.sql,55.01,2555214.23,179.91,8356736.68
CZ08/SCn&0&rDXHP&New&HV_AirDist__SupFanMtr/NE-HVAC-FanBelt-CoggedVBelt-Msr/instance-out.sql,54.53,2533152.08,178.32,8283049.10
CZ08/SCn&0&rDXHP&New&HV_AirDist__SupFanMtr/NE-HVAC-FanBelt-SynchVBelt-Msr/instance-out.sql,53.86,2501658.65,176.05,8177861.05
CZ09/Asm&0&rDXHP&New&HV_AirDist__SupFanMtr/NE-HVAC-FanBelt-VBelt-Std/instance-out.sql,92.39,583743.39,300.93,1901272.34
CZ09/Asm&0&rDXHP&New&HV_AirDist__SupFanMtr/NE-HVAC-FanBelt-CoggedVBelt-Msr/instance-out.sql,91.75,579660.34,298.77,1887634.96
CZ09/Asm&0&rDXHP&New&HV_AirDist__SupFanMtr/NE-HVAC-FanBelt-SynchVBelt-Msr/instance-out.sql,90.82,573833.26,295.69,1868172.54
CZ09/ECC&0&rDXHP&New&HV_AirDist__SupFanMtr/NE-HVAC-FanBelt-VBelt-Std/instance-out.sql,92.37,2438695.81,267.14,7053196.82
CZ09/ECC&0&rDXHP&New&HV_AirDist__SupFanMtr/NE-HVAC-FanBelt-CoggedVBelt-Msr/instance-out.sql,92.00,2429021.63,265.92,7020890.01
CZ09/ECC&0&rDXHP&New&HV_AirDist__SupFanMtr/NE-HVAC-FanBelt-SynchVBelt-Msr/instance-out.sql,91.48,2415368.29,264.19,6975282.23
CZ09/EPr&0&rDXHP&New&HV_AirDist__SupFanMtr/NE-HVAC-FanBelt-VBelt-Std/instance-out.sql,92.26,349233.05,234.92,889274.02
CZ09/EPr&0&rDXHP&New&HV_AirDist__SupFanMtr/NE-HVAC-FanBelt-CoggedVBelt-Msr/instance-out.sql,91.95,348067.68,233.89,885381.69
CZ09/EPr&0&rDXHP&New&HV_AirDist__SupFanMtr/NE-HVAC-FanBelt-SynchVBelt-Msr/instance-out.sql,91.51,346404.58,232.43,879826.95
CZ09/ERC&0&rDXHP&New&HV_AirDist__SupFanMtr/NE-HVAC-FanBelt-VBelt-Std/instance-out.sql,62.66,16786.58,132.12,35394.04
CZ09/ERC&0&rDXHP&New&HV_AirDist__SupFanMtr/NE-HVAC-FanBelt-CoggedVBelt-Msr/instance-out.sql,62.44,16727.53,131.38,35196.82
CZ09/ERC&0&rDXHP&New&HV_AirDist__SupFanMtr/NE-HVAC-FanBelt-SynchVBelt-Msr/instance-out.sql,62.13,16642.96,130.33,34914.36
CZ09/ESe&0&rDXHP&New&HV_AirDist__SupFanMtr/NE-HVAC-FanBelt-VBelt-Std/instance-out.sql,155.83,1077155.67,406.51,2809889.85
CZ09/ESe&0&rDXHP&New&HV_AirDist__SupFanMtr/NE-HVAC-FanBelt-CoggedVBelt-Msr/instance-out.sql,155.61,1075582.93,405.75,2804630.53
CZ09/ESe&0&rDXHP&New&HV_AirDist__SupFanMtr/NE-HVAC-FanBelt-SynchVBelt-Msr/instance-out.sql,155.28,1073343.76,404.67,2797137.50
CZ09/EUn&0&rDXHP&New&HV_AirDist__SupFanMtr/NE-HVAC-FanBelt-VBelt-Std/instance-out.sql,94.24,7509899.79,291.28,23212349.08
CZ09/EUn&0&rDXHP&New&HV_AirDist__SupFanMtr/NE-HVAC-FanBelt-CoggedVBelt-Msr/instance-out.sql,93.90,7482716.58,290.14,23121557.12
CZ09/EUn&0&rDXHP&New&HV_AirDist__SupFanMtr/NE-HVAC-FanBelt-SynchVBelt-Msr/instance-out.sql,93.41,7443918.53,288.51,22991971.56
CZ09/Hsp&0&rDXHP&New&HV_AirDist__SupFanMtr/NE-HVAC-FanBelt-VBelt-Std/instance-out.sql,81.70,3750039.68,248.83,11421097.10
CZ09/Hsp&0&rDXHP&New&HV_AirDist__SupFanMtr/NE-HVAC-FanBelt-CoggedVBelt-Msr/instance-out.sql,81.57,3743809.67,248.37,11399870.63
CZ09/Hsp&0&rDXHP&New&HV_AirDist__SupFanMtr/NE-HVAC-FanBelt-SynchVBelt-Msr/instance-out.sql,81.37,3734802.50,247.70,11369482.42
CZ09/MBT&0&rDXHP&New&HV_AirDist__SupFanMtr/NE-HVAC-FanBelt-VBelt-Std/instance-out.sql,145.58,5409114.33,348.77,12958835.66
CZ09/MBT&0&rDXHP&New&HV_AirDist__SupFanMtr/NE-HVAC-FanBelt-CoggedVBelt-Msr/instance-out.sql,145.43,5403503.68,348.26,12939924.63
CZ09/MBT&0&rDXHP&New&HV_AirDist__SupFanMtr/NE-HVAC-FanBelt-SynchVBelt-Msr/instance-out.sql,145.21,5395494.65,347.53,12912926.48
CZ09/MLI&0&rDXHP&New&HV_AirDist__SupFanMtr/NE-HVAC-FanBelt-VBelt-Std/instance-out.sql,97.15,902637.38,313.41,2912098.45
CZ09/MLI&0&rDXHP&New&HV_AirDist__SupFanMtr/NE-HVAC-FanBelt-CoggedVBelt-Msr/instance-out.sql,96.38,895480.35,310.84,2888193.97
CZ09/MLI&0&rDXHP&New&HV_AirDist__SupFanMtr/NE-HVAC-FanBelt-SynchVBelt-Msr/instance-out.sql,95.28,885265.29,307.17,2854075.66
CZ09/Mtl&0&rDXHP&New&HV_AirDist__SupFanMtr/NE-HVAC-FanBelt-VBelt-Std/instance-out.sql,58.21,162167.27,187.93,523546.23
CZ09/Mtl&0&rDXHP&New&HV_AirDist__SupFanMtr/NE-HVAC-FanBelt-CoggedVBelt-Msr/instance-out.sql,57.78,160964.74,186.49,519529.78
CZ09/Mtl&0&rDXHP&New&HV_AirDist__SupFanMtr/NE-HVAC-FanBelt-SynchVBelt-Msr/instance-out.sql,57.16,159247.64,184.43,513794.66
CZ09/Nrs&0&rDXHP&New&HV_AirDist__SupFanMtr/NE-HVAC-FanBelt-VBelt-Std/instance-out.sql,77.77,801929.02,219.34,2261890.21
CZ09/Nrs&0&rDXHP&New&HV_AirDist__SupFanMtr/NE-HVAC-FanBelt-CoggedVBelt-Msr/instance-out.sql,77.59,800069.08,218.74,2255694.41
CZ09/Nrs&0&rDXHP&New&HV_AirDist__SupFanMtr/NE-HVAC-FanBelt-SynchVBelt-Msr/instance-out.sql,77.34,797489.40,217.90,2246991.20
CZ09/OfL&0&rDXHP&New&HV_AirDist__SupFanMtr/NE-HVAC-FanBelt-VBelt-Std/instance-out.sql,65.85,2140554.84,211.44,6873482.54
CZ09/OfL&0&rDXHP&New&HV_AirDist__SupFanMtr/NE-HVAC-FanBelt-CoggedVBelt-Msr/instance-out.sql,65.47,2128498.28,210.20,6833216.72
CZ09/OfL&0&rDXHP&New&HV_AirDist__SupFanMtr/NE-HVAC-FanBelt-SynchVBelt-Msr/instance-out.sql,64.95,2111285.57,208.43,6775723.24
CZ09/OfS&0&rDXHP&New&HV_AirDist__SupFanMtr/NE-HVAC-FanBelt-VBelt-Std/instance-out.sql,59.58,110722.54,173.62,322673.04
CZ09/OfS&0&rDXHP&New&HV_AirDist__SupFanMtr/NE-HVAC-FanBelt-CoggedVBelt-Msr/instance-out.sql,59.19,110006.48,172.33,320281.40
CZ09/OfS&0&rDXHP&New&HV_AirDist__SupFanMtr/NE-HVAC-FanBelt-SynchVBelt-Msr/instance-out.sql,58.64,108983.68,170.50,316865.23
CZ09/RFF&0&rDXHP&New&HV_AirDist__SupFanMtr/NE-HVAC-FanBelt-VBelt-Std/instance-out.sql,271.86,100930.86,639.43,237393.88
CZ09/RFF&0&rDXHP&New&HV_AirDist__SupFanMtr/NE-HVAC-FanBelt-CoggedVBelt-Msr/instance-out.sql,271.16,100671.13,637.09,236526.31
CZ09/RFF&0&rDXHP&New&HV_AirDist__SupFanMtr/NE-HVAC-FanBelt-SynchVBelt-Msr/instance-out.sql,270.16,100300.51,633.76,235288.31
CZ09/RSD&0&rDXHP&New&HV_AirDist__SupFanMtr/NE-HVAC-FanBelt-VBelt-Std/instance-out.sql,211.23,219889.21,455.52,474186.29
CZ09/RSD&0&rDXHP&New&HV_AirDist__SupFanMtr/NE-HVAC-FanBelt-CoggedVBelt-Msr/instance-out.sql,211.12,219776.62,455.15,473807.80
CZ09/RSD&0&rDXHP&New&HV_AirDist__SupFanMtr/NE-HVAC-FanBelt-SynchVBelt-Msr/instance-out.sql,210.97,219616.02,454.63,473267.75
CZ09/Rt3&0&rDXHP&New&HV_AirDist__SupFanMtr/NE-HVAC-FanBelt-VBelt-Std/instance-out.sql,83.52,1862267.15,262.50,5852987.64
CZ09/Rt3&0&rDXHP&New&HV_AirDist__SupFanMtr/NE-HVAC-FanBelt-CoggedVBelt-Msr/instance-out.sql,82.98,1850247.90,260.70,5812837.82
CZ09/Rt3&0&rDXHP&New&HV_AirDist__SupFanMtr/NE-HVAC-FanBelt-SynchVBelt-Msr/instance-out.sql,82.21,1833100.96,258.13,5755559.15
CZ09/RtL&0&rDXHP&New&HV_AirDist__SupFanMtr/NE-HVAC-FanBelt-VBelt-Std/instance-out.sql,141.14,1711148.27,441.75,5355723.88
CZ09/RtL&0&rDXHP&New&HV_AirDist__SupFanMtr/NE-HVAC-FanBelt-CoggedVBelt-Msr/instance-out.sql,140.35,1701590.95,439.11,5323802.40
CZ09/RtL&0&rDXHP&New&HV_AirDist__SupFanMtr/NE-HVAC-FanBelt-SynchVBelt-Msr/instance-out.sql,139.22,1687929.87,435.35,5278174.41
CZ09/RtS&0&rDXHP&New&HV_AirDist__SupFanMtr/NE-HVAC-FanBelt-VBelt-Std/instance-out.sql,80.11,119102.83,244.69,363783.85
CZ09/RtS&0&rDXHP&New&HV_AirDist__SupFanMtr/NE-HVAC-FanBelt-CoggedVBelt-Msr/instance-out.sql,79.60,118341.73,242.98,361241.76
CZ09/RtS&0&rDXHP&New&HV_AirDist__SupFanMtr/NE-HVAC-FanBelt-SynchVBelt-Msr/instance-out.sql,78.87,117256.12,240.54,357615.84
CZ09/SCn&0&rDXHP&New&HV_AirDist__SupFanMtr/NE-HVAC-FanBelt-VBelt-Std/instance-out.sql,56.57,2627622.48,185.08,8597296.38
CZ09/SCn&0&rDXHP&New&HV_AirDist__SupFanMtr/NE-HVAC-FanBelt-CoggedVBelt-Msr/instance-out.sql,56.08,2605085.54,183.46,8522022.98
CZ09/SCn&0&rDXHP&New&HV_AirDist__SupFanMtr/NE-HVAC-FanBelt-SynchVBelt-Msr/instance-out.sql,55.39,2572909.91,181.15,8414556.40
CZ10/Asm&0&rDXHP&New&HV_AirDist__SupFanMtr/NE-HVAC-FanBelt-VBelt-Std/instance-out.sql,97.17,613912.90,316.95,2002505.02
CZ10/Asm&0&rDXHP&New&HV_AirDist__SupFanMtr/NE-HVAC-FanBelt-CoggedVBelt-Msr/instance-out.sql,96.51,609782.91,314.77,1988710.86
CZ10/Asm&0&rDXHP&New&HV_AirDist__SupFanMtr/NE-HVAC-FanBelt-SynchVBelt-Msr/instance-out.sql,95.58,603888.37,311.65,1969023.09
CZ10/ECC&0&rDXHP&New&HV_AirDist__SupFanMtr/NE-HVAC-FanBelt-VBelt-Std/instance-out.sql,94.48,2494499.00,274.72,7253199.71
CZ10/ECC&0&rDXHP&New&HV_AirDist__SupFanMtr/NE-HVAC-FanBelt-CoggedVBelt-Msr/instance-out.sql,94.11,2484727.14,273.48,7220560.04
CZ10/ECC&0&rDXHP&New&HV_AirDist__SupFanMtr/NE-HVAC-FanBelt-SynchVBelt-Msr/instance-out.sql,93.58,2470733.95,271.71,7173816.86
CZ10/EPr&0&rDXHP&New&HV_AirDist__SupFanMtr/NE-HVAC-FanBelt-VBelt-Std/instance-out.sql,94.44,357502.06,242.87,919354.42
CZ10/EPr&0&rDXHP&New&HV_AirDist__SupFanMtr/NE-HVAC-FanBelt-CoggedVBelt-Msr/instance-out.sql,94.13,356311.69,241.82,915378.59
CZ10/EPr&0&rDXHP&New&HV_AirDist__SupFanMtr/NE-HVAC-FanBelt-SynchVBelt-Msr/instance-out.sql,93.68,354611.94,240.32,909701.42
CZ10/ERC&0&rDXHP&New&HV_AirDist__SupFanMtr/NE-HVAC-FanBelt-VBelt-Std/instance-out.sql,64.31,17227.95,137.96,36957.53
CZ10/ERC&0&rDXHP&New&HV_AirDist__SupFanMtr/NE-HVAC-FanBelt-CoggedVBelt-Msr/instance-out.sql,64.08,17165.48,137.18,36748.86
CZ10/ERC&0&rDXHP&New&HV_AirDist__SupFanMtr/NE-HVAC-FanBelt-SynchVBelt-Msr/instance-out.sql,63.75,17077.08,136.07,36453.61
CZ10/ESe&0&rDXHP&New&HV_AirDist__SupFanMtr/NE-HVAC-FanBelt-VBelt-Std/instance-out.sql,160.02,1106080.46,420.93,2909536.64
CZ10/ESe&0&rDXHP&New&HV_AirDist__SupFanMtr/NE-HVAC-FanBelt-CoggedVBelt-Msr/instance-out.sql,159.78,1104462.36,420.14,2904117.13
CZ10/ESe&0&rDXHP&New&HV_AirDist__SupFanMtr/NE-HVAC-FanBelt-SynchVBelt-Msr/instance-out.sql,159.45,1102163.19,419.03,2896437.03
CZ10/EUn&0&rDXHP&New&HV_AirDist__SupFanMtr/NE-HVAC-FanBelt-VBelt-Std/instance-out.sql,96.20,7666084.75,298.10,23756099.38
CZ10/EUn&0&rDXHP&New&HV_AirDist__SupFanMtr/NE-HVAC-FanBelt-CoggedVBelt-Msr/instance-out.sql,95.85,7638350.74,296.94,23663467.72
CZ10/EUn&0&rDXHP&New&HV_AirDist__SupFanMtr/NE-HVAC-FanBelt-SynchVBelt-Msr/instance-out.sql,95.35,7598750.53,295.28,23531202.90
CZ10/Hsp&0&rDXHP&New&HV_AirDist__SupFanMtr/NE-HVAC-FanBelt-VBelt-Std/instance-out.sql,84.51,3878974.98,257.70,11828168.08
CZ10/Hsp&0&rDXHP&New&HV_AirDist__SupFanMtr/NE-HVAC-FanBelt-CoggedVBelt-Msr/instance-out.sql,84.37,3872506.72,257.23,11806472.85
CZ10/Hsp&0&rDXHP&New&HV_AirDist__SupFanMtr/NE-HVAC-FanBelt-SynchVBelt-Msr/instance-out.sql,84.17,3863478.65,256.56,11775777.17
CZ10/MBT&0&rDXHP&New&HV_AirDist__SupFanMtr/NE-HVAC-FanBelt-VBelt-Std/instance-out.sql,150.17,5579766.67,360.34,13388841.86
CZ10/MBT&0&rDXHP&New&HV_AirDist__SupFanMtr/NE-HVAC-FanBelt-CoggedVBelt-Msr/instance-out.sql,150.02,5574029.14,359.82,13369510.84
CZ10/MBT&0&rDXHP&New&HV_AirDist__SupFanMtr/NE-HVAC-FanBelt-SynchVBelt-Msr/instance-out.sql,149.80,5565836.64,359.07,13341902.68
CZ10/MLI&0&rDXHP&New&HV_AirDist__SupFanMtr/NE-HVAC-FanBelt-VBelt-Std/instance-out.sql,99.16,921351.72,320.27,2975843.96
CZ10/MLI&0&rDXHP&New&HV_AirDist__SupFanMtr/NE-HVAC-FanBelt-CoggedVBelt-Msr/instance-out.sql,98.39,914163.66,317.69,2951835.84
CZ10/MLI&0&rDXHP&New&HV_AirDist__SupFanMtr/NE-HVAC-FanBelt-SynchVBelt-Msr/instance-out.sql,97.28,903904.00,314.00,2917568.58
CZ10/Mtl&0&rDXHP&New&HV_AirDist__SupFanMtr/NE-HVAC-FanBelt-VBelt-Std/instance-out.sql,60.25,167834.90,194.74,542513.26
CZ10/Mtl&0&rDXHP&New&HV_AirDist__SupFanMtr/NE-HVAC-FanBelt-CoggedVBelt-Msr/instance-out.sql,59.81,166618.60,193.28,538450.83
CZ10/Mtl&0&rDXHP&New&HV_AirDist__SupFanMtr/NE-HVAC-FanBelt-SynchVBelt-Msr/instance-out.sql,59.19,164881.65,191.20,532649.39
CZ10/Nrs&0&rDXHP&New&HV_AirDist__SupFanMtr/NE-HVAC-FanBelt-VBelt-Std/instance-out.sql,79.52,820034.90,225.60,2326431.45
CZ10/Nrs&0&rDXHP&New&HV_AirDist__SupFanMtr/NE-HVAC-FanBelt-CoggedVBelt-Msr/instance-out.sql,79.34,818123.68,224.98,2320045.95
CZ10/Nrs&0&rDXHP&New&HV_AirDist__SupFanMtr/NE-HVAC-FanBelt-SynchVBelt-Msr/instance-out.sql,79.08,815525.58,224.14,2311308.80
CZ10/OfL&0&rDXHP&New&HV_AirDist__SupFanMtr/NE-HVAC-FanBelt-VBelt-Std/instance-out.sql,68.10,2213916.97,219.02,7119953.52
CZ10/OfL&0&rDXHP&New&HV_AirDist__SupFanMtr/NE-HVAC-FanBelt-CoggedVBelt-Msr/instance-out.sql,67.72,2201427.45,217.74,7078280.68
CZ10/OfL&0&rDXHP&New&HV_AirDist__SupFanMtr/NE-HVAC-FanBelt-SynchVBelt-Msr/instance-out.sql,67.17,2183624.28,215.91,7018819.37
CZ10/OfS&0&rDXHP&New&HV_AirDist__SupFanMtr/NE-HVAC-FanBelt-VBelt-Std/instance-out.sql,62.01,115252.63,182.04,338319.78
CZ10/OfS&0&rDXHP&New&HV_AirDist__SupFanMtr/NE-HVAC-FanBelt-CoggedVBelt-Msr/instance-out.sql,61.61,114495.25,180.68,335790.13
CZ10/OfS&0&rDXHP&New&HV_AirDist__SupFanMtr/NE-HVAC-FanBelt-SynchVBelt-Msr/instance-out.sql,61.02,113414.23,178.74,332179.54
CZ10/RFF&0&rDXHP&New&HV_AirDist__SupFanMtr/NE-HVAC-FanBelt-VBelt-Std/instance-out.sql,276.60,102689.60,656.74,243819.58
CZ10/RFF&0&rDXHP&New&HV_AirDist__SupFanMtr/NE-HVAC-FanBelt-CoggedVBelt-Msr/instance-out.sql,275.88,102421.80,654.33,242925.10
CZ10/RFF&0&rDXHP&New&HV_AirDist__SupFanMtr/NE-HVAC-FanBelt-SynchVBelt-Msr/instance-out.sql,274.85,102039.55,650.89,241648.21
CZ10/RSD&0&rDXHP&New&HV_AirDist__SupFanMtr/NE-HVAC-FanBelt-VBelt-Std/instance-out.sql,215.22,224041.48,467.83,486999.49
CZ10/RSD&0&rDXHP&New&HV_AirDist__SupFanMtr/NE-HVAC-FanBelt-CoggedVBelt-Msr/instance-out.sql,215.11,223924.82,467.45,486607.45
CZ10/RSD&0&rDXHP&New&HV_AirDist__SupFanMtr/NE-HVAC-FanBelt-SynchVBelt-Msr/instance-out.sql,214.95,223758.15,466.91,486047.31
CZ10/Rt3&0&rDXHP&New&HV_AirDist__SupFanMtr/NE-HVAC-FanBelt-VBelt-Std/instance-out.sql,85.34,1902905.35,268.80,5993372.53
CZ10/Rt3&0&rDXHP&New&HV_AirDist__SupFanMtr/NE-HVAC-FanBelt-CoggedVBelt-Msr/instance-out.sql,84.80,1890861.19,267.00,5953136.08
CZ10/Rt3&0&rDXHP&New&HV_AirDist__SupFanMtr/NE-HVAC-FanBelt-SynchVBelt-Msr/instance-out.sql,84.03,1873643.78,264.42,5895622.02
CZ10/RtL&0&rDXHP&New&HV_AirDist__SupFanMtr/NE-HVAC-FanBelt-VBelt-Std/instance-out.sql,143.47,1739489.48,449.84,5453859.07
CZ10/RtL&0&rDXHP&New&HV_AirDist__SupFanMtr/NE-HVAC-FanBelt-CoggedVBelt-Msr/instance-out.sql,142.69,1730006.76,447.23,5422186.78
CZ10/RtL&0&rDXHP&New&HV_AirDist__SupFanMtr/NE-HVAC-FanBelt-SynchVBelt-Msr/instance-out.sql,141.58,1716469.77,443.50,5376973.22
CZ10/RtS&0&rDXHP&New&HV_AirDist__SupFanMtr/NE-HVAC-FanBelt-VBelt-Std/instance-out.sql,82.86,123185.97,254.05,377698.01
CZ10/RtS&0&rDXHP&New&HV_AirDist__SupFanMtr/NE-HVAC-FanBelt-CoggedVBelt-Msr/instance-out.sql,82.33,122404.34,252.30,375087.38
CZ10/RtS&0&rDXHP&New&HV_AirDist__SupFanMtr/NE-HVAC-FanBelt-SynchVBelt-Msr/instance-out.sql,81.58,121286.34,249.78,371353.26
CZ10/SCn&0&rDXHP&New&HV_AirDist__SupFanMtr/NE-HVAC-FanBelt-VBelt-Std/instance-out.sql,58.02,2694856.28,189.97,8824145.53
CZ10/SCn&0&rDXHP&New&HV_AirDist__SupFanMtr/NE-HVAC-FanBelt-CoggedVBelt-Msr/instance-out.sql,57.53,2672446.29,188.36,8749296.16
CZ10/SCn&0&rDXHP&New&HV_AirDist__SupFanMtr/NE-HVAC-FanBelt-SynchVBelt-Msr/instance-out.sql,56.84,2640433.98,186.06,8642375.06
CZ11/Asm&0&rDXHP&New&HV_AirDist__SupFanMtr/NE-HVAC-FanBelt-VBelt-Std/instance-out.sql,105.07,663864.28,343.21,2168409.59
CZ11/Asm&0&rDXHP&New&HV_AirDist__SupFanMtr/NE-HVAC-FanBelt-CoggedVBelt-Msr/instance-out.sql,104.46,659969.47,341.15,2155400.94
CZ11/Asm&0&rDXHP&New&HV_AirDist__SupFanMtr/NE-HVAC-FanBelt-SynchVBelt-Msr/instance-out.sql,103.58,654409.81,338.21,2136831.39
CZ11/ECC&0&rDXHP&New&HV_AirDist__SupFanMtr/NE-HVAC-FanBelt-VBelt-Std/instance-out.sql,93.29,2463076.60,269.88,7125372.57
CZ11/ECC&0&rDXHP&New&HV_AirDist__SupFanMtr/NE-HVAC-FanBelt-CoggedVBelt-Msr/instance-out.sql,92.96,2454489.25,268.79,7096695.20
CZ11/ECC&0&rDXHP&New&HV_AirDist__SupFanMtr/NE-HVAC-FanBelt-SynchVBelt-Msr/instance-out.sql,92.50,2442154.77,267.23,7055505.66
CZ11/EPr&0&rDXHP&New&HV_AirDist__SupFanMtr/NE-HVAC-FanBelt-VBelt-Std/instance-out.sql,97.15,367764.07,250.85,949572.59
CZ11/EPr&0&rDXHP&New&HV_AirDist__SupFanMtr/NE-HVAC-FanBelt-CoggedVBelt-Msr/instance-out.sql,96.85,366612.17,249.84,945725.26
CZ11/EPr&0&rDXHP&New&HV_AirDist__SupFanMtr/NE-HVAC-FanBelt-SynchVBelt-Msr/instance-out.sql,96.42,364981.14,248.40,940277.60
CZ11/ERC&0&rDXHP&New&HV_AirDist__SupFanMtr/NE-HVAC-FanBelt-VBelt-Std/instance-out.sql,67.78,18157.11,148.99,39914.41
CZ11/ERC&0&rDXHP&New&HV_AirDist__SupFanMtr/NE-HVAC-FanBelt-CoggedVBelt-Msr/instance-out.sql,67.54,18092.98,148.19,39700.20
CZ11/ERC&0&rDXHP&New&HV_AirDist__SupFanMtr/NE-HVAC-FanBelt-SynchVBelt-Msr/instance-out.sql,67.20,18001.89,147.06,39395.96
CZ11/ESe&0&rDXHP&New&HV_AirDist__SupFanMtr/NE-HVAC-FanBelt-VBelt-Std/instance-out.sql,161.55,1116683.99,403.40,2788393.90
CZ11/ESe&0&rDXHP&New&HV_AirDist__SupFanMtr/NE-HVAC-FanBelt-CoggedVBelt-Msr/instance-out.sql,161.35,1115314.65,402.74,2783848.07
CZ11/ESe&0&rDXHP&New&HV_AirDist__SupFanMtr/NE-HVAC-FanBelt-SynchVBelt-Msr/instance-out.sql,161.08,1113401.61,401.82,2777432.94
CZ11/EUn&0&rDXHP&New&HV_AirDist__SupFanMtr/NE-HVAC-FanBelt-VBelt-Std/instance-out.sql,96.96,7727087.08,300.06,23911962.24
CZ11/EUn&0&rDXHP&New&HV_AirDist__SupFanMtr/NE-HVAC-FanBelt-CoggedVBelt-Msr/instance-out.sql,96.63,7700640.87,298.95,23823626.01
CZ11/EUn&0&rDXHP&New&HV_AirDist__SupFanMtr/NE-HVAC-FanBelt-SynchVBelt-Msr/instance-out.sql,96.16,7662906.76,297.37,23697585.60
CZ11/Hsp&0&rDXHP&New&HV_AirDist__SupFanMtr/NE-HVAC-FanBelt-VBelt-Std/instance-out.sql,80.39,3689701.54,245.41,11264339.99
CZ11/Hsp&0&rDXHP&New&HV_AirDist__SupFanMtr/NE-HVAC-FanBelt-CoggedVBelt-Msr/instance-out.sql,80.27,3684461.88,245.03,11246574.39
CZ11/Hsp&0&rDXHP&New&HV_AirDist__SupFanMtr/NE-HVAC-FanBelt-SynchVBelt-Msr/instance-out.sql,80.10,3676710.39,244.47,11220792.90
CZ11/MBT&0&rDXHP&New&HV_AirDist__SupFanMtr/NE-HVAC-FanBelt-VBelt-Std/instance-out.sql,178.13,6618842.53,399.18,14832234.55
CZ11/MBT&0&rDXHP&New&HV_AirDist__SupFanMtr/NE-HVAC-FanBelt-CoggedVBelt-Msr/instance-out.sql,177.99,6613493.49,398.70,14814102.43
CZ11/MBT&0&rDXHP&New&HV_AirDist__SupFanMtr/NE-HVAC-FanBelt-SynchVBelt-Msr/instance-out.sql,177.78,6605706.40,397.99,14787798.73
CZ11/MLI&0&rDXHP&New&HV_AirDist__SupFanMtr/NE-HVAC-FanBelt-VBelt-Std/instance-out.sql,103.52,961847.79,334.57,3108659.85
CZ11/MLI&0&rDXHP&New&HV_AirDist__SupFanMtr/NE-HVAC-FanBelt-CoggedVBelt-Msr/instance-out.sql,102.78,954947.00,332.09,3085611.24
CZ11/MLI&0&rDXHP&New&HV_AirDist__SupFanMtr/NE-HVAC-FanBelt-SynchVBelt-Msr/instance-out.sql,101.71,945095.92,328.54,3052708.66
CZ11/Mtl&0&rDXHP&New&HV_AirDist__SupFanMtr/NE-HVAC-FanBelt-VBelt-Std/instance-out.sql,63.89,177975.66,205.76,573221.92
CZ11/Mtl&0&rDXHP&New&HV_AirDist__SupFanMtr/NE-HVAC-FanBelt-CoggedVBelt-Msr/instance-out.sql,63.47,176807.85,204.36,569307.51
CZ11/Mtl&0&rDXHP&New&HV_AirDist__SupFanMtr/NE-HVAC-FanBelt-SynchVBelt-Msr/instance-out.sql,62.86,175126.92,202.34,563693.07
CZ11/Nrs&0&rDXHP&New&HV_AirDist__SupFanMtr/NE-HVAC-FanBelt-VBelt-Std/instance-out.sql,83.06,856557.48,230.95,2381630.19
CZ11/Nrs&0&rDXHP&New&HV_AirDist__SupFanMtr/NE-HVAC-FanBelt-CoggedVBelt-Msr/instance-out.sql,82.89,854778.34,230.37,2375633.42
CZ11/Nrs&0&rDXHP&New&HV_AirDist__SupFanMtr/NE-HVAC-FanBelt-SynchVBelt-Msr/instance-out.sql,82.65,852342.10,229.57,2367309.85
CZ11/OfL&0&rDXHP&New&HV_AirDist__SupFanMtr/NE-HVAC-FanBelt-VBelt-Std/instance-out.sql,68.29,2219963.25,218.21,7093555.91
CZ11/OfL&0&rDXHP&New&HV_AirDist__SupFanMtr/NE-HVAC-FanBelt-CoggedVBelt-Msr/instance-out.sql,67.92,2208013.93,216.98,7053632.82
CZ11/OfL&0&rDXHP&New&HV_AirDist__SupFanMtr/NE-HVAC-FanBelt-SynchVBelt-Msr/instance-out.sql,67.40,2190925.45,215.23,6996681.71
CZ11/OfS&0&rDXHP&New&HV_AirDist__SupFanMtr/NE-HVAC-FanBelt-VBelt-Std/instance-out.sql,63.50,118018.31,186.46,346529.27
CZ11/OfS&0&rDXHP&New&HV_AirDist__SupFanMtr/NE-HVAC-FanBelt-CoggedVBelt-Msr/instance-out.sql,63.12,117314.03,185.19,344176.98
CZ11/OfS&0&rDXHP&New&HV_AirDist__SupFanMtr/NE-HVAC-FanBelt-SynchVBelt-Msr/instance-out.sql,62.58,116297.59,183.36,340782.05
CZ11/RFF&0&rDXHP&New&HV_AirDist__SupFanMtr/NE-HVAC-FanBelt-VBelt-Std/instance-out.sql,261.60,97122.88,603.90,224203.03
CZ11/RFF&0&rDXHP&New&HV_AirDist__SupFanMtr/NE-HVAC-FanBelt-CoggedVBelt-Msr/instance-out.sql,261.08,96926.89,602.14,223548.40
CZ11/RFF&0&rDXHP&New&HV_AirDist__SupFanMtr/NE-HVAC-FanBelt-SynchVBelt-Msr/instance-out.sql,260.32,96647.10,599.62,222613.89
CZ11/RSD&0&rDXHP&New&HV_AirDist__SupFanMtr/NE-HVAC-FanBelt-VBelt-Std/instance-out.sql,229.54,238946.74,488.10,508101.30
CZ11/RSD&0&rDXHP&New&HV_AirDist__SupFanMtr/NE-HVAC-FanBelt-CoggedVBelt-Msr/instance-out.sql,229.43,238837.61,487.74,507733.43
CZ11/RSD&0&rDXHP&New&HV_AirDist__SupFanMtr/NE-HVAC-FanBelt-SynchVBelt-Msr/instance-out.sql,229.28,238681.50,487.24,507207.94
CZ11/Rt3&0&rDXHP&New&HV_AirDist__SupFanMtr/NE-HVAC-FanBelt-VBelt-Std/instance-out.sql,77.82,1735157.05,243.08,5419906.86
CZ11/Rt3&0&rDXHP&New&HV_AirDist__SupFanMtr/NE-HVAC-FanBelt-CoggedVBelt-Msr/instance-out.sql,77.42,1726161.90,241.73,5389844.75
CZ11/Rt3&0&rDXHP&New&HV_AirDist__SupFanMtr/NE-HVAC-FanBelt-SynchVBelt-Msr/instance-out.sql,76.84,1713326.63,239.81,5346949.42
CZ11/RtL&0&rDXHP&New&HV_AirDist__SupFanMtr/NE-HVAC-FanBelt-VBelt-Std/instance-out.sql,146.76,1779358.38,460.25,5580088.22
CZ11/RtL&0&rDXHP&New&HV_AirDist__SupFanMtr/NE-HVAC-FanBelt-CoggedVBelt-Msr/instance-out.sql,146.01,1770218.36,457.73,5549560.56
CZ11/RtL&0&rDXHP&New&HV_AirDist__SupFanMtr/NE-HVAC-FanBelt-SynchVBelt-Msr/instance-out.sql,144.93,1757173.23,454.14,5505989.82
CZ11/RtS&0&rDXHP&New&HV_AirDist__SupFanMtr/NE-HVAC-FanBelt-VBelt-Std/instance-out.sql,74.07,110122.82,224.34,333517.68
CZ11/RtS&0&rDXHP&New&HV_AirDist__SupFanMtr/NE-HVAC-FanBelt-CoggedVBelt-Msr/instance-out.sql,73.72,109606.08,223.17,331791.79
CZ11/RtS&0&rDXHP&New&HV_AirDist__SupFanMtr/NE-HVAC-FanBelt-SynchVBelt-Msr/instance-out.sql,73.23,108867.98,221.52,329326.54
CZ11/SCn&0&rDXHP&New&HV_AirDist__SupFanMtr/NE-HVAC-FanBelt-VBelt-Std/instance-out.sql,64.72,3006331.17,212.27,9859981.86
CZ11/SCn&0&rDXHP&New&HV_AirDist__SupFanMtr/NE-HVAC-FanBelt-CoggedVBelt-Msr/instance-out.sql,64.24,2983872.64,210.65,9784970.38
CZ11/SCn&0&rDXHP&New&HV_AirDist__SupFanMtr/NE-HVAC-FanBelt-SynchVBelt-Msr/instance-out.sql,63.55,2951742.33,208.34,9677655.15
CZ12/Asm&0&rDXHP&New&HV_AirDist__SupFanMtr/NE-HVAC-FanBelt-VBelt-Std/instance-out.sql,95.64,604241.27,311.42,1967541.64
CZ12/Asm&0&rDXHP&New&HV_AirDist__SupFanMtr/NE-HVAC-FanBelt-CoggedVBelt-Msr/instance-out.sql,95.05,600556.95,309.47,1955235.99
CZ12/Asm&0&rDXHP&New&HV_AirDist__SupFanMtr/NE-HVAC-FanBelt-SynchVBelt-Msr/instance-out.sql,94.22,595288.12,306.68,1937638.10
CZ12/ECC&0&rDXHP&New&HV_AirDist__SupFanMtr/NE-HVAC-FanBelt-VBelt-Std/instance-out.sql,89.12,2353028.99,254.09,6708701.93
CZ12/ECC&0&rDXHP&New&HV_AirDist__SupFanMtr/NE-HVAC-FanBelt-CoggedVBelt-Msr/instance-out.sql,88.82,2345135.56,253.10,6682329.72
CZ12/ECC&0&rDXHP&New&HV_AirDist__SupFanMtr/NE-HVAC-FanBelt-SynchVBelt-Msr/instance-out.sql,88.40,2333887.52,251.67,6644757.24
CZ12/EPr&0&rDXHP&New&HV_AirDist__SupFanMtr/NE-HVAC-FanBelt-VBelt-Std/instance-out.sql,93.17,352699.56,235.22,890394.53
CZ12/EPr&0&rDXHP&New&HV_AirDist__SupFanMtr/NE-HVAC-FanBelt-CoggedVBelt-Msr/instance-out.sql,92.89,351635.11,234.28,886839.24
CZ12/EPr&0&rDXHP&New&HV_AirDist__SupFanMtr/NE-HVAC-FanBelt-SynchVBelt-Msr/instance-out.sql,92.49,350114.83,232.94,881761.53
CZ12/ERC&0&rDXHP&New&HV_AirDist__SupFanMtr/NE-HVAC-FanBelt-VBelt-Std/instance-out.sql,64.58,17299.73,137.10,36728.99
CZ12/ERC&0&rDXHP&New&HV_AirDist__SupFanMtr/NE-HVAC-FanBelt-CoggedVBelt-Msr/instance-out.sql,64.37,17243.21,136.40,36540.23
CZ12/ERC&0&rDXHP&New&HV_AirDist__SupFanMtr/NE-HVAC-FanBelt-SynchVBelt-Msr/instance-out.sql,64.07,17163.04,135.40,36272.47
CZ12/ESe&0&rDXHP&New&HV_AirDist__SupFanMtr/NE-HVAC-FanBelt-VBelt-Std/instance-out.sql,157.17,1086378.50,381.35,2635980.81
CZ12/ESe&0&rDXHP&New&HV_AirDist__SupFanMtr/NE-HVAC-FanBelt-CoggedVBelt-Msr/instance-out.sql,156.99,1085142.60,380.75,2631836.62
CZ12/ESe&0&rDXHP&New&HV_AirDist__SupFanMtr/NE-HVAC-FanBelt-SynchVBelt-Msr/instance-out.sql,156.73,1083379.37,379.90,2625926.82
CZ12/EUn&0&rDXHP&New&HV_AirDist__SupFanMtr/NE-HVAC-FanBelt-VBelt-Std/instance-out.sql,92.74,7390227.07,284.97,22709412.46
CZ12/EUn&0&rDXHP&New&HV_AirDist__SupFanMtr/NE-HVAC-FanBelt-CoggedVBelt-Msr/instance-out.sql,92.42,7365288.18,283.92,22626113.57
CZ12/EUn&0&rDXHP&New&HV_AirDist__SupFanMtr/NE-HVAC-FanBelt-SynchVBelt-Msr/instance-out.sql,91.98,7329696.89,282.43,22507234.33
CZ12/Hsp&0&rDXHP&New&HV_AirDist__SupFanMtr/NE-HVAC-FanBelt-VBelt-Std/instance-out.sql,75.80,3479218.70,228.36,10481478.11
CZ12/Hsp&0&rDXHP&New&HV_AirDist__SupFanMtr/NE-HVAC-FanBelt-CoggedVBelt-Msr/instance-out.sql,75.69,3474230.43,227.99,10464442.96
CZ12/Hsp&0&rDXHP&New&HV_AirDist__SupFanMtr/NE-HVAC-FanBelt-SynchVBelt-Msr/instance-out.sql,75.53,3466816.00,227.45,10439782.89
CZ12/MBT&0&rDXHP&New&HV_AirDist__SupFanMtr/NE-HVAC-FanBelt-VBelt-Std/instance-out.sql,177.83,6607345.52,383.44,14247138.33
CZ12/MBT&0&rDXHP&New&HV_AirDist__SupFanMtr/NE-HVAC-FanBelt-CoggedVBelt-Msr/instance-out.sql,177.69,6602303.35,382.98,14230083.09
CZ12/MBT&0&rDXHP&New&HV_AirDist__SupFanMtr/NE-HVAC-FanBelt-SynchVBelt-Msr/instance-out.sql,177.50,6595106.99,382.32,14205740.89
CZ12/MLI&0&rDXHP&New&HV_AirDist__SupFanMtr/NE-HVAC-FanBelt-VBelt-Std/instance-out.sql,97.31,904164.06,313.34,2911406.31
CZ12/MLI&0&rDXHP&New&HV_AirDist__SupFanMtr/NE-HVAC-FanBelt-CoggedVBelt-Msr/instance-out.sql,96.60,897598.88,310.98,2889478.58
CZ12/MLI&0&rDXHP&New&HV_AirDist__SupFanMtr/NE-HVAC-FanBelt-SynchVBelt-Msr/instance-out.sql,95.59,888231.08,307.61,2858190.14
CZ12/Mtl&0&rDXHP&New&HV_AirDist__SupFanMtr/NE-HVAC-FanBelt-VBelt-Std/instance-out.sql,57.29,159585.92,183.88,512243.14
CZ12/Mtl&0&rDXHP&New&HV_AirDist__SupFanMtr/NE-HVAC-FanBelt-CoggedVBelt-Msr/instance-out.sql,56.90,158500.43,182.58,508638.69
CZ12/Mtl&0&rDXHP&New&HV_AirDist__SupFanMtr/NE-HVAC-FanBelt-SynchVBelt-Msr/instance-out.sql,56.36,157002.67,180.77,503595.75
CZ12/Nrs&0&rDXHP&New&HV_AirDist__SupFanMtr/NE-HVAC-FanBelt-VBelt-Std/instance-out.sql,79.08,815495.80,216.84,2236035.72
CZ12/Nrs&0&rDXHP&New&HV_AirDist__SupFanMtr/NE-HVAC-FanBelt-CoggedVBelt-Msr/instance-out.sql,78.92,813866.17,216.31,2230590.83
CZ12/Nrs&0&rDXHP&New&HV_AirDist__SupFanMtr/NE-HVAC-FanBelt-SynchVBelt-Msr/instance-out.sql,78.70,811612.25,215.55,2222809.39
CZ12/OfL&0&rDXHP&New&HV_AirDist__SupFanMtr/NE-HVAC-FanBelt-VBelt-Std/instance-out.sql,64.16,2085604.72,204.10,6634881.67
CZ12/OfL&0&rDXHP&New&HV_AirDist__SupFanMtr/NE-HVAC-FanBelt-CoggedVBelt-Msr/instance-out.sql,63.81,2074459.89,202.95,6597607.66
CZ12/OfL&0&rDXHP&New&HV_AirDist__SupFanMtr/NE-HVAC-FanBelt-SynchVBelt-Msr/instance-out.sql,63.32,2058541.59,201.31,6544351.97
CZ12/OfS&0&rDXHP&New&HV_AirDist__SupFanMtr/NE-HVAC-FanBelt-VBelt-Std/instance-out.sql,59.27,110159.76,171.30,318367.71
CZ12/OfS&0&rDXHP&New&HV_AirDist__SupFanMtr/NE-HVAC-FanBelt-CoggedVBelt-Msr/instance-out.sql,58.93,109518.47,170.15,316225.82
CZ12/OfS&0&rDXHP&New&HV_AirDist__SupFanMtr/NE-HVAC-FanBelt-SynchVBelt-Msr/instance-out.sql,58.43,108599.84,168.50,313157.60
CZ12/RFF&0&rDXHP&New&HV_AirDist__SupFanMtr/NE-HVAC-FanBelt-VBelt-Std/instance-out.sql,254.07,94324.10,573.00,212730.80
CZ12/RFF&0&rDXHP&New&HV_AirDist__SupFanMtr/NE-HVAC-FanBelt-CoggedVBelt-Msr/instance-out.sql,253.58,94145.46,571.39,212134.13
CZ12/RFF&0&rDXHP&New&HV_AirDist__SupFanMtr/NE-HVAC-FanBelt-SynchVBelt-Msr/instance-out.sql,252.90,93890.37,569.10,211282.15
CZ12/RSD&0&rDXHP&New&HV_AirDist__SupFanMtr/NE-HVAC-FanBelt-VBelt-Std/instance-out.sql,221.57,230652.78,459.63,478464.51
CZ12/RSD&0&rDXHP&New&HV_AirDist__SupFanMtr/NE-HVAC-FanBelt-CoggedVBelt-Msr/instance-out.sql,221.48,230553.53,459.30,478128.57
CZ12/RSD&0&rDXHP&New&HV_AirDist__SupFanMtr/NE-HVAC-FanBelt-SynchVBelt-Msr/instance-out.sql,221.34,230412.85,458.85,477651.06
CZ12/Rt3&0&rDXHP&New&HV_AirDist__SupFanMtr/NE-HVAC-FanBelt-VBelt-Std/instance-out.sql,74.57,1662567.59,231.33,5157838.58
CZ12/Rt3&0&rDXHP&New&HV_AirDist__SupFanMtr/NE-HVAC-FanBelt-CoggedVBelt-Msr/instance-out.sql,74.18,1653890.55,230.03,5128836.89
CZ12/Rt3&0&rDXHP&New&HV_AirDist__SupFanMtr/NE-HVAC-FanBelt-SynchVBelt-Msr/instance-out.sql,73.62,1641512.42,228.17,5087465.26
CZ12/RtL&0&rDXHP&New&HV_AirDist__SupFanMtr/NE-HVAC-FanBelt-VBelt-Std/instance-out.sql,139.20,1687662.51,433.93,5260923.38
CZ12/RtL&0&rDXHP&New&HV_AirDist__SupFanMtr/NE-HVAC-FanBelt-CoggedVBelt-Msr/instance-out.sql,138.49,1679034.95,431.55,5232107.34
CZ12/RtL&0&rDXHP&New&HV_AirDist__SupFanMtr/NE-HVAC-FanBelt-SynchVBelt-Msr/instance-out.sql,137.47,1666719.50,428.16,5190973.73
CZ12/RtS&0&rDXHP&New&HV_AirDist__SupFanMtr/NE-HVAC-FanBelt-VBelt-Std/instance-out.sql,70.85,105333.10,212.89,316495.56
CZ12/RtS&0&rDXHP&New&HV_AirDist__SupFanMtr/NE-HVAC-FanBelt-CoggedVBelt-Msr/instance-out.sql,70.51,104829.84,211.75,314814.67
CZ12/RtS&0&rDXHP&New&HV_AirDist__SupFanMtr/NE-HVAC-FanBelt-SynchVBelt-Msr/instance-out.sql,70.03,104111.55,210.14,312415.61
CZ12/SCn&0&rDXHP&New&HV_AirDist__SupFanMtr/NE-HVAC-FanBelt-VBelt-Std/instance-out.sql,58.02,2695090.70,189.71,8811974.10
CZ12/SCn&0&rDXHP&New&HV_AirDist__SupFanMtr/NE-HVAC-FanBelt-CoggedVBelt-Msr/instance-out.sql,57.60,2675502.14,188.30,8746548.31
CZ12/SCn&0&rDXHP&New&HV_AirDist__SupFanMtr/NE-HVAC-FanBelt-SynchVBelt-Msr/instance-out.sql,57.01,2647981.64,186.32,8654629.84
CZ13/Asm&0&rDXHP&New&HV_AirDist__SupFanMtr/NE-HVAC-FanBelt-VBelt-Std/instance-out.sql,105.31,665352.32,344.12,2174129.68
CZ13/Asm&0&rDXHP&New&HV_AirDist__SupFanMtr/NE-HVAC-FanBelt-CoggedVBelt-Msr/instance-out.sql,104.69,661403.56,342.03,2160940.83
CZ13/Asm&0&rDXHP&New&HV_AirDist__SupFanMtr/NE-HVAC-FanBelt-SynchVBelt-Msr/instance-out.sql,103.79,655761.55,339.04,2142096.49
CZ13/ECC&0&rDXHP&New&HV_AirDist__SupFanMtr/NE-HVAC-FanBelt-VBelt-Std/instance-out.sql,93.72,2474339.45,272.11,7184429.76
CZ13/ECC&0&rDXHP&New&HV_AirDist__SupFanMtr/NE-HVAC-FanBelt-CoggedVBelt-Msr/instance-out.sql,93.38,2465513.64,271.00,7154955.21
CZ13/ECC&0&rDXHP&New&HV_AirDist__SupFanMtr/NE-HVAC-FanBelt-SynchVBelt-Msr/instance-out.sql,92.91,2452932.37,269.41,7112936.06
CZ13/EPr&0&rDXHP&New&HV_AirDist__SupFanMtr/NE-HVAC-FanBelt-VBelt-Std/instance-out.sql,97.43,368814.49,252.79,956901.01
CZ13/EPr&0&rDXHP&New&HV_AirDist__SupFanMtr/NE-HVAC-FanBelt-CoggedVBelt-Msr/instance-out.sql,97.12,367640.53,251.75,952979.98
CZ13/EPr&0&rDXHP&New&HV_AirDist__SupFanMtr/NE-HVAC-FanBelt-SynchVBelt-Msr/instance-out.sql,96.69,365993.20,250.30,947477.90
CZ13/ERC&0&rDXHP&New&HV_AirDist__SupFanMtr/NE-HVAC-FanBelt-VBelt-Std/instance-out.sql,68.75,18417.58,152.76,40923.08
CZ13/ERC&0&rDXHP&New&HV_AirDist__SupFanMtr/NE-HVAC-FanBelt-CoggedVBelt-Msr/instance-out.sql,68.49,18348.73,151.90,40693.15
CZ13/ERC&0&rDXHP&New&HV_AirDist__SupFanMtr/NE-HVAC-FanBelt-SynchVBelt-Msr/instance-out.sql,68.12,18250.30,150.67,40364.40
CZ13/ESe&0&rDXHP&New&HV_AirDist__SupFanMtr/NE-HVAC-FanBelt-VBelt-Std/instance-out.sql,160.20,1107341.67,405.04,2799718.94
CZ13/ESe&0&rDXHP&New&HV_AirDist__SupFanMtr/NE-HVAC-FanBelt-CoggedVBelt-Msr/instance-out.sql,160.00,1105963.62,404.37,2795101.28
CZ13/ESe&0&rDXHP&New&HV_AirDist__SupFanMtr/NE-HVAC-FanBelt-SynchVBelt-Msr/instance-out.sql,159.72,1103996.31,403.42,2788508.53
CZ13/EUn&0&rDXHP&New&HV_AirDist__SupFanMtr/NE-HVAC-FanBelt-VBelt-Std/instance-out.sql,97.33,7756112.18,301.77,24048739.89
CZ13/EUn&0&rDXHP&New&HV_AirDist__SupFanMtr/NE-HVAC-FanBelt-CoggedVBelt-Msr/instance-out.sql,96.99,7729375.39,300.65,23959436.45
CZ13/EUn&0&rDXHP&New&HV_AirDist__SupFanMtr/NE-HVAC-FanBelt-SynchVBelt-Msr/instance-out.sql,96.51,7691220.43,299.06,23831995.47
CZ13/Hsp&0&rDXHP&New&HV_AirDist__SupFanMtr/NE-HVAC-FanBelt-VBelt-Std/instance-out.sql,81.20,3726955.05,248.79,11419094.64
CZ13/Hsp&0&rDXHP&New&HV_AirDist__SupFanMtr/NE-HVAC-FanBelt-CoggedVBelt-Msr/instance-out.sql,81.08,3721709.56,248.40,11401206.09
CZ13/Hsp&0&rDXHP&New&HV_AirDist__SupFanMtr/NE-HVAC-FanBelt-SynchVBelt-Msr/instance-out.sql,80.92,3713961.53,247.83,11375028.84
CZ13/MBT&0&rDXHP&New&HV_AirDist__SupFanMtr/NE-HVAC-FanBelt-VBelt-Std/instance-out.sql,172.74,6418256.47,396.83,14744769.04
CZ13/MBT&0&rDXHP&New&HV_AirDist__SupFanMtr/NE-HVAC-FanBelt-CoggedVBelt-Msr/instance-out.sql,172.59,6412647.35,396.32,14725845.51
CZ13/MBT&0&rDXHP&New&HV_AirDist__SupFanMtr/NE-HVAC-FanBelt-SynchVBelt-Msr/instance-out.sql,172.37,6404639.67,395.59,14698830.09
CZ13/MLI&0&rDXHP&New&HV_AirDist__SupFanMtr/NE-HVAC-FanBelt-VBelt-Std/instance-out.sql,104.56,971505.88,338.25,3142907.11
CZ13/MLI&0&rDXHP&New&HV_AirDist__SupFanMtr/NE-HVAC-FanBelt-CoggedVBelt-Msr/instance-out.sql,103.79,964391.39,335.69,3119144.71
CZ13/MLI&0&rDXHP&New&HV_AirDist__SupFanMtr/NE-HVAC-FanBelt-SynchVBelt-Msr/instance-out.sql,102.70,954237.27,332.04,3085229.94
CZ13/Mtl&0&rDXHP&New&HV_AirDist__SupFanMtr/NE-HVAC-FanBelt-VBelt-Std/instance-out.sql,63.74,177554.68,205.65,572891.63
CZ13/Mtl&0&rDXHP&New&HV_AirDist__SupFanMtr/NE-HVAC-FanBelt-CoggedVBelt-Msr/instance-out.sql,63.32,176396.87,204.25,569015.13
CZ13/Mtl&0&rDXHP&New&HV_AirDist__SupFanMtr/NE-HVAC-FanBelt-SynchVBelt-Msr/instance-out.sql,62.72,174715.51,202.25,563417.60
CZ13/Nrs&0&rDXHP&New&HV_AirDist__SupFanMtr/NE-HVAC-FanBelt-VBelt-Std/instance-out.sql,83.56,861720.69,233.63,2409185.28
CZ13/Nrs&0&rDXHP&New&HV_AirDist__SupFanMtr/NE-HVAC-FanBelt-CoggedVBelt-Msr/instance-out.sql,83.39,859949.94,233.04,2403171.88
CZ13/Nrs&0&rDXHP&New&HV_AirDist__SupFanMtr/NE-HVAC-FanBelt-SynchVBelt-Msr/instance-out.sql,83.15,857437.21,232.21,2394565.97
CZ13/OfL&0&rDXHP&New&HV_AirDist__SupFanMtr/NE-HVAC-FanBelt-VBelt-Std/instance-out.sql,68.63,2231058.40,219.85,7147099.81
CZ13/OfL&0&rDXHP&New&HV_AirDist__SupFanMtr/NE-HVAC-FanBelt-CoggedVBelt-Msr/instance-out.sql,68.26,2218961.49,218.61,7106834.93
CZ13/OfL&0&rDXHP&New&HV_AirDist__SupFanMtr/NE-HVAC-FanBelt-SynchVBelt-Msr/instance-out.sql,67.73,2201872.32,216.85,7049620.30
CZ13/OfS&0&rDXHP&New&HV_AirDist__SupFanMtr/NE-HVAC-FanBelt-VBelt-Std/instance-out.sql,63.89,118730.26,188.18,349737.22
CZ13/OfS&0&rDXHP&New&HV_AirDist__SupFanMtr/NE-HVAC-FanBelt-CoggedVBelt-Msr/instance-out.sql,63.50,118006.43,186.88,347319.62
CZ13/OfS&0&rDXHP&New&HV_AirDist__SupFanMtr/NE-HVAC-FanBelt-SynchVBelt-Msr/instance-out.sql,62.94,116974.44,185.03,343872.79
CZ13/RFF&0&rDXHP&New&HV_AirDist__SupFanMtr/NE-HVAC-FanBelt-VBelt-Std/instance-out.sql,263.18,97707.88,611.70,227098.74
CZ13/RFF&0&rDXHP&New&HV_AirDist__SupFanMtr/NE-HVAC-FanBelt-CoggedVBelt-Msr/instance-out.sql,262.64,97506.38,609.89,226425.74
CZ13/RFF&0&rDXHP&New&HV_AirDist__SupFanMtr/NE-HVAC-FanBelt-SynchVBelt-Msr/instance-out.sql,261.86,97218.79,607.30,225465.16
CZ13/RSD&0&rDXHP&New&HV_AirDist__SupFanMtr/NE-HVAC-FanBelt-VBelt-Std/instance-out.sql,230.21,239649.96,494.66,514936.65
CZ13/RSD&0&rDXHP&New&HV_AirDist__SupFanMtr/NE-HVAC-FanBelt-CoggedVBelt-Msr/instance-out.sql,230.11,239537.45,494.30,514557.14
CZ13/RSD&0&rDXHP&New&HV_AirDist__SupFanMtr/NE-HVAC-FanBelt-SynchVBelt-Msr/instance-out.sql,229.95,239376.98,493.78,514015.37
CZ13/Rt3&0&rDXHP&New&HV_AirDist__SupFanMtr/NE-HVAC-FanBelt-VBelt-Std/instance-out.sql,78.62,1752978.86,246.15,5488382.38
CZ13/Rt3&0&rDXHP&New&HV_AirDist__SupFanMtr/NE-HVAC-FanBelt-CoggedVBelt-Msr/instance-out.sql,78.21,1743718.77,244.76,5457435.48
CZ13/Rt3&0&rDXHP&New&HV_AirDist__SupFanMtr/NE-HVAC-FanBelt-SynchVBelt-Msr/instance-out.sql,77.61,1730506.60,242.78,5413279.20
CZ13/RtL&0&rDXHP&New&HV_AirDist__SupFanMtr/NE-HVAC-FanBelt-VBelt-Std/instance-out.sql,148.58,1801373.31,466.78,5659208.47
CZ13/RtL&0&rDXHP&New&HV_AirDist__SupFanMtr/NE-HVAC-FanBelt-CoggedVBelt-Msr/instance-out.sql,147.80,1791872.34,464.16,5627475.25
CZ13/RtL&0&rDXHP&New&HV_AirDist__SupFanMtr/NE-HVAC-FanBelt-SynchVBelt-Msr/instance-out.sql,146.68,1778305.79,460.42,5582162.99
CZ13/RtS&0&rDXHP&New&HV_AirDist__SupFanMtr/NE-HVAC-FanBelt-VBelt-Std/instance-out.sql,75.20,111805.86,228.42,339583.97
CZ13/RtS&0&rDXHP&New&HV_AirDist__SupFanMtr/NE-HVAC-FanBelt-CoggedVBelt-Msr/instance-out.sql,74.84,111262.11,227.19,337767.87
CZ13/RtS&0&rDXHP&New&HV_AirDist__SupFanMtr/NE-HVAC-FanBelt-SynchVBelt-Msr/instance-out.sql,74.32,110485.94,225.45,335175.45
CZ13/SCn&0&rDXHP&New&HV_AirDist__SupFanMtr/NE-HVAC-FanBelt-VBelt-Std/instance-out.sql,66.19,3074420.18,217.24,10091069.75
CZ13/SCn&0&rDXHP&New&HV_AirDist__SupFanMtr/NE-HVAC-FanBelt-CoggedVBelt-Msr/instance-out.sql,65.66,3050158.43,215.50,10010035.50
CZ13/SCn&0&rDXHP&New&HV_AirDist__SupFanMtr/NE-HVAC-FanBelt-SynchVBelt-Msr/instance-out.sql,64.93,3016004.40,213.04,9895961.05
CZ14/Asm&0&rDXHP&New&HV_AirDist__SupFanMtr/NE-HVAC-FanBelt-VBelt-Std/instance-out.sql,107.12,676782.93,349.99,2211265.28
CZ14/Asm&0&rDXHP&New&HV_AirDist__SupFanMtr/NE-HVAC-FanBelt-CoggedVBelt-Msr/instance-out.sql,106.45,672547.42,347.75,2197118.69
CZ14/Asm&0&rDXHP&New&HV_AirDist__SupFanMtr/NE-HVAC-FanBelt-SynchVBelt-Msr/instance-out.sql,105.49,666499.80,344.56,2176919.62
CZ14/ECC&0&rDXHP&New&HV_AirDist__SupFanMtr/NE-HVAC-FanBelt-VBelt-Std/instance-out.sql,95.07,2510202.85,275.60,7276438.52
CZ14/ECC&0&rDXHP&New&HV_AirDist__SupFanMtr/NE-HVAC-FanBelt-CoggedVBelt-Msr/instance-out.sql,94.73,2501135.30,274.45,7246152.10
CZ14/ECC&0&rDXHP&New&HV_AirDist__SupFanMtr/NE-HVAC-FanBelt-SynchVBelt-Msr/instance-out.sql,94.24,2488143.62,272.81,7202758.33
CZ14/EPr&0&rDXHP&New&HV_AirDist__SupFanMtr/NE-HVAC-FanBelt-VBelt-Std/instance-out.sql,99.05,374956.89,256.87,972357.04
CZ14/EPr&0&rDXHP&New&HV_AirDist__SupFanMtr/NE-HVAC-FanBelt-CoggedVBelt-Msr/instance-out.sql,98.73,373731.21,255.79,968263.29
CZ14/EPr&0&rDXHP&New&HV_AirDist__SupFanMtr/NE-HVAC-FanBelt-SynchVBelt-Msr/instance-out.sql,98.27,371979.81,254.24,962413.61
CZ14/ERC&0&rDXHP&New&HV_AirDist__SupFanMtr/NE-HVAC-FanBelt-VBelt-Std/instance-out.sql,69.40,18591.42,154.24,41320.43
CZ14/ERC&0&rDXHP&New&HV_AirDist__SupFanMtr/NE-HVAC-FanBelt-CoggedVBelt-Msr/instance-out.sql,69.14,18522.43,153.38,41090.00
CZ14/ERC&0&rDXHP&New&HV_AirDist__SupFanMtr/NE-HVAC-FanBelt-SynchVBelt-Msr/instance-out.sql,68.77,18423.35,152.15,40759.07
CZ14/ESe&0&rDXHP&New&HV_AirDist__SupFanMtr/NE-HVAC-FanBelt-VBelt-Std/instance-out.sql,160.56,1109852.95,405.65,2803927.24
CZ14/ESe&0&rDXHP&New&HV_AirDist__SupFanMtr/NE-HVAC-FanBelt-CoggedVBelt-Msr/instance-out.sql,160.36,1108427.97,404.96,2799154.14
CZ14/ESe&0&rDXHP&New&HV_AirDist__SupFanMtr/NE-HVAC-FanBelt-SynchVBelt-Msr/instance-out.sql,160.06,1106394.83,403.97,2792344.54
CZ14/EUn&0&rDXHP&New&HV_AirDist__SupFanMtr/NE-HVAC-FanBelt-VBelt-Std/instance-out.sql,99.29,7912137.12,307.71,24521618.23
CZ14/EUn&0&rDXHP&New&HV_AirDist__SupFanMtr/NE-HVAC-FanBelt-CoggedVBelt-Msr/instance-out.sql,98.93,7883806.88,306.52,24426989.27
CZ14/EUn&0&rDXHP&New&HV_AirDist__SupFanMtr/NE-HVAC-FanBelt-SynchVBelt-Msr/instance-out.sql,98.42,7843353.46,304.83,24291866.45
CZ14/Hsp&0&rDXHP&New&HV_AirDist__SupFanMtr/NE-HVAC-FanBelt-VBelt-Std/instance-out.sql,81.99,3763501.46,251.84,11559163.65
CZ14/Hsp&0&rDXHP&New&HV_AirDist__SupFanMtr/NE-HVAC-FanBelt-CoggedVBelt-Msr/instance-out.sql,81.87,3757814.41,251.42,11540004.83
CZ14/Hsp&0&rDXHP&New&HV_AirDist__SupFanMtr/NE-HVAC-FanBelt-SynchVBelt-Msr/instance-out.sql,81.69,3749590.55,250.82,11512297.55
CZ14/MBT&0&rDXHP&New&HV_AirDist__SupFanMtr/NE-HVAC-FanBelt-VBelt-Std/instance-out.sql,171.78,6382745.75,388.99,14453506.77
CZ14/MBT&0&rDXHP&New&HV_AirDist__SupFanMtr/NE-HVAC-FanBelt-CoggedVBelt-Msr/instance-out.sql,171.62,6376914.72,388.46,14433830.36
CZ14/MBT&0&rDXHP&New&HV_AirDist__SupFanMtr/NE-HVAC-FanBelt-SynchVBelt-Msr/instance-out.sql,171.40,6368590.61,387.71,14405742.11
CZ14/MLI&0&rDXHP&New&HV_AirDist__SupFanMtr/NE-HVAC-FanBelt-VBelt-Std/instance-out.sql,106.93,993592.87,345.90,3213923.73
CZ14/MLI&0&rDXHP&New&HV_AirDist__SupFanMtr/NE-HVAC-FanBelt-CoggedVBelt-Msr/instance-out.sql,106.13,986116.76,343.21,3188953.52
CZ14/MLI&0&rDXHP&New&HV_AirDist__SupFanMtr/NE-HVAC-FanBelt-SynchVBelt-Msr/instance-out.sql,104.98,975449.03,339.37,3153323.29
CZ14/Mtl&0&rDXHP&New&HV_AirDist__SupFanMtr/NE-HVAC-FanBelt-VBelt-Std/instance-out.sql,63.79,177716.85,206.10,574144.05
CZ14/Mtl&0&rDXHP&New&HV_AirDist__SupFanMtr/NE-HVAC-FanBelt-CoggedVBelt-Msr/instance-out.sql,63.36,176510.22,204.65,570111.50
CZ14/Mtl&0&rDXHP&New&HV_AirDist__SupFanMtr/NE-HVAC-FanBelt-SynchVBelt-Msr/instance-out.sql,62.74,174788.05,202.58,564354.79
CZ14/Nrs&0&rDXHP&New&HV_AirDist__SupFanMtr/NE-HVAC-FanBelt-VBelt-Std/instance-out.sql,83.98,865974.38,234.68,2420012.40
CZ14/Nrs&0&rDXHP&New&HV_AirDist__SupFanMtr/NE-HVAC-FanBelt-CoggedVBelt-Msr/instance-out.sql,83.79,864051.01,234.05,2413565.02
CZ14/Nrs&0&rDXHP&New&HV_AirDist__SupFanMtr/NE-HVAC-FanBelt-SynchVBelt-Msr/instance-out.sql,83.53,861422.21,233.18,2404586.27
CZ14/OfL&0&rDXHP&New&HV_AirDist__SupFanMtr/NE-HVAC-FanBelt-VBelt-Std/instance-out.sql,69.80,2269114.83,223.45,7263895.22
CZ14/OfL&0&rDXHP&New&HV_AirDist__SupFanMtr/NE-HVAC-FanBelt-CoggedVBelt-Msr/instance-out.sql,69.41,2256369.67,222.14,7221337.91
CZ14/OfL&0&rDXHP&New&HV_AirDist__SupFanMtr/NE-HVAC-FanBelt-SynchVBelt-Msr/instance-out.sql,68.85,2238185.80,220.27,7160589.66
CZ14/OfS&0&rDXHP&New&HV_AirDist__SupFanMtr/NE-HVAC-FanBelt-VBelt-Std/instance-out.sql,65.15,121075.48,191.78,356417.86
CZ14/OfS&0&rDXHP&New&HV_AirDist__SupFanMtr/NE-HVAC-FanBelt-CoggedVBelt-Msr/instance-out.sql,64.74,120319.40,190.42,353892.56
CZ14/OfS&0&rDXHP&New&HV_AirDist__SupFanMtr/NE-HVAC-FanBelt-SynchVBelt-Msr/instance-out.sql,64.16,119240.18,188.48,350287.98
CZ14/RFF&0&rDXHP&New&HV_AirDist__SupFanMtr/NE-HVAC-FanBelt-VBelt-Std/instance-out.sql,264.60,98236.11,612.99,227576.99
CZ14/RFF&0&rDXHP&New&HV_AirDist__SupFanMtr/NE-HVAC-FanBelt-CoggedVBelt-Msr/instance-out.sql,264.04,98028.57,611.12,226883.78
CZ14/RFF&0&rDXHP&New&HV_AirDist__SupFanMtr/NE-HVAC-FanBelt-SynchVBelt-Msr/instance-out.sql,263.25,97732.31,608.45,225894.26
CZ14/RSD&0&rDXHP&New&HV_AirDist__SupFanMtr/NE-HVAC-FanBelt-VBelt-Std/instance-out.sql,235.51,245160.36,500.66,521177.65
CZ14/RSD&0&rDXHP&New&HV_AirDist__SupFanMtr/NE-HVAC-FanBelt-CoggedVBelt-Msr/instance-out.sql,235.39,245042.56,500.27,520778.95
CZ14/RSD&0&rDXHP&New&HV_AirDist__SupFanMtr/NE-HVAC-FanBelt-SynchVBelt-Msr/instance-out.sql,235.23,244873.30,499.73,520208.51
CZ14/Rt3&0&rDXHP&New&HV_AirDist__SupFanMtr/NE-HVAC-FanBelt-VBelt-Std/instance-out.sql,79.25,1767088.42,247.82,5525592.47
CZ14/Rt3&0&rDXHP&New&HV_AirDist__SupFanMtr/NE-HVAC-FanBelt-CoggedVBelt-Msr/instance-out.sql,78.82,1757483.28,246.38,5493498.62
CZ14/Rt3&0&rDXHP&New&HV_AirDist__SupFanMtr/NE-HVAC-FanBelt-SynchVBelt-Msr/instance-out.sql,78.21,1743755.28,244.32,5447626.61
CZ14/RtL&0&rDXHP&New&HV_AirDist__SupFanMtr/NE-HVAC-FanBelt-VBelt-Std/instance-out.sql,151.00,1830712.22,474.22,5749433.01
CZ14/RtL&0&rDXHP&New&HV_AirDist__SupFanMtr/NE-HVAC-FanBelt-CoggedVBelt-Msr/instance-out.sql,150.17,1820622.27,471.44,5715732.59
CZ14/RtL&0&rDXHP&New&HV_AirDist__SupFanMtr/NE-HVAC-FanBelt-SynchVBelt-Msr/instance-out.sql,148.98,1806219.65,467.47,5667627.58
CZ14/RtS&0&rDXHP&New&HV_AirDist__SupFanMtr/NE-HVAC-FanBelt-VBelt-Std/instance-out.sql,75.55,112319.81,229.15,340683.36
CZ14/RtS&0&rDXHP&New&HV_AirDist__SupFanMtr/NE-HVAC-FanBelt-CoggedVBelt-Msr/instance-out.sql,75.17,111750.83,227.88,338782.97
CZ14/RtS&0&rDXHP&New&HV_AirDist__SupFanMtr/NE-HVAC-FanBelt-SynchVBelt-Msr/instance-out.sql,74.62,110938.55,226.05,336069.96
CZ14/SCn&0&rDXHP&New&HV_AirDist__SupFanMtr/NE-HVAC-FanBelt-VBelt-Std/instance-out.sql,65.21,3028984.31,213.87,9934237.13
CZ14/SCn&0&rDXHP&New&HV_AirDist__SupFanMtr/NE-HVAC-FanBelt-CoggedVBelt-Msr/instance-out.sql,64.72,3006162.03,212.23,9858010.72
CZ14/SCn&0&rDXHP&New&HV_AirDist__SupFanMtr/NE-HVAC-FanBelt-SynchVBelt-Msr/instance-out.sql,64.01,2973353.25,209.87,9748429.39
CZ15/Asm&0&rDXHP&New&HV_AirDist__SupFanMtr/NE-HVAC-FanBelt-VBelt-Std/instance-out.sql,122.00,770798.85,400.76,2532017.41
CZ15/Asm&0&rDXHP&New&HV_AirDist__SupFanMtr/NE-HVAC-FanBelt-CoggedVBelt-Msr/instance-out.sql,121.29,766287.57,398.38,2516949.74
CZ15/Asm&0&rDXHP&New&HV_AirDist__SupFanMtr/NE-HVAC-FanBelt-SynchVBelt-Msr/instance-out.sql,120.27,759873.79,394.99,2495527.69
CZ15/ECC&0&rDXHP&New&HV_AirDist__SupFanMtr/NE-HVAC-FanBelt-VBelt-Std/instance-out.sql,103.62,2735731.75,311.12,8214232.13
CZ15/ECC&0&rDXHP&New&HV_AirDist__SupFanMtr/NE-HVAC-FanBelt-CoggedVBelt-Msr/instance-out.sql,103.22,2725198.49,309.78,8179050.92
CZ15/ECC&0&rDXHP&New&HV_AirDist__SupFanMtr/NE-HVAC-FanBelt-SynchVBelt-Msr/instance-out.sql,102.65,2710106.30,307.88,8128642.94
CZ15/EPr&0&rDXHP&New&HV_AirDist__SupFanMtr/NE-HVAC-FanBelt-VBelt-Std/instance-out.sql,105.99,401200.35,288.83,1093333.63
CZ15/EPr&0&rDXHP&New&HV_AirDist__SupFanMtr/NE-HVAC-FanBelt-CoggedVBelt-Msr/instance-out.sql,105.62,399820.49,287.61,1088724.87
CZ15/EPr&0&rDXHP&New&HV_AirDist__SupFanMtr/NE-HVAC-FanBelt-SynchVBelt-Msr/instance-out.sql,105.10,397845.38,285.87,1082128.04
CZ15/ERC&0&rDXHP&New&HV_AirDist__SupFanMtr/NE-HVAC-FanBelt-VBelt-Std/instance-out.sql,75.30,20173.76,178.48,47814.07
CZ15/ERC&0&rDXHP&New&HV_AirDist__SupFanMtr/NE-HVAC-FanBelt-CoggedVBelt-Msr/instance-out.sql,74.97,20083.79,177.36,47513.59
CZ15/ERC&0&rDXHP&New&HV_AirDist__SupFanMtr/NE-HVAC-FanBelt-SynchVBelt-Msr/instance-out.sql,74.49,19956.09,175.77,47087.08
CZ15/ESe&0&rDXHP&New&HV_AirDist__SupFanMtr/NE-HVAC-FanBelt-VBelt-Std/instance-out.sql,162.25,1121523.13,454.61,3142356.27
CZ15/ESe&0&rDXHP&New&HV_AirDist__SupFanMtr/NE-HVAC-FanBelt-CoggedVBelt-Msr/instance-out.sql,162.01,1119851.46,453.80,3136770.26
CZ15/ESe&0&rDXHP&New&HV_AirDist__SupFanMtr/NE-HVAC-FanBelt-SynchVBelt-Msr/instance-out.sql,161.66,1117459.91,452.65,3128777.75
CZ15/EUn&0&rDXHP&New&HV_AirDist__SupFanMtr/NE-HVAC-FanBelt-VBelt-Std/instance-out.sql,107.04,8529772.53,337.53,26897744.48
CZ15/EUn&0&rDXHP&New&HV_AirDist__SupFanMtr/NE-HVAC-FanBelt-CoggedVBelt-Msr/instance-out.sql,106.66,8499663.76,336.26,26797181.19
CZ15/EUn&0&rDXHP&New&HV_AirDist__SupFanMtr/NE-HVAC-FanBelt-SynchVBelt-Msr/instance-out.sql,106.12,8456670.76,334.46,26653584.56
CZ15/Hsp&0&rDXHP&New&HV_AirDist__SupFanMtr/NE-HVAC-FanBelt-VBelt-Std/instance-out.sql,92.00,4222901.49,290.94,13354071.25
CZ15/Hsp&0&rDXHP&New&HV_AirDist__SupFanMtr/NE-HVAC-FanBelt-CoggedVBelt-Msr/instance-out.sql,91.87,4216862.53,290.50,13333913.32
CZ15/Hsp&0&rDXHP&New&HV_AirDist__SupFanMtr/NE-HVAC-FanBelt-SynchVBelt-Msr/instance-out.sql,91.68,4208259.60,289.88,13305134.82
CZ15/MBT&0&rDXHP&New&HV_AirDist__SupFanMtr/NE-HVAC-FanBelt-VBelt-Std/instance-out.sql,156.78,5825367.64,421.80,15672392.34
CZ15/MBT&0&rDXHP&New&HV_AirDist__SupFanMtr/NE-HVAC-FanBelt-CoggedVBelt-Msr/instance-out.sql,156.60,5818655.95,421.19,15649876.76
CZ15/MBT&0&rDXHP&New&HV_AirDist__SupFanMtr/NE-HVAC-FanBelt-SynchVBelt-Msr/instance-out.sql,156.34,5809069.33,420.32,15617715.15
CZ15/MLI&0&rDXHP&New&HV_AirDist__SupFanMtr/NE-HVAC-FanBelt-VBelt-Std/instance-out.sql,119.16,1107231.45,388.66,3611319.73
CZ15/MLI&0&rDXHP&New&HV_AirDist__SupFanMtr/NE-HVAC-FanBelt-CoggedVBelt-Msr/instance-out.sql,118.26,1098807.56,385.64,3583183.93
CZ15/MLI&0&rDXHP&New&HV_AirDist__SupFanMtr/NE-HVAC-FanBelt-SynchVBelt-Msr/instance-out.sql,116.96,1086779.64,381.31,3543010.69
CZ15/Mtl&0&rDXHP&New&HV_AirDist__SupFanMtr/NE-HVAC-FanBelt-VBelt-Std/instance-out.sql,77.21,215095.98,251.56,700794.42
CZ15/Mtl&0&rDXHP&New&HV_AirDist__SupFanMtr/NE-HVAC-FanBelt-CoggedVBelt-Msr/instance-out.sql,76.72,213718.67,249.91,696194.22
CZ15/Mtl&0&rDXHP&New&HV_AirDist__SupFanMtr/NE-HVAC-FanBelt-SynchVBelt-Msr/instance-out.sql,76.01,211752.36,247.55,689626.73
CZ15/Nrs&0&rDXHP&New&HV_AirDist__SupFanMtr/NE-HVAC-FanBelt-VBelt-Std/instance-out.sql,91.20,940423.39,266.96,2752955.10
CZ15/Nrs&0&rDXHP&New&HV_AirDist__SupFanMtr/NE-HVAC-FanBelt-CoggedVBelt-Msr/instance-out.sql,90.99,938276.18,266.27,2745780.45
CZ15/Nrs&0&rDXHP&New&HV_AirDist__SupFanMtr/NE-HVAC-FanBelt-SynchVBelt-Msr/instance-out.sql,90.70,935299.23,265.30,2735824.23
CZ15/OfL&0&rDXHP&New&HV_AirDist__SupFanMtr/NE-HVAC-FanBelt-VBelt-Std/instance-out.sql,78.04,2536954.65,253.62,8244717.42
CZ15/OfL&0&rDXHP&New&HV_AirDist__SupFanMtr/NE-HVAC-FanBelt-CoggedVBelt-Msr/instance-out.sql,77.62,2523421.48,252.23,8199518.52
CZ15/OfL&0&rDXHP&New&HV_AirDist__SupFanMtr/NE-HVAC-FanBelt-SynchVBelt-Msr/instance-out.sql,77.03,2504091.23,250.24,8134955.04
CZ15/OfS&0&rDXHP&New&HV_AirDist__SupFanMtr/NE-HVAC-FanBelt-VBelt-Std/instance-out.sql,71.89,133599.08,218.30,405700.47
CZ15/OfS&0&rDXHP&New&HV_AirDist__SupFanMtr/NE-HVAC-FanBelt-CoggedVBelt-Msr/instance-out.sql,71.42,132736.23,216.75,402818.55
CZ15/OfS&0&rDXHP&New&HV_AirDist__SupFanMtr/NE-HVAC-FanBelt-SynchVBelt-Msr/instance-out.sql,70.76,131504.46,214.53,398704.42
CZ15/RFF&0&rDXHP&New&HV_AirDist__SupFanMtr/NE-HVAC-FanBelt-VBelt-Std/instance-out.sql,279.90,103914.50,686.34,254810.35
CZ15/RFF&0&rDXHP&New&HV_AirDist__SupFanMtr/NE-HVAC-FanBelt-CoggedVBelt-Msr/instance-out.sql,279.23,103666.45,684.11,253981.87
CZ15/RFF&0&rDXHP&New&HV_AirDist__SupFanMtr/NE-HVAC-FanBelt-SynchVBelt-Msr/instance-out.sql,278.28,103313.15,680.93,252801.83
CZ15/RSD&0&rDXHP&New&HV_AirDist__SupFanMtr/NE-HVAC-FanBelt-VBelt-Std/instance-out.sql,242.68,252624.45,558.42,581305.95
CZ15/RSD&0&rDXHP&New&HV_AirDist__SupFanMtr/NE-HVAC-FanBelt-CoggedVBelt-Msr/instance-out.sql,242.55,252490.34,557.99,580855.61
CZ15/RSD&0&rDXHP&New&HV_AirDist__SupFanMtr/NE-HVAC-FanBelt-SynchVBelt-Msr/instance-out.sql,242.36,252298.34,557.37,580211.75
CZ15/Rt3&0&rDXHP&New&HV_AirDist__SupFanMtr/NE-HVAC-FanBelt-VBelt-Std/instance-out.sql,87.59,1953051.74,279.04,6221610.31
CZ15/Rt3&0&rDXHP&New&HV_AirDist__SupFanMtr/NE-HVAC-FanBelt-CoggedVBelt-Msr/instance-out.sql,87.12,1942455.98,277.45,6186218.83
CZ15/Rt3&0&rDXHP&New&HV_AirDist__SupFanMtr/NE-HVAC-FanBelt-SynchVBelt-Msr/instance-out.sql,86.44,1927322.11,275.18,6135669.49
CZ15/RtL&0&rDXHP&New&HV_AirDist__SupFanMtr/NE-HVAC-FanBelt-VBelt-Std/instance-out.sql,166.96,2024197.98,531.67,6445919.59
CZ15/RtL&0&rDXHP&New&HV_AirDist__SupFanMtr/NE-HVAC-FanBelt-CoggedVBelt-Msr/instance-out.sql,166.05,2013129.90,528.62,6408952.22
CZ15/RtL&0&rDXHP&New&HV_AirDist__SupFanMtr/NE-HVAC-FanBelt-SynchVBelt-Msr/instance-out.sql,164.74,1997313.36,524.26,6356124.98
CZ15/RtS&0&rDXHP&New&HV_AirDist__SupFanMtr/NE-HVAC-FanBelt-VBelt-Std/instance-out.sql,85.65,127334.86,265.57,394824.16
CZ15/RtS&0&rDXHP&New&HV_AirDist__SupFanMtr/NE-HVAC-FanBelt-CoggedVBelt-Msr/instance-out.sql,85.19,126647.29,264.03,392527.65
CZ15/RtS&0&rDXHP&New&HV_AirDist__SupFanMtr/NE-HVAC-FanBelt-SynchVBelt-Msr/instance-out.sql,84.52,125662.10,261.81,389237.14
CZ15/SCn&0&rDXHP&New&HV_AirDist__SupFanMtr/NE-HVAC-FanBelt-VBelt-Std/instance-out.sql,77.86,3616609.43,256.83,11929791.19
CZ15/SCn&0&rDXHP&New&HV_AirDist__SupFanMtr/NE-HVAC-FanBelt-CoggedVBelt-Msr/instance-out.sql,77.19,3585520.41,254.59,11825953.85
CZ15/SCn&0&rDXHP&New&HV_AirDist__SupFanMtr/NE-HVAC-FanBelt-SynchVBelt-Msr/instance-out.sql,76.24,3541448.37,251.42,11678753.24
CZ16/Asm&0&rDXHP&New&HV_AirDist__SupFanMtr/NE-HVAC-FanBelt-VBelt-Std/instance-out.sql,100.95,637798.24,328.52,2075590.33
CZ16/Asm&0&rDXHP&New&HV_AirDist__SupFanMtr/NE-HVAC-FanBelt-CoggedVBelt-Msr/instance-out.sql,100.31,633785.05,326.40,2062186.26
CZ16/Asm&0&rDXHP&New&HV_AirDist__SupFanMtr/NE-HVAC-FanBelt-SynchVBelt-Msr/instance-out.sql,99.41,628056.22,323.37,2043052.00
CZ16/ECC&0&rDXHP&New&HV_AirDist__SupFanMtr/NE-HVAC-FanBelt-VBelt-Std/instance-out.sql,91.88,2425947.85,259.16,6842338.52
CZ16/ECC&0&rDXHP&New&HV_AirDist__SupFanMtr/NE-HVAC-FanBelt-CoggedVBelt-Msr/instance-out.sql,91.56,2417316.51,258.06,6813515.80
CZ16/ECC&0&rDXHP&New&HV_AirDist__SupFanMtr/NE-HVAC-FanBelt-SynchVBelt-Msr/instance-out.sql,91.09,2405027.07,256.51,6772474.69
CZ16/EPr&0&rDXHP&New&HV_AirDist__SupFanMtr/NE-HVAC-FanBelt-VBelt-Std/instance-out.sql,97.38,368630.65,244.03,923745.59
CZ16/EPr&0&rDXHP&New&HV_AirDist__SupFanMtr/NE-HVAC-FanBelt-CoggedVBelt-Msr/instance-out.sql,97.09,367515.99,243.05,920022.64
CZ16/EPr&0&rDXHP&New&HV_AirDist__SupFanMtr/NE-HVAC-FanBelt-SynchVBelt-Msr/instance-out.sql,96.66,365896.54,241.62,914613.67
CZ16/ERC&0&rDXHP&New&HV_AirDist__SupFanMtr/NE-HVAC-FanBelt-VBelt-Std/instance-out.sql,68.81,18434.22,148.56,39798.22
CZ16/ERC&0&rDXHP&New&HV_AirDist__SupFanMtr/NE-HVAC-FanBelt-CoggedVBelt-Msr/instance-out.sql,68.59,18375.21,147.82,39601.11
CZ16/ERC&0&rDXHP&New&HV_AirDist__SupFanMtr/NE-HVAC-FanBelt-SynchVBelt-Msr/instance-out.sql,68.28,18291.51,146.78,39321.56
CZ16/ESe&0&rDXHP&New&HV_AirDist__SupFanMtr/NE-HVAC-FanBelt-VBelt-Std/instance-out.sql,168.90,1167485.02,388.08,2682473.34
CZ16/ESe&0&rDXHP&New&HV_AirDist__SupFanMtr/NE-HVAC-FanBelt-CoggedVBelt-Msr/instance-out.sql,168.71,1166177.81,387.44,2678063.52
CZ16/ESe&0&rDXHP&New&HV_AirDist__SupFanMtr/NE-HVAC-FanBelt-SynchVBelt-Msr/instance-out.sql,168.44,1164293.56,386.52,2671732.92
CZ16/EUn&0&rDXHP&New&HV_AirDist__SupFanMtr/NE-HVAC-FanBelt-VBelt-Std/instance-out.sql,95.44,7605892.46,291.20,23206229.26
CZ16/EUn&0&rDXHP&New&HV_AirDist__SupFanMtr/NE-HVAC-FanBelt-CoggedVBelt-Msr/instance-out.sql,95.09,7577760.13,290.02,23112220.03
CZ16/EUn&0&rDXHP&New&HV_AirDist__SupFanMtr/NE-HVAC-FanBelt-SynchVBelt-Msr/instance-out.sql,94.58,7537305.25,288.33,22977081.34
CZ16/Hsp&0&rDXHP&New&HV_AirDist__SupFanMtr/NE-HVAC-FanBelt-VBelt-Std/instance-out.sql,76.88,3528517.67,226.46,10394222.83
CZ16/Hsp&0&rDXHP&New&HV_AirDist__SupFanMtr/NE-HVAC-FanBelt-CoggedVBelt-Msr/instance-out.sql,76.75,3522971.64,226.04,10375295.59
CZ16/Hsp&0&rDXHP&New&HV_AirDist__SupFanMtr/NE-HVAC-FanBelt-SynchVBelt-Msr/instance-out.sql,76.58,3515034.67,225.46,10348270.41
CZ16/MBT&0&rDXHP&New&HV_AirDist__SupFanMtr/NE-HVAC-FanBelt-VBelt-Std/instance-out.sql,175.62,6525457.72,360.45,13392929.29
CZ16/MBT&0&rDXHP&New&HV_AirDist__SupFanMtr/NE-HVAC-FanBelt-CoggedVBelt-Msr/instance-out.sql,175.48,6520139.39,359.96,13374799.70
CZ16/MBT&0&rDXHP&New&HV_AirDist__SupFanMtr/NE-HVAC-FanBelt-SynchVBelt-Msr/instance-out.sql,175.27,6512436.41,359.26,13348611.39
CZ16/MLI&0&rDXHP&New&HV_AirDist__SupFanMtr/NE-HVAC-FanBelt-VBelt-Std/instance-out.sql,101.94,947177.35,327.65,3044409.33
CZ16/MLI&0&rDXHP&New&HV_AirDist__SupFanMtr/NE-HVAC-FanBelt-CoggedVBelt-Msr/instance-out.sql,101.18,940171.40,325.13,3021009.45
CZ16/MLI&0&rDXHP&New&HV_AirDist__SupFanMtr/NE-HVAC-FanBelt-SynchVBelt-Msr/instance-out.sql,100.11,930182.53,321.54,2987646.62
CZ16/Mtl&0&rDXHP&New&HV_AirDist__SupFanMtr/NE-HVAC-FanBelt-VBelt-Std/instance-out.sql,59.56,165928.52,188.45,524976.92
CZ16/Mtl&0&rDXHP&New&HV_AirDist__SupFanMtr/NE-HVAC-FanBelt-CoggedVBelt-Msr/instance-out.sql,59.15,164786.08,187.07,521143.32
CZ16/Mtl&0&rDXHP&New&HV_AirDist__SupFanMtr/NE-HVAC-FanBelt-SynchVBelt-Msr/instance-out.sql,58.57,163156.32,185.11,515676.10
CZ16/Nrs&0&rDXHP&New&HV_AirDist__SupFanMtr/NE-HVAC-FanBelt-VBelt-Std/instance-out.sql,82.63,852082.41,219.04,2258786.49
CZ16/Nrs&0&rDXHP&New&HV_AirDist__SupFanMtr/NE-HVAC-FanBelt-CoggedVBelt-Msr/instance-out.sql,82.47,850444.61,218.48,2252962.77
CZ16/Nrs&0&rDXHP&New&HV_AirDist__SupFanMtr/NE-HVAC-FanBelt-SynchVBelt-Msr/instance-out.sql,82.25,848123.80,217.68,2244712.78
CZ16/OfL&0&rDXHP&New&HV_AirDist__SupFanMtr/NE-HVAC-FanBelt-VBelt-Std/instance-out.sql,65.93,2143152.56,208.01,6762076.95
CZ16/OfL&0&rDXHP&New&HV_AirDist__SupFanMtr/NE-HVAC-FanBelt-CoggedVBelt-Msr/instance-out.sql,65.52,2130064.83,206.66,6718094.12
CZ16/OfL&0&rDXHP&New&HV_AirDist__SupFanMtr/NE-HVAC-FanBelt-SynchVBelt-Msr/instance-out.sql,64.95,2111335.03,204.73,6655623.62
CZ16/OfS&0&rDXHP&New&HV_AirDist__SupFanMtr/NE-HVAC-FanBelt-VBelt-Std/instance-out.sql,63.50,118014.23,183.02,340144.96
CZ16/OfS&0&rDXHP&New&HV_AirDist__SupFanMtr/NE-HVAC-FanBelt-CoggedVBelt-Msr/instance-out.sql,63.11,117292.73,181.73,337735.15
CZ16/OfS&0&rDXHP&New&HV_AirDist__SupFanMtr/NE-HVAC-FanBelt-SynchVBelt-Msr/instance-out.sql,62.55,116244.33,179.84,334233.49
CZ16/RFF&0&rDXHP&New&HV_AirDist__SupFanMtr/NE-HVAC-FanBelt-VBelt-Std/instance-out.sql,262.08,97298.97,586.10,217594.66
CZ16/RFF&0&rDXHP&New&HV_AirDist__SupFanMtr/NE-HVAC-FanBelt-CoggedVBelt-Msr/instance-out.sql,261.56,97106.32,584.37,216951.11
CZ16/RFF&0&rDXHP&New&HV_AirDist__SupFanMtr/NE-HVAC-FanBelt-SynchVBelt-Msr/instance-out.sql,260.81,96828.42,581.88,216027.08
CZ16/RSD&0&rDXHP&New&HV_AirDist__SupFanMtr/NE-HVAC-FanBelt-VBelt-Std/instance-out.sql,238.41,248184.98,472.32,491676.16
CZ16/RSD&0&rDXHP&New&HV_AirDist__SupFanMtr/NE-HVAC-FanBelt-CoggedVBelt-Msr/instance-out.sql,238.31,248079.29,471.97,491315.00
CZ16/RSD&0&rDXHP&New&HV_AirDist__SupFanMtr/NE-HVAC-FanBelt-SynchVBelt-Msr/instance-out.sql,238.17,247928.57,471.48,490799.91
CZ16/Rt3&0&rDXHP&New&HV_AirDist__SupFanMtr/NE-HVAC-FanBelt-VBelt-Std/instance-out.sql,74.88,1669538.56,230.26,5134057.70
CZ16/Rt3&0&rDXHP&New&HV_AirDist__SupFanMtr/NE-HVAC-FanBelt-CoggedVBelt-Msr/instance-out.sql,74.48,1660626.84,228.92,5104236.17
CZ16/Rt3&0&rDXHP&New&HV_AirDist__SupFanMtr/NE-HVAC-FanBelt-SynchVBelt-Msr/instance-out.sql,73.89,1647551.69,226.96,5060546.01
CZ16/RtL&0&rDXHP&New&HV_AirDist__SupFanMtr/NE-HVAC-FanBelt-VBelt-Std/instance-out.sql,141.80,1719185.51,440.13,5336171.26
CZ16/RtL&0&rDXHP&New&HV_AirDist__SupFanMtr/NE-HVAC-FanBelt-CoggedVBelt-Msr/instance-out.sql,141.01,1709650.49,437.51,5304324.27
CZ16/RtL&0&rDXHP&New&HV_AirDist__SupFanMtr/NE-HVAC-FanBelt-SynchVBelt-Msr/instance-out.sql,139.89,1695978.18,433.74,5258658.90
CZ16/RtS&0&rDXHP&New&HV_AirDist__SupFanMtr/NE-HVAC-FanBelt-VBelt-Std/instance-out.sql,72.19,107320.25,215.74,320746.60
CZ16/RtS&0&rDXHP&New&HV_AirDist__SupFanMtr/NE-HVAC-FanBelt-CoggedVBelt-Msr/instance-out.sql,71.84,106808.50,214.60,319037.36
CZ16/RtS&0&rDXHP&New&HV_AirDist__SupFanMtr/NE-HVAC-FanBelt-SynchVBelt-Msr/instance-out.sql,71.35,106078.10,212.95,316597.83
CZ16/SCn&0&rDXHP&New&HV_AirDist__SupFanMtr/NE-HVAC-FanBelt-VBelt-Std/instance-out.sql,64.26,2985037.54,210.13,9760751.10
CZ16/SCn&0&rDXHP&New&HV_AirDist__SupFanMtr/NE-HVAC-FanBelt-CoggedVBelt-Msr/instance-out.sql,63.80,2963378.01,208.57,9688408.27
CZ16/SCn&0&rDXHP&New&HV_AirDist__SupFanMtr/NE-HVAC-FanBelt-SynchVBelt-Msr/instance-out.sql,63.13,2932461.99,206.35,9585148.75

File Name,Total (kWh),Heating (kWh),Cooling (kWh),Interior Lighting (kWh),Exterior Lighting (kWh),Interior Equipment (kWh),Exterior Equipment (kWh),Fans (kWh),Pumps (kWh),Heat Rejection (kWh),Humidification (kWh),Heat Recovery (kWh),Water Systems (kWh),Refrigeration (kWh),Generators (kWh),Heating Elec (kWh),Cooling Elec (kWh),Heating NG (kWh),Cooling NG (kWh),Interior Equipment Elec (kWh),Interior Equipment NG (kWh)
CZ01/Asm&0&rDXHP&New&HV_AirDist__SupFanMtr/NE-HVAC-FanBelt-VBelt-Std/instance-out.sql,517367.74000000005,96450.04,2777.51,76844.55,0.0,145823.51,0.0,171231.31,3.36,0.0,0.0,0.0,24237.46,0.0,0.0,96450.04,2777.51,0.00,0.00,145823.51,0.00
CZ01/Asm&0&rDXHP&New&HV_AirDist__SupFanMtr/NE-HVAC-FanBelt-CoggedVBelt-Msr/instance-out.sql,514570.47000000003,97054.84,2732.92,76844.55,0.0,145823.51,0.0,167873.83,3.36,0.0,0.0,0.0,24237.46,0.0,0.0,97054.84,2732.92,0.00,0.00,145823.51,0.00
CZ01/Asm&0&rDXHP&New&HV_AirDist__SupFanMtr/NE-HVAC-FanBelt-SynchVBelt-Msr/instance-out.sql,510571.99000000005,97915.27,2670.41,76844.55,0.0,145823.51,0.0,163077.44,3.36,0.0,0.0,0.0,24237.46,0.0,0.0,97915.27,2670.41,0.00,0.00,145823.51,0.00
CZ01/ECC&0&rDXHP&New&HV_AirDist__SupFanMtr/NE-HVAC-FanBelt-VBelt-Std/instance-out.sql,2157871.2199999997,53109.259999999995,24439.02,167224.54,0.0,1013813.91,0.0,406320.79,527.68,0.0,0.0,0.0,492436.02,0.0,0.0,52726.95,24439.02,382.31,0.00,945189.93,68623.98
CZ01/ECC&0&rDXHP&New&HV_AirDist__SupFanMtr/NE-HVAC-FanBelt-CoggedVBelt-Msr/instance-out.sql,2151856.66,53763.74,24345.33,167224.54,0.0,1013813.91,0.0,399745.39,527.76,0.0,0.0,0.0,492435.99,0.0,0.0,53381.14,24345.33,382.60,0.00,945189.93,68623.98
CZ01/ECC&0&rDXHP&New&HV_AirDist__SupFanMtr/NE-HVAC-FanBelt-SynchVBelt-Msr/instance-out.sql,2142873.13,54637.72,24231.8,167224.54,0.0,1013813.91,0.0,390001.67,527.49,0.0,0.0,0.0,492436.0,0.0,0.0,54281.11,24231.80,356.61,0.00,945189.93,68623.98
CZ01/EPr&0&rDXHP&New&HV_AirDist__SupFanMtr/NE-HVAC-FanBelt-VBelt-Std/instance-out.sql,330841.28,17832.86,7148.58,30835.78,0.0,125897.03,0.0,55491.03,3.37,0.0,0.0,0.0,93632.62,0.0,0.0,17832.86,7148.58,0.00,0.00,83226.75,42670.28
CZ01/EPr&0&rDXHP&New&HV_AirDist__SupFanMtr/NE-HVAC-FanBelt-CoggedVBelt-Msr/instance-out.sql,330010.49,17972.84,7135.28,30835.78,0.0,125897.03,0.0,54533.56,3.37,0.0,0.0,0.0,93632.62,0.0,0.0,17972.84,7135.28,0.00,0.00,83226.75,42670.28
CZ01/EPr&0&rDXHP&New&HV_AirDist__SupFanMtr/NE-HVAC-FanBelt-SynchVBelt-Msr/instance-out.sql,328961.45999999996,18188.16,7114.51,30835.78,0.0,125897.03,0.0,53289.99,3.37,0.0,0.0,0.0,93632.62,0.0,0.0,18188.16,7114.51,0.00,0.00,83226.75,42670.28
CZ01/ERC&0&rDXHP&New&HV_AirDist__SupFanMtr/NE-HVAC-FanBelt-VBelt-Std/instance-out.sql,16562.199999999997,1367.94,10.49,1016.35,0.0,2196.82,0.0,2391.86,3.36,0.0,0.0,0.0,9575.38,0.0,0.0,1367.94,10.49,0.00,0.00,2196.82,0.00
CZ01/ERC&0&rDXHP&New&HV_AirDist__SupFanMtr/NE-HVAC-FanBelt-CoggedVBelt-Msr/instance-out.sql,16526.47,1377.35,10.28,1016.35,0.0,2196.82,0.0,2346.93,3.36,0.0,0.0,0.0,9575.38,0.0,0.0,1377.35,10.28,0.00,0.00,2196.82,0.00
CZ01/ERC&0&rDXHP&New&HV_AirDist__SupFanMtr/NE-HVAC-FanBelt-SynchVBelt-Msr/instance-out.sql,16474.18,1391.11,10.0,1016.35,0.0,2196.82,0.0,2281.17,3.36,0.0,0.0,0.0,9575.38,0.0,0.0,1391.11,10.00,0.00,0.00,2196.82,0.00
CZ01/ESe&0&rDXHP&New&HV_AirDist__SupFanMtr/NE-HVAC-FanBelt-VBelt-Std/instance-out.sql,1110542.92,256844.38999999998,11988.94,94750.45,0.0,323176.74,0.0,167154.76,3.39,0.0,0.0,0.0,256624.24,0.0,0.0,10088.74,11988.94,246755.65,0.00,259085.82,64090.92
CZ01/ESe&0&rDXHP&New&HV_AirDist__SupFanMtr/NE-HVAC-FanBelt-CoggedVBelt-Msr/instance-out.sql,1109641.83,256970.8,11968.31,94750.45,0.0,323176.74,0.0,166147.89,3.39,0.0,0.0,0.0,256624.24,0.0,0.0,10199.02,11968.31,246771.78,0.00,259085.82,64090.92
CZ01/ESe&0&rDXHP&New&HV_AirDist__SupFanMtr/NE-HVAC-FanBelt-SynchVBelt-Msr/instance-out.sql,1108360.31,257152.84,11939.42,94750.45,0.0,323176.74,0.0,164713.22,3.39,0.0,0.0,0.0,256624.25,0.0,0.0,10358.09,11939.42,246794.75,0.00,259085.82,64090.92
CZ01/EUn&0&rDXHP&New&HV_AirDist__SupFanMtr/NE-HVAC-FanBelt-VBelt-Std/instance-out.sql,6773497.64,115884.61,96468.49,644388.1,0.0,3682881.23,0.0,1402219.41,3.37,0.0,0.0,0.0,831652.44,0.0,0.0,113716.09,96468.49,2168.52,0.00,3555459.15,127422.08
CZ01/EUn&0&rDXHP&New&HV_AirDist__SupFanMtr/NE-HVAC-FanBelt-CoggedVBelt-Msr/instance-out.sql,6752508.74,117473.12999999999,96125.54,644388.1,0.0,3682881.23,0.0,1379984.93,3.37,0.0,0.0,0.0,831652.44,0.0,0.0,115301.76,96125.54,2171.37,0.00,3555459.15,127422.08
CZ01/EUn&0&rDXHP&New&HV_AirDist__SupFanMtr/NE-HVAC-FanBelt-SynchVBelt-Msr/instance-out.sql,6722556.81,119774.11,95649.24,644388.1,0.0,3682881.23,0.0,1348208.29,3.37,0.0,0.0,0.0,831652.46,0.0,0.0,117598.74,95649.24,2175.37,0.00,3555459.15,127422.08
CZ01/Hsp&0&rDXHP&New&HV_AirDist__SupFanMtr/NE-HVAC-FanBelt-VBelt-Std/instance-out.sql,2887460.9,263547.96,128308.82,625795.42,0.0,1182847.3,0.0,374485.76,23382.42,0.0,0.0,0.0,289093.22,0.0,0.0,14810.21,128308.82,248737.75,0.00,1139112.10,43735.20
CZ01/Hsp&0&rDXHP&New&HV_AirDist__SupFanMtr/NE-HVAC-FanBelt-CoggedVBelt-Msr/instance-out.sql,2883277.1,263879.61,128264.92,625795.42,0.0,1182847.3,0.0,370008.94,23381.07,0.0,0.0,0.0,289099.86,0.0,0.0,15000.95,128264.92,248878.66,0.00,1139112.10,43735.20
CZ01/Hsp&0&rDXHP&New&HV_AirDist__SupFanMtr/NE-HVAC-FanBelt-SynchVBelt-Msr/instance-out.sql,2877344.58,264407.08,128199.11,625795.42,0.0,1182847.3,0.0,363616.08,23379.22,0.0,0.0,0.0,289100.37,0.0,0.0,15279.79,128199.11,249127.29,0.00,1139112.10,43735.20
CZ01/MBT&0&rDXHP&New&HV_AirDist__SupFanMtr/NE-HVAC-FanBelt-VBelt-Std/instance-out.sql,7823336.370000001,4097916.1,26815.2,438466.02,0.0,2167645.51,0.0,900350.13,469.94,0.0,0.0,0.0,191673.46,0.0,0.0,52159.97,26815.20,4045756.13,0.00,1394057.91,773587.60
CZ01/MBT&0&rDXHP&New&HV_AirDist__SupFanMtr/NE-HVAC-FanBelt-CoggedVBelt-Msr/instance-out.sql,7819718.71,4098639.0799999996,26773.25,438466.02,0.0,2167645.51,0.0,896051.45,469.94,0.0,0.0,0.0,191673.47,0.0,0.0,52703.30,26773.25,4045935.78,0.00,1394057.91,773587.60
CZ01/MBT&0&rDXHP&New&HV_AirDist__SupFanMtr/NE-HVAC-FanBelt-SynchVBelt-Msr/instance-out.sql,7814559.720000001,4099680.04,26714.24,438466.02,0.0,2167645.51,0.0,889910.49,469.94,0.0,0.0,0.0,191673.48,0.0,0.0,53487.89,26714.24,4046192.15,0.00,1394057.91,773587.60
CZ01/MLI&0&rDXHP&New&HV_AirDist__SupFanMtr/NE-HVAC-FanBelt-VBelt-Std/instance-out.sql,806091.48,48963.62,751.63,153603.74,0.0,239893.0,0.0,309839.89,3.37,0.0,0.0,0.0,53036.23,0.0,0.0,48963.62,751.63,0.00,0.00,239893.00,0.00
CZ01/MLI&0&rDXHP&New&HV_AirDist__SupFanMtr/NE-HVAC-FanBelt-CoggedVBelt-Msr/instance-out.sql,800850.15,49815.04,734.16,153603.74,0.0,239893.0,0.0,303764.6,3.37,0.0,0.0,0.0,53036.23,0.0,0.0,49815.04,734.16,0.00,0.00,239893.00,0.00
CZ01/MLI&0&rDXHP&New&HV_AirDist__SupFanMtr/NE-HVAC-FanBelt-SynchVBelt-Msr/instance-out.sql,793382.22,51051.13,709.13,153603.74,0.0,239893.0,0.0,295085.61,3.37,0.0,0.0,0.0,53036.23,0.0,0.0,51051.13,709.13,0.00,0.00,239893.00,0.00
CZ01/Mtl&0&rDXHP&New&HV_AirDist__SupFanMtr/NE-HVAC-FanBelt-VBelt-Std/instance-out.sql,128456.16,14327.640000000001,1576.65,34352.14,0.0,22443.33,0.0,47872.79,3.36,0.0,0.0,0.0,7880.24,0.0,0.0,12640.61,1576.65,1687.03,0.00,22191.36,251.97
CZ01/Mtl&0&rDXHP&New&HV_AirDist__SupFanMtr/NE-HVAC-FanBelt-CoggedVBelt-Msr/instance-out.sql,127638.99,14461.07,1563.17,34352.14,0.0,22443.33,0.0,46935.66,3.36,0.0,0.0,0.0,7880.24,0.0,0.0,12771.38,1563.17,1689.69,0.00,22191.36,251.97
CZ01/Mtl&0&rDXHP&New&HV_AirDist__SupFanMtr/NE-HVAC-FanBelt-SynchVBelt-Msr/instance-out.sql,126474.68,14652.92,1544.24,34352.14,0.0,22443.33,0.0,45598.44,3.36,0.0,0.0,0.0,7880.24,0.0,0.0,12959.64,1544.24,1693.28,0.00,22191.36,251.97
CZ01/Nrs&0&rDXHP&New&HV_AirDist__SupFanMtr/NE-HVAC-FanBelt-VBelt-Std/instance-out.sql,772121.78,70153.58,16152.04,103109.51,0.0,347425.87,0.0,105209.01,46.14,0.0,0.0,0.0,130025.62,0.0,0.0,14148.65,16152.04,56004.93,0.00,281574.59,65851.28
CZ01/Nrs&0&rDXHP&New&HV_AirDist__SupFanMtr/NE-HVAC-FanBelt-CoggedVBelt-Msr/instance-out.sql,770943.02,70378.92,16137.82,103109.51,0.0,347425.87,0.0,103784.05,45.96,0.0,0.0,0.0,130060.88,0.0,0.0,14288.99,16137.82,56089.93,0.00,281574.59,65851.28
CZ01/Nrs&0&rDXHP&New&HV_AirDist__SupFanMtr/NE-HVAC-FanBelt-SynchVBelt-Msr/instance-out.sql,769195.24,70721.98000000001,16106.71,103109.51,0.0,347425.87,0.0,101736.21,45.77,0.0,0.0,0.0,130049.19,0.0,0.0,14492.43,16106.71,56229.55,0.00,281574.59,65851.28
CZ01/OfL&0&rDXHP&New&HV_AirDist__SupFanMtr/NE-HVAC-FanBelt-VBelt-Std/instance-out.sql,1816400.96,60466.06999999999,16679.78,239041.7,0.0,829334.66,0.0,538594.67,579.42,0.0,0.0,0.0,131704.65,0.0,0.0,19311.55,16679.78,41154.52,0.00,829334.66,0.00
CZ01/OfL&0&rDXHP&New&HV_AirDist__SupFanMtr/NE-HVAC-FanBelt-CoggedVBelt-Msr/instance-out.sql,1806869.71,60885.020000000004,16574.02,239041.7,0.0,829334.66,0.0,528752.48,579.41,0.0,0.0,0.0,131702.41,0.0,0.0,19701.27,16574.02,41183.75,0.00,829334.66,0.00
CZ01/OfL&0&rDXHP&New&HV_AirDist__SupFanMtr/NE-HVAC-FanBelt-SynchVBelt-Msr/instance-out.sql,1793229.16,61458.76,16424.13,239041.7,0.0,829334.66,0.0,514687.63,579.2,0.0,0.0,0.0,131703.07,0.0,0.0,20275.68,16424.13,41183.08,0.00,829334.66,0.00
CZ01/OfS&0&rDXHP&New&HV_AirDist__SupFanMtr/NE-HVAC-FanBelt-VBelt-Std/instance-out.sql,97771.53,5396.61,189.28,12106.19,0.0,29387.4,0.0,26687.03,1.13,0.0,0.0,0.0,24003.89,0.0,0.0,5396.61,189.28,0.00,0.00,29387.40,0.00
CZ01/OfS&0&rDXHP&New&HV_AirDist__SupFanMtr/NE-HVAC-FanBelt-CoggedVBelt-Msr/instance-out.sql,97309.84,5461.62,185.68,12106.19,0.0,29387.4,0.0,26163.91,1.13,0.0,0.0,0.0,24003.9,0.0,0.0,5461.62,185.68,0.00,0.00,29387.40,0.00
CZ01/OfS&0&rDXHP&New&HV_AirDist__SupFanMtr/NE-HVAC-FanBelt-SynchVBelt-Msr/instance-out.sql,96651.55,5555.7,180.65,12106.19,0.0,29387.4,0.0,25416.58,1.13,0.0,0.0,0.0,24003.89,0.0,0.0,5555.70,180.65,0.00,0.00,29387.40,0.00
CZ01/RFF&0&rDXHP&New&HV_AirDist__SupFanMtr/NE-HVAC-FanBelt-VBelt-Std/instance-out.sql,88437.29000000001,3109.65,2117.64,6626.33,0.0,37903.17,0.0,10905.38,3.37,0.0,0.0,0.0,27771.73,0.0,0.0,3072.81,2117.64,36.84,0.00,18423.46,19479.71
CZ01/RFF&0&rDXHP&New&HV_AirDist__SupFanMtr/NE-HVAC-FanBelt-CoggedVBelt-Msr/instance-out.sql,88317.20999999999,3134.2000000000003,2115.88,6626.33,0.0,37903.17,0.0,10762.51,3.37,0.0,0.0,0.0,27771.73,0.0,0.0,3097.34,2115.88,36.86,0.00,18423.46,19479.71
CZ01/RFF&0&rDXHP&New&HV_AirDist__SupFanMtr/NE-HVAC-FanBelt-SynchVBelt-Msr/instance-out.sql,88145.84,3169.43,2113.39,6626.33,0.0,37903.17,0.0,10558.41,3.37,0.0,0.0,0.0,27771.73,0.0,0.0,3132.54,2113.39,36.89,0.00,18423.46,19479.71
CZ01/RSD&0&rDXHP&New&HV_AirDist__SupFanMtr/NE-HVAC-FanBelt-VBelt-Std/instance-out.sql,234722.31,37638.75,7501.05,16225.45,0.0,76546.73,0.0,24810.05,13.3,0.0,0.0,0.0,71986.99,0.0,0.0,1820.64,7501.05,35818.11,0.00,37475.60,39071.13
CZ01/RSD&0&rDXHP&New&HV_AirDist__SupFanMtr/NE-HVAC-FanBelt-CoggedVBelt-Msr/instance-out.sql,234653.44,37656.600000000006,7499.71,16225.45,0.0,76546.73,0.0,24724.66,13.3,0.0,0.0,0.0,71986.99,0.0,0.0,1834.91,7499.71,35821.69,0.00,37475.60,39071.13
CZ01/RSD&0&rDXHP&New&HV_AirDist__SupFanMtr/NE-HVAC-FanBelt-SynchVBelt-Msr/instance-out.sql,234555.47000000003,37682.5,7497.81,16225.45,0.0,76546.73,0.0,24602.69,13.3,0.0,0.0,0.0,71986.99,0.0,0.0,1855.44,7497.81,35827.06,0.00,37475.60,39071.13
CZ01/Rt3&0&rDXHP&New&HV_AirDist__SupFanMtr/NE-HVAC-FanBelt-VBelt-Std/instance-out.sql,1459810.8499999999,50365.7,2993.27,394371.6,0.0,436362.0,0.0,385806.41,3.38,0.0,0.0,0.0,189908.48,0.0,0.0,42076.99,2993.27,8288.71,0.00,436362.00,0.00
CZ01/Rt3&0&rDXHP&New&HV_AirDist__SupFanMtr/NE-HVAC-FanBelt-CoggedVBelt-Msr/instance-out.sql,1453104.49,51081.520000000004,2935.76,394371.6,0.0,436362.0,0.0,378441.75,3.38,0.0,0.0,0.0,189908.48,0.0,0.0,42773.32,2935.76,8308.20,0.00,436362.00,0.00
CZ01/Rt3&0&rDXHP&New&HV_AirDist__SupFanMtr/NE-HVAC-FanBelt-SynchVBelt-Msr/instance-out.sql,1443545.51,52119.950000000004,2857.8,394371.6,0.0,436362.0,0.0,367922.31,3.38,0.0,0.0,0.0,189908.48,0.0,0.0,43784.44,2857.80,8335.51,0.00,436362.00,0.00
CZ01/RtL&0&rDXHP&New&HV_AirDist__SupFanMtr/NE-HVAC-FanBelt-VBelt-Std/instance-out.sql,1487096.23,34180.22,10008.65,395231.18,0.0,509200.67,0.0,398810.6,3.39,0.0,0.0,0.0,139661.52,0.0,0.0,34180.22,10008.65,0.00,0.00,468847.72,40352.95
CZ01/RtL&0&rDXHP&New&HV_AirDist__SupFanMtr/NE-HVAC-FanBelt-CoggedVBelt-Msr/instance-out.sql,1480037.82,34848.83,9937.82,395231.18,0.0,509200.67,0.0,391154.39,3.39,0.0,0.0,0.0,139661.54,0.0,0.0,34848.83,9937.82,0.00,0.00,468847.72,40352.95
CZ01/RtL&0&rDXHP&New&HV_AirDist__SupFanMtr/NE-HVAC-FanBelt-SynchVBelt-Msr/instance-out.sql,1469968.69,35816.81,9838.16,395231.18,0.0,509200.67,0.0,380216.95,3.39,0.0,0.0,0.0,139661.53,0.0,0.0,35816.81,9838.16,0.00,0.00,468847.72,40352.95
CZ01/RtS&0&rDXHP&New&HV_AirDist__SupFanMtr/NE-HVAC-FanBelt-VBelt-Std/instance-out.sql,92020.78,7395.44,124.18,23251.32,0.0,24440.79,0.0,20125.1,3.36,0.0,0.0,0.0,16680.59,0.0,0.0,7395.44,124.18,0.00,0.00,24440.79,0.00
CZ01/RtS&0&rDXHP&New&HV_AirDist__SupFanMtr/NE-HVAC-FanBelt-CoggedVBelt-Msr/instance-out.sql,91690.26,7461.87,121.84,23251.32,0.0,24440.79,0.0,19730.49,3.36,0.0,0.0,0.0,16680.59,0.0,0.0,7461.87,121.84,0.00,0.00,24440.79,0.00
CZ01/RtS&0&rDXHP&New&HV_AirDist__SupFanMtr/NE-HVAC-FanBelt-SynchVBelt-Msr/instance-out.sql,91218.92,7557.52,118.58,23251.32,0.0,24440.79,0.0,19166.76,3.36,0.0,0.0,0.0,16680.59,0.0,0.0,7557.52,118.58,0.00,0.00,24440.79,0.00
CZ01/SCn&0&rDXHP&New&HV_AirDist__SupFanMtr/NE-HVAC-FanBelt-VBelt-Std/instance-out.sql,2495987.76,400029.26,770.97,571539.04,0.0,449066.39,0.0,981341.09,3.36,0.0,0.0,0.0,93237.65,0.0,0.0,400029.26,770.97,0.00,0.00,449066.39,0.00
CZ01/SCn&0&rDXHP&New&HV_AirDist__SupFanMtr/NE-HVAC-FanBelt-CoggedVBelt-Msr/instance-out.sql,2481365.32,404615.36,755.09,571539.04,0.0,449066.39,0.0,962148.44,3.36,0.0,0.0,0.0,93237.65,0.0,0.0,404615.36,755.09,0.00,0.00,449066.39,0.00
CZ01/SCn&0&rDXHP&New&HV_AirDist__SupFanMtr/NE-HVAC-FanBelt-SynchVBelt-Msr/instance-out.sql,2460284.77,411061.14,732.42,571539.04,0.0,449066.39,0.0,934644.8,3.36,0.0,0.0,0.0,93237.64,0.0,0.0,411061.14,732.42,0.00,0.00,449066.39,0.00
CZ02/Asm&0&rDXHP&New&HV_AirDist__SupFanMtr/NE-HVAC-FanBelt-VBelt-Std/instance-out.sql,565287.16,69595.74,70177.55,76844.55,0.0,145823.51,0.0,179808.53,3.36,0.0,0.0,0.0,23033.92,0.0,0.0,69595.74,70177.55,0.00,0.00,145823.51,0.00
CZ02/Asm&0&rDXHP&New&HV_AirDist__SupFanMtr/NE-HVAC-FanBelt-CoggedVBelt-Msr/instance-out.sql,561866.14,70008.13,69869.11,76844.55,0.0,145823.51,0.0,176282.88,3.36,0.0,0.0,0.0,23034.6,0.0,0.0,70008.13,69869.11,0.00,0.00,145823.51,0.00
CZ02/Asm&0&rDXHP&New&HV_AirDist__SupFanMtr/NE-HVAC-FanBelt-SynchVBelt-Msr/instance-out.sql,556982.69,70600.08,69430.37,76844.55,0.0,145823.51,0.0,171246.22,3.36,0.0,0.0,0.0,23034.6,0.0,0.0,70600.08,69430.37,0.00,0.00,145823.51,0.00
CZ02/ECC&0&rDXHP&New&HV_AirDist__SupFanMtr/NE-HVAC-FanBelt-VBelt-Std/instance-out.sql,2327854.04,52848.72,166099.64,167224.54,0.0,1013813.91,0.0,467884.88,617.92,0.0,0.0,0.0,459364.41,0.0,0.0,50002.79,166099.64,2845.93,0.00,945189.93,68623.98
CZ02/ECC&0&rDXHP&New&HV_AirDist__SupFanMtr/NE-HVAC-FanBelt-CoggedVBelt-Msr/instance-out.sql,2320068.25,53469.58,165392.57,167224.54,0.0,1013813.91,0.0,460181.74,617.84,0.0,0.0,0.0,459368.07,0.0,0.0,50612.89,165392.57,2856.69,0.00,945189.93,68623.98
CZ02/ECC&0&rDXHP&New&HV_AirDist__SupFanMtr/NE-HVAC-FanBelt-SynchVBelt-Msr/instance-out.sql,2308683.86,54315.5,164384.87,167224.54,0.0,1013813.91,0.0,448970.06,617.77,0.0,0.0,0.0,459357.2,0.0,0.0,51454.73,164384.87,2860.77,0.00,945189.93,68623.98
CZ02/EPr&0&rDXHP&New&HV_AirDist__SupFanMtr/NE-HVAC-FanBelt-VBelt-Std/instance-out.sql,341814.79,10889.96,27156.58,30835.78,0.0,125897.03,0.0,59392.14,3.37,0.0,0.0,0.0,87639.93,0.0,0.0,10889.96,27156.58,0.00,0.00,83226.75,42670.28
CZ02/EPr&0&rDXHP&New&HV_AirDist__SupFanMtr/NE-HVAC-FanBelt-CoggedVBelt-Msr/instance-out.sql,340836.48,10980.64,27060.21,30835.78,0.0,125897.03,0.0,58419.51,3.37,0.0,0.0,0.0,87639.93,0.0,0.0,10980.64,27060.21,0.00,0.00,83226.75,42670.28
CZ02/EPr&0&rDXHP&New&HV_AirDist__SupFanMtr/NE-HVAC-FanBelt-SynchVBelt-Msr/instance-out.sql,339438.59,11109.19,26923.07,30835.78,0.0,125897.03,0.0,57030.21,3.37,0.0,0.0,0.0,87639.93,0.0,0.0,11109.19,26923.07,0.00,0.00,83226.75,42670.28
CZ02/ERC&0&rDXHP&New&HV_AirDist__SupFanMtr/NE-HVAC-FanBelt-VBelt-Std/instance-out.sql,16713.58,759.54,690.41,1016.35,0.0,2196.82,0.0,2689.17,3.36,0.0,0.0,0.0,9357.93,0.0,0.0,759.54,690.41,0.00,0.00,2196.82,0.00
CZ02/ERC&0&rDXHP&New&HV_AirDist__SupFanMtr/NE-HVAC-FanBelt-CoggedVBelt-Msr/instance-out.sql,16665.03,766.33,686.59,1016.35,0.0,2196.82,0.0,2637.65,3.36,0.0,0.0,0.0,9357.93,0.0,0.0,766.33,686.59,0.00,0.00,2196.82,0.00
CZ02/ERC&0&rDXHP&New&HV_AirDist__SupFanMtr/NE-HVAC-FanBelt-SynchVBelt-Msr/instance-out.sql,16595.24,776.11,681.15,1016.35,0.0,2196.82,0.0,2563.52,3.36,0.0,0.0,0.0,9357.93,0.0,0.0,776.11,681.15,0.00,0.00,2196.82,0.00
CZ02/ESe&0&rDXHP&New&HV_AirDist__SupFanMtr/NE-HVAC-FanBelt-VBelt-Std/instance-out.sql,1186948.51,224259.09999999998,78920.8,94750.45,0.0,323176.74,0.0,226012.72,3.39,0.0,0.0,0.0,239825.31,0.0,0.0,10078.02,78920.80,214181.08,0.00,259085.82,64090.92
CZ02/ESe&0&rDXHP&New&HV_AirDist__SupFanMtr/NE-HVAC-FanBelt-CoggedVBelt-Msr/instance-out.sql,1185681.08,224378.84,78800.86,94750.45,0.0,323176.74,0.0,224745.5,3.39,0.0,0.0,0.0,239825.29,0.0,0.0,10177.35,78800.86,214201.49,0.00,259085.82,64090.92
CZ02/ESe&0&rDXHP&New&HV_AirDist__SupFanMtr/NE-HVAC-FanBelt-SynchVBelt-Msr/instance-out.sql,1183864.46,224529.16,78630.22,94750.45,0.0,323176.74,0.0,222949.2,3.39,0.0,0.0,0.0,239825.29,0.0,0.0,10319.96,78630.22,214209.20,0.00,259085.82,64090.92
CZ02/EUn&0&rDXHP&New&HV_AirDist__SupFanMtr/NE-HVAC-FanBelt-VBelt-Std/instance-out.sql,7175061.85,87373.04000000001,526543.02,644388.1,0.0,3682881.23,0.0,1457663.39,3.37,0.0,0.0,0.0,776209.7,0.0,0.0,86079.72,526543.02,1293.32,0.00,3555459.15,127422.08
CZ02/EUn&0&rDXHP&New&HV_AirDist__SupFanMtr/NE-HVAC-FanBelt-CoggedVBelt-Msr/instance-out.sql,7151057.6899999995,88567.36,524526.06,644388.1,0.0,3682881.23,0.0,1434481.88,3.37,0.0,0.0,0.0,776209.69,0.0,0.0,87272.24,524526.06,1295.12,0.00,3555459.15,127422.08
CZ02/EUn&0&rDXHP&New&HV_AirDist__SupFanMtr/NE-HVAC-FanBelt-SynchVBelt-Msr/instance-out.sql,7116780.67,90301.27,521652.22,644388.1,0.0,3682881.23,0.0,1401344.8,3.37,0.0,0.0,0.0,776209.69,0.0,0.0,89003.81,521652.22,1297.46,0.00,3555459.15,127422.08
CZ02/Hsp&0&rDXHP&New&HV_AirDist__SupFanMtr/NE-HVAC-FanBelt-VBelt-Std/instance-out.sql,3590009.02,479214.1,525014.44,625795.42,0.0,1182847.3,0.0,474265.11,32573.16,0.0,0.0,0.0,270299.49,0.0,0.0,19955.56,525014.44,459258.54,0.00,1139112.10,43735.20
CZ02/Hsp&0&rDXHP&New&HV_AirDist__SupFanMtr/NE-HVAC-FanBelt-CoggedVBelt-Msr/instance-out.sql,3584716.99,479683.06,524595.3,625795.42,0.0,1182847.3,0.0,468925.26,32569.76,0.0,0.0,0.0,270300.9,0.0,0.0,20239.60,524595.30,459443.46,0.00,1139112.10,43735.20
CZ02/Hsp&0&rDXHP&New&HV_AirDist__SupFanMtr/NE-HVAC-FanBelt-SynchVBelt-Msr/instance-out.sql,3577058.79,480260.85,523985.79,625795.42,0.0,1182847.3,0.0,461301.96,32566.59,0.0,0.0,0.0,270300.9,0.0,0.0,20636.48,523985.79,459624.37,0.00,1139112.10,43735.20
CZ02/MBT&0&rDXHP&New&HV_AirDist__SupFanMtr/NE-HVAC-FanBelt-VBelt-Std/instance-out.sql,7095762.66,3171200.73,210679.91,438466.02,0.0,2167645.51,0.0,928049.43,486.61,0.0,0.0,0.0,179234.44,0.0,0.0,33878.50,210679.91,3137322.23,0.00,1394057.91,773587.60
CZ02/MBT&0&rDXHP&New&HV_AirDist__SupFanMtr/NE-HVAC-FanBelt-CoggedVBelt-Msr/instance-out.sql,7091145.8,3171685.07,210308.83,438466.02,0.0,2167645.51,0.0,923319.31,486.61,0.0,0.0,0.0,179234.44,0.0,0.0,34238.84,210308.83,3137446.23,0.00,1394057.91,773587.60
CZ02/MBT&0&rDXHP&New&HV_AirDist__SupFanMtr/NE-HVAC-FanBelt-SynchVBelt-Msr/instance-out.sql,7084558.77,3172382.21,209781.24,438466.02,0.0,2167645.51,0.0,916562.73,486.61,0.0,0.0,0.0,179234.44,0.0,0.0,34759.16,209781.24,3137623.05,0.00,1394057.91,773587.60
CZ02/MLI&0&rDXHP&New&HV_AirDist__SupFanMtr/NE-HVAC-FanBelt-VBelt-Std/instance-out.sql,855689.84,33881.08,59268.4,153603.74,0.0,239893.0,0.0,319186.87,3.37,0.0,0.0,0.0,49853.37,0.0,0.0,33881.08,59268.40,0.00,0.00,239893.00,0.00
CZ02/MLI&0&rDXHP&New&HV_AirDist__SupFanMtr/NE-HVAC-FanBelt-CoggedVBelt-Msr/instance-out.sql,849516.74,34426.83,58808.13,153603.74,0.0,239893.0,0.0,312928.3,3.37,0.0,0.0,0.0,49853.37,0.0,0.0,34426.83,58808.13,0.00,0.00,239893.00,0.00
CZ02/MLI&0&rDXHP&New&HV_AirDist__SupFanMtr/NE-HVAC-FanBelt-SynchVBelt-Msr/instance-out.sql,840710.42,35217.84,58151.61,153603.74,0.0,239893.0,0.0,303987.49,3.37,0.0,0.0,0.0,49853.37,0.0,0.0,35217.84,58151.61,0.00,0.00,239893.00,0.00
CZ02/Mtl&0&rDXHP&New&HV_AirDist__SupFanMtr/NE-HVAC-FanBelt-VBelt-Std/instance-out.sql,148083.88,9684.32,20088.44,34352.14,0.0,22443.33,0.0,53725.65,3.36,0.0,0.0,0.0,7786.63,0.0,0.0,8746.24,20088.44,938.08,0.00,22191.36,251.97
CZ02/Mtl&0&rDXHP&New&HV_AirDist__SupFanMtr/NE-HVAC-FanBelt-CoggedVBelt-Msr/instance-out.sql,147045.3,9780.070000000002,19998.86,34352.14,0.0,22443.33,0.0,52680.9,3.36,0.0,0.0,0.0,7786.63,0.0,0.0,8840.37,19998.86,939.70,0.00,22191.36,251.97
CZ02/Mtl&0&rDXHP&New&HV_AirDist__SupFanMtr/NE-HVAC-FanBelt-SynchVBelt-Msr/instance-out.sql,145562.32,9918.94,19871.44,34352.14,0.0,22443.33,0.0,51186.47,3.36,0.0,0.0,0.0,7786.63,0.0,0.0,8976.50,19871.44,942.44,0.00,22191.36,251.97
CZ02/Nrs&0&rDXHP&New&HV_AirDist__SupFanMtr/NE-HVAC-FanBelt-VBelt-Std/instance-out.sql,783008.5900000001,38624.16,57612.83,103109.51,0.0,347425.87,0.0,114637.86,41.42,0.0,0.0,0.0,121556.96,0.0,0.0,9482.45,57612.83,29141.71,0.00,281574.59,65851.28
CZ02/Nrs&0&rDXHP&New&HV_AirDist__SupFanMtr/NE-HVAC-FanBelt-CoggedVBelt-Msr/instance-out.sql,781458.72,38761.270000000004,57482.93,103109.51,0.0,347425.87,0.0,113103.51,41.6,0.0,0.0,0.0,121534.03,0.0,0.0,9578.25,57482.93,29183.02,0.00,281574.59,65851.28
CZ02/Nrs&0&rDXHP&New&HV_AirDist__SupFanMtr/NE-HVAC-FanBelt-SynchVBelt-Msr/instance-out.sql,779257.99,38922.94,57296.0,103109.51,0.0,347425.87,0.0,110898.69,41.11,0.0,0.0,0.0,121563.87,0.0,0.0,9715.32,57296.00,29207.62,0.00,281574.59,65851.28
CZ02/OfL&0&rDXHP&New&HV_AirDist__SupFanMtr/NE-HVAC-FanBelt-VBelt-Std/instance-out.sql,2005846.14,45430.7,189281.51,239041.7,0.0,829334.66,0.0,577831.96,1664.91,0.0,0.0,0.0,123260.69,0.0,0.0,13400.15,189281.51,32030.55,0.00,829334.66,0.00
CZ02/OfL&0&rDXHP&New&HV_AirDist__SupFanMtr/NE-HVAC-FanBelt-CoggedVBelt-Msr/instance-out.sql,1994845.88,45743.15,188450.61,239041.7,0.0,829334.66,0.0,567349.18,1664.86,0.0,0.0,0.0,123261.72,0.0,0.0,13688.63,188450.61,32054.52,0.00,829334.66,0.00
CZ02/OfL&0&rDXHP&New&HV_AirDist__SupFanMtr/NE-HVAC-FanBelt-SynchVBelt-Msr/instance-out.sql,1979082.07,46144.090000000004,187262.09,239041.7,0.0,829334.66,0.0,552368.77,1665.11,0.0,0.0,0.0,123265.65,0.0,0.0,14134.19,187262.09,32009.90,0.00,829334.66,0.00
CZ02/OfS&0&rDXHP&New&HV_AirDist__SupFanMtr/NE-HVAC-FanBelt-VBelt-Std/instance-out.sql,105941.70999999999,3197.35,7362.55,12106.19,0.0,29387.4,0.0,31213.27,1.13,0.0,0.0,0.0,22673.82,0.0,0.0,3197.35,7362.55,0.00,0.00,29387.40,0.00
CZ02/OfS&0&rDXHP&New&HV_AirDist__SupFanMtr/NE-HVAC-FanBelt-CoggedVBelt-Msr/instance-out.sql,105327.26999999999,3240.32,7316.6,12106.19,0.0,29387.4,0.0,30601.8,1.13,0.0,0.0,0.0,22673.82,0.0,0.0,3240.32,7316.60,0.00,0.00,29387.40,0.00
CZ02/OfS&0&rDXHP&New&HV_AirDist__SupFanMtr/NE-HVAC-FanBelt-SynchVBelt-Msr/instance-out.sql,104446.45000000001,3300.52,7250.93,12106.19,0.0,29387.4,0.0,29726.46,1.13,0.0,0.0,0.0,22673.82,0.0,0.0,3300.52,7250.93,0.00,0.00,29387.40,0.00
CZ02/RFF&0&rDXHP&New&HV_AirDist__SupFanMtr/NE-HVAC-FanBelt-VBelt-Std/instance-out.sql,98244.83,3542.42,6478.19,6626.33,0.0,37903.17,0.0,17392.88,3.37,0.0,0.0,0.0,26298.47,0.0,0.0,2785.41,6478.19,757.01,0.00,18423.46,19479.71
CZ02/RFF&0&rDXHP&New&HV_AirDist__SupFanMtr/NE-HVAC-FanBelt-CoggedVBelt-Msr/instance-out.sql,98037.66,3568.7299999999996,6463.61,6626.33,0.0,37903.17,0.0,17173.97,3.37,0.0,0.0,0.0,26298.47,0.0,0.0,2811.49,6463.61,757.24,0.00,18423.46,19479.71
CZ02/RFF&0&rDXHP&New&HV_AirDist__SupFanMtr/NE-HVAC-FanBelt-SynchVBelt-Msr/instance-out.sql,97742.35999999999,3606.44,6442.84,6626.33,0.0,37903.17,0.0,16861.73,3.37,0.0,0.0,0.0,26298.47,0.0,0.0,2848.85,6442.84,757.59,0.00,18423.46,19479.71
CZ02/RSD&0&rDXHP&New&HV_AirDist__SupFanMtr/NE-HVAC-FanBelt-VBelt-Std/instance-out.sql,230978.61000000002,28823.16,15947.75,16225.45,0.0,76546.73,0.0,25880.0,11.78,0.0,0.0,0.0,67543.74,0.0,0.0,1236.99,15947.75,27586.17,0.00,37475.60,39071.13
CZ02/RSD&0&rDXHP&New&HV_AirDist__SupFanMtr/NE-HVAC-FanBelt-CoggedVBelt-Msr/instance-out.sql,230887.91999999998,28835.69,15940.54,16225.45,0.0,76546.73,0.0,25783.99,11.79,0.0,0.0,0.0,67543.75,0.0,0.0,1247.35,15940.54,27588.34,0.00,37475.60,39071.13
CZ02/RSD&0&rDXHP&New&HV_AirDist__SupFanMtr/NE-HVAC-FanBelt-SynchVBelt-Msr/instance-out.sql,230758.41000000003,28853.8,15930.22,16225.45,0.0,76546.73,0.0,25646.69,11.79,0.0,0.0,0.0,67543.74,0.0,0.0,1262.28,15930.22,27591.52,0.00,37475.60,39071.13
CZ02/Rt3&0&rDXHP&New&HV_AirDist__SupFanMtr/NE-HVAC-FanBelt-VBelt-Std/instance-out.sql,1757103.6300000001,67165.13,146841.12,394371.6,0.0,436362.0,0.0,534758.37,3.38,0.0,0.0,0.0,177602.03,0.0,0.0,56681.09,146841.12,10484.04,0.00,436362.00,0.00
CZ02/Rt3&0&rDXHP&New&HV_AirDist__SupFanMtr/NE-HVAC-FanBelt-CoggedVBelt-Msr/instance-out.sql,1747029.42,67983.41,145998.49,394371.6,0.0,436362.0,0.0,524708.5,3.38,0.0,0.0,0.0,177602.03,0.0,0.0,57493.45,145998.49,10489.96,0.00,436362.00,0.00
CZ02/Rt3&0&rDXHP&New&HV_AirDist__SupFanMtr/NE-HVAC-FanBelt-SynchVBelt-Msr/instance-out.sql,1732659.8,69173.01,144799.15,394371.6,0.0,436362.0,0.0,510348.63,3.38,0.0,0.0,0.0,177602.03,0.0,0.0,58668.81,144799.15,10504.20,0.00,436362.00,0.00
CZ02/RtL&0&rDXHP&New&HV_AirDist__SupFanMtr/NE-HVAC-FanBelt-VBelt-Std/instance-out.sql,1602157.9,27757.34,132936.86,395231.18,0.0,509200.67,0.0,406332.97,3.39,0.0,0.0,0.0,130695.49,0.0,0.0,27757.34,132936.86,0.00,0.00,468847.72,40352.95
CZ02/RtL&0&rDXHP&New&HV_AirDist__SupFanMtr/NE-HVAC-FanBelt-CoggedVBelt-Msr/instance-out.sql,1594091.91,28216.59,132209.88,395231.18,0.0,509200.67,0.0,398534.69,3.39,0.0,0.0,0.0,130695.51,0.0,0.0,28216.59,132209.88,0.00,0.00,468847.72,40352.95
CZ02/RtL&0&rDXHP&New&HV_AirDist__SupFanMtr/NE-HVAC-FanBelt-SynchVBelt-Msr/instance-out.sql,1582577.21,28880.34,131171.81,395231.18,0.0,509200.67,0.0,387394.3,3.39,0.0,0.0,0.0,130695.51,0.0,0.0,28880.34,131171.81,0.00,0.00,468847.72,40352.95
CZ02/RtS&0&rDXHP&New&HV_AirDist__SupFanMtr/NE-HVAC-FanBelt-VBelt-Std/instance-out.sql,113126.13,7374.91,9134.07,23251.32,0.0,24440.79,0.0,32952.99,3.36,0.0,0.0,0.0,15968.68,0.0,0.0,7374.91,9134.07,0.00,0.00,24440.79,0.00
CZ02/RtS&0&rDXHP&New&HV_AirDist__SupFanMtr/NE-HVAC-FanBelt-CoggedVBelt-Msr/instance-out.sql,112503.04999999999,7443.48,9083.83,23251.32,0.0,24440.79,0.0,32311.58,3.36,0.0,0.0,0.0,15968.68,0.0,0.0,7443.48,9083.83,0.00,0.00,24440.79,0.00
CZ02/RtS&0&rDXHP&New&HV_AirDist__SupFanMtr/NE-HVAC-FanBelt-SynchVBelt-Msr/instance-out.sql,111611.93,7542.0,9012.23,23251.32,0.0,24440.79,0.0,31393.54,3.36,0.0,0.0,0.0,15968.68,0.0,0.0,7542.00,9012.23,0.00,0.00,24440.79,0.00
CZ02/SCn&0&rDXHP&New&HV_AirDist__SupFanMtr/NE-HVAC-FanBelt-VBelt-Std/instance-out.sql,2545454.89,247252.21,171965.37,571539.04,0.0,449066.39,0.0,1018256.78,3.36,0.0,0.0,0.0,87371.75,0.0,0.0,247252.21,171965.37,0.00,0.00,449066.39,0.00
CZ02/SCn&0&rDXHP&New&HV_AirDist__SupFanMtr/NE-HVAC-FanBelt-CoggedVBelt-Msr/instance-out.sql,2526751.26,249961.06,170365.17,571539.04,0.0,449066.39,0.0,998444.5,3.36,0.0,0.0,0.0,87371.75,0.0,0.0,249961.06,170365.17,0.00,0.00,449066.39,0.00
CZ02/SCn&0&rDXHP&New&HV_AirDist__SupFanMtr/NE-HVAC-FanBelt-SynchVBelt-Msr/instance-out.sql,2499760.37,253730.49,168089.24,571539.04,0.0,449066.39,0.0,969960.11,3.36,0.0,0.0,0.0,87371.75,0.0,0.0,253730.49,168089.24,0.00,0.00,449066.39,0.00
CZ03/Asm&0&rDXHP&New&HV_AirDist__SupFanMtr/NE-HVAC-FanBelt-VBelt-Std/instance-out.sql,494560.47,44348.31,30474.51,76844.55,0.0,145823.51,0.0,174231.44,3.36,0.0,0.0,0.0,22834.79,0.0,0.0,44348.31,30474.51,0.00,0.00,145823.51,0.00
CZ03/Asm&0&rDXHP&New&HV_AirDist__SupFanMtr/NE-HVAC-FanBelt-CoggedVBelt-Msr/instance-out.sql,491261.08999999997,44712.3,30227.45,76844.55,0.0,145823.51,0.0,170815.14,3.36,0.0,0.0,0.0,22834.79,0.0,0.0,44712.30,30227.45,0.00,0.00,145823.51,0.00
CZ03/Asm&0&rDXHP&New&HV_AirDist__SupFanMtr/NE-HVAC-FanBelt-SynchVBelt-Msr/instance-out.sql,486554.52999999997,45236.58,29877.04,76844.55,0.0,145823.51,0.0,165934.7,3.36,0.0,0.0,0.0,22834.79,0.0,0.0,45236.58,29877.04,0.00,0.00,145823.51,0.00
CZ03/ECC&0&rDXHP&New&HV_AirDist__SupFanMtr/NE-HVAC-FanBelt-VBelt-Std/instance-out.sql,2183679.82,29043.510000000002,73978.76,167224.54,0.0,1013813.91,0.0,444641.14,598.58,0.0,0.0,0.0,454379.36,0.0,0.0,27865.68,73978.76,1177.83,0.00,945189.93,68623.98
CZ03/ECC&0&rDXHP&New&HV_AirDist__SupFanMtr/NE-HVAC-FanBelt-CoggedVBelt-Msr/instance-out.sql,2176526.32,29476.95,73532.86,167224.54,0.0,1013813.91,0.0,437500.25,598.41,0.0,0.0,0.0,454379.39,0.0,0.0,28286.49,73532.86,1190.46,0.00,945189.93,68623.98
CZ03/ECC&0&rDXHP&New&HV_AirDist__SupFanMtr/NE-HVAC-FanBelt-SynchVBelt-Msr/instance-out.sql,2165754.44,30005.44,72908.88,167224.54,0.0,1013813.91,0.0,426827.89,598.23,0.0,0.0,0.0,454375.55,0.0,0.0,28820.46,72908.88,1184.98,0.00,945189.93,68623.98
CZ03/EPr&0&rDXHP&New&HV_AirDist__SupFanMtr/NE-HVAC-FanBelt-VBelt-Std/instance-out.sql,323525.2,6781.83,16153.36,30835.78,0.0,125897.03,0.0,57123.72,3.37,0.0,0.0,0.0,86730.09,0.0,0.0,6781.83,16153.36,0.00,0.00,83226.75,42670.28
CZ03/EPr&0&rDXHP&New&HV_AirDist__SupFanMtr/NE-HVAC-FanBelt-CoggedVBelt-Msr/instance-out.sql,322580.57,6852.03,16079.18,30835.78,0.0,125897.03,0.0,56183.07,3.37,0.0,0.0,0.0,86730.09,0.0,0.0,6852.03,16079.18,0.00,0.00,83226.75,42670.28
CZ03/EPr&0&rDXHP&New&HV_AirDist__SupFanMtr/NE-HVAC-FanBelt-SynchVBelt-Msr/instance-out.sql,321228.70999999996,6953.8,15973.92,30835.78,0.0,125897.03,0.0,54834.7,3.37,0.0,0.0,0.0,86730.09,0.0,0.0,6953.80,15973.92,0.00,0.00,83226.75,42670.28
CZ03/ERC&0&rDXHP&New&HV_AirDist__SupFanMtr/NE-HVAC-FanBelt-VBelt-Std/instance-out.sql,15947.98,561.11,241.8,1016.35,0.0,2196.82,0.0,2603.43,3.36,0.0,0.0,0.0,9325.11,0.0,0.0,561.11,241.80,0.00,0.00,2196.82,0.00
CZ03/ERC&0&rDXHP&New&HV_AirDist__SupFanMtr/NE-HVAC-FanBelt-CoggedVBelt-Msr/instance-out.sql,15901.64,566.93,239.5,1016.35,0.0,2196.82,0.0,2553.57,3.36,0.0,0.0,0.0,9325.11,0.0,0.0,566.93,239.50,0.00,0.00,2196.82,0.00
CZ03/ERC&0&rDXHP&New&HV_AirDist__SupFanMtr/NE-HVAC-FanBelt-SynchVBelt-Msr/instance-out.sql,15835.11,575.25,236.25,1016.35,0.0,2196.82,0.0,2481.97,3.36,0.0,0.0,0.0,9325.11,0.0,0.0,575.25,236.25,0.00,0.00,2196.82,0.00
CZ03/ESe&0&rDXHP&New&HV_AirDist__SupFanMtr/NE-HVAC-FanBelt-VBelt-Std/instance-out.sql,1055351.1300000001,155689.22,36711.9,94750.45,0.0,323176.74,0.0,207938.08,3.39,0.0,0.0,0.0,237081.33,0.0,0.0,5475.89,36711.90,150213.33,0.00,259085.82,64090.92
CZ03/ESe&0&rDXHP&New&HV_AirDist__SupFanMtr/NE-HVAC-FanBelt-CoggedVBelt-Msr/instance-out.sql,1054175.31,155772.56,36630.83,94750.45,0.0,323176.74,0.0,206760.0,3.39,0.0,0.0,0.0,237081.33,0.0,0.0,5543.12,36630.83,150229.44,0.00,259085.82,64090.92
CZ03/ESe&0&rDXHP&New&HV_AirDist__SupFanMtr/NE-HVAC-FanBelt-SynchVBelt-Msr/instance-out.sql,1052499.62,155877.55000000002,36515.42,94750.45,0.0,323176.74,0.0,205094.71,3.39,0.0,0.0,0.0,237081.35,0.0,0.0,5640.04,36515.42,150237.51,0.00,259085.82,64090.92
CZ03/EUn&0&rDXHP&New&HV_AirDist__SupFanMtr/NE-HVAC-FanBelt-VBelt-Std/instance-out.sql,6834608.02,41986.79,268011.02,644388.1,0.0,3682881.23,0.0,1429949.25,3.37,0.0,0.0,0.0,767388.26,0.0,0.0,41631.15,268011.02,355.64,0.00,3555459.15,127422.08
CZ03/EUn&0&rDXHP&New&HV_AirDist__SupFanMtr/NE-HVAC-FanBelt-CoggedVBelt-Msr/instance-out.sql,6811096.86,42702.88,266562.71,644388.1,0.0,3682881.23,0.0,1407170.3,3.37,0.0,0.0,0.0,767388.27,0.0,0.0,42346.45,266562.71,356.43,0.00,3555459.15,127422.08
CZ03/EUn&0&rDXHP&New&HV_AirDist__SupFanMtr/NE-HVAC-FanBelt-SynchVBelt-Msr/instance-out.sql,6777530.33,43745.43,264506.72,644388.1,0.0,3682881.23,0.0,1374617.19,3.37,0.0,0.0,0.0,767388.28,0.0,0.0,43387.93,264506.72,357.50,0.00,3555459.15,127422.08
CZ03/Hsp&0&rDXHP&New&HV_AirDist__SupFanMtr/NE-HVAC-FanBelt-VBelt-Std/instance-out.sql,3184278.31,341867.48000000004,324750.91,625795.42,0.0,1182847.3,0.0,412726.55,29123.6,0.0,0.0,0.0,267167.06,0.0,0.0,10695.59,324750.91,331171.89,0.00,1139112.10,43735.20
CZ03/Hsp&0&rDXHP&New&HV_AirDist__SupFanMtr/NE-HVAC-FanBelt-CoggedVBelt-Msr/instance-out.sql,3179147.76,342080.13,324508.3,625795.42,0.0,1182847.3,0.0,407617.41,29122.33,0.0,0.0,0.0,267176.87,0.0,0.0,10847.00,324508.30,331233.13,0.00,1139112.10,43735.20
CZ03/Hsp&0&rDXHP&New&HV_AirDist__SupFanMtr/NE-HVAC-FanBelt-SynchVBelt-Msr/instance-out.sql,3171997.43,342593.88999999996,324142.52,625795.42,0.0,1182847.3,0.0,400319.37,29120.05,0.0,0.0,0.0,267178.88,0.0,0.0,11098.97,324142.52,331494.92,0.00,1139112.10,43735.20
CZ03/MBT&0&rDXHP&New&HV_AirDist__SupFanMtr/NE-HVAC-FanBelt-VBelt-Std/instance-out.sql,6230835.39,2448150.3299999996,78797.55,438466.02,0.0,2167645.51,0.0,920110.19,487.57,0.0,0.0,0.0,177178.21,0.0,0.0,20091.76,78797.55,2428058.57,0.00,1394057.91,773587.60
CZ03/MBT&0&rDXHP&New&HV_AirDist__SupFanMtr/NE-HVAC-FanBelt-CoggedVBelt-Msr/instance-out.sql,6226458.13,2448543.4400000004,78557.29,438466.02,0.0,2167645.51,0.0,915580.09,487.57,0.0,0.0,0.0,177178.22,0.0,0.0,20344.95,78557.29,2428198.49,0.00,1394057.91,773587.60
CZ03/MBT&0&rDXHP&New&HV_AirDist__SupFanMtr/NE-HVAC-FanBelt-SynchVBelt-Msr/instance-out.sql,6220213.62,2449112.03,78216.0,438466.02,0.0,2167645.51,0.0,909108.28,487.56,0.0,0.0,0.0,177178.22,0.0,0.0,20711.88,78216.00,2428400.15,0.00,1394057.91,773587.60
CZ03/MLI&0&rDXHP&New&HV_AirDist__SupFanMtr/NE-HVAC-FanBelt-VBelt-Std/instance-out.sql,789302.46,20767.27,19444.72,153603.74,0.0,239893.0,0.0,306262.27,3.37,0.0,0.0,0.0,49328.08,0.0,0.0,20767.27,19444.72,0.00,0.00,239893.00,0.00
CZ03/MLI&0&rDXHP&New&HV_AirDist__SupFanMtr/NE-HVAC-FanBelt-CoggedVBelt-Msr/instance-out.sql,783479.85,21186.33,19208.19,153603.74,0.0,239893.0,0.0,300257.13,3.37,0.0,0.0,0.0,49328.08,0.0,0.0,21186.33,19208.19,0.00,0.00,239893.00,0.00
CZ03/MLI&0&rDXHP&New&HV_AirDist__SupFanMtr/NE-HVAC-FanBelt-SynchVBelt-Msr/instance-out.sql,775173.49,21796.59,18870.34,153603.74,0.0,239893.0,0.0,291678.36,3.37,0.0,0.0,0.0,49328.08,0.0,0.0,21796.59,18870.34,0.00,0.00,239893.00,0.00
CZ03/Mtl&0&rDXHP&New&HV_AirDist__SupFanMtr/NE-HVAC-FanBelt-VBelt-Std/instance-out.sql,133818.99,5137.349999999999,9847.28,34352.14,0.0,22443.33,0.0,54264.74,3.36,0.0,0.0,0.0,7770.79,0.0,0.0,4691.03,9847.28,446.32,0.00,22191.36,251.97
CZ03/Mtl&0&rDXHP&New&HV_AirDist__SupFanMtr/NE-HVAC-FanBelt-CoggedVBelt-Msr/instance-out.sql,132757.79,5198.67,9782.22,34352.14,0.0,22443.33,0.0,53207.27,3.36,0.0,0.0,0.0,7770.79,0.0,0.0,4753.94,9782.22,444.73,0.00,22191.36,251.97
CZ03/Mtl&0&rDXHP&New&HV_AirDist__SupFanMtr/NE-HVAC-FanBelt-SynchVBelt-Msr/instance-out.sql,131260.68,5300.070000000001,9689.69,34352.14,0.0,22443.33,0.0,51701.29,3.36,0.0,0.0,0.0,7770.79,0.0,0.0,4848.43,9689.69,451.64,0.00,22191.36,251.97
CZ03/Nrs&0&rDXHP&New&HV_AirDist__SupFanMtr/NE-HVAC-FanBelt-VBelt-Std/instance-out.sql,745513.92,30248.28,34302.58,103109.51,0.0,347425.87,0.0,109988.54,29.84,0.0,0.0,0.0,120409.3,0.0,0.0,5545.19,34302.58,24703.09,0.00,281574.59,65851.28
CZ03/Nrs&0&rDXHP&New&HV_AirDist__SupFanMtr/NE-HVAC-FanBelt-CoggedVBelt-Msr/instance-out.sql,743952.9099999999,30346.37,34204.48,103109.51,0.0,347425.87,0.0,108432.19,29.82,0.0,0.0,0.0,120404.68,0.0,0.0,5614.37,34204.48,24732.00,0.00,281574.59,65851.28
CZ03/Nrs&0&rDXHP&New&HV_AirDist__SupFanMtr/NE-HVAC-FanBelt-SynchVBelt-Msr/instance-out.sql,741774.0,30512.96,34084.01,103109.51,0.0,347425.87,0.0,106202.28,29.91,0.0,0.0,0.0,120409.48,0.0,0.0,5714.58,34084.01,24798.38,0.00,281574.59,65851.28
CZ03/OfL&0&rDXHP&New&HV_AirDist__SupFanMtr/NE-HVAC-FanBelt-VBelt-Std/instance-out.sql,1877111.01,27469.15,98360.98,239041.7,0.0,829334.66,0.0,559342.33,1688.76,0.0,0.0,0.0,121873.41,0.0,0.0,7077.49,98360.98,20391.66,0.00,829334.66,0.00
CZ03/OfL&0&rDXHP&New&HV_AirDist__SupFanMtr/NE-HVAC-FanBelt-CoggedVBelt-Msr/instance-out.sql,1866430.06,27629.93,97824.38,239041.7,0.0,829334.66,0.0,549036.6,1688.86,0.0,0.0,0.0,121873.92,0.0,0.0,7235.09,97824.38,20394.84,0.00,829334.66,0.00
CZ03/OfL&0&rDXHP&New&HV_AirDist__SupFanMtr/NE-HVAC-FanBelt-SynchVBelt-Msr/instance-out.sql,1851184.76,27858.11,97064.43,239041.7,0.0,829334.66,0.0,534323.93,1688.72,0.0,0.0,0.0,121873.2,0.0,0.0,7466.75,97064.43,20391.36,0.00,829334.66,0.00
CZ03/OfS&0&rDXHP&New&HV_AirDist__SupFanMtr/NE-HVAC-FanBelt-VBelt-Std/instance-out.sql,98818.40000000001,1995.34,2903.01,12106.19,0.0,29387.4,0.0,29972.13,1.13,0.0,0.0,0.0,22453.19,0.0,0.0,1995.34,2903.01,0.00,0.00,29387.40,0.00
CZ03/OfS&0&rDXHP&New&HV_AirDist__SupFanMtr/NE-HVAC-FanBelt-CoggedVBelt-Msr/instance-out.sql,98231.98,2025.65,2874.46,12106.19,0.0,29387.4,0.0,29383.95,1.13,0.0,0.0,0.0,22453.19,0.0,0.0,2025.65,2874.46,0.00,0.00,29387.40,0.00
CZ03/OfS&0&rDXHP&New&HV_AirDist__SupFanMtr/NE-HVAC-FanBelt-SynchVBelt-Msr/instance-out.sql,97396.28,2070.41,2833.96,12106.19,0.0,29387.4,0.0,28543.99,1.13,0.0,0.0,0.0,22453.19,0.0,0.0,2070.41,2833.96,0.00,0.00,29387.40,0.00
CZ03/RFF&0&rDXHP&New&HV_AirDist__SupFanMtr/NE-HVAC-FanBelt-VBelt-Std/instance-out.sql,92129.35999999999,1929.58,4113.33,6626.33,0.0,37903.17,0.0,15499.29,3.37,0.0,0.0,0.0,26054.27,0.0,0.0,1603.79,4113.33,325.79,0.00,18423.46,19479.71
CZ03/RFF&0&rDXHP&New&HV_AirDist__SupFanMtr/NE-HVAC-FanBelt-CoggedVBelt-Msr/instance-out.sql,91937.67000000001,1948.6699999999998,4104.06,6626.33,0.0,37903.17,0.0,15297.79,3.37,0.0,0.0,0.0,26054.27,0.0,0.0,1622.85,4104.06,325.82,0.00,18423.46,19479.71
CZ03/RFF&0&rDXHP&New&HV_AirDist__SupFanMtr/NE-HVAC-FanBelt-SynchVBelt-Msr/instance-out.sql,91664.33,1976.26,4090.84,6626.33,0.0,37903.17,0.0,15010.07,3.37,0.0,0.0,0.0,26054.27,0.0,0.0,1650.26,4090.84,326.00,0.00,18423.46,19479.71
CZ03/RSD&0&rDXHP&New&HV_AirDist__SupFanMtr/NE-HVAC-FanBelt-VBelt-Std/instance-out.sql,214807.15,19607.75,12424.29,16225.45,0.0,76546.73,0.0,23185.2,10.44,0.0,0.0,0.0,66807.31,0.0,0.0,700.31,12424.29,18907.44,0.00,37475.60,39071.13
CZ03/RSD&0&rDXHP&New&HV_AirDist__SupFanMtr/NE-HVAC-FanBelt-CoggedVBelt-Msr/instance-out.sql,214716.09000000003,19618.199999999997,12418.84,16225.45,0.0,76546.73,0.0,23089.12,10.44,0.0,0.0,0.0,66807.31,0.0,0.0,708.26,12418.84,18909.94,0.00,37475.60,39071.13
CZ03/RSD&0&rDXHP&New&HV_AirDist__SupFanMtr/NE-HVAC-FanBelt-SynchVBelt-Msr/instance-out.sql,214586.64,19633.75,12411.14,16225.45,0.0,76546.73,0.0,22951.84,10.44,0.0,0.0,0.0,66807.31,0.0,0.0,719.71,12411.14,18914.04,0.00,37475.60,39071.13
CZ03/Rt3&0&rDXHP&New&HV_AirDist__SupFanMtr/NE-HVAC-FanBelt-VBelt-Std/instance-out.sql,1587227.49,39626.340000000004,54427.25,394371.6,0.0,436362.0,0.0,486874.37,3.38,0.0,0.0,0.0,175562.55,0.0,0.0,32260.38,54427.25,7365.96,0.00,436362.00,0.00
CZ03/Rt3&0&rDXHP&New&HV_AirDist__SupFanMtr/NE-HVAC-FanBelt-CoggedVBelt-Msr/instance-out.sql,1578100.18,40184.83,53935.98,394371.6,0.0,436362.0,0.0,477679.84,3.38,0.0,0.0,0.0,175562.54,0.0,0.0,32810.23,53935.98,7374.60,0.00,436362.00,0.00
CZ03/Rt3&0&rDXHP&New&HV_AirDist__SupFanMtr/NE-HVAC-FanBelt-SynchVBelt-Msr/instance-out.sql,1565083.4899999998,40996.06,53237.48,394371.6,0.0,436362.0,0.0,464550.42,3.38,0.0,0.0,0.0,175562.54,0.0,0.0,33608.25,53237.48,7387.81,0.00,436362.00,0.00
CZ03/RtL&0&rDXHP&New&HV_AirDist__SupFanMtr/NE-HVAC-FanBelt-VBelt-Std/instance-out.sql,1503426.61,11646.49,59397.39,395231.18,0.0,509200.67,0.0,398739.63,3.39,0.0,0.0,0.0,129207.86,0.0,0.0,11646.49,59397.39,0.00,0.00,468847.72,40352.95
CZ03/RtL&0&rDXHP&New&HV_AirDist__SupFanMtr/NE-HVAC-FanBelt-CoggedVBelt-Msr/instance-out.sql,1495583.1600000001,11934.34,58921.46,395231.18,0.0,509200.67,0.0,391084.27,3.39,0.0,0.0,0.0,129207.86,0.0,0.0,11934.34,58921.46,0.00,0.00,468847.72,40352.95
CZ03/RtL&0&rDXHP&New&HV_AirDist__SupFanMtr/NE-HVAC-FanBelt-SynchVBelt-Msr/instance-out.sql,1484394.54,12356.1,58247.31,395231.18,0.0,509200.67,0.0,380148.05,3.39,0.0,0.0,0.0,129207.86,0.0,0.0,12356.10,58247.31,0.00,0.00,468847.72,40352.95
CZ03/RtS&0&rDXHP&New&HV_AirDist__SupFanMtr/NE-HVAC-FanBelt-VBelt-Std/instance-out.sql,99775.36,4686.62,3186.31,23251.32,0.0,24440.79,0.0,28356.4,3.36,0.0,0.0,0.0,15850.56,0.0,0.0,4686.62,3186.31,0.00,0.00,24440.79,0.00
CZ03/RtS&0&rDXHP&New&HV_AirDist__SupFanMtr/NE-HVAC-FanBelt-CoggedVBelt-Msr/instance-out.sql,99242.09999999999,4736.67,3158.8,23251.32,0.0,24440.79,0.0,27800.59,3.36,0.0,0.0,0.0,15850.56,0.0,0.0,4736.67,3158.80,0.00,0.00,24440.79,0.00
CZ03/RtS&0&rDXHP&New&HV_AirDist__SupFanMtr/NE-HVAC-FanBelt-SynchVBelt-Msr/instance-out.sql,98483.12,4808.36,3119.79,23251.32,0.0,24440.79,0.0,27008.92,3.36,0.0,0.0,0.0,15850.56,0.0,0.0,4808.36,3119.79,0.00,0.00,24440.79,0.00
CZ03/SCn&0&rDXHP&New&HV_AirDist__SupFanMtr/NE-HVAC-FanBelt-VBelt-Std/instance-out.sql,2235709.42,186133.08,42361.57,571539.04,0.0,449066.39,0.0,900200.23,3.36,0.0,0.0,0.0,86405.76,0.0,0.0,186133.08,42361.57,0.00,0.00,449066.39,0.00
CZ03/SCn&0&rDXHP&New&HV_AirDist__SupFanMtr/NE-HVAC-FanBelt-CoggedVBelt-Msr/instance-out.sql,2219591.7899999996,188297.24,41724.3,571539.04,0.0,449066.39,0.0,882555.7,3.36,0.0,0.0,0.0,86405.76,0.0,0.0,188297.24,41724.30,0.00,0.00,449066.39,0.00
CZ03/SCn&0&rDXHP&New&HV_AirDist__SupFanMtr/NE-HVAC-FanBelt-SynchVBelt-Msr/instance-out.sql,2196555.73,191410.81,40821.95,571539.04,0.0,449066.39,0.0,857308.41,3.36,0.0,0.0,0.0,86405.76,0.0,0.0,191410.81,40821.95,0.00,0.00,449066.39,0.00
CZ04/Asm&0&rDXHP&New&HV_AirDist__SupFanMtr/NE-HVAC-FanBelt-VBelt-Std/instance-out.sql,614372.18,57343.42,123021.98,76844.55,0.0,145823.51,0.0,189001.81,3.36,0.0,0.0,0.0,22333.55,0.0,0.0,57343.42,123021.98,0.00,0.00,145823.51,0.00
CZ04/Asm&0&rDXHP&New&HV_AirDist__SupFanMtr/NE-HVAC-FanBelt-CoggedVBelt-Msr/instance-out.sql,610592.41,57687.86,122603.69,76844.55,0.0,145823.51,0.0,185295.9,3.36,0.0,0.0,0.0,22333.55,0.0,0.0,57687.86,122603.69,0.00,0.00,145823.51,0.00
CZ04/Asm&0&rDXHP&New&HV_AirDist__SupFanMtr/NE-HVAC-FanBelt-SynchVBelt-Msr/instance-out.sql,605195.27,58181.57,122007.0,76844.55,0.0,145823.51,0.0,180001.73,3.36,0.0,0.0,0.0,22333.55,0.0,0.0,58181.57,122007.00,0.00,0.00,145823.51,0.00
CZ04/ECC&0&rDXHP&New&HV_AirDist__SupFanMtr/NE-HVAC-FanBelt-VBelt-Std/instance-out.sql,2439035.12,43965.590000000004,275413.49,167224.54,0.0,1013813.91,0.0,498320.35,696.17,0.0,0.0,0.0,439601.07,0.0,0.0,41605.05,275413.49,2360.54,0.00,945189.93,68623.98
CZ04/ECC&0&rDXHP&New&HV_AirDist__SupFanMtr/NE-HVAC-FanBelt-CoggedVBelt-Msr/instance-out.sql,2430148.4699999997,44418.78,274434.29,167224.54,0.0,1013813.91,0.0,489956.84,696.13,0.0,0.0,0.0,439603.98,0.0,0.0,42064.42,274434.29,2354.36,0.00,945189.93,68623.98
CZ04/ECC&0&rDXHP&New&HV_AirDist__SupFanMtr/NE-HVAC-FanBelt-SynchVBelt-Msr/instance-out.sql,2417767.49,45150.149999999994,273034.46,167224.54,0.0,1013813.91,0.0,478245.06,695.95,0.0,0.0,0.0,439603.41,0.0,0.0,42785.59,273034.46,2364.56,0.00,945189.93,68623.98
CZ04/EPr&0&rDXHP&New&HV_AirDist__SupFanMtr/NE-HVAC-FanBelt-VBelt-Std/instance-out.sql,355216.89,9260.86,42641.98,30835.78,0.0,125897.03,0.0,62521.35,3.37,0.0,0.0,0.0,84056.53,0.0,0.0,9260.86,42641.98,0.00,0.00,83226.75,42670.28
CZ04/EPr&0&rDXHP&New&HV_AirDist__SupFanMtr/NE-HVAC-FanBelt-CoggedVBelt-Msr/instance-out.sql,354173.57999999996,9339.05,42513.69,30835.78,0.0,125897.03,0.0,61528.13,3.37,0.0,0.0,0.0,84056.53,0.0,0.0,9339.05,42513.69,0.00,0.00,83226.75,42670.28
CZ04/EPr&0&rDXHP&New&HV_AirDist__SupFanMtr/NE-HVAC-FanBelt-SynchVBelt-Msr/instance-out.sql,352604.57999999996,9446.85,42331.3,30835.78,0.0,125897.03,0.0,60033.72,3.37,0.0,0.0,0.0,84056.53,0.0,0.0,9446.85,42331.30,0.00,0.00,83226.75,42670.28
CZ04/ERC&0&rDXHP&New&HV_AirDist__SupFanMtr/NE-HVAC-FanBelt-VBelt-Std/instance-out.sql,17370.93,621.8,1345.7,1016.35,0.0,2196.82,0.0,2958.96,3.36,0.0,0.0,0.0,9227.94,0.0,0.0,621.80,1345.70,0.00,0.00,2196.82,0.00
CZ04/ERC&0&rDXHP&New&HV_AirDist__SupFanMtr/NE-HVAC-FanBelt-CoggedVBelt-Msr/instance-out.sql,17314.190000000002,627.8,1339.99,1016.35,0.0,2196.82,0.0,2901.93,3.36,0.0,0.0,0.0,9227.94,0.0,0.0,627.80,1339.99,0.00,0.00,2196.82,0.00
CZ04/ERC&0&rDXHP&New&HV_AirDist__SupFanMtr/NE-HVAC-FanBelt-SynchVBelt-Msr/instance-out.sql,17233.49,636.42,1331.83,1016.35,0.0,2196.82,0.0,2820.77,3.36,0.0,0.0,0.0,9227.94,0.0,0.0,636.42,1331.83,0.00,0.00,2196.82,0.00
CZ04/ESe&0&rDXHP&New&HV_AirDist__SupFanMtr/NE-HVAC-FanBelt-VBelt-Std/instance-out.sql,1200350.01,180762.85,135968.52,94750.45,0.0,323176.74,0.0,235691.3,3.39,0.0,0.0,0.0,229996.75,0.0,0.0,8615.82,135968.52,172147.03,0.00,259085.82,64090.92
CZ04/ESe&0&rDXHP&New&HV_AirDist__SupFanMtr/NE-HVAC-FanBelt-CoggedVBelt-Msr/instance-out.sql,1198948.97,180850.49,135804.02,94750.45,0.0,323176.74,0.0,234367.12,3.39,0.0,0.0,0.0,229996.74,0.0,0.0,8699.37,135804.02,172151.12,0.00,259085.82,64090.92
CZ04/ESe&0&rDXHP&New&HV_AirDist__SupFanMtr/NE-HVAC-FanBelt-SynchVBelt-Msr/instance-out.sql,1196935.97,180989.04,135570.02,94750.45,0.0,323176.74,0.0,232449.58,3.39,0.0,0.0,0.0,229996.74,0.0,0.0,8820.72,135570.02,172168.32,0.00,259085.82,64090.92
CZ04/EUn&0&rDXHP&New&HV_AirDist__SupFanMtr/NE-HVAC-FanBelt-VBelt-Std/instance-out.sql,7479555.68,80709.06,818230.13,644388.1,0.0,3682881.23,0.0,1509822.18,3.37,0.0,0.0,0.0,743521.61,0.0,0.0,79601.54,818230.13,1107.52,0.00,3555459.15,127422.08
CZ04/EUn&0&rDXHP&New&HV_AirDist__SupFanMtr/NE-HVAC-FanBelt-CoggedVBelt-Msr/instance-out.sql,7454004.85,81751.06999999999,815562.0,644388.1,0.0,3682881.23,0.0,1485897.47,3.37,0.0,0.0,0.0,743521.61,0.0,0.0,80642.12,815562.00,1108.95,0.00,3555459.15,127422.08
CZ04/EUn&0&rDXHP&New&HV_AirDist__SupFanMtr/NE-HVAC-FanBelt-SynchVBelt-Msr/instance-out.sql,7417488.71,83265.5,811750.29,644388.1,0.0,3682881.23,0.0,1451678.64,3.37,0.0,0.0,0.0,743521.58,0.0,0.0,82154.51,811750.29,1110.99,0.00,3555459.15,127422.08
CZ04/Hsp&0&rDXHP&New&HV_AirDist__SupFanMtr/NE-HVAC-FanBelt-VBelt-Std/instance-out.sql,3821416.73,432041.38999999996,758702.31,625795.42,0.0,1182847.3,0.0,525862.84,36909.63,0.0,0.0,0.0,259257.84,0.0,0.0,17715.35,758702.31,414326.04,0.00,1139112.10,43735.20
CZ04/Hsp&0&rDXHP&New&HV_AirDist__SupFanMtr/NE-HVAC-FanBelt-CoggedVBelt-Msr/instance-out.sql,3815801.19,432567.83,758122.07,625795.42,0.0,1182847.3,0.0,520304.5,36907.48,0.0,0.0,0.0,259256.59,0.0,0.0,17992.81,758122.07,414575.02,0.00,1139112.10,43735.20
CZ04/Hsp&0&rDXHP&New&HV_AirDist__SupFanMtr/NE-HVAC-FanBelt-SynchVBelt-Msr/instance-out.sql,3807810.56,433336.1,757303.51,625795.42,0.0,1182847.3,0.0,512367.43,36905.78,0.0,0.0,0.0,259255.02,0.0,0.0,18385.94,757303.51,414950.16,0.00,1139112.10,43735.20
CZ04/MBT&0&rDXHP&New&HV_AirDist__SupFanMtr/NE-HVAC-FanBelt-VBelt-Std/instance-out.sql,6756591.55,2662428.17,403992.54,438466.02,0.0,2167645.51,0.0,911585.7,495.07,0.0,0.0,0.0,171978.52,0.0,0.0,29658.79,403992.54,2632769.38,0.00,1394057.91,773587.60
CZ04/MBT&0&rDXHP&New&HV_AirDist__SupFanMtr/NE-HVAC-FanBelt-CoggedVBelt-Msr/instance-out.sql,6751537.949999999,2662868.23,403483.97,438466.02,0.0,2167645.51,0.0,906600.64,495.07,0.0,0.0,0.0,171978.5,0.0,0.0,29998.16,403483.97,2632870.07,0.00,1394057.91,773587.60
CZ04/MBT&0&rDXHP&New&HV_AirDist__SupFanMtr/NE-HVAC-FanBelt-SynchVBelt-Msr/instance-out.sql,6744887.8100000005,2663997.42,402750.04,438466.02,0.0,2167645.51,0.0,899555.35,494.96,0.0,0.0,0.0,171978.51,0.0,0.0,30759.91,402750.04,2633237.51,0.00,1394057.91,773587.60
CZ04/MLI&0&rDXHP&New&HV_AirDist__SupFanMtr/NE-HVAC-FanBelt-VBelt-Std/instance-out.sql,911059.68,29398.96,106880.23,153603.74,0.0,239893.0,0.0,333284.2,3.37,0.0,0.0,0.0,47996.17,0.0,0.0,29398.96,106880.23,0.00,0.00,239893.00,0.00
CZ04/MLI&0&rDXHP&New&HV_AirDist__SupFanMtr/NE-HVAC-FanBelt-CoggedVBelt-Msr/instance-out.sql,904397.2200000001,29910.42,106241.29,153603.74,0.0,239893.0,0.0,326749.22,3.37,0.0,0.0,0.0,47996.18,0.0,0.0,29910.42,106241.29,0.00,0.00,239893.00,0.00
CZ04/MLI&0&rDXHP&New&HV_AirDist__SupFanMtr/NE-HVAC-FanBelt-SynchVBelt-Msr/instance-out.sql,894887.26,30649.84,105327.61,153603.74,0.0,239893.0,0.0,317413.53,3.37,0.0,0.0,0.0,47996.17,0.0,0.0,30649.84,105327.61,0.00,0.00,239893.00,0.00
CZ04/Mtl&0&rDXHP&New&HV_AirDist__SupFanMtr/NE-HVAC-FanBelt-VBelt-Std/instance-out.sql,158442.66,8148.650000000001,32295.8,34352.14,0.0,22443.33,0.0,53466.79,3.36,0.0,0.0,0.0,7732.58,0.0,0.0,7529.52,32295.80,619.13,0.00,22191.36,251.97
CZ04/Mtl&0&rDXHP&New&HV_AirDist__SupFanMtr/NE-HVAC-FanBelt-CoggedVBelt-Msr/instance-out.sql,157370.89,8227.84,32181.66,34352.14,0.0,22443.33,0.0,52429.98,3.36,0.0,0.0,0.0,7732.58,0.0,0.0,7607.67,32181.66,620.17,0.00,22191.36,251.97
CZ04/Mtl&0&rDXHP&New&HV_AirDist__SupFanMtr/NE-HVAC-FanBelt-SynchVBelt-Msr/instance-out.sql,155843.25999999998,8341.56,32019.1,34352.14,0.0,22443.33,0.0,50951.17,3.36,0.0,0.0,0.0,7732.58,0.0,0.0,7719.91,32019.10,621.65,0.00,22191.36,251.97
CZ04/Nrs&0&rDXHP&New&HV_AirDist__SupFanMtr/NE-HVAC-FanBelt-VBelt-Std/instance-out.sql,813680.73,34634.159999999996,89838.36,103109.51,0.0,347425.87,0.0,121892.31,37.51,0.0,0.0,0.0,116743.01,0.0,0.0,8403.06,89838.36,26231.10,0.00,281574.59,65851.28
CZ04/Nrs&0&rDXHP&New&HV_AirDist__SupFanMtr/NE-HVAC-FanBelt-CoggedVBelt-Msr/instance-out.sql,812001.53,34735.16,89653.26,103109.51,0.0,347425.87,0.0,120312.27,37.47,0.0,0.0,0.0,116727.99,0.0,0.0,8486.53,89653.26,26248.63,0.00,281574.59,65851.28
CZ04/Nrs&0&rDXHP&New&HV_AirDist__SupFanMtr/NE-HVAC-FanBelt-SynchVBelt-Msr/instance-out.sql,809710.9299999999,34920.04,89435.41,103109.51,0.0,347425.87,0.0,118038.73,37.4,0.0,0.0,0.0,116743.96,0.0,0.0,8607.57,89435.41,26312.47,0.00,281574.59,65851.28
CZ04/OfL&0&rDXHP&New&HV_AirDist__SupFanMtr/NE-HVAC-FanBelt-VBelt-Std/instance-out.sql,2116259.0100000002,39901.94,292240.37,239041.7,0.0,829334.66,0.0,595369.77,2037.51,0.0,0.0,0.0,118333.06,0.0,0.0,11990.59,292240.37,27911.35,0.00,829334.66,0.00
CZ04/OfL&0&rDXHP&New&HV_AirDist__SupFanMtr/NE-HVAC-FanBelt-CoggedVBelt-Msr/instance-out.sql,2104644.68,40194.16,291117.41,239041.7,0.0,829334.66,0.0,584585.35,2037.45,0.0,0.0,0.0,118333.95,0.0,0.0,12266.05,291117.41,27928.11,0.00,829334.66,0.00
CZ04/OfL&0&rDXHP&New&HV_AirDist__SupFanMtr/NE-HVAC-FanBelt-SynchVBelt-Msr/instance-out.sql,2088037.9500000002,40596.490000000005,289515.46,239041.7,0.0,829334.66,0.0,569177.38,2037.42,0.0,0.0,0.0,118334.83,0.0,0.0,12672.95,289515.46,27923.54,0.00,829334.66,0.00
CZ04/OfS&0&rDXHP&New&HV_AirDist__SupFanMtr/NE-HVAC-FanBelt-VBelt-Std/instance-out.sql,111873.54000000001,2715.01,12842.21,12106.19,0.0,29387.4,0.0,32922.56,1.13,0.0,0.0,0.0,21899.04,0.0,0.0,2715.01,12842.21,0.00,0.00,29387.40,0.00
CZ04/OfS&0&rDXHP&New&HV_AirDist__SupFanMtr/NE-HVAC-FanBelt-CoggedVBelt-Msr/instance-out.sql,111201.32999999999,2753.12,12778.33,12106.19,0.0,29387.4,0.0,32276.11,1.13,0.0,0.0,0.0,21899.04,0.0,0.0,2753.12,12778.33,0.00,0.00,29387.40,0.00
CZ04/OfS&0&rDXHP&New&HV_AirDist__SupFanMtr/NE-HVAC-FanBelt-SynchVBelt-Msr/instance-out.sql,110250.01000000001,2812.51,12687.24,12106.19,0.0,29387.4,0.0,31356.5,1.13,0.0,0.0,0.0,21899.04,0.0,0.0,2812.51,12687.24,0.00,0.00,29387.40,0.00
CZ04/RFF&0&rDXHP&New&HV_AirDist__SupFanMtr/NE-HVAC-FanBelt-VBelt-Std/instance-out.sql,101821.45999999999,2834.39,10160.49,6626.33,0.0,37903.17,0.0,18853.22,3.37,0.0,0.0,0.0,25440.49,0.0,0.0,2330.73,10160.49,503.66,0.00,18423.46,19479.71
CZ04/RFF&0&rDXHP&New&HV_AirDist__SupFanMtr/NE-HVAC-FanBelt-CoggedVBelt-Msr/instance-out.sql,101594.75,2856.58,10139.8,6626.33,0.0,37903.17,0.0,18625.0,3.37,0.0,0.0,0.0,25440.49,0.0,0.0,2352.73,10139.80,503.85,0.00,18423.46,19479.71
CZ04/RFF&0&rDXHP&New&HV_AirDist__SupFanMtr/NE-HVAC-FanBelt-SynchVBelt-Msr/instance-out.sql,101270.93,2888.39,10110.32,6626.33,0.0,37903.17,0.0,18298.84,3.37,0.0,0.0,0.0,25440.49,0.0,0.0,2384.31,10110.32,504.08,0.00,18423.46,19479.71
CZ04/RSD&0&rDXHP&New&HV_AirDist__SupFanMtr/NE-HVAC-FanBelt-VBelt-Std/instance-out.sql,233016.46,26610.079999999998,21515.95,16225.45,0.0,76546.73,0.0,27150.69,11.21,0.0,0.0,0.0,64956.34,0.0,0.0,1082.57,21515.95,25527.51,0.00,37475.60,39071.13
CZ04/RSD&0&rDXHP&New&HV_AirDist__SupFanMtr/NE-HVAC-FanBelt-CoggedVBelt-Msr/instance-out.sql,232915.28,26620.81,21505.73,16225.45,0.0,76546.73,0.0,27049.01,11.22,0.0,0.0,0.0,64956.34,0.0,0.0,1091.34,21505.73,25529.47,0.00,37475.60,39071.13
CZ04/RSD&0&rDXHP&New&HV_AirDist__SupFanMtr/NE-HVAC-FanBelt-SynchVBelt-Msr/instance-out.sql,232770.16999999998,26635.530000000002,21491.13,16225.45,0.0,76546.73,0.0,26903.79,11.22,0.0,0.0,0.0,64956.34,0.0,0.0,1103.90,21491.13,25531.63,0.00,37475.60,39071.13
CZ04/Rt3&0&rDXHP&New&HV_AirDist__SupFanMtr/NE-HVAC-FanBelt-VBelt-Std/instance-out.sql,1872697.99,55821.31,250418.47,394371.6,0.0,436362.0,0.0,565288.94,3.38,0.0,0.0,0.0,170432.28,0.0,0.0,48226.13,250418.47,7595.18,0.00,436362.00,0.00
CZ04/Rt3&0&rDXHP&New&HV_AirDist__SupFanMtr/NE-HVAC-FanBelt-CoggedVBelt-Msr/instance-out.sql,1861641.47,56552.15,249263.51,394371.6,0.0,436362.0,0.0,554656.46,3.38,0.0,0.0,0.0,170432.38,0.0,0.0,48950.78,249263.51,7601.37,0.00,436362.00,0.00
CZ04/Rt3&0&rDXHP&New&HV_AirDist__SupFanMtr/NE-HVAC-FanBelt-SynchVBelt-Msr/instance-out.sql,1845877.02,57606.380000000005,247615.27,394371.6,0.0,436362.0,0.0,539486.18,3.38,0.0,0.0,0.0,170432.2,0.0,0.0,49994.80,247615.27,7611.58,0.00,436362.00,0.00
CZ04/RtL&0&rDXHP&New&HV_AirDist__SupFanMtr/NE-HVAC-FanBelt-VBelt-Std/instance-out.sql,1698788.75,23362.38,217638.96,395231.18,0.0,509200.67,0.0,427879.25,3.39,0.0,0.0,0.0,125472.92,0.0,0.0,23362.38,217638.96,0.00,0.00,468847.72,40352.95
CZ04/RtL&0&rDXHP&New&HV_AirDist__SupFanMtr/NE-HVAC-FanBelt-CoggedVBelt-Msr/instance-out.sql,1690019.0699999998,23778.28,216664.8,395231.18,0.0,509200.67,0.0,419667.83,3.39,0.0,0.0,0.0,125472.92,0.0,0.0,23778.28,216664.80,0.00,0.00,468847.72,40352.95
CZ04/RtL&0&rDXHP&New&HV_AirDist__SupFanMtr/NE-HVAC-FanBelt-SynchVBelt-Msr/instance-out.sql,1677504.6400000001,24383.49,215275.76,395231.18,0.0,509200.67,0.0,407937.23,3.39,0.0,0.0,0.0,125472.92,0.0,0.0,24383.49,215275.76,0.00,0.00,468847.72,40352.95
CZ04/RtS&0&rDXHP&New&HV_AirDist__SupFanMtr/NE-HVAC-FanBelt-VBelt-Std/instance-out.sql,121740.71,5982.93,16638.16,23251.32,0.0,24440.79,0.0,35870.35,3.36,0.0,0.0,0.0,15553.8,0.0,0.0,5982.93,16638.16,0.00,0.00,24440.79,0.00
CZ04/RtS&0&rDXHP&New&HV_AirDist__SupFanMtr/NE-HVAC-FanBelt-CoggedVBelt-Msr/instance-out.sql,121027.76000000001,6042.53,16565.18,23251.32,0.0,24440.79,0.0,35170.78,3.36,0.0,0.0,0.0,15553.8,0.0,0.0,6042.53,16565.18,0.00,0.00,24440.79,0.00
CZ04/RtS&0&rDXHP&New&HV_AirDist__SupFanMtr/NE-HVAC-FanBelt-SynchVBelt-Msr/instance-out.sql,120008.54000000001,6128.9,16460.98,23251.32,0.0,24440.79,0.0,34169.39,3.36,0.0,0.0,0.0,15553.8,0.0,0.0,6128.90,16460.98,0.00,0.00,24440.79,0.00
CZ04/SCn&0&rDXHP&New&HV_AirDist__SupFanMtr/NE-HVAC-FanBelt-VBelt-Std/instance-out.sql,2752246.96,207488.18,364101.72,571539.04,0.0,449066.39,0.0,1076099.65,3.36,0.0,0.0,0.0,83948.63,0.0,0.0,207488.18,364101.72,0.00,0.00,449066.39,0.00
CZ04/SCn&0&rDXHP&New&HV_AirDist__SupFanMtr/NE-HVAC-FanBelt-CoggedVBelt-Msr/instance-out.sql,2730879.63,209664.49,361851.19,571539.04,0.0,449066.39,0.0,1054806.53,3.36,0.0,0.0,0.0,83948.63,0.0,0.0,209664.49,361851.19,0.00,0.00,449066.39,0.00
CZ04/SCn&0&rDXHP&New&HV_AirDist__SupFanMtr/NE-HVAC-FanBelt-SynchVBelt-Msr/instance-out.sql,2700595.09,212840.54,358632.99,571539.04,0.0,449066.39,0.0,1024564.14,3.36,0.0,0.0,0.0,83948.63,0.0,0.0,212840.54,358632.99,0.00,0.00,449066.39,0.00
CZ05/Asm&0&rDXHP&New&HV_AirDist__SupFanMtr/NE-HVAC-FanBelt-VBelt-Std/instance-out.sql,505375.86000000004,44398.64,39167.04,76844.55,0.0,145823.51,0.0,176221.61,3.36,0.0,0.0,0.0,22917.15,0.0,0.0,44398.64,39167.04,0.00,0.00,145823.51,0.00
CZ05/Asm&0&rDXHP&New&HV_AirDist__SupFanMtr/NE-HVAC-FanBelt-CoggedVBelt-Msr/instance-out.sql,501996.45,44762.2,38879.4,76844.55,0.0,145823.51,0.0,172766.29,3.36,0.0,0.0,0.0,22917.15,0.0,0.0,44762.20,38879.40,0.00,0.00,145823.51,0.00
CZ05/Asm&0&rDXHP&New&HV_AirDist__SupFanMtr/NE-HVAC-FanBelt-SynchVBelt-Msr/instance-out.sql,497174.69,45285.16,38470.86,76844.55,0.0,145823.51,0.0,167830.11,3.36,0.0,0.0,0.0,22917.14,0.0,0.0,45285.16,38470.86,0.00,0.00,145823.51,0.00
CZ05/ECC&0&rDXHP&New&HV_AirDist__SupFanMtr/NE-HVAC-FanBelt-VBelt-Std/instance-out.sql,2222205.44,30595.56,101732.58,167224.54,0.0,1013813.91,0.0,451390.76,592.03,0.0,0.0,0.0,456856.05,0.0,0.0,29713.98,101732.58,881.58,0.00,945189.93,68623.98
CZ05/ECC&0&rDXHP&New&HV_AirDist__SupFanMtr/NE-HVAC-FanBelt-CoggedVBelt-Msr/instance-out.sql,2214527.58,30991.719999999998,101174.61,167224.54,0.0,1013813.91,0.0,443874.87,591.9,0.0,0.0,0.0,456856.02,0.0,0.0,30113.37,101174.61,878.35,0.00,945189.93,68623.98
CZ05/ECC&0&rDXHP&New&HV_AirDist__SupFanMtr/NE-HVAC-FanBelt-SynchVBelt-Msr/instance-out.sql,2203599.14,31586.739999999998,100382.08,167224.54,0.0,1013813.91,0.0,433143.96,591.9,0.0,0.0,0.0,456856.0,0.0,0.0,30707.21,100382.08,879.53,0.00,945189.93,68623.98
CZ05/EPr&0&rDXHP&New&HV_AirDist__SupFanMtr/NE-HVAC-FanBelt-VBelt-Std/instance-out.sql,327626.5,7190.07,18993.76,30835.78,0.0,125897.03,0.0,57526.58,3.37,0.0,0.0,0.0,87179.9,0.0,0.0,7190.07,18993.76,0.00,0.00,83226.75,42670.28
CZ05/EPr&0&rDXHP&New&HV_AirDist__SupFanMtr/NE-HVAC-FanBelt-CoggedVBelt-Msr/instance-out.sql,326667.58,7264.88,18909.61,30835.78,0.0,125897.03,0.0,56577.0,3.37,0.0,0.0,0.0,87179.91,0.0,0.0,7264.88,18909.61,0.00,0.00,83226.75,42670.28
CZ05/EPr&0&rDXHP&New&HV_AirDist__SupFanMtr/NE-HVAC-FanBelt-SynchVBelt-Msr/instance-out.sql,325296.67000000004,7373.35,18790.24,30835.78,0.0,125897.03,0.0,55216.98,3.37,0.0,0.0,0.0,87179.91,0.0,0.0,7373.35,18790.24,0.00,0.00,83226.75,42670.28
CZ05/ERC&0&rDXHP&New&HV_AirDist__SupFanMtr/NE-HVAC-FanBelt-VBelt-Std/instance-out.sql,16039.93,563.39,335.34,1016.35,0.0,2196.82,0.0,2583.19,3.36,0.0,0.0,0.0,9341.48,0.0,0.0,563.39,335.34,0.00,0.00,2196.82,0.00
CZ05/ERC&0&rDXHP&New&HV_AirDist__SupFanMtr/NE-HVAC-FanBelt-CoggedVBelt-Msr/instance-out.sql,15992.369999999999,568.95,332.46,1016.35,0.0,2196.82,0.0,2532.96,3.36,0.0,0.0,0.0,9341.48,0.0,0.0,568.95,332.46,0.00,0.00,2196.82,0.00
CZ05/ERC&0&rDXHP&New&HV_AirDist__SupFanMtr/NE-HVAC-FanBelt-SynchVBelt-Msr/instance-out.sql,15925.689999999999,576.94,328.37,1016.35,0.0,2196.82,0.0,2462.38,3.36,0.0,0.0,0.0,9341.48,0.0,0.0,576.94,328.37,0.00,0.00,2196.82,0.00
CZ05/ESe&0&rDXHP&New&HV_AirDist__SupFanMtr/NE-HVAC-FanBelt-VBelt-Std/instance-out.sql,1063668.8,151924.81999999998,46803.37,94750.45,0.0,323176.74,0.0,208767.63,3.39,0.0,0.0,0.0,238242.4,0.0,0.0,5676.71,46803.37,146248.11,0.00,259085.82,64090.92
CZ05/ESe&0&rDXHP&New&HV_AirDist__SupFanMtr/NE-HVAC-FanBelt-CoggedVBelt-Msr/instance-out.sql,1062454.8399999999,152005.85,46704.24,94750.45,0.0,323176.74,0.0,207571.75,3.39,0.0,0.0,0.0,238242.42,0.0,0.0,5747.34,46704.24,146258.51,0.00,259085.82,64090.92
CZ05/ESe&0&rDXHP&New&HV_AirDist__SupFanMtr/NE-HVAC-FanBelt-SynchVBelt-Msr/instance-out.sql,1060699.0,152113.78,46563.87,94750.45,0.0,323176.74,0.0,205848.34,3.39,0.0,0.0,0.0,238242.41,0.0,0.0,5849.56,46563.87,146264.22,0.00,259085.82,64090.92
CZ05/EUn&0&rDXHP&New&HV_AirDist__SupFanMtr/NE-HVAC-FanBelt-VBelt-Std/instance-out.sql,6952132.790000001,48663.96,358266.78,644388.1,0.0,3682881.23,0.0,1446603.55,3.37,0.0,0.0,0.0,771325.8,0.0,0.0,48571.04,358266.78,92.92,0.00,3555459.15,127422.08
CZ05/EUn&0&rDXHP&New&HV_AirDist__SupFanMtr/NE-HVAC-FanBelt-CoggedVBelt-Msr/instance-out.sql,6928104.260000001,49487.03,356450.73,644388.1,0.0,3682881.23,0.0,1423567.98,3.37,0.0,0.0,0.0,771325.82,0.0,0.0,49393.90,356450.73,93.13,0.00,3555459.15,127422.08
CZ05/EUn&0&rDXHP&New&HV_AirDist__SupFanMtr/NE-HVAC-FanBelt-SynchVBelt-Msr/instance-out.sql,6893817.34,50685.49,353870.73,644388.1,0.0,3682881.23,0.0,1390662.59,3.37,0.0,0.0,0.0,771325.81,0.0,0.0,50592.06,353870.73,93.43,0.00,3555459.15,127422.08
CZ05/Hsp&0&rDXHP&New&HV_AirDist__SupFanMtr/NE-HVAC-FanBelt-VBelt-Std/instance-out.sql,3255968.34,349647.14999999997,372709.7,625795.42,0.0,1182847.3,0.0,427300.07,29193.68,0.0,0.0,0.0,268475.02,0.0,0.0,11268.54,372709.70,338378.61,0.00,1139112.10,43735.20
CZ05/Hsp&0&rDXHP&New&HV_AirDist__SupFanMtr/NE-HVAC-FanBelt-CoggedVBelt-Msr/instance-out.sql,3250768.5,349982.13,372368.9,625795.42,0.0,1182847.3,0.0,422104.78,29192.23,0.0,0.0,0.0,268477.74,0.0,0.0,11449.85,372368.90,338532.28,0.00,1139112.10,43735.20
CZ05/Hsp&0&rDXHP&New&HV_AirDist__SupFanMtr/NE-HVAC-FanBelt-SynchVBelt-Msr/instance-out.sql,3241600.0300000003,348880.23000000004,371929.89,625795.42,0.0,1182847.3,0.0,414454.08,29214.83,0.0,0.0,0.0,268478.27,0.0,0.0,11594.59,371929.89,337285.64,0.00,1139112.10,43735.20
CZ05/MBT&0&rDXHP&New&HV_AirDist__SupFanMtr/NE-HVAC-FanBelt-VBelt-Std/instance-out.sql,6413674.369999999,2614582.95,102718.7,438466.02,0.0,2167645.51,0.0,911758.88,472.84,0.0,0.0,0.0,178029.46,0.0,0.0,18576.96,102718.70,2596005.99,0.00,1394057.91,773587.60
CZ05/MBT&0&rDXHP&New&HV_AirDist__SupFanMtr/NE-HVAC-FanBelt-CoggedVBelt-Msr/instance-out.sql,6409182.73,2614981.35,102416.19,438466.02,0.0,2167645.51,0.0,907171.37,472.84,0.0,0.0,0.0,178029.46,0.0,0.0,18831.45,102416.19,2596149.90,0.00,1394057.91,773587.60
CZ05/MBT&0&rDXHP&New&HV_AirDist__SupFanMtr/NE-HVAC-FanBelt-SynchVBelt-Msr/instance-out.sql,6402775.98,2615558.11,101986.27,438466.02,0.0,2167645.51,0.0,900617.78,472.84,0.0,0.0,0.0,178029.46,0.0,0.0,19198.83,101986.27,2596359.28,0.00,1394057.91,773587.60
CZ05/MLI&0&rDXHP&New&HV_AirDist__SupFanMtr/NE-HVAC-FanBelt-VBelt-Std/instance-out.sql,796928.73,16912.59,26221.58,153603.74,0.0,239893.0,0.0,310748.62,3.37,0.0,0.0,0.0,49545.83,0.0,0.0,16912.59,26221.58,0.00,0.00,239893.00,0.00
CZ05/MLI&0&rDXHP&New&HV_AirDist__SupFanMtr/NE-HVAC-FanBelt-CoggedVBelt-Msr/instance-out.sql,790871.13,17288.24,25881.44,153603.74,0.0,239893.0,0.0,304655.51,3.37,0.0,0.0,0.0,49545.83,0.0,0.0,17288.24,25881.44,0.00,0.00,239893.00,0.00
CZ05/MLI&0&rDXHP&New&HV_AirDist__SupFanMtr/NE-HVAC-FanBelt-SynchVBelt-Msr/instance-out.sql,782233.0199999999,17837.2,25398.81,153603.74,0.0,239893.0,0.0,295951.07,3.37,0.0,0.0,0.0,49545.83,0.0,0.0,17837.20,25398.81,0.00,0.00,239893.00,0.00
CZ05/Mtl&0&rDXHP&New&HV_AirDist__SupFanMtr/NE-HVAC-FanBelt-VBelt-Std/instance-out.sql,136934.98,5103.759999999999,12344.04,34352.14,0.0,22443.33,0.0,54910.93,3.36,0.0,0.0,0.0,7777.4,0.0,0.0,4782.44,12344.04,321.32,0.00,22191.36,251.97
CZ05/Mtl&0&rDXHP&New&HV_AirDist__SupFanMtr/NE-HVAC-FanBelt-CoggedVBelt-Msr/instance-out.sql,135851.00999999998,5170.2300000000005,12264.19,34352.14,0.0,22443.33,0.0,53840.36,3.36,0.0,0.0,0.0,7777.4,0.0,0.0,4851.02,12264.19,319.21,0.00,22191.36,251.97
CZ05/Mtl&0&rDXHP&New&HV_AirDist__SupFanMtr/NE-HVAC-FanBelt-SynchVBelt-Msr/instance-out.sql,134313.63,5273.33,12151.11,34352.14,0.0,22443.33,0.0,52312.95,3.36,0.0,0.0,0.0,7777.4,0.0,0.0,4951.60,12151.11,321.73,0.00,22191.36,251.97
CZ05/Nrs&0&rDXHP&New&HV_AirDist__SupFanMtr/NE-HVAC-FanBelt-VBelt-Std/instance-out.sql,747692.4299999999,23650.09,41615.21,103109.51,0.0,347425.87,0.0,111032.64,41.38,0.0,0.0,0.0,120817.73,0.0,0.0,6110.11,41615.21,17539.98,0.00,281574.59,65851.28
CZ05/Nrs&0&rDXHP&New&HV_AirDist__SupFanMtr/NE-HVAC-FanBelt-CoggedVBelt-Msr/instance-out.sql,746122.87,23745.79,41513.51,103109.51,0.0,347425.87,0.0,109461.79,41.33,0.0,0.0,0.0,120825.07,0.0,0.0,6181.40,41513.51,17564.39,0.00,281574.59,65851.28
CZ05/Nrs&0&rDXHP&New&HV_AirDist__SupFanMtr/NE-HVAC-FanBelt-SynchVBelt-Msr/instance-out.sql,743850.56,23875.61,41347.57,103109.51,0.0,347425.87,0.0,107226.3,41.38,0.0,0.0,0.0,120824.32,0.0,0.0,6284.58,41347.57,17591.03,0.00,281574.59,65851.28
CZ05/OfL&0&rDXHP&New&HV_AirDist__SupFanMtr/NE-HVAC-FanBelt-VBelt-Std/instance-out.sql,1908384.0,26414.550000000003,125378.95,239041.7,0.0,829334.66,0.0,564190.71,1572.03,0.0,0.0,0.0,122451.42,0.0,0.0,6232.08,125378.95,20182.47,0.00,829334.66,0.00
CZ05/OfL&0&rDXHP&New&HV_AirDist__SupFanMtr/NE-HVAC-FanBelt-CoggedVBelt-Msr/instance-out.sql,1897397.3699999999,26535.3,124664.78,239041.7,0.0,829334.66,0.0,553797.73,1572.01,0.0,0.0,0.0,122451.17,0.0,0.0,6375.77,124664.78,20159.53,0.00,829334.66,0.00
CZ05/OfL&0&rDXHP&New&HV_AirDist__SupFanMtr/NE-HVAC-FanBelt-SynchVBelt-Msr/instance-out.sql,1881749.26,26744.01,123646.92,239041.7,0.0,829334.66,0.0,538962.09,1572.01,0.0,0.0,0.0,122447.86,0.0,0.0,6587.39,123646.92,20156.62,0.00,829334.66,0.00
CZ05/OfS&0&rDXHP&New&HV_AirDist__SupFanMtr/NE-HVAC-FanBelt-VBelt-Std/instance-out.sql,100142.47,1748.84,3890.53,12106.19,0.0,29387.4,0.0,30464.66,1.13,0.0,0.0,0.0,22543.71,0.0,0.0,1748.84,3890.53,0.00,0.00,29387.40,0.00
CZ05/OfS&0&rDXHP&New&HV_AirDist__SupFanMtr/NE-HVAC-FanBelt-CoggedVBelt-Msr/instance-out.sql,99542.76999999999,1779.64,3853.7,12106.19,0.0,29387.4,0.0,29870.98,1.13,0.0,0.0,0.0,22543.71,0.0,0.0,1779.64,3853.70,0.00,0.00,29387.40,0.00
CZ05/OfS&0&rDXHP&New&HV_AirDist__SupFanMtr/NE-HVAC-FanBelt-SynchVBelt-Msr/instance-out.sql,98679.45000000001,1821.47,3801.33,12106.19,0.0,29387.4,0.0,29018.22,1.13,0.0,0.0,0.0,22543.71,0.0,0.0,1821.47,3801.33,0.00,0.00,29387.40,0.00
CZ05/RFF&0&rDXHP&New&HV_AirDist__SupFanMtr/NE-HVAC-FanBelt-VBelt-Std/instance-out.sql,93223.45000000001,1884.14,4601.07,6626.33,0.0,37903.17,0.0,16050.79,3.37,0.0,0.0,0.0,26154.58,0.0,0.0,1624.46,4601.07,259.68,0.00,18423.46,19479.71
CZ05/RFF&0&rDXHP&New&HV_AirDist__SupFanMtr/NE-HVAC-FanBelt-CoggedVBelt-Msr/instance-out.sql,93025.59,1904.8999999999999,4589.76,6626.33,0.0,37903.17,0.0,15843.47,3.37,0.0,0.0,0.0,26154.58,0.0,0.0,1645.07,4589.76,259.83,0.00,18423.46,19479.71
CZ05/RFF&0&rDXHP&New&HV_AirDist__SupFanMtr/NE-HVAC-FanBelt-SynchVBelt-Msr/instance-out.sql,92743.47,1934.96,4573.75,6626.33,0.0,37903.17,0.0,15547.29,3.37,0.0,0.0,0.0,26154.58,0.0,0.0,1674.98,4573.75,259.98,0.00,18423.46,19479.71
CZ05/RSD&0&rDXHP&New&HV_AirDist__SupFanMtr/NE-HVAC-FanBelt-VBelt-Std/instance-out.sql,218795.12,21737.5,13242.06,16225.45,0.0,76546.73,0.0,23923.35,10.78,0.0,0.0,0.0,67109.25,0.0,0.0,733.76,13242.06,21003.74,0.00,37475.60,39071.13
CZ05/RSD&0&rDXHP&New&HV_AirDist__SupFanMtr/NE-HVAC-FanBelt-CoggedVBelt-Msr/instance-out.sql,218703.16,21748.41,13235.89,16225.45,0.0,76546.73,0.0,23826.66,10.78,0.0,0.0,0.0,67109.25,0.0,0.0,742.30,13235.89,21006.11,0.00,37475.60,39071.13
CZ05/RSD&0&rDXHP&New&HV_AirDist__SupFanMtr/NE-HVAC-FanBelt-SynchVBelt-Msr/instance-out.sql,218572.47999999998,21764.67,13227.11,16225.45,0.0,76546.73,0.0,23688.48,10.78,0.0,0.0,0.0,67109.25,0.0,0.0,754.71,13227.11,21009.96,0.00,37475.60,39071.13
CZ05/Rt3&0&rDXHP&New&HV_AirDist__SupFanMtr/NE-HVAC-FanBelt-VBelt-Std/instance-out.sql,1618365.77,34976.78,73989.97,394371.6,0.0,436362.0,0.0,502261.97,3.38,0.0,0.0,0.0,176400.07,0.0,0.0,29012.33,73989.97,5964.45,0.00,436362.00,0.00
CZ05/Rt3&0&rDXHP&New&HV_AirDist__SupFanMtr/NE-HVAC-FanBelt-CoggedVBelt-Msr/instance-out.sql,1608714.94,35482.799999999996,73319.55,394371.6,0.0,436362.0,0.0,492775.53,3.38,0.0,0.0,0.0,176400.07,0.0,0.0,29511.42,73319.55,5971.38,0.00,436362.00,0.00
CZ05/Rt3&0&rDXHP&New&HV_AirDist__SupFanMtr/NE-HVAC-FanBelt-SynchVBelt-Msr/instance-out.sql,1594942.9000000001,36221.17,72368.2,394371.6,0.0,436362.0,0.0,479216.48,3.38,0.0,0.0,0.0,176400.07,0.0,0.0,30240.16,72368.20,5981.01,0.00,436362.00,0.00
CZ05/RtL&0&rDXHP&New&HV_AirDist__SupFanMtr/NE-HVAC-FanBelt-VBelt-Std/instance-out.sql,1514906.5499999998,9992.94,75681.86,395231.18,0.0,509200.67,0.0,394980.31,3.39,0.0,0.0,0.0,129816.21,0.0,0.0,9992.94,75681.86,0.00,0.00,468847.72,40352.95
CZ05/RtL&0&rDXHP&New&HV_AirDist__SupFanMtr/NE-HVAC-FanBelt-CoggedVBelt-Msr/instance-out.sql,1506938.8399999999,10231.04,75053.01,395231.18,0.0,509200.67,0.0,387403.33,3.39,0.0,0.0,0.0,129816.22,0.0,0.0,10231.04,75053.01,0.00,0.00,468847.72,40352.95
CZ05/RtL&0&rDXHP&New&HV_AirDist__SupFanMtr/NE-HVAC-FanBelt-SynchVBelt-Msr/instance-out.sql,1495603.0799999998,10614.89,74157.67,395231.18,0.0,509200.67,0.0,376579.07,3.39,0.0,0.0,0.0,129816.21,0.0,0.0,10614.89,74157.67,0.00,0.00,468847.72,40352.95
CZ05/RtS&0&rDXHP&New&HV_AirDist__SupFanMtr/NE-HVAC-FanBelt-VBelt-Std/instance-out.sql,101466.19,4132.36,4203.87,23251.32,0.0,24440.79,0.0,29535.33,3.36,0.0,0.0,0.0,15899.16,0.0,0.0,4132.36,4203.87,0.00,0.00,24440.79,0.00
CZ05/RtS&0&rDXHP&New&HV_AirDist__SupFanMtr/NE-HVAC-FanBelt-CoggedVBelt-Msr/instance-out.sql,100900.92,4181.66,4167.67,23251.32,0.0,24440.79,0.0,28956.96,3.36,0.0,0.0,0.0,15899.16,0.0,0.0,4181.66,4167.67,0.00,0.00,24440.79,0.00
CZ05/RtS&0&rDXHP&New&HV_AirDist__SupFanMtr/NE-HVAC-FanBelt-SynchVBelt-Msr/instance-out.sql,100094.99,4252.69,4116.18,23251.32,0.0,24440.79,0.0,28131.49,3.36,0.0,0.0,0.0,15899.16,0.0,0.0,4252.69,4116.18,0.00,0.00,24440.79,0.00
CZ05/SCn&0&rDXHP&New&HV_AirDist__SupFanMtr/NE-HVAC-FanBelt-VBelt-Std/instance-out.sql,2221129.56,151175.43,46950.57,571539.04,0.0,449066.39,0.0,915588.21,3.36,0.0,0.0,0.0,86806.56,0.0,0.0,151175.43,46950.57,0.00,0.00,449066.39,0.00
CZ05/SCn&0&rDXHP&New&HV_AirDist__SupFanMtr/NE-HVAC-FanBelt-CoggedVBelt-Msr/instance-out.sql,2203908.09,153057.05,46096.06,571539.04,0.0,449066.39,0.0,897339.63,3.36,0.0,0.0,0.0,86806.56,0.0,0.0,153057.05,46096.06,0.00,0.00,449066.39,0.00
CZ05/SCn&0&rDXHP&New&HV_AirDist__SupFanMtr/NE-HVAC-FanBelt-SynchVBelt-Msr/instance-out.sql,2180170.14,156152.13,44901.31,571539.04,0.0,449066.39,0.0,871701.35,3.36,0.0,0.0,0.0,86806.56,0.0,0.0,156152.13,44901.31,0.00,0.00,449066.39,0.00
CZ06/Asm&0&rDXHP&New&HV_AirDist__SupFanMtr/NE-HVAC-FanBelt-VBelt-Std/instance-out.sql,505250.48,11994.38,68544.01,76844.55,0.0,145823.51,0.0,180531.3,3.36,0.0,0.0,0.0,21509.38,0.0,0.0,11994.38,68544.01,0.00,0.00,145823.51,0.00
CZ06/Asm&0&rDXHP&New&HV_AirDist__SupFanMtr/NE-HVAC-FanBelt-CoggedVBelt-Msr/instance-out.sql,501313.75,12152.03,67989.44,76844.55,0.0,145823.51,0.0,176991.47,3.36,0.0,0.0,0.0,21509.39,0.0,0.0,12152.03,67989.44,0.00,0.00,145823.51,0.00
CZ06/Asm&0&rDXHP&New&HV_AirDist__SupFanMtr/NE-HVAC-FanBelt-SynchVBelt-Msr/instance-out.sql,495697.58,12378.9,67203.31,76844.55,0.0,145823.51,0.0,171934.57,3.36,0.0,0.0,0.0,21509.39,0.0,0.0,12378.90,67203.31,0.00,0.00,145823.51,0.00
CZ06/ECC&0&rDXHP&New&HV_AirDist__SupFanMtr/NE-HVAC-FanBelt-VBelt-Std/instance-out.sql,2262903.05,6499.99,199592.65,167224.54,0.0,1013813.91,0.0,456421.12,837.84,0.0,0.0,0.0,418512.99,0.0,0.0,6467.11,199592.65,32.88,0.00,945189.93,68623.98
CZ06/ECC&0&rDXHP&New&HV_AirDist__SupFanMtr/NE-HVAC-FanBelt-CoggedVBelt-Msr/instance-out.sql,2254444.19,6624.589999999999,198578.12,167224.54,0.0,1013813.91,0.0,448852.28,837.74,0.0,0.0,0.0,418512.99,0.0,0.0,6591.69,198578.12,32.90,0.00,945189.93,68623.98
CZ06/ECC&0&rDXHP&New&HV_AirDist__SupFanMtr/NE-HVAC-FanBelt-SynchVBelt-Msr/instance-out.sql,2242426.29,6806.070000000001,197172.61,167224.54,0.0,1013813.91,0.0,438058.71,837.37,0.0,0.0,0.0,418513.07,0.0,0.0,6773.14,197172.61,32.93,0.00,945189.93,68623.98
CZ06/EPr&0&rDXHP&New&HV_AirDist__SupFanMtr/NE-HVAC-FanBelt-VBelt-Std/instance-out.sql,332415.39,1799.67,32729.3,30835.78,0.0,125897.03,0.0,60923.83,3.37,0.0,0.0,0.0,80226.41,0.0,0.0,1799.67,32729.30,0.00,0.00,83226.75,42670.28
CZ06/EPr&0&rDXHP&New&HV_AirDist__SupFanMtr/NE-HVAC-FanBelt-CoggedVBelt-Msr/instance-out.sql,331269.35,1829.96,32566.28,30835.78,0.0,125897.03,0.0,59910.51,3.37,0.0,0.0,0.0,80226.41,0.0,0.0,1829.96,32566.28,0.00,0.00,83226.75,42670.28
CZ06/EPr&0&rDXHP&New&HV_AirDist__SupFanMtr/NE-HVAC-FanBelt-SynchVBelt-Msr/instance-out.sql,329634.82,1873.83,32335.04,30835.78,0.0,125897.03,0.0,58463.35,3.37,0.0,0.0,0.0,80226.41,0.0,0.0,1873.83,32335.04,0.00,0.00,83226.75,42670.28
CZ06/ERC&0&rDXHP&New&HV_AirDist__SupFanMtr/NE-HVAC-FanBelt-VBelt-Std/instance-out.sql,15990.81,152.75,825.1,1016.35,0.0,2196.82,0.0,2707.04,3.36,0.0,0.0,0.0,9089.39,0.0,0.0,152.75,825.10,0.00,0.00,2196.82,0.00
CZ06/ERC&0&rDXHP&New&HV_AirDist__SupFanMtr/NE-HVAC-FanBelt-CoggedVBelt-Msr/instance-out.sql,15934.56,155.0,818.92,1016.35,0.0,2196.82,0.0,2654.72,3.36,0.0,0.0,0.0,9089.39,0.0,0.0,155.00,818.92,0.00,0.00,2196.82,0.00
CZ06/ERC&0&rDXHP&New&HV_AirDist__SupFanMtr/NE-HVAC-FanBelt-SynchVBelt-Msr/instance-out.sql,15853.779999999999,158.29,810.13,1016.35,0.0,2196.82,0.0,2579.44,3.36,0.0,0.0,0.0,9089.39,0.0,0.0,158.29,810.13,0.00,0.00,2196.82,0.00
CZ06/ESe&0&rDXHP&New&HV_AirDist__SupFanMtr/NE-HVAC-FanBelt-VBelt-Std/instance-out.sql,982684.53,53983.41,87046.26,94750.45,0.0,323176.74,0.0,205094.02,3.39,0.0,0.0,0.0,218630.26,0.0,0.0,1291.15,87046.26,52692.26,0.00,259085.82,64090.92
CZ06/ESe&0&rDXHP&New&HV_AirDist__SupFanMtr/NE-HVAC-FanBelt-CoggedVBelt-Msr/instance-out.sql,981298.76,54010.57,86869.95,94750.45,0.0,323176.74,0.0,203857.4,3.39,0.0,0.0,0.0,218630.27,0.0,0.0,1314.80,86869.95,52695.77,0.00,259085.82,64090.92
CZ06/ESe&0&rDXHP&New&HV_AirDist__SupFanMtr/NE-HVAC-FanBelt-SynchVBelt-Msr/instance-out.sql,979325.12,54049.53,86619.0,94750.45,0.0,323176.74,0.0,202095.74,3.39,0.0,0.0,0.0,218630.27,0.0,0.0,1349.46,86619.00,52700.07,0.00,259085.82,64090.92
CZ06/EUn&0&rDXHP&New&HV_AirDist__SupFanMtr/NE-HVAC-FanBelt-VBelt-Std/instance-out.sql,7132589.26,7937.44,622623.06,644388.1,0.0,3682881.23,0.0,1468010.16,3.37,0.0,0.0,0.0,706745.89,0.0,0.0,7937.44,622623.06,0.00,0.00,3555459.15,127422.08
CZ06/EUn&0&rDXHP&New&HV_AirDist__SupFanMtr/NE-HVAC-FanBelt-CoggedVBelt-Msr/instance-out.sql,7106588.37,8153.86,619681.9,644388.1,0.0,3682881.23,0.0,1444734.02,3.37,0.0,0.0,0.0,706745.88,0.0,0.0,8153.86,619681.90,0.00,0.00,3555459.15,127422.08
CZ06/EUn&0&rDXHP&New&HV_AirDist__SupFanMtr/NE-HVAC-FanBelt-SynchVBelt-Msr/instance-out.sql,7069491.07,8470.73,615504.29,644388.1,0.0,3682881.23,0.0,1411497.45,3.37,0.0,0.0,0.0,706745.89,0.0,0.0,8470.73,615504.29,0.00,0.00,3555459.15,127422.08
CZ06/Hsp&0&rDXHP&New&HV_AirDist__SupFanMtr/NE-HVAC-FanBelt-VBelt-Std/instance-out.sql,3310132.96,133862.12,649227.31,625795.42,0.0,1182847.3,0.0,439284.29,32755.06,0.0,0.0,0.0,246361.45,0.0,0.0,2522.65,649227.31,131339.47,0.00,1139112.10,43735.20
CZ06/Hsp&0&rDXHP&New&HV_AirDist__SupFanMtr/NE-HVAC-FanBelt-CoggedVBelt-Msr/instance-out.sql,3304388.07,133955.53000000003,648686.34,625795.42,0.0,1182847.3,0.0,433986.92,32753.25,0.0,0.0,0.0,246363.31,0.0,0.0,2579.89,648686.34,131375.64,0.00,1139112.10,43735.20
CZ06/Hsp&0&rDXHP&New&HV_AirDist__SupFanMtr/NE-HVAC-FanBelt-SynchVBelt-Msr/instance-out.sql,3296189.7399999998,134082.63999999998,647926.72,625795.42,0.0,1182847.3,0.0,426426.13,32752.98,0.0,0.0,0.0,246358.54,0.0,0.0,2663.68,647926.72,131418.96,0.00,1139112.10,43735.20
CZ06/MBT&0&rDXHP&New&HV_AirDist__SupFanMtr/NE-HVAC-FanBelt-VBelt-Std/instance-out.sql,4995102.75,1106314.5799999998,186186.48,438466.02,0.0,2167645.51,0.0,932457.86,541.65,0.0,0.0,0.0,163490.65,0.0,0.0,3346.38,186186.48,1102968.20,0.00,1394057.91,773587.60
CZ06/MBT&0&rDXHP&New&HV_AirDist__SupFanMtr/NE-HVAC-FanBelt-CoggedVBelt-Msr/instance-out.sql,4989896.88,1106484.53,185652.71,438466.02,0.0,2167645.51,0.0,927615.89,541.65,0.0,0.0,0.0,163490.56,0.0,0.0,3426.41,185652.71,1103058.12,0.00,1394057.91,773587.60
CZ06/MBT&0&rDXHP&New&HV_AirDist__SupFanMtr/NE-HVAC-FanBelt-SynchVBelt-Msr/instance-out.sql,4982469.5,1106731.8800000001,184894.78,438466.02,0.0,2167645.51,0.0,920698.97,541.65,0.0,0.0,0.0,163490.7,0.0,0.0,3543.57,184894.78,1103188.31,0.00,1394057.91,773587.60
CZ06/MLI&0&rDXHP&New&HV_AirDist__SupFanMtr/NE-HVAC-FanBelt-VBelt-Std/instance-out.sql,823652.38,3546.97,58317.54,153603.74,0.0,239893.0,0.0,322461.18,3.37,0.0,0.0,0.0,45826.57,0.0,0.0,3546.97,58317.54,0.00,0.00,239893.00,0.00
CZ06/MLI&0&rDXHP&New&HV_AirDist__SupFanMtr/NE-HVAC-FanBelt-CoggedVBelt-Msr/instance-out.sql,816915.1699999999,3662.0,57788.06,153603.74,0.0,239893.0,0.0,316138.42,3.37,0.0,0.0,0.0,45826.57,0.0,0.0,3662.00,57788.06,0.00,0.00,239893.00,0.00
CZ06/MLI&0&rDXHP&New&HV_AirDist__SupFanMtr/NE-HVAC-FanBelt-SynchVBelt-Msr/instance-out.sql,807303.1799999999,3832.92,57037.68,153603.74,0.0,239893.0,0.0,307105.89,3.37,0.0,0.0,0.0,45826.57,0.0,0.0,3832.92,57037.68,0.00,0.00,239893.00,0.00
CZ06/Mtl&0&rDXHP&New&HV_AirDist__SupFanMtr/NE-HVAC-FanBelt-VBelt-Std/instance-out.sql,139260.19,1066.37,23575.25,34352.14,0.0,22443.33,0.0,50151.71,3.36,0.0,0.0,0.0,7668.02,0.0,0.0,1066.37,23575.25,0.00,0.00,22191.36,251.97
CZ06/Mtl&0&rDXHP&New&HV_AirDist__SupFanMtr/NE-HVAC-FanBelt-CoggedVBelt-Msr/instance-out.sql,138194.82,1088.79,23455.81,34352.14,0.0,22443.33,0.0,49183.37,3.36,0.0,0.0,0.0,7668.02,0.0,0.0,1088.79,23455.81,0.00,0.00,22191.36,251.97
CZ06/Mtl&0&rDXHP&New&HV_AirDist__SupFanMtr/NE-HVAC-FanBelt-SynchVBelt-Msr/instance-out.sql,136674.34,1121.59,23285.74,34352.14,0.0,22443.33,0.0,47800.15,3.36,0.0,0.0,0.0,7668.02,0.0,0.0,1121.59,23285.74,0.00,0.00,22191.36,251.97
CZ06/Nrs&0&rDXHP&New&HV_AirDist__SupFanMtr/NE-HVAC-FanBelt-VBelt-Std/instance-out.sql,763105.3999999999,8723.89,76942.29,103109.51,0.0,347425.87,0.0,115887.31,38.56,0.0,0.0,0.0,110977.98,0.0,0.0,1236.09,76942.29,7487.80,0.00,281574.59,65851.28
CZ06/Nrs&0&rDXHP&New&HV_AirDist__SupFanMtr/NE-HVAC-FanBelt-CoggedVBelt-Msr/instance-out.sql,761352.7,8790.98,76728.4,103109.51,0.0,347425.87,0.0,114266.16,38.58,0.0,0.0,0.0,110993.21,0.0,0.0,1257.63,76728.40,7533.35,0.00,281574.59,65851.28
CZ06/Nrs&0&rDXHP&New&HV_AirDist__SupFanMtr/NE-HVAC-FanBelt-SynchVBelt-Msr/instance-out.sql,758961.03,8859.08,76507.91,103109.51,0.0,347425.87,0.0,112042.19,38.59,0.0,0.0,0.0,110977.89,0.0,0.0,1289.71,76507.91,7569.37,0.00,281574.59,65851.28
CZ06/OfL&0&rDXHP&New&HV_AirDist__SupFanMtr/NE-HVAC-FanBelt-VBelt-Std/instance-out.sql,1992649.58,7345.52,232538.18,239041.7,0.0,829334.66,0.0,569157.77,2654.84,0.0,0.0,0.0,112576.9,0.0,0.0,919.10,232538.18,6426.42,0.00,829334.66,0.00
CZ06/OfL&0&rDXHP&New&HV_AirDist__SupFanMtr/NE-HVAC-FanBelt-CoggedVBelt-Msr/instance-out.sql,1981168.75,7375.790000000001,231440.65,239041.7,0.0,829334.66,0.0,558742.44,2654.84,0.0,0.0,0.0,112578.67,0.0,0.0,949.52,231440.65,6426.27,0.00,829334.66,0.00
CZ06/OfL&0&rDXHP&New&HV_AirDist__SupFanMtr/NE-HVAC-FanBelt-SynchVBelt-Msr/instance-out.sql,1964994.04,7654.049999999999,229874.87,239041.7,0.0,829334.66,0.0,543850.16,2654.31,0.0,0.0,0.0,112584.28,0.0,0.0,1006.57,229874.87,6647.48,0.00,829334.66,0.00
CZ06/OfS&0&rDXHP&New&HV_AirDist__SupFanMtr/NE-HVAC-FanBelt-VBelt-Std/instance-out.sql,103492.28,274.39,8642.56,12106.19,0.0,29387.4,0.0,32091.81,1.13,0.0,0.0,0.0,20988.78,0.0,0.0,274.39,8642.56,0.00,0.00,29387.40,0.00
CZ06/OfS&0&rDXHP&New&HV_AirDist__SupFanMtr/NE-HVAC-FanBelt-CoggedVBelt-Msr/instance-out.sql,102808.97,283.21,8579.69,12106.19,0.0,29387.4,0.0,31462.56,1.13,0.0,0.0,0.0,20988.78,0.0,0.0,283.21,8579.69,0.00,0.00,29387.40,0.00
CZ06/OfS&0&rDXHP&New&HV_AirDist__SupFanMtr/NE-HVAC-FanBelt-SynchVBelt-Msr/instance-out.sql,101833.03,296.21,8490.37,12106.19,0.0,29387.4,0.0,30562.94,1.13,0.0,0.0,0.0,20988.78,0.0,0.0,296.21,8490.37,0.00,0.00,29387.40,0.00
CZ06/RFF&0&rDXHP&New&HV_AirDist__SupFanMtr/NE-HVAC-FanBelt-VBelt-Std/instance-out.sql,94401.41,372.12,8037.06,6626.33,0.0,37903.17,0.0,17027.02,3.37,0.0,0.0,0.0,24432.33,0.0,0.0,363.93,8037.06,8.19,0.00,18423.46,19479.71
CZ06/RFF&0&rDXHP&New&HV_AirDist__SupFanMtr/NE-HVAC-FanBelt-CoggedVBelt-Msr/instance-out.sql,94173.97,379.55,8015.99,6626.33,0.0,37903.17,0.0,16813.22,3.37,0.0,0.0,0.0,24432.33,0.0,0.0,371.35,8015.99,8.20,0.00,18423.46,19479.71
CZ06/RFF&0&rDXHP&New&HV_AirDist__SupFanMtr/NE-HVAC-FanBelt-SynchVBelt-Msr/instance-out.sql,93849.67000000001,390.63,7986.03,6626.33,0.0,37903.17,0.0,16507.8,3.37,0.0,0.0,0.0,24432.33,0.0,0.0,382.37,7986.03,8.26,0.00,18423.46,19479.71
CZ06/RSD&0&rDXHP&New&HV_AirDist__SupFanMtr/NE-HVAC-FanBelt-VBelt-Std/instance-out.sql,207084.01,9861.699999999999,20188.12,16225.45,0.0,76546.73,0.0,22338.26,8.45,0.0,0.0,0.0,61915.3,0.0,0.0,147.81,20188.12,9713.89,0.00,37475.60,39071.13
CZ06/RSD&0&rDXHP&New&HV_AirDist__SupFanMtr/NE-HVAC-FanBelt-CoggedVBelt-Msr/instance-out.sql,206974.68,9866.26,20176.23,16225.45,0.0,76546.73,0.0,22236.27,8.45,0.0,0.0,0.0,61915.3,0.0,0.0,150.74,20176.23,9715.52,0.00,37475.60,39071.13
CZ06/RSD&0&rDXHP&New&HV_AirDist__SupFanMtr/NE-HVAC-FanBelt-SynchVBelt-Msr/instance-out.sql,206818.66,9872.64,20159.54,16225.45,0.0,76546.73,0.0,22090.56,8.45,0.0,0.0,0.0,61915.3,0.0,0.0,154.98,20159.54,9717.66,0.00,37475.60,39071.13
CZ06/Rt3&0&rDXHP&New&HV_AirDist__SupFanMtr/NE-HVAC-FanBelt-VBelt-Std/instance-out.sql,1657457.78,9115.78,142371.73,394371.6,0.0,436362.0,0.0,513221.0,3.38,0.0,0.0,0.0,162012.28,0.0,0.0,7852.27,142371.73,1263.51,0.00,436362.00,0.00
CZ06/Rt3&0&rDXHP&New&HV_AirDist__SupFanMtr/NE-HVAC-FanBelt-CoggedVBelt-Msr/instance-out.sql,1646828.1400000001,9281.83,141306.42,394371.6,0.0,436362.0,0.0,503490.63,3.38,0.0,0.0,0.0,162012.28,0.0,0.0,8016.32,141306.42,1265.51,0.00,436362.00,0.00
CZ06/Rt3&0&rDXHP&New&HV_AirDist__SupFanMtr/NE-HVAC-FanBelt-SynchVBelt-Msr/instance-out.sql,1631669.5999999999,9524.05,139794.05,394371.6,0.0,436362.0,0.0,489602.24,3.38,0.0,0.0,0.0,162012.28,0.0,0.0,8255.63,139794.05,1268.42,0.00,436362.00,0.00
CZ06/RtL&0&rDXHP&New&HV_AirDist__SupFanMtr/NE-HVAC-FanBelt-VBelt-Std/instance-out.sql,1582571.29,1154.01,132888.2,395231.18,0.0,509200.67,0.0,424757.91,3.39,0.0,0.0,0.0,119335.93,0.0,0.0,1154.01,132888.20,0.00,0.00,468847.72,40352.95
CZ06/RtL&0&rDXHP&New&HV_AirDist__SupFanMtr/NE-HVAC-FanBelt-CoggedVBelt-Msr/instance-out.sql,1573492.58,1199.4,131910.08,395231.18,0.0,509200.67,0.0,416611.93,3.39,0.0,0.0,0.0,119335.93,0.0,0.0,1199.40,131910.08,0.00,0.00,468847.72,40352.95
CZ06/RtL&0&rDXHP&New&HV_AirDist__SupFanMtr/NE-HVAC-FanBelt-SynchVBelt-Msr/instance-out.sql,1560538.9,1267.77,130525.14,395231.18,0.0,509200.67,0.0,404974.82,3.39,0.0,0.0,0.0,119335.93,0.0,0.0,1267.77,130525.14,0.00,0.00,468847.72,40352.95
CZ06/RtS&0&rDXHP&New&HV_AirDist__SupFanMtr/NE-HVAC-FanBelt-VBelt-Std/instance-out.sql,103793.2,1323.95,9338.09,23251.32,0.0,24440.79,0.0,30368.99,3.36,0.0,0.0,0.0,15066.69,0.0,0.0,1323.95,9338.09,0.00,0.00,24440.79,0.00
CZ06/RtS&0&rDXHP&New&HV_AirDist__SupFanMtr/NE-HVAC-FanBelt-CoggedVBelt-Msr/instance-out.sql,103153.1,1345.09,9272.33,23251.32,0.0,24440.79,0.0,29773.52,3.36,0.0,0.0,0.0,15066.69,0.0,0.0,1345.09,9272.33,0.00,0.00,24440.79,0.00
CZ06/RtS&0&rDXHP&New&HV_AirDist__SupFanMtr/NE-HVAC-FanBelt-SynchVBelt-Msr/instance-out.sql,102239.55,1375.78,9178.76,23251.32,0.0,24440.79,0.0,28922.85,3.36,0.0,0.0,0.0,15066.69,0.0,0.0,1375.78,9178.76,0.00,0.00,24440.79,0.00
CZ06/SCn&0&rDXHP&New&HV_AirDist__SupFanMtr/NE-HVAC-FanBelt-VBelt-Std/instance-out.sql,2283539.3,37819.74,143477.79,571539.04,0.0,449066.39,0.0,1001680.24,3.36,0.0,0.0,0.0,79952.75,0.0,0.0,37819.74,143477.79,0.00,0.00,449066.39,0.00
CZ06/SCn&0&rDXHP&New&HV_AirDist__SupFanMtr/NE-HVAC-FanBelt-CoggedVBelt-Msr/instance-out.sql,2263379.17,38843.4,141934.79,571539.04,0.0,449066.39,0.0,982039.45,3.36,0.0,0.0,0.0,79952.75,0.0,0.0,38843.40,141934.79,0.00,0.00,449066.39,0.00
CZ06/SCn&0&rDXHP&New&HV_AirDist__SupFanMtr/NE-HVAC-FanBelt-SynchVBelt-Msr/instance-out.sql,2234605.81,40333.76,139729.33,571539.04,0.0,449066.39,0.0,953981.18,3.36,0.0,0.0,0.0,79952.75,0.0,0.0,40333.76,139729.33,0.00,0.00,449066.39,0.00
CZ07/Asm&0&rDXHP&New&HV_AirDist__SupFanMtr/NE-HVAC-FanBelt-VBelt-Std/instance-out.sql,509071.1,10670.19,73591.29,76844.55,0.0,145823.51,0.0,180796.99,3.36,0.0,0.0,0.0,21341.22,0.0,0.0,10670.19,73591.29,0.00,0.00,145823.51,0.00
CZ07/Asm&0&rDXHP&New&HV_AirDist__SupFanMtr/NE-HVAC-FanBelt-CoggedVBelt-Msr/instance-out.sql,505124.5,10813.66,73046.26,76844.55,0.0,145823.51,0.0,177251.95,3.36,0.0,0.0,0.0,21341.22,0.0,0.0,10813.66,73046.26,0.00,0.00,145823.51,0.00
CZ07/Asm&0&rDXHP&New&HV_AirDist__SupFanMtr/NE-HVAC-FanBelt-SynchVBelt-Msr/instance-out.sql,499493.29000000004,11020.19,72272.86,76844.55,0.0,145823.51,0.0,172187.61,3.36,0.0,0.0,0.0,21341.22,0.0,0.0,11020.19,72272.86,0.00,0.00,145823.51,0.00
CZ07/ECC&0&rDXHP&New&HV_AirDist__SupFanMtr/NE-HVAC-FanBelt-VBelt-Std/instance-out.sql,2268115.18,5741.21,215007.59,167224.54,0.0,1013813.91,0.0,451744.48,885.28,0.0,0.0,0.0,413698.14,0.0,0.0,5739.41,215007.59,1.80,0.00,945189.93,68623.98
CZ07/ECC&0&rDXHP&New&HV_AirDist__SupFanMtr/NE-HVAC-FanBelt-CoggedVBelt-Msr/instance-out.sql,2259575.06,5854.85,213945.01,167224.54,0.0,1013813.91,0.0,444153.35,885.27,0.0,0.0,0.0,413698.14,0.0,0.0,5853.04,213945.01,1.81,0.00,945189.93,68623.98
CZ07/ECC&0&rDXHP&New&HV_AirDist__SupFanMtr/NE-HVAC-FanBelt-SynchVBelt-Msr/instance-out.sql,2247385.31,6020.92,212432.3,167224.54,0.0,1013813.91,0.0,433310.31,885.16,0.0,0.0,0.0,413698.16,0.0,0.0,6019.13,212432.30,1.79,0.00,945189.93,68623.98
CZ07/EPr&0&rDXHP&New&HV_AirDist__SupFanMtr/NE-HVAC-FanBelt-VBelt-Std/instance-out.sql,333296.02999999997,1732.16,34219.18,30835.78,0.0,125897.03,0.0,61253.58,3.37,0.0,0.0,0.0,79354.92,0.0,0.0,1732.16,34219.18,0.00,0.00,83226.75,42670.28
CZ07/EPr&0&rDXHP&New&HV_AirDist__SupFanMtr/NE-HVAC-FanBelt-CoggedVBelt-Msr/instance-out.sql,332141.12,1761.07,34052.53,30835.78,0.0,125897.03,0.0,60236.13,3.37,0.0,0.0,0.0,79355.2,0.0,0.0,1761.07,34052.53,0.00,0.00,83226.75,42670.28
CZ07/EPr&0&rDXHP&New&HV_AirDist__SupFanMtr/NE-HVAC-FanBelt-SynchVBelt-Msr/instance-out.sql,330493.26,1803.11,33815.77,30835.78,0.0,125897.03,0.0,58782.42,3.37,0.0,0.0,0.0,79355.78,0.0,0.0,1803.11,33815.77,0.00,0.00,83226.75,42670.28
CZ07/ERC&0&rDXHP&New&HV_AirDist__SupFanMtr/NE-HVAC-FanBelt-VBelt-Std/instance-out.sql,16038.07,141.88,917.98,1016.35,0.0,2196.82,0.0,2703.91,3.36,0.0,0.0,0.0,9057.76,0.0,0.0,141.88,917.98,0.00,0.00,2196.82,0.00
CZ07/ERC&0&rDXHP&New&HV_AirDist__SupFanMtr/NE-HVAC-FanBelt-CoggedVBelt-Msr/instance-out.sql,15980.619999999999,143.96,911.48,1016.35,0.0,2196.82,0.0,2650.89,3.36,0.0,0.0,0.0,9057.76,0.0,0.0,143.96,911.48,0.00,0.00,2196.82,0.00
CZ07/ERC&0&rDXHP&New&HV_AirDist__SupFanMtr/NE-HVAC-FanBelt-SynchVBelt-Msr/instance-out.sql,15898.64,146.97,902.23,1016.35,0.0,2196.82,0.0,2575.15,3.36,0.0,0.0,0.0,9057.76,0.0,0.0,146.97,902.23,0.00,0.00,2196.82,0.00
CZ07/ESe&0&rDXHP&New&HV_AirDist__SupFanMtr/NE-HVAC-FanBelt-VBelt-Std/instance-out.sql,973517.25,45891.850000000006,89677.29,94750.45,0.0,323176.74,0.0,203762.25,3.39,0.0,0.0,0.0,216255.29,0.0,0.0,1118.16,89677.29,44773.69,0.00,259085.82,64090.92
CZ07/ESe&0&rDXHP&New&HV_AirDist__SupFanMtr/NE-HVAC-FanBelt-CoggedVBelt-Msr/instance-out.sql,972117.8900000001,45914.69,89495.69,94750.45,0.0,323176.74,0.0,202521.65,3.39,0.0,0.0,0.0,216255.28,0.0,0.0,1139.55,89495.69,44775.14,0.00,259085.82,64090.92
CZ07/ESe&0&rDXHP&New&HV_AirDist__SupFanMtr/NE-HVAC-FanBelt-SynchVBelt-Msr/instance-out.sql,970131.52,45949.35,89237.36,94750.45,0.0,323176.74,0.0,200758.95,3.39,0.0,0.0,0.0,216255.28,0.0,0.0,1170.64,89237.36,44778.71,0.00,259085.82,64090.92
CZ07/EUn&0&rDXHP&New&HV_AirDist__SupFanMtr/NE-HVAC-FanBelt-VBelt-Std/instance-out.sql,7169158.4399999995,6396.03,670117.23,644388.1,0.0,3682881.23,0.0,1466559.64,3.37,0.0,0.0,0.0,698812.84,0.0,0.0,6396.03,670117.23,0.00,0.00,3555459.15,127422.08
CZ07/EUn&0&rDXHP&New&HV_AirDist__SupFanMtr/NE-HVAC-FanBelt-CoggedVBelt-Msr/instance-out.sql,7143020.64,6585.84,667043.17,644388.1,0.0,3682881.23,0.0,1443306.08,3.37,0.0,0.0,0.0,698812.85,0.0,0.0,6585.84,667043.17,0.00,0.00,3555459.15,127422.08
CZ07/EUn&0&rDXHP&New&HV_AirDist__SupFanMtr/NE-HVAC-FanBelt-SynchVBelt-Msr/instance-out.sql,7105727.98,6864.56,662673.08,644388.1,0.0,3682881.23,0.0,1410104.79,3.37,0.0,0.0,0.0,698812.86,0.0,0.0,6864.56,662673.08,0.00,0.00,3555459.15,127422.08
CZ07/Hsp&0&rDXHP&New&HV_AirDist__SupFanMtr/NE-HVAC-FanBelt-VBelt-Std/instance-out.sql,3342245.85,111663.05,696687.99,625795.42,0.0,1182847.3,0.0,447191.51,34363.39,0.0,0.0,0.0,243697.2,0.0,0.0,1903.45,696687.99,109759.60,0.00,1139112.10,43735.20
CZ07/Hsp&0&rDXHP&New&HV_AirDist__SupFanMtr/NE-HVAC-FanBelt-CoggedVBelt-Msr/instance-out.sql,3336433.34,111732.33,696108.22,625795.42,0.0,1182847.3,0.0,441889.48,34363.39,0.0,0.0,0.0,243697.21,0.0,0.0,1950.85,696108.22,109781.48,0.00,1139112.10,43735.20
CZ07/Hsp&0&rDXHP&New&HV_AirDist__SupFanMtr/NE-HVAC-FanBelt-SynchVBelt-Msr/instance-out.sql,3328176.1300000004,111871.34,695282.7,625795.42,0.0,1182847.3,0.0,434317.18,34364.32,0.0,0.0,0.0,243697.87,0.0,0.0,2020.23,695282.70,109851.11,0.00,1139112.10,43735.20
CZ07/MBT&0&rDXHP&New&HV_AirDist__SupFanMtr/NE-HVAC-FanBelt-VBelt-Std/instance-out.sql,4902963.5600000005,991409.25,204305.39,438466.02,0.0,2167645.51,0.0,938838.61,560.68,0.0,0.0,0.0,161738.1,0.0,0.0,2891.84,204305.39,988517.41,0.00,1394057.91,773587.60
CZ07/MBT&0&rDXHP&New&HV_AirDist__SupFanMtr/NE-HVAC-FanBelt-CoggedVBelt-Msr/instance-out.sql,4897668.52,991566.02,203733.16,438466.02,0.0,2167645.51,0.0,933959.02,560.68,0.0,0.0,0.0,161738.1,0.0,0.0,2964.06,203733.16,988601.96,0.00,1394057.91,773587.60
CZ07/MBT&0&rDXHP&New&HV_AirDist__SupFanMtr/NE-HVAC-FanBelt-SynchVBelt-Msr/instance-out.sql,4890112.57,991794.22,202919.84,438466.02,0.0,2167645.51,0.0,926988.19,560.68,0.0,0.0,0.0,161738.11,0.0,0.0,3069.98,202919.84,988724.24,0.00,1394057.91,773587.60
CZ07/MLI&0&rDXHP&New&HV_AirDist__SupFanMtr/NE-HVAC-FanBelt-VBelt-Std/instance-out.sql,838520.09,2803.57,71394.11,153603.74,0.0,239893.0,0.0,325444.68,3.37,0.0,0.0,0.0,45377.62,0.0,0.0,2803.57,71394.11,0.00,0.00,239893.00,0.00
CZ07/MLI&0&rDXHP&New&HV_AirDist__SupFanMtr/NE-HVAC-FanBelt-CoggedVBelt-Msr/instance-out.sql,831632.98,2901.29,70790.55,153603.74,0.0,239893.0,0.0,319063.41,3.37,0.0,0.0,0.0,45377.62,0.0,0.0,2901.29,70790.55,0.00,0.00,239893.00,0.00
CZ07/MLI&0&rDXHP&New&HV_AirDist__SupFanMtr/NE-HVAC-FanBelt-SynchVBelt-Msr/instance-out.sql,821802.13,3046.73,69930.34,153603.74,0.0,239893.0,0.0,309947.31,3.37,0.0,0.0,0.0,45377.62,0.0,0.0,3046.73,69930.34,0.00,0.00,239893.00,0.00
CZ07/Mtl&0&rDXHP&New&HV_AirDist__SupFanMtr/NE-HVAC-FanBelt-VBelt-Std/instance-out.sql,139963.59,929.75,24818.26,34352.14,0.0,22443.33,0.0,49761.9,3.36,0.0,0.0,0.0,7654.84,0.0,0.0,929.75,24818.26,0.00,0.00,22191.36,251.97
CZ07/Mtl&0&rDXHP&New&HV_AirDist__SupFanMtr/NE-HVAC-FanBelt-CoggedVBelt-Msr/instance-out.sql,138902.7,950.65,24696.84,34352.14,0.0,22443.33,0.0,48801.53,3.36,0.0,0.0,0.0,7654.84,0.0,0.0,950.65,24696.84,0.00,0.00,22191.36,251.97
CZ07/Mtl&0&rDXHP&New&HV_AirDist__SupFanMtr/NE-HVAC-FanBelt-SynchVBelt-Msr/instance-out.sql,137388.34,981.5,24524.09,34352.14,0.0,22443.33,0.0,47429.06,3.36,0.0,0.0,0.0,7654.84,0.0,0.0,981.50,24524.09,0.00,0.00,22191.36,251.97
CZ07/Nrs&0&rDXHP&New&HV_AirDist__SupFanMtr/NE-HVAC-FanBelt-VBelt-Std/instance-out.sql,758876.03,5471.4400000000005,76933.81,103109.51,0.0,347425.87,0.0,115954.14,21.57,0.0,0.0,0.0,109959.69,0.0,0.0,1009.60,76933.81,4461.84,0.00,281574.59,65851.28
CZ07/Nrs&0&rDXHP&New&HV_AirDist__SupFanMtr/NE-HVAC-FanBelt-CoggedVBelt-Msr/instance-out.sql,757139.35,5484.74,76758.06,103109.51,0.0,347425.87,0.0,114395.49,21.66,0.0,0.0,0.0,109944.02,0.0,0.0,1028.13,76758.06,4456.61,0.00,281574.59,65851.28
CZ07/Nrs&0&rDXHP&New&HV_AirDist__SupFanMtr/NE-HVAC-FanBelt-SynchVBelt-Msr/instance-out.sql,754616.77,5500.78,76464.79,103109.51,0.0,347425.87,0.0,112132.68,21.55,0.0,0.0,0.0,109961.61,0.0,0.0,1054.82,76464.79,4445.96,0.00,281574.59,65851.28
CZ07/OfL&0&rDXHP&New&HV_AirDist__SupFanMtr/NE-HVAC-FanBelt-VBelt-Std/instance-out.sql,2011925.56,6235.870000000001,258685.16,239041.7,0.0,829334.66,0.0,564282.88,2950.68,0.0,0.0,0.0,111394.59,0.0,0.0,546.23,258685.16,5689.64,0.00,829334.66,0.00
CZ07/OfL&0&rDXHP&New&HV_AirDist__SupFanMtr/NE-HVAC-FanBelt-CoggedVBelt-Msr/instance-out.sql,2000408.2,6258.68,257526.69,239041.7,0.0,829334.66,0.0,553901.03,2950.68,0.0,0.0,0.0,111394.75,0.0,0.0,568.98,257526.69,5689.70,0.00,829334.66,0.00
CZ07/OfL&0&rDXHP&New&HV_AirDist__SupFanMtr/NE-HVAC-FanBelt-SynchVBelt-Msr/instance-out.sql,1983963.6300000001,6292.72,255879.62,239041.7,0.0,829334.66,0.0,539069.66,2950.68,0.0,0.0,0.0,111394.6,0.0,0.0,602.96,255879.62,5689.76,0.00,829334.66,0.00
CZ07/OfS&0&rDXHP&New&HV_AirDist__SupFanMtr/NE-HVAC-FanBelt-VBelt-Std/instance-out.sql,104614.53,186.07,9877.14,12106.19,0.0,29387.4,0.0,32254.73,1.13,0.0,0.0,0.0,20801.86,0.0,0.0,186.07,9877.14,0.00,0.00,29387.40,0.00
CZ07/OfS&0&rDXHP&New&HV_AirDist__SupFanMtr/NE-HVAC-FanBelt-CoggedVBelt-Msr/instance-out.sql,103923.41,193.29,9811.17,12106.19,0.0,29387.4,0.0,31622.37,1.13,0.0,0.0,0.0,20801.85,0.0,0.0,193.29,9811.17,0.00,0.00,29387.40,0.00
CZ07/OfS&0&rDXHP&New&HV_AirDist__SupFanMtr/NE-HVAC-FanBelt-SynchVBelt-Msr/instance-out.sql,102936.5,204.08,9717.31,12106.19,0.0,29387.4,0.0,30718.52,1.13,0.0,0.0,0.0,20801.86,0.0,0.0,204.08,9717.31,0.00,0.00,29387.40,0.00
CZ07/RFF&0&rDXHP&New&HV_AirDist__SupFanMtr/NE-HVAC-FanBelt-VBelt-Std/instance-out.sql,94852.54000000001,302.82,8599.17,6626.33,0.0,37903.17,0.0,17192.57,3.37,0.0,0.0,0.0,24225.1,0.0,0.0,300.70,8599.17,2.12,0.00,18423.46,19479.71
CZ07/RFF&0&rDXHP&New&HV_AirDist__SupFanMtr/NE-HVAC-FanBelt-CoggedVBelt-Msr/instance-out.sql,94621.75,309.44,8576.83,6626.33,0.0,37903.17,0.0,16977.5,3.37,0.0,0.0,0.0,24225.1,0.0,0.0,307.33,8576.83,2.11,0.00,18423.46,19479.71
CZ07/RFF&0&rDXHP&New&HV_AirDist__SupFanMtr/NE-HVAC-FanBelt-SynchVBelt-Msr/instance-out.sql,94292.44,319.20000000000005,8545.0,6626.33,0.0,37903.17,0.0,16670.25,3.37,0.0,0.0,0.0,24225.1,0.0,0.0,317.10,8545.00,2.10,0.00,18423.46,19479.71
CZ07/RSD&0&rDXHP&New&HV_AirDist__SupFanMtr/NE-HVAC-FanBelt-VBelt-Std/instance-out.sql,208226.03,10365.01,21261.66,16225.45,0.0,76546.73,0.0,22527.93,8.85,0.0,0.0,0.0,61290.4,0.0,0.0,129.06,21261.66,10235.95,0.00,37475.60,39071.13
CZ07/RSD&0&rDXHP&New&HV_AirDist__SupFanMtr/NE-HVAC-FanBelt-CoggedVBelt-Msr/instance-out.sql,208115.01,10368.86,21249.64,16225.45,0.0,76546.73,0.0,22425.08,8.85,0.0,0.0,0.0,61290.4,0.0,0.0,131.82,21249.64,10237.04,0.00,37475.60,39071.13
CZ07/RSD&0&rDXHP&New&HV_AirDist__SupFanMtr/NE-HVAC-FanBelt-SynchVBelt-Msr/instance-out.sql,207957.15,10374.99,21232.55,16225.45,0.0,76546.73,0.0,22278.17,8.85,0.0,0.0,0.0,61290.41,0.0,0.0,135.84,21232.55,10239.15,0.00,37475.60,39071.13
CZ07/Rt3&0&rDXHP&New&HV_AirDist__SupFanMtr/NE-HVAC-FanBelt-VBelt-Std/instance-out.sql,1678128.68,6742.81,164547.29,394371.6,0.0,436362.0,0.0,515819.71,3.38,0.0,0.0,0.0,160281.88,0.0,0.0,5878.22,164547.29,864.59,0.00,436362.00,0.00
CZ07/Rt3&0&rDXHP&New&HV_AirDist__SupFanMtr/NE-HVAC-FanBelt-CoggedVBelt-Msr/instance-out.sql,1667357.02,6872.43,163421.55,394371.6,0.0,436362.0,0.0,506044.18,3.38,0.0,0.0,0.0,160281.88,0.0,0.0,6006.35,163421.55,866.08,0.00,436362.00,0.00
CZ07/Rt3&0&rDXHP&New&HV_AirDist__SupFanMtr/NE-HVAC-FanBelt-SynchVBelt-Msr/instance-out.sql,1651977.82,7063.379999999999,161821.87,394371.6,0.0,436362.0,0.0,492073.71,3.38,0.0,0.0,0.0,160281.88,0.0,0.0,6195.23,161821.87,868.15,0.00,436362.00,0.00
CZ07/RtL&0&rDXHP&New&HV_AirDist__SupFanMtr/NE-HVAC-FanBelt-VBelt-Std/instance-out.sql,1604502.92,768.22,152920.13,395231.18,0.0,509200.67,0.0,428302.92,3.39,0.0,0.0,0.0,118076.41,0.0,0.0,768.22,152920.13,0.00,0.00,468847.72,40352.95
CZ07/RtL&0&rDXHP&New&HV_AirDist__SupFanMtr/NE-HVAC-FanBelt-CoggedVBelt-Msr/instance-out.sql,1595307.69,800.33,151906.88,395231.18,0.0,509200.67,0.0,420088.83,3.39,0.0,0.0,0.0,118076.41,0.0,0.0,800.33,151906.88,0.00,0.00,468847.72,40352.95
CZ07/RtL&0&rDXHP&New&HV_AirDist__SupFanMtr/NE-HVAC-FanBelt-SynchVBelt-Msr/instance-out.sql,1582188.9300000002,852.89,150469.97,395231.18,0.0,509200.67,0.0,408354.42,3.39,0.0,0.0,0.0,118076.41,0.0,0.0,852.89,150469.97,0.00,0.00,468847.72,40352.95
CZ07/RtS&0&rDXHP&New&HV_AirDist__SupFanMtr/NE-HVAC-FanBelt-VBelt-Std/instance-out.sql,104921.81999999999,1082.74,10494.03,23251.32,0.0,24440.79,0.0,30682.82,3.36,0.0,0.0,0.0,14966.76,0.0,0.0,1082.74,10494.03,0.00,0.00,24440.79,0.00
CZ07/RtS&0&rDXHP&New&HV_AirDist__SupFanMtr/NE-HVAC-FanBelt-CoggedVBelt-Msr/instance-out.sql,104271.12,1101.74,10425.95,23251.32,0.0,24440.79,0.0,30081.19,3.36,0.0,0.0,0.0,14966.76,0.0,0.0,1101.74,10425.95,0.00,0.00,24440.79,0.00
CZ07/RtS&0&rDXHP&New&HV_AirDist__SupFanMtr/NE-HVAC-FanBelt-SynchVBelt-Msr/instance-out.sql,103342.4,1129.2,10329.23,23251.32,0.0,24440.79,0.0,29221.73,3.36,0.0,0.0,0.0,14966.76,0.0,0.0,1129.20,10329.23,0.00,0.00,24440.79,0.00
CZ07/SCn&0&rDXHP&New&HV_AirDist__SupFanMtr/NE-HVAC-FanBelt-VBelt-Std/instance-out.sql,2348082.4,32053.86,185965.66,571539.04,0.0,449066.39,0.0,1030328.05,3.36,0.0,0.0,0.0,79126.05,0.0,0.0,32053.86,185965.66,0.00,0.00,449066.39,0.00
CZ07/SCn&0&rDXHP&New&HV_AirDist__SupFanMtr/NE-HVAC-FanBelt-CoggedVBelt-Msr/instance-out.sql,2326998.52,33025.65,184112.5,571539.04,0.0,449066.39,0.0,1010125.54,3.36,0.0,0.0,0.0,79126.05,0.0,0.0,33025.65,184112.50,0.00,0.00,449066.39,0.00
CZ07/SCn&0&rDXHP&New&HV_AirDist__SupFanMtr/NE-HVAC-FanBelt-SynchVBelt-Msr/instance-out.sql,2296909.4,34443.82,181465.93,571539.04,0.0,449066.39,0.0,981264.81,3.36,0.0,0.0,0.0,79126.05,0.0,0.0,34443.82,181465.93,0.00,0.00,449066.39,0.00
CZ08/Asm&0&rDXHP&New&HV_AirDist__SupFanMtr/NE-HVAC-FanBelt-VBelt-Std/instance-out.sql,570130.61,14752.97,127495.15,76844.55,0.0,145823.51,0.0,184204.86,3.36,0.0,0.0,0.0,21006.22,0.0,0.0,14752.97,127495.15,0.00,0.00,145823.51,0.00
CZ08/Asm&0&rDXHP&New&HV_AirDist__SupFanMtr/NE-HVAC-FanBelt-CoggedVBelt-Msr/instance-out.sql,566049.46,14907.53,126871.31,76844.55,0.0,145823.51,0.0,180593.0,3.36,0.0,0.0,0.0,21006.21,0.0,0.0,14907.53,126871.31,0.00,0.00,145823.51,0.00
CZ08/Asm&0&rDXHP&New&HV_AirDist__SupFanMtr/NE-HVAC-FanBelt-SynchVBelt-Msr/instance-out.sql,560226.08,15130.12,125985.13,76844.55,0.0,145823.51,0.0,175433.2,3.36,0.0,0.0,0.0,21006.21,0.0,0.0,15130.12,125985.13,0.00,0.00,145823.51,0.00
CZ08/ECC&0&rDXHP&New&HV_AirDist__SupFanMtr/NE-HVAC-FanBelt-VBelt-Std/instance-out.sql,2413602.76,8199.49,338078.38,167224.54,0.0,1013813.91,0.0,481111.31,899.94,0.0,0.0,0.0,404275.19,0.0,0.0,8111.61,338078.38,87.88,0.00,945189.93,68623.98
CZ08/ECC&0&rDXHP&New&HV_AirDist__SupFanMtr/NE-HVAC-FanBelt-CoggedVBelt-Msr/instance-out.sql,2404203.33,8333.72,336684.3,167224.54,0.0,1013813.91,0.0,472971.8,899.86,0.0,0.0,0.0,404275.19,0.0,0.0,8245.73,336684.30,87.99,0.00,945189.93,68623.98
CZ08/ECC&0&rDXHP&New&HV_AirDist__SupFanMtr/NE-HVAC-FanBelt-SynchVBelt-Msr/instance-out.sql,2390812.44,8527.24,334709.62,167224.54,0.0,1013813.91,0.0,461362.25,899.69,0.0,0.0,0.0,404275.19,0.0,0.0,8439.14,334709.62,88.10,0.00,945189.93,68623.98
CZ08/EPr&0&rDXHP&New&HV_AirDist__SupFanMtr/NE-HVAC-FanBelt-VBelt-Std/instance-out.sql,352061.83999999997,2353.43,51876.86,30835.78,0.0,125897.03,0.0,63446.87,3.37,0.0,0.0,0.0,77648.51,0.0,0.0,2353.43,51876.86,0.00,0.00,83226.75,42670.28
CZ08/EPr&0&rDXHP&New&HV_AirDist__SupFanMtr/NE-HVAC-FanBelt-CoggedVBelt-Msr/instance-out.sql,350831.7,2384.13,51676.35,30835.78,0.0,125897.03,0.0,62386.53,3.37,0.0,0.0,0.0,77648.51,0.0,0.0,2384.13,51676.35,0.00,0.00,83226.75,42670.28
CZ08/EPr&0&rDXHP&New&HV_AirDist__SupFanMtr/NE-HVAC-FanBelt-SynchVBelt-Msr/instance-out.sql,349075.45,2428.57,51390.8,30835.78,0.0,125897.03,0.0,60871.38,3.37,0.0,0.0,0.0,77648.51,0.0,0.0,2428.57,51390.80,0.00,0.00,83226.75,42670.28
CZ08/ERC&0&rDXHP&New&HV_AirDist__SupFanMtr/NE-HVAC-FanBelt-VBelt-Std/instance-out.sql,17080.1,165.69,1723.66,1016.35,0.0,2196.82,0.0,2978.57,3.36,0.0,0.0,0.0,8995.66,0.0,0.0,165.69,1723.66,0.00,0.00,2196.82,0.00
CZ08/ERC&0&rDXHP&New&HV_AirDist__SupFanMtr/NE-HVAC-FanBelt-CoggedVBelt-Msr/instance-out.sql,17015.05,167.82,1714.57,1016.35,0.0,2196.82,0.0,2920.48,3.36,0.0,0.0,0.0,8995.66,0.0,0.0,167.82,1714.57,0.00,0.00,2196.82,0.00
CZ08/ERC&0&rDXHP&New&HV_AirDist__SupFanMtr/NE-HVAC-FanBelt-SynchVBelt-Msr/instance-out.sql,16923.11,170.95,1701.64,1016.35,0.0,2196.82,0.0,2838.33,3.36,0.0,0.0,0.0,8995.66,0.0,0.0,170.95,1701.64,0.00,0.00,2196.82,0.00
CZ08/ESe&0&rDXHP&New&HV_AirDist__SupFanMtr/NE-HVAC-FanBelt-VBelt-Std/instance-out.sql,1056585.99,56578.32,153998.81,94750.45,0.0,323176.74,0.0,216523.37,3.39,0.0,0.0,0.0,211554.91,0.0,0.0,1659.84,153998.81,54918.48,0.00,259085.82,64090.92
CZ08/ESe&0&rDXHP&New&HV_AirDist__SupFanMtr/NE-HVAC-FanBelt-CoggedVBelt-Msr/instance-out.sql,1055030.76,56606.57,153763.58,94750.45,0.0,323176.74,0.0,215175.12,3.39,0.0,0.0,0.0,211554.91,0.0,0.0,1686.43,153763.58,54920.14,0.00,259085.82,64090.92
CZ08/ESe&0&rDXHP&New&HV_AirDist__SupFanMtr/NE-HVAC-FanBelt-SynchVBelt-Msr/instance-out.sql,1052819.5,56660.469999999994,153427.85,94750.45,0.0,323176.74,0.0,213245.69,3.39,0.0,0.0,0.0,211554.91,0.0,0.0,1725.84,153427.85,54934.63,0.00,259085.82,64090.92
CZ08/EUn&0&rDXHP&New&HV_AirDist__SupFanMtr/NE-HVAC-FanBelt-VBelt-Std/instance-out.sql,7483688.42,14032.19,968807.38,644388.1,0.0,3682881.23,0.0,1490383.76,3.37,0.0,0.0,0.0,683192.37,0.0,0.0,14032.19,968807.38,0.00,0.00,3555459.15,127422.08
CZ08/EUn&0&rDXHP&New&HV_AirDist__SupFanMtr/NE-HVAC-FanBelt-CoggedVBelt-Msr/instance-out.sql,7456647.08,14324.76,965096.43,644388.1,0.0,3682881.23,0.0,1466760.82,3.37,0.0,0.0,0.0,683192.37,0.0,0.0,14324.76,965096.43,0.00,0.00,3555459.15,127422.08
CZ08/EUn&0&rDXHP&New&HV_AirDist__SupFanMtr/NE-HVAC-FanBelt-SynchVBelt-Msr/instance-out.sql,7418026.8,14750.5,959813.33,644388.1,0.0,3682881.23,0.0,1432997.89,3.37,0.0,0.0,0.0,683192.37,0.0,0.0,14750.50,959813.33,0.00,0.00,3555459.15,127422.08
CZ08/Hsp&0&rDXHP&New&HV_AirDist__SupFanMtr/NE-HVAC-FanBelt-VBelt-Std/instance-out.sql,3726881.3,168694.88,940955.86,625795.42,0.0,1182847.3,0.0,532050.69,38131.15,0.0,0.0,0.0,238406.02,0.0,0.0,3137.10,940955.86,165557.78,0.00,1139112.10,43735.20
CZ08/Hsp&0&rDXHP&New&HV_AirDist__SupFanMtr/NE-HVAC-FanBelt-CoggedVBelt-Msr/instance-out.sql,3720704.8899999997,168835.94,940198.16,625795.42,0.0,1182847.3,0.0,526491.86,38128.77,0.0,0.0,0.0,238407.44,0.0,0.0,3204.25,940198.16,165631.69,0.00,1139112.10,43735.20
CZ08/Hsp&0&rDXHP&New&HV_AirDist__SupFanMtr/NE-HVAC-FanBelt-SynchVBelt-Msr/instance-out.sql,3711875.44,169024.16,939128.72,625795.42,0.0,1182847.3,0.0,518543.88,38128.58,0.0,0.0,0.0,238407.39,0.0,0.0,3302.18,939128.72,165721.98,0.00,1139112.10,43735.20
CZ08/MBT&0&rDXHP&New&HV_AirDist__SupFanMtr/NE-HVAC-FanBelt-VBelt-Std/instance-out.sql,5287444.34,1182569.01,397913.61,438466.02,0.0,2167645.51,0.0,942030.0,554.55,0.0,0.0,0.0,158265.62,0.0,0.0,4873.35,397913.61,1177695.66,0.00,1394057.91,773587.60
CZ08/MBT&0&rDXHP&New&HV_AirDist__SupFanMtr/NE-HVAC-FanBelt-CoggedVBelt-Msr/instance-out.sql,5281903.83,1182737.31,397185.1,438466.02,0.0,2167645.51,0.0,937049.74,554.54,0.0,0.0,0.0,158265.59,0.0,0.0,4971.24,397185.10,1177766.07,0.00,1394057.91,773587.60
CZ08/MBT&0&rDXHP&New&HV_AirDist__SupFanMtr/NE-HVAC-FanBelt-SynchVBelt-Msr/instance-out.sql,5273995.35,1182981.46,396146.96,438466.02,0.0,2167645.51,0.0,929935.26,554.54,0.0,0.0,0.0,158265.59,0.0,0.0,5113.78,396146.96,1177867.68,0.00,1394057.91,773587.60
CZ08/MLI&0&rDXHP&New&HV_AirDist__SupFanMtr/NE-HVAC-FanBelt-VBelt-Std/instance-out.sql,889168.32,4711.23,119482.19,153603.74,0.0,239893.0,0.0,326985.06,3.37,0.0,0.0,0.0,44489.72,0.0,0.0,4711.23,119482.19,0.00,0.00,239893.00,0.00
CZ08/MLI&0&rDXHP&New&HV_AirDist__SupFanMtr/NE-HVAC-FanBelt-CoggedVBelt-Msr/instance-out.sql,882105.97,4857.46,118685.08,153603.74,0.0,239893.0,0.0,320573.59,3.37,0.0,0.0,0.0,44489.73,0.0,0.0,4857.46,118685.08,0.00,0.00,239893.00,0.00
CZ08/MLI&0&rDXHP&New&HV_AirDist__SupFanMtr/NE-HVAC-FanBelt-SynchVBelt-Msr/instance-out.sql,872026.45,5073.16,117549.11,153603.74,0.0,239893.0,0.0,311414.34,3.37,0.0,0.0,0.0,44489.72,0.0,0.0,5073.16,117549.11,0.00,0.00,239893.00,0.00
CZ08/Mtl&0&rDXHP&New&HV_AirDist__SupFanMtr/NE-HVAC-FanBelt-VBelt-Std/instance-out.sql,159652.6,1591.29,38772.34,34352.14,0.0,22443.33,0.0,54861.63,3.36,0.0,0.0,0.0,7628.5,0.0,0.0,1591.29,38772.34,0.00,0.00,22191.36,251.97
CZ08/Mtl&0&rDXHP&New&HV_AirDist__SupFanMtr/NE-HVAC-FanBelt-CoggedVBelt-Msr/instance-out.sql,158472.76,1620.2,38621.57,34352.14,0.0,22443.33,0.0,53803.65,3.36,0.0,0.0,0.0,7628.5,0.0,0.0,1620.20,38621.57,0.00,0.00,22191.36,251.97
CZ08/Mtl&0&rDXHP&New&HV_AirDist__SupFanMtr/NE-HVAC-FanBelt-SynchVBelt-Msr/instance-out.sql,156788.26,1662.15,38406.52,34352.14,0.0,22443.33,0.0,52292.26,3.36,0.0,0.0,0.0,7628.5,0.0,0.0,1662.15,38406.52,0.00,0.00,22191.36,251.97
CZ08/Nrs&0&rDXHP&New&HV_AirDist__SupFanMtr/NE-HVAC-FanBelt-VBelt-Std/instance-out.sql,806945.23,11635.02,112135.76,103109.51,0.0,347425.87,0.0,125070.27,29.88,0.0,0.0,0.0,107538.91,0.0,0.0,1853.13,112135.76,9781.89,0.00,281574.59,65851.28
CZ08/Nrs&0&rDXHP&New&HV_AirDist__SupFanMtr/NE-HVAC-FanBelt-CoggedVBelt-Msr/instance-out.sql,805148.0599999999,11696.289999999999,111898.3,103109.51,0.0,347425.87,0.0,123456.37,29.96,0.0,0.0,0.0,107531.77,0.0,0.0,1879.22,111898.30,9817.07,0.00,281574.59,65851.28
CZ08/Nrs&0&rDXHP&New&HV_AirDist__SupFanMtr/NE-HVAC-FanBelt-SynchVBelt-Msr/instance-out.sql,802503.84,11731.38,111548.32,103109.51,0.0,347425.87,0.0,121134.72,29.99,0.0,0.0,0.0,107524.06,0.0,0.0,1916.98,111548.32,9814.40,0.00,281574.59,65851.28
CZ08/OfL&0&rDXHP&New&HV_AirDist__SupFanMtr/NE-HVAC-FanBelt-VBelt-Std/instance-out.sql,2137094.62,9842.02,360767.82,239041.7,0.0,829334.66,0.0,586138.36,2932.91,0.0,0.0,0.0,109037.15,0.0,0.0,1433.70,360767.82,8408.32,0.00,829334.66,0.00
CZ08/OfL&0&rDXHP&New&HV_AirDist__SupFanMtr/NE-HVAC-FanBelt-CoggedVBelt-Msr/instance-out.sql,2125075.2800000003,9890.220000000001,359310.62,239041.7,0.0,829334.66,0.0,575527.81,2933.02,0.0,0.0,0.0,109037.25,0.0,0.0,1479.77,359310.62,8410.45,0.00,829334.66,0.00
CZ08/OfL&0&rDXHP&New&HV_AirDist__SupFanMtr/NE-HVAC-FanBelt-SynchVBelt-Msr/instance-out.sql,2107898.1799999997,9957.44,357232.16,239041.7,0.0,829334.66,0.0,560362.04,2933.02,0.0,0.0,0.0,109037.15,0.0,0.0,1548.58,357232.16,8408.86,0.00,829334.66,0.00
CZ08/OfS&0&rDXHP&New&HV_AirDist__SupFanMtr/NE-HVAC-FanBelt-VBelt-Std/instance-out.sql,112193.94,406.94,15962.5,12106.19,0.0,29387.4,0.0,33898.69,1.13,0.0,0.0,0.0,20431.08,0.0,0.0,406.94,15962.50,0.00,0.00,29387.40,0.00
CZ08/OfS&0&rDXHP&New&HV_AirDist__SupFanMtr/NE-HVAC-FanBelt-CoggedVBelt-Msr/instance-out.sql,111452.26,418.4,15874.11,12106.19,0.0,29387.4,0.0,33233.94,1.13,0.0,0.0,0.0,20431.08,0.0,0.0,418.40,15874.11,0.00,0.00,29387.40,0.00
CZ08/OfS&0&rDXHP&New&HV_AirDist__SupFanMtr/NE-HVAC-FanBelt-SynchVBelt-Msr/instance-out.sql,110393.58,435.24,15748.15,12106.19,0.0,29387.4,0.0,32284.39,1.13,0.0,0.0,0.0,20431.08,0.0,0.0,435.24,15748.15,0.00,0.00,29387.40,0.00
CZ08/RFF&0&rDXHP&New&HV_AirDist__SupFanMtr/NE-HVAC-FanBelt-VBelt-Std/instance-out.sql,99930.04,513.72,12192.94,6626.33,0.0,37903.17,0.0,18876.09,3.37,0.0,0.0,0.0,23814.42,0.0,0.0,496.26,12192.94,17.46,0.00,18423.46,19479.71
CZ08/RFF&0&rDXHP&New&HV_AirDist__SupFanMtr/NE-HVAC-FanBelt-CoggedVBelt-Msr/instance-out.sql,99674.28,522.58,12162.87,6626.33,0.0,37903.17,0.0,18641.53,3.37,0.0,0.0,0.0,23814.42,0.0,0.0,505.10,12162.87,17.48,0.00,18423.46,19479.71
CZ08/RFF&0&rDXHP&New&HV_AirDist__SupFanMtr/NE-HVAC-FanBelt-SynchVBelt-Msr/instance-out.sql,99309.28,535.4499999999999,12120.08,6626.33,0.0,37903.17,0.0,18306.45,3.37,0.0,0.0,0.0,23814.42,0.0,0.0,517.92,12120.08,17.53,0.00,18423.46,19479.71
CZ08/RSD&0&rDXHP&New&HV_AirDist__SupFanMtr/NE-HVAC-FanBelt-VBelt-Std/instance-out.sql,217523.65000000002,12888.89,26369.06,16225.45,0.0,76546.73,0.0,25432.36,9.08,0.0,0.0,0.0,60052.09,0.0,0.0,231.51,26369.06,12657.38,0.00,37475.60,39071.13
CZ08/RSD&0&rDXHP&New&HV_AirDist__SupFanMtr/NE-HVAC-FanBelt-CoggedVBelt-Msr/instance-out.sql,217405.41999999998,12894.01,26353.89,16225.45,0.0,76546.73,0.0,25324.18,9.08,0.0,0.0,0.0,60052.09,0.0,0.0,235.15,26353.89,12658.86,0.00,37475.60,39071.13
CZ08/RSD&0&rDXHP&New&HV_AirDist__SupFanMtr/NE-HVAC-FanBelt-SynchVBelt-Msr/instance-out.sql,217236.15,12901.1,26332.25,16225.45,0.0,76546.73,0.0,25169.45,9.08,0.0,0.0,0.0,60052.09,0.0,0.0,240.42,26332.25,12660.68,0.00,37475.60,39071.13
CZ08/Rt3&0&rDXHP&New&HV_AirDist__SupFanMtr/NE-HVAC-FanBelt-VBelt-Std/instance-out.sql,1827285.21,10048.43,281344.89,394371.6,0.0,436362.0,0.0,548303.5,3.38,0.0,0.0,0.0,156851.41,0.0,0.0,8599.04,281344.89,1449.39,0.00,436362.00,0.00
CZ08/Rt3&0&rDXHP&New&HV_AirDist__SupFanMtr/NE-HVAC-FanBelt-CoggedVBelt-Msr/instance-out.sql,1815597.0699999998,10262.7,279850.74,394371.6,0.0,436362.0,0.0,537895.23,3.38,0.0,0.0,0.0,156851.41,0.0,0.0,8807.68,279850.74,1455.02,0.00,436362.00,0.00
CZ08/Rt3&0&rDXHP&New&HV_AirDist__SupFanMtr/NE-HVAC-FanBelt-SynchVBelt-Msr/instance-out.sql,1798789.47,10492.23,277724.77,394371.6,0.0,436362.0,0.0,522984.08,3.38,0.0,0.0,0.0,156851.41,0.0,0.0,9038.05,277724.77,1454.18,0.00,436362.00,0.00
CZ08/RtL&0&rDXHP&New&HV_AirDist__SupFanMtr/NE-HVAC-FanBelt-VBelt-Std/instance-out.sql,1692101.1199999999,1983.16,240086.16,395231.18,0.0,509200.67,0.0,430019.53,3.39,0.0,0.0,0.0,115577.02,0.0,0.0,1983.16,240086.16,0.00,0.00,468847.72,40352.95
CZ08/RtL&0&rDXHP&New&HV_AirDist__SupFanMtr/NE-HVAC-FanBelt-CoggedVBelt-Msr/instance-out.sql,1682663.92,2057.28,238822.63,395231.18,0.0,509200.67,0.0,421771.75,3.39,0.0,0.0,0.0,115577.02,0.0,0.0,2057.28,238822.63,0.00,0.00,468847.72,40352.95
CZ08/RtL&0&rDXHP&New&HV_AirDist__SupFanMtr/NE-HVAC-FanBelt-SynchVBelt-Msr/instance-out.sql,1669191.53,2164.94,237025.13,395231.18,0.0,509200.67,0.0,409989.21,3.39,0.0,0.0,0.0,115577.02,0.0,0.0,2164.94,237025.13,0.00,0.00,468847.72,40352.95
CZ08/RtS&0&rDXHP&New&HV_AirDist__SupFanMtr/NE-HVAC-FanBelt-VBelt-Std/instance-out.sql,117424.53,1436.17,19026.56,23251.32,0.0,24440.79,0.0,34498.12,3.36,0.0,0.0,0.0,14768.21,0.0,0.0,1436.17,19026.56,0.00,0.00,24440.79,0.00
CZ08/RtS&0&rDXHP&New&HV_AirDist__SupFanMtr/NE-HVAC-FanBelt-CoggedVBelt-Msr/instance-out.sql,116673.15,1458.41,18929.37,23251.32,0.0,24440.79,0.0,33821.68,3.36,0.0,0.0,0.0,14768.21,0.0,0.0,1458.41,18929.37,0.00,0.00,24440.79,0.00
CZ08/RtS&0&rDXHP&New&HV_AirDist__SupFanMtr/NE-HVAC-FanBelt-SynchVBelt-Msr/instance-out.sql,115600.65,1490.58,18790.89,23251.32,0.0,24440.79,0.0,32855.49,3.36,0.0,0.0,0.0,14768.21,0.0,0.0,1490.58,18790.89,0.00,0.00,24440.79,0.00
CZ08/SCn&0&rDXHP&New&HV_AirDist__SupFanMtr/NE-HVAC-FanBelt-VBelt-Std/instance-out.sql,2555214.23,43838.81,368566.08,571539.04,0.0,449066.39,0.0,1044713.06,3.36,0.0,0.0,0.0,77487.5,0.0,0.0,43838.81,368566.08,0.00,0.00,449066.39,0.00
CZ08/SCn&0&rDXHP&New&HV_AirDist__SupFanMtr/NE-HVAC-FanBelt-CoggedVBelt-Msr/instance-out.sql,2533152.08,44834.42,365992.88,571539.04,0.0,449066.39,0.0,1024228.49,3.36,0.0,0.0,0.0,77487.5,0.0,0.0,44834.42,365992.88,0.00,0.00,449066.39,0.00
CZ08/SCn&0&rDXHP&New&HV_AirDist__SupFanMtr/NE-HVAC-FanBelt-SynchVBelt-Msr/instance-out.sql,2501658.65,46275.97,362321.57,571539.04,0.0,449066.39,0.0,994964.81,3.36,0.0,0.0,0.0,77487.5,0.0,0.0,46275.97,362321.57,0.00,0.00,449066.39,0.00
CZ09/Asm&0&rDXHP&New&HV_AirDist__SupFanMtr/NE-HVAC-FanBelt-VBelt-Std/instance-out.sql,583743.39,19403.14,131841.96,76844.55,0.0,145823.51,0.0,188705.81,3.36,0.0,0.0,0.0,21121.05,0.0,0.0,19403.14,131841.96,0.00,0.00,145823.51,0.00
CZ09/Asm&0&rDXHP&New&HV_AirDist__SupFanMtr/NE-HVAC-FanBelt-CoggedVBelt-Msr/instance-out.sql,579660.3400000001,19585.92,131276.25,76844.55,0.0,145823.51,0.0,185005.7,3.36,0.0,0.0,0.0,21121.05,0.0,0.0,19585.92,131276.25,0.00,0.00,145823.51,0.00
CZ09/Asm&0&rDXHP&New&HV_AirDist__SupFanMtr/NE-HVAC-FanBelt-SynchVBelt-Msr/instance-out.sql,573833.27,19849.66,130471.31,76844.55,0.0,145823.51,0.0,179719.82,3.36,0.0,0.0,0.0,21121.05,0.0,0.0,19849.66,130471.31,0.00,0.00,145823.51,0.00
CZ09/ECC&0&rDXHP&New&HV_AirDist__SupFanMtr/NE-HVAC-FanBelt-VBelt-Std/instance-out.sql,2438695.81,11153.08,333338.75,167224.54,0.0,1013813.91,0.0,504938.31,889.09,0.0,0.0,0.0,407338.13,0.0,0.0,10862.60,333338.75,290.48,0.00,945189.93,68623.98
CZ09/ECC&0&rDXHP&New&HV_AirDist__SupFanMtr/NE-HVAC-FanBelt-CoggedVBelt-Msr/instance-out.sql,2429021.63,11321.27,331997.06,167224.54,0.0,1013813.91,0.0,496436.87,889.01,0.0,0.0,0.0,407338.96,0.0,0.0,11033.78,331997.06,287.49,0.00,945189.93,68623.98
CZ09/ECC&0&rDXHP&New&HV_AirDist__SupFanMtr/NE-HVAC-FanBelt-SynchVBelt-Msr/instance-out.sql,2415368.3,11581.849999999999,330092.65,167224.54,0.0,1013813.91,0.0,484428.68,888.8,0.0,0.0,0.0,407337.85,0.0,0.0,11290.80,330092.65,291.05,0.00,945189.93,68623.98
CZ09/EPr&0&rDXHP&New&HV_AirDist__SupFanMtr/NE-HVAC-FanBelt-VBelt-Std/instance-out.sql,349233.05,2466.58,50064.48,30835.78,0.0,125897.03,0.0,61761.96,3.37,0.0,0.0,0.0,78203.84,0.0,0.0,2466.58,50064.48,0.00,0.00,83226.75,42670.28
CZ09/EPr&0&rDXHP&New&HV_AirDist__SupFanMtr/NE-HVAC-FanBelt-CoggedVBelt-Msr/instance-out.sql,348067.68,2498.75,49886.54,30835.78,0.0,125897.03,0.0,60742.37,3.37,0.0,0.0,0.0,78203.84,0.0,0.0,2498.75,49886.54,0.00,0.00,83226.75,42670.28
CZ09/EPr&0&rDXHP&New&HV_AirDist__SupFanMtr/NE-HVAC-FanBelt-SynchVBelt-Msr/instance-out.sql,346404.57999999996,2545.17,49633.42,30835.78,0.0,125897.03,0.0,59285.98,3.37,0.0,0.0,0.0,78203.84,0.0,0.0,2545.17,49633.42,0.00,0.00,83226.75,42670.28
CZ09/ERC&0&rDXHP&New&HV_AirDist__SupFanMtr/NE-HVAC-FanBelt-VBelt-Std/instance-out.sql,16786.58,177.75,1592.3,1016.35,0.0,2196.82,0.0,2784.25,3.36,0.0,0.0,0.0,9015.76,0.0,0.0,177.75,1592.30,0.00,0.00,2196.82,0.00
CZ09/ERC&0&rDXHP&New&HV_AirDist__SupFanMtr/NE-HVAC-FanBelt-CoggedVBelt-Msr/instance-out.sql,16727.52,180.05,1584.48,1016.35,0.0,2196.82,0.0,2730.72,3.36,0.0,0.0,0.0,9015.75,0.0,0.0,180.05,1584.48,0.00,0.00,2196.82,0.00
CZ09/ERC&0&rDXHP&New&HV_AirDist__SupFanMtr/NE-HVAC-FanBelt-SynchVBelt-Msr/instance-out.sql,16642.96,183.37,1573.35,1016.35,0.0,2196.82,0.0,2653.96,3.36,0.0,0.0,0.0,9015.76,0.0,0.0,183.37,1573.35,0.00,0.00,2196.82,0.00
CZ09/ESe&0&rDXHP&New&HV_AirDist__SupFanMtr/NE-HVAC-FanBelt-VBelt-Std/instance-out.sql,1077155.67,68557.65,153568.77,94750.45,0.0,323176.74,0.0,223945.98,3.39,0.0,0.0,0.0,213152.68,0.0,0.0,2229.47,153568.77,66328.18,0.00,259085.82,64090.92
CZ09/ESe&0&rDXHP&New&HV_AirDist__SupFanMtr/NE-HVAC-FanBelt-CoggedVBelt-Msr/instance-out.sql,1075582.93,68594.86,153346.12,94750.45,0.0,323176.74,0.0,222558.68,3.39,0.0,0.0,0.0,213152.69,0.0,0.0,2263.91,153346.12,66330.95,0.00,259085.82,64090.92
CZ09/ESe&0&rDXHP&New&HV_AirDist__SupFanMtr/NE-HVAC-FanBelt-SynchVBelt-Msr/instance-out.sql,1073343.76,68650.75,153029.65,94750.45,0.0,323176.74,0.0,220580.1,3.39,0.0,0.0,0.0,213152.68,0.0,0.0,2313.60,153029.65,66337.15,0.00,259085.82,64090.92
CZ09/EUn&0&rDXHP&New&HV_AirDist__SupFanMtr/NE-HVAC-FanBelt-VBelt-Std/instance-out.sql,7509899.79,18203.95,958995.4,644388.1,0.0,3682881.23,0.0,1517015.48,3.37,0.0,0.0,0.0,688412.26,0.0,0.0,18200.43,958995.40,3.52,0.00,3555459.15,127422.08
CZ09/EUn&0&rDXHP&New&HV_AirDist__SupFanMtr/NE-HVAC-FanBelt-CoggedVBelt-Msr/instance-out.sql,7482716.58,18560.920000000002,955487.72,644388.1,0.0,3682881.23,0.0,1492982.99,3.37,0.0,0.0,0.0,688412.26,0.0,0.0,18557.38,955487.72,3.54,0.00,3555459.15,127422.08
CZ09/EUn&0&rDXHP&New&HV_AirDist__SupFanMtr/NE-HVAC-FanBelt-SynchVBelt-Msr/instance-out.sql,7443918.53,19081.18,950495.18,644388.1,0.0,3682881.23,0.0,1458657.19,3.37,0.0,0.0,0.0,688412.27,0.0,0.0,19077.62,950495.18,3.56,0.00,3555459.15,127422.08
CZ09/Hsp&0&rDXHP&New&HV_AirDist__SupFanMtr/NE-HVAC-FanBelt-VBelt-Std/instance-out.sql,3750039.6799999997,201786.41,914894.62,625795.42,0.0,1182847.3,0.0,545851.82,38655.0,0.0,0.0,0.0,240209.1,0.0,0.0,4249.93,914894.62,197536.48,0.00,1139112.10,43735.20
CZ09/Hsp&0&rDXHP&New&HV_AirDist__SupFanMtr/NE-HVAC-FanBelt-CoggedVBelt-Msr/instance-out.sql,3743809.6700000004,202067.93,914135.24,625795.42,0.0,1182847.3,0.0,540101.21,38652.78,0.0,0.0,0.0,240209.79,0.0,0.0,4349.75,914135.24,197718.18,0.00,1139112.10,43735.20
CZ09/Hsp&0&rDXHP&New&HV_AirDist__SupFanMtr/NE-HVAC-FanBelt-SynchVBelt-Msr/instance-out.sql,3734802.5,202327.34,913087.04,625795.42,0.0,1182847.3,0.0,531882.43,38652.72,0.0,0.0,0.0,240210.26,0.0,0.0,4476.93,913087.04,197850.41,0.00,1139112.10,43735.20
CZ09/MBT&0&rDXHP&New&HV_AirDist__SupFanMtr/NE-HVAC-FanBelt-VBelt-Std/instance-out.sql,5409114.33,1301152.7100000002,425918.41,438466.02,0.0,2167645.51,0.0,915922.33,557.19,0.0,0.0,0.0,159452.17,0.0,0.0,6714.84,425918.41,1294437.87,0.00,1394057.91,773587.60
CZ09/MBT&0&rDXHP&New&HV_AirDist__SupFanMtr/NE-HVAC-FanBelt-CoggedVBelt-Msr/instance-out.sql,5403503.68,1301347.47,425218.14,438466.02,0.0,2167645.51,0.0,910817.18,557.19,0.0,0.0,0.0,159452.17,0.0,0.0,6834.84,425218.14,1294512.63,0.00,1394057.91,773587.60
CZ09/MBT&0&rDXHP&New&HV_AirDist__SupFanMtr/NE-HVAC-FanBelt-SynchVBelt-Msr/instance-out.sql,5395494.66,1301630.06,424219.59,438466.02,0.0,2167645.51,0.0,903524.11,557.19,0.0,0.0,0.0,159452.17,0.0,0.0,7009.27,424219.59,1294620.79,0.00,1394057.91,773587.60
CZ09/MLI&0&rDXHP&New&HV_AirDist__SupFanMtr/NE-HVAC-FanBelt-VBelt-Std/instance-out.sql,902637.39,7027.74,123612.58,153603.74,0.0,239893.0,0.0,333703.93,3.37,0.0,0.0,0.0,44793.03,0.0,0.0,7027.74,123612.58,0.00,0.00,239893.00,0.00
CZ09/MLI&0&rDXHP&New&HV_AirDist__SupFanMtr/NE-HVAC-FanBelt-CoggedVBelt-Msr/instance-out.sql,895480.36,7206.15,122820.35,153603.74,0.0,239893.0,0.0,327160.72,3.37,0.0,0.0,0.0,44793.03,0.0,0.0,7206.15,122820.35,0.00,0.00,239893.00,0.00
CZ09/MLI&0&rDXHP&New&HV_AirDist__SupFanMtr/NE-HVAC-FanBelt-SynchVBelt-Msr/instance-out.sql,885265.29,7468.3,121690.58,153603.74,0.0,239893.0,0.0,317813.27,3.37,0.0,0.0,0.0,44793.03,0.0,0.0,7468.30,121690.58,0.00,0.00,239893.00,0.00
CZ09/Mtl&0&rDXHP&New&HV_AirDist__SupFanMtr/NE-HVAC-FanBelt-VBelt-Std/instance-out.sql,162167.27000000002,1911.9299999999998,39514.06,34352.14,0.0,22443.33,0.0,56304.71,3.36,0.0,0.0,0.0,7637.74,0.0,0.0,1911.35,39514.06,0.58,0.00,22191.36,251.97
CZ09/Mtl&0&rDXHP&New&HV_AirDist__SupFanMtr/NE-HVAC-FanBelt-CoggedVBelt-Msr/instance-out.sql,160964.74000000002,1945.29,39364.61,34352.14,0.0,22443.33,0.0,55218.25,3.36,0.0,0.0,0.0,7637.74,0.0,0.0,1944.71,39364.61,0.58,0.00,22191.36,251.97
CZ09/Mtl&0&rDXHP&New&HV_AirDist__SupFanMtr/NE-HVAC-FanBelt-SynchVBelt-Msr/instance-out.sql,159247.63999999998,1993.72,39151.15,34352.14,0.0,22443.33,0.0,53666.18,3.36,0.0,0.0,0.0,7637.74,0.0,0.0,1993.14,39151.15,0.58,0.00,22191.36,251.97
CZ09/Nrs&0&rDXHP&New&HV_AirDist__SupFanMtr/NE-HVAC-FanBelt-VBelt-Std/instance-out.sql,801929.03,9388.88,107713.43,103109.51,0.0,347425.87,0.0,125824.2,29.2,0.0,0.0,0.0,108437.94,0.0,0.0,2015.34,107713.43,7373.54,0.00,281574.59,65851.28
CZ09/Nrs&0&rDXHP&New&HV_AirDist__SupFanMtr/NE-HVAC-FanBelt-CoggedVBelt-Msr/instance-out.sql,800069.08,9426.8,107469.96,103109.51,0.0,347425.87,0.0,124187.2,29.32,0.0,0.0,0.0,108420.43,0.0,0.0,2042.90,107469.96,7383.90,0.00,281574.59,65851.28
CZ09/Nrs&0&rDXHP&New&HV_AirDist__SupFanMtr/NE-HVAC-FanBelt-SynchVBelt-Msr/instance-out.sql,797489.4,9481.49,107145.11,103109.51,0.0,347425.87,0.0,121853.85,29.28,0.0,0.0,0.0,108444.31,0.0,0.0,2083.49,107145.11,7398.00,0.00,281574.59,65851.28
CZ09/OfL&0&rDXHP&New&HV_AirDist__SupFanMtr/NE-HVAC-FanBelt-VBelt-Std/instance-out.sql,2140554.84,12787.619999999999,354423.21,239041.7,0.0,829334.66,0.0,592322.29,2804.5,0.0,0.0,0.0,109840.85,0.0,0.0,2274.95,354423.21,10512.67,0.00,829334.66,0.00
CZ09/OfL&0&rDXHP&New&HV_AirDist__SupFanMtr/NE-HVAC-FanBelt-CoggedVBelt-Msr/instance-out.sql,2128498.2800000003,12852.170000000002,353024.1,239041.7,0.0,829334.66,0.0,581599.25,2804.5,0.0,0.0,0.0,109841.89,0.0,0.0,2341.88,353024.10,10510.29,0.00,829334.66,0.00
CZ09/OfL&0&rDXHP&New&HV_AirDist__SupFanMtr/NE-HVAC-FanBelt-SynchVBelt-Msr/instance-out.sql,2111285.5700000003,12953.44,351027.56,239041.7,0.0,829334.66,0.0,566281.89,2804.5,0.0,0.0,0.0,109841.82,0.0,0.0,2441.77,351027.56,10511.67,0.00,829334.66,0.00
CZ09/OfS&0&rDXHP&New&HV_AirDist__SupFanMtr/NE-HVAC-FanBelt-VBelt-Std/instance-out.sql,110722.54000000001,490.33,15266.37,12106.19,0.0,29387.4,0.0,32912.79,1.13,0.0,0.0,0.0,20558.33,0.0,0.0,490.33,15266.37,0.00,0.00,29387.40,0.00
CZ09/OfS&0&rDXHP&New&HV_AirDist__SupFanMtr/NE-HVAC-FanBelt-CoggedVBelt-Msr/instance-out.sql,110006.48,502.91,15182.98,12106.19,0.0,29387.4,0.0,32267.54,1.13,0.0,0.0,0.0,20558.33,0.0,0.0,502.91,15182.98,0.00,0.00,29387.40,0.00
CZ09/OfS&0&rDXHP&New&HV_AirDist__SupFanMtr/NE-HVAC-FanBelt-SynchVBelt-Msr/instance-out.sql,108983.68000000001,521.24,15063.93,12106.19,0.0,29387.4,0.0,31345.45,1.13,0.0,0.0,0.0,20558.33,0.0,0.0,521.24,15063.93,0.00,0.00,29387.40,0.00
CZ09/RFF&0&rDXHP&New&HV_AirDist__SupFanMtr/NE-HVAC-FanBelt-VBelt-Std/instance-out.sql,100930.86,700.42,12262.3,6626.33,0.0,37903.17,0.0,19479.83,3.37,0.0,0.0,0.0,23955.42,0.0,0.0,648.78,12262.30,51.64,0.00,18423.46,19479.71
CZ09/RFF&0&rDXHP&New&HV_AirDist__SupFanMtr/NE-HVAC-FanBelt-CoggedVBelt-Msr/instance-out.sql,100671.14,711.0799999999999,12232.92,6626.33,0.0,37903.17,0.0,19238.82,3.37,0.0,0.0,0.0,23955.42,0.0,0.0,659.40,12232.92,51.68,0.00,18423.46,19479.71
CZ09/RFF&0&rDXHP&New&HV_AirDist__SupFanMtr/NE-HVAC-FanBelt-SynchVBelt-Msr/instance-out.sql,100300.51999999999,726.57,12191.1,6626.33,0.0,37903.17,0.0,18894.53,3.37,0.0,0.0,0.0,23955.42,0.0,0.0,674.83,12191.10,51.74,0.00,18423.46,19479.71
CZ09/RSD&0&rDXHP&New&HV_AirDist__SupFanMtr/NE-HVAC-FanBelt-VBelt-Std/instance-out.sql,219889.21,14218.1,26315.5,16225.45,0.0,76546.73,0.0,26097.23,9.73,0.0,0.0,0.0,60476.48,0.0,0.0,270.86,26315.50,13947.24,0.00,37475.60,39071.13
CZ09/RSD&0&rDXHP&New&HV_AirDist__SupFanMtr/NE-HVAC-FanBelt-CoggedVBelt-Msr/instance-out.sql,219776.62,14223.109999999999,26301.89,16225.45,0.0,76546.73,0.0,25993.23,9.73,0.0,0.0,0.0,60476.48,0.0,0.0,274.80,26301.89,13948.31,0.00,37475.60,39071.13
CZ09/RSD&0&rDXHP&New&HV_AirDist__SupFanMtr/NE-HVAC-FanBelt-SynchVBelt-Msr/instance-out.sql,219616.02000000002,14230.41,26282.56,16225.45,0.0,76546.73,0.0,25844.67,9.73,0.0,0.0,0.0,60476.48,0.0,0.0,280.52,26282.56,13949.89,0.00,37475.60,39071.13
CZ09/Rt3&0&rDXHP&New&HV_AirDist__SupFanMtr/NE-HVAC-FanBelt-VBelt-Std/instance-out.sql,1862267.1400000001,14545.89,289589.96,394371.6,0.0,436362.0,0.0,569366.38,3.38,0.0,0.0,0.0,158027.93,0.0,0.0,12528.18,289589.96,2017.71,0.00,436362.00,0.00
CZ09/Rt3&0&rDXHP&New&HV_AirDist__SupFanMtr/NE-HVAC-FanBelt-CoggedVBelt-Msr/instance-out.sql,1850247.9000000001,14801.740000000002,288121.27,394371.6,0.0,436362.0,0.0,558559.97,3.38,0.0,0.0,0.0,158027.92,0.0,0.0,12781.62,288121.27,2020.12,0.00,436362.00,0.00
CZ09/Rt3&0&rDXHP&New&HV_AirDist__SupFanMtr/NE-HVAC-FanBelt-SynchVBelt-Msr/instance-out.sql,1833100.96,15176.289999999999,286027.85,394371.6,0.0,436362.0,0.0,543131.91,3.38,0.0,0.0,0.0,158027.92,0.0,0.0,13152.73,286027.85,2023.56,0.00,436362.00,0.00
CZ09/RtL&0&rDXHP&New&HV_AirDist__SupFanMtr/NE-HVAC-FanBelt-VBelt-Std/instance-out.sql,1711148.27,3721.13,245702.18,395231.18,0.0,509200.67,0.0,440856.21,3.39,0.0,0.0,0.0,116433.51,0.0,0.0,3721.13,245702.18,0.00,0.00,468847.72,40352.95
CZ09/RtL&0&rDXHP&New&HV_AirDist__SupFanMtr/NE-HVAC-FanBelt-CoggedVBelt-Msr/instance-out.sql,1701590.94,3834.35,244487.22,395231.18,0.0,509200.67,0.0,432400.63,3.39,0.0,0.0,0.0,116433.52,0.0,0.0,3834.35,244487.22,0.00,0.00,468847.72,40352.95
CZ09/RtL&0&rDXHP&New&HV_AirDist__SupFanMtr/NE-HVAC-FanBelt-SynchVBelt-Msr/instance-out.sql,1687929.8699999999,3983.55,242756.35,395231.18,0.0,509200.67,0.0,420321.22,3.39,0.0,0.0,0.0,116433.51,0.0,0.0,3983.55,242756.35,0.00,0.00,468847.72,40352.95
CZ09/RtS&0&rDXHP&New&HV_AirDist__SupFanMtr/NE-HVAC-FanBelt-VBelt-Std/instance-out.sql,119102.82999999999,1887.56,19294.93,23251.32,0.0,24440.79,0.0,35388.57,3.36,0.0,0.0,0.0,14836.29,0.0,0.0,1887.56,19294.93,0.00,0.00,24440.79,0.00
CZ09/RtS&0&rDXHP&New&HV_AirDist__SupFanMtr/NE-HVAC-FanBelt-CoggedVBelt-Msr/instance-out.sql,118341.73000000001,1914.29,19200.68,23251.32,0.0,24440.79,0.0,34695.0,3.36,0.0,0.0,0.0,14836.29,0.0,0.0,1914.29,19200.68,0.00,0.00,24440.79,0.00
CZ09/RtS&0&rDXHP&New&HV_AirDist__SupFanMtr/NE-HVAC-FanBelt-SynchVBelt-Msr/instance-out.sql,117256.12,1953.19,19066.33,23251.32,0.0,24440.79,0.0,33704.83,3.36,0.0,0.0,0.0,14836.29,0.0,0.0,1953.19,19066.33,0.00,0.00,24440.79,0.00
CZ09/SCn&0&rDXHP&New&HV_AirDist__SupFanMtr/NE-HVAC-FanBelt-VBelt-Std/instance-out.sql,2627622.48,63337.86,394034.67,571539.04,0.0,449066.39,0.0,1071593.76,3.36,0.0,0.0,0.0,78047.41,0.0,0.0,63337.86,394034.67,0.00,0.00,449066.39,0.00
CZ09/SCn&0&rDXHP&New&HV_AirDist__SupFanMtr/NE-HVAC-FanBelt-CoggedVBelt-Msr/instance-out.sql,2605085.5300000003,64474.64,391372.58,571539.04,0.0,449066.39,0.0,1050582.12,3.36,0.0,0.0,0.0,78047.41,0.0,0.0,64474.64,391372.58,0.00,0.00,449066.39,0.00
CZ09/SCn&0&rDXHP&New&HV_AirDist__SupFanMtr/NE-HVAC-FanBelt-SynchVBelt-Msr/instance-out.sql,2572909.91,66115.88,387572.35,571539.04,0.0,449066.39,0.0,1020565.48,3.36,0.0,0.0,0.0,78047.41,0.0,0.0,66115.88,387572.35,0.00,0.00,449066.39,0.00
CZ10/Asm&0&rDXHP&New&HV_AirDist__SupFanMtr/NE-HVAC-FanBelt-VBelt-Std/instance-out.sql,613912.9,20892.08,159342.36,76844.55,0.0,145823.51,0.0,190089.45,3.36,0.0,0.0,0.0,20917.6,0.0,0.0,20892.08,159342.36,0.00,0.00,145823.51,0.00
CZ10/Asm&0&rDXHP&New&HV_AirDist__SupFanMtr/NE-HVAC-FanBelt-CoggedVBelt-Msr/instance-out.sql,609782.92,21079.65,158752.04,76844.55,0.0,145823.51,0.0,186362.2,3.36,0.0,0.0,0.0,20917.61,0.0,0.0,21079.65,158752.04,0.00,0.00,145823.51,0.00
CZ10/Asm&0&rDXHP&New&HV_AirDist__SupFanMtr/NE-HVAC-FanBelt-SynchVBelt-Msr/instance-out.sql,603888.37,21350.38,157911.4,76844.55,0.0,145823.51,0.0,181037.57,3.36,0.0,0.0,0.0,20917.6,0.0,0.0,21350.38,157911.40,0.00,0.00,145823.51,0.00
CZ10/ECC&0&rDXHP&New&HV_AirDist__SupFanMtr/NE-HVAC-FanBelt-VBelt-Std/instance-out.sql,2494499.0,12560.470000000001,386564.21,167224.54,0.0,1013813.91,0.0,512029.12,897.82,0.0,0.0,0.0,401408.92,0.0,0.0,12280.70,386564.21,279.77,0.00,945189.93,68623.98
CZ10/ECC&0&rDXHP&New&HV_AirDist__SupFanMtr/NE-HVAC-FanBelt-CoggedVBelt-Msr/instance-out.sql,2484727.14,12753.97,385103.89,167224.54,0.0,1013813.91,0.0,503526.03,897.51,0.0,0.0,0.0,401407.29,0.0,0.0,12471.84,385103.89,282.13,0.00,945189.93,68623.98
CZ10/ECC&0&rDXHP&New&HV_AirDist__SupFanMtr/NE-HVAC-FanBelt-SynchVBelt-Msr/instance-out.sql,2470733.94,13028.23,383030.06,167224.54,0.0,1013813.91,0.0,491332.03,897.58,0.0,0.0,0.0,401407.59,0.0,0.0,12743.83,383030.06,284.40,0.00,945189.93,68623.98
CZ10/EPr&0&rDXHP&New&HV_AirDist__SupFanMtr/NE-HVAC-FanBelt-VBelt-Std/instance-out.sql,357502.07,2813.62,58198.91,30835.78,0.0,125897.03,0.0,62623.17,3.37,0.0,0.0,0.0,77130.18,0.0,0.0,2813.62,58198.91,0.00,0.00,83226.75,42670.28
CZ10/EPr&0&rDXHP&New&HV_AirDist__SupFanMtr/NE-HVAC-FanBelt-CoggedVBelt-Msr/instance-out.sql,356311.7,2848.05,58009.17,30835.78,0.0,125897.03,0.0,61588.1,3.37,0.0,0.0,0.0,77130.18,0.0,0.0,2848.05,58009.17,0.00,0.00,83226.75,42670.28
CZ10/EPr&0&rDXHP&New&HV_AirDist__SupFanMtr/NE-HVAC-FanBelt-SynchVBelt-Msr/instance-out.sql,354611.95,2897.52,57738.61,30835.78,0.0,125897.03,0.0,60109.44,3.37,0.0,0.0,0.0,77130.18,0.0,0.0,2897.52,57738.61,0.00,0.00,83226.75,42670.28
CZ10/ERC&0&rDXHP&New&HV_AirDist__SupFanMtr/NE-HVAC-FanBelt-VBelt-Std/instance-out.sql,17227.949999999997,196.0,1959.97,1016.35,0.0,2196.82,0.0,2878.64,3.36,0.0,0.0,0.0,8976.81,0.0,0.0,196.00,1959.97,0.00,0.00,2196.82,0.00
CZ10/ERC&0&rDXHP&New&HV_AirDist__SupFanMtr/NE-HVAC-FanBelt-CoggedVBelt-Msr/instance-out.sql,17165.47,198.38,1951.19,1016.35,0.0,2196.82,0.0,2822.57,3.36,0.0,0.0,0.0,8976.81,0.0,0.0,198.38,1951.19,0.00,0.00,2196.82,0.00
CZ10/ERC&0&rDXHP&New&HV_AirDist__SupFanMtr/NE-HVAC-FanBelt-SynchVBelt-Msr/instance-out.sql,17077.08,201.84,1938.68,1016.35,0.0,2196.82,0.0,2743.22,3.36,0.0,0.0,0.0,8976.81,0.0,0.0,201.84,1938.68,0.00,0.00,2196.82,0.00
CZ10/ESe&0&rDXHP&New&HV_AirDist__SupFanMtr/NE-HVAC-FanBelt-VBelt-Std/instance-out.sql,1106080.45,70345.63,182962.59,94750.45,0.0,323176.74,0.0,224562.5,3.39,0.0,0.0,0.0,210279.16,0.0,0.0,2468.83,182962.59,67876.80,0.00,259085.82,64090.92
CZ10/ESe&0&rDXHP&New&HV_AirDist__SupFanMtr/NE-HVAC-FanBelt-CoggedVBelt-Msr/instance-out.sql,1104462.36,70388.61,182721.33,94750.45,0.0,323176.74,0.0,223142.68,3.39,0.0,0.0,0.0,210279.16,0.0,0.0,2505.24,182721.33,67883.37,0.00,259085.82,64090.92
CZ10/ESe&0&rDXHP&New&HV_AirDist__SupFanMtr/NE-HVAC-FanBelt-SynchVBelt-Msr/instance-out.sql,1102163.19,70441.61,182377.25,94750.45,0.0,323176.74,0.0,221134.6,3.39,0.0,0.0,0.0,210279.16,0.0,0.0,2557.85,182377.25,67883.76,0.00,259085.82,64090.92
CZ10/EUn&0&rDXHP&New&HV_AirDist__SupFanMtr/NE-HVAC-FanBelt-VBelt-Std/instance-out.sql,7666084.75,20751.09,1103433.21,644388.1,0.0,3682881.23,0.0,1535847.56,3.37,0.0,0.0,0.0,678780.18,0.0,0.0,20750.26,1103433.21,0.83,0.00,3555459.15,127422.08
CZ10/EUn&0&rDXHP&New&HV_AirDist__SupFanMtr/NE-HVAC-FanBelt-CoggedVBelt-Msr/instance-out.sql,7638350.74,21148.469999999998,1099637.44,644388.1,0.0,3682881.23,0.0,1511511.95,3.37,0.0,0.0,0.0,678780.18,0.0,0.0,21147.62,1099637.44,0.85,0.00,3555459.15,127422.08
CZ10/EUn&0&rDXHP&New&HV_AirDist__SupFanMtr/NE-HVAC-FanBelt-SynchVBelt-Msr/instance-out.sql,7598750.5200000005,21727.059999999998,1094223.51,644388.1,0.0,3682881.23,0.0,1476747.07,3.37,0.0,0.0,0.0,678780.2,0.0,0.0,21726.17,1094223.51,0.89,0.00,3555459.15,127422.08
CZ10/Hsp&0&rDXHP&New&HV_AirDist__SupFanMtr/NE-HVAC-FanBelt-VBelt-Std/instance-out.sql,3878974.98,215511.96,1012554.85,625795.42,0.0,1182847.3,0.0,564748.39,40523.26,0.0,0.0,0.0,236993.79,0.0,0.0,4479.80,1012554.85,211032.16,0.00,1139112.10,43735.20
CZ10/Hsp&0&rDXHP&New&HV_AirDist__SupFanMtr/NE-HVAC-FanBelt-CoggedVBelt-Msr/instance-out.sql,3872506.72,215642.97,1011736.62,625795.42,0.0,1182847.3,0.0,558977.4,40512.2,0.0,0.0,0.0,236994.81,0.0,0.0,4572.03,1011736.62,211070.94,0.00,1139112.10,43735.20
CZ10/Hsp&0&rDXHP&New&HV_AirDist__SupFanMtr/NE-HVAC-FanBelt-SynchVBelt-Msr/instance-out.sql,3863478.64,216033.04,1010566.37,625795.42,0.0,1182847.3,0.0,550736.01,40506.73,0.0,0.0,0.0,236993.77,0.0,0.0,4724.72,1010566.37,211308.32,0.00,1139112.10,43735.20
CZ10/MBT&0&rDXHP&New&HV_AirDist__SupFanMtr/NE-HVAC-FanBelt-VBelt-Std/instance-out.sql,5579766.67,1364735.06,530325.21,438466.02,0.0,2167645.51,0.0,920694.66,559.21,0.0,0.0,0.0,157341.0,0.0,0.0,7142.59,530325.21,1357592.47,0.00,1394057.91,773587.60
CZ10/MBT&0&rDXHP&New&HV_AirDist__SupFanMtr/NE-HVAC-FanBelt-CoggedVBelt-Msr/instance-out.sql,5574029.140000001,1364936.51,529564.52,438466.02,0.0,2167645.51,0.0,915516.36,559.21,0.0,0.0,0.0,157341.0,0.0,0.0,7270.92,529564.52,1357665.59,0.00,1394057.91,773587.60
CZ10/MBT&0&rDXHP&New&HV_AirDist__SupFanMtr/NE-HVAC-FanBelt-SynchVBelt-Msr/instance-out.sql,5565836.64,1365229.85,528476.65,438466.02,0.0,2167645.51,0.0,908118.41,559.2,0.0,0.0,0.0,157341.0,0.0,0.0,7457.31,528476.65,1357772.54,0.00,1394057.91,773587.60
CZ10/MLI&0&rDXHP&New&HV_AirDist__SupFanMtr/NE-HVAC-FanBelt-VBelt-Std/instance-out.sql,921351.7200000001,7714.8,143521.43,153603.74,0.0,239893.0,0.0,332362.95,3.37,0.0,0.0,0.0,44252.42,0.0,0.0,7714.80,143521.43,0.00,0.00,239893.00,0.00
CZ10/MLI&0&rDXHP&New&HV_AirDist__SupFanMtr/NE-HVAC-FanBelt-CoggedVBelt-Msr/instance-out.sql,914163.67,7905.39,142659.71,153603.74,0.0,239893.0,0.0,325846.03,3.37,0.0,0.0,0.0,44252.42,0.0,0.0,7905.39,142659.71,0.00,0.00,239893.00,0.00
CZ10/MLI&0&rDXHP&New&HV_AirDist__SupFanMtr/NE-HVAC-FanBelt-SynchVBelt-Msr/instance-out.sql,903904.01,8185.33,141430.0,153603.74,0.0,239893.0,0.0,316536.14,3.37,0.0,0.0,0.0,44252.42,0.0,0.0,8185.33,141430.00,0.00,0.00,239893.00,0.00
CZ10/Mtl&0&rDXHP&New&HV_AirDist__SupFanMtr/NE-HVAC-FanBelt-VBelt-Std/instance-out.sql,167834.9,2084.96,44737.09,34352.14,0.0,22443.33,0.0,56592.09,3.36,0.0,0.0,0.0,7621.92,0.0,0.0,2084.76,44737.09,0.20,0.00,22191.36,251.97
CZ10/Mtl&0&rDXHP&New&HV_AirDist__SupFanMtr/NE-HVAC-FanBelt-CoggedVBelt-Msr/instance-out.sql,166618.61000000002,2120.74,44576.29,34352.14,0.0,22443.33,0.0,55500.81,3.36,0.0,0.0,0.0,7621.92,0.0,0.0,2120.54,44576.29,0.20,0.00,22191.36,251.97
CZ10/Mtl&0&rDXHP&New&HV_AirDist__SupFanMtr/NE-HVAC-FanBelt-SynchVBelt-Msr/instance-out.sql,164881.65,2172.39,44347.63,34352.14,0.0,22443.33,0.0,53940.87,3.36,0.0,0.0,0.0,7621.92,0.0,0.0,2172.18,44347.63,0.21,0.00,22191.36,251.97
CZ10/Nrs&0&rDXHP&New&HV_AirDist__SupFanMtr/NE-HVAC-FanBelt-VBelt-Std/instance-out.sql,820034.91,9319.18,124388.26,103109.51,0.0,347425.87,0.0,128799.37,24.81,0.0,0.0,0.0,106967.91,0.0,0.0,2249.52,124388.26,7069.66,0.00,281574.59,65851.28
CZ10/Nrs&0&rDXHP&New&HV_AirDist__SupFanMtr/NE-HVAC-FanBelt-CoggedVBelt-Msr/instance-out.sql,818123.6799999999,9337.53,124107.48,103109.51,0.0,347425.87,0.0,127138.4,24.76,0.0,0.0,0.0,106980.14,0.0,0.0,2279.22,124107.48,7058.31,0.00,281574.59,65851.28
CZ10/Nrs&0&rDXHP&New&HV_AirDist__SupFanMtr/NE-HVAC-FanBelt-SynchVBelt-Msr/instance-out.sql,815525.5800000001,9394.94,123778.94,103109.51,0.0,347425.87,0.0,124799.8,24.7,0.0,0.0,0.0,106991.83,0.0,0.0,2322.38,123778.94,7072.56,0.00,281574.59,65851.28
CZ10/OfL&0&rDXHP&New&HV_AirDist__SupFanMtr/NE-HVAC-FanBelt-VBelt-Std/instance-out.sql,2213916.98,13789.539999999999,412505.97,239041.7,0.0,829334.66,0.0,607801.11,3036.42,0.0,0.0,0.0,108407.57,0.0,0.0,2472.22,412505.97,11317.32,0.00,829334.66,0.00
CZ10/OfL&0&rDXHP&New&HV_AirDist__SupFanMtr/NE-HVAC-FanBelt-CoggedVBelt-Msr/instance-out.sql,2201427.45,13840.82,410942.07,239041.7,0.0,829334.66,0.0,596824.21,3036.41,0.0,0.0,0.0,108407.57,0.0,0.0,2541.89,410942.07,11298.93,0.00,829334.66,0.00
CZ10/OfL&0&rDXHP&New&HV_AirDist__SupFanMtr/NE-HVAC-FanBelt-SynchVBelt-Msr/instance-out.sql,2183624.2800000003,13943.710000000001,408717.58,239041.7,0.0,829334.66,0.0,581142.46,3036.59,0.0,0.0,0.0,108407.58,0.0,0.0,2645.34,408717.58,11298.37,0.00,829334.66,0.00
CZ10/OfS&0&rDXHP&New&HV_AirDist__SupFanMtr/NE-HVAC-FanBelt-VBelt-Std/instance-out.sql,115252.63,499.31,18504.88,12106.19,0.0,29387.4,0.0,34420.53,1.13,0.0,0.0,0.0,20333.19,0.0,0.0,499.31,18504.88,0.00,0.00,29387.40,0.00
CZ10/OfS&0&rDXHP&New&HV_AirDist__SupFanMtr/NE-HVAC-FanBelt-CoggedVBelt-Msr/instance-out.sql,114495.25,511.91,18409.85,12106.19,0.0,29387.4,0.0,33745.58,1.13,0.0,0.0,0.0,20333.19,0.0,0.0,511.91,18409.85,0.00,0.00,29387.40,0.00
CZ10/OfS&0&rDXHP&New&HV_AirDist__SupFanMtr/NE-HVAC-FanBelt-SynchVBelt-Msr/instance-out.sql,113414.24,530.39,18274.37,12106.19,0.0,29387.4,0.0,32781.56,1.13,0.0,0.0,0.0,20333.19,0.0,0.0,530.39,18274.37,0.00,0.00,29387.40,0.00
CZ10/RFF&0&rDXHP&New&HV_AirDist__SupFanMtr/NE-HVAC-FanBelt-VBelt-Std/instance-out.sql,102689.6,754.11,13869.9,6626.33,0.0,37903.17,0.0,19826.54,3.37,0.0,0.0,0.0,23706.17,0.0,0.0,693.73,13869.90,60.38,0.00,18423.46,19479.71
CZ10/RFF&0&rDXHP&New&HV_AirDist__SupFanMtr/NE-HVAC-FanBelt-CoggedVBelt-Msr/instance-out.sql,102421.79999999999,765.55,13837.3,6626.33,0.0,37903.17,0.0,19579.9,3.37,0.0,0.0,0.0,23706.17,0.0,0.0,705.15,13837.30,60.40,0.00,18423.46,19479.71
CZ10/RFF&0&rDXHP&New&HV_AirDist__SupFanMtr/NE-HVAC-FanBelt-SynchVBelt-Msr/instance-out.sql,102039.54999999999,782.19,13790.75,6626.33,0.0,37903.17,0.0,19227.56,3.37,0.0,0.0,0.0,23706.17,0.0,0.0,721.72,13790.75,60.47,0.00,18423.46,19479.71
CZ10/RSD&0&rDXHP&New&HV_AirDist__SupFanMtr/NE-HVAC-FanBelt-VBelt-Std/instance-out.sql,224041.47999999998,15457.73,28855.54,16225.45,0.0,76546.73,0.0,27221.46,9.41,0.0,0.0,0.0,59725.16,0.0,0.0,298.91,28855.54,15158.82,0.00,37475.60,39071.13
CZ10/RSD&0&rDXHP&New&HV_AirDist__SupFanMtr/NE-HVAC-FanBelt-CoggedVBelt-Msr/instance-out.sql,223924.82,15463.070000000002,28840.6,16225.45,0.0,76546.73,0.0,27114.4,9.41,0.0,0.0,0.0,59725.16,0.0,0.0,303.20,28840.60,15159.87,0.00,37475.60,39071.13
CZ10/RSD&0&rDXHP&New&HV_AirDist__SupFanMtr/NE-HVAC-FanBelt-SynchVBelt-Msr/instance-out.sql,223758.15000000002,15470.77,28819.35,16225.45,0.0,76546.73,0.0,26961.28,9.41,0.0,0.0,0.0,59725.16,0.0,0.0,309.40,28819.35,15161.37,0.00,37475.60,39071.13
CZ10/Rt3&0&rDXHP&New&HV_AirDist__SupFanMtr/NE-HVAC-FanBelt-VBelt-Std/instance-out.sql,1902905.35,14914.560000000001,335268.49,394371.6,0.0,436362.0,0.0,566041.8,3.38,0.0,0.0,0.0,155943.52,0.0,0.0,12841.79,335268.49,2072.77,0.00,436362.00,0.00
CZ10/Rt3&0&rDXHP&New&HV_AirDist__SupFanMtr/NE-HVAC-FanBelt-CoggedVBelt-Msr/instance-out.sql,1890861.19,15196.76,333682.62,394371.6,0.0,436362.0,0.0,555301.31,3.38,0.0,0.0,0.0,155943.52,0.0,0.0,13120.09,333682.62,2076.67,0.00,436362.00,0.00
CZ10/Rt3&0&rDXHP&New&HV_AirDist__SupFanMtr/NE-HVAC-FanBelt-SynchVBelt-Msr/instance-out.sql,1873643.7799999998,15581.900000000001,331423.72,394371.6,0.0,436362.0,0.0,539957.66,3.38,0.0,0.0,0.0,155943.52,0.0,0.0,13501.78,331423.72,2080.12,0.00,436362.00,0.00
CZ10/RtL&0&rDXHP&New&HV_AirDist__SupFanMtr/NE-HVAC-FanBelt-VBelt-Std/instance-out.sql,1739489.48,3935.96,282668.51,395231.18,0.0,509200.67,0.0,433531.99,3.39,0.0,0.0,0.0,114917.79,0.0,0.0,3935.96,282668.51,0.00,0.00,468847.72,40352.95
CZ10/RtL&0&rDXHP&New&HV_AirDist__SupFanMtr/NE-HVAC-FanBelt-CoggedVBelt-Msr/instance-out.sql,1730006.76,4051.16,281383.64,395231.18,0.0,509200.67,0.0,425218.93,3.39,0.0,0.0,0.0,114917.79,0.0,0.0,4051.16,281383.64,0.00,0.00,468847.72,40352.95
CZ10/RtL&0&rDXHP&New&HV_AirDist__SupFanMtr/NE-HVAC-FanBelt-SynchVBelt-Msr/instance-out.sql,1716469.77,4220.98,279552.63,395231.18,0.0,509200.67,0.0,413343.13,3.39,0.0,0.0,0.0,114917.79,0.0,0.0,4220.98,279552.63,0.00,0.00,468847.72,40352.95
CZ10/RtS&0&rDXHP&New&HV_AirDist__SupFanMtr/NE-HVAC-FanBelt-VBelt-Std/instance-out.sql,123185.97,1887.37,22786.85,23251.32,0.0,24440.79,0.0,36100.57,3.36,0.0,0.0,0.0,14715.71,0.0,0.0,1887.37,22786.85,0.00,0.00,24440.79,0.00
CZ10/RtS&0&rDXHP&New&HV_AirDist__SupFanMtr/NE-HVAC-FanBelt-CoggedVBelt-Msr/instance-out.sql,122404.34,1915.24,22682.95,23251.32,0.0,24440.79,0.0,35394.96,3.36,0.0,0.0,0.0,14715.71,0.0,0.0,1915.24,22682.95,0.00,0.00,24440.79,0.00
CZ10/RtS&0&rDXHP&New&HV_AirDist__SupFanMtr/NE-HVAC-FanBelt-SynchVBelt-Msr/instance-out.sql,121286.34,1955.82,22534.98,23251.32,0.0,24440.79,0.0,34384.35,3.36,0.0,0.0,0.0,14715.71,0.0,0.0,1955.82,22534.98,0.00,0.00,24440.79,0.00
CZ10/SCn&0&rDXHP&New&HV_AirDist__SupFanMtr/NE-HVAC-FanBelt-VBelt-Std/instance-out.sql,2694856.2800000003,67953.01,473208.57,571539.04,0.0,449066.39,0.0,1056036.44,3.36,0.0,0.0,0.0,77049.47,0.0,0.0,67953.01,473208.57,0.00,0.00,449066.39,0.00
CZ10/SCn&0&rDXHP&New&HV_AirDist__SupFanMtr/NE-HVAC-FanBelt-CoggedVBelt-Msr/instance-out.sql,2672446.29,69140.89,470317.29,571539.04,0.0,449066.39,0.0,1035329.84,3.36,0.0,0.0,0.0,77049.47,0.0,0.0,69140.89,470317.29,0.00,0.00,449066.39,0.00
CZ10/SCn&0&rDXHP&New&HV_AirDist__SupFanMtr/NE-HVAC-FanBelt-SynchVBelt-Msr/instance-out.sql,2640433.98,70849.63,466184.49,571539.04,0.0,449066.39,0.0,1005741.6,3.36,0.0,0.0,0.0,77049.47,0.0,0.0,70849.63,466184.49,0.00,0.00,449066.39,0.00
CZ11/Asm&0&rDXHP&New&HV_AirDist__SupFanMtr/NE-HVAC-FanBelt-VBelt-Std/instance-out.sql,663864.28,56900.78,172992.45,76844.55,0.0,145823.51,0.0,189975.12,3.36,0.0,0.0,0.0,21324.51,0.0,0.0,56900.78,172992.45,0.00,0.00,145823.51,0.00
CZ11/Asm&0&rDXHP&New&HV_AirDist__SupFanMtr/NE-HVAC-FanBelt-CoggedVBelt-Msr/instance-out.sql,659969.47,57217.28,172506.15,76844.55,0.0,145823.51,0.0,186250.12,3.36,0.0,0.0,0.0,21324.51,0.0,0.0,57217.28,172506.15,0.00,0.00,145823.51,0.00
CZ11/Asm&0&rDXHP&New&HV_AirDist__SupFanMtr/NE-HVAC-FanBelt-SynchVBelt-Msr/instance-out.sql,654409.8200000001,57672.32,171812.76,76844.55,0.0,145823.51,0.0,180928.69,3.36,0.0,0.0,0.0,21324.64,0.0,0.0,57672.32,171812.76,0.00,0.00,145823.51,0.00
CZ11/ECC&0&rDXHP&New&HV_AirDist__SupFanMtr/NE-HVAC-FanBelt-VBelt-Std/instance-out.sql,2463076.59,26407.29,364493.91,167224.54,0.0,1013813.91,0.0,479247.77,750.67,0.0,0.0,0.0,411138.5,0.0,0.0,25880.52,364493.91,526.77,0.00,945189.93,68623.98
CZ11/ECC&0&rDXHP&New&HV_AirDist__SupFanMtr/NE-HVAC-FanBelt-CoggedVBelt-Msr/instance-out.sql,2454489.25,26757.289999999997,363347.75,167224.54,0.0,1013813.91,0.0,471459.51,750.49,0.0,0.0,0.0,411135.75,0.0,0.0,26229.67,363347.75,527.62,0.00,945189.93,68623.98
CZ11/ECC&0&rDXHP&New&HV_AirDist__SupFanMtr/NE-HVAC-FanBelt-SynchVBelt-Msr/instance-out.sql,2442154.77,27252.21,361723.61,167224.54,0.0,1013813.91,0.0,460254.48,750.35,0.0,0.0,0.0,411135.68,0.0,0.0,26727.84,361723.61,524.37,0.00,945189.93,68623.98
CZ11/EPr&0&rDXHP&New&HV_AirDist__SupFanMtr/NE-HVAC-FanBelt-VBelt-Std/instance-out.sql,367764.07,8635.07,58254.42,30835.78,0.0,125897.03,0.0,65238.94,3.37,0.0,0.0,0.0,78899.45,0.0,0.0,8635.07,58254.42,0.00,0.00,83226.75,42670.28
CZ11/EPr&0&rDXHP&New&HV_AirDist__SupFanMtr/NE-HVAC-FanBelt-CoggedVBelt-Msr/instance-out.sql,366612.17,8710.82,58101.52,30835.78,0.0,125897.03,0.0,64164.19,3.37,0.0,0.0,0.0,78899.45,0.0,0.0,8710.82,58101.52,0.00,0.00,83226.75,42670.28
CZ11/EPr&0&rDXHP&New&HV_AirDist__SupFanMtr/NE-HVAC-FanBelt-SynchVBelt-Msr/instance-out.sql,364981.14,8821.48,57882.99,30835.78,0.0,125897.03,0.0,62641.04,3.37,0.0,0.0,0.0,78899.45,0.0,0.0,8821.48,57882.99,0.00,0.00,83226.75,42670.28
CZ11/ERC&0&rDXHP&New&HV_AirDist__SupFanMtr/NE-HVAC-FanBelt-VBelt-Std/instance-out.sql,18157.11,575.87,2097.57,1016.35,0.0,2196.82,0.0,3226.43,3.36,0.0,0.0,0.0,9040.71,0.0,0.0,575.87,2097.57,0.00,0.00,2196.82,0.00
CZ11/ERC&0&rDXHP&New&HV_AirDist__SupFanMtr/NE-HVAC-FanBelt-CoggedVBelt-Msr/instance-out.sql,18092.98,581.98,2089.67,1016.35,0.0,2196.82,0.0,3164.09,3.36,0.0,0.0,0.0,9040.71,0.0,0.0,581.98,2089.67,0.00,0.00,2196.82,0.00
CZ11/ERC&0&rDXHP&New&HV_AirDist__SupFanMtr/NE-HVAC-FanBelt-SynchVBelt-Msr/instance-out.sql,18001.89,590.68,2078.38,1016.35,0.0,2196.82,0.0,3075.59,3.36,0.0,0.0,0.0,9040.71,0.0,0.0,590.68,2078.38,0.00,0.00,2196.82,0.00
CZ11/ESe&0&rDXHP&New&HV_AirDist__SupFanMtr/NE-HVAC-FanBelt-VBelt-Std/instance-out.sql,1116683.99,136145.21,165045.0,94750.45,0.0,323176.74,0.0,181742.76,3.39,0.0,0.0,0.0,215820.44,0.0,0.0,5532.96,165045.00,130612.25,0.00,259085.82,64090.92
CZ11/ESe&0&rDXHP&New&HV_AirDist__SupFanMtr/NE-HVAC-FanBelt-CoggedVBelt-Msr/instance-out.sql,1115314.65,136193.08,164862.09,94750.45,0.0,323176.74,0.0,180508.46,3.39,0.0,0.0,0.0,215820.44,0.0,0.0,5592.94,164862.09,130600.14,0.00,259085.82,64090.92
CZ11/ESe&0&rDXHP&New&HV_AirDist__SupFanMtr/NE-HVAC-FanBelt-SynchVBelt-Msr/instance-out.sql,1113401.6099999999,136294.71,164600.09,94750.45,0.0,323176.74,0.0,178755.78,3.39,0.0,0.0,0.0,215820.44,0.0,0.0,5683.42,164600.09,130611.29,0.00,259085.82,64090.92
CZ11/EUn&0&rDXHP&New&HV_AirDist__SupFanMtr/NE-HVAC-FanBelt-VBelt-Std/instance-out.sql,7727087.07,76545.43,1100334.52,644388.1,0.0,3682881.23,0.0,1526551.01,3.37,0.0,0.0,0.0,696383.43,0.0,0.0,73264.76,1100334.52,3280.67,0.00,3555459.15,127422.08
CZ11/EUn&0&rDXHP&New&HV_AirDist__SupFanMtr/NE-HVAC-FanBelt-CoggedVBelt-Msr/instance-out.sql,7700640.87,77517.69,1097111.69,644388.1,0.0,3682881.23,0.0,1502355.35,3.37,0.0,0.0,0.0,696383.43,0.0,0.0,74234.46,1097111.69,3283.23,0.00,3555459.15,127422.08
CZ11/EUn&0&rDXHP&New&HV_AirDist__SupFanMtr/NE-HVAC-FanBelt-SynchVBelt-Msr/instance-out.sql,7662906.76,78926.79,1092517.54,644388.1,0.0,3682881.23,0.0,1467806.29,3.37,0.0,0.0,0.0,696383.43,0.0,0.0,75639.86,1092517.54,3286.93,0.00,3555459.15,127422.08
CZ11/Hsp&0&rDXHP&New&HV_AirDist__SupFanMtr/NE-HVAC-FanBelt-VBelt-Std/instance-out.sql,3689701.54,182903.97,921953.94,625795.42,0.0,1182847.3,0.0,494592.61,38297.31,0.0,0.0,0.0,243310.99,0.0,0.0,7995.01,921953.94,174908.96,0.00,1139112.10,43735.20
CZ11/Hsp&0&rDXHP&New&HV_AirDist__SupFanMtr/NE-HVAC-FanBelt-CoggedVBelt-Msr/instance-out.sql,3684461.88,183136.97999999998,921335.55,625795.42,0.0,1182847.3,0.0,489737.68,38297.95,0.0,0.0,0.0,243310.99,0.0,0.0,8112.40,921335.55,175024.58,0.00,1139112.10,43735.20
CZ11/Hsp&0&rDXHP&New&HV_AirDist__SupFanMtr/NE-HVAC-FanBelt-SynchVBelt-Msr/instance-out.sql,3676710.39,183231.92,920423.34,625795.42,0.0,1182847.3,0.0,482800.55,38300.86,0.0,0.0,0.0,243311.0,0.0,0.0,8254.66,920423.34,174977.26,0.00,1139112.10,43735.20
CZ11/MBT&0&rDXHP&New&HV_AirDist__SupFanMtr/NE-HVAC-FanBelt-VBelt-Std/instance-out.sql,6618842.53,2266932.86,635046.38,438466.02,0.0,2167645.51,0.0,948697.81,548.68,0.0,0.0,0.0,161505.27,0.0,0.0,29457.25,635046.38,2237475.61,0.00,1394057.91,773587.60
CZ11/MBT&0&rDXHP&New&HV_AirDist__SupFanMtr/NE-HVAC-FanBelt-CoggedVBelt-Msr/instance-out.sql,6613493.48,2267448.41,634389.79,438466.02,0.0,2167645.51,0.0,943489.9,548.57,0.0,0.0,0.0,161505.27,0.0,0.0,29856.67,634389.79,2237591.74,0.00,1394057.91,773587.60
CZ11/MBT&0&rDXHP&New&HV_AirDist__SupFanMtr/NE-HVAC-FanBelt-SynchVBelt-Msr/instance-out.sql,6605706.4,2268066.32,633458.38,438466.02,0.0,2167645.51,0.0,936016.32,548.57,0.0,0.0,0.0,161505.27,0.0,0.0,30346.00,633458.38,2237720.32,0.00,1394057.91,773587.60
CZ11/MLI&0&rDXHP&New&HV_AirDist__SupFanMtr/NE-HVAC-FanBelt-VBelt-Std/instance-out.sql,961847.7899999999,30690.12,154773.14,153603.74,0.0,239893.0,0.0,337567.46,3.37,0.0,0.0,0.0,45316.95,0.0,0.0,30690.12,154773.14,0.00,0.00,239893.00,0.00
CZ11/MLI&0&rDXHP&New&HV_AirDist__SupFanMtr/NE-HVAC-FanBelt-CoggedVBelt-Msr/instance-out.sql,954947.0,31179.93,154001.52,153603.74,0.0,239893.0,0.0,330948.49,3.37,0.0,0.0,0.0,45316.94,0.0,0.0,31179.93,154001.52,0.00,0.00,239893.00,0.00
CZ11/MLI&0&rDXHP&New&HV_AirDist__SupFanMtr/NE-HVAC-FanBelt-SynchVBelt-Msr/instance-out.sql,945095.92,31886.25,152899.8,153603.74,0.0,239893.0,0.0,321492.82,3.37,0.0,0.0,0.0,45316.93,0.0,0.0,31886.25,152899.80,0.00,0.00,239893.00,0.00
CZ11/Mtl&0&rDXHP&New&HV_AirDist__SupFanMtr/NE-HVAC-FanBelt-VBelt-Std/instance-out.sql,177975.66999999998,9068.82,46597.99,34352.14,0.0,22443.33,0.0,57856.45,3.36,0.0,0.0,0.0,7653.56,0.0,0.0,7721.50,46597.99,1347.32,0.00,22191.36,251.97
CZ11/Mtl&0&rDXHP&New&HV_AirDist__SupFanMtr/NE-HVAC-FanBelt-CoggedVBelt-Msr/instance-out.sql,176807.86,9157.09,46454.1,34352.14,0.0,22443.33,0.0,56744.27,3.36,0.0,0.0,0.0,7653.56,0.0,0.0,7803.70,46454.10,1353.39,0.00,22191.36,251.97
CZ11/Mtl&0&rDXHP&New&HV_AirDist__SupFanMtr/NE-HVAC-FanBelt-SynchVBelt-Msr/instance-out.sql,175126.92,9273.0,46249.52,34352.14,0.0,22443.33,0.0,55152.0,3.36,0.0,0.0,0.0,7653.56,0.0,0.0,7919.56,46249.52,1353.44,0.00,22191.36,251.97
CZ11/Nrs&0&rDXHP&New&HV_AirDist__SupFanMtr/NE-HVAC-FanBelt-VBelt-Std/instance-out.sql,856557.4800000001,41066.740000000005,125447.0,103109.51,0.0,347425.87,0.0,129761.63,47.51,0.0,0.0,0.0,109699.23,0.0,0.0,7602.08,125447.00,33464.66,0.00,281574.59,65851.28
CZ11/Nrs&0&rDXHP&New&HV_AirDist__SupFanMtr/NE-HVAC-FanBelt-CoggedVBelt-Msr/instance-out.sql,854778.3400000001,41158.7,125230.84,103109.51,0.0,347425.87,0.0,128093.98,47.35,0.0,0.0,0.0,109712.1,0.0,0.0,7683.16,125230.84,33475.54,0.00,281574.59,65851.28
CZ11/Nrs&0&rDXHP&New&HV_AirDist__SupFanMtr/NE-HVAC-FanBelt-SynchVBelt-Msr/instance-out.sql,852342.11,41358.3,124961.86,103109.51,0.0,347425.87,0.0,125725.84,47.67,0.0,0.0,0.0,109713.05,0.0,0.0,7802.37,124961.86,33555.93,0.00,281574.59,65851.28
CZ11/OfL&0&rDXHP&New&HV_AirDist__SupFanMtr/NE-HVAC-FanBelt-VBelt-Std/instance-out.sql,2219963.25,42164.34,393777.65,239041.7,0.0,829334.66,0.0,601961.59,2463.7,0.0,0.0,0.0,111219.61,0.0,0.0,13339.75,393777.65,28824.59,0.00,829334.66,0.00
CZ11/OfL&0&rDXHP&New&HV_AirDist__SupFanMtr/NE-HVAC-FanBelt-CoggedVBelt-Msr/instance-out.sql,2208013.93,42475.51,392394.92,239041.7,0.0,829334.66,0.0,591084.75,2463.78,0.0,0.0,0.0,111218.6,0.0,0.0,13644.52,392394.92,28830.99,0.00,829334.66,0.00
CZ11/OfL&0&rDXHP&New&HV_AirDist__SupFanMtr/NE-HVAC-FanBelt-SynchVBelt-Msr/instance-out.sql,2190925.44,42872.51,390443.57,239041.7,0.0,829334.66,0.0,575549.16,2465.07,0.0,0.0,0.0,111218.77,0.0,0.0,14095.95,390443.57,28776.56,0.00,829334.66,0.00
CZ11/OfS&0&rDXHP&New&HV_AirDist__SupFanMtr/NE-HVAC-FanBelt-VBelt-Std/instance-out.sql,118018.31,2900.6,18697.61,12106.19,0.0,29387.4,0.0,34143.91,1.13,0.0,0.0,0.0,20781.46,0.0,0.0,2900.60,18697.61,0.00,0.00,29387.40,0.00
CZ11/OfS&0&rDXHP&New&HV_AirDist__SupFanMtr/NE-HVAC-FanBelt-CoggedVBelt-Msr/instance-out.sql,117314.03,2945.43,18614.87,12106.19,0.0,29387.4,0.0,33477.54,1.13,0.0,0.0,0.0,20781.46,0.0,0.0,2945.43,18614.87,0.00,0.00,29387.40,0.00
CZ11/OfS&0&rDXHP&New&HV_AirDist__SupFanMtr/NE-HVAC-FanBelt-SynchVBelt-Msr/instance-out.sql,116297.57999999999,3005.24,18497.43,12106.19,0.0,29387.4,0.0,32518.73,1.13,0.0,0.0,0.0,20781.46,0.0,0.0,3005.24,18497.43,0.00,0.00,29387.40,0.00
CZ11/RFF&0&rDXHP&New&HV_AirDist__SupFanMtr/NE-HVAC-FanBelt-VBelt-Std/instance-out.sql,97122.88,1731.8799999999999,12181.29,6626.33,0.0,37903.17,0.0,14474.38,3.37,0.0,0.0,0.0,24202.45,0.0,0.0,1721.32,12181.29,10.56,0.00,18423.46,19479.71
CZ11/RFF&0&rDXHP&New&HV_AirDist__SupFanMtr/NE-HVAC-FanBelt-CoggedVBelt-Msr/instance-out.sql,96926.89,1747.84,12158.02,6626.33,0.0,37903.17,0.0,14285.7,3.37,0.0,0.0,0.0,24202.45,0.0,0.0,1737.28,12158.02,10.56,0.00,18423.46,19479.71
CZ11/RFF&0&rDXHP&New&HV_AirDist__SupFanMtr/NE-HVAC-FanBelt-SynchVBelt-Msr/instance-out.sql,96647.1,1770.79,12124.82,6626.33,0.0,37903.17,0.0,14016.16,3.37,0.0,0.0,0.0,24202.45,0.0,0.0,1760.22,12124.82,10.57,0.00,18423.46,19479.71
CZ11/RSD&0&rDXHP&New&HV_AirDist__SupFanMtr/NE-HVAC-FanBelt-VBelt-Std/instance-out.sql,238946.74,27206.72,28568.05,16225.45,0.0,76546.73,0.0,29166.4,10.48,0.0,0.0,0.0,61222.93,0.0,0.0,1037.27,28568.05,26169.45,0.00,37475.60,39071.13
CZ11/RSD&0&rDXHP&New&HV_AirDist__SupFanMtr/NE-HVAC-FanBelt-CoggedVBelt-Msr/instance-out.sql,238837.61,27216.51,28554.76,16225.45,0.0,76546.73,0.0,29060.75,10.48,0.0,0.0,0.0,61222.93,0.0,0.0,1045.59,28554.76,26170.92,0.00,37475.60,39071.13
CZ11/RSD&0&rDXHP&New&HV_AirDist__SupFanMtr/NE-HVAC-FanBelt-SynchVBelt-Msr/instance-out.sql,238681.51,27230.260000000002,28535.82,16225.45,0.0,76546.73,0.0,28909.86,10.48,0.0,0.0,0.0,61222.91,0.0,0.0,1057.54,28535.82,26172.72,0.00,37475.60,39071.13
CZ11/Rt3&0&rDXHP&New&HV_AirDist__SupFanMtr/NE-HVAC-FanBelt-VBelt-Std/instance-out.sql,1735157.05,28211.51,281898.04,394371.6,0.0,436362.0,0.0,434224.7,3.38,0.0,0.0,0.0,160085.81,0.0,0.0,24530.35,281898.04,3681.16,0.00,436362.00,0.00
CZ11/Rt3&0&rDXHP&New&HV_AirDist__SupFanMtr/NE-HVAC-FanBelt-CoggedVBelt-Msr/instance-out.sql,1726161.9,28645.239999999998,280785.91,394371.6,0.0,436362.0,0.0,425907.94,3.38,0.0,0.0,0.0,160085.82,0.0,0.0,24956.10,280785.91,3689.14,0.00,436362.00,0.00
CZ11/Rt3&0&rDXHP&New&HV_AirDist__SupFanMtr/NE-HVAC-FanBelt-SynchVBelt-Msr/instance-out.sql,1713326.6300000001,29274.55,279200.51,394371.6,0.0,436362.0,0.0,414028.77,3.38,0.0,0.0,0.0,160085.82,0.0,0.0,25574.27,279200.51,3700.28,0.00,436362.00,0.00
CZ11/RtL&0&rDXHP&New&HV_AirDist__SupFanMtr/NE-HVAC-FanBelt-VBelt-Std/instance-out.sql,1779358.3800000001,24346.87,292764.04,395231.18,0.0,509200.67,0.0,439870.9,3.39,0.0,0.0,0.0,117941.33,0.0,0.0,24346.87,292764.04,0.00,0.00,468847.72,40352.95
CZ11/RtL&0&rDXHP&New&HV_AirDist__SupFanMtr/NE-HVAC-FanBelt-CoggedVBelt-Msr/instance-out.sql,1770218.37,24772.71,291634.92,395231.18,0.0,509200.67,0.0,431434.17,3.39,0.0,0.0,0.0,117941.33,0.0,0.0,24772.71,291634.92,0.00,0.00,468847.72,40352.95
CZ11/RtL&0&rDXHP&New&HV_AirDist__SupFanMtr/NE-HVAC-FanBelt-SynchVBelt-Msr/instance-out.sql,1757173.23,25389.54,290025.43,395231.18,0.0,509200.67,0.0,419381.69,3.39,0.0,0.0,0.0,117941.32,0.0,0.0,25389.54,290025.43,0.00,0.00,468847.72,40352.95
CZ11/RtS&0&rDXHP&New&HV_AirDist__SupFanMtr/NE-HVAC-FanBelt-VBelt-Std/instance-out.sql,110122.81999999999,3951.3,18436.6,23251.32,0.0,24440.79,0.0,25084.14,3.36,0.0,0.0,0.0,14955.31,0.0,0.0,3951.30,18436.60,0.00,0.00,24440.79,0.00
CZ11/RtS&0&rDXHP&New&HV_AirDist__SupFanMtr/NE-HVAC-FanBelt-CoggedVBelt-Msr/instance-out.sql,109606.08,3990.15,18372.85,23251.32,0.0,24440.79,0.0,24592.29,3.36,0.0,0.0,0.0,14955.31,0.0,0.0,3990.15,18372.85,0.00,0.00,24440.79,0.00
CZ11/RtS&0&rDXHP&New&HV_AirDist__SupFanMtr/NE-HVAC-FanBelt-SynchVBelt-Msr/instance-out.sql,108867.98,4045.71,18281.84,23251.32,0.0,24440.79,0.0,23889.65,3.36,0.0,0.0,0.0,14955.31,0.0,0.0,4045.71,18281.84,0.00,0.00,24440.79,0.00
CZ11/SCn&0&rDXHP&New&HV_AirDist__SupFanMtr/NE-HVAC-FanBelt-VBelt-Std/instance-out.sql,3006331.1599999997,215669.42,565012.2,571539.04,0.0,449066.39,0.0,1126033.25,3.36,0.0,0.0,0.0,79007.51,0.0,0.0,215669.42,565012.20,0.00,0.00,449066.39,0.00
CZ11/SCn&0&rDXHP&New&HV_AirDist__SupFanMtr/NE-HVAC-FanBelt-CoggedVBelt-Msr/instance-out.sql,2983872.63,217968.22,562317.79,571539.04,0.0,449066.39,0.0,1103970.33,3.36,0.0,0.0,0.0,79007.51,0.0,0.0,217968.22,562317.79,0.00,0.00,449066.39,0.00
CZ11/SCn&0&rDXHP&New&HV_AirDist__SupFanMtr/NE-HVAC-FanBelt-SynchVBelt-Msr/instance-out.sql,2951742.3299999996,221268.51,558444.87,571539.04,0.0,449066.39,0.0,1072412.65,3.36,0.0,0.0,0.0,79007.51,0.0,0.0,221268.51,558444.87,0.00,0.00,449066.39,0.00
CZ12/Asm&0&rDXHP&New&HV_AirDist__SupFanMtr/NE-HVAC-FanBelt-VBelt-Std/instance-out.sql,604241.27,57557.62,117752.39,76844.55,0.0,145823.51,0.0,184182.13,3.36,0.0,0.0,0.0,22077.72,0.0,0.0,57557.62,117752.39,0.00,0.00,145823.51,0.00
CZ12/Asm&0&rDXHP&New&HV_AirDist__SupFanMtr/NE-HVAC-FanBelt-CoggedVBelt-Msr/instance-out.sql,600556.95,57901.49,117335.61,76844.55,0.0,145823.51,0.0,180570.71,3.36,0.0,0.0,0.0,22077.72,0.0,0.0,57901.49,117335.61,0.00,0.00,145823.51,0.00
CZ12/Asm&0&rDXHP&New&HV_AirDist__SupFanMtr/NE-HVAC-FanBelt-SynchVBelt-Msr/instance-out.sql,595288.12,58385.89,116741.54,76844.55,0.0,145823.51,0.0,175411.55,3.36,0.0,0.0,0.0,22077.72,0.0,0.0,58385.89,116741.54,0.00,0.00,145823.51,0.00
CZ12/ECC&0&rDXHP&New&HV_AirDist__SupFanMtr/NE-HVAC-FanBelt-VBelt-Std/instance-out.sql,2353028.9899999998,29049.13,256923.6,167224.54,0.0,1013813.91,0.0,452851.41,696.14,0.0,0.0,0.0,432470.26,0.0,0.0,28436.05,256923.60,613.08,0.00,945189.93,68623.98
CZ12/ECC&0&rDXHP&New&HV_AirDist__SupFanMtr/NE-HVAC-FanBelt-CoggedVBelt-Msr/instance-out.sql,2345135.56,29417.129999999997,256000.41,167224.54,0.0,1013813.91,0.0,445510.88,696.05,0.0,0.0,0.0,432472.63,0.0,0.0,28802.87,256000.41,614.26,0.00,945189.93,68623.98
CZ12/ECC&0&rDXHP&New&HV_AirDist__SupFanMtr/NE-HVAC-FanBelt-SynchVBelt-Msr/instance-out.sql,2333887.51,29938.679999999997,254680.27,167224.54,0.0,1013813.91,0.0,435060.84,695.88,0.0,0.0,0.0,432473.39,0.0,0.0,29323.42,254680.27,615.26,0.00,945189.93,68623.98
CZ12/EPr&0&rDXHP&New&HV_AirDist__SupFanMtr/NE-HVAC-FanBelt-VBelt-Std/instance-out.sql,352699.56,9061.23,42052.1,30835.78,0.0,125897.03,0.0,62085.53,3.37,0.0,0.0,0.0,82764.53,0.0,0.0,9061.23,42052.10,0.00,0.00,83226.75,42670.28
CZ12/EPr&0&rDXHP&New&HV_AirDist__SupFanMtr/NE-HVAC-FanBelt-CoggedVBelt-Msr/instance-out.sql,351635.11,9137.12,41920.66,30835.78,0.0,125897.03,0.0,61076.62,3.37,0.0,0.0,0.0,82764.53,0.0,0.0,9137.12,41920.66,0.00,0.00,83226.75,42670.28
CZ12/EPr&0&rDXHP&New&HV_AirDist__SupFanMtr/NE-HVAC-FanBelt-SynchVBelt-Msr/instance-out.sql,350114.83999999997,9249.2,41733.52,30835.78,0.0,125897.03,0.0,59631.4,3.37,0.0,0.0,0.0,82764.53,0.0,0.0,9249.20,41733.52,0.00,0.00,83226.75,42670.28
CZ12/ERC&0&rDXHP&New&HV_AirDist__SupFanMtr/NE-HVAC-FanBelt-VBelt-Std/instance-out.sql,17299.73,625.46,1331.74,1016.35,0.0,2196.82,0.0,2944.96,3.36,0.0,0.0,0.0,9181.03,0.0,0.0,625.46,1331.74,0.00,0.00,2196.82,0.00
CZ12/ERC&0&rDXHP&New&HV_AirDist__SupFanMtr/NE-HVAC-FanBelt-CoggedVBelt-Msr/instance-out.sql,17243.22,631.69,1325.89,1016.35,0.0,2196.82,0.0,2888.07,3.36,0.0,0.0,0.0,9181.03,0.0,0.0,631.69,1325.89,0.00,0.00,2196.82,0.00
CZ12/ERC&0&rDXHP&New&HV_AirDist__SupFanMtr/NE-HVAC-FanBelt-SynchVBelt-Msr/instance-out.sql,17163.04,640.45,1317.53,1016.35,0.0,2196.82,0.0,2807.51,3.36,0.0,0.0,0.0,9181.03,0.0,0.0,640.45,1317.53,0.00,0.00,2196.82,0.00
CZ12/ESe&0&rDXHP&New&HV_AirDist__SupFanMtr/NE-HVAC-FanBelt-VBelt-Std/instance-out.sql,1086378.49,148297.41999999998,115910.86,94750.45,0.0,323176.74,0.0,177827.47,3.39,0.0,0.0,0.0,226412.17,0.0,0.0,5951.24,115910.86,142346.18,0.00,259085.82,64090.92
CZ12/ESe&0&rDXHP&New&HV_AirDist__SupFanMtr/NE-HVAC-FanBelt-CoggedVBelt-Msr/instance-out.sql,1085142.6099999999,148368.75,115760.0,94750.45,0.0,323176.74,0.0,176671.11,3.39,0.0,0.0,0.0,226412.17,0.0,0.0,6015.46,115760.00,142353.29,0.00,259085.82,64090.92
CZ12/ESe&0&rDXHP&New&HV_AirDist__SupFanMtr/NE-HVAC-FanBelt-SynchVBelt-Msr/instance-out.sql,1083379.37,148470.06999999998,115545.26,94750.45,0.0,323176.74,0.0,175021.29,3.39,0.0,0.0,0.0,226412.17,0.0,0.0,6107.80,115545.26,142362.27,0.00,259085.82,64090.92
CZ12/EUn&0&rDXHP&New&HV_AirDist__SupFanMtr/NE-HVAC-FanBelt-VBelt-Std/instance-out.sql,7390227.08,75297.26,785035.87,644388.1,0.0,3682881.23,0.0,1470968.95,3.37,0.0,0.0,0.0,731652.3,0.0,0.0,73514.26,785035.87,1783.00,0.00,3555459.15,127422.08
CZ12/EUn&0&rDXHP&New&HV_AirDist__SupFanMtr/NE-HVAC-FanBelt-CoggedVBelt-Msr/instance-out.sql,7365288.18,76294.78,782407.19,644388.1,0.0,3682881.23,0.0,1447661.2,3.37,0.0,0.0,0.0,731652.3,0.0,0.0,74510.49,782407.19,1784.29,0.00,3555459.15,127422.08
CZ12/EUn&0&rDXHP&New&HV_AirDist__SupFanMtr/NE-HVAC-FanBelt-SynchVBelt-Msr/instance-out.sql,7329696.890000001,77737.38,778661.22,644388.1,0.0,3682881.23,0.0,1414373.27,3.37,0.0,0.0,0.0,731652.31,0.0,0.0,75951.21,778661.22,1786.17,0.00,3555459.15,127422.08
CZ12/Hsp&0&rDXHP&New&HV_AirDist__SupFanMtr/NE-HVAC-FanBelt-VBelt-Std/instance-out.sql,3479218.6999999997,207027.3,707903.34,625795.42,0.0,1182847.3,0.0,464353.18,36067.93,0.0,0.0,0.0,255224.23,0.0,0.0,9208.56,707903.34,197818.74,0.00,1139112.10,43735.20
CZ12/Hsp&0&rDXHP&New&HV_AirDist__SupFanMtr/NE-HVAC-FanBelt-CoggedVBelt-Msr/instance-out.sql,3474230.44,207350.19,707392.11,625795.42,0.0,1182847.3,0.0,459560.35,36060.84,0.0,0.0,0.0,255224.23,0.0,0.0,9368.19,707392.11,197982.00,0.00,1139112.10,43735.20
CZ12/Hsp&0&rDXHP&New&HV_AirDist__SupFanMtr/NE-HVAC-FanBelt-SynchVBelt-Msr/instance-out.sql,3466815.99,207467.16,706682.04,625795.42,0.0,1182847.3,0.0,452730.63,36069.22,0.0,0.0,0.0,255224.23,0.0,0.0,9530.59,706682.04,197936.57,0.00,1139112.10,43735.20
CZ12/MBT&0&rDXHP&New&HV_AirDist__SupFanMtr/NE-HVAC-FanBelt-VBelt-Std/instance-out.sql,6607345.52,2498770.14,385813.17,438466.02,0.0,2167645.51,0.0,946781.78,539.72,0.0,0.0,0.0,169329.17,0.0,0.0,30698.81,385813.17,2468071.33,0.00,1394057.91,773587.60
CZ12/MBT&0&rDXHP&New&HV_AirDist__SupFanMtr/NE-HVAC-FanBelt-CoggedVBelt-Msr/instance-out.sql,6602303.35,2499198.8899999997,385302.35,438466.02,0.0,2167645.51,0.0,941821.67,539.72,0.0,0.0,0.0,169329.18,0.0,0.0,31034.07,385302.35,2468164.82,0.00,1394057.91,773587.60
CZ12/MBT&0&rDXHP&New&HV_AirDist__SupFanMtr/NE-HVAC-FanBelt-SynchVBelt-Msr/instance-out.sql,6595106.99,2499816.77,384574.0,438466.02,0.0,2167645.51,0.0,934735.79,539.72,0.0,0.0,0.0,169329.17,0.0,0.0,31518.34,384574.00,2468298.43,0.00,1394057.91,773587.60
CZ12/MLI&0&rDXHP&New&HV_AirDist__SupFanMtr/NE-HVAC-FanBelt-VBelt-Std/instance-out.sql,904164.06,30546.87,103893.03,153603.74,0.0,239893.0,0.0,328905.39,3.37,0.0,0.0,0.0,47318.65,0.0,0.0,30546.87,103893.03,0.00,0.00,239893.00,0.00
CZ12/MLI&0&rDXHP&New&HV_AirDist__SupFanMtr/NE-HVAC-FanBelt-CoggedVBelt-Msr/instance-out.sql,897598.88,31039.88,103283.96,153603.74,0.0,239893.0,0.0,322456.27,3.37,0.0,0.0,0.0,47318.65,0.0,0.0,31039.88,103283.96,0.00,0.00,239893.00,0.00
CZ12/MLI&0&rDXHP&New&HV_AirDist__SupFanMtr/NE-HVAC-FanBelt-SynchVBelt-Msr/instance-out.sql,888231.0800000001,31752.88,102416.21,153603.74,0.0,239893.0,0.0,313243.23,3.37,0.0,0.0,0.0,47318.65,0.0,0.0,31752.88,102416.21,0.00,0.00,239893.00,0.00
CZ12/Mtl&0&rDXHP&New&HV_AirDist__SupFanMtr/NE-HVAC-FanBelt-VBelt-Std/instance-out.sql,159585.92,9054.7,32411.34,34352.14,0.0,22443.33,0.0,53609.51,3.36,0.0,0.0,0.0,7711.53,0.0,0.0,7958.53,32411.34,1096.17,0.00,22191.36,251.97
CZ12/Mtl&0&rDXHP&New&HV_AirDist__SupFanMtr/NE-HVAC-FanBelt-CoggedVBelt-Msr/instance-out.sql,158500.43,9121.18,32298.2,34352.14,0.0,22443.33,0.0,52570.68,3.36,0.0,0.0,0.0,7711.53,0.0,0.0,8034.21,32298.20,1086.97,0.00,22191.36,251.97
CZ12/Mtl&0&rDXHP&New&HV_AirDist__SupFanMtr/NE-HVAC-FanBelt-SynchVBelt-Msr/instance-out.sql,157002.66999999998,9259.25,32136.65,34352.14,0.0,22443.33,0.0,51096.41,3.36,0.0,0.0,0.0,7711.53,0.0,0.0,8154.64,32136.65,1104.61,0.00,22191.36,251.97
CZ12/Nrs&0&rDXHP&New&HV_AirDist__SupFanMtr/NE-HVAC-FanBelt-VBelt-Std/instance-out.sql,815495.79,39937.65,88591.67,103109.51,0.0,347425.87,0.0,121374.37,36.88,0.0,0.0,0.0,115019.85,0.0,0.0,8109.16,88591.67,31828.49,0.00,281574.59,65851.28
CZ12/Nrs&0&rDXHP&New&HV_AirDist__SupFanMtr/NE-HVAC-FanBelt-CoggedVBelt-Msr/instance-out.sql,813866.1799999999,40064.259999999995,88446.55,103109.51,0.0,347425.87,0.0,119804.32,36.75,0.0,0.0,0.0,114978.92,0.0,0.0,8193.98,88446.55,31870.28,0.00,281574.59,65851.28
CZ12/Nrs&0&rDXHP&New&HV_AirDist__SupFanMtr/NE-HVAC-FanBelt-SynchVBelt-Msr/instance-out.sql,811612.25,40266.32,88214.34,103109.51,0.0,347425.87,0.0,117550.42,36.62,0.0,0.0,0.0,115009.17,0.0,0.0,8315.82,88214.34,31950.50,0.00,281574.59,65851.28
CZ12/OfL&0&rDXHP&New&HV_AirDist__SupFanMtr/NE-HVAC-FanBelt-VBelt-Std/instance-out.sql,2085604.73,40384.97,281092.43,239041.7,0.0,829334.66,0.0,577068.47,2147.53,0.0,0.0,0.0,116534.97,0.0,0.0,12550.94,281092.43,27834.03,0.00,829334.66,0.00
CZ12/OfL&0&rDXHP&New&HV_AirDist__SupFanMtr/NE-HVAC-FanBelt-CoggedVBelt-Msr/instance-out.sql,2074459.89,40691.74,280022.05,239041.7,0.0,829334.66,0.0,566689.84,2147.06,0.0,0.0,0.0,116532.85,0.0,0.0,12833.67,280022.05,27858.07,0.00,829334.66,0.00
CZ12/OfL&0&rDXHP&New&HV_AirDist__SupFanMtr/NE-HVAC-FanBelt-SynchVBelt-Msr/instance-out.sql,2058541.59,41142.869999999995,278497.75,239041.7,0.0,829334.66,0.0,551845.02,2146.28,0.0,0.0,0.0,116533.32,0.0,0.0,13246.64,278497.75,27896.23,0.00,829334.66,0.00
CZ12/OfS&0&rDXHP&New&HV_AirDist__SupFanMtr/NE-HVAC-FanBelt-VBelt-Std/instance-out.sql,110159.76,3041.09,12288.99,12106.19,0.0,29387.4,0.0,31718.79,1.13,0.0,0.0,0.0,21616.17,0.0,0.0,3041.09,12288.99,0.00,0.00,29387.40,0.00
CZ12/OfS&0&rDXHP&New&HV_AirDist__SupFanMtr/NE-HVAC-FanBelt-CoggedVBelt-Msr/instance-out.sql,109518.47,3082.49,12227.26,12106.19,0.0,29387.4,0.0,31097.83,1.13,0.0,0.0,0.0,21616.17,0.0,0.0,3082.49,12227.26,0.00,0.00,29387.40,0.00
CZ12/OfS&0&rDXHP&New&HV_AirDist__SupFanMtr/NE-HVAC-FanBelt-SynchVBelt-Msr/instance-out.sql,108599.84,3140.97,12139.32,12106.19,0.0,29387.4,0.0,30208.66,1.13,0.0,0.0,0.0,21616.17,0.0,0.0,3140.97,12139.32,0.00,0.00,29387.40,0.00
CZ12/RFF&0&rDXHP&New&HV_AirDist__SupFanMtr/NE-HVAC-FanBelt-VBelt-Std/instance-out.sql,94324.11,1819.6299999999999,9008.38,6626.33,0.0,37903.17,0.0,13836.35,3.37,0.0,0.0,0.0,25126.85,0.0,0.0,1807.05,9008.38,12.58,0.00,18423.46,19479.71
CZ12/RFF&0&rDXHP&New&HV_AirDist__SupFanMtr/NE-HVAC-FanBelt-CoggedVBelt-Msr/instance-out.sql,94145.45999999999,1835.9099999999999,8990.81,6626.33,0.0,37903.17,0.0,13659.0,3.37,0.0,0.0,0.0,25126.85,0.0,0.0,1823.32,8990.81,12.59,0.00,18423.46,19479.71
CZ12/RFF&0&rDXHP&New&HV_AirDist__SupFanMtr/NE-HVAC-FanBelt-SynchVBelt-Msr/instance-out.sql,93890.38,1859.24,8965.76,6626.33,0.0,37903.17,0.0,13405.64,3.37,0.0,0.0,0.0,25126.85,0.0,0.0,1846.66,8965.76,12.58,0.00,18423.46,19479.71
CZ12/RSD&0&rDXHP&New&HV_AirDist__SupFanMtr/NE-HVAC-FanBelt-VBelt-Std/instance-out.sql,230652.78,25278.35,21840.26,16225.45,0.0,76546.73,0.0,26739.82,10.95,0.0,0.0,0.0,64011.23,0.0,0.0,1053.34,21840.26,24225.01,0.00,37475.60,39071.13
CZ12/RSD&0&rDXHP&New&HV_AirDist__SupFanMtr/NE-HVAC-FanBelt-CoggedVBelt-Msr/instance-out.sql,230553.53,25288.82,21830.08,16225.45,0.0,76546.73,0.0,26640.28,10.95,0.0,0.0,0.0,64011.23,0.0,0.0,1061.87,21830.08,24226.95,0.00,37475.60,39071.13
CZ12/RSD&0&rDXHP&New&HV_AirDist__SupFanMtr/NE-HVAC-FanBelt-SynchVBelt-Msr/instance-out.sql,230412.85,25304.43,21815.86,16225.45,0.0,76546.73,0.0,26498.2,10.95,0.0,0.0,0.0,64011.23,0.0,0.0,1074.16,21815.86,24230.27,0.00,37475.60,39071.13
CZ12/Rt3&0&rDXHP&New&HV_AirDist__SupFanMtr/NE-HVAC-FanBelt-VBelt-Std/instance-out.sql,1662567.59,32483.559999999998,201960.22,394371.6,0.0,436362.0,0.0,429573.95,3.38,0.0,0.0,0.0,167812.88,0.0,0.0,27973.21,201960.22,4510.35,0.00,436362.00,0.00
CZ12/Rt3&0&rDXHP&New&HV_AirDist__SupFanMtr/NE-HVAC-FanBelt-CoggedVBelt-Msr/instance-out.sql,1653890.5499999998,32952.8,201033.66,394371.6,0.0,436362.0,0.0,421354.22,3.38,0.0,0.0,0.0,167812.88,0.0,0.0,28433.57,201033.66,4519.23,0.00,436362.00,0.00
CZ12/Rt3&0&rDXHP&New&HV_AirDist__SupFanMtr/NE-HVAC-FanBelt-SynchVBelt-Msr/instance-out.sql,1641512.42,33633.89,199711.56,394371.6,0.0,436362.0,0.0,409617.11,3.38,0.0,0.0,0.0,167812.88,0.0,0.0,29102.14,199711.56,4531.75,0.00,436362.00,0.00
CZ12/RtL&0&rDXHP&New&HV_AirDist__SupFanMtr/NE-HVAC-FanBelt-VBelt-Std/instance-out.sql,1687662.5,24588.97,211534.93,395231.18,0.0,509200.67,0.0,423535.95,3.39,0.0,0.0,0.0,123567.41,0.0,0.0,24588.97,211534.93,0.00,0.00,468847.72,40352.95
CZ12/RtL&0&rDXHP&New&HV_AirDist__SupFanMtr/NE-HVAC-FanBelt-CoggedVBelt-Msr/instance-out.sql,1679034.9500000002,25017.88,210604.26,395231.18,0.0,509200.67,0.0,415410.16,3.39,0.0,0.0,0.0,123567.42,0.0,0.0,25017.88,210604.26,0.00,0.00,468847.72,40352.95
CZ12/RtL&0&rDXHP&New&HV_AirDist__SupFanMtr/NE-HVAC-FanBelt-SynchVBelt-Msr/instance-out.sql,1666719.4899999998,25639.6,209275.36,395231.18,0.0,509200.67,0.0,403801.89,3.39,0.0,0.0,0.0,123567.41,0.0,0.0,25639.60,209275.36,0.00,0.00,468847.72,40352.95
CZ12/RtS&0&rDXHP&New&HV_AirDist__SupFanMtr/NE-HVAC-FanBelt-VBelt-Std/instance-out.sql,105333.09999999999,4363.68,12823.21,23251.32,0.0,24440.79,0.0,25048.64,3.36,0.0,0.0,0.0,15402.09,0.0,0.0,4363.68,12823.21,0.00,0.00,24440.79,0.00
CZ12/RtS&0&rDXHP&New&HV_AirDist__SupFanMtr/NE-HVAC-FanBelt-CoggedVBelt-Msr/instance-out.sql,104829.84,4405.31,12769.47,23251.32,0.0,24440.79,0.0,24557.49,3.36,0.0,0.0,0.0,15402.09,0.0,0.0,4405.31,12769.47,0.00,0.00,24440.79,0.00
CZ12/RtS&0&rDXHP&New&HV_AirDist__SupFanMtr/NE-HVAC-FanBelt-SynchVBelt-Msr/instance-out.sql,104111.56,4465.27,12692.87,23251.32,0.0,24440.79,0.0,23855.85,3.36,0.0,0.0,0.0,15402.09,0.0,0.0,4465.27,12692.87,0.00,0.00,24440.79,0.00
CZ12/SCn&0&rDXHP&New&HV_AirDist__SupFanMtr/NE-HVAC-FanBelt-VBelt-Std/instance-out.sql,2695090.7,230069.05,355166.7,571539.04,0.0,449066.39,0.0,1006547.14,3.36,0.0,0.0,0.0,82699.02,0.0,0.0,230069.05,355166.70,0.00,0.00,449066.39,0.00
CZ12/SCn&0&rDXHP&New&HV_AirDist__SupFanMtr/NE-HVAC-FanBelt-CoggedVBelt-Msr/instance-out.sql,2675502.15,232227.54,353134.2,571539.04,0.0,449066.39,0.0,986832.61,3.36,0.0,0.0,0.0,82699.02,0.0,0.0,232227.54,353134.20,0.00,0.00,449066.39,0.00
CZ12/SCn&0&rDXHP&New&HV_AirDist__SupFanMtr/NE-HVAC-FanBelt-SynchVBelt-Msr/instance-out.sql,2647981.6399999997,235549.0,350234.71,571539.04,0.0,449066.39,0.0,958890.13,3.36,0.0,0.0,0.0,82699.01,0.0,0.0,235549.00,350234.71,0.00,0.00,449066.39,0.00
CZ13/Asm&0&rDXHP&New&HV_AirDist__SupFanMtr/NE-HVAC-FanBelt-VBelt-Std/instance-out.sql,665352.31,48631.76,182659.38,76844.55,0.0,145823.51,0.0,190392.35,3.36,0.0,0.0,0.0,20997.41,0.0,0.0,48631.76,182659.38,0.00,0.00,145823.51,0.00
CZ13/Asm&0&rDXHP&New&HV_AirDist__SupFanMtr/NE-HVAC-FanBelt-CoggedVBelt-Msr/instance-out.sql,661403.56,48930.76,182144.81,76844.55,0.0,145823.51,0.0,186659.17,3.36,0.0,0.0,0.0,20997.41,0.0,0.0,48930.76,182144.81,0.00,0.00,145823.51,0.00
CZ13/Asm&0&rDXHP&New&HV_AirDist__SupFanMtr/NE-HVAC-FanBelt-SynchVBelt-Msr/instance-out.sql,655761.55,49356.68,181409.99,76844.55,0.0,145823.51,0.0,181326.05,3.36,0.0,0.0,0.0,20997.42,0.0,0.0,49356.68,181409.99,0.00,0.00,145823.51,0.00
CZ13/ECC&0&rDXHP&New&HV_AirDist__SupFanMtr/NE-HVAC-FanBelt-VBelt-Std/instance-out.sql,2474339.45,20541.76,386835.82,167224.54,0.0,1013813.91,0.0,483180.4,800.38,0.0,0.0,0.0,401942.63,0.0,0.0,20169.00,386835.82,372.76,0.00,945189.93,68623.98
CZ13/ECC&0&rDXHP&New&HV_AirDist__SupFanMtr/NE-HVAC-FanBelt-CoggedVBelt-Msr/instance-out.sql,2465513.64,20829.559999999998,385604.25,167224.54,0.0,1013813.91,0.0,475300.44,800.33,0.0,0.0,0.0,401940.6,0.0,0.0,20456.35,385604.25,373.21,0.00,945189.93,68623.98
CZ13/ECC&0&rDXHP&New&HV_AirDist__SupFanMtr/NE-HVAC-FanBelt-SynchVBelt-Msr/instance-out.sql,2452932.37,21251.01,383859.52,167224.54,0.0,1013813.91,0.0,464044.15,800.08,0.0,0.0,0.0,401939.15,0.0,0.0,20877.35,383859.52,373.66,0.00,945189.93,68623.98
CZ13/EPr&0&rDXHP&New&HV_AirDist__SupFanMtr/NE-HVAC-FanBelt-VBelt-Std/instance-out.sql,368814.5,6998.34,61760.47,30835.78,0.0,125897.03,0.0,66085.98,3.37,0.0,0.0,0.0,77233.51,0.0,0.0,6998.34,61760.47,0.00,0.00,83226.75,42670.28
CZ13/EPr&0&rDXHP&New&HV_AirDist__SupFanMtr/NE-HVAC-FanBelt-CoggedVBelt-Msr/instance-out.sql,367640.54,7064.14,61594.4,30835.78,0.0,125897.03,0.0,65012.29,3.37,0.0,0.0,0.0,77233.51,0.0,0.0,7064.14,61594.40,0.00,0.00,83226.75,42670.28
CZ13/EPr&0&rDXHP&New&HV_AirDist__SupFanMtr/NE-HVAC-FanBelt-SynchVBelt-Msr/instance-out.sql,365993.2,7159.85,61357.1,30835.78,0.0,125897.03,0.0,63506.55,3.37,0.0,0.0,0.0,77233.51,0.0,0.0,7159.85,61357.10,0.00,0.00,83226.75,42670.28
CZ13/ERC&0&rDXHP&New&HV_AirDist__SupFanMtr/NE-HVAC-FanBelt-VBelt-Std/instance-out.sql,18417.58,463.42,2317.54,1016.35,0.0,2196.82,0.0,3439.88,3.36,0.0,0.0,0.0,8980.21,0.0,0.0,463.42,2317.54,0.00,0.00,2196.82,0.00
CZ13/ERC&0&rDXHP&New&HV_AirDist__SupFanMtr/NE-HVAC-FanBelt-CoggedVBelt-Msr/instance-out.sql,18348.73,468.91,2308.56,1016.35,0.0,2196.82,0.0,3374.52,3.36,0.0,0.0,0.0,8980.21,0.0,0.0,468.91,2308.56,0.00,0.00,2196.82,0.00
CZ13/ERC&0&rDXHP&New&HV_AirDist__SupFanMtr/NE-HVAC-FanBelt-SynchVBelt-Msr/instance-out.sql,18250.3,477.05,2295.76,1016.35,0.0,2196.82,0.0,3280.76,3.36,0.0,0.0,0.0,8980.21,0.0,0.0,477.05,2295.76,0.00,0.00,2196.82,0.00
CZ13/ESe&0&rDXHP&New&HV_AirDist__SupFanMtr/NE-HVAC-FanBelt-VBelt-Std/instance-out.sql,1107341.67,121102.9,174433.87,94750.45,0.0,323176.74,0.0,182643.76,3.39,0.0,0.0,0.0,211230.56,0.0,0.0,4447.82,174433.87,116655.08,0.00,259085.82,64090.92
CZ13/ESe&0&rDXHP&New&HV_AirDist__SupFanMtr/NE-HVAC-FanBelt-CoggedVBelt-Msr/instance-out.sql,1105963.62,121163.96,174237.34,94750.45,0.0,323176.74,0.0,181401.17,3.39,0.0,0.0,0.0,211230.57,0.0,0.0,4502.36,174237.34,116661.60,0.00,259085.82,64090.92
CZ13/ESe&0&rDXHP&New&HV_AirDist__SupFanMtr/NE-HVAC-FanBelt-SynchVBelt-Msr/instance-out.sql,1103996.31,121252.26000000001,173957.05,94750.45,0.0,323176.74,0.0,179625.85,3.39,0.0,0.0,0.0,211230.57,0.0,0.0,4581.10,173957.05,116671.16,0.00,259085.82,64090.92
CZ13/EUn&0&rDXHP&New&HV_AirDist__SupFanMtr/NE-HVAC-FanBelt-VBelt-Std/instance-out.sql,7756112.18,58776.33,1160431.75,644388.1,0.0,3682881.23,0.0,1528498.91,3.37,0.0,0.0,0.0,681132.49,0.0,0.0,57616.64,1160431.75,1159.69,0.00,3555459.15,127422.08
CZ13/EUn&0&rDXHP&New&HV_AirDist__SupFanMtr/NE-HVAC-FanBelt-CoggedVBelt-Msr/instance-out.sql,7729375.39,59629.68,1157010.47,644388.1,0.0,3682881.23,0.0,1504330.04,3.37,0.0,0.0,0.0,681132.5,0.0,0.0,58468.89,1157010.47,1160.79,0.00,3555459.15,127422.08
CZ13/EUn&0&rDXHP&New&HV_AirDist__SupFanMtr/NE-HVAC-FanBelt-SynchVBelt-Msr/instance-out.sql,7691220.430000001,60863.73,1152129.35,644388.1,0.0,3682881.23,0.0,1469822.15,3.37,0.0,0.0,0.0,681132.5,0.0,0.0,59701.44,1152129.35,1162.29,0.00,3555459.15,127422.08
CZ13/Hsp&0&rDXHP&New&HV_AirDist__SupFanMtr/NE-HVAC-FanBelt-VBelt-Std/instance-out.sql,3726955.05,173484.94999999998,965536.03,625795.42,0.0,1182847.3,0.0,502864.85,38277.95,0.0,0.0,0.0,238148.55,0.0,0.0,6639.86,965536.03,166845.09,0.00,1139112.10,43735.20
CZ13/Hsp&0&rDXHP&New&HV_AirDist__SupFanMtr/NE-HVAC-FanBelt-CoggedVBelt-Msr/instance-out.sql,3721709.56,173759.23,964903.88,625795.42,0.0,1182847.3,0.0,497975.92,38279.26,0.0,0.0,0.0,238148.55,0.0,0.0,6753.39,964903.88,167005.84,0.00,1139112.10,43735.20
CZ13/Hsp&0&rDXHP&New&HV_AirDist__SupFanMtr/NE-HVAC-FanBelt-SynchVBelt-Msr/instance-out.sql,3713961.53,174054.9,963863.08,625795.42,0.0,1182847.3,0.0,490980.96,38271.31,0.0,0.0,0.0,238148.55,0.0,0.0,6918.74,963863.08,167136.16,0.00,1139112.10,43735.20
CZ13/MBT&0&rDXHP&New&HV_AirDist__SupFanMtr/NE-HVAC-FanBelt-VBelt-Std/instance-out.sql,6418256.470000001,2011859.89,688341.14,438466.02,0.0,2167645.51,0.0,953246.99,582.17,0.0,0.0,0.0,158114.75,0.0,0.0,25024.26,688341.14,1986835.63,0.00,1394057.91,773587.60
CZ13/MBT&0&rDXHP&New&HV_AirDist__SupFanMtr/NE-HVAC-FanBelt-CoggedVBelt-Msr/instance-out.sql,6412647.35,2012245.6600000001,687636.89,438466.02,0.0,2167645.51,0.0,947956.34,582.17,0.0,0.0,0.0,158114.75,0.0,0.0,25327.58,687636.89,1986918.08,0.00,1394057.91,773587.60
CZ13/MBT&0&rDXHP&New&HV_AirDist__SupFanMtr/NE-HVAC-FanBelt-SynchVBelt-Msr/instance-out.sql,6404639.66,2012800.8699999999,686632.09,438466.02,0.0,2167645.51,0.0,940398.25,582.17,0.0,0.0,0.0,158114.75,0.0,0.0,25765.15,686632.09,1987035.72,0.00,1394057.91,773587.60
CZ13/MLI&0&rDXHP&New&HV_AirDist__SupFanMtr/NE-HVAC-FanBelt-VBelt-Std/instance-out.sql,971505.89,24726.18,166127.37,153603.74,0.0,239893.0,0.0,342702.79,3.37,0.0,0.0,0.0,44449.43,0.0,0.0,24726.18,166127.37,0.00,0.00,239893.00,0.00
CZ13/MLI&0&rDXHP&New&HV_AirDist__SupFanMtr/NE-HVAC-FanBelt-CoggedVBelt-Msr/instance-out.sql,964391.39,25162.6,165296.12,153603.74,0.0,239893.0,0.0,335983.13,3.37,0.0,0.0,0.0,44449.43,0.0,0.0,25162.60,165296.12,0.00,0.00,239893.00,0.00
CZ13/MLI&0&rDXHP&New&HV_AirDist__SupFanMtr/NE-HVAC-FanBelt-SynchVBelt-Msr/instance-out.sql,954237.27,25793.79,164110.32,153603.74,0.0,239893.0,0.0,326383.61,3.37,0.0,0.0,0.0,44449.43,0.0,0.0,25793.79,164110.32,0.00,0.00,239893.00,0.00
CZ13/Mtl&0&rDXHP&New&HV_AirDist__SupFanMtr/NE-HVAC-FanBelt-VBelt-Std/instance-out.sql,177554.66999999998,7591.51,49014.72,34352.14,0.0,22443.33,0.0,56522.39,3.36,0.0,0.0,0.0,7627.22,0.0,0.0,6687.02,49014.72,904.49,0.00,22191.36,251.97
CZ13/Mtl&0&rDXHP&New&HV_AirDist__SupFanMtr/NE-HVAC-FanBelt-CoggedVBelt-Msr/instance-out.sql,176396.87,7667.549999999999,48864.86,34352.14,0.0,22443.33,0.0,55438.41,3.36,0.0,0.0,0.0,7627.22,0.0,0.0,6758.94,48864.86,908.61,0.00,22191.36,251.97
CZ13/Mtl&0&rDXHP&New&HV_AirDist__SupFanMtr/NE-HVAC-FanBelt-SynchVBelt-Msr/instance-out.sql,174715.51,7757.72,48651.57,34352.14,0.0,22443.33,0.0,53880.16,3.36,0.0,0.0,0.0,7627.22,0.0,0.0,6857.06,48651.57,900.66,0.00,22191.36,251.97
CZ13/Nrs&0&rDXHP&New&HV_AirDist__SupFanMtr/NE-HVAC-FanBelt-VBelt-Std/instance-out.sql,861720.6900000001,37697.28,133561.63,103109.51,0.0,347425.87,0.0,132379.36,41.71,0.0,0.0,0.0,107505.33,0.0,0.0,6535.00,133561.63,31162.28,0.00,281574.59,65851.28
CZ13/Nrs&0&rDXHP&New&HV_AirDist__SupFanMtr/NE-HVAC-FanBelt-CoggedVBelt-Msr/instance-out.sql,859949.94,37830.17,133348.86,103109.51,0.0,347425.87,0.0,130701.79,41.69,0.0,0.0,0.0,107492.04,0.0,0.0,6611.39,133348.86,31218.78,0.00,281574.59,65851.28
CZ13/Nrs&0&rDXHP&New&HV_AirDist__SupFanMtr/NE-HVAC-FanBelt-SynchVBelt-Msr/instance-out.sql,857437.2100000001,38023.24,133034.01,103109.51,0.0,347425.87,0.0,128300.3,41.78,0.0,0.0,0.0,107502.5,0.0,0.0,6721.85,133034.01,31301.39,0.00,281574.59,65851.28
CZ13/OfL&0&rDXHP&New&HV_AirDist__SupFanMtr/NE-HVAC-FanBelt-VBelt-Std/instance-out.sql,2231058.4,33472.1,411866.55,239041.7,0.0,829334.66,0.0,605844.64,2585.48,0.0,0.0,0.0,108913.26,0.0,0.0,9530.92,411866.55,23941.18,0.00,829334.66,0.00
CZ13/OfL&0&rDXHP&New&HV_AirDist__SupFanMtr/NE-HVAC-FanBelt-CoggedVBelt-Msr/instance-out.sql,2218961.49,33659.36,410413.87,239041.7,0.0,829334.66,0.0,595018.49,2587.93,0.0,0.0,0.0,108905.47,0.0,0.0,9770.92,410413.87,23888.44,0.00,829334.66,0.00
CZ13/OfL&0&rDXHP&New&HV_AirDist__SupFanMtr/NE-HVAC-FanBelt-SynchVBelt-Msr/instance-out.sql,2201872.32,34061.01,408323.12,239041.7,0.0,829334.66,0.0,579614.04,2585.44,0.0,0.0,0.0,108912.34,0.0,0.0,10119.78,408323.12,23941.23,0.00,829334.66,0.00
CZ13/OfS&0&rDXHP&New&HV_AirDist__SupFanMtr/NE-HVAC-FanBelt-VBelt-Std/instance-out.sql,118730.26,2443.0,20026.9,12106.19,0.0,29387.4,0.0,34346.17,1.13,0.0,0.0,0.0,20419.47,0.0,0.0,2443.00,20026.90,0.00,0.00,29387.40,0.00
CZ13/OfS&0&rDXHP&New&HV_AirDist__SupFanMtr/NE-HVAC-FanBelt-CoggedVBelt-Msr/instance-out.sql,118006.43000000001,2480.67,19938.5,12106.19,0.0,29387.4,0.0,33673.06,1.13,0.0,0.0,0.0,20419.47,0.0,0.0,2480.67,19938.50,0.00,0.00,29387.40,0.00
CZ13/OfS&0&rDXHP&New&HV_AirDist__SupFanMtr/NE-HVAC-FanBelt-SynchVBelt-Msr/instance-out.sql,116974.44,2535.27,19812.36,12106.19,0.0,29387.4,0.0,32712.61,1.13,0.0,0.0,0.0,20419.47,0.0,0.0,2535.27,19812.36,0.00,0.00,29387.40,0.00
CZ13/RFF&0&rDXHP&New&HV_AirDist__SupFanMtr/NE-HVAC-FanBelt-VBelt-Std/instance-out.sql,97707.88,1403.35,13142.01,6626.33,0.0,37903.17,0.0,14828.18,3.37,0.0,0.0,0.0,23801.45,0.0,0.0,1402.53,13142.01,0.82,0.00,18423.46,19479.71
CZ13/RFF&0&rDXHP&New&HV_AirDist__SupFanMtr/NE-HVAC-FanBelt-CoggedVBelt-Msr/instance-out.sql,97506.38,1417.97,13117.03,6626.33,0.0,37903.17,0.0,14637.05,3.37,0.0,0.0,0.0,23801.45,0.0,0.0,1417.15,13117.03,0.82,0.00,18423.46,19479.71
CZ13/RFF&0&rDXHP&New&HV_AirDist__SupFanMtr/NE-HVAC-FanBelt-SynchVBelt-Msr/instance-out.sql,97218.78,1439.06,13081.39,6626.33,0.0,37903.17,0.0,14364.0,3.37,0.0,0.0,0.0,23801.45,0.0,0.0,1438.24,13081.39,0.82,0.00,18423.46,19479.71
CZ13/RSD&0&rDXHP&New&HV_AirDist__SupFanMtr/NE-HVAC-FanBelt-VBelt-Std/instance-out.sql,239649.96000000002,26278.73,31009.12,16225.45,0.0,76546.73,0.0,29566.05,10.13,0.0,0.0,0.0,60013.76,0.0,0.0,856.76,31009.12,25421.97,0.00,37475.60,39071.13
CZ13/RSD&0&rDXHP&New&HV_AirDist__SupFanMtr/NE-HVAC-FanBelt-CoggedVBelt-Msr/instance-out.sql,239537.45,26288.09,30994.89,16225.45,0.0,76546.73,0.0,29458.4,10.13,0.0,0.0,0.0,60013.76,0.0,0.0,864.50,30994.89,25423.59,0.00,37475.60,39071.13
CZ13/RSD&0&rDXHP&New&HV_AirDist__SupFanMtr/NE-HVAC-FanBelt-SynchVBelt-Msr/instance-out.sql,239376.99,26301.72,30974.63,16225.45,0.0,76546.73,0.0,29304.57,10.14,0.0,0.0,0.0,60013.76,0.0,0.0,875.59,30974.63,25426.13,0.00,37475.60,39071.13
CZ13/Rt3&0&rDXHP&New&HV_AirDist__SupFanMtr/NE-HVAC-FanBelt-VBelt-Std/instance-out.sql,1752978.86,23570.13,298680.18,394371.6,0.0,436362.0,0.0,443254.86,3.38,0.0,0.0,0.0,156736.7,0.0,0.0,20443.33,298680.18,3126.80,0.00,436362.00,0.00
CZ13/Rt3&0&rDXHP&New&HV_AirDist__SupFanMtr/NE-HVAC-FanBelt-CoggedVBelt-Msr/instance-out.sql,1743718.77,23980.68,297495.44,394371.6,0.0,436362.0,0.0,434768.96,3.38,0.0,0.0,0.0,156736.7,0.0,0.0,20845.94,297495.44,3134.74,0.00,436362.00,0.00
CZ13/Rt3&0&rDXHP&New&HV_AirDist__SupFanMtr/NE-HVAC-FanBelt-SynchVBelt-Msr/instance-out.sql,1730506.6,24577.9,295806.39,394371.6,0.0,436362.0,0.0,422648.63,3.38,0.0,0.0,0.0,156736.7,0.0,0.0,21431.11,295806.39,3146.79,0.00,436362.00,0.00
CZ13/RtL&0&rDXHP&New&HV_AirDist__SupFanMtr/NE-HVAC-FanBelt-VBelt-Std/instance-out.sql,1801373.31,19405.41,309511.63,395231.18,0.0,509200.67,0.0,452517.73,3.39,0.0,0.0,0.0,115503.3,0.0,0.0,19405.41,309511.63,0.00,0.00,468847.72,40352.95
CZ13/RtL&0&rDXHP&New&HV_AirDist__SupFanMtr/NE-HVAC-FanBelt-CoggedVBelt-Msr/instance-out.sql,1791872.34,19799.71,308296.89,395231.18,0.0,509200.67,0.0,443837.2,3.39,0.0,0.0,0.0,115503.29,0.0,0.0,19799.71,308296.89,0.00,0.00,468847.72,40352.95
CZ13/RtL&0&rDXHP&New&HV_AirDist__SupFanMtr/NE-HVAC-FanBelt-SynchVBelt-Msr/instance-out.sql,1778305.79,20370.6,306560.22,395231.18,0.0,509200.67,0.0,431436.44,3.39,0.0,0.0,0.0,115503.29,0.0,0.0,20370.60,306560.22,0.00,0.00,468847.72,40352.95
CZ13/RtS&0&rDXHP&New&HV_AirDist__SupFanMtr/NE-HVAC-FanBelt-VBelt-Std/instance-out.sql,111805.86,3460.46,19841.05,23251.32,0.0,24440.79,0.0,26047.6,3.36,0.0,0.0,0.0,14761.27,0.0,0.0,3460.46,19841.05,0.00,0.00,24440.79,0.00
CZ13/RtS&0&rDXHP&New&HV_AirDist__SupFanMtr/NE-HVAC-FanBelt-CoggedVBelt-Msr/instance-out.sql,111262.11,3497.06,19771.44,23251.32,0.0,24440.79,0.0,25536.87,3.36,0.0,0.0,0.0,14761.27,0.0,0.0,3497.06,19771.44,0.00,0.00,24440.79,0.00
CZ13/RtS&0&rDXHP&New&HV_AirDist__SupFanMtr/NE-HVAC-FanBelt-SynchVBelt-Msr/instance-out.sql,110485.94,3549.88,19672.08,23251.32,0.0,24440.79,0.0,24807.24,3.36,0.0,0.0,0.0,14761.27,0.0,0.0,3549.88,19672.08,0.00,0.00,24440.79,0.00
CZ13/SCn&0&rDXHP&New&HV_AirDist__SupFanMtr/NE-HVAC-FanBelt-VBelt-Std/instance-out.sql,3074420.18,185834.73,617892.08,571539.04,0.0,449066.39,0.0,1172677.84,3.36,0.0,0.0,0.0,77406.74,0.0,0.0,185834.73,617892.08,0.00,0.00,449066.39,0.00
CZ13/SCn&0&rDXHP&New&HV_AirDist__SupFanMtr/NE-HVAC-FanBelt-CoggedVBelt-Msr/instance-out.sql,3050158.43,187709.36,614926.22,571539.04,0.0,449066.39,0.0,1149507.32,3.36,0.0,0.0,0.0,77406.74,0.0,0.0,187709.36,614926.22,0.00,0.00,449066.39,0.00
CZ13/SCn&0&rDXHP&New&HV_AirDist__SupFanMtr/NE-HVAC-FanBelt-SynchVBelt-Msr/instance-out.sql,3016004.4000000004,190682.17,610691.52,571539.04,0.0,449066.39,0.0,1116615.19,3.36,0.0,0.0,0.0,77406.74,0.0,0.0,190682.17,610691.52,0.00,0.00,449066.39,0.00
CZ14/Asm&0&rDXHP&New&HV_AirDist__SupFanMtr/NE-HVAC-FanBelt-VBelt-Std/instance-out.sql,676782.93,52202.79,176891.95,76844.55,0.0,145823.51,0.0,203564.66,3.36,0.0,0.0,0.0,21452.12,0.0,0.0,52202.79,176891.95,0.00,0.00,145823.51,0.00
CZ14/Asm&0&rDXHP&New&HV_AirDist__SupFanMtr/NE-HVAC-FanBelt-CoggedVBelt-Msr/instance-out.sql,672547.43,52516.05,176334.65,76844.55,0.0,145823.51,0.0,199573.19,3.36,0.0,0.0,0.0,21452.12,0.0,0.0,52516.05,176334.65,0.00,0.00,145823.51,0.00
CZ14/Asm&0&rDXHP&New&HV_AirDist__SupFanMtr/NE-HVAC-FanBelt-SynchVBelt-Msr/instance-out.sql,666499.8,52965.6,175539.56,76844.55,0.0,145823.51,0.0,193871.1,3.36,0.0,0.0,0.0,21452.12,0.0,0.0,52965.60,175539.56,0.00,0.00,145823.51,0.00
CZ14/ECC&0&rDXHP&New&HV_AirDist__SupFanMtr/NE-HVAC-FanBelt-VBelt-Std/instance-out.sql,2510202.85,26382.73,386303.72,167224.54,0.0,1013813.91,0.0,501596.05,773.85,0.0,0.0,0.0,414108.04,0.0,0.0,26062.42,386303.72,320.31,0.00,945189.93,68623.98
CZ14/ECC&0&rDXHP&New&HV_AirDist__SupFanMtr/NE-HVAC-FanBelt-CoggedVBelt-Msr/instance-out.sql,2501135.3000000003,26707.079999999998,385073.27,167224.54,0.0,1013813.91,0.0,493434.3,774.18,0.0,0.0,0.0,414108.0,0.0,0.0,26386.39,385073.27,320.69,0.00,945189.93,68623.98
CZ14/ECC&0&rDXHP&New&HV_AirDist__SupFanMtr/NE-HVAC-FanBelt-SynchVBelt-Msr/instance-out.sql,2488143.62,27181.62,383286.74,167224.54,0.0,1013813.91,0.0,481754.85,773.93,0.0,0.0,0.0,414108.02,0.0,0.0,26860.26,383286.74,321.36,0.00,945189.93,68623.98
CZ14/EPr&0&rDXHP&New&HV_AirDist__SupFanMtr/NE-HVAC-FanBelt-VBelt-Std/instance-out.sql,374956.89,8715.17,60948.72,30835.78,0.0,125897.03,0.0,69116.78,3.37,0.0,0.0,0.0,79440.03,0.0,0.0,8715.17,60948.72,0.00,0.00,83226.75,42670.28
CZ14/EPr&0&rDXHP&New&HV_AirDist__SupFanMtr/NE-HVAC-FanBelt-CoggedVBelt-Msr/instance-out.sql,373731.22,8785.56,60778.5,30835.78,0.0,125897.03,0.0,67990.93,3.37,0.0,0.0,0.0,79440.03,0.0,0.0,8785.56,60778.50,0.00,0.00,83226.75,42670.28
CZ14/EPr&0&rDXHP&New&HV_AirDist__SupFanMtr/NE-HVAC-FanBelt-SynchVBelt-Msr/instance-out.sql,371979.81,8887.4,60535.7,30835.78,0.0,125897.03,0.0,66380.5,3.37,0.0,0.0,0.0,79440.04,0.0,0.0,8887.40,60535.70,0.00,0.00,83226.75,42670.28
CZ14/ERC&0&rDXHP&New&HV_AirDist__SupFanMtr/NE-HVAC-FanBelt-VBelt-Std/instance-out.sql,18591.41,591.61,2255.1,1016.35,0.0,2196.82,0.0,3468.03,3.36,0.0,0.0,0.0,9060.14,0.0,0.0,591.61,2255.10,0.00,0.00,2196.82,0.00
CZ14/ERC&0&rDXHP&New&HV_AirDist__SupFanMtr/NE-HVAC-FanBelt-CoggedVBelt-Msr/instance-out.sql,18522.42,597.47,2246.21,1016.35,0.0,2196.82,0.0,3402.08,3.36,0.0,0.0,0.0,9060.14,0.0,0.0,597.47,2246.21,0.00,0.00,2196.82,0.00
CZ14/ERC&0&rDXHP&New&HV_AirDist__SupFanMtr/NE-HVAC-FanBelt-SynchVBelt-Msr/instance-out.sql,18423.35,606.06,2233.5,1016.35,0.0,2196.82,0.0,3307.11,3.36,0.0,0.0,0.0,9060.14,0.0,0.0,606.06,2233.50,0.00,0.00,2196.82,0.00
CZ14/ESe&0&rDXHP&New&HV_AirDist__SupFanMtr/NE-HVAC-FanBelt-VBelt-Std/instance-out.sql,1109852.95,117619.15000000001,168999.7,94750.45,0.0,323176.74,0.0,187753.29,3.39,0.0,0.0,0.0,217550.23,0.0,0.0,5461.08,168999.70,112158.07,0.00,259085.82,64090.92
CZ14/ESe&0&rDXHP&New&HV_AirDist__SupFanMtr/NE-HVAC-FanBelt-CoggedVBelt-Msr/instance-out.sql,1108427.98,117683.98,168798.68,94750.45,0.0,323176.74,0.0,186464.5,3.39,0.0,0.0,0.0,217550.23,0.0,0.0,5519.94,168798.68,112164.04,0.00,259085.82,64090.92
CZ14/ESe&0&rDXHP&New&HV_AirDist__SupFanMtr/NE-HVAC-FanBelt-SynchVBelt-Msr/instance-out.sql,1106394.84,117777.03,168512.04,94750.45,0.0,323176.74,0.0,184624.96,3.39,0.0,0.0,0.0,217550.23,0.0,0.0,5604.74,168512.04,112172.29,0.00,259085.82,64090.92
CZ14/EUn&0&rDXHP&New&HV_AirDist__SupFanMtr/NE-HVAC-FanBelt-VBelt-Std/instance-out.sql,7912137.13,80166.69,1175647.48,644388.1,0.0,3682881.23,0.0,1627201.83,3.37,0.0,0.0,0.0,701848.42,0.0,0.0,78682.83,1175647.48,1483.86,0.00,3555459.15,127422.08
CZ14/EUn&0&rDXHP&New&HV_AirDist__SupFanMtr/NE-HVAC-FanBelt-CoggedVBelt-Msr/instance-out.sql,7883806.88,81194.22,1172010.83,644388.1,0.0,3682881.23,0.0,1601480.71,3.37,0.0,0.0,0.0,701848.42,0.0,0.0,79707.76,1172010.83,1486.46,0.00,3555459.15,127422.08
CZ14/EUn&0&rDXHP&New&HV_AirDist__SupFanMtr/NE-HVAC-FanBelt-SynchVBelt-Msr/instance-out.sql,7843353.47,82683.79,1166824.17,644388.1,0.0,3682881.23,0.0,1564724.37,3.37,0.0,0.0,0.0,701848.44,0.0,0.0,81193.68,1166824.17,1490.11,0.00,3555459.15,127422.08
CZ14/Hsp&0&rDXHP&New&HV_AirDist__SupFanMtr/NE-HVAC-FanBelt-VBelt-Std/instance-out.sql,3763501.46,160555.46,966974.47,625795.42,0.0,1182847.3,0.0,544769.44,37272.25,0.0,0.0,0.0,245287.12,0.0,0.0,8700.66,966974.47,151854.80,0.00,1139112.10,43735.20
CZ14/Hsp&0&rDXHP&New&HV_AirDist__SupFanMtr/NE-HVAC-FanBelt-CoggedVBelt-Msr/instance-out.sql,3757814.41,160753.55000000002,966277.93,625795.42,0.0,1182847.3,0.0,539583.96,37266.63,0.0,0.0,0.0,245289.61,0.0,0.0,8829.70,966277.93,151923.85,0.00,1139112.10,43735.20
CZ14/Hsp&0&rDXHP&New&HV_AirDist__SupFanMtr/NE-HVAC-FanBelt-SynchVBelt-Msr/instance-out.sql,3749590.5500000003,161047.84999999998,965168.04,625795.42,0.0,1182847.3,0.0,532180.09,37263.13,0.0,0.0,0.0,245288.72,0.0,0.0,9018.61,965168.04,152029.24,0.00,1139112.10,43735.20
CZ14/MBT&0&rDXHP&New&HV_AirDist__SupFanMtr/NE-HVAC-FanBelt-VBelt-Std/instance-out.sql,6382745.75,2087242.67,648654.31,438466.02,0.0,2167645.51,0.0,877375.23,548.47,0.0,0.0,0.0,162813.54,0.0,0.0,29808.64,648654.31,2057434.03,0.00,1394057.91,773587.60
CZ14/MBT&0&rDXHP&New&HV_AirDist__SupFanMtr/NE-HVAC-FanBelt-CoggedVBelt-Msr/instance-out.sql,6376914.720000001,2087674.79,647926.16,438466.02,0.0,2167645.51,0.0,871840.22,548.47,0.0,0.0,0.0,162813.54,0.0,0.0,30153.21,647926.16,2057521.58,0.00,1394057.91,773587.60
CZ14/MBT&0&rDXHP&New&HV_AirDist__SupFanMtr/NE-HVAC-FanBelt-SynchVBelt-Msr/instance-out.sql,6368590.619999999,2088296.97,646887.27,438466.02,0.0,2167645.51,0.0,863932.85,548.46,0.0,0.0,0.0,162813.54,0.0,0.0,30650.77,646887.27,2057646.20,0.00,1394057.91,773587.60
CZ14/MLI&0&rDXHP&New&HV_AirDist__SupFanMtr/NE-HVAC-FanBelt-VBelt-Std/instance-out.sql,993592.8700000001,29596.3,163354.74,153603.74,0.0,239893.0,0.0,361491.28,3.37,0.0,0.0,0.0,45650.44,0.0,0.0,29596.30,163354.74,0.00,0.00,239893.00,0.00
CZ14/MLI&0&rDXHP&New&HV_AirDist__SupFanMtr/NE-HVAC-FanBelt-CoggedVBelt-Msr/instance-out.sql,986116.76,30091.1,162471.89,153603.74,0.0,239893.0,0.0,354403.22,3.37,0.0,0.0,0.0,45650.44,0.0,0.0,30091.10,162471.89,0.00,0.00,239893.00,0.00
CZ14/MLI&0&rDXHP&New&HV_AirDist__SupFanMtr/NE-HVAC-FanBelt-SynchVBelt-Msr/instance-out.sql,975449.02,30808.74,161212.32,153603.74,0.0,239893.0,0.0,344277.41,3.37,0.0,0.0,0.0,45650.44,0.0,0.0,30808.74,161212.32,0.00,0.00,239893.00,0.00
CZ14/Mtl&0&rDXHP&New&HV_AirDist__SupFanMtr/NE-HVAC-FanBelt-VBelt-Std/instance-out.sql,177716.85,7565.620000000001,47432.12,34352.14,0.0,22443.33,0.0,58257.48,3.36,0.0,0.0,0.0,7662.79,0.0,0.0,7006.68,47432.12,558.94,0.00,22191.36,251.97
CZ14/Mtl&0&rDXHP&New&HV_AirDist__SupFanMtr/NE-HVAC-FanBelt-CoggedVBelt-Msr/instance-out.sql,176510.21000000002,7635.61,47276.99,34352.14,0.0,22443.33,0.0,57135.99,3.36,0.0,0.0,0.0,7662.79,0.0,0.0,7075.61,47276.99,560.00,0.00,22191.36,251.97
CZ14/Mtl&0&rDXHP&New&HV_AirDist__SupFanMtr/NE-HVAC-FanBelt-SynchVBelt-Msr/instance-out.sql,174788.05,7737.13,47055.47,34352.14,0.0,22443.33,0.0,55533.82,3.36,0.0,0.0,0.0,7662.79,0.0,0.0,7175.10,47055.47,562.03,0.00,22191.36,251.97
CZ14/Nrs&0&rDXHP&New&HV_AirDist__SupFanMtr/NE-HVAC-FanBelt-VBelt-Std/instance-out.sql,865974.39,37781.24,127834.22,103109.51,0.0,347425.87,0.0,139133.23,39.03,0.0,0.0,0.0,110651.27,0.0,0.0,8290.76,127834.22,29490.48,0.00,281574.59,65851.28
CZ14/Nrs&0&rDXHP&New&HV_AirDist__SupFanMtr/NE-HVAC-FanBelt-CoggedVBelt-Msr/instance-out.sql,864051.01,37889.08,127588.29,103109.51,0.0,347425.87,0.0,137362.16,38.84,0.0,0.0,0.0,110637.27,0.0,0.0,8374.42,127588.29,29514.66,0.00,281574.59,65851.28
CZ14/Nrs&0&rDXHP&New&HV_AirDist__SupFanMtr/NE-HVAC-FanBelt-SynchVBelt-Msr/instance-out.sql,861422.21,38077.64,127273.54,103109.51,0.0,347425.87,0.0,134839.95,38.86,0.0,0.0,0.0,110656.85,0.0,0.0,8495.97,127273.54,29581.67,0.00,281574.59,65851.28
CZ14/OfL&0&rDXHP&New&HV_AirDist__SupFanMtr/NE-HVAC-FanBelt-VBelt-Std/instance-out.sql,2269114.83,38421.47,410372.61,239041.7,0.0,829334.66,0.0,637364.21,2472.44,0.0,0.0,0.0,112107.73,0.0,0.0,13177.13,410372.61,25244.34,0.00,829334.66,0.00
CZ14/OfL&0&rDXHP&New&HV_AirDist__SupFanMtr/NE-HVAC-FanBelt-CoggedVBelt-Msr/instance-out.sql,2256369.68,38709.87,408822.57,239041.7,0.0,829334.66,0.0,625878.84,2472.28,0.0,0.0,0.0,112109.75,0.0,0.0,13472.56,408822.57,25237.31,0.00,829334.66,0.00
CZ14/OfL&0&rDXHP&New&HV_AirDist__SupFanMtr/NE-HVAC-FanBelt-SynchVBelt-Msr/instance-out.sql,2238185.79,39149.6,406602.96,239041.7,0.0,829334.66,0.0,609473.52,2472.11,0.0,0.0,0.0,112111.25,0.0,0.0,13907.64,406602.96,25241.96,0.00,829334.66,0.00
CZ14/OfS&0&rDXHP&New&HV_AirDist__SupFanMtr/NE-HVAC-FanBelt-VBelt-Std/instance-out.sql,121075.48000000001,2949.78,19713.26,12106.19,0.0,29387.4,0.0,35995.67,1.13,0.0,0.0,0.0,20922.04,0.0,0.0,2949.78,19713.26,0.00,0.00,29387.40,0.00
CZ14/OfS&0&rDXHP&New&HV_AirDist__SupFanMtr/NE-HVAC-FanBelt-CoggedVBelt-Msr/instance-out.sql,120319.4,2990.38,19621.71,12106.19,0.0,29387.4,0.0,35290.53,1.13,0.0,0.0,0.0,20922.04,0.0,0.0,2990.38,19621.71,0.00,0.00,29387.40,0.00
CZ14/OfS&0&rDXHP&New&HV_AirDist__SupFanMtr/NE-HVAC-FanBelt-SynchVBelt-Msr/instance-out.sql,119240.18,3049.11,19491.12,12106.19,0.0,29387.4,0.0,34283.19,1.13,0.0,0.0,0.0,20922.04,0.0,0.0,3049.11,19491.12,0.00,0.00,29387.40,0.00
CZ14/RFF&0&rDXHP&New&HV_AirDist__SupFanMtr/NE-HVAC-FanBelt-VBelt-Std/instance-out.sql,98236.10999999999,1625.0,12472.38,6626.33,0.0,37903.17,0.0,15247.66,3.37,0.0,0.0,0.0,24358.19,0.0,0.0,1620.06,12472.38,4.94,0.00,18423.46,19479.71
CZ14/RFF&0&rDXHP&New&HV_AirDist__SupFanMtr/NE-HVAC-FanBelt-CoggedVBelt-Msr/instance-out.sql,98028.58,1639.92,12447.28,6626.33,0.0,37903.17,0.0,15050.29,3.37,0.0,0.0,0.0,24358.19,0.0,0.0,1634.98,12447.28,4.94,0.00,18423.46,19479.71
CZ14/RFF&0&rDXHP&New&HV_AirDist__SupFanMtr/NE-HVAC-FanBelt-SynchVBelt-Msr/instance-out.sql,97732.32,1661.42,12411.47,6626.33,0.0,37903.17,0.0,14768.34,3.37,0.0,0.0,0.0,24358.2,0.0,0.0,1656.47,12411.47,4.95,0.00,18423.46,19479.71
CZ14/RSD&0&rDXHP&New&HV_AirDist__SupFanMtr/NE-HVAC-FanBelt-VBelt-Std/instance-out.sql,245160.36,30095.84,29665.45,16225.45,0.0,76546.73,0.0,30923.24,10.82,0.0,0.0,0.0,61692.83,0.0,0.0,1048.22,29665.45,29047.62,0.00,37475.60,39071.13
CZ14/RSD&0&rDXHP&New&HV_AirDist__SupFanMtr/NE-HVAC-FanBelt-CoggedVBelt-Msr/instance-out.sql,245042.57,30106.5,29650.82,16225.45,0.0,76546.73,0.0,30809.42,10.82,0.0,0.0,0.0,61692.84,0.0,0.0,1056.59,29650.82,29049.91,0.00,37475.60,39071.13
CZ14/RSD&0&rDXHP&New&HV_AirDist__SupFanMtr/NE-HVAC-FanBelt-SynchVBelt-Msr/instance-out.sql,244873.3,30120.82,29629.9,16225.45,0.0,76546.73,0.0,30646.75,10.82,0.0,0.0,0.0,61692.83,0.0,0.0,1068.68,29629.90,29052.14,0.00,37475.60,39071.13
CZ14/Rt3&0&rDXHP&New&HV_AirDist__SupFanMtr/NE-HVAC-FanBelt-VBelt-Std/instance-out.sql,1767088.42,25574.32,291775.65,394371.6,0.0,436362.0,0.0,457614.68,3.38,0.0,0.0,0.0,161386.79,0.0,0.0,22773.21,291775.65,2801.11,0.00,436362.00,0.00
CZ14/Rt3&0&rDXHP&New&HV_AirDist__SupFanMtr/NE-HVAC-FanBelt-CoggedVBelt-Msr/instance-out.sql,1757483.29,25969.76,290539.85,394371.6,0.0,436362.0,0.0,448850.82,3.38,0.0,0.0,0.0,161385.86,0.0,0.0,23162.19,290539.85,2807.57,0.00,436362.00,0.00
CZ14/Rt3&0&rDXHP&New&HV_AirDist__SupFanMtr/NE-HVAC-FanBelt-SynchVBelt-Msr/instance-out.sql,1743755.2799999998,26541.28,288776.19,394371.6,0.0,436362.0,0.0,436315.04,3.38,0.0,0.0,0.0,161385.78,0.0,0.0,23724.70,288776.19,2816.58,0.00,436362.00,0.00
CZ14/RtL&0&rDXHP&New&HV_AirDist__SupFanMtr/NE-HVAC-FanBelt-VBelt-Std/instance-out.sql,1830712.22,22076.35,305961.35,395231.18,0.0,509200.67,0.0,479348.53,3.39,0.0,0.0,0.0,118890.75,0.0,0.0,22076.35,305961.35,0.00,0.00,468847.72,40352.95
CZ14/RtL&0&rDXHP&New&HV_AirDist__SupFanMtr/NE-HVAC-FanBelt-CoggedVBelt-Msr/instance-out.sql,1820622.28,22476.69,304666.33,395231.18,0.0,509200.67,0.0,470153.27,3.39,0.0,0.0,0.0,118890.75,0.0,0.0,22476.69,304666.33,0.00,0.00,468847.72,40352.95
CZ14/RtL&0&rDXHP&New&HV_AirDist__SupFanMtr/NE-HVAC-FanBelt-SynchVBelt-Msr/instance-out.sql,1806219.6500000001,23057.3,302819.07,395231.18,0.0,509200.67,0.0,457017.18,3.39,0.0,0.0,0.0,118890.86,0.0,0.0,23057.30,302819.07,0.00,0.00,468847.72,40352.95
CZ14/RtS&0&rDXHP&New&HV_AirDist__SupFanMtr/NE-HVAC-FanBelt-VBelt-Std/instance-out.sql,112319.81,3362.19,19083.14,23251.32,0.0,24440.79,0.0,27148.56,3.36,0.0,0.0,0.0,15030.44,0.0,0.0,3362.19,19083.14,0.00,0.00,24440.79,0.00
CZ14/RtS&0&rDXHP&New&HV_AirDist__SupFanMtr/NE-HVAC-FanBelt-CoggedVBelt-Msr/instance-out.sql,111750.83,3398.03,19010.65,23251.32,0.0,24440.79,0.0,26616.23,3.36,0.0,0.0,0.0,15030.44,0.0,0.0,3398.03,19010.65,0.00,0.00,24440.79,0.00
CZ14/RtS&0&rDXHP&New&HV_AirDist__SupFanMtr/NE-HVAC-FanBelt-SynchVBelt-Msr/instance-out.sql,110938.55,3449.62,18907.25,23251.32,0.0,24440.79,0.0,25855.77,3.36,0.0,0.0,0.0,15030.44,0.0,0.0,3449.62,18907.25,0.00,0.00,24440.79,0.00
CZ14/SCn&0&rDXHP&New&HV_AirDist__SupFanMtr/NE-HVAC-FanBelt-VBelt-Std/instance-out.sql,3028984.3,203572.82,574212.75,571539.04,0.0,449066.39,0.0,1150969.17,3.36,0.0,0.0,0.0,79620.78,0.0,0.0,203572.82,574212.75,0.00,0.00,449066.39,0.00
CZ14/SCn&0&rDXHP&New&HV_AirDist__SupFanMtr/NE-HVAC-FanBelt-CoggedVBelt-Msr/instance-out.sql,3006162.03,206057.05,571284.17,571539.04,0.0,449066.39,0.0,1128591.25,3.36,0.0,0.0,0.0,79620.78,0.0,0.0,206057.05,571284.17,0.00,0.00,449066.39,0.00
CZ14/SCn&0&rDXHP&New&HV_AirDist__SupFanMtr/NE-HVAC-FanBelt-SynchVBelt-Msr/instance-out.sql,2973353.2399999998,209491.8,567101.5,571539.04,0.0,449066.39,0.0,1096530.38,3.36,0.0,0.0,0.0,79620.78,0.0,0.0,209491.80,567101.50,0.00,0.00,449066.39,0.00
CZ15/Asm&0&rDXHP&New&HV_AirDist__SupFanMtr/NE-HVAC-FanBelt-VBelt-Std/instance-out.sql,770798.85,10530.1,322416.71,76844.55,0.0,145823.51,0.0,196667.44,3.36,0.0,0.0,0.0,18513.19,0.0,0.0,10530.10,322416.71,0.00,0.00,145823.51,0.00
CZ15/Asm&0&rDXHP&New&HV_AirDist__SupFanMtr/NE-HVAC-FanBelt-CoggedVBelt-Msr/instance-out.sql,766287.57,10633.69,321676.74,76844.55,0.0,145823.51,0.0,192792.53,3.36,0.0,0.0,0.0,18513.19,0.0,0.0,10633.69,321676.74,0.00,0.00,145823.51,0.00
CZ15/Asm&0&rDXHP&New&HV_AirDist__SupFanMtr/NE-HVAC-FanBelt-SynchVBelt-Msr/instance-out.sql,759873.7899999999,10782.87,320627.06,76844.55,0.0,145823.51,0.0,187279.24,3.36,0.0,0.0,0.0,18513.2,0.0,0.0,10782.87,320627.06,0.00,0.00,145823.51,0.00
CZ15/ECC&0&rDXHP&New&HV_AirDist__SupFanMtr/NE-HVAC-FanBelt-VBelt-Std/instance-out.sql,2735731.75,2157.27,694704.12,167224.54,0.0,1013813.91,0.0,522906.78,971.1,0.0,0.0,0.0,333954.02,0.0,0.0,2157.03,694704.12,0.24,0.00,945189.93,68623.98
CZ15/ECC&0&rDXHP&New&HV_AirDist__SupFanMtr/NE-HVAC-FanBelt-CoggedVBelt-Msr/instance-out.sql,2725198.5,2205.0699999999997,692750.99,167224.54,0.0,1013813.91,0.0,514278.69,971.2,0.0,0.0,0.0,333954.08,0.0,0.0,2204.83,692750.99,0.24,0.00,945189.93,68623.98
CZ15/ECC&0&rDXHP&New&HV_AirDist__SupFanMtr/NE-HVAC-FanBelt-SynchVBelt-Msr/instance-out.sql,2710106.3000000003,2275.02,689949.49,167224.54,0.0,1013813.91,0.0,501918.03,971.2,0.0,0.0,0.0,333954.1,0.0,0.0,2274.78,689949.49,0.24,0.00,945189.93,68623.98
CZ15/EPr&0&rDXHP&New&HV_AirDist__SupFanMtr/NE-HVAC-FanBelt-VBelt-Std/instance-out.sql,401200.35,946.58,109678.58,30835.78,0.0,125897.03,0.0,68931.64,3.37,0.0,0.0,0.0,64907.37,0.0,0.0,946.58,109678.58,0.00,0.00,83226.75,42670.28
CZ15/EPr&0&rDXHP&New&HV_AirDist__SupFanMtr/NE-HVAC-FanBelt-CoggedVBelt-Msr/instance-out.sql,399820.49,961.14,109427.49,30835.78,0.0,125897.03,0.0,67788.31,3.37,0.0,0.0,0.0,64907.37,0.0,0.0,961.14,109427.49,0.00,0.00,83226.75,42670.28
CZ15/EPr&0&rDXHP&New&HV_AirDist__SupFanMtr/NE-HVAC-FanBelt-SynchVBelt-Msr/instance-out.sql,397845.38,982.19,109067.63,30835.78,0.0,125897.03,0.0,66152.01,3.37,0.0,0.0,0.0,64907.36,0.0,0.0,982.19,109067.63,0.00,0.00,83226.75,42670.28
CZ15/ERC&0&rDXHP&New&HV_AirDist__SupFanMtr/NE-HVAC-FanBelt-VBelt-Std/instance-out.sql,20173.75,56.68,4579.95,1016.35,0.0,2196.82,0.0,3787.55,3.36,0.0,0.0,0.0,8533.04,0.0,0.0,56.68,4579.95,0.00,0.00,2196.82,0.00
CZ15/ERC&0&rDXHP&New&HV_AirDist__SupFanMtr/NE-HVAC-FanBelt-CoggedVBelt-Msr/instance-out.sql,20083.79,57.77,4563.16,1016.35,0.0,2196.82,0.0,3713.29,3.36,0.0,0.0,0.0,8533.04,0.0,0.0,57.77,4563.16,0.00,0.00,2196.82,0.00
CZ15/ERC&0&rDXHP&New&HV_AirDist__SupFanMtr/NE-HVAC-FanBelt-SynchVBelt-Msr/instance-out.sql,19956.09,59.31,4539.19,1016.35,0.0,2196.82,0.0,3608.02,3.36,0.0,0.0,0.0,8533.04,0.0,0.0,59.31,4539.19,0.00,0.00,2196.82,0.00
CZ15/ESe&0&rDXHP&New&HV_AirDist__SupFanMtr/NE-HVAC-FanBelt-VBelt-Std/instance-out.sql,1121523.1300000001,23043.47,318391.45,94750.45,0.0,323176.74,0.0,185611.62,3.39,0.0,0.0,0.0,176546.02,0.0,0.0,474.57,318391.45,22568.90,0.00,259085.82,64090.92
CZ15/ESe&0&rDXHP&New&HV_AirDist__SupFanMtr/NE-HVAC-FanBelt-CoggedVBelt-Msr/instance-out.sql,1119851.47,23054.13,318078.57,94750.45,0.0,323176.74,0.0,184242.16,3.39,0.0,0.0,0.0,176546.02,0.0,0.0,484.08,318078.57,22570.05,0.00,259085.82,64090.92
CZ15/ESe&0&rDXHP&New&HV_AirDist__SupFanMtr/NE-HVAC-FanBelt-SynchVBelt-Msr/instance-out.sql,1117459.91,23070.09,317629.01,94750.45,0.0,323176.74,0.0,182284.21,3.39,0.0,0.0,0.0,176546.02,0.0,0.0,497.98,317629.01,22572.11,0.00,259085.82,64090.92
CZ15/EUn&0&rDXHP&New&HV_AirDist__SupFanMtr/NE-HVAC-FanBelt-VBelt-Std/instance-out.sql,8529772.53,9329.41,2035554.98,644388.1,0.0,3682881.23,0.0,1590883.24,3.37,0.0,0.0,0.0,566732.2,0.0,0.0,9329.41,2035554.98,0.00,0.00,3555459.15,127422.08
CZ15/EUn&0&rDXHP&New&HV_AirDist__SupFanMtr/NE-HVAC-FanBelt-CoggedVBelt-Msr/instance-out.sql,8499663.76,9526.04,2030287.62,644388.1,0.0,3682881.23,0.0,1565845.21,3.37,0.0,0.0,0.0,566732.2,0.0,0.0,9526.04,2030287.62,0.00,0.00,3555459.15,127422.08
CZ15/EUn&0&rDXHP&New&HV_AirDist__SupFanMtr/NE-HVAC-FanBelt-SynchVBelt-Msr/instance-out.sql,8456670.76,9812.79,2022764.82,644388.1,0.0,3682881.23,0.0,1530088.24,3.37,0.0,0.0,0.0,566732.21,0.0,0.0,9812.79,2022764.82,0.00,0.00,3555459.15,127422.08
CZ15/Hsp&0&rDXHP&New&HV_AirDist__SupFanMtr/NE-HVAC-FanBelt-VBelt-Std/instance-out.sql,4222901.5,85384.0,1515836.33,625795.42,0.0,1182847.3,0.0,571533.81,42500.4,0.0,0.0,0.0,199004.23,0.0,0.0,857.96,1515836.33,84526.04,0.00,1139112.10,43735.20
CZ15/Hsp&0&rDXHP&New&HV_AirDist__SupFanMtr/NE-HVAC-FanBelt-CoggedVBelt-Msr/instance-out.sql,4216862.53,85396.8,1514813.1,625795.42,0.0,1182847.3,0.0,566505.3,42500.38,0.0,0.0,0.0,199004.23,0.0,0.0,876.08,1514813.10,84520.72,0.00,1139112.10,43735.20
CZ15/Hsp&0&rDXHP&New&HV_AirDist__SupFanMtr/NE-HVAC-FanBelt-SynchVBelt-Msr/instance-out.sql,4208259.600000001,85442.98999999999,1513339.69,625795.42,0.0,1182847.3,0.0,559330.15,42499.83,0.0,0.0,0.0,199004.23,0.0,0.0,902.76,1513339.69,84540.23,0.00,1139112.10,43735.20
CZ15/MBT&0&rDXHP&New&HV_AirDist__SupFanMtr/NE-HVAC-FanBelt-VBelt-Std/instance-out.sql,5825367.640000001,747323.2999999999,1360466.25,438466.02,0.0,2167645.51,0.0,978450.07,618.98,0.0,0.0,0.0,132397.51,0.0,0.0,2922.20,1360466.25,744401.10,0.00,1394057.91,773587.60
CZ15/MBT&0&rDXHP&New&HV_AirDist__SupFanMtr/NE-HVAC-FanBelt-CoggedVBelt-Msr/instance-out.sql,5818655.95,747429.1499999999,1359322.54,438466.02,0.0,2167645.51,0.0,972776.24,618.98,0.0,0.0,0.0,132397.51,0.0,0.0,2985.07,1359322.54,744444.08,0.00,1394057.91,773587.60
CZ15/MBT&0&rDXHP&New&HV_AirDist__SupFanMtr/NE-HVAC-FanBelt-SynchVBelt-Msr/instance-out.sql,5809069.32,747583.36,1357686.95,438466.02,0.0,2167645.51,0.0,964671.01,618.97,0.0,0.0,0.0,132397.51,0.0,0.0,3077.23,1357686.95,744506.13,0.00,1394057.91,773587.60
CZ15/MLI&0&rDXHP&New&HV_AirDist__SupFanMtr/NE-HVAC-FanBelt-VBelt-Std/instance-out.sql,1107231.4500000002,3013.6,309625.79,153603.74,0.0,239893.0,0.0,363223.08,3.37,0.0,0.0,0.0,37868.87,0.0,0.0,3013.60,309625.79,0.00,0.00,239893.00,0.00
CZ15/MLI&0&rDXHP&New&HV_AirDist__SupFanMtr/NE-HVAC-FanBelt-CoggedVBelt-Msr/instance-out.sql,1098807.56,3109.83,308227.68,153603.74,0.0,239893.0,0.0,356101.06,3.37,0.0,0.0,0.0,37868.87,0.0,0.0,3109.83,308227.68,0.00,0.00,239893.00,0.00
CZ15/MLI&0&rDXHP&New&HV_AirDist__SupFanMtr/NE-HVAC-FanBelt-SynchVBelt-Msr/instance-out.sql,1086779.6400000001,3251.71,306232.2,153603.74,0.0,239893.0,0.0,345926.74,3.37,0.0,0.0,0.0,37868.87,0.0,0.0,3251.71,306232.20,0.00,0.00,239893.00,0.00
CZ15/Mtl&0&rDXHP&New&HV_AirDist__SupFanMtr/NE-HVAC-FanBelt-VBelt-Std/instance-out.sql,215095.97,791.11,89462.3,34352.14,0.0,22443.33,0.0,60608.77,3.36,0.0,0.0,0.0,7434.96,0.0,0.0,791.11,89462.30,0.00,0.00,22191.36,251.97
CZ15/Mtl&0&rDXHP&New&HV_AirDist__SupFanMtr/NE-HVAC-FanBelt-CoggedVBelt-Msr/instance-out.sql,213718.66999999998,807.66,89221.82,34352.14,0.0,22443.33,0.0,59455.39,3.36,0.0,0.0,0.0,7434.96,0.0,0.0,807.66,89221.82,0.00,0.00,22191.36,251.97
CZ15/Mtl&0&rDXHP&New&HV_AirDist__SupFanMtr/NE-HVAC-FanBelt-SynchVBelt-Msr/instance-out.sql,211752.35,831.76,88878.52,34352.14,0.0,22443.33,0.0,57808.28,3.36,0.0,0.0,0.0,7434.96,0.0,0.0,831.76,88878.52,0.00,0.00,22191.36,251.97
CZ15/Nrs&0&rDXHP&New&HV_AirDist__SupFanMtr/NE-HVAC-FanBelt-VBelt-Std/instance-out.sql,940423.39,14045.75,239626.17,103109.51,0.0,347425.87,0.0,145917.16,38.0,0.0,0.0,0.0,90260.93,0.0,0.0,921.58,239626.17,13124.17,0.00,281574.59,65851.28
CZ15/Nrs&0&rDXHP&New&HV_AirDist__SupFanMtr/NE-HVAC-FanBelt-CoggedVBelt-Msr/instance-out.sql,938276.1799999999,14027.28,239228.84,103109.51,0.0,347425.87,0.0,144152.8,37.83,0.0,0.0,0.0,90294.06,0.0,0.0,934.94,239228.84,13092.34,0.00,281574.59,65851.28
CZ15/Nrs&0&rDXHP&New&HV_AirDist__SupFanMtr/NE-HVAC-FanBelt-SynchVBelt-Msr/instance-out.sql,935299.23,14097.98,238739.65,103109.51,0.0,347425.87,0.0,141639.92,37.94,0.0,0.0,0.0,90248.37,0.0,0.0,954.18,238739.65,13143.80,0.00,281574.59,65851.28
CZ15/OfL&0&rDXHP&New&HV_AirDist__SupFanMtr/NE-HVAC-FanBelt-VBelt-Std/instance-out.sql,2536954.6500000004,9409.67,733814.53,239041.7,0.0,829334.66,0.0,630087.28,3802.02,0.0,0.0,0.0,91464.78,0.0,0.0,1131.27,733814.53,8278.40,0.00,829334.66,0.00
CZ15/OfL&0&rDXHP&New&HV_AirDist__SupFanMtr/NE-HVAC-FanBelt-CoggedVBelt-Msr/instance-out.sql,2523421.48,9444.32,731508.1,239041.7,0.0,829334.66,0.0,618825.85,3802.07,0.0,0.0,0.0,91464.78,0.0,0.0,1166.74,731508.10,8277.58,0.00,829334.66,0.00
CZ15/OfL&0&rDXHP&New&HV_AirDist__SupFanMtr/NE-HVAC-FanBelt-SynchVBelt-Msr/instance-out.sql,2504091.23,9497.07,728217.36,239041.7,0.0,829334.66,0.0,602733.89,3802.01,0.0,0.0,0.0,91464.52,0.0,0.0,1219.05,728217.36,8278.02,0.00,829334.66,0.00
CZ15/OfS&0&rDXHP&New&HV_AirDist__SupFanMtr/NE-HVAC-FanBelt-VBelt-Std/instance-out.sql,133599.09,175.74,37543.29,12106.19,0.0,29387.4,0.0,36713.95,1.13,0.0,0.0,0.0,17671.38,0.0,0.0,175.74,37543.29,0.00,0.00,29387.40,0.00
CZ15/OfS&0&rDXHP&New&HV_AirDist__SupFanMtr/NE-HVAC-FanBelt-CoggedVBelt-Msr/instance-out.sql,132736.24,180.64,37395.42,12106.19,0.0,29387.4,0.0,35994.07,1.13,0.0,0.0,0.0,17671.38,0.0,0.0,180.64,37395.42,0.00,0.00,29387.40,0.00
CZ15/OfS&0&rDXHP&New&HV_AirDist__SupFanMtr/NE-HVAC-FanBelt-SynchVBelt-Msr/instance-out.sql,131504.46,187.93,37184.76,12106.19,0.0,29387.4,0.0,34965.66,1.13,0.0,0.0,0.0,17671.38,0.0,0.0,187.93,37184.76,0.00,0.00,29387.40,0.00
CZ15/RFF&0&rDXHP&New&HV_AirDist__SupFanMtr/NE-HVAC-FanBelt-VBelt-Std/instance-out.sql,103914.5,177.65,22280.15,6626.33,0.0,37903.17,0.0,16166.25,3.37,0.0,0.0,0.0,20757.56,0.0,0.0,177.65,22280.15,0.00,0.00,18423.46,19479.71
CZ15/RFF&0&rDXHP&New&HV_AirDist__SupFanMtr/NE-HVAC-FanBelt-CoggedVBelt-Msr/instance-out.sql,103666.45,181.03,22238.38,6626.33,0.0,37903.17,0.0,15956.59,3.37,0.0,0.0,0.0,20757.57,0.0,0.0,181.03,22238.38,0.00,0.00,18423.46,19479.71
CZ15/RFF&0&rDXHP&New&HV_AirDist__SupFanMtr/NE-HVAC-FanBelt-SynchVBelt-Msr/instance-out.sql,103313.15,186.67,22178.88,6626.33,0.0,37903.17,0.0,15657.15,3.37,0.0,0.0,0.0,20757.57,0.0,0.0,186.67,22178.88,0.00,0.00,18423.46,19479.71
CZ15/RSD&0&rDXHP&New&HV_AirDist__SupFanMtr/NE-HVAC-FanBelt-VBelt-Std/instance-out.sql,252624.45,24678.25,52331.33,16225.45,0.0,76546.73,0.0,31982.28,26.82,0.0,0.0,0.0,50833.59,0.0,0.0,121.69,52331.33,24556.56,0.00,37475.60,39071.13
CZ15/RSD&0&rDXHP&New&HV_AirDist__SupFanMtr/NE-HVAC-FanBelt-CoggedVBelt-Msr/instance-out.sql,252490.35,24681.469999999998,52308.4,16225.45,0.0,76546.73,0.0,31867.9,26.82,0.0,0.0,0.0,50833.59,0.0,0.0,123.85,52308.40,24557.62,0.00,37475.60,39071.13
CZ15/RSD&0&rDXHP&New&HV_AirDist__SupFanMtr/NE-HVAC-FanBelt-SynchVBelt-Msr/instance-out.sql,252298.34000000003,24685.710000000003,52275.64,16225.45,0.0,76546.73,0.0,31704.41,26.82,0.0,0.0,0.0,50833.59,0.0,0.0,126.97,52275.64,24558.74,0.00,37475.60,39071.13
CZ15/Rt3&0&rDXHP&New&HV_AirDist__SupFanMtr/NE-HVAC-FanBelt-VBelt-Std/instance-out.sql,1953051.7400000002,2008.42,531004.26,394371.6,0.0,436362.0,0.0,457996.14,3.38,0.0,0.0,0.0,131305.92,0.0,0.0,1791.23,531004.26,217.19,0.00,436362.00,0.00
CZ15/Rt3&0&rDXHP&New&HV_AirDist__SupFanMtr/NE-HVAC-FanBelt-CoggedVBelt-Msr/instance-out.sql,1942455.98,2060.25,529142.4,394371.6,0.0,436362.0,0.0,449210.43,3.38,0.0,0.0,0.0,131305.92,0.0,0.0,1842.34,529142.40,217.91,0.00,436362.00,0.00
CZ15/Rt3&0&rDXHP&New&HV_AirDist__SupFanMtr/NE-HVAC-FanBelt-SynchVBelt-Msr/instance-out.sql,1927322.11,2136.13,526481.6,394371.6,0.0,436362.0,0.0,436661.47,3.38,0.0,0.0,0.0,131305.93,0.0,0.0,1917.26,526481.60,218.87,0.00,436362.00,0.00
CZ15/RtL&0&rDXHP&New&HV_AirDist__SupFanMtr/NE-HVAC-FanBelt-VBelt-Std/instance-out.sql,2024197.98,1619.61,541545.36,395231.18,0.0,509200.67,0.0,479618.99,3.39,0.0,0.0,0.0,96978.78,0.0,0.0,1619.61,541545.36,0.00,0.00,468847.72,40352.95
CZ15/RtL&0&rDXHP&New&HV_AirDist__SupFanMtr/NE-HVAC-FanBelt-CoggedVBelt-Msr/instance-out.sql,2013129.9,1684.81,539610.28,395231.18,0.0,509200.67,0.0,470420.79,3.39,0.0,0.0,0.0,96978.78,0.0,0.0,1684.81,539610.28,0.00,0.00,468847.72,40352.95
CZ15/RtL&0&rDXHP&New&HV_AirDist__SupFanMtr/NE-HVAC-FanBelt-SynchVBelt-Msr/instance-out.sql,1997313.3699999999,1770.47,536848.36,395231.18,0.0,509200.67,0.0,457280.51,3.39,0.0,0.0,0.0,96978.78,0.0,0.0,1770.47,536848.36,0.00,0.00,468847.72,40352.95
CZ15/RtS&0&rDXHP&New&HV_AirDist__SupFanMtr/NE-HVAC-FanBelt-VBelt-Std/instance-out.sql,127334.87,311.75,36677.84,23251.32,0.0,24440.79,0.0,29359.67,3.36,0.0,0.0,0.0,13290.14,0.0,0.0,311.75,36677.84,0.00,0.00,24440.79,0.00
CZ15/RtS&0&rDXHP&New&HV_AirDist__SupFanMtr/NE-HVAC-FanBelt-CoggedVBelt-Msr/instance-out.sql,126647.29,319.0,36558.68,23251.32,0.0,24440.79,0.0,28783.99,3.36,0.0,0.0,0.0,13290.14,0.0,0.0,319.00,36558.68,0.00,0.00,24440.79,0.00
CZ15/RtS&0&rDXHP&New&HV_AirDist__SupFanMtr/NE-HVAC-FanBelt-SynchVBelt-Msr/instance-out.sql,125662.11,329.59,36387.6,23251.32,0.0,24440.79,0.0,27959.3,3.36,0.0,0.0,0.0,13290.14,0.0,0.0,329.59,36387.60,0.00,0.00,24440.79,0.00
CZ15/SCn&0&rDXHP&New&HV_AirDist__SupFanMtr/NE-HVAC-FanBelt-VBelt-Std/instance-out.sql,3616609.43,24656.86,1164705.61,571539.04,0.0,449066.39,0.0,1341359.37,3.36,0.0,0.0,0.0,65278.81,0.0,0.0,24656.86,1164705.61,0.00,0.00,449066.39,0.00
CZ15/SCn&0&rDXHP&New&HV_AirDist__SupFanMtr/NE-HVAC-FanBelt-CoggedVBelt-Msr/instance-out.sql,3585520.41,25225.57,1159397.25,571539.04,0.0,449066.39,0.0,1315009.99,3.36,0.0,0.0,0.0,65278.81,0.0,0.0,25225.57,1159397.25,0.00,0.00,449066.39,0.00
CZ15/SCn&0&rDXHP&New&HV_AirDist__SupFanMtr/NE-HVAC-FanBelt-SynchVBelt-Msr/instance-out.sql,3541448.37,26241.49,1151824.81,571539.04,0.0,449066.39,0.0,1277494.48,3.36,0.0,0.0,0.0,65278.81,0.0,0.0,26241.49,1151824.81,0.00,0.00,449066.39,0.00
CZ16/Asm&0&rDXHP&New&HV_AirDist__SupFanMtr/NE-HVAC-FanBelt-VBelt-Std/instance-out.sql,637798.2400000001,119327.47,50831.98,76844.55,0.0,145823.51,0.0,221131.44,3.36,0.0,0.0,0.0,23835.93,0.0,0.0,119327.47,50831.98,0.00,0.00,145823.51,0.00
CZ16/Asm&0&rDXHP&New&HV_AirDist__SupFanMtr/NE-HVAC-FanBelt-CoggedVBelt-Msr/instance-out.sql,633785.04,119987.87,50494.29,76844.55,0.0,145823.51,0.0,216795.53,3.36,0.0,0.0,0.0,23835.93,0.0,0.0,119987.87,50494.29,0.00,0.00,145823.51,0.00
CZ16/Asm&0&rDXHP&New&HV_AirDist__SupFanMtr/NE-HVAC-FanBelt-SynchVBelt-Msr/instance-out.sql,628056.2200000001,120934.36,50013.14,76844.55,0.0,145823.51,0.0,210601.37,3.36,0.0,0.0,0.0,23835.93,0.0,0.0,120934.36,50013.14,0.00,0.00,145823.51,0.00
CZ16/ECC&0&rDXHP&New&HV_AirDist__SupFanMtr/NE-HVAC-FanBelt-VBelt-Std/instance-out.sql,2425947.86,74240.87,155708.6,167224.54,0.0,1013813.91,0.0,534015.6,711.26,0.0,0.0,0.0,480233.05,0.0,0.0,73456.69,155708.60,784.18,0.00,945189.93,68623.98
CZ16/ECC&0&rDXHP&New&HV_AirDist__SupFanMtr/NE-HVAC-FanBelt-CoggedVBelt-Msr/instance-out.sql,2417316.51,75095.03,155009.87,167224.54,0.0,1013813.91,0.0,525228.91,711.23,0.0,0.0,0.0,480233.01,0.0,0.0,74313.41,155009.87,781.62,0.00,945189.93,68623.98
CZ16/ECC&0&rDXHP&New&HV_AirDist__SupFanMtr/NE-HVAC-FanBelt-SynchVBelt-Msr/instance-out.sql,2405027.07,76330.68,154021.86,167224.54,0.0,1013813.91,0.0,512692.01,711.0,0.0,0.0,0.0,480233.05,0.0,0.0,75551.56,154021.86,779.12,0.00,945189.93,68623.98
CZ16/EPr&0&rDXHP&New&HV_AirDist__SupFanMtr/NE-HVAC-FanBelt-VBelt-Std/instance-out.sql,368630.65,23115.49,23287.91,30835.78,0.0,125897.03,0.0,74065.94,3.37,0.0,0.0,0.0,91425.13,0.0,0.0,23115.49,23287.91,0.00,0.00,83226.75,42670.28
CZ16/EPr&0&rDXHP&New&HV_AirDist__SupFanMtr/NE-HVAC-FanBelt-CoggedVBelt-Msr/instance-out.sql,367515.99,23293.45,23190.85,30835.78,0.0,125897.03,0.0,72870.39,3.37,0.0,0.0,0.0,91425.12,0.0,0.0,23293.45,23190.85,0.00,0.00,83226.75,42670.28
CZ16/EPr&0&rDXHP&New&HV_AirDist__SupFanMtr/NE-HVAC-FanBelt-SynchVBelt-Msr/instance-out.sql,365896.54000000004,23542.14,23054.1,30835.78,0.0,125897.03,0.0,71138.99,3.37,0.0,0.0,0.0,91425.13,0.0,0.0,23542.14,23054.10,0.00,0.00,83226.75,42670.28
CZ16/ERC&0&rDXHP&New&HV_AirDist__SupFanMtr/NE-HVAC-FanBelt-VBelt-Std/instance-out.sql,18434.22,1594.16,573.59,1016.35,0.0,2196.82,0.0,3554.92,3.36,0.0,0.0,0.0,9495.02,0.0,0.0,1594.16,573.59,0.00,0.00,2196.82,0.00
CZ16/ERC&0&rDXHP&New&HV_AirDist__SupFanMtr/NE-HVAC-FanBelt-CoggedVBelt-Msr/instance-out.sql,18375.21,1606.49,569.54,1016.35,0.0,2196.82,0.0,3487.62,3.36,0.0,0.0,0.0,9495.02,0.0,0.0,1606.49,569.54,0.00,0.00,2196.82,0.00
CZ16/ERC&0&rDXHP&New&HV_AirDist__SupFanMtr/NE-HVAC-FanBelt-SynchVBelt-Msr/instance-out.sql,18291.510000000002,1624.22,563.78,1016.35,0.0,2196.82,0.0,3391.96,3.36,0.0,0.0,0.0,9495.02,0.0,0.0,1624.22,563.78,0.00,0.00,2196.82,0.00
CZ16/ESe&0&rDXHP&New&HV_AirDist__SupFanMtr/NE-HVAC-FanBelt-VBelt-Std/instance-out.sql,1167485.01,230579.8,58498.86,94750.45,0.0,323176.74,0.0,209558.79,3.39,0.0,0.0,0.0,250916.98,0.0,0.0,14873.96,58498.86,215705.84,0.00,259085.82,64090.92
CZ16/ESe&0&rDXHP&New&HV_AirDist__SupFanMtr/NE-HVAC-FanBelt-CoggedVBelt-Msr/instance-out.sql,1166177.81,230749.72,58385.28,94750.45,0.0,323176.74,0.0,208195.23,3.39,0.0,0.0,0.0,250916.99,0.0,0.0,15024.81,58385.28,215724.91,0.00,259085.82,64090.92
CZ16/ESe&0&rDXHP&New&HV_AirDist__SupFanMtr/NE-HVAC-FanBelt-SynchVBelt-Msr/instance-out.sql,1164293.56,230980.27,58224.56,94750.45,0.0,323176.74,0.0,206241.16,3.39,0.0,0.0,0.0,250916.98,0.0,0.0,15239.12,58224.56,215741.15,0.00,259085.82,64090.92
CZ16/EUn&0&rDXHP&New&HV_AirDist__SupFanMtr/NE-HVAC-FanBelt-VBelt-Std/instance-out.sql,7605892.46,175994.40999999997,519378.5,644388.1,0.0,3682881.23,0.0,1770970.85,3.37,0.0,0.0,0.0,812276.0,0.0,0.0,157362.11,519378.50,18632.30,0.00,3555459.15,127422.08
CZ16/EUn&0&rDXHP&New&HV_AirDist__SupFanMtr/NE-HVAC-FanBelt-CoggedVBelt-Msr/instance-out.sql,7577760.130000001,178284.84999999998,517121.28,644388.1,0.0,3682881.23,0.0,1742805.32,3.37,0.0,0.0,0.0,812275.98,0.0,0.0,159631.93,517121.28,18652.92,0.00,3555459.15,127422.08
CZ16/EUn&0&rDXHP&New&HV_AirDist__SupFanMtr/NE-HVAC-FanBelt-SynchVBelt-Msr/instance-out.sql,7537305.25,181327.37,513954.26,644388.1,0.0,3682881.23,0.0,1702474.94,3.37,0.0,0.0,0.0,812275.99,0.0,0.0,162665.99,513954.26,18661.38,0.00,3555459.15,127422.08
CZ16/Hsp&0&rDXHP&New&HV_AirDist__SupFanMtr/NE-HVAC-FanBelt-VBelt-Std/instance-out.sql,3528517.67,298433.0,560943.56,625795.42,0.0,1182847.3,0.0,546327.75,31299.97,0.0,0.0,0.0,282870.68,0.0,0.0,18398.58,560943.56,280034.42,0.00,1139112.10,43735.20
CZ16/Hsp&0&rDXHP&New&HV_AirDist__SupFanMtr/NE-HVAC-FanBelt-CoggedVBelt-Msr/instance-out.sql,3522971.65,298883.41000000003,560517.07,625795.42,0.0,1182847.3,0.0,540760.56,31297.7,0.0,0.0,0.0,282870.18,0.0,0.0,18672.53,560517.07,280210.88,0.00,1139112.10,43735.20
CZ16/Hsp&0&rDXHP&New&HV_AirDist__SupFanMtr/NE-HVAC-FanBelt-SynchVBelt-Msr/instance-out.sql,3515034.67,299506.89,559874.13,625795.42,0.0,1182847.3,0.0,532850.14,31289.75,0.0,0.0,0.0,282871.04,0.0,0.0,19071.96,559874.13,280434.93,0.00,1139112.10,43735.20
CZ16/MBT&0&rDXHP&New&HV_AirDist__SupFanMtr/NE-HVAC-FanBelt-VBelt-Std/instance-out.sql,6525457.71,2769984.25,172910.02,438466.02,0.0,2167645.51,0.0,788402.17,546.98,0.0,0.0,0.0,187502.75,0.0,0.0,66835.84,172910.02,2703148.41,0.00,1394057.91,773587.60
CZ16/MBT&0&rDXHP&New&HV_AirDist__SupFanMtr/NE-HVAC-FanBelt-CoggedVBelt-Msr/instance-out.sql,6520139.39,2770899.2199999997,172510.17,438466.02,0.0,2167645.51,0.0,782568.85,546.85,0.0,0.0,0.0,187502.76,0.0,0.0,67591.03,172510.17,2703308.19,0.00,1394057.91,773587.60
CZ16/MBT&0&rDXHP&New&HV_AirDist__SupFanMtr/NE-HVAC-FanBelt-SynchVBelt-Msr/instance-out.sql,6512436.41,2772133.05,171946.66,438466.02,0.0,2167645.51,0.0,774195.56,546.85,0.0,0.0,0.0,187502.75,0.0,0.0,68624.09,171946.66,2703508.96,0.00,1394057.91,773587.60
CZ16/MLI&0&rDXHP&New&HV_AirDist__SupFanMtr/NE-HVAC-FanBelt-VBelt-Std/instance-out.sql,947177.3600000001,65425.17,48274.52,153603.74,0.0,239893.0,0.0,388009.37,3.37,0.0,0.0,0.0,51968.18,0.0,0.0,65425.17,48274.52,0.00,0.00,239893.00,0.00
CZ16/MLI&0&rDXHP&New&HV_AirDist__SupFanMtr/NE-HVAC-FanBelt-CoggedVBelt-Msr/instance-out.sql,940171.4,66467.34,47834.42,153603.74,0.0,239893.0,0.0,380401.34,3.37,0.0,0.0,0.0,51968.18,0.0,0.0,66467.34,47834.42,0.00,0.00,239893.00,0.00
CZ16/MLI&0&rDXHP&New&HV_AirDist__SupFanMtr/NE-HVAC-FanBelt-SynchVBelt-Msr/instance-out.sql,930182.53,67972.05,47209.45,153603.74,0.0,239893.0,0.0,369532.73,3.37,0.0,0.0,0.0,51968.18,0.0,0.0,67972.05,47209.45,0.00,0.00,239893.00,0.00
CZ16/Mtl&0&rDXHP&New&HV_AirDist__SupFanMtr/NE-HVAC-FanBelt-VBelt-Std/instance-out.sql,165928.52,21868.55,16762.78,34352.14,0.0,22443.33,0.0,62649.76,3.36,0.0,0.0,0.0,7848.59,0.0,0.0,17224.09,16762.78,4644.46,0.00,22191.36,251.97
CZ16/Mtl&0&rDXHP&New&HV_AirDist__SupFanMtr/NE-HVAC-FanBelt-CoggedVBelt-Msr/instance-out.sql,164786.08,22024.760000000002,16675.6,34352.14,0.0,22443.33,0.0,61438.29,3.36,0.0,0.0,0.0,7848.59,0.0,0.0,17372.52,16675.60,4652.24,0.00,22191.36,251.97
CZ16/Mtl&0&rDXHP&New&HV_AirDist__SupFanMtr/NE-HVAC-FanBelt-SynchVBelt-Msr/instance-out.sql,163156.31,22248.91,16551.18,34352.14,0.0,22443.33,0.0,59708.8,3.36,0.0,0.0,0.0,7848.59,0.0,0.0,17586.28,16551.18,4662.63,0.00,22191.36,251.97
CZ16/Nrs&0&rDXHP&New&HV_AirDist__SupFanMtr/NE-HVAC-FanBelt-VBelt-Std/instance-out.sql,852082.42,81163.57,49036.87,103109.51,0.0,347425.87,0.0,144295.52,26.57,0.0,0.0,0.0,127024.51,0.0,0.0,17969.24,49036.87,63194.33,0.00,281574.59,65851.28
CZ16/Nrs&0&rDXHP&New&HV_AirDist__SupFanMtr/NE-HVAC-FanBelt-CoggedVBelt-Msr/instance-out.sql,850444.61,81493.56,48913.04,103109.51,0.0,347425.87,0.0,142422.54,26.64,0.0,0.0,0.0,127053.46,0.0,0.0,18174.04,48913.04,63319.52,0.00,281574.59,65851.28
CZ16/Nrs&0&rDXHP&New&HV_AirDist__SupFanMtr/NE-HVAC-FanBelt-SynchVBelt-Msr/instance-out.sql,848123.8,82019.96,48734.64,103109.51,0.0,347425.87,0.0,139756.21,26.96,0.0,0.0,0.0,127050.66,0.0,0.0,18480.24,48734.64,63539.72,0.00,281574.59,65851.28
CZ16/OfL&0&rDXHP&New&HV_AirDist__SupFanMtr/NE-HVAC-FanBelt-VBelt-Std/instance-out.sql,2143152.56,75243.78,167898.39,239041.7,0.0,829334.66,0.0,700841.46,1948.4,0.0,0.0,0.0,128844.18,0.0,0.0,31365.50,167898.39,43878.28,0.00,829334.66,0.00
CZ16/OfL&0&rDXHP&New&HV_AirDist__SupFanMtr/NE-HVAC-FanBelt-CoggedVBelt-Msr/instance-out.sql,2130064.82,75977.3,166851.17,239041.7,0.0,829334.66,0.0,688046.76,1947.96,0.0,0.0,0.0,128865.27,0.0,0.0,32002.45,166851.17,43974.85,0.00,829334.66,0.00
CZ16/OfL&0&rDXHP&New&HV_AirDist__SupFanMtr/NE-HVAC-FanBelt-SynchVBelt-Msr/instance-out.sql,2111335.0300000003,76881.42,165438.37,239041.7,0.0,829334.66,0.0,669825.1,1948.03,0.0,0.0,0.0,128865.74,0.0,0.0,32944.99,165438.37,43936.43,0.00,829334.66,0.00
CZ16/OfS&0&rDXHP&New&HV_AirDist__SupFanMtr/NE-HVAC-FanBelt-VBelt-Std/instance-out.sql,118014.22,7371.53,6474.39,12106.19,0.0,29387.4,0.0,39113.81,1.13,0.0,0.0,0.0,23559.77,0.0,0.0,7371.53,6474.39,0.00,0.00,29387.40,0.00
CZ16/OfS&0&rDXHP&New&HV_AirDist__SupFanMtr/NE-HVAC-FanBelt-CoggedVBelt-Msr/instance-out.sql,117292.72,7461.88,6425.02,12106.19,0.0,29387.4,0.0,38351.32,1.13,0.0,0.0,0.0,23559.77,0.0,0.0,7461.88,6425.02,0.00,0.00,29387.40,0.00
CZ16/OfS&0&rDXHP&New&HV_AirDist__SupFanMtr/NE-HVAC-FanBelt-SynchVBelt-Msr/instance-out.sql,116244.32,7584.0,6354.92,12106.19,0.0,29387.4,0.0,37250.9,1.13,0.0,0.0,0.0,23559.77,0.0,0.0,7584.00,6354.92,0.00,0.00,29387.40,0.00
CZ16/RFF&0&rDXHP&New&HV_AirDist__SupFanMtr/NE-HVAC-FanBelt-VBelt-Std/instance-out.sql,97298.97,3908.25,5850.63,6626.33,0.0,37903.17,0.0,15727.43,3.37,0.0,0.0,0.0,27279.77,0.0,0.0,3836.56,5850.63,71.69,0.00,18423.46,19479.71
CZ16/RFF&0&rDXHP&New&HV_AirDist__SupFanMtr/NE-HVAC-FanBelt-CoggedVBelt-Msr/instance-out.sql,97106.32,3936.83,5836.38,6626.33,0.0,37903.17,0.0,15520.45,3.37,0.0,0.0,0.0,27279.77,0.0,0.0,3865.10,5836.38,71.73,0.00,18423.46,19479.71
CZ16/RFF&0&rDXHP&New&HV_AirDist__SupFanMtr/NE-HVAC-FanBelt-SynchVBelt-Msr/instance-out.sql,96828.42000000001,3975.19,5816.16,6626.33,0.0,37903.17,0.0,15224.4,3.37,0.0,0.0,0.0,27279.77,0.0,0.0,3905.27,5816.16,69.92,0.00,18423.46,19479.71
CZ16/RSD&0&rDXHP&New&HV_AirDist__SupFanMtr/NE-HVAC-FanBelt-VBelt-Std/instance-out.sql,248184.97,39810.57,14984.99,16225.45,0.0,76546.73,0.0,30101.09,11.99,0.0,0.0,0.0,70504.16,0.0,0.0,2302.70,14984.99,37507.87,0.00,37475.60,39071.13
CZ16/RSD&0&rDXHP&New&HV_AirDist__SupFanMtr/NE-HVAC-FanBelt-CoggedVBelt-Msr/instance-out.sql,248079.28999999998,39829.83,14976.5,16225.45,0.0,76546.73,0.0,29984.63,11.99,0.0,0.0,0.0,70504.16,0.0,0.0,2318.41,14976.50,37511.42,0.00,37475.60,39071.13
CZ16/RSD&0&rDXHP&New&HV_AirDist__SupFanMtr/NE-HVAC-FanBelt-SynchVBelt-Msr/instance-out.sql,247928.56,39857.579999999994,14964.41,16225.45,0.0,76546.73,0.0,29818.25,12.0,0.0,0.0,0.0,70504.16,0.0,0.0,2341.06,14964.41,37516.52,0.00,37475.60,39071.13
CZ16/Rt3&0&rDXHP&New&HV_AirDist__SupFanMtr/NE-HVAC-FanBelt-VBelt-Std/instance-out.sql,1669538.56,68255.12,92804.61,394371.6,0.0,436362.0,0.0,491945.94,3.38,0.0,0.0,0.0,185795.9,0.0,0.0,61202.75,92804.61,7052.37,0.00,436362.00,0.00
CZ16/Rt3&0&rDXHP&New&HV_AirDist__SupFanMtr/NE-HVAC-FanBelt-CoggedVBelt-Msr/instance-out.sql,1660626.85,69414.6,92121.2,394371.6,0.0,436362.0,0.0,482558.14,3.38,0.0,0.0,0.0,185795.91,0.0,0.0,62337.65,92121.20,7076.95,0.00,436362.00,0.00
CZ16/Rt3&0&rDXHP&New&HV_AirDist__SupFanMtr/NE-HVAC-FanBelt-SynchVBelt-Msr/instance-out.sql,1647551.7,70754.31,91148.34,394371.6,0.0,436362.0,0.0,469116.16,3.38,0.0,0.0,0.0,185795.9,0.0,0.0,63668.98,91148.34,7085.33,0.00,436362.00,0.00
CZ16/RtL&0&rDXHP&New&HV_AirDist__SupFanMtr/NE-HVAC-FanBelt-VBelt-Std/instance-out.sql,1719185.51,59162.619999999995,105426.66,395231.18,0.0,509200.67,0.0,513493.39,3.39,0.0,0.0,0.0,136667.6,0.0,0.0,59162.52,105426.66,0.10,0.00,468847.72,40352.95
CZ16/RtL&0&rDXHP&New&HV_AirDist__SupFanMtr/NE-HVAC-FanBelt-CoggedVBelt-Msr/instance-out.sql,1709650.49,60212.28,104694.61,395231.18,0.0,509200.67,0.0,503640.75,3.39,0.0,0.0,0.0,136667.6,0.0,0.0,60212.18,104694.61,0.10,0.00,468847.72,40352.95
CZ16/RtL&0&rDXHP&New&HV_AirDist__SupFanMtr/NE-HVAC-FanBelt-SynchVBelt-Msr/instance-out.sql,1695978.1800000002,61657.88,103651.91,395231.18,0.0,509200.67,0.0,489565.54,3.39,0.0,0.0,0.0,136667.6,0.0,0.0,61657.84,103651.91,0.04,0.00,468847.72,40352.95
CZ16/RtS&0&rDXHP&New&HV_AirDist__SupFanMtr/NE-HVAC-FanBelt-VBelt-Std/instance-out.sql,107320.25,9221.82,5793.97,23251.32,0.0,24440.79,0.0,28166.31,3.36,0.0,0.0,0.0,16442.67,0.0,0.0,9221.82,5793.97,0.00,0.00,24440.79,0.00
CZ16/RtS&0&rDXHP&New&HV_AirDist__SupFanMtr/NE-HVAC-FanBelt-CoggedVBelt-Msr/instance-out.sql,106808.5,9301.21,5754.82,23251.32,0.0,24440.79,0.0,27614.32,3.36,0.0,0.0,0.0,16442.67,0.0,0.0,9301.21,5754.82,0.00,0.00,24440.79,0.00
CZ16/RtS&0&rDXHP&New&HV_AirDist__SupFanMtr/NE-HVAC-FanBelt-SynchVBelt-Msr/instance-out.sql,106078.11,9415.3,5699.13,23251.32,0.0,24440.79,0.0,26825.53,3.36,0.0,0.0,0.0,16442.67,0.0,0.0,9415.30,5699.13,0.00,0.00,24440.79,0.00
CZ16/SCn&0&rDXHP&New&HV_AirDist__SupFanMtr/NE-HVAC-FanBelt-VBelt-Std/instance-out.sql,2985037.54,472987.4,143299.91,571539.04,0.0,449066.39,0.0,1256874.86,3.36,0.0,0.0,0.0,91266.59,0.0,0.0,472987.40,143299.91,0.00,0.00,449066.39,0.00
CZ16/SCn&0&rDXHP&New&HV_AirDist__SupFanMtr/NE-HVAC-FanBelt-CoggedVBelt-Msr/instance-out.sql,2963378.01,477460.2,141812.19,571539.04,0.0,449066.39,0.0,1232230.26,3.36,0.0,0.0,0.0,91266.59,0.0,0.0,477460.20,141812.19,0.00,0.00,449066.39,0.00
CZ16/SCn&0&rDXHP&New&HV_AirDist__SupFanMtr/NE-HVAC-FanBelt-SynchVBelt-Msr/instance-out.sql,2932461.9899999998,483867.28,139695.65,571539.04,0.0,449066.39,0.0,1197023.68,3.36,0.0,0.0,0.0,91266.59,0.0,0.0,483867.28,139695.65,0.00,0.00,449066.39,0.00

File Name,Electricity (kWh),Natural Gas (kWh)
CZ01/Asm&0&rDXHP&New&HV_AirDist__SupFanMtr/NE-HVAC-FanBelt-VBelt-Std/instance-out.sql,493130.28,24237.46
CZ01/Asm&0&rDXHP&New&HV_AirDist__SupFanMtr/NE-HVAC-FanBelt-CoggedVBelt-Msr/instance-out.sql,490333.01,24237.46
CZ01/Asm&0&rDXHP&New&HV_AirDist__SupFanMtr/NE-HVAC-FanBelt-SynchVBelt-Msr/instance-out.sql,486334.53,24237.46
CZ01/ECC&0&rDXHP&New&HV_AirDist__SupFanMtr/NE-HVAC-FanBelt-VBelt-Std/instance-out.sql,1596428.91,561442.31
CZ01/ECC&0&rDXHP&New&HV_AirDist__SupFanMtr/NE-HVAC-FanBelt-CoggedVBelt-Msr/instance-out.sql,1590414.09,561442.57
CZ01/ECC&0&rDXHP&New&HV_AirDist__SupFanMtr/NE-HVAC-FanBelt-SynchVBelt-Msr/instance-out.sql,1581456.54,561416.59
CZ01/EPr&0&rDXHP&New&HV_AirDist__SupFanMtr/NE-HVAC-FanBelt-VBelt-Std/instance-out.sql,194538.38,136302.90
CZ01/EPr&0&rDXHP&New&HV_AirDist__SupFanMtr/NE-HVAC-FanBelt-CoggedVBelt-Msr/instance-out.sql,193707.59,136302.90
CZ01/EPr&0&rDXHP&New&HV_AirDist__SupFanMtr/NE-HVAC-FanBelt-SynchVBelt-Msr/instance-out.sql,192658.56,136302.90
CZ01/ERC&0&rDXHP&New&HV_AirDist__SupFanMtr/NE-HVAC-FanBelt-VBelt-Std/instance-out.sql,6986.82,9575.38
CZ01/ERC&0&rDXHP&New&HV_AirDist__SupFanMtr/NE-HVAC-FanBelt-CoggedVBelt-Msr/instance-out.sql,6951.09,9575.38
CZ01/ERC&0&rDXHP&New&HV_AirDist__SupFanMtr/NE-HVAC-FanBelt-SynchVBelt-Msr/instance-out.sql,6898.80,9575.38
CZ01/ESe&0&rDXHP&New&HV_AirDist__SupFanMtr/NE-HVAC-FanBelt-VBelt-Std/instance-out.sql,543072.10,567470.82
CZ01/ESe&0&rDXHP&New&HV_AirDist__SupFanMtr/NE-HVAC-FanBelt-CoggedVBelt-Msr/instance-out.sql,542154.89,567486.94
CZ01/ESe&0&rDXHP&New&HV_AirDist__SupFanMtr/NE-HVAC-FanBelt-SynchVBelt-Msr/instance-out.sql,540850.39,567509.92
CZ01/EUn&0&rDXHP&New&HV_AirDist__SupFanMtr/NE-HVAC-FanBelt-VBelt-Std/instance-out.sql,5812254.60,961243.04
CZ01/EUn&0&rDXHP&New&HV_AirDist__SupFanMtr/NE-HVAC-FanBelt-CoggedVBelt-Msr/instance-out.sql,5791262.84,961245.90
CZ01/EUn&0&rDXHP&New&HV_AirDist__SupFanMtr/NE-HVAC-FanBelt-SynchVBelt-Msr/instance-out.sql,5761306.89,961249.92
CZ01/Hsp&0&rDXHP&New&HV_AirDist__SupFanMtr/NE-HVAC-FanBelt-VBelt-Std/instance-out.sql,2305894.73,581566.17
CZ01/Hsp&0&rDXHP&New&HV_AirDist__SupFanMtr/NE-HVAC-FanBelt-CoggedVBelt-Msr/instance-out.sql,2301563.39,581713.71
CZ01/Hsp&0&rDXHP&New&HV_AirDist__SupFanMtr/NE-HVAC-FanBelt-SynchVBelt-Msr/instance-out.sql,2295381.72,581962.86
CZ01/MBT&0&rDXHP&New&HV_AirDist__SupFanMtr/NE-HVAC-FanBelt-VBelt-Std/instance-out.sql,2812319.18,5011017.19
CZ01/MBT&0&rDXHP&New&HV_AirDist__SupFanMtr/NE-HVAC-FanBelt-CoggedVBelt-Msr/instance-out.sql,2808521.87,5011196.84
CZ01/MBT&0&rDXHP&New&HV_AirDist__SupFanMtr/NE-HVAC-FanBelt-SynchVBelt-Msr/instance-out.sql,2803106.49,5011453.23
CZ01/MLI&0&rDXHP&New&HV_AirDist__SupFanMtr/NE-HVAC-FanBelt-VBelt-Std/instance-out.sql,753055.25,53036.23
CZ01/MLI&0&rDXHP&New&HV_AirDist__SupFanMtr/NE-HVAC-FanBelt-CoggedVBelt-Msr/instance-out.sql,747813.92,53036.23
CZ01/MLI&0&rDXHP&New&HV_AirDist__SupFanMtr/NE-HVAC-FanBelt-SynchVBelt-Msr/instance-out.sql,740345.99,53036.23
CZ01/Mtl&0&rDXHP&New&HV_AirDist__SupFanMtr/NE-HVAC-FanBelt-VBelt-Std/instance-out.sql,118636.91,9819.25
CZ01/Mtl&0&rDXHP&New&HV_AirDist__SupFanMtr/NE-HVAC-FanBelt-CoggedVBelt-Msr/instance-out.sql,117817.08,9821.91
CZ01/Mtl&0&rDXHP&New&HV_AirDist__SupFanMtr/NE-HVAC-FanBelt-SynchVBelt-Msr/instance-out.sql,116649.18,9825.50
CZ01/Nrs&0&rDXHP&New&HV_AirDist__SupFanMtr/NE-HVAC-FanBelt-VBelt-Std/instance-out.sql,520239.94,251881.84
CZ01/Nrs&0&rDXHP&New&HV_AirDist__SupFanMtr/NE-HVAC-FanBelt-CoggedVBelt-Msr/instance-out.sql,518940.93,252002.09
CZ01/Nrs&0&rDXHP&New&HV_AirDist__SupFanMtr/NE-HVAC-FanBelt-SynchVBelt-Msr/instance-out.sql,517065.22,252130.02
CZ01/OfL&0&rDXHP&New&HV_AirDist__SupFanMtr/NE-HVAC-FanBelt-VBelt-Std/instance-out.sql,1643541.79,172859.17
CZ01/OfL&0&rDXHP&New&HV_AirDist__SupFanMtr/NE-HVAC-FanBelt-CoggedVBelt-Msr/instance-out.sql,1633983.55,172886.16
CZ01/OfL&0&rDXHP&New&HV_AirDist__SupFanMtr/NE-HVAC-FanBelt-SynchVBelt-Msr/instance-out.sql,1620343.00,172886.16
CZ01/OfS&0&rDXHP&New&HV_AirDist__SupFanMtr/NE-HVAC-FanBelt-VBelt-Std/instance-out.sql,73767.64,24003.89
CZ01/OfS&0&rDXHP&New&HV_AirDist__SupFanMtr/NE-HVAC-FanBelt-CoggedVBelt-Msr/instance-out.sql,73305.94,24003.90
CZ01/OfS&0&rDXHP&New&HV_AirDist__SupFanMtr/NE-HVAC-FanBelt-SynchVBelt-Msr/instance-out.sql,72647.66,24003.89
CZ01/RFF&0&rDXHP&New&HV_AirDist__SupFanMtr/NE-HVAC-FanBelt-VBelt-Std/instance-out.sql,41149.00,47288.29
CZ01/RFF&0&rDXHP&New&HV_AirDist__SupFanMtr/NE-HVAC-FanBelt-CoggedVBelt-Msr/instance-out.sql,41028.90,47288.31
CZ01/RFF&0&rDXHP&New&HV_AirDist__SupFanMtr/NE-HVAC-FanBelt-SynchVBelt-Msr/instance-out.sql,40857.50,47288.34
CZ01/RSD&0&rDXHP&New&HV_AirDist__SupFanMtr/NE-HVAC-FanBelt-VBelt-Std/instance-out.sql,87846.09,146876.22
CZ01/RSD&0&rDXHP&New&HV_AirDist__SupFanMtr/NE-HVAC-FanBelt-CoggedVBelt-Msr/instance-out.sql,87773.64,146879.80
CZ01/RSD&0&rDXHP&New&HV_AirDist__SupFanMtr/NE-HVAC-FanBelt-SynchVBelt-Msr/instance-out.sql,87670.30,146885.17
CZ01/Rt3&0&rDXHP&New&HV_AirDist__SupFanMtr/NE-HVAC-FanBelt-VBelt-Std/instance-out.sql,1261613.66,198197.19
CZ01/Rt3&0&rDXHP&New&HV_AirDist__SupFanMtr/NE-HVAC-FanBelt-CoggedVBelt-Msr/instance-out.sql,1254887.81,198216.68
CZ01/Rt3&0&rDXHP&New&HV_AirDist__SupFanMtr/NE-HVAC-FanBelt-SynchVBelt-Msr/instance-out.sql,1245301.52,198243.99
CZ01/RtL&0&rDXHP&New&HV_AirDist__SupFanMtr/NE-HVAC-FanBelt-VBelt-Std/instance-out.sql,1307081.76,180014.47
CZ01/RtL&0&rDXHP&New&HV_AirDist__SupFanMtr/NE-HVAC-FanBelt-CoggedVBelt-Msr/instance-out.sql,1300023.33,180014.49
CZ01/RtL&0&rDXHP&New&HV_AirDist__SupFanMtr/NE-HVAC-FanBelt-SynchVBelt-Msr/instance-out.sql,1289954.21,180014.48
CZ01/RtS&0&rDXHP&New&HV_AirDist__SupFanMtr/NE-HVAC-FanBelt-VBelt-Std/instance-out.sql,75340.19,16680.59
CZ01/RtS&0&rDXHP&New&HV_AirDist__SupFanMtr/NE-HVAC-FanBelt-CoggedVBelt-Msr/instance-out.sql,75009.67,16680.59
CZ01/RtS&0&rDXHP&New&HV_AirDist__SupFanMtr/NE-HVAC-FanBelt-SynchVBelt-Msr/instance-out.sql,74538.33,16680.59
CZ01/SCn&0&rDXHP&New&HV_AirDist__SupFanMtr/NE-HVAC-FanBelt-VBelt-Std/instance-out.sql,2402750.11,93237.65
CZ01/SCn&0&rDXHP&New&HV_AirDist__SupFanMtr/NE-HVAC-FanBelt-CoggedVBelt-Msr/instance-out.sql,2388127.67,93237.65
CZ01/SCn&0&rDXHP&New&HV_AirDist__SupFanMtr/NE-HVAC-FanBelt-SynchVBelt-Msr/instance-out.sql,2367047.13,93237.64
CZ02/Asm&0&rDXHP&New&HV_AirDist__SupFanMtr/NE-HVAC-FanBelt-VBelt-Std/instance-out.sql,542253.24,23033.92
CZ02/Asm&0&rDXHP&New&HV_AirDist__SupFanMtr/NE-HVAC-FanBelt-CoggedVBelt-Msr/instance-out.sql,538831.54,23034.60
CZ02/Asm&0&rDXHP&New&HV_AirDist__SupFanMtr/NE-HVAC-FanBelt-SynchVBelt-Msr/instance-out.sql,533948.09,23034.60
CZ02/ECC&0&rDXHP&New&HV_AirDist__SupFanMtr/NE-HVAC-FanBelt-VBelt-Std/instance-out.sql,1797019.71,530834.33
CZ02/ECC&0&rDXHP&New&HV_AirDist__SupFanMtr/NE-HVAC-FanBelt-CoggedVBelt-Msr/instance-out.sql,1789219.51,530848.74
CZ02/ECC&0&rDXHP&New&HV_AirDist__SupFanMtr/NE-HVAC-FanBelt-SynchVBelt-Msr/instance-out.sql,1777841.91,530841.95
CZ02/EPr&0&rDXHP&New&HV_AirDist__SupFanMtr/NE-HVAC-FanBelt-VBelt-Std/instance-out.sql,211504.58,130310.21
CZ02/EPr&0&rDXHP&New&HV_AirDist__SupFanMtr/NE-HVAC-FanBelt-CoggedVBelt-Msr/instance-out.sql,210526.27,130310.21
CZ02/EPr&0&rDXHP&New&HV_AirDist__SupFanMtr/NE-HVAC-FanBelt-SynchVBelt-Msr/instance-out.sql,209128.38,130310.21
CZ02/ERC&0&rDXHP&New&HV_AirDist__SupFanMtr/NE-HVAC-FanBelt-VBelt-Std/instance-out.sql,7355.65,9357.93
CZ02/ERC&0&rDXHP&New&HV_AirDist__SupFanMtr/NE-HVAC-FanBelt-CoggedVBelt-Msr/instance-out.sql,7307.10,9357.93
CZ02/ERC&0&rDXHP&New&HV_AirDist__SupFanMtr/NE-HVAC-FanBelt-SynchVBelt-Msr/instance-out.sql,7237.31,9357.93
CZ02/ESe&0&rDXHP&New&HV_AirDist__SupFanMtr/NE-HVAC-FanBelt-VBelt-Std/instance-out.sql,668851.20,518097.31
CZ02/ESe&0&rDXHP&New&HV_AirDist__SupFanMtr/NE-HVAC-FanBelt-CoggedVBelt-Msr/instance-out.sql,667563.37,518117.71
CZ02/ESe&0&rDXHP&New&HV_AirDist__SupFanMtr/NE-HVAC-FanBelt-SynchVBelt-Msr/instance-out.sql,665739.05,518125.41
CZ02/EUn&0&rDXHP&New&HV_AirDist__SupFanMtr/NE-HVAC-FanBelt-VBelt-Std/instance-out.sql,6270136.75,904925.10
CZ02/EUn&0&rDXHP&New&HV_AirDist__SupFanMtr/NE-HVAC-FanBelt-CoggedVBelt-Msr/instance-out.sql,6246130.80,904926.89
CZ02/EUn&0&rDXHP&New&HV_AirDist__SupFanMtr/NE-HVAC-FanBelt-SynchVBelt-Msr/instance-out.sql,6211851.45,904929.22
CZ02/Hsp&0&rDXHP&New&HV_AirDist__SupFanMtr/NE-HVAC-FanBelt-VBelt-Std/instance-out.sql,2816715.79,773293.23
CZ02/Hsp&0&rDXHP&New&HV_AirDist__SupFanMtr/NE-HVAC-FanBelt-CoggedVBelt-Msr/instance-out.sql,2811237.43,773479.56
CZ02/Hsp&0&rDXHP&New&HV_AirDist__SupFanMtr/NE-HVAC-FanBelt-SynchVBelt-Msr/instance-out.sql,2803398.33,773660.46
CZ02/MBT&0&rDXHP&New&HV_AirDist__SupFanMtr/NE-HVAC-FanBelt-VBelt-Std/instance-out.sql,3005618.39,4090144.27
CZ02/MBT&0&rDXHP&New&HV_AirDist__SupFanMtr/NE-HVAC-FanBelt-CoggedVBelt-Msr/instance-out.sql,3000877.54,4090268.26
CZ02/MBT&0&rDXHP&New&HV_AirDist__SupFanMtr/NE-HVAC-FanBelt-SynchVBelt-Msr/instance-out.sql,2994113.68,4090445.09
CZ02/MLI&0&rDXHP&New&HV_AirDist__SupFanMtr/NE-HVAC-FanBelt-VBelt-Std/instance-out.sql,805836.47,49853.37
CZ02/MLI&0&rDXHP&New&HV_AirDist__SupFanMtr/NE-HVAC-FanBelt-CoggedVBelt-Msr/instance-out.sql,799663.37,49853.37
CZ02/MLI&0&rDXHP&New&HV_AirDist__SupFanMtr/NE-HVAC-FanBelt-SynchVBelt-Msr/instance-out.sql,790857.05,49853.37
CZ02/Mtl&0&rDXHP&New&HV_AirDist__SupFanMtr/NE-HVAC-FanBelt-VBelt-Std/instance-out.sql,139107.20,8976.68
CZ02/Mtl&0&rDXHP&New&HV_AirDist__SupFanMtr/NE-HVAC-FanBelt-CoggedVBelt-Msr/instance-out.sql,138067.00,8978.30
CZ02/Mtl&0&rDXHP&New&HV_AirDist__SupFanMtr/NE-HVAC-FanBelt-SynchVBelt-Msr/instance-out.sql,136581.28,8981.04
CZ02/Nrs&0&rDXHP&New&HV_AirDist__SupFanMtr/NE-HVAC-FanBelt-VBelt-Std/instance-out.sql,566458.64,216549.95
CZ02/Nrs&0&rDXHP&New&HV_AirDist__SupFanMtr/NE-HVAC-FanBelt-CoggedVBelt-Msr/instance-out.sql,564890.39,216568.33
CZ02/Nrs&0&rDXHP&New&HV_AirDist__SupFanMtr/NE-HVAC-FanBelt-SynchVBelt-Msr/instance-out.sql,562635.22,216622.77
CZ02/OfL&0&rDXHP&New&HV_AirDist__SupFanMtr/NE-HVAC-FanBelt-VBelt-Std/instance-out.sql,1850554.90,155291.24
CZ02/OfL&0&rDXHP&New&HV_AirDist__SupFanMtr/NE-HVAC-FanBelt-CoggedVBelt-Msr/instance-out.sql,1839529.64,155316.24
CZ02/OfL&0&rDXHP&New&HV_AirDist__SupFanMtr/NE-HVAC-FanBelt-SynchVBelt-Msr/instance-out.sql,1823806.52,155275.55
CZ02/OfS&0&rDXHP&New&HV_AirDist__SupFanMtr/NE-HVAC-FanBelt-VBelt-Std/instance-out.sql,83267.89,22673.82
CZ02/OfS&0&rDXHP&New&HV_AirDist__SupFanMtr/NE-HVAC-FanBelt-CoggedVBelt-Msr/instance-out.sql,82653.45,22673.82
CZ02/OfS&0&rDXHP&New&HV_AirDist__SupFanMtr/NE-HVAC-FanBelt-SynchVBelt-Msr/instance-out.sql,81772.63,22673.82
CZ02/RFF&0&rDXHP&New&HV_AirDist__SupFanMtr/NE-HVAC-FanBelt-VBelt-Std/instance-out.sql,51709.64,46535.19
CZ02/RFF&0&rDXHP&New&HV_AirDist__SupFanMtr/NE-HVAC-FanBelt-CoggedVBelt-Msr/instance-out.sql,51502.24,46535.42
CZ02/RFF&0&rDXHP&New&HV_AirDist__SupFanMtr/NE-HVAC-FanBelt-SynchVBelt-Msr/instance-out.sql,51206.59,46535.77
CZ02/RSD&0&rDXHP&New&HV_AirDist__SupFanMtr/NE-HVAC-FanBelt-VBelt-Std/instance-out.sql,96777.57,134201.04
CZ02/RSD&0&rDXHP&New&HV_AirDist__SupFanMtr/NE-HVAC-FanBelt-CoggedVBelt-Msr/instance-out.sql,96684.71,134203.21
CZ02/RSD&0&rDXHP&New&HV_AirDist__SupFanMtr/NE-HVAC-FanBelt-SynchVBelt-Msr/instance-out.sql,96552.02,134206.39
CZ02/Rt3&0&rDXHP&New&HV_AirDist__SupFanMtr/NE-HVAC-FanBelt-VBelt-Std/instance-out.sql,1569017.57,188086.06
CZ02/Rt3&0&rDXHP&New&HV_AirDist__SupFanMtr/NE-HVAC-FanBelt-CoggedVBelt-Msr/instance-out.sql,1558937.43,188091.99
CZ02/Rt3&0&rDXHP&New&HV_AirDist__SupFanMtr/NE-HVAC-FanBelt-SynchVBelt-Msr/instance-out.sql,1544553.57,188106.23
CZ02/RtL&0&rDXHP&New&HV_AirDist__SupFanMtr/NE-HVAC-FanBelt-VBelt-Std/instance-out.sql,1431109.46,171048.44
CZ02/RtL&0&rDXHP&New&HV_AirDist__SupFanMtr/NE-HVAC-FanBelt-CoggedVBelt-Msr/instance-out.sql,1423043.45,171048.46
CZ02/RtL&0&rDXHP&New&HV_AirDist__SupFanMtr/NE-HVAC-FanBelt-SynchVBelt-Msr/instance-out.sql,1411528.75,171048.46
CZ02/RtS&0&rDXHP&New&HV_AirDist__SupFanMtr/NE-HVAC-FanBelt-VBelt-Std/instance-out.sql,97157.45,15968.68
CZ02/RtS&0&rDXHP&New&HV_AirDist__SupFanMtr/NE-HVAC-FanBelt-CoggedVBelt-Msr/instance-out.sql,96534.37,15968.68
CZ02/RtS&0&rDXHP&New&HV_AirDist__SupFanMtr/NE-HVAC-FanBelt-SynchVBelt-Msr/instance-out.sql,95643.25,15968.68
CZ02/SCn&0&rDXHP&New&HV_AirDist__SupFanMtr/NE-HVAC-FanBelt-VBelt-Std/instance-out.sql,2458083.14,87371.75
CZ02/SCn&0&rDXHP&New&HV_AirDist__SupFanMtr/NE-HVAC-FanBelt-CoggedVBelt-Msr/instance-out.sql,2439379.51,87371.75
CZ02/SCn&0&rDXHP&New&HV_AirDist__SupFanMtr/NE-HVAC-FanBelt-SynchVBelt-Msr/instance-out.sql,2412388.62,87371.75
CZ03/Asm&0&rDXHP&New&HV_AirDist__SupFanMtr/NE-HVAC-FanBelt-VBelt-Std/instance-out.sql,471725.68,22834.79
CZ03/Asm&0&rDXHP&New&HV_AirDist__SupFanMtr/NE-HVAC-FanBelt-CoggedVBelt-Msr/instance-out.sql,468426.30,22834.79
CZ03/Asm&0&rDXHP&New&HV_AirDist__SupFanMtr/NE-HVAC-FanBelt-SynchVBelt-Msr/instance-out.sql,463719.74,22834.79
CZ03/ECC&0&rDXHP&New&HV_AirDist__SupFanMtr/NE-HVAC-FanBelt-VBelt-Std/instance-out.sql,1659498.65,524181.17
CZ03/ECC&0&rDXHP&New&HV_AirDist__SupFanMtr/NE-HVAC-FanBelt-CoggedVBelt-Msr/instance-out.sql,1652332.48,524193.84
CZ03/ECC&0&rDXHP&New&HV_AirDist__SupFanMtr/NE-HVAC-FanBelt-SynchVBelt-Msr/instance-out.sql,1641569.93,524184.51
CZ03/EPr&0&rDXHP&New&HV_AirDist__SupFanMtr/NE-HVAC-FanBelt-VBelt-Std/instance-out.sql,194124.82,129400.38
CZ03/EPr&0&rDXHP&New&HV_AirDist__SupFanMtr/NE-HVAC-FanBelt-CoggedVBelt-Msr/instance-out.sql,193180.19,129400.38
CZ03/EPr&0&rDXHP&New&HV_AirDist__SupFanMtr/NE-HVAC-FanBelt-SynchVBelt-Msr/instance-out.sql,191828.33,129400.38
CZ03/ERC&0&rDXHP&New&HV_AirDist__SupFanMtr/NE-HVAC-FanBelt-VBelt-Std/instance-out.sql,6622.87,9325.11
CZ03/ERC&0&rDXHP&New&HV_AirDist__SupFanMtr/NE-HVAC-FanBelt-CoggedVBelt-Msr/instance-out.sql,6576.53,9325.11
CZ03/ERC&0&rDXHP&New&HV_AirDist__SupFanMtr/NE-HVAC-FanBelt-SynchVBelt-Msr/instance-out.sql,6510.00,9325.11
CZ03/ESe&0&rDXHP&New&HV_AirDist__SupFanMtr/NE-HVAC-FanBelt-VBelt-Std/instance-out.sql,603965.54,451385.59
CZ03/ESe&0&rDXHP&New&HV_AirDist__SupFanMtr/NE-HVAC-FanBelt-CoggedVBelt-Msr/instance-out.sql,602773.62,451401.69
CZ03/ESe&0&rDXHP&New&HV_AirDist__SupFanMtr/NE-HVAC-FanBelt-SynchVBelt-Msr/instance-out.sql,601089.84,451409.78
CZ03/EUn&0&rDXHP&New&HV_AirDist__SupFanMtr/NE-HVAC-FanBelt-VBelt-Std/instance-out.sql,5939442.04,895165.98
CZ03/EUn&0&rDXHP&New&HV_AirDist__SupFanMtr/NE-HVAC-FanBelt-CoggedVBelt-Msr/instance-out.sql,5915930.08,895166.78
CZ03/EUn&0&rDXHP&New&HV_AirDist__SupFanMtr/NE-HVAC-FanBelt-SynchVBelt-Msr/instance-out.sql,5882362.47,895167.86
CZ03/Hsp&0&rDXHP&New&HV_AirDist__SupFanMtr/NE-HVAC-FanBelt-VBelt-Std/instance-out.sql,2542204.16,642074.15
CZ03/Hsp&0&rDXHP&New&HV_AirDist__SupFanMtr/NE-HVAC-FanBelt-CoggedVBelt-Msr/instance-out.sql,2537002.56,642145.20
CZ03/Hsp&0&rDXHP&New&HV_AirDist__SupFanMtr/NE-HVAC-FanBelt-SynchVBelt-Msr/instance-out.sql,2529588.43,642409.00
CZ03/MBT&0&rDXHP&New&HV_AirDist__SupFanMtr/NE-HVAC-FanBelt-VBelt-Std/instance-out.sql,2852011.01,3378824.38
CZ03/MBT&0&rDXHP&New&HV_AirDist__SupFanMtr/NE-HVAC-FanBelt-CoggedVBelt-Msr/instance-out.sql,2847493.83,3378964.30
CZ03/MBT&0&rDXHP&New&HV_AirDist__SupFanMtr/NE-HVAC-FanBelt-SynchVBelt-Msr/instance-out.sql,2841047.65,3379165.97
CZ03/MLI&0&rDXHP&New&HV_AirDist__SupFanMtr/NE-HVAC-FanBelt-VBelt-Std/instance-out.sql,739974.38,49328.08
CZ03/MLI&0&rDXHP&New&HV_AirDist__SupFanMtr/NE-HVAC-FanBelt-CoggedVBelt-Msr/instance-out.sql,734151.77,49328.08
CZ03/MLI&0&rDXHP&New&HV_AirDist__SupFanMtr/NE-HVAC-FanBelt-SynchVBelt-Msr/instance-out.sql,725845.41,49328.08
CZ03/Mtl&0&rDXHP&New&HV_AirDist__SupFanMtr/NE-HVAC-FanBelt-VBelt-Std/instance-out.sql,125349.91,8469.08
CZ03/Mtl&0&rDXHP&New&HV_AirDist__SupFanMtr/NE-HVAC-FanBelt-CoggedVBelt-Msr/instance-out.sql,124290.30,8467.49
CZ03/Mtl&0&rDXHP&New&HV_AirDist__SupFanMtr/NE-HVAC-FanBelt-SynchVBelt-Msr/instance-out.sql,122786.28,8474.40
CZ03/Nrs&0&rDXHP&New&HV_AirDist__SupFanMtr/NE-HVAC-FanBelt-VBelt-Std/instance-out.sql,534550.25,210963.67
CZ03/Nrs&0&rDXHP&New&HV_AirDist__SupFanMtr/NE-HVAC-FanBelt-CoggedVBelt-Msr/instance-out.sql,532964.95,210987.96
CZ03/Nrs&0&rDXHP&New&HV_AirDist__SupFanMtr/NE-HVAC-FanBelt-SynchVBelt-Msr/instance-out.sql,530714.86,211059.14
CZ03/OfL&0&rDXHP&New&HV_AirDist__SupFanMtr/NE-HVAC-FanBelt-VBelt-Std/instance-out.sql,1734845.93,142265.08
CZ03/OfL&0&rDXHP&New&HV_AirDist__SupFanMtr/NE-HVAC-FanBelt-CoggedVBelt-Msr/instance-out.sql,1724161.30,142268.76
CZ03/OfL&0&rDXHP&New&HV_AirDist__SupFanMtr/NE-HVAC-FanBelt-SynchVBelt-Msr/instance-out.sql,1708920.20,142264.56
CZ03/OfS&0&rDXHP&New&HV_AirDist__SupFanMtr/NE-HVAC-FanBelt-VBelt-Std/instance-out.sql,76365.21,22453.19
CZ03/OfS&0&rDXHP&New&HV_AirDist__SupFanMtr/NE-HVAC-FanBelt-CoggedVBelt-Msr/instance-out.sql,75778.79,22453.19
CZ03/OfS&0&rDXHP&New&HV_AirDist__SupFanMtr/NE-HVAC-FanBelt-SynchVBelt-Msr/instance-out.sql,74943.09,22453.19
CZ03/RFF&0&rDXHP&New&HV_AirDist__SupFanMtr/NE-HVAC-FanBelt-VBelt-Std/instance-out.sql,46269.59,45859.77
CZ03/RFF&0&rDXHP&New&HV_AirDist__SupFanMtr/NE-HVAC-FanBelt-CoggedVBelt-Msr/instance-out.sql,46077.87,45859.80
CZ03/RFF&0&rDXHP&New&HV_AirDist__SupFanMtr/NE-HVAC-FanBelt-SynchVBelt-Msr/instance-out.sql,45804.35,45859.98
CZ03/RSD&0&rDXHP&New&HV_AirDist__SupFanMtr/NE-HVAC-FanBelt-VBelt-Std/instance-out.sql,90021.28,124785.87
CZ03/RSD&0&rDXHP&New&HV_AirDist__SupFanMtr/NE-HVAC-FanBelt-CoggedVBelt-Msr/instance-out.sql,89927.71,124788.38
CZ03/RSD&0&rDXHP&New&HV_AirDist__SupFanMtr/NE-HVAC-FanBelt-SynchVBelt-Msr/instance-out.sql,89794.17,124792.47
CZ03/Rt3&0&rDXHP&New&HV_AirDist__SupFanMtr/NE-HVAC-FanBelt-VBelt-Std/instance-out.sql,1404298.98,182928.51
CZ03/Rt3&0&rDXHP&New&HV_AirDist__SupFanMtr/NE-HVAC-FanBelt-CoggedVBelt-Msr/instance-out.sql,1395163.03,182937.15
CZ03/Rt3&0&rDXHP&New&HV_AirDist__SupFanMtr/NE-HVAC-FanBelt-SynchVBelt-Msr/instance-out.sql,1382133.13,182950.36
CZ03/RtL&0&rDXHP&New&HV_AirDist__SupFanMtr/NE-HVAC-FanBelt-VBelt-Std/instance-out.sql,1333865.81,169560.80
CZ03/RtL&0&rDXHP&New&HV_AirDist__SupFanMtr/NE-HVAC-FanBelt-CoggedVBelt-Msr/instance-out.sql,1326022.36,169560.80
CZ03/RtL&0&rDXHP&New&HV_AirDist__SupFanMtr/NE-HVAC-FanBelt-SynchVBelt-Msr/instance-out.sql,1314833.74,169560.80
CZ03/RtS&0&rDXHP&New&HV_AirDist__SupFanMtr/NE-HVAC-FanBelt-VBelt-Std/instance-out.sql,83924.80,15850.56
CZ03/RtS&0&rDXHP&New&HV_AirDist__SupFanMtr/NE-HVAC-FanBelt-CoggedVBelt-Msr/instance-out.sql,83391.54,15850.56
CZ03/RtS&0&rDXHP&New&HV_AirDist__SupFanMtr/NE-HVAC-FanBelt-SynchVBelt-Msr/instance-out.sql,82632.56,15850.56
CZ03/SCn&0&rDXHP&New&HV_AirDist__SupFanMtr/NE-HVAC-FanBelt-VBelt-Std/instance-out.sql,2149303.66,86405.76
CZ03/SCn&0&rDXHP&New&HV_AirDist__SupFanMtr/NE-HVAC-FanBelt-CoggedVBelt-Msr/instance-out.sql,2133186.03,86405.76
CZ03/SCn&0&rDXHP&New&HV_AirDist__SupFanMtr/NE-HVAC-FanBelt-SynchVBelt-Msr/instance-out.sql,2110149.97,86405.76
CZ04/Asm&0&rDXHP&New&HV_AirDist__SupFanMtr/NE-HVAC-FanBelt-VBelt-Std/instance-out.sql,592038.63,22333.55
CZ04/Asm&0&rDXHP&New&HV_AirDist__SupFanMtr/NE-HVAC-FanBelt-CoggedVBelt-Msr/instance-out.sql,588258.86,22333.55
CZ04/Asm&0&rDXHP&New&HV_AirDist__SupFanMtr/NE-HVAC-FanBelt-SynchVBelt-Msr/instance-out.sql,582861.72,22333.55
CZ04/ECC&0&rDXHP&New&HV_AirDist__SupFanMtr/NE-HVAC-FanBelt-VBelt-Std/instance-out.sql,1928449.53,510585.59
CZ04/ECC&0&rDXHP&New&HV_AirDist__SupFanMtr/NE-HVAC-FanBelt-CoggedVBelt-Msr/instance-out.sql,1919566.15,510582.32
CZ04/ECC&0&rDXHP&New&HV_AirDist__SupFanMtr/NE-HVAC-FanBelt-SynchVBelt-Msr/instance-out.sql,1907175.54,510591.95
CZ04/EPr&0&rDXHP&New&HV_AirDist__SupFanMtr/NE-HVAC-FanBelt-VBelt-Std/instance-out.sql,228490.08,126726.81
CZ04/EPr&0&rDXHP&New&HV_AirDist__SupFanMtr/NE-HVAC-FanBelt-CoggedVBelt-Msr/instance-out.sql,227446.77,126726.81
CZ04/EPr&0&rDXHP&New&HV_AirDist__SupFanMtr/NE-HVAC-FanBelt-SynchVBelt-Msr/instance-out.sql,225877.77,126726.81
CZ04/ERC&0&rDXHP&New&HV_AirDist__SupFanMtr/NE-HVAC-FanBelt-VBelt-Std/instance-out.sql,8142.99,9227.94
CZ04/ERC&0&rDXHP&New&HV_AirDist__SupFanMtr/NE-HVAC-FanBelt-CoggedVBelt-Msr/instance-out.sql,8086.25,9227.94
CZ04/ERC&0&rDXHP&New&HV_AirDist__SupFanMtr/NE-HVAC-FanBelt-SynchVBelt-Msr/instance-out.sql,8005.55,9227.94
CZ04/ESe&0&rDXHP&New&HV_AirDist__SupFanMtr/NE-HVAC-FanBelt-VBelt-Std/instance-out.sql,734115.31,466234.70
CZ04/ESe&0&rDXHP&New&HV_AirDist__SupFanMtr/NE-HVAC-FanBelt-CoggedVBelt-Msr/instance-out.sql,732710.18,466238.79
CZ04/ESe&0&rDXHP&New&HV_AirDist__SupFanMtr/NE-HVAC-FanBelt-SynchVBelt-Msr/instance-out.sql,730679.99,466255.98
CZ04/EUn&0&rDXHP&New&HV_AirDist__SupFanMtr/NE-HVAC-FanBelt-VBelt-Std/instance-out.sql,6607504.47,872051.21
CZ04/EUn&0&rDXHP&New&HV_AirDist__SupFanMtr/NE-HVAC-FanBelt-CoggedVBelt-Msr/instance-out.sql,6581952.21,872052.64
CZ04/EUn&0&rDXHP&New&HV_AirDist__SupFanMtr/NE-HVAC-FanBelt-SynchVBelt-Msr/instance-out.sql,6545434.06,872054.65
CZ04/Hsp&0&rDXHP&New&HV_AirDist__SupFanMtr/NE-HVAC-FanBelt-VBelt-Std/instance-out.sql,3104097.65,717319.08
CZ04/Hsp&0&rDXHP&New&HV_AirDist__SupFanMtr/NE-HVAC-FanBelt-CoggedVBelt-Msr/instance-out.sql,3098234.38,717566.81
CZ04/Hsp&0&rDXHP&New&HV_AirDist__SupFanMtr/NE-HVAC-FanBelt-SynchVBelt-Msr/instance-out.sql,3089870.18,717940.38
CZ04/MBT&0&rDXHP&New&HV_AirDist__SupFanMtr/NE-HVAC-FanBelt-VBelt-Std/instance-out.sql,3178256.04,3578335.51
CZ04/MBT&0&rDXHP&New&HV_AirDist__SupFanMtr/NE-HVAC-FanBelt-CoggedVBelt-Msr/instance-out.sql,3173101.78,3578436.17
CZ04/MBT&0&rDXHP&New&HV_AirDist__SupFanMtr/NE-HVAC-FanBelt-SynchVBelt-Msr/instance-out.sql,3166084.19,3578803.62
CZ04/MLI&0&rDXHP&New&HV_AirDist__SupFanMtr/NE-HVAC-FanBelt-VBelt-Std/instance-out.sql,863063.51,47996.17
CZ04/MLI&0&rDXHP&New&HV_AirDist__SupFanMtr/NE-HVAC-FanBelt-CoggedVBelt-Msr/instance-out.sql,856401.04,47996.18
CZ04/MLI&0&rDXHP&New&HV_AirDist__SupFanMtr/NE-HVAC-FanBelt-SynchVBelt-Msr/instance-out.sql,846891.09,47996.17
CZ04/Mtl&0&rDXHP&New&HV_AirDist__SupFanMtr/NE-HVAC-FanBelt-VBelt-Std/instance-out.sql,149838.98,8603.68
CZ04/Mtl&0&rDXHP&New&HV_AirDist__SupFanMtr/NE-HVAC-FanBelt-CoggedVBelt-Msr/instance-out.sql,148766.17,8604.72
CZ04/Mtl&0&rDXHP&New&HV_AirDist__SupFanMtr/NE-HVAC-FanBelt-SynchVBelt-Msr/instance-out.sql,147237.05,8606.21
CZ04/Nrs&0&rDXHP&New&HV_AirDist__SupFanMtr/NE-HVAC-FanBelt-VBelt-Std/instance-out.sql,604855.34,208825.39
CZ04/Nrs&0&rDXHP&New&HV_AirDist__SupFanMtr/NE-HVAC-FanBelt-CoggedVBelt-Msr/instance-out.sql,603173.63,208827.90
CZ04/Nrs&0&rDXHP&New&HV_AirDist__SupFanMtr/NE-HVAC-FanBelt-SynchVBelt-Msr/instance-out.sql,600803.22,208907.71
CZ04/OfL&0&rDXHP&New&HV_AirDist__SupFanMtr/NE-HVAC-FanBelt-VBelt-Std/instance-out.sql,1970014.60,146244.41
CZ04/OfL&0&rDXHP&New&HV_AirDist__SupFanMtr/NE-HVAC-FanBelt-CoggedVBelt-Msr/instance-out.sql,1958382.62,146262.06
CZ04/OfL&0&rDXHP&New&HV_AirDist__SupFanMtr/NE-HVAC-FanBelt-SynchVBelt-Msr/instance-out.sql,1941779.58,146258.37
CZ04/OfS&0&rDXHP&New&HV_AirDist__SupFanMtr/NE-HVAC-FanBelt-VBelt-Std/instance-out.sql,89974.50,21899.04
CZ04/OfS&0&rDXHP&New&HV_AirDist__SupFanMtr/NE-HVAC-FanBelt-CoggedVBelt-Msr/instance-out.sql,89302.29,21899.04
CZ04/OfS&0&rDXHP&New&HV_AirDist__SupFanMtr/NE-HVAC-FanBelt-SynchVBelt-Msr/instance-out.sql,88350.97,21899.04
CZ04/RFF&0&rDXHP&New&HV_AirDist__SupFanMtr/NE-HVAC-FanBelt-VBelt-Std/instance-out.sql,56397.60,45423.86
CZ04/RFF&0&rDXHP&New&HV_AirDist__SupFanMtr/NE-HVAC-FanBelt-CoggedVBelt-Msr/instance-out.sql,56170.70,45424.05
CZ04/RFF&0&rDXHP&New&HV_AirDist__SupFanMtr/NE-HVAC-FanBelt-SynchVBelt-Msr/instance-out.sql,55846.65,45424.28
CZ04/RSD&0&rDXHP&New&HV_AirDist__SupFanMtr/NE-HVAC-FanBelt-VBelt-Std/instance-out.sql,103461.48,129554.98
CZ04/RSD&0&rDXHP&New&HV_AirDist__SupFanMtr/NE-HVAC-FanBelt-CoggedVBelt-Msr/instance-out.sql,103358.34,129556.94
CZ04/RSD&0&rDXHP&New&HV_AirDist__SupFanMtr/NE-HVAC-FanBelt-SynchVBelt-Msr/instance-out.sql,103211.08,129559.09
CZ04/Rt3&0&rDXHP&New&HV_AirDist__SupFanMtr/NE-HVAC-FanBelt-VBelt-Std/instance-out.sql,1694670.53,178027.46
CZ04/Rt3&0&rDXHP&New&HV_AirDist__SupFanMtr/NE-HVAC-FanBelt-CoggedVBelt-Msr/instance-out.sql,1683607.72,178033.75
CZ04/Rt3&0&rDXHP&New&HV_AirDist__SupFanMtr/NE-HVAC-FanBelt-SynchVBelt-Msr/instance-out.sql,1667833.24,178043.78
CZ04/RtL&0&rDXHP&New&HV_AirDist__SupFanMtr/NE-HVAC-FanBelt-VBelt-Std/instance-out.sql,1532962.88,165825.87
CZ04/RtL&0&rDXHP&New&HV_AirDist__SupFanMtr/NE-HVAC-FanBelt-CoggedVBelt-Msr/instance-out.sql,1524193.20,165825.87
CZ04/RtL&0&rDXHP&New&HV_AirDist__SupFanMtr/NE-HVAC-FanBelt-SynchVBelt-Msr/instance-out.sql,1511678.77,165825.87
CZ04/RtS&0&rDXHP&New&HV_AirDist__SupFanMtr/NE-HVAC-FanBelt-VBelt-Std/instance-out.sql,106186.91,15553.80
CZ04/RtS&0&rDXHP&New&HV_AirDist__SupFanMtr/NE-HVAC-FanBelt-CoggedVBelt-Msr/instance-out.sql,105473.96,15553.80
CZ04/RtS&0&rDXHP&New&HV_AirDist__SupFanMtr/NE-HVAC-FanBelt-SynchVBelt-Msr/instance-out.sql,104454.74,15553.80
CZ04/SCn&0&rDXHP&New&HV_AirDist__SupFanMtr/NE-HVAC-FanBelt-VBelt-Std/instance-out.sql,2668298.33,83948.63
CZ04/SCn&0&rDXHP&New&HV_AirDist__SupFanMtr/NE-HVAC-FanBelt-CoggedVBelt-Msr/instance-out.sql,2646931.00,83948.63
CZ04/SCn&0&rDXHP&New&HV_AirDist__SupFanMtr/NE-HVAC-FanBelt-SynchVBelt-Msr/instance-out.sql,2616646.46,83948.63
CZ05/Asm&0&rDXHP&New&HV_AirDist__SupFanMtr/NE-HVAC-FanBelt-VBelt-Std/instance-out.sql,482458.71,22917.15
CZ05/Asm&0&rDXHP&New&HV_AirDist__SupFanMtr/NE-HVAC-FanBelt-CoggedVBelt-Msr/instance-out.sql,479079.30,22917.15
CZ05/Asm&0&rDXHP&New&HV_AirDist__SupFanMtr/NE-HVAC-FanBelt-SynchVBelt-Msr/instance-out.sql,474257.55,22917.14
CZ05/ECC&0&rDXHP&New&HV_AirDist__SupFanMtr/NE-HVAC-FanBelt-VBelt-Std/instance-out.sql,1695843.82,526361.62
CZ05/ECC&0&rDXHP&New&HV_AirDist__SupFanMtr/NE-HVAC-FanBelt-CoggedVBelt-Msr/instance-out.sql,1688169.23,526358.35
CZ05/ECC&0&rDXHP&New&HV_AirDist__SupFanMtr/NE-HVAC-FanBelt-SynchVBelt-Msr/instance-out.sql,1677239.62,526359.52
CZ05/EPr&0&rDXHP&New&HV_AirDist__SupFanMtr/NE-HVAC-FanBelt-VBelt-Std/instance-out.sql,197776.31,129850.19
CZ05/EPr&0&rDXHP&New&HV_AirDist__SupFanMtr/NE-HVAC-FanBelt-CoggedVBelt-Msr/instance-out.sql,196817.39,129850.19
CZ05/EPr&0&rDXHP&New&HV_AirDist__SupFanMtr/NE-HVAC-FanBelt-SynchVBelt-Msr/instance-out.sql,195446.48,129850.19
CZ05/ERC&0&rDXHP&New&HV_AirDist__SupFanMtr/NE-HVAC-FanBelt-VBelt-Std/instance-out.sql,6698.45,9341.48
CZ05/ERC&0&rDXHP&New&HV_AirDist__SupFanMtr/NE-HVAC-FanBelt-CoggedVBelt-Msr/instance-out.sql,6650.89,9341.48
CZ05/ERC&0&rDXHP&New&HV_AirDist__SupFanMtr/NE-HVAC-FanBelt-SynchVBelt-Msr/instance-out.sql,6584.21,9341.48
CZ05/ESe&0&rDXHP&New&HV_AirDist__SupFanMtr/NE-HVAC-FanBelt-VBelt-Std/instance-out.sql,615087.37,448581.43
CZ05/ESe&0&rDXHP&New&HV_AirDist__SupFanMtr/NE-HVAC-FanBelt-CoggedVBelt-Msr/instance-out.sql,613862.99,448591.85
CZ05/ESe&0&rDXHP&New&HV_AirDist__SupFanMtr/NE-HVAC-FanBelt-SynchVBelt-Msr/instance-out.sql,612101.44,448597.56
CZ05/EUn&0&rDXHP&New&HV_AirDist__SupFanMtr/NE-HVAC-FanBelt-VBelt-Std/instance-out.sql,6053291.98,898840.81
CZ05/EUn&0&rDXHP&New&HV_AirDist__SupFanMtr/NE-HVAC-FanBelt-CoggedVBelt-Msr/instance-out.sql,6029263.23,898841.03
CZ05/EUn&0&rDXHP&New&HV_AirDist__SupFanMtr/NE-HVAC-FanBelt-SynchVBelt-Msr/instance-out.sql,5994976.01,898841.33
CZ05/Hsp&0&rDXHP&New&HV_AirDist__SupFanMtr/NE-HVAC-FanBelt-VBelt-Std/instance-out.sql,2605379.50,650588.84
CZ05/Hsp&0&rDXHP&New&HV_AirDist__SupFanMtr/NE-HVAC-FanBelt-CoggedVBelt-Msr/instance-out.sql,2600023.28,650745.22
CZ05/Hsp&0&rDXHP&New&HV_AirDist__SupFanMtr/NE-HVAC-FanBelt-SynchVBelt-Msr/instance-out.sql,2592100.91,649499.12
CZ05/MBT&0&rDXHP&New&HV_AirDist__SupFanMtr/NE-HVAC-FanBelt-VBelt-Std/instance-out.sql,2866051.32,3547623.05
CZ05/MBT&0&rDXHP&New&HV_AirDist__SupFanMtr/NE-HVAC-FanBelt-CoggedVBelt-Msr/instance-out.sql,2861415.78,3547766.95
CZ05/MBT&0&rDXHP&New&HV_AirDist__SupFanMtr/NE-HVAC-FanBelt-SynchVBelt-Msr/instance-out.sql,2854799.65,3547976.33
CZ05/MLI&0&rDXHP&New&HV_AirDist__SupFanMtr/NE-HVAC-FanBelt-VBelt-Std/instance-out.sql,747382.90,49545.83
CZ05/MLI&0&rDXHP&New&HV_AirDist__SupFanMtr/NE-HVAC-FanBelt-CoggedVBelt-Msr/instance-out.sql,741325.30,49545.83
CZ05/MLI&0&rDXHP&New&HV_AirDist__SupFanMtr/NE-HVAC-FanBelt-SynchVBelt-Msr/instance-out.sql,732687.19,49545.83
CZ05/Mtl&0&rDXHP&New&HV_AirDist__SupFanMtr/NE-HVAC-FanBelt-VBelt-Std/instance-out.sql,128584.28,8350.70
CZ05/Mtl&0&rDXHP&New&HV_AirDist__SupFanMtr/NE-HVAC-FanBelt-CoggedVBelt-Msr/instance-out.sql,127502.43,8348.58
CZ05/Mtl&0&rDXHP&New&HV_AirDist__SupFanMtr/NE-HVAC-FanBelt-SynchVBelt-Msr/instance-out.sql,125962.52,8351.11
CZ05/Nrs&0&rDXHP&New&HV_AirDist__SupFanMtr/NE-HVAC-FanBelt-VBelt-Std/instance-out.sql,543483.44,204208.99
CZ05/Nrs&0&rDXHP&New&HV_AirDist__SupFanMtr/NE-HVAC-FanBelt-CoggedVBelt-Msr/instance-out.sql,541882.13,204240.74
CZ05/Nrs&0&rDXHP&New&HV_AirDist__SupFanMtr/NE-HVAC-FanBelt-SynchVBelt-Msr/instance-out.sql,539583.93,204266.63
CZ05/OfL&0&rDXHP&New&HV_AirDist__SupFanMtr/NE-HVAC-FanBelt-VBelt-Std/instance-out.sql,1765750.12,142633.88
CZ05/OfL&0&rDXHP&New&HV_AirDist__SupFanMtr/NE-HVAC-FanBelt-CoggedVBelt-Msr/instance-out.sql,1754786.66,142610.71
CZ05/OfL&0&rDXHP&New&HV_AirDist__SupFanMtr/NE-HVAC-FanBelt-SynchVBelt-Msr/instance-out.sql,1739144.78,142604.48
CZ05/OfS&0&rDXHP&New&HV_AirDist__SupFanMtr/NE-HVAC-FanBelt-VBelt-Std/instance-out.sql,77598.76,22543.71
CZ05/OfS&0&rDXHP&New&HV_AirDist__SupFanMtr/NE-HVAC-FanBelt-CoggedVBelt-Msr/instance-out.sql,76999.06,22543.71
CZ05/OfS&0&rDXHP&New&HV_AirDist__SupFanMtr/NE-HVAC-FanBelt-SynchVBelt-Msr/instance-out.sql,76135.74,22543.71
CZ05/RFF&0&rDXHP&New&HV_AirDist__SupFanMtr/NE-HVAC-FanBelt-VBelt-Std/instance-out.sql,47329.48,45893.97
CZ05/RFF&0&rDXHP&New&HV_AirDist__SupFanMtr/NE-HVAC-FanBelt-CoggedVBelt-Msr/instance-out.sql,47131.47,45894.12
CZ05/RFF&0&rDXHP&New&HV_AirDist__SupFanMtr/NE-HVAC-FanBelt-SynchVBelt-Msr/instance-out.sql,46849.19,45894.28
CZ05/RSD&0&rDXHP&New&HV_AirDist__SupFanMtr/NE-HVAC-FanBelt-VBelt-Std/instance-out.sql,91611.00,127184.12
CZ05/RSD&0&rDXHP&New&HV_AirDist__SupFanMtr/NE-HVAC-FanBelt-CoggedVBelt-Msr/instance-out.sql,91516.67,127186.49
CZ05/RSD&0&rDXHP&New&HV_AirDist__SupFanMtr/NE-HVAC-FanBelt-SynchVBelt-Msr/instance-out.sql,91382.14,127190.34
CZ05/Rt3&0&rDXHP&New&HV_AirDist__SupFanMtr/NE-HVAC-FanBelt-VBelt-Std/instance-out.sql,1436001.25,182364.52
CZ05/Rt3&0&rDXHP&New&HV_AirDist__SupFanMtr/NE-HVAC-FanBelt-CoggedVBelt-Msr/instance-out.sql,1426343.49,182371.45
CZ05/Rt3&0&rDXHP&New&HV_AirDist__SupFanMtr/NE-HVAC-FanBelt-SynchVBelt-Msr/instance-out.sql,1412561.82,182381.08
CZ05/RtL&0&rDXHP&New&HV_AirDist__SupFanMtr/NE-HVAC-FanBelt-VBelt-Std/instance-out.sql,1344737.39,170169.16
CZ05/RtL&0&rDXHP&New&HV_AirDist__SupFanMtr/NE-HVAC-FanBelt-CoggedVBelt-Msr/instance-out.sql,1336769.67,170169.17
CZ05/RtL&0&rDXHP&New&HV_AirDist__SupFanMtr/NE-HVAC-FanBelt-SynchVBelt-Msr/instance-out.sql,1325433.92,170169.16
CZ05/RtS&0&rDXHP&New&HV_AirDist__SupFanMtr/NE-HVAC-FanBelt-VBelt-Std/instance-out.sql,85567.03,15899.16
CZ05/RtS&0&rDXHP&New&HV_AirDist__SupFanMtr/NE-HVAC-FanBelt-CoggedVBelt-Msr/instance-out.sql,85001.76,15899.16
CZ05/RtS&0&rDXHP&New&HV_AirDist__SupFanMtr/NE-HVAC-FanBelt-SynchVBelt-Msr/instance-out.sql,84195.83,15899.16
CZ05/SCn&0&rDXHP&New&HV_AirDist__SupFanMtr/NE-HVAC-FanBelt-VBelt-Std/instance-out.sql,2134323.00,86806.56
CZ05/SCn&0&rDXHP&New&HV_AirDist__SupFanMtr/NE-HVAC-FanBelt-CoggedVBelt-Msr/instance-out.sql,2117101.53,86806.56
CZ05/SCn&0&rDXHP&New&HV_AirDist__SupFanMtr/NE-HVAC-FanBelt-SynchVBelt-Msr/instance-out.sql,2093363.58,86806.56
CZ06/Asm&0&rDXHP&New&HV_AirDist__SupFanMtr/NE-HVAC-FanBelt-VBelt-Std/instance-out.sql,483741.10,21509.38
CZ06/Asm&0&rDXHP&New&HV_AirDist__SupFanMtr/NE-HVAC-FanBelt-CoggedVBelt-Msr/instance-out.sql,479804.36,21509.39
CZ06/Asm&0&rDXHP&New&HV_AirDist__SupFanMtr/NE-HVAC-FanBelt-SynchVBelt-Msr/instance-out.sql,474188.19,21509.39
CZ06/ECC&0&rDXHP&New&HV_AirDist__SupFanMtr/NE-HVAC-FanBelt-VBelt-Std/instance-out.sql,1775733.20,487169.85
CZ06/ECC&0&rDXHP&New&HV_AirDist__SupFanMtr/NE-HVAC-FanBelt-CoggedVBelt-Msr/instance-out.sql,1767274.31,487169.88
CZ06/ECC&0&rDXHP&New&HV_AirDist__SupFanMtr/NE-HVAC-FanBelt-SynchVBelt-Msr/instance-out.sql,1755256.31,487169.98
CZ06/EPr&0&rDXHP&New&HV_AirDist__SupFanMtr/NE-HVAC-FanBelt-VBelt-Std/instance-out.sql,209518.70,122896.69
CZ06/EPr&0&rDXHP&New&HV_AirDist__SupFanMtr/NE-HVAC-FanBelt-CoggedVBelt-Msr/instance-out.sql,208372.66,122896.69
CZ06/EPr&0&rDXHP&New&HV_AirDist__SupFanMtr/NE-HVAC-FanBelt-SynchVBelt-Msr/instance-out.sql,206738.12,122896.70
CZ06/ERC&0&rDXHP&New&HV_AirDist__SupFanMtr/NE-HVAC-FanBelt-VBelt-Std/instance-out.sql,6901.42,9089.39
CZ06/ERC&0&rDXHP&New&HV_AirDist__SupFanMtr/NE-HVAC-FanBelt-CoggedVBelt-Msr/instance-out.sql,6845.17,9089.39
CZ06/ERC&0&rDXHP&New&HV_AirDist__SupFanMtr/NE-HVAC-FanBelt-SynchVBelt-Msr/instance-out.sql,6764.39,9089.39
CZ06/ESe&0&rDXHP&New&HV_AirDist__SupFanMtr/NE-HVAC-FanBelt-VBelt-Std/instance-out.sql,647271.09,335413.44
CZ06/ESe&0&rDXHP&New&HV_AirDist__SupFanMtr/NE-HVAC-FanBelt-CoggedVBelt-Msr/instance-out.sql,645881.81,335416.95
CZ06/ESe&0&rDXHP&New&HV_AirDist__SupFanMtr/NE-HVAC-FanBelt-SynchVBelt-Msr/instance-out.sql,643903.87,335421.25
CZ06/EUn&0&rDXHP&New&HV_AirDist__SupFanMtr/NE-HVAC-FanBelt-VBelt-Std/instance-out.sql,6298421.29,834167.97
CZ06/EUn&0&rDXHP&New&HV_AirDist__SupFanMtr/NE-HVAC-FanBelt-CoggedVBelt-Msr/instance-out.sql,6272420.40,834167.97
CZ06/EUn&0&rDXHP&New&HV_AirDist__SupFanMtr/NE-HVAC-FanBelt-SynchVBelt-Msr/instance-out.sql,6235323.09,834167.98
CZ06/Hsp&0&rDXHP&New&HV_AirDist__SupFanMtr/NE-HVAC-FanBelt-VBelt-Std/instance-out.sql,2888696.84,421436.12
CZ06/Hsp&0&rDXHP&New&HV_AirDist__SupFanMtr/NE-HVAC-FanBelt-CoggedVBelt-Msr/instance-out.sql,2882913.92,421474.15
CZ06/Hsp&0&rDXHP&New&HV_AirDist__SupFanMtr/NE-HVAC-FanBelt-SynchVBelt-Msr/instance-out.sql,2874677.03,421512.71
CZ06/MBT&0&rDXHP&New&HV_AirDist__SupFanMtr/NE-HVAC-FanBelt-VBelt-Std/instance-out.sql,2955056.30,2040046.45
CZ06/MBT&0&rDXHP&New&HV_AirDist__SupFanMtr/NE-HVAC-FanBelt-CoggedVBelt-Msr/instance-out.sql,2949760.60,2040136.28
CZ06/MBT&0&rDXHP&New&HV_AirDist__SupFanMtr/NE-HVAC-FanBelt-SynchVBelt-Msr/instance-out.sql,2942202.89,2040266.61
CZ06/MLI&0&rDXHP&New&HV_AirDist__SupFanMtr/NE-HVAC-FanBelt-VBelt-Std/instance-out.sql,777825.81,45826.57
CZ06/MLI&0&rDXHP&New&HV_AirDist__SupFanMtr/NE-HVAC-FanBelt-CoggedVBelt-Msr/instance-out.sql,771088.60,45826.57
CZ06/MLI&0&rDXHP&New&HV_AirDist__SupFanMtr/NE-HVAC-FanBelt-SynchVBelt-Msr/instance-out.sql,761476.61,45826.57
CZ06/Mtl&0&rDXHP&New&HV_AirDist__SupFanMtr/NE-HVAC-FanBelt-VBelt-Std/instance-out.sql,131340.20,7919.99
CZ06/Mtl&0&rDXHP&New&HV_AirDist__SupFanMtr/NE-HVAC-FanBelt-CoggedVBelt-Msr/instance-out.sql,130274.83,7919.99
CZ06/Mtl&0&rDXHP&New&HV_AirDist__SupFanMtr/NE-HVAC-FanBelt-SynchVBelt-Msr/instance-out.sql,128754.35,7919.99
CZ06/Nrs&0&rDXHP&New&HV_AirDist__SupFanMtr/NE-HVAC-FanBelt-VBelt-Std/instance-out.sql,578788.34,184317.06
CZ06/Nrs&0&rDXHP&New&HV_AirDist__SupFanMtr/NE-HVAC-FanBelt-CoggedVBelt-Msr/instance-out.sql,576974.86,184377.84
CZ06/Nrs&0&rDXHP&New&HV_AirDist__SupFanMtr/NE-HVAC-FanBelt-SynchVBelt-Msr/instance-out.sql,574562.49,184398.54
CZ06/OfL&0&rDXHP&New&HV_AirDist__SupFanMtr/NE-HVAC-FanBelt-VBelt-Std/instance-out.sql,1873646.26,119003.32
CZ06/OfL&0&rDXHP&New&HV_AirDist__SupFanMtr/NE-HVAC-FanBelt-CoggedVBelt-Msr/instance-out.sql,1862163.81,119004.94
CZ06/OfL&0&rDXHP&New&HV_AirDist__SupFanMtr/NE-HVAC-FanBelt-SynchVBelt-Msr/instance-out.sql,1845762.28,119231.76
CZ06/OfS&0&rDXHP&New&HV_AirDist__SupFanMtr/NE-HVAC-FanBelt-VBelt-Std/instance-out.sql,82503.50,20988.78
CZ06/OfS&0&rDXHP&New&HV_AirDist__SupFanMtr/NE-HVAC-FanBelt-CoggedVBelt-Msr/instance-out.sql,81820.19,20988.78
CZ06/OfS&0&rDXHP&New&HV_AirDist__SupFanMtr/NE-HVAC-FanBelt-SynchVBelt-Msr/instance-out.sql,80844.25,20988.78
CZ06/RFF&0&rDXHP&New&HV_AirDist__SupFanMtr/NE-HVAC-FanBelt-VBelt-Std/instance-out.sql,50481.18,43920.23
CZ06/RFF&0&rDXHP&New&HV_AirDist__SupFanMtr/NE-HVAC-FanBelt-CoggedVBelt-Msr/instance-out.sql,50253.73,43920.24
CZ06/RFF&0&rDXHP&New&HV_AirDist__SupFanMtr/NE-HVAC-FanBelt-SynchVBelt-Msr/instance-out.sql,49929.37,43920.30
CZ06/RSD&0&rDXHP&New&HV_AirDist__SupFanMtr/NE-HVAC-FanBelt-VBelt-Std/instance-out.sql,96383.69,110700.32
CZ06/RSD&0&rDXHP&New&HV_AirDist__SupFanMtr/NE-HVAC-FanBelt-CoggedVBelt-Msr/instance-out.sql,96272.73,110701.95
CZ06/RSD&0&rDXHP&New&HV_AirDist__SupFanMtr/NE-HVAC-FanBelt-SynchVBelt-Msr/instance-out.sql,96114.58,110704.08
CZ06/Rt3&0&rDXHP&New&HV_AirDist__SupFanMtr/NE-HVAC-FanBelt-VBelt-Std/instance-out.sql,1494181.99,163275.79
CZ06/Rt3&0&rDXHP&New&HV_AirDist__SupFanMtr/NE-HVAC-FanBelt-CoggedVBelt-Msr/instance-out.sql,1483550.35,163277.79
CZ06/Rt3&0&rDXHP&New&HV_AirDist__SupFanMtr/NE-HVAC-FanBelt-SynchVBelt-Msr/instance-out.sql,1468388.90,163280.70
CZ06/RtL&0&rDXHP&New&HV_AirDist__SupFanMtr/NE-HVAC-FanBelt-VBelt-Std/instance-out.sql,1422882.41,159688.88
CZ06/RtL&0&rDXHP&New&HV_AirDist__SupFanMtr/NE-HVAC-FanBelt-CoggedVBelt-Msr/instance-out.sql,1413803.70,159688.88
CZ06/RtL&0&rDXHP&New&HV_AirDist__SupFanMtr/NE-HVAC-FanBelt-SynchVBelt-Msr/instance-out.sql,1400850.02,159688.88
CZ06/RtS&0&rDXHP&New&HV_AirDist__SupFanMtr/NE-HVAC-FanBelt-VBelt-Std/instance-out.sql,88726.51,15066.69
CZ06/RtS&0&rDXHP&New&HV_AirDist__SupFanMtr/NE-HVAC-FanBelt-CoggedVBelt-Msr/instance-out.sql,88086.41,15066.69
CZ06/RtS&0&rDXHP&New&HV_AirDist__SupFanMtr/NE-HVAC-FanBelt-SynchVBelt-Msr/instance-out.sql,87172.86,15066.69
CZ06/SCn&0&rDXHP&New&HV_AirDist__SupFanMtr/NE-HVAC-FanBelt-VBelt-Std/instance-out.sql,2203586.55,79952.75
CZ06/SCn&0&rDXHP&New&HV_AirDist__SupFanMtr/NE-HVAC-FanBelt-CoggedVBelt-Msr/instance-out.sql,2183426.42,79952.75
CZ06/SCn&0&rDXHP&New&HV_AirDist__SupFanMtr/NE-HVAC-FanBelt-SynchVBelt-Msr/instance-out.sql,2154653.06,79952.75
CZ07/Asm&0&rDXHP&New&HV_AirDist__SupFanMtr/NE-HVAC-FanBelt-VBelt-Std/instance-out.sql,487729.88,21341.22
CZ07/Asm&0&rDXHP&New&HV_AirDist__SupFanMtr/NE-HVAC-FanBelt-CoggedVBelt-Msr/instance-out.sql,483783.28,21341.22
CZ07/Asm&0&rDXHP&New&HV_AirDist__SupFanMtr/NE-HVAC-FanBelt-SynchVBelt-Msr/instance-out.sql,478152.07,21341.22
CZ07/ECC&0&rDXHP&New&HV_AirDist__SupFanMtr/NE-HVAC-FanBelt-VBelt-Std/instance-out.sql,1785791.25,482323.93
CZ07/ECC&0&rDXHP&New&HV_AirDist__SupFanMtr/NE-HVAC-FanBelt-CoggedVBelt-Msr/instance-out.sql,1777251.13,482323.93
CZ07/ECC&0&rDXHP&New&HV_AirDist__SupFanMtr/NE-HVAC-FanBelt-SynchVBelt-Msr/instance-out.sql,1765061.37,482323.94
CZ07/EPr&0&rDXHP&New&HV_AirDist__SupFanMtr/NE-HVAC-FanBelt-VBelt-Std/instance-out.sql,211270.83,122025.20
CZ07/EPr&0&rDXHP&New&HV_AirDist__SupFanMtr/NE-HVAC-FanBelt-CoggedVBelt-Msr/instance-out.sql,210115.63,122025.49
CZ07/EPr&0&rDXHP&New&HV_AirDist__SupFanMtr/NE-HVAC-FanBelt-SynchVBelt-Msr/instance-out.sql,208467.20,122026.06
CZ07/ERC&0&rDXHP&New&HV_AirDist__SupFanMtr/NE-HVAC-FanBelt-VBelt-Std/instance-out.sql,6980.31,9057.76
CZ07/ERC&0&rDXHP&New&HV_AirDist__SupFanMtr/NE-HVAC-FanBelt-CoggedVBelt-Msr/instance-out.sql,6922.86,9057.76
CZ07/ERC&0&rDXHP&New&HV_AirDist__SupFanMtr/NE-HVAC-FanBelt-SynchVBelt-Msr/instance-out.sql,6840.88,9057.76
CZ07/ESe&0&rDXHP&New&HV_AirDist__SupFanMtr/NE-HVAC-FanBelt-VBelt-Std/instance-out.sql,648397.36,325119.89
CZ07/ESe&0&rDXHP&New&HV_AirDist__SupFanMtr/NE-HVAC-FanBelt-CoggedVBelt-Msr/instance-out.sql,646996.55,325121.34
CZ07/ESe&0&rDXHP&New&HV_AirDist__SupFanMtr/NE-HVAC-FanBelt-SynchVBelt-Msr/instance-out.sql,645006.61,325124.91
CZ07/EUn&0&rDXHP&New&HV_AirDist__SupFanMtr/NE-HVAC-FanBelt-VBelt-Std/instance-out.sql,6342923.51,826234.93
CZ07/EUn&0&rDXHP&New&HV_AirDist__SupFanMtr/NE-HVAC-FanBelt-CoggedVBelt-Msr/instance-out.sql,6316785.71,826234.93
CZ07/EUn&0&rDXHP&New&HV_AirDist__SupFanMtr/NE-HVAC-FanBelt-SynchVBelt-Msr/instance-out.sql,6279493.04,826234.94
CZ07/Hsp&0&rDXHP&New&HV_AirDist__SupFanMtr/NE-HVAC-FanBelt-VBelt-Std/instance-out.sql,2945053.85,397192.00
CZ07/Hsp&0&rDXHP&New&HV_AirDist__SupFanMtr/NE-HVAC-FanBelt-CoggedVBelt-Msr/instance-out.sql,2939219.46,397213.88
CZ07/Hsp&0&rDXHP&New&HV_AirDist__SupFanMtr/NE-HVAC-FanBelt-SynchVBelt-Msr/instance-out.sql,2930891.95,397284.18
CZ07/MBT&0&rDXHP&New&HV_AirDist__SupFanMtr/NE-HVAC-FanBelt-VBelt-Std/instance-out.sql,2979120.45,1923843.11
CZ07/MBT&0&rDXHP&New&HV_AirDist__SupFanMtr/NE-HVAC-FanBelt-CoggedVBelt-Msr/instance-out.sql,2973740.86,1923927.66
CZ07/MBT&0&rDXHP&New&HV_AirDist__SupFanMtr/NE-HVAC-FanBelt-SynchVBelt-Msr/instance-out.sql,2966062.62,1924049.95
CZ07/MLI&0&rDXHP&New&HV_AirDist__SupFanMtr/NE-HVAC-FanBelt-VBelt-Std/instance-out.sql,793142.47,45377.62
CZ07/MLI&0&rDXHP&New&HV_AirDist__SupFanMtr/NE-HVAC-FanBelt-CoggedVBelt-Msr/instance-out.sql,786255.36,45377.62
CZ07/MLI&0&rDXHP&New&HV_AirDist__SupFanMtr/NE-HVAC-FanBelt-SynchVBelt-Msr/instance-out.sql,776424.51,45377.62
CZ07/Mtl&0&rDXHP&New&HV_AirDist__SupFanMtr/NE-HVAC-FanBelt-VBelt-Std/instance-out.sql,132056.77,7906.82
CZ07/Mtl&0&rDXHP&New&HV_AirDist__SupFanMtr/NE-HVAC-FanBelt-CoggedVBelt-Msr/instance-out.sql,130995.88,7906.82
CZ07/Mtl&0&rDXHP&New&HV_AirDist__SupFanMtr/NE-HVAC-FanBelt-SynchVBelt-Msr/instance-out.sql,129481.52,7906.82
CZ07/Nrs&0&rDXHP&New&HV_AirDist__SupFanMtr/NE-HVAC-FanBelt-VBelt-Std/instance-out.sql,578603.22,180272.81
CZ07/Nrs&0&rDXHP&New&HV_AirDist__SupFanMtr/NE-HVAC-FanBelt-CoggedVBelt-Msr/instance-out.sql,576887.44,180251.91
CZ07/Nrs&0&rDXHP&New&HV_AirDist__SupFanMtr/NE-HVAC-FanBelt-SynchVBelt-Msr/instance-out.sql,574357.92,180258.85
CZ07/OfL&0&rDXHP&New&HV_AirDist__SupFanMtr/NE-HVAC-FanBelt-VBelt-Std/instance-out.sql,1894841.33,117084.23
CZ07/OfL&0&rDXHP&New&HV_AirDist__SupFanMtr/NE-HVAC-FanBelt-CoggedVBelt-Msr/instance-out.sql,1883323.75,117084.45
CZ07/OfL&0&rDXHP&New&HV_AirDist__SupFanMtr/NE-HVAC-FanBelt-SynchVBelt-Msr/instance-out.sql,1866879.28,117084.35
CZ07/OfS&0&rDXHP&New&HV_AirDist__SupFanMtr/NE-HVAC-FanBelt-VBelt-Std/instance-out.sql,83812.67,20801.86
CZ07/OfS&0&rDXHP&New&HV_AirDist__SupFanMtr/NE-HVAC-FanBelt-CoggedVBelt-Msr/instance-out.sql,83121.56,20801.85
CZ07/OfS&0&rDXHP&New&HV_AirDist__SupFanMtr/NE-HVAC-FanBelt-SynchVBelt-Msr/instance-out.sql,82134.64,20801.86
CZ07/RFF&0&rDXHP&New&HV_AirDist__SupFanMtr/NE-HVAC-FanBelt-VBelt-Std/instance-out.sql,51145.61,43706.93
CZ07/RFF&0&rDXHP&New&HV_AirDist__SupFanMtr/NE-HVAC-FanBelt-CoggedVBelt-Msr/instance-out.sql,50914.83,43706.92
CZ07/RFF&0&rDXHP&New&HV_AirDist__SupFanMtr/NE-HVAC-FanBelt-SynchVBelt-Msr/instance-out.sql,50585.53,43706.91
CZ07/RSD&0&rDXHP&New&HV_AirDist__SupFanMtr/NE-HVAC-FanBelt-VBelt-Std/instance-out.sql,97628.55,110597.48
CZ07/RSD&0&rDXHP&New&HV_AirDist__SupFanMtr/NE-HVAC-FanBelt-CoggedVBelt-Msr/instance-out.sql,97516.44,110598.57
CZ07/RSD&0&rDXHP&New&HV_AirDist__SupFanMtr/NE-HVAC-FanBelt-SynchVBelt-Msr/instance-out.sql,97356.47,110600.68
CZ07/Rt3&0&rDXHP&New&HV_AirDist__SupFanMtr/NE-HVAC-FanBelt-VBelt-Std/instance-out.sql,1516982.20,161146.48
CZ07/Rt3&0&rDXHP&New&HV_AirDist__SupFanMtr/NE-HVAC-FanBelt-CoggedVBelt-Msr/instance-out.sql,1506209.06,161147.96
CZ07/Rt3&0&rDXHP&New&HV_AirDist__SupFanMtr/NE-HVAC-FanBelt-SynchVBelt-Msr/instance-out.sql,1490827.79,161150.03
CZ07/RtL&0&rDXHP&New&HV_AirDist__SupFanMtr/NE-HVAC-FanBelt-VBelt-Std/instance-out.sql,1446073.56,158429.36
CZ07/RtL&0&rDXHP&New&HV_AirDist__SupFanMtr/NE-HVAC-FanBelt-CoggedVBelt-Msr/instance-out.sql,1436878.33,158429.36
CZ07/RtL&0&rDXHP&New&HV_AirDist__SupFanMtr/NE-HVAC-FanBelt-SynchVBelt-Msr/instance-out.sql,1423759.57,158429.36
CZ07/RtS&0&rDXHP&New&HV_AirDist__SupFanMtr/NE-HVAC-FanBelt-VBelt-Std/instance-out.sql,89955.06,14966.76
CZ07/RtS&0&rDXHP&New&HV_AirDist__SupFanMtr/NE-HVAC-FanBelt-CoggedVBelt-Msr/instance-out.sql,89304.36,14966.76
CZ07/RtS&0&rDXHP&New&HV_AirDist__SupFanMtr/NE-HVAC-FanBelt-SynchVBelt-Msr/instance-out.sql,88375.64,14966.76
CZ07/SCn&0&rDXHP&New&HV_AirDist__SupFanMtr/NE-HVAC-FanBelt-VBelt-Std/instance-out.sql,2268956.35,79126.05
CZ07/SCn&0&rDXHP&New&HV_AirDist__SupFanMtr/NE-HVAC-FanBelt-CoggedVBelt-Msr/instance-out.sql,2247872.47,79126.05
CZ07/SCn&0&rDXHP&New&HV_AirDist__SupFanMtr/NE-HVAC-FanBelt-SynchVBelt-Msr/instance-out.sql,2217783.35,79126.05
CZ08/Asm&0&rDXHP&New&HV_AirDist__SupFanMtr/NE-HVAC-FanBelt-VBelt-Std/instance-out.sql,549124.39,21006.22
CZ08/Asm&0&rDXHP&New&HV_AirDist__SupFanMtr/NE-HVAC-FanBelt-CoggedVBelt-Msr/instance-out.sql,545043.25,21006.21
CZ08/Asm&0&rDXHP&New&HV_AirDist__SupFanMtr/NE-HVAC-FanBelt-SynchVBelt-Msr/instance-out.sql,539219.87,21006.21
CZ08/ECC&0&rDXHP&New&HV_AirDist__SupFanMtr/NE-HVAC-FanBelt-VBelt-Std/instance-out.sql,1940615.71,472987.05
CZ08/ECC&0&rDXHP&New&HV_AirDist__SupFanMtr/NE-HVAC-FanBelt-CoggedVBelt-Msr/instance-out.sql,1931216.17,472987.16
CZ08/ECC&0&rDXHP&New&HV_AirDist__SupFanMtr/NE-HVAC-FanBelt-SynchVBelt-Msr/instance-out.sql,1917825.17,472987.27
CZ08/EPr&0&rDXHP&New&HV_AirDist__SupFanMtr/NE-HVAC-FanBelt-VBelt-Std/instance-out.sql,231743.05,120318.79
CZ08/EPr&0&rDXHP&New&HV_AirDist__SupFanMtr/NE-HVAC-FanBelt-CoggedVBelt-Msr/instance-out.sql,230512.91,120318.79
CZ08/EPr&0&rDXHP&New&HV_AirDist__SupFanMtr/NE-HVAC-FanBelt-SynchVBelt-Msr/instance-out.sql,228756.66,120318.79
CZ08/ERC&0&rDXHP&New&HV_AirDist__SupFanMtr/NE-HVAC-FanBelt-VBelt-Std/instance-out.sql,8084.44,8995.66
CZ08/ERC&0&rDXHP&New&HV_AirDist__SupFanMtr/NE-HVAC-FanBelt-CoggedVBelt-Msr/instance-out.sql,8019.39,8995.66
CZ08/ERC&0&rDXHP&New&HV_AirDist__SupFanMtr/NE-HVAC-FanBelt-SynchVBelt-Msr/instance-out.sql,7927.45,8995.66
CZ08/ESe&0&rDXHP&New&HV_AirDist__SupFanMtr/NE-HVAC-FanBelt-VBelt-Std/instance-out.sql,726021.69,330564.30
CZ08/ESe&0&rDXHP&New&HV_AirDist__SupFanMtr/NE-HVAC-FanBelt-CoggedVBelt-Msr/instance-out.sql,724464.79,330565.97
CZ08/ESe&0&rDXHP&New&HV_AirDist__SupFanMtr/NE-HVAC-FanBelt-SynchVBelt-Msr/instance-out.sql,722239.05,330580.45
CZ08/EUn&0&rDXHP&New&HV_AirDist__SupFanMtr/NE-HVAC-FanBelt-VBelt-Std/instance-out.sql,6673073.96,810614.46
CZ08/EUn&0&rDXHP&New&HV_AirDist__SupFanMtr/NE-HVAC-FanBelt-CoggedVBelt-Msr/instance-out.sql,6646032.63,810614.45
CZ08/EUn&0&rDXHP&New&HV_AirDist__SupFanMtr/NE-HVAC-FanBelt-SynchVBelt-Msr/instance-out.sql,6607412.34,810614.46
CZ08/Hsp&0&rDXHP&New&HV_AirDist__SupFanMtr/NE-HVAC-FanBelt-VBelt-Std/instance-out.sql,3279182.31,447698.99
CZ08/Hsp&0&rDXHP&New&HV_AirDist__SupFanMtr/NE-HVAC-FanBelt-CoggedVBelt-Msr/instance-out.sql,3272930.55,447774.34
CZ08/Hsp&0&rDXHP&New&HV_AirDist__SupFanMtr/NE-HVAC-FanBelt-SynchVBelt-Msr/instance-out.sql,3264010.87,447864.57
CZ08/MBT&0&rDXHP&New&HV_AirDist__SupFanMtr/NE-HVAC-FanBelt-VBelt-Std/instance-out.sql,3177895.46,2109548.88
CZ08/MBT&0&rDXHP&New&HV_AirDist__SupFanMtr/NE-HVAC-FanBelt-CoggedVBelt-Msr/instance-out.sql,3172284.57,2109619.26
CZ08/MBT&0&rDXHP&New&HV_AirDist__SupFanMtr/NE-HVAC-FanBelt-SynchVBelt-Msr/instance-out.sql,3164274.48,2109720.87
CZ08/MLI&0&rDXHP&New&HV_AirDist__SupFanMtr/NE-HVAC-FanBelt-VBelt-Std/instance-out.sql,844678.60,44489.72
CZ08/MLI&0&rDXHP&New&HV_AirDist__SupFanMtr/NE-HVAC-FanBelt-CoggedVBelt-Msr/instance-out.sql,837616.24,44489.73
CZ08/MLI&0&rDXHP&New&HV_AirDist__SupFanMtr/NE-HVAC-FanBelt-SynchVBelt-Msr/instance-out.sql,827536.73,44489.72
CZ08/Mtl&0&rDXHP&New&HV_AirDist__SupFanMtr/NE-HVAC-FanBelt-VBelt-Std/instance-out.sql,151772.13,7880.47
CZ08/Mtl&0&rDXHP&New&HV_AirDist__SupFanMtr/NE-HVAC-FanBelt-CoggedVBelt-Msr/instance-out.sql,150592.29,7880.47
CZ08/Mtl&0&rDXHP&New&HV_AirDist__SupFanMtr/NE-HVAC-FanBelt-SynchVBelt-Msr/instance-out.sql,148907.79,7880.47
CZ08/Nrs&0&rDXHP&New&HV_AirDist__SupFanMtr/NE-HVAC-FanBelt-VBelt-Std/instance-out.sql,623773.14,183172.09
CZ08/Nrs&0&rDXHP&New&HV_AirDist__SupFanMtr/NE-HVAC-FanBelt-CoggedVBelt-Msr/instance-out.sql,621947.94,183200.12
CZ08/Nrs&0&rDXHP&New&HV_AirDist__SupFanMtr/NE-HVAC-FanBelt-SynchVBelt-Msr/instance-out.sql,619314.10,183189.74
CZ08/OfL&0&rDXHP&New&HV_AirDist__SupFanMtr/NE-HVAC-FanBelt-VBelt-Std/instance-out.sql,2019649.15,117445.47
CZ08/OfL&0&rDXHP&New&HV_AirDist__SupFanMtr/NE-HVAC-FanBelt-CoggedVBelt-Msr/instance-out.sql,2007627.58,117447.70
CZ08/OfL&0&rDXHP&New&HV_AirDist__SupFanMtr/NE-HVAC-FanBelt-SynchVBelt-Msr/instance-out.sql,1990452.17,117446.01
CZ08/OfS&0&rDXHP&New&HV_AirDist__SupFanMtr/NE-HVAC-FanBelt-VBelt-Std/instance-out.sql,91762.86,20431.08
CZ08/OfS&0&rDXHP&New&HV_AirDist__SupFanMtr/NE-HVAC-FanBelt-CoggedVBelt-Msr/instance-out.sql,91021.18,20431.08
CZ08/OfS&0&rDXHP&New&HV_AirDist__SupFanMtr/NE-HVAC-FanBelt-SynchVBelt-Msr/instance-out.sql,89962.50,20431.08
CZ08/RFF&0&rDXHP&New&HV_AirDist__SupFanMtr/NE-HVAC-FanBelt-VBelt-Std/instance-out.sql,56618.45,43311.59
CZ08/RFF&0&rDXHP&New&HV_AirDist__SupFanMtr/NE-HVAC-FanBelt-CoggedVBelt-Msr/instance-out.sql,56362.67,43311.61
CZ08/RFF&0&rDXHP&New&HV_AirDist__SupFanMtr/NE-HVAC-FanBelt-SynchVBelt-Msr/instance-out.sql,55997.62,43311.66
CZ08/RSD&0&rDXHP&New&HV_AirDist__SupFanMtr/NE-HVAC-FanBelt-VBelt-Std/instance-out.sql,105743.05,111780.60
CZ08/RSD&0&rDXHP&New&HV_AirDist__SupFanMtr/NE-HVAC-FanBelt-CoggedVBelt-Msr/instance-out.sql,105623.34,111782.08
CZ08/RSD&0&rDXHP&New&HV_AirDist__SupFanMtr/NE-HVAC-FanBelt-SynchVBelt-Msr/instance-out.sql,105452.25,111783.90
CZ08/Rt3&0&rDXHP&New&HV_AirDist__SupFanMtr/NE-HVAC-FanBelt-VBelt-Std/instance-out.sql,1668984.41,158300.80
CZ08/Rt3&0&rDXHP&New&HV_AirDist__SupFanMtr/NE-HVAC-FanBelt-CoggedVBelt-Msr/instance-out.sql,1657290.64,158306.43
CZ08/Rt3&0&rDXHP&New&HV_AirDist__SupFanMtr/NE-HVAC-FanBelt-SynchVBelt-Msr/instance-out.sql,1640483.88,158305.59
CZ08/RtL&0&rDXHP&New&HV_AirDist__SupFanMtr/NE-HVAC-FanBelt-VBelt-Std/instance-out.sql,1536171.15,155929.97
CZ08/RtL&0&rDXHP&New&HV_AirDist__SupFanMtr/NE-HVAC-FanBelt-CoggedVBelt-Msr/instance-out.sql,1526733.95,155929.97
CZ08/RtL&0&rDXHP&New&HV_AirDist__SupFanMtr/NE-HVAC-FanBelt-SynchVBelt-Msr/instance-out.sql,1513261.57,155929.96
CZ08/RtS&0&rDXHP&New&HV_AirDist__SupFanMtr/NE-HVAC-FanBelt-VBelt-Std/instance-out.sql,102656.32,14768.21
CZ08/RtS&0&rDXHP&New&HV_AirDist__SupFanMtr/NE-HVAC-FanBelt-CoggedVBelt-Msr/instance-out.sql,101904.94,14768.21
CZ08/RtS&0&rDXHP&New&HV_AirDist__SupFanMtr/NE-HVAC-FanBelt-SynchVBelt-Msr/instance-out.sql,100832.44,14768.21
CZ08/SCn&0&rDXHP&New&HV_AirDist__SupFanMtr/NE-HVAC-FanBelt-VBelt-Std/instance-out.sql,2477726.73,77487.50
CZ08/SCn&0&rDXHP&New&HV_AirDist__SupFanMtr/NE-HVAC-FanBelt-CoggedVBelt-Msr/instance-out.sql,2455664.58,77487.50
CZ08/SCn&0&rDXHP&New&HV_AirDist__SupFanMtr/NE-HVAC-FanBelt-SynchVBelt-Msr/instance-out.sql,2424171.15,77487.50
CZ09/Asm&0&rDXHP&New&HV_AirDist__SupFanMtr/NE-HVAC-FanBelt-VBelt-Std/instance-out.sql,562622.34,21121.05
CZ09/Asm&0&rDXHP&New&HV_AirDist__SupFanMtr/NE-HVAC-FanBelt-CoggedVBelt-Msr/instance-out.sql,558539.29,21121.05
CZ09/Asm&0&rDXHP&New&HV_AirDist__SupFanMtr/NE-HVAC-FanBelt-SynchVBelt-Msr/instance-out.sql,552712.22,21121.05
CZ09/ECC&0&rDXHP&New&HV_AirDist__SupFanMtr/NE-HVAC-FanBelt-VBelt-Std/instance-out.sql,1962443.22,476252.59
CZ09/ECC&0&rDXHP&New&HV_AirDist__SupFanMtr/NE-HVAC-FanBelt-CoggedVBelt-Msr/instance-out.sql,1952771.20,476250.43
CZ09/ECC&0&rDXHP&New&HV_AirDist__SupFanMtr/NE-HVAC-FanBelt-SynchVBelt-Msr/instance-out.sql,1939115.41,476252.89
CZ09/EPr&0&rDXHP&New&HV_AirDist__SupFanMtr/NE-HVAC-FanBelt-VBelt-Std/instance-out.sql,228358.93,120874.12
CZ09/EPr&0&rDXHP&New&HV_AirDist__SupFanMtr/NE-HVAC-FanBelt-CoggedVBelt-Msr/instance-out.sql,227193.56,120874.12
CZ09/EPr&0&rDXHP&New&HV_AirDist__SupFanMtr/NE-HVAC-FanBelt-SynchVBelt-Msr/instance-out.sql,225530.46,120874.12
CZ09/ERC&0&rDXHP&New&HV_AirDist__SupFanMtr/NE-HVAC-FanBelt-VBelt-Std/instance-out.sql,7770.82,9015.76
CZ09/ERC&0&rDXHP&New&HV_AirDist__SupFanMtr/NE-HVAC-FanBelt-CoggedVBelt-Msr/instance-out.sql,7711.77,9015.75
CZ09/ERC&0&rDXHP&New&HV_AirDist__SupFanMtr/NE-HVAC-FanBelt-SynchVBelt-Msr/instance-out.sql,7627.20,9015.76
CZ09/ESe&0&rDXHP&New&HV_AirDist__SupFanMtr/NE-HVAC-FanBelt-VBelt-Std/instance-out.sql,733583.89,343571.78
CZ09/ESe&0&rDXHP&New&HV_AirDist__SupFanMtr/NE-HVAC-FanBelt-CoggedVBelt-Msr/instance-out.sql,732008.37,343574.56
CZ09/ESe&0&rDXHP&New&HV_AirDist__SupFanMtr/NE-HVAC-FanBelt-SynchVBelt-Msr/instance-out.sql,729763.01,343580.75
CZ09/EUn&0&rDXHP&New&HV_AirDist__SupFanMtr/NE-HVAC-FanBelt-VBelt-Std/instance-out.sql,6694061.93,815837.86
CZ09/EUn&0&rDXHP&New&HV_AirDist__SupFanMtr/NE-HVAC-FanBelt-CoggedVBelt-Msr/instance-out.sql,6666878.70,815837.88
CZ09/EUn&0&rDXHP&New&HV_AirDist__SupFanMtr/NE-HVAC-FanBelt-SynchVBelt-Msr/instance-out.sql,6628080.62,815837.91
CZ09/Hsp&0&rDXHP&New&HV_AirDist__SupFanMtr/NE-HVAC-FanBelt-VBelt-Std/instance-out.sql,3268558.90,481480.78
CZ09/Hsp&0&rDXHP&New&HV_AirDist__SupFanMtr/NE-HVAC-FanBelt-CoggedVBelt-Msr/instance-out.sql,3262146.49,481663.18
CZ09/Hsp&0&rDXHP&New&HV_AirDist__SupFanMtr/NE-HVAC-FanBelt-SynchVBelt-Msr/instance-out.sql,3253006.63,481795.87
CZ09/MBT&0&rDXHP&New&HV_AirDist__SupFanMtr/NE-HVAC-FanBelt-VBelt-Std/instance-out.sql,3181636.70,2227477.63
CZ09/MBT&0&rDXHP&New&HV_AirDist__SupFanMtr/NE-HVAC-FanBelt-CoggedVBelt-Msr/instance-out.sql,3175951.28,2227552.40
CZ09/MBT&0&rDXHP&New&HV_AirDist__SupFanMtr/NE-HVAC-FanBelt-SynchVBelt-Msr/instance-out.sql,3167834.10,2227660.56
CZ09/MLI&0&rDXHP&New&HV_AirDist__SupFanMtr/NE-HVAC-FanBelt-VBelt-Std/instance-out.sql,857844.36,44793.03
CZ09/MLI&0&rDXHP&New&HV_AirDist__SupFanMtr/NE-HVAC-FanBelt-CoggedVBelt-Msr/instance-out.sql,850687.33,44793.03
CZ09/MLI&0&rDXHP&New&HV_AirDist__SupFanMtr/NE-HVAC-FanBelt-SynchVBelt-Msr/instance-out.sql,840472.26,44793.03
CZ09/Mtl&0&rDXHP&New&HV_AirDist__SupFanMtr/NE-HVAC-FanBelt-VBelt-Std/instance-out.sql,154276.98,7890.29
CZ09/Mtl&0&rDXHP&New&HV_AirDist__SupFanMtr/NE-HVAC-FanBelt-CoggedVBelt-Msr/instance-out.sql,153074.45,7890.29
CZ09/Mtl&0&rDXHP&New&HV_AirDist__SupFanMtr/NE-HVAC-FanBelt-SynchVBelt-Msr/instance-out.sql,151357.34,7890.30
CZ09/Nrs&0&rDXHP&New&HV_AirDist__SupFanMtr/NE-HVAC-FanBelt-VBelt-Std/instance-out.sql,620266.26,181662.77
CZ09/Nrs&0&rDXHP&New&HV_AirDist__SupFanMtr/NE-HVAC-FanBelt-CoggedVBelt-Msr/instance-out.sql,618413.47,181655.61
CZ09/Nrs&0&rDXHP&New&HV_AirDist__SupFanMtr/NE-HVAC-FanBelt-SynchVBelt-Msr/instance-out.sql,615795.81,181693.59
CZ09/OfL&0&rDXHP&New&HV_AirDist__SupFanMtr/NE-HVAC-FanBelt-VBelt-Std/instance-out.sql,2020201.32,120353.52
CZ09/OfL&0&rDXHP&New&HV_AirDist__SupFanMtr/NE-HVAC-FanBelt-CoggedVBelt-Msr/instance-out.sql,2008146.11,120352.17
CZ09/OfL&0&rDXHP&New&HV_AirDist__SupFanMtr/NE-HVAC-FanBelt-SynchVBelt-Msr/instance-out.sql,1990932.08,120353.49
CZ09/OfS&0&rDXHP&New&HV_AirDist__SupFanMtr/NE-HVAC-FanBelt-VBelt-Std/instance-out.sql,90164.21,20558.33
CZ09/OfS&0&rDXHP&New&HV_AirDist__SupFanMtr/NE-HVAC-FanBelt-CoggedVBelt-Msr/instance-out.sql,89448.15,20558.33
CZ09/OfS&0&rDXHP&New&HV_AirDist__SupFanMtr/NE-HVAC-FanBelt-SynchVBelt-Msr/instance-out.sql,88425.35,20558.33
CZ09/RFF&0&rDXHP&New&HV_AirDist__SupFanMtr/NE-HVAC-FanBelt-VBelt-Std/instance-out.sql,57444.08,43486.78
CZ09/RFF&0&rDXHP&New&HV_AirDist__SupFanMtr/NE-HVAC-FanBelt-CoggedVBelt-Msr/instance-out.sql,57184.32,43486.82
CZ09/RFF&0&rDXHP&New&HV_AirDist__SupFanMtr/NE-HVAC-FanBelt-SynchVBelt-Msr/instance-out.sql,56813.64,43486.88
CZ09/RSD&0&rDXHP&New&HV_AirDist__SupFanMtr/NE-HVAC-FanBelt-VBelt-Std/instance-out.sql,106394.37,113494.84
CZ09/RSD&0&rDXHP&New&HV_AirDist__SupFanMtr/NE-HVAC-FanBelt-CoggedVBelt-Msr/instance-out.sql,106280.71,113495.91
CZ09/RSD&0&rDXHP&New&HV_AirDist__SupFanMtr/NE-HVAC-FanBelt-SynchVBelt-Msr/instance-out.sql,106118.53,113497.49
CZ09/Rt3&0&rDXHP&New&HV_AirDist__SupFanMtr/NE-HVAC-FanBelt-VBelt-Std/instance-out.sql,1702221.51,160045.63
CZ09/Rt3&0&rDXHP&New&HV_AirDist__SupFanMtr/NE-HVAC-FanBelt-CoggedVBelt-Msr/instance-out.sql,1690199.86,160048.04
CZ09/Rt3&0&rDXHP&New&HV_AirDist__SupFanMtr/NE-HVAC-FanBelt-SynchVBelt-Msr/instance-out.sql,1673049.47,160051.49
CZ09/RtL&0&rDXHP&New&HV_AirDist__SupFanMtr/NE-HVAC-FanBelt-VBelt-Std/instance-out.sql,1554361.81,156786.46
CZ09/RtL&0&rDXHP&New&HV_AirDist__SupFanMtr/NE-HVAC-FanBelt-CoggedVBelt-Msr/instance-out.sql,1544804.48,156786.46
CZ09/RtL&0&rDXHP&New&HV_AirDist__SupFanMtr/NE-HVAC-FanBelt-SynchVBelt-Msr/instance-out.sql,1531143.41,156786.46
CZ09/RtS&0&rDXHP&New&HV_AirDist__SupFanMtr/NE-HVAC-FanBelt-VBelt-Std/instance-out.sql,104266.54,14836.29
CZ09/RtS&0&rDXHP&New&HV_AirDist__SupFanMtr/NE-HVAC-FanBelt-CoggedVBelt-Msr/instance-out.sql,103505.44,14836.29
CZ09/RtS&0&rDXHP&New&HV_AirDist__SupFanMtr/NE-HVAC-FanBelt-SynchVBelt-Msr/instance-out.sql,102419.83,14836.29
CZ09/SCn&0&rDXHP&New&HV_AirDist__SupFanMtr/NE-HVAC-FanBelt-VBelt-Std/instance-out.sql,2549575.07,78047.41
CZ09/SCn&0&rDXHP&New&HV_AirDist__SupFanMtr/NE-HVAC-FanBelt-CoggedVBelt-Msr/instance-out.sql,2527038.12,78047.41
CZ09/SCn&0&rDXHP&New&HV_AirDist__SupFanMtr/NE-HVAC-FanBelt-SynchVBelt-Msr/instance-out.sql,2494862.50,78047.41
CZ10/Asm&0&rDXHP&New&HV_AirDist__SupFanMtr/NE-HVAC-FanBelt-VBelt-Std/instance-out.sql,592995.30,20917.60
CZ10/Asm&0&rDXHP&New&HV_AirDist__SupFanMtr/NE-HVAC-FanBelt-CoggedVBelt-Msr/instance-out.sql,588865.31,20917.61
CZ10/Asm&0&rDXHP&New&HV_AirDist__SupFanMtr/NE-HVAC-FanBelt-SynchVBelt-Msr/instance-out.sql,582970.77,20917.60
CZ10/ECC&0&rDXHP&New&HV_AirDist__SupFanMtr/NE-HVAC-FanBelt-VBelt-Std/instance-out.sql,2024186.33,470312.67
CZ10/ECC&0&rDXHP&New&HV_AirDist__SupFanMtr/NE-HVAC-FanBelt-CoggedVBelt-Msr/instance-out.sql,2014413.74,470313.40
CZ10/ECC&0&rDXHP&New&HV_AirDist__SupFanMtr/NE-HVAC-FanBelt-SynchVBelt-Msr/instance-out.sql,2000417.97,470315.97
CZ10/EPr&0&rDXHP&New&HV_AirDist__SupFanMtr/NE-HVAC-FanBelt-VBelt-Std/instance-out.sql,237701.60,119800.47
CZ10/EPr&0&rDXHP&New&HV_AirDist__SupFanMtr/NE-HVAC-FanBelt-CoggedVBelt-Msr/instance-out.sql,236511.23,119800.47
CZ10/EPr&0&rDXHP&New&HV_AirDist__SupFanMtr/NE-HVAC-FanBelt-SynchVBelt-Msr/instance-out.sql,234811.48,119800.47
CZ10/ERC&0&rDXHP&New&HV_AirDist__SupFanMtr/NE-HVAC-FanBelt-VBelt-Std/instance-out.sql,8251.14,8976.81
CZ10/ERC&0&rDXHP&New&HV_AirDist__SupFanMtr/NE-HVAC-FanBelt-CoggedVBelt-Msr/instance-out.sql,8188.66,8976.81
CZ10/ERC&0&rDXHP&New&HV_AirDist__SupFanMtr/NE-HVAC-FanBelt-SynchVBelt-Msr/instance-out.sql,8100.27,8976.81
CZ10/ESe&0&rDXHP&New&HV_AirDist__SupFanMtr/NE-HVAC-FanBelt-VBelt-Std/instance-out.sql,763833.58,342246.87
CZ10/ESe&0&rDXHP&New&HV_AirDist__SupFanMtr/NE-HVAC-FanBelt-CoggedVBelt-Msr/instance-out.sql,762208.91,342253.45
CZ10/ESe&0&rDXHP&New&HV_AirDist__SupFanMtr/NE-HVAC-FanBelt-SynchVBelt-Msr/instance-out.sql,759909.36,342253.83
CZ10/EUn&0&rDXHP&New&HV_AirDist__SupFanMtr/NE-HVAC-FanBelt-VBelt-Std/instance-out.sql,6859881.66,806203.09
CZ10/EUn&0&rDXHP&New&HV_AirDist__SupFanMtr/NE-HVAC-FanBelt-CoggedVBelt-Msr/instance-out.sql,6832147.62,806203.12
CZ10/EUn&0&rDXHP&New&HV_AirDist__SupFanMtr/NE-HVAC-FanBelt-SynchVBelt-Msr/instance-out.sql,6792547.36,806203.16
CZ10/Hsp&0&rDXHP&New&HV_AirDist__SupFanMtr/NE-HVAC-FanBelt-VBelt-Std/instance-out.sql,3387213.82,491761.16
CZ10/Hsp&0&rDXHP&New&HV_AirDist__SupFanMtr/NE-HVAC-FanBelt-CoggedVBelt-Msr/instance-out.sql,3380705.77,491800.95
CZ10/Hsp&0&rDXHP&New&HV_AirDist__SupFanMtr/NE-HVAC-FanBelt-SynchVBelt-Msr/instance-out.sql,3371441.35,492037.29
CZ10/MBT&0&rDXHP&New&HV_AirDist__SupFanMtr/NE-HVAC-FanBelt-VBelt-Std/instance-out.sql,3291245.60,2288521.07
CZ10/MBT&0&rDXHP&New&HV_AirDist__SupFanMtr/NE-HVAC-FanBelt-CoggedVBelt-Msr/instance-out.sql,3285434.95,2288594.19
CZ10/MBT&0&rDXHP&New&HV_AirDist__SupFanMtr/NE-HVAC-FanBelt-SynchVBelt-Msr/instance-out.sql,3277135.51,2288701.13
CZ10/MLI&0&rDXHP&New&HV_AirDist__SupFanMtr/NE-HVAC-FanBelt-VBelt-Std/instance-out.sql,877099.30,44252.42
CZ10/MLI&0&rDXHP&New&HV_AirDist__SupFanMtr/NE-HVAC-FanBelt-CoggedVBelt-Msr/instance-out.sql,869911.25,44252.42
CZ10/MLI&0&rDXHP&New&HV_AirDist__SupFanMtr/NE-HVAC-FanBelt-SynchVBelt-Msr/instance-out.sql,859651.59,44252.42
CZ10/Mtl&0&rDXHP&New&HV_AirDist__SupFanMtr/NE-HVAC-FanBelt-VBelt-Std/instance-out.sql,159960.81,7874.09
CZ10/Mtl&0&rDXHP&New&HV_AirDist__SupFanMtr/NE-HVAC-FanBelt-CoggedVBelt-Msr/instance-out.sql,158744.51,7874.10
CZ10/Mtl&0&rDXHP&New&HV_AirDist__SupFanMtr/NE-HVAC-FanBelt-SynchVBelt-Msr/instance-out.sql,157007.55,7874.10
CZ10/Nrs&0&rDXHP&New&HV_AirDist__SupFanMtr/NE-HVAC-FanBelt-VBelt-Std/instance-out.sql,640146.06,179888.85
CZ10/Nrs&0&rDXHP&New&HV_AirDist__SupFanMtr/NE-HVAC-FanBelt-CoggedVBelt-Msr/instance-out.sql,638233.95,179889.73
CZ10/Nrs&0&rDXHP&New&HV_AirDist__SupFanMtr/NE-HVAC-FanBelt-SynchVBelt-Msr/instance-out.sql,635609.91,179915.67
CZ10/OfL&0&rDXHP&New&HV_AirDist__SupFanMtr/NE-HVAC-FanBelt-VBelt-Std/instance-out.sql,2094192.09,119724.89
CZ10/OfL&0&rDXHP&New&HV_AirDist__SupFanMtr/NE-HVAC-FanBelt-CoggedVBelt-Msr/instance-out.sql,2081720.95,119706.50
CZ10/OfL&0&rDXHP&New&HV_AirDist__SupFanMtr/NE-HVAC-FanBelt-SynchVBelt-Msr/instance-out.sql,2063918.34,119705.94
CZ10/OfS&0&rDXHP&New&HV_AirDist__SupFanMtr/NE-HVAC-FanBelt-VBelt-Std/instance-out.sql,94919.44,20333.19
CZ10/OfS&0&rDXHP&New&HV_AirDist__SupFanMtr/NE-HVAC-FanBelt-CoggedVBelt-Msr/instance-out.sql,94162.06,20333.19
CZ10/OfS&0&rDXHP&New&HV_AirDist__SupFanMtr/NE-HVAC-FanBelt-SynchVBelt-Msr/instance-out.sql,93081.05,20333.19
CZ10/RFF&0&rDXHP&New&HV_AirDist__SupFanMtr/NE-HVAC-FanBelt-VBelt-Std/instance-out.sql,59443.34,43246.26
CZ10/RFF&0&rDXHP&New&HV_AirDist__SupFanMtr/NE-HVAC-FanBelt-CoggedVBelt-Msr/instance-out.sql,59175.52,43246.28
CZ10/RFF&0&rDXHP&New&HV_AirDist__SupFanMtr/NE-HVAC-FanBelt-SynchVBelt-Msr/instance-out.sql,58793.20,43246.35
CZ10/RSD&0&rDXHP&New&HV_AirDist__SupFanMtr/NE-HVAC-FanBelt-VBelt-Std/instance-out.sql,110086.37,113955.11
CZ10/RSD&0&rDXHP&New&HV_AirDist__SupFanMtr/NE-HVAC-FanBelt-CoggedVBelt-Msr/instance-out.sql,109968.67,113956.15
CZ10/RSD&0&rDXHP&New&HV_AirDist__SupFanMtr/NE-HVAC-FanBelt-SynchVBelt-Msr/instance-out.sql,109800.49,113957.66
CZ10/Rt3&0&rDXHP&New&HV_AirDist__SupFanMtr/NE-HVAC-FanBelt-VBelt-Std/instance-out.sql,1744889.07,158016.28
CZ10/Rt3&0&rDXHP&New&HV_AirDist__SupFanMtr/NE-HVAC-FanBelt-CoggedVBelt-Msr/instance-out.sql,1732841.00,158020.19
CZ10/Rt3&0&rDXHP&New&HV_AirDist__SupFanMtr/NE-HVAC-FanBelt-SynchVBelt-Msr/instance-out.sql,1715620.14,158023.64
CZ10/RtL&0&rDXHP&New&HV_AirDist__SupFanMtr/NE-HVAC-FanBelt-VBelt-Std/instance-out.sql,1584218.74,155270.74
CZ10/RtL&0&rDXHP&New&HV_AirDist__SupFanMtr/NE-HVAC-FanBelt-CoggedVBelt-Msr/instance-out.sql,1574736.02,155270.74
CZ10/RtL&0&rDXHP&New&HV_AirDist__SupFanMtr/NE-HVAC-FanBelt-SynchVBelt-Msr/instance-out.sql,1561199.03,155270.74
CZ10/RtS&0&rDXHP&New&HV_AirDist__SupFanMtr/NE-HVAC-FanBelt-VBelt-Std/instance-out.sql,108470.26,14715.71
CZ10/RtS&0&rDXHP&New&HV_AirDist__SupFanMtr/NE-HVAC-FanBelt-CoggedVBelt-Msr/instance-out.sql,107688.63,14715.71
CZ10/RtS&0&rDXHP&New&HV_AirDist__SupFanMtr/NE-HVAC-FanBelt-SynchVBelt-Msr/instance-out.sql,106570.63,14715.71
CZ10/SCn&0&rDXHP&New&HV_AirDist__SupFanMtr/NE-HVAC-FanBelt-VBelt-Std/instance-out.sql,2617806.81,77049.47
CZ10/SCn&0&rDXHP&New&HV_AirDist__SupFanMtr/NE-HVAC-FanBelt-CoggedVBelt-Msr/instance-out.sql,2595396.82,77049.47
CZ10/SCn&0&rDXHP&New&HV_AirDist__SupFanMtr/NE-HVAC-FanBelt-SynchVBelt-Msr/instance-out.sql,2563384.51,77049.47
CZ11/Asm&0&rDXHP&New&HV_AirDist__SupFanMtr/NE-HVAC-FanBelt-VBelt-Std/instance-out.sql,642539.77,21324.51
CZ11/Asm&0&rDXHP&New&HV_AirDist__SupFanMtr/NE-HVAC-FanBelt-CoggedVBelt-Msr/instance-out.sql,638644.96,21324.51
CZ11/Asm&0&rDXHP&New&HV_AirDist__SupFanMtr/NE-HVAC-FanBelt-SynchVBelt-Msr/instance-out.sql,633085.18,21324.64
CZ11/ECC&0&rDXHP&New&HV_AirDist__SupFanMtr/NE-HVAC-FanBelt-VBelt-Std/instance-out.sql,1982787.34,480289.25
CZ11/ECC&0&rDXHP&New&HV_AirDist__SupFanMtr/NE-HVAC-FanBelt-CoggedVBelt-Msr/instance-out.sql,1974201.90,480287.35
CZ11/ECC&0&rDXHP&New&HV_AirDist__SupFanMtr/NE-HVAC-FanBelt-SynchVBelt-Msr/instance-out.sql,1961870.74,480284.03
CZ11/EPr&0&rDXHP&New&HV_AirDist__SupFanMtr/NE-HVAC-FanBelt-VBelt-Std/instance-out.sql,246194.34,121569.73
CZ11/EPr&0&rDXHP&New&HV_AirDist__SupFanMtr/NE-HVAC-FanBelt-CoggedVBelt-Msr/instance-out.sql,245042.44,121569.73
CZ11/EPr&0&rDXHP&New&HV_AirDist__SupFanMtr/NE-HVAC-FanBelt-SynchVBelt-Msr/instance-out.sql,243411.41,121569.73
CZ11/ERC&0&rDXHP&New&HV_AirDist__SupFanMtr/NE-HVAC-FanBelt-VBelt-Std/instance-out.sql,9116.40,9040.71
CZ11/ERC&0&rDXHP&New&HV_AirDist__SupFanMtr/NE-HVAC-FanBelt-CoggedVBelt-Msr/instance-out.sql,9052.27,9040.71
CZ11/ERC&0&rDXHP&New&HV_AirDist__SupFanMtr/NE-HVAC-FanBelt-SynchVBelt-Msr/instance-out.sql,8961.18,9040.71
CZ11/ESe&0&rDXHP&New&HV_AirDist__SupFanMtr/NE-HVAC-FanBelt-VBelt-Std/instance-out.sql,706160.38,410523.61
CZ11/ESe&0&rDXHP&New&HV_AirDist__SupFanMtr/NE-HVAC-FanBelt-CoggedVBelt-Msr/instance-out.sql,704803.15,410511.50
CZ11/ESe&0&rDXHP&New&HV_AirDist__SupFanMtr/NE-HVAC-FanBelt-SynchVBelt-Msr/instance-out.sql,702878.96,410522.65
CZ11/EUn&0&rDXHP&New&HV_AirDist__SupFanMtr/NE-HVAC-FanBelt-VBelt-Std/instance-out.sql,6900000.90,827086.17
CZ11/EUn&0&rDXHP&New&HV_AirDist__SupFanMtr/NE-HVAC-FanBelt-CoggedVBelt-Msr/instance-out.sql,6873552.13,827088.74
CZ11/EUn&0&rDXHP&New&HV_AirDist__SupFanMtr/NE-HVAC-FanBelt-SynchVBelt-Msr/instance-out.sql,6835814.31,827092.45
CZ11/Hsp&0&rDXHP&New&HV_AirDist__SupFanMtr/NE-HVAC-FanBelt-VBelt-Std/instance-out.sql,3227746.39,461955.15
CZ11/Hsp&0&rDXHP&New&HV_AirDist__SupFanMtr/NE-HVAC-FanBelt-CoggedVBelt-Msr/instance-out.sql,3222391.10,462070.78
CZ11/Hsp&0&rDXHP&New&HV_AirDist__SupFanMtr/NE-HVAC-FanBelt-SynchVBelt-Msr/instance-out.sql,3214686.93,462023.46
CZ11/MBT&0&rDXHP&New&HV_AirDist__SupFanMtr/NE-HVAC-FanBelt-VBelt-Std/instance-out.sql,3446274.06,3172568.47
CZ11/MBT&0&rDXHP&New&HV_AirDist__SupFanMtr/NE-HVAC-FanBelt-CoggedVBelt-Msr/instance-out.sql,3440808.87,3172684.61
CZ11/MBT&0&rDXHP&New&HV_AirDist__SupFanMtr/NE-HVAC-FanBelt-SynchVBelt-Msr/instance-out.sql,3432893.21,3172813.19
CZ11/MLI&0&rDXHP&New&HV_AirDist__SupFanMtr/NE-HVAC-FanBelt-VBelt-Std/instance-out.sql,916530.84,45316.95
CZ11/MLI&0&rDXHP&New&HV_AirDist__SupFanMtr/NE-HVAC-FanBelt-CoggedVBelt-Msr/instance-out.sql,909630.06,45316.94
CZ11/MLI&0&rDXHP&New&HV_AirDist__SupFanMtr/NE-HVAC-FanBelt-SynchVBelt-Msr/instance-out.sql,899778.99,45316.93
CZ11/Mtl&0&rDXHP&New&HV_AirDist__SupFanMtr/NE-HVAC-FanBelt-VBelt-Std/instance-out.sql,168722.81,9252.86
CZ11/Mtl&0&rDXHP&New&HV_AirDist__SupFanMtr/NE-HVAC-FanBelt-CoggedVBelt-Msr/instance-out.sql,167548.93,9258.93
CZ11/Mtl&0&rDXHP&New&HV_AirDist__SupFanMtr/NE-HVAC-FanBelt-SynchVBelt-Msr/instance-out.sql,165867.94,9258.98
CZ11/Nrs&0&rDXHP&New&HV_AirDist__SupFanMtr/NE-HVAC-FanBelt-VBelt-Std/instance-out.sql,647542.31,209015.17
CZ11/Nrs&0&rDXHP&New&HV_AirDist__SupFanMtr/NE-HVAC-FanBelt-CoggedVBelt-Msr/instance-out.sql,645739.42,209038.92
CZ11/Nrs&0&rDXHP&New&HV_AirDist__SupFanMtr/NE-HVAC-FanBelt-SynchVBelt-Msr/instance-out.sql,643221.84,209120.27
CZ11/OfL&0&rDXHP&New&HV_AirDist__SupFanMtr/NE-HVAC-FanBelt-VBelt-Std/instance-out.sql,2079919.05,140044.20
CZ11/OfL&0&rDXHP&New&HV_AirDist__SupFanMtr/NE-HVAC-FanBelt-CoggedVBelt-Msr/instance-out.sql,2067964.34,140049.59
CZ11/OfL&0&rDXHP&New&HV_AirDist__SupFanMtr/NE-HVAC-FanBelt-SynchVBelt-Msr/instance-out.sql,2050930.12,139995.32
CZ11/OfS&0&rDXHP&New&HV_AirDist__SupFanMtr/NE-HVAC-FanBelt-VBelt-Std/instance-out.sql,97236.85,20781.46
CZ11/OfS&0&rDXHP&New&HV_AirDist__SupFanMtr/NE-HVAC-FanBelt-CoggedVBelt-Msr/instance-out.sql,96532.57,20781.46
CZ11/OfS&0&rDXHP&New&HV_AirDist__SupFanMtr/NE-HVAC-FanBelt-SynchVBelt-Msr/instance-out.sql,95516.12,20781.46
CZ11/RFF&0&rDXHP&New&HV_AirDist__SupFanMtr/NE-HVAC-FanBelt-VBelt-Std/instance-out.sql,53430.16,43692.72
CZ11/RFF&0&rDXHP&New&HV_AirDist__SupFanMtr/NE-HVAC-FanBelt-CoggedVBelt-Msr/instance-out.sql,53234.17,43692.72
CZ11/RFF&0&rDXHP&New&HV_AirDist__SupFanMtr/NE-HVAC-FanBelt-SynchVBelt-Msr/instance-out.sql,52954.37,43692.73
CZ11/RSD&0&rDXHP&New&HV_AirDist__SupFanMtr/NE-HVAC-FanBelt-VBelt-Std/instance-out.sql,112483.24,126463.50
CZ11/RSD&0&rDXHP&New&HV_AirDist__SupFanMtr/NE-HVAC-FanBelt-CoggedVBelt-Msr/instance-out.sql,112372.64,126464.97
CZ11/RSD&0&rDXHP&New&HV_AirDist__SupFanMtr/NE-HVAC-FanBelt-SynchVBelt-Msr/instance-out.sql,112214.75,126466.76
CZ11/Rt3&0&rDXHP&New&HV_AirDist__SupFanMtr/NE-HVAC-FanBelt-VBelt-Std/instance-out.sql,1571390.07,163766.98
CZ11/Rt3&0&rDXHP&New&HV_AirDist__SupFanMtr/NE-HVAC-FanBelt-CoggedVBelt-Msr/instance-out.sql,1562386.94,163774.96
CZ11/Rt3&0&rDXHP&New&HV_AirDist__SupFanMtr/NE-HVAC-FanBelt-SynchVBelt-Msr/instance-out.sql,1549540.53,163786.10
CZ11/RtL&0&rDXHP&New&HV_AirDist__SupFanMtr/NE-HVAC-FanBelt-VBelt-Std/instance-out.sql,1621064.10,158294.28
CZ11/RtL&0&rDXHP&New&HV_AirDist__SupFanMtr/NE-HVAC-FanBelt-CoggedVBelt-Msr/instance-out.sql,1611924.09,158294.28
CZ11/RtL&0&rDXHP&New&HV_AirDist__SupFanMtr/NE-HVAC-FanBelt-SynchVBelt-Msr/instance-out.sql,1598878.96,158294.27
CZ11/RtS&0&rDXHP&New&HV_AirDist__SupFanMtr/NE-HVAC-FanBelt-VBelt-Std/instance-out.sql,95167.51,14955.31
CZ11/RtS&0&rDXHP&New&HV_AirDist__SupFanMtr/NE-HVAC-FanBelt-CoggedVBelt-Msr/instance-out.sql,94650.77,14955.31
CZ11/RtS&0&rDXHP&New&HV_AirDist__SupFanMtr/NE-HVAC-FanBelt-SynchVBelt-Msr/instance-out.sql,93912.67,14955.31
CZ11/SCn&0&rDXHP&New&HV_AirDist__SupFanMtr/NE-HVAC-FanBelt-VBelt-Std/instance-out.sql,2927323.65,79007.51
CZ11/SCn&0&rDXHP&New&HV_AirDist__SupFanMtr/NE-HVAC-FanBelt-CoggedVBelt-Msr/instance-out.sql,2904865.12,79007.51
CZ11/SCn&0&rDXHP&New&HV_AirDist__SupFanMtr/NE-HVAC-FanBelt-SynchVBelt-Msr/instance-out.sql,2872734.82,79007.51
CZ12/Asm&0&rDXHP&New&HV_AirDist__SupFanMtr/NE-HVAC-FanBelt-VBelt-Std/instance-out.sql,582163.55,22077.72
CZ12/Asm&0&rDXHP&New&HV_AirDist__SupFanMtr/NE-HVAC-FanBelt-CoggedVBelt-Msr/instance-out.sql,578479.23,22077.72
CZ12/Asm&0&rDXHP&New&HV_AirDist__SupFanMtr/NE-HVAC-FanBelt-SynchVBelt-Msr/instance-out.sql,573210.40,22077.72
CZ12/ECC&0&rDXHP&New&HV_AirDist__SupFanMtr/NE-HVAC-FanBelt-VBelt-Std/instance-out.sql,1851321.67,501707.32
CZ12/ECC&0&rDXHP&New&HV_AirDist__SupFanMtr/NE-HVAC-FanBelt-CoggedVBelt-Msr/instance-out.sql,1843424.68,501710.88
CZ12/ECC&0&rDXHP&New&HV_AirDist__SupFanMtr/NE-HVAC-FanBelt-SynchVBelt-Msr/instance-out.sql,1832174.88,501712.63
CZ12/EPr&0&rDXHP&New&HV_AirDist__SupFanMtr/NE-HVAC-FanBelt-VBelt-Std/instance-out.sql,227264.75,125434.81
CZ12/EPr&0&rDXHP&New&HV_AirDist__SupFanMtr/NE-HVAC-FanBelt-CoggedVBelt-Msr/instance-out.sql,226200.30,125434.81
CZ12/EPr&0&rDXHP&New&HV_AirDist__SupFanMtr/NE-HVAC-FanBelt-SynchVBelt-Msr/instance-out.sql,224680.03,125434.81
CZ12/ERC&0&rDXHP&New&HV_AirDist__SupFanMtr/NE-HVAC-FanBelt-VBelt-Std/instance-out.sql,8118.70,9181.03
CZ12/ERC&0&rDXHP&New&HV_AirDist__SupFanMtr/NE-HVAC-FanBelt-CoggedVBelt-Msr/instance-out.sql,8062.19,9181.03
CZ12/ERC&0&rDXHP&New&HV_AirDist__SupFanMtr/NE-HVAC-FanBelt-SynchVBelt-Msr/instance-out.sql,7982.01,9181.03
CZ12/ESe&0&rDXHP&New&HV_AirDist__SupFanMtr/NE-HVAC-FanBelt-VBelt-Std/instance-out.sql,653529.23,432849.26
CZ12/ESe&0&rDXHP&New&HV_AirDist__SupFanMtr/NE-HVAC-FanBelt-CoggedVBelt-Msr/instance-out.sql,652286.23,432856.38
CZ12/ESe&0&rDXHP&New&HV_AirDist__SupFanMtr/NE-HVAC-FanBelt-SynchVBelt-Msr/instance-out.sql,650514.01,432865.36
CZ12/EUn&0&rDXHP&New&HV_AirDist__SupFanMtr/NE-HVAC-FanBelt-VBelt-Std/instance-out.sql,6529369.70,860857.38
CZ12/EUn&0&rDXHP&New&HV_AirDist__SupFanMtr/NE-HVAC-FanBelt-CoggedVBelt-Msr/instance-out.sql,6504429.50,860858.68
CZ12/EUn&0&rDXHP&New&HV_AirDist__SupFanMtr/NE-HVAC-FanBelt-SynchVBelt-Msr/instance-out.sql,6468836.32,860860.57
CZ12/Hsp&0&rDXHP&New&HV_AirDist__SupFanMtr/NE-HVAC-FanBelt-VBelt-Std/instance-out.sql,2982440.53,496778.17
CZ12/Hsp&0&rDXHP&New&HV_AirDist__SupFanMtr/NE-HVAC-FanBelt-CoggedVBelt-Msr/instance-out.sql,2977289.01,496941.43
CZ12/Hsp&0&rDXHP&New&HV_AirDist__SupFanMtr/NE-HVAC-FanBelt-SynchVBelt-Msr/instance-out.sql,2969919.99,496896.00
CZ12/MBT&0&rDXHP&New&HV_AirDist__SupFanMtr/NE-HVAC-FanBelt-VBelt-Std/instance-out.sql,3196357.42,3410988.10
CZ12/MBT&0&rDXHP&New&HV_AirDist__SupFanMtr/NE-HVAC-FanBelt-CoggedVBelt-Msr/instance-out.sql,3191221.75,3411081.60
CZ12/MBT&0&rDXHP&New&HV_AirDist__SupFanMtr/NE-HVAC-FanBelt-SynchVBelt-Msr/instance-out.sql,3183891.79,3411215.20
CZ12/MLI&0&rDXHP&New&HV_AirDist__SupFanMtr/NE-HVAC-FanBelt-VBelt-Std/instance-out.sql,856845.41,47318.65
CZ12/MLI&0&rDXHP&New&HV_AirDist__SupFanMtr/NE-HVAC-FanBelt-CoggedVBelt-Msr/instance-out.sql,850280.23,47318.65
CZ12/MLI&0&rDXHP&New&HV_AirDist__SupFanMtr/NE-HVAC-FanBelt-SynchVBelt-Msr/instance-out.sql,840912.43,47318.65
CZ12/Mtl&0&rDXHP&New&HV_AirDist__SupFanMtr/NE-HVAC-FanBelt-VBelt-Std/instance-out.sql,150526.25,9059.67
CZ12/Mtl&0&rDXHP&New&HV_AirDist__SupFanMtr/NE-HVAC-FanBelt-CoggedVBelt-Msr/instance-out.sql,149449.96,9050.47
CZ12/Mtl&0&rDXHP&New&HV_AirDist__SupFanMtr/NE-HVAC-FanBelt-SynchVBelt-Msr/instance-out.sql,147934.56,9068.11
CZ12/Nrs&0&rDXHP&New&HV_AirDist__SupFanMtr/NE-HVAC-FanBelt-VBelt-Std/instance-out.sql,602796.17,212699.62
CZ12/Nrs&0&rDXHP&New&HV_AirDist__SupFanMtr/NE-HVAC-FanBelt-CoggedVBelt-Msr/instance-out.sql,601165.70,212700.48
CZ12/Nrs&0&rDXHP&New&HV_AirDist__SupFanMtr/NE-HVAC-FanBelt-SynchVBelt-Msr/instance-out.sql,598801.29,212810.96
CZ12/OfL&0&rDXHP&New&HV_AirDist__SupFanMtr/NE-HVAC-FanBelt-VBelt-Std/instance-out.sql,1941235.73,144369.00
CZ12/OfL&0&rDXHP&New&HV_AirDist__SupFanMtr/NE-HVAC-FanBelt-CoggedVBelt-Msr/instance-out.sql,1930068.97,144390.92
CZ12/OfL&0&rDXHP&New&HV_AirDist__SupFanMtr/NE-HVAC-FanBelt-SynchVBelt-Msr/instance-out.sql,1914112.04,144429.55
CZ12/OfS&0&rDXHP&New&HV_AirDist__SupFanMtr/NE-HVAC-FanBelt-VBelt-Std/instance-out.sql,88543.59,21616.17
CZ12/OfS&0&rDXHP&New&HV_AirDist__SupFanMtr/NE-HVAC-FanBelt-CoggedVBelt-Msr/instance-out.sql,87902.30,21616.17
CZ12/OfS&0&rDXHP&New&HV_AirDist__SupFanMtr/NE-HVAC-FanBelt-SynchVBelt-Msr/instance-out.sql,86983.67,21616.17
CZ12/RFF&0&rDXHP&New&HV_AirDist__SupFanMtr/NE-HVAC-FanBelt-VBelt-Std/instance-out.sql,49704.96,44619.15
CZ12/RFF&0&rDXHP&New&HV_AirDist__SupFanMtr/NE-HVAC-FanBelt-CoggedVBelt-Msr/instance-out.sql,49526.31,44619.15
CZ12/RFF&0&rDXHP&New&HV_AirDist__SupFanMtr/NE-HVAC-FanBelt-SynchVBelt-Msr/instance-out.sql,49271.23,44619.15
CZ12/RSD&0&rDXHP&New&HV_AirDist__SupFanMtr/NE-HVAC-FanBelt-VBelt-Std/instance-out.sql,103345.42,127307.36
CZ12/RSD&0&rDXHP&New&HV_AirDist__SupFanMtr/NE-HVAC-FanBelt-CoggedVBelt-Msr/instance-out.sql,103244.23,127309.30
CZ12/RSD&0&rDXHP&New&HV_AirDist__SupFanMtr/NE-HVAC-FanBelt-SynchVBelt-Msr/instance-out.sql,103100.22,127312.63
CZ12/Rt3&0&rDXHP&New&HV_AirDist__SupFanMtr/NE-HVAC-FanBelt-VBelt-Std/instance-out.sql,1490244.36,172323.23
CZ12/Rt3&0&rDXHP&New&HV_AirDist__SupFanMtr/NE-HVAC-FanBelt-CoggedVBelt-Msr/instance-out.sql,1481558.44,172332.11
CZ12/Rt3&0&rDXHP&New&HV_AirDist__SupFanMtr/NE-HVAC-FanBelt-SynchVBelt-Msr/instance-out.sql,1469167.80,172344.62
CZ12/RtL&0&rDXHP&New&HV_AirDist__SupFanMtr/NE-HVAC-FanBelt-VBelt-Std/instance-out.sql,1523742.14,163920.36
CZ12/RtL&0&rDXHP&New&HV_AirDist__SupFanMtr/NE-HVAC-FanBelt-CoggedVBelt-Msr/instance-out.sql,1515114.59,163920.36
CZ12/RtL&0&rDXHP&New&HV_AirDist__SupFanMtr/NE-HVAC-FanBelt-SynchVBelt-Msr/instance-out.sql,1502799.13,163920.36
CZ12/RtS&0&rDXHP&New&HV_AirDist__SupFanMtr/NE-HVAC-FanBelt-VBelt-Std/instance-out.sql,89931.01,15402.09
CZ12/RtS&0&rDXHP&New&HV_AirDist__SupFanMtr/NE-HVAC-FanBelt-CoggedVBelt-Msr/instance-out.sql,89427.75,15402.09
CZ12/RtS&0&rDXHP&New&HV_AirDist__SupFanMtr/NE-HVAC-FanBelt-SynchVBelt-Msr/instance-out.sql,88709.47,15402.09
CZ12/SCn&0&rDXHP&New&HV_AirDist__SupFanMtr/NE-HVAC-FanBelt-VBelt-Std/instance-out.sql,2612391.68,82699.02
CZ12/SCn&0&rDXHP&New&HV_AirDist__SupFanMtr/NE-HVAC-FanBelt-CoggedVBelt-Msr/instance-out.sql,2592803.13,82699.02
CZ12/SCn&0&rDXHP&New&HV_AirDist__SupFanMtr/NE-HVAC-FanBelt-SynchVBelt-Msr/instance-out.sql,2565282.63,82699.01
CZ13/Asm&0&rDXHP&New&HV_AirDist__SupFanMtr/NE-HVAC-FanBelt-VBelt-Std/instance-out.sql,644354.90,20997.41
CZ13/Asm&0&rDXHP&New&HV_AirDist__SupFanMtr/NE-HVAC-FanBelt-CoggedVBelt-Msr/instance-out.sql,640406.15,20997.41
CZ13/Asm&0&rDXHP&New&HV_AirDist__SupFanMtr/NE-HVAC-FanBelt-SynchVBelt-Msr/instance-out.sql,634764.13,20997.42
CZ13/ECC&0&rDXHP&New&HV_AirDist__SupFanMtr/NE-HVAC-FanBelt-VBelt-Std/instance-out.sql,2003400.07,470939.38
CZ13/ECC&0&rDXHP&New&HV_AirDist__SupFanMtr/NE-HVAC-FanBelt-CoggedVBelt-Msr/instance-out.sql,1994575.85,470937.79
CZ13/ECC&0&rDXHP&New&HV_AirDist__SupFanMtr/NE-HVAC-FanBelt-SynchVBelt-Msr/instance-out.sql,1981995.58,470936.79
CZ13/EPr&0&rDXHP&New&HV_AirDist__SupFanMtr/NE-HVAC-FanBelt-VBelt-Std/instance-out.sql,248910.70,119903.80
CZ13/EPr&0&rDXHP&New&HV_AirDist__SupFanMtr/NE-HVAC-FanBelt-CoggedVBelt-Msr/instance-out.sql,247736.74,119903.80
CZ13/EPr&0&rDXHP&New&HV_AirDist__SupFanMtr/NE-HVAC-FanBelt-SynchVBelt-Msr/instance-out.sql,246089.41,119903.79
CZ13/ERC&0&rDXHP&New&HV_AirDist__SupFanMtr/NE-HVAC-FanBelt-VBelt-Std/instance-out.sql,9437.37,8980.21
CZ13/ERC&0&rDXHP&New&HV_AirDist__SupFanMtr/NE-HVAC-FanBelt-CoggedVBelt-Msr/instance-out.sql,9368.52,8980.21
CZ13/ERC&0&rDXHP&New&HV_AirDist__SupFanMtr/NE-HVAC-FanBelt-SynchVBelt-Msr/instance-out.sql,9270.09,8980.21
CZ13/ESe&0&rDXHP&New&HV_AirDist__SupFanMtr/NE-HVAC-FanBelt-VBelt-Std/instance-out.sql,715365.11,391976.56
CZ13/ESe&0&rDXHP&New&HV_AirDist__SupFanMtr/NE-HVAC-FanBelt-CoggedVBelt-Msr/instance-out.sql,713980.54,391983.08
CZ13/ESe&0&rDXHP&New&HV_AirDist__SupFanMtr/NE-HVAC-FanBelt-SynchVBelt-Msr/instance-out.sql,712003.66,391992.65
CZ13/EUn&0&rDXHP&New&HV_AirDist__SupFanMtr/NE-HVAC-FanBelt-VBelt-Std/instance-out.sql,6946397.92,809714.26
CZ13/EUn&0&rDXHP&New&HV_AirDist__SupFanMtr/NE-HVAC-FanBelt-CoggedVBelt-Msr/instance-out.sql,6919660.02,809715.37
CZ13/EUn&0&rDXHP&New&HV_AirDist__SupFanMtr/NE-HVAC-FanBelt-SynchVBelt-Msr/instance-out.sql,6881503.57,809716.86
CZ13/Hsp&0&rDXHP&New&HV_AirDist__SupFanMtr/NE-HVAC-FanBelt-VBelt-Std/instance-out.sql,3278226.21,448728.84
CZ13/Hsp&0&rDXHP&New&HV_AirDist__SupFanMtr/NE-HVAC-FanBelt-CoggedVBelt-Msr/instance-out.sql,3272819.97,448889.59
CZ13/Hsp&0&rDXHP&New&HV_AirDist__SupFanMtr/NE-HVAC-FanBelt-SynchVBelt-Msr/instance-out.sql,3264941.61,449019.92
CZ13/MBT&0&rDXHP&New&HV_AirDist__SupFanMtr/NE-HVAC-FanBelt-VBelt-Std/instance-out.sql,3499718.50,2918537.97
CZ13/MBT&0&rDXHP&New&HV_AirDist__SupFanMtr/NE-HVAC-FanBelt-CoggedVBelt-Msr/instance-out.sql,3494026.92,2918620.43
CZ13/MBT&0&rDXHP&New&HV_AirDist__SupFanMtr/NE-HVAC-FanBelt-SynchVBelt-Msr/instance-out.sql,3485901.59,2918738.07
CZ13/MLI&0&rDXHP&New&HV_AirDist__SupFanMtr/NE-HVAC-FanBelt-VBelt-Std/instance-out.sql,927056.46,44449.43
CZ13/MLI&0&rDXHP&New&HV_AirDist__SupFanMtr/NE-HVAC-FanBelt-CoggedVBelt-Msr/instance-out.sql,919941.96,44449.43
CZ13/MLI&0&rDXHP&New&HV_AirDist__SupFanMtr/NE-HVAC-FanBelt-SynchVBelt-Msr/instance-out.sql,909787.84,44449.43
CZ13/Mtl&0&rDXHP&New&HV_AirDist__SupFanMtr/NE-HVAC-FanBelt-VBelt-Std/instance-out.sql,168770.99,8783.68
CZ13/Mtl&0&rDXHP&New&HV_AirDist__SupFanMtr/NE-HVAC-FanBelt-CoggedVBelt-Msr/instance-out.sql,167609.07,8787.80
CZ13/Mtl&0&rDXHP&New&HV_AirDist__SupFanMtr/NE-HVAC-FanBelt-SynchVBelt-Msr/instance-out.sql,165935.66,8779.85
CZ13/Nrs&0&rDXHP&New&HV_AirDist__SupFanMtr/NE-HVAC-FanBelt-VBelt-Std/instance-out.sql,657201.80,204518.89
CZ13/Nrs&0&rDXHP&New&HV_AirDist__SupFanMtr/NE-HVAC-FanBelt-CoggedVBelt-Msr/instance-out.sql,655387.83,204562.11
CZ13/Nrs&0&rDXHP&New&HV_AirDist__SupFanMtr/NE-HVAC-FanBelt-SynchVBelt-Msr/instance-out.sql,652782.04,204655.17
CZ13/OfL&0&rDXHP&New&HV_AirDist__SupFanMtr/NE-HVAC-FanBelt-VBelt-Std/instance-out.sql,2098203.96,132854.44
CZ13/OfL&0&rDXHP&New&HV_AirDist__SupFanMtr/NE-HVAC-FanBelt-CoggedVBelt-Msr/instance-out.sql,2086167.58,132793.91
CZ13/OfL&0&rDXHP&New&HV_AirDist__SupFanMtr/NE-HVAC-FanBelt-SynchVBelt-Msr/instance-out.sql,2069018.75,132853.57
CZ13/OfS&0&rDXHP&New&HV_AirDist__SupFanMtr/NE-HVAC-FanBelt-VBelt-Std/instance-out.sql,98310.79,20419.47
CZ13/OfS&0&rDXHP&New&HV_AirDist__SupFanMtr/NE-HVAC-FanBelt-CoggedVBelt-Msr/instance-out.sql,97586.96,20419.47
CZ13/OfS&0&rDXHP&New&HV_AirDist__SupFanMtr/NE-HVAC-FanBelt-SynchVBelt-Msr/instance-out.sql,96554.97,20419.47
CZ13/RFF&0&rDXHP&New&HV_AirDist__SupFanMtr/NE-HVAC-FanBelt-VBelt-Std/instance-out.sql,54425.90,43281.98
CZ13/RFF&0&rDXHP&New&HV_AirDist__SupFanMtr/NE-HVAC-FanBelt-CoggedVBelt-Msr/instance-out.sql,54224.40,43281.98
CZ13/RFF&0&rDXHP&New&HV_AirDist__SupFanMtr/NE-HVAC-FanBelt-SynchVBelt-Msr/instance-out.sql,53936.80,43281.98
CZ13/RSD&0&rDXHP&New&HV_AirDist__SupFanMtr/NE-HVAC-FanBelt-VBelt-Std/instance-out.sql,115143.11,124506.85
CZ13/RSD&0&rDXHP&New&HV_AirDist__SupFanMtr/NE-HVAC-FanBelt-CoggedVBelt-Msr/instance-out.sql,115028.97,124508.48
CZ13/RSD&0&rDXHP&New&HV_AirDist__SupFanMtr/NE-HVAC-FanBelt-SynchVBelt-Msr/instance-out.sql,114865.97,124511.02
CZ13/Rt3&0&rDXHP&New&HV_AirDist__SupFanMtr/NE-HVAC-FanBelt-VBelt-Std/instance-out.sql,1593115.36,159863.50
CZ13/Rt3&0&rDXHP&New&HV_AirDist__SupFanMtr/NE-HVAC-FanBelt-CoggedVBelt-Msr/instance-out.sql,1583847.33,159871.44
CZ13/Rt3&0&rDXHP&New&HV_AirDist__SupFanMtr/NE-HVAC-FanBelt-SynchVBelt-Msr/instance-out.sql,1570623.11,159883.49
CZ13/RtL&0&rDXHP&New&HV_AirDist__SupFanMtr/NE-HVAC-FanBelt-VBelt-Std/instance-out.sql,1645517.06,155856.25
CZ13/RtL&0&rDXHP&New&HV_AirDist__SupFanMtr/NE-HVAC-FanBelt-CoggedVBelt-Msr/instance-out.sql,1636016.10,155856.24
CZ13/RtL&0&rDXHP&New&HV_AirDist__SupFanMtr/NE-HVAC-FanBelt-SynchVBelt-Msr/instance-out.sql,1622449.55,155856.24
CZ13/RtS&0&rDXHP&New&HV_AirDist__SupFanMtr/NE-HVAC-FanBelt-VBelt-Std/instance-out.sql,97044.59,14761.27
CZ13/RtS&0&rDXHP&New&HV_AirDist__SupFanMtr/NE-HVAC-FanBelt-CoggedVBelt-Msr/instance-out.sql,96500.84,14761.27
CZ13/RtS&0&rDXHP&New&HV_AirDist__SupFanMtr/NE-HVAC-FanBelt-SynchVBelt-Msr/instance-out.sql,95724.67,14761.27
CZ13/SCn&0&rDXHP&New&HV_AirDist__SupFanMtr/NE-HVAC-FanBelt-VBelt-Std/instance-out.sql,2997013.44,77406.74
CZ13/SCn&0&rDXHP&New&HV_AirDist__SupFanMtr/NE-HVAC-FanBelt-CoggedVBelt-Msr/instance-out.sql,2972751.69,77406.74
CZ13/SCn&0&rDXHP&New&HV_AirDist__SupFanMtr/NE-HVAC-FanBelt-SynchVBelt-Msr/instance-out.sql,2938597.66,77406.74
CZ14/Asm&0&rDXHP&New&HV_AirDist__SupFanMtr/NE-HVAC-FanBelt-VBelt-Std/instance-out.sql,655330.81,21452.12
CZ14/Asm&0&rDXHP&New&HV_AirDist__SupFanMtr/NE-HVAC-FanBelt-CoggedVBelt-Msr/instance-out.sql,651095.31,21452.12
CZ14/Asm&0&rDXHP&New&HV_AirDist__SupFanMtr/NE-HVAC-FanBelt-SynchVBelt-Msr/instance-out.sql,645047.68,21452.12
CZ14/ECC&0&rDXHP&New&HV_AirDist__SupFanMtr/NE-HVAC-FanBelt-VBelt-Std/instance-out.sql,2027150.51,483052.34
CZ14/ECC&0&rDXHP&New&HV_AirDist__SupFanMtr/NE-HVAC-FanBelt-CoggedVBelt-Msr/instance-out.sql,2018082.62,483052.68
CZ14/ECC&0&rDXHP&New&HV_AirDist__SupFanMtr/NE-HVAC-FanBelt-SynchVBelt-Msr/instance-out.sql,2005090.26,483053.36
CZ14/EPr&0&rDXHP&New&HV_AirDist__SupFanMtr/NE-HVAC-FanBelt-VBelt-Std/instance-out.sql,252846.57,122110.32
CZ14/EPr&0&rDXHP&New&HV_AirDist__SupFanMtr/NE-HVAC-FanBelt-CoggedVBelt-Msr/instance-out.sql,251620.90,122110.32
CZ14/EPr&0&rDXHP&New&HV_AirDist__SupFanMtr/NE-HVAC-FanBelt-SynchVBelt-Msr/instance-out.sql,249869.49,122110.32
CZ14/ERC&0&rDXHP&New&HV_AirDist__SupFanMtr/NE-HVAC-FanBelt-VBelt-Std/instance-out.sql,9531.27,9060.14
CZ14/ERC&0&rDXHP&New&HV_AirDist__SupFanMtr/NE-HVAC-FanBelt-CoggedVBelt-Msr/instance-out.sql,9462.28,9060.14
CZ14/ERC&0&rDXHP&New&HV_AirDist__SupFanMtr/NE-HVAC-FanBelt-SynchVBelt-Msr/instance-out.sql,9363.21,9060.14
CZ14/ESe&0&rDXHP&New&HV_AirDist__SupFanMtr/NE-HVAC-FanBelt-VBelt-Std/instance-out.sql,716053.73,393799.22
CZ14/ESe&0&rDXHP&New&HV_AirDist__SupFanMtr/NE-HVAC-FanBelt-CoggedVBelt-Msr/instance-out.sql,714622.79,393805.19
CZ14/ESe&0&rDXHP&New&HV_AirDist__SupFanMtr/NE-HVAC-FanBelt-SynchVBelt-Msr/instance-out.sql,712581.40,393813.44
CZ14/EUn&0&rDXHP&New&HV_AirDist__SupFanMtr/NE-HVAC-FanBelt-VBelt-Std/instance-out.sql,7081382.76,830754.37
CZ14/EUn&0&rDXHP&New&HV_AirDist__SupFanMtr/NE-HVAC-FanBelt-CoggedVBelt-Msr/instance-out.sql,7053049.92,830756.96
CZ14/EUn&0&rDXHP&New&HV_AirDist__SupFanMtr/NE-HVAC-FanBelt-SynchVBelt-Msr/instance-out.sql,7012592.84,830760.63
CZ14/Hsp&0&rDXHP&New&HV_AirDist__SupFanMtr/NE-HVAC-FanBelt-VBelt-Std/instance-out.sql,3322624.34,440877.12
CZ14/Hsp&0&rDXHP&New&HV_AirDist__SupFanMtr/NE-HVAC-FanBelt-CoggedVBelt-Msr/instance-out.sql,3316865.74,440948.67
CZ14/Hsp&0&rDXHP&New&HV_AirDist__SupFanMtr/NE-HVAC-FanBelt-SynchVBelt-Msr/instance-out.sql,3308537.39,441053.16
CZ14/MBT&0&rDXHP&New&HV_AirDist__SupFanMtr/NE-HVAC-FanBelt-VBelt-Std/instance-out.sql,3388910.58,2993835.17
CZ14/MBT&0&rDXHP&New&HV_AirDist__SupFanMtr/NE-HVAC-FanBelt-CoggedVBelt-Msr/instance-out.sql,3382992.00,2993922.72
CZ14/MBT&0&rDXHP&New&HV_AirDist__SupFanMtr/NE-HVAC-FanBelt-SynchVBelt-Msr/instance-out.sql,3374543.28,2994047.34
CZ14/MLI&0&rDXHP&New&HV_AirDist__SupFanMtr/NE-HVAC-FanBelt-VBelt-Std/instance-out.sql,947942.43,45650.44
CZ14/MLI&0&rDXHP&New&HV_AirDist__SupFanMtr/NE-HVAC-FanBelt-CoggedVBelt-Msr/instance-out.sql,940466.32,45650.44
CZ14/MLI&0&rDXHP&New&HV_AirDist__SupFanMtr/NE-HVAC-FanBelt-SynchVBelt-Msr/instance-out.sql,929798.58,45650.44
CZ14/Mtl&0&rDXHP&New&HV_AirDist__SupFanMtr/NE-HVAC-FanBelt-VBelt-Std/instance-out.sql,169243.14,8473.71
CZ14/Mtl&0&rDXHP&New&HV_AirDist__SupFanMtr/NE-HVAC-FanBelt-CoggedVBelt-Msr/instance-out.sql,168035.45,8474.76
CZ14/Mtl&0&rDXHP&New&HV_AirDist__SupFanMtr/NE-HVAC-FanBelt-SynchVBelt-Msr/instance-out.sql,166311.25,8476.80
CZ14/Nrs&0&rDXHP&New&HV_AirDist__SupFanMtr/NE-HVAC-FanBelt-VBelt-Std/instance-out.sql,659981.35,205993.04
CZ14/Nrs&0&rDXHP&New&HV_AirDist__SupFanMtr/NE-HVAC-FanBelt-CoggedVBelt-Msr/instance-out.sql,658047.80,206003.21
CZ14/Nrs&0&rDXHP&New&HV_AirDist__SupFanMtr/NE-HVAC-FanBelt-SynchVBelt-Msr/instance-out.sql,655332.41,206089.80
CZ14/OfL&0&rDXHP&New&HV_AirDist__SupFanMtr/NE-HVAC-FanBelt-VBelt-Std/instance-out.sql,2131762.75,137352.08
CZ14/OfL&0&rDXHP&New&HV_AirDist__SupFanMtr/NE-HVAC-FanBelt-CoggedVBelt-Msr/instance-out.sql,2119022.62,137347.06
CZ14/OfL&0&rDXHP&New&HV_AirDist__SupFanMtr/NE-HVAC-FanBelt-SynchVBelt-Msr/instance-out.sql,2100832.59,137353.20
CZ14/OfS&0&rDXHP&New&HV_AirDist__SupFanMtr/NE-HVAC-FanBelt-VBelt-Std/instance-out.sql,100153.44,20922.04
CZ14/OfS&0&rDXHP&New&HV_AirDist__SupFanMtr/NE-HVAC-FanBelt-CoggedVBelt-Msr/instance-out.sql,99397.36,20922.04
CZ14/OfS&0&rDXHP&New&HV_AirDist__SupFanMtr/NE-HVAC-FanBelt-SynchVBelt-Msr/instance-out.sql,98318.14,20922.04
CZ14/RFF&0&rDXHP&New&HV_AirDist__SupFanMtr/NE-HVAC-FanBelt-VBelt-Std/instance-out.sql,54393.27,43842.84
CZ14/RFF&0&rDXHP&New&HV_AirDist__SupFanMtr/NE-HVAC-FanBelt-CoggedVBelt-Msr/instance-out.sql,54185.73,43842.85
CZ14/RFF&0&rDXHP&New&HV_AirDist__SupFanMtr/NE-HVAC-FanBelt-SynchVBelt-Msr/instance-out.sql,53889.46,43842.86
CZ14/RSD&0&rDXHP&New&HV_AirDist__SupFanMtr/NE-HVAC-FanBelt-VBelt-Std/instance-out.sql,115348.78,129811.58
CZ14/RSD&0&rDXHP&New&HV_AirDist__SupFanMtr/NE-HVAC-FanBelt-CoggedVBelt-Msr/instance-out.sql,115228.69,129813.88
CZ14/RSD&0&rDXHP&New&HV_AirDist__SupFanMtr/NE-HVAC-FanBelt-SynchVBelt-Msr/instance-out.sql,115057.20,129816.10
CZ14/Rt3&0&rDXHP&New&HV_AirDist__SupFanMtr/NE-HVAC-FanBelt-VBelt-Std/instance-out.sql,1602900.52,164187.90
CZ14/Rt3&0&rDXHP&New&HV_AirDist__SupFanMtr/NE-HVAC-FanBelt-CoggedVBelt-Msr/instance-out.sql,1593289.85,164193.44
CZ14/Rt3&0&rDXHP&New&HV_AirDist__SupFanMtr/NE-HVAC-FanBelt-SynchVBelt-Msr/instance-out.sql,1579552.91,164202.37
CZ14/RtL&0&rDXHP&New&HV_AirDist__SupFanMtr/NE-HVAC-FanBelt-VBelt-Std/instance-out.sql,1671468.52,159243.70
CZ14/RtL&0&rDXHP&New&HV_AirDist__SupFanMtr/NE-HVAC-FanBelt-CoggedVBelt-Msr/instance-out.sql,1661378.58,159243.70
CZ14/RtL&0&rDXHP&New&HV_AirDist__SupFanMtr/NE-HVAC-FanBelt-SynchVBelt-Msr/instance-out.sql,1646975.84,159243.81
CZ14/RtS&0&rDXHP&New&HV_AirDist__SupFanMtr/NE-HVAC-FanBelt-VBelt-Std/instance-out.sql,97289.37,15030.44
CZ14/RtS&0&rDXHP&New&HV_AirDist__SupFanMtr/NE-HVAC-FanBelt-CoggedVBelt-Msr/instance-out.sql,96720.39,15030.44
CZ14/RtS&0&rDXHP&New&HV_AirDist__SupFanMtr/NE-HVAC-FanBelt-SynchVBelt-Msr/instance-out.sql,95908.11,15030.44
CZ14/SCn&0&rDXHP&New&HV_AirDist__SupFanMtr/NE-HVAC-FanBelt-VBelt-Std/instance-out.sql,2949363.52,79620.78
CZ14/SCn&0&rDXHP&New&HV_AirDist__SupFanMtr/NE-HVAC-FanBelt-CoggedVBelt-Msr/instance-out.sql,2926541.25,79620.78
CZ14/SCn&0&rDXHP&New&HV_AirDist__SupFanMtr/NE-HVAC-FanBelt-SynchVBelt-Msr/instance-out.sql,2893732.46,79620.78
CZ15/Asm&0&rDXHP&New&HV_AirDist__SupFanMtr/NE-HVAC-FanBelt-VBelt-Std/instance-out.sql,752285.66,18513.19
CZ15/Asm&0&rDXHP&New&HV_AirDist__SupFanMtr/NE-HVAC-FanBelt-CoggedVBelt-Msr/instance-out.sql,747774.38,18513.19
CZ15/Asm&0&rDXHP&New&HV_AirDist__SupFanMtr/NE-HVAC-FanBelt-SynchVBelt-Msr/instance-out.sql,741360.59,18513.20
CZ15/ECC&0&rDXHP&New&HV_AirDist__SupFanMtr/NE-HVAC-FanBelt-VBelt-Std/instance-out.sql,2333153.51,402578.24
CZ15/ECC&0&rDXHP&New&HV_AirDist__SupFanMtr/NE-HVAC-FanBelt-CoggedVBelt-Msr/instance-out.sql,2322620.19,402578.31
CZ15/ECC&0&rDXHP&New&HV_AirDist__SupFanMtr/NE-HVAC-FanBelt-SynchVBelt-Msr/instance-out.sql,2307527.97,402578.33
CZ15/EPr&0&rDXHP&New&HV_AirDist__SupFanMtr/NE-HVAC-FanBelt-VBelt-Std/instance-out.sql,293622.70,107577.65
CZ15/EPr&0&rDXHP&New&HV_AirDist__SupFanMtr/NE-HVAC-FanBelt-CoggedVBelt-Msr/instance-out.sql,292242.84,107577.65
CZ15/EPr&0&rDXHP&New&HV_AirDist__SupFanMtr/NE-HVAC-FanBelt-SynchVBelt-Msr/instance-out.sql,290267.74,107577.64
CZ15/ERC&0&rDXHP&New&HV_AirDist__SupFanMtr/NE-HVAC-FanBelt-VBelt-Std/instance-out.sql,11640.71,8533.04
CZ15/ERC&0&rDXHP&New&HV_AirDist__SupFanMtr/NE-HVAC-FanBelt-CoggedVBelt-Msr/instance-out.sql,11550.75,8533.04
CZ15/ERC&0&rDXHP&New&HV_AirDist__SupFanMtr/NE-HVAC-FanBelt-SynchVBelt-Msr/instance-out.sql,11423.05,8533.04
CZ15/ESe&0&rDXHP&New&HV_AirDist__SupFanMtr/NE-HVAC-FanBelt-VBelt-Std/instance-out.sql,858317.29,263205.84
CZ15/ESe&0&rDXHP&New&HV_AirDist__SupFanMtr/NE-HVAC-FanBelt-CoggedVBelt-Msr/instance-out.sql,856644.48,263206.99
CZ15/ESe&0&rDXHP&New&HV_AirDist__SupFanMtr/NE-HVAC-FanBelt-SynchVBelt-Msr/instance-out.sql,854250.86,263209.05
CZ15/EUn&0&rDXHP&New&HV_AirDist__SupFanMtr/NE-HVAC-FanBelt-VBelt-Std/instance-out.sql,7835618.25,694154.28
CZ15/EUn&0&rDXHP&New&HV_AirDist__SupFanMtr/NE-HVAC-FanBelt-CoggedVBelt-Msr/instance-out.sql,7805509.48,694154.28
CZ15/EUn&0&rDXHP&New&HV_AirDist__SupFanMtr/NE-HVAC-FanBelt-SynchVBelt-Msr/instance-out.sql,7762516.47,694154.29
CZ15/Hsp&0&rDXHP&New&HV_AirDist__SupFanMtr/NE-HVAC-FanBelt-VBelt-Std/instance-out.sql,3895636.02,327265.48
CZ15/Hsp&0&rDXHP&New&HV_AirDist__SupFanMtr/NE-HVAC-FanBelt-CoggedVBelt-Msr/instance-out.sql,3889602.38,327260.15
CZ15/Hsp&0&rDXHP&New&HV_AirDist__SupFanMtr/NE-HVAC-FanBelt-SynchVBelt-Msr/instance-out.sql,3880979.95,327279.65
CZ15/MBT&0&rDXHP&New&HV_AirDist__SupFanMtr/NE-HVAC-FanBelt-VBelt-Std/instance-out.sql,4174981.43,1650386.21
CZ15/MBT&0&rDXHP&New&HV_AirDist__SupFanMtr/NE-HVAC-FanBelt-CoggedVBelt-Msr/instance-out.sql,4168226.77,1650429.18
CZ15/MBT&0&rDXHP&New&HV_AirDist__SupFanMtr/NE-HVAC-FanBelt-SynchVBelt-Msr/instance-out.sql,4158578.09,1650491.23
CZ15/MLI&0&rDXHP&New&HV_AirDist__SupFanMtr/NE-HVAC-FanBelt-VBelt-Std/instance-out.sql,1069362.58,37868.87
CZ15/MLI&0&rDXHP&New&HV_AirDist__SupFanMtr/NE-HVAC-FanBelt-CoggedVBelt-Msr/instance-out.sql,1060938.69,37868.87
CZ15/MLI&0&rDXHP&New&HV_AirDist__SupFanMtr/NE-HVAC-FanBelt-SynchVBelt-Msr/instance-out.sql,1048910.77,37868.87
CZ15/Mtl&0&rDXHP&New&HV_AirDist__SupFanMtr/NE-HVAC-FanBelt-VBelt-Std/instance-out.sql,207409.04,7686.93
CZ15/Mtl&0&rDXHP&New&HV_AirDist__SupFanMtr/NE-HVAC-FanBelt-CoggedVBelt-Msr/instance-out.sql,206031.74,7686.93
CZ15/Mtl&0&rDXHP&New&HV_AirDist__SupFanMtr/NE-HVAC-FanBelt-SynchVBelt-Msr/instance-out.sql,204065.42,7686.93
CZ15/Nrs&0&rDXHP&New&HV_AirDist__SupFanMtr/NE-HVAC-FanBelt-VBelt-Std/instance-out.sql,771187.01,169236.38
CZ15/Nrs&0&rDXHP&New&HV_AirDist__SupFanMtr/NE-HVAC-FanBelt-CoggedVBelt-Msr/instance-out.sql,769038.50,169237.68
CZ15/Nrs&0&rDXHP&New&HV_AirDist__SupFanMtr/NE-HVAC-FanBelt-SynchVBelt-Msr/instance-out.sql,766055.79,169243.44
CZ15/OfL&0&rDXHP&New&HV_AirDist__SupFanMtr/NE-HVAC-FanBelt-VBelt-Std/instance-out.sql,2437211.47,99743.18
CZ15/OfL&0&rDXHP&New&HV_AirDist__SupFanMtr/NE-HVAC-FanBelt-CoggedVBelt-Msr/instance-out.sql,2423679.12,99742.36
CZ15/OfL&0&rDXHP&New&HV_AirDist__SupFanMtr/NE-HVAC-FanBelt-SynchVBelt-Msr/instance-out.sql,2404348.68,99742.55
CZ15/OfS&0&rDXHP&New&HV_AirDist__SupFanMtr/NE-HVAC-FanBelt-VBelt-Std/instance-out.sql,115927.71,17671.38
CZ15/OfS&0&rDXHP&New&HV_AirDist__SupFanMtr/NE-HVAC-FanBelt-CoggedVBelt-Msr/instance-out.sql,115064.86,17671.38
CZ15/OfS&0&rDXHP&New&HV_AirDist__SupFanMtr/NE-HVAC-FanBelt-SynchVBelt-Msr/instance-out.sql,113833.08,17671.38
CZ15/RFF&0&rDXHP&New&HV_AirDist__SupFanMtr/NE-HVAC-FanBelt-VBelt-Std/instance-out.sql,63677.22,40237.28
CZ15/RFF&0&rDXHP&New&HV_AirDist__SupFanMtr/NE-HVAC-FanBelt-CoggedVBelt-Msr/instance-out.sql,63429.17,40237.28
CZ15/RFF&0&rDXHP&New&HV_AirDist__SupFanMtr/NE-HVAC-FanBelt-SynchVBelt-Msr/instance-out.sql,63075.87,40237.28
CZ15/RSD&0&rDXHP&New&HV_AirDist__SupFanMtr/NE-HVAC-FanBelt-VBelt-Std/instance-out.sql,138163.17,114461.28
CZ15/RSD&0&rDXHP&New&HV_AirDist__SupFanMtr/NE-HVAC-FanBelt-CoggedVBelt-Msr/instance-out.sql,138028.01,114462.34
CZ15/RSD&0&rDXHP&New&HV_AirDist__SupFanMtr/NE-HVAC-FanBelt-SynchVBelt-Msr/instance-out.sql,137834.88,114463.46
CZ15/Rt3&0&rDXHP&New&HV_AirDist__SupFanMtr/NE-HVAC-FanBelt-VBelt-Std/instance-out.sql,1821528.62,131523.12
CZ15/Rt3&0&rDXHP&New&HV_AirDist__SupFanMtr/NE-HVAC-FanBelt-CoggedVBelt-Msr/instance-out.sql,1810932.15,131523.83
CZ15/Rt3&0&rDXHP&New&HV_AirDist__SupFanMtr/NE-HVAC-FanBelt-SynchVBelt-Msr/instance-out.sql,1795797.31,131524.80
CZ15/RtL&0&rDXHP&New&HV_AirDist__SupFanMtr/NE-HVAC-FanBelt-VBelt-Std/instance-out.sql,1886866.25,137331.73
CZ15/RtL&0&rDXHP&New&HV_AirDist__SupFanMtr/NE-HVAC-FanBelt-CoggedVBelt-Msr/instance-out.sql,1875798.17,137331.73
CZ15/RtL&0&rDXHP&New&HV_AirDist__SupFanMtr/NE-HVAC-FanBelt-SynchVBelt-Msr/instance-out.sql,1859981.64,137331.73
CZ15/RtS&0&rDXHP&New&HV_AirDist__SupFanMtr/NE-HVAC-FanBelt-VBelt-Std/instance-out.sql,114044.73,13290.14
CZ15/RtS&0&rDXHP&New&HV_AirDist__SupFanMtr/NE-HVAC-FanBelt-CoggedVBelt-Msr/instance-out.sql,113357.15,13290.14
CZ15/RtS&0&rDXHP&New&HV_AirDist__SupFanMtr/NE-HVAC-FanBelt-SynchVBelt-Msr/instance-out.sql,112371.97,13290.14
CZ15/SCn&0&rDXHP&New&HV_AirDist__SupFanMtr/NE-HVAC-FanBelt-VBelt-Std/instance-out.sql,3551330.62,65278.81
CZ15/SCn&0&rDXHP&New&HV_AirDist__SupFanMtr/NE-HVAC-FanBelt-CoggedVBelt-Msr/instance-out.sql,3520241.60,65278.81
CZ15/SCn&0&rDXHP&New&HV_AirDist__SupFanMtr/NE-HVAC-FanBelt-SynchVBelt-Msr/instance-out.sql,3476169.56,65278.81
CZ16/Asm&0&rDXHP&New&HV_AirDist__SupFanMtr/NE-HVAC-FanBelt-VBelt-Std/instance-out.sql,613962.31,23835.93
CZ16/Asm&0&rDXHP&New&HV_AirDist__SupFanMtr/NE-HVAC-FanBelt-CoggedVBelt-Msr/instance-out.sql,609949.11,23835.93
CZ16/Asm&0&rDXHP&New&HV_AirDist__SupFanMtr/NE-HVAC-FanBelt-SynchVBelt-Msr/instance-out.sql,604220.29,23835.93
CZ16/ECC&0&rDXHP&New&HV_AirDist__SupFanMtr/NE-HVAC-FanBelt-VBelt-Std/instance-out.sql,1876306.64,549641.22
CZ16/ECC&0&rDXHP&New&HV_AirDist__SupFanMtr/NE-HVAC-FanBelt-CoggedVBelt-Msr/instance-out.sql,1867677.89,549638.62
CZ16/ECC&0&rDXHP&New&HV_AirDist__SupFanMtr/NE-HVAC-FanBelt-SynchVBelt-Msr/instance-out.sql,1855390.91,549636.16
CZ16/EPr&0&rDXHP&New&HV_AirDist__SupFanMtr/NE-HVAC-FanBelt-VBelt-Std/instance-out.sql,234535.24,134095.41
CZ16/EPr&0&rDXHP&New&HV_AirDist__SupFanMtr/NE-HVAC-FanBelt-CoggedVBelt-Msr/instance-out.sql,233420.58,134095.41
CZ16/EPr&0&rDXHP&New&HV_AirDist__SupFanMtr/NE-HVAC-FanBelt-SynchVBelt-Msr/instance-out.sql,231801.13,134095.41
CZ16/ERC&0&rDXHP&New&HV_AirDist__SupFanMtr/NE-HVAC-FanBelt-VBelt-Std/instance-out.sql,8939.20,9495.02
CZ16/ERC&0&rDXHP&New&HV_AirDist__SupFanMtr/NE-HVAC-FanBelt-CoggedVBelt-Msr/instance-out.sql,8880.19,9495.02
CZ16/ERC&0&rDXHP&New&HV_AirDist__SupFanMtr/NE-HVAC-FanBelt-SynchVBelt-Msr/instance-out.sql,8796.49,9495.02
CZ16/ESe&0&rDXHP&New&HV_AirDist__SupFanMtr/NE-HVAC-FanBelt-VBelt-Std/instance-out.sql,636771.27,530713.74
CZ16/ESe&0&rDXHP&New&HV_AirDist__SupFanMtr/NE-HVAC-FanBelt-CoggedVBelt-Msr/instance-out.sql,635444.99,530732.82
CZ16/ESe&0&rDXHP&New&HV_AirDist__SupFanMtr/NE-HVAC-FanBelt-SynchVBelt-Msr/instance-out.sql,633544.51,530749.05
CZ16/EUn&0&rDXHP&New&HV_AirDist__SupFanMtr/NE-HVAC-FanBelt-VBelt-Std/instance-out.sql,6647562.08,958330.38
CZ16/EUn&0&rDXHP&New&HV_AirDist__SupFanMtr/NE-HVAC-FanBelt-CoggedVBelt-Msr/instance-out.sql,6619409.15,958350.98
CZ16/EUn&0&rDXHP&New&HV_AirDist__SupFanMtr/NE-HVAC-FanBelt-SynchVBelt-Msr/instance-out.sql,6578945.81,958359.44
CZ16/Hsp&0&rDXHP&New&HV_AirDist__SupFanMtr/NE-HVAC-FanBelt-VBelt-Std/instance-out.sql,2921877.38,606640.29
CZ16/Hsp&0&rDXHP&New&HV_AirDist__SupFanMtr/NE-HVAC-FanBelt-CoggedVBelt-Msr/instance-out.sql,2916155.38,606816.27
CZ16/Hsp&0&rDXHP&New&HV_AirDist__SupFanMtr/NE-HVAC-FanBelt-SynchVBelt-Msr/instance-out.sql,2907993.50,607041.17
CZ16/MBT&0&rDXHP&New&HV_AirDist__SupFanMtr/NE-HVAC-FanBelt-VBelt-Std/instance-out.sql,2861218.95,3664238.76
CZ16/MBT&0&rDXHP&New&HV_AirDist__SupFanMtr/NE-HVAC-FanBelt-CoggedVBelt-Msr/instance-out.sql,2855740.84,3664398.55
CZ16/MBT&0&rDXHP&New&HV_AirDist__SupFanMtr/NE-HVAC-FanBelt-SynchVBelt-Msr/instance-out.sql,2847837.10,3664599.31
CZ16/MLI&0&rDXHP&New&HV_AirDist__SupFanMtr/NE-HVAC-FanBelt-VBelt-Std/instance-out.sql,895209.18,51968.18
CZ16/MLI&0&rDXHP&New&HV_AirDist__SupFanMtr/NE-HVAC-FanBelt-CoggedVBelt-Msr/instance-out.sql,888203.22,51968.18
CZ16/MLI&0&rDXHP&New&HV_AirDist__SupFanMtr/NE-HVAC-FanBelt-SynchVBelt-Msr/instance-out.sql,878214.35,51968.18
CZ16/Mtl&0&rDXHP&New&HV_AirDist__SupFanMtr/NE-HVAC-FanBelt-VBelt-Std/instance-out.sql,153183.50,12745.02
CZ16/Mtl&0&rDXHP&New&HV_AirDist__SupFanMtr/NE-HVAC-FanBelt-CoggedVBelt-Msr/instance-out.sql,152033.28,12752.80
CZ16/Mtl&0&rDXHP&New&HV_AirDist__SupFanMtr/NE-HVAC-FanBelt-SynchVBelt-Msr/instance-out.sql,150393.12,12763.19
CZ16/Nrs&0&rDXHP&New&HV_AirDist__SupFanMtr/NE-HVAC-FanBelt-VBelt-Std/instance-out.sql,596012.30,256070.12
CZ16/Nrs&0&rDXHP&New&HV_AirDist__SupFanMtr/NE-HVAC-FanBelt-CoggedVBelt-Msr/instance-out.sql,594220.35,256224.26
CZ16/Nrs&0&rDXHP&New&HV_AirDist__SupFanMtr/NE-HVAC-FanBelt-SynchVBelt-Msr/instance-out.sql,591682.14,256441.66
CZ16/OfL&0&rDXHP&New&HV_AirDist__SupFanMtr/NE-HVAC-FanBelt-VBelt-Std/instance-out.sql,1970430.10,172722.46
CZ16/OfL&0&rDXHP&New&HV_AirDist__SupFanMtr/NE-HVAC-FanBelt-CoggedVBelt-Msr/instance-out.sql,1957224.70,172840.12
CZ16/OfL&0&rDXHP&New&HV_AirDist__SupFanMtr/NE-HVAC-FanBelt-SynchVBelt-Msr/instance-out.sql,1938532.86,172802.17
CZ16/OfS&0&rDXHP&New&HV_AirDist__SupFanMtr/NE-HVAC-FanBelt-VBelt-Std/instance-out.sql,94454.45,23559.77
CZ16/OfS&0&rDXHP&New&HV_AirDist__SupFanMtr/NE-HVAC-FanBelt-CoggedVBelt-Msr/instance-out.sql,93732.95,23559.77
CZ16/OfS&0&rDXHP&New&HV_AirDist__SupFanMtr/NE-HVAC-FanBelt-SynchVBelt-Msr/instance-out.sql,92684.55,23559.77
CZ16/RFF&0&rDXHP&New&HV_AirDist__SupFanMtr/NE-HVAC-FanBelt-VBelt-Std/instance-out.sql,50467.79,46831.18
CZ16/RFF&0&rDXHP&New&HV_AirDist__SupFanMtr/NE-HVAC-FanBelt-CoggedVBelt-Msr/instance-out.sql,50275.10,46831.22
CZ16/RFF&0&rDXHP&New&HV_AirDist__SupFanMtr/NE-HVAC-FanBelt-SynchVBelt-Msr/instance-out.sql,49999.01,46829.41
CZ16/RSD&0&rDXHP&New&HV_AirDist__SupFanMtr/NE-HVAC-FanBelt-VBelt-Std/instance-out.sql,101101.82,147083.15
CZ16/RSD&0&rDXHP&New&HV_AirDist__SupFanMtr/NE-HVAC-FanBelt-CoggedVBelt-Msr/instance-out.sql,100992.58,147086.71
CZ16/RSD&0&rDXHP&New&HV_AirDist__SupFanMtr/NE-HVAC-FanBelt-SynchVBelt-Msr/instance-out.sql,100836.76,147091.80
CZ16/Rt3&0&rDXHP&New&HV_AirDist__SupFanMtr/NE-HVAC-FanBelt-VBelt-Std/instance-out.sql,1476690.29,192848.27
CZ16/Rt3&0&rDXHP&New&HV_AirDist__SupFanMtr/NE-HVAC-FanBelt-CoggedVBelt-Msr/instance-out.sql,1467753.98,192872.87
CZ16/Rt3&0&rDXHP&New&HV_AirDist__SupFanMtr/NE-HVAC-FanBelt-SynchVBelt-Msr/instance-out.sql,1454670.47,192881.23
CZ16/RtL&0&rDXHP&New&HV_AirDist__SupFanMtr/NE-HVAC-FanBelt-VBelt-Std/instance-out.sql,1542164.86,177020.65
CZ16/RtL&0&rDXHP&New&HV_AirDist__SupFanMtr/NE-HVAC-FanBelt-CoggedVBelt-Msr/instance-out.sql,1532629.84,177020.65
CZ16/RtL&0&rDXHP&New&HV_AirDist__SupFanMtr/NE-HVAC-FanBelt-SynchVBelt-Msr/instance-out.sql,1518957.59,177020.59
CZ16/RtS&0&rDXHP&New&HV_AirDist__SupFanMtr/NE-HVAC-FanBelt-VBelt-Std/instance-out.sql,90877.58,16442.67
CZ16/RtS&0&rDXHP&New&HV_AirDist__SupFanMtr/NE-HVAC-FanBelt-CoggedVBelt-Msr/instance-out.sql,90365.83,16442.67
CZ16/RtS&0&rDXHP&New&HV_AirDist__SupFanMtr/NE-HVAC-FanBelt-SynchVBelt-Msr/instance-out.sql,89635.44,16442.67
CZ16/SCn&0&rDXHP&New&HV_AirDist__SupFanMtr/NE-HVAC-FanBelt-VBelt-Std/instance-out.sql,2893770.95,91266.59
CZ16/SCn&0&rDXHP&New&HV_AirDist__SupFanMtr/NE-HVAC-FanBelt-CoggedVBelt-Msr/instance-out.sql,2872111.42,91266.59
CZ16/SCn&0&rDXHP&New&HV_AirDist__SupFanMtr/NE-HVAC-FanBelt-SynchVBelt-Msr/instance-out.sql,2841195.40,91266.59

File Name,Unmet Heating (Hours),Unmet Cooling (Hours)
CZ01/Asm&0&rDXHP&New&HV_AirDist__SupFanMtr/NE-HVAC-FanBelt-VBelt-Std/instance-out.sql,7.33,0.00
CZ01/Asm&0&rDXHP&New&HV_AirDist__SupFanMtr/NE-HVAC-FanBelt-CoggedVBelt-Msr/instance-out.sql,7.33,0.00
CZ01/Asm&0&rDXHP&New&HV_AirDist__SupFanMtr/NE-HVAC-FanBelt-SynchVBelt-Msr/instance-out.sql,7.50,0.00
CZ01/ECC&0&rDXHP&New&HV_AirDist__SupFanMtr/NE-HVAC-FanBelt-VBelt-Std/instance-out.sql,0.00,781.17
CZ01/ECC&0&rDXHP&New&HV_AirDist__SupFanMtr/NE-HVAC-FanBelt-CoggedVBelt-Msr/instance-out.sql,0.00,794.17
CZ01/ECC&0&rDXHP&New&HV_AirDist__SupFanMtr/NE-HVAC-FanBelt-SynchVBelt-Msr/instance-out.sql,0.00,796.33
CZ01/EPr&0&rDXHP&New&HV_AirDist__SupFanMtr/NE-HVAC-FanBelt-VBelt-Std/instance-out.sql,8.17,0.00
CZ01/EPr&0&rDXHP&New&HV_AirDist__SupFanMtr/NE-HVAC-FanBelt-CoggedVBelt-Msr/instance-out.sql,8.17,0.00
CZ01/EPr&0&rDXHP&New&HV_AirDist__SupFanMtr/NE-HVAC-FanBelt-SynchVBelt-Msr/instance-out.sql,8.00,0.00
CZ01/ERC&0&rDXHP&New&HV_AirDist__SupFanMtr/NE-HVAC-FanBelt-VBelt-Std/instance-out.sql,6.17,0.00
CZ01/ERC&0&rDXHP&New&HV_AirDist__SupFanMtr/NE-HVAC-FanBelt-CoggedVBelt-Msr/instance-out.sql,6.17,0.00
CZ01/ERC&0&rDXHP&New&HV_AirDist__SupFanMtr/NE-HVAC-FanBelt-SynchVBelt-Msr/instance-out.sql,6.33,0.00
CZ01/ESe&0&rDXHP&New&HV_AirDist__SupFanMtr/NE-HVAC-FanBelt-VBelt-Std/instance-out.sql,5.33,0.00
CZ01/ESe&0&rDXHP&New&HV_AirDist__SupFanMtr/NE-HVAC-FanBelt-CoggedVBelt-Msr/instance-out.sql,5.33,0.00
CZ01/ESe&0&rDXHP&New&HV_AirDist__SupFanMtr/NE-HVAC-FanBelt-SynchVBelt-Msr/instance-out.sql,5.50,0.00
CZ01/EUn&0&rDXHP&New&HV_AirDist__SupFanMtr/NE-HVAC-FanBelt-VBelt-Std/instance-out.sql,0.00,1.00
CZ01/EUn&0&rDXHP&New&HV_AirDist__SupFanMtr/NE-HVAC-FanBelt-CoggedVBelt-Msr/instance-out.sql,0.00,1.17
CZ01/EUn&0&rDXHP&New&HV_AirDist__SupFanMtr/NE-HVAC-FanBelt-SynchVBelt-Msr/instance-out.sql,0.00,1.17
CZ01/Hsp&0&rDXHP&New&HV_AirDist__SupFanMtr/NE-HVAC-FanBelt-VBelt-Std/instance-out.sql,0.00,95.50
CZ01/Hsp&0&rDXHP&New&HV_AirDist__SupFanMtr/NE-HVAC-FanBelt-CoggedVBelt-Msr/instance-out.sql,0.00,95.17
CZ01/Hsp&0&rDXHP&New&HV_AirDist__SupFanMtr/NE-HVAC-FanBelt-SynchVBelt-Msr/instance-out.sql,0.00,95.00
CZ01/MBT&0&rDXHP&New&HV_AirDist__SupFanMtr/NE-HVAC-FanBelt-VBelt-Std/instance-out.sql,6.33,88.33
CZ01/MBT&0&rDXHP&New&HV_AirDist__SupFanMtr/NE-HVAC-FanBelt-CoggedVBelt-Msr/instance-out.sql,6.33,86.67
CZ01/MBT&0&rDXHP&New&HV_AirDist__SupFanMtr/NE-HVAC-FanBelt-SynchVBelt-Msr/instance-out.sql,6.50,84.17
CZ01/MLI&0&rDXHP&New&HV_AirDist__SupFanMtr/NE-HVAC-FanBelt-VBelt-Std/instance-out.sql,0.00,0.00
CZ01/MLI&0&rDXHP&New&HV_AirDist__SupFanMtr/NE-HVAC-FanBelt-CoggedVBelt-Msr/instance-out.sql,0.00,0.00
CZ01/MLI&0&rDXHP&New&HV_AirDist__SupFanMtr/NE-HVAC-FanBelt-SynchVBelt-Msr/instance-out.sql,0.00,0.00
CZ01/Mtl&0&rDXHP&New&HV_AirDist__SupFanMtr/NE-HVAC-FanBelt-VBelt-Std/instance-out.sql,0.33,5.67
CZ01/Mtl&0&rDXHP&New&HV_AirDist__SupFanMtr/NE-HVAC-FanBelt-CoggedVBelt-Msr/instance-out.sql,0.33,5.67
CZ01/Mtl&0&rDXHP&New&HV_AirDist__SupFanMtr/NE-HVAC-FanBelt-SynchVBelt-Msr/instance-out.sql,0.33,5.67
CZ01/Nrs&0&rDXHP&New&HV_AirDist__SupFanMtr/NE-HVAC-FanBelt-VBelt-Std/instance-out.sql,8.33,0.00
CZ01/Nrs&0&rDXHP&New&HV_AirDist__SupFanMtr/NE-HVAC-FanBelt-CoggedVBelt-Msr/instance-out.sql,8.50,0.00
CZ01/Nrs&0&rDXHP&New&HV_AirDist__SupFanMtr/NE-HVAC-FanBelt-SynchVBelt-Msr/instance-out.sql,8.67,0.00
CZ01/OfL&0&rDXHP&New&HV_AirDist__SupFanMtr/NE-HVAC-FanBelt-VBelt-Std/instance-out.sql,1.83,2.00
CZ01/OfL&0&rDXHP&New&HV_AirDist__SupFanMtr/NE-HVAC-FanBelt-CoggedVBelt-Msr/instance-out.sql,2.17,2.00
CZ01/OfL&0&rDXHP&New&HV_AirDist__SupFanMtr/NE-HVAC-FanBelt-SynchVBelt-Msr/instance-out.sql,2.17,2.00
CZ01/OfS&0&rDXHP&New&HV_AirDist__SupFanMtr/NE-HVAC-FanBelt-VBelt-Std/instance-out.sql,2.00,0.00
CZ01/OfS&0&rDXHP&New&HV_AirDist__SupFanMtr/NE-HVAC-FanBelt-CoggedVBelt-Msr/instance-out.sql,2.00,0.00
CZ01/OfS&0&rDXHP&New&HV_AirDist__SupFanMtr/NE-HVAC-FanBelt-SynchVBelt-Msr/instance-out.sql,2.00,0.00
CZ01/RFF&0&rDXHP&New&HV_AirDist__SupFanMtr/NE-HVAC-FanBelt-VBelt-Std/instance-out.sql,3.50,0.00
CZ01/RFF&0&rDXHP&New&HV_AirDist__SupFanMtr/NE-HVAC-FanBelt-CoggedVBelt-Msr/instance-out.sql,3.50,0.00
CZ01/RFF&0&rDXHP&New&HV_AirDist__SupFanMtr/NE-HVAC-FanBelt-SynchVBelt-Msr/instance-out.sql,3.83,0.00
CZ01/RSD&0&rDXHP&New&HV_AirDist__SupFanMtr/NE-HVAC-FanBelt-VBelt-Std/instance-out.sql,1.17,0.00
CZ01/RSD&0&rDXHP&New&HV_AirDist__SupFanMtr/NE-HVAC-FanBelt-CoggedVBelt-Msr/instance-out.sql,1.17,0.00
CZ01/RSD&0&rDXHP&New&HV_AirDist__SupFanMtr/NE-HVAC-FanBelt-SynchVBelt-Msr/instance-out.sql,1.17,0.00
CZ01/Rt3&0&rDXHP&New&HV_AirDist__SupFanMtr/NE-HVAC-FanBelt-VBelt-Std/instance-out.sql,0.00,0.00
CZ01/Rt3&0&rDXHP&New&HV_AirDist__SupFanMtr/NE-HVAC-FanBelt-CoggedVBelt-Msr/instance-out.sql,0.00,0.00
CZ01/Rt3&0&rDXHP&New&HV_AirDist__SupFanMtr/NE-HVAC-FanBelt-SynchVBelt-Msr/instance-out.sql,0.00,0.00
CZ01/RtL&0&rDXHP&New&HV_AirDist__SupFanMtr/NE-HVAC-FanBelt-VBelt-Std/instance-out.sql,0.00,0.00
CZ01/RtL&0&rDXHP&New&HV_AirDist__SupFanMtr/NE-HVAC-FanBelt-CoggedVBelt-Msr/instance-out.sql,0.00,0.00
CZ01/RtL&0&rDXHP&New&HV_AirDist__SupFanMtr/NE-HVAC-FanBelt-SynchVBelt-Msr/instance-out.sql,0.00,0.00
CZ01/RtS&0&rDXHP&New&HV_AirDist__SupFanMtr/NE-HVAC-FanBelt-VBelt-Std/instance-out.sql,0.00,0.00
CZ01/RtS&0&rDXHP&New&HV_AirDist__SupFanMtr/NE-HVAC-FanBelt-CoggedVBelt-Msr/instance-out.sql,0.00,0.00
CZ01/RtS&0&rDXHP&New&HV_AirDist__SupFanMtr/NE-HVAC-FanBelt-SynchVBelt-Msr/instance-out.sql,0.00,0.00
CZ01/SCn&0&rDXHP&New&HV_AirDist__SupFanMtr/NE-HVAC-FanBelt-VBelt-Std/instance-out.sql,0.33,0.00
CZ01/SCn&0&rDXHP&New&HV_AirDist__SupFanMtr/NE-HVAC-FanBelt-CoggedVBelt-Msr/instance-out.sql,0.33,0.00
CZ01/SCn&0&rDXHP&New&HV_AirDist__SupFanMtr/NE-HVAC-FanBelt-SynchVBelt-Msr/instance-out.sql,0.33,0.00
CZ02/Asm&0&rDXHP&New&HV_AirDist__SupFanMtr/NE-HVAC-FanBelt-VBelt-Std/instance-out.sql,8.67,0.00
CZ02/Asm&0&rDXHP&New&HV_AirDist__SupFanMtr/NE-HVAC-FanBelt-CoggedVBelt-Msr/instance-out.sql,9.00,0.00
CZ02/Asm&0&rDXHP&New&HV_AirDist__SupFanMtr/NE-HVAC-FanBelt-SynchVBelt-Msr/instance-out.sql,9.17,0.00
CZ02/ECC&0&rDXHP&New&HV_AirDist__SupFanMtr/NE-HVAC-FanBelt-VBelt-Std/instance-out.sql,4.17,419.33
CZ02/ECC&0&rDXHP&New&HV_AirDist__SupFanMtr/NE-HVAC-FanBelt-CoggedVBelt-Msr/instance-out.sql,4.33,423.17
CZ02/ECC&0&rDXHP&New&HV_AirDist__SupFanMtr/NE-HVAC-FanBelt-SynchVBelt-Msr/instance-out.sql,4.17,421.17
CZ02/EPr&0&rDXHP&New&HV_AirDist__SupFanMtr/NE-HVAC-FanBelt-VBelt-Std/instance-out.sql,7.83,0.00
CZ02/EPr&0&rDXHP&New&HV_AirDist__SupFanMtr/NE-HVAC-FanBelt-CoggedVBelt-Msr/instance-out.sql,7.83,0.00
CZ02/EPr&0&rDXHP&New&HV_AirDist__SupFanMtr/NE-HVAC-FanBelt-SynchVBelt-Msr/instance-out.sql,8.00,0.00
CZ02/ERC&0&rDXHP&New&HV_AirDist__SupFanMtr/NE-HVAC-FanBelt-VBelt-Std/instance-out.sql,1.83,0.00
CZ02/ERC&0&rDXHP&New&HV_AirDist__SupFanMtr/NE-HVAC-FanBelt-CoggedVBelt-Msr/instance-out.sql,1.83,0.00
CZ02/ERC&0&rDXHP&New&HV_AirDist__SupFanMtr/NE-HVAC-FanBelt-SynchVBelt-Msr/instance-out.sql,1.83,0.00
CZ02/ESe&0&rDXHP&New&HV_AirDist__SupFanMtr/NE-HVAC-FanBelt-VBelt-Std/instance-out.sql,9.50,0.00
CZ02/ESe&0&rDXHP&New&HV_AirDist__SupFanMtr/NE-HVAC-FanBelt-CoggedVBelt-Msr/instance-out.sql,9.67,0.00
CZ02/ESe&0&rDXHP&New&HV_AirDist__SupFanMtr/NE-HVAC-FanBelt-SynchVBelt-Msr/instance-out.sql,10.00,0.00
CZ02/EUn&0&rDXHP&New&HV_AirDist__SupFanMtr/NE-HVAC-FanBelt-VBelt-Std/instance-out.sql,0.00,18.17
CZ02/EUn&0&rDXHP&New&HV_AirDist__SupFanMtr/NE-HVAC-FanBelt-CoggedVBelt-Msr/instance-out.sql,0.00,18.17
CZ02/EUn&0&rDXHP&New&HV_AirDist__SupFanMtr/NE-HVAC-FanBelt-SynchVBelt-Msr/instance-out.sql,0.17,19.00
CZ02/Hsp&0&rDXHP&New&HV_AirDist__SupFanMtr/NE-HVAC-FanBelt-VBelt-Std/instance-out.sql,0.50,28.00
CZ02/Hsp&0&rDXHP&New&HV_AirDist__SupFanMtr/NE-HVAC-FanBelt-CoggedVBelt-Msr/instance-out.sql,0.50,28.00
CZ02/Hsp&0&rDXHP&New&HV_AirDist__SupFanMtr/NE-HVAC-FanBelt-SynchVBelt-Msr/instance-out.sql,0.50,28.00
CZ02/MBT&0&rDXHP&New&HV_AirDist__SupFanMtr/NE-HVAC-FanBelt-VBelt-Std/instance-out.sql,4.00,1.17
CZ02/MBT&0&rDXHP&New&HV_AirDist__SupFanMtr/NE-HVAC-FanBelt-CoggedVBelt-Msr/instance-out.sql,4.17,1.17
CZ02/MBT&0&rDXHP&New&HV_AirDist__SupFanMtr/NE-HVAC-FanBelt-SynchVBelt-Msr/instance-out.sql,4.33,1.17
CZ02/MLI&0&rDXHP&New&HV_AirDist__SupFanMtr/NE-HVAC-FanBelt-VBelt-Std/instance-out.sql,0.00,0.00
CZ02/MLI&0&rDXHP&New&HV_AirDist__SupFanMtr/NE-HVAC-FanBelt-CoggedVBelt-Msr/instance-out.sql,0.00,0.00
CZ02/MLI&0&rDXHP&New&HV_AirDist__SupFanMtr/NE-HVAC-FanBelt-SynchVBelt-Msr/instance-out.sql,0.00,0.00
CZ02/Mtl&0&rDXHP&New&HV_AirDist__SupFanMtr/NE-HVAC-FanBelt-VBelt-Std/instance-out.sql,1.50,52.00
CZ02/Mtl&0&rDXHP&New&HV_AirDist__SupFanMtr/NE-HVAC-FanBelt-CoggedVBelt-Msr/instance-out.sql,1.50,52.00
CZ02/Mtl&0&rDXHP&New&HV_AirDist__SupFanMtr/NE-HVAC-FanBelt-SynchVBelt-Msr/instance-out.sql,1.67,51.83
CZ02/Nrs&0&rDXHP&New&HV_AirDist__SupFanMtr/NE-HVAC-FanBelt-VBelt-Std/instance-out.sql,7.83,0.00
CZ02/Nrs&0&rDXHP&New&HV_AirDist__SupFanMtr/NE-HVAC-FanBelt-CoggedVBelt-Msr/instance-out.sql,7.83,0.00
CZ02/Nrs&0&rDXHP&New&HV_AirDist__SupFanMtr/NE-HVAC-FanBelt-SynchVBelt-Msr/instance-out.sql,8.00,0.00
CZ02/OfL&0&rDXHP&New&HV_AirDist__SupFanMtr/NE-HVAC-FanBelt-VBelt-Std/instance-out.sql,2.17,122.83
CZ02/OfL&0&rDXHP&New&HV_AirDist__SupFanMtr/NE-HVAC-FanBelt-CoggedVBelt-Msr/instance-out.sql,2.17,122.83
CZ02/OfL&0&rDXHP&New&HV_AirDist__SupFanMtr/NE-HVAC-FanBelt-SynchVBelt-Msr/instance-out.sql,1.83,122.83
CZ02/OfS&0&rDXHP&New&HV_AirDist__SupFanMtr/NE-HVAC-FanBelt-VBelt-Std/instance-out.sql,0.00,6.17
CZ02/OfS&0&rDXHP&New&HV_AirDist__SupFanMtr/NE-HVAC-FanBelt-CoggedVBelt-Msr/instance-out.sql,0.00,6.17
CZ02/OfS&0&rDXHP&New&HV_AirDist__SupFanMtr/NE-HVAC-FanBelt-SynchVBelt-Msr/instance-out.sql,0.00,6.17
CZ02/RFF&0&rDXHP&New&HV_AirDist__SupFanMtr/NE-HVAC-FanBelt-VBelt-Std/instance-out.sql,0.00,0.00
CZ02/RFF&0&rDXHP&New&HV_AirDist__SupFanMtr/NE-HVAC-FanBelt-CoggedVBelt-Msr/instance-out.sql,0.00,0.00
CZ02/RFF&0&rDXHP&New&HV_AirDist__SupFanMtr/NE-HVAC-FanBelt-SynchVBelt-Msr/instance-out.sql,0.00,0.00
CZ02/RSD&0&rDXHP&New&HV_AirDist__SupFanMtr/NE-HVAC-FanBelt-VBelt-Std/instance-out.sql,0.00,16.83
CZ02/RSD&0&rDXHP&New&HV_AirDist__SupFanMtr/NE-HVAC-FanBelt-CoggedVBelt-Msr/instance-out.sql,0.00,16.83
CZ02/RSD&0&rDXHP&New&HV_AirDist__SupFanMtr/NE-HVAC-FanBelt-SynchVBelt-Msr/instance-out.sql,0.00,16.83
CZ02/Rt3&0&rDXHP&New&HV_AirDist__SupFanMtr/NE-HVAC-FanBelt-VBelt-Std/instance-out.sql,1.50,0.00
CZ02/Rt3&0&rDXHP&New&HV_AirDist__SupFanMtr/NE-HVAC-FanBelt-CoggedVBelt-Msr/instance-out.sql,1.67,0.00
CZ02/Rt3&0&rDXHP&New&HV_AirDist__SupFanMtr/NE-HVAC-FanBelt-SynchVBelt-Msr/instance-out.sql,1.83,0.00
CZ02/RtL&0&rDXHP&New&HV_AirDist__SupFanMtr/NE-HVAC-FanBelt-VBelt-Std/instance-out.sql,0.00,0.00
CZ02/RtL&0&rDXHP&New&HV_AirDist__SupFanMtr/NE-HVAC-FanBelt-CoggedVBelt-Msr/instance-out.sql,0.00,0.00
CZ02/RtL&0&rDXHP&New&HV_AirDist__SupFanMtr/NE-HVAC-FanBelt-SynchVBelt-Msr/instance-out.sql,0.00,0.00
CZ02/RtS&0&rDXHP&New&HV_AirDist__SupFanMtr/NE-HVAC-FanBelt-VBelt-Std/instance-out.sql,1.17,0.00
CZ02/RtS&0&rDXHP&New&HV_AirDist__SupFanMtr/NE-HVAC-FanBelt-CoggedVBelt-Msr/instance-out.sql,1.17,0.00
CZ02/RtS&0&rDXHP&New&HV_AirDist__SupFanMtr/NE-HVAC-FanBelt-SynchVBelt-Msr/instance-out.sql,1.17,0.00
CZ02/SCn&0&rDXHP&New&HV_AirDist__SupFanMtr/NE-HVAC-FanBelt-VBelt-Std/instance-out.sql,0.00,0.00
CZ02/SCn&0&rDXHP&New&HV_AirDist__SupFanMtr/NE-HVAC-FanBelt-CoggedVBelt-Msr/instance-out.sql,0.00,0.00
CZ02/SCn&0&rDXHP&New&HV_AirDist__SupFanMtr/NE-HVAC-FanBelt-SynchVBelt-Msr/instance-out.sql,0.00,0.00
CZ03/Asm&0&rDXHP&New&HV_AirDist__SupFanMtr/NE-HVAC-FanBelt-VBelt-Std/instance-out.sql,0.17,0.00
CZ03/Asm&0&rDXHP&New&HV_AirDist__SupFanMtr/NE-HVAC-FanBelt-CoggedVBelt-Msr/instance-out.sql,0.17,0.00
CZ03/Asm&0&rDXHP&New&HV_AirDist__SupFanMtr/NE-HVAC-FanBelt-SynchVBelt-Msr/instance-out.sql,0.17,0.00
CZ03/ECC&0&rDXHP&New&HV_AirDist__SupFanMtr/NE-HVAC-FanBelt-VBelt-Std/instance-out.sql,0.00,387.67
CZ03/ECC&0&rDXHP&New&HV_AirDist__SupFanMtr/NE-HVAC-FanBelt-CoggedVBelt-Msr/instance-out.sql,0.00,387.83
CZ03/ECC&0&rDXHP&New&HV_AirDist__SupFanMtr/NE-HVAC-FanBelt-SynchVBelt-Msr/instance-out.sql,0.00,389.17
CZ03/EPr&0&rDXHP&New&HV_AirDist__SupFanMtr/NE-HVAC-FanBelt-VBelt-Std/instance-out.sql,0.83,0.00
CZ03/EPr&0&rDXHP&New&HV_AirDist__SupFanMtr/NE-HVAC-FanBelt-CoggedVBelt-Msr/instance-out.sql,0.83,0.00
CZ03/EPr&0&rDXHP&New&HV_AirDist__SupFanMtr/NE-HVAC-FanBelt-SynchVBelt-Msr/instance-out.sql,0.83,0.00
CZ03/ERC&0&rDXHP&New&HV_AirDist__SupFanMtr/NE-HVAC-FanBelt-VBelt-Std/instance-out.sql,0.00,0.00
CZ03/ERC&0&rDXHP&New&HV_AirDist__SupFanMtr/NE-HVAC-FanBelt-CoggedVBelt-Msr/instance-out.sql,0.00,0.00
CZ03/ERC&0&rDXHP&New&HV_AirDist__SupFanMtr/NE-HVAC-FanBelt-SynchVBelt-Msr/instance-out.sql,0.00,0.00
CZ03/ESe&0&rDXHP&New&HV_AirDist__SupFanMtr/NE-HVAC-FanBelt-VBelt-Std/instance-out.sql,0.00,0.00
CZ03/ESe&0&rDXHP&New&HV_AirDist__SupFanMtr/NE-HVAC-FanBelt-CoggedVBelt-Msr/instance-out.sql,0.00,0.00
CZ03/ESe&0&rDXHP&New&HV_AirDist__SupFanMtr/NE-HVAC-FanBelt-SynchVBelt-Msr/instance-out.sql,0.00,0.00
CZ03/EUn&0&rDXHP&New&HV_AirDist__SupFanMtr/NE-HVAC-FanBelt-VBelt-Std/instance-out.sql,0.00,7.33
CZ03/EUn&0&rDXHP&New&HV_AirDist__SupFanMtr/NE-HVAC-FanBelt-CoggedVBelt-Msr/instance-out.sql,0.00,7.33
CZ03/EUn&0&rDXHP&New&HV_AirDist__SupFanMtr/NE-HVAC-FanBelt-SynchVBelt-Msr/instance-out.sql,0.00,7.33
CZ03/Hsp&0&rDXHP&New&HV_AirDist__SupFanMtr/NE-HVAC-FanBelt-VBelt-Std/instance-out.sql,0.00,65.67
CZ03/Hsp&0&rDXHP&New&HV_AirDist__SupFanMtr/NE-HVAC-FanBelt-CoggedVBelt-Msr/instance-out.sql,0.00,65.67
CZ03/Hsp&0&rDXHP&New&HV_AirDist__SupFanMtr/NE-HVAC-FanBelt-SynchVBelt-Msr/instance-out.sql,0.00,65.67
CZ03/MBT&0&rDXHP&New&HV_AirDist__SupFanMtr/NE-HVAC-FanBelt-VBelt-Std/instance-out.sql,0.00,11.67
CZ03/MBT&0&rDXHP&New&HV_AirDist__SupFanMtr/NE-HVAC-FanBelt-CoggedVBelt-Msr/instance-out.sql,0.00,11.50
CZ03/MBT&0&rDXHP&New&HV_AirDist__SupFanMtr/NE-HVAC-FanBelt-SynchVBelt-Msr/instance-out.sql,0.00,11.33
CZ03/MLI&0&rDXHP&New&HV_AirDist__SupFanMtr/NE-HVAC-FanBelt-VBelt-Std/instance-out.sql,0.00,0.00
CZ03/MLI&0&rDXHP&New&HV_AirDist__SupFanMtr/NE-HVAC-FanBelt-CoggedVBelt-Msr/instance-out.sql,0.00,0.00
CZ03/MLI&0&rDXHP&New&HV_AirDist__SupFanMtr/NE-HVAC-FanBelt-SynchVBelt-Msr/instance-out.sql,0.00,0.00
CZ03/Mtl&0&rDXHP&New&HV_AirDist__SupFanMtr/NE-HVAC-FanBelt-VBelt-Std/instance-out.sql,0.00,44.33
CZ03/Mtl&0&rDXHP&New&HV_AirDist__SupFanMtr/NE-HVAC-FanBelt-CoggedVBelt-Msr/instance-out.sql,0.00,44.33
CZ03/Mtl&0&rDXHP&New&HV_AirDist__SupFanMtr/NE-HVAC-FanBelt-SynchVBelt-Msr/instance-out.sql,0.00,44.33
CZ03/Nrs&0&rDXHP&New&HV_AirDist__SupFanMtr/NE-HVAC-FanBelt-VBelt-Std/instance-out.sql,0.00,0.00
CZ03/Nrs&0&rDXHP&New&HV_AirDist__SupFanMtr/NE-HVAC-FanBelt-CoggedVBelt-Msr/instance-out.sql,0.00,0.00
CZ03/Nrs&0&rDXHP&New&HV_AirDist__SupFanMtr/NE-HVAC-FanBelt-SynchVBelt-Msr/instance-out.sql,0.00,0.00
CZ03/OfL&0&rDXHP&New&HV_AirDist__SupFanMtr/NE-HVAC-FanBelt-VBelt-Std/instance-out.sql,1.50,31.67
CZ03/OfL&0&rDXHP&New&HV_AirDist__SupFanMtr/NE-HVAC-FanBelt-CoggedVBelt-Msr/instance-out.sql,1.50,31.67
CZ03/OfL&0&rDXHP&New&HV_AirDist__SupFanMtr/NE-HVAC-FanBelt-SynchVBelt-Msr/instance-out.sql,1.50,31.67
CZ03/OfS&0&rDXHP&New&HV_AirDist__SupFanMtr/NE-HVAC-FanBelt-VBelt-Std/instance-out.sql,0.00,2.00
CZ03/OfS&0&rDXHP&New&HV_AirDist__SupFanMtr/NE-HVAC-FanBelt-CoggedVBelt-Msr/instance-out.sql,0.00,2.00
CZ03/OfS&0&rDXHP&New&HV_AirDist__SupFanMtr/NE-HVAC-FanBelt-SynchVBelt-Msr/instance-out.sql,0.00,2.00
CZ03/RFF&0&rDXHP&New&HV_AirDist__SupFanMtr/NE-HVAC-FanBelt-VBelt-Std/instance-out.sql,0.00,0.00
CZ03/RFF&0&rDXHP&New&HV_AirDist__SupFanMtr/NE-HVAC-FanBelt-CoggedVBelt-Msr/instance-out.sql,0.00,0.00
CZ03/RFF&0&rDXHP&New&HV_AirDist__SupFanMtr/NE-HVAC-FanBelt-SynchVBelt-Msr/instance-out.sql,0.00,0.00
CZ03/RSD&0&rDXHP&New&HV_AirDist__SupFanMtr/NE-HVAC-FanBelt-VBelt-Std/instance-out.sql,0.00,0.00
CZ03/RSD&0&rDXHP&New&HV_AirDist__SupFanMtr/NE-HVAC-FanBelt-CoggedVBelt-Msr/instance-out.sql,0.00,0.00
CZ03/RSD&0&rDXHP&New&HV_AirDist__SupFanMtr/NE-HVAC-FanBelt-SynchVBelt-Msr/instance-out.sql,0.00,0.00
CZ03/Rt3&0&rDXHP&New&HV_AirDist__SupFanMtr/NE-HVAC-FanBelt-VBelt-Std/instance-out.sql,0.00,0.00
CZ03/Rt3&0&rDXHP&New&HV_AirDist__SupFanMtr/NE-HVAC-FanBelt-CoggedVBelt-Msr/instance-out.sql,0.00,0.00
CZ03/Rt3&0&rDXHP&New&HV_AirDist__SupFanMtr/NE-HVAC-FanBelt-SynchVBelt-Msr/instance-out.sql,0.00,0.00
CZ03/RtL&0&rDXHP&New&HV_AirDist__SupFanMtr/NE-HVAC-FanBelt-VBelt-Std/instance-out.sql,0.00,0.00
CZ03/RtL&0&rDXHP&New&HV_AirDist__SupFanMtr/NE-HVAC-FanBelt-CoggedVBelt-Msr/instance-out.sql,0.00,0.00
CZ03/RtL&0&rDXHP&New&HV_AirDist__SupFanMtr/NE-HVAC-FanBelt-SynchVBelt-Msr/instance-out.sql,0.00,0.00
CZ03/RtS&0&rDXHP&New&HV_AirDist__SupFanMtr/NE-HVAC-FanBelt-VBelt-Std/instance-out.sql,0.00,0.00
CZ03/RtS&0&rDXHP&New&HV_AirDist__SupFanMtr/NE-HVAC-FanBelt-CoggedVBelt-Msr/instance-out.sql,0.00,0.00
CZ03/RtS&0&rDXHP&New&HV_AirDist__SupFanMtr/NE-HVAC-FanBelt-SynchVBelt-Msr/instance-out.sql,0.00,0.00
CZ03/SCn&0&rDXHP&New&HV_AirDist__SupFanMtr/NE-HVAC-FanBelt-VBelt-Std/instance-out.sql,0.00,0.00
CZ03/SCn&0&rDXHP&New&HV_AirDist__SupFanMtr/NE-HVAC-FanBelt-CoggedVBelt-Msr/instance-out.sql,0.00,0.00
CZ03/SCn&0&rDXHP&New&HV_AirDist__SupFanMtr/NE-HVAC-FanBelt-SynchVBelt-Msr/instance-out.sql,0.00,0.00
CZ04/Asm&0&rDXHP&New&HV_AirDist__SupFanMtr/NE-HVAC-FanBelt-VBelt-Std/instance-out.sql,8.00,6.67
CZ04/Asm&0&rDXHP&New&HV_AirDist__SupFanMtr/NE-HVAC-FanBelt-CoggedVBelt-Msr/instance-out.sql,8.17,6.00
CZ04/Asm&0&rDXHP&New&HV_AirDist__SupFanMtr/NE-HVAC-FanBelt-SynchVBelt-Msr/instance-out.sql,8.50,5.67
CZ04/ECC&0&rDXHP&New&HV_AirDist__SupFanMtr/NE-HVAC-FanBelt-VBelt-Std/instance-out.sql,0.50,520.17
CZ04/ECC&0&rDXHP&New&HV_AirDist__SupFanMtr/NE-HVAC-FanBelt-CoggedVBelt-Msr/instance-out.sql,0.50,523.67
CZ04/ECC&0&rDXHP&New&HV_AirDist__SupFanMtr/NE-HVAC-FanBelt-SynchVBelt-Msr/instance-out.sql,0.50,525.50
CZ04/EPr&0&rDXHP&New&HV_AirDist__SupFanMtr/NE-HVAC-FanBelt-VBelt-Std/instance-out.sql,5.67,0.00
CZ04/EPr&0&rDXHP&New&HV_AirDist__SupFanMtr/NE-HVAC-FanBelt-CoggedVBelt-Msr/instance-out.sql,5.67,0.00
CZ04/EPr&0&rDXHP&New&HV_AirDist__SupFanMtr/NE-HVAC-FanBelt-SynchVBelt-Msr/instance-out.sql,6.00,0.00
CZ04/ERC&0&rDXHP&New&HV_AirDist__SupFanMtr/NE-HVAC-FanBelt-VBelt-Std/instance-out.sql,0.00,0.00
CZ04/ERC&0&rDXHP&New&HV_AirDist__SupFanMtr/NE-HVAC-FanBelt-CoggedVBelt-Msr/instance-out.sql,0.00,0.00
CZ04/ERC&0&rDXHP&New&HV_AirDist__SupFanMtr/NE-HVAC-FanBelt-SynchVBelt-Msr/instance-out.sql,0.00,0.00
CZ04/ESe&0&rDXHP&New&HV_AirDist__SupFanMtr/NE-HVAC-FanBelt-VBelt-Std/instance-out.sql,2.00,0.00
CZ04/ESe&0&rDXHP&New&HV_AirDist__SupFanMtr/NE-HVAC-FanBelt-CoggedVBelt-Msr/instance-out.sql,2.00,0.00
CZ04/ESe&0&rDXHP&New&HV_AirDist__SupFanMtr/NE-HVAC-FanBelt-SynchVBelt-Msr/instance-out.sql,2.17,0.00
CZ04/EUn&0&rDXHP&New&HV_AirDist__SupFanMtr/NE-HVAC-FanBelt-VBelt-Std/instance-out.sql,0.00,28.33
CZ04/EUn&0&rDXHP&New&HV_AirDist__SupFanMtr/NE-HVAC-FanBelt-CoggedVBelt-Msr/instance-out.sql,0.00,28.17
CZ04/EUn&0&rDXHP&New&HV_AirDist__SupFanMtr/NE-HVAC-FanBelt-SynchVBelt-Msr/instance-out.sql,0.00,28.00
CZ04/Hsp&0&rDXHP&New&HV_AirDist__SupFanMtr/NE-HVAC-FanBelt-VBelt-Std/instance-out.sql,0.67,166.83
CZ04/Hsp&0&rDXHP&New&HV_AirDist__SupFanMtr/NE-HVAC-FanBelt-CoggedVBelt-Msr/instance-out.sql,0.67,166.83
CZ04/Hsp&0&rDXHP&New&HV_AirDist__SupFanMtr/NE-HVAC-FanBelt-SynchVBelt-Msr/instance-out.sql,0.67,166.67
CZ04/MBT&0&rDXHP&New&HV_AirDist__SupFanMtr/NE-HVAC-FanBelt-VBelt-Std/instance-out.sql,0.00,336.50
CZ04/MBT&0&rDXHP&New&HV_AirDist__SupFanMtr/NE-HVAC-FanBelt-CoggedVBelt-Msr/instance-out.sql,0.00,335.17
CZ04/MBT&0&rDXHP&New&HV_AirDist__SupFanMtr/NE-HVAC-FanBelt-SynchVBelt-Msr/instance-out.sql,2.00,334.17
CZ04/MLI&0&rDXHP&New&HV_AirDist__SupFanMtr/NE-HVAC-FanBelt-VBelt-Std/instance-out.sql,0.00,0.00
CZ04/MLI&0&rDXHP&New&HV_AirDist__SupFanMtr/NE-HVAC-FanBelt-CoggedVBelt-Msr/instance-out.sql,0.00,0.00
CZ04/MLI&0&rDXHP&New&HV_AirDist__SupFanMtr/NE-HVAC-FanBelt-SynchVBelt-Msr/instance-out.sql,0.00,0.00
CZ04/Mtl&0&rDXHP&New&HV_AirDist__SupFanMtr/NE-HVAC-FanBelt-VBelt-Std/instance-out.sql,0.17,77.17
CZ04/Mtl&0&rDXHP&New&HV_AirDist__SupFanMtr/NE-HVAC-FanBelt-CoggedVBelt-Msr/instance-out.sql,0.17,77.17
CZ04/Mtl&0&rDXHP&New&HV_AirDist__SupFanMtr/NE-HVAC-FanBelt-SynchVBelt-Msr/instance-out.sql,0.17,76.83
CZ04/Nrs&0&rDXHP&New&HV_AirDist__SupFanMtr/NE-HVAC-FanBelt-VBelt-Std/instance-out.sql,3.67,0.00
CZ04/Nrs&0&rDXHP&New&HV_AirDist__SupFanMtr/NE-HVAC-FanBelt-CoggedVBelt-Msr/instance-out.sql,3.67,0.00
CZ04/Nrs&0&rDXHP&New&HV_AirDist__SupFanMtr/NE-HVAC-FanBelt-SynchVBelt-Msr/instance-out.sql,4.00,0.00
CZ04/OfL&0&rDXHP&New&HV_AirDist__SupFanMtr/NE-HVAC-FanBelt-VBelt-Std/instance-out.sql,2.00,157.00
CZ04/OfL&0&rDXHP&New&HV_AirDist__SupFanMtr/NE-HVAC-FanBelt-CoggedVBelt-Msr/instance-out.sql,2.17,157.00
CZ04/OfL&0&rDXHP&New&HV_AirDist__SupFanMtr/NE-HVAC-FanBelt-SynchVBelt-Msr/instance-out.sql,2.17,157.00
CZ04/OfS&0&rDXHP&New&HV_AirDist__SupFanMtr/NE-HVAC-FanBelt-VBelt-Std/instance-out.sql,0.00,16.33
CZ04/OfS&0&rDXHP&New&HV_AirDist__SupFanMtr/NE-HVAC-FanBelt-CoggedVBelt-Msr/instance-out.sql,0.00,16.33
CZ04/OfS&0&rDXHP&New&HV_AirDist__SupFanMtr/NE-HVAC-FanBelt-SynchVBelt-Msr/instance-out.sql,0.00,16.33
CZ04/RFF&0&rDXHP&New&HV_AirDist__SupFanMtr/NE-HVAC-FanBelt-VBelt-Std/instance-out.sql,0.00,0.00
CZ04/RFF&0&rDXHP&New&HV_AirDist__SupFanMtr/NE-HVAC-FanBelt-CoggedVBelt-Msr/instance-out.sql,0.00,0.00
CZ04/RFF&0&rDXHP&New&HV_AirDist__SupFanMtr/NE-HVAC-FanBelt-SynchVBelt-Msr/instance-out.sql,0.00,0.00
CZ04/RSD&0&rDXHP&New&HV_AirDist__SupFanMtr/NE-HVAC-FanBelt-VBelt-Std/instance-out.sql,0.00,200.50
CZ04/RSD&0&rDXHP&New&HV_AirDist__SupFanMtr/NE-HVAC-FanBelt-CoggedVBelt-Msr/instance-out.sql,0.00,200.50
CZ04/RSD&0&rDXHP&New&HV_AirDist__SupFanMtr/NE-HVAC-FanBelt-SynchVBelt-Msr/instance-out.sql,0.00,200.50
CZ04/Rt3&0&rDXHP&New&HV_AirDist__SupFanMtr/NE-HVAC-FanBelt-VBelt-Std/instance-out.sql,1.00,9.83
CZ04/Rt3&0&rDXHP&New&HV_AirDist__SupFanMtr/NE-HVAC-FanBelt-CoggedVBelt-Msr/instance-out.sql,1.17,8.83
CZ04/Rt3&0&rDXHP&New&HV_AirDist__SupFanMtr/NE-HVAC-FanBelt-SynchVBelt-Msr/instance-out.sql,1.17,8.33
CZ04/RtL&0&rDXHP&New&HV_AirDist__SupFanMtr/NE-HVAC-FanBelt-VBelt-Std/instance-out.sql,0.00,0.00
CZ04/RtL&0&rDXHP&New&HV_AirDist__SupFanMtr/NE-HVAC-FanBelt-CoggedVBelt-Msr/instance-out.sql,0.00,0.00
CZ04/RtL&0&rDXHP&New&HV_AirDist__SupFanMtr/NE-HVAC-FanBelt-SynchVBelt-Msr/instance-out.sql,0.00,0.00
CZ04/RtS&0&rDXHP&New&HV_AirDist__SupFanMtr/NE-HVAC-FanBelt-VBelt-Std/instance-out.sql,0.17,0.00
CZ04/RtS&0&rDXHP&New&HV_AirDist__SupFanMtr/NE-HVAC-FanBelt-CoggedVBelt-Msr/instance-out.sql,0.17,0.00
CZ04/RtS&0&rDXHP&New&HV_AirDist__SupFanMtr/NE-HVAC-FanBelt-SynchVBelt-Msr/instance-out.sql,0.33,0.00
CZ04/SCn&0&rDXHP&New&HV_AirDist__SupFanMtr/NE-HVAC-FanBelt-VBelt-Std/instance-out.sql,0.00,0.00
CZ04/SCn&0&rDXHP&New&HV_AirDist__SupFanMtr/NE-HVAC-FanBelt-CoggedVBelt-Msr/instance-out.sql,0.00,0.00
CZ04/SCn&0&rDXHP&New&HV_AirDist__SupFanMtr/NE-HVAC-FanBelt-SynchVBelt-Msr/instance-out.sql,0.00,0.00
CZ05/Asm&0&rDXHP&New&HV_AirDist__SupFanMtr/NE-HVAC-FanBelt-VBelt-Std/instance-out.sql,0.00,0.00
CZ05/Asm&0&rDXHP&New&HV_AirDist__SupFanMtr/NE-HVAC-FanBelt-CoggedVBelt-Msr/instance-out.sql,0.00,0.00
CZ05/Asm&0&rDXHP&New&HV_AirDist__SupFanMtr/NE-HVAC-FanBelt-SynchVBelt-Msr/instance-out.sql,0.00,0.00
CZ05/ECC&0&rDXHP&New&HV_AirDist__SupFanMtr/NE-HVAC-FanBelt-VBelt-Std/instance-out.sql,0.50,340.83
CZ05/ECC&0&rDXHP&New&HV_AirDist__SupFanMtr/NE-HVAC-FanBelt-CoggedVBelt-Msr/instance-out.sql,0.50,341.83
CZ05/ECC&0&rDXHP&New&HV_AirDist__SupFanMtr/NE-HVAC-FanBelt-SynchVBelt-Msr/instance-out.sql,0.50,340.17
CZ05/EPr&0&rDXHP&New&HV_AirDist__SupFanMtr/NE-HVAC-FanBelt-VBelt-Std/instance-out.sql,3.00,0.00
CZ05/EPr&0&rDXHP&New&HV_AirDist__SupFanMtr/NE-HVAC-FanBelt-CoggedVBelt-Msr/instance-out.sql,3.00,0.00
CZ05/EPr&0&rDXHP&New&HV_AirDist__SupFanMtr/NE-HVAC-FanBelt-SynchVBelt-Msr/instance-out.sql,3.00,0.00
CZ05/ERC&0&rDXHP&New&HV_AirDist__SupFanMtr/NE-HVAC-FanBelt-VBelt-Std/instance-out.sql,0.00,0.00
CZ05/ERC&0&rDXHP&New&HV_AirDist__SupFanMtr/NE-HVAC-FanBelt-CoggedVBelt-Msr/instance-out.sql,0.00,0.00
CZ05/ERC&0&rDXHP&New&HV_AirDist__SupFanMtr/NE-HVAC-FanBelt-SynchVBelt-Msr/instance-out.sql,0.00,0.00
CZ05/ESe&0&rDXHP&New&HV_AirDist__SupFanMtr/NE-HVAC-FanBelt-VBelt-Std/instance-out.sql,0.17,1.33
CZ05/ESe&0&rDXHP&New&HV_AirDist__SupFanMtr/NE-HVAC-FanBelt-CoggedVBelt-Msr/instance-out.sql,0.17,1.33
CZ05/ESe&0&rDXHP&New&HV_AirDist__SupFanMtr/NE-HVAC-FanBelt-SynchVBelt-Msr/instance-out.sql,0.33,1.33
CZ05/EUn&0&rDXHP&New&HV_AirDist__SupFanMtr/NE-HVAC-FanBelt-VBelt-Std/instance-out.sql,0.00,7.50
CZ05/EUn&0&rDXHP&New&HV_AirDist__SupFanMtr/NE-HVAC-FanBelt-CoggedVBelt-Msr/instance-out.sql,0.00,7.50
CZ05/EUn&0&rDXHP&New&HV_AirDist__SupFanMtr/NE-HVAC-FanBelt-SynchVBelt-Msr/instance-out.sql,0.00,7.33
CZ05/Hsp&0&rDXHP&New&HV_AirDist__SupFanMtr/NE-HVAC-FanBelt-VBelt-Std/instance-out.sql,0.00,73.83
CZ05/Hsp&0&rDXHP&New&HV_AirDist__SupFanMtr/NE-HVAC-FanBelt-CoggedVBelt-Msr/instance-out.sql,0.00,73.67
CZ05/Hsp&0&rDXHP&New&HV_AirDist__SupFanMtr/NE-HVAC-FanBelt-SynchVBelt-Msr/instance-out.sql,0.00,73.67
CZ05/MBT&0&rDXHP&New&HV_AirDist__SupFanMtr/NE-HVAC-FanBelt-VBelt-Std/instance-out.sql,0.00,0.17
CZ05/MBT&0&rDXHP&New&HV_AirDist__SupFanMtr/NE-HVAC-FanBelt-CoggedVBelt-Msr/instance-out.sql,0.00,0.17
CZ05/MBT&0&rDXHP&New&HV_AirDist__SupFanMtr/NE-HVAC-FanBelt-SynchVBelt-Msr/instance-out.sql,0.00,0.17
CZ05/MLI&0&rDXHP&New&HV_AirDist__SupFanMtr/NE-HVAC-FanBelt-VBelt-Std/instance-out.sql,0.00,0.00
CZ05/MLI&0&rDXHP&New&HV_AirDist__SupFanMtr/NE-HVAC-FanBelt-CoggedVBelt-Msr/instance-out.sql,0.00,0.00
CZ05/MLI&0&rDXHP&New&HV_AirDist__SupFanMtr/NE-HVAC-FanBelt-SynchVBelt-Msr/instance-out.sql,0.00,0.00
CZ05/Mtl&0&rDXHP&New&HV_AirDist__SupFanMtr/NE-HVAC-FanBelt-VBelt-Std/instance-out.sql,0.00,48.67
CZ05/Mtl&0&rDXHP&New&HV_AirDist__SupFanMtr/NE-HVAC-FanBelt-CoggedVBelt-Msr/instance-out.sql,0.00,48.67
CZ05/Mtl&0&rDXHP&New&HV_AirDist__SupFanMtr/NE-HVAC-FanBelt-SynchVBelt-Msr/instance-out.sql,0.00,49.50
CZ05/Nrs&0&rDXHP&New&HV_AirDist__SupFanMtr/NE-HVAC-FanBelt-VBelt-Std/instance-out.sql,0.00,0.00
CZ05/Nrs&0&rDXHP&New&HV_AirDist__SupFanMtr/NE-HVAC-FanBelt-CoggedVBelt-Msr/instance-out.sql,0.00,0.00
CZ05/Nrs&0&rDXHP&New&HV_AirDist__SupFanMtr/NE-HVAC-FanBelt-SynchVBelt-Msr/instance-out.sql,0.00,0.00
CZ05/OfL&0&rDXHP&New&HV_AirDist__SupFanMtr/NE-HVAC-FanBelt-VBelt-Std/instance-out.sql,1.50,32.33
CZ05/OfL&0&rDXHP&New&HV_AirDist__SupFanMtr/NE-HVAC-FanBelt-CoggedVBelt-Msr/instance-out.sql,1.33,32.33
CZ05/OfL&0&rDXHP&New&HV_AirDist__SupFanMtr/NE-HVAC-FanBelt-SynchVBelt-Msr/instance-out.sql,1.33,32.50
CZ05/OfS&0&rDXHP&New&HV_AirDist__SupFanMtr/NE-HVAC-FanBelt-VBelt-Std/instance-out.sql,0.00,2.33
CZ05/OfS&0&rDXHP&New&HV_AirDist__SupFanMtr/NE-HVAC-FanBelt-CoggedVBelt-Msr/instance-out.sql,0.00,2.33
CZ05/OfS&0&rDXHP&New&HV_AirDist__SupFanMtr/NE-HVAC-FanBelt-SynchVBelt-Msr/instance-out.sql,0.00,2.33
CZ05/RFF&0&rDXHP&New&HV_AirDist__SupFanMtr/NE-HVAC-FanBelt-VBelt-Std/instance-out.sql,0.00,0.00
CZ05/RFF&0&rDXHP&New&HV_AirDist__SupFanMtr/NE-HVAC-FanBelt-CoggedVBelt-Msr/instance-out.sql,0.00,0.00
CZ05/RFF&0&rDXHP&New&HV_AirDist__SupFanMtr/NE-HVAC-FanBelt-SynchVBelt-Msr/instance-out.sql,0.00,0.00
CZ05/RSD&0&rDXHP&New&HV_AirDist__SupFanMtr/NE-HVAC-FanBelt-VBelt-Std/instance-out.sql,0.00,6.00
CZ05/RSD&0&rDXHP&New&HV_AirDist__SupFanMtr/NE-HVAC-FanBelt-CoggedVBelt-Msr/instance-out.sql,0.00,6.00
CZ05/RSD&0&rDXHP&New&HV_AirDist__SupFanMtr/NE-HVAC-FanBelt-SynchVBelt-Msr/instance-out.sql,0.00,6.00
CZ05/Rt3&0&rDXHP&New&HV_AirDist__SupFanMtr/NE-HVAC-FanBelt-VBelt-Std/instance-out.sql,0.00,0.00
CZ05/Rt3&0&rDXHP&New&HV_AirDist__SupFanMtr/NE-HVAC-FanBelt-CoggedVBelt-Msr/instance-out.sql,0.00,0.00
CZ05/Rt3&0&rDXHP&New&HV_AirDist__SupFanMtr/NE-HVAC-FanBelt-SynchVBelt-Msr/instance-out.sql,0.00,0.00
CZ05/RtL&0&rDXHP&New&HV_AirDist__SupFanMtr/NE-HVAC-FanBelt-VBelt-Std/instance-out.sql,0.00,0.00
CZ05/RtL&0&rDXHP&New&HV_AirDist__SupFanMtr/NE-HVAC-FanBelt-CoggedVBelt-Msr/instance-out.sql,0.00,0.00
CZ05/RtL&0&rDXHP&New&HV_AirDist__SupFanMtr/NE-HVAC-FanBelt-SynchVBelt-Msr/instance-out.sql,0.00,0.00
CZ05/RtS&0&rDXHP&New&HV_AirDist__SupFanMtr/NE-HVAC-FanBelt-VBelt-Std/instance-out.sql,0.00,0.00
CZ05/RtS&0&rDXHP&New&HV_AirDist__SupFanMtr/NE-HVAC-FanBelt-CoggedVBelt-Msr/instance-out.sql,0.00,0.00
CZ05/RtS&0&rDXHP&New&HV_AirDist__SupFanMtr/NE-HVAC-FanBelt-SynchVBelt-Msr/instance-out.sql,0.00,0.00
CZ05/SCn&0&rDXHP&New&HV_AirDist__SupFanMtr/NE-HVAC-FanBelt-VBelt-Std/instance-out.sql,0.00,0.00
CZ05/SCn&0&rDXHP&New&HV_AirDist__SupFanMtr/NE-HVAC-FanBelt-CoggedVBelt-Msr/instance-out.sql,0.00,0.00
CZ05/SCn&0&rDXHP&New&HV_AirDist__SupFanMtr/NE-HVAC-FanBelt-SynchVBelt-Msr/instance-out.sql,0.00,0.00
CZ06/Asm&0&rDXHP&New&HV_AirDist__SupFanMtr/NE-HVAC-FanBelt-VBelt-Std/instance-out.sql,0.00,0.00
CZ06/Asm&0&rDXHP&New&HV_AirDist__SupFanMtr/NE-HVAC-FanBelt-CoggedVBelt-Msr/instance-out.sql,0.00,0.00
CZ06/Asm&0&rDXHP&New&HV_AirDist__SupFanMtr/NE-HVAC-FanBelt-SynchVBelt-Msr/instance-out.sql,0.00,0.00
CZ06/ECC&0&rDXHP&New&HV_AirDist__SupFanMtr/NE-HVAC-FanBelt-VBelt-Std/instance-out.sql,0.00,851.17
CZ06/ECC&0&rDXHP&New&HV_AirDist__SupFanMtr/NE-HVAC-FanBelt-CoggedVBelt-Msr/instance-out.sql,0.00,852.33
CZ06/ECC&0&rDXHP&New&HV_AirDist__SupFanMtr/NE-HVAC-FanBelt-SynchVBelt-Msr/instance-out.sql,0.00,833.50
CZ06/EPr&0&rDXHP&New&HV_AirDist__SupFanMtr/NE-HVAC-FanBelt-VBelt-Std/instance-out.sql,0.00,0.00
CZ06/EPr&0&rDXHP&New&HV_AirDist__SupFanMtr/NE-HVAC-FanBelt-CoggedVBelt-Msr/instance-out.sql,0.00,0.00
CZ06/EPr&0&rDXHP&New&HV_AirDist__SupFanMtr/NE-HVAC-FanBelt-SynchVBelt-Msr/instance-out.sql,0.00,0.00
CZ06/ERC&0&rDXHP&New&HV_AirDist__SupFanMtr/NE-HVAC-FanBelt-VBelt-Std/instance-out.sql,0.00,0.00
CZ06/ERC&0&rDXHP&New&HV_AirDist__SupFanMtr/NE-HVAC-FanBelt-CoggedVBelt-Msr/instance-out.sql,0.00,0.00
CZ06/ERC&0&rDXHP&New&HV_AirDist__SupFanMtr/NE-HVAC-FanBelt-SynchVBelt-Msr/instance-out.sql,0.00,0.00
CZ06/ESe&0&rDXHP&New&HV_AirDist__SupFanMtr/NE-HVAC-FanBelt-VBelt-Std/instance-out.sql,0.00,5.67
CZ06/ESe&0&rDXHP&New&HV_AirDist__SupFanMtr/NE-HVAC-FanBelt-CoggedVBelt-Msr/instance-out.sql,0.00,5.67
CZ06/ESe&0&rDXHP&New&HV_AirDist__SupFanMtr/NE-HVAC-FanBelt-SynchVBelt-Msr/instance-out.sql,0.00,5.67
CZ06/EUn&0&rDXHP&New&HV_AirDist__SupFanMtr/NE-HVAC-FanBelt-VBelt-Std/instance-out.sql,0.00,15.50
CZ06/EUn&0&rDXHP&New&HV_AirDist__SupFanMtr/NE-HVAC-FanBelt-CoggedVBelt-Msr/instance-out.sql,0.00,15.33
CZ06/EUn&0&rDXHP&New&HV_AirDist__SupFanMtr/NE-HVAC-FanBelt-SynchVBelt-Msr/instance-out.sql,0.00,15.33
CZ06/Hsp&0&rDXHP&New&HV_AirDist__SupFanMtr/NE-HVAC-FanBelt-VBelt-Std/instance-out.sql,0.00,39.50
CZ06/Hsp&0&rDXHP&New&HV_AirDist__SupFanMtr/NE-HVAC-FanBelt-CoggedVBelt-Msr/instance-out.sql,0.00,39.50
CZ06/Hsp&0&rDXHP&New&HV_AirDist__SupFanMtr/NE-HVAC-FanBelt-SynchVBelt-Msr/instance-out.sql,0.00,39.33
CZ06/MBT&0&rDXHP&New&HV_AirDist__SupFanMtr/NE-HVAC-FanBelt-VBelt-Std/instance-out.sql,0.00,45.00
CZ06/MBT&0&rDXHP&New&HV_AirDist__SupFanMtr/NE-HVAC-FanBelt-CoggedVBelt-Msr/instance-out.sql,0.00,45.00
CZ06/MBT&0&rDXHP&New&HV_AirDist__SupFanMtr/NE-HVAC-FanBelt-SynchVBelt-Msr/instance-out.sql,0.00,44.50
CZ06/MLI&0&rDXHP&New&HV_AirDist__SupFanMtr/NE-HVAC-FanBelt-VBelt-Std/instance-out.sql,0.00,0.00
CZ06/MLI&0&rDXHP&New&HV_AirDist__SupFanMtr/NE-HVAC-FanBelt-CoggedVBelt-Msr/instance-out.sql,0.00,0.00
CZ06/MLI&0&rDXHP&New&HV_AirDist__SupFanMtr/NE-HVAC-FanBelt-SynchVBelt-Msr/instance-out.sql,0.00,0.00
CZ06/Mtl&0&rDXHP&New&HV_AirDist__SupFanMtr/NE-HVAC-FanBelt-VBelt-Std/instance-out.sql,0.00,71.33
CZ06/Mtl&0&rDXHP&New&HV_AirDist__SupFanMtr/NE-HVAC-FanBelt-CoggedVBelt-Msr/instance-out.sql,0.00,71.33
CZ06/Mtl&0&rDXHP&New&HV_AirDist__SupFanMtr/NE-HVAC-FanBelt-SynchVBelt-Msr/instance-out.sql,0.00,71.33
CZ06/Nrs&0&rDXHP&New&HV_AirDist__SupFanMtr/NE-HVAC-FanBelt-VBelt-Std/instance-out.sql,0.00,0.00
CZ06/Nrs&0&rDXHP&New&HV_AirDist__SupFanMtr/NE-HVAC-FanBelt-CoggedVBelt-Msr/instance-out.sql,0.00,0.00
CZ06/Nrs&0&rDXHP&New&HV_AirDist__SupFanMtr/NE-HVAC-FanBelt-SynchVBelt-Msr/instance-out.sql,0.00,0.00
CZ06/OfL&0&rDXHP&New&HV_AirDist__SupFanMtr/NE-HVAC-FanBelt-VBelt-Std/instance-out.sql,0.00,128.83
CZ06/OfL&0&rDXHP&New&HV_AirDist__SupFanMtr/NE-HVAC-FanBelt-CoggedVBelt-Msr/instance-out.sql,0.00,128.67
CZ06/OfL&0&rDXHP&New&HV_AirDist__SupFanMtr/NE-HVAC-FanBelt-SynchVBelt-Msr/instance-out.sql,0.33,129.00
CZ06/OfS&0&rDXHP&New&HV_AirDist__SupFanMtr/NE-HVAC-FanBelt-VBelt-Std/instance-out.sql,0.00,8.17
CZ06/OfS&0&rDXHP&New&HV_AirDist__SupFanMtr/NE-HVAC-FanBelt-CoggedVBelt-Msr/instance-out.sql,0.00,8.17
CZ06/OfS&0&rDXHP&New&HV_AirDist__SupFanMtr/NE-HVAC-FanBelt-SynchVBelt-Msr/instance-out.sql,0.00,8.17
CZ06/RFF&0&rDXHP&New&HV_AirDist__SupFanMtr/NE-HVAC-FanBelt-VBelt-Std/instance-out.sql,0.00,0.00
CZ06/RFF&0&rDXHP&New&HV_AirDist__SupFanMtr/NE-HVAC-FanBelt-CoggedVBelt-Msr/instance-out.sql,0.00,0.00
CZ06/RFF&0&rDXHP&New&HV_AirDist__SupFanMtr/NE-HVAC-FanBelt-SynchVBelt-Msr/instance-out.sql,0.00,0.00
CZ06/RSD&0&rDXHP&New&HV_AirDist__SupFanMtr/NE-HVAC-FanBelt-VBelt-Std/instance-out.sql,0.00,5.00
CZ06/RSD&0&rDXHP&New&HV_AirDist__SupFanMtr/NE-HVAC-FanBelt-CoggedVBelt-Msr/instance-out.sql,0.00,5.00
CZ06/RSD&0&rDXHP&New&HV_AirDist__SupFanMtr/NE-HVAC-FanBelt-SynchVBelt-Msr/instance-out.sql,0.00,5.00
CZ06/Rt3&0&rDXHP&New&HV_AirDist__SupFanMtr/NE-HVAC-FanBelt-VBelt-Std/instance-out.sql,0.00,11.83
CZ06/Rt3&0&rDXHP&New&HV_AirDist__SupFanMtr/NE-HVAC-FanBelt-CoggedVBelt-Msr/instance-out.sql,0.00,11.67
CZ06/Rt3&0&rDXHP&New&HV_AirDist__SupFanMtr/NE-HVAC-FanBelt-SynchVBelt-Msr/instance-out.sql,0.00,11.17
CZ06/RtL&0&rDXHP&New&HV_AirDist__SupFanMtr/NE-HVAC-FanBelt-VBelt-Std/instance-out.sql,0.00,0.00
CZ06/RtL&0&rDXHP&New&HV_AirDist__SupFanMtr/NE-HVAC-FanBelt-CoggedVBelt-Msr/instance-out.sql,0.00,0.00
CZ06/RtL&0&rDXHP&New&HV_AirDist__SupFanMtr/NE-HVAC-FanBelt-SynchVBelt-Msr/instance-out.sql,0.00,0.00
CZ06/RtS&0&rDXHP&New&HV_AirDist__SupFanMtr/NE-HVAC-FanBelt-VBelt-Std/instance-out.sql,0.00,0.00
CZ06/RtS&0&rDXHP&New&HV_AirDist__SupFanMtr/NE-HVAC-FanBelt-CoggedVBelt-Msr/instance-out.sql,0.00,0.00
CZ06/RtS&0&rDXHP&New&HV_AirDist__SupFanMtr/NE-HVAC-FanBelt-SynchVBelt-Msr/instance-out.sql,0.00,0.00
CZ06/SCn&0&rDXHP&New&HV_AirDist__SupFanMtr/NE-HVAC-FanBelt-VBelt-Std/instance-out.sql,0.00,0.00
CZ06/SCn&0&rDXHP&New&HV_AirDist__SupFanMtr/NE-HVAC-FanBelt-CoggedVBelt-Msr/instance-out.sql,0.00,0.00
CZ06/SCn&0&rDXHP&New&HV_AirDist__SupFanMtr/NE-HVAC-FanBelt-SynchVBelt-Msr/instance-out.sql,0.00,0.00
CZ07/Asm&0&rDXHP&New&HV_AirDist__SupFanMtr/NE-HVAC-FanBelt-VBelt-Std/instance-out.sql,0.00,0.00
CZ07/Asm&0&rDXHP&New&HV_AirDist__SupFanMtr/NE-HVAC-FanBelt-CoggedVBelt-Msr/instance-out.sql,0.00,0.00
CZ07/Asm&0&rDXHP&New&HV_AirDist__SupFanMtr/NE-HVAC-FanBelt-SynchVBelt-Msr/instance-out.sql,0.00,0.00
CZ07/ECC&0&rDXHP&New&HV_AirDist__SupFanMtr/NE-HVAC-FanBelt-VBelt-Std/instance-out.sql,0.00,2866.33
CZ07/ECC&0&rDXHP&New&HV_AirDist__SupFanMtr/NE-HVAC-FanBelt-CoggedVBelt-Msr/instance-out.sql,0.00,2865.00
CZ07/ECC&0&rDXHP&New&HV_AirDist__SupFanMtr/NE-HVAC-FanBelt-SynchVBelt-Msr/instance-out.sql,0.00,2863.17
CZ07/EPr&0&rDXHP&New&HV_AirDist__SupFanMtr/NE-HVAC-FanBelt-VBelt-Std/instance-out.sql,0.00,0.00
CZ07/EPr&0&rDXHP&New&HV_AirDist__SupFanMtr/NE-HVAC-FanBelt-CoggedVBelt-Msr/instance-out.sql,0.00,0.00
CZ07/EPr&0&rDXHP&New&HV_AirDist__SupFanMtr/NE-HVAC-FanBelt-SynchVBelt-Msr/instance-out.sql,0.00,0.00
CZ07/ERC&0&rDXHP&New&HV_AirDist__SupFanMtr/NE-HVAC-FanBelt-VBelt-Std/instance-out.sql,0.00,0.00
CZ07/ERC&0&rDXHP&New&HV_AirDist__SupFanMtr/NE-HVAC-FanBelt-CoggedVBelt-Msr/instance-out.sql,0.00,0.00
CZ07/ERC&0&rDXHP&New&HV_AirDist__SupFanMtr/NE-HVAC-FanBelt-SynchVBelt-Msr/instance-out.sql,0.00,0.00
CZ07/ESe&0&rDXHP&New&HV_AirDist__SupFanMtr/NE-HVAC-FanBelt-VBelt-Std/instance-out.sql,0.00,1.83
CZ07/ESe&0&rDXHP&New&HV_AirDist__SupFanMtr/NE-HVAC-FanBelt-CoggedVBelt-Msr/instance-out.sql,0.00,1.83
CZ07/ESe&0&rDXHP&New&HV_AirDist__SupFanMtr/NE-HVAC-FanBelt-SynchVBelt-Msr/instance-out.sql,0.00,1.83
CZ07/EUn&0&rDXHP&New&HV_AirDist__SupFanMtr/NE-HVAC-FanBelt-VBelt-Std/instance-out.sql,0.00,15.67
CZ07/EUn&0&rDXHP&New&HV_AirDist__SupFanMtr/NE-HVAC-FanBelt-CoggedVBelt-Msr/instance-out.sql,0.00,15.67
CZ07/EUn&0&rDXHP&New&HV_AirDist__SupFanMtr/NE-HVAC-FanBelt-SynchVBelt-Msr/instance-out.sql,0.00,15.67
CZ07/Hsp&0&rDXHP&New&HV_AirDist__SupFanMtr/NE-HVAC-FanBelt-VBelt-Std/instance-out.sql,0.00,97.17
CZ07/Hsp&0&rDXHP&New&HV_AirDist__SupFanMtr/NE-HVAC-FanBelt-CoggedVBelt-Msr/instance-out.sql,0.00,97.17
CZ07/Hsp&0&rDXHP&New&HV_AirDist__SupFanMtr/NE-HVAC-FanBelt-SynchVBelt-Msr/instance-out.sql,0.00,97.17
CZ07/MBT&0&rDXHP&New&HV_AirDist__SupFanMtr/NE-HVAC-FanBelt-VBelt-Std/instance-out.sql,0.00,18.33
CZ07/MBT&0&rDXHP&New&HV_AirDist__SupFanMtr/NE-HVAC-FanBelt-CoggedVBelt-Msr/instance-out.sql,0.00,18.00
CZ07/MBT&0&rDXHP&New&HV_AirDist__SupFanMtr/NE-HVAC-FanBelt-SynchVBelt-Msr/instance-out.sql,0.00,18.00
CZ07/MLI&0&rDXHP&New&HV_AirDist__SupFanMtr/NE-HVAC-FanBelt-VBelt-Std/instance-out.sql,0.00,0.00
CZ07/MLI&0&rDXHP&New&HV_AirDist__SupFanMtr/NE-HVAC-FanBelt-CoggedVBelt-Msr/instance-out.sql,0.00,0.00
CZ07/MLI&0&rDXHP&New&HV_AirDist__SupFanMtr/NE-HVAC-FanBelt-SynchVBelt-Msr/instance-out.sql,0.00,0.00
CZ07/Mtl&0&rDXHP&New&HV_AirDist__SupFanMtr/NE-HVAC-FanBelt-VBelt-Std/instance-out.sql,0.00,53.00
CZ07/Mtl&0&rDXHP&New&HV_AirDist__SupFanMtr/NE-HVAC-FanBelt-CoggedVBelt-Msr/instance-out.sql,0.00,53.00
CZ07/Mtl&0&rDXHP&New&HV_AirDist__SupFanMtr/NE-HVAC-FanBelt-SynchVBelt-Msr/instance-out.sql,0.00,53.00
CZ07/Nrs&0&rDXHP&New&HV_AirDist__SupFanMtr/NE-HVAC-FanBelt-VBelt-Std/instance-out.sql,0.00,0.00
CZ07/Nrs&0&rDXHP&New&HV_AirDist__SupFanMtr/NE-HVAC-FanBelt-CoggedVBelt-Msr/instance-out.sql,0.00,0.00
CZ07/Nrs&0&rDXHP&New&HV_AirDist__SupFanMtr/NE-HVAC-FanBelt-SynchVBelt-Msr/instance-out.sql,0.00,0.00
CZ07/OfL&0&rDXHP&New&HV_AirDist__SupFanMtr/NE-HVAC-FanBelt-VBelt-Std/instance-out.sql,0.00,66.67
CZ07/OfL&0&rDXHP&New&HV_AirDist__SupFanMtr/NE-HVAC-FanBelt-CoggedVBelt-Msr/instance-out.sql,0.00,66.67
CZ07/OfL&0&rDXHP&New&HV_AirDist__SupFanMtr/NE-HVAC-FanBelt-SynchVBelt-Msr/instance-out.sql,0.00,66.67
CZ07/OfS&0&rDXHP&New&HV_AirDist__SupFanMtr/NE-HVAC-FanBelt-VBelt-Std/instance-out.sql,0.00,7.00
CZ07/OfS&0&rDXHP&New&HV_AirDist__SupFanMtr/NE-HVAC-FanBelt-CoggedVBelt-Msr/instance-out.sql,0.00,7.00
CZ07/OfS&0&rDXHP&New&HV_AirDist__SupFanMtr/NE-HVAC-FanBelt-SynchVBelt-Msr/instance-out.sql,0.00,7.00
CZ07/RFF&0&rDXHP&New&HV_AirDist__SupFanMtr/NE-HVAC-FanBelt-VBelt-Std/instance-out.sql,0.00,0.00
CZ07/RFF&0&rDXHP&New&HV_AirDist__SupFanMtr/NE-HVAC-FanBelt-CoggedVBelt-Msr/instance-out.sql,0.00,0.00
CZ07/RFF&0&rDXHP&New&HV_AirDist__SupFanMtr/NE-HVAC-FanBelt-SynchVBelt-Msr/instance-out.sql,0.00,0.00
CZ07/RSD&0&rDXHP&New&HV_AirDist__SupFanMtr/NE-HVAC-FanBelt-VBelt-Std/instance-out.sql,0.00,1.17
CZ07/RSD&0&rDXHP&New&HV_AirDist__SupFanMtr/NE-HVAC-FanBelt-CoggedVBelt-Msr/instance-out.sql,0.00,1.17
CZ07/RSD&0&rDXHP&New&HV_AirDist__SupFanMtr/NE-HVAC-FanBelt-SynchVBelt-Msr/instance-out.sql,0.00,1.17
CZ07/Rt3&0&rDXHP&New&HV_AirDist__SupFanMtr/NE-HVAC-FanBelt-VBelt-Std/instance-out.sql,0.00,0.00
CZ07/Rt3&0&rDXHP&New&HV_AirDist__SupFanMtr/NE-HVAC-FanBelt-CoggedVBelt-Msr/instance-out.sql,0.00,0.00
CZ07/Rt3&0&rDXHP&New&HV_AirDist__SupFanMtr/NE-HVAC-FanBelt-SynchVBelt-Msr/instance-out.sql,0.00,0.00
CZ07/RtL&0&rDXHP&New&HV_AirDist__SupFanMtr/NE-HVAC-FanBelt-VBelt-Std/instance-out.sql,0.00,0.00
CZ07/RtL&0&rDXHP&New&HV_AirDist__SupFanMtr/NE-HVAC-FanBelt-CoggedVBelt-Msr/instance-out.sql,0.00,0.00
CZ07/RtL&0&rDXHP&New&HV_AirDist__SupFanMtr/NE-HVAC-FanBelt-SynchVBelt-Msr/instance-out.sql,0.00,0.00
CZ07/RtS&0&rDXHP&New&HV_AirDist__SupFanMtr/NE-HVAC-FanBelt-VBelt-Std/instance-out.sql,0.00,0.00
CZ07/RtS&0&rDXHP&New&HV_AirDist__SupFanMtr/NE-HVAC-FanBelt-CoggedVBelt-Msr/instance-out.sql,0.00,0.00
CZ07/RtS&0&rDXHP&New&HV_AirDist__SupFanMtr/NE-HVAC-FanBelt-SynchVBelt-Msr/instance-out.sql,0.00,0.00
CZ07/SCn&0&rDXHP&New&HV_AirDist__SupFanMtr/NE-HVAC-FanBelt-VBelt-Std/instance-out.sql,0.00,0.00
CZ07/SCn&0&rDXHP&New&HV_AirDist__SupFanMtr/NE-HVAC-FanBelt-CoggedVBelt-Msr/instance-out.sql,0.00,0.00
CZ07/SCn&0&rDXHP&New&HV_AirDist__SupFanMtr/NE-HVAC-FanBelt-SynchVBelt-Msr/instance-out.sql,0.00,0.00
CZ08/Asm&0&rDXHP&New&HV_AirDist__SupFanMtr/NE-HVAC-FanBelt-VBelt-Std/instance-out.sql,0.00,3.67
CZ08/Asm&0&rDXHP&New&HV_AirDist__SupFanMtr/NE-HVAC-FanBelt-CoggedVBelt-Msr/instance-out.sql,0.00,3.67
CZ08/Asm&0&rDXHP&New&HV_AirDist__SupFanMtr/NE-HVAC-FanBelt-SynchVBelt-Msr/instance-out.sql,0.00,3.00
CZ08/ECC&0&rDXHP&New&HV_AirDist__SupFanMtr/NE-HVAC-FanBelt-VBelt-Std/instance-out.sql,0.00,2371.83
CZ08/ECC&0&rDXHP&New&HV_AirDist__SupFanMtr/NE-HVAC-FanBelt-CoggedVBelt-Msr/instance-out.sql,0.00,2383.67
CZ08/ECC&0&rDXHP&New&HV_AirDist__SupFanMtr/NE-HVAC-FanBelt-SynchVBelt-Msr/instance-out.sql,0.00,2375.33
CZ08/EPr&0&rDXHP&New&HV_AirDist__SupFanMtr/NE-HVAC-FanBelt-VBelt-Std/instance-out.sql,0.00,0.00
CZ08/EPr&0&rDXHP&New&HV_AirDist__SupFanMtr/NE-HVAC-FanBelt-CoggedVBelt-Msr/instance-out.sql,0.00,0.00
CZ08/EPr&0&rDXHP&New&HV_AirDist__SupFanMtr/NE-HVAC-FanBelt-SynchVBelt-Msr/instance-out.sql,0.00,0.00
CZ08/ERC&0&rDXHP&New&HV_AirDist__SupFanMtr/NE-HVAC-FanBelt-VBelt-Std/instance-out.sql,0.00,0.00
CZ08/ERC&0&rDXHP&New&HV_AirDist__SupFanMtr/NE-HVAC-FanBelt-CoggedVBelt-Msr/instance-out.sql,0.00,0.00
CZ08/ERC&0&rDXHP&New&HV_AirDist__SupFanMtr/NE-HVAC-FanBelt-SynchVBelt-Msr/instance-out.sql,0.00,0.00
CZ08/ESe&0&rDXHP&New&HV_AirDist__SupFanMtr/NE-HVAC-FanBelt-VBelt-Std/instance-out.sql,0.00,0.00
CZ08/ESe&0&rDXHP&New&HV_AirDist__SupFanMtr/NE-HVAC-FanBelt-CoggedVBelt-Msr/instance-out.sql,0.00,0.00
CZ08/ESe&0&rDXHP&New&HV_AirDist__SupFanMtr/NE-HVAC-FanBelt-SynchVBelt-Msr/instance-out.sql,0.00,0.00
CZ08/EUn&0&rDXHP&New&HV_AirDist__SupFanMtr/NE-HVAC-FanBelt-VBelt-Std/instance-out.sql,0.00,31.67
CZ08/EUn&0&rDXHP&New&HV_AirDist__SupFanMtr/NE-HVAC-FanBelt-CoggedVBelt-Msr/instance-out.sql,0.00,31.67
CZ08/EUn&0&rDXHP&New&HV_AirDist__SupFanMtr/NE-HVAC-FanBelt-SynchVBelt-Msr/instance-out.sql,0.00,31.67
CZ08/Hsp&0&rDXHP&New&HV_AirDist__SupFanMtr/NE-HVAC-FanBelt-VBelt-Std/instance-out.sql,0.00,178.67
CZ08/Hsp&0&rDXHP&New&HV_AirDist__SupFanMtr/NE-HVAC-FanBelt-CoggedVBelt-Msr/instance-out.sql,0.00,178.50
CZ08/Hsp&0&rDXHP&New&HV_AirDist__SupFanMtr/NE-HVAC-FanBelt-SynchVBelt-Msr/instance-out.sql,0.00,178.50
CZ08/MBT&0&rDXHP&New&HV_AirDist__SupFanMtr/NE-HVAC-FanBelt-VBelt-Std/instance-out.sql,0.00,0.00
CZ08/MBT&0&rDXHP&New&HV_AirDist__SupFanMtr/NE-HVAC-FanBelt-CoggedVBelt-Msr/instance-out.sql,0.00,0.00
CZ08/MBT&0&rDXHP&New&HV_AirDist__SupFanMtr/NE-HVAC-FanBelt-SynchVBelt-Msr/instance-out.sql,0.00,0.00
CZ08/MLI&0&rDXHP&New&HV_AirDist__SupFanMtr/NE-HVAC-FanBelt-VBelt-Std/instance-out.sql,0.00,0.00
CZ08/MLI&0&rDXHP&New&HV_AirDist__SupFanMtr/NE-HVAC-FanBelt-CoggedVBelt-Msr/instance-out.sql,0.00,0.00
CZ08/MLI&0&rDXHP&New&HV_AirDist__SupFanMtr/NE-HVAC-FanBelt-SynchVBelt-Msr/instance-out.sql,0.00,0.00
CZ08/Mtl&0&rDXHP&New&HV_AirDist__SupFanMtr/NE-HVAC-FanBelt-VBelt-Std/instance-out.sql,0.00,84.83
CZ08/Mtl&0&rDXHP&New&HV_AirDist__SupFanMtr/NE-HVAC-FanBelt-CoggedVBelt-Msr/instance-out.sql,0.00,84.50
CZ08/Mtl&0&rDXHP&New&HV_AirDist__SupFanMtr/NE-HVAC-FanBelt-SynchVBelt-Msr/instance-out.sql,0.00,84.33
CZ08/Nrs&0&rDXHP&New&HV_AirDist__SupFanMtr/NE-HVAC-FanBelt-VBelt-Std/instance-out.sql,0.00,0.00
CZ08/Nrs&0&rDXHP&New&HV_AirDist__SupFanMtr/NE-HVAC-FanBelt-CoggedVBelt-Msr/instance-out.sql,0.00,0.00
CZ08/Nrs&0&rDXHP&New&HV_AirDist__SupFanMtr/NE-HVAC-FanBelt-SynchVBelt-Msr/instance-out.sql,0.00,0.00
CZ08/OfL&0&rDXHP&New&HV_AirDist__SupFanMtr/NE-HVAC-FanBelt-VBelt-Std/instance-out.sql,0.67,194.67
CZ08/OfL&0&rDXHP&New&HV_AirDist__SupFanMtr/NE-HVAC-FanBelt-CoggedVBelt-Msr/instance-out.sql,0.67,194.50
CZ08/OfL&0&rDXHP&New&HV_AirDist__SupFanMtr/NE-HVAC-FanBelt-SynchVBelt-Msr/instance-out.sql,0.67,194.50
CZ08/OfS&0&rDXHP&New&HV_AirDist__SupFanMtr/NE-HVAC-FanBelt-VBelt-Std/instance-out.sql,0.00,22.83
CZ08/OfS&0&rDXHP&New&HV_AirDist__SupFanMtr/NE-HVAC-FanBelt-CoggedVBelt-Msr/instance-out.sql,0.00,22.83
CZ08/OfS&0&rDXHP&New&HV_AirDist__SupFanMtr/NE-HVAC-FanBelt-SynchVBelt-Msr/instance-out.sql,0.00,22.83
CZ08/RFF&0&rDXHP&New&HV_AirDist__SupFanMtr/NE-HVAC-FanBelt-VBelt-Std/instance-out.sql,0.00,0.00
CZ08/RFF&0&rDXHP&New&HV_AirDist__SupFanMtr/NE-HVAC-FanBelt-CoggedVBelt-Msr/instance-out.sql,0.00,0.00
CZ08/RFF&0&rDXHP&New&HV_AirDist__SupFanMtr/NE-HVAC-FanBelt-SynchVBelt-Msr/instance-out.sql,0.00,0.00
CZ08/RSD&0&rDXHP&New&HV_AirDist__SupFanMtr/NE-HVAC-FanBelt-VBelt-Std/instance-out.sql,0.00,43.00
CZ08/RSD&0&rDXHP&New&HV_AirDist__SupFanMtr/NE-HVAC-FanBelt-CoggedVBelt-Msr/instance-out.sql,0.00,43.00
CZ08/RSD&0&rDXHP&New&HV_AirDist__SupFanMtr/NE-HVAC-FanBelt-SynchVBelt-Msr/instance-out.sql,0.00,43.00
CZ08/Rt3&0&rDXHP&New&HV_AirDist__SupFanMtr/NE-HVAC-FanBelt-VBelt-Std/instance-out.sql,0.00,18.67
CZ08/Rt3&0&rDXHP&New&HV_AirDist__SupFanMtr/NE-HVAC-FanBelt-CoggedVBelt-Msr/instance-out.sql,0.00,18.67
CZ08/Rt3&0&rDXHP&New&HV_AirDist__SupFanMtr/NE-HVAC-FanBelt-SynchVBelt-Msr/instance-out.sql,0.00,17.83
CZ08/RtL&0&rDXHP&New&HV_AirDist__SupFanMtr/NE-HVAC-FanBelt-VBelt-Std/instance-out.sql,0.00,0.00
CZ08/RtL&0&rDXHP&New&HV_AirDist__SupFanMtr/NE-HVAC-FanBelt-CoggedVBelt-Msr/instance-out.sql,0.00,0.00
CZ08/RtL&0&rDXHP&New&HV_AirDist__SupFanMtr/NE-HVAC-FanBelt-SynchVBelt-Msr/instance-out.sql,0.00,0.00
CZ08/RtS&0&rDXHP&New&HV_AirDist__SupFanMtr/NE-HVAC-FanBelt-VBelt-Std/instance-out.sql,0.00,0.00
CZ08/RtS&0&rDXHP&New&HV_AirDist__SupFanMtr/NE-HVAC-FanBelt-CoggedVBelt-Msr/instance-out.sql,0.00,0.00
CZ08/RtS&0&rDXHP&New&HV_AirDist__SupFanMtr/NE-HVAC-FanBelt-SynchVBelt-Msr/instance-out.sql,0.00,0.00
CZ08/SCn&0&rDXHP&New&HV_AirDist__SupFanMtr/NE-HVAC-FanBelt-VBelt-Std/instance-out.sql,0.00,0.00
CZ08/SCn&0&rDXHP&New&HV_AirDist__SupFanMtr/NE-HVAC-FanBelt-CoggedVBelt-Msr/instance-out.sql,0.00,0.00
CZ08/SCn&0&rDXHP&New&HV_AirDist__SupFanMtr/NE-HVAC-FanBelt-SynchVBelt-Msr/instance-out.sql,0.00,0.00
CZ09/Asm&0&rDXHP&New&HV_AirDist__SupFanMtr/NE-HVAC-FanBelt-VBelt-Std/instance-out.sql,0.00,11.50
CZ09/Asm&0&rDXHP&New&HV_AirDist__SupFanMtr/NE-HVAC-FanBelt-CoggedVBelt-Msr/instance-out.sql,0.00,11.00
CZ09/Asm&0&rDXHP&New&HV_AirDist__SupFanMtr/NE-HVAC-FanBelt-SynchVBelt-Msr/instance-out.sql,0.00,10.67
CZ09/ECC&0&rDXHP&New&HV_AirDist__SupFanMtr/NE-HVAC-FanBelt-VBelt-Std/instance-out.sql,0.00,1052.67
CZ09/ECC&0&rDXHP&New&HV_AirDist__SupFanMtr/NE-HVAC-FanBelt-CoggedVBelt-Msr/instance-out.sql,0.00,1055.67
CZ09/ECC&0&rDXHP&New&HV_AirDist__SupFanMtr/NE-HVAC-FanBelt-SynchVBelt-Msr/instance-out.sql,0.00,1058.67
CZ09/EPr&0&rDXHP&New&HV_AirDist__SupFanMtr/NE-HVAC-FanBelt-VBelt-Std/instance-out.sql,0.00,0.00
CZ09/EPr&0&rDXHP&New&HV_AirDist__SupFanMtr/NE-HVAC-FanBelt-CoggedVBelt-Msr/instance-out.sql,0.00,0.00
CZ09/EPr&0&rDXHP&New&HV_AirDist__SupFanMtr/NE-HVAC-FanBelt-SynchVBelt-Msr/instance-out.sql,0.00,0.00
CZ09/ERC&0&rDXHP&New&HV_AirDist__SupFanMtr/NE-HVAC-FanBelt-VBelt-Std/instance-out.sql,0.00,0.00
CZ09/ERC&0&rDXHP&New&HV_AirDist__SupFanMtr/NE-HVAC-FanBelt-CoggedVBelt-Msr/instance-out.sql,0.00,0.00
CZ09/ERC&0&rDXHP&New&HV_AirDist__SupFanMtr/NE-HVAC-FanBelt-SynchVBelt-Msr/instance-out.sql,0.00,0.00
CZ09/ESe&0&rDXHP&New&HV_AirDist__SupFanMtr/NE-HVAC-FanBelt-VBelt-Std/instance-out.sql,0.33,1.83
CZ09/ESe&0&rDXHP&New&HV_AirDist__SupFanMtr/NE-HVAC-FanBelt-CoggedVBelt-Msr/instance-out.sql,0.33,1.83
CZ09/ESe&0&rDXHP&New&HV_AirDist__SupFanMtr/NE-HVAC-FanBelt-SynchVBelt-Msr/instance-out.sql,0.00,1.83
CZ09/EUn&0&rDXHP&New&HV_AirDist__SupFanMtr/NE-HVAC-FanBelt-VBelt-Std/instance-out.sql,0.00,20.83
CZ09/EUn&0&rDXHP&New&HV_AirDist__SupFanMtr/NE-HVAC-FanBelt-CoggedVBelt-Msr/instance-out.sql,0.00,20.83
CZ09/EUn&0&rDXHP&New&HV_AirDist__SupFanMtr/NE-HVAC-FanBelt-SynchVBelt-Msr/instance-out.sql,0.00,20.83
CZ09/Hsp&0&rDXHP&New&HV_AirDist__SupFanMtr/NE-HVAC-FanBelt-VBelt-Std/instance-out.sql,0.00,135.00
CZ09/Hsp&0&rDXHP&New&HV_AirDist__SupFanMtr/NE-HVAC-FanBelt-CoggedVBelt-Msr/instance-out.sql,0.00,135.00
CZ09/Hsp&0&rDXHP&New&HV_AirDist__SupFanMtr/NE-HVAC-FanBelt-SynchVBelt-Msr/instance-out.sql,0.00,135.00
CZ09/MBT&0&rDXHP&New&HV_AirDist__SupFanMtr/NE-HVAC-FanBelt-VBelt-Std/instance-out.sql,0.00,4.33
CZ09/MBT&0&rDXHP&New&HV_AirDist__SupFanMtr/NE-HVAC-FanBelt-CoggedVBelt-Msr/instance-out.sql,0.00,4.33
CZ09/MBT&0&rDXHP&New&HV_AirDist__SupFanMtr/NE-HVAC-FanBelt-SynchVBelt-Msr/instance-out.sql,0.00,4.33
CZ09/MLI&0&rDXHP&New&HV_AirDist__SupFanMtr/NE-HVAC-FanBelt-VBelt-Std/instance-out.sql,0.00,0.00
CZ09/MLI&0&rDXHP&New&HV_AirDist__SupFanMtr/NE-HVAC-FanBelt-CoggedVBelt-Msr/instance-out.sql,0.00,0.00
CZ09/MLI&0&rDXHP&New&HV_AirDist__SupFanMtr/NE-HVAC-FanBelt-SynchVBelt-Msr/instance-out.sql,0.00,0.00
CZ09/Mtl&0&rDXHP&New&HV_AirDist__SupFanMtr/NE-HVAC-FanBelt-VBelt-Std/instance-out.sql,0.00,96.67
CZ09/Mtl&0&rDXHP&New&HV_AirDist__SupFanMtr/NE-HVAC-FanBelt-CoggedVBelt-Msr/instance-out.sql,0.00,96.67
CZ09/Mtl&0&rDXHP&New&HV_AirDist__SupFanMtr/NE-HVAC-FanBelt-SynchVBelt-Msr/instance-out.sql,0.00,96.67
CZ09/Nrs&0&rDXHP&New&HV_AirDist__SupFanMtr/NE-HVAC-FanBelt-VBelt-Std/instance-out.sql,0.00,0.00
CZ09/Nrs&0&rDXHP&New&HV_AirDist__SupFanMtr/NE-HVAC-FanBelt-CoggedVBelt-Msr/instance-out.sql,0.00,0.00
CZ09/Nrs&0&rDXHP&New&HV_AirDist__SupFanMtr/NE-HVAC-FanBelt-SynchVBelt-Msr/instance-out.sql,0.00,0.00
CZ09/OfL&0&rDXHP&New&HV_AirDist__SupFanMtr/NE-HVAC-FanBelt-VBelt-Std/instance-out.sql,1.00,140.00
CZ09/OfL&0&rDXHP&New&HV_AirDist__SupFanMtr/NE-HVAC-FanBelt-CoggedVBelt-Msr/instance-out.sql,1.00,140.00
CZ09/OfL&0&rDXHP&New&HV_AirDist__SupFanMtr/NE-HVAC-FanBelt-SynchVBelt-Msr/instance-out.sql,1.00,140.00
CZ09/OfS&0&rDXHP&New&HV_AirDist__SupFanMtr/NE-HVAC-FanBelt-VBelt-Std/instance-out.sql,0.00,8.83
CZ09/OfS&0&rDXHP&New&HV_AirDist__SupFanMtr/NE-HVAC-FanBelt-CoggedVBelt-Msr/instance-out.sql,0.00,8.83
CZ09/OfS&0&rDXHP&New&HV_AirDist__SupFanMtr/NE-HVAC-FanBelt-SynchVBelt-Msr/instance-out.sql,0.00,8.83
CZ09/RFF&0&rDXHP&New&HV_AirDist__SupFanMtr/NE-HVAC-FanBelt-VBelt-Std/instance-out.sql,0.00,0.00
CZ09/RFF&0&rDXHP&New&HV_AirDist__SupFanMtr/NE-HVAC-FanBelt-CoggedVBelt-Msr/instance-out.sql,0.00,0.00
CZ09/RFF&0&rDXHP&New&HV_AirDist__SupFanMtr/NE-HVAC-FanBelt-SynchVBelt-Msr/instance-out.sql,0.00,0.00
CZ09/RSD&0&rDXHP&New&HV_AirDist__SupFanMtr/NE-HVAC-FanBelt-VBelt-Std/instance-out.sql,0.00,50.17
CZ09/RSD&0&rDXHP&New&HV_AirDist__SupFanMtr/NE-HVAC-FanBelt-CoggedVBelt-Msr/instance-out.sql,0.00,50.17
CZ09/RSD&0&rDXHP&New&HV_AirDist__SupFanMtr/NE-HVAC-FanBelt-SynchVBelt-Msr/instance-out.sql,0.00,50.17
CZ09/Rt3&0&rDXHP&New&HV_AirDist__SupFanMtr/NE-HVAC-FanBelt-VBelt-Std/instance-out.sql,0.00,21.33
CZ09/Rt3&0&rDXHP&New&HV_AirDist__SupFanMtr/NE-HVAC-FanBelt-CoggedVBelt-Msr/instance-out.sql,0.00,20.67
CZ09/Rt3&0&rDXHP&New&HV_AirDist__SupFanMtr/NE-HVAC-FanBelt-SynchVBelt-Msr/instance-out.sql,0.00,20.00
CZ09/RtL&0&rDXHP&New&HV_AirDist__SupFanMtr/NE-HVAC-FanBelt-VBelt-Std/instance-out.sql,0.00,0.00
CZ09/RtL&0&rDXHP&New&HV_AirDist__SupFanMtr/NE-HVAC-FanBelt-CoggedVBelt-Msr/instance-out.sql,0.00,0.00
CZ09/RtL&0&rDXHP&New&HV_AirDist__SupFanMtr/NE-HVAC-FanBelt-SynchVBelt-Msr/instance-out.sql,0.00,0.00
CZ09/RtS&0&rDXHP&New&HV_AirDist__SupFanMtr/NE-HVAC-FanBelt-VBelt-Std/instance-out.sql,0.00,0.00
CZ09/RtS&0&rDXHP&New&HV_AirDist__SupFanMtr/NE-HVAC-FanBelt-CoggedVBelt-Msr/instance-out.sql,0.00,0.00
CZ09/RtS&0&rDXHP&New&HV_AirDist__SupFanMtr/NE-HVAC-FanBelt-SynchVBelt-Msr/instance-out.sql,0.00,0.00
CZ09/SCn&0&rDXHP&New&HV_AirDist__SupFanMtr/NE-HVAC-FanBelt-VBelt-Std/instance-out.sql,0.00,0.00
CZ09/SCn&0&rDXHP&New&HV_AirDist__SupFanMtr/NE-HVAC-FanBelt-CoggedVBelt-Msr/instance-out.sql,0.00,0.00
CZ09/SCn&0&rDXHP&New&HV_AirDist__SupFanMtr/NE-HVAC-FanBelt-SynchVBelt-Msr/instance-out.sql,0.00,0.00
CZ10/Asm&0&rDXHP&New&HV_AirDist__SupFanMtr/NE-HVAC-FanBelt-VBelt-Std/instance-out.sql,0.00,16.83
CZ10/Asm&0&rDXHP&New&HV_AirDist__SupFanMtr/NE-HVAC-FanBelt-CoggedVBelt-Msr/instance-out.sql,0.00,16.67
CZ10/Asm&0&rDXHP&New&HV_AirDist__SupFanMtr/NE-HVAC-FanBelt-SynchVBelt-Msr/instance-out.sql,0.00,16.50
CZ10/ECC&0&rDXHP&New&HV_AirDist__SupFanMtr/NE-HVAC-FanBelt-VBelt-Std/instance-out.sql,0.00,1080.00
CZ10/ECC&0&rDXHP&New&HV_AirDist__SupFanMtr/NE-HVAC-FanBelt-CoggedVBelt-Msr/instance-out.sql,0.00,1076.00
CZ10/ECC&0&rDXHP&New&HV_AirDist__SupFanMtr/NE-HVAC-FanBelt-SynchVBelt-Msr/instance-out.sql,0.00,1082.00
CZ10/EPr&0&rDXHP&New&HV_AirDist__SupFanMtr/NE-HVAC-FanBelt-VBelt-Std/instance-out.sql,0.00,1.83
CZ10/EPr&0&rDXHP&New&HV_AirDist__SupFanMtr/NE-HVAC-FanBelt-CoggedVBelt-Msr/instance-out.sql,0.00,1.83
CZ10/EPr&0&rDXHP&New&HV_AirDist__SupFanMtr/NE-HVAC-FanBelt-SynchVBelt-Msr/instance-out.sql,0.00,1.67
CZ10/ERC&0&rDXHP&New&HV_AirDist__SupFanMtr/NE-HVAC-FanBelt-VBelt-Std/instance-out.sql,0.00,0.00
CZ10/ERC&0&rDXHP&New&HV_AirDist__SupFanMtr/NE-HVAC-FanBelt-CoggedVBelt-Msr/instance-out.sql,0.00,0.00
CZ10/ERC&0&rDXHP&New&HV_AirDist__SupFanMtr/NE-HVAC-FanBelt-SynchVBelt-Msr/instance-out.sql,0.00,0.00
CZ10/ESe&0&rDXHP&New&HV_AirDist__SupFanMtr/NE-HVAC-FanBelt-VBelt-Std/instance-out.sql,0.00,1.33
CZ10/ESe&0&rDXHP&New&HV_AirDist__SupFanMtr/NE-HVAC-FanBelt-CoggedVBelt-Msr/instance-out.sql,0.00,1.17
CZ10/ESe&0&rDXHP&New&HV_AirDist__SupFanMtr/NE-HVAC-FanBelt-SynchVBelt-Msr/instance-out.sql,0.00,0.83
CZ10/EUn&0&rDXHP&New&HV_AirDist__SupFanMtr/NE-HVAC-FanBelt-VBelt-Std/instance-out.sql,0.00,40.17
CZ10/EUn&0&rDXHP&New&HV_AirDist__SupFanMtr/NE-HVAC-FanBelt-CoggedVBelt-Msr/instance-out.sql,0.00,39.83
CZ10/EUn&0&rDXHP&New&HV_AirDist__SupFanMtr/NE-HVAC-FanBelt-SynchVBelt-Msr/instance-out.sql,0.00,39.83
CZ10/Hsp&0&rDXHP&New&HV_AirDist__SupFanMtr/NE-HVAC-FanBelt-VBelt-Std/instance-out.sql,0.00,161.50
CZ10/Hsp&0&rDXHP&New&HV_AirDist__SupFanMtr/NE-HVAC-FanBelt-CoggedVBelt-Msr/instance-out.sql,0.00,161.50
CZ10/Hsp&0&rDXHP&New&HV_AirDist__SupFanMtr/NE-HVAC-FanBelt-SynchVBelt-Msr/instance-out.sql,0.00,161.50
CZ10/MBT&0&rDXHP&New&HV_AirDist__SupFanMtr/NE-HVAC-FanBelt-VBelt-Std/instance-out.sql,0.00,6.33
CZ10/MBT&0&rDXHP&New&HV_AirDist__SupFanMtr/NE-HVAC-FanBelt-CoggedVBelt-Msr/instance-out.sql,0.00,6.33
CZ10/MBT&0&rDXHP&New&HV_AirDist__SupFanMtr/NE-HVAC-FanBelt-SynchVBelt-Msr/instance-out.sql,0.00,6.33
CZ10/MLI&0&rDXHP&New&HV_AirDist__SupFanMtr/NE-HVAC-FanBelt-VBelt-Std/instance-out.sql,0.00,0.00
CZ10/MLI&0&rDXHP&New&HV_AirDist__SupFanMtr/NE-HVAC-FanBelt-CoggedVBelt-Msr/instance-out.sql,0.00,0.00
CZ10/MLI&0&rDXHP&New&HV_AirDist__SupFanMtr/NE-HVAC-FanBelt-SynchVBelt-Msr/instance-out.sql,0.00,0.00
CZ10/Mtl&0&rDXHP&New&HV_AirDist__SupFanMtr/NE-HVAC-FanBelt-VBelt-Std/instance-out.sql,0.00,96.33
CZ10/Mtl&0&rDXHP&New&HV_AirDist__SupFanMtr/NE-HVAC-FanBelt-CoggedVBelt-Msr/instance-out.sql,0.00,96.33
CZ10/Mtl&0&rDXHP&New&HV_AirDist__SupFanMtr/NE-HVAC-FanBelt-SynchVBelt-Msr/instance-out.sql,0.00,95.83
CZ10/Nrs&0&rDXHP&New&HV_AirDist__SupFanMtr/NE-HVAC-FanBelt-VBelt-Std/instance-out.sql,0.00,2.50
CZ10/Nrs&0&rDXHP&New&HV_AirDist__SupFanMtr/NE-HVAC-FanBelt-CoggedVBelt-Msr/instance-out.sql,0.00,2.50
CZ10/Nrs&0&rDXHP&New&HV_AirDist__SupFanMtr/NE-HVAC-FanBelt-SynchVBelt-Msr/instance-out.sql,0.00,2.33
CZ10/OfL&0&rDXHP&New&HV_AirDist__SupFanMtr/NE-HVAC-FanBelt-VBelt-Std/instance-out.sql,1.83,163.17
CZ10/OfL&0&rDXHP&New&HV_AirDist__SupFanMtr/NE-HVAC-FanBelt-CoggedVBelt-Msr/instance-out.sql,1.50,163.00
CZ10/OfL&0&rDXHP&New&HV_AirDist__SupFanMtr/NE-HVAC-FanBelt-SynchVBelt-Msr/instance-out.sql,1.33,163.00
CZ10/OfS&0&rDXHP&New&HV_AirDist__SupFanMtr/NE-HVAC-FanBelt-VBelt-Std/instance-out.sql,0.00,22.67
CZ10/OfS&0&rDXHP&New&HV_AirDist__SupFanMtr/NE-HVAC-FanBelt-CoggedVBelt-Msr/instance-out.sql,0.00,22.67
CZ10/OfS&0&rDXHP&New&HV_AirDist__SupFanMtr/NE-HVAC-FanBelt-SynchVBelt-Msr/instance-out.sql,0.00,22.67
CZ10/RFF&0&rDXHP&New&HV_AirDist__SupFanMtr/NE-HVAC-FanBelt-VBelt-Std/instance-out.sql,0.00,0.00
CZ10/RFF&0&rDXHP&New&HV_AirDist__SupFanMtr/NE-HVAC-FanBelt-CoggedVBelt-Msr/instance-out.sql,0.00,0.00
CZ10/RFF&0&rDXHP&New&HV_AirDist__SupFanMtr/NE-HVAC-FanBelt-SynchVBelt-Msr/instance-out.sql,0.00,0.00
CZ10/RSD&0&rDXHP&New&HV_AirDist__SupFanMtr/NE-HVAC-FanBelt-VBelt-Std/instance-out.sql,0.00,99.17
CZ10/RSD&0&rDXHP&New&HV_AirDist__SupFanMtr/NE-HVAC-FanBelt-CoggedVBelt-Msr/instance-out.sql,0.00,99.17
CZ10/RSD&0&rDXHP&New&HV_AirDist__SupFanMtr/NE-HVAC-FanBelt-SynchVBelt-Msr/instance-out.sql,0.00,99.17
CZ10/Rt3&0&rDXHP&New&HV_AirDist__SupFanMtr/NE-HVAC-FanBelt-VBelt-Std/instance-out.sql,0.00,21.50
CZ10/Rt3&0&rDXHP&New&HV_AirDist__SupFanMtr/NE-HVAC-FanBelt-CoggedVBelt-Msr/instance-out.sql,0.00,21.00
CZ10/Rt3&0&rDXHP&New&HV_AirDist__SupFanMtr/NE-HVAC-FanBelt-SynchVBelt-Msr/instance-out.sql,0.00,20.50
CZ10/RtL&0&rDXHP&New&HV_AirDist__SupFanMtr/NE-HVAC-FanBelt-VBelt-Std/instance-out.sql,0.00,0.00
CZ10/RtL&0&rDXHP&New&HV_AirDist__SupFanMtr/NE-HVAC-FanBelt-CoggedVBelt-Msr/instance-out.sql,0.00,0.00
CZ10/RtL&0&rDXHP&New&HV_AirDist__SupFanMtr/NE-HVAC-FanBelt-SynchVBelt-Msr/instance-out.sql,0.00,0.00
CZ10/RtS&0&rDXHP&New&HV_AirDist__SupFanMtr/NE-HVAC-FanBelt-VBelt-Std/instance-out.sql,0.00,0.00
CZ10/RtS&0&rDXHP&New&HV_AirDist__SupFanMtr/NE-HVAC-FanBelt-CoggedVBelt-Msr/instance-out.sql,0.00,0.00
CZ10/RtS&0&rDXHP&New&HV_AirDist__SupFanMtr/NE-HVAC-FanBelt-SynchVBelt-Msr/instance-out.sql,0.00,0.00
CZ10/SCn&0&rDXHP&New&HV_AirDist__SupFanMtr/NE-HVAC-FanBelt-VBelt-Std/instance-out.sql,0.00,0.00
CZ10/SCn&0&rDXHP&New&HV_AirDist__SupFanMtr/NE-HVAC-FanBelt-CoggedVBelt-Msr/instance-out.sql,0.00,0.00
CZ10/SCn&0&rDXHP&New&HV_AirDist__SupFanMtr/NE-HVAC-FanBelt-SynchVBelt-Msr/instance-out.sql,0.00,0.00
CZ11/Asm&0&rDXHP&New&HV_AirDist__SupFanMtr/NE-HVAC-FanBelt-VBelt-Std/instance-out.sql,5.67,27.17
CZ11/Asm&0&rDXHP&New&HV_AirDist__SupFanMtr/NE-HVAC-FanBelt-CoggedVBelt-Msr/instance-out.sql,5.50,26.67
CZ11/Asm&0&rDXHP&New&HV_AirDist__SupFanMtr/NE-HVAC-FanBelt-SynchVBelt-Msr/instance-out.sql,5.83,26.50
CZ11/ECC&0&rDXHP&New&HV_AirDist__SupFanMtr/NE-HVAC-FanBelt-VBelt-Std/instance-out.sql,0.00,1162.50
CZ11/ECC&0&rDXHP&New&HV_AirDist__SupFanMtr/NE-HVAC-FanBelt-CoggedVBelt-Msr/instance-out.sql,0.00,1165.17
CZ11/ECC&0&rDXHP&New&HV_AirDist__SupFanMtr/NE-HVAC-FanBelt-SynchVBelt-Msr/instance-out.sql,0.00,1171.17
CZ11/EPr&0&rDXHP&New&HV_AirDist__SupFanMtr/NE-HVAC-FanBelt-VBelt-Std/instance-out.sql,0.00,0.00
CZ11/EPr&0&rDXHP&New&HV_AirDist__SupFanMtr/NE-HVAC-FanBelt-CoggedVBelt-Msr/instance-out.sql,0.00,0.00
CZ11/EPr&0&rDXHP&New&HV_AirDist__SupFanMtr/NE-HVAC-FanBelt-SynchVBelt-Msr/instance-out.sql,0.00,0.00
CZ11/ERC&0&rDXHP&New&HV_AirDist__SupFanMtr/NE-HVAC-FanBelt-VBelt-Std/instance-out.sql,0.00,0.00
CZ11/ERC&0&rDXHP&New&HV_AirDist__SupFanMtr/NE-HVAC-FanBelt-CoggedVBelt-Msr/instance-out.sql,0.00,0.00
CZ11/ERC&0&rDXHP&New&HV_AirDist__SupFanMtr/NE-HVAC-FanBelt-SynchVBelt-Msr/instance-out.sql,0.00,0.00
CZ11/ESe&0&rDXHP&New&HV_AirDist__SupFanMtr/NE-HVAC-FanBelt-VBelt-Std/instance-out.sql,0.67,0.00
CZ11/ESe&0&rDXHP&New&HV_AirDist__SupFanMtr/NE-HVAC-FanBelt-CoggedVBelt-Msr/instance-out.sql,0.67,0.00
CZ11/ESe&0&rDXHP&New&HV_AirDist__SupFanMtr/NE-HVAC-FanBelt-SynchVBelt-Msr/instance-out.sql,0.67,0.00
CZ11/EUn&0&rDXHP&New&HV_AirDist__SupFanMtr/NE-HVAC-FanBelt-VBelt-Std/instance-out.sql,0.00,34.00
CZ11/EUn&0&rDXHP&New&HV_AirDist__SupFanMtr/NE-HVAC-FanBelt-CoggedVBelt-Msr/instance-out.sql,0.00,34.00
CZ11/EUn&0&rDXHP&New&HV_AirDist__SupFanMtr/NE-HVAC-FanBelt-SynchVBelt-Msr/instance-out.sql,0.00,34.00
CZ11/Hsp&0&rDXHP&New&HV_AirDist__SupFanMtr/NE-HVAC-FanBelt-VBelt-Std/instance-out.sql,0.00,88.67
CZ11/Hsp&0&rDXHP&New&HV_AirDist__SupFanMtr/NE-HVAC-FanBelt-CoggedVBelt-Msr/instance-out.sql,0.00,88.67
CZ11/Hsp&0&rDXHP&New&HV_AirDist__SupFanMtr/NE-HVAC-FanBelt-SynchVBelt-Msr/instance-out.sql,0.00,88.67
CZ11/MBT&0&rDXHP&New&HV_AirDist__SupFanMtr/NE-HVAC-FanBelt-VBelt-Std/instance-out.sql,2.50,2.83
CZ11/MBT&0&rDXHP&New&HV_AirDist__SupFanMtr/NE-HVAC-FanBelt-CoggedVBelt-Msr/instance-out.sql,3.00,2.83
CZ11/MBT&0&rDXHP&New&HV_AirDist__SupFanMtr/NE-HVAC-FanBelt-SynchVBelt-Msr/instance-out.sql,3.00,2.83
CZ11/MLI&0&rDXHP&New&HV_AirDist__SupFanMtr/NE-HVAC-FanBelt-VBelt-Std/instance-out.sql,0.00,0.00
CZ11/MLI&0&rDXHP&New&HV_AirDist__SupFanMtr/NE-HVAC-FanBelt-CoggedVBelt-Msr/instance-out.sql,0.00,0.00
CZ11/MLI&0&rDXHP&New&HV_AirDist__SupFanMtr/NE-HVAC-FanBelt-SynchVBelt-Msr/instance-out.sql,0.00,0.00
CZ11/Mtl&0&rDXHP&New&HV_AirDist__SupFanMtr/NE-HVAC-FanBelt-VBelt-Std/instance-out.sql,0.00,101.83
CZ11/Mtl&0&rDXHP&New&HV_AirDist__SupFanMtr/NE-HVAC-FanBelt-CoggedVBelt-Msr/instance-out.sql,0.00,102.83
CZ11/Mtl&0&rDXHP&New&HV_AirDist__SupFanMtr/NE-HVAC-FanBelt-SynchVBelt-Msr/instance-out.sql,0.00,102.83
CZ11/Nrs&0&rDXHP&New&HV_AirDist__SupFanMtr/NE-HVAC-FanBelt-VBelt-Std/instance-out.sql,1.83,0.00
CZ11/Nrs&0&rDXHP&New&HV_AirDist__SupFanMtr/NE-HVAC-FanBelt-CoggedVBelt-Msr/instance-out.sql,2.50,0.00
CZ11/Nrs&0&rDXHP&New&HV_AirDist__SupFanMtr/NE-HVAC-FanBelt-SynchVBelt-Msr/instance-out.sql,1.83,0.00
CZ11/OfL&0&rDXHP&New&HV_AirDist__SupFanMtr/NE-HVAC-FanBelt-VBelt-Std/instance-out.sql,0.33,158.33
CZ11/OfL&0&rDXHP&New&HV_AirDist__SupFanMtr/NE-HVAC-FanBelt-CoggedVBelt-Msr/instance-out.sql,0.33,158.17
CZ11/OfL&0&rDXHP&New&HV_AirDist__SupFanMtr/NE-HVAC-FanBelt-SynchVBelt-Msr/instance-out.sql,0.17,157.83
CZ11/OfS&0&rDXHP&New&HV_AirDist__SupFanMtr/NE-HVAC-FanBelt-VBelt-Std/instance-out.sql,2.00,26.17
CZ11/OfS&0&rDXHP&New&HV_AirDist__SupFanMtr/NE-HVAC-FanBelt-CoggedVBelt-Msr/instance-out.sql,2.17,26.00
CZ11/OfS&0&rDXHP&New&HV_AirDist__SupFanMtr/NE-HVAC-FanBelt-SynchVBelt-Msr/instance-out.sql,2.17,26.00
CZ11/RFF&0&rDXHP&New&HV_AirDist__SupFanMtr/NE-HVAC-FanBelt-VBelt-Std/instance-out.sql,0.00,0.00
CZ11/RFF&0&rDXHP&New&HV_AirDist__SupFanMtr/NE-HVAC-FanBelt-CoggedVBelt-Msr/instance-out.sql,0.00,0.00
CZ11/RFF&0&rDXHP&New&HV_AirDist__SupFanMtr/NE-HVAC-FanBelt-SynchVBelt-Msr/instance-out.sql,0.00,0.00
CZ11/RSD&0&rDXHP&New&HV_AirDist__SupFanMtr/NE-HVAC-FanBelt-VBelt-Std/instance-out.sql,0.00,378.17
CZ11/RSD&0&rDXHP&New&HV_AirDist__SupFanMtr/NE-HVAC-FanBelt-CoggedVBelt-Msr/instance-out.sql,0.00,378.17
CZ11/RSD&0&rDXHP&New&HV_AirDist__SupFanMtr/NE-HVAC-FanBelt-SynchVBelt-Msr/instance-out.sql,0.00,378.17
CZ11/Rt3&0&rDXHP&New&HV_AirDist__SupFanMtr/NE-HVAC-FanBelt-VBelt-Std/instance-out.sql,0.00,0.00
CZ11/Rt3&0&rDXHP&New&HV_AirDist__SupFanMtr/NE-HVAC-FanBelt-CoggedVBelt-Msr/instance-out.sql,0.00,0.00
CZ11/Rt3&0&rDXHP&New&HV_AirDist__SupFanMtr/NE-HVAC-FanBelt-SynchVBelt-Msr/instance-out.sql,0.00,0.00
CZ11/RtL&0&rDXHP&New&HV_AirDist__SupFanMtr/NE-HVAC-FanBelt-VBelt-Std/instance-out.sql,0.00,0.00
CZ11/RtL&0&rDXHP&New&HV_AirDist__SupFanMtr/NE-HVAC-FanBelt-CoggedVBelt-Msr/instance-out.sql,0.00,0.00
CZ11/RtL&0&rDXHP&New&HV_AirDist__SupFanMtr/NE-HVAC-FanBelt-SynchVBelt-Msr/instance-out.sql,0.00,0.00
CZ11/RtS&0&rDXHP&New&HV_AirDist__SupFanMtr/NE-HVAC-FanBelt-VBelt-Std/instance-out.sql,0.17,0.00
CZ11/RtS&0&rDXHP&New&HV_AirDist__SupFanMtr/NE-HVAC-FanBelt-CoggedVBelt-Msr/instance-out.sql,0.17,0.00
CZ11/RtS&0&rDXHP&New&HV_AirDist__SupFanMtr/NE-HVAC-FanBelt-SynchVBelt-Msr/instance-out.sql,0.17,0.00
CZ11/SCn&0&rDXHP&New&HV_AirDist__SupFanMtr/NE-HVAC-FanBelt-VBelt-Std/instance-out.sql,0.17,0.00
CZ11/SCn&0&rDXHP&New&HV_AirDist__SupFanMtr/NE-HVAC-FanBelt-CoggedVBelt-Msr/instance-out.sql,0.17,0.00
CZ11/SCn&0&rDXHP&New&HV_AirDist__SupFanMtr/NE-HVAC-FanBelt-SynchVBelt-Msr/instance-out.sql,0.17,0.00
CZ12/Asm&0&rDXHP&New&HV_AirDist__SupFanMtr/NE-HVAC-FanBelt-VBelt-Std/instance-out.sql,4.83,0.33
CZ12/Asm&0&rDXHP&New&HV_AirDist__SupFanMtr/NE-HVAC-FanBelt-CoggedVBelt-Msr/instance-out.sql,4.83,0.17
CZ12/Asm&0&rDXHP&New&HV_AirDist__SupFanMtr/NE-HVAC-FanBelt-SynchVBelt-Msr/instance-out.sql,5.00,0.17
CZ12/ECC&0&rDXHP&New&HV_AirDist__SupFanMtr/NE-HVAC-FanBelt-VBelt-Std/instance-out.sql,0.00,760.00
CZ12/ECC&0&rDXHP&New&HV_AirDist__SupFanMtr/NE-HVAC-FanBelt-CoggedVBelt-Msr/instance-out.sql,0.00,760.33
CZ12/ECC&0&rDXHP&New&HV_AirDist__SupFanMtr/NE-HVAC-FanBelt-SynchVBelt-Msr/instance-out.sql,0.00,755.17
CZ12/EPr&0&rDXHP&New&HV_AirDist__SupFanMtr/NE-HVAC-FanBelt-VBelt-Std/instance-out.sql,4.00,0.00
CZ12/EPr&0&rDXHP&New&HV_AirDist__SupFanMtr/NE-HVAC-FanBelt-CoggedVBelt-Msr/instance-out.sql,4.17,0.00
CZ12/EPr&0&rDXHP&New&HV_AirDist__SupFanMtr/NE-HVAC-FanBelt-SynchVBelt-Msr/instance-out.sql,4.17,0.00
CZ12/ERC&0&rDXHP&New&HV_AirDist__SupFanMtr/NE-HVAC-FanBelt-VBelt-Std/instance-out.sql,0.00,0.00
CZ12/ERC&0&rDXHP&New&HV_AirDist__SupFanMtr/NE-HVAC-FanBelt-CoggedVBelt-Msr/instance-out.sql,0.00,0.00
CZ12/ERC&0&rDXHP&New&HV_AirDist__SupFanMtr/NE-HVAC-FanBelt-SynchVBelt-Msr/instance-out.sql,0.00,0.00
CZ12/ESe&0&rDXHP&New&HV_AirDist__SupFanMtr/NE-HVAC-FanBelt-VBelt-Std/instance-out.sql,1.00,0.00
CZ12/ESe&0&rDXHP&New&HV_AirDist__SupFanMtr/NE-HVAC-FanBelt-CoggedVBelt-Msr/instance-out.sql,1.00,0.00
CZ12/ESe&0&rDXHP&New&HV_AirDist__SupFanMtr/NE-HVAC-FanBelt-SynchVBelt-Msr/instance-out.sql,1.00,0.00
CZ12/EUn&0&rDXHP&New&HV_AirDist__SupFanMtr/NE-HVAC-FanBelt-VBelt-Std/instance-out.sql,0.00,23.83
CZ12/EUn&0&rDXHP&New&HV_AirDist__SupFanMtr/NE-HVAC-FanBelt-CoggedVBelt-Msr/instance-out.sql,0.00,23.67
CZ12/EUn&0&rDXHP&New&HV_AirDist__SupFanMtr/NE-HVAC-FanBelt-SynchVBelt-Msr/instance-out.sql,0.00,23.67
CZ12/Hsp&0&rDXHP&New&HV_AirDist__SupFanMtr/NE-HVAC-FanBelt-VBelt-Std/instance-out.sql,0.00,8.17
CZ12/Hsp&0&rDXHP&New&HV_AirDist__SupFanMtr/NE-HVAC-FanBelt-CoggedVBelt-Msr/instance-out.sql,0.00,8.17
CZ12/Hsp&0&rDXHP&New&HV_AirDist__SupFanMtr/NE-HVAC-FanBelt-SynchVBelt-Msr/instance-out.sql,0.00,8.17
CZ12/MBT&0&rDXHP&New&HV_AirDist__SupFanMtr/NE-HVAC-FanBelt-VBelt-Std/instance-out.sql,0.00,0.00
CZ12/MBT&0&rDXHP&New&HV_AirDist__SupFanMtr/NE-HVAC-FanBelt-CoggedVBelt-Msr/instance-out.sql,0.00,0.00
CZ12/MBT&0&rDXHP&New&HV_AirDist__SupFanMtr/NE-HVAC-FanBelt-SynchVBelt-Msr/instance-out.sql,0.00,0.00
CZ12/MLI&0&rDXHP&New&HV_AirDist__SupFanMtr/NE-HVAC-FanBelt-VBelt-Std/instance-out.sql,0.00,0.00
CZ12/MLI&0&rDXHP&New&HV_AirDist__SupFanMtr/NE-HVAC-FanBelt-CoggedVBelt-Msr/instance-out.sql,0.00,0.00
CZ12/MLI&0&rDXHP&New&HV_AirDist__SupFanMtr/NE-HVAC-FanBelt-SynchVBelt-Msr/instance-out.sql,0.00,0.00
CZ12/Mtl&0&rDXHP&New&HV_AirDist__SupFanMtr/NE-HVAC-FanBelt-VBelt-Std/instance-out.sql,0.00,75.00
CZ12/Mtl&0&rDXHP&New&HV_AirDist__SupFanMtr/NE-HVAC-FanBelt-CoggedVBelt-Msr/instance-out.sql,0.00,74.83
CZ12/Mtl&0&rDXHP&New&HV_AirDist__SupFanMtr/NE-HVAC-FanBelt-SynchVBelt-Msr/instance-out.sql,0.00,74.83
CZ12/Nrs&0&rDXHP&New&HV_AirDist__SupFanMtr/NE-HVAC-FanBelt-VBelt-Std/instance-out.sql,2.17,0.00
CZ12/Nrs&0&rDXHP&New&HV_AirDist__SupFanMtr/NE-HVAC-FanBelt-CoggedVBelt-Msr/instance-out.sql,2.17,0.00
CZ12/Nrs&0&rDXHP&New&HV_AirDist__SupFanMtr/NE-HVAC-FanBelt-SynchVBelt-Msr/instance-out.sql,2.17,0.00
CZ12/OfL&0&rDXHP&New&HV_AirDist__SupFanMtr/NE-HVAC-FanBelt-VBelt-Std/instance-out.sql,2.17,259.67
CZ12/OfL&0&rDXHP&New&HV_AirDist__SupFanMtr/NE-HVAC-FanBelt-CoggedVBelt-Msr/instance-out.sql,2.17,259.67
CZ12/OfL&0&rDXHP&New&HV_AirDist__SupFanMtr/NE-HVAC-FanBelt-SynchVBelt-Msr/instance-out.sql,2.67,259.67
CZ12/OfS&0&rDXHP&New&HV_AirDist__SupFanMtr/NE-HVAC-FanBelt-VBelt-Std/instance-out.sql,0.00,12.00
CZ12/OfS&0&rDXHP&New&HV_AirDist__SupFanMtr/NE-HVAC-FanBelt-CoggedVBelt-Msr/instance-out.sql,0.00,12.00
CZ12/OfS&0&rDXHP&New&HV_AirDist__SupFanMtr/NE-HVAC-FanBelt-SynchVBelt-Msr/instance-out.sql,0.00,12.00
CZ12/RFF&0&rDXHP&New&HV_AirDist__SupFanMtr/NE-HVAC-FanBelt-VBelt-Std/instance-out.sql,0.00,0.00
CZ12/RFF&0&rDXHP&New&HV_AirDist__SupFanMtr/NE-HVAC-FanBelt-CoggedVBelt-Msr/instance-out.sql,0.00,0.00
CZ12/RFF&0&rDXHP&New&HV_AirDist__SupFanMtr/NE-HVAC-FanBelt-SynchVBelt-Msr/instance-out.sql,0.00,0.00
CZ12/RSD&0&rDXHP&New&HV_AirDist__SupFanMtr/NE-HVAC-FanBelt-VBelt-Std/instance-out.sql,0.00,80.00
CZ12/RSD&0&rDXHP&New&HV_AirDist__SupFanMtr/NE-HVAC-FanBelt-CoggedVBelt-Msr/instance-out.sql,0.00,80.00
CZ12/RSD&0&rDXHP&New&HV_AirDist__SupFanMtr/NE-HVAC-FanBelt-SynchVBelt-Msr/instance-out.sql,0.00,80.00
CZ12/Rt3&0&rDXHP&New&HV_AirDist__SupFanMtr/NE-HVAC-FanBelt-VBelt-Std/instance-out.sql,0.00,0.00
CZ12/Rt3&0&rDXHP&New&HV_AirDist__SupFanMtr/NE-HVAC-FanBelt-CoggedVBelt-Msr/instance-out.sql,0.00,0.00
CZ12/Rt3&0&rDXHP&New&HV_AirDist__SupFanMtr/NE-HVAC-FanBelt-SynchVBelt-Msr/instance-out.sql,0.00,0.00
CZ12/RtL&0&rDXHP&New&HV_AirDist__SupFanMtr/NE-HVAC-FanBelt-VBelt-Std/instance-out.sql,0.00,0.00
CZ12/RtL&0&rDXHP&New&HV_AirDist__SupFanMtr/NE-HVAC-FanBelt-CoggedVBelt-Msr/instance-out.sql,0.00,0.00
CZ12/RtL&0&rDXHP&New&HV_AirDist__SupFanMtr/NE-HVAC-FanBelt-SynchVBelt-Msr/instance-out.sql,0.00,0.00
CZ12/RtS&0&rDXHP&New&HV_AirDist__SupFanMtr/NE-HVAC-FanBelt-VBelt-Std/instance-out.sql,0.00,0.00
CZ12/RtS&0&rDXHP&New&HV_AirDist__SupFanMtr/NE-HVAC-FanBelt-CoggedVBelt-Msr/instance-out.sql,0.00,0.00
CZ12/RtS&0&rDXHP&New&HV_AirDist__SupFanMtr/NE-HVAC-FanBelt-SynchVBelt-Msr/instance-out.sql,0.00,0.00
CZ12/SCn&0&rDXHP&New&HV_AirDist__SupFanMtr/NE-HVAC-FanBelt-VBelt-Std/instance-out.sql,0.00,0.00
CZ12/SCn&0&rDXHP&New&HV_AirDist__SupFanMtr/NE-HVAC-FanBelt-CoggedVBelt-Msr/instance-out.sql,0.00,0.00
CZ12/SCn&0&rDXHP&New&HV_AirDist__SupFanMtr/NE-HVAC-FanBelt-SynchVBelt-Msr/instance-out.sql,0.00,0.00
CZ13/Asm&0&rDXHP&New&HV_AirDist__SupFanMtr/NE-HVAC-FanBelt-VBelt-Std/instance-out.sql,1.50,16.33
CZ13/Asm&0&rDXHP&New&HV_AirDist__SupFanMtr/NE-HVAC-FanBelt-CoggedVBelt-Msr/instance-out.sql,1.67,15.83
CZ13/Asm&0&rDXHP&New&HV_AirDist__SupFanMtr/NE-HVAC-FanBelt-SynchVBelt-Msr/instance-out.sql,1.67,15.83
CZ13/ECC&0&rDXHP&New&HV_AirDist__SupFanMtr/NE-HVAC-FanBelt-VBelt-Std/instance-out.sql,0.00,858.83
CZ13/ECC&0&rDXHP&New&HV_AirDist__SupFanMtr/NE-HVAC-FanBelt-CoggedVBelt-Msr/instance-out.sql,0.00,881.17
CZ13/ECC&0&rDXHP&New&HV_AirDist__SupFanMtr/NE-HVAC-FanBelt-SynchVBelt-Msr/instance-out.sql,0.00,874.33
CZ13/EPr&0&rDXHP&New&HV_AirDist__SupFanMtr/NE-HVAC-FanBelt-VBelt-Std/instance-out.sql,0.17,0.33
CZ13/EPr&0&rDXHP&New&HV_AirDist__SupFanMtr/NE-HVAC-FanBelt-CoggedVBelt-Msr/instance-out.sql,0.17,0.33
CZ13/EPr&0&rDXHP&New&HV_AirDist__SupFanMtr/NE-HVAC-FanBelt-SynchVBelt-Msr/instance-out.sql,0.17,0.17
CZ13/ERC&0&rDXHP&New&HV_AirDist__SupFanMtr/NE-HVAC-FanBelt-VBelt-Std/instance-out.sql,0.00,0.00
CZ13/ERC&0&rDXHP&New&HV_AirDist__SupFanMtr/NE-HVAC-FanBelt-CoggedVBelt-Msr/instance-out.sql,0.00,0.00
CZ13/ERC&0&rDXHP&New&HV_AirDist__SupFanMtr/NE-HVAC-FanBelt-SynchVBelt-Msr/instance-out.sql,0.00,0.00
CZ13/ESe&0&rDXHP&New&HV_AirDist__SupFanMtr/NE-HVAC-FanBelt-VBelt-Std/instance-out.sql,0.00,0.00
CZ13/ESe&0&rDXHP&New&HV_AirDist__SupFanMtr/NE-HVAC-FanBelt-CoggedVBelt-Msr/instance-out.sql,0.00,0.00
CZ13/ESe&0&rDXHP&New&HV_AirDist__SupFanMtr/NE-HVAC-FanBelt-SynchVBelt-Msr/instance-out.sql,0.00,0.00
CZ13/EUn&0&rDXHP&New&HV_AirDist__SupFanMtr/NE-HVAC-FanBelt-VBelt-Std/instance-out.sql,0.00,38.50
CZ13/EUn&0&rDXHP&New&HV_AirDist__SupFanMtr/NE-HVAC-FanBelt-CoggedVBelt-Msr/instance-out.sql,0.00,38.50
CZ13/EUn&0&rDXHP&New&HV_AirDist__SupFanMtr/NE-HVAC-FanBelt-SynchVBelt-Msr/instance-out.sql,0.00,38.50
CZ13/Hsp&0&rDXHP&New&HV_AirDist__SupFanMtr/NE-HVAC-FanBelt-VBelt-Std/instance-out.sql,0.00,44.17
CZ13/Hsp&0&rDXHP&New&HV_AirDist__SupFanMtr/NE-HVAC-FanBelt-CoggedVBelt-Msr/instance-out.sql,0.00,44.17
CZ13/Hsp&0&rDXHP&New&HV_AirDist__SupFanMtr/NE-HVAC-FanBelt-SynchVBelt-Msr/instance-out.sql,0.00,44.17
CZ13/MBT&0&rDXHP&New&HV_AirDist__SupFanMtr/NE-HVAC-FanBelt-VBelt-Std/instance-out.sql,0.00,0.00
CZ13/MBT&0&rDXHP&New&HV_AirDist__SupFanMtr/NE-HVAC-FanBelt-CoggedVBelt-Msr/instance-out.sql,0.00,0.00
CZ13/MBT&0&rDXHP&New&HV_AirDist__SupFanMtr/NE-HVAC-FanBelt-SynchVBelt-Msr/instance-out.sql,0.00,0.00
CZ13/MLI&0&rDXHP&New&HV_AirDist__SupFanMtr/NE-HVAC-FanBelt-VBelt-Std/instance-out.sql,0.00,0.00
CZ13/MLI&0&rDXHP&New&HV_AirDist__SupFanMtr/NE-HVAC-FanBelt-CoggedVBelt-Msr/instance-out.sql,0.00,0.00
CZ13/MLI&0&rDXHP&New&HV_AirDist__SupFanMtr/NE-HVAC-FanBelt-SynchVBelt-Msr/instance-out.sql,0.00,0.00
CZ13/Mtl&0&rDXHP&New&HV_AirDist__SupFanMtr/NE-HVAC-FanBelt-VBelt-Std/instance-out.sql,0.00,106.17
CZ13/Mtl&0&rDXHP&New&HV_AirDist__SupFanMtr/NE-HVAC-FanBelt-CoggedVBelt-Msr/instance-out.sql,0.00,107.33
CZ13/Mtl&0&rDXHP&New&HV_AirDist__SupFanMtr/NE-HVAC-FanBelt-SynchVBelt-Msr/instance-out.sql,0.00,107.33
CZ13/Nrs&0&rDXHP&New&HV_AirDist__SupFanMtr/NE-HVAC-FanBelt-VBelt-Std/instance-out.sql,0.00,0.00
CZ13/Nrs&0&rDXHP&New&HV_AirDist__SupFanMtr/NE-HVAC-FanBelt-CoggedVBelt-Msr/instance-out.sql,0.00,0.00
CZ13/Nrs&0&rDXHP&New&HV_AirDist__SupFanMtr/NE-HVAC-FanBelt-SynchVBelt-Msr/instance-out.sql,0.00,0.00
CZ13/OfL&0&rDXHP&New&HV_AirDist__SupFanMtr/NE-HVAC-FanBelt-VBelt-Std/instance-out.sql,2.17,619.33
CZ13/OfL&0&rDXHP&New&HV_AirDist__SupFanMtr/NE-HVAC-FanBelt-CoggedVBelt-Msr/instance-out.sql,1.67,619.33
CZ13/OfL&0&rDXHP&New&HV_AirDist__SupFanMtr/NE-HVAC-FanBelt-SynchVBelt-Msr/instance-out.sql,2.17,619.33
CZ13/OfS&0&rDXHP&New&HV_AirDist__SupFanMtr/NE-HVAC-FanBelt-VBelt-Std/instance-out.sql,0.00,34.17
CZ13/OfS&0&rDXHP&New&HV_AirDist__SupFanMtr/NE-HVAC-FanBelt-CoggedVBelt-Msr/instance-out.sql,0.00,34.17
CZ13/OfS&0&rDXHP&New&HV_AirDist__SupFanMtr/NE-HVAC-FanBelt-SynchVBelt-Msr/instance-out.sql,0.00,34.17
CZ13/RFF&0&rDXHP&New&HV_AirDist__SupFanMtr/NE-HVAC-FanBelt-VBelt-Std/instance-out.sql,0.17,0.00
CZ13/RFF&0&rDXHP&New&HV_AirDist__SupFanMtr/NE-HVAC-FanBelt-CoggedVBelt-Msr/instance-out.sql,0.17,0.00
CZ13/RFF&0&rDXHP&New&HV_AirDist__SupFanMtr/NE-HVAC-FanBelt-SynchVBelt-Msr/instance-out.sql,0.00,0.00
CZ13/RSD&0&rDXHP&New&HV_AirDist__SupFanMtr/NE-HVAC-FanBelt-VBelt-Std/instance-out.sql,0.00,226.83
CZ13/RSD&0&rDXHP&New&HV_AirDist__SupFanMtr/NE-HVAC-FanBelt-CoggedVBelt-Msr/instance-out.sql,0.00,226.83
CZ13/RSD&0&rDXHP&New&HV_AirDist__SupFanMtr/NE-HVAC-FanBelt-SynchVBelt-Msr/instance-out.sql,0.00,226.83
CZ13/Rt3&0&rDXHP&New&HV_AirDist__SupFanMtr/NE-HVAC-FanBelt-VBelt-Std/instance-out.sql,0.00,0.00
CZ13/Rt3&0&rDXHP&New&HV_AirDist__SupFanMtr/NE-HVAC-FanBelt-CoggedVBelt-Msr/instance-out.sql,0.00,0.00
CZ13/Rt3&0&rDXHP&New&HV_AirDist__SupFanMtr/NE-HVAC-FanBelt-SynchVBelt-Msr/instance-out.sql,0.00,0.00
CZ13/RtL&0&rDXHP&New&HV_AirDist__SupFanMtr/NE-HVAC-FanBelt-VBelt-Std/instance-out.sql,0.00,0.00
CZ13/RtL&0&rDXHP&New&HV_AirDist__SupFanMtr/NE-HVAC-FanBelt-CoggedVBelt-Msr/instance-out.sql,0.00,0.00
CZ13/RtL&0&rDXHP&New&HV_AirDist__SupFanMtr/NE-HVAC-FanBelt-SynchVBelt-Msr/instance-out.sql,0.00,0.00
CZ13/RtS&0&rDXHP&New&HV_AirDist__SupFanMtr/NE-HVAC-FanBelt-VBelt-Std/instance-out.sql,0.00,0.00
CZ13/RtS&0&rDXHP&New&HV_AirDist__SupFanMtr/NE-HVAC-FanBelt-CoggedVBelt-Msr/instance-out.sql,0.00,0.00
CZ13/RtS&0&rDXHP&New&HV_AirDist__SupFanMtr/NE-HVAC-FanBelt-SynchVBelt-Msr/instance-out.sql,0.00,0.00
CZ13/SCn&0&rDXHP&New&HV_AirDist__SupFanMtr/NE-HVAC-FanBelt-VBelt-Std/instance-out.sql,0.00,0.00
CZ13/SCn&0&rDXHP&New&HV_AirDist__SupFanMtr/NE-HVAC-FanBelt-CoggedVBelt-Msr/instance-out.sql,0.00,0.00
CZ13/SCn&0&rDXHP&New&HV_AirDist__SupFanMtr/NE-HVAC-FanBelt-SynchVBelt-Msr/instance-out.sql,0.00,0.00
CZ14/Asm&0&rDXHP&New&HV_AirDist__SupFanMtr/NE-HVAC-FanBelt-VBelt-Std/instance-out.sql,0.83,1.83
CZ14/Asm&0&rDXHP&New&HV_AirDist__SupFanMtr/NE-HVAC-FanBelt-CoggedVBelt-Msr/instance-out.sql,0.83,1.83
CZ14/Asm&0&rDXHP&New&HV_AirDist__SupFanMtr/NE-HVAC-FanBelt-SynchVBelt-Msr/instance-out.sql,1.50,1.83
CZ14/ECC&0&rDXHP&New&HV_AirDist__SupFanMtr/NE-HVAC-FanBelt-VBelt-Std/instance-out.sql,0.00,1515.17
CZ14/ECC&0&rDXHP&New&HV_AirDist__SupFanMtr/NE-HVAC-FanBelt-CoggedVBelt-Msr/instance-out.sql,0.00,1525.83
CZ14/ECC&0&rDXHP&New&HV_AirDist__SupFanMtr/NE-HVAC-FanBelt-SynchVBelt-Msr/instance-out.sql,0.00,1529.00
CZ14/EPr&0&rDXHP&New&HV_AirDist__SupFanMtr/NE-HVAC-FanBelt-VBelt-Std/instance-out.sql,5.33,0.00
CZ14/EPr&0&rDXHP&New&HV_AirDist__SupFanMtr/NE-HVAC-FanBelt-CoggedVBelt-Msr/instance-out.sql,5.33,0.00
CZ14/EPr&0&rDXHP&New&HV_AirDist__SupFanMtr/NE-HVAC-FanBelt-SynchVBelt-Msr/instance-out.sql,5.33,0.00
CZ14/ERC&0&rDXHP&New&HV_AirDist__SupFanMtr/NE-HVAC-FanBelt-VBelt-Std/instance-out.sql,0.00,0.00
CZ14/ERC&0&rDXHP&New&HV_AirDist__SupFanMtr/NE-HVAC-FanBelt-CoggedVBelt-Msr/instance-out.sql,0.00,0.00
CZ14/ERC&0&rDXHP&New&HV_AirDist__SupFanMtr/NE-HVAC-FanBelt-SynchVBelt-Msr/instance-out.sql,0.00,0.00
CZ14/ESe&0&rDXHP&New&HV_AirDist__SupFanMtr/NE-HVAC-FanBelt-VBelt-Std/instance-out.sql,0.00,0.00
CZ14/ESe&0&rDXHP&New&HV_AirDist__SupFanMtr/NE-HVAC-FanBelt-CoggedVBelt-Msr/instance-out.sql,0.00,0.00
CZ14/ESe&0&rDXHP&New&HV_AirDist__SupFanMtr/NE-HVAC-FanBelt-SynchVBelt-Msr/instance-out.sql,0.00,0.00
CZ14/EUn&0&rDXHP&New&HV_AirDist__SupFanMtr/NE-HVAC-FanBelt-VBelt-Std/instance-out.sql,0.00,38.33
CZ14/EUn&0&rDXHP&New&HV_AirDist__SupFanMtr/NE-HVAC-FanBelt-CoggedVBelt-Msr/instance-out.sql,0.00,38.50
CZ14/EUn&0&rDXHP&New&HV_AirDist__SupFanMtr/NE-HVAC-FanBelt-SynchVBelt-Msr/instance-out.sql,0.00,38.50
CZ14/Hsp&0&rDXHP&New&HV_AirDist__SupFanMtr/NE-HVAC-FanBelt-VBelt-Std/instance-out.sql,0.00,22.00
CZ14/Hsp&0&rDXHP&New&HV_AirDist__SupFanMtr/NE-HVAC-FanBelt-CoggedVBelt-Msr/instance-out.sql,0.00,22.00
CZ14/Hsp&0&rDXHP&New&HV_AirDist__SupFanMtr/NE-HVAC-FanBelt-SynchVBelt-Msr/instance-out.sql,0.00,22.00
CZ14/MBT&0&rDXHP&New&HV_AirDist__SupFanMtr/NE-HVAC-FanBelt-VBelt-Std/instance-out.sql,0.00,266.67
CZ14/MBT&0&rDXHP&New&HV_AirDist__SupFanMtr/NE-HVAC-FanBelt-CoggedVBelt-Msr/instance-out.sql,0.00,266.33
CZ14/MBT&0&rDXHP&New&HV_AirDist__SupFanMtr/NE-HVAC-FanBelt-SynchVBelt-Msr/instance-out.sql,0.00,265.83
CZ14/MLI&0&rDXHP&New&HV_AirDist__SupFanMtr/NE-HVAC-FanBelt-VBelt-Std/instance-out.sql,0.00,0.00
CZ14/MLI&0&rDXHP&New&HV_AirDist__SupFanMtr/NE-HVAC-FanBelt-CoggedVBelt-Msr/instance-out.sql,0.00,0.00
CZ14/MLI&0&rDXHP&New&HV_AirDist__SupFanMtr/NE-HVAC-FanBelt-SynchVBelt-Msr/instance-out.sql,0.00,0.00
CZ14/Mtl&0&rDXHP&New&HV_AirDist__SupFanMtr/NE-HVAC-FanBelt-VBelt-Std/instance-out.sql,0.50,118.00
CZ14/Mtl&0&rDXHP&New&HV_AirDist__SupFanMtr/NE-HVAC-FanBelt-CoggedVBelt-Msr/instance-out.sql,0.50,118.00
CZ14/Mtl&0&rDXHP&New&HV_AirDist__SupFanMtr/NE-HVAC-FanBelt-SynchVBelt-Msr/instance-out.sql,0.50,118.00
CZ14/Nrs&0&rDXHP&New&HV_AirDist__SupFanMtr/NE-HVAC-FanBelt-VBelt-Std/instance-out.sql,0.33,0.00
CZ14/Nrs&0&rDXHP&New&HV_AirDist__SupFanMtr/NE-HVAC-FanBelt-CoggedVBelt-Msr/instance-out.sql,0.50,0.00
CZ14/Nrs&0&rDXHP&New&HV_AirDist__SupFanMtr/NE-HVAC-FanBelt-SynchVBelt-Msr/instance-out.sql,0.50,0.00
CZ14/OfL&0&rDXHP&New&HV_AirDist__SupFanMtr/NE-HVAC-FanBelt-VBelt-Std/instance-out.sql,0.17,157.33
CZ14/OfL&0&rDXHP&New&HV_AirDist__SupFanMtr/NE-HVAC-FanBelt-CoggedVBelt-Msr/instance-out.sql,0.17,157.50
CZ14/OfL&0&rDXHP&New&HV_AirDist__SupFanMtr/NE-HVAC-FanBelt-SynchVBelt-Msr/instance-out.sql,0.17,157.33
CZ14/OfS&0&rDXHP&New&HV_AirDist__SupFanMtr/NE-HVAC-FanBelt-VBelt-Std/instance-out.sql,0.00,29.67
CZ14/OfS&0&rDXHP&New&HV_AirDist__SupFanMtr/NE-HVAC-FanBelt-CoggedVBelt-Msr/instance-out.sql,0.00,29.67
CZ14/OfS&0&rDXHP&New&HV_AirDist__SupFanMtr/NE-HVAC-FanBelt-SynchVBelt-Msr/instance-out.sql,0.00,29.67
CZ14/RFF&0&rDXHP&New&HV_AirDist__SupFanMtr/NE-HVAC-FanBelt-VBelt-Std/instance-out.sql,0.00,0.00
CZ14/RFF&0&rDXHP&New&HV_AirDist__SupFanMtr/NE-HVAC-FanBelt-CoggedVBelt-Msr/instance-out.sql,0.00,0.00
CZ14/RFF&0&rDXHP&New&HV_AirDist__SupFanMtr/NE-HVAC-FanBelt-SynchVBelt-Msr/instance-out.sql,0.00,0.00
CZ14/RSD&0&rDXHP&New&HV_AirDist__SupFanMtr/NE-HVAC-FanBelt-VBelt-Std/instance-out.sql,0.00,167.17
CZ14/RSD&0&rDXHP&New&HV_AirDist__SupFanMtr/NE-HVAC-FanBelt-CoggedVBelt-Msr/instance-out.sql,0.00,167.17
CZ14/RSD&0&rDXHP&New&HV_AirDist__SupFanMtr/NE-HVAC-FanBelt-SynchVBelt-Msr/instance-out.sql,0.00,167.17
CZ14/Rt3&0&rDXHP&New&HV_AirDist__SupFanMtr/NE-HVAC-FanBelt-VBelt-Std/instance-out.sql,0.00,0.00
CZ14/Rt3&0&rDXHP&New&HV_AirDist__SupFanMtr/NE-HVAC-FanBelt-CoggedVBelt-Msr/instance-out.sql,0.00,0.00
CZ14/Rt3&0&rDXHP&New&HV_AirDist__SupFanMtr/NE-HVAC-FanBelt-SynchVBelt-Msr/instance-out.sql,0.00,0.00
CZ14/RtL&0&rDXHP&New&HV_AirDist__SupFanMtr/NE-HVAC-FanBelt-VBelt-Std/instance-out.sql,0.00,0.00
CZ14/RtL&0&rDXHP&New&HV_AirDist__SupFanMtr/NE-HVAC-FanBelt-CoggedVBelt-Msr/instance-out.sql,0.00,0.00
CZ14/RtL&0&rDXHP&New&HV_AirDist__SupFanMtr/NE-HVAC-FanBelt-SynchVBelt-Msr/instance-out.sql,0.00,0.00
CZ14/RtS&0&rDXHP&New&HV_AirDist__SupFanMtr/NE-HVAC-FanBelt-VBelt-Std/instance-out.sql,0.00,0.00
CZ14/RtS&0&rDXHP&New&HV_AirDist__SupFanMtr/NE-HVAC-FanBelt-CoggedVBelt-Msr/instance-out.sql,0.00,0.00
CZ14/RtS&0&rDXHP&New&HV_AirDist__SupFanMtr/NE-HVAC-FanBelt-SynchVBelt-Msr/instance-out.sql,0.00,0.00
CZ14/SCn&0&rDXHP&New&HV_AirDist__SupFanMtr/NE-HVAC-FanBelt-VBelt-Std/instance-out.sql,0.83,0.00
CZ14/SCn&0&rDXHP&New&HV_AirDist__SupFanMtr/NE-HVAC-FanBelt-CoggedVBelt-Msr/instance-out.sql,0.83,0.00
CZ14/SCn&0&rDXHP&New&HV_AirDist__SupFanMtr/NE-HVAC-FanBelt-SynchVBelt-Msr/instance-out.sql,0.83,0.00
CZ15/Asm&0&rDXHP&New&HV_AirDist__SupFanMtr/NE-HVAC-FanBelt-VBelt-Std/instance-out.sql,0.00,302.83
CZ15/Asm&0&rDXHP&New&HV_AirDist__SupFanMtr/NE-HVAC-FanBelt-CoggedVBelt-Msr/instance-out.sql,0.00,298.50
CZ15/Asm&0&rDXHP&New&HV_AirDist__SupFanMtr/NE-HVAC-FanBelt-SynchVBelt-Msr/instance-out.sql,0.00,295.50
CZ15/ECC&0&rDXHP&New&HV_AirDist__SupFanMtr/NE-HVAC-FanBelt-VBelt-Std/instance-out.sql,0.00,1101.17
CZ15/ECC&0&rDXHP&New&HV_AirDist__SupFanMtr/NE-HVAC-FanBelt-CoggedVBelt-Msr/instance-out.sql,0.00,1109.00
CZ15/ECC&0&rDXHP&New&HV_AirDist__SupFanMtr/NE-HVAC-FanBelt-SynchVBelt-Msr/instance-out.sql,0.00,1103.33
CZ15/EPr&0&rDXHP&New&HV_AirDist__SupFanMtr/NE-HVAC-FanBelt-VBelt-Std/instance-out.sql,0.00,87.67
CZ15/EPr&0&rDXHP&New&HV_AirDist__SupFanMtr/NE-HVAC-FanBelt-CoggedVBelt-Msr/instance-out.sql,0.00,84.00
CZ15/EPr&0&rDXHP&New&HV_AirDist__SupFanMtr/NE-HVAC-FanBelt-SynchVBelt-Msr/instance-out.sql,0.00,80.50
CZ15/ERC&0&rDXHP&New&HV_AirDist__SupFanMtr/NE-HVAC-FanBelt-VBelt-Std/instance-out.sql,0.00,0.00
CZ15/ERC&0&rDXHP&New&HV_AirDist__SupFanMtr/NE-HVAC-FanBelt-CoggedVBelt-Msr/instance-out.sql,0.00,0.00
CZ15/ERC&0&rDXHP&New&HV_AirDist__SupFanMtr/NE-HVAC-FanBelt-SynchVBelt-Msr/instance-out.sql,0.00,0.00
CZ15/ESe&0&rDXHP&New&HV_AirDist__SupFanMtr/NE-HVAC-FanBelt-VBelt-Std/instance-out.sql,0.00,93.00
CZ15/ESe&0&rDXHP&New&HV_AirDist__SupFanMtr/NE-HVAC-FanBelt-CoggedVBelt-Msr/instance-out.sql,0.00,93.00
CZ15/ESe&0&rDXHP&New&HV_AirDist__SupFanMtr/NE-HVAC-FanBelt-SynchVBelt-Msr/instance-out.sql,0.00,93.00
CZ15/EUn&0&rDXHP&New&HV_AirDist__SupFanMtr/NE-HVAC-FanBelt-VBelt-Std/instance-out.sql,0.00,75.00
CZ15/EUn&0&rDXHP&New&HV_AirDist__SupFanMtr/NE-HVAC-FanBelt-CoggedVBelt-Msr/instance-out.sql,0.00,74.50
CZ15/EUn&0&rDXHP&New&HV_AirDist__SupFanMtr/NE-HVAC-FanBelt-SynchVBelt-Msr/instance-out.sql,0.00,74.00
CZ15/Hsp&0&rDXHP&New&HV_AirDist__SupFanMtr/NE-HVAC-FanBelt-VBelt-Std/instance-out.sql,0.00,123.17
CZ15/Hsp&0&rDXHP&New&HV_AirDist__SupFanMtr/NE-HVAC-FanBelt-CoggedVBelt-Msr/instance-out.sql,0.00,123.17
CZ15/Hsp&0&rDXHP&New&HV_AirDist__SupFanMtr/NE-HVAC-FanBelt-SynchVBelt-Msr/instance-out.sql,0.00,123.00
CZ15/MBT&0&rDXHP&New&HV_AirDist__SupFanMtr/NE-HVAC-FanBelt-VBelt-Std/instance-out.sql,0.00,191.50
CZ15/MBT&0&rDXHP&New&HV_AirDist__SupFanMtr/NE-HVAC-FanBelt-CoggedVBelt-Msr/instance-out.sql,0.00,191.50
CZ15/MBT&0&rDXHP&New&HV_AirDist__SupFanMtr/NE-HVAC-FanBelt-SynchVBelt-Msr/instance-out.sql,0.00,191.33
CZ15/MLI&0&rDXHP&New&HV_AirDist__SupFanMtr/NE-HVAC-FanBelt-VBelt-Std/instance-out.sql,0.00,0.00
CZ15/MLI&0&rDXHP&New&HV_AirDist__SupFanMtr/NE-HVAC-FanBelt-CoggedVBelt-Msr/instance-out.sql,0.00,0.00
CZ15/MLI&0&rDXHP&New&HV_AirDist__SupFanMtr/NE-HVAC-FanBelt-SynchVBelt-Msr/instance-out.sql,0.00,0.00
CZ15/Mtl&0&rDXHP&New&HV_AirDist__SupFanMtr/NE-HVAC-FanBelt-VBelt-Std/instance-out.sql,0.00,179.33
CZ15/Mtl&0&rDXHP&New&HV_AirDist__SupFanMtr/NE-HVAC-FanBelt-CoggedVBelt-Msr/instance-out.sql,0.00,178.67
CZ15/Mtl&0&rDXHP&New&HV_AirDist__SupFanMtr/NE-HVAC-FanBelt-SynchVBelt-Msr/instance-out.sql,0.00,178.33
CZ15/Nrs&0&rDXHP&New&HV_AirDist__SupFanMtr/NE-HVAC-FanBelt-VBelt-Std/instance-out.sql,0.00,31.33
CZ15/Nrs&0&rDXHP&New&HV_AirDist__SupFanMtr/NE-HVAC-FanBelt-CoggedVBelt-Msr/instance-out.sql,0.00,30.17
CZ15/Nrs&0&rDXHP&New&HV_AirDist__SupFanMtr/NE-HVAC-FanBelt-SynchVBelt-Msr/instance-out.sql,0.00,28.67
CZ15/OfL&0&rDXHP&New&HV_AirDist__SupFanMtr/NE-HVAC-FanBelt-VBelt-Std/instance-out.sql,1.17,265.67
CZ15/OfL&0&rDXHP&New&HV_AirDist__SupFanMtr/NE-HVAC-FanBelt-CoggedVBelt-Msr/instance-out.sql,1.17,265.33
CZ15/OfL&0&rDXHP&New&HV_AirDist__SupFanMtr/NE-HVAC-FanBelt-SynchVBelt-Msr/instance-out.sql,1.17,265.50
CZ15/OfS&0&rDXHP&New&HV_AirDist__SupFanMtr/NE-HVAC-FanBelt-VBelt-Std/instance-out.sql,0.00,53.33
CZ15/OfS&0&rDXHP&New&HV_AirDist__SupFanMtr/NE-HVAC-FanBelt-CoggedVBelt-Msr/instance-out.sql,0.00,53.33
CZ15/OfS&0&rDXHP&New&HV_AirDist__SupFanMtr/NE-HVAC-FanBelt-SynchVBelt-Msr/instance-out.sql,0.00,53.33
CZ15/RFF&0&rDXHP&New&HV_AirDist__SupFanMtr/NE-HVAC-FanBelt-VBelt-Std/instance-out.sql,0.00,9.00
CZ15/RFF&0&rDXHP&New&HV_AirDist__SupFanMtr/NE-HVAC-FanBelt-CoggedVBelt-Msr/instance-out.sql,0.00,9.00
CZ15/RFF&0&rDXHP&New&HV_AirDist__SupFanMtr/NE-HVAC-FanBelt-SynchVBelt-Msr/instance-out.sql,0.00,8.83
CZ15/RSD&0&rDXHP&New&HV_AirDist__SupFanMtr/NE-HVAC-FanBelt-VBelt-Std/instance-out.sql,0.00,209.50
CZ15/RSD&0&rDXHP&New&HV_AirDist__SupFanMtr/NE-HVAC-FanBelt-CoggedVBelt-Msr/instance-out.sql,0.00,209.50
CZ15/RSD&0&rDXHP&New&HV_AirDist__SupFanMtr/NE-HVAC-FanBelt-SynchVBelt-Msr/instance-out.sql,0.00,209.50
CZ15/Rt3&0&rDXHP&New&HV_AirDist__SupFanMtr/NE-HVAC-FanBelt-VBelt-Std/instance-out.sql,0.00,10.67
CZ15/Rt3&0&rDXHP&New&HV_AirDist__SupFanMtr/NE-HVAC-FanBelt-CoggedVBelt-Msr/instance-out.sql,0.00,10.00
CZ15/Rt3&0&rDXHP&New&HV_AirDist__SupFanMtr/NE-HVAC-FanBelt-SynchVBelt-Msr/instance-out.sql,0.00,9.83
CZ15/RtL&0&rDXHP&New&HV_AirDist__SupFanMtr/NE-HVAC-FanBelt-VBelt-Std/instance-out.sql,0.00,0.00
CZ15/RtL&0&rDXHP&New&HV_AirDist__SupFanMtr/NE-HVAC-FanBelt-CoggedVBelt-Msr/instance-out.sql,0.00,0.00
CZ15/RtL&0&rDXHP&New&HV_AirDist__SupFanMtr/NE-HVAC-FanBelt-SynchVBelt-Msr/instance-out.sql,0.00,0.00
CZ15/RtS&0&rDXHP&New&HV_AirDist__SupFanMtr/NE-HVAC-FanBelt-VBelt-Std/instance-out.sql,0.00,3.67
CZ15/RtS&0&rDXHP&New&HV_AirDist__SupFanMtr/NE-HVAC-FanBelt-CoggedVBelt-Msr/instance-out.sql,0.00,3.50
CZ15/RtS&0&rDXHP&New&HV_AirDist__SupFanMtr/NE-HVAC-FanBelt-SynchVBelt-Msr/instance-out.sql,0.00,3.00
CZ15/SCn&0&rDXHP&New&HV_AirDist__SupFanMtr/NE-HVAC-FanBelt-VBelt-Std/instance-out.sql,0.17,0.00
CZ15/SCn&0&rDXHP&New&HV_AirDist__SupFanMtr/NE-HVAC-FanBelt-CoggedVBelt-Msr/instance-out.sql,0.17,0.00
CZ15/SCn&0&rDXHP&New&HV_AirDist__SupFanMtr/NE-HVAC-FanBelt-SynchVBelt-Msr/instance-out.sql,0.17,0.00
CZ16/Asm&0&rDXHP&New&HV_AirDist__SupFanMtr/NE-HVAC-FanBelt-VBelt-Std/instance-out.sql,1.00,0.00
CZ16/Asm&0&rDXHP&New&HV_AirDist__SupFanMtr/NE-HVAC-FanBelt-CoggedVBelt-Msr/instance-out.sql,0.83,0.00
CZ16/Asm&0&rDXHP&New&HV_AirDist__SupFanMtr/NE-HVAC-FanBelt-SynchVBelt-Msr/instance-out.sql,0.83,0.00
CZ16/ECC&0&rDXHP&New&HV_AirDist__SupFanMtr/NE-HVAC-FanBelt-VBelt-Std/instance-out.sql,0.00,1683.17
CZ16/ECC&0&rDXHP&New&HV_AirDist__SupFanMtr/NE-HVAC-FanBelt-CoggedVBelt-Msr/instance-out.sql,0.00,1681.33
CZ16/ECC&0&rDXHP&New&HV_AirDist__SupFanMtr/NE-HVAC-FanBelt-SynchVBelt-Msr/instance-out.sql,0.00,1682.50
CZ16/EPr&0&rDXHP&New&HV_AirDist__SupFanMtr/NE-HVAC-FanBelt-VBelt-Std/instance-out.sql,4.33,0.00
CZ16/EPr&0&rDXHP&New&HV_AirDist__SupFanMtr/NE-HVAC-FanBelt-CoggedVBelt-Msr/instance-out.sql,4.33,0.00
CZ16/EPr&0&rDXHP&New&HV_AirDist__SupFanMtr/NE-HVAC-FanBelt-SynchVBelt-Msr/instance-out.sql,4.33,0.00
CZ16/ERC&0&rDXHP&New&HV_AirDist__SupFanMtr/NE-HVAC-FanBelt-VBelt-Std/instance-out.sql,4.33,0.00
CZ16/ERC&0&rDXHP&New&HV_AirDist__SupFanMtr/NE-HVAC-FanBelt-CoggedVBelt-Msr/instance-out.sql,4.33,0.00
CZ16/ERC&0&rDXHP&New&HV_AirDist__SupFanMtr/NE-HVAC-FanBelt-SynchVBelt-Msr/instance-out.sql,4.33,0.00
CZ16/ESe&0&rDXHP&New&HV_AirDist__SupFanMtr/NE-HVAC-FanBelt-VBelt-Std/instance-out.sql,0.00,0.00
CZ16/ESe&0&rDXHP&New&HV_AirDist__SupFanMtr/NE-HVAC-FanBelt-CoggedVBelt-Msr/instance-out.sql,0.00,0.00
CZ16/ESe&0&rDXHP&New&HV_AirDist__SupFanMtr/NE-HVAC-FanBelt-SynchVBelt-Msr/instance-out.sql,0.00,0.00
CZ16/EUn&0&rDXHP&New&HV_AirDist__SupFanMtr/NE-HVAC-FanBelt-VBelt-Std/instance-out.sql,0.00,30.33
CZ16/EUn&0&rDXHP&New&HV_AirDist__SupFanMtr/NE-HVAC-FanBelt-CoggedVBelt-Msr/instance-out.sql,0.00,30.33
CZ16/EUn&0&rDXHP&New&HV_AirDist__SupFanMtr/NE-HVAC-FanBelt-SynchVBelt-Msr/instance-out.sql,0.00,30.33
CZ16/Hsp&0&rDXHP&New&HV_AirDist__SupFanMtr/NE-HVAC-FanBelt-VBelt-Std/instance-out.sql,0.00,115.33
CZ16/Hsp&0&rDXHP&New&HV_AirDist__SupFanMtr/NE-HVAC-FanBelt-CoggedVBelt-Msr/instance-out.sql,0.00,115.33
CZ16/Hsp&0&rDXHP&New&HV_AirDist__SupFanMtr/NE-HVAC-FanBelt-SynchVBelt-Msr/instance-out.sql,0.00,115.33
CZ16/MBT&0&rDXHP&New&HV_AirDist__SupFanMtr/NE-HVAC-FanBelt-VBelt-Std/instance-out.sql,12.33,132.83
CZ16/MBT&0&rDXHP&New&HV_AirDist__SupFanMtr/NE-HVAC-FanBelt-CoggedVBelt-Msr/instance-out.sql,13.83,132.17
CZ16/MBT&0&rDXHP&New&HV_AirDist__SupFanMtr/NE-HVAC-FanBelt-SynchVBelt-Msr/instance-out.sql,15.00,131.50
CZ16/MLI&0&rDXHP&New&HV_AirDist__SupFanMtr/NE-HVAC-FanBelt-VBelt-Std/instance-out.sql,0.00,0.00
CZ16/MLI&0&rDXHP&New&HV_AirDist__SupFanMtr/NE-HVAC-FanBelt-CoggedVBelt-Msr/instance-out.sql,0.00,0.00
CZ16/MLI&0&rDXHP&New&HV_AirDist__SupFanMtr/NE-HVAC-FanBelt-SynchVBelt-Msr/instance-out.sql,0.00,0.00
CZ16/Mtl&0&rDXHP&New&HV_AirDist__SupFanMtr/NE-HVAC-FanBelt-VBelt-Std/instance-out.sql,8.50,65.17
CZ16/Mtl&0&rDXHP&New&HV_AirDist__SupFanMtr/NE-HVAC-FanBelt-CoggedVBelt-Msr/instance-out.sql,8.50,65.17
CZ16/Mtl&0&rDXHP&New&HV_AirDist__SupFanMtr/NE-HVAC-FanBelt-SynchVBelt-Msr/instance-out.sql,8.67,64.17
CZ16/Nrs&0&rDXHP&New&HV_AirDist__SupFanMtr/NE-HVAC-FanBelt-VBelt-Std/instance-out.sql,0.00,0.00
CZ16/Nrs&0&rDXHP&New&HV_AirDist__SupFanMtr/NE-HVAC-FanBelt-CoggedVBelt-Msr/instance-out.sql,0.00,0.00
CZ16/Nrs&0&rDXHP&New&HV_AirDist__SupFanMtr/NE-HVAC-FanBelt-SynchVBelt-Msr/instance-out.sql,0.17,0.00
CZ16/OfL&0&rDXHP&New&HV_AirDist__SupFanMtr/NE-HVAC-FanBelt-VBelt-Std/instance-out.sql,6.50,101.67
CZ16/OfL&0&rDXHP&New&HV_AirDist__SupFanMtr/NE-HVAC-FanBelt-CoggedVBelt-Msr/instance-out.sql,6.83,101.67
CZ16/OfL&0&rDXHP&New&HV_AirDist__SupFanMtr/NE-HVAC-FanBelt-SynchVBelt-Msr/instance-out.sql,6.83,101.67
CZ16/OfS&0&rDXHP&New&HV_AirDist__SupFanMtr/NE-HVAC-FanBelt-VBelt-Std/instance-out.sql,4.33,16.33
CZ16/OfS&0&rDXHP&New&HV_AirDist__SupFanMtr/NE-HVAC-FanBelt-CoggedVBelt-Msr/instance-out.sql,4.67,16.33
CZ16/OfS&0&rDXHP&New&HV_AirDist__SupFanMtr/NE-HVAC-FanBelt-SynchVBelt-Msr/instance-out.sql,4.17,16.33
CZ16/RFF&0&rDXHP&New&HV_AirDist__SupFanMtr/NE-HVAC-FanBelt-VBelt-Std/instance-out.sql,0.00,0.00
CZ16/RFF&0&rDXHP&New&HV_AirDist__SupFanMtr/NE-HVAC-FanBelt-CoggedVBelt-Msr/instance-out.sql,0.00,0.00
CZ16/RFF&0&rDXHP&New&HV_AirDist__SupFanMtr/NE-HVAC-FanBelt-SynchVBelt-Msr/instance-out.sql,0.00,0.00
CZ16/RSD&0&rDXHP&New&HV_AirDist__SupFanMtr/NE-HVAC-FanBelt-VBelt-Std/instance-out.sql,0.00,0.00
CZ16/RSD&0&rDXHP&New&HV_AirDist__SupFanMtr/NE-HVAC-FanBelt-CoggedVBelt-Msr/instance-out.sql,0.00,0.00
CZ16/RSD&0&rDXHP&New&HV_AirDist__SupFanMtr/NE-HVAC-FanBelt-SynchVBelt-Msr/instance-out.sql,0.00,0.00
CZ16/Rt3&0&rDXHP&New&HV_AirDist__SupFanMtr/NE-HVAC-FanBelt-VBelt-Std/instance-out.sql,0.00,0.00
CZ16/Rt3&0&rDXHP&New&HV_AirDist__SupFanMtr/NE-HVAC-FanBelt-CoggedVBelt-Msr/instance-out.sql,0.17,0.00
CZ16/Rt3&0&rDXHP&New&HV_AirDist__SupFanMtr/NE-HVAC-FanBelt-SynchVBelt-Msr/instance-out.sql,0.17,0.00
CZ16/RtL&0&rDXHP&New&HV_AirDist__SupFanMtr/NE-HVAC-FanBelt-VBelt-Std/instance-out.sql,0.00,0.00
CZ16/RtL&0&rDXHP&New&HV_AirDist__SupFanMtr/NE-HVAC-FanBelt-CoggedVBelt-Msr/instance-out.sql,0.00,0.00
CZ16/RtL&0&rDXHP&New&HV_AirDist__SupFanMtr/NE-HVAC-FanBelt-SynchVBelt-Msr/instance-out.sql,0.00,0.00
CZ16/RtS&0&rDXHP&New&HV_AirDist__SupFanMtr/NE-HVAC-FanBelt-VBelt-Std/instance-out.sql,0.17,0.00
CZ16/RtS&0&rDXHP&New&HV_AirDist__SupFanMtr/NE-HVAC-FanBelt-CoggedVBelt-Msr/instance-out.sql,0.17,0.00
CZ16/RtS&0&rDXHP&New&HV_AirDist__SupFanMtr/NE-HVAC-FanBelt-SynchVBelt-Msr/instance-out.sql,0.33,0.00
CZ16/SCn&0&rDXHP&New&HV_AirDist__SupFanMtr/NE-HVAC-FanBelt-VBelt-Std/instance-out.sql,1.33,0.00
CZ16/SCn&0&rDXHP&New&HV_AirDist__SupFanMtr/NE-HVAC-FanBelt-CoggedVBelt-Msr/instance-out.sql,1.50,0.00
CZ16/SCn&0&rDXHP&New&HV_AirDist__SupFanMtr/NE-HVAC-FanBelt-SynchVBelt-Msr/instance-out.sql,1.50,0.00

