Building Type,Measure,System Type,Run Type,Climate Zone,Average Temperature,Average Electric Energy
Asm,M1,cDXGF,Base,CZ01,16.715000000000003,337355132.8769328
Asm,M1,cDXGF,Base,CZ02,25.97041666666667,511630946.6207228
Asm,M1,cDXGF,Base,CZ03,24.965,477031113.5767175
Asm,M1,cDXGF,Base,CZ04,32.625416666666666,674684983.2393477
Asm,M1,cDXGF,Base,CZ05,22.50375,436616392.5754348
Asm,M1,cDXGF,Base,CZ06,25.295833333333334,504577360.01657367
Asm,M1,cDXGF,Base,CZ07,25.2725,559797567.3654659
Asm,M1,cDXGF,Base,CZ08,32.28541666666666,672607340.0628046
Asm,M1,cDXGF,Base,CZ09,35.456250000000004,747467555.4141383
Asm,M1,cDXGF,Base,CZ10,35.55666666666667,741416198.3584322
Asm,M1,cDXGF,Base,CZ11,36.25708333333334,790222030.895361
Asm,M1,cDXGF,Base,CZ12,33.139583333333334,684287445.049413
Asm,M1,cDXGF,Base,CZ13,37.3975,817268858.7971498
Asm,M1,cDXGF,Base,CZ14,33.69791666666667,741541127.3258566
Asm,M1,cDXGF,Base,CZ15,42.32083333333334,919761615.5281706
Asm,M1,cDXGF,Base,CZ16,25.15416666666667,567476126.59096
Asm,M1,cDXGF,Measure,CZ01,16.715000000000003,342812224.87117624
Asm,M1,cDXGF,Measure,CZ02,25.97041666666667,529153590.3175074
Asm,M1,cDXGF,Measure,CZ03,24.965,491160969.82909656
Asm,M1,cDXGF,Measure,CZ04,32.625416666666666,688507264.4717566
Asm,M1,cDXGF,Measure,CZ05,22.50375,450133995.77869666
Asm,M1,cDXGF,Measure,CZ06,25.295833333333334,512749695.00851893
Asm,M1,cDXGF,Measure,CZ07,25.2725,566056556.8232841
Asm,M1,cDXGF,Measure,CZ08,32.28541666666666,681634090.6642959
Asm,M1,cDXGF,Measure,CZ09,35.456250000000004,754911884.1643584
Asm,M1,cDXGF,Measure,CZ10,35.55666666666667,749929314.6370391
Asm,M1,cDXGF,Measure,CZ11,36.25708333333334,795191953.7434204
Asm,M1,cDXGF,Measure,CZ12,33.139583333333334,695335525.7183954
Asm,M1,cDXGF,Measure,CZ13,37.3975,820775930.4287539
Asm,M1,cDXGF,Measure,CZ14,33.69791666666667,744054661.0985677
Asm,M1,cDXGF,Measure,CZ15,42.32083333333334,919854067.385013
Asm,M1,cDXGF,Measure,CZ16,25.15416666666667,569519005.3693354
Asm,M1,cDXHP,Base,CZ01,16.715000000000003,344426618.8455821
Asm,M1,cDXHP,Base,CZ02,25.97041666666667,512092048.7993036
Asm,M1,cDXHP,Base,CZ03,24.965,479096547.0285542
Asm,M1,cDXHP,Base,CZ04,32.625416666666666,675557355.5878751
Asm,M1,cDXHP,Base,CZ05,22.50375,440490072.8882338
Asm,M1,cDXHP,Base,CZ06,25.295833333333334,507657749.7543243
Asm,M1,cDXHP,Base,CZ07,25.2725,549651456.7277818
Asm,M1,cDXHP,Base,CZ08,32.28541666666666,675556701.8564376
Asm,M1,cDXHP,Base,CZ09,35.456250000000004,749939445.2348819
Asm,M1,cDXHP,Base,CZ10,35.55666666666667,741490945.2021227
Asm,M1,cDXHP,Base,CZ11,36.25708333333334,790407521.2523992
Asm,M1,cDXHP,Base,CZ12,33.139583333333334,685057932.6551833
Asm,M1,cDXHP,Base,CZ13,37.3975,817649914.0188217
Asm,M1,cDXHP,Base,CZ14,33.69791666666667,741848388.0005774
Asm,M1,cDXHP,Base,CZ15,42.32083333333334,919761615.5281693
Asm,M1,cDXHP,Base,CZ16,25.15416666666667,572800540.7424743
Asm,M1,cDXHP,Measure,CZ01,16.715000000000003,346407872.7699112
Asm,M1,cDXHP,Measure,CZ02,25.97041666666667,529542295.99280566
Asm,M1,cDXHP,Measure,CZ03,24.965,492580274.01224804
Asm,M1,cDXHP,Measure,CZ04,32.625416666666666,689433017.8307989
Asm,M1,cDXHP,Measure,CZ05,22.50375,452970695.5989076
Asm,M1,cDXHP,Measure,CZ06,25.295833333333334,515959303.64302313
Asm,M1,cDXHP,Measure,CZ07,25.2725,555986325.0976044
Asm,M1,cDXHP,Measure,CZ08,32.28541666666666,684784611.2710359
Asm,M1,cDXHP,Measure,CZ09,35.456250000000004,757406854.702994
Asm,M1,cDXHP,Measure,CZ10,35.55666666666667,750006932.5311893
Asm,M1,cDXHP,Measure,CZ11,36.25708333333334,795378610.1228495
Asm,M1,cDXHP,Measure,CZ12,33.139583333333334,696127732.5364721
Asm,M1,cDXHP,Measure,CZ13,37.3975,821157998.0561063
Asm,M1,cDXHP,Measure,CZ14,33.69791666666667,744359493.4454715
Asm,M1,cDXHP,Measure,CZ15,42.32083333333334,919854067.385014
Asm,M1,cDXHP,Measure,CZ16,25.15416666666667,574969792.6403028
Asm,M1,cPTAC,Base,CZ01,16.715000000000003,336067209.32337177
Asm,M1,cPTAC,Base,CZ02,25.97041666666667,510807756.9560114
Asm,M1,cPTAC,Base,CZ03,24.965,476371059.7492196
Asm,M1,cPTAC,Base,CZ04,32.625416666666666,674593939.6464093
Asm,M1,cPTAC,Base,CZ05,22.50375,435076506.530438
Asm,M1,cPTAC,Base,CZ06,25.295833333333334,504577341.10040486
Asm,M1,cPTAC,Base,CZ07,25.2725,559797567.364406
Asm,M1,cPTAC,Base,CZ08,32.28541666666666,672606591.782295
Asm,M1,cPTAC,Base,CZ09,35.456250000000004,747410683.3166804
Asm,M1,cPTAC,Base,CZ10,35.55666666666667,741382129.6933782
Asm,M1,cPTAC,Base,CZ11,36.25708333333334,790222030.8928106
Asm,M1,cPTAC,Base,CZ12,33.139583333333334,684286728.3344632
Asm,M1,cPTAC,Base,CZ13,37.3975,817268858.7970037
Asm,M1,cPTAC,Base,CZ14,33.69791666666667,741541153.9319658
Asm,M1,cPTAC,Base,CZ15,42.32083333333334,919761073.3568425
Asm,M1,cPTAC,Base,CZ16,25.15416666666667,567476132.669687
Asm,M1,cPTAC,Measure,CZ01,16.715000000000003,341166808.50152194
Asm,M1,cPTAC,Measure,CZ02,25.97041666666667,528941145.9584286
Asm,M1,cPTAC,Measure,CZ03,24.965,490903078.8397255
Asm,M1,cPTAC,Measure,CZ04,32.625416666666666,688498758.1906894
Asm,M1,cPTAC,Measure,CZ05,22.50375,449057561.8910413
Asm,M1,cPTAC,Measure,CZ06,25.295833333333334,512749695.00852185
Asm,M1,cPTAC,Measure,CZ07,25.2725,566056556.8232785
Asm,M1,cPTAC,Measure,CZ08,32.28541666666666,681634090.6642755
Asm,M1,cPTAC,Measure,CZ09,35.456250000000004,754902396.9451523
Asm,M1,cPTAC,Measure,CZ10,35.55666666666667,749928840.2635423
Asm,M1,cPTAC,Measure,CZ11,36.25708333333334,795191953.7398434
Asm,M1,cPTAC,Measure,CZ12,33.139583333333334,695335522.499085
Asm,M1,cPTAC,Measure,CZ13,37.3975,820775930.4286941
Asm,M1,cPTAC,Measure,CZ14,33.69791666666667,744054685.7442561
Asm,M1,cPTAC,Measure,CZ15,42.32083333333334,919854067.3850126
Asm,M1,cPTAC,Measure,CZ16,25.15416666666667,569519004.1168642
Asm,M1,cPVVG,Base,CZ01,16.715000000000003,275382743.76298195
Asm,M1,cPVVG,Base,CZ02,25.97041666666667,451500481.3482446
Asm,M1,cPVVG,Base,CZ03,24.965,424868149.36324084
Asm,M1,cPVVG,Base,CZ04,32.625416666666666,624099469.3740771
Asm,M1,cPVVG,Base,CZ05,22.50375,377481834.75969785
Asm,M1,cPVVG,Base,CZ06,25.295833333333334,448574090.51239634
Asm,M1,cPVVG,Base,CZ07,25.2725,501807888.1489329
Asm,M1,cPVVG,Base,CZ08,32.28541666666666,631870043.3416224
Asm,M1,cPVVG,Base,CZ09,35.456250000000004,712283749.3365258
Asm,M1,cPVVG,Base,CZ10,35.55666666666667,705894858.7822022
Asm,M1,cPVVG,Base,CZ11,36.25708333333334,757609368.564992
Asm,M1,cPVVG,Base,CZ12,33.139583333333334,642161117.274366
Asm,M1,cPVVG,Base,CZ13,37.3975,791853862.0630285
Asm,M1,cPVVG,Base,CZ14,33.69791666666667,696078509.1080449
Asm,M1,cPVVG,Base,CZ15,42.32083333333334,910291930.0406102
Asm,M1,cPVVG,Base,CZ16,25.15416666666667,497644577.70031625
Asm,M1,cPVVG,Measure,CZ01,16.715000000000003,283548652.837389
Asm,M1,cPVVG,Measure,CZ02,25.97041666666667,476544109.9325975
Asm,M1,cPVVG,Measure,CZ03,24.965,445580098.1432115
Asm,M1,cPVVG,Measure,CZ04,32.625416666666666,645533030.8184973
Asm,M1,cPVVG,Measure,CZ05,22.50375,396865789.50092536
Asm,M1,cPVVG,Measure,CZ06,25.295833333333334,462291864.76506865
Asm,M1,cPVVG,Measure,CZ07,25.2725,513768691.7956133
Asm,M1,cPVVG,Measure,CZ08,32.28541666666666,646758996.9043391
Asm,M1,cPVVG,Measure,CZ09,35.456250000000004,724628605.2637701
Asm,M1,cPVVG,Measure,CZ10,35.55666666666667,719831743.8473625
Asm,M1,cPVVG,Measure,CZ11,36.25708333333334,766682982.5111872
Asm,M1,cPVVG,Measure,CZ12,33.139583333333334,659594265.5683365
Asm,M1,cPVVG,Measure,CZ13,37.3975,798299016.4758825
Asm,M1,cPVVG,Measure,CZ14,33.69791666666667,701835976.7938719
Asm,M1,cPVVG,Measure,CZ15,42.32083333333334,910411834.8134769
Asm,M1,cPVVG,Measure,CZ16,25.15416666666667,504613433.6150429
Asm,M2,cDXGF,Base,CZ01,16.715000000000003,487213239.41724914
Asm,M2,cDXGF,Base,CZ02,25.97041666666667,545504928.5215206
Asm,M2,cDXGF,Base,CZ03,24.965,523729294.4699356
Asm,M2,cDXGF,Base,CZ04,32.625416666666666,591476837.9479539
Asm,M2,cDXGF,Base,CZ05,22.50375,519329552.79927355
Asm,M2,cDXGF,Base,CZ06,25.295833333333334,533277853.8997341
Asm,M2,cDXGF,Base,CZ07,25.2725,548069144.3897256
Asm,M2,cDXGF,Base,CZ08,32.28541666666666,589351358.6299739
Asm,M2,cDXGF,Base,CZ09,35.456250000000004,616119279.5045475
Asm,M2,cDXGF,Base,CZ10,35.55666666666667,605841012.8261243
Asm,M2,cDXGF,Base,CZ11,36.25708333333334,641813941.0145363
Asm,M2,cDXGF,Base,CZ12,33.139583333333334,590867391.9708517
Asm,M2,cDXGF,Base,CZ13,37.3975,652515552.1846917
Asm,M2,cDXGF,Base,CZ14,33.69791666666667,631279456.1960105
Asm,M2,cDXGF,Base,CZ15,42.32083333333334,677580214.9840183
Asm,M2,cDXGF,Base,CZ16,25.15416666666667,597681997.6182725
Asm,M2,cDXGF,Measure,CZ01,16.715000000000003,480958803.43239856
Asm,M2,cDXGF,Measure,CZ02,25.97041666666667,541926241.981252
Asm,M2,cDXGF,Measure,CZ03,24.965,518910977.6338928
Asm,M2,cDXGF,Measure,CZ04,32.625416666666666,588959933.2895625
Asm,M2,cDXGF,Measure,CZ05,22.50375,513503787.3501537
Asm,M2,cDXGF,Measure,CZ06,25.295833333333334,529515381.5673262
Asm,M2,cDXGF,Measure,CZ07,25.2725,545462417.5741037
Asm,M2,cDXGF,Measure,CZ08,32.28541666666666,586298839.9305017
Asm,M2,cDXGF,Measure,CZ09,35.456250000000004,613050450.0911834
Asm,M2,cDXGF,Measure,CZ10,35.55666666666667,602700932.5920268
Asm,M2,cDXGF,Measure,CZ11,36.25708333333334,641458900.3772547
Asm,M2,cDXGF,Measure,CZ12,33.139583333333334,589109016.9886417
Asm,M2,cDXGF,Measure,CZ13,37.3975,652280459.4500605
Asm,M2,cDXGF,Measure,CZ14,33.69791666666667,630607828.6022077
Asm,M2,cDXGF,Measure,CZ15,42.32083333333334,677824915.2365975
Asm,M2,cDXGF,Measure,CZ16,25.15416666666667,596114197.5326738
Asm,M2,cDXHP,Base,CZ01,16.715000000000003,489495101.1418939
Asm,M2,cDXHP,Base,CZ02,25.97041666666667,546110061.3006693
Asm,M2,cDXHP,Base,CZ03,24.965,524498590.7196243
Asm,M2,cDXHP,Base,CZ04,32.625416666666666,591835478.8044796
Asm,M2,cDXHP,Base,CZ05,22.50375,520245273.9006523
Asm,M2,cDXHP,Base,CZ06,25.295833333333334,534086908.2641101
Asm,M2,cDXHP,Base,CZ07,25.2725,548202340.9918486
Asm,M2,cDXHP,Base,CZ08,32.28541666666666,589955929.1727979
Asm,M2,cDXHP,Base,CZ09,35.456250000000004,616482127.0344412
Asm,M2,cDXHP,Base,CZ10,35.55666666666667,605872735.8791595
Asm,M2,cDXHP,Base,CZ11,36.25708333333334,641914656.004878
Asm,M2,cDXHP,Base,CZ12,33.139583333333334,591278405.1811393
Asm,M2,cDXHP,Base,CZ13,37.3975,652702671.3249681
Asm,M2,cDXHP,Base,CZ14,33.69791666666667,631411103.5161796
Asm,M2,cDXHP,Base,CZ15,42.32083333333334,677580214.9840221
Asm,M2,cDXHP,Base,CZ16,25.15416666666667,600037345.6756004
Asm,M2,cDXHP,Measure,CZ01,16.715000000000003,482902899.76245844
Asm,M2,cDXHP,Measure,CZ02,25.97041666666667,542480408.015552
Asm,M2,cDXHP,Measure,CZ03,24.965,519529353.19464254
Asm,M2,cDXHP,Measure,CZ04,32.625416666666666,589297799.7412033
Asm,M2,cDXHP,Measure,CZ05,22.50375,514247995.5222848
Asm,M2,cDXHP,Measure,CZ06,25.295833333333334,530213892.4246712
Asm,M2,cDXHP,Measure,CZ07,25.2725,545540222.2422884
Asm,M2,cDXHP,Measure,CZ08,32.28541666666666,586885766.142272
Asm,M2,cDXHP,Measure,CZ09,35.456250000000004,613396563.3337021
Asm,M2,cDXHP,Measure,CZ10,35.55666666666667,602730667.975659
Asm,M2,cDXHP,Measure,CZ11,36.25708333333334,641558377.1835588
Asm,M2,cDXHP,Measure,CZ12,33.139583333333334,589503763.7349665
Asm,M2,cDXHP,Measure,CZ13,37.3975,652465804.1642326
Asm,M2,cDXHP,Measure,CZ14,33.69791666666667,630732650.6220982
Asm,M2,cDXHP,Measure,CZ15,42.32083333333334,677824915.2365978
Asm,M2,cDXHP,Measure,CZ16,25.15416666666667,598400732.3693137
Asm,M2,cPTAC,Base,CZ01,16.715000000000003,487213239.41724694
Asm,M2,cPTAC,Base,CZ02,25.97041666666667,545504928.5215151
Asm,M2,cPTAC,Base,CZ03,24.965,523729294.4699354
Asm,M2,cPTAC,Base,CZ04,32.625416666666666,591476837.9479518
Asm,M2,cPTAC,Base,CZ05,22.50375,519329552.7992715
Asm,M2,cPTAC,Base,CZ06,25.295833333333334,533277853.8997227
Asm,M2,cPTAC,Base,CZ07,25.2725,548069144.3897309
Asm,M2,cPTAC,Base,CZ08,32.28541666666666,589351358.6299739
Asm,M2,cPTAC,Base,CZ09,35.456250000000004,616119279.5045414
Asm,M2,cPTAC,Base,CZ10,35.55666666666667,605841012.8261214
Asm,M2,cPTAC,Base,CZ11,36.25708333333334,641813941.0145388
Asm,M2,cPTAC,Base,CZ12,33.139583333333334,590867391.9708451
Asm,M2,cPTAC,Base,CZ13,37.3975,652515552.1846933
Asm,M2,cPTAC,Base,CZ14,33.69791666666667,631279456.1960113
Asm,M2,cPTAC,Base,CZ15,42.32083333333334,677580214.9840221
Asm,M2,cPTAC,Base,CZ16,25.15416666666667,597681997.6182742
Asm,M2,cPTAC,Measure,CZ01,16.715000000000003,480958803.4323882
Asm,M2,cPTAC,Measure,CZ02,25.97041666666667,541926241.981252
Asm,M2,cPTAC,Measure,CZ03,24.965,518910977.6338908
Asm,M2,cPTAC,Measure,CZ04,32.625416666666666,588959933.289563
Asm,M2,cPTAC,Measure,CZ05,22.50375,513503787.35015583
Asm,M2,cPTAC,Measure,CZ06,25.295833333333334,529515381.5673286
Asm,M2,cPTAC,Measure,CZ07,25.2725,545462417.5741
Asm,M2,cPTAC,Measure,CZ08,32.28541666666666,586298839.9305102
Asm,M2,cPTAC,Measure,CZ09,35.456250000000004,613050450.0911839
Asm,M2,cPTAC,Measure,CZ10,35.55666666666667,602700932.5921443
Asm,M2,cPTAC,Measure,CZ11,36.25708333333334,641458900.3772689
Asm,M2,cPTAC,Measure,CZ12,33.139583333333334,589109016.9887153
Asm,M2,cPTAC,Measure,CZ13,37.3975,652280459.4500632
Asm,M2,cPTAC,Measure,CZ14,33.69791666666667,630607828.6022099
Asm,M2,cPTAC,Measure,CZ15,42.32083333333334,677824915.2365904
Asm,M2,cPTAC,Measure,CZ16,25.15416666666667,596114197.532665
Asm,M2,cPVVG,Base,CZ01,16.715000000000003,446699800.43966043
Asm,M2,cPVVG,Base,CZ02,25.97041666666667,490770158.12819946
Asm,M2,cPVVG,Base,CZ03,24.965,478854951.68630743
Asm,M2,cPVVG,Base,CZ04,32.625416666666666,527286984.99244887
Asm,M2,cPVVG,Base,CZ05,22.50375,468655237.0985956
Asm,M2,cPVVG,Base,CZ06,25.295833333333334,483078652.4605372
Asm,M2,cPVVG,Base,CZ07,25.2725,495524368.9855283
Asm,M2,cPVVG,Base,CZ08,32.28541666666666,533598783.2356264
Asm,M2,cPVVG,Base,CZ09,35.456250000000004,553917284.3566726
Asm,M2,cPVVG,Base,CZ10,35.55666666666667,543500142.1371027
Asm,M2,cPVVG,Base,CZ11,36.25708333333334,582094617.3606831
Asm,M2,cPVVG,Base,CZ12,33.139583333333334,534718825.86858416
Asm,M2,cPVVG,Base,CZ13,37.3975,594952823.588898
Asm,M2,cPVVG,Base,CZ14,33.69791666666667,563008651.4511125
Asm,M2,cPVVG,Base,CZ15,42.32083333333334,616852441.8558879
Asm,M2,cPVVG,Base,CZ16,25.15416666666667,536065635.1995904
Asm,M2,cPVVG,Measure,CZ01,16.715000000000003,441360106.0494517
Asm,M2,cPVVG,Measure,CZ02,25.97041666666667,487336826.64081115
Asm,M2,cPVVG,Measure,CZ03,24.965,474001112.6134128
Asm,M2,cPVVG,Measure,CZ04,32.625416666666666,524792631.25555307
Asm,M2,cPVVG,Measure,CZ05,22.50375,463474974.238036
Asm,M2,cPVVG,Measure,CZ06,25.295833333333334,479214058.17552274
Asm,M2,cPVVG,Measure,CZ07,25.2725,492847348.9287996
Asm,M2,cPVVG,Measure,CZ08,32.28541666666666,530600446.443475
Asm,M2,cPVVG,Measure,CZ09,35.456250000000004,550938590.4903195
Asm,M2,cPVVG,Measure,CZ10,35.55666666666667,540442808.4596896
Asm,M2,cPVVG,Measure,CZ11,36.25708333333334,581825790.5483271
Asm,M2,cPVVG,Measure,CZ12,33.139583333333334,532956697.4540835
Asm,M2,cPVVG,Measure,CZ13,37.3975,594823626.3416415
Asm,M2,cPVVG,Measure,CZ14,33.69791666666667,562340109.8885252
Asm,M2,cPVVG,Measure,CZ15,42.32083333333334,617296344.7425259
Asm,M2,cPVVG,Measure,CZ16,25.15416666666667,534171846.2609604
Asm,M3,cDXGF,Base,CZ01,16.715000000000003,459246710.7474113
Asm,M3,cDXGF,Base,CZ02,25.97041666666667,520976899.98957354
Asm,M3,cDXGF,Base,CZ03,24.965,501622282.04045016
Asm,M3,cDXGF,Base,CZ04,32.625416666666666,578556099.9891322
Asm,M3,cDXGF,Base,CZ05,22.50375,488599447.62458897
Asm,M3,cDXGF,Base,CZ06,25.295833333333334,510277692.3107085
Asm,M3,cDXGF,Base,CZ07,25.2725,523693535.6371083
Asm,M3,cDXGF,Base,CZ08,32.28541666666666,581390863.7725196
Asm,M3,cDXGF,Base,CZ09,35.456250000000004,611971491.410764
Asm,M3,cDXGF,Base,CZ10,35.55666666666667,599471576.5127648
Asm,M3,cDXGF,Base,CZ11,36.25708333333334,648532172.152336
Asm,M3,cDXGF,Base,CZ12,33.139583333333334,584922782.7173972
Asm,M3,cDXGF,Base,CZ13,37.3975,665232575.3767209
Asm,M3,cDXGF,Base,CZ14,33.69791666666667,621309431.8930151
Asm,M3,cDXGF,Base,CZ15,42.32083333333334,701489505.0380579
Asm,M3,cDXGF,Base,CZ16,25.15416666666667,575469563.3021811
Asm,M3,cDXGF,Measure,CZ01,16.715000000000003,418819426.0112527
Asm,M3,cDXGF,Measure,CZ02,25.97041666666667,467061578.05713826
Asm,M3,cDXGF,Measure,CZ03,24.965,452386801.89631903
Asm,M3,cDXGF,Measure,CZ04,32.625416666666666,513643388.1572488
Asm,M3,cDXGF,Measure,CZ05,22.50375,441668670.7910702
Asm,M3,cDXGF,Measure,CZ06,25.295833333333334,459877112.72148645
Asm,M3,cDXGF,Measure,CZ07,25.2725,473886304.93927664
Asm,M3,cDXGF,Measure,CZ08,32.28541666666666,516325606.60464287
Asm,M3,cDXGF,Measure,CZ09,35.456250000000004,541111508.4039302
Asm,M3,cDXGF,Measure,CZ10,35.55666666666667,530364952.31012535
Asm,M3,cDXGF,Measure,CZ11,36.25708333333334,573217010.9728825
Asm,M3,cDXGF,Measure,CZ12,33.139583333333334,518857609.82325554
Asm,M3,cDXGF,Measure,CZ13,37.3975,587033982.9226775
Asm,M3,cDXGF,Measure,CZ14,33.69791666666667,551198177.7123857
Asm,M3,cDXGF,Measure,CZ15,42.32083333333334,614433135.99587
Asm,M3,cDXGF,Measure,CZ16,25.15416666666667,519031943.3783623
Asm,M3,cDXHP,Base,CZ01,16.715000000000003,437644284.2975981
Asm,M3,cDXHP,Base,CZ02,25.97041666666667,516388542.0868681
Asm,M3,cDXHP,Base,CZ03,24.965,490533074.09804225
Asm,M3,cDXHP,Base,CZ04,32.625416666666666,577305389.4168015
Asm,M3,cDXHP,Base,CZ05,22.50375,476943857.2337566
Asm,M3,cDXHP,Base,CZ06,25.295833333333334,498385200.9868721
Asm,M3,cDXHP,Base,CZ07,25.2725,513887162.6909984
Asm,M3,cDXHP,Base,CZ08,32.28541666666666,579208842.621176
Asm,M3,cDXHP,Base,CZ09,35.456250000000004,610799638.0576075
Asm,M3,cDXHP,Base,CZ10,35.55666666666667,599401865.0641948
Asm,M3,cDXHP,Base,CZ11,36.25708333333334,648262214.3527911
Asm,M3,cDXHP,Base,CZ12,33.139583333333334,583690880.1455107
Asm,M3,cDXHP,Base,CZ13,37.3975,664817554.215467
Asm,M3,cDXHP,Base,CZ14,33.69791666666667,620354955.718598
Asm,M3,cDXHP,Base,CZ15,42.32083333333334,701489505.0380666
Asm,M3,cDXHP,Base,CZ16,25.15416666666667,549209841.9811361
Asm,M3,cDXHP,Measure,CZ01,16.715000000000003,397087676.3850851
Asm,M3,cDXHP,Measure,CZ02,25.97041666666667,462296588.1872688
Asm,M3,cDXHP,Measure,CZ03,24.965,440921323.11112964
Asm,M3,cDXHP,Measure,CZ04,32.625416666666666,512322260.26892376
Asm,M3,cDXHP,Measure,CZ05,22.50375,429729145.85313916
Asm,M3,cDXHP,Measure,CZ06,25.295833333333334,447629010.48035944
Asm,M3,cDXHP,Measure,CZ07,25.2725,463782595.3201945
Asm,M3,cDXHP,Measure,CZ08,32.28541666666666,514012871.15503997
Asm,M3,cDXHP,Measure,CZ09,35.456250000000004,539885023.8659415
Asm,M3,cDXHP,Measure,CZ10,35.55666666666667,530286053.73872316
Asm,M3,cDXHP,Measure,CZ11,36.25708333333334,572918844.0743669
Asm,M3,cDXHP,Measure,CZ12,33.139583333333334,517537151.25786614
Asm,M3,cDXHP,Measure,CZ13,37.3975,586571168.3887097
Asm,M3,cDXHP,Measure,CZ14,33.69791666666667,550249074.1834335
Asm,M3,cDXHP,Measure,CZ15,42.32083333333334,614433135.995875
Asm,M3,cDXHP,Measure,CZ16,25.15416666666667,492634125.40870255
Asm,M3,cPTAC,Base,CZ01,16.715000000000003,459246710.74740946
Asm,M3,cPTAC,Base,CZ02,25.97041666666667,520976899.9895773
Asm,M3,cPTAC,Base,CZ03,24.965,501622282.0404531
Asm,M3,cPTAC,Base,CZ04,32.625416666666666,578556099.9891484
Asm,M3,cPTAC,Base,CZ05,22.50375,488599447.6245785
Asm,M3,cPTAC,Base,CZ06,25.295833333333334,510277692.3107066
Asm,M3,cPTAC,Base,CZ07,25.2725,523693535.6371077
Asm,M3,cPTAC,Base,CZ08,32.28541666666666,581390863.7725216
Asm,M3,cPTAC,Base,CZ09,35.456250000000004,611971491.4107697
Asm,M3,cPTAC,Base,CZ10,35.55666666666667,599471576.512775
Asm,M3,cPTAC,Base,CZ11,36.25708333333334,648532172.1523242
Asm,M3,cPTAC,Base,CZ12,33.139583333333334,584922782.7174313
Asm,M3,cPTAC,Base,CZ13,37.3975,665232575.3767047
Asm,M3,cPTAC,Base,CZ14,33.69791666666667,621309431.8930087
Asm,M3,cPTAC,Base,CZ15,42.32083333333334,701489505.0381069
Asm,M3,cPTAC,Base,CZ16,25.15416666666667,575469563.3021665
Asm,M3,cPTAC,Measure,CZ01,16.715000000000003,418819426.01125115
Asm,M3,cPTAC,Measure,CZ02,25.97041666666667,467061578.05714136
Asm,M3,cPTAC,Measure,CZ03,24.965,452386801.8963214
Asm,M3,cPTAC,Measure,CZ04,32.625416666666666,513643388.15726686
Asm,M3,cPTAC,Measure,CZ05,22.50375,441668670.79106146
Asm,M3,cPTAC,Measure,CZ06,25.295833333333334,459877112.7214872
Asm,M3,cPTAC,Measure,CZ07,25.2725,473886304.9392761
Asm,M3,cPTAC,Measure,CZ08,32.28541666666666,516325606.6046431
Asm,M3,cPTAC,Measure,CZ09,35.456250000000004,541111508.4039165
Asm,M3,cPTAC,Measure,CZ10,35.55666666666667,530364952.3101196
Asm,M3,cPTAC,Measure,CZ11,36.25708333333334,573217010.9728854
Asm,M3,cPTAC,Measure,CZ12,33.139583333333334,518857609.82327676
Asm,M3,cPTAC,Measure,CZ13,37.3975,587033982.9226652
Asm,M3,cPTAC,Measure,CZ14,33.69791666666667,551198177.7123795
Asm,M3,cPTAC,Measure,CZ15,42.32083333333334,614433135.9959369
Asm,M3,cPTAC,Measure,CZ16,25.15416666666667,519031943.378365
Asm,M3,cPVVG,Base,CZ01,16.715000000000003,452914013.99853015
Asm,M3,cPVVG,Base,CZ02,25.97041666666667,513566307.34559894
Asm,M3,cPVVG,Base,CZ03,24.965,494684352.96057975
Asm,M3,cPVVG,Base,CZ04,32.625416666666666,570454562.6552095
Asm,M3,cPVVG,Base,CZ05,22.50375,481524659.17635363
Asm,M3,cPVVG,Base,CZ06,25.295833333333334,502989605.48237205
Asm,M3,cPVVG,Base,CZ07,25.2725,516519735.42130023
Asm,M3,cPVVG,Base,CZ08,32.28541666666666,573584299.0446044
Asm,M3,cPVVG,Base,CZ09,35.456250000000004,603805711.9579518
Asm,M3,cPVVG,Base,CZ10,35.55666666666667,591349064.179726
Asm,M3,cPVVG,Base,CZ11,36.25708333333334,640218781.1437024
Asm,M3,cPVVG,Base,CZ12,33.139583333333334,577058980.2934685
Asm,M3,cPVVG,Base,CZ13,37.3975,656977248.1358058
Asm,M3,cPVVG,Base,CZ14,33.69791666666667,612643645.4536643
Asm,M3,cPVVG,Base,CZ15,42.32083333333334,692704035.1656086
Asm,M3,cPVVG,Base,CZ16,25.15416666666667,566635011.585471
Asm,M3,cPVVG,Measure,CZ01,16.715000000000003,412777478.8313608
Asm,M3,cPVVG,Measure,CZ02,25.97041666666667,460018615.1882858
Asm,M3,cPVVG,Measure,CZ03,24.965,445783366.3068243
Asm,M3,cPVVG,Measure,CZ04,32.625416666666666,505983992.15454686
Asm,M3,cPVVG,Measure,CZ05,22.50375,434930805.14118886
Asm,M3,cPVVG,Measure,CZ06,25.295833333333334,452939645.29729956
Asm,M3,cPVVG,Measure,CZ07,25.2725,467056626.055039
Asm,M3,cPVVG,Measure,CZ08,32.28541666666666,508939963.57748604
Asm,M3,cPVVG,Measure,CZ09,35.456250000000004,533411385.5661423
Asm,M3,cPVVG,Measure,CZ10,35.55666666666667,522708491.30277395
Asm,M3,cPVVG,Measure,CZ11,36.25708333333334,565380921.1386235
Asm,M3,cPVVG,Measure,CZ12,33.139583333333334,511424198.3098696
Asm,M3,cPVVG,Measure,CZ13,37.3975,579260179.0440013
Asm,M3,cPVVG,Measure,CZ14,33.69791666666667,543014582.36114
Asm,M3,cPVVG,Measure,CZ15,42.32083333333334,606207160.6805944
Asm,M3,cPVVG,Measure,CZ16,25.15416666666667,510615206.5887167
Asm,M4,cDXGF,Base,CZ01,16.715000000000003,351220123.38428
Asm,M4,cDXGF,Base,CZ02,25.97041666666667,519206025.9189222
Asm,M4,cDXGF,Base,CZ03,24.965,484219019.24365914
Asm,M4,cDXGF,Base,CZ04,32.625416666666666,674685284.9573126
Asm,M4,cDXGF,Base,CZ05,22.50375,448048873.3310889
Asm,M4,cDXGF,Base,CZ06,25.295833333333334,507909846.52515966
Asm,M4,cDXGF,Base,CZ07,25.2725,559797569.6149375
Asm,M4,cDXGF,Base,CZ08,32.28541666666666,672607771.9699975
Asm,M4,cDXGF,Base,CZ09,35.456250000000004,747468048.6543955
Asm,M4,cDXGF,Base,CZ10,35.55666666666667,741416348.4973767
Asm,M4,cDXGF,Base,CZ11,36.25708333333334,790222300.6860414
Asm,M4,cDXGF,Base,CZ12,33.139583333333334,684287521.682935
Asm,M4,cDXGF,Base,CZ13,37.3975,817269009.2788899
Asm,M4,cDXGF,Base,CZ14,33.69791666666667,741541245.5534275
Asm,M4,cDXGF,Base,CZ15,42.32083333333334,919761615.5316408
Asm,M4,cDXGF,Base,CZ16,25.15416666666667,571378333.3491895
Asm,M4,cDXGF,Measure,CZ01,16.715000000000003,359089916.5273375
Asm,M4,cDXGF,Measure,CZ02,25.97041666666667,537837205.5921985
Asm,M4,cDXGF,Measure,CZ03,24.965,499137465.5402992
Asm,M4,cDXGF,Measure,CZ04,32.625416666666666,688508276.6096144
Asm,M4,cDXGF,Measure,CZ05,22.50375,462317677.9984119
Asm,M4,cDXGF,Measure,CZ06,25.295833333333334,516061580.903882
Asm,M4,cDXGF,Measure,CZ07,25.2725,566056605.2037549
Asm,M4,cDXGF,Measure,CZ08,32.28541666666666,681634996.2093941
Asm,M4,cDXGF,Measure,CZ09,35.456250000000004,754913108.7246358
Asm,M4,cDXGF,Measure,CZ10,35.55666666666667,749929858.2295399
Asm,M4,cDXGF,Measure,CZ11,36.25708333333334,795191952.1298995
Asm,M4,cDXGF,Measure,CZ12,33.139583333333334,695337224.7399287
Asm,M4,cDXGF,Measure,CZ13,37.3975,820776127.9466646
Asm,M4,cDXGF,Measure,CZ14,33.69791666666667,744054781.1337092
Asm,M4,cDXGF,Measure,CZ15,42.32083333333334,919854067.3843846
Asm,M4,cDXGF,Measure,CZ16,25.15416666666667,573414357.0514866
Asm,M4,cDXHP,Base,CZ01,16.715000000000003,358402612.21921045
Asm,M4,cDXHP,Base,CZ02,25.97041666666667,519756114.90164375
Asm,M4,cDXHP,Base,CZ03,24.965,486514696.9066889
Asm,M4,cDXHP,Base,CZ04,32.625416666666666,675557640.0550649
Asm,M4,cDXHP,Base,CZ05,22.50375,452056680.1443059
Asm,M4,cDXHP,Base,CZ06,25.295833333333334,511028656.883461
Asm,M4,cDXHP,Base,CZ07,25.2725,549651458.7392658
Asm,M4,cDXHP,Base,CZ08,32.28541666666666,675557109.738645
Asm,M4,cDXHP,Base,CZ09,35.456250000000004,749939949.9079978
Asm,M4,cDXHP,Base,CZ10,35.55666666666667,741491100.1378455
Asm,M4,cDXHP,Base,CZ11,36.25708333333334,790407824.6203122
Asm,M4,cDXHP,Base,CZ12,33.139583333333334,685058025.1905429
Asm,M4,cDXHP,Base,CZ13,37.3975,817650098.5100219
Asm,M4,cDXHP,Base,CZ14,33.69791666666667,741848503.9150887
Asm,M4,cDXHP,Base,CZ15,42.32083333333334,919761615.5316427
Asm,M4,cDXHP,Base,CZ16,25.15416666666667,576796186.927963
Asm,M4,cDXHP,Measure,CZ01,16.715000000000003,362829727.0033952
Asm,M4,cDXHP,Measure,CZ02,25.97041666666667,538336250.4127309
Asm,M4,cDXHP,Measure,CZ03,24.965,500831341.9351632
Asm,M4,cDXHP,Measure,CZ04,32.625416666666666,689433972.7255939
Asm,M4,cDXHP,Measure,CZ05,22.50375,465317455.2338053
Asm,M4,cDXHP,Measure,CZ06,25.295833333333334,519313402.54484016
Asm,M4,cDXHP,Measure,CZ07,25.2725,555986359.3122832
Asm,M4,cDXHP,Measure,CZ08,32.28541666666666,684785506.2595547
Asm,M4,cDXHP,Measure,CZ09,35.456250000000004,757408062.7153933
Asm,M4,cDXHP,Measure,CZ10,35.55666666666667,750007471.9751924
Asm,M4,cDXHP,Measure,CZ11,36.25708333333334,795378632.0270283
Asm,M4,cDXHP,Measure,CZ12,33.139583333333334,696129292.0880055
Asm,M4,cDXHP,Measure,CZ13,37.3975,821158181.6195004
Asm,M4,cDXHP,Measure,CZ14,33.69791666666667,744359614.8491671
Asm,M4,cDXHP,Measure,CZ15,42.32083333333334,919854067.3843892
Asm,M4,cDXHP,Measure,CZ16,25.15416666666667,578960882.7442654
Asm,M4,cPTAC,Base,CZ01,16.715000000000003,349304419.88090765
Asm,M4,cPTAC,Base,CZ02,25.97041666666667,518306588.1151441
Asm,M4,cPTAC,Base,CZ03,24.965,483515279.94044477
Asm,M4,cPTAC,Base,CZ04,32.625416666666666,674594226.2205528
Asm,M4,cPTAC,Base,CZ05,22.50375,446383369.1765914
Asm,M4,cPTAC,Base,CZ06,25.295833333333334,507909827.30569255
Asm,M4,cPTAC,Base,CZ07,25.2725,559797569.613865
Asm,M4,cPTAC,Base,CZ08,32.28541666666666,672607024.3176445
Asm,M4,cPTAC,Base,CZ09,35.456250000000004,747411171.4035931
Asm,M4,cPTAC,Base,CZ10,35.55666666666667,741382284.6463785
Asm,M4,cPTAC,Base,CZ11,36.25708333333334,790222300.6834884
Asm,M4,cPTAC,Base,CZ12,33.139583333333334,684286805.2694731
Asm,M4,cPTAC,Base,CZ13,37.3975,817269009.2787409
Asm,M4,cPTAC,Base,CZ14,33.69791666666667,741541272.1604275
Asm,M4,cPTAC,Base,CZ15,42.32083333333334,919761073.3603218
Asm,M4,cPTAC,Base,CZ16,25.15416666666667,571378339.3873613
Asm,M4,cPTAC,Measure,CZ01,16.715000000000003,356892846.0228315
Asm,M4,cPTAC,Measure,CZ02,25.97041666666667,537604753.7139925
Asm,M4,cPTAC,Measure,CZ03,24.965,498826080.98551387
Asm,M4,cPTAC,Measure,CZ04,32.625416666666666,688499840.6424876
Asm,M4,cPTAC,Measure,CZ05,22.50375,461154749.6737261
Asm,M4,cPTAC,Measure,CZ06,25.295833333333334,516061580.90387326
Asm,M4,cPTAC,Measure,CZ07,25.2725,566056605.2037503
Asm,M4,cPTAC,Measure,CZ08,32.28541666666666,681634996.2093765
Asm,M4,cPTAC,Measure,CZ09,35.456250000000004,754903716.213228
Asm,M4,cPTAC,Measure,CZ10,35.55666666666667,749929540.9479942
Asm,M4,cPTAC,Measure,CZ11,36.25708333333334,795191952.1263571
Asm,M4,cPTAC,Measure,CZ12,33.139583333333334,695337221.8905346
Asm,M4,cPTAC,Measure,CZ13,37.3975,820776127.9466021
Asm,M4,cPTAC,Measure,CZ14,33.69791666666667,744054805.7738233
Asm,M4,cPTAC,Measure,CZ15,42.32083333333334,919854067.384386
Asm,M4,cPTAC,Measure,CZ16,25.15416666666667,573414355.7981482
Asm,M4,cPVVG,Base,CZ01,16.715000000000003,284347058.21907693
Asm,M4,cPVVG,Base,CZ02,25.97041666666667,455380886.6439196
Asm,M4,cPVVG,Base,CZ03,24.965,428893556.13660425
Asm,M4,cPVVG,Base,CZ04,32.625416666666666,624099520.0765268
Asm,M4,cPVVG,Base,CZ05,22.50375,384114810.92081016
Asm,M4,cPVVG,Base,CZ06,25.295833333333334,449940656.29078627
Asm,M4,cPVVG,Base,CZ07,25.2725,501807887.8260808
Asm,M4,cPVVG,Base,CZ08,32.28541666666666,631870034.7786623
Asm,M4,cPVVG,Base,CZ09,35.456250000000004,712283681.8020506
Asm,M4,cPVVG,Base,CZ10,35.55666666666667,705894807.2969189
Asm,M4,cPVVG,Base,CZ11,36.25708333333334,757609723.4004515
Asm,M4,cPVVG,Base,CZ12,33.139583333333334,642161104.42271
Asm,M4,cPVVG,Base,CZ13,37.3975,791854062.5273478
Asm,M4,cPVVG,Base,CZ14,33.69791666666667,696078648.0134939
Asm,M4,cPVVG,Base,CZ15,42.32083333333334,910291930.0415367
Asm,M4,cPVVG,Base,CZ16,25.15416666666667,500255415.00238574
Asm,M4,cPVVG,Measure,CZ01,16.715000000000003,295114250.68286496
Asm,M4,cPVVG,Measure,CZ02,25.97041666666667,480691880.11233026
Asm,M4,cPVVG,Measure,CZ03,24.965,449666141.355543
Asm,M4,cPVVG,Measure,CZ04,32.625416666666666,645537756.6761217
Asm,M4,cPVVG,Measure,CZ05,22.50375,404472880.9270501
Asm,M4,cPVVG,Measure,CZ06,25.295833333333334,463752995.99501014
Asm,M4,cPVVG,Measure,CZ07,25.2725,513768794.7907684
Asm,M4,cPVVG,Measure,CZ08,32.28541666666666,646760741.4877762
Asm,M4,cPVVG,Measure,CZ09,35.456250000000004,724628912.0390967
Asm,M4,cPVVG,Measure,CZ10,35.55666666666667,719832346.8322482
Asm,M4,cPVVG,Measure,CZ11,36.25708333333334,766682977.9169469
Asm,M4,cPVVG,Measure,CZ12,33.139583333333334,659596236.096406
Asm,M4,cPVVG,Measure,CZ13,37.3975,798299177.8372746
Asm,M4,cPVVG,Measure,CZ14,33.69791666666667,701836195.0808976
Asm,M4,cPVVG,Measure,CZ15,42.32083333333334,910411834.8288813
Asm,M4,cPVVG,Measure,CZ16,25.15416666666667,507273382.20504755
Asm,M5,cDXGF,Base,CZ01,16.715000000000003,380881750.1794472
Asm,M5,cDXGF,Base,CZ02,25.97041666666667,552217372.2291234
Asm,M5,cDXGF,Base,CZ03,24.965,490244325.8262317
Asm,M5,cDXGF,Base,CZ04,32.625416666666666,633456119.5279561
Asm,M5,cDXGF,Base,CZ05,22.50375,444587064.94218314
Asm,M5,cDXGF,Base,CZ06,25.295833333333334,497228440.7869843
Asm,M5,cDXGF,Base,CZ07,25.2725,575726586.4221748
Asm,M5,cDXGF,Base,CZ08,32.28541666666666,666978682.527006
Asm,M5,cDXGF,Base,CZ09,35.456250000000004,753126231.060249
Asm,M5,cDXGF,Base,CZ10,35.55666666666667,735464744.4293706
Asm,M5,cDXGF,Base,CZ11,36.25708333333334,812678643.9557436
Asm,M5,cDXGF,Base,CZ12,33.139583333333334,688104465.1685492
Asm,M5,cDXGF,Base,CZ13,37.3975,833688524.094394
Asm,M5,cDXGF,Base,CZ14,33.69791666666667,677787603.8440826
Asm,M5,cDXGF,Base,CZ15,42.32083333333334,1014382847.4800086
Asm,M5,cDXGF,Base,CZ16,25.15416666666667,538534397.7737265
Asm,M5,cDXGF,Measure,CZ01,16.715000000000003,352666217.61328274
Asm,M5,cDXGF,Measure,CZ02,25.97041666666667,492998120.95855516
Asm,M5,cDXGF,Measure,CZ03,24.965,442890295.99945706
Asm,M5,cDXGF,Measure,CZ04,32.625416666666666,559075067.3366175
Asm,M5,cDXGF,Measure,CZ05,22.50375,404911735.01384366
Asm,M5,cDXGF,Measure,CZ06,25.295833333333334,448986598.3438677
Asm,M5,cDXGF,Measure,CZ07,25.2725,517435526.85766757
Asm,M5,cDXGF,Measure,CZ08,32.28541666666666,587286289.9757231
Asm,M5,cDXGF,Measure,CZ09,35.456250000000004,657935142.3546722
Asm,M5,cDXGF,Measure,CZ10,35.55666666666667,642931569.80406
Asm,M5,cDXGF,Measure,CZ11,36.25708333333334,709040530.3827481
Asm,M5,cDXGF,Measure,CZ12,33.139583333333334,604285419.700883
Asm,M5,cDXGF,Measure,CZ13,37.3975,726469194.3329551
Asm,M5,cDXGF,Measure,CZ14,33.69791666666667,598250340.623105
Asm,M5,cDXGF,Measure,CZ15,42.32083333333334,872606669.0481873
Asm,M5,cDXGF,Measure,CZ16,25.15416666666667,487986786.0523885
Asm,M5,cDXHP,Base,CZ01,16.715000000000003,389080455.0492009
Asm,M5,cDXHP,Base,CZ02,25.97041666666667,548225819.0994864
Asm,M5,cDXHP,Base,CZ03,24.965,484473572.4446173
Asm,M5,cDXHP,Base,CZ04,32.625416666666666,630381111.0246549
Asm,M5,cDXHP,Base,CZ05,22.50375,437312870.3195662
Asm,M5,cDXHP,Base,CZ06,25.295833333333334,493432167.1433674
Asm,M5,cDXHP,Base,CZ07,25.2725,574638565.8450687
Asm,M5,cDXHP,Base,CZ08,32.28541666666666,662049774.7546732
Asm,M5,cDXHP,Base,CZ09,35.456250000000004,752078772.3143737
Asm,M5,cDXHP,Base,CZ10,35.55666666666667,735248755.4391601
Asm,M5,cDXHP,Base,CZ11,36.25708333333334,812273318.6159222
Asm,M5,cDXHP,Base,CZ12,33.139583333333334,684607760.453721
Asm,M5,cDXHP,Base,CZ13,37.3975,832719140.6989212
Asm,M5,cDXHP,Base,CZ14,33.69791666666667,676032602.5657158
Asm,M5,cDXHP,Base,CZ15,42.32083333333334,1014382847.4800165
Asm,M5,cDXHP,Base,CZ16,25.15416666666667,532771001.2221001
Asm,M5,cDXHP,Measure,CZ01,16.715000000000003,356835004.3665495
Asm,M5,cDXHP,Measure,CZ02,25.97041666666667,488643076.07145774
Asm,M5,cDXHP,Measure,CZ03,24.965,435905093.9855212
Asm,M5,cDXHP,Measure,CZ04,32.625416666666666,556207960.5887864
Asm,M5,cDXHP,Measure,CZ05,22.50375,396918513.2672763
Asm,M5,cDXHP,Measure,CZ06,25.295833333333334,443544659.1938446
Asm,M5,cDXHP,Measure,CZ07,25.2725,514212649.5965419
Asm,M5,cDXHP,Measure,CZ08,32.28541666666666,582591462.9704659
Asm,M5,cDXHP,Measure,CZ09,35.456250000000004,656754704.2431331
Asm,M5,cDXHP,Measure,CZ10,35.55666666666667,642726209.7698176
Asm,M5,cDXHP,Measure,CZ11,36.25708333333334,708618810.9624796
Asm,M5,cDXHP,Measure,CZ12,33.139583333333334,601033578.4068016
Asm,M5,cDXHP,Measure,CZ13,37.3975,725523994.6466608
Asm,M5,cDXHP,Measure,CZ14,33.69791666666667,596611465.0680001
Asm,M5,cDXHP,Measure,CZ15,42.32083333333334,872606669.0481951
Asm,M5,cDXHP,Measure,CZ16,25.15416666666667,479048418.8757314
Asm,M5,cPTAC,Base,CZ01,16.715000000000003,380881750.17943573
Asm,M5,cPTAC,Base,CZ02,25.97041666666667,552217372.2291206
Asm,M5,cPTAC,Base,CZ03,24.965,490244325.82621926
Asm,M5,cPTAC,Base,CZ04,32.625416666666666,633456119.527967
Asm,M5,cPTAC,Base,CZ05,22.50375,444587064.9421716
Asm,M5,cPTAC,Base,CZ06,25.295833333333334,497228440.7869752
Asm,M5,cPTAC,Base,CZ07,25.2725,575726586.4221747
Asm,M5,cPTAC,Base,CZ08,32.28541666666666,666978682.5270255
Asm,M5,cPTAC,Base,CZ09,35.456250000000004,753126231.060235
Asm,M5,cPTAC,Base,CZ10,35.55666666666667,735464744.4293313
Asm,M5,cPTAC,Base,CZ11,36.25708333333334,812678643.9557247
Asm,M5,cPTAC,Base,CZ12,33.139583333333334,688104465.168572
Asm,M5,cPTAC,Base,CZ13,37.3975,833688524.0944118
Asm,M5,cPTAC,Base,CZ14,33.69791666666667,677787603.8440871
Asm,M5,cPTAC,Base,CZ15,42.32083333333334,1014382847.4800005
Asm,M5,cPTAC,Base,CZ16,25.15416666666667,538534397.7737305
Asm,M5,cPTAC,Measure,CZ01,16.715000000000003,352666217.613273
Asm,M5,cPTAC,Measure,CZ02,25.97041666666667,492998120.9585528
Asm,M5,cPTAC,Measure,CZ03,24.965,442890295.9994466
Asm,M5,cPTAC,Measure,CZ04,32.625416666666666,559075067.336619
Asm,M5,cPTAC,Measure,CZ05,22.50375,404911735.01383394
Asm,M5,cPTAC,Measure,CZ06,25.295833333333334,448986598.3438692
Asm,M5,cPTAC,Measure,CZ07,25.2725,517435526.8576675
Asm,M5,cPTAC,Measure,CZ08,32.28541666666666,587286289.975734
Asm,M5,cPTAC,Measure,CZ09,35.456250000000004,657935142.3546519
Asm,M5,cPTAC,Measure,CZ10,35.55666666666667,642931569.8040502
Asm,M5,cPTAC,Measure,CZ11,36.25708333333334,709040530.3827372
Asm,M5,cPTAC,Measure,CZ12,33.139583333333334,604285419.7009014
Asm,M5,cPTAC,Measure,CZ13,37.3975,726469194.3329512
Asm,M5,cPTAC,Measure,CZ14,33.69791666666667,598250340.6231129
Asm,M5,cPTAC,Measure,CZ15,42.32083333333334,872606669.0481744
Asm,M5,cPTAC,Measure,CZ16,25.15416666666667,487986786.0523844
Asm,M5,cPVVG,Base,CZ01,16.715000000000003,374541033.09131336
Asm,M5,cPVVG,Base,CZ02,25.97041666666667,544882585.667505
Asm,M5,cPVVG,Base,CZ03,24.965,483110028.12638116
Asm,M5,cPVVG,Base,CZ04,32.625416666666666,625324435.9816891
Asm,M5,cPVVG,Base,CZ05,22.50375,437828702.0288679
Asm,M5,cPVVG,Base,CZ06,25.295833333333334,489723574.56870353
Asm,M5,cPVVG,Base,CZ07,25.2725,567909253.7254831
Asm,M5,cPVVG,Base,CZ08,32.28541666666666,660244973.0267642
Asm,M5,cPVVG,Base,CZ09,35.456250000000004,747100796.1371083
Asm,M5,cPVVG,Base,CZ10,35.55666666666667,728809428.0791154
Asm,M5,cPVVG,Base,CZ11,36.25708333333334,805335729.7890848
Asm,M5,cPVVG,Base,CZ12,33.139583333333334,680325017.2010067
Asm,M5,cPVVG,Base,CZ13,37.3975,827000489.114095
Asm,M5,cPVVG,Base,CZ14,33.69791666666667,668742936.1036415
Asm,M5,cPVVG,Base,CZ15,42.32083333333334,1010382631.9435723
Asm,M5,cPVVG,Base,CZ16,25.15416666666667,529072226.3636306
Asm,M5,cPVVG,Measure,CZ01,16.715000000000003,346596849.17330956
Asm,M5,cPVVG,Measure,CZ02,25.97041666666667,486090967.25641274
Asm,M5,cPVVG,Measure,CZ03,24.965,436142664.14933825
Asm,M5,cPVVG,Measure,CZ04,32.625416666666666,551474357.9002362
Asm,M5,cPVVG,Measure,CZ05,22.50375,398484505.6616254
Asm,M5,cPVVG,Measure,CZ06,25.295833333333334,441879529.0397521
Asm,M5,cPVVG,Measure,CZ07,25.2725,510093289.69550496
Asm,M5,cPVVG,Measure,CZ08,32.28541666666666,580978619.8200049
Asm,M5,cPVVG,Measure,CZ09,35.456250000000004,652316566.0055947
Asm,M5,cPVVG,Measure,CZ10,35.55666666666667,636743953.6029346
Asm,M5,cPVVG,Measure,CZ11,36.25708333333334,702252150.6059308
Asm,M5,cPVVG,Measure,CZ12,33.139583333333334,597048731.6237545
Asm,M5,cPVVG,Measure,CZ13,37.3975,720292163.7298753
Asm,M5,cPVVG,Measure,CZ14,33.69791666666667,589825564.5823945
Asm,M5,cPVVG,Measure,CZ15,42.32083333333334,868971097.4447851
Asm,M5,cPVVG,Measure,CZ16,25.15416666666667,478998390.68311054
ECC,M1,cDXGF,Base,CZ01,16.715000000000003,938476918.1438954
ECC,M1,cDXGF,Base,CZ02,25.97041666666667,1554116067.523007
ECC,M1,cDXGF,Base,CZ03,24.965,1192787515.471816
ECC,M1,cDXGF,Base,CZ04,32.625416666666666,1985834147.9670138
ECC,M1,cDXGF,Base,CZ05,22.50375,1115709527.585772
ECC,M1,cDXGF,Base,CZ06,25.295833333333334,1258451651.52932
ECC,M1,cDXGF,Base,CZ07,25.2725,1616495135.828669
ECC,M1,cDXGF,Base,CZ08,32.28541666666666,1729429083.7265015
ECC,M1,cDXGF,Base,CZ09,35.456250000000004,1903998157.2276385
ECC,M1,cDXGF,Base,CZ10,35.55666666666667,1902740235.0156188
ECC,M1,cDXGF,Base,CZ11,36.25708333333334,2138252049.1403182
ECC,M1,cDXGF,Base,CZ12,33.139583333333334,2000846030.1816695
ECC,M1,cDXGF,Base,CZ13,37.3975,2192805947.8617516
ECC,M1,cDXGF,Base,CZ14,33.69791666666667,2006339433.4347434
ECC,M1,cDXGF,Base,CZ15,42.32083333333334,2593888122.312576
ECC,M1,cDXGF,Base,CZ16,25.15416666666667,1652409435.9971938
ECC,M1,cDXGF,Measure,CZ01,16.715000000000003,865334243.4256793
ECC,M1,cDXGF,Measure,CZ02,25.97041666666667,1478478459.6819386
ECC,M1,cDXGF,Measure,CZ03,24.965,1134959801.602717
ECC,M1,cDXGF,Measure,CZ04,32.625416666666666,1914424071.7876368
ECC,M1,cDXGF,Measure,CZ05,22.50375,1050584785.7313248
ECC,M1,cDXGF,Measure,CZ06,25.295833333333334,1179294128.99771
ECC,M1,cDXGF,Measure,CZ07,25.2725,1618674117.7565699
ECC,M1,cDXGF,Measure,CZ08,32.28541666666666,1657364286.9508362
ECC,M1,cDXGF,Measure,CZ09,35.456250000000004,1816886565.7360575
ECC,M1,cDXGF,Measure,CZ10,35.55666666666667,1817577430.0995593
ECC,M1,cDXGF,Measure,CZ11,36.25708333333334,2070983300.762714
ECC,M1,cDXGF,Measure,CZ12,33.139583333333334,1927929974.405964
ECC,M1,cDXGF,Measure,CZ13,37.3975,2115608162.5771618
ECC,M1,cDXGF,Measure,CZ14,33.69791666666667,1942902883.3856616
ECC,M1,cDXGF,Measure,CZ15,42.32083333333334,2494390108.504013
ECC,M1,cDXGF,Measure,CZ16,25.15416666666667,1602530877.3762984
ECC,M1,cDXHP,Base,CZ01,16.715000000000003,940380433.1276078
ECC,M1,cDXHP,Base,CZ02,25.97041666666667,1556310914.5754657
ECC,M1,cDXHP,Base,CZ03,24.965,1195238012.0459566
ECC,M1,cDXHP,Base,CZ04,32.625416666666666,1994677041.7333112
ECC,M1,cDXHP,Base,CZ05,22.50375,1118143709.5473971
ECC,M1,cDXHP,Base,CZ06,25.295833333333334,1261543748.273994
ECC,M1,cDXHP,Base,CZ07,25.2725,1590374894.858573
ECC,M1,cDXHP,Base,CZ08,32.28541666666666,1734174275.8098571
ECC,M1,cDXHP,Base,CZ09,35.456250000000004,1908480315.9269276
ECC,M1,cDXHP,Base,CZ10,35.55666666666667,1904547363.2018716
ECC,M1,cDXHP,Base,CZ11,36.25708333333334,2140704023.9132154
ECC,M1,cDXHP,Base,CZ12,33.139583333333334,2007798071.8355303
ECC,M1,cDXHP,Base,CZ13,37.3975,2199516033.0613885
ECC,M1,cDXHP,Base,CZ14,33.69791666666667,2014633277.467772
ECC,M1,cDXHP,Base,CZ15,42.32083333333334,2594145084.6465936
ECC,M1,cDXHP,Base,CZ16,25.15416666666667,1658159795.533445
ECC,M1,cDXHP,Measure,CZ01,16.715000000000003,866433646.7822795
ECC,M1,cDXHP,Measure,CZ02,25.97041666666667,1480649632.387426
ECC,M1,cDXHP,Measure,CZ03,24.965,1137413480.301447
ECC,M1,cDXHP,Measure,CZ04,32.625416666666666,1923486003.4925354
ECC,M1,cDXHP,Measure,CZ05,22.50375,1053266046.1134187
ECC,M1,cDXHP,Measure,CZ06,25.295833333333334,1182161775.843813
ECC,M1,cDXHP,Measure,CZ07,25.2725,1591957163.0618205
ECC,M1,cDXHP,Measure,CZ08,32.28541666666666,1662016974.0044801
ECC,M1,cDXHP,Measure,CZ09,35.456250000000004,1821062101.0874543
ECC,M1,cDXHP,Measure,CZ10,35.55666666666667,1819289122.9013166
ECC,M1,cDXHP,Measure,CZ11,36.25708333333334,2073299815.8791003
ECC,M1,cDXHP,Measure,CZ12,33.139583333333334,1935033864.9481978
ECC,M1,cDXHP,Measure,CZ13,37.3975,2122171274.330327
ECC,M1,cDXHP,Measure,CZ14,33.69791666666667,1950878498.0232468
ECC,M1,cDXHP,Measure,CZ15,42.32083333333334,2494640030.2052755
ECC,M1,cDXHP,Measure,CZ16,25.15416666666667,1608420606.9148684
ECC,M1,cPTAC,Base,CZ01,16.715000000000003,937279123.3139187
ECC,M1,cPTAC,Base,CZ02,25.97041666666667,1554066461.011921
ECC,M1,cPTAC,Base,CZ03,24.965,1192427097.28013
ECC,M1,cPTAC,Base,CZ04,32.625416666666666,1985833145.8423786
ECC,M1,cPTAC,Base,CZ05,22.50375,1114795633.7796688
ECC,M1,cPTAC,Base,CZ06,25.295833333333334,1258451634.7560675
ECC,M1,cPTAC,Base,CZ07,25.2725,1616495135.8317766
ECC,M1,cPTAC,Base,CZ08,32.28541666666666,1729426118.8640404
ECC,M1,cPTAC,Base,CZ09,35.456250000000004,1903997354.6525588
ECC,M1,cPTAC,Base,CZ10,35.55666666666667,1902739215.3403122
ECC,M1,cPTAC,Base,CZ11,36.25708333333334,2138252049.1112952
ECC,M1,cPTAC,Base,CZ12,33.139583333333334,2000846030.1831894
ECC,M1,cPTAC,Base,CZ13,37.3975,2192805947.870649
ECC,M1,cPTAC,Base,CZ14,33.69791666666667,2006341168.1198514
ECC,M1,cPTAC,Base,CZ15,42.32083333333334,2593889532.813881
ECC,M1,cPTAC,Base,CZ16,25.15416666666667,1652409405.5403075
ECC,M1,cPTAC,Measure,CZ01,16.715000000000003,864631075.0296984
ECC,M1,cPTAC,Measure,CZ02,25.97041666666667,1478478361.7001324
ECC,M1,cPTAC,Measure,CZ03,24.965,1134851531.5511706
ECC,M1,cPTAC,Measure,CZ04,32.625416666666666,1914424071.7876568
ECC,M1,cPTAC,Measure,CZ05,22.50375,1050213011.7533857
ECC,M1,cPTAC,Measure,CZ06,25.295833333333334,1179294128.988642
ECC,M1,cPTAC,Measure,CZ07,25.2725,1618674117.820282
ECC,M1,cPTAC,Measure,CZ08,32.28541666666666,1657361663.852646
ECC,M1,cPTAC,Measure,CZ09,35.456250000000004,1816886566.1059968
ECC,M1,cPTAC,Measure,CZ10,35.55666666666667,1817577429.9442227
ECC,M1,cPTAC,Measure,CZ11,36.25708333333334,2070983300.739136
ECC,M1,cPTAC,Measure,CZ12,33.139583333333334,1927929974.4011562
ECC,M1,cPTAC,Measure,CZ13,37.3975,2115608163.0748773
ECC,M1,cPTAC,Measure,CZ14,33.69791666666667,1942902883.3851998
ECC,M1,cPTAC,Measure,CZ15,42.32083333333334,2494390108.509775
ECC,M1,cPTAC,Measure,CZ16,25.15416666666667,1602671048.5662625
ECC,M1,cPVVG,Base,CZ01,16.715000000000003,708955077.8233817
ECC,M1,cPVVG,Base,CZ02,25.97041666666667,1316219286.9324899
ECC,M1,cPVVG,Base,CZ03,24.965,941863374.9409571
ECC,M1,cPVVG,Base,CZ04,32.625416666666666,1768624659.9605546
ECC,M1,cPVVG,Base,CZ05,22.50375,854805130.600558
ECC,M1,cPVVG,Base,CZ06,25.295833333333334,1008781456.2981892
ECC,M1,cPVVG,Base,CZ07,25.2725,1396130641.2003036
ECC,M1,cPVVG,Base,CZ08,32.28541666666666,1504998216.9196038
ECC,M1,cPVVG,Base,CZ09,35.456250000000004,1686834890.1432304
ECC,M1,cPVVG,Base,CZ10,35.55666666666667,1679591138.078753
ECC,M1,cPVVG,Base,CZ11,36.25708333333334,1953091113.6534014
ECC,M1,cPVVG,Base,CZ12,33.139583333333334,1794303665.5985394
ECC,M1,cPVVG,Base,CZ13,37.3975,2022738092.0556533
ECC,M1,cPVVG,Base,CZ14,33.69791666666667,1810180871.827744
ECC,M1,cPVVG,Base,CZ15,42.32083333333334,2447416364.884925
ECC,M1,cPVVG,Base,CZ16,25.15416666666667,1380712472.4100163
ECC,M1,cPVVG,Measure,CZ01,16.715000000000003,695464563.9089173
ECC,M1,cPVVG,Measure,CZ02,25.97041666666667,1323689061.795889
ECC,M1,cPVVG,Measure,CZ03,24.965,951727853.8623779
ECC,M1,cPVVG,Measure,CZ04,32.625416666666666,1773506353.152888
ECC,M1,cPVVG,Measure,CZ05,22.50375,856407307.5578327
ECC,M1,cPVVG,Measure,CZ06,25.295833333333334,998393256.1975701
ECC,M1,cPVVG,Measure,CZ07,25.2725,1417641401.2404609
ECC,M1,cPVVG,Measure,CZ08,32.28541666666666,1489059527.650263
ECC,M1,cPVVG,Measure,CZ09,35.456250000000004,1648381371.310709
ECC,M1,cPVVG,Measure,CZ10,35.55666666666667,1646021767.7143154
ECC,M1,cPVVG,Measure,CZ11,36.25708333333334,1916733719.3080924
ECC,M1,cPVVG,Measure,CZ12,33.139583333333334,1793097002.7627788
ECC,M1,cPVVG,Measure,CZ13,37.3975,1974925147.0598865
ECC,M1,cPVVG,Measure,CZ14,33.69791666666667,1779253923.2627022
ECC,M1,cPVVG,Measure,CZ15,42.32083333333334,2373928416.328349
ECC,M1,cPVVG,Measure,CZ16,25.15416666666667,1375545395.2271676
ECC,M2,cDXGF,Base,CZ01,16.715000000000003,1166432311.833686
ECC,M2,cDXGF,Base,CZ02,25.97041666666667,1583489249.6260424
ECC,M2,cDXGF,Base,CZ03,24.965,1309803796.322615
ECC,M2,cDXGF,Base,CZ04,32.625416666666666,1846450340.803446
ECC,M2,cDXGF,Base,CZ05,22.50375,1292037866.2184353
ECC,M2,cDXGF,Base,CZ06,25.295833333333334,1321787434.005363
ECC,M2,cDXGF,Base,CZ07,25.2725,1573379162.098264
ECC,M2,cDXGF,Base,CZ08,32.28541666666666,1583945069.685967
ECC,M2,cDXGF,Base,CZ09,35.456250000000004,1658861353.9100368
ECC,M2,cDXGF,Base,CZ10,35.55666666666667,1649438095.2007446
ECC,M2,cDXGF,Base,CZ11,36.25708333333334,1855904624.2868965
ECC,M2,cDXGF,Base,CZ12,33.139583333333334,1839733601.143306
ECC,M2,cDXGF,Base,CZ13,37.3975,1873177869.630765
ECC,M2,cDXGF,Base,CZ14,33.69791666666667,1805165106.2181845
ECC,M2,cDXGF,Base,CZ15,42.32083333333334,2090658580.2209795
ECC,M2,cDXGF,Base,CZ16,25.15416666666667,1699290889.5468197
ECC,M2,cDXGF,Measure,CZ01,16.715000000000003,1058759260.7561221
ECC,M2,cDXGF,Measure,CZ02,25.97041666666667,1454787186.6935015
ECC,M2,cDXGF,Measure,CZ03,24.965,1210220524.1232505
ECC,M2,cDXGF,Measure,CZ04,32.625416666666666,1740175857.7923188
ECC,M2,cDXGF,Measure,CZ05,22.50375,1184250064.1723597
ECC,M2,cDXGF,Measure,CZ06,25.295833333333334,1219339865.8846376
ECC,M2,cDXGF,Measure,CZ07,25.2725,1561484580.1292753
ECC,M2,cDXGF,Measure,CZ08,32.28541666666666,1494190884.7995362
ECC,M2,cDXGF,Measure,CZ09,35.456250000000004,1576396876.2303662
ECC,M2,cDXGF,Measure,CZ10,35.55666666666667,1565295505.5909674
ECC,M2,cDXGF,Measure,CZ11,36.25708333333334,1813671966.98237
ECC,M2,cDXGF,Measure,CZ12,33.139583333333334,1738778291.2238288
ECC,M2,cDXGF,Measure,CZ13,37.3975,1828910604.5970764
ECC,M2,cDXGF,Measure,CZ14,33.69791666666667,1756209457.953157
ECC,M2,cDXGF,Measure,CZ15,42.32083333333334,2033087198.3214428
ECC,M2,cDXGF,Measure,CZ16,25.15416666666667,1642738958.1878066
ECC,M2,cDXHP,Base,CZ01,16.715000000000003,1162108170.9680364
ECC,M2,cDXHP,Base,CZ02,25.97041666666667,1581012981.744171
ECC,M2,cDXHP,Base,CZ03,24.965,1306359393.2707305
ECC,M2,cDXHP,Base,CZ04,32.625416666666666,1842711163.4578748
ECC,M2,cDXHP,Base,CZ05,22.50375,1288573325.5033522
ECC,M2,cDXHP,Base,CZ06,25.295833333333334,1318850152.9177737
ECC,M2,cDXHP,Base,CZ07,25.2725,1570203196.6479983
ECC,M2,cDXHP,Base,CZ08,32.28541666666666,1582361003.1583462
ECC,M2,cDXHP,Base,CZ09,35.456250000000004,1657782608.2547727
ECC,M2,cDXHP,Base,CZ10,35.55666666666667,1648934606.8603485
ECC,M2,cDXHP,Base,CZ11,36.25708333333334,1853752775.4926984
ECC,M2,cDXHP,Base,CZ12,33.139583333333334,1837104927.2922692
ECC,M2,cDXHP,Base,CZ13,37.3975,1871720623.7719812
ECC,M2,cDXHP,Base,CZ14,33.69791666666667,1802349098.1110783
ECC,M2,cDXHP,Base,CZ15,42.32083333333334,2090575802.1317387
ECC,M2,cDXHP,Base,CZ16,25.15416666666667,1697406687.8109255
ECC,M2,cDXHP,Measure,CZ01,16.715000000000003,1054626789.9880234
ECC,M2,cDXHP,Measure,CZ02,25.97041666666667,1452368933.8674927
ECC,M2,cDXHP,Measure,CZ03,24.965,1206854473.2678823
ECC,M2,cDXHP,Measure,CZ04,32.625416666666666,1736616963.1910853
ECC,M2,cDXHP,Measure,CZ05,22.50375,1180820750.3419588
ECC,M2,cDXHP,Measure,CZ06,25.295833333333334,1216403103.1322718
ECC,M2,cDXHP,Measure,CZ07,25.2725,1558177754.8818927
ECC,M2,cDXHP,Measure,CZ08,32.28541666666666,1492733887.2686763
ECC,M2,cDXHP,Measure,CZ09,35.456250000000004,1575376868.7694283
ECC,M2,cDXHP,Measure,CZ10,35.55666666666667,1564785994.9823449
ECC,M2,cDXHP,Measure,CZ11,36.25708333333334,1812573566.6678438
ECC,M2,cDXHP,Measure,CZ12,33.139583333333334,1736350187.6622376
ECC,M2,cDXHP,Measure,CZ13,37.3975,1828283876.7881389
ECC,M2,cDXHP,Measure,CZ14,33.69791666666667,1753805895.9820733
ECC,M2,cDXHP,Measure,CZ15,42.32083333333334,2033008891.0534353
ECC,M2,cDXHP,Measure,CZ16,25.15416666666667,1641164832.8973603
ECC,M2,cPTAC,Base,CZ01,16.715000000000003,1166432672.4614189
ECC,M2,cPTAC,Base,CZ02,25.97041666666667,1583489249.6287103
ECC,M2,cPTAC,Base,CZ03,24.965,1309803796.3227184
ECC,M2,cPTAC,Base,CZ04,32.625416666666666,1846450340.680016
ECC,M2,cPTAC,Base,CZ05,22.50375,1292037866.2186494
ECC,M2,cPTAC,Base,CZ06,25.295833333333334,1321787434.006327
ECC,M2,cPTAC,Base,CZ07,25.2725,1573379164.910099
ECC,M2,cPTAC,Base,CZ08,32.28541666666666,1583945069.685205
ECC,M2,cPTAC,Base,CZ09,35.456250000000004,1658861353.910034
ECC,M2,cPTAC,Base,CZ10,35.55666666666667,1649438083.0236378
ECC,M2,cPTAC,Base,CZ11,36.25708333333334,1855904624.2877457
ECC,M2,cPTAC,Base,CZ12,33.139583333333334,1839733601.147417
ECC,M2,cPTAC,Base,CZ13,37.3975,1873177869.6219788
ECC,M2,cPTAC,Base,CZ14,33.69791666666667,1805165106.2115023
ECC,M2,cPTAC,Base,CZ15,42.32083333333334,2090658580.2209795
ECC,M2,cPTAC,Base,CZ16,25.15416666666667,1699290889.544958
ECC,M2,cPTAC,Measure,CZ01,16.715000000000003,1058759194.1689534
ECC,M2,cPTAC,Measure,CZ02,25.97041666666667,1454787186.7115788
ECC,M2,cPTAC,Measure,CZ03,24.965,1210220524.1124678
ECC,M2,cPTAC,Measure,CZ04,32.625416666666666,1740175857.7918563
ECC,M2,cPTAC,Measure,CZ05,22.50375,1184250064.1742435
ECC,M2,cPTAC,Measure,CZ06,25.295833333333334,1219339865.8836436
ECC,M2,cPTAC,Measure,CZ07,25.2725,1561484580.095405
ECC,M2,cPTAC,Measure,CZ08,32.28541666666666,1494190890.0555773
ECC,M2,cPTAC,Measure,CZ09,35.456250000000004,1576396876.2052264
ECC,M2,cPTAC,Measure,CZ10,35.55666666666667,1565297177.4340715
ECC,M2,cPTAC,Measure,CZ11,36.25708333333334,1813671966.9818883
ECC,M2,cPTAC,Measure,CZ12,33.139583333333334,1738778291.8308554
ECC,M2,cPTAC,Measure,CZ13,37.3975,1828933385.0318546
ECC,M2,cPTAC,Measure,CZ14,33.69791666666667,1756209457.9546242
ECC,M2,cPTAC,Measure,CZ15,42.32083333333334,2033087198.3110151
ECC,M2,cPTAC,Measure,CZ16,25.15416666666667,1642738958.15902
ECC,M2,cPVVG,Base,CZ01,16.715000000000003,938886993.1243724
ECC,M2,cPVVG,Base,CZ02,25.97041666666667,1328862728.8778458
ECC,M2,cPVVG,Base,CZ03,24.965,1058371883.0329518
ECC,M2,cPVVG,Base,CZ04,32.625416666666666,1597445387.5855012
ECC,M2,cPVVG,Base,CZ05,22.50375,1029012440.894783
ECC,M2,cPVVG,Base,CZ06,25.295833333333334,1079151029.032361
ECC,M2,cPVVG,Base,CZ07,25.2725,1367543098.6467495
ECC,M2,cPVVG,Base,CZ08,32.28541666666666,1320841123.1564531
ECC,M2,cPVVG,Base,CZ09,35.456250000000004,1383301463.2725668
ECC,M2,cPVVG,Base,CZ10,35.55666666666667,1372890762.6615095
ECC,M2,cPVVG,Base,CZ11,36.25708333333334,1616370748.7243898
ECC,M2,cPVVG,Base,CZ12,33.139583333333334,1599621768.8339818
ECC,M2,cPVVG,Base,CZ13,37.3975,1636975873.0910358
ECC,M2,cPVVG,Base,CZ14,33.69791666666667,1556501738.1934943
ECC,M2,cPVVG,Base,CZ15,42.32083333333334,1842635440.467224
ECC,M2,cPVVG,Base,CZ16,25.15416666666667,1438998607.1555645
ECC,M2,cPVVG,Measure,CZ01,16.715000000000003,897781352.1416692
ECC,M2,cPVVG,Measure,CZ02,25.97041666666667,1281894748.929058
ECC,M2,cPVVG,Measure,CZ03,24.965,1019396584.0379677
ECC,M2,cPVVG,Measure,CZ04,32.625416666666666,1551526136.5033264
ECC,M2,cPVVG,Measure,CZ05,22.50375,987303212.374057
ECC,M2,cPVVG,Measure,CZ06,25.295833333333334,1037563613.7987849
ECC,M2,cPVVG,Measure,CZ07,25.2725,1357747863.1866229
ECC,M2,cPVVG,Measure,CZ08,32.28541666666666,1280913088.3921976
ECC,M2,cPVVG,Measure,CZ09,35.456250000000004,1344439455.7712092
ECC,M2,cPVVG,Measure,CZ10,35.55666666666667,1333825932.4901633
ECC,M2,cPVVG,Measure,CZ11,36.25708333333334,1600966211.8438923
ECC,M2,cPVVG,Measure,CZ12,33.139583333333334,1555784676.857843
ECC,M2,cPVVG,Measure,CZ13,37.3975,1621036953.1537585
ECC,M2,cPVVG,Measure,CZ14,33.69791666666667,1535277141.8346567
ECC,M2,cPVVG,Measure,CZ15,42.32083333333334,1819559137.4288323
ECC,M2,cPVVG,Measure,CZ16,25.15416666666667,1412964220.7038577
ECC,M3,cDXGF,Base,CZ01,16.715000000000003,898672709.8214014
ECC,M3,cDXGF,Base,CZ02,25.97041666666667,1331635291.0848439
ECC,M3,cDXGF,Base,CZ03,24.965,1037728958.3945508
ECC,M3,cDXGF,Base,CZ04,32.625416666666666,1632140457.552391
ECC,M3,cDXGF,Base,CZ05,22.50375,990394599.6326324
ECC,M3,cDXGF,Base,CZ06,25.295833333333334,1057990064.336625
ECC,M3,cDXGF,Base,CZ07,25.2725,1419739340.1265872
ECC,M3,cDXGF,Base,CZ08,32.28541666666666,1333339178.2152052
ECC,M3,cDXGF,Base,CZ09,35.456250000000004,1404861380.7672975
ECC,M3,cDXGF,Base,CZ10,35.55666666666667,1398687775.3974757
ECC,M3,cDXGF,Base,CZ11,36.25708333333334,1706128178.3111742
ECC,M3,cDXGF,Base,CZ12,33.139583333333334,1642450657.2086186
ECC,M3,cDXGF,Base,CZ13,37.3975,1735075280.8597302
ECC,M3,cDXGF,Base,CZ14,33.69791666666667,1616576776.4412987
ECC,M3,cDXGF,Base,CZ15,42.32083333333334,1961157035.8195891
ECC,M3,cDXGF,Base,CZ16,25.15416666666667,1434756890.484796
ECC,M3,cDXGF,Measure,CZ01,16.715000000000003,845127860.3519034
ECC,M3,cDXGF,Measure,CZ02,25.97041666666667,1242868564.7767873
ECC,M3,cDXGF,Measure,CZ03,24.965,960563379.8491237
ECC,M3,cDXGF,Measure,CZ04,32.625416666666666,1514460251.6716826
ECC,M3,cDXGF,Measure,CZ05,22.50375,921399669.4637909
ECC,M3,cDXGF,Measure,CZ06,25.295833333333334,979541631.4646044
ECC,M3,cDXGF,Measure,CZ07,25.2725,1306729538.0364733
ECC,M3,cDXGF,Measure,CZ08,32.28541666666666,1224498020.9530716
ECC,M3,cDXGF,Measure,CZ09,35.456250000000004,1283750299.9004388
ECC,M3,cDXGF,Measure,CZ10,35.55666666666667,1278048189.0081897
ECC,M3,cDXGF,Measure,CZ11,36.25708333333334,1556447339.2280736
ECC,M3,cDXGF,Measure,CZ12,33.139583333333334,1521493164.0381963
ECC,M3,cDXGF,Measure,CZ13,37.3975,1579596015.0607169
ECC,M3,cDXGF,Measure,CZ14,33.69791666666667,1484407775.514546
ECC,M3,cDXGF,Measure,CZ15,42.32083333333334,1788934343.6596737
ECC,M3,cDXGF,Measure,CZ16,25.15416666666667,1337243987.236832
ECC,M3,cDXHP,Base,CZ01,16.715000000000003,866896663.6895139
ECC,M3,cDXHP,Base,CZ02,25.97041666666667,1317607455.5084987
ECC,M3,cDXHP,Base,CZ03,24.965,1018490821.4939032
ECC,M3,cDXHP,Base,CZ04,32.625416666666666,1618421327.2415142
ECC,M3,cDXHP,Base,CZ05,22.50375,966416285.8805327
ECC,M3,cDXHP,Base,CZ06,25.295833333333334,1037328716.6405803
ECC,M3,cDXHP,Base,CZ07,25.2725,1398192102.2419362
ECC,M3,cDXHP,Base,CZ08,32.28541666666666,1325835512.7932568
ECC,M3,cDXHP,Base,CZ09,35.456250000000004,1399035801.1765978
ECC,M3,cDXHP,Base,CZ10,35.55666666666667,1395696783.3786469
ECC,M3,cDXHP,Base,CZ11,36.25708333333334,1697347345.2645175
ECC,M3,cDXHP,Base,CZ12,33.139583333333334,1632272472.0151505
ECC,M3,cDXHP,Base,CZ13,37.3975,1729011530.4367251
ECC,M3,cDXHP,Base,CZ14,33.69791666666667,1603345400.7652285
ECC,M3,cDXHP,Base,CZ15,42.32083333333334,1960962579.429048
ECC,M3,cDXHP,Base,CZ16,25.15416666666667,1394562808.6026096
ECC,M3,cDXHP,Measure,CZ01,16.715000000000003,813960402.6148069
ECC,M3,cDXHP,Measure,CZ02,25.97041666666667,1228583367.0981584
ECC,M3,cDXHP,Measure,CZ03,24.965,941340161.9005803
ECC,M3,cDXHP,Measure,CZ04,32.625416666666666,1500149492.2490015
ECC,M3,cDXHP,Measure,CZ05,22.50375,897684233.796714
ECC,M3,cDXHP,Measure,CZ06,25.295833333333334,958949694.5823709
ECC,M3,cDXHP,Measure,CZ07,25.2725,1284855558.7222538
ECC,M3,cDXHP,Measure,CZ08,32.28541666666666,1216815476.9223542
ECC,M3,cDXHP,Measure,CZ09,35.456250000000004,1277843032.3972208
ECC,M3,cDXHP,Measure,CZ10,35.55666666666667,1275056034.3120074
ECC,M3,cDXHP,Measure,CZ11,36.25708333333334,1547069280.9335914
ECC,M3,cDXHP,Measure,CZ12,33.139583333333334,1510761918.8389907
ECC,M3,cDXHP,Measure,CZ13,37.3975,1573070316.5296495
ECC,M3,cDXHP,Measure,CZ14,33.69791666666667,1470760861.8445091
ECC,M3,cDXHP,Measure,CZ15,42.32083333333334,1788726363.571364
ECC,M3,cDXHP,Measure,CZ16,25.15416666666667,1297897509.111556
ECC,M3,cPTAC,Base,CZ01,16.715000000000003,898663841.8661218
ECC,M3,cPTAC,Base,CZ02,25.97041666666667,1331635291.0968442
ECC,M3,cPTAC,Base,CZ03,24.965,1037728414.5914838
ECC,M3,cPTAC,Base,CZ04,32.625416666666666,1632140457.5510588
ECC,M3,cPTAC,Base,CZ05,22.50375,990394565.6526619
ECC,M3,cPTAC,Base,CZ06,25.295833333333334,1057990064.3323375
ECC,M3,cPTAC,Base,CZ07,25.2725,1419739340.124683
ECC,M3,cPTAC,Base,CZ08,32.28541666666666,1333346383.0474143
ECC,M3,cPTAC,Base,CZ09,35.456250000000004,1404861388.5288386
ECC,M3,cPTAC,Base,CZ10,35.55666666666667,1398692756.72687
ECC,M3,cPTAC,Base,CZ11,36.25708333333334,1706128178.3161519
ECC,M3,cPTAC,Base,CZ12,33.139583333333334,1642450657.201713
ECC,M3,cPTAC,Base,CZ13,37.3975,1735075280.848042
ECC,M3,cPTAC,Base,CZ14,33.69791666666667,1616576776.4315927
ECC,M3,cPTAC,Base,CZ15,42.32083333333334,1961159165.408324
ECC,M3,cPTAC,Base,CZ16,25.15416666666667,1434756890.3210573
ECC,M3,cPTAC,Measure,CZ01,16.715000000000003,845135096.243834
ECC,M3,cPTAC,Measure,CZ02,25.97041666666667,1242868564.7678742
ECC,M3,cPTAC,Measure,CZ03,24.965,960563379.843951
ECC,M3,cPTAC,Measure,CZ04,32.625416666666666,1514460251.6764297
ECC,M3,cPTAC,Measure,CZ05,22.50375,921399640.102722
ECC,M3,cPTAC,Measure,CZ06,25.295833333333334,979541631.468136
ECC,M3,cPTAC,Measure,CZ07,25.2725,1306729538.0320168
ECC,M3,cPTAC,Measure,CZ08,32.28541666666666,1224493299.3667989
ECC,M3,cPTAC,Measure,CZ09,35.456250000000004,1283750299.8742974
ECC,M3,cPTAC,Measure,CZ10,35.55666666666667,1278048189.0430892
ECC,M3,cPTAC,Measure,CZ11,36.25708333333334,1556447339.2270126
ECC,M3,cPTAC,Measure,CZ12,33.139583333333334,1521493164.0387468
ECC,M3,cPTAC,Measure,CZ13,37.3975,1579592298.28709
ECC,M3,cPTAC,Measure,CZ14,33.69791666666667,1484407775.5030928
ECC,M3,cPTAC,Measure,CZ15,42.32083333333334,1788934343.673819
ECC,M3,cPTAC,Measure,CZ16,25.15416666666667,1337243987.0954182
ECC,M3,cPVVG,Base,CZ01,16.715000000000003,884973991.5105307
ECC,M3,cPVVG,Base,CZ02,25.97041666666667,1314885796.7512488
ECC,M3,cPVVG,Base,CZ03,24.965,1021289926.214842
ECC,M3,cPVVG,Base,CZ04,32.625416666666666,1612731353.78867
ECC,M3,cPVVG,Base,CZ05,22.50375,974330019.2347981
ECC,M3,cPVVG,Base,CZ06,25.295833333333334,1041118727.3267064
ECC,M3,cPVVG,Base,CZ07,25.2725,1397647512.828101
ECC,M3,cPVVG,Base,CZ08,32.28541666666666,1314441843.539994
ECC,M3,cPVVG,Base,CZ09,35.456250000000004,1384413405.115168
ECC,M3,cPVVG,Base,CZ10,35.55666666666667,1378779038.2322164
ECC,M3,cPVVG,Base,CZ11,36.25708333333334,1683272046.7946873
ECC,M3,cPVVG,Base,CZ12,33.139583333333334,1623471999.4081087
ECC,M3,cPVVG,Base,CZ13,37.3975,1712196502.0608227
ECC,M3,cPVVG,Base,CZ14,33.69791666666667,1594128807.1635556
ECC,M3,cPVVG,Base,CZ15,42.32083333333334,1938311536.2362692
ECC,M3,cPVVG,Base,CZ16,25.15416666666667,1412137998.7279358
ECC,M3,cPVVG,Measure,CZ01,16.715000000000003,832143081.87581
ECC,M3,cPVVG,Measure,CZ02,25.97041666666667,1227043855.8866985
ECC,M3,cPVVG,Measure,CZ03,24.965,945111768.134975
ECC,M3,cPVVG,Measure,CZ04,32.625416666666666,1496255392.326333
ECC,M3,cPVVG,Measure,CZ05,22.50375,906296269.0837874
ECC,M3,cPVVG,Measure,CZ06,25.295833333333334,963679479.452976
ECC,M3,cPVVG,Measure,CZ07,25.2725,1285718777.7572522
ECC,M3,cPVVG,Measure,CZ08,32.28541666666666,1206950736.7096467
ECC,M3,cPVVG,Measure,CZ09,35.456250000000004,1264942136.0944934
ECC,M3,cPVVG,Measure,CZ10,35.55666666666667,1259687880.8618157
ECC,M3,cPVVG,Measure,CZ11,36.25708333333334,1535671610.5960584
ECC,M3,cPVVG,Measure,CZ12,33.139583333333334,1503754829.4591913
ECC,M3,cPVVG,Measure,CZ13,37.3975,1558865192.8871942
ECC,M3,cPVVG,Measure,CZ14,33.69791666666667,1463862494.8766775
ECC,M3,cPVVG,Measure,CZ15,42.32083333333334,1767958157.336546
ECC,M3,cPVVG,Measure,CZ16,25.15416666666667,1316151951.8485997
ECC,M4,cDXGF,Base,CZ01,16.715000000000003,977421044.5573256
ECC,M4,cDXGF,Base,CZ02,25.97041666666667,1579294349.7133827
ECC,M4,cDXGF,Base,CZ03,24.965,1241277086.1012197
ECC,M4,cDXGF,Base,CZ04,32.625416666666666,1985834430.624186
ECC,M4,cDXGF,Base,CZ05,22.50375,1168348565.4657068
ECC,M4,cDXGF,Base,CZ06,25.295833333333334,1276338994.7460995
ECC,M4,cDXGF,Base,CZ07,25.2725,1616495098.92795
ECC,M4,cDXGF,Base,CZ08,32.28541666666666,1729426832.009355
ECC,M4,cDXGF,Base,CZ09,35.456250000000004,1904004869.192611
ECC,M4,cDXGF,Base,CZ10,35.55666666666667,1902740178.6593208
ECC,M4,cDXGF,Base,CZ11,36.25708333333334,2138251376.706714
ECC,M4,cDXGF,Base,CZ12,33.139583333333334,2000844639.2815566
ECC,M4,cDXGF,Base,CZ13,37.3975,2192805482.80854
ECC,M4,cDXGF,Base,CZ14,33.69791666666667,2006343229.7609873
ECC,M4,cDXGF,Base,CZ15,42.32083333333334,2593888139.800354
ECC,M4,cDXGF,Base,CZ16,25.15416666666667,1670002975.9400413
ECC,M4,cDXGF,Measure,CZ01,16.715000000000003,923258115.6861782
ECC,M4,cDXGF,Measure,CZ02,25.97041666666667,1504806269.3714967
ECC,M4,cDXGF,Measure,CZ03,24.965,1186674834.7772937
ECC,M4,cDXGF,Measure,CZ04,32.625416666666666,1914433796.8027344
ECC,M4,cDXGF,Measure,CZ05,22.50375,1112329153.3896444
ECC,M4,cDXGF,Measure,CZ06,25.295833333333334,1197153901.9773982
ECC,M4,cDXGF,Measure,CZ07,25.2725,1618674350.1913126
ECC,M4,cDXGF,Measure,CZ08,32.28541666666666,1657370036.713099
ECC,M4,cDXGF,Measure,CZ09,35.456250000000004,1816895229.9942083
ECC,M4,cDXGF,Measure,CZ10,35.55666666666667,1817580838.2902873
ECC,M4,cDXGF,Measure,CZ11,36.25708333333334,2070983195.444096
ECC,M4,cDXGF,Measure,CZ12,33.139583333333334,1927929655.8420181
ECC,M4,cDXGF,Measure,CZ13,37.3975,2115608114.8746736
ECC,M4,cDXGF,Measure,CZ14,33.69791666666667,1942904850.0091937
ECC,M4,cDXGF,Measure,CZ15,42.32083333333334,2494390108.535228
ECC,M4,cDXGF,Measure,CZ16,25.15416666666667,1619906060.837877
ECC,M4,cDXHP,Base,CZ01,16.715000000000003,979661277.8773049
ECC,M4,cDXHP,Base,CZ02,25.97041666666667,1581595401.3059838
ECC,M4,cDXHP,Base,CZ03,24.965,1244145372.2897718
ECC,M4,cDXHP,Base,CZ04,32.625416666666666,1994677416.9910405
ECC,M4,cDXHP,Base,CZ05,22.50375,1171252147.9264827
ECC,M4,cDXHP,Base,CZ06,25.295833333333334,1279619694.2287827
ECC,M4,cDXHP,Base,CZ07,25.2725,1590374908.4711893
ECC,M4,cDXHP,Base,CZ08,32.28541666666666,1734172227.1538146
ECC,M4,cDXHP,Base,CZ09,35.456250000000004,1908482734.3358724
ECC,M4,cDXHP,Base,CZ10,35.55666666666667,1904548859.3538756
ECC,M4,cDXHP,Base,CZ11,36.25708333333334,2140703760.0778875
ECC,M4,cDXHP,Base,CZ12,33.139583333333334,2007796864.3291907
ECC,M4,cDXHP,Base,CZ13,37.3975,2199515776.987242
ECC,M4,cDXHP,Base,CZ14,33.69791666666667,2014636368.529945
ECC,M4,cDXHP,Base,CZ15,42.32083333333334,2594148571.1731734
ECC,M4,cDXHP,Base,CZ16,25.15416666666667,1676092687.9360173
ECC,M4,cDXHP,Measure,CZ01,16.715000000000003,924930936.863539
ECC,M4,cDXHP,Measure,CZ02,25.97041666666667,1507097431.9983168
ECC,M4,cDXHP,Measure,CZ03,24.965,1189528872.2144651
ECC,M4,cDXHP,Measure,CZ04,32.625416666666666,1923495580.1160836
ECC,M4,cDXHP,Measure,CZ05,22.50375,1115613821.4658787
ECC,M4,cDXHP,Measure,CZ06,25.295833333333334,1200209611.952472
ECC,M4,cDXHP,Measure,CZ07,25.2725,1591957479.6695395
ECC,M4,cDXHP,Measure,CZ08,32.28541666666666,1662022546.2812166
ECC,M4,cDXHP,Measure,CZ09,35.456250000000004,1821142438.8154418
ECC,M4,cDXHP,Measure,CZ10,35.55666666666667,1819295214.3882232
ECC,M4,cDXHP,Measure,CZ11,36.25708333333334,2073300123.9821773
ECC,M4,cDXHP,Measure,CZ12,33.139583333333334,1935033451.2966905
ECC,M4,cDXHP,Measure,CZ13,37.3975,2122171109.6201217
ECC,M4,cDXHP,Measure,CZ14,33.69791666666667,1950880409.0662374
ECC,M4,cDXHP,Measure,CZ15,42.32083333333334,2494640030.2339525
ECC,M4,cDXHP,Measure,CZ16,25.15416666666667,1626137151.4624124
ECC,M4,cPTAC,Base,CZ01,16.715000000000003,974397578.958662
ECC,M4,cPTAC,Base,CZ02,25.97041666666667,1579243375.5108216
ECC,M4,cPTAC,Base,CZ03,24.965,1240822182.2840204
ECC,M4,cPTAC,Base,CZ04,32.625416666666666,1985833429.0888557
ECC,M4,cPTAC,Base,CZ05,22.50375,1166790615.712688
ECC,M4,cPTAC,Base,CZ06,25.295833333333334,1276338978.0897317
ECC,M4,cPTAC,Base,CZ07,25.2725,1616495098.9259684
ECC,M4,cPTAC,Base,CZ08,32.28541666666666,1729427095.9963343
ECC,M4,cPTAC,Base,CZ09,35.456250000000004,1904001261.5377498
ECC,M4,cPTAC,Base,CZ10,35.55666666666667,1902740617.9800885
ECC,M4,cPTAC,Base,CZ11,36.25708333333334,2138251376.706109
ECC,M4,cPTAC,Base,CZ12,33.139583333333334,2000844639.2854152
ECC,M4,cPTAC,Base,CZ13,37.3975,2192805482.81518
ECC,M4,cPTAC,Base,CZ14,33.69791666666667,2006343229.762663
ECC,M4,cPTAC,Base,CZ15,42.32083333333334,2593891551.816657
ECC,M4,cPTAC,Base,CZ16,25.15416666666667,1670002944.944281
ECC,M4,cPTAC,Measure,CZ01,16.715000000000003,921493670.2390908
ECC,M4,cPTAC,Measure,CZ02,25.97041666666667,1504806153.997355
ECC,M4,cPTAC,Measure,CZ03,24.965,1186528564.09669
ECC,M4,cPTAC,Measure,CZ04,32.625416666666666,1914433796.796395
ECC,M4,cPTAC,Measure,CZ05,22.50375,1111656642.471445
ECC,M4,cPTAC,Measure,CZ06,25.295833333333334,1197153901.9786859
ECC,M4,cPTAC,Measure,CZ07,25.2725,1618674350.203191
ECC,M4,cPTAC,Measure,CZ08,32.28541666666666,1657370036.7097783
ECC,M4,cPTAC,Measure,CZ09,35.456250000000004,1816895229.988316
ECC,M4,cPTAC,Measure,CZ10,35.55666666666667,1817580838.154767
ECC,M4,cPTAC,Measure,CZ11,36.25708333333334,2070983195.4458756
ECC,M4,cPTAC,Measure,CZ12,33.139583333333334,1927929655.8405137
ECC,M4,cPTAC,Measure,CZ13,37.3975,2115608115.3510327
ECC,M4,cPTAC,Measure,CZ14,33.69791666666667,1942904849.9963765
ECC,M4,cPTAC,Measure,CZ15,42.32083333333334,2494390108.539278
ECC,M4,cPTAC,Measure,CZ16,25.15416666666667,1619905906.5854402
ECC,M4,cPVVG,Base,CZ01,16.715000000000003,727361843.870826
ECC,M4,cPVVG,Base,CZ02,25.97041666666667,1333942808.7693117
ECC,M4,cPVVG,Base,CZ03,24.965,975712219.3765008
ECC,M4,cPVVG,Base,CZ04,32.625416666666666,1768624466.1294534
ECC,M4,cPVVG,Base,CZ05,22.50375,888036210.370713
ECC,M4,cPVVG,Base,CZ06,25.295833333333334,1021971927.7502911
ECC,M4,cPVVG,Base,CZ07,25.2725,1396130644.9677658
ECC,M4,cPVVG,Base,CZ08,32.28541666666666,1504999162.3573947
ECC,M4,cPVVG,Base,CZ09,35.456250000000004,1686837480.2609224
ECC,M4,cPVVG,Base,CZ10,35.55666666666667,1679591720.4640799
ECC,M4,cPVVG,Base,CZ11,36.25708333333334,1953090526.651284
ECC,M4,cPVVG,Base,CZ12,33.139583333333334,1794301572.1145236
ECC,M4,cPVVG,Base,CZ13,37.3975,2022737442.4884138
ECC,M4,cPVVG,Base,CZ14,33.69791666666667,1810181410.20474
ECC,M4,cPVVG,Base,CZ15,42.32083333333334,2447416364.984427
ECC,M4,cPVVG,Base,CZ16,25.15416666666667,1395408029.1007006
ECC,M4,cPVVG,Measure,CZ01,16.715000000000003,733479974.0738055
ECC,M4,cPVVG,Measure,CZ02,25.97041666666667,1343473942.2783937
ECC,M4,cPVVG,Measure,CZ03,24.965,990381726.6199396
ECC,M4,cPVVG,Measure,CZ04,32.625416666666666,1773526974.4654121
ECC,M4,cPVVG,Measure,CZ05,22.50375,901511505.9638362
ECC,M4,cPVVG,Measure,CZ06,25.295833333333334,1011747965.36773
ECC,M4,cPVVG,Measure,CZ07,25.2725,1417643454.4855058
ECC,M4,cPVVG,Measure,CZ08,32.28541666666666,1489071930.1566896
ECC,M4,cPVVG,Measure,CZ09,35.456250000000004,1648394735.724608
ECC,M4,cPVVG,Measure,CZ10,35.55666666666667,1646029219.4868689
ECC,M4,cPVVG,Measure,CZ11,36.25708333333334,1916728809.8611307
ECC,M4,cPVVG,Measure,CZ12,33.139583333333334,1793115707.8009124
ECC,M4,cPVVG,Measure,CZ13,37.3975,1974937740.1946733
ECC,M4,cPVVG,Measure,CZ14,33.69791666666667,1779256402.7143064
ECC,M4,cPVVG,Measure,CZ15,42.32083333333334,2373928418.174275
ECC,M4,cPVVG,Measure,CZ16,25.15416666666667,1390389248.9081268
ECC,M5,cDXGF,Base,CZ01,16.715000000000003,845382186.8047268
ECC,M5,cDXGF,Base,CZ02,25.97041666666667,1398947725.9760091
ECC,M5,cDXGF,Base,CZ03,24.965,1038183965.2949623
ECC,M5,cDXGF,Base,CZ04,32.625416666666666,1719514914.9830022
ECC,M5,cDXGF,Base,CZ05,22.50375,946993127.4349885
ECC,M5,cDXGF,Base,CZ06,25.295833333333334,1052262668.3526844
ECC,M5,cDXGF,Base,CZ07,25.2725,1539012716.9444559
ECC,M5,cDXGF,Base,CZ08,32.28541666666666,1389288837.6600566
ECC,M5,cDXGF,Base,CZ09,35.456250000000004,1509355140.7832823
ECC,M5,cDXGF,Base,CZ10,35.55666666666667,1494027930.6793714
ECC,M5,cDXGF,Base,CZ11,36.25708333333334,1906671611.9952207
ECC,M5,cDXGF,Base,CZ12,33.139583333333334,1773152263.7488413
ECC,M5,cDXGF,Base,CZ13,37.3975,1913416357.8536534
ECC,M5,cDXGF,Base,CZ14,33.69791666666667,1692567509.1663256
ECC,M5,cDXGF,Base,CZ15,42.32083333333334,2302510632.9840746
ECC,M5,cDXGF,Base,CZ16,25.15416666666667,1412905907.311574
ECC,M5,cDXGF,Measure,CZ01,16.715000000000003,800194769.1780405
ECC,M5,cDXGF,Measure,CZ02,25.97041666666667,1298936293.080658
ECC,M5,cDXGF,Measure,CZ03,24.965,960823592.0861487
ECC,M5,cDXGF,Measure,CZ04,32.625416666666666,1587089212.8411725
ECC,M5,cDXGF,Measure,CZ05,22.50375,884792318.8681492
ECC,M5,cDXGF,Measure,CZ06,25.295833333333334,974482314.6277046
ECC,M5,cDXGF,Measure,CZ07,25.2725,1406991035.3667119
ECC,M5,cDXGF,Measure,CZ08,32.28541666666666,1270150965.8539333
ECC,M5,cDXGF,Measure,CZ09,35.456250000000004,1368551416.0883753
ECC,M5,cDXGF,Measure,CZ10,35.55666666666667,1355781074.218705
ECC,M5,cDXGF,Measure,CZ11,36.25708333333334,1721749421.5965843
ECC,M5,cDXGF,Measure,CZ12,33.139583333333334,1629915007.9101276
ECC,M5,cDXGF,Measure,CZ13,37.3975,1725639018.4945729
ECC,M5,cDXGF,Measure,CZ14,33.69791666666667,1547645515.3508663
ECC,M5,cDXGF,Measure,CZ15,42.32083333333334,2069882648.0780559
ECC,M5,cDXGF,Measure,CZ16,25.15416666666667,1318867120.916763
ECC,M5,cDXHP,Base,CZ01,16.715000000000003,841814716.7960317
ECC,M5,cDXHP,Base,CZ02,25.97041666666667,1388456871.1262696
ECC,M5,cDXHP,Base,CZ03,24.965,1031571695.980685
ECC,M5,cDXHP,Base,CZ04,32.625416666666666,1697082617.7978072
ECC,M5,cDXHP,Base,CZ05,22.50375,940723499.6057961
ECC,M5,cDXHP,Base,CZ06,25.295833333333334,1046294307.563175
ECC,M5,cDXHP,Base,CZ07,25.2725,1520672888.9388032
ECC,M5,cDXHP,Base,CZ08,32.28541666666666,1375947630.888798
ECC,M5,cDXHP,Base,CZ09,35.456250000000004,1490868365.2436478
ECC,M5,cDXHP,Base,CZ10,35.55666666666667,1485364950.0783904
ECC,M5,cDXHP,Base,CZ11,36.25708333333334,1888456974.3867118
ECC,M5,cDXHP,Base,CZ12,33.139583333333334,1755934228.9375648
ECC,M5,cDXHP,Base,CZ13,37.3975,1895356856.9918435
ECC,M5,cDXHP,Base,CZ14,33.69791666666667,1653349814.0110555
ECC,M5,cDXHP,Base,CZ15,42.32083333333334,2301456849.3183303
ECC,M5,cDXHP,Base,CZ16,25.15416666666667,1389704022.4876013
ECC,M5,cDXHP,Measure,CZ01,16.715000000000003,793165555.3346643
ECC,M5,cDXHP,Measure,CZ02,25.97041666666667,1287206703.1315632
ECC,M5,cDXHP,Measure,CZ03,24.965,952107793.6409024
ECC,M5,cDXHP,Measure,CZ04,32.625416666666666,1565100961.3729389
ECC,M5,cDXHP,Measure,CZ05,22.50375,876249442.107907
ECC,M5,cDXHP,Measure,CZ06,25.295833333333334,966253901.6353691
ECC,M5,cDXHP,Measure,CZ07,25.2725,1386981515.9414864
ECC,M5,cDXHP,Measure,CZ08,32.28541666666666,1257570363.840837
ECC,M5,cDXHP,Measure,CZ09,35.456250000000004,1352130131.205566
ECC,M5,cDXHP,Measure,CZ10,35.55666666666667,1348015634.721023
ECC,M5,cDXHP,Measure,CZ11,36.25708333333334,1704271747.2183502
ECC,M5,cDXHP,Measure,CZ12,33.139583333333334,1612803988.3168344
ECC,M5,cDXHP,Measure,CZ13,37.3975,1709081503.6947763
ECC,M5,cDXHP,Measure,CZ14,33.69791666666667,1511905904.1610622
ECC,M5,cDXHP,Measure,CZ15,42.32083333333334,2068952566.5709481
ECC,M5,cDXHP,Measure,CZ16,25.15416666666667,1293930561.6427174
ECC,M5,cPTAC,Base,CZ01,16.715000000000003,844901125.1799338
ECC,M5,cPTAC,Base,CZ02,25.97041666666667,1398947725.9681058
ECC,M5,cPTAC,Base,CZ03,24.965,1038183084.0047898
ECC,M5,cPTAC,Base,CZ04,32.625416666666666,1719514914.9837325
ECC,M5,cPTAC,Base,CZ05,22.50375,946992165.1913009
ECC,M5,cPTAC,Base,CZ06,25.295833333333334,1052262668.2959577
ECC,M5,cPTAC,Base,CZ07,25.2725,1539012716.9329484
ECC,M5,cPTAC,Base,CZ08,32.28541666666666,1389280938.146287
ECC,M5,cPTAC,Base,CZ09,35.456250000000004,1509355158.2147696
ECC,M5,cPTAC,Base,CZ10,35.55666666666667,1494024023.6122043
ECC,M5,cPTAC,Base,CZ11,36.25708333333334,1906671611.995299
ECC,M5,cPTAC,Base,CZ12,33.139583333333334,1773152263.7397792
ECC,M5,cPTAC,Base,CZ13,37.3975,1913416357.8623776
ECC,M5,cPTAC,Base,CZ14,33.69791666666667,1692564313.2276568
ECC,M5,cPTAC,Base,CZ15,42.32083333333334,2302510633.009471
ECC,M5,cPTAC,Base,CZ16,25.15416666666667,1412905902.697878
ECC,M5,cPTAC,Measure,CZ01,16.715000000000003,799792186.1515974
ECC,M5,cPTAC,Measure,CZ02,25.97041666666667,1298936293.0710711
ECC,M5,cPTAC,Measure,CZ03,24.965,960823592.0854597
ECC,M5,cPTAC,Measure,CZ04,32.625416666666666,1587089212.839616
ECC,M5,cPTAC,Measure,CZ05,22.50375,884791480.4372077
ECC,M5,cPTAC,Measure,CZ06,25.295833333333334,974482314.5310906
ECC,M5,cPTAC,Measure,CZ07,25.2725,1406991035.3629396
ECC,M5,cPTAC,Measure,CZ08,32.28541666666666,1270150966.323182
ECC,M5,cPTAC,Measure,CZ09,35.456250000000004,1368551414.846659
ECC,M5,cPTAC,Measure,CZ10,35.55666666666667,1355779305.950512
ECC,M5,cPTAC,Measure,CZ11,36.25708333333334,1721749421.6104908
ECC,M5,cPTAC,Measure,CZ12,33.139583333333334,1629915007.9087493
ECC,M5,cPTAC,Measure,CZ13,37.3975,1725639018.4880514
ECC,M5,cPTAC,Measure,CZ14,33.69791666666667,1547645515.3406835
ECC,M5,cPTAC,Measure,CZ15,42.32083333333334,2069882648.0717475
ECC,M5,cPTAC,Measure,CZ16,25.15416666666667,1318867110.1707325
ECC,M5,cPVVG,Base,CZ01,16.715000000000003,833141449.7271597
ECC,M5,cPVVG,Base,CZ02,25.97041666666667,1380850491.0816083
ECC,M5,cPVVG,Base,CZ03,24.965,1021528107.774956
ECC,M5,cPVVG,Base,CZ04,32.625416666666666,1698956394.6255436
ECC,M5,cPVVG,Base,CZ05,22.50375,931950179.8372304
ECC,M5,cPVVG,Base,CZ06,25.295833333333334,1035201630.2646415
ECC,M5,cPVVG,Base,CZ07,25.2725,1514793561.5844653
ECC,M5,cPVVG,Base,CZ08,32.28541666666666,1369048503.1616154
ECC,M5,cPVVG,Base,CZ09,35.456250000000004,1487136289.6822104
ECC,M5,cPVVG,Base,CZ10,35.55666666666667,1472255276.8443816
ECC,M5,cPVVG,Base,CZ11,36.25708333333334,1881364683.6311626
ECC,M5,cPVVG,Base,CZ12,33.139583333333334,1752419860.4076643
ECC,M5,cPVVG,Base,CZ13,37.3975,1887828106.1592445
ECC,M5,cPVVG,Base,CZ14,33.69791666666667,1668673766.6889644
ECC,M5,cPVVG,Base,CZ15,42.32083333333334,2277830864.2525125
ECC,M5,cPVVG,Base,CZ16,25.15416666666667,1390302153.050725
ECC,M5,cPVVG,Measure,CZ01,16.715000000000003,788563343.3559337
ECC,M5,cPVVG,Measure,CZ02,25.97041666666667,1281950610.7982605
ECC,M5,cPVVG,Measure,CZ03,24.965,945221245.7109803
ECC,M5,cPVVG,Measure,CZ04,32.625416666666666,1567947195.68578
ECC,M5,cPVVG,Measure,CZ05,22.50375,870662133.54446
ECC,M5,cPVVG,Measure,CZ06,25.295833333333334,958497445.346866
ECC,M5,cPVVG,Measure,CZ07,25.2725,1384158801.8760505
ECC,M5,cPVVG,Measure,CZ08,32.28541666666666,1251571149.9617887
ECC,M5,cPVVG,Measure,CZ09,35.456250000000004,1348499001.1223443
ECC,M5,cPVVG,Measure,CZ10,35.55666666666667,1335994798.750162
ECC,M5,cPVVG,Measure,CZ11,36.25708333333334,1699217773.7543583
ECC,M5,cPVVG,Measure,CZ12,33.139583333333334,1610714543.8717892
ECC,M5,cPVVG,Measure,CZ13,37.3975,1702935705.607303
ECC,M5,cPVVG,Measure,CZ14,33.69791666666667,1526139800.361671
ECC,M5,cPVVG,Measure,CZ15,42.32083333333334,2047770426.3274531
ECC,M5,cPVVG,Measure,CZ16,25.15416666666667,1297776064.7722237
ERC,M1,cDXGF,Base,CZ01,16.715000000000003,5141072.066934358
ERC,M1,cDXGF,Base,CZ02,25.97041666666667,8720580.474710368
ERC,M1,cDXGF,Base,CZ03,24.965,7071341.331041782
ERC,M1,cDXGF,Base,CZ04,32.625416666666666,11575299.10509671
ERC,M1,cDXGF,Base,CZ05,22.50375,6534762.917346932
ERC,M1,cDXGF,Base,CZ06,25.295833333333334,7951292.918423409
ERC,M1,cDXGF,Base,CZ07,25.2725,10306580.879308064
ERC,M1,cDXGF,Base,CZ08,32.28541666666666,11608206.876817506
ERC,M1,cDXGF,Base,CZ09,35.456250000000004,12918347.027737504
ERC,M1,cDXGF,Base,CZ10,35.55666666666667,12431853.298445746
ERC,M1,cDXGF,Base,CZ11,36.25708333333334,14150535.192435997
ERC,M1,cDXGF,Base,CZ12,33.139583333333334,11729833.169589922
ERC,M1,cDXGF,Base,CZ13,37.3975,14732479.495910592
ERC,M1,cDXGF,Base,CZ14,33.69791666666667,13052434.868886093
ERC,M1,cDXGF,Base,CZ15,42.32083333333334,17371959.353480477
ERC,M1,cDXGF,Base,CZ16,25.15416666666667,9504094.887699163
ERC,M1,cDXGF,Measure,CZ01,16.715000000000003,4535058.434307694
ERC,M1,cDXGF,Measure,CZ02,25.97041666666667,8039216.35047662
ERC,M1,cDXGF,Measure,CZ03,24.965,6659374.377991472
ERC,M1,cDXGF,Measure,CZ04,32.625416666666666,11335127.06679289
ERC,M1,cDXGF,Measure,CZ05,22.50375,6089501.832495557
ERC,M1,cDXGF,Measure,CZ06,25.295833333333334,7392632.939485481
ERC,M1,cDXGF,Measure,CZ07,25.2725,10311503.561844753
ERC,M1,cDXGF,Measure,CZ08,32.28541666666666,11201864.644378854
ERC,M1,cDXGF,Measure,CZ09,35.456250000000004,12341001.762751505
ERC,M1,cDXGF,Measure,CZ10,35.55666666666667,11946214.65031322
ERC,M1,cDXGF,Measure,CZ11,36.25708333333334,13673319.074151859
ERC,M1,cDXGF,Measure,CZ12,33.139583333333334,11486306.461243022
ERC,M1,cDXGF,Measure,CZ13,37.3975,14217425.380656108
ERC,M1,cDXGF,Measure,CZ14,33.69791666666667,12548966.195449475
ERC,M1,cDXGF,Measure,CZ15,42.32083333333334,16804278.282656804
ERC,M1,cDXGF,Measure,CZ16,25.15416666666667,9210261.59091109
ERC,M1,cDXHP,Base,CZ01,16.715000000000003,5157326.841334075
ERC,M1,cDXHP,Base,CZ02,25.97041666666667,8760763.297623388
ERC,M1,cDXHP,Base,CZ03,24.965,7103282.523008147
ERC,M1,cDXHP,Base,CZ04,32.625416666666666,11684779.974568117
ERC,M1,cDXHP,Base,CZ05,22.50375,6561098.622327567
ERC,M1,cDXHP,Base,CZ06,25.295833333333334,7982010.367306756
ERC,M1,cDXHP,Base,CZ07,25.2725,10078953.217193628
ERC,M1,cDXHP,Base,CZ08,32.28541666666666,11667511.689468656
ERC,M1,cDXHP,Base,CZ09,35.456250000000004,12975021.356738746
ERC,M1,cDXHP,Base,CZ10,35.55666666666667,12458823.77657824
ERC,M1,cDXHP,Base,CZ11,36.25708333333334,14162317.480897695
ERC,M1,cDXHP,Base,CZ12,33.139583333333334,11809137.032497574
ERC,M1,cDXHP,Base,CZ13,37.3975,14789759.363889825
ERC,M1,cDXHP,Base,CZ14,33.69791666666667,13150658.207661625
ERC,M1,cDXHP,Base,CZ15,42.32083333333334,17371959.353480544
ERC,M1,cDXHP,Base,CZ16,25.15416666666667,9562321.468016895
ERC,M1,cDXHP,Measure,CZ01,16.715000000000003,4545365.951162563
ERC,M1,cDXHP,Measure,CZ02,25.97041666666667,8069437.174874882
ERC,M1,cDXHP,Measure,CZ03,24.965,6689964.83408437
ERC,M1,cDXHP,Measure,CZ04,32.625416666666666,11447004.078532703
ERC,M1,cDXHP,Measure,CZ05,22.50375,6116669.064015499
ERC,M1,cDXHP,Measure,CZ06,25.295833333333334,7422436.49209421
ERC,M1,cDXHP,Measure,CZ07,25.2725,10083281.384217674
ERC,M1,cDXHP,Measure,CZ08,32.28541666666666,11260030.106818236
ERC,M1,cDXHP,Measure,CZ09,35.456250000000004,12395502.950834196
ERC,M1,cDXHP,Measure,CZ10,35.55666666666667,11972454.685398776
ERC,M1,cDXHP,Measure,CZ11,36.25708333333334,13684634.83103687
ERC,M1,cDXHP,Measure,CZ12,33.139583333333334,11567101.90095051
ERC,M1,cDXHP,Measure,CZ13,37.3975,14273821.229933763
ERC,M1,cDXHP,Measure,CZ14,33.69791666666667,12645379.787940867
ERC,M1,cDXHP,Measure,CZ15,42.32083333333334,16804278.282657012
ERC,M1,cDXHP,Measure,CZ16,25.15416666666667,9268255.470209861
ERC,M1,cPTAC,Base,CZ01,16.715000000000003,5129074.151683686
ERC,M1,cPTAC,Base,CZ02,25.97041666666667,8719918.287324077
ERC,M1,cPTAC,Base,CZ03,24.965,7064568.144413129
ERC,M1,cPTAC,Base,CZ04,32.625416666666666,11575294.34535237
ERC,M1,cPTAC,Base,CZ05,22.50375,6521319.176390027
ERC,M1,cPTAC,Base,CZ06,25.295833333333334,7951292.918422848
ERC,M1,cPTAC,Base,CZ07,25.2725,10306580.879307948
ERC,M1,cPTAC,Base,CZ08,32.28541666666666,11608206.870826896
ERC,M1,cPTAC,Base,CZ09,35.456250000000004,12918347.011849027
ERC,M1,cPTAC,Base,CZ10,35.55666666666667,12431853.253081977
ERC,M1,cPTAC,Base,CZ11,36.25708333333334,14150535.165182905
ERC,M1,cPTAC,Base,CZ12,33.139583333333334,11729833.169590637
ERC,M1,cPTAC,Base,CZ13,37.3975,14732479.495909598
ERC,M1,cPTAC,Base,CZ14,33.69791666666667,13052434.868882617
ERC,M1,cPTAC,Base,CZ15,42.32083333333334,17371959.35347994
ERC,M1,cPTAC,Base,CZ16,25.15416666666667,9504078.039730094
ERC,M1,cPTAC,Measure,CZ01,16.715000000000003,4523731.775686405
ERC,M1,cPTAC,Measure,CZ02,25.97041666666667,8039168.7116089985
ERC,M1,cPTAC,Measure,CZ03,24.965,6655790.500815087
ERC,M1,cPTAC,Measure,CZ04,32.625416666666666,11335127.066792231
ERC,M1,cPTAC,Measure,CZ05,22.50375,6080794.526385258
ERC,M1,cPTAC,Measure,CZ06,25.295833333333334,7392632.939484816
ERC,M1,cPTAC,Measure,CZ07,25.2725,10311503.561843965
ERC,M1,cPTAC,Measure,CZ08,32.28541666666666,11201864.638241852
ERC,M1,cPTAC,Measure,CZ09,35.456250000000004,12341001.740207171
ERC,M1,cPTAC,Measure,CZ10,35.55666666666667,11946214.563818214
ERC,M1,cPTAC,Measure,CZ11,36.25708333333334,13673319.074150763
ERC,M1,cPTAC,Measure,CZ12,33.139583333333334,11486306.461242035
ERC,M1,cPTAC,Measure,CZ13,37.3975,14217425.380654518
ERC,M1,cPTAC,Measure,CZ14,33.69791666666667,12548966.195444036
ERC,M1,cPTAC,Measure,CZ15,42.32083333333334,16804278.282657392
ERC,M1,cPTAC,Measure,CZ16,25.15416666666667,9210242.218179284
ERC,M1,cPVVG,Base,CZ01,16.715000000000003,3538046.0714405095
ERC,M1,cPVVG,Base,CZ02,25.97041666666667,7011768.292879844
ERC,M1,cPVVG,Base,CZ03,24.965,5325209.693576254
ERC,M1,cPVVG,Base,CZ04,32.625416666666666,9876620.007077396
ERC,M1,cPVVG,Base,CZ05,22.50375,4680432.708568201
ERC,M1,cPVVG,Base,CZ06,25.295833333333334,5967134.574367491
ERC,M1,cPVVG,Base,CZ07,25.2725,8538434.77178428
ERC,M1,cPVVG,Base,CZ08,32.28541666666666,9948634.069479138
ERC,M1,cPVVG,Base,CZ09,35.456250000000004,11361335.646625401
ERC,M1,cPVVG,Base,CZ10,35.55666666666667,10822877.216304988
ERC,M1,cPVVG,Base,CZ11,36.25708333333334,12691868.20342714
ERC,M1,cPVVG,Base,CZ12,33.139583333333334,10135097.414535154
ERC,M1,cPVVG,Base,CZ13,37.3975,13390433.559788808
ERC,M1,cPVVG,Base,CZ14,33.69791666666667,11508873.520287331
ERC,M1,cPVVG,Base,CZ15,42.32083333333334,16089732.5430294
ERC,M1,cPVVG,Base,CZ16,25.15416666666667,7466305.761390171
ERC,M1,cPVVG,Measure,CZ01,16.715000000000003,3356732.368755716
ERC,M1,cPVVG,Measure,CZ02,25.97041666666667,6938534.6534932
ERC,M1,cPVVG,Measure,CZ03,24.965,5301489.108974056
ERC,M1,cPVVG,Measure,CZ04,32.625416666666666,9977896.242700694
ERC,M1,cPVVG,Measure,CZ05,22.50375,4581227.103876604
ERC,M1,cPVVG,Measure,CZ06,25.295833333333334,5846688.238295071
ERC,M1,cPVVG,Measure,CZ07,25.2725,8642966.55152389
ERC,M1,cPVVG,Measure,CZ08,32.28541666666666,9816542.861456715
ERC,M1,cPVVG,Measure,CZ09,35.456250000000004,11044251.400845274
ERC,M1,cPVVG,Measure,CZ10,35.55666666666667,10612682.900877692
ERC,M1,cPVVG,Measure,CZ11,36.25708333333334,12417845.120701412
ERC,M1,cPVVG,Measure,CZ12,33.139583333333334,10205475.03420461
ERC,M1,cPVVG,Measure,CZ13,37.3975,13055117.66831283
ERC,M1,cPVVG,Measure,CZ14,33.69791666666667,11223809.331046674
ERC,M1,cPVVG,Measure,CZ15,42.32083333333334,15668226.880603937
ERC,M1,cPVVG,Measure,CZ16,25.15416666666667,7418708.403016603
ERC,M2,cDXGF,Base,CZ01,16.715000000000003,6191284.084246133
ERC,M2,cDXGF,Base,CZ02,25.97041666666667,8904505.636900174
ERC,M2,cDXGF,Base,CZ03,24.965,7749221.701943407
ERC,M2,cDXGF,Base,CZ04,32.625416666666666,10354692.204774324
ERC,M2,cDXGF,Base,CZ05,22.50375,7538023.248191863
ERC,M2,cDXGF,Base,CZ06,25.295833333333334,8352673.867375857
ERC,M2,cDXGF,Base,CZ07,25.2725,9934004.253196403
ERC,M2,cDXGF,Base,CZ08,32.28541666666666,10346552.516698666
ERC,M2,cDXGF,Base,CZ09,35.456250000000004,10850909.0029557
ERC,M2,cDXGF,Base,CZ10,35.55666666666667,10272181.976139404
ERC,M2,cDXGF,Base,CZ11,36.25708333333334,11780105.20944203
ERC,M2,cDXGF,Base,CZ12,33.139583333333334,10370233.056303997
ERC,M2,cDXGF,Base,CZ13,37.3975,12086747.92495728
ERC,M2,cDXGF,Base,CZ14,33.69791666666667,11364935.024154007
ERC,M2,cDXGF,Base,CZ15,42.32083333333334,13151323.32570501
ERC,M2,cDXGF,Base,CZ16,25.15416666666667,9849048.424886476
ERC,M2,cDXGF,Measure,CZ01,16.715000000000003,5453499.545955753
ERC,M2,cDXGF,Measure,CZ02,25.97041666666667,7821215.169910935
ERC,M2,cDXGF,Measure,CZ03,24.965,7062245.431525506
ERC,M2,cDXGF,Measure,CZ04,32.625416666666666,9873896.443929676
ERC,M2,cDXGF,Measure,CZ05,22.50375,6837784.629189659
ERC,M2,cDXGF,Measure,CZ06,25.295833333333334,7617706.404109055
ERC,M2,cDXGF,Measure,CZ07,25.2725,9833629.232044306
ERC,M2,cDXGF,Measure,CZ08,32.28541666666666,9818994.546483781
ERC,M2,cDXGF,Measure,CZ09,35.456250000000004,10279160.543109693
ERC,M2,cDXGF,Measure,CZ10,35.55666666666667,9746059.6099189
ERC,M2,cDXGF,Measure,CZ11,36.25708333333334,11457425.279530047
ERC,M2,cDXGF,Measure,CZ12,33.139583333333334,9933171.915941589
ERC,M2,cDXGF,Measure,CZ13,37.3975,11788424.512483545
ERC,M2,cDXGF,Measure,CZ14,33.69791666666667,10957562.363630403
ERC,M2,cDXGF,Measure,CZ15,42.32083333333334,12802335.934704997
ERC,M2,cDXGF,Measure,CZ16,25.15416666666667,9493204.775933087
ERC,M2,cDXHP,Base,CZ01,16.715000000000003,6143539.586939677
ERC,M2,cDXHP,Base,CZ02,25.97041666666667,8849782.76250566
ERC,M2,cDXHP,Base,CZ03,24.965,7689698.898166264
ERC,M2,cDXHP,Base,CZ04,32.625416666666666,10288407.554689897
ERC,M2,cDXHP,Base,CZ05,22.50375,7490915.254986637
ERC,M2,cDXHP,Base,CZ06,25.295833333333334,8317460.515503598
ERC,M2,cDXHP,Base,CZ07,25.2725,9891621.548298407
ERC,M2,cDXHP,Base,CZ08,32.28541666666666,10320328.686089192
ERC,M2,cDXHP,Base,CZ09,35.456250000000004,10829494.471294854
ERC,M2,cDXHP,Base,CZ10,35.55666666666667,10258849.285507865
ERC,M2,cDXHP,Base,CZ11,36.25708333333334,11752147.607954431
ERC,M2,cDXHP,Base,CZ12,33.139583333333334,10330966.92345483
ERC,M2,cDXHP,Base,CZ13,37.3975,12072127.558295926
ERC,M2,cDXHP,Base,CZ14,33.69791666666667,11330522.445796259
ERC,M2,cDXHP,Base,CZ15,42.32083333333334,13151323.325704895
ERC,M2,cDXHP,Base,CZ16,25.15416666666667,9837213.510091743
ERC,M2,cDXHP,Measure,CZ01,16.715000000000003,5404715.440292681
ERC,M2,cDXHP,Measure,CZ02,25.97041666666667,7765172.533444388
ERC,M2,cDXHP,Measure,CZ03,24.965,7002563.957040627
ERC,M2,cDXHP,Measure,CZ04,32.625416666666666,9807521.538405206
ERC,M2,cDXHP,Measure,CZ05,22.50375,6791420.294354664
ERC,M2,cDXHP,Measure,CZ06,25.295833333333334,7582025.611007437
ERC,M2,cDXHP,Measure,CZ07,25.2725,9789871.963954818
ERC,M2,cDXHP,Measure,CZ08,32.28541666666666,9792616.982707456
ERC,M2,cDXHP,Measure,CZ09,35.456250000000004,10257920.045936547
ERC,M2,cDXHP,Measure,CZ10,35.55666666666667,9732909.77671258
ERC,M2,cDXHP,Measure,CZ11,36.25708333333334,11437532.537901033
ERC,M2,cDXHP,Measure,CZ12,33.139583333333334,9894259.5696948
ERC,M2,cDXHP,Measure,CZ13,37.3975,11782039.436677579
ERC,M2,cDXHP,Measure,CZ14,33.69791666666667,10923001.36669126
ERC,M2,cDXHP,Measure,CZ15,42.32083333333334,12802335.934704918
ERC,M2,cDXHP,Measure,CZ16,25.15416666666667,9482148.0988174
ERC,M2,cPTAC,Base,CZ01,16.715000000000003,6191284.084244762
ERC,M2,cPTAC,Base,CZ02,25.97041666666667,8904505.636901382
ERC,M2,cPTAC,Base,CZ03,24.965,7749221.701943986
ERC,M2,cPTAC,Base,CZ04,32.625416666666666,10354692.204774454
ERC,M2,cPTAC,Base,CZ05,22.50375,7538023.248189862
ERC,M2,cPTAC,Base,CZ06,25.295833333333334,8352673.867375906
ERC,M2,cPTAC,Base,CZ07,25.2725,9934004.253196372
ERC,M2,cPTAC,Base,CZ08,32.28541666666666,10346552.516698636
ERC,M2,cPTAC,Base,CZ09,35.456250000000004,10850909.002955835
ERC,M2,cPTAC,Base,CZ10,35.55666666666667,10272181.97613933
ERC,M2,cPTAC,Base,CZ11,36.25708333333334,11780105.20944231
ERC,M2,cPTAC,Base,CZ12,33.139583333333334,10370233.056303773
ERC,M2,cPTAC,Base,CZ13,37.3975,12086747.92495836
ERC,M2,cPTAC,Base,CZ14,33.69791666666667,11364935.024153784
ERC,M2,cPTAC,Base,CZ15,42.32083333333334,13151323.325704895
ERC,M2,cPTAC,Base,CZ16,25.15416666666667,9849048.424887571
ERC,M2,cPTAC,Measure,CZ01,16.715000000000003,5452548.92754438
ERC,M2,cPTAC,Measure,CZ02,25.97041666666667,7821215.16991115
ERC,M2,cPTAC,Measure,CZ03,24.965,7062245.431525949
ERC,M2,cPTAC,Measure,CZ04,32.625416666666666,9873896.443929313
ERC,M2,cPTAC,Measure,CZ05,22.50375,6837781.590906927
ERC,M2,cPTAC,Measure,CZ06,25.295833333333334,7617706.404109179
ERC,M2,cPTAC,Measure,CZ07,25.2725,9833629.232042778
ERC,M2,cPTAC,Measure,CZ08,32.28541666666666,9818994.54648391
ERC,M2,cPTAC,Measure,CZ09,35.456250000000004,10279160.543049503
ERC,M2,cPTAC,Measure,CZ10,35.55666666666667,9746059.607431656
ERC,M2,cPTAC,Measure,CZ11,36.25708333333334,11457425.279529342
ERC,M2,cPTAC,Measure,CZ12,33.139583333333334,9933171.915940922
ERC,M2,cPTAC,Measure,CZ13,37.3975,11788424.51248393
ERC,M2,cPTAC,Measure,CZ14,33.69791666666667,10957562.363629844
ERC,M2,cPTAC,Measure,CZ15,42.32083333333334,12802335.934703771
ERC,M2,cPTAC,Measure,CZ16,25.15416666666667,9493204.466580486
ERC,M2,cPVVG,Base,CZ01,16.715000000000003,4460184.177708643
ERC,M2,cPVVG,Base,CZ02,25.97041666666667,6921228.332010839
ERC,M2,cPVVG,Base,CZ03,24.965,5867374.880996672
ERC,M2,cPVVG,Base,CZ04,32.625416666666666,8287506.302012182
ERC,M2,cPVVG,Base,CZ05,22.50375,5523440.827185839
ERC,M2,cPVVG,Base,CZ06,25.295833333333334,6325039.039151897
ERC,M2,cPVVG,Base,CZ07,25.2725,8197957.462359101
ERC,M2,cPVVG,Base,CZ08,32.28541666666666,8266546.032177435
ERC,M2,cPVVG,Base,CZ09,35.456250000000004,8674673.657905139
ERC,M2,cPVVG,Base,CZ10,35.55666666666667,8125384.175719481
ERC,M2,cPVVG,Base,CZ11,36.25708333333334,9834034.788351558
ERC,M2,cPVVG,Base,CZ12,33.139583333333334,8454748.628646538
ERC,M2,cPVVG,Base,CZ13,37.3975,10163943.222941136
ERC,M2,cPVVG,Base,CZ14,33.69791666666667,9283596.34663719
ERC,M2,cPVVG,Base,CZ15,42.32083333333334,11103733.13177785
ERC,M2,cPVVG,Base,CZ16,25.15416666666667,7840120.271077767
ERC,M2,cPVVG,Measure,CZ01,16.715000000000003,4187294.681307393
ERC,M2,cPVVG,Measure,CZ02,25.97041666666667,6563618.368774438
ERC,M2,cPVVG,Measure,CZ03,24.965,5605034.358834142
ERC,M2,cPVVG,Measure,CZ04,32.625416666666666,8052886.430316403
ERC,M2,cPVVG,Measure,CZ05,22.50375,5255257.50642245
ERC,M2,cPVVG,Measure,CZ06,25.295833333333334,6027131.573182944
ERC,M2,cPVVG,Measure,CZ07,25.2725,8135402.202972008
ERC,M2,cPVVG,Measure,CZ08,32.28541666666666,7991278.0105054425
ERC,M2,cPVVG,Measure,CZ09,35.456250000000004,8361311.172666007
ERC,M2,cPVVG,Measure,CZ10,35.55666666666667,7852388.540553078
ERC,M2,cPVVG,Measure,CZ11,36.25708333333334,9687635.406190595
ERC,M2,cPVVG,Measure,CZ12,33.139583333333334,8229635.013456659
ERC,M2,cPVVG,Measure,CZ13,37.3975,10048296.533517871
ERC,M2,cPVVG,Measure,CZ14,33.69791666666667,9072015.981768806
ERC,M2,cPVVG,Measure,CZ15,42.32083333333334,10937403.895940254
ERC,M2,cPVVG,Measure,CZ16,25.15416666666667,7659034.903186009
ERC,M3,cDXGF,Base,CZ01,16.715000000000003,4024869.6812760625
ERC,M3,cDXGF,Base,CZ02,25.97041666666667,7102505.850782735
ERC,M3,cDXGF,Base,CZ03,24.965,5691473.340120327
ERC,M3,cDXGF,Base,CZ04,32.625416666666666,8791289.214648373
ERC,M3,cDXGF,Base,CZ05,22.50375,5175622.8494797265
ERC,M3,cDXGF,Base,CZ06,25.295833333333334,6121675.331945873
ERC,M3,cDXGF,Base,CZ07,25.2725,8583836.51032235
ERC,M3,cDXGF,Base,CZ08,32.28541666666666,8684067.374239063
ERC,M3,cDXGF,Base,CZ09,35.456250000000004,9181473.025662182
ERC,M3,cDXGF,Base,CZ10,35.55666666666667,8564108.002908267
ERC,M3,cDXGF,Base,CZ11,36.25708333333334,10863646.457579767
ERC,M3,cDXGF,Base,CZ12,33.139583333333334,9036365.045495085
ERC,M3,cDXGF,Base,CZ13,37.3975,11333735.045862019
ERC,M3,cDXGF,Base,CZ14,33.69791666666667,10071951.852222502
ERC,M3,cDXGF,Base,CZ15,42.32083333333334,12558764.630914144
ERC,M3,cDXGF,Base,CZ16,25.15416666666667,7962447.493673898
ERC,M3,cDXGF,Measure,CZ01,16.715000000000003,3773060.721939388
ERC,M3,cDXGF,Measure,CZ02,25.97041666666667,6341021.462588778
ERC,M3,cDXGF,Measure,CZ03,24.965,5160453.583475148
ERC,M3,cDXGF,Measure,CZ04,32.625416666666666,7699256.70920038
ERC,M3,cDXGF,Measure,CZ05,22.50375,4737385.072120795
ERC,M3,cDXGF,Measure,CZ06,25.295833333333334,5523439.251716648
ERC,M3,cDXGF,Measure,CZ07,25.2725,7713873.104356014
ERC,M3,cDXGF,Measure,CZ08,32.28541666666666,7569046.575503962
ERC,M3,cDXGF,Measure,CZ09,35.456250000000004,7940267.122240252
ERC,M3,cDXGF,Measure,CZ10,35.55666666666667,7461719.5916349515
ERC,M3,cDXGF,Measure,CZ11,36.25708333333334,9376960.814001579
ERC,M3,cDXGF,Measure,CZ12,33.139583333333334,7890008.319262777
ERC,M3,cDXGF,Measure,CZ13,37.3975,9750021.249570426
ERC,M3,cDXGF,Measure,CZ14,33.69791666666667,8727365.397250326
ERC,M3,cDXGF,Measure,CZ15,42.32083333333334,10725155.410638712
ERC,M3,cDXGF,Measure,CZ16,25.15416666666667,7080742.918101141
ERC,M3,cDXHP,Base,CZ01,16.715000000000003,3870767.7948107473
ERC,M3,cDXHP,Base,CZ02,25.97041666666667,6964916.164886339
ERC,M3,cDXHP,Base,CZ03,24.965,5539923.114022944
ERC,M3,cDXHP,Base,CZ04,32.625416666666666,8666843.71227867
ERC,M3,cDXHP,Base,CZ05,22.50375,4981555.830043418
ERC,M3,cDXHP,Base,CZ06,25.295833333333334,5948661.518553222
ERC,M3,cDXHP,Base,CZ07,25.2725,8417421.873295706
ERC,M3,cDXHP,Base,CZ08,32.28541666666666,8606082.639863906
ERC,M3,cDXHP,Base,CZ09,35.456250000000004,9125456.475818321
ERC,M3,cDXHP,Base,CZ10,35.55666666666667,8543975.190388374
ERC,M3,cDXHP,Base,CZ11,36.25708333333334,10789768.100588378
ERC,M3,cDXHP,Base,CZ12,33.139583333333334,8952109.980585478
ERC,M3,cDXHP,Base,CZ13,37.3975,11287157.50997469
ERC,M3,cDXHP,Base,CZ14,33.69791666666667,9951900.187859328
ERC,M3,cDXHP,Base,CZ15,42.32083333333334,12558764.630913982
ERC,M3,cDXHP,Base,CZ16,25.15416666666667,7589487.737620525
ERC,M3,cDXHP,Measure,CZ01,16.715000000000003,3620487.615964688
ERC,M3,cDXHP,Measure,CZ02,25.97041666666667,6194678.2381147165
ERC,M3,cDXHP,Measure,CZ03,24.965,5004591.058266744
ERC,M3,cDXHP,Measure,CZ04,32.625416666666666,7562195.8958400665
ERC,M3,cDXHP,Measure,CZ05,22.50375,4543213.887952626
ERC,M3,cDXHP,Measure,CZ06,25.295833333333334,5351362.186607664
ERC,M3,cDXHP,Measure,CZ07,25.2725,7543167.937851135
ERC,M3,cDXHP,Measure,CZ08,32.28541666666666,7487875.199404838
ERC,M3,cDXHP,Measure,CZ09,35.456250000000004,7882120.624514789
ERC,M3,cDXHP,Measure,CZ10,35.55666666666667,7439676.620242042
ERC,M3,cDXHP,Measure,CZ11,36.25708333333334,9293768.121067882
ERC,M3,cDXHP,Measure,CZ12,33.139583333333334,7795355.227277466
ERC,M3,cDXHP,Measure,CZ13,37.3975,9698843.31380827
ERC,M3,cDXHP,Measure,CZ14,33.69791666666667,8602658.589429758
ERC,M3,cDXHP,Measure,CZ15,42.32083333333334,10725155.410639318
ERC,M3,cDXHP,Measure,CZ16,25.15416666666667,6717766.572588207
ERC,M3,cPTAC,Base,CZ01,16.715000000000003,4019042.0512667624
ERC,M3,cPTAC,Base,CZ02,25.97041666666667,7102505.850836223
ERC,M3,cPTAC,Base,CZ03,24.965,5691473.335931817
ERC,M3,cPTAC,Base,CZ04,32.625416666666666,8791289.214648012
ERC,M3,cPTAC,Base,CZ05,22.50375,5173916.359076501
ERC,M3,cPTAC,Base,CZ06,25.295833333333334,6121675.33194647
ERC,M3,cPTAC,Base,CZ07,25.2725,8583836.510319088
ERC,M3,cPTAC,Base,CZ08,32.28541666666666,8684067.374238972
ERC,M3,cPTAC,Base,CZ09,35.456250000000004,9181473.0237208
ERC,M3,cPTAC,Base,CZ10,35.55666666666667,8564107.982029635
ERC,M3,cPTAC,Base,CZ11,36.25708333333334,10863646.457579363
ERC,M3,cPTAC,Base,CZ12,33.139583333333334,9036365.045493722
ERC,M3,cPTAC,Base,CZ13,37.3975,11333735.045861453
ERC,M3,cPTAC,Base,CZ14,33.69791666666667,10071951.852221677
ERC,M3,cPTAC,Base,CZ15,42.32083333333334,12558764.630911049
ERC,M3,cPTAC,Base,CZ16,25.15416666666667,7962445.096393739
ERC,M3,cPTAC,Measure,CZ01,16.715000000000003,3768106.2346460065
ERC,M3,cPTAC,Measure,CZ02,25.97041666666667,6341021.46260021
ERC,M3,cPTAC,Measure,CZ03,24.965,5160453.5797711555
ERC,M3,cPTAC,Measure,CZ04,32.625416666666666,7699256.709200791
ERC,M3,cPTAC,Measure,CZ05,22.50375,4735700.1700878255
ERC,M3,cPTAC,Measure,CZ06,25.295833333333334,5523439.251717148
ERC,M3,cPTAC,Measure,CZ07,25.2725,7713873.104354598
ERC,M3,cPTAC,Measure,CZ08,32.28541666666666,7569046.575503292
ERC,M3,cPTAC,Measure,CZ09,35.456250000000004,7940267.120557603
ERC,M3,cPTAC,Measure,CZ10,35.55666666666667,7461719.571696565
ERC,M3,cPTAC,Measure,CZ11,36.25708333333334,9376960.813994884
ERC,M3,cPTAC,Measure,CZ12,33.139583333333334,7890008.31926296
ERC,M3,cPTAC,Measure,CZ13,37.3975,9750021.249570206
ERC,M3,cPTAC,Measure,CZ14,33.69791666666667,8727365.397253301
ERC,M3,cPTAC,Measure,CZ15,42.32083333333334,10725155.410636397
ERC,M3,cPTAC,Measure,CZ16,25.15416666666667,7080740.795327118
ERC,M3,cPVVG,Base,CZ01,16.715000000000003,3950463.622105585
ERC,M3,cPVVG,Base,CZ02,25.97041666666667,6965897.9822146
ERC,M3,cPVVG,Base,CZ03,24.965,5576363.652539015
ERC,M3,cPVVG,Base,CZ04,32.625416666666666,8617828.956991067
ERC,M3,cPVVG,Base,CZ05,22.50375,5066161.404099982
ERC,M3,cPVVG,Base,CZ06,25.295833333333334,5987698.1879999675
ERC,M3,cPVVG,Base,CZ07,25.2725,8407497.26705394
ERC,M3,cPVVG,Base,CZ08,32.28541666666666,8505370.029253662
ERC,M3,cPVVG,Base,CZ09,35.456250000000004,8988946.666448332
ERC,M3,cPVVG,Base,CZ10,35.55666666666667,8390673.05351659
ERC,M3,cPVVG,Base,CZ11,36.25708333333334,10654493.36264
ERC,M3,cPVVG,Base,CZ12,33.139583333333334,8868201.357878955
ERC,M3,cPVVG,Base,CZ13,37.3975,11119553.75833384
ERC,M3,cPVVG,Base,CZ14,33.69791666666667,9860343.429063752
ERC,M3,cPVVG,Base,CZ15,42.32083333333334,12336828.63422788
ERC,M3,cPVVG,Base,CZ16,25.15416666666667,7767722.4936725665
ERC,M3,cPVVG,Measure,CZ01,16.715000000000003,3702462.018915019
ERC,M3,cPVVG,Measure,CZ02,25.97041666666667,6211437.776877033
ERC,M3,cPVVG,Measure,CZ03,24.965,5051669.073904077
ERC,M3,cPVVG,Measure,CZ04,32.625416666666666,7537331.434332203
ERC,M3,cPVVG,Measure,CZ05,22.50375,4633801.900183807
ERC,M3,cPVVG,Measure,CZ06,25.295833333333334,5397284.310331386
ERC,M3,cPVVG,Measure,CZ07,25.2725,7546177.7447786275
ERC,M3,cPVVG,Measure,CZ08,32.28541666666666,7406294.665289173
ERC,M3,cPVVG,Measure,CZ09,35.456250000000004,7767862.1405412285
ERC,M3,cPVVG,Measure,CZ10,35.55666666666667,7303133.120227771
ERC,M3,cPVVG,Measure,CZ11,36.25708333333334,9188828.677086731
ERC,M3,cPVVG,Measure,CZ12,33.139583333333334,7733040.125484414
ERC,M3,cPVVG,Measure,CZ13,37.3975,9558732.260971483
ERC,M3,cPVVG,Measure,CZ14,33.69791666666667,8537623.31061365
ERC,M3,cPVVG,Measure,CZ15,42.32083333333334,10525352.521298354
ERC,M3,cPVVG,Measure,CZ16,25.15416666666667,6901010.779238291
ERC,M4,cDXGF,Base,CZ01,16.715000000000003,5201177.972665856
ERC,M4,cDXGF,Base,CZ02,25.97041666666667,8909278.546394799
ERC,M4,cDXGF,Base,CZ03,24.965,7356467.777001365
ERC,M4,cDXGF,Base,CZ04,32.625416666666666,11575316.13575746
ERC,M4,cDXGF,Base,CZ05,22.50375,6809489.936032049
ERC,M4,cDXGF,Base,CZ06,25.295833333333334,8097385.270144756
ERC,M4,cDXGF,Base,CZ07,25.2725,10306580.384496778
ERC,M4,cDXGF,Base,CZ08,32.28541666666666,11608218.90279457
ERC,M4,cDXGF,Base,CZ09,35.456250000000004,12918369.759811606
ERC,M4,cDXGF,Base,CZ10,35.55666666666667,12431868.146946756
ERC,M4,cDXGF,Base,CZ11,36.25708333333334,14150532.846609369
ERC,M4,cDXGF,Base,CZ12,33.139583333333334,11729805.87645435
ERC,M4,cDXGF,Base,CZ13,37.3975,14732469.20133928
ERC,M4,cDXGF,Base,CZ14,33.69791666666667,13052435.162625138
ERC,M4,cDXGF,Base,CZ15,42.32083333333334,17371959.355531313
ERC,M4,cDXGF,Base,CZ16,25.15416666666667,9646555.620836366
ERC,M4,cDXGF,Measure,CZ01,16.715000000000003,4624641.303986711
ERC,M4,cDXGF,Measure,CZ02,25.97041666666667,8233638.116437585
ERC,M4,cDXGF,Measure,CZ03,24.965,6958873.338067592
ERC,M4,cDXGF,Measure,CZ04,32.625416666666666,11335136.411052687
ERC,M4,cDXGF,Measure,CZ05,22.50375,6394389.702655573
ERC,M4,cDXGF,Measure,CZ06,25.295833333333334,7538604.12360136
ERC,M4,cDXGF,Measure,CZ07,25.2725,10311504.992749985
ERC,M4,cDXGF,Measure,CZ08,32.28541666666666,11201879.714306317
ERC,M4,cDXGF,Measure,CZ09,35.456250000000004,12341030.537871093
ERC,M4,cDXGF,Measure,CZ10,35.55666666666667,11946235.853284415
ERC,M4,cDXGF,Measure,CZ11,36.25708333333334,13673313.369848963
ERC,M4,cDXGF,Measure,CZ12,33.139583333333334,11486273.31467956
ERC,M4,cDXGF,Measure,CZ13,37.3975,14217418.402960455
ERC,M4,cDXGF,Measure,CZ14,33.69791666666667,12548966.751711437
ERC,M4,cDXGF,Measure,CZ15,42.32083333333334,16804278.285251886
ERC,M4,cDXGF,Measure,CZ16,25.15416666666667,9349898.913446702
ERC,M4,cDXHP,Base,CZ01,16.715000000000003,5218000.7543288395
ERC,M4,cDXHP,Base,CZ02,25.97041666666667,8951162.558454214
ERC,M4,cDXHP,Base,CZ03,24.965,7391343.536677778
ERC,M4,cDXHP,Base,CZ04,32.625416666666666,11684792.787934754
ERC,M4,cDXHP,Base,CZ05,22.50375,6838676.560686195
ERC,M4,cDXHP,Base,CZ06,25.295833333333334,8129464.1806583395
ERC,M4,cDXHP,Base,CZ07,25.2725,10078953.89973542
ERC,M4,cDXHP,Base,CZ08,32.28541666666666,11667524.41072524
ERC,M4,cDXHP,Base,CZ09,35.456250000000004,12975044.749031682
ERC,M4,cDXHP,Base,CZ10,35.55666666666667,12458838.05803272
ERC,M4,cDXHP,Base,CZ11,36.25708333333334,14162312.348544639
ERC,M4,cDXHP,Base,CZ12,33.139583333333334,11809111.529683243
ERC,M4,cDXHP,Base,CZ13,37.3975,14789753.995646037
ERC,M4,cDXHP,Base,CZ14,33.69791666666667,13150658.508923247
ERC,M4,cDXHP,Base,CZ15,42.32083333333334,17371959.355531313
ERC,M4,cDXHP,Base,CZ16,25.15416666666667,9707942.783173688
ERC,M4,cDXHP,Measure,CZ01,16.715000000000003,4635729.452930922
ERC,M4,cDXHP,Measure,CZ02,25.97041666666667,8265691.0851632375
ERC,M4,cDXHP,Measure,CZ03,24.965,6992740.84394663
ERC,M4,cDXHP,Measure,CZ04,32.625416666666666,11447019.544709805
ERC,M4,cDXHP,Measure,CZ05,22.50375,6424933.686249322
ERC,M4,cDXHP,Measure,CZ06,25.295833333333334,7569782.890246239
ERC,M4,cDXHP,Measure,CZ07,25.2725,10083283.708236
ERC,M4,cDXHP,Measure,CZ08,32.28541666666666,11260046.523054492
ERC,M4,cDXHP,Measure,CZ09,35.456250000000004,12395532.407944288
ERC,M4,cDXHP,Measure,CZ10,35.55666666666667,11972474.389412496
ERC,M4,cDXHP,Measure,CZ11,36.25708333333334,13684633.478285551
ERC,M4,cDXHP,Measure,CZ12,33.139583333333334,11567074.930901442
ERC,M4,cDXHP,Measure,CZ13,37.3975,14273819.226432487
ERC,M4,cDXHP,Measure,CZ14,33.69791666666667,12645380.498208951
ERC,M4,cDXHP,Measure,CZ15,42.32083333333334,16804278.285251856
ERC,M4,cDXHP,Measure,CZ16,25.15416666666667,9411059.624637121
ERC,M4,cPTAC,Base,CZ01,16.715000000000003,5179558.396018069
ERC,M4,cPTAC,Base,CZ02,25.97041666666667,8908594.566158706
ERC,M4,cPTAC,Base,CZ03,24.965,7347592.4985423125
ERC,M4,cPTAC,Base,CZ04,32.625416666666666,11575311.365725387
ERC,M4,cPTAC,Base,CZ05,22.50375,6787486.340064423
ERC,M4,cPTAC,Base,CZ06,25.295833333333334,8097385.270144146
ERC,M4,cPTAC,Base,CZ07,25.2725,10306580.384496637
ERC,M4,cPTAC,Base,CZ08,32.28541666666666,11608218.896806886
ERC,M4,cPTAC,Base,CZ09,35.456250000000004,12918369.743920365
ERC,M4,cPTAC,Base,CZ10,35.55666666666667,12431868.101653814
ERC,M4,cPTAC,Base,CZ11,36.25708333333334,14150532.821920335
ERC,M4,cPTAC,Base,CZ12,33.139583333333334,11729805.87645514
ERC,M4,cPTAC,Base,CZ13,37.3975,14732469.201338029
ERC,M4,cPTAC,Base,CZ14,33.69791666666667,13052435.162621763
ERC,M4,cPTAC,Base,CZ15,42.32083333333334,17371959.355530705
ERC,M4,cPTAC,Base,CZ16,25.15416666666667,9646538.79725405
ERC,M4,cPTAC,Measure,CZ01,16.715000000000003,4596711.236318881
ERC,M4,cPTAC,Measure,CZ02,25.97041666666667,8233588.752720529
ERC,M4,cPTAC,Measure,CZ03,24.965,6954179.155448832
ERC,M4,cPTAC,Measure,CZ04,32.625416666666666,11335136.411052164
ERC,M4,cPTAC,Measure,CZ05,22.50375,6378815.370917954
ERC,M4,cPTAC,Measure,CZ06,25.295833333333334,7538604.123600726
ERC,M4,cPTAC,Measure,CZ07,25.2725,10311504.992749374
ERC,M4,cPTAC,Measure,CZ08,32.28541666666666,11201879.708164897
ERC,M4,cPTAC,Measure,CZ09,35.456250000000004,12341030.515368812
ERC,M4,cPTAC,Measure,CZ10,35.55666666666667,11946235.766781887
ERC,M4,cPTAC,Measure,CZ11,36.25708333333334,13673313.36984792
ERC,M4,cPTAC,Measure,CZ12,33.139583333333334,11486273.314678658
ERC,M4,cPTAC,Measure,CZ13,37.3975,14217418.402959209
ERC,M4,cPTAC,Measure,CZ14,33.69791666666667,12548966.751705997
ERC,M4,cPTAC,Measure,CZ15,42.32083333333334,16804278.285251815
ERC,M4,cPTAC,Measure,CZ16,25.15416666666667,9349879.033292864
ERC,M4,cPVVG,Base,CZ01,16.715000000000003,3557377.5468529966
ERC,M4,cPVVG,Base,CZ02,25.97041666666667,7145984.288541563
ERC,M4,cPVVG,Base,CZ03,24.965,5491757.4160923865
ERC,M4,cPVVG,Base,CZ04,32.625416666666666,9876621.624664355
ERC,M4,cPVVG,Base,CZ05,22.50375,4829627.961071738
ERC,M4,cPVVG,Base,CZ06,25.295833333333334,6071209.505915232
ERC,M4,cPVVG,Base,CZ07,25.2725,8538437.09482473
ERC,M4,cPVVG,Base,CZ08,32.28541666666666,9948649.59616274
ERC,M4,cPVVG,Base,CZ09,35.456250000000004,11361372.658469114
ERC,M4,cPVVG,Base,CZ10,35.55666666666667,10822896.327913368
ERC,M4,cPVVG,Base,CZ11,36.25708333333334,12691860.644108115
ERC,M4,cPVVG,Base,CZ12,33.139583333333334,10135071.642055277
ERC,M4,cPVVG,Base,CZ13,37.3975,13390432.516915523
ERC,M4,cPVVG,Base,CZ14,33.69791666666667,11508874.28149496
ERC,M4,cPVVG,Base,CZ15,42.32083333333334,16089732.547128845
ERC,M4,cPVVG,Base,CZ16,25.15416666666667,7581123.537930585
ERC,M4,cPVVG,Measure,CZ01,16.715000000000003,3385645.6944896067
ERC,M4,cPVVG,Measure,CZ02,25.97041666666667,7083411.583732971
ERC,M4,cPVVG,Measure,CZ03,24.965,5487526.945075404
ERC,M4,cPVVG,Measure,CZ04,32.625416666666666,9977927.993811809
ERC,M4,cPVVG,Measure,CZ05,22.50375,4766580.282310635
ERC,M4,cPVVG,Measure,CZ06,25.295833333333334,5951369.025134765
ERC,M4,cPVVG,Measure,CZ07,25.2725,8642970.340456514
ERC,M4,cPVVG,Measure,CZ08,32.28541666666666,9816568.314064194
ERC,M4,cPVVG,Measure,CZ09,35.456250000000004,11044299.398101175
ERC,M4,cPVVG,Measure,CZ10,35.55666666666667,10612711.359573465
ERC,M4,cPVVG,Measure,CZ11,36.25708333333334,12417843.978365228
ERC,M4,cPVVG,Measure,CZ12,33.139583333333334,10205473.583582934
ERC,M4,cPVVG,Measure,CZ13,37.3975,13055110.35270838
ERC,M4,cPVVG,Measure,CZ14,33.69791666666667,11223813.395291835
ERC,M4,cPVVG,Measure,CZ15,42.32083333333334,15668226.904071035
ERC,M4,cPVVG,Measure,CZ16,25.15416666666667,7536975.8241420295
ERC,M5,cDXGF,Base,CZ01,16.715000000000003,3725359.9409217164
ERC,M5,cDXGF,Base,CZ02,25.97041666666667,7762993.792397943
ERC,M5,cDXGF,Base,CZ03,24.965,5730416.105385762
ERC,M5,cDXGF,Base,CZ04,32.625416666666666,9631127.514718533
ERC,M5,cDXGF,Base,CZ05,22.50375,4912373.692176122
ERC,M5,cDXGF,Base,CZ06,25.295833333333334,6129388.608661361
ERC,M5,cDXGF,Base,CZ07,25.2725,9500798.371719541
ERC,M5,cDXGF,Base,CZ08,32.28541666666666,9431559.489775881
ERC,M5,cDXGF,Base,CZ09,35.456250000000004,10487930.361371944
ERC,M5,cDXGF,Base,CZ10,35.55666666666667,9663067.443419153
ERC,M5,cDXGF,Base,CZ11,36.25708333333334,12771614.574791342
ERC,M5,cDXGF,Base,CZ12,33.139583333333334,10299586.656322971
ERC,M5,cDXGF,Base,CZ13,37.3975,13146518.090123568
ERC,M5,cDXGF,Base,CZ14,33.69791666666667,11008499.367909934
ERC,M5,cDXGF,Base,CZ15,42.32083333333334,15571114.225337926
ERC,M5,cDXGF,Base,CZ16,25.15416666666667,7862148.052538613
ERC,M5,cDXGF,Measure,CZ01,16.715000000000003,3520076.5360206366
ERC,M5,cDXGF,Measure,CZ02,25.97041666666667,6891625.620541669
ERC,M5,cDXGF,Measure,CZ03,24.965,5192525.876065862
ERC,M5,cDXGF,Measure,CZ04,32.625416666666666,8396422.031408489
ERC,M5,cDXGF,Measure,CZ05,22.50375,4515257.251988041
ERC,M5,cDXGF,Measure,CZ06,25.295833333333334,5527590.393031092
ERC,M5,cDXGF,Measure,CZ07,25.2725,8483351.399289347
ERC,M5,cDXGF,Measure,CZ08,32.28541666666666,8168242.298813287
ERC,M5,cDXGF,Measure,CZ09,35.456250000000004,8982321.620897321
ERC,M5,cDXGF,Measure,CZ10,35.55666666666667,8351565.1050145
ERC,M5,cDXGF,Measure,CZ11,36.25708333333334,10931725.3337107
ERC,M5,cDXGF,Measure,CZ12,33.139583333333334,8936134.48878495
ERC,M5,cDXGF,Measure,CZ13,37.3975,11211939.20619496
ERC,M5,cDXGF,Measure,CZ14,33.69791666666667,9489683.533249253
ERC,M5,cDXGF,Measure,CZ15,42.32083333333334,13181777.334824365
ERC,M5,cDXGF,Measure,CZ16,25.15416666666667,6994787.630412871
ERC,M5,cDXHP,Base,CZ01,16.715000000000003,3721114.092974018
ERC,M5,cDXHP,Base,CZ02,25.97041666666667,7696716.047834061
ERC,M5,cDXHP,Base,CZ03,24.965,5715167.530172899
ERC,M5,cDXHP,Base,CZ04,32.625416666666666,9486836.421173064
ERC,M5,cDXHP,Base,CZ05,22.50375,4858343.887530802
ERC,M5,cDXHP,Base,CZ06,25.295833333333334,6062762.425724142
ERC,M5,cDXHP,Base,CZ07,25.2725,9407529.29083673
ERC,M5,cDXHP,Base,CZ08,32.28541666666666,9276559.48311681
ERC,M5,cDXHP,Base,CZ09,35.456250000000004,10275680.496865483
ERC,M5,cDXHP,Base,CZ10,35.55666666666667,9572208.40049605
ERC,M5,cDXHP,Base,CZ11,36.25708333333334,12646687.038385905
ERC,M5,cDXHP,Base,CZ12,33.139583333333334,10205590.220758
ERC,M5,cDXHP,Base,CZ13,37.3975,13009602.267105872
ERC,M5,cDXHP,Base,CZ14,33.69791666666667,10633536.89536216
ERC,M5,cDXHP,Base,CZ15,42.32083333333334,15571114.225338105
ERC,M5,cDXHP,Base,CZ16,25.15416666666667,7607187.446126306
ERC,M5,cDXHP,Measure,CZ01,16.715000000000003,3496362.5768969245
ERC,M5,cDXHP,Measure,CZ02,25.97041666666667,6799435.612004125
ERC,M5,cDXHP,Measure,CZ03,24.965,5149451.711991822
ERC,M5,cDXHP,Measure,CZ04,32.625416666666666,8238089.948151907
ERC,M5,cDXHP,Measure,CZ05,22.50375,4440740.761210017
ERC,M5,cDXHP,Measure,CZ06,25.295833333333334,5444637.895310497
ERC,M5,cDXHP,Measure,CZ07,25.2725,8367795.719813446
ERC,M5,cDXHP,Measure,CZ08,32.28541666666666,8023912.945356795
ERC,M5,cDXHP,Measure,CZ09,35.456250000000004,8796291.265094128
ERC,M5,cDXHP,Measure,CZ10,35.55666666666667,8270859.34343091
ERC,M5,cDXHP,Measure,CZ11,36.25708333333334,10806519.685924621
ERC,M5,cDXHP,Measure,CZ12,33.139583333333334,8827214.510412306
ERC,M5,cDXHP,Measure,CZ13,37.3975,11086828.050701298
ERC,M5,cDXHP,Measure,CZ14,33.69791666666667,9151670.630623687
ERC,M5,cDXHP,Measure,CZ15,42.32083333333334,13181777.334824994
ERC,M5,cDXHP,Measure,CZ16,25.15416666666667,6732183.970694495
ERC,M5,cPTAC,Base,CZ01,16.715000000000003,3637629.839925778
ERC,M5,cPTAC,Base,CZ02,25.97041666666667,7762993.792448789
ERC,M5,cPTAC,Base,CZ03,24.965,5730416.065512279
ERC,M5,cPTAC,Base,CZ04,32.625416666666666,9631127.514718084
ERC,M5,cPTAC,Base,CZ05,22.50375,4880498.2126935385
ERC,M5,cPTAC,Base,CZ06,25.295833333333334,6129388.608666883
ERC,M5,cPTAC,Base,CZ07,25.2725,9500798.371720929
ERC,M5,cPTAC,Base,CZ08,32.28541666666666,9431559.486821322
ERC,M5,cPTAC,Base,CZ09,35.456250000000004,10487930.350482907
ERC,M5,cPTAC,Base,CZ10,35.55666666666667,9663067.226322733
ERC,M5,cPTAC,Base,CZ11,36.25708333333334,12771614.574792136
ERC,M5,cPTAC,Base,CZ12,33.139583333333334,10299586.65632315
ERC,M5,cPTAC,Base,CZ13,37.3975,13146518.090123387
ERC,M5,cPTAC,Base,CZ14,33.69791666666667,11008499.367828008
ERC,M5,cPTAC,Base,CZ15,42.32083333333334,15571114.225337358
ERC,M5,cPTAC,Base,CZ16,25.15416666666667,7862128.958641242
ERC,M5,cPTAC,Measure,CZ01,16.715000000000003,3445429.341237098
ERC,M5,cPTAC,Measure,CZ02,25.97041666666667,6891625.62054804
ERC,M5,cPTAC,Measure,CZ03,24.965,5192525.840823638
ERC,M5,cPTAC,Measure,CZ04,32.625416666666666,8396422.031407956
ERC,M5,cPTAC,Measure,CZ05,22.50375,4488209.326106827
ERC,M5,cPTAC,Measure,CZ06,25.295833333333334,5527590.393028028
ERC,M5,cPTAC,Measure,CZ07,25.2725,8483351.399286468
ERC,M5,cPTAC,Measure,CZ08,32.28541666666666,8168242.296300875
ERC,M5,cPTAC,Measure,CZ09,35.456250000000004,8982321.611515164
ERC,M5,cPTAC,Measure,CZ10,35.55666666666667,8351564.935085349
ERC,M5,cPTAC,Measure,CZ11,36.25708333333334,10931725.333699841
ERC,M5,cPTAC,Measure,CZ12,33.139583333333334,8936134.488785902
ERC,M5,cPTAC,Measure,CZ13,37.3975,11211939.206193712
ERC,M5,cPTAC,Measure,CZ14,33.69791666666667,9489683.533226345
ERC,M5,cPTAC,Measure,CZ15,42.32083333333334,13181777.334812675
ERC,M5,cPTAC,Measure,CZ16,25.15416666666667,6994769.840329578
ERC,M5,cPVVG,Base,CZ01,16.715000000000003,3663174.4456954976
ERC,M5,cPVVG,Base,CZ02,25.97041666666667,7618949.623765641
ERC,M5,cPVVG,Base,CZ03,24.965,5613874.535850767
ERC,M5,cPVVG,Base,CZ04,32.625416666666666,9450866.093220165
ERC,M5,cPVVG,Base,CZ05,22.50375,4810373.382746776
ERC,M5,cPVVG,Base,CZ06,25.295833333333334,5993006.657005094
ERC,M5,cPVVG,Base,CZ07,25.2725,9304968.106135216
ERC,M5,cPVVG,Base,CZ08,32.28541666666666,9241753.04010394
ERC,M5,cPVVG,Base,CZ09,35.456250000000004,10283143.597972848
ERC,M5,cPVVG,Base,CZ10,35.55666666666667,9474521.424029749
ERC,M5,cPVVG,Base,CZ11,36.25708333333334,12545992.971517636
ERC,M5,cPVVG,Base,CZ12,33.139583333333334,10122438.119195223
ERC,M5,cPVVG,Base,CZ13,37.3975,12911607.036695253
ERC,M5,cPVVG,Base,CZ14,33.69791666666667,10785828.24185694
ERC,M5,cPVVG,Base,CZ15,42.32083333333334,15336761.871886257
ERC,M5,cPVVG,Base,CZ16,25.15416666666667,7666574.971457331
ERC,M5,cPVVG,Measure,CZ01,16.715000000000003,3460871.477120029
ERC,M5,cPVVG,Measure,CZ02,25.97041666666667,6755911.028243719
ERC,M5,cPVVG,Measure,CZ03,24.965,5082728.489712283
ERC,M5,cPVVG,Measure,CZ04,32.625416666666666,8229295.766609054
ERC,M5,cPVVG,Measure,CZ05,22.50375,4418746.323857471
ERC,M5,cPVVG,Measure,CZ06,25.295833333333334,5399670.139862599
ERC,M5,cPVVG,Measure,CZ07,25.2725,8298622.394454222
ERC,M5,cPVVG,Measure,CZ08,32.28541666666666,7998164.304253943
ERC,M5,cPVVG,Measure,CZ09,35.456250000000004,8803646.3203318
ERC,M5,cPVVG,Measure,CZ10,35.55666666666667,8182522.576358285
ERC,M5,cPVVG,Measure,CZ11,36.25708333333334,10733247.800354827
ERC,M5,cPVVG,Measure,CZ12,33.139583333333334,8772234.582410598
ERC,M5,cPVVG,Measure,CZ13,37.3975,11007618.703195646
ERC,M5,cPVVG,Measure,CZ14,33.69791666666667,9293161.31298959
ERC,M5,cPVVG,Measure,CZ15,42.32083333333334,12975811.345669221
ERC,M5,cPVVG,Measure,CZ16,25.15416666666667,6814471.169128759
Epr,M1,cDXGF,Base,CZ01,16.715000000000003,152697685.08910885
Epr,M1,cDXGF,Base,CZ02,25.97041666666667,220069275.5463999
Epr,M1,cDXGF,Base,CZ03,24.965,190772780.11734304
Epr,M1,cDXGF,Base,CZ04,32.625416666666666,274061700.163942
Epr,M1,cDXGF,Base,CZ05,22.50375,177413595.41576728
Epr,M1,cDXGF,Base,CZ06,25.295833333333334,204990195.19740373
Epr,M1,cDXGF,Base,CZ07,25.2725,259505396.64194474
Epr,M1,cDXGF,Base,CZ08,32.28541666666666,275525401.45785975
Epr,M1,cDXGF,Base,CZ09,35.456250000000004,305034359.19639045
Epr,M1,cDXGF,Base,CZ10,35.55666666666667,298087854.44941354
Epr,M1,cDXGF,Base,CZ11,36.25708333333334,326794150.36926293
Epr,M1,cDXGF,Base,CZ12,33.139583333333334,279256959.6432456
Epr,M1,cDXGF,Base,CZ13,37.3975,339398835.2624979
Epr,M1,cDXGF,Base,CZ14,33.69791666666667,303661901.202069
Epr,M1,cDXGF,Base,CZ15,42.32083333333334,390759441.65057033
Epr,M1,cDXGF,Base,CZ16,25.15416666666667,237466934.64788622
Epr,M1,cDXGF,Measure,CZ01,16.715000000000003,139690665.32694456
Epr,M1,cDXGF,Measure,CZ02,25.97041666666667,211258006.6752289
Epr,M1,cDXGF,Measure,CZ03,24.965,182162853.6261664
Epr,M1,cDXGF,Measure,CZ04,32.625416666666666,262688909.08683538
Epr,M1,cDXGF,Measure,CZ05,22.50375,167570487.7800447
Epr,M1,cDXGF,Measure,CZ06,25.295833333333334,192241279.08879733
Epr,M1,cDXGF,Measure,CZ07,25.2725,260446466.6855853
Epr,M1,cDXGF,Measure,CZ08,32.28541666666666,263008379.0734654
Epr,M1,cDXGF,Measure,CZ09,35.456250000000004,289121433.8604676
Epr,M1,cDXGF,Measure,CZ10,35.55666666666667,279909576.4265294
Epr,M1,cDXGF,Measure,CZ11,36.25708333333334,317486587.40372616
Epr,M1,cDXGF,Measure,CZ12,33.139583333333334,267547931.82743156
Epr,M1,cDXGF,Measure,CZ13,37.3975,328519531.5083014
Epr,M1,cDXGF,Measure,CZ14,33.69791666666667,294693007.49924314
Epr,M1,cDXGF,Measure,CZ15,42.32083333333334,370816030.4695112
Epr,M1,cDXGF,Measure,CZ16,25.15416666666667,229890136.593055
Epr,M1,cDXHP,Base,CZ01,16.715000000000003,153603038.1508621
Epr,M1,cDXHP,Base,CZ02,25.97041666666667,220707090.59456354
Epr,M1,cDXHP,Base,CZ03,24.965,191324924.83673614
Epr,M1,cDXHP,Base,CZ04,32.625416666666666,275930531.9957663
Epr,M1,cDXHP,Base,CZ05,22.50375,177941630.81241426
Epr,M1,cDXHP,Base,CZ06,25.295833333333334,205695299.11019447
Epr,M1,cDXHP,Base,CZ07,25.2725,253497655.4021065
Epr,M1,cDXHP,Base,CZ08,32.28541666666666,276852056.04207134
Epr,M1,cDXHP,Base,CZ09,35.456250000000004,306505129.2320733
Epr,M1,cDXHP,Base,CZ10,35.55666666666667,298745643.4427369
Epr,M1,cDXHP,Base,CZ11,36.25708333333334,327540896.0586913
Epr,M1,cDXHP,Base,CZ12,33.139583333333334,280793827.78542167
Epr,M1,cDXHP,Base,CZ13,37.3975,340910974.2778381
Epr,M1,cDXHP,Base,CZ14,33.69791666666667,305347701.56780034
Epr,M1,cDXHP,Base,CZ15,42.32083333333334,390830409.84339845
Epr,M1,cDXHP,Base,CZ16,25.15416666666667,238884471.07618105
Epr,M1,cDXHP,Measure,CZ01,16.715000000000003,140145772.8024498
Epr,M1,cDXHP,Measure,CZ02,25.97041666666667,211642664.77214503
Epr,M1,cDXHP,Measure,CZ03,24.965,182717171.18227103
Epr,M1,cDXHP,Measure,CZ04,32.625416666666666,264564230.46748522
Epr,M1,cDXHP,Measure,CZ05,22.50375,168106132.61022487
Epr,M1,cDXHP,Measure,CZ06,25.295833333333334,192954459.0163233
Epr,M1,cDXHP,Measure,CZ07,25.2725,254337547.60064477
Epr,M1,cDXHP,Measure,CZ08,32.28541666666666,264297126.75678784
Epr,M1,cDXHP,Measure,CZ09,35.456250000000004,290451671.4002986
Epr,M1,cDXHP,Measure,CZ10,35.55666666666667,280494639.9090477
Epr,M1,cDXHP,Measure,CZ11,36.25708333333334,318197992.8044419
Epr,M1,cDXHP,Measure,CZ12,33.139583333333334,269151137.7597676
Epr,M1,cDXHP,Measure,CZ13,37.3975,329998249.529879
Epr,M1,cDXHP,Measure,CZ14,33.69791666666667,296312714.1675054
Epr,M1,cDXHP,Measure,CZ15,42.32083333333334,370881632.30561185
Epr,M1,cDXHP,Measure,CZ16,25.15416666666667,231315998.68943125
Epr,M1,cPTAC,Base,CZ01,16.715000000000003,152284206.11124393
Epr,M1,cPTAC,Base,CZ02,25.97041666666667,220006259.9254827
Epr,M1,cPTAC,Base,CZ03,24.965,190627598.48147047
Epr,M1,cPTAC,Base,CZ04,32.625416666666666,274056520.0734112
Epr,M1,cPTAC,Base,CZ05,22.50375,177058046.3557058
Epr,M1,cPTAC,Base,CZ06,25.295833333333334,204990174.91461325
Epr,M1,cPTAC,Base,CZ07,25.2725,259505396.64194044
Epr,M1,cPTAC,Base,CZ08,32.28541666666666,275524761.3666826
Epr,M1,cPTAC,Base,CZ09,35.456250000000004,305029223.48090965
Epr,M1,cPTAC,Base,CZ10,35.55666666666667,298085426.9184652
Epr,M1,cPTAC,Base,CZ11,36.25708333333334,326794150.3546561
Epr,M1,cPTAC,Base,CZ12,33.139583333333334,279256959.870286
Epr,M1,cPTAC,Base,CZ13,37.3975,339397555.7851994
Epr,M1,cPTAC,Base,CZ14,33.69791666666667,303661901.20176405
Epr,M1,cPTAC,Base,CZ15,42.32083333333334,390759509.6140432
Epr,M1,cPTAC,Base,CZ16,25.15416666666667,237466963.73231822
Epr,M1,cPTAC,Measure,CZ01,16.715000000000003,139429078.81475666
Epr,M1,cPTAC,Measure,CZ02,25.97041666666667,211256058.5190135
Epr,M1,cPTAC,Measure,CZ03,24.965,182121332.80604517
Epr,M1,cPTAC,Measure,CZ04,32.625416666666666,262688769.53554353
Epr,M1,cPTAC,Measure,CZ05,22.50375,167377257.71973765
Epr,M1,cPTAC,Measure,CZ06,25.295833333333334,192241279.08878946
Epr,M1,cPTAC,Measure,CZ07,25.2725,260446466.6855851
Epr,M1,cPTAC,Measure,CZ08,32.28541666666666,263007433.10306412
Epr,M1,cPTAC,Measure,CZ09,35.456250000000004,289121433.8534982
Epr,M1,cPTAC,Measure,CZ10,35.55666666666667,279909585.8567244
Epr,M1,cPTAC,Measure,CZ11,36.25708333333334,317486587.40012324
Epr,M1,cPTAC,Measure,CZ12,33.139583333333334,267547932.8740183
Epr,M1,cPTAC,Measure,CZ13,37.3975,328519533.3611791
Epr,M1,cPTAC,Measure,CZ14,33.69791666666667,294693007.4992411
Epr,M1,cPTAC,Measure,CZ15,42.32083333333334,370816030.4695077
Epr,M1,cPTAC,Measure,CZ16,25.15416666666667,229890120.63337263
Epr,M1,cPVVG,Base,CZ01,16.715000000000003,114605220.73868993
Epr,M1,cPVVG,Base,CZ02,25.97041666666667,182648278.96742424
Epr,M1,cPVVG,Base,CZ03,24.965,151204872.54449436
Epr,M1,cPVVG,Base,CZ04,32.625416666666666,239184669.76057905
Epr,M1,cPVVG,Base,CZ05,22.50375,135828021.4796438
Epr,M1,cPVVG,Base,CZ06,25.295833333333334,163419672.02931964
Epr,M1,cPVVG,Base,CZ07,25.2725,222189529.6080426
Epr,M1,cPVVG,Base,CZ08,32.28541666666666,240363101.23340416
Epr,M1,cPVVG,Base,CZ09,35.456250000000004,271728317.7884585
Epr,M1,cPVVG,Base,CZ10,35.55666666666667,264120034.72385094
Epr,M1,cPVVG,Base,CZ11,36.25708333333334,298707127.32414365
Epr,M1,cPVVG,Base,CZ12,33.139583333333334,246490356.28598508
Epr,M1,cPVVG,Base,CZ13,37.3975,313817072.59555244
Epr,M1,cPVVG,Base,CZ14,33.69791666666667,271939211.45782113
Epr,M1,cPVVG,Base,CZ15,42.32083333333334,369407497.1497582
Epr,M1,cPVVG,Base,CZ16,25.15416666666667,192275009.11004952
Epr,M1,cPVVG,Measure,CZ01,16.715000000000003,112044031.75684892
Epr,M1,cPVVG,Measure,CZ02,25.97041666666667,187164420.99451482
Epr,M1,cPVVG,Measure,CZ03,24.965,154937086.13097936
Epr,M1,cPVVG,Measure,CZ04,32.625416666666666,241730369.3506255
Epr,M1,cPVVG,Measure,CZ05,22.50375,137722351.11378723
Epr,M1,cPVVG,Measure,CZ06,25.295833333333334,162727378.93443653
Epr,M1,cPVVG,Measure,CZ07,25.2725,226892490.30822307
Epr,M1,cPVVG,Measure,CZ08,32.28541666666666,237793913.56324965
Epr,M1,cPVVG,Measure,CZ09,35.456250000000004,264230960.30631876
Epr,M1,cPVVG,Measure,CZ10,35.55666666666667,256011225.01455775
Epr,M1,cPVVG,Measure,CZ11,36.25708333333334,294433303.92370784
Epr,M1,cPVVG,Measure,CZ12,33.139583333333334,247523605.02713308
Epr,M1,cPVVG,Measure,CZ13,37.3975,306932193.4615615
Epr,M1,cPVVG,Measure,CZ14,33.69791666666667,267813286.6360469
Epr,M1,cPVVG,Measure,CZ15,42.32083333333334,353755381.75497174
Epr,M1,cPVVG,Measure,CZ16,25.15416666666667,192447935.42824912
Epr,M2,cDXGF,Base,CZ01,16.715000000000003,190109090.57640398
Epr,M2,cDXGF,Base,CZ02,25.97041666666667,224395734.14925027
Epr,M2,cDXGF,Base,CZ03,24.965,211411028.60707211
Epr,M2,cDXGF,Base,CZ04,32.625416666666666,244548438.24392864
Epr,M2,cDXGF,Base,CZ05,22.50375,208238865.4316799
Epr,M2,cDXGF,Base,CZ06,25.295833333333334,217252698.15975434
Epr,M2,cDXGF,Base,CZ07,25.2725,252194469.98873606
Epr,M2,cDXGF,Base,CZ08,32.28541666666666,244709322.1348902
Epr,M2,cDXGF,Base,CZ09,35.456250000000004,253423927.96304116
Epr,M2,cDXGF,Base,CZ10,35.55666666666667,245160750.32424167
Epr,M2,cDXGF,Base,CZ11,36.25708333333334,267641356.88446924
Epr,M2,cDXGF,Base,CZ12,33.139583333333334,245046909.24412224
Epr,M2,cDXGF,Base,CZ13,37.3975,271926645.99288774
Epr,M2,cDXGF,Base,CZ14,33.69791666666667,260901711.24120945
Epr,M2,cDXGF,Base,CZ15,42.32083333333334,284047439.02401257
Epr,M2,cDXGF,Base,CZ16,25.15416666666667,246293392.27965277
Epr,M2,cDXGF,Measure,CZ01,16.715000000000003,170003471.24865967
Epr,M2,cDXGF,Measure,CZ02,25.97041666666667,204544307.502082
Epr,M2,cDXGF,Measure,CZ03,24.965,193521059.2100471
Epr,M2,cDXGF,Measure,CZ04,32.625416666666666,225570773.61351377
Epr,M2,cDXGF,Measure,CZ05,22.50375,189308337.6493643
Epr,M2,cDXGF,Measure,CZ06,25.295833333333334,199271960.64199215
Epr,M2,cDXGF,Measure,CZ07,25.2725,249530854.70824665
Epr,M2,cDXGF,Measure,CZ08,32.28541666666666,228704965.3663312
Epr,M2,cDXGF,Measure,CZ09,35.456250000000004,239119705.08910024
Epr,M2,cDXGF,Measure,CZ10,35.55666666666667,228828272.16230452
Epr,M2,cDXGF,Measure,CZ11,36.25708333333334,261837748.8087346
Epr,M2,cDXGF,Measure,CZ12,33.139583333333334,227069578.68595958
Epr,M2,cDXGF,Measure,CZ13,37.3975,265967303.58803126
Epr,M2,cDXGF,Measure,CZ14,33.69791666666667,254242837.18088338
Epr,M2,cDXGF,Measure,CZ15,42.32083333333334,273424493.6784769
Epr,M2,cDXGF,Measure,CZ16,25.15416666666667,237196866.85685852
Epr,M2,cDXHP,Base,CZ01,16.715000000000003,189444486.51735026
Epr,M2,cDXHP,Base,CZ02,25.97041666666667,223927883.93172008
Epr,M2,cDXHP,Base,CZ03,24.965,210695034.28485608
Epr,M2,cDXHP,Base,CZ04,32.625416666666666,243875144.01437485
Epr,M2,cDXHP,Base,CZ05,22.50375,207557024.12641966
Epr,M2,cDXHP,Base,CZ06,25.295833333333334,216535011.0639819
Epr,M2,cDXHP,Base,CZ07,25.2725,251392514.8902868
Epr,M2,cDXHP,Base,CZ08,32.28541666666666,244234226.40528718
Epr,M2,cDXHP,Base,CZ09,35.456250000000004,253025478.33058488
Epr,M2,cDXHP,Base,CZ10,35.55666666666667,244965423.70777082
Epr,M2,cDXHP,Base,CZ11,36.25708333333334,267258889.77704126
Epr,M2,cDXHP,Base,CZ12,33.139583333333334,244525748.44492137
Epr,M2,cDXHP,Base,CZ13,37.3975,271674927.40632576
Epr,M2,cDXHP,Base,CZ14,33.69791666666667,260463388.64910197
Epr,M2,cDXHP,Base,CZ15,42.32083333333334,284060119.0516781
Epr,M2,cDXHP,Base,CZ16,25.15416666666667,245909662.86180916
Epr,M2,cDXHP,Measure,CZ01,16.715000000000003,169275499.92431372
Epr,M2,cDXHP,Measure,CZ02,25.97041666666667,204057409.9646272
Epr,M2,cDXHP,Measure,CZ03,24.965,192789164.41940093
Epr,M2,cDXHP,Measure,CZ04,32.625416666666666,224907400.94418308
Epr,M2,cDXHP,Measure,CZ05,22.50375,188596528.51784775
Epr,M2,cDXHP,Measure,CZ06,25.295833333333334,198547413.39904273
Epr,M2,cDXHP,Measure,CZ07,25.2725,248689234.08102348
Epr,M2,cDXHP,Measure,CZ08,32.28541666666666,228246647.83855674
Epr,M2,cDXHP,Measure,CZ09,35.456250000000004,238749830.47772574
Epr,M2,cDXHP,Measure,CZ10,35.55666666666667,228645437.84030262
Epr,M2,cDXHP,Measure,CZ11,36.25708333333334,261545995.34629518
Epr,M2,cDXHP,Measure,CZ12,33.139583333333334,226563630.20294446
Epr,M2,cDXHP,Measure,CZ13,37.3975,265762798.7794104
Epr,M2,cDXHP,Measure,CZ14,33.69791666666667,253853418.70784312
Epr,M2,cDXHP,Measure,CZ15,42.32083333333334,273437109.94904613
Epr,M2,cDXHP,Measure,CZ16,25.15416666666667,236783614.04045096
Epr,M2,cPTAC,Base,CZ01,16.715000000000003,190109090.57635534
Epr,M2,cPTAC,Base,CZ02,25.97041666666667,224395734.14925265
Epr,M2,cPTAC,Base,CZ03,24.965,211411028.88595456
Epr,M2,cPTAC,Base,CZ04,32.625416666666666,244548438.24392784
Epr,M2,cPTAC,Base,CZ05,22.50375,208238865.4316814
Epr,M2,cPTAC,Base,CZ06,25.295833333333334,217252698.1597553
Epr,M2,cPTAC,Base,CZ07,25.2725,252194469.98873723
Epr,M2,cPTAC,Base,CZ08,32.28541666666666,244709322.13489008
Epr,M2,cPTAC,Base,CZ09,35.456250000000004,253423927.96303946
Epr,M2,cPTAC,Base,CZ10,35.55666666666667,245160750.32424083
Epr,M2,cPTAC,Base,CZ11,36.25708333333334,267641250.05239546
Epr,M2,cPTAC,Base,CZ12,33.139583333333334,245046909.24416798
Epr,M2,cPTAC,Base,CZ13,37.3975,271926398.7788769
Epr,M2,cPTAC,Base,CZ14,33.69791666666667,260901711.24121028
Epr,M2,cPTAC,Base,CZ15,42.32083333333334,284047439.02401257
Epr,M2,cPTAC,Base,CZ16,25.15416666666667,246293392.27965656
Epr,M2,cPTAC,Measure,CZ01,16.715000000000003,170003471.24844006
Epr,M2,cPTAC,Measure,CZ02,25.97041666666667,204544307.5020876
Epr,M2,cPTAC,Measure,CZ03,24.965,193521056.31212533
Epr,M2,cPTAC,Measure,CZ04,32.625416666666666,225570773.61355928
Epr,M2,cPTAC,Measure,CZ05,22.50375,189308239.50589013
Epr,M2,cPTAC,Measure,CZ06,25.295833333333334,199271960.08868438
Epr,M2,cPTAC,Measure,CZ07,25.2725,249530854.70824265
Epr,M2,cPTAC,Measure,CZ08,32.28541666666666,228705239.0735717
Epr,M2,cPTAC,Measure,CZ09,35.456250000000004,239119686.54748783
Epr,M2,cPTAC,Measure,CZ10,35.55666666666667,228828298.63415873
Epr,M2,cPTAC,Measure,CZ11,36.25708333333334,261837467.147291
Epr,M2,cPTAC,Measure,CZ12,33.139583333333334,227069578.68597686
Epr,M2,cPTAC,Measure,CZ13,37.3975,265967303.58763978
Epr,M2,cPTAC,Measure,CZ14,33.69791666666667,254242837.18087366
Epr,M2,cPTAC,Measure,CZ15,42.32083333333334,273424493.67849183
Epr,M2,cPTAC,Measure,CZ16,25.15416666666667,237196502.8445968
Epr,M2,cPVVG,Base,CZ01,16.715000000000003,151994254.32186428
Epr,M2,cPVVG,Base,CZ02,25.97041666666667,184529050.53328595
Epr,M2,cPVVG,Base,CZ03,24.965,171915710.43377534
Epr,M2,cPVVG,Base,CZ04,32.625416666666666,202898664.86062044
Epr,M2,cPVVG,Base,CZ05,22.50375,167071403.71402583
Epr,M2,cPVVG,Base,CZ06,25.295833333333334,176808986.9975049
Epr,M2,cPVVG,Base,CZ07,25.2725,217700562.5504794
Epr,M2,cPVVG,Base,CZ08,32.28541666666666,201507418.1850656
Epr,M2,cPVVG,Base,CZ09,35.456250000000004,208401644.4051072
Epr,M2,cPVVG,Base,CZ10,35.55666666666667,200665961.02817926
Epr,M2,cPVVG,Base,CZ11,36.25708333333334,228323652.97298253
Epr,M2,cPVVG,Base,CZ12,33.139583333333334,204824515.52727246
Epr,M2,cPVVG,Base,CZ13,37.3975,233052302.82151172
Epr,M2,cPVVG,Base,CZ14,33.69791666666667,219115186.026599
Epr,M2,cPVVG,Base,CZ15,42.32083333333334,242138840.05711782
Epr,M2,cPVVG,Base,CZ16,25.15416666666667,203690380.5608879
Epr,M2,cPVVG,Measure,CZ01,16.715000000000003,144317737.53193545
Epr,M2,cPVVG,Measure,CZ02,25.97041666666667,176971387.79889894
Epr,M2,cPVVG,Measure,CZ03,24.965,164900745.54632658
Epr,M2,cPVVG,Measure,CZ04,32.625416666666666,194940697.9576513
Epr,M2,cPVVG,Measure,CZ05,22.50375,159736408.5821665
Epr,M2,cPVVG,Measure,CZ06,25.295833333333334,169745513.3837145
Epr,M2,cPVVG,Measure,CZ07,25.2725,215533984.67825547
Epr,M2,cPVVG,Measure,CZ08,32.28541666666666,194467803.60332707
Epr,M2,cPVVG,Measure,CZ09,35.456250000000004,201768181.74001855
Epr,M2,cPVVG,Measure,CZ10,35.55666666666667,193443131.08950084
Epr,M2,cPVVG,Measure,CZ11,36.25708333333334,226230253.51882827
Epr,M2,cPVVG,Measure,CZ12,33.139583333333334,197216039.56775057
Epr,M2,cPVVG,Measure,CZ13,37.3975,231075895.7072732
Epr,M2,cPVVG,Measure,CZ14,33.69791666666667,216378387.3724272
Epr,M2,cPVVG,Measure,CZ15,42.32083333333334,237715146.61255932
Epr,M2,cPVVG,Measure,CZ16,25.15416666666667,199372591.9321388
Epr,M3,cDXGF,Base,CZ01,16.715000000000003,144611435.68745816
Epr,M3,cDXGF,Base,CZ02,25.97041666666667,185944396.42513412
Epr,M3,cDXGF,Base,CZ03,24.965,169273660.98457775
Epr,M3,cDXGF,Base,CZ04,32.625416666666666,208637082.66069105
Epr,M3,cDXGF,Base,CZ05,22.50375,161546445.0402493
Epr,M3,cDXGF,Base,CZ06,25.295833333333334,173447649.87980324
Epr,M3,cDXGF,Base,CZ07,25.2725,226036701.99228546
Epr,M3,cDXGF,Base,CZ08,32.28541666666666,204726476.75063282
Epr,M3,cDXGF,Base,CZ09,35.456250000000004,212584923.61472517
Epr,M3,cDXGF,Base,CZ10,35.55666666666667,204714595.74209547
Epr,M3,cDXGF,Base,CZ11,36.25708333333334,244331445.98126996
Epr,M3,cDXGF,Base,CZ12,33.139583333333334,212265721.1743312
Epr,M3,cDXGF,Base,CZ13,37.3975,251006389.9687807
Epr,M3,cDXGF,Base,CZ14,33.69791666666667,230056770.39328033
Epr,M3,cDXGF,Base,CZ15,42.32083333333334,261026214.06106824
Epr,M3,cDXGF,Base,CZ16,25.15416666666667,204754707.44363958
Epr,M3,cDXGF,Measure,CZ01,16.715000000000003,136252359.05447787
Epr,M3,cDXGF,Measure,CZ02,25.97041666666667,170754141.3284269
Epr,M3,cDXGF,Measure,CZ03,24.965,156779756.18830594
Epr,M3,cDXGF,Measure,CZ04,32.625416666666666,189159071.69220805
Epr,M3,cDXGF,Measure,CZ05,22.50375,150486522.9888013
Epr,M3,cDXGF,Measure,CZ06,25.295833333333334,160533813.40614015
Epr,M3,cDXGF,Measure,CZ07,25.2725,207197247.64788517
Epr,M3,cDXGF,Measure,CZ08,32.28541666666666,186052525.71939793
Epr,M3,cDXGF,Measure,CZ09,35.456250000000004,192524811.91470492
Epr,M3,cDXGF,Measure,CZ10,35.55666666666667,185756387.1594654
Epr,M3,cDXGF,Measure,CZ11,36.25708333333334,218936963.01581824
Epr,M3,cDXGF,Measure,CZ12,33.139583333333334,191969047.73039404
Epr,M3,cDXGF,Measure,CZ13,37.3975,224171045.7741495
Epr,M3,cDXGF,Measure,CZ14,33.69791666666667,207490769.39563346
Epr,M3,cDXGF,Measure,CZ15,42.32083333333334,232627533.00529024
Epr,M3,cDXGF,Measure,CZ16,25.15416666666667,187424071.25782377
Epr,M3,cDXHP,Base,CZ01,16.715000000000003,139366810.65620214
Epr,M3,cDXHP,Base,CZ02,25.97041666666667,182869521.43996254
Epr,M3,cDXHP,Base,CZ03,24.965,165392023.02774984
Epr,M3,cDXHP,Base,CZ04,32.625416666666666,206194173.43617097
Epr,M3,cDXHP,Base,CZ05,22.50375,156766698.8550157
Epr,M3,cDXHP,Base,CZ06,25.295833333333334,168936398.3953504
Epr,M3,cDXHP,Base,CZ07,25.2725,221585356.44964647
Epr,M3,cDXHP,Base,CZ08,32.28541666666666,203135055.49634022
Epr,M3,cDXHP,Base,CZ09,35.456250000000004,211293530.94798458
Epr,M3,cDXHP,Base,CZ10,35.55666666666667,204136902.45626903
Epr,M3,cDXHP,Base,CZ11,36.25708333333334,242823510.6466349
Epr,M3,cDXHP,Base,CZ12,33.139583333333334,210661003.23058766
Epr,M3,cDXHP,Base,CZ13,37.3975,250026763.39373937
Epr,M3,cDXHP,Base,CZ14,33.69791666666667,227815181.07685778
Epr,M3,cDXHP,Base,CZ15,42.32083333333334,261002125.71370506
Epr,M3,cDXHP,Base,CZ16,25.15416666666667,195535905.42539382
Epr,M3,cDXHP,Measure,CZ01,16.715000000000003,131081882.1641192
Epr,M3,cDXHP,Measure,CZ02,25.97041666666667,167606940.0685158
Epr,M3,cDXHP,Measure,CZ03,24.965,152876310.6422677
Epr,M3,cDXHP,Measure,CZ04,32.625416666666666,186588222.49437317
Epr,M3,cDXHP,Measure,CZ05,22.50375,145730496.43551928
Epr,M3,cDXHP,Measure,CZ06,25.295833333333334,156023589.74204984
Epr,M3,cDXHP,Measure,CZ07,25.2725,202655527.25033998
Epr,M3,cDXHP,Measure,CZ08,32.28541666666666,184379270.2786316
Epr,M3,cDXHP,Measure,CZ09,35.456250000000004,191154626.3879044
Epr,M3,cDXHP,Measure,CZ10,35.55666666666667,185141400.52427942
Epr,M3,cDXHP,Measure,CZ11,36.25708333333334,217279821.96811193
Epr,M3,cDXHP,Measure,CZ12,33.139583333333334,190234436.91122878
Epr,M3,cDXHP,Measure,CZ13,37.3975,223079048.77685475
Epr,M3,cDXHP,Measure,CZ14,33.69791666666667,205111421.94439793
Epr,M3,cDXHP,Measure,CZ15,42.32083333333334,232599103.48466527
Epr,M3,cDXHP,Measure,CZ16,25.15416666666667,178390501.93770522
Epr,M3,cPTAC,Base,CZ01,16.715000000000003,144611431.43007255
Epr,M3,cPTAC,Base,CZ02,25.97041666666667,185944396.42513758
Epr,M3,cPTAC,Base,CZ03,24.965,169273660.9702519
Epr,M3,cPTAC,Base,CZ04,32.625416666666666,208637542.74711597
Epr,M3,cPTAC,Base,CZ05,22.50375,161545806.58845326
Epr,M3,cPTAC,Base,CZ06,25.295833333333334,173447649.74122685
Epr,M3,cPTAC,Base,CZ07,25.2725,226036701.99228123
Epr,M3,cPTAC,Base,CZ08,32.28541666666666,204726476.75093597
Epr,M3,cPTAC,Base,CZ09,35.456250000000004,212584923.6073264
Epr,M3,cPTAC,Base,CZ10,35.55666666666667,204714680.1461904
Epr,M3,cPTAC,Base,CZ11,36.25708333333334,244330680.97695908
Epr,M3,cPTAC,Base,CZ12,33.139583333333334,212265721.17424127
Epr,M3,cPTAC,Base,CZ13,37.3975,251005861.3211153
Epr,M3,cPTAC,Base,CZ14,33.69791666666667,230056770.1396325
Epr,M3,cPTAC,Base,CZ15,42.32083333333334,261025924.08428568
Epr,M3,cPTAC,Base,CZ16,25.15416666666667,204754707.44364545
Epr,M3,cPTAC,Measure,CZ01,16.715000000000003,136252355.4272677
Epr,M3,cPTAC,Measure,CZ02,25.97041666666667,170754141.32842252
Epr,M3,cPTAC,Measure,CZ03,24.965,156779751.64409927
Epr,M3,cPTAC,Measure,CZ04,32.625416666666666,189159071.6924116
Epr,M3,cPTAC,Measure,CZ05,22.50375,150486373.38048652
Epr,M3,cPTAC,Measure,CZ06,25.295833333333334,160533810.9501735
Epr,M3,cPTAC,Measure,CZ07,25.2725,207197247.64789283
Epr,M3,cPTAC,Measure,CZ08,32.28541666666666,186051009.7069276
Epr,M3,cPTAC,Measure,CZ09,35.456250000000004,192524719.78240252
Epr,M3,cPTAC,Measure,CZ10,35.55666666666667,185756387.15960893
Epr,M3,cPTAC,Measure,CZ11,36.25708333333334,218936963.014748
Epr,M3,cPTAC,Measure,CZ12,33.139583333333334,191969047.73041788
Epr,M3,cPTAC,Measure,CZ13,37.3975,224171045.77402824
Epr,M3,cPTAC,Measure,CZ14,33.69791666666667,207490769.41010794
Epr,M3,cPTAC,Measure,CZ15,42.32083333333334,232627533.00523797
Epr,M3,cPTAC,Measure,CZ16,25.15416666666667,187423055.61966097
Epr,M3,cPVVG,Base,CZ01,16.715000000000003,142398222.8434712
Epr,M3,cPVVG,Base,CZ02,25.97041666666667,183179795.4755898
Epr,M3,cPVVG,Base,CZ03,24.965,166679590.57447678
Epr,M3,cPVVG,Base,CZ04,32.625416666666666,205477470.85146976
Epr,M3,cPVVG,Base,CZ05,22.50375,158987603.8207812
Epr,M3,cPVVG,Base,CZ06,25.295833333333334,170681424.80322582
Epr,M3,cPVVG,Base,CZ07,25.2725,222395693.27190137
Epr,M3,cPVVG,Base,CZ08,32.28541666666666,201611686.84920585
Epr,M3,cPVVG,Base,CZ09,35.456250000000004,209291391.86287832
Epr,M3,cPVVG,Base,CZ10,35.55666666666667,201660304.5530582
Epr,M3,cPVVG,Base,CZ11,36.25708333333334,240598956.80485713
Epr,M3,cPVVG,Base,CZ12,33.139583333333334,209156575.6581859
Epr,M3,cPVVG,Base,CZ13,37.3975,247230631.5686131
Epr,M3,cPVVG,Base,CZ14,33.69791666666667,226352553.87690943
Epr,M3,cPVVG,Base,CZ15,42.32083333333334,257292820.87376994
Epr,M3,cPVVG,Base,CZ16,25.15416666666667,200887100.2630817
Epr,M3,cPVVG,Measure,CZ01,16.715000000000003,134149180.13866447
Epr,M3,cPVVG,Measure,CZ02,25.97041666666667,168136401.3022873
Epr,M3,cPVVG,Measure,CZ03,24.965,154330770.8282212
Epr,M3,cPVVG,Measure,CZ04,32.625416666666666,186200108.18398923
Epr,M3,cPVVG,Measure,CZ05,22.50375,148064593.28801203
Epr,M3,cPVVG,Measure,CZ06,25.295833333333334,157917213.87110683
Epr,M3,cPVVG,Measure,CZ07,25.2725,203734651.24031276
Epr,M3,cPVVG,Measure,CZ08,32.28541666666666,183151933.15341765
Epr,M3,cPVVG,Measure,CZ09,35.456250000000004,189472896.31079113
Epr,M3,cPVVG,Measure,CZ10,35.55666666666667,182914435.4610492
Epr,M3,cPVVG,Measure,CZ11,36.25708333333334,215533490.80355206
Epr,M3,cPVVG,Measure,CZ12,33.139583333333334,189036898.89513677
Epr,M3,cPVVG,Measure,CZ13,37.3975,220742140.67374998
Epr,M3,cPVVG,Measure,CZ14,33.69791666666667,204093126.61069742
Epr,M3,cPVVG,Measure,CZ15,42.32083333333334,229183632.71266508
Epr,M3,cPVVG,Measure,CZ16,25.15416666666667,183825579.90739855
Epr,M4,cDXGF,Base,CZ01,16.715000000000003,154569129.48401436
Epr,M4,cDXGF,Base,CZ02,25.97041666666667,223249635.18765056
Epr,M4,cDXGF,Base,CZ03,24.965,196607504.83607295
Epr,M4,cDXGF,Base,CZ04,32.625416666666666,274062444.0029483
Epr,M4,cDXGF,Base,CZ05,22.50375,182445936.3529269
Epr,M4,cDXGF,Base,CZ06,25.295833333333334,207500741.6851278
Epr,M4,cDXGF,Base,CZ07,25.2725,259505398.37358513
Epr,M4,cDXGF,Base,CZ08,32.28541666666666,275526207.14234966
Epr,M4,cDXGF,Base,CZ09,35.456250000000004,305035235.74991816
Epr,M4,cDXGF,Base,CZ10,35.55666666666667,298088395.1849607
Epr,M4,cDXGF,Base,CZ11,36.25708333333334,326794164.7929318
Epr,M4,cDXGF,Base,CZ12,33.139583333333334,279256487.42515177
Epr,M4,cDXGF,Base,CZ13,37.3975,339397343.627826
Epr,M4,cDXGF,Base,CZ14,33.69791666666667,303661909.2103603
Epr,M4,cDXGF,Base,CZ15,42.32083333333334,390757728.4411396
Epr,M4,cDXGF,Base,CZ16,25.15416666666667,239990721.14709634
Epr,M4,cDXGF,Measure,CZ01,16.715000000000003,144047376.48925203
Epr,M4,cDXGF,Measure,CZ02,25.97041666666667,214780953.8687306
Epr,M4,cDXGF,Measure,CZ03,24.965,188810193.1309529
Epr,M4,cDXGF,Measure,CZ04,32.625416666666666,262691267.76124272
Epr,M4,cDXGF,Measure,CZ05,22.50375,174578919.78964156
Epr,M4,cDXGF,Measure,CZ06,25.295833333333334,194739514.86408767
Epr,M4,cDXGF,Measure,CZ07,25.2725,260446565.75005442
Epr,M4,cDXGF,Measure,CZ08,32.28541666666666,263008360.985628
Epr,M4,cDXGF,Measure,CZ09,35.456250000000004,289123827.48558116
Epr,M4,cDXGF,Measure,CZ10,35.55666666666667,279911342.9427705
Epr,M4,cDXGF,Measure,CZ11,36.25708333333334,317486352.47212994
Epr,M4,cDXGF,Measure,CZ12,33.139583333333334,267548092.2655359
Epr,M4,cDXGF,Measure,CZ13,37.3975,328519340.4697118
Epr,M4,cDXGF,Measure,CZ14,33.69791666666667,294693067.29728544
Epr,M4,cDXGF,Measure,CZ15,42.32083333333334,370816030.47311145
Epr,M4,cDXGF,Measure,CZ16,25.15416666666667,232391427.8148545
Epr,M4,cDXHP,Base,CZ01,16.715000000000003,155490045.85954735
Epr,M4,cDXHP,Base,CZ02,25.97041666666667,223913549.60678673
Epr,M4,cDXHP,Base,CZ03,24.965,197210443.69263774
Epr,M4,cDXHP,Base,CZ04,32.625416666666666,275930815.5545405
Epr,M4,cDXHP,Base,CZ05,22.50375,183029266.47256863
Epr,M4,cDXHP,Base,CZ06,25.295833333333334,208240690.87292534
Epr,M4,cDXHP,Base,CZ07,25.2725,253497645.91128355
Epr,M4,cDXHP,Base,CZ08,32.28541666666666,276852329.4424249
Epr,M4,cDXHP,Base,CZ09,35.456250000000004,306506051.9539169
Epr,M4,cDXHP,Base,CZ10,35.55666666666667,298746194.2877114
Epr,M4,cDXHP,Base,CZ11,36.25708333333334,327540785.28711337
Epr,M4,cDXHP,Base,CZ12,33.139583333333334,280793561.05310947
Epr,M4,cDXHP,Base,CZ13,37.3975,340909411.6967979
Epr,M4,cDXHP,Base,CZ14,33.69791666666667,305347710.9527967
Epr,M4,cDXHP,Base,CZ15,42.32083333333334,390831737.5976893
Epr,M4,cDXHP,Base,CZ16,25.15416666666667,241482609.8968983
Epr,M4,cDXHP,Measure,CZ01,16.715000000000003,144542950.527251
Epr,M4,cDXHP,Measure,CZ02,25.97041666666667,215160153.66745064
Epr,M4,cDXHP,Measure,CZ03,24.965,189441552.3308568
Epr,M4,cDXHP,Measure,CZ04,32.625416666666666,264566569.77049726
Epr,M4,cDXHP,Measure,CZ05,22.50375,175202475.66781273
Epr,M4,cDXHP,Measure,CZ06,25.295833333333334,195490108.32694173
Epr,M4,cDXHP,Measure,CZ07,25.2725,254337653.45432922
Epr,M4,cDXHP,Measure,CZ08,32.28541666666666,264297127.96158087
Epr,M4,cDXHP,Measure,CZ09,35.456250000000004,290454587.71021765
Epr,M4,cDXHP,Measure,CZ10,35.55666666666667,280496606.1306207
Epr,M4,cDXHP,Measure,CZ11,36.25708333333334,318197718.44932854
Epr,M4,cDXHP,Measure,CZ12,33.139583333333334,269151205.3289507
Epr,M4,cDXHP,Measure,CZ13,37.3975,329998081.28688335
Epr,M4,cDXHP,Measure,CZ14,33.69791666666667,296312759.51446414
Epr,M4,cDXHP,Measure,CZ15,42.32083333333334,370881632.309667
Epr,M4,cDXHP,Measure,CZ16,25.15416666666667,233895494.57742867
Epr,M4,cPTAC,Base,CZ01,16.715000000000003,153877387.04134497
Epr,M4,cPTAC,Base,CZ02,25.97041666666667,223183113.32602322
Epr,M4,cPTAC,Base,CZ03,24.965,196429394.24550956
Epr,M4,cPTAC,Base,CZ04,32.625416666666666,274056056.76375127
Epr,M4,cPTAC,Base,CZ05,22.50375,181927874.57856357
Epr,M4,cPTAC,Base,CZ06,25.295833333333334,207500721.87004158
Epr,M4,cPTAC,Base,CZ07,25.2725,259505398.37358153
Epr,M4,cPTAC,Base,CZ08,32.28541666666666,275525113.6713674
Epr,M4,cPTAC,Base,CZ09,35.456250000000004,305030101.5915248
Epr,M4,cPTAC,Base,CZ10,35.55666666666667,298085308.5226741
Epr,M4,cPTAC,Base,CZ11,36.25708333333334,326794165.175557
Epr,M4,cPTAC,Base,CZ12,33.139583333333334,279256487.64841753
Epr,M4,cPTAC,Base,CZ13,37.3975,339396836.12040675
Epr,M4,cPTAC,Base,CZ14,33.69791666666667,303661909.21005636
Epr,M4,cPTAC,Base,CZ15,42.32083333333334,390759509.6153494
Epr,M4,cPTAC,Base,CZ16,25.15416666666667,239990678.59646764
Epr,M4,cPTAC,Measure,CZ01,16.715000000000003,143517091.91991818
Epr,M4,cPTAC,Measure,CZ02,25.97041666666667,214778928.62976235
Epr,M4,cPTAC,Measure,CZ03,24.965,188760807.95033824
Epr,M4,cPTAC,Measure,CZ04,32.625416666666666,262691127.00119096
Epr,M4,cPTAC,Measure,CZ05,22.50375,174316644.89418778
Epr,M4,cPTAC,Measure,CZ06,25.295833333333334,194739514.86407915
Epr,M4,cPTAC,Measure,CZ07,25.2725,260446565.7502943
Epr,M4,cPTAC,Measure,CZ08,32.28541666666666,263008271.74201638
Epr,M4,cPTAC,Measure,CZ09,35.456250000000004,289123827.47995186
Epr,M4,cPTAC,Measure,CZ10,35.55666666666667,279911342.87356687
Epr,M4,cPTAC,Measure,CZ11,36.25708333333334,317486556.7515714
Epr,M4,cPTAC,Measure,CZ12,33.139583333333334,267548093.30810642
Epr,M4,cPTAC,Measure,CZ13,37.3975,328519342.32504684
Epr,M4,cPTAC,Measure,CZ14,33.69791666666667,294693067.2972808
Epr,M4,cPTAC,Measure,CZ15,42.32083333333334,370816030.4731076
Epr,M4,cPTAC,Measure,CZ16,25.15416666666667,232394247.12345883
Epr,M4,cPVVG,Base,CZ01,16.715000000000003,115084836.24416512
Epr,M4,cPVVG,Base,CZ02,25.97041666666667,184517435.0127979
Epr,M4,cPVVG,Base,CZ03,24.965,154347741.49578625
Epr,M4,cPVVG,Base,CZ04,32.625416666666666,239184768.86075187
Epr,M4,cPVVG,Base,CZ05,22.50375,138449511.1162672
Epr,M4,cPVVG,Base,CZ06,25.295833333333334,164993270.7709232
Epr,M4,cPVVG,Base,CZ07,25.2725,222189536.22394404
Epr,M4,cPVVG,Base,CZ08,32.28541666666666,240363298.60139975
Epr,M4,cPVVG,Base,CZ09,35.456250000000004,271729223.93454444
Epr,M4,cPVVG,Base,CZ10,35.55666666666667,264120225.87816858
Epr,M4,cPVVG,Base,CZ11,36.25708333333334,298706984.28587115
Epr,M4,cPVVG,Base,CZ12,33.139583333333334,246489858.8882078
Epr,M4,cPVVG,Base,CZ13,37.3975,313816800.5167687
Epr,M4,cPVVG,Base,CZ14,33.69791666666667,271939221.4864223
Epr,M4,cPVVG,Base,CZ15,42.32083333333334,369407511.6850234
Epr,M4,cPVVG,Base,CZ16,25.15416666666667,194348809.10166436
Epr,M4,cPVVG,Measure,CZ01,16.715000000000003,114016179.83175623
Epr,M4,cPVVG,Measure,CZ02,25.97041666666667,189452847.9925127
Epr,M4,cPVVG,Measure,CZ03,24.965,159109986.12155092
Epr,M4,cPVVG,Measure,CZ04,32.625416666666666,241735619.5873863
Epr,M4,cPVVG,Measure,CZ05,22.50375,141933057.5124535
Epr,M4,cPVVG,Measure,CZ06,25.295833333333334,164342751.434592
Epr,M4,cPVVG,Measure,CZ07,25.2725,226892825.3261576
Epr,M4,cPVVG,Measure,CZ08,32.28541666666666,237797056.34481445
Epr,M4,cPVVG,Measure,CZ09,35.456250000000004,264234927.11339852
Epr,M4,cPVVG,Measure,CZ10,35.55666666666667,256015180.92736885
Epr,M4,cPVVG,Measure,CZ11,36.25708333333334,294433230.34528816
Epr,M4,cPVVG,Measure,CZ12,33.139583333333334,247526023.81824127
Epr,M4,cPVVG,Measure,CZ13,37.3975,306932035.05161566
Epr,M4,cPVVG,Measure,CZ14,33.69791666666667,267813508.99501935
Epr,M4,cPVVG,Measure,CZ15,42.32083333333334,353755827.18065786
Epr,M4,cPVVG,Measure,CZ16,25.15416666666667,194553415.7998523
Epr,M5,cDXGF,Base,CZ01,16.715000000000003,133582147.8659648
Epr,M5,cDXGF,Base,CZ02,25.97041666666667,201398191.74309224
Epr,M5,cDXGF,Base,CZ03,24.965,168878825.46170074
Epr,M5,cDXGF,Base,CZ04,32.625416666666666,230005227.65049362
Epr,M5,cDXGF,Base,CZ05,22.50375,151823337.21408552
Epr,M5,cDXGF,Base,CZ06,25.295833333333334,171538907.22119725
Epr,M5,cDXGF,Base,CZ07,25.2725,248897332.13115716
Epr,M5,cDXGF,Base,CZ08,32.28541666666666,218378988.11485386
Epr,M5,cDXGF,Base,CZ09,35.456250000000004,237711756.72925335
Epr,M5,cDXGF,Base,CZ10,35.55666666666667,227012102.31518322
Epr,M5,cDXGF,Base,CZ11,36.25708333333334,288256962.1206523
Epr,M5,cDXGF,Base,CZ12,33.139583333333334,241414991.1752903
Epr,M5,cDXGF,Base,CZ13,37.3975,291766668.71475124
Epr,M5,cDXGF,Base,CZ14,33.69791666666667,248589610.01634824
Epr,M5,cDXGF,Base,CZ15,42.32083333333334,336571300.1739694
Epr,M5,cDXGF,Base,CZ16,25.15416666666667,200084876.91444406
Epr,M5,cDXGF,Measure,CZ01,16.715000000000003,126943770.1178355
Epr,M5,cDXGF,Measure,CZ02,25.97041666666667,183640481.49035338
Epr,M5,cDXGF,Measure,CZ03,24.965,156436395.89191493
Epr,M5,cDXGF,Measure,CZ04,32.625416666666666,206964065.6919646
Epr,M5,cDXGF,Measure,CZ05,22.50375,142306985.79407328
Epr,M5,cDXGF,Measure,CZ06,25.295833333333334,158908205.811091
Epr,M5,cDXGF,Measure,CZ07,25.2725,226380201.0731666
Epr,M5,cDXGF,Measure,CZ08,32.28541666666666,197251493.85630983
Epr,M5,cDXGF,Measure,CZ09,35.456250000000004,213102726.1603039
Epr,M5,cDXGF,Measure,CZ10,35.55666666666667,204066585.25734705
Epr,M5,cDXGF,Measure,CZ11,36.25708333333334,255137095.90866202
Epr,M5,cDXGF,Measure,CZ12,33.139583333333334,216113719.28203365
Epr,M5,cDXGF,Measure,CZ13,37.3975,257515484.5264282
Epr,M5,cDXGF,Measure,CZ14,33.69791666666667,222931041.6524808
Epr,M5,cDXGF,Measure,CZ15,42.32083333333334,294876070.66233176
Epr,M5,cDXGF,Measure,CZ16,25.15416666666667,183523732.11081305
Epr,M5,cDXHP,Base,CZ01,16.715000000000003,133889811.3501048
Epr,M5,cDXHP,Base,CZ02,25.97041666666667,198237521.0658543
Epr,M5,cDXHP,Base,CZ03,24.965,168244876.5225939
Epr,M5,cDXHP,Base,CZ04,32.625416666666666,222501023.05646574
Epr,M5,cDXHP,Base,CZ05,22.50375,151377648.40434116
Epr,M5,cDXHP,Base,CZ06,25.295833333333334,171079138.1984858
Epr,M5,cDXHP,Base,CZ07,25.2725,246768653.75141975
Epr,M5,cDXHP,Base,CZ08,32.28541666666666,214816927.7003203
Epr,M5,cDXHP,Base,CZ09,35.456250000000004,231247853.0411268
Epr,M5,cDXHP,Base,CZ10,35.55666666666667,223560772.66832733
Epr,M5,cDXHP,Base,CZ11,36.25708333333334,284074642.44223917
Epr,M5,cDXHP,Base,CZ12,33.139583333333334,236878876.5274881
Epr,M5,cDXHP,Base,CZ13,37.3975,287481036.837613
Epr,M5,cDXHP,Base,CZ14,33.69791666666667,239325475.9491255
Epr,M5,cDXHP,Base,CZ15,42.32083333333334,336144125.96071184
Epr,M5,cDXHP,Base,CZ16,25.15416666666667,195906849.4788279
Epr,M5,cDXHP,Measure,CZ01,16.715000000000003,126544392.13087276
Epr,M5,cDXHP,Measure,CZ02,25.97041666666667,180315273.38313854
Epr,M5,cDXHP,Measure,CZ03,24.965,155232038.95406842
Epr,M5,cDXHP,Measure,CZ04,32.625416666666666,200042910.61456078
Epr,M5,cDXHP,Measure,CZ05,22.50375,141260837.082734
Epr,M5,cDXHP,Measure,CZ06,25.295833333333334,157789479.20757553
Epr,M5,cDXHP,Measure,CZ07,25.2725,223593788.12921774
Epr,M5,cDXHP,Measure,CZ08,32.28541666666666,193911720.86224645
Epr,M5,cDXHP,Measure,CZ09,35.456250000000004,207404356.12156248
Epr,M5,cDXHP,Measure,CZ10,35.55666666666667,201039928.64563423
Epr,M5,cDXHP,Measure,CZ11,36.25708333333334,251160802.4465722
Epr,M5,cDXHP,Measure,CZ12,33.139583333333334,211827132.5456928
Epr,M5,cDXHP,Measure,CZ13,37.3975,253637685.3231741
Epr,M5,cDXHP,Measure,CZ14,33.69791666666667,214575835.15809894
Epr,M5,cDXHP,Measure,CZ15,42.32083333333334,294508596.8440576
Epr,M5,cDXHP,Measure,CZ16,25.15416666666667,178729216.2191561
Epr,M5,cPTAC,Base,CZ01,16.715000000000003,133580795.00079685
Epr,M5,cPTAC,Base,CZ02,25.97041666666667,201398194.11341062
Epr,M5,cPTAC,Base,CZ03,24.965,168878825.4616832
Epr,M5,cPTAC,Base,CZ04,32.625416666666666,230004792.9921144
Epr,M5,cPTAC,Base,CZ05,22.50375,151823337.21405518
Epr,M5,cPTAC,Base,CZ06,25.295833333333334,171538907.07299283
Epr,M5,cPTAC,Base,CZ07,25.2725,248897332.1311468
Epr,M5,cPTAC,Base,CZ08,32.28541666666666,218378988.1142888
Epr,M5,cPTAC,Base,CZ09,35.456250000000004,237711756.7294364
Epr,M5,cPTAC,Base,CZ10,35.55666666666667,227012968.06780103
Epr,M5,cPTAC,Base,CZ11,36.25708333333334,288256962.12071013
Epr,M5,cPTAC,Base,CZ12,33.139583333333334,241414994.78274804
Epr,M5,cPTAC,Base,CZ13,37.3975,291767418.0203967
Epr,M5,cPTAC,Base,CZ14,33.69791666666667,248590227.90845767
Epr,M5,cPTAC,Base,CZ15,42.32083333333334,336582646.01108384
Epr,M5,cPTAC,Base,CZ16,25.15416666666667,200084876.91446164
Epr,M5,cPTAC,Measure,CZ01,16.715000000000003,126942613.11337753
Epr,M5,cPTAC,Measure,CZ02,25.97041666666667,183640483.1476349
Epr,M5,cPTAC,Measure,CZ03,24.965,156436390.88994756
Epr,M5,cPTAC,Measure,CZ04,32.625416666666666,206964065.69200844
Epr,M5,cPTAC,Measure,CZ05,22.50375,142306551.3358598
Epr,M5,cPTAC,Measure,CZ06,25.295833333333334,158908206.09004796
Epr,M5,cPTAC,Measure,CZ07,25.2725,226380201.07319954
Epr,M5,cPTAC,Measure,CZ08,32.28541666666666,197253196.37400863
Epr,M5,cPTAC,Measure,CZ09,35.456250000000004,213102752.34469348
Epr,M5,cPTAC,Measure,CZ10,35.55666666666667,204066585.25391552
Epr,M5,cPTAC,Measure,CZ11,36.25708333333334,255137095.90814176
Epr,M5,cPTAC,Measure,CZ12,33.139583333333334,216113722.1713506
Epr,M5,cPTAC,Measure,CZ13,37.3975,257515488.9976696
Epr,M5,cPTAC,Measure,CZ14,33.69791666666667,222929075.4185859
Epr,M5,cPTAC,Measure,CZ15,42.32083333333334,294876070.6623236
Epr,M5,cPTAC,Measure,CZ16,25.15416666666667,183523732.11080393
Epr,M5,cPVVG,Base,CZ01,16.715000000000003,131697629.10894571
Epr,M5,cPVVG,Base,CZ02,25.97041666666667,198403857.87657893
Epr,M5,cPVVG,Base,CZ03,24.965,166237492.25839835
Epr,M5,cPVVG,Base,CZ04,32.625416666666666,226616221.99597389
Epr,M5,cPVVG,Base,CZ05,22.50375,149476287.70934737
Epr,M5,cPVVG,Base,CZ06,25.295833333333334,168743519.3238653
Epr,M5,cPVVG,Base,CZ07,25.2725,244798130.99132955
Epr,M5,cPVVG,Base,CZ08,32.28541666666666,214976158.36273474
Epr,M5,cPVVG,Base,CZ09,35.456250000000004,234112208.7061104
Epr,M5,cPVVG,Base,CZ10,35.55666666666667,223585765.33812433
Epr,M5,cPVVG,Base,CZ11,36.25708333333334,284089873.85987985
Epr,M5,cPVVG,Base,CZ12,33.139583333333334,237935644.93189606
Epr,M5,cPVVG,Base,CZ13,37.3975,287471209.56101793
Epr,M5,cPVVG,Base,CZ14,33.69791666666667,244628902.35778934
Epr,M5,cPVVG,Base,CZ15,42.32083333333334,332491971.0418939
Epr,M5,cPVVG,Base,CZ16,25.15416666666667,196222932.26725984
Epr,M5,cPVVG,Measure,CZ01,16.715000000000003,125147041.77709879
Epr,M5,cPVVG,Measure,CZ02,25.97041666666667,180831071.6977923
Epr,M5,cPVVG,Measure,CZ03,24.965,153952808.96522895
Epr,M5,cPVVG,Measure,CZ04,32.625416666666666,203820501.6645971
Epr,M5,cPVVG,Measure,CZ05,22.50375,140085798.1945552
Epr,M5,cPVVG,Measure,CZ06,25.295833333333334,156273132.60940152
Epr,M5,cPVVG,Measure,CZ07,25.2725,222522864.3353368
Epr,M5,cPVVG,Measure,CZ08,32.28541666666666,194124728.89224786
Epr,M5,cPVVG,Measure,CZ09,35.456250000000004,209832832.22600314
Epr,M5,cPVVG,Measure,CZ10,35.55666666666667,200931755.87243435
Epr,M5,cPVVG,Measure,CZ11,36.25708333333334,251442016.2315635
Epr,M5,cPVVG,Measure,CZ12,33.139583333333334,212898936.86505535
Epr,M5,cPVVG,Measure,CZ13,37.3975,253731109.11562228
Epr,M5,cPVVG,Measure,CZ14,33.69791666666667,219361445.70154732
Epr,M5,cPVVG,Measure,CZ15,42.32083333333334,291221212.38745624
Epr,M5,cPVVG,Measure,CZ16,25.15416666666667,179927827.21341014
Ese,M1,cDXGF,Base,CZ01,16.715000000000003,413001767.0155054
Ese,M1,cDXGF,Base,CZ02,25.97041666666667,625455868.8031305
Ese,M1,cDXGF,Base,CZ03,24.965,535272516.5880264
Ese,M1,cDXGF,Base,CZ04,32.625416666666666,811547571.7933973
Ese,M1,cDXGF,Base,CZ05,22.50375,502807257.8084507
Ese,M1,cDXGF,Base,CZ06,25.295833333333334,547591079.7719162
Ese,M1,cDXGF,Base,CZ07,25.2725,629796503.6229453
Ese,M1,cDXGF,Base,CZ08,32.28541666666666,787940505.8768103
Ese,M1,cDXGF,Base,CZ09,35.456250000000004,893611428.1872554
Ese,M1,cDXGF,Base,CZ10,35.55666666666667,890521009.6269021
Ese,M1,cDXGF,Base,CZ11,36.25708333333334,893604444.2913182
Ese,M1,cDXGF,Base,CZ12,33.139583333333334,830768500.334383
Ese,M1,cDXGF,Base,CZ13,37.3975,929285315.4907947
Ese,M1,cDXGF,Base,CZ14,33.69791666666667,786301253.6178174
Ese,M1,cDXGF,Base,CZ15,42.32083333333334,1180861875.9089851
Ese,M1,cDXGF,Base,CZ16,25.15416666666667,591736553.7040641
Ese,M1,cDXGF,Measure,CZ01,16.715000000000003,407979802.5302048
Ese,M1,cDXGF,Measure,CZ02,25.97041666666667,625293369.7350861
Ese,M1,cDXGF,Measure,CZ03,24.965,536223948.31733006
Ese,M1,cDXGF,Measure,CZ04,32.625416666666666,814243871.3711483
Ese,M1,cDXGF,Measure,CZ05,22.50375,502524956.51060337
Ese,M1,cDXGF,Measure,CZ06,25.295833333333334,543837747.4826715
Ese,M1,cDXGF,Measure,CZ07,25.2725,630741399.2210572
Ese,M1,cDXGF,Measure,CZ08,32.28541666666666,785535744.4229233
Ese,M1,cDXGF,Measure,CZ09,35.456250000000004,887562257.6649942
Ese,M1,cDXGF,Measure,CZ10,35.55666666666667,885227495.5498989
Ese,M1,cDXGF,Measure,CZ11,36.25708333333334,877759159.193253
Ese,M1,cDXGF,Measure,CZ12,33.139583333333334,833074976.5981542
Ese,M1,cDXGF,Measure,CZ13,37.3975,912578522.069742
Ese,M1,cDXGF,Measure,CZ14,33.69791666666667,768768660.1614437
Ese,M1,cDXGF,Measure,CZ15,42.32083333333334,1172067799.2023435
Ese,M1,cDXGF,Measure,CZ16,25.15416666666667,573949975.4964576
Ese,M1,cDXHP,Base,CZ01,16.715000000000003,413194688.65033984
Ese,M1,cDXHP,Base,CZ02,25.97041666666667,625673392.9951434
Ese,M1,cDXHP,Base,CZ03,24.965,535723818.3901338
Ese,M1,cDXHP,Base,CZ04,32.625416666666666,813788480.6065956
Ese,M1,cDXHP,Base,CZ05,22.50375,503544567.12381804
Ese,M1,cDXHP,Base,CZ06,25.295833333333334,548195295.4432526
Ese,M1,cDXHP,Base,CZ07,25.2725,625565784.4055423
Ese,M1,cDXHP,Base,CZ08,32.28541666666666,789226284.9106215
Ese,M1,cDXHP,Base,CZ09,35.456250000000004,894910777.886104
Ese,M1,cDXHP,Base,CZ10,35.55666666666667,891003913.8226485
Ese,M1,cDXHP,Base,CZ11,36.25708333333334,894417684.6749992
Ese,M1,cDXHP,Base,CZ12,33.139583333333334,832329243.0802629
Ese,M1,cDXHP,Base,CZ13,37.3975,930889770.8449761
Ese,M1,cDXHP,Base,CZ14,33.69791666666667,788369900.1502135
Ese,M1,cDXHP,Base,CZ15,42.32083333333334,1180949920.1645253
Ese,M1,cDXHP,Base,CZ16,25.15416666666667,592861202.5932798
Ese,M1,cDXHP,Measure,CZ01,16.715000000000003,408144813.8941915
Ese,M1,cDXHP,Measure,CZ02,25.97041666666667,625328333.381313
Ese,M1,cDXHP,Measure,CZ03,24.965,536630172.62581563
Ese,M1,cDXHP,Measure,CZ04,32.625416666666666,816496103.9828575
Ese,M1,cDXHP,Measure,CZ05,22.50375,503312323.04189605
Ese,M1,cDXHP,Measure,CZ06,25.295833333333334,544411335.1347171
Ese,M1,cDXHP,Measure,CZ07,25.2725,626480721.8969947
Ese,M1,cDXHP,Measure,CZ08,32.28541666666666,786814164.8145462
Ese,M1,cDXHP,Measure,CZ09,35.456250000000004,888821743.0083737
Ese,M1,cDXHP,Measure,CZ10,35.55666666666667,885678611.632529
Ese,M1,cDXHP,Measure,CZ11,36.25708333333334,878517119.4996576
Ese,M1,cDXHP,Measure,CZ12,33.139583333333334,834679635.8693619
Ese,M1,cDXHP,Measure,CZ13,37.3975,914160774.4422729
Ese,M1,cDXHP,Measure,CZ14,33.69791666666667,770992646.22175
Ese,M1,cDXHP,Measure,CZ15,42.32083333333334,1172153615.6273437
Ese,M1,cDXHP,Measure,CZ16,25.15416666666667,575069843.5195968
Ese,M1,cPTAC,Base,CZ01,16.715000000000003,412656859.75520706
Ese,M1,cPTAC,Base,CZ02,25.97041666666667,625451227.2941484
Ese,M1,cPTAC,Base,CZ03,24.965,535217585.8624965
Ese,M1,cPTAC,Base,CZ04,32.625416666666666,811548987.9830035
Ese,M1,cPTAC,Base,CZ05,22.50375,502623844.7588376
Ese,M1,cPTAC,Base,CZ06,25.295833333333334,547591079.7719781
Ese,M1,cPTAC,Base,CZ07,25.2725,629796503.6664392
Ese,M1,cPTAC,Base,CZ08,32.28541666666666,787940505.8767848
Ese,M1,cPTAC,Base,CZ09,35.456250000000004,893611428.1872597
Ese,M1,cPTAC,Base,CZ10,35.55666666666667,890521009.6268879
Ese,M1,cPTAC,Base,CZ11,36.25708333333334,893604444.2911701
Ese,M1,cPTAC,Base,CZ12,33.139583333333334,830768500.3343515
Ese,M1,cPTAC,Base,CZ13,37.3975,929285315.4907943
Ese,M1,cPTAC,Base,CZ14,33.69791666666667,786301253.6178265
Ese,M1,cPTAC,Base,CZ15,42.32083333333334,1180861875.9089625
Ese,M1,cPTAC,Base,CZ16,25.15416666666667,591736553.5209329
Ese,M1,cPTAC,Measure,CZ01,16.715000000000003,407760128.58818424
Ese,M1,cPTAC,Measure,CZ02,25.97041666666667,625293369.1859653
Ese,M1,cPTAC,Measure,CZ03,24.965,536208299.460402
Ese,M1,cPTAC,Measure,CZ04,32.625416666666666,814243871.3711599
Ese,M1,cPTAC,Measure,CZ05,22.50375,502441648.03292876
Ese,M1,cPTAC,Measure,CZ06,25.295833333333334,543837747.4827511
Ese,M1,cPTAC,Measure,CZ07,25.2725,630741399.2214271
Ese,M1,cPTAC,Measure,CZ08,32.28541666666666,785535744.422933
Ese,M1,cPTAC,Measure,CZ09,35.456250000000004,887562257.6649898
Ese,M1,cPTAC,Measure,CZ10,35.55666666666667,885227495.5499187
Ese,M1,cPTAC,Measure,CZ11,36.25708333333334,877759159.1932055
Ese,M1,cPTAC,Measure,CZ12,33.139583333333334,833074976.5979949
Ese,M1,cPTAC,Measure,CZ13,37.3975,912578522.0697522
Ese,M1,cPTAC,Measure,CZ14,33.69791666666667,768768660.1612909
Ese,M1,cPTAC,Measure,CZ15,42.32083333333334,1172067799.2023048
Ese,M1,cPTAC,Measure,CZ16,25.15416666666667,573949975.3202413
Ese,M1,cPVVG,Base,CZ01,16.715000000000003,376590569.5619724
Ese,M1,cPVVG,Base,CZ02,25.97041666666667,587888595.8678625
Ese,M1,cPVVG,Base,CZ03,24.965,496783639.27246654
Ese,M1,cPVVG,Base,CZ04,32.625416666666666,779607551.5697931
Ese,M1,cPVVG,Base,CZ05,22.50375,462597269.8241336
Ese,M1,cPVVG,Base,CZ06,25.295833333333334,509617152.06837225
Ese,M1,cPVVG,Base,CZ07,25.2725,595274266.528024
Ese,M1,cPVVG,Base,CZ08,32.28541666666666,755570037.4814695
Ese,M1,cPVVG,Base,CZ09,35.456250000000004,863578959.9933215
Ese,M1,cPVVG,Base,CZ10,35.55666666666667,859161499.331141
Ese,M1,cPVVG,Base,CZ11,36.25708333333334,865589032.6554441
Ese,M1,cPVVG,Base,CZ12,33.139583333333334,800079189.9126525
Ese,M1,cPVVG,Base,CZ13,37.3975,903506913.6913326
Ese,M1,cPVVG,Base,CZ14,33.69791666666667,756893248.8117616
Ese,M1,cPVVG,Base,CZ15,42.32083333333334,1160745879.0743656
Ese,M1,cPVVG,Base,CZ16,25.15416666666667,549124195.370436
Ese,M1,cPVVG,Measure,CZ01,16.715000000000003,379211392.45818424
Ese,M1,cPVVG,Measure,CZ02,25.97041666666667,598634078.4969771
Ese,M1,cPVVG,Measure,CZ03,24.965,505610736.2615713
Ese,M1,cPVVG,Measure,CZ04,32.625416666666666,788965380.3052325
Ese,M1,cPVVG,Measure,CZ05,22.50375,469816473.22844005
Ese,M1,cPVVG,Measure,CZ06,25.295833333333334,512400213.15035504
Ese,M1,cPVVG,Measure,CZ07,25.2725,599180727.9036224
Ese,M1,cPVVG,Measure,CZ08,32.28541666666666,758249821.6158309
Ese,M1,cPVVG,Measure,CZ09,35.456250000000004,862253480.6706326
Ese,M1,cPVVG,Measure,CZ10,35.55666666666667,858845090.4849966
Ese,M1,cPVVG,Measure,CZ11,36.25708333333334,854775830.5943199
Ese,M1,cPVVG,Measure,CZ12,33.139583333333334,808680816.3523326
Ese,M1,cPVVG,Measure,CZ13,37.3975,890301768.1572301
Ese,M1,cPVVG,Measure,CZ14,33.69791666666667,744261340.6925662
Ese,M1,cPVVG,Measure,CZ15,42.32083333333334,1154057689.7084627
Ese,M1,cPVVG,Measure,CZ16,25.15416666666667,537349485.6123987
Ese,M2,cDXGF,Base,CZ01,16.715000000000003,462570305.77125204
Ese,M2,cDXGF,Base,CZ02,25.97041666666667,625779159.1500456
Ese,M2,cDXGF,Base,CZ03,24.965,556224315.5677173
Ese,M2,cDXGF,Base,CZ04,32.625416666666666,743452147.1167138
Ese,M2,cDXGF,Base,CZ05,22.50375,538102130.6520547
Ese,M2,cDXGF,Base,CZ06,25.295833333333334,558070429.2999383
Ese,M2,cDXGF,Base,CZ07,25.2725,608261433.3601079
Ese,M2,cDXGF,Base,CZ08,32.28541666666666,709424800.4964542
Ese,M2,cDXGF,Base,CZ09,35.456250000000004,757374720.4815859
Ese,M2,cDXGF,Base,CZ10,35.55666666666667,755797641.2327328
Ese,M2,cDXGF,Base,CZ11,36.25708333333334,742489827.9208763
Ese,M2,cDXGF,Base,CZ12,33.139583333333334,747936012.8078465
Ese,M2,cDXGF,Base,CZ13,37.3975,763582703.6878691
Ese,M2,cDXGF,Base,CZ14,33.69791666666667,689021001.9163537
Ese,M2,cDXGF,Base,CZ15,42.32083333333334,906613013.2852311
Ese,M2,cDXGF,Base,CZ16,25.15416666666667,611096321.3824315
Ese,M2,cDXGF,Measure,CZ01,16.715000000000003,448670896.8216429
Ese,M2,cDXGF,Measure,CZ02,25.97041666666667,604067988.2344999
Ese,M2,cDXGF,Measure,CZ03,24.965,541095673.8694885
Ese,M2,cDXGF,Measure,CZ04,32.625416666666666,730164583.2352054
Ese,M2,cDXGF,Measure,CZ05,22.50375,521994213.6707021
Ese,M2,cDXGF,Measure,CZ06,25.295833333333334,544551780.3589083
Ese,M2,cDXGF,Measure,CZ07,25.2725,601452163.5517719
Ese,M2,cDXGF,Measure,CZ08,32.28541666666666,695953423.8575048
Ese,M2,cDXGF,Measure,CZ09,35.456250000000004,744418798.8662485
Ese,M2,cDXGF,Measure,CZ10,35.55666666666667,742582887.8018055
Ese,M2,cDXGF,Measure,CZ11,36.25708333333334,730875079.7551498
Ese,M2,cDXGF,Measure,CZ12,33.139583333333334,736382870.328273
Ese,M2,cDXGF,Measure,CZ13,37.3975,752865258.397543
Ese,M2,cDXGF,Measure,CZ14,33.69791666666667,674846642.153997
Ese,M2,cDXGF,Measure,CZ15,42.32083333333334,904032153.7066232
Ese,M2,cDXGF,Measure,CZ16,25.15416666666667,593005184.3201369
Ese,M2,cDXHP,Base,CZ01,16.715000000000003,462261429.5525904
Ese,M2,cDXHP,Base,CZ02,25.97041666666667,625341700.6261263
Ese,M2,cDXHP,Base,CZ03,24.965,555787542.9577706
Ese,M2,cDXHP,Base,CZ04,32.625416666666666,742854157.112853
Ese,M2,cDXHP,Base,CZ05,22.50375,537789676.5311985
Ese,M2,cDXHP,Base,CZ06,25.295833333333334,557789308.6878349
Ese,M2,cDXHP,Base,CZ07,25.2725,607970546.1510733
Ese,M2,cDXHP,Base,CZ08,32.28541666666666,709154614.6090323
Ese,M2,cDXHP,Base,CZ09,35.456250000000004,757180295.3730538
Ese,M2,cDXHP,Base,CZ10,35.55666666666667,755648431.9576329
Ese,M2,cDXHP,Base,CZ11,36.25708333333334,742098394.7919638
Ese,M2,cDXHP,Base,CZ12,33.139583333333334,747469876.6728666
Ese,M2,cDXHP,Base,CZ13,37.3975,763276865.3290873
Ese,M2,cDXHP,Base,CZ14,33.69791666666667,688521776.0943868
Ese,M2,cDXHP,Base,CZ15,42.32083333333334,906586791.3449903
Ese,M2,cDXHP,Base,CZ16,25.15416666666667,611078597.9888177
Ese,M2,cDXHP,Measure,CZ01,16.715000000000003,448318304.98288095
Ese,M2,cDXHP,Measure,CZ02,25.97041666666667,603657045.0658668
Ese,M2,cDXHP,Measure,CZ03,24.965,540757343.5304842
Ese,M2,cDXHP,Measure,CZ04,32.625416666666666,729616377.0596889
Ese,M2,cDXHP,Measure,CZ05,22.50375,521691256.9791794
Ese,M2,cDXHP,Measure,CZ06,25.295833333333334,544299812.8231119
Ese,M2,cDXHP,Measure,CZ07,25.2725,601128246.6934507
Ese,M2,cDXHP,Measure,CZ08,32.28541666666666,695718696.8525052
Ese,M2,cDXHP,Measure,CZ09,35.456250000000004,744253725.6964116
Ese,M2,cDXHP,Measure,CZ10,35.55666666666667,742437895.3994832
Ese,M2,cDXHP,Measure,CZ11,36.25708333333334,730697683.01794
Ese,M2,cDXHP,Measure,CZ12,33.139583333333334,735961913.6833315
Ese,M2,cDXHP,Measure,CZ13,37.3975,752748172.8620889
Ese,M2,cDXHP,Measure,CZ14,33.69791666666667,674434244.2785615
Ese,M2,cDXHP,Measure,CZ15,42.32083333333334,904009192.9809988
Ese,M2,cDXHP,Measure,CZ16,25.15416666666667,592968167.1839608
Ese,M2,cPTAC,Base,CZ01,16.715000000000003,462570305.7712304
Ese,M2,cPTAC,Base,CZ02,25.97041666666667,625779159.2047749
Ese,M2,cPTAC,Base,CZ03,24.965,556224315.5677325
Ese,M2,cPTAC,Base,CZ04,32.625416666666666,743452147.1166832
Ese,M2,cPTAC,Base,CZ05,22.50375,538102130.6520548
Ese,M2,cPTAC,Base,CZ06,25.295833333333334,558070429.2999399
Ese,M2,cPTAC,Base,CZ07,25.2725,608261433.4634668
Ese,M2,cPTAC,Base,CZ08,32.28541666666666,709424800.4964519
Ese,M2,cPTAC,Base,CZ09,35.456250000000004,757374720.4815866
Ese,M2,cPTAC,Base,CZ10,35.55666666666667,755797641.2327282
Ese,M2,cPTAC,Base,CZ11,36.25708333333334,742489827.9208941
Ese,M2,cPTAC,Base,CZ12,33.139583333333334,747936012.8078376
Ese,M2,cPTAC,Base,CZ13,37.3975,763582703.6878684
Ese,M2,cPTAC,Base,CZ14,33.69791666666667,689021001.9163542
Ese,M2,cPTAC,Base,CZ15,42.32083333333334,906613012.3162601
Ese,M2,cPTAC,Base,CZ16,25.15416666666667,611096321.3824159
Ese,M2,cPTAC,Measure,CZ01,16.715000000000003,448670896.82143676
Ese,M2,cPTAC,Measure,CZ02,25.97041666666667,604067988.2342734
Ese,M2,cPTAC,Measure,CZ03,24.965,541095673.8695285
Ese,M2,cPTAC,Measure,CZ04,32.625416666666666,730164583.2377403
Ese,M2,cPTAC,Measure,CZ05,22.50375,521994213.67059624
Ese,M2,cPTAC,Measure,CZ06,25.295833333333334,544551780.3588735
Ese,M2,cPTAC,Measure,CZ07,25.2725,601452163.5627446
Ese,M2,cPTAC,Measure,CZ08,32.28541666666666,695953423.8574536
Ese,M2,cPTAC,Measure,CZ09,35.456250000000004,744418798.8661883
Ese,M2,cPTAC,Measure,CZ10,35.55666666666667,742582887.8017652
Ese,M2,cPTAC,Measure,CZ11,36.25708333333334,730875079.7551086
Ese,M2,cPTAC,Measure,CZ12,33.139583333333334,736382870.3282629
Ese,M2,cPTAC,Measure,CZ13,37.3975,752865258.3968515
Ese,M2,cPTAC,Measure,CZ14,33.69791666666667,674846642.1523154
Ese,M2,cPTAC,Measure,CZ15,42.32083333333334,904032153.7071968
Ese,M2,cPTAC,Measure,CZ16,25.15416666666667,593005184.3218399
Ese,M2,cPVVG,Base,CZ01,16.715000000000003,428701475.49448884
Ese,M2,cPVVG,Base,CZ02,25.97041666666667,587245000.4149044
Ese,M2,cPVVG,Base,CZ03,24.965,518700158.8465097
Ese,M2,cPVVG,Base,CZ04,32.625416666666666,707112715.4118478
Ese,M2,cPVVG,Base,CZ05,22.50375,498458588.5318607
Ese,M2,cPVVG,Base,CZ06,25.295833333333334,521940078.05608726
Ese,M2,cPVVG,Base,CZ07,25.2725,575519472.6557906
Ese,M2,cPVVG,Base,CZ08,32.28541666666666,671245230.4004867
Ese,M2,cPVVG,Base,CZ09,35.456250000000004,717460442.6182067
Ese,M2,cPVVG,Base,CZ10,35.55666666666667,715624834.1365633
Ese,M2,cPVVG,Base,CZ11,36.25708333333334,705137758.0035527
Ese,M2,cPVVG,Base,CZ12,33.139583333333334,712795903.5515828
Ese,M2,cPVVG,Base,CZ13,37.3975,726866805.1587831
Ese,M2,cPVVG,Base,CZ14,33.69791666666667,650817247.9823725
Ese,M2,cPVVG,Base,CZ15,42.32083333333334,870526843.1312582
Ese,M2,cPVVG,Base,CZ16,25.15416666666667,570403262.2708907
Ese,M2,cPVVG,Measure,CZ01,16.715000000000003,422781780.28816897
Ese,M2,cPVVG,Measure,CZ02,25.97041666666667,575256851.4674647
Ese,M2,cPVVG,Measure,CZ03,24.965,509802836.9060352
Ese,M2,cPVVG,Measure,CZ04,32.625416666666666,697239570.3983384
Ese,M2,cPVVG,Measure,CZ05,22.50375,489397905.8187311
Ese,M2,cPVVG,Measure,CZ06,25.295833333333334,513355078.0960336
Ese,M2,cPVVG,Measure,CZ07,25.2725,569044974.2374868
Ese,M2,cPVVG,Measure,CZ08,32.28541666666666,661119384.6486928
Ese,M2,cPVVG,Measure,CZ09,35.456250000000004,707911960.021044
Ese,M2,cPVVG,Measure,CZ10,35.55666666666667,705840194.9373767
Ese,M2,cPVVG,Measure,CZ11,36.25708333333334,697221669.4783614
Ese,M2,cPVVG,Measure,CZ12,33.139583333333334,704431112.7237519
Ese,M2,cPVVG,Measure,CZ13,37.3975,719731156.3737421
Ese,M2,cPVVG,Measure,CZ14,33.69791666666667,640576281.9316635
Ese,M2,cPVVG,Measure,CZ15,42.32083333333334,870639546.223057
Ese,M2,cPVVG,Measure,CZ16,25.15416666666667,556548032.5773268
Ese,M3,cDXGF,Base,CZ01,16.715000000000003,400784920.3552267
Ese,M3,cDXGF,Base,CZ02,25.97041666666667,589325539.9772601
Ese,M3,cDXGF,Base,CZ03,24.965,515356165.3752944
Ese,M3,cDXGF,Base,CZ04,32.625416666666666,706594526.0950334
Ese,M3,cDXGF,Base,CZ05,22.50375,478113305.6897631
Ese,M3,cDXGF,Base,CZ06,25.295833333333334,524535289.9814445
Ese,M3,cDXGF,Base,CZ07,25.2725,579595175.482426
Ese,M3,cDXGF,Base,CZ08,32.28541666666666,669109375.0138626
Ese,M3,cDXGF,Base,CZ09,35.456250000000004,718571004.1731739
Ese,M3,cDXGF,Base,CZ10,35.55666666666667,715638689.1509722
Ese,M3,cDXGF,Base,CZ11,36.25708333333334,711745397.3747503
Ese,M3,cDXGF,Base,CZ12,33.139583333333334,716092681.9527802
Ese,M3,cDXGF,Base,CZ13,37.3975,737139553.3639296
Ese,M3,cDXGF,Base,CZ14,33.69791666666667,650482668.3385636
Ese,M3,cDXGF,Base,CZ15,42.32083333333334,897290777.4805367
Ese,M3,cDXGF,Base,CZ16,25.15416666666667,567894204.291387
Ese,M3,cDXGF,Measure,CZ01,16.715000000000003,389436727.0406328
Ese,M3,cDXGF,Measure,CZ02,25.97041666666667,570648904.2196732
Ese,M3,cDXGF,Measure,CZ03,24.965,499725079.66460776
Ese,M3,cDXGF,Measure,CZ04,32.625416666666666,683105876.3349044
Ese,M3,cDXGF,Measure,CZ05,22.50375,464638140.6985731
Ese,M3,cDXGF,Measure,CZ06,25.295833333333334,510442915.09113824
Ese,M3,cDXGF,Measure,CZ07,25.2725,559528296.7594367
Ese,M3,cDXGF,Measure,CZ08,32.28541666666666,646236411.8916497
Ese,M3,cDXGF,Measure,CZ09,35.456250000000004,693231518.7018697
Ese,M3,cDXGF,Measure,CZ10,35.55666666666667,690851731.3761622
Ese,M3,cDXGF,Measure,CZ11,36.25708333333334,684407681.5217054
Ese,M3,cDXGF,Measure,CZ12,33.139583333333334,692570342.9358242
Ese,M3,cDXGF,Measure,CZ13,37.3975,708370537.105401
Ese,M3,cDXGF,Measure,CZ14,33.69791666666667,626435308.4035321
Ese,M3,cDXGF,Measure,CZ15,42.32083333333334,864669767.3958642
Ese,M3,cDXGF,Measure,CZ16,25.15416666666667,550027798.5272002
Ese,M3,cDXHP,Base,CZ01,16.715000000000003,394240993.54330134
Ese,M3,cDXHP,Base,CZ02,25.97041666666667,585956400.6735957
Ese,M3,cDXHP,Base,CZ03,24.965,511181282.218242
Ese,M3,cDXHP,Base,CZ04,32.625416666666666,703055988.7428049
Ese,M3,cDXHP,Base,CZ05,22.50375,472755907.18943936
Ese,M3,cDXHP,Base,CZ06,25.295833333333334,519978055.6933403
Ese,M3,cDXHP,Base,CZ07,25.2725,575584886.6922874
Ese,M3,cDXHP,Base,CZ08,32.28541666666666,667288007.835746
Ese,M3,cDXHP,Base,CZ09,35.456250000000004,717150804.1721112
Ese,M3,cDXHP,Base,CZ10,35.55666666666667,714944451.3388445
Ese,M3,cDXHP,Base,CZ11,36.25708333333334,709666405.4681299
Ese,M3,cDXHP,Base,CZ12,33.139583333333334,713705696.559279
Ese,M3,cDXHP,Base,CZ13,37.3975,735789682.4239671
Ese,M3,cDXHP,Base,CZ14,33.69791666666667,647324747.6380583
Ese,M3,cDXHP,Base,CZ15,42.32083333333334,897219258.705081
Ese,M3,cDXHP,Base,CZ16,25.15416666666667,560358801.0440028
Ese,M3,cDXHP,Measure,CZ01,16.715000000000003,382854409.18404967
Ese,M3,cDXHP,Measure,CZ02,25.97041666666667,567215531.6569017
Ese,M3,cDXHP,Measure,CZ03,24.965,495517081.7944535
Ese,M3,cDXHP,Measure,CZ04,32.625416666666666,679411365.2541577
Ese,M3,cDXHP,Measure,CZ05,22.50375,459288738.3529203
Ese,M3,cDXHP,Measure,CZ06,25.295833333333334,505883797.2761278
Ese,M3,cDXHP,Measure,CZ07,25.2725,555443027.588187
Ese,M3,cDXHP,Measure,CZ08,32.28541666666666,644355870.5230938
Ese,M3,cDXHP,Measure,CZ09,35.456250000000004,691773091.802242
Ese,M3,cDXHP,Measure,CZ10,35.55666666666667,690152068.8422143
Ese,M3,cDXHP,Measure,CZ11,36.25708333333334,682168137.0520217
Ese,M3,cDXHP,Measure,CZ12,33.139583333333334,690021362.8458025
Ese,M3,cDXHP,Measure,CZ13,37.3975,706901431.0673473
Ese,M3,cDXHP,Measure,CZ14,33.69791666666667,623162395.1587813
Ese,M3,cDXHP,Measure,CZ15,42.32083333333334,864593695.465283
Ese,M3,cDXHP,Measure,CZ16,25.15416666666667,542638330.7917705
Ese,M3,cPTAC,Base,CZ01,16.715000000000003,400784920.35563517
Ese,M3,cPTAC,Base,CZ02,25.97041666666667,589325539.9772602
Ese,M3,cPTAC,Base,CZ03,24.965,515356165.3744533
Ese,M3,cPTAC,Base,CZ04,32.625416666666666,706594526.0950375
Ese,M3,cPTAC,Base,CZ05,22.50375,478113305.6898729
Ese,M3,cPTAC,Base,CZ06,25.295833333333334,524535289.9821406
Ese,M3,cPTAC,Base,CZ07,25.2725,579595175.4824286
Ese,M3,cPTAC,Base,CZ08,32.28541666666666,669109375.013881
Ese,M3,cPTAC,Base,CZ09,35.456250000000004,718571004.1740181
Ese,M3,cPTAC,Base,CZ10,35.55666666666667,715638689.1509662
Ese,M3,cPTAC,Base,CZ11,36.25708333333334,711745397.3747263
Ese,M3,cPTAC,Base,CZ12,33.139583333333334,716092681.9527404
Ese,M3,cPTAC,Base,CZ13,37.3975,737139553.3638673
Ese,M3,cPTAC,Base,CZ14,33.69791666666667,650482668.3385874
Ese,M3,cPTAC,Base,CZ15,42.32083333333334,897290777.4805455
Ese,M3,cPTAC,Base,CZ16,25.15416666666667,567894204.2889972
Ese,M3,cPTAC,Measure,CZ01,16.715000000000003,389436727.04088724
Ese,M3,cPTAC,Measure,CZ02,25.97041666666667,570648904.2192748
Ese,M3,cPTAC,Measure,CZ03,24.965,499725079.66424
Ese,M3,cPTAC,Measure,CZ04,32.625416666666666,683105876.3346868
Ese,M3,cPTAC,Measure,CZ05,22.50375,464638140.6986184
Ese,M3,cPTAC,Measure,CZ06,25.295833333333334,510442915.0913054
Ese,M3,cPTAC,Measure,CZ07,25.2725,559528296.7593007
Ese,M3,cPTAC,Measure,CZ08,32.28541666666666,646236411.8918219
Ese,M3,cPTAC,Measure,CZ09,35.456250000000004,693231518.7000778
Ese,M3,cPTAC,Measure,CZ10,35.55666666666667,690851731.3762608
Ese,M3,cPTAC,Measure,CZ11,36.25708333333334,684407681.5218542
Ese,M3,cPTAC,Measure,CZ12,33.139583333333334,692570342.9358139
Ese,M3,cPTAC,Measure,CZ13,37.3975,708370537.1054474
Ese,M3,cPTAC,Measure,CZ14,33.69791666666667,626435308.4034636
Ese,M3,cPTAC,Measure,CZ15,42.32083333333334,864669767.3958617
Ese,M3,cPTAC,Measure,CZ16,25.15416666666667,550027798.4883803
Ese,M3,cPVVG,Base,CZ01,16.715000000000003,398442930.8269523
Ese,M3,cPVVG,Base,CZ02,25.97041666666667,586200315.3298299
Ese,M3,cPVVG,Base,CZ03,24.965,512363733.3002645
Ese,M3,cPVVG,Base,CZ04,32.625416666666666,702977827.2520161
Ese,M3,cPVVG,Base,CZ05,22.50375,475156886.01944065
Ese,M3,cPVVG,Base,CZ06,25.295833333333334,521512084.2976428
Ese,M3,cPVVG,Base,CZ07,25.2725,576019239.5212113
Ese,M3,cPVVG,Base,CZ08,32.28541666666666,665477575.7976363
Ese,M3,cPVVG,Base,CZ09,35.456250000000004,714637151.5886219
Ese,M3,cPVVG,Base,CZ10,35.55666666666667,711847483.9694047
Ese,M3,cPVVG,Base,CZ11,36.25708333333334,707757815.7759864
Ese,M3,cPVVG,Base,CZ12,33.139583333333334,712600893.0368234
Ese,M3,cPVVG,Base,CZ13,37.3975,733154708.9100871
Ese,M3,cPVVG,Base,CZ14,33.69791666666667,646581143.4556177
Ese,M3,cPVVG,Base,CZ15,42.32083333333334,893208329.3037632
Ese,M3,cPVVG,Base,CZ16,25.15416666666667,563995701.6494737
Ese,M3,cPVVG,Measure,CZ01,16.715000000000003,387221510.7661652
Ese,M3,cPVVG,Measure,CZ02,25.97041666666667,567703312.367948
Ese,M3,cPVVG,Measure,CZ03,24.965,496921965.39715123
Ese,M3,cPVVG,Measure,CZ04,32.625416666666666,679744963.7497234
Ese,M3,cPVVG,Measure,CZ05,22.50375,461872658.6479644
Ese,M3,cPVVG,Measure,CZ06,25.295833333333334,507612033.8996995
Ese,M3,cPVVG,Measure,CZ07,25.2725,556126634.6393272
Ese,M3,cPVVG,Measure,CZ08,32.28541666666666,642897529.1343708
Ese,M3,cPVVG,Measure,CZ09,35.456250000000004,689657439.2623377
Ese,M3,cPVVG,Measure,CZ10,35.55666666666667,687390244.0453572
Ese,M3,cPVVG,Measure,CZ11,36.25708333333334,680785143.2269919
Ese,M3,cPVVG,Measure,CZ12,33.139583333333334,689316953.7808311
Ese,M3,cPVVG,Measure,CZ13,37.3975,704759644.2853491
Ese,M3,cPVVG,Measure,CZ14,33.69791666666667,622872709.141953
Ese,M3,cPVVG,Measure,CZ15,42.32083333333334,860952185.7603076
Ese,M3,cPVVG,Measure,CZ16,25.15416666666667,546410220.1100554
Ese,M4,cDXGF,Base,CZ01,16.715000000000003,421872107.99239725
Ese,M4,cDXGF,Base,CZ02,25.97041666666667,630711551.8150729
Ese,M4,cDXGF,Base,CZ03,24.965,543526994.1424472
Ese,M4,cDXGF,Base,CZ04,32.625416666666666,811547948.3670449
Ese,M4,cDXGF,Base,CZ05,22.50375,512541703.23861605
Ese,M4,cDXGF,Base,CZ06,25.295833333333334,550657342.8787962
Ese,M4,cDXGF,Base,CZ07,25.2725,629796508.5249364
Ese,M4,cDXGF,Base,CZ08,32.28541666666666,787940634.9791093
Ese,M4,cDXGF,Base,CZ09,35.456250000000004,893611740.0541224
Ese,M4,cDXGF,Base,CZ10,35.55666666666667,890521173.4685562
Ese,M4,cDXGF,Base,CZ11,36.25708333333334,893604412.7892859
Ese,M4,cDXGF,Base,CZ12,33.139583333333334,830768456.614711
Ese,M4,cDXGF,Base,CZ13,37.3975,929285369.7371083
Ese,M4,cDXGF,Base,CZ14,33.69791666666667,786301288.8288383
Ese,M4,cDXGF,Base,CZ15,42.32083333333334,1180861875.9134688
Ese,M4,cDXGF,Base,CZ16,25.15416666666667,594771475.287288
Ese,M4,cDXGF,Measure,CZ01,16.715000000000003,419702070.69481134
Ese,M4,cDXGF,Measure,CZ02,25.97041666666667,630823435.0620327
Ese,M4,cDXGF,Measure,CZ03,24.965,544907844.6238153
Ese,M4,cDXGF,Measure,CZ04,32.625416666666666,814245055.95778
Ese,M4,cDXGF,Measure,CZ05,22.50375,513516274.4960601
Ese,M4,cDXGF,Measure,CZ06,25.295833333333334,546917991.3353975
Ese,M4,cDXGF,Measure,CZ07,25.2725,630741407.9263233
Ese,M4,cDXGF,Measure,CZ08,32.28541666666666,785536289.7599561
Ese,M4,cDXGF,Measure,CZ09,35.456250000000004,887562893.2468727
Ese,M4,cDXGF,Measure,CZ10,35.55666666666667,885228233.6502321
Ese,M4,cDXGF,Measure,CZ11,36.25708333333334,877759148.0220747
Ese,M4,cDXGF,Measure,CZ12,33.139583333333334,833075085.7796888
Ese,M4,cDXGF,Measure,CZ13,37.3975,912578471.3113773
Ese,M4,cDXGF,Measure,CZ14,33.69791666666667,768768713.3924273
Ese,M4,cDXGF,Measure,CZ15,42.32083333333334,1172067799.2115417
Ese,M4,cDXGF,Measure,CZ16,25.15416666666667,577009926.2335967
Ese,M4,cDXHP,Base,CZ01,16.715000000000003,421996282.0257567
Ese,M4,cDXHP,Base,CZ02,25.97041666666667,630957987.9289433
Ese,M4,cDXHP,Base,CZ03,24.965,543996101.7866687
Ese,M4,cDXHP,Base,CZ04,32.625416666666666,813788882.6737765
Ese,M4,cDXHP,Base,CZ05,22.50375,513385840.48041046
Ese,M4,cDXHP,Base,CZ06,25.295833333333334,551279878.0872344
Ese,M4,cDXHP,Base,CZ07,25.2725,625565788.9192826
Ese,M4,cDXHP,Base,CZ08,32.28541666666666,789226401.7390625
Ese,M4,cDXHP,Base,CZ09,35.456250000000004,894911109.4654247
Ese,M4,cDXHP,Base,CZ10,35.55666666666667,891004099.0571926
Ese,M4,cDXHP,Base,CZ11,36.25708333333334,894417662.29112
Ese,M4,cDXHP,Base,CZ12,33.139583333333334,832329159.645082
Ese,M4,cDXHP,Base,CZ13,37.3975,930889848.6382859
Ese,M4,cDXHP,Base,CZ14,33.69791666666667,788369945.2675412
Ese,M4,cDXHP,Base,CZ15,42.32083333333334,1180949920.1697083
Ese,M4,cDXHP,Base,CZ16,25.15416666666667,595954968.4035125
Ese,M4,cDXHP,Measure,CZ01,16.715000000000003,419733139.7193707
Ese,M4,cDXHP,Measure,CZ02,25.97041666666667,630889539.7728932
Ese,M4,cDXHP,Measure,CZ03,24.965,545273394.7019775
Ese,M4,cDXHP,Measure,CZ04,32.625416666666666,816497225.2993288
Ese,M4,cDXHP,Measure,CZ05,22.50375,514417618.4020705
Ese,M4,cDXHP,Measure,CZ06,25.295833333333334,547489777.2032857
Ese,M4,cDXHP,Measure,CZ07,25.2725,626480754.6158936
Ese,M4,cDXHP,Measure,CZ08,32.28541666666666,786825280.7449329
Ese,M4,cDXHP,Measure,CZ09,35.456250000000004,888822292.670526
Ese,M4,cDXHP,Measure,CZ10,35.55666666666667,885679340.0191245
Ese,M4,cDXHP,Measure,CZ11,36.25708333333334,878517109.3618289
Ese,M4,cDXHP,Measure,CZ12,33.139583333333334,834679744.8700312
Ese,M4,cDXHP,Measure,CZ13,37.3975,914160764.2744842
Ese,M4,cDXHP,Measure,CZ14,33.69791666666667,770992689.5147643
Ese,M4,cDXHP,Measure,CZ15,42.32083333333334,1172153615.6429513
Ese,M4,cDXHP,Measure,CZ16,25.15416666666667,578189096.8201134
Ese,M4,cPTAC,Base,CZ01,16.715000000000003,421197880.704504
Ese,M4,cPTAC,Base,CZ02,25.97041666666667,630706703.1612691
Ese,M4,cPTAC,Base,CZ03,24.965,543459258.9164617
Ese,M4,cPTAC,Base,CZ04,32.625416666666666,811549380.4585075
Ese,M4,cPTAC,Base,CZ05,22.50375,512263043.5097749
Ese,M4,cPTAC,Base,CZ06,25.295833333333334,550657342.8788764
Ese,M4,cPTAC,Base,CZ07,25.2725,629796508.5693133
Ese,M4,cPTAC,Base,CZ08,32.28541666666666,787940634.9790862
Ese,M4,cPTAC,Base,CZ09,35.456250000000004,893611740.0541227
Ese,M4,cPTAC,Base,CZ10,35.55666666666667,890521173.4685571
Ese,M4,cPTAC,Base,CZ11,36.25708333333334,893604412.7891479
Ese,M4,cPTAC,Base,CZ12,33.139583333333334,830768456.6146843
Ese,M4,cPTAC,Base,CZ13,37.3975,929285369.7371147
Ese,M4,cPTAC,Base,CZ14,33.69791666666667,786301288.828862
Ese,M4,cPTAC,Base,CZ15,42.32083333333334,1180861875.9134653
Ese,M4,cPTAC,Base,CZ16,25.15416666666667,594771475.1021572
Ese,M4,cPTAC,Measure,CZ01,16.715000000000003,419303905.6984796
Ese,M4,cPTAC,Measure,CZ02,25.97041666666667,630823434.3897345
Ese,M4,cPTAC,Measure,CZ03,24.965,544888403.5124419
Ese,M4,cPTAC,Measure,CZ04,32.625416666666666,814245055.9578795
Ese,M4,cPTAC,Measure,CZ05,22.50375,513387887.0733415
Ese,M4,cPTAC,Measure,CZ06,25.295833333333334,546917991.3354566
Ese,M4,cPTAC,Measure,CZ07,25.2725,630741407.9353653
Ese,M4,cPTAC,Measure,CZ08,32.28541666666666,785536289.759976
Ese,M4,cPTAC,Measure,CZ09,35.456250000000004,887562893.2468846
Ese,M4,cPTAC,Measure,CZ10,35.55666666666667,885228233.6502494
Ese,M4,cPTAC,Measure,CZ11,36.25708333333334,877759148.0220264
Ese,M4,cPTAC,Measure,CZ12,33.139583333333334,833075085.7796137
Ese,M4,cPTAC,Measure,CZ13,37.3975,912578471.3113779
Ese,M4,cPTAC,Measure,CZ14,33.69791666666667,768768713.392284
Ese,M4,cPTAC,Measure,CZ15,42.32083333333334,1172067799.2114937
Ese,M4,cPTAC,Measure,CZ16,25.15416666666667,577009926.0521
Ese,M4,cPVVG,Base,CZ01,16.715000000000003,381645818.2073415
Ese,M4,cPVVG,Base,CZ02,25.97041666666667,591608256.2185302
Ese,M4,cPVVG,Base,CZ03,24.965,502692116.66149557
Ese,M4,cPVVG,Base,CZ04,32.625416666666666,779607659.8619068
Ese,M4,cPVVG,Base,CZ05,22.50375,469157683.03299415
Ese,M4,cPVVG,Base,CZ06,25.295833333333334,511917302.71845335
Ese,M4,cPVVG,Base,CZ07,25.2725,595274272.2047653
Ese,M4,cPVVG,Base,CZ08,32.28541666666666,755570172.1380997
Ese,M4,cPVVG,Base,CZ09,35.456250000000004,863579326.8419752
Ese,M4,cPVVG,Base,CZ10,35.55666666666667,859161679.7475992
Ese,M4,cPVVG,Base,CZ11,36.25708333333334,865588988.4156991
Ese,M4,cPVVG,Base,CZ12,33.139583333333334,800079180.5253003
Ese,M4,cPVVG,Base,CZ13,37.3975,903506889.8586243
Ese,M4,cPVVG,Base,CZ14,33.69791666666667,756893261.3059347
Ese,M4,cPVVG,Base,CZ15,42.32083333333334,1160745879.0792208
Ese,M4,cPVVG,Base,CZ16,25.15416666666667,551677910.3525295
Ese,M4,cPVVG,Measure,CZ01,16.715000000000003,386887169.8595101
Ese,M4,cPVVG,Measure,CZ02,25.97041666666667,602801847.1470255
Ese,M4,cPVVG,Measure,CZ03,24.965,512094951.5818675
Ese,M4,cPVVG,Measure,CZ04,32.625416666666666,788968481.012581
Ese,M4,cPVVG,Measure,CZ05,22.50375,477717313.4491266
Ese,M4,cPVVG,Measure,CZ06,25.295833333333334,514724368.2502652
Ese,M4,cPVVG,Measure,CZ07,25.2725,599180805.3297769
Ese,M4,cPVVG,Measure,CZ08,32.28541666666666,758251133.9834411
Ese,M4,cPVVG,Measure,CZ09,35.456250000000004,862255509.4939961
Ese,M4,cPVVG,Measure,CZ10,35.55666666666667,858846483.0299443
Ese,M4,cPVVG,Measure,CZ11,36.25708333333334,854775867.9827641
Ese,M4,cPVVG,Measure,CZ12,33.139583333333334,808679864.3431433
Ese,M4,cPVVG,Measure,CZ13,37.3975,890301736.8816102
Ese,M4,cPVVG,Measure,CZ14,33.69791666666667,744261425.4056376
Ese,M4,cPVVG,Measure,CZ15,42.32083333333334,1154057689.5715961
Ese,M4,cPVVG,Measure,CZ16,25.15416666666667,539936730.2818527
Ese,M5,cDXGF,Base,CZ01,16.715000000000003,381096813.2610715
Ese,M5,cDXGF,Base,CZ02,25.97041666666667,618969820.702688
Ese,M5,cDXGF,Base,CZ03,24.965,517808375.102229
Ese,M5,cDXGF,Base,CZ04,32.625416666666666,758794554.1281176
Ese,M5,cDXGF,Base,CZ05,22.50375,467712191.5399696
Ese,M5,cDXGF,Base,CZ06,25.295833333333334,526437996.69274145
Ese,M5,cDXGF,Base,CZ07,25.2725,615215350.1351042
Ese,M5,cDXGF,Base,CZ08,32.28541666666666,730702789.3176973
Ese,M5,cDXGF,Base,CZ09,35.456250000000004,827832683.2907846
Ese,M5,cDXGF,Base,CZ10,35.55666666666667,811706845.3761599
Ese,M5,cDXGF,Base,CZ11,36.25708333333334,831396428.6753757
Ese,M5,cDXGF,Base,CZ12,33.139583333333334,795420641.9561718
Ese,M5,cDXGF,Base,CZ13,37.3975,858340836.1814482
Ese,M5,cDXGF,Base,CZ14,33.69791666666667,704848015.6211047
Ese,M5,cDXGF,Base,CZ15,42.32083333333334,1132009329.8688245
Ese,M5,cDXGF,Base,CZ16,25.15416666666667,550255175.1815288
Ese,M5,cDXGF,Measure,CZ01,16.715000000000003,371284793.8375334
Ese,M5,cDXGF,Measure,CZ02,25.97041666666667,598074829.6415446
Ese,M5,cDXGF,Measure,CZ03,24.965,501447670.0603235
Ese,M5,cDXGF,Measure,CZ04,32.625416666666666,731788688.3996658
Ese,M5,cDXGF,Measure,CZ05,22.50375,453976500.12187064
Ese,M5,cDXGF,Measure,CZ06,25.295833333333334,510378427.31158197
Ese,M5,cDXGF,Measure,CZ07,25.2725,592373677.0742483
Ese,M5,cDXGF,Measure,CZ08,32.28541666666666,703845496.07444
Ese,M5,cDXGF,Measure,CZ09,35.456250000000004,795657584.9921314
Ese,M5,cDXGF,Measure,CZ10,35.55666666666667,781105337.750342
Ese,M5,cDXGF,Measure,CZ11,36.25708333333334,796481904.8105013
Ese,M5,cDXGF,Measure,CZ12,33.139583333333334,766848222.9329503
Ese,M5,cDXGF,Measure,CZ13,37.3975,822743096.6851475
Ese,M5,cDXGF,Measure,CZ14,33.69791666666667,677515901.9966683
Ese,M5,cDXGF,Measure,CZ15,42.32083333333334,1085698422.2412794
Ese,M5,cDXGF,Measure,CZ16,25.15416666666667,532288968.39403874
Ese,M5,cDXHP,Base,CZ01,16.715000000000003,380847666.7845883
Ese,M5,cDXHP,Base,CZ02,25.97041666666667,616539027.9266373
Ese,M5,cDXHP,Base,CZ03,24.965,516754678.21425855
Ese,M5,cDXHP,Base,CZ04,32.625416666666666,753314099.202877
Ese,M5,cDXHP,Base,CZ05,22.50375,465801830.1770382
Ese,M5,cDXHP,Base,CZ06,25.295833333333334,524568783.69818187
Ese,M5,cDXHP,Base,CZ07,25.2725,612218627.4153097
Ese,M5,cDXHP,Base,CZ08,32.28541666666666,727440036.9811409
Ese,M5,cDXHP,Base,CZ09,35.456250000000004,823189379.5529115
Ese,M5,cDXHP,Base,CZ10,35.55666666666667,809327791.292017
Ese,M5,cDXHP,Base,CZ11,36.25708333333334,827171281.0245396
Ese,M5,cDXHP,Base,CZ12,33.139583333333334,791790961.663701
Ese,M5,cDXHP,Base,CZ13,37.3975,854176173.2343081
Ese,M5,cDXHP,Base,CZ14,33.69791666666667,695715402.6940339
Ese,M5,cDXHP,Base,CZ15,42.32083333333334,1131656634.1021886
Ese,M5,cDXHP,Base,CZ16,25.15416666666667,545904420.9564433
Ese,M5,cDXHP,Measure,CZ01,16.715000000000003,370357419.56581736
Ese,M5,cDXHP,Measure,CZ02,25.97041666666667,595337233.9725091
Ese,M5,cDXHP,Measure,CZ03,24.965,499848831.05384123
Ese,M5,cDXHP,Measure,CZ04,32.625416666666666,726371824.6680281
Ese,M5,cDXHP,Measure,CZ05,22.50375,451612382.0761143
Ese,M5,cDXHP,Measure,CZ06,25.295833333333334,508081467.19384897
Ese,M5,cDXHP,Measure,CZ07,25.2725,588964683.4933732
Ese,M5,cDXHP,Measure,CZ08,32.28541666666666,700760409.1979926
Ese,M5,cDXHP,Measure,CZ09,35.456250000000004,791529498.4529445
Ese,M5,cDXHP,Measure,CZ10,35.55666666666667,779000478.9056402
Ese,M5,cDXHP,Measure,CZ11,36.25708333333334,792391515.4509637
Ese,M5,cDXHP,Measure,CZ12,33.139583333333334,763136526.7279356
Ese,M5,cDXHP,Measure,CZ13,37.3975,818939040.6476996
Ese,M5,cDXHP,Measure,CZ14,33.69791666666667,669180239.0280483
Ese,M5,cDXHP,Measure,CZ15,42.32083333333334,1085385667.389305
Ese,M5,cDXHP,Measure,CZ16,25.15416666666667,527596339.17582065
Ese,M5,cPTAC,Base,CZ01,16.715000000000003,381096813.2618135
Ese,M5,cPTAC,Base,CZ02,25.97041666666667,618969820.709988
Ese,M5,cPTAC,Base,CZ03,24.965,517808375.10246336
Ese,M5,cPTAC,Base,CZ04,32.625416666666666,758795302.9420798
Ese,M5,cPTAC,Base,CZ05,22.50375,467712191.541404
Ese,M5,cPTAC,Base,CZ06,25.295833333333334,526437996.6935102
Ese,M5,cPTAC,Base,CZ07,25.2725,615215350.1348438
Ese,M5,cPTAC,Base,CZ08,32.28541666666666,730702789.3176835
Ese,M5,cPTAC,Base,CZ09,35.456250000000004,827834673.1542946
Ese,M5,cPTAC,Base,CZ10,35.55666666666667,811706845.3762552
Ese,M5,cPTAC,Base,CZ11,36.25708333333334,831396428.6755162
Ese,M5,cPTAC,Base,CZ12,33.139583333333334,795420641.9563302
Ese,M5,cPTAC,Base,CZ13,37.3975,858340836.1814916
Ese,M5,cPTAC,Base,CZ14,33.69791666666667,704848015.6210644
Ese,M5,cPTAC,Base,CZ15,42.32083333333334,1132009329.868668
Ese,M5,cPTAC,Base,CZ16,25.15416666666667,550255173.0896196
Ese,M5,cPTAC,Measure,CZ01,16.715000000000003,371284793.82255816
Ese,M5,cPTAC,Measure,CZ02,25.97041666666667,598074829.639334
Ese,M5,cPTAC,Measure,CZ03,24.965,501447670.0613881
Ese,M5,cPTAC,Measure,CZ04,32.625416666666666,731788688.3998401
Ese,M5,cPTAC,Measure,CZ05,22.50375,454163887.7117874
Ese,M5,cPTAC,Measure,CZ06,25.295833333333334,510378427.3122712
Ese,M5,cPTAC,Measure,CZ07,25.2725,592373677.0744313
Ese,M5,cPTAC,Measure,CZ08,32.28541666666666,703846867.9195578
Ese,M5,cPTAC,Measure,CZ09,35.456250000000004,795657584.9919035
Ese,M5,cPTAC,Measure,CZ10,35.55666666666667,781064841.9422688
Ese,M5,cPTAC,Measure,CZ11,36.25708333333334,796447766.2304211
Ese,M5,cPTAC,Measure,CZ12,33.139583333333334,766848222.9332702
Ese,M5,cPTAC,Measure,CZ13,37.3975,822743096.6851573
Ese,M5,cPTAC,Measure,CZ14,33.69791666666667,677515901.9966382
Ese,M5,cPTAC,Measure,CZ15,42.32083333333334,1085698422.2412567
Ese,M5,cPTAC,Measure,CZ16,25.15416666666667,532288969.64016914
Ese,M5,cPVVG,Base,CZ01,16.715000000000003,378903474.57098806
Ese,M5,cPVVG,Base,CZ02,25.97041666666667,615734959.5583196
Ese,M5,cPVVG,Base,CZ03,24.965,514653128.6369067
Ese,M5,cPVVG,Base,CZ04,32.625416666666666,755144748.3771774
Ese,M5,cPVVG,Base,CZ05,22.50375,464903323.39104503
Ese,M5,cPVVG,Base,CZ06,25.295833333333334,523363201.46487594
Ese,M5,cPVVG,Base,CZ07,25.2725,611408845.3293251
Ese,M5,cPVVG,Base,CZ08,32.28541666666666,726949821.9460614
Ese,M5,cPVVG,Base,CZ09,35.456250000000004,823826787.5229545
Ese,M5,cPVVG,Base,CZ10,35.55666666666667,807733698.191966
Ese,M5,cPVVG,Base,CZ11,36.25708333333334,827208887.7006608
Ese,M5,cPVVG,Base,CZ12,33.139583333333334,791825463.7416166
Ese,M5,cPVVG,Base,CZ13,37.3975,854064705.7609394
Ese,M5,cPVVG,Base,CZ14,33.69791666666667,700744353.5578194
Ese,M5,cPVVG,Base,CZ15,42.32083333333334,1127991317.7471642
Ese,M5,cPVVG,Base,CZ16,25.15416666666667,546308326.7307436
Ese,M5,cPVVG,Measure,CZ01,16.715000000000003,369202949.9068882
Ese,M5,cPVVG,Measure,CZ02,25.97041666666667,595041297.4976053
Ese,M5,cPVVG,Measure,CZ03,24.965,498622181.49830127
Ese,M5,cPVVG,Measure,CZ04,32.625416666666666,728420550.3371601
Ese,M5,cPVVG,Measure,CZ05,22.50375,451351697.88258755
Ese,M5,cPVVG,Measure,CZ06,25.295833333333334,507511298.4372394
Ese,M5,cPVVG,Measure,CZ07,25.2725,588781864.6615924
Ese,M5,cPVVG,Measure,CZ08,32.28541666666666,700437844.116842
Ese,M5,cPVVG,Measure,CZ09,35.456250000000004,792089455.7465415
Ese,M5,cPVVG,Measure,CZ10,35.55666666666667,777536005.6014304
Ese,M5,cPVVG,Measure,CZ11,36.25708333333334,792758305.8239787
Ese,M5,cPVVG,Measure,CZ12,33.139583333333334,763528203.1287131
Ese,M5,cPVVG,Measure,CZ13,37.3975,818956495.687896
Ese,M5,cPVVG,Measure,CZ14,33.69791666666667,673823527.0130272
Ese,M5,cPVVG,Measure,CZ15,42.32083333333334,1082134287.7807217
Ese,M5,cPVVG,Measure,CZ16,25.15416666666667,528627550.5062996
Eun,M1,cDXGF,Base,CZ01,16.715000000000003,2890255313.4536853
Eun,M1,cDXGF,Base,CZ02,25.97041666666667,4862522942.437112
Eun,M1,cDXGF,Base,CZ03,24.965,3683702212.776629
Eun,M1,cDXGF,Base,CZ04,32.625416666666666,6147046453.929086
Eun,M1,cDXGF,Base,CZ05,22.50375,3457906207.150079
Eun,M1,cDXGF,Base,CZ06,25.295833333333334,3774156545.3445134
Eun,M1,cDXGF,Base,CZ07,25.2725,4579049526.223583
Eun,M1,cDXGF,Base,CZ08,32.28541666666666,5140856029.645284
Eun,M1,cDXGF,Base,CZ09,35.456250000000004,5562265854.848136
Eun,M1,cDXGF,Base,CZ10,35.55666666666667,5434038674.871061
Eun,M1,cDXGF,Base,CZ11,36.25708333333334,6140932059.647956
Eun,M1,cDXGF,Base,CZ12,33.139583333333334,6172674465.862257
Eun,M1,cDXGF,Base,CZ13,37.3975,6275198515.661476
Eun,M1,cDXGF,Base,CZ14,33.69791666666667,5837010804.097449
Eun,M1,cDXGF,Base,CZ15,42.32083333333334,7568732398.11289
Eun,M1,cDXGF,Base,CZ16,25.15416666666667,5018266013.397778
Eun,M1,cDXGF,Measure,CZ01,16.715000000000003,2791905146.0151644
Eun,M1,cDXGF,Measure,CZ02,25.97041666666667,4778449341.321182
Eun,M1,cDXGF,Measure,CZ03,24.965,3585348717.4630547
Eun,M1,cDXGF,Measure,CZ04,32.625416666666666,6039627967.177862
Eun,M1,cDXGF,Measure,CZ05,22.50375,3360954782.8436275
Eun,M1,cDXGF,Measure,CZ06,25.295833333333334,3651817500.683755
Eun,M1,cDXGF,Measure,CZ07,25.2725,4567356968.705376
Eun,M1,cDXGF,Measure,CZ08,32.28541666666666,5011287960.883494
Eun,M1,cDXGF,Measure,CZ09,35.456250000000004,5390891074.265499
Eun,M1,cDXGF,Measure,CZ10,35.55666666666667,5256518295.74749
Eun,M1,cDXGF,Measure,CZ11,36.25708333333334,5930773840.581163
Eun,M1,cDXGF,Measure,CZ12,33.139583333333334,6060637239.583086
Eun,M1,cDXGF,Measure,CZ13,37.3975,6044880705.33266
Eun,M1,cDXGF,Measure,CZ14,33.69791666666667,5636551587.07666
Eun,M1,cDXGF,Measure,CZ15,42.32083333333334,7348928351.031574
Eun,M1,cDXGF,Measure,CZ16,25.15416666666667,4831720244.609273
Eun,M1,cDXHP,Base,CZ01,16.715000000000003,2893356252.4317093
Eun,M1,cDXHP,Base,CZ02,25.97041666666667,4863631541.148262
Eun,M1,cDXHP,Base,CZ03,24.965,3689456470.2532454
Eun,M1,cDXHP,Base,CZ04,32.625416666666666,6165641544.331804
Eun,M1,cDXHP,Base,CZ05,22.50375,3467336382.3926587
Eun,M1,cDXHP,Base,CZ06,25.295833333333334,3777920041.190233
Eun,M1,cDXHP,Base,CZ07,25.2725,4530743170.967464
Eun,M1,cDXHP,Base,CZ08,32.28541666666666,5155677324.834654
Eun,M1,cDXHP,Base,CZ09,35.456250000000004,5576631103.184342
Eun,M1,cDXHP,Base,CZ10,35.55666666666667,5441362603.925215
Eun,M1,cDXHP,Base,CZ11,36.25708333333334,6145149953.109074
Eun,M1,cDXHP,Base,CZ12,33.139583333333334,6191214743.155077
Eun,M1,cDXHP,Base,CZ13,37.3975,6290822558.770543
Eun,M1,cDXHP,Base,CZ14,33.69791666666667,5856302740.597382
Eun,M1,cDXHP,Base,CZ15,42.32083333333334,7569970016.426899
Eun,M1,cDXHP,Base,CZ16,25.15416666666667,5026963878.241595
Eun,M1,cDXHP,Measure,CZ01,16.715000000000003,2794243132.204954
Eun,M1,cDXHP,Measure,CZ02,25.97041666666667,4779747184.407016
Eun,M1,cDXHP,Measure,CZ03,24.965,3591400195.389388
Eun,M1,cDXHP,Measure,CZ04,32.625416666666666,6058446865.195532
Eun,M1,cDXHP,Measure,CZ05,22.50375,3370923457.919115
Eun,M1,cDXHP,Measure,CZ06,25.295833333333334,3654401984.3542314
Eun,M1,cDXHP,Measure,CZ07,25.2725,4518879383.71035
Eun,M1,cDXHP,Measure,CZ08,32.28541666666666,5026032442.202669
Eun,M1,cDXHP,Measure,CZ09,35.456250000000004,5404543239.785711
Eun,M1,cDXHP,Measure,CZ10,35.55666666666667,5264599584.260228
Eun,M1,cDXHP,Measure,CZ11,36.25708333333334,5934579341.5626745
Eun,M1,cDXHP,Measure,CZ12,33.139583333333334,6079360137.580141
Eun,M1,cDXHP,Measure,CZ13,37.3975,6059984462.636341
Eun,M1,cDXHP,Measure,CZ14,33.69791666666667,5656401506.409359
Eun,M1,cDXHP,Measure,CZ15,42.32083333333334,7350140338.690834
Eun,M1,cDXHP,Measure,CZ16,25.15416666666667,4840183746.328919
Eun,M1,cPTAC,Base,CZ01,16.715000000000003,2885319931.153053
Eun,M1,cPTAC,Base,CZ02,25.97041666666667,4862372880.827755
Eun,M1,cPTAC,Base,CZ03,24.965,3682968494.5283957
Eun,M1,cPTAC,Base,CZ04,32.625416666666666,6147041141.974737
Eun,M1,cPTAC,Base,CZ05,22.50375,3454751662.14546
Eun,M1,cPTAC,Base,CZ06,25.295833333333334,3774156298.1732035
Eun,M1,cPTAC,Base,CZ07,25.2725,4579035448.875744
Eun,M1,cPTAC,Base,CZ08,32.28541666666666,5140870293.515208
Eun,M1,cPTAC,Base,CZ09,35.456250000000004,5562256556.137594
Eun,M1,cPTAC,Base,CZ10,35.55666666666667,5434041179.341937
Eun,M1,cPTAC,Base,CZ11,36.25708333333334,6140933483.770277
Eun,M1,cPTAC,Base,CZ12,33.139583333333334,6172672821.024301
Eun,M1,cPTAC,Base,CZ13,37.3975,6275198516.106488
Eun,M1,cPTAC,Base,CZ14,33.69791666666667,5837011876.304823
Eun,M1,cPTAC,Base,CZ15,42.32083333333334,7568727993.412036
Eun,M1,cPTAC,Base,CZ16,25.15416666666667,5018268603.943094
Eun,M1,cPTAC,Measure,CZ01,16.715000000000003,2787616742.9863315
Eun,M1,cPTAC,Measure,CZ02,25.97041666666667,4778449480.8810215
Eun,M1,cPTAC,Measure,CZ03,24.965,3584855343.508347
Eun,M1,cPTAC,Measure,CZ04,32.625416666666666,6039612284.35365
Eun,M1,cPTAC,Measure,CZ05,22.50375,3358580910.6154385
Eun,M1,cPTAC,Measure,CZ06,25.295833333333334,3651817251.899084
Eun,M1,cPTAC,Measure,CZ07,25.2725,4567343678.728346
Eun,M1,cPTAC,Measure,CZ08,32.28541666666666,5011287288.290419
Eun,M1,cPTAC,Measure,CZ09,35.456250000000004,5390873502.760102
Eun,M1,cPTAC,Measure,CZ10,35.55666666666667,5256522612.710098
Eun,M1,cPTAC,Measure,CZ11,36.25708333333334,5930772125.266845
Eun,M1,cPTAC,Measure,CZ12,33.139583333333334,6060641310.827036
Eun,M1,cPTAC,Measure,CZ13,37.3975,6044880705.78602
Eun,M1,cPTAC,Measure,CZ14,33.69791666666667,5636551599.12414
Eun,M1,cPTAC,Measure,CZ15,42.32083333333334,7348928351.031325
Eun,M1,cPTAC,Measure,CZ16,25.15416666666667,4831720221.851616
Eun,M1,cPVVG,Base,CZ01,16.715000000000003,2326871706.608029
Eun,M1,cPVVG,Base,CZ02,25.97041666666667,4313511867.4497385
Eun,M1,cPVVG,Base,CZ03,24.965,3124174438.6447716
Eun,M1,cPVVG,Base,CZ04,32.625416666666666,5659687039.28631
Eun,M1,cPVVG,Base,CZ05,22.50375,2872247970.2248726
Eun,M1,cPVVG,Base,CZ06,25.295833333333334,3222144091.8438196
Eun,M1,cPVVG,Base,CZ07,25.2725,4063012483.5772843
Eun,M1,cPVVG,Base,CZ08,32.28541666666666,4665642488.049747
Eun,M1,cPVVG,Base,CZ09,35.456250000000004,5099870987.413503
Eun,M1,cPVVG,Base,CZ10,35.55666666666667,4967811062.677843
Eun,M1,cPVVG,Base,CZ11,36.25708333333334,5681525309.875919
Eun,M1,cPVVG,Base,CZ12,33.139583333333334,5718656179.537601
Eun,M1,cPVVG,Base,CZ13,37.3975,5860608961.069419
Eun,M1,cPVVG,Base,CZ14,33.69791666666667,5356919780.972041
Eun,M1,cPVVG,Base,CZ15,42.32083333333334,7222933233.98025
Eun,M1,cPVVG,Base,CZ16,25.15416666666667,4352195933.865284
Eun,M1,cPVVG,Measure,CZ01,16.715000000000003,2326274711.822728
Eun,M1,cPVVG,Measure,CZ02,25.97041666666667,4348872325.50458
Eun,M1,cPVVG,Measure,CZ03,24.965,3146613663.6676416
Eun,M1,cPVVG,Measure,CZ04,32.625416666666666,5672688321.556925
Eun,M1,cPVVG,Measure,CZ05,22.50375,2893788269.8196507
Eun,M1,cPVVG,Measure,CZ06,25.295833333333334,3214232948.8621635
Eun,M1,cPVVG,Measure,CZ07,25.2725,4082364077.0188465
Eun,M1,cPVVG,Measure,CZ08,32.28541666666666,4648408892.840881
Eun,M1,cPVVG,Measure,CZ09,35.456250000000004,5029288068.236569
Eun,M1,cPVVG,Measure,CZ10,35.55666666666667,4903359158.950729
Eun,M1,cPVVG,Measure,CZ11,36.25708333333334,5553155539.365414
Eun,M1,cPVVG,Measure,CZ12,33.139583333333334,5719557963.919968
Eun,M1,cPVVG,Measure,CZ13,37.3975,5708236637.988081
Eun,M1,cPVVG,Measure,CZ14,33.69791666666667,5244258405.780067
Eun,M1,cPVVG,Measure,CZ15,42.32083333333334,7066927461.205411
Eun,M1,cPVVG,Measure,CZ16,25.15416666666667,4300026056.574345
Eun,M2,cDXGF,Base,CZ01,16.715000000000003,3543929059.048231
Eun,M2,cDXGF,Base,CZ02,25.97041666666667,4901311779.323774
Eun,M2,cDXGF,Base,CZ03,24.965,3890096574.8510017
Eun,M2,cDXGF,Base,CZ04,32.625416666666666,5765634741.957193
Eun,M2,cDXGF,Base,CZ05,22.50375,3832234455.3033714
Eun,M2,cDXGF,Base,CZ06,25.295833333333334,3857369315.0804024
Eun,M2,cDXGF,Base,CZ07,25.2725,4477051604.071018
Eun,M2,cDXGF,Base,CZ08,32.28541666666666,4749126368.210726
Eun,M2,cDXGF,Base,CZ09,35.456250000000004,4943371220.069906
Eun,M2,cDXGF,Base,CZ10,35.55666666666667,4800380024.670236
Eun,M2,cDXGF,Base,CZ11,36.25708333333334,5474517454.917292
Eun,M2,cDXGF,Base,CZ12,33.139583333333334,5751361222.19983
Eun,M2,cDXGF,Base,CZ13,37.3975,5524270563.5181055
Eun,M2,cDXGF,Base,CZ14,33.69791666666667,5369218966.455643
Eun,M2,cDXGF,Base,CZ15,42.32083333333334,6336691726.192069
Eun,M2,cDXGF,Base,CZ16,25.15416666666667,5119392813.717048
Eun,M2,cDXGF,Measure,CZ01,16.715000000000003,3384257996.982091
Eun,M2,cDXGF,Measure,CZ02,25.97041666666667,4739496989.096822
Eun,M2,cDXGF,Measure,CZ03,24.965,3722035974.6787148
Eun,M2,cDXGF,Measure,CZ04,32.625416666666666,5596707722.290226
Eun,M2,cDXGF,Measure,CZ05,22.50375,3659021411.3113117
Eun,M2,cDXGF,Measure,CZ06,25.295833333333334,3692242348.980402
Eun,M2,cDXGF,Measure,CZ07,25.2725,4444385211.587327
Eun,M2,cDXGF,Measure,CZ08,32.28541666666666,4582950869.985486
Eun,M2,cDXGF,Measure,CZ09,35.456250000000004,4793983559.901991
Eun,M2,cDXGF,Measure,CZ10,35.55666666666667,4637969394.178259
Eun,M2,cDXGF,Measure,CZ11,36.25708333333334,5336417328.813726
Eun,M2,cDXGF,Measure,CZ12,33.139583333333334,5588692221.2210455
Eun,M2,cDXGF,Measure,CZ13,37.3975,5381057348.582957
Eun,M2,cDXGF,Measure,CZ14,33.69791666666667,5215637464.055655
Eun,M2,cDXGF,Measure,CZ15,42.32083333333334,6203251884.202795
Eun,M2,cDXGF,Measure,CZ16,25.15416666666667,4917349550.785267
Eun,M2,cDXHP,Base,CZ01,16.715000000000003,3540333766.328577
Eun,M2,cDXHP,Base,CZ02,25.97041666666667,4896802920.321714
Eun,M2,cDXHP,Base,CZ03,24.965,3885617976.464937
Eun,M2,cDXHP,Base,CZ04,32.625416666666666,5760573429.757164
Eun,M2,cDXHP,Base,CZ05,22.50375,3827552817.1835093
Eun,M2,cDXHP,Base,CZ06,25.295833333333334,3852672911.370265
Eun,M2,cDXHP,Base,CZ07,25.2725,4472245789.794413
Eun,M2,cDXHP,Base,CZ08,32.28541666666666,4745947596.104163
Eun,M2,cDXHP,Base,CZ09,35.456250000000004,4940932828.768885
Eun,M2,cDXHP,Base,CZ10,35.55666666666667,4798876518.921598
Eun,M2,cDXHP,Base,CZ11,36.25708333333334,5471633752.753867
Eun,M2,cDXHP,Base,CZ12,33.139583333333334,5746056175.091772
Eun,M2,cDXHP,Base,CZ13,37.3975,5521711250.442888
Eun,M2,cDXHP,Base,CZ14,33.69791666666667,5364816441.0836935
Eun,M2,cDXHP,Base,CZ15,42.32083333333334,6336148603.79188
Eun,M2,cDXHP,Base,CZ16,25.15416666666667,5117783464.5604515
Eun,M2,cDXHP,Measure,CZ01,16.715000000000003,3380545000.3520536
Eun,M2,cDXHP,Measure,CZ02,25.97041666666667,4734747245.203558
Eun,M2,cDXHP,Measure,CZ03,24.965,3717144569.196515
Eun,M2,cDXHP,Measure,CZ04,32.625416666666666,5591561685.559612
Eun,M2,cDXHP,Measure,CZ05,22.50375,3654526270.507651
Eun,M2,cDXHP,Measure,CZ06,25.295833333333334,3687456187.2341967
Eun,M2,cDXHP,Measure,CZ07,25.2725,4439078841.734645
Eun,M2,cDXHP,Measure,CZ08,32.28541666666666,4579539228.406355
Eun,M2,cDXHP,Measure,CZ09,35.456250000000004,4791384073.221908
Eun,M2,cDXHP,Measure,CZ10,35.55666666666667,4636393111.708491
Eun,M2,cDXHP,Measure,CZ11,36.25708333333334,5335647790.373679
Eun,M2,cDXHP,Measure,CZ12,33.139583333333334,5583364217.941188
Eun,M2,cDXHP,Measure,CZ13,37.3975,5380096506.494673
Eun,M2,cDXHP,Measure,CZ14,33.69791666666667,5212965084.004837
Eun,M2,cDXHP,Measure,CZ15,42.32083333333334,6202707529.416773
Eun,M2,cDXHP,Measure,CZ16,25.15416666666667,4917481026.528154
Eun,M2,cPTAC,Base,CZ01,16.715000000000003,3543929056.5433536
Eun,M2,cPTAC,Base,CZ02,25.97041666666667,4901315551.635586
Eun,M2,cPTAC,Base,CZ03,24.965,3890096574.8510404
Eun,M2,cPTAC,Base,CZ04,32.625416666666666,5765634741.957222
Eun,M2,cPTAC,Base,CZ05,22.50375,3832234455.3033724
Eun,M2,cPTAC,Base,CZ06,25.295833333333334,3857366316.771059
Eun,M2,cPTAC,Base,CZ07,25.2725,4477051604.076876
Eun,M2,cPTAC,Base,CZ08,32.28541666666666,4749126368.210715
Eun,M2,cPTAC,Base,CZ09,35.456250000000004,4943337707.983213
Eun,M2,cPTAC,Base,CZ10,35.55666666666667,4800406378.43305
Eun,M2,cPTAC,Base,CZ11,36.25708333333334,5474515367.3332615
Eun,M2,cPTAC,Base,CZ12,33.139583333333334,5751361222.199792
Eun,M2,cPTAC,Base,CZ13,37.3975,5524270563.516644
Eun,M2,cPTAC,Base,CZ14,33.69791666666667,5369214031.828797
Eun,M2,cPTAC,Base,CZ15,42.32083333333334,6336701056.379374
Eun,M2,cPTAC,Base,CZ16,25.15416666666667,5119392813.716979
Eun,M2,cPTAC,Measure,CZ01,16.715000000000003,3384257437.058919
Eun,M2,cPTAC,Measure,CZ02,25.97041666666667,4739496989.086548
Eun,M2,cPTAC,Measure,CZ03,24.965,3722035974.6786165
Eun,M2,cPTAC,Measure,CZ04,32.625416666666666,5596707722.22551
Eun,M2,cPTAC,Measure,CZ05,22.50375,3659021411.309986
Eun,M2,cPTAC,Measure,CZ06,25.295833333333334,3692242348.980341
Eun,M2,cPTAC,Measure,CZ07,25.2725,4444385211.582919
Eun,M2,cPTAC,Measure,CZ08,32.28541666666666,4582950869.985454
Eun,M2,cPTAC,Measure,CZ09,35.456250000000004,4793983559.901939
Eun,M2,cPTAC,Measure,CZ10,35.55666666666667,4637969394.17833
Eun,M2,cPTAC,Measure,CZ11,36.25708333333334,5336417328.814485
Eun,M2,cPTAC,Measure,CZ12,33.139583333333334,5588692221.221096
Eun,M2,cPTAC,Measure,CZ13,37.3975,5380932240.4018345
Eun,M2,cPTAC,Measure,CZ14,33.69791666666667,5215637464.0553255
Eun,M2,cPTAC,Measure,CZ15,42.32083333333334,6203251884.202846
Eun,M2,cPTAC,Measure,CZ16,25.15416666666667,4917349549.706856
Eun,M2,cPVVG,Base,CZ01,16.715000000000003,3012049341.314611
Eun,M2,cPVVG,Base,CZ02,25.97041666666667,4330762535.376324
Eun,M2,cPVVG,Base,CZ03,24.965,3321855359.5388308
Eun,M2,cPVVG,Base,CZ04,32.625416666666666,5183994783.186111
Eun,M2,cPVVG,Base,CZ05,22.50375,3247697263.879932
Eun,M2,cPVVG,Base,CZ06,25.295833333333334,3303435810.585101
Eun,M2,cPVVG,Base,CZ07,25.2725,3974337257.35673
Eun,M2,cPVVG,Base,CZ08,32.28541666666666,4165179042.6993403
Eun,M2,cPVVG,Base,CZ09,35.456250000000004,4332426314.563678
Eun,M2,cPVVG,Base,CZ10,35.55666666666667,4199195418.011227
Eun,M2,cPVVG,Base,CZ11,36.25708333333334,4892737653.656172
Eun,M2,cPVVG,Base,CZ12,33.139583333333334,5194829365.161621
Eun,M2,cPVVG,Base,CZ13,37.3975,4955504014.05265
Eun,M2,cPVVG,Base,CZ14,33.69791666666667,4765141858.587542
Eun,M2,cPVVG,Base,CZ15,42.32083333333334,5757327445.644021
Eun,M2,cPVVG,Base,CZ16,25.15416666666667,4472863781.373751
Eun,M2,cPVVG,Measure,CZ01,16.715000000000003,2949630091.888383
Eun,M2,cPVVG,Measure,CZ02,25.97041666666667,4267229304.650511
Eun,M2,cPVVG,Measure,CZ03,24.965,3255290282.5318947
Eun,M2,cPVVG,Measure,CZ04,32.625416666666666,5116849139.843971
Eun,M2,cPVVG,Measure,CZ05,22.50375,3179798565.5148945
Eun,M2,cPVVG,Measure,CZ06,25.295833333333334,3237826572.1358795
Eun,M2,cPVVG,Measure,CZ07,25.2725,3947343922.3332744
Eun,M2,cPVVG,Measure,CZ08,32.28541666666666,4098524909.069482
Eun,M2,cPVVG,Measure,CZ09,35.456250000000004,4269231424.448665
Eun,M2,cPVVG,Measure,CZ10,35.55666666666667,4132860453.9794345
Eun,M2,cPVVG,Measure,CZ11,36.25708333333334,4837811521.863514
Eun,M2,cPVVG,Measure,CZ12,33.139583333333334,5129874817.45144
Eun,M2,cPVVG,Measure,CZ13,37.3975,4896512752.8040495
Eun,M2,cPVVG,Measure,CZ14,33.69791666666667,4698725458.472725
Eun,M2,cPVVG,Measure,CZ15,42.32083333333334,5702699147.288064
Eun,M2,cPVVG,Measure,CZ16,25.15416666666667,4382860265.057646
Eun,M3,cDXGF,Base,CZ01,16.715000000000003,2784455757.6834316
Eun,M3,cDXGF,Base,CZ02,25.97041666666667,4131395895.217597
Eun,M3,cDXGF,Base,CZ03,24.965,3103912214.9303637
Eun,M3,cDXGF,Base,CZ04,32.625416666666666,5018288484.005884
Eun,M3,cDXGF,Base,CZ05,22.50375,3010137150.524948
Eun,M3,cDXGF,Base,CZ06,25.295833333333334,3094511039.8573427
Eun,M3,cDXGF,Base,CZ07,25.2725,3809045262.3039675
Eun,M3,cDXGF,Base,CZ08,32.28541666666666,3982511584.2838883
Eun,M3,cDXGF,Base,CZ09,35.456250000000004,4144870685.3038354
Eun,M3,cDXGF,Base,CZ10,35.55666666666667,4027159284.6567755
Eun,M3,cDXGF,Base,CZ11,36.25708333333334,4732358090.091553
Eun,M3,cDXGF,Base,CZ12,33.139583333333334,5040034276.410866
Eun,M3,cDXGF,Base,CZ13,37.3975,4802028479.711283
Eun,M3,cDXGF,Base,CZ14,33.69791666666667,4564831837.169702
Eun,M3,cDXGF,Base,CZ15,42.32083333333334,5647949389.694897
Eun,M3,cDXGF,Base,CZ16,25.15416666666667,4200098824.6916456
Eun,M3,cDXGF,Measure,CZ01,16.715000000000003,2649704906.170854
Eun,M3,cDXGF,Measure,CZ02,25.97041666666667,3934406539.4248223
Eun,M3,cDXGF,Measure,CZ03,24.965,2931631280.101792
Eun,M3,cDXGF,Measure,CZ04,32.625416666666666,4775327894.553123
Eun,M3,cDXGF,Measure,CZ05,22.50375,2848658331.8873243
Eun,M3,cDXGF,Measure,CZ06,25.295833333333334,2925310947.7853913
Eun,M3,cDXGF,Measure,CZ07,25.2725,3595477947.142213
Eun,M3,cDXGF,Measure,CZ08,32.28541666666666,3750769186.0069532
Eun,M3,cDXGF,Measure,CZ09,35.456250000000004,3893744322.3038383
Eun,M3,cDXGF,Measure,CZ10,35.55666666666667,3787648542.047719
Eun,M3,cDXGF,Measure,CZ11,36.25708333333334,4460203173.225553
Eun,M3,cDXGF,Measure,CZ12,33.139583333333334,4794054418.187628
Eun,M3,cDXGF,Measure,CZ13,37.3975,4517461254.694112
Eun,M3,cDXGF,Measure,CZ14,33.69791666666667,4316742361.575606
Eun,M3,cDXGF,Measure,CZ15,42.32083333333334,5324337147.851746
Eun,M3,cDXGF,Measure,CZ16,25.15416666666667,4002022417.642283
Eun,M3,cDXHP,Base,CZ01,16.715000000000003,2688128356.785091
Eun,M3,cDXHP,Base,CZ02,25.97041666666667,4077207453.2037
Eun,M3,cDXHP,Base,CZ03,24.965,3038404662.9451046
Eun,M3,cDXHP,Base,CZ04,32.625416666666666,4979145615.940929
Eun,M3,cDXHP,Base,CZ05,22.50375,2931570792.4142714
Eun,M3,cDXHP,Base,CZ06,25.295833333333334,3031375268.7793417
Eun,M3,cDXHP,Base,CZ07,25.2725,3748462032.562644
Eun,M3,cDXHP,Base,CZ08,32.28541666666666,3955118096.9025984
Eun,M3,cDXHP,Base,CZ09,35.456250000000004,4123784076.0214777
Eun,M3,cDXHP,Base,CZ10,35.55666666666667,4016004106.675536
Eun,M3,cDXHP,Base,CZ11,36.25708333333334,4710397540.887451
Eun,M3,cDXHP,Base,CZ12,33.139583333333334,5004625096.463579
Eun,M3,cDXHP,Base,CZ13,37.3975,4784062149.008403
Eun,M3,cDXHP,Base,CZ14,33.69791666666667,4530503667.019808
Eun,M3,cDXHP,Base,CZ15,42.32083333333334,5646852025.127899
Eun,M3,cDXHP,Base,CZ16,25.15416666666667,4117165183.946706
Eun,M3,cDXHP,Measure,CZ01,16.715000000000003,2554762556.180233
Eun,M3,cDXHP,Measure,CZ02,25.97041666666667,3879593361.25666
Eun,M3,cDXHP,Measure,CZ03,24.965,2866134935.1714535
Eun,M3,cDXHP,Measure,CZ04,32.625416666666666,4735049290.614052
Eun,M3,cDXHP,Measure,CZ05,22.50375,2770747799.5491586
Eun,M3,cDXHP,Measure,CZ06,25.295833333333334,2862494260.7834845
Eun,M3,cDXHP,Measure,CZ07,25.2725,3534516998.219166
Eun,M3,cDXHP,Measure,CZ08,32.28541666666666,3722707558.1724715
Eun,M3,cDXHP,Measure,CZ09,35.456250000000004,3872186524.8676634
Eun,M3,cDXHP,Measure,CZ10,35.55666666666667,3776247655.4610004
Eun,M3,cDXHP,Measure,CZ11,36.25708333333334,4437344879.584344
Eun,M3,cDXHP,Measure,CZ12,33.139583333333334,4757294025.360052
Eun,M3,cDXHP,Measure,CZ13,37.3975,4499004362.012177
Eun,M3,cDXHP,Measure,CZ14,33.69791666666667,4281513253.2606635
Eun,M3,cDXHP,Measure,CZ15,42.32083333333334,5323178112.80315
Eun,M3,cDXHP,Measure,CZ16,25.15416666666667,3920751401.2860527
Eun,M3,cPTAC,Base,CZ01,16.715000000000003,2784431199.689794
Eun,M3,cPTAC,Base,CZ02,25.97041666666667,4131395895.2179384
Eun,M3,cPTAC,Base,CZ03,24.965,3103912214.9304004
Eun,M3,cPTAC,Base,CZ04,32.625416666666666,5018288484.006573
Eun,M3,cPTAC,Base,CZ05,22.50375,3010137149.7671757
Eun,M3,cPTAC,Base,CZ06,25.295833333333334,3094511039.859322
Eun,M3,cPTAC,Base,CZ07,25.2725,3809045262.315546
Eun,M3,cPTAC,Base,CZ08,32.28541666666666,3982542186.209709
Eun,M3,cPTAC,Base,CZ09,35.456250000000004,4144870685.3038383
Eun,M3,cPTAC,Base,CZ10,35.55666666666667,4027159284.6555996
Eun,M3,cPTAC,Base,CZ11,36.25708333333334,4732359925.75576
Eun,M3,cPTAC,Base,CZ12,33.139583333333334,5040034276.410885
Eun,M3,cPTAC,Base,CZ13,37.3975,4802020589.914064
Eun,M3,cPTAC,Base,CZ14,33.69791666666667,4564831837.169832
Eun,M3,cPTAC,Base,CZ15,42.32083333333334,5647950385.374731
Eun,M3,cPTAC,Base,CZ16,25.15416666666667,4200098824.6162553
Eun,M3,cPTAC,Measure,CZ01,16.715000000000003,2649683776.0811753
Eun,M3,cPTAC,Measure,CZ02,25.97041666666667,3934406539.4429226
Eun,M3,cPTAC,Measure,CZ03,24.965,2931631280.101964
Eun,M3,cPTAC,Measure,CZ04,32.625416666666666,4775327894.553192
Eun,M3,cPTAC,Measure,CZ05,22.50375,2848658331.248559
Eun,M3,cPTAC,Measure,CZ06,25.295833333333334,2925310947.785353
Eun,M3,cPTAC,Measure,CZ07,25.2725,3595477947.141177
Eun,M3,cPTAC,Measure,CZ08,32.28541666666666,3750769186.006946
Eun,M3,cPTAC,Measure,CZ09,35.456250000000004,3893712686.519891
Eun,M3,cPTAC,Measure,CZ10,35.55666666666667,3787648542.047376
Eun,M3,cPTAC,Measure,CZ11,36.25708333333334,4460203173.225633
Eun,M3,cPTAC,Measure,CZ12,33.139583333333334,4794054418.187544
Eun,M3,cPTAC,Measure,CZ13,37.3975,4517461254.712437
Eun,M3,cPTAC,Measure,CZ14,33.69791666666667,4316742361.575604
Eun,M3,cPTAC,Measure,CZ15,42.32083333333334,5324337147.851843
Eun,M3,cPTAC,Measure,CZ16,25.15416666666667,4002022417.580719
Eun,M3,cPVVG,Base,CZ01,16.715000000000003,2748311581.4051175
Eun,M3,cPVVG,Base,CZ02,25.97041666666667,4089234139.257206
Eun,M3,cPVVG,Base,CZ03,24.965,3062694475.3225155
Eun,M3,cPVVG,Base,CZ04,32.625416666666666,4972307839.33946
Eun,M3,cPVVG,Base,CZ05,22.50375,2969042758.1282845
Eun,M3,cPVVG,Base,CZ06,25.295833333333334,3052970411.351303
Eun,M3,cPVVG,Base,CZ07,25.2725,3760731213.2033362
Eun,M3,cPVVG,Base,CZ08,32.28541666666666,3936842846.073945
Eun,M3,cPVVG,Base,CZ09,35.456250000000004,4096263307.1967554
Eun,M3,cPVVG,Base,CZ10,35.55666666666667,3981623129.522972
Eun,M3,cPVVG,Base,CZ11,36.25708333333334,4684006001.1548195
Eun,M3,cPVVG,Base,CZ12,33.139583333333334,4995199653.388028
Eun,M3,cPVVG,Base,CZ13,37.3975,4753705585.381618
Eun,M3,cPVVG,Base,CZ14,33.69791666666667,4516422989.481169
Eun,M3,cPVVG,Base,CZ15,42.32083333333334,5597665151.287593
Eun,M3,cPVVG,Base,CZ16,25.15416666666667,4148901789.5728827
Eun,M3,cPVVG,Measure,CZ01,16.715000000000003,2614999943.9210634
Eun,M3,cPVVG,Measure,CZ02,25.97041666666667,3894091505.36512
Eun,M3,cPVVG,Measure,CZ03,24.965,2892165238.728494
Eun,M3,cPVVG,Measure,CZ04,32.625416666666666,4731558063.12552
Eun,M3,cPVVG,Measure,CZ05,22.50375,2809280317.6266775
Eun,M3,cPVVG,Measure,CZ06,25.295833333333334,2885529096.710828
Eun,M3,cPVVG,Measure,CZ07,25.2725,3549131098.966132
Eun,M3,cPVVG,Measure,CZ08,32.28541666666666,3707284297.4273195
Eun,M3,cPVVG,Measure,CZ09,35.456250000000004,3847619378.346097
Eun,M3,cPVVG,Measure,CZ10,35.55666666666667,3744424480.495887
Eun,M3,cPVVG,Measure,CZ11,36.25708333333334,4415605153.932464
Eun,M3,cPVVG,Measure,CZ12,33.139583333333334,4751394216.579152
Eun,M3,cPVVG,Measure,CZ13,37.3975,4473112094.363926
Eun,M3,cPVVG,Measure,CZ14,33.69791666666667,4271904637.2982545
Eun,M3,cPVVG,Measure,CZ15,42.32083333333334,5276937690.560091
Eun,M3,cPVVG,Measure,CZ16,25.15416666666667,3954126923.745194
Eun,M4,cDXGF,Base,CZ01,16.715000000000003,3098909206.0017614
Eun,M4,cDXGF,Base,CZ02,25.97041666666667,4931581010.019926
Eun,M4,cDXGF,Base,CZ03,24.965,3809456446.2986856
Eun,M4,cDXGF,Base,CZ04,32.625416666666666,6147042585.796595
Eun,M4,cDXGF,Base,CZ05,22.50375,3616530847.4965477
Eun,M4,cDXGF,Base,CZ06,25.295833333333334,3820281147.3600454
Eun,M4,cDXGF,Base,CZ07,25.2725,4579049318.9561615
Eun,M4,cDXGF,Base,CZ08,32.28541666666666,5140857443.2076845
Eun,M4,cDXGF,Base,CZ09,35.456250000000004,5562270212.423868
Eun,M4,cDXGF,Base,CZ10,35.55666666666667,5434040347.762718
Eun,M4,cDXGF,Base,CZ11,36.25708333333334,6140930734.4106655
Eun,M4,cDXGF,Base,CZ12,33.139583333333334,6172666279.597532
Eun,M4,cDXGF,Base,CZ13,37.3975,6275193581.46196
Eun,M4,cDXGF,Base,CZ14,33.69791666666667,5837011682.463846
Eun,M4,cDXGF,Base,CZ15,42.32083333333334,7568727996.501936
Eun,M4,cDXGF,Base,CZ16,25.15416666666667,5065452111.616428
Eun,M4,cDXGF,Measure,CZ01,16.715000000000003,3038852241.584605
Eun,M4,cDXGF,Measure,CZ02,25.97041666666667,4849393743.568339
Eun,M4,cDXGF,Measure,CZ03,24.965,3716414450.908228
Eun,M4,cDXGF,Measure,CZ04,32.625416666666666,6039635510.425537
Eun,M4,cDXGF,Measure,CZ05,22.50375,3534731616.9611893
Eun,M4,cDXGF,Measure,CZ06,25.295833333333334,3697946473.0832267
Eun,M4,cDXGF,Measure,CZ07,25.2725,4567357137.306189
Eun,M4,cDXGF,Measure,CZ08,32.28541666666666,5011271541.047251
Eun,M4,cDXGF,Measure,CZ09,35.456250000000004,5390895625.655843
Eun,M4,cDXGF,Measure,CZ10,35.55666666666667,5256526598.467882
Eun,M4,cDXGF,Measure,CZ11,36.25708333333334,5930773237.973871
Eun,M4,cDXGF,Measure,CZ12,33.139583333333334,6060632818.616553
Eun,M4,cDXGF,Measure,CZ13,37.3975,6044880178.445464
Eun,M4,cDXGF,Measure,CZ14,33.69791666666667,5636556074.741285
Eun,M4,cDXGF,Measure,CZ15,42.32083333333334,7348928351.246227
Eun,M4,cDXGF,Measure,CZ16,25.15416666666667,4877311209.3655815
Eun,M4,cDXHP,Base,CZ01,16.715000000000003,3100721651.353375
Eun,M4,cDXHP,Base,CZ02,25.97041666666667,4932874866.250454
Eun,M4,cDXHP,Base,CZ03,24.965,3815231959.5386825
Eun,M4,cDXHP,Base,CZ04,32.625416666666666,6165633680.269344
Eun,M4,cDXHP,Base,CZ05,22.50375,3626041244.701416
Eun,M4,cDXHP,Base,CZ06,25.295833333333334,3824271950.6911106
Eun,M4,cDXHP,Base,CZ07,25.2725,4530742970.991868
Eun,M4,cDXHP,Base,CZ08,32.28541666666666,5155677786.279295
Eun,M4,cDXHP,Base,CZ09,35.456250000000004,5576635432.430527
Eun,M4,cDXHP,Base,CZ10,35.55666666666667,5441364246.726269
Eun,M4,cDXHP,Base,CZ11,36.25708333333334,6145148759.4404545
Eun,M4,cDXHP,Base,CZ12,33.139583333333334,6191201135.4141445
Eun,M4,cDXHP,Base,CZ13,37.3975,6290820567.886449
Eun,M4,cDXHP,Base,CZ14,33.69791666666667,5856303419.454397
Eun,M4,cDXHP,Base,CZ15,42.32083333333334,7569959573.868592
Eun,M4,cDXHP,Base,CZ16,25.15416666666667,5074423377.686997
Eun,M4,cDXHP,Measure,CZ01,16.715000000000003,3039943901.6810207
Eun,M4,cDXHP,Measure,CZ02,25.97041666666667,4850891730.395683
Eun,M4,cDXHP,Measure,CZ03,24.965,3722136727.0912423
Eun,M4,cDXHP,Measure,CZ04,32.625416666666666,6058452557.799595
Eun,M4,cDXHP,Measure,CZ05,22.50375,3544594853.6877027
Eun,M4,cDXHP,Measure,CZ06,25.295833333333334,3700773493.5030503
Eun,M4,cDXHP,Measure,CZ07,25.2725,4518879601.551897
Eun,M4,cDXHP,Measure,CZ08,32.28541666666666,5026030105.492938
Eun,M4,cDXHP,Measure,CZ09,35.456250000000004,5404548057.433666
Eun,M4,cDXHP,Measure,CZ10,35.55666666666667,5264608599.919846
Eun,M4,cDXHP,Measure,CZ11,36.25708333333334,5934578791.609368
Eun,M4,cDXHP,Measure,CZ12,33.139583333333334,6079350468.5554905
Eun,M4,cDXHP,Measure,CZ13,37.3975,6059984016.128094
Eun,M4,cDXHP,Measure,CZ14,33.69791666666667,5656406246.513567
Eun,M4,cDXHP,Measure,CZ15,42.32083333333334,7350140338.812849
Eun,M4,cDXHP,Measure,CZ16,25.15416666666667,4886045285.901199
Eun,M4,cPTAC,Base,CZ01,16.715000000000003,3091831817.0990324
Eun,M4,cPTAC,Base,CZ02,25.97041666666667,4931404666.440526
Eun,M4,cPTAC,Base,CZ03,24.965,3808897623.2272806
Eun,M4,cPTAC,Base,CZ04,32.625416666666666,6147040596.659876
Eun,M4,cPTAC,Base,CZ05,22.50375,3613766719.089489
Eun,M4,cPTAC,Base,CZ06,25.295833333333334,3820281146.137982
Eun,M4,cPTAC,Base,CZ07,25.2725,4579035298.4208145
Eun,M4,cPTAC,Base,CZ08,32.28541666666666,5140872440.542153
Eun,M4,cPTAC,Base,CZ09,35.456250000000004,5562261268.858461
Eun,M4,cPTAC,Base,CZ10,35.55666666666667,5434043611.989638
Eun,M4,cPTAC,Base,CZ11,36.25708333333334,6140932315.753754
Eun,M4,cPTAC,Base,CZ12,33.139583333333334,6172666279.597246
Eun,M4,cPTAC,Base,CZ13,37.3975,6275193581.461132
Eun,M4,cPTAC,Base,CZ14,33.69791666666667,5837012632.56214
Eun,M4,cPTAC,Base,CZ15,42.32083333333334,7568732426.233823
Eun,M4,cPTAC,Base,CZ16,25.15416666666667,5065455553.715948
Eun,M4,cPTAC,Measure,CZ01,16.715000000000003,3034790861.408606
Eun,M4,cPTAC,Measure,CZ02,25.97041666666667,4849371738.669033
Eun,M4,cPTAC,Measure,CZ03,24.965,3716161303.3707232
Eun,M4,cPTAC,Measure,CZ04,32.625416666666666,6039623208.346161
Eun,M4,cPTAC,Measure,CZ05,22.50375,3533302450.4545674
Eun,M4,cPTAC,Measure,CZ06,25.295833333333334,3697946473.083246
Eun,M4,cPTAC,Measure,CZ07,25.2725,4567343876.290368
Eun,M4,cPTAC,Measure,CZ08,32.28541666666666,5011286507.212385
Eun,M4,cPTAC,Measure,CZ09,35.456250000000004,5390878457.244482
Eun,M4,cPTAC,Measure,CZ10,35.55666666666667,5256531635.596374
Eun,M4,cPTAC,Measure,CZ11,36.25708333333334,5930771480.184865
Eun,M4,cPTAC,Measure,CZ12,33.139583333333334,6060632818.616459
Eun,M4,cPTAC,Measure,CZ13,37.3975,6044896393.031471
Eun,M4,cPTAC,Measure,CZ14,33.69791666666667,5636556074.741295
Eun,M4,cPTAC,Measure,CZ15,42.32083333333334,7348928351.245862
Eun,M4,cPTAC,Measure,CZ16,25.15416666666667,4877311185.293209
Eun,M4,cPVVG,Base,CZ01,16.715000000000003,2462490473.504454
Eun,M4,cPVVG,Base,CZ02,25.97041666666667,4364271171.593115
Eun,M4,cPVVG,Base,CZ03,24.965,3218381028.394073
Eun,M4,cPVVG,Base,CZ04,32.625416666666666,5659681223.0805
Eun,M4,cPVVG,Base,CZ05,22.50375,2984023282.89355
Eun,M4,cPVVG,Base,CZ06,25.295833333333334,3257577166.6718245
Eun,M4,cPVVG,Base,CZ07,25.2725,4063012506.7838345
Eun,M4,cPVVG,Base,CZ08,32.28541666666666,4665644153.481009
Eun,M4,cPVVG,Base,CZ09,35.456250000000004,5099875343.880224
Eun,M4,cPVVG,Base,CZ10,35.55666666666667,4967812336.425038
Eun,M4,cPVVG,Base,CZ11,36.25708333333334,5681520061.765957
Eun,M4,cPVVG,Base,CZ12,33.139583333333334,5718646197.43698
Eun,M4,cPVVG,Base,CZ13,37.3975,5860606489.883355
Eun,M4,cPVVG,Base,CZ14,33.69791666666667,5356920573.809646
Eun,M4,cPVVG,Base,CZ15,42.32083333333334,7222927190.347387
Eun,M4,cPVVG,Base,CZ16,25.15416666666667,4391962297.02367
Eun,M4,cPVVG,Measure,CZ01,16.715000000000003,2509764470.1318984
Eun,M4,cPVVG,Measure,CZ02,25.97041666666667,4403333868.551152
Eun,M4,cPVVG,Measure,CZ03,24.965,3249533792.8082027
Eun,M4,cPVVG,Measure,CZ04,32.625416666666666,5672661061.984142
Eun,M4,cPVVG,Measure,CZ05,22.50375,3028715427.191309
Eun,M4,cPVVG,Measure,CZ06,25.295833333333334,3250179189.569316
Eun,M4,cPVVG,Measure,CZ07,25.2725,4082366261.2879043
Eun,M4,cPVVG,Measure,CZ08,32.28541666666666,4648417733.744119
Eun,M4,cPVVG,Measure,CZ09,35.456250000000004,5029311361.207423
Eun,M4,cPVVG,Measure,CZ10,35.55666666666667,4903380263.327602
Eun,M4,cPVVG,Measure,CZ11,36.25708333333334,5553157127.332727
Eun,M4,cPVVG,Measure,CZ12,33.139583333333334,5719569839.285097
Eun,M4,cPVVG,Measure,CZ13,37.3975,5709191159.670479
Eun,M4,cPVVG,Measure,CZ14,33.69791666666667,5244260734.910044
Eun,M4,cPVVG,Measure,CZ15,42.32083333333334,7066917244.02195
Eun,M4,cPVVG,Measure,CZ16,25.15416666666667,4339892882.000399
Eun,M5,cDXGF,Base,CZ01,16.715000000000003,2677081534.804777
Eun,M5,cDXGF,Base,CZ02,25.97041666666667,4279986974.744626
Eun,M5,cDXGF,Base,CZ03,24.965,3123216540.209473
Eun,M5,cDXGF,Base,CZ04,32.625416666666666,5194438954.749226
Eun,M5,cDXGF,Base,CZ05,22.50375,2940739226.874993
Eun,M5,cDXGF,Base,CZ06,25.295833333333334,3108454625.2305374
Eun,M5,cDXGF,Base,CZ07,25.2725,4022807118.3114367
Eun,M5,cDXGF,Base,CZ08,32.28541666666666,4150983881.301877
Eun,M5,cDXGF,Base,CZ09,35.456250000000004,4429074904.305193
Eun,M5,cDXGF,Base,CZ10,35.55666666666667,4274564157.5315504
Eun,M5,cDXGF,Base,CZ11,36.25708333333334,5095226798.249247
Eun,M5,cDXGF,Base,CZ12,33.139583333333334,5303739881.182859
Eun,M5,cDXGF,Base,CZ13,37.3975,5114310911.7315035
Eun,M5,cDXGF,Base,CZ14,33.69791666666667,4705234663.317667
Eun,M5,cDXGF,Base,CZ15,42.32083333333334,6286983900.150389
Eun,M5,cDXGF,Base,CZ16,25.15416666666667,4162260080.855875
Eun,M5,cDXGF,Measure,CZ01,16.715000000000003,2590036188.1955824
Eun,M5,cDXGF,Measure,CZ02,25.97041666666667,4120364419.859933
Eun,M5,cDXGF,Measure,CZ03,24.965,2995775010.4823666
Eun,M5,cDXGF,Measure,CZ04,32.625416666666666,4998642397.05336
Eun,M5,cDXGF,Measure,CZ05,22.50375,2830836079.776829
Eun,M5,cDXGF,Measure,CZ06,25.295833333333334,2984113700.8712816
Eun,M5,cDXGF,Measure,CZ07,25.2725,3845496013.800087
Eun,M5,cDXGF,Measure,CZ08,32.28541666666666,3965475987.000826
Eun,M5,cDXGF,Measure,CZ09,35.456250000000004,4217028736.10237
Eun,M5,cDXGF,Measure,CZ10,35.55666666666667,4074926082.0945477
Eun,M5,cDXGF,Measure,CZ11,36.25708333333334,4855564365.280376
Eun,M5,cDXGF,Measure,CZ12,33.139583333333334,5096398929.150785
Eun,M5,cDXGF,Measure,CZ13,37.3975,4869419249.680447
Eun,M5,cDXGF,Measure,CZ14,33.69791666666667,4509495236.823217
Eun,M5,cDXGF,Measure,CZ15,42.32083333333334,5981623957.405874
Eun,M5,cDXGF,Measure,CZ16,25.15416666666667,4020427483.649291
Eun,M5,cDXHP,Base,CZ01,16.715000000000003,2641563704.297848
Eun,M5,cDXHP,Base,CZ02,25.97041666666667,4232360225.311679
Eun,M5,cDXHP,Base,CZ03,24.965,3081855190.6115847
Eun,M5,cDXHP,Base,CZ04,32.625416666666666,5152829398.948139
Eun,M5,cDXHP,Base,CZ05,22.50375,2894566734.9158955
Eun,M5,cDXHP,Base,CZ06,25.295833333333334,3060717148.4402533
Eun,M5,cDXHP,Base,CZ07,25.2725,3961506463.8012767
Eun,M5,cDXHP,Base,CZ08,32.28541666666666,4102307058.3293347
Eun,M5,cDXHP,Base,CZ09,35.456250000000004,4372300420.784599
Eun,M5,cDXHP,Base,CZ10,35.55666666666667,4243114244.51254
Eun,M5,cDXHP,Base,CZ11,36.25708333333334,5063796870.979365
Eun,M5,cDXHP,Base,CZ12,33.139583333333334,5264654762.534798
Eun,M5,cDXHP,Base,CZ13,37.3975,5082699381.341649
Eun,M5,cDXHP,Base,CZ14,33.69791666666667,4625487956.450203
Eun,M5,cDXHP,Base,CZ15,42.32083333333334,6282291486.199734
Eun,M5,cDXHP,Base,CZ16,25.15416666666667,4100504295.346294
Eun,M5,cDXHP,Measure,CZ01,16.715000000000003,2549559901.9971867
Eun,M5,cDXHP,Measure,CZ02,25.97041666666667,4070699827.0228467
Eun,M5,cDXHP,Measure,CZ03,24.965,2951394291.4167614
Eun,M5,cDXHP,Measure,CZ04,32.625416666666666,4955825287.832674
Eun,M5,cDXHP,Measure,CZ05,22.50375,2781792134.2500997
Eun,M5,cDXHP,Measure,CZ06,25.295833333333334,2934791873.68861
Eun,M5,cDXHP,Measure,CZ07,25.2725,3782830658.498378
Eun,M5,cDXHP,Measure,CZ08,32.28541666666666,3918336440.216575
Eun,M5,cDXHP,Measure,CZ09,35.456250000000004,4163574645.312011
Eun,M5,cDXHP,Measure,CZ10,35.55666666666667,4045449562.3046446
Eun,M5,cDXHP,Measure,CZ11,36.25708333333334,4824550212.096165
Eun,M5,cDXHP,Measure,CZ12,33.139583333333334,5055866852.231839
Eun,M5,cDXHP,Measure,CZ13,37.3975,4838860973.957815
Eun,M5,cDXHP,Measure,CZ14,33.69791666666667,4433901920.18821
Eun,M5,cDXHP,Measure,CZ15,42.32083333333334,5977257008.293935
Eun,M5,cDXHP,Measure,CZ16,25.15416666666667,3957862796.357111
Eun,M5,cPTAC,Base,CZ01,16.715000000000003,2676507290.6120634
Eun,M5,cPTAC,Base,CZ02,25.97041666666667,4279992692.0663633
Eun,M5,cPTAC,Base,CZ03,24.965,3123216540.2094774
Eun,M5,cPTAC,Base,CZ04,32.625416666666666,5194438954.749826
Eun,M5,cPTAC,Base,CZ05,22.50375,2940739071.116358
Eun,M5,cPTAC,Base,CZ06,25.295833333333334,3108454625.230355
Eun,M5,cPTAC,Base,CZ07,25.2725,4022807118.3135133
Eun,M5,cPTAC,Base,CZ08,32.28541666666666,4150995670.8502827
Eun,M5,cPTAC,Base,CZ09,35.456250000000004,4429119863.078654
Eun,M5,cPTAC,Base,CZ10,35.55666666666667,4274564157.5183067
Eun,M5,cPTAC,Base,CZ11,36.25708333333334,5095216879.911943
Eun,M5,cPTAC,Base,CZ12,33.139583333333334,5303739881.182493
Eun,M5,cPTAC,Base,CZ13,37.3975,5114310911.03029
Eun,M5,cPTAC,Base,CZ14,33.69791666666667,4705234663.317881
Eun,M5,cPTAC,Base,CZ15,42.32083333333334,6286989606.357361
Eun,M5,cPTAC,Base,CZ16,25.15416666666667,4162260076.579438
Eun,M5,cPTAC,Measure,CZ01,16.715000000000003,2589514965.2181396
Eun,M5,cPTAC,Measure,CZ02,25.97041666666667,4120364419.90729
Eun,M5,cPTAC,Measure,CZ03,24.965,2995775010.482388
Eun,M5,cPTAC,Measure,CZ04,32.625416666666666,4998678925.828905
Eun,M5,cPTAC,Measure,CZ05,22.50375,2830850824.146613
Eun,M5,cPTAC,Measure,CZ06,25.295833333333334,2984113700.8713264
Eun,M5,cPTAC,Measure,CZ07,25.2725,3845496013.8001547
Eun,M5,cPTAC,Measure,CZ08,32.28541666666666,3965476318.044236
Eun,M5,cPTAC,Measure,CZ09,35.456250000000004,4217028736.1022224
Eun,M5,cPTAC,Measure,CZ10,35.55666666666667,4074926082.086115
Eun,M5,cPTAC,Measure,CZ11,36.25708333333334,4855564365.280407
Eun,M5,cPTAC,Measure,CZ12,33.139583333333334,5096398929.150888
Eun,M5,cPTAC,Measure,CZ13,37.3975,4869419249.680344
Eun,M5,cPTAC,Measure,CZ14,33.69791666666667,4509495236.823133
Eun,M5,cPTAC,Measure,CZ15,42.32083333333334,5981624528.526533
Eun,M5,cPTAC,Measure,CZ16,25.15416666666667,4020427480.304422
Eun,M5,cPVVG,Base,CZ01,16.715000000000003,2642895981.600541
Eun,M5,cPVVG,Base,CZ02,25.97041666666667,4236816780.4965773
Eun,M5,cPVVG,Base,CZ03,24.965,3081470385.21424
Eun,M5,cPVVG,Base,CZ04,32.625416666666666,5147261721.864827
Eun,M5,cPVVG,Base,CZ05,22.50375,2900774870.2393975
Eun,M5,cPVVG,Base,CZ06,25.295833333333334,3065986333.9683867
Eun,M5,cPVVG,Base,CZ07,25.2725,3971303809.0342627
Eun,M5,cPVVG,Base,CZ08,32.28541666666666,4102984888.601968
Eun,M5,cPVVG,Base,CZ09,35.456250000000004,4378163658.404963
Eun,M5,cPVVG,Base,CZ10,35.55666666666667,4226132696.933875
Eun,M5,cPVVG,Base,CZ11,36.25708333333334,5042933058.218864
Eun,M5,cPVVG,Base,CZ12,33.139583333333334,5256206019.952995
Eun,M5,cPVVG,Base,CZ13,37.3975,5061662729.068328
Eun,M5,cPVVG,Base,CZ14,33.69791666666667,4654731054.6560955
Eun,M5,cPVVG,Base,CZ15,42.32083333333334,6232162673.595152
Eun,M5,cPVVG,Base,CZ16,25.15416666666667,4111128184.9452777
Eun,M5,cPVVG,Measure,CZ01,16.715000000000003,2556799918.613256
Eun,M5,cPVVG,Measure,CZ02,25.97041666666667,4078721823.40452
Eun,M5,cPVVG,Measure,CZ03,24.965,2955399630.426701
Eun,M5,cPVVG,Measure,CZ04,32.625416666666666,4953300209.476206
Eun,M5,cPVVG,Measure,CZ05,22.50375,2792093910.58982
Eun,M5,cPVVG,Measure,CZ06,25.295833333333334,2943032825.417783
Eun,M5,cPVVG,Measure,CZ07,25.2725,3795758898.6114035
Eun,M5,cPVVG,Measure,CZ08,32.28541666666666,3919376937.541419
Eun,M5,cPVVG,Measure,CZ09,35.456250000000004,4168431141.0803204
Eun,M5,cPVVG,Measure,CZ10,35.55666666666667,4028602400.0934267
Eun,M5,cPVVG,Measure,CZ11,36.25708333333334,4807304988.345842
Eun,M5,cPVVG,Measure,CZ12,33.139583333333334,5050793826.37455
Eun,M5,cPVVG,Measure,CZ13,37.3975,4821150855.586542
Eun,M5,cPVVG,Measure,CZ14,33.69791666666667,4462595283.702793
Eun,M5,cPVVG,Measure,CZ15,42.32083333333334,5929677111.34861
Eun,M5,cPVVG,Measure,CZ16,25.15416666666667,3971992137.232986
Gro,M1,cDXGF,Base,CZ01,16.715000000000003,1201111765.2593822
Gro,M1,cDXGF,Base,CZ02,25.97041666666667,1315882126.284029
Gro,M1,cDXGF,Base,CZ03,24.965,1259745295.8760738
Gro,M1,cDXGF,Base,CZ04,32.625416666666666,1382442215.706922
Gro,M1,cDXGF,Base,CZ05,22.50375,1227986198.1829937
Gro,M1,cDXGF,Base,CZ06,25.295833333333334,1279781157.6621575
Gro,M1,cDXGF,Base,CZ07,25.2725,1335234603.954441
Gro,M1,cDXGF,Base,CZ08,32.28541666666666,1378962672.9505296
Gro,M1,cDXGF,Base,CZ09,35.456250000000004,1418347917.5210779
Gro,M1,cDXGF,Base,CZ10,35.55666666666667,1409339015.8008535
Gro,M1,cDXGF,Base,CZ11,36.25708333333334,1408663443.2006602
Gro,M1,cDXGF,Base,CZ12,33.139583333333334,1410450397.6995678
Gro,M1,cDXGF,Base,CZ13,37.3975,1415726960.1881332
Gro,M1,cDXGF,Base,CZ14,33.69791666666667,1351504895.0341477
Gro,M1,cDXGF,Base,CZ15,42.32083333333334,1560733367.536509
Gro,M1,cDXGF,Base,CZ16,25.15416666666667,1262224009.0951035
Gro,M1,cDXGF,Measure,CZ01,16.715000000000003,1201016937.6894088
Gro,M1,cDXGF,Measure,CZ02,25.97041666666667,1320589857.7701082
Gro,M1,cDXGF,Measure,CZ03,24.965,1263208669.7842588
Gro,M1,cDXGF,Measure,CZ04,32.625416666666666,1384435962.9966912
Gro,M1,cDXGF,Measure,CZ05,22.50375,1231312744.0770626
Gro,M1,cDXGF,Measure,CZ06,25.295833333333334,1280105654.3295226
Gro,M1,cDXGF,Measure,CZ07,25.2725,1331904796.9915018
Gro,M1,cDXGF,Measure,CZ08,32.28541666666666,1379096489.4566212
Gro,M1,cDXGF,Measure,CZ09,35.456250000000004,1417618383.6921558
Gro,M1,cDXGF,Measure,CZ10,35.55666666666667,1409145649.5768578
Gro,M1,cDXGF,Measure,CZ11,36.25708333333334,1391834957.182128
Gro,M1,cDXGF,Measure,CZ12,33.139583333333334,1410874253.4979753
Gro,M1,cDXGF,Measure,CZ13,37.3975,1397966234.9245358
Gro,M1,cDXGF,Measure,CZ14,33.69791666666667,1334177910.1167974
Gro,M1,cDXGF,Measure,CZ15,42.32083333333334,1552960574.4754696
Gro,M1,cDXGF,Measure,CZ16,25.15416666666667,1248026665.5205023
Gro,M1,cDXHP,Base,CZ01,16.715000000000003,1206664305.4215379
Gro,M1,cDXHP,Base,CZ02,25.97041666666667,1316855413.385331
Gro,M1,cDXHP,Base,CZ03,24.965,1261759034.5860476
Gro,M1,cDXHP,Base,CZ04,32.625416666666666,1383209274.450067
Gro,M1,cDXHP,Base,CZ05,22.50375,1230214542.9872656
Gro,M1,cDXHP,Base,CZ06,25.295833333333334,1281154099.3687725
Gro,M1,cDXHP,Base,CZ07,25.2725,1332709296.1995132
Gro,M1,cDXHP,Base,CZ08,32.28541666666666,1382200768.8576202
Gro,M1,cDXHP,Base,CZ09,35.456250000000004,1422915218.8436363
Gro,M1,cDXHP,Base,CZ10,35.55666666666667,1410708022.233027
Gro,M1,cDXHP,Base,CZ11,36.25708333333334,1408670372.7621756
Gro,M1,cDXHP,Base,CZ12,33.139583333333334,1411758417.992783
Gro,M1,cDXHP,Base,CZ13,37.3975,1415765171.508667
Gro,M1,cDXHP,Base,CZ14,33.69791666666667,1352568543.3606796
Gro,M1,cDXHP,Base,CZ15,42.32083333333334,1560733367.5327272
Gro,M1,cDXHP,Base,CZ16,25.15416666666667,1264231378.8879056
Gro,M1,cDXHP,Measure,CZ01,16.715000000000003,1204351402.1297257
Gro,M1,cDXHP,Measure,CZ02,25.97041666666667,1321722774.8081255
Gro,M1,cDXHP,Measure,CZ03,24.965,1265321318.1899006
Gro,M1,cDXHP,Measure,CZ04,32.625416666666666,1385214102.8380787
Gro,M1,cDXHP,Measure,CZ05,22.50375,1233130270.828001
Gro,M1,cDXHP,Measure,CZ06,25.295833333333334,1281559173.9860532
Gro,M1,cDXHP,Measure,CZ07,25.2725,1329314441.4902327
Gro,M1,cDXHP,Measure,CZ08,32.28541666666666,1382167590.926947
Gro,M1,cDXHP,Measure,CZ09,35.456250000000004,1421906601.221552
Gro,M1,cDXHP,Measure,CZ10,35.55666666666667,1410248380.582888
Gro,M1,cDXHP,Measure,CZ11,36.25708333333334,1391841178.7233458
Gro,M1,cDXHP,Measure,CZ12,33.139583333333334,1412184032.3030171
Gro,M1,cDXHP,Measure,CZ13,37.3975,1398002582.7768376
Gro,M1,cDXHP,Measure,CZ14,33.69791666666667,1335173716.1195145
Gro,M1,cDXHP,Measure,CZ15,42.32083333333334,1552960565.5998523
Gro,M1,cDXHP,Measure,CZ16,25.15416666666667,1249864886.608783
Gro,M1,cPTAC,Base,CZ01,16.715000000000003,1204888177.2456298
Gro,M1,cPTAC,Base,CZ02,25.97041666666667,1315929398.4638288
Gro,M1,cPTAC,Base,CZ03,24.965,1259229648.924428
Gro,M1,cPTAC,Base,CZ04,32.625416666666666,1382387608.506012
Gro,M1,cPTAC,Base,CZ05,22.50375,1227206531.5788589
Gro,M1,cPTAC,Base,CZ06,25.295833333333334,1280591119.9900842
Gro,M1,cPTAC,Base,CZ07,25.2725,1335840458.8158257
Gro,M1,cPTAC,Base,CZ08,32.28541666666666,1378855815.7350433
Gro,M1,cPTAC,Base,CZ09,35.456250000000004,1418197893.4724407
Gro,M1,cPTAC,Base,CZ10,35.55666666666667,1409301169.1138172
Gro,M1,cPTAC,Base,CZ11,36.25708333333334,1408651575.5445218
Gro,M1,cPTAC,Base,CZ12,33.139583333333334,1410389206.2388601
Gro,M1,cPTAC,Base,CZ13,37.3975,1415718396.3297045
Gro,M1,cPTAC,Base,CZ14,33.69791666666667,1351485672.2873363
Gro,M1,cPTAC,Base,CZ15,42.32083333333334,1560733397.869833
Gro,M1,cPTAC,Base,CZ16,25.15416666666667,1262181310.2535958
Gro,M1,cPTAC,Measure,CZ01,16.715000000000003,1203659711.0749872
Gro,M1,cPTAC,Measure,CZ02,25.97041666666667,1320920005.7796762
Gro,M1,cPTAC,Measure,CZ03,24.965,1263163100.683175
Gro,M1,cPTAC,Measure,CZ04,32.625416666666666,1384397903.465473
Gro,M1,cPTAC,Measure,CZ05,22.50375,1230827874.967413
Gro,M1,cPTAC,Measure,CZ06,25.295833333333334,1280891180.378997
Gro,M1,cPTAC,Measure,CZ07,25.2725,1332583895.1365712
Gro,M1,cPTAC,Measure,CZ08,32.28541666666666,1378986198.1368675
Gro,M1,cPTAC,Measure,CZ09,35.456250000000004,1417519278.7792149
Gro,M1,cPTAC,Measure,CZ10,35.55666666666667,1409138130.0974026
Gro,M1,cPTAC,Measure,CZ11,36.25708333333334,1391811558.1111143
Gro,M1,cPTAC,Measure,CZ12,33.139583333333334,1410804721.363932
Gro,M1,cPTAC,Measure,CZ13,37.3975,1397947534.3491747
Gro,M1,cPTAC,Measure,CZ14,33.69791666666667,1334151203.68901
Gro,M1,cPTAC,Measure,CZ15,42.32083333333334,1552952528.3429015
Gro,M1,cPTAC,Measure,CZ16,25.15416666666667,1247958478.2011597
Gro,M1,cPVVG,Base,CZ01,16.715000000000003,1161492279.9630833
Gro,M1,cPVVG,Base,CZ02,25.97041666666667,1270670806.4443984
Gro,M1,cPVVG,Base,CZ03,24.965,1219633007.3595643
Gro,M1,cPVVG,Base,CZ04,32.625416666666666,1338548566.3440485
Gro,M1,cPVVG,Base,CZ05,22.50375,1184387356.318049
Gro,M1,cPVVG,Base,CZ06,25.295833333333334,1233712851.0290766
Gro,M1,cPVVG,Base,CZ07,25.2725,1291843770.9867978
Gro,M1,cPVVG,Base,CZ08,32.28541666666666,1343277040.3684304
Gro,M1,cPVVG,Base,CZ09,35.456250000000004,1386864153.208303
Gro,M1,cPVVG,Base,CZ10,35.55666666666667,1376291024.4441671
Gro,M1,cPVVG,Base,CZ11,36.25708333333334,1371893659.617851
Gro,M1,cPVVG,Base,CZ12,33.139583333333334,1372595595.6520839
Gro,M1,cPVVG,Base,CZ13,37.3975,1382588087.4118826
Gro,M1,cPVVG,Base,CZ14,33.69791666666667,1311311910.3295693
Gro,M1,cPVVG,Base,CZ15,42.32083333333334,1543026975.714065
Gro,M1,cPVVG,Base,CZ16,25.15416666666667,1211963804.4083333
Gro,M1,cPVVG,Measure,CZ01,16.715000000000003,1161498217.6841512
Gro,M1,cPVVG,Measure,CZ02,25.97041666666667,1279983363.9385023
Gro,M1,cPVVG,Measure,CZ03,24.965,1226881880.1215458
Gro,M1,cPVVG,Measure,CZ04,32.625416666666666,1345961853.5072327
Gro,M1,cPVVG,Measure,CZ05,22.50375,1190487330.5438604
Gro,M1,cPVVG,Measure,CZ06,25.295833333333334,1237834009.5875258
Gro,M1,cPVVG,Measure,CZ07,25.2725,1291304595.342043
Gro,M1,cPVVG,Measure,CZ08,32.28541666666666,1347749275.7659774
Gro,M1,cPVVG,Measure,CZ09,35.456250000000004,1390260359.5539987
Gro,M1,cPVVG,Measure,CZ10,35.55666666666667,1380686893.631772
Gro,M1,cPVVG,Measure,CZ11,36.25708333333334,1363839702.3542948
Gro,M1,cPVVG,Measure,CZ12,33.139583333333334,1377818573.977879
Gro,M1,cPVVG,Measure,CZ13,37.3975,1373536859.0925617
Gro,M1,cPVVG,Measure,CZ14,33.69791666666667,1302998652.8638084
Gro,M1,cPVVG,Measure,CZ15,42.32083333333334,1534517564.7332916
Gro,M1,cPVVG,Measure,CZ16,25.15416666666667,1207335169.4579544
Gro,M2,cDXGF,Base,CZ01,16.715000000000003,999609744.614867
Gro,M2,cDXGF,Base,CZ02,25.97041666666667,1287398326.3994133
Gro,M2,cDXGF,Base,CZ03,24.965,1243960353.0547743
Gro,M2,cDXGF,Base,CZ04,32.625416666666666,1338109388.6469262
Gro,M2,cDXGF,Base,CZ05,22.50375,1213738140.9713485
Gro,M2,cDXGF,Base,CZ06,25.295833333333334,1264499655.1502888
Gro,M2,cDXGF,Base,CZ07,25.2725,1281794520.5425055
Gro,M2,cDXGF,Base,CZ08,32.28541666666666,1338107947.7887366
Gro,M2,cDXGF,Base,CZ09,35.456250000000004,1358048864.3908114
Gro,M2,cDXGF,Base,CZ10,35.55666666666667,1345752175.9824874
Gro,M2,cDXGF,Base,CZ11,36.25708333333334,1322846490.2696903
Gro,M2,cDXGF,Base,CZ12,33.139583333333334,1343625016.2862487
Gro,M2,cDXGF,Base,CZ13,37.3975,1335083662.0709639
Gro,M2,cDXGF,Base,CZ14,33.69791666666667,1301052353.556414
Gro,M2,cDXGF,Base,CZ15,42.32083333333334,1432656432.5902514
Gro,M2,cDXGF,Base,CZ16,25.15416666666667,1261461392.3517923
Gro,M2,cDXGF,Measure,CZ01,16.715000000000003,995412338.54313
Gro,M2,cDXGF,Measure,CZ02,25.97041666666667,1280534268.346241
Gro,M2,cDXGF,Measure,CZ03,24.965,1237651653.9645696
Gro,M2,cDXGF,Measure,CZ04,32.625416666666666,1330113578.9560308
Gro,M2,cDXGF,Measure,CZ05,22.50375,1206626805.7718775
Gro,M2,cDXGF,Measure,CZ06,25.295833333333334,1258545714.5520039
Gro,M2,cDXGF,Measure,CZ07,25.2725,1275695177.4753418
Gro,M2,cDXGF,Measure,CZ08,32.28541666666666,1330150024.15008
Gro,M2,cDXGF,Measure,CZ09,35.456250000000004,1349407608.3826914
Gro,M2,cDXGF,Measure,CZ10,35.55666666666667,1337234486.629703
Gro,M2,cDXGF,Measure,CZ11,36.25708333333334,1304064923.3077319
Gro,M2,cDXGF,Measure,CZ12,33.139583333333334,1336044207.5881512
Gro,M2,cDXGF,Measure,CZ13,37.3975,1316479282.5898263
Gro,M2,cDXGF,Measure,CZ14,33.69791666666667,1282610573.6457007
Gro,M2,cDXGF,Measure,CZ15,42.32083333333334,1424316997.5421057
Gro,M2,cDXGF,Measure,CZ16,25.15416666666667,1243962669.4343524
Gro,M2,cDXHP,Base,CZ01,16.715000000000003,1001062848.1099193
Gro,M2,cDXHP,Base,CZ02,25.97041666666667,1288269351.6870923
Gro,M2,cDXHP,Base,CZ03,24.965,1245617079.4345086
Gro,M2,cDXHP,Base,CZ04,32.625416666666666,1338464671.083891
Gro,M2,cDXHP,Base,CZ05,22.50375,1215160485.9987826
Gro,M2,cDXHP,Base,CZ06,25.295833333333334,1265917335.296254
Gro,M2,cDXHP,Base,CZ07,25.2725,1283139988.167288
Gro,M2,cDXHP,Base,CZ08,32.28541666666666,1339229483.9742503
Gro,M2,cDXHP,Base,CZ09,35.456250000000004,1359127819.7618093
Gro,M2,cDXHP,Base,CZ10,35.55666666666667,1346193546.8792734
Gro,M2,cDXHP,Base,CZ11,36.25708333333334,1322850479.9199662
Gro,M2,cDXHP,Base,CZ12,33.139583333333334,1344257854.6565409
Gro,M2,cDXHP,Base,CZ13,37.3975,1335103563.9937625
Gro,M2,cDXHP,Base,CZ14,33.69791666666667,1301449687.363196
Gro,M2,cDXHP,Base,CZ15,42.32083333333334,1432656423.738505
Gro,M2,cDXHP,Base,CZ16,25.15416666666667,1263317619.467871
Gro,M2,cDXHP,Measure,CZ01,16.715000000000003,996814489.2804955
Gro,M2,cDXHP,Measure,CZ02,25.97041666666667,1281345297.0520625
Gro,M2,cDXHP,Measure,CZ03,24.965,1239173366.8307042
Gro,M2,cDXHP,Measure,CZ04,32.625416666666666,1330440300.2931755
Gro,M2,cDXHP,Measure,CZ05,22.50375,1207962879.2443974
Gro,M2,cDXHP,Measure,CZ06,25.295833333333334,1259862916.1156106
Gro,M2,cDXHP,Measure,CZ07,25.2725,1276935061.2090232
Gro,M2,cDXHP,Measure,CZ08,32.28541666666666,1331174468.3211098
Gro,M2,cDXHP,Measure,CZ09,35.456250000000004,1350379127.2746205
Gro,M2,cDXHP,Measure,CZ10,35.55666666666667,1337644046.5367098
Gro,M2,cDXHP,Measure,CZ11,36.25708333333334,1304068589.5165396
Gro,M2,cDXHP,Measure,CZ12,33.139583333333334,1336618048.7405763
Gro,M2,cDXHP,Measure,CZ13,37.3975,1316497577.4406643
Gro,M2,cDXHP,Measure,CZ14,33.69791666666667,1282950447.027835
Gro,M2,cDXHP,Measure,CZ15,42.32083333333334,1424316971.690933
Gro,M2,cDXHP,Measure,CZ16,25.15416666666667,1245527075.6388497
Gro,M2,cPTAC,Base,CZ01,16.715000000000003,1000701002.8130379
Gro,M2,cPTAC,Base,CZ02,25.97041666666667,1287751783.7646537
Gro,M2,cPTAC,Base,CZ03,24.965,1244702603.0910234
Gro,M2,cPTAC,Base,CZ04,32.625416666666666,1338059232.182096
Gro,M2,cPTAC,Base,CZ05,22.50375,1214339340.045769
Gro,M2,cPTAC,Base,CZ06,25.295833333333334,1265252234.0086777
Gro,M2,cPTAC,Base,CZ07,25.2725,1282383594.8936906
Gro,M2,cPTAC,Base,CZ08,32.28541666666666,1338036264.6479397
Gro,M2,cPTAC,Base,CZ09,35.456250000000004,1358001531.5565362
Gro,M2,cPTAC,Base,CZ10,35.55666666666667,1345714500.1281211
Gro,M2,cPTAC,Base,CZ11,36.25708333333334,1322837473.2550266
Gro,M2,cPTAC,Base,CZ12,33.139583333333334,1343595939.9859223
Gro,M2,cPTAC,Base,CZ13,37.3975,1335075170.6965833
Gro,M2,cPTAC,Base,CZ14,33.69791666666667,1301043136.557497
Gro,M2,cPTAC,Base,CZ15,42.32083333333334,1432656134.525231
Gro,M2,cPTAC,Base,CZ16,25.15416666666667,1261432721.863326
Gro,M2,cPTAC,Measure,CZ01,16.715000000000003,992213062.0380025
Gro,M2,cPTAC,Measure,CZ02,25.97041666666667,1281022126.0313308
Gro,M2,cPTAC,Measure,CZ03,24.965,1236090106.4958591
Gro,M2,cPTAC,Measure,CZ04,32.625416666666666,1330070701.5764923
Gro,M2,cPTAC,Measure,CZ05,22.50375,1207022072.9579806
Gro,M2,cPTAC,Measure,CZ06,25.295833333333334,1259344987.0154545
Gro,M2,cPTAC,Measure,CZ07,25.2725,1276384780.7581594
Gro,M2,cPTAC,Measure,CZ08,32.28541666666666,1330060070.4400911
Gro,M2,cPTAC,Measure,CZ09,35.456250000000004,1349372760.5457687
Gro,M2,cPTAC,Measure,CZ10,35.55666666666667,1337225264.9030108
Gro,M2,cPTAC,Measure,CZ11,36.25708333333334,1304039571.0752625
Gro,M2,cPTAC,Measure,CZ12,33.139583333333334,1336003997.3615575
Gro,M2,cPTAC,Measure,CZ13,37.3975,1316459341.2763317
Gro,M2,cPTAC,Measure,CZ14,33.69791666666667,1282586221.9424992
Gro,M2,cPTAC,Measure,CZ15,42.32083333333334,1424307683.491128
Gro,M2,cPTAC,Measure,CZ16,25.15416666666667,1243895520.356839
Gro,M2,cPVVG,Base,CZ01,16.715000000000003,953367341.0204103
Gro,M2,cPVVG,Base,CZ02,25.97041666666667,1238004625.2600417
Gro,M2,cPVVG,Base,CZ03,24.965,1200043584.974402
Gro,M2,cPVVG,Base,CZ04,32.625416666666666,1285082228.6945436
Gro,M2,cPVVG,Base,CZ05,22.50375,1162854628.9260147
Gro,M2,cPVVG,Base,CZ06,25.295833333333334,1216573696.983995
Gro,M2,cPVVG,Base,CZ07,25.2725,1234891924.6217942
Gro,M2,cPVVG,Base,CZ08,32.28541666666666,1291108090.438028
Gro,M2,cPVVG,Base,CZ09,35.456250000000004,1309718918.160668
Gro,M2,cPVVG,Base,CZ10,35.55666666666667,1296031705.36301
Gro,M2,cPVVG,Base,CZ11,36.25708333333334,1268921283.3944073
Gro,M2,cPVVG,Base,CZ12,33.139583333333334,1295685345.19681
Gro,M2,cPVVG,Base,CZ13,37.3975,1283912493.4731154
Gro,M2,cPVVG,Base,CZ14,33.69791666666667,1245881633.9002783
Gro,M2,cPVVG,Base,CZ15,42.32083333333334,1384980677.0319576
Gro,M2,cPVVG,Base,CZ16,25.15416666666667,1208494084.5282059
Gro,M2,cPVVG,Measure,CZ01,16.715000000000003,949391378.8591409
Gro,M2,cPVVG,Measure,CZ02,25.97041666666667,1234437978.589206
Gro,M2,cPVVG,Measure,CZ03,24.965,1196275570.882485
Gro,M2,cPVVG,Measure,CZ04,32.625416666666666,1281253813.9924002
Gro,M2,cPVVG,Measure,CZ05,22.50375,1159510191.4708376
Gro,M2,cPVVG,Measure,CZ06,25.295833333333334,1213291658.64227
Gro,M2,cPVVG,Measure,CZ07,25.2725,1231807933.9664156
Gro,M2,cPVVG,Measure,CZ08,32.28541666666666,1287115794.964692
Gro,M2,cPVVG,Measure,CZ09,35.456250000000004,1305352800.4019094
Gro,M2,cPVVG,Measure,CZ10,35.55666666666667,1291881420.2927928
Gro,M2,cPVVG,Measure,CZ11,36.25708333333334,1261320072.1489975
Gro,M2,cPVVG,Measure,CZ12,33.139583333333334,1292110032.5347984
Gro,M2,cPVVG,Measure,CZ13,37.3975,1276235316.153641
Gro,M2,cPVVG,Measure,CZ14,33.69791666666667,1238416153.6496754
Gro,M2,cPVVG,Measure,CZ15,42.32083333333334,1380937841.6885076
Gro,M2,cPVVG,Measure,CZ16,25.15416666666667,1201073893.6176286
Gro,M3,cDXGF,Base,CZ01,16.715000000000003,930092131.1918612
Gro,M3,cDXGF,Base,CZ02,25.97041666666667,1233806146.3264766
Gro,M3,cDXGF,Base,CZ03,24.965,1187994210.488568
Gro,M3,cDXGF,Base,CZ04,32.625416666666666,1290671049.6229403
Gro,M3,cDXGF,Base,CZ05,22.50375,1146806025.1072755
Gro,M3,cDXGF,Base,CZ06,25.295833333333334,1206774021.843769
Gro,M3,cDXGF,Base,CZ07,25.2725,1228553591.329687
Gro,M3,cDXGF,Base,CZ08,32.28541666666666,1300147845.9022913
Gro,M3,cDXGF,Base,CZ09,35.456250000000004,1321565851.9280725
Gro,M3,cDXGF,Base,CZ10,35.55666666666667,1305336544.8791041
Gro,M3,cDXGF,Base,CZ11,36.25708333333334,1279498063.836825
Gro,M3,cDXGF,Base,CZ12,33.139583333333334,1307150759.5881577
Gro,M3,cDXGF,Base,CZ13,37.3975,1298860254.0593123
Gro,M3,cDXGF,Base,CZ14,33.69791666666667,1247722070.1461325
Gro,M3,cDXGF,Base,CZ15,42.32083333333334,1417974168.2935338
Gro,M3,cDXGF,Base,CZ16,25.15416666666667,1201176193.1713476
Gro,M3,cDXGF,Measure,CZ01,16.715000000000003,924488145.5831168
Gro,M3,cDXGF,Measure,CZ02,25.97041666666667,1212635774.7153807
Gro,M3,cDXGF,Measure,CZ03,24.965,1173401217.0844045
Gro,M3,cDXGF,Measure,CZ04,32.625416666666666,1259450142.3603673
Gro,M3,cDXGF,Measure,CZ05,22.50375,1135557807.9304354
Gro,M3,cDXGF,Measure,CZ06,25.295833333333334,1190516888.7947261
Gro,M3,cDXGF,Measure,CZ07,25.2725,1210744598.2514288
Gro,M3,cDXGF,Measure,CZ08,32.28541666666666,1267830182.6379068
Gro,M3,cDXGF,Measure,CZ09,35.456250000000004,1285420351.6502786
Gro,M3,cDXGF,Measure,CZ10,35.55666666666667,1271531762.142308
Gro,M3,cDXGF,Measure,CZ11,36.25708333333334,1244029833.481845
Gro,M3,cDXGF,Measure,CZ12,33.139583333333334,1273250808.7634978
Gro,M3,cDXGF,Measure,CZ13,37.3975,1259985229.2236032
Gro,M3,cDXGF,Measure,CZ14,33.69791666666667,1218124972.1015184
Gro,M3,cDXGF,Measure,CZ15,42.32083333333334,1364275985.9842978
Gro,M3,cDXGF,Measure,CZ16,25.15416666666667,1181139605.3178167
Gro,M3,cDXHP,Base,CZ01,16.715000000000003,927967891.2625614
Gro,M3,cDXHP,Base,CZ02,25.97041666666667,1230363154.2631695
Gro,M3,cDXHP,Base,CZ03,24.965,1182777071.8121176
Gro,M3,cDXHP,Base,CZ04,32.625416666666666,1289501751.848205
Gro,M3,cDXHP,Base,CZ05,22.50375,1143353504.9689336
Gro,M3,cDXHP,Base,CZ06,25.295833333333334,1201052885.5602539
Gro,M3,cDXHP,Base,CZ07,25.2725,1222398508.506716
Gro,M3,cDXHP,Base,CZ08,32.28541666666666,1296141522.843249
Gro,M3,cDXHP,Base,CZ09,35.456250000000004,1318040298.409216
Gro,M3,cDXHP,Base,CZ10,35.55666666666667,1303917300.5779526
Gro,M3,cDXHP,Base,CZ11,36.25708333333334,1279485297.7964358
Gro,M3,cDXHP,Base,CZ12,33.139583333333334,1305095872.0924826
Gro,M3,cDXHP,Base,CZ13,37.3975,1298824263.271569
Gro,M3,cDXHP,Base,CZ14,33.69791666666667,1246000548.8673596
Gro,M3,cDXHP,Base,CZ15,42.32083333333334,1417974131.0846162
Gro,M3,cDXHP,Base,CZ16,25.15416666666667,1190629643.3958554
Gro,M3,cDXHP,Measure,CZ01,16.715000000000003,922223653.8966702
Gro,M3,cDXHP,Measure,CZ02,25.97041666666667,1209184391.7874265
Gro,M3,cDXHP,Measure,CZ03,24.965,1168175632.796072
Gro,M3,cDXHP,Measure,CZ04,32.625416666666666,1258258995.488741
Gro,M3,cDXHP,Measure,CZ05,22.50375,1132049458.8811126
Gro,M3,cDXHP,Measure,CZ06,25.295833333333334,1184868204.81226
Gro,M3,cDXHP,Measure,CZ07,25.2725,1204689327.1987796
Gro,M3,cDXHP,Measure,CZ08,32.28541666666666,1263861039.0553572
Gro,M3,cDXHP,Measure,CZ09,35.456250000000004,1281943748.1769712
Gro,M3,cDXHP,Measure,CZ10,35.55666666666667,1270133025.2913756
Gro,M3,cDXHP,Measure,CZ11,36.25708333333334,1244015847.9646661
Gro,M3,cDXHP,Measure,CZ12,33.139583333333334,1271177247.2798033
Gro,M3,cDXHP,Measure,CZ13,37.3975,1259943870.0140228
Gro,M3,cDXHP,Measure,CZ14,33.69791666666667,1216445197.7944508
Gro,M3,cDXHP,Measure,CZ15,42.32083333333334,1364275954.9793165
Gro,M3,cDXHP,Measure,CZ16,25.15416666666667,1170896002.0242853
Gro,M3,cPTAC,Base,CZ01,16.715000000000003,920426027.0798757
Gro,M3,cPTAC,Base,CZ02,25.97041666666667,1234210881.3860512
Gro,M3,cPTAC,Base,CZ03,24.965,1187992144.1464343
Gro,M3,cPTAC,Base,CZ04,32.625416666666666,1290565494.3247046
Gro,M3,cPTAC,Base,CZ05,22.50375,1144218574.2475657
Gro,M3,cPTAC,Base,CZ06,25.295833333333334,1207386548.7237868
Gro,M3,cPTAC,Base,CZ07,25.2725,1229176747.7384634
Gro,M3,cPTAC,Base,CZ08,32.28541666666666,1299851965.85817
Gro,M3,cPTAC,Base,CZ09,35.456250000000004,1321340024.1673653
Gro,M3,cPTAC,Base,CZ10,35.55666666666667,1305201979.816486
Gro,M3,cPTAC,Base,CZ11,36.25708333333334,1279460861.6579344
Gro,M3,cPTAC,Base,CZ12,33.139583333333334,1307049862.1189733
Gro,M3,cPTAC,Base,CZ13,37.3975,1298830440.352617
Gro,M3,cPTAC,Base,CZ14,33.69791666666667,1247686034.9809227
Gro,M3,cPTAC,Base,CZ15,42.32083333333334,1417959714.6153312
Gro,M3,cPTAC,Base,CZ16,25.15416666666667,1201067255.305407
Gro,M3,cPTAC,Measure,CZ01,16.715000000000003,915275243.9236579
Gro,M3,cPTAC,Measure,CZ02,25.97041666666667,1213098621.6384573
Gro,M3,cPTAC,Measure,CZ03,24.965,1173551149.1990006
Gro,M3,cPTAC,Measure,CZ04,32.625416666666666,1259382217.3391066
Gro,M3,cPTAC,Measure,CZ05,22.50375,1133209814.6537843
Gro,M3,cPTAC,Measure,CZ06,25.295833333333334,1191193461.2299533
Gro,M3,cPTAC,Measure,CZ07,25.2725,1211402958.5212886
Gro,M3,cPTAC,Measure,CZ08,32.28541666666666,1267613088.859665
Gro,M3,cPTAC,Measure,CZ09,35.456250000000004,1285268697.4311903
Gro,M3,cPTAC,Measure,CZ10,35.55666666666667,1271453258.6917238
Gro,M3,cPTAC,Measure,CZ11,36.25708333333334,1243998837.6531222
Gro,M3,cPTAC,Measure,CZ12,33.139583333333334,1273176895.8596034
Gro,M3,cPTAC,Measure,CZ13,37.3975,1259960829.3704906
Gro,M3,cPTAC,Measure,CZ14,33.69791666666667,1218094638.4839432
Gro,M3,cPTAC,Measure,CZ15,42.32083333333334,1364263944.637432
Gro,M3,cPTAC,Measure,CZ16,25.15416666666667,1181045803.1100068
Gro,M3,cPVVG,Base,CZ01,16.715000000000003,928084083.5623571
Gro,M3,cPVVG,Base,CZ02,25.97041666666667,1229903982.103117
Gro,M3,cPVVG,Base,CZ03,24.965,1185139865.4411702
Gro,M3,cPVVG,Base,CZ04,32.625416666666666,1285640472.931461
Gro,M3,cPVVG,Base,CZ05,22.50375,1144386907.6901877
Gro,M3,cPVVG,Base,CZ06,25.295833333333334,1203316942.8296015
Gro,M3,cPVVG,Base,CZ07,25.2725,1224738458.1520362
Gro,M3,cPVVG,Base,CZ08,32.28541666666666,1295243444.9601684
Gro,M3,cPVVG,Base,CZ09,35.456250000000004,1316375596.932269
Gro,M3,cPVVG,Base,CZ10,35.55666666666667,1300323915.6486526
Gro,M3,cPVVG,Base,CZ11,36.25708333333334,1274226474.95919
Gro,M3,cPVVG,Base,CZ12,33.139583333333334,1302005496.5204513
Gro,M3,cPVVG,Base,CZ13,37.3975,1293432190.336701
Gro,M3,cPVVG,Base,CZ14,33.69791666666667,1242711481.8650875
Gro,M3,cPVVG,Base,CZ15,42.32083333333334,1411817744.8728917
Gro,M3,cPVVG,Base,CZ16,25.15416666666667,1196319817.3635705
Gro,M3,cPVVG,Measure,CZ01,16.715000000000003,922583871.9165099
Gro,M3,cPVVG,Measure,CZ02,25.97041666666667,1208934614.4018192
Gro,M3,cPVVG,Measure,CZ03,24.965,1170689351.0726
Gro,M3,cPVVG,Measure,CZ04,32.625416666666666,1254703251.1364346
Gro,M3,cPVVG,Measure,CZ05,22.50375,1133260092.71974
Gro,M3,cPVVG,Measure,CZ06,25.295833333333334,1187232402.0408306
Gro,M3,cPVVG,Measure,CZ07,25.2725,1207118052.3111954
Gro,M3,cPVVG,Measure,CZ08,32.28541666666666,1263197961.3917975
Gro,M3,cPVVG,Measure,CZ09,35.456250000000004,1280534536.374658
Gro,M3,cPVVG,Measure,CZ10,35.55666666666667,1266815502.5416715
Gro,M3,cPVVG,Measure,CZ11,36.25708333333334,1239071700.3033912
Gro,M3,cPVVG,Measure,CZ12,33.139583333333334,1268396514.4722402
Gro,M3,cPVVG,Measure,CZ13,37.3975,1254892988.2157712
Gro,M3,cPVVG,Measure,CZ14,33.69791666666667,1213400994.6115007
Gro,M3,cPVVG,Measure,CZ15,42.32083333333334,1358514724.5823665
Gro,M3,cPVVG,Measure,CZ16,25.15416666666667,1176521210.0206103
Gro,M4,cDXGF,Base,CZ01,16.715000000000003,1205838049.9025087
Gro,M4,cDXGF,Base,CZ02,25.97041666666667,1320535209.8430924
Gro,M4,cDXGF,Base,CZ03,24.965,1263195423.3775249
Gro,M4,cDXGF,Base,CZ04,32.625416666666666,1382469855.3820715
Gro,M4,cDXGF,Base,CZ05,22.50375,1232224397.7872756
Gro,M4,cDXGF,Base,CZ06,25.295833333333334,1281670837.4658418
Gro,M4,cDXGF,Base,CZ07,25.2725,1335251062.3988504
Gro,M4,cDXGF,Base,CZ08,32.28541666666666,1379052209.9822426
Gro,M4,cDXGF,Base,CZ09,35.456250000000004,1418427307.9759946
Gro,M4,cDXGF,Base,CZ10,35.55666666666667,1409465225.9528575
Gro,M4,cDXGF,Base,CZ11,36.25708333333334,1408732769.1518304
Gro,M4,cDXGF,Base,CZ12,33.139583333333334,1410437077.6451724
Gro,M4,cDXGF,Base,CZ13,37.3975,1415761229.464932
Gro,M4,cDXGF,Base,CZ14,33.69791666666667,1351528467.2466803
Gro,M4,cDXGF,Base,CZ15,42.32083333333334,1560951012.397643
Gro,M4,cDXGF,Base,CZ16,25.15416666666667,1264941957.045566
Gro,M4,cDXGF,Measure,CZ01,16.715000000000003,1206465373.4829834
Gro,M4,cDXGF,Measure,CZ02,25.97041666666667,1325491844.801135
Gro,M4,cDXGF,Measure,CZ03,24.965,1266904195.397984
Gro,M4,cDXGF,Measure,CZ04,32.625416666666666,1384454118.9358215
Gro,M4,cDXGF,Measure,CZ05,22.50375,1236768717.8071527
Gro,M4,cDXGF,Measure,CZ06,25.295833333333334,1281989182.000037
Gro,M4,cDXGF,Measure,CZ07,25.2725,1331921093.0253274
Gro,M4,cDXGF,Measure,CZ08,32.28541666666666,1379189274.216823
Gro,M4,cDXGF,Measure,CZ09,35.456250000000004,1417693411.0636048
Gro,M4,cDXGF,Measure,CZ10,35.55666666666667,1409273134.4191973
Gro,M4,cDXGF,Measure,CZ11,36.25708333333334,1391892199.8715575
Gro,M4,cDXGF,Measure,CZ12,33.139583333333334,1410850055.0861647
Gro,M4,cDXGF,Measure,CZ13,37.3975,1397992141.2232714
Gro,M4,cDXGF,Measure,CZ14,33.69791666666667,1334203085.901854
Gro,M4,cDXGF,Measure,CZ15,42.32083333333334,1553168585.5471883
Gro,M4,cDXGF,Measure,CZ16,25.15416666666667,1250733319.771552
Gro,M4,cDXHP,Base,CZ01,16.715000000000003,1211364121.3160453
Gro,M4,cDXHP,Base,CZ02,25.97041666666667,1321534847.009253
Gro,M4,cDXHP,Base,CZ03,24.965,1265312940.3566637
Gro,M4,cDXHP,Base,CZ04,32.625416666666666,1383236986.1175618
Gro,M4,cDXHP,Base,CZ05,22.50375,1234494796.6203756
Gro,M4,cDXHP,Base,CZ06,25.295833333333334,1283053019.1025896
Gro,M4,cDXHP,Base,CZ07,25.2725,1332725503.2083359
Gro,M4,cDXHP,Base,CZ08,32.28541666666666,1382296370.8441567
Gro,M4,cDXHP,Base,CZ09,35.456250000000004,1422997360.0231328
Gro,M4,cDXHP,Base,CZ10,35.55666666666667,1410839434.1257062
Gro,M4,cDXHP,Base,CZ11,36.25708333333334,1408739704.725184
Gro,M4,cDXHP,Base,CZ12,33.139583333333334,1411745190.4210114
Gro,M4,cDXHP,Base,CZ13,37.3975,1415799476.7483602
Gro,M4,cDXHP,Base,CZ14,33.69791666666667,1352592113.012878
Gro,M4,cDXHP,Base,CZ15,42.32083333333334,1560951012.395492
Gro,M4,cDXHP,Base,CZ16,25.15416666666667,1267009078.725219
Gro,M4,cDXHP,Measure,CZ01,16.715000000000003,1209773907.1945648
Gro,M4,cDXHP,Measure,CZ02,25.97041666666667,1326646833.6798549
Gro,M4,cDXHP,Measure,CZ03,24.965,1269122683.0842028
Gro,M4,cDXHP,Measure,CZ04,32.625416666666666,1385232563.7655091
Gro,M4,cDXHP,Measure,CZ05,22.50375,1238635154.7627156
Gro,M4,cDXHP,Measure,CZ06,25.295833333333334,1283451755.281117
Gro,M4,cDXHP,Measure,CZ07,25.2725,1329330492.3770475
Gro,M4,cDXHP,Measure,CZ08,32.28541666666666,1382263225.471229
Gro,M4,cDXHP,Measure,CZ09,35.456250000000004,1421985232.0815148
Gro,M4,cDXHP,Measure,CZ10,35.55666666666667,1410378289.4712372
Gro,M4,cDXHP,Measure,CZ11,36.25708333333334,1391898455.2194495
Gro,M4,cDXHP,Measure,CZ12,33.139583333333334,1412158785.9013243
Gro,M4,cDXHP,Measure,CZ13,37.3975,1398028517.1363983
Gro,M4,cDXHP,Measure,CZ14,33.69791666666667,1335198884.8980541
Gro,M4,cDXHP,Measure,CZ15,42.32083333333334,1553168568.9111125
Gro,M4,cDXHP,Measure,CZ16,25.15416666666667,1252627946.6035707
Gro,M4,cPTAC,Base,CZ01,16.715000000000003,1208972324.571351
Gro,M4,cPTAC,Base,CZ02,25.97041666666667,1320570798.7892861
Gro,M4,cPTAC,Base,CZ03,24.965,1262652455.4329147
Gro,M4,cPTAC,Base,CZ04,32.625416666666666,1382420880.659074
Gro,M4,cPTAC,Base,CZ05,22.50375,1231138395.5617177
Gro,M4,cPTAC,Base,CZ06,25.295833333333334,1282475972.457791
Gro,M4,cPTAC,Base,CZ07,25.2725,1335864272.3015466
Gro,M4,cPTAC,Base,CZ08,32.28541666666666,1378922856.251613
Gro,M4,cPTAC,Base,CZ09,35.456250000000004,1418277341.579485
Gro,M4,cPTAC,Base,CZ10,35.55666666666667,1409428601.1580768
Gro,M4,cPTAC,Base,CZ11,36.25708333333334,1408720187.256785
Gro,M4,cPTAC,Base,CZ12,33.139583333333334,1410400379.0366158
Gro,M4,cPTAC,Base,CZ13,37.3975,1415752652.9662971
Gro,M4,cPTAC,Base,CZ14,33.69791666666667,1351516272.4425755
Gro,M4,cPTAC,Base,CZ15,42.32083333333334,1560950980.2177875
Gro,M4,cPTAC,Base,CZ16,25.15416666666667,1264899783.5483856
Gro,M4,cPTAC,Measure,CZ01,16.715000000000003,1208133988.9524932
Gro,M4,cPTAC,Measure,CZ02,25.97041666666667,1325839420.2214735
Gro,M4,cPTAC,Measure,CZ03,24.965,1266815075.1953788
Gro,M4,cPTAC,Measure,CZ04,32.625416666666666,1384421556.0800495
Gro,M4,cPTAC,Measure,CZ05,22.50375,1235758745.8683467
Gro,M4,cPTAC,Measure,CZ06,25.295833333333334,1282768691.8867092
Gro,M4,cPTAC,Measure,CZ07,25.2725,1332606696.1819017
Gro,M4,cPTAC,Measure,CZ08,32.28541666666666,1379057705.2323306
Gro,M4,cPTAC,Measure,CZ09,35.456250000000004,1417593929.9214935
Gro,M4,cPTAC,Measure,CZ10,35.55666666666667,1409264598.2290561
Gro,M4,cPTAC,Measure,CZ11,36.25708333333334,1391868124.5482476
Gro,M4,cPTAC,Measure,CZ12,33.139583333333334,1410806149.5631268
Gro,M4,cPTAC,Measure,CZ13,37.3975,1397973348.2694337
Gro,M4,cPTAC,Measure,CZ14,33.69791666666667,1334179630.1294675
Gro,M4,cPTAC,Measure,CZ15,42.32083333333334,1553160383.4296772
Gro,M4,cPTAC,Measure,CZ16,25.15416666666667,1250666008.6865847
Gro,M4,cPVVG,Base,CZ01,16.715000000000003,1165071412.3116474
Gro,M4,cPVVG,Base,CZ02,25.97041666666667,1273836293.5648785
Gro,M4,cPVVG,Base,CZ03,24.965,1221864853.8103523
Gro,M4,cPVVG,Base,CZ04,32.625416666666666,1338583600.3509789
Gro,M4,cPVVG,Base,CZ05,22.50375,1187082162.290811
Gro,M4,cPVVG,Base,CZ06,25.295833333333334,1234784743.111228
Gro,M4,cPVVG,Base,CZ07,25.2725,1291857279.0795069
Gro,M4,cPVVG,Base,CZ08,32.28541666666666,1343376423.3901837
Gro,M4,cPVVG,Base,CZ09,35.456250000000004,1386950830.2141762
Gro,M4,cPVVG,Base,CZ10,35.55666666666667,1376433179.7066574
Gro,M4,cPVVG,Base,CZ11,36.25708333333334,1371969299.0798216
Gro,M4,cPVVG,Base,CZ12,33.139583333333334,1372598166.5259027
Gro,M4,cPVVG,Base,CZ13,37.3975,1382628371.6522217
Gro,M4,cPVVG,Base,CZ14,33.69791666666667,1311343356.9008727
Gro,M4,cPVVG,Base,CZ15,42.32083333333334,1543256974.5604222
Gro,M4,cPVVG,Base,CZ16,25.15416666666667,1214240303.8323824
Gro,M4,cPVVG,Measure,CZ01,16.715000000000003,1165528664.8635442
Gro,M4,cPVVG,Measure,CZ02,25.97041666666667,1283474678.4250827
Gro,M4,cPVVG,Measure,CZ03,24.965,1229394921.5450783
Gro,M4,cPVVG,Measure,CZ04,32.625416666666666,1345990514.5884182
Gro,M4,cPVVG,Measure,CZ05,22.50375,1193912196.7954557
Gro,M4,cPVVG,Measure,CZ06,25.295833333333334,1238975364.5065863
Gro,M4,cPVVG,Measure,CZ07,25.2725,1291320534.8702197
Gro,M4,cPVVG,Measure,CZ08,32.28541666666666,1347850584.759686
Gro,M4,cPVVG,Measure,CZ09,35.456250000000004,1390346811.659037
Gro,M4,cPVVG,Measure,CZ10,35.55666666666667,1380825931.4754825
Gro,M4,cPVVG,Measure,CZ11,36.25708333333334,1363905742.4587884
Gro,M4,cPVVG,Measure,CZ12,33.139583333333334,1377817189.4816957
Gro,M4,cPVVG,Measure,CZ13,37.3975,1373571598.3495283
Gro,M4,cPVVG,Measure,CZ14,33.69791666666667,1303025764.5148172
Gro,M4,cPVVG,Measure,CZ15,42.32083333333334,1534737630.6989565
Gro,M4,cPVVG,Measure,CZ16,25.15416666666667,1209601372.7422194
Gro,M5,cDXGF,Base,CZ01,16.715000000000003,1079030934.9967947
Gro,M5,cDXGF,Base,CZ02,25.97041666666667,1274862364.8714366
Gro,M5,cDXGF,Base,CZ03,24.965,1216401156.3160582
Gro,M5,cDXGF,Base,CZ04,32.625416666666666,1330256605.0754895
Gro,M5,cDXGF,Base,CZ05,22.50375,1180919992.9210815
Gro,M5,cDXGF,Base,CZ06,25.295833333333334,1222683254.981824
Gro,M5,cDXGF,Base,CZ07,25.2725,1280388691.2256646
Gro,M5,cDXGF,Base,CZ08,32.28541666666666,1349272551.5329537
Gro,M5,cDXGF,Base,CZ09,35.456250000000004,1395612135.249669
Gro,M5,cDXGF,Base,CZ10,35.55666666666667,1375826742.667745
Gro,M5,cDXGF,Base,CZ11,36.25708333333334,1355178157.8638997
Gro,M5,cDXGF,Base,CZ12,33.139583333333334,1373234545.807715
Gro,M5,cDXGF,Base,CZ13,37.3975,1367333031.1787305
Gro,M5,cDXGF,Base,CZ14,33.69791666666667,1286782297.6498885
Gro,M5,cDXGF,Base,CZ15,42.32083333333334,1557479770.299928
Gro,M5,cDXGF,Base,CZ16,25.15416666666667,1207405308.6205783
Gro,M5,cDXGF,Measure,CZ01,16.715000000000003,1073675991.2289025
Gro,M5,cDXGF,Measure,CZ02,25.97041666666667,1248510640.6275563
Gro,M5,cDXGF,Measure,CZ03,24.965,1199251838.1240087
Gro,M5,cDXGF,Measure,CZ04,32.625416666666666,1292506148.7136364
Gro,M5,cDXGF,Measure,CZ05,22.50375,1168527305.2867885
Gro,M5,cDXGF,Measure,CZ06,25.295833333333334,1204370400.951529
Gro,M5,cDXGF,Measure,CZ07,25.2725,1257419323.087107
Gro,M5,cDXGF,Measure,CZ08,32.28541666666666,1308491721.8969624
Gro,M5,cDXGF,Measure,CZ09,35.456250000000004,1346693462.569983
Gro,M5,cDXGF,Measure,CZ10,35.55666666666667,1329796984.3773751
Gro,M5,cDXGF,Measure,CZ11,36.25708333333334,1308010773.2865012
Gro,M5,cDXGF,Measure,CZ12,33.139583333333334,1329619699.4201534
Gro,M5,cDXGF,Measure,CZ13,37.3975,1316854054.8617234
Gro,M5,cDXGF,Measure,CZ14,33.69791666666667,1250537410.6328886
Gro,M5,cDXGF,Measure,CZ15,42.32083333333334,1480070074.2160707
Gro,M5,cDXGF,Measure,CZ16,25.15416666666667,1186371804.7310534
Gro,M5,cDXHP,Base,CZ01,16.715000000000003,1057831869.8436093
Gro,M5,cDXHP,Base,CZ02,25.97041666666667,1266422473.9111474
Gro,M5,cDXHP,Base,CZ03,24.965,1204627661.2761776
Gro,M5,cDXHP,Base,CZ04,32.625416666666666,1327959240.241307
Gro,M5,cDXHP,Base,CZ05,22.50375,1176452530.4008596
Gro,M5,cDXHP,Base,CZ06,25.295833333333334,1213656934.090185
Gro,M5,cDXHP,Base,CZ07,25.2725,1260364467.7121809
Gro,M5,cDXHP,Base,CZ08,32.28541666666666,1339914738.5536263
Gro,M5,cDXHP,Base,CZ09,35.456250000000004,1385791512.949294
Gro,M5,cDXHP,Base,CZ10,35.55666666666667,1369254684.1950145
Gro,M5,cDXHP,Base,CZ11,36.25708333333334,1355157547.020422
Gro,M5,cDXHP,Base,CZ12,33.139583333333334,1367721950.3270168
Gro,M5,cDXHP,Base,CZ13,37.3975,1367268246.514814
Gro,M5,cDXHP,Base,CZ14,33.69791666666667,1282573598.1959069
Gro,M5,cDXHP,Base,CZ15,42.32083333333334,1557479752.963396
Gro,M5,cDXHP,Base,CZ16,25.15416666666667,1200311683.8909657
Gro,M5,cDXHP,Measure,CZ01,16.715000000000003,1051929971.7828913
Gro,M5,cDXHP,Measure,CZ02,25.97041666666667,1239971812.2353015
Gro,M5,cDXHP,Measure,CZ03,24.965,1187671639.0480866
Gro,M5,cDXHP,Measure,CZ04,32.625416666666666,1290278101.7622662
Gro,M5,cDXHP,Measure,CZ05,22.50375,1164149987.7581491
Gro,M5,cDXHP,Measure,CZ06,25.295833333333334,1195294071.5475707
Gro,M5,cDXHP,Measure,CZ07,25.2725,1237289463.4650946
Gro,M5,cDXHP,Measure,CZ08,32.28541666666666,1299965948.3052104
Gro,M5,cDXHP,Measure,CZ09,35.456250000000004,1337848712.2219868
Gro,M5,cDXHP,Measure,CZ10,35.55666666666667,1324061804.9747748
Gro,M5,cDXHP,Measure,CZ11,36.25708333333334,1307989768.9451013
Gro,M5,cDXHP,Measure,CZ12,33.139583333333334,1324288954.3042173
Gro,M5,cDXHP,Measure,CZ13,37.3975,1316787179.7543087
Gro,M5,cDXHP,Measure,CZ14,33.69791666666667,1246752644.5183501
Gro,M5,cDXHP,Measure,CZ15,42.32083333333334,1480070059.7997181
Gro,M5,cDXHP,Measure,CZ16,25.15416666666667,1178983061.60681
Gro,M5,cPTAC,Base,CZ01,16.715000000000003,1132531443.7389083
Gro,M5,cPTAC,Base,CZ02,25.97041666666667,1275197389.8813615
Gro,M5,cPTAC,Base,CZ03,24.965,1216185143.201972
Gro,M5,cPTAC,Base,CZ04,32.625416666666666,1330122501.2827284
Gro,M5,cPTAC,Base,CZ05,22.50375,1177831134.8067632
Gro,M5,cPTAC,Base,CZ06,25.295833333333334,1223217752.637515
Gro,M5,cPTAC,Base,CZ07,25.2725,1280959401.7328966
Gro,M5,cPTAC,Base,CZ08,32.28541666666666,1348857424.5753179
Gro,M5,cPTAC,Base,CZ09,35.456250000000004,1395235504.7085085
Gro,M5,cPTAC,Base,CZ10,35.55666666666667,1375623209.991562
Gro,M5,cPTAC,Base,CZ11,36.25708333333334,1355134478.0902019
Gro,M5,cPTAC,Base,CZ12,33.139583333333334,1373107267.4996305
Gro,M5,cPTAC,Base,CZ13,37.3975,1367298462.743322
Gro,M5,cPTAC,Base,CZ14,33.69791666666667,1286742430.9416966
Gro,M5,cPTAC,Base,CZ15,42.32083333333334,1557464292.5898726
Gro,M5,cPTAC,Base,CZ16,25.15416666666667,1207293080.3602958
Gro,M5,cPTAC,Measure,CZ01,16.715000000000003,1128566451.432415
Gro,M5,cPTAC,Measure,CZ02,25.97041666666667,1248913639.559718
Gro,M5,cPTAC,Measure,CZ03,24.965,1199318028.6362345
Gro,M5,cPTAC,Measure,CZ04,32.625416666666666,1292414017.5717952
Gro,M5,cPTAC,Measure,CZ05,22.50375,1166162163.7184372
Gro,M5,cPTAC,Measure,CZ06,25.295833333333334,1204976871.7751498
Gro,M5,cPTAC,Measure,CZ07,25.2725,1258032073.2607942
Gro,M5,cPTAC,Measure,CZ08,32.28541666666666,1308175404.0637987
Gro,M5,cPTAC,Measure,CZ09,35.456250000000004,1346416279.7422645
Gro,M5,cPTAC,Measure,CZ10,35.55666666666667,1329661346.07652
Gro,M5,cPTAC,Measure,CZ11,36.25708333333334,1307974363.0788498
Gro,M5,cPTAC,Measure,CZ12,33.139583333333334,1329523543.5960507
Gro,M5,cPTAC,Measure,CZ13,37.3975,1316825771.9273596
Gro,M5,cPTAC,Measure,CZ14,33.69791666666667,1250503899.8783853
Gro,M5,cPTAC,Measure,CZ15,42.32083333333334,1480057197.045845
Gro,M5,cPTAC,Measure,CZ16,25.15416666666667,1186275259.6960912
Gro,M5,cPVVG,Base,CZ01,16.715000000000003,1053028473.802932
Gro,M5,cPVVG,Base,CZ02,25.97041666666667,1270641425.4339857
Gro,M5,cPVVG,Base,CZ03,24.965,1213475848.3507016
Gro,M5,cPVVG,Base,CZ04,32.625416666666666,1324890386.2538276
Gro,M5,cPVVG,Base,CZ05,22.50375,1178551874.617978
Gro,M5,cPVVG,Base,CZ06,25.295833333333334,1219136546.0113502
Gro,M5,cPVVG,Base,CZ07,25.2725,1275953101.3314097
Gro,M5,cPVVG,Base,CZ08,32.28541666666666,1344732180.3338656
Gro,M5,cPVVG,Base,CZ09,35.456250000000004,1391104250.4880724
Gro,M5,cPVVG,Base,CZ10,35.55666666666667,1371165275.555075
Gro,M5,cPVVG,Base,CZ11,36.25708333333334,1349326413.3538413
Gro,M5,cPVVG,Base,CZ12,33.139583333333334,1367784571.3611298
Gro,M5,cPVVG,Base,CZ13,37.3975,1361565262.2803164
Gro,M5,cPVVG,Base,CZ14,33.69791666666667,1281381771.074129
Gro,M5,cPVVG,Base,CZ15,42.32083333333334,1552348226.9106498
Gro,M5,cPVVG,Base,CZ16,25.15416666666667,1202422772.4146
Gro,M5,cPVVG,Measure,CZ01,16.715000000000003,1047763175.3001909
Gro,M5,cPVVG,Measure,CZ02,25.97041666666667,1244535132.7768269
Gro,M5,cPVVG,Measure,CZ03,24.965,1196485032.390629
Gro,M5,cPVVG,Measure,CZ04,32.625416666666666,1287475831.7907758
Gro,M5,cPVVG,Measure,CZ05,22.50375,1166284338.0773108
Gro,M5,cPVVG,Measure,CZ06,25.295833333333334,1201010270.3450909
Gro,M5,cPVVG,Measure,CZ07,25.2725,1253237757.786599
Gro,M5,cPVVG,Measure,CZ08,32.28541666666666,1304229303.5424743
Gro,M5,cPVVG,Measure,CZ09,35.456250000000004,1342484984.2009926
Gro,M5,cPVVG,Measure,CZ10,35.55666666666667,1325450258.290227
Gro,M5,cPVVG,Measure,CZ11,36.25708333333334,1302568752.7649748
Gro,M5,cPVVG,Measure,CZ12,33.139583333333334,1324522640.4269128
Gro,M5,cPVVG,Measure,CZ13,37.3975,1311501341.5458746
Gro,M5,cPVVG,Measure,CZ14,33.69791666666667,1245484548.1936336
Gro,M5,cPVVG,Measure,CZ15,42.32083333333334,1475333259.7004461
Gro,M5,cPVVG,Measure,CZ16,25.15416666666667,1181642892.0009913
Htl,M1,cDXGF,Base,CZ01,16.715000000000003,266430166.9267721
Htl,M1,cDXGF,Base,CZ02,25.97041666666667,391976089.4936768
Htl,M1,cDXGF,Base,CZ03,24.965,380900492.3758603
Htl,M1,cDXGF,Base,CZ04,32.625416666666666,518729579.7192607
Htl,M1,cDXGF,Base,CZ05,22.50375,343815330.14205647
Htl,M1,cDXGF,Base,CZ06,25.295833333333334,384469065.1108011
Htl,M1,cDXGF,Base,CZ07,25.2725,419988822.69868463
Htl,M1,cDXGF,Base,CZ08,32.28541666666666,510122532.44653803
Htl,M1,cDXGF,Base,CZ09,35.456250000000004,560693332.5100483
Htl,M1,cDXGF,Base,CZ10,35.55666666666667,563913748.8677298
Htl,M1,cDXGF,Base,CZ11,36.25708333333334,612969061.3427169
Htl,M1,cDXGF,Base,CZ12,33.139583333333334,522434262.9361321
Htl,M1,cDXGF,Base,CZ13,37.3975,626078948.732172
Htl,M1,cDXGF,Base,CZ14,33.69791666666667,556357584.752904
Htl,M1,cDXGF,Base,CZ15,42.32083333333334,719918003.6619415
Htl,M1,cDXGF,Base,CZ16,25.15416666666667,411606424.07310486
Htl,M1,cDXGF,Measure,CZ01,16.715000000000003,268461301.19379485
Htl,M1,cDXGF,Measure,CZ02,25.97041666666667,396063009.483177
Htl,M1,cDXGF,Measure,CZ03,24.965,384726580.6319777
Htl,M1,cDXGF,Measure,CZ04,32.625416666666666,521485958.36505073
Htl,M1,cDXGF,Measure,CZ05,22.50375,347767380.1317781
Htl,M1,cDXGF,Measure,CZ06,25.295833333333334,386142429.3765365
Htl,M1,cDXGF,Measure,CZ07,25.2725,420614480.2466026
Htl,M1,cDXGF,Measure,CZ08,32.28541666666666,511835980.7182596
Htl,M1,cDXGF,Measure,CZ09,35.456250000000004,562247376.1480224
Htl,M1,cDXGF,Measure,CZ10,35.55666666666667,565616943.361723
Htl,M1,cDXGF,Measure,CZ11,36.25708333333334,613419679.7480454
Htl,M1,cDXGF,Measure,CZ12,33.139583333333334,524190064.17242324
Htl,M1,cDXGF,Measure,CZ13,37.3975,626231720.8523349
Htl,M1,cDXGF,Measure,CZ14,33.69791666666667,556387905.6659794
Htl,M1,cDXGF,Measure,CZ15,42.32083333333334,719858462.8582636
Htl,M1,cDXGF,Measure,CZ16,25.15416666666667,410866572.99359906
Htl,M1,cDXHP,Base,CZ01,16.715000000000003,266987472.27783194
Htl,M1,cDXHP,Base,CZ02,25.97041666666667,393937396.27599776
Htl,M1,cDXHP,Base,CZ03,24.965,381185234.80289304
Htl,M1,cDXHP,Base,CZ04,32.625416666666666,519953358.37481725
Htl,M1,cDXHP,Base,CZ05,22.50375,344038209.25928664
Htl,M1,cDXHP,Base,CZ06,25.295833333333334,386493563.0321959
Htl,M1,cDXHP,Base,CZ07,25.2725,417247412.17278385
Htl,M1,cDXHP,Base,CZ08,32.28541666666666,512997963.34007525
Htl,M1,cDXHP,Base,CZ09,35.456250000000004,564274170.188972
Htl,M1,cDXHP,Base,CZ10,35.55666666666667,565317261.9025121
Htl,M1,cDXHP,Base,CZ11,36.25708333333334,615934355.9625114
Htl,M1,cDXHP,Base,CZ12,33.139583333333334,526031426.27242726
Htl,M1,cDXHP,Base,CZ13,37.3975,628885314.3076746
Htl,M1,cDXHP,Base,CZ14,33.69791666666667,558667728.1951354
Htl,M1,cDXHP,Base,CZ15,42.32083333333334,719968177.7308825
Htl,M1,cDXHP,Base,CZ16,25.15416666666667,412660527.5273573
Htl,M1,cDXHP,Measure,CZ01,16.715000000000003,268646888.6029272
Htl,M1,cDXHP,Measure,CZ02,25.97041666666667,398095561.8359418
Htl,M1,cDXHP,Measure,CZ03,24.965,385047491.2074166
Htl,M1,cDXHP,Measure,CZ04,32.625416666666666,522846601.76536053
Htl,M1,cDXHP,Measure,CZ05,22.50375,348225800.9963485
Htl,M1,cDXHP,Measure,CZ06,25.295833333333334,388231708.9551823
Htl,M1,cDXHP,Measure,CZ07,25.2725,417686723.1166768
Htl,M1,cDXHP,Measure,CZ08,32.28541666666666,514778358.38881475
Htl,M1,cDXHP,Measure,CZ09,35.456250000000004,565866124.3655536
Htl,M1,cDXHP,Measure,CZ10,35.55666666666667,567041578.7424414
Htl,M1,cDXHP,Measure,CZ11,36.25708333333334,616402908.8115115
Htl,M1,cDXHP,Measure,CZ12,33.139583333333334,527815138.4938338
Htl,M1,cDXHP,Measure,CZ13,37.3975,629038921.9113986
Htl,M1,cDXHP,Measure,CZ14,33.69791666666667,558634435.0598812
Htl,M1,cDXHP,Measure,CZ15,42.32083333333334,719908276.7513101
Htl,M1,cDXHP,Measure,CZ16,25.15416666666667,411906424.1718664
Htl,M1,cPTAC,Base,CZ01,16.715000000000003,264844104.24759117
Htl,M1,cPTAC,Base,CZ02,25.97041666666667,392002077.603832
Htl,M1,cPTAC,Base,CZ03,24.965,380833487.60554713
Htl,M1,cPTAC,Base,CZ04,32.625416666666666,518728294.77950454
Htl,M1,cPTAC,Base,CZ05,22.50375,342746087.93680274
Htl,M1,cPTAC,Base,CZ06,25.295833333333334,384468858.74113077
Htl,M1,cPTAC,Base,CZ07,25.2725,419988654.68931943
Htl,M1,cPTAC,Base,CZ08,32.28541666666666,510122522.49538296
Htl,M1,cPTAC,Base,CZ09,35.456250000000004,560691501.7206024
Htl,M1,cPTAC,Base,CZ10,35.55666666666667,563913440.8771273
Htl,M1,cPTAC,Base,CZ11,36.25708333333334,612969208.4505048
Htl,M1,cPTAC,Base,CZ12,33.139583333333334,522434681.298715
Htl,M1,cPTAC,Base,CZ13,37.3975,626079053.4789438
Htl,M1,cPTAC,Base,CZ14,33.69791666666667,556356560.2147746
Htl,M1,cPTAC,Base,CZ15,42.32083333333334,719918144.4377539
Htl,M1,cPTAC,Base,CZ16,25.15416666666667,411606970.5886032
Htl,M1,cPTAC,Measure,CZ01,16.715000000000003,267044552.4034291
Htl,M1,cPTAC,Measure,CZ02,25.97041666666667,396132231.9472784
Htl,M1,cPTAC,Measure,CZ03,24.965,384706277.9017689
Htl,M1,cPTAC,Measure,CZ04,32.625416666666666,521486919.2359822
Htl,M1,cPTAC,Measure,CZ05,22.50375,346930178.71514314
Htl,M1,cPTAC,Measure,CZ06,25.295833333333334,386142283.83579385
Htl,M1,cPTAC,Measure,CZ07,25.2725,420614481.03217125
Htl,M1,cPTAC,Measure,CZ08,32.28541666666666,511836938.66175234
Htl,M1,cPTAC,Measure,CZ09,35.456250000000004,562247446.9035559
Htl,M1,cPTAC,Measure,CZ10,35.55666666666667,565617326.1792765
Htl,M1,cPTAC,Measure,CZ11,36.25708333333334,613419252.3628511
Htl,M1,cPTAC,Measure,CZ12,33.139583333333334,524190623.3328131
Htl,M1,cPTAC,Measure,CZ13,37.3975,626231217.7056873
Htl,M1,cPTAC,Measure,CZ14,33.69791666666667,556386318.7809231
Htl,M1,cPTAC,Measure,CZ15,42.32083333333334,719858961.1442397
Htl,M1,cPTAC,Measure,CZ16,25.15416666666667,410867232.08805496
Htl,M1,cPVVG,Base,CZ01,16.715000000000003,243666180.3316091
Htl,M1,cPVVG,Base,CZ02,25.97041666666667,370410803.41849035
Htl,M1,cPVVG,Base,CZ03,24.965,361717436.43635577
Htl,M1,cPVVG,Base,CZ04,32.625416666666666,506422006.31094736
Htl,M1,cPVVG,Base,CZ05,22.50375,322615807.180268
Htl,M1,cPVVG,Base,CZ06,25.295833333333334,368107669.77472633
Htl,M1,cPVVG,Base,CZ07,25.2725,405591791.4886373
Htl,M1,cPVVG,Base,CZ08,32.28541666666666,497814836.63891566
Htl,M1,cPVVG,Base,CZ09,35.456250000000004,550755230.4634387
Htl,M1,cPVVG,Base,CZ10,35.55666666666667,554651442.4441835
Htl,M1,cPVVG,Base,CZ11,36.25708333333334,608727634.3064154
Htl,M1,cPVVG,Base,CZ12,33.139583333333334,511386841.69104123
Htl,M1,cPVVG,Base,CZ13,37.3975,623103613.793505
Htl,M1,cPVVG,Base,CZ14,33.69791666666667,548980307.9872212
Htl,M1,cPVVG,Base,CZ15,42.32083333333334,719888099.0975008
Htl,M1,cPVVG,Base,CZ16,25.15416666666667,391414648.48692507
Htl,M1,cPVVG,Measure,CZ01,16.715000000000003,247296174.44459778
Htl,M1,cPVVG,Measure,CZ02,25.97041666666667,377360568.634079
Htl,M1,cPVVG,Measure,CZ03,24.965,368449132.3539361
Htl,M1,cPVVG,Measure,CZ04,32.625416666666666,511818910.3628466
Htl,M1,cPVVG,Measure,CZ05,22.50375,329316346.9121473
Htl,M1,cPVVG,Measure,CZ06,25.295833333333334,371935640.8189037
Htl,M1,cPVVG,Measure,CZ07,25.2725,408762097.5053415
Htl,M1,cPVVG,Measure,CZ08,32.28541666666666,501725801.51560616
Htl,M1,cPVVG,Measure,CZ09,35.456250000000004,554095228.6423393
Htl,M1,cPVVG,Measure,CZ10,35.55666666666667,558283486.2394398
Htl,M1,cPVVG,Measure,CZ11,36.25708333333334,610235387.4941442
Htl,M1,cPVVG,Measure,CZ12,33.139583333333334,515115056.7864174
Htl,M1,cPVVG,Measure,CZ13,37.3975,623917064.5115216
Htl,M1,cPVVG,Measure,CZ14,33.69791666666667,550038301.7642491
Htl,M1,cPVVG,Measure,CZ15,42.32083333333334,719836773.7969985
Htl,M1,cPVVG,Measure,CZ16,25.15416666666667,392410836.03897405
Htl,M2,cDXGF,Base,CZ01,16.715000000000003,334086500.53323734
Htl,M2,cDXGF,Base,CZ02,25.97041666666667,388328740.901265
Htl,M2,cDXGF,Base,CZ03,24.965,389226750.3331921
Htl,M2,cDXGF,Base,CZ04,32.625416666666666,434304745.0769712
Htl,M2,cDXGF,Base,CZ05,22.50375,374255647.2226155
Htl,M2,cDXGF,Base,CZ06,25.295833333333334,383687315.8064349
Htl,M2,cDXGF,Base,CZ07,25.2725,392743512.43792224
Htl,M2,cDXGF,Base,CZ08,32.28541666666666,433633304.14029926
Htl,M2,cDXGF,Base,CZ09,35.456250000000004,459141347.8464861
Htl,M2,cDXGF,Base,CZ10,35.55666666666667,449871642.89713293
Htl,M2,cDXGF,Base,CZ11,36.25708333333334,486926424.2062254
Htl,M2,cDXGF,Base,CZ12,33.139583333333334,436393248.52456576
Htl,M2,cDXGF,Base,CZ13,37.3975,494243693.77690864
Htl,M2,cDXGF,Base,CZ14,33.69791666666667,456190641.1019922
Htl,M2,cDXGF,Base,CZ15,42.32083333333334,529652132.968194
Htl,M2,cDXGF,Base,CZ16,25.15416666666667,413105289.4614735
Htl,M2,cDXGF,Measure,CZ01,16.715000000000003,331457301.0922141
Htl,M2,cDXGF,Measure,CZ02,25.97041666666667,385059746.6689827
Htl,M2,cDXGF,Measure,CZ03,24.965,386157916.17645067
Htl,M2,cDXGF,Measure,CZ04,32.625416666666666,430637204.9627888
Htl,M2,cDXGF,Measure,CZ05,22.50375,371149454.9391288
Htl,M2,cDXGF,Measure,CZ06,25.295833333333334,380820849.26263106
Htl,M2,cDXGF,Measure,CZ07,25.2725,390106976.50464064
Htl,M2,cDXGF,Measure,CZ08,32.28541666666666,429965843.3363599
Htl,M2,cDXGF,Measure,CZ09,35.456250000000004,455129658.7137341
Htl,M2,cDXGF,Measure,CZ10,35.55666666666667,445740773.30739605
Htl,M2,cDXGF,Measure,CZ11,36.25708333333334,484277579.51036996
Htl,M2,cDXGF,Measure,CZ12,33.139583333333334,432870330.78174376
Htl,M2,cDXGF,Measure,CZ13,37.3975,491575477.8015173
Htl,M2,cDXGF,Measure,CZ14,33.69791666666667,453380319.36895955
Htl,M2,cDXGF,Measure,CZ15,42.32083333333334,528032925.30392337
Htl,M2,cDXGF,Measure,CZ16,25.15416666666667,410103179.15632963
Htl,M2,cDXHP,Base,CZ01,16.715000000000003,333493515.21310586
Htl,M2,cDXHP,Base,CZ02,25.97041666666667,387701097.5540707
Htl,M2,cDXHP,Base,CZ03,24.965,388506641.4817695
Htl,M2,cDXHP,Base,CZ04,32.625416666666666,433853454.4107945
Htl,M2,cDXHP,Base,CZ05,22.50375,373484675.21670914
Htl,M2,cDXHP,Base,CZ06,25.295833333333334,383144519.37716234
Htl,M2,cDXHP,Base,CZ07,25.2725,392037568.7342098
Htl,M2,cDXHP,Base,CZ08,32.28541666666666,433354145.5855992
Htl,M2,cDXHP,Base,CZ09,35.456250000000004,458929428.99422944
Htl,M2,cDXHP,Base,CZ10,35.55666666666667,449724334.07146525
Htl,M2,cDXHP,Base,CZ11,36.25708333333334,486731497.8264495
Htl,M2,cDXHP,Base,CZ12,33.139583333333334,435987519.14571744
Htl,M2,cDXHP,Base,CZ13,37.3975,494070832.6825351
Htl,M2,cDXHP,Base,CZ14,33.69791666666667,455936762.00548995
Htl,M2,cDXHP,Base,CZ15,42.32083333333334,529654711.36333954
Htl,M2,cDXHP,Base,CZ16,25.15416666666667,412732382.07911175
Htl,M2,cDXHP,Measure,CZ01,16.715000000000003,330767201.4968558
Htl,M2,cDXHP,Measure,CZ02,25.97041666666667,384389915.159087
Htl,M2,cDXHP,Measure,CZ03,24.965,385373223.77217054
Htl,M2,cDXHP,Measure,CZ04,32.625416666666666,430164029.61477274
Htl,M2,cDXHP,Measure,CZ05,22.50375,370311189.826738
Htl,M2,cDXHP,Measure,CZ06,25.295833333333334,380202543.4804287
Htl,M2,cDXHP,Measure,CZ07,25.2725,389354989.8224168
Htl,M2,cDXHP,Measure,CZ08,32.28541666666666,429658269.61592805
Htl,M2,cDXHP,Measure,CZ09,35.456250000000004,454894996.88207537
Htl,M2,cDXHP,Measure,CZ10,35.55666666666667,445586877.0254543
Htl,M2,cDXHP,Measure,CZ11,36.25708333333334,484077530.2899951
Htl,M2,cDXHP,Measure,CZ12,33.139583333333334,432441677.86947423
Htl,M2,cDXHP,Measure,CZ13,37.3975,491398079.92916816
Htl,M2,cDXHP,Measure,CZ14,33.69791666666667,453110035.4534178
Htl,M2,cDXHP,Measure,CZ15,42.32083333333334,528035501.41253614
Htl,M2,cDXHP,Measure,CZ16,25.15416666666667,409614302.16528785
Htl,M2,cPTAC,Base,CZ01,16.715000000000003,334086086.13672674
Htl,M2,cPTAC,Base,CZ02,25.97041666666667,388327910.62674844
Htl,M2,cPTAC,Base,CZ03,24.965,389226392.6389038
Htl,M2,cPTAC,Base,CZ04,32.625416666666666,434304868.06962144
Htl,M2,cPTAC,Base,CZ05,22.50375,374258562.5404577
Htl,M2,cPTAC,Base,CZ06,25.295833333333334,383687315.80643517
Htl,M2,cPTAC,Base,CZ07,25.2725,392743512.4379237
Htl,M2,cPTAC,Base,CZ08,32.28541666666666,433633304.1403022
Htl,M2,cPTAC,Base,CZ09,35.456250000000004,459142723.69143033
Htl,M2,cPTAC,Base,CZ10,35.55666666666667,449871642.8971351
Htl,M2,cPTAC,Base,CZ11,36.25708333333334,486925731.95059794
Htl,M2,cPTAC,Base,CZ12,33.139583333333334,436394514.5245099
Htl,M2,cPTAC,Base,CZ13,37.3975,494243324.5115323
Htl,M2,cPTAC,Base,CZ14,33.69791666666667,456191634.84006214
Htl,M2,cPTAC,Base,CZ15,42.32083333333334,529652132.9681922
Htl,M2,cPTAC,Base,CZ16,25.15416666666667,413103560.46753997
Htl,M2,cPTAC,Measure,CZ01,16.715000000000003,331460124.01208574
Htl,M2,cPTAC,Measure,CZ02,25.97041666666667,385060371.6406345
Htl,M2,cPTAC,Measure,CZ03,24.965,386158150.98952055
Htl,M2,cPTAC,Measure,CZ04,32.625416666666666,430638469.5855853
Htl,M2,cPTAC,Measure,CZ05,22.50375,371150368.5156032
Htl,M2,cPTAC,Measure,CZ06,25.295833333333334,380819943.3136093
Htl,M2,cPTAC,Measure,CZ07,25.2725,390107295.0578172
Htl,M2,cPTAC,Measure,CZ08,32.28541666666666,429966578.05573213
Htl,M2,cPTAC,Measure,CZ09,35.456250000000004,455131229.55690134
Htl,M2,cPTAC,Measure,CZ10,35.55666666666667,445743059.1883205
Htl,M2,cPTAC,Measure,CZ11,36.25708333333334,484277172.8268747
Htl,M2,cPTAC,Measure,CZ12,33.139583333333334,432871518.74808097
Htl,M2,cPTAC,Measure,CZ13,37.3975,491575880.24987453
Htl,M2,cPTAC,Measure,CZ14,33.69791666666667,453380274.0947614
Htl,M2,cPTAC,Measure,CZ15,42.32083333333334,528032124.4442351
Htl,M2,cPTAC,Measure,CZ16,25.15416666666667,410101092.98950213
Htl,M2,cPVVG,Base,CZ01,16.715000000000003,317426784.61776984
Htl,M2,cPVVG,Base,CZ02,25.97041666666667,365656029.5942489
Htl,M2,cPVVG,Base,CZ03,24.965,369039747.6776545
Htl,M2,cPVVG,Base,CZ04,32.625416666666666,411981291.942598
Htl,M2,cPVVG,Base,CZ05,22.50375,353371129.4666736
Htl,M2,cPVVG,Base,CZ06,25.295833333333334,365632381.6396501
Htl,M2,cPVVG,Base,CZ07,25.2725,374381283.9373138
Htl,M2,cPVVG,Base,CZ08,32.28541666666666,411537900.0381596
Htl,M2,cPVVG,Base,CZ09,35.456250000000004,436082705.0565289
Htl,M2,cPVVG,Base,CZ10,35.55666666666667,426065434.28362966
Htl,M2,cPVVG,Base,CZ11,36.25708333333334,466171697.79396385
Htl,M2,cPVVG,Base,CZ12,33.139583333333334,415081240.8573455
Htl,M2,cPVVG,Base,CZ13,37.3975,474274535.7338804
Htl,M2,cPVVG,Base,CZ14,33.69791666666667,434039014.0670992
Htl,M2,cPVVG,Base,CZ15,42.32083333333334,510761649.14057755
Htl,M2,cPVVG,Base,CZ16,25.15416666666667,391902808.531951
Htl,M2,cPVVG,Measure,CZ01,16.715000000000003,316160162.62482774
Htl,M2,cPVVG,Measure,CZ02,25.97041666666667,364230500.16842246
Htl,M2,cPVVG,Measure,CZ03,24.965,367649496.0120124
Htl,M2,cPVVG,Measure,CZ04,32.625416666666666,410363053.67594427
Htl,M2,cPVVG,Measure,CZ05,22.50375,351952258.1902212
Htl,M2,cPVVG,Measure,CZ06,25.295833333333334,364306707.78754365
Htl,M2,cPVVG,Measure,CZ07,25.2725,373100490.66689134
Htl,M2,cPVVG,Measure,CZ08,32.28541666666666,409904949.6841281
Htl,M2,cPVVG,Measure,CZ09,35.456250000000004,434254430.1663389
Htl,M2,cPVVG,Measure,CZ10,35.55666666666667,424219464.08145636
Htl,M2,cPVVG,Measure,CZ11,36.25708333333334,464436102.7551607
Htl,M2,cPVVG,Measure,CZ12,33.139583333333334,413502362.06829655
Htl,M2,cPVVG,Measure,CZ13,37.3975,472527544.4209342
Htl,M2,cPVVG,Measure,CZ14,33.69791666666667,432297237.435984
Htl,M2,cPVVG,Measure,CZ15,42.32083333333334,509176086.1604986
Htl,M2,cPVVG,Measure,CZ16,25.15416666666667,390234095.9540856
Htl,M3,cDXGF,Base,CZ01,16.715000000000003,301517932.7419903
Htl,M3,cDXGF,Base,CZ02,25.97041666666667,352122559.76476663
Htl,M3,cDXGF,Base,CZ03,24.965,354549905.1005795
Htl,M3,cDXGF,Base,CZ04,32.625416666666666,402990137.3660189
Htl,M3,cDXGF,Base,CZ05,22.50375,335662833.51128155
Htl,M3,cDXGF,Base,CZ06,25.295833333333334,354454289.00885046
Htl,M3,cDXGF,Base,CZ07,25.2725,365182206.9254787
Htl,M3,cDXGF,Base,CZ08,32.28541666666666,400792564.07394457
Htl,M3,cDXGF,Base,CZ09,35.456250000000004,424743540.27503943
Htl,M3,cDXGF,Base,CZ10,35.55666666666667,416213392.11653346
Htl,M3,cDXGF,Base,CZ11,36.25708333333334,459572705.8301892
Htl,M3,cDXGF,Base,CZ12,33.139583333333334,407032626.0111992
Htl,M3,cDXGF,Base,CZ13,37.3975,467145970.3987654
Htl,M3,cDXGF,Base,CZ14,33.69791666666667,420911156.9653866
Htl,M3,cDXGF,Base,CZ15,42.32083333333334,507757375.0622788
Htl,M3,cDXGF,Base,CZ16,25.15416666666667,374428783.0693356
Htl,M3,cDXGF,Measure,CZ01,16.715000000000003,290908833.32701075
Htl,M3,cDXGF,Measure,CZ02,25.97041666666667,337587374.863144
Htl,M3,cDXGF,Measure,CZ03,24.965,340135041.45404345
Htl,M3,cDXGF,Measure,CZ04,32.625416666666666,384546088.4830766
Htl,M3,cDXGF,Measure,CZ05,22.50375,322545197.7594972
Htl,M3,cDXGF,Measure,CZ06,25.295833333333334,339926863.37529916
Htl,M3,cDXGF,Measure,CZ07,25.2725,350286452.8336352
Htl,M3,cDXGF,Measure,CZ08,32.28541666666666,382802546.14072967
Htl,M3,cDXGF,Measure,CZ09,35.456250000000004,405070502.06449527
Htl,M3,cDXGF,Measure,CZ10,35.55666666666667,396804868.07433796
Htl,M3,cDXGF,Measure,CZ11,36.25708333333334,437487289.10531235
Htl,M3,cDXGF,Measure,CZ12,33.139583333333334,388234303.8982981
Htl,M3,cDXGF,Measure,CZ13,37.3975,444502010.1150781
Htl,M3,cDXGF,Measure,CZ14,33.69791666666667,401253613.4739628
Htl,M3,cDXGF,Measure,CZ15,42.32083333333334,480827501.6480323
Htl,M3,cDXGF,Measure,CZ16,25.15416666666667,359355481.89495647
Htl,M3,cDXHP,Base,CZ01,16.715000000000003,294253683.641396
Htl,M3,cDXHP,Base,CZ02,25.97041666666667,349916455.5260892
Htl,M3,cDXHP,Base,CZ03,24.965,350214758.79647374
Htl,M3,cDXHP,Base,CZ04,32.625416666666666,401858663.34828925
Htl,M3,cDXHP,Base,CZ05,22.50375,330539545.63232315
Htl,M3,cDXHP,Base,CZ06,25.295833333333334,349739893.6542635
Htl,M3,cDXHP,Base,CZ07,25.2725,361472190.8939579
Htl,M3,cDXHP,Base,CZ08,32.28541666666666,399670037.0800381
Htl,M3,cDXHP,Base,CZ09,35.456250000000004,423967101.1644989
Htl,M3,cDXHP,Base,CZ10,35.55666666666667,415891687.1728416
Htl,M3,cDXHP,Base,CZ11,36.25708333333334,459120668.8946657
Htl,M3,cDXHP,Base,CZ12,33.139583333333334,405960189.018564
Htl,M3,cDXHP,Base,CZ13,37.3975,466730355.4823154
Htl,M3,cDXHP,Base,CZ14,33.69791666666667,420049006.4067962
Htl,M3,cDXHP,Base,CZ15,42.32083333333334,507754051.31209505
Htl,M3,cDXHP,Base,CZ16,25.15416666666667,366971901.46946406
Htl,M3,cDXHP,Measure,CZ01,16.715000000000003,283649910.29998636
Htl,M3,cDXHP,Measure,CZ02,25.97041666666667,335316293.0596366
Htl,M3,cDXHP,Measure,CZ03,24.965,335718833.26197255
Htl,M3,cDXHP,Measure,CZ04,32.625416666666666,383338982.78951085
Htl,M3,cDXHP,Measure,CZ05,22.50375,317373109.5508655
Htl,M3,cDXHP,Measure,CZ06,25.295833333333334,335127568.05794215
Htl,M3,cDXHP,Measure,CZ07,25.2725,346494307.27367973
Htl,M3,cDXHP,Measure,CZ08,32.28541666666666,381607706.36840475
Htl,M3,cDXHP,Measure,CZ09,35.456250000000004,404229697.56545997
Htl,M3,cDXHP,Measure,CZ10,35.55666666666667,396452656.34586775
Htl,M3,cDXHP,Measure,CZ11,36.25708333333334,436984944.866276
Htl,M3,cDXHP,Measure,CZ12,33.139583333333334,387083799.62142074
Htl,M3,cDXHP,Measure,CZ13,37.3975,444037697.0273726
Htl,M3,cDXHP,Measure,CZ14,33.69791666666667,400324383.8518832
Htl,M3,cDXHP,Measure,CZ15,42.32083333333334,480821495.96392965
Htl,M3,cDXHP,Measure,CZ16,25.15416666666667,351899190.9296608
Htl,M3,cPTAC,Base,CZ01,16.715000000000003,314881489.35971475
Htl,M3,cPTAC,Base,CZ02,25.97041666666667,370427272.80629706
Htl,M3,cPTAC,Base,CZ03,24.965,372706806.86003387
Htl,M3,cPTAC,Base,CZ04,32.625416666666666,426218695.4495009
Htl,M3,cPTAC,Base,CZ05,22.50375,352183587.8817954
Htl,M3,cPTAC,Base,CZ06,25.295833333333334,372751943.9264984
Htl,M3,cPTAC,Base,CZ07,25.2725,383944256.01725614
Htl,M3,cPTAC,Base,CZ08,32.28541666666666,423454185.6021155
Htl,M3,cPTAC,Base,CZ09,35.456250000000004,449521247.4916142
Htl,M3,cPTAC,Base,CZ10,35.55666666666667,440654212.7401936
Htl,M3,cPTAC,Base,CZ11,36.25708333333334,487404527.37474215
Htl,M3,cPTAC,Base,CZ12,33.139583333333334,430710362.7062503
Htl,M3,cPTAC,Base,CZ13,37.3975,495682902.11534977
Htl,M3,cPTAC,Base,CZ14,33.69791666666667,445680609.27294046
Htl,M3,cPTAC,Base,CZ15,42.32083333333334,541694933.8068826
Htl,M3,cPTAC,Base,CZ16,25.15416666666667,393413966.97853315
Htl,M3,cPTAC,Measure,CZ01,16.715000000000003,301519719.01375777
Htl,M3,cPTAC,Measure,CZ02,25.97041666666667,352123999.4569571
Htl,M3,cPTAC,Measure,CZ03,24.965,354551898.21695304
Htl,M3,cPTAC,Measure,CZ04,32.625416666666666,402989471.49221104
Htl,M3,cPTAC,Measure,CZ05,22.50375,335662767.5638664
Htl,M3,cPTAC,Measure,CZ06,25.295833333333334,354455337.49456334
Htl,M3,cPTAC,Measure,CZ07,25.2725,365183706.9812372
Htl,M3,cPTAC,Measure,CZ08,32.28541666666666,400796192.9448094
Htl,M3,cPTAC,Measure,CZ09,35.456250000000004,424744094.66006196
Htl,M3,cPTAC,Measure,CZ10,35.55666666666667,416210735.00436187
Htl,M3,cPTAC,Measure,CZ11,36.25708333333334,459587313.1434134
Htl,M3,cPTAC,Measure,CZ12,33.139583333333334,407034550.7224951
Htl,M3,cPTAC,Measure,CZ13,37.3975,467157782.3132472
Htl,M3,cPTAC,Measure,CZ14,33.69791666666667,420922160.5512682
Htl,M3,cPTAC,Measure,CZ15,42.32083333333334,507772319.1626767
Htl,M3,cPTAC,Measure,CZ16,25.15416666666667,374428054.852887
Htl,M3,cPVVG,Base,CZ01,16.715000000000003,299292425.0039411
Htl,M3,cPVVG,Base,CZ02,25.97041666666667,349471777.55847764
Htl,M3,cPVVG,Base,CZ03,24.965,351945544.6962623
Htl,M3,cPVVG,Base,CZ04,32.625416666666666,400157917.56702507
Htl,M3,cPVVG,Base,CZ05,22.50375,333051509.1830902
Htl,M3,cPVVG,Base,CZ06,25.295833333333334,351929979.0808075
Htl,M3,cPVVG,Base,CZ07,25.2725,362674458.88116115
Htl,M3,cPVVG,Base,CZ08,32.28541666666666,397972896.836769
Htl,M3,cPVVG,Base,CZ09,35.456250000000004,421795943.36983967
Htl,M3,cPVVG,Base,CZ10,35.55666666666667,413260755.76407015
Htl,M3,cPVVG,Base,CZ11,36.25708333333334,456597928.8621892
Htl,M3,cPVVG,Base,CZ12,33.139583333333334,404258907.68470335
Htl,M3,cPVVG,Base,CZ13,37.3975,464218883.32534957
Htl,M3,cPVVG,Base,CZ14,33.69791666666667,417928717.30861056
Htl,M3,cPVVG,Base,CZ15,42.32083333333334,504631268.1025877
Htl,M3,cPVVG,Base,CZ16,25.15416666666667,371387133.09996974
Htl,M3,cPVVG,Measure,CZ01,16.715000000000003,288768203.7339412
Htl,M3,cPVVG,Measure,CZ02,25.97041666666667,335046791.7577243
Htl,M3,cPVVG,Measure,CZ03,24.965,337634607.11704135
Htl,M3,cPVVG,Measure,CZ04,32.625416666666666,381842434.00658584
Htl,M3,cPVVG,Measure,CZ05,22.50375,320037272.0963998
Htl,M3,cPVVG,Measure,CZ06,25.295833333333334,337502162.7498523
Htl,M3,cPVVG,Measure,CZ07,25.2725,347877174.96938807
Htl,M3,cPVVG,Measure,CZ08,32.28541666666666,380109627.72064966
Htl,M3,cPVVG,Measure,CZ09,35.456250000000004,402262670.9977454
Htl,M3,cPVVG,Measure,CZ10,35.55666666666667,393994026.7500396
Htl,M3,cPVVG,Measure,CZ11,36.25708333333334,434651699.7202406
Htl,M3,cPVVG,Measure,CZ12,33.139583333333334,385587021.63412154
Htl,M3,cPVVG,Measure,CZ13,37.3975,441713692.39127827
Htl,M3,cPVVG,Measure,CZ14,33.69791666666667,398408370.97349375
Htl,M3,cPVVG,Measure,CZ15,42.32083333333334,477861943.59891176
Htl,M3,cPVVG,Measure,CZ16,25.15416666666667,356434249.9506094
Htl,M4,cDXGF,Base,CZ01,16.715000000000003,275390773.34741735
Htl,M4,cDXGF,Base,CZ02,25.97041666666667,380032894.33900034
Htl,M4,cDXGF,Base,CZ03,24.965,373771603.5424552
Htl,M4,cDXGF,Base,CZ04,32.625416666666666,476802201.81028205
Htl,M4,cDXGF,Base,CZ05,22.50375,342825155.1310774
Htl,M4,cDXGF,Base,CZ06,25.295833333333334,377945656.80947673
Htl,M4,cDXGF,Base,CZ07,25.2725,399710413.7371861
Htl,M4,cDXGF,Base,CZ08,32.28541666666666,475625394.2851819
Htl,M4,cDXGF,Base,CZ09,35.456250000000004,524148711.79186016
Htl,M4,cDXGF,Base,CZ10,35.55666666666667,520628305.7809125
Htl,M4,cDXGF,Base,CZ11,36.25708333333334,563042151.6675603
Htl,M4,cDXGF,Base,CZ12,33.139583333333334,483347101.8056126
Htl,M4,cDXGF,Base,CZ13,37.3975,579331456.5774306
Htl,M4,cDXGF,Base,CZ14,33.69791666666667,510530983.498662
Htl,M4,cDXGF,Base,CZ15,42.32083333333334,667807035.2257098
Htl,M4,cDXGF,Base,CZ16,25.15416666666667,405896013.55732787
Htl,M4,cDXGF,Measure,CZ01,16.715000000000003,278974330.33069706
Htl,M4,cDXGF,Measure,CZ02,25.97041666666667,384965842.276423
Htl,M4,cDXGF,Measure,CZ03,24.965,378140230.50837845
Htl,M4,cDXGF,Measure,CZ04,32.625416666666666,480121817.831652
Htl,M4,cDXGF,Measure,CZ05,22.50375,347520107.37010705
Htl,M4,cDXGF,Measure,CZ06,25.295833333333334,379676596.93925023
Htl,M4,cDXGF,Measure,CZ07,25.2725,400107750.1188452
Htl,M4,cDXGF,Measure,CZ08,32.28541666666666,477582659.4183638
Htl,M4,cDXGF,Measure,CZ09,35.456250000000004,525709141.9162077
Htl,M4,cDXGF,Measure,CZ10,35.55666666666667,522435762.4168911
Htl,M4,cDXGF,Measure,CZ11,36.25708333333334,562922683.571378
Htl,M4,cDXGF,Measure,CZ12,33.139583333333334,485666230.79504377
Htl,M4,cDXGF,Measure,CZ13,37.3975,578968780.6094682
Htl,M4,cDXGF,Measure,CZ14,33.69791666666667,509602336.3119441
Htl,M4,cDXGF,Measure,CZ15,42.32083333333334,666610697.0948393
Htl,M4,cDXGF,Measure,CZ16,25.15416666666667,405140316.6250752
Htl,M4,cDXHP,Base,CZ01,16.715000000000003,275666142.3398235
Htl,M4,cDXHP,Base,CZ02,25.97041666666667,379424159.384261
Htl,M4,cDXHP,Base,CZ03,24.965,373388649.1357239
Htl,M4,cDXHP,Base,CZ04,32.625416666666666,476838395.77424276
Htl,M4,cDXHP,Base,CZ05,22.50375,342900193.2135718
Htl,M4,cDXHP,Base,CZ06,25.295833333333334,377998217.4127536
Htl,M4,cDXHP,Base,CZ07,25.2725,396991938.9913306
Htl,M4,cDXHP,Base,CZ08,32.28541666666666,475998682.95172316
Htl,M4,cDXHP,Base,CZ09,35.456250000000004,525109707.2318175
Htl,M4,cDXHP,Base,CZ10,35.55666666666667,520906243.2511536
Htl,M4,cDXHP,Base,CZ11,36.25708333333334,563081683.5826383
Htl,M4,cDXHP,Base,CZ12,33.139583333333334,483282765.0775299
Htl,M4,cDXHP,Base,CZ13,37.3975,579724687.1659094
Htl,M4,cDXHP,Base,CZ14,33.69791666666667,510730910.08170426
Htl,M4,cDXHP,Base,CZ15,42.32083333333334,667824409.2956129
Htl,M4,cDXHP,Base,CZ16,25.15416666666667,406357001.42889893
Htl,M4,cDXHP,Measure,CZ01,16.715000000000003,278866538.1597283
Htl,M4,cDXHP,Measure,CZ02,25.97041666666667,384304251.45743304
Htl,M4,cDXHP,Measure,CZ03,24.965,377644763.3328043
Htl,M4,cDXHP,Measure,CZ04,32.625416666666666,480171873.2308686
Htl,M4,cDXHP,Measure,CZ05,22.50375,347673341.7590198
Htl,M4,cDXHP,Measure,CZ06,25.295833333333334,379706513.3564095
Htl,M4,cDXHP,Measure,CZ07,25.2725,397350218.5551611
Htl,M4,cDXHP,Measure,CZ08,32.28541666666666,477977757.66331196
Htl,M4,cDXHP,Measure,CZ09,35.456250000000004,526670287.6461071
Htl,M4,cDXHP,Measure,CZ10,35.55666666666667,522718650.50128555
Htl,M4,cDXHP,Measure,CZ11,36.25708333333334,562957688.5248997
Htl,M4,cDXHP,Measure,CZ12,33.139583333333334,485594254.18341124
Htl,M4,cDXHP,Measure,CZ13,37.3975,579346779.961586
Htl,M4,cDXHP,Measure,CZ14,33.69791666666667,509787245.0937171
Htl,M4,cDXHP,Measure,CZ15,42.32083333333334,666622813.2681738
Htl,M4,cDXHP,Measure,CZ16,25.15416666666667,405588341.87743187
Htl,M4,cPTAC,Base,CZ01,16.715000000000003,274772044.207055
Htl,M4,cPTAC,Base,CZ02,25.97041666666667,379980615.0587865
Htl,M4,cPTAC,Base,CZ03,24.965,373716769.56900597
Htl,M4,cPTAC,Base,CZ04,32.625416666666666,476799348.1229945
Htl,M4,cPTAC,Base,CZ05,22.50375,342576679.8807613
Htl,M4,cPTAC,Base,CZ06,25.295833333333334,377945628.7455646
Htl,M4,cPTAC,Base,CZ07,25.2725,399712677.78499126
Htl,M4,cPTAC,Base,CZ08,32.28541666666666,475623928.3212429
Htl,M4,cPTAC,Base,CZ09,35.456250000000004,524145456.5147136
Htl,M4,cPTAC,Base,CZ10,35.55666666666667,520626426.4988816
Htl,M4,cPTAC,Base,CZ11,36.25708333333334,563040108.3847753
Htl,M4,cPTAC,Base,CZ12,33.139583333333334,483346200.20686173
Htl,M4,cPTAC,Base,CZ13,37.3975,579328799.5161042
Htl,M4,cPTAC,Base,CZ14,33.69791666666667,510532224.4270248
Htl,M4,cPTAC,Base,CZ15,42.32083333333334,667810419.8758488
Htl,M4,cPTAC,Base,CZ16,25.15416666666667,405897247.3271586
Htl,M4,cPTAC,Measure,CZ01,16.715000000000003,278483013.50749683
Htl,M4,cPTAC,Measure,CZ02,25.97041666666667,384963300.7659181
Htl,M4,cPTAC,Measure,CZ03,24.965,378135432.8173945
Htl,M4,cPTAC,Measure,CZ04,32.625416666666666,480122698.3821334
Htl,M4,cPTAC,Measure,CZ05,22.50375,347419109.73927045
Htl,M4,cPTAC,Measure,CZ06,25.295833333333334,379677162.65378946
Htl,M4,cPTAC,Measure,CZ07,25.2725,400107750.09240794
Htl,M4,cPTAC,Measure,CZ08,32.28541666666666,477584154.8080393
Htl,M4,cPTAC,Measure,CZ09,35.456250000000004,525709486.03854346
Htl,M4,cPTAC,Measure,CZ10,35.55666666666667,522438434.6472865
Htl,M4,cPTAC,Measure,CZ11,36.25708333333334,562925730.2400372
Htl,M4,cPTAC,Measure,CZ12,33.139583333333334,485666800.7234981
Htl,M4,cPTAC,Measure,CZ13,37.3975,578970733.9510053
Htl,M4,cPTAC,Measure,CZ14,33.69791666666667,509600199.16786957
Htl,M4,cPTAC,Measure,CZ15,42.32083333333334,666611006.1993983
Htl,M4,cPTAC,Measure,CZ16,25.15416666666667,405143377.7193315
Htl,M4,cPVVG,Base,CZ01,16.715000000000003,250349511.14630544
Htl,M4,cPVVG,Base,CZ02,25.97041666666667,355543262.4128736
Htl,M4,cPVVG,Base,CZ03,24.965,351245752.78587294
Htl,M4,cPVVG,Base,CZ04,32.625416666666666,459187024.0470708
Htl,M4,cPVVG,Base,CZ05,22.50375,318461324.0467149
Htl,M4,cPVVG,Base,CZ06,25.295833333333334,359122731.1547564
Htl,M4,cPVVG,Base,CZ07,25.2725,382620577.8061884
Htl,M4,cPVVG,Base,CZ08,32.28541666666666,458901420.1519635
Htl,M4,cPVVG,Base,CZ09,35.456250000000004,509535725.3701677
Htl,M4,cPVVG,Base,CZ10,35.55666666666667,505280647.53617764
Htl,M4,cPVVG,Base,CZ11,36.25708333333334,549579776.2035809
Htl,M4,cPVVG,Base,CZ12,33.139583333333334,466947004.2948569
Htl,M4,cPVVG,Base,CZ13,37.3975,567912090.8763859
Htl,M4,cPVVG,Base,CZ14,33.69791666666667,495288425.17234117
Htl,M4,cPVVG,Base,CZ15,42.32083333333334,661210386.0463816
Htl,M4,cPVVG,Base,CZ16,25.15416666666667,384009825.0234939
Htl,M4,cPVVG,Measure,CZ01,16.715000000000003,255665856.1945294
Htl,M4,cPVVG,Measure,CZ02,25.97041666666667,363390432.6988112
Htl,M4,cPVVG,Measure,CZ03,24.965,358407158.8589877
Htl,M4,cPVVG,Measure,CZ04,32.625416666666666,465320544.23917496
Htl,M4,cPVVG,Measure,CZ05,22.50375,325938998.5155223
Htl,M4,cPVVG,Measure,CZ06,25.295833333333334,363078867.6112805
Htl,M4,cPVVG,Measure,CZ07,25.2725,385140367.2635115
Htl,M4,cPVVG,Measure,CZ08,32.28541666666666,463329160.80220324
Htl,M4,cPVVG,Measure,CZ09,35.456250000000004,513450566.3209003
Htl,M4,cPVVG,Measure,CZ10,35.55666666666667,509609803.67773
Htl,M4,cPVVG,Measure,CZ11,36.25708333333334,551393131.9455853
Htl,M4,cPVVG,Measure,CZ12,33.139583333333334,471706495.9817356
Htl,M4,cPVVG,Measure,CZ13,37.3975,568996332.7151773
Htl,M4,cPVVG,Measure,CZ14,33.69791666666667,495828456.37893975
Htl,M4,cPVVG,Measure,CZ15,42.32083333333334,659904041.2615479
Htl,M4,cPVVG,Measure,CZ16,25.15416666666667,384989982.94883436
Htl,M5,cDXGF,Base,CZ01,16.715000000000003,285022307.19270855
Htl,M5,cDXGF,Base,CZ02,25.97041666666667,365127034.92619944
Htl,M5,cDXGF,Base,CZ03,24.965,356509500.57965267
Htl,M5,cDXGF,Base,CZ04,32.625416666666666,426375727.5060942
Htl,M5,cDXGF,Base,CZ05,22.50375,328168043.2576915
Htl,M5,cDXGF,Base,CZ06,25.295833333333334,358154004.3048651
Htl,M5,cDXGF,Base,CZ07,25.2725,386947406.246764
Htl,M5,cDXGF,Base,CZ08,32.28541666666666,431687396.63029253
Htl,M5,cDXGF,Base,CZ09,35.456250000000004,477358741.28516686
Htl,M5,cDXGF,Base,CZ10,35.55666666666667,466061914.6737711
Htl,M5,cDXGF,Base,CZ11,36.25708333333334,520440337.8251267
Htl,M5,cDXGF,Base,CZ12,33.139583333333334,444409556.3775605
Htl,M5,cDXGF,Base,CZ13,37.3975,528571669.12638646
Htl,M5,cDXGF,Base,CZ14,33.69791666666667,451065743.54965353
Htl,M5,cDXGF,Base,CZ15,42.32083333333334,617699707.1003753
Htl,M5,cDXGF,Base,CZ16,25.15416666666667,368844345.3459557
Htl,M5,cDXGF,Measure,CZ01,16.715000000000003,278665284.1691978
Htl,M5,cDXGF,Measure,CZ02,25.97041666666667,353678921.9598925
Htl,M5,cDXGF,Measure,CZ03,24.965,345994515.77749145
Htl,M5,cDXGF,Measure,CZ04,32.625416666666666,411591010.5134891
Htl,M5,cDXGF,Measure,CZ05,22.50375,319391703.6424366
Htl,M5,cDXGF,Measure,CZ06,25.295833333333334,347502154.76329285
Htl,M5,cDXGF,Measure,CZ07,25.2725,374462274.7425046
Htl,M5,cDXGF,Measure,CZ08,32.28541666666666,416812767.505246
Htl,M5,cDXGF,Measure,CZ09,35.456250000000004,459871057.8662251
Htl,M5,cDXGF,Measure,CZ10,35.55666666666667,449057742.5556468
Htl,M5,cDXGF,Measure,CZ11,36.25708333333334,500420652.8169764
Htl,M5,cDXGF,Measure,CZ12,33.139583333333334,428352087.419786
Htl,M5,cDXGF,Measure,CZ13,37.3975,508374233.56010354
Htl,M5,cDXGF,Measure,CZ14,33.69791666666667,435322774.93593276
Htl,M5,cDXGF,Measure,CZ15,42.32083333333334,591138226.7461765
Htl,M5,cDXGF,Measure,CZ16,25.15416666666667,358397525.8613771
Htl,M5,cDXHP,Base,CZ01,16.715000000000003,283739880.93395275
Htl,M5,cDXHP,Base,CZ02,25.97041666666667,363713442.7589593
Htl,M5,cDXHP,Base,CZ03,24.965,354260579.9705919
Htl,M5,cDXHP,Base,CZ04,32.625416666666666,425094161.62402475
Htl,M5,cDXHP,Base,CZ05,22.50375,324631840.5911372
Htl,M5,cDXHP,Base,CZ06,25.295833333333334,354808482.4060466
Htl,M5,cDXHP,Base,CZ07,25.2725,384291285.5404253
Htl,M5,cDXHP,Base,CZ08,32.28541666666666,430015522.0666872
Htl,M5,cDXHP,Base,CZ09,35.456250000000004,476301202.7970415
Htl,M5,cDXHP,Base,CZ10,35.55666666666667,465316903.8127067
Htl,M5,cDXHP,Base,CZ11,36.25708333333334,519781846.2085145
Htl,M5,cDXHP,Base,CZ12,33.139583333333334,443221545.1838516
Htl,M5,cDXHP,Base,CZ13,37.3975,527968104.31780356
Htl,M5,cDXHP,Base,CZ14,33.69791666666667,448534615.3972132
Htl,M5,cDXHP,Base,CZ15,42.32083333333334,617680835.3288724
Htl,M5,cDXHP,Base,CZ16,25.15416666666667,364923230.398116
Htl,M5,cDXHP,Measure,CZ01,16.715000000000003,276835489.4061015
Htl,M5,cDXHP,Measure,CZ02,25.97041666666667,352103199.52554107
Htl,M5,cDXHP,Measure,CZ03,24.965,343434780.8090762
Htl,M5,cDXHP,Measure,CZ04,32.625416666666666,410255879.200449
Htl,M5,cDXHP,Measure,CZ05,22.50375,315671918.30123174
Htl,M5,cDXHP,Measure,CZ06,25.295833333333334,343923734.6255565
Htl,M5,cDXHP,Measure,CZ07,25.2725,371545427.26549166
Htl,M5,cDXHP,Measure,CZ08,32.28541666666666,415128744.24270105
Htl,M5,cDXHP,Measure,CZ09,35.456250000000004,458772155.1295502
Htl,M5,cDXHP,Measure,CZ10,35.55666666666667,448329415.0816876
Htl,M5,cDXHP,Measure,CZ11,36.25708333333334,499732860.07518876
Htl,M5,cDXHP,Measure,CZ12,33.139583333333334,427098844.7416146
Htl,M5,cDXHP,Measure,CZ13,37.3975,507744005.8998506
Htl,M5,cDXHP,Measure,CZ14,33.69791666666667,432917345.8504817
Htl,M5,cDXHP,Measure,CZ15,42.32083333333334,591117533.1111838
Htl,M5,cDXHP,Measure,CZ16,25.15416666666667,354098937.63926184
Htl,M5,cPTAC,Base,CZ01,16.715000000000003,296018203.9661524
Htl,M5,cPTAC,Base,CZ02,25.97041666666667,384927475.7942296
Htl,M5,cPTAC,Base,CZ03,24.965,374695843.08714813
Htl,M5,cPTAC,Base,CZ04,32.625416666666666,451947950.0141669
Htl,M5,cPTAC,Base,CZ05,22.50375,343347717.0616253
Htl,M5,cPTAC,Base,CZ06,25.295833333333334,376578285.0165742
Htl,M5,cPTAC,Base,CZ07,25.2725,408542176.10479647
Htl,M5,cPTAC,Base,CZ08,32.28541666666666,457415734.88951516
Htl,M5,cPTAC,Base,CZ09,35.456250000000004,507604178.85565525
Htl,M5,cPTAC,Base,CZ10,35.55666666666667,495471293.9024116
Htl,M5,cPTAC,Base,CZ11,36.25708333333334,555086373.7523884
Htl,M5,cPTAC,Base,CZ12,33.139583333333334,472190068.7541934
Htl,M5,cPTAC,Base,CZ13,37.3975,563526812.1749339
Htl,M5,cPTAC,Base,CZ14,33.69791666666667,478313642.68035376
Htl,M5,cPTAC,Base,CZ15,42.32083333333334,663675576.1231582
Htl,M5,cPTAC,Base,CZ16,25.15416666666667,386914693.79496616
Htl,M5,cPTAC,Measure,CZ01,16.715000000000003,285019229.03245413
Htl,M5,cPTAC,Measure,CZ02,25.97041666666667,365126844.03785104
Htl,M5,cPTAC,Measure,CZ03,24.965,356510036.4453949
Htl,M5,cPTAC,Measure,CZ04,32.625416666666666,426375727.5098907
Htl,M5,cPTAC,Measure,CZ05,22.50375,328170510.66231465
Htl,M5,cPTAC,Measure,CZ06,25.295833333333334,358154428.5151707
Htl,M5,cPTAC,Measure,CZ07,25.2725,386947406.2468742
Htl,M5,cPTAC,Measure,CZ08,32.28541666666666,431687861.5497085
Htl,M5,cPTAC,Measure,CZ09,35.456250000000004,477355309.5509029
Htl,M5,cPTAC,Measure,CZ10,35.55666666666667,466060363.7589058
Htl,M5,cPTAC,Measure,CZ11,36.25708333333334,520455803.06273955
Htl,M5,cPTAC,Measure,CZ12,33.139583333333334,444415146.9486143
Htl,M5,cPTAC,Measure,CZ13,37.3975,528582941.4489186
Htl,M5,cPTAC,Measure,CZ14,33.69791666666667,451074262.7217767
Htl,M5,cPTAC,Measure,CZ15,42.32083333333334,617723492.7561711
Htl,M5,cPTAC,Measure,CZ16,25.15416666666667,368846708.76937413
Htl,M5,cPVVG,Base,CZ01,16.715000000000003,282825389.19541913
Htl,M5,cPVVG,Base,CZ02,25.97041666666667,362443230.30449104
Htl,M5,cPVVG,Base,CZ03,24.965,353892678.0496033
Htl,M5,cPVVG,Base,CZ04,32.625416666666666,423552561.4245718
Htl,M5,cPVVG,Base,CZ05,22.50375,325655635.9971663
Htl,M5,cPVVG,Base,CZ06,25.295833333333334,355649827.82472545
Htl,M5,cPVVG,Base,CZ07,25.2725,384450186.5024462
Htl,M5,cPVVG,Base,CZ08,32.28541666666666,428988624.33660054
Htl,M5,cPVVG,Base,CZ09,35.456250000000004,474846756.16032255
Htl,M5,cPVVG,Base,CZ10,35.55666666666667,463363772.48215806
Htl,M5,cPVVG,Base,CZ11,36.25708333333334,517695136.54020715
Htl,M5,cPVVG,Base,CZ12,33.139583333333334,441636008.9400133
Htl,M5,cPVVG,Base,CZ13,37.3975,525930788.20346427
Htl,M5,cPVVG,Base,CZ14,33.69791666666667,448093119.6079715
Htl,M5,cPVVG,Base,CZ15,42.32083333333334,615489949.3369489
Htl,M5,cPVVG,Base,CZ16,25.15416666666667,365718625.76484907
Htl,M5,cPVVG,Measure,CZ01,16.715000000000003,276526147.2571338
Htl,M5,cPVVG,Measure,CZ02,25.97041666666667,351086228.25124806
Htl,M5,cPVVG,Measure,CZ03,24.965,343458971.1424732
Htl,M5,cPVVG,Measure,CZ04,32.625416666666666,408872573.8803653
Htl,M5,cPVVG,Measure,CZ05,22.50375,316951931.15482527
Htl,M5,cPVVG,Measure,CZ06,25.295833333333334,345074068.9021603
Htl,M5,cPVVG,Measure,CZ07,25.2725,372049634.22937965
Htl,M5,cPVVG,Measure,CZ08,32.28541666666666,414213634.14798224
Htl,M5,cPVVG,Measure,CZ09,35.456250000000004,457456203.4996904
Htl,M5,cPVVG,Measure,CZ10,35.55666666666667,446467208.9084477
Htl,M5,cPVVG,Measure,CZ11,36.25708333333334,497790259.0006399
Htl,M5,cPVVG,Measure,CZ12,33.139583333333334,425686448.9181086
Htl,M5,cPVVG,Measure,CZ13,37.3975,505840583.5841664
Htl,M5,cPVVG,Measure,CZ14,33.69791666666667,432463704.2733125
Htl,M5,cPVVG,Measure,CZ15,42.32083333333334,589025899.0261865
Htl,M5,cPVVG,Measure,CZ16,25.15416666666667,355364354.22337806
MBT,M1,cDXGF,Base,CZ01,16.715000000000003,1217248977.2946596
MBT,M1,cDXGF,Base,CZ02,25.97041666666667,1690446301.0522633
MBT,M1,cDXGF,Base,CZ03,24.965,1405412308.6853325
MBT,M1,cDXGF,Base,CZ04,32.625416666666666,2011005134.8463004
MBT,M1,cDXGF,Base,CZ05,22.50375,1341419622.4735293
MBT,M1,cDXGF,Base,CZ06,25.295833333333334,1454777496.0103412
MBT,M1,cDXGF,Base,CZ07,25.2725,1770206125.5948558
MBT,M1,cDXGF,Base,CZ08,32.28541666666666,1790277212.51728
MBT,M1,cDXGF,Base,CZ09,35.456250000000004,1882619541.887309
MBT,M1,cDXGF,Base,CZ10,35.55666666666667,1877178203.1323493
MBT,M1,cDXGF,Base,CZ11,36.25708333333334,2025147409.21249
MBT,M1,cDXGF,Base,CZ12,33.139583333333334,2038255424.917201
MBT,M1,cDXGF,Base,CZ13,37.3975,2070011985.9049773
MBT,M1,cDXGF,Base,CZ14,33.69791666666667,1945054177.791521
MBT,M1,cDXGF,Base,CZ15,42.32083333333334,2460669906.707033
MBT,M1,cDXGF,Base,CZ16,25.15416666666667,1724190557.8818562
MBT,M1,cDXGF,Measure,CZ01,16.715000000000003,1208081798.9291983
MBT,M1,cDXGF,Measure,CZ02,25.97041666666667,1680167686.5430002
MBT,M1,cDXGF,Measure,CZ03,24.965,1394116893.2795634
MBT,M1,cDXGF,Measure,CZ04,32.625416666666666,1997062777.700554
MBT,M1,cDXGF,Measure,CZ05,22.50375,1330823992.5488431
MBT,M1,cDXGF,Measure,CZ06,25.295833333333334,1438768491.8525982
MBT,M1,cDXGF,Measure,CZ07,25.2725,1766065655.9701629
MBT,M1,cDXGF,Measure,CZ08,32.28541666666666,1774810691.8297763
MBT,M1,cDXGF,Measure,CZ09,35.456250000000004,1856005567.9592683
MBT,M1,cDXGF,Measure,CZ10,35.55666666666667,1852357756.1645842
MBT,M1,cDXGF,Measure,CZ11,36.25708333333334,1998971798.6125765
MBT,M1,cDXGF,Measure,CZ12,33.139583333333334,2023287292.289539
MBT,M1,cDXGF,Measure,CZ13,37.3975,2041842444.0916653
MBT,M1,cDXGF,Measure,CZ14,33.69791666666667,1918331481.6554284
MBT,M1,cDXGF,Measure,CZ15,42.32083333333334,2433153363.9649076
MBT,M1,cDXGF,Measure,CZ16,25.15416666666667,1689842347.2690334
MBT,M1,cDXHP,Base,CZ01,16.715000000000003,1217487261.8155575
MBT,M1,cDXHP,Base,CZ02,25.97041666666667,1688820410.5007205
MBT,M1,cDXHP,Base,CZ03,24.965,1404879037.0857484
MBT,M1,cDXHP,Base,CZ04,32.625416666666666,2013869252.550665
MBT,M1,cDXHP,Base,CZ05,22.50375,1342335323.7917323
MBT,M1,cDXHP,Base,CZ06,25.295833333333334,1453366069.7241118
MBT,M1,cDXHP,Base,CZ07,25.2725,1759525266.9372303
MBT,M1,cDXHP,Base,CZ08,32.28541666666666,1792444288.8261118
MBT,M1,cDXHP,Base,CZ09,35.456250000000004,1886658740.8690042
MBT,M1,cDXHP,Base,CZ10,35.55666666666667,1879681339.1183033
MBT,M1,cDXHP,Base,CZ11,36.25708333333334,2027866000.7575517
MBT,M1,cDXHP,Base,CZ12,33.139583333333334,2042084981.1283512
MBT,M1,cDXHP,Base,CZ13,37.3975,2074721739.0672095
MBT,M1,cDXHP,Base,CZ14,33.69791666666667,1946555111.5067403
MBT,M1,cDXHP,Base,CZ15,42.32083333333334,2461969373.103411
MBT,M1,cDXHP,Base,CZ16,25.15416666666667,1722291936.568489
MBT,M1,cDXHP,Measure,CZ01,16.715000000000003,1208367064.7201514
MBT,M1,cDXHP,Measure,CZ02,25.97041666666667,1678755099.5003092
MBT,M1,cDXHP,Measure,CZ03,24.965,1393939484.895237
MBT,M1,cDXHP,Measure,CZ04,32.625416666666666,2000291684.414342
MBT,M1,cDXHP,Measure,CZ05,22.50375,1331832501.0811172
MBT,M1,cDXHP,Measure,CZ06,25.295833333333334,1437336040.4456131
MBT,M1,cDXHP,Measure,CZ07,25.2725,1755518440.7801652
MBT,M1,cDXHP,Measure,CZ08,32.28541666666666,1777119514.6307478
MBT,M1,cDXHP,Measure,CZ09,35.456250000000004,1860107975.0954373
MBT,M1,cDXHP,Measure,CZ10,35.55666666666667,1854988468.3015797
MBT,M1,cDXHP,Measure,CZ11,36.25708333333334,2001616182.081695
MBT,M1,cDXHP,Measure,CZ12,33.139583333333334,2027429038.1617136
MBT,M1,cDXHP,Measure,CZ13,37.3975,2046378679.1822472
MBT,M1,cDXHP,Measure,CZ14,33.69791666666667,1919961299.8690073
MBT,M1,cDXHP,Measure,CZ15,42.32083333333334,2434479730.1854467
MBT,M1,cDXHP,Measure,CZ16,25.15416666666667,1687897781.351069
MBT,M1,cPTAC,Base,CZ01,16.715000000000003,1208678209.227863
MBT,M1,cPTAC,Base,CZ02,25.97041666666667,1690504281.6560383
MBT,M1,cPTAC,Base,CZ03,24.965,1404889321.777576
MBT,M1,cPTAC,Base,CZ04,32.625416666666666,2010959882.8387403
MBT,M1,cPTAC,Base,CZ05,22.50375,1339452307.13257
MBT,M1,cPTAC,Base,CZ06,25.295833333333334,1454776174.1541033
MBT,M1,cPTAC,Base,CZ07,25.2725,1770205586.3518949
MBT,M1,cPTAC,Base,CZ08,32.28541666666666,1790255390.7286947
MBT,M1,cPTAC,Base,CZ09,35.456250000000004,1882622163.4596233
MBT,M1,cPTAC,Base,CZ10,35.55666666666667,1877169339.8544707
MBT,M1,cPTAC,Base,CZ11,36.25708333333334,2025147406.3909245
MBT,M1,cPTAC,Base,CZ12,33.139583333333334,2038231424.605931
MBT,M1,cPTAC,Base,CZ13,37.3975,2070011988.3188605
MBT,M1,cPTAC,Base,CZ14,33.69791666666667,1945054416.3675249
MBT,M1,cPTAC,Base,CZ15,42.32083333333334,2460669906.7092853
MBT,M1,cPTAC,Base,CZ16,25.15416666666667,1724190563.9715571
MBT,M1,cPTAC,Measure,CZ01,16.715000000000003,1199512438.3904347
MBT,M1,cPTAC,Measure,CZ02,25.97041666666667,1680229537.8658416
MBT,M1,cPTAC,Measure,CZ03,24.965,1393878470.0222068
MBT,M1,cPTAC,Measure,CZ04,32.625416666666666,1997018927.9275208
MBT,M1,cPTAC,Measure,CZ05,22.50375,1328930952.8191059
MBT,M1,cPTAC,Measure,CZ06,25.295833333333334,1438764950.8292596
MBT,M1,cPTAC,Measure,CZ07,25.2725,1766065170.564971
MBT,M1,cPTAC,Measure,CZ08,32.28541666666666,1774789231.1209338
MBT,M1,cPTAC,Measure,CZ09,35.456250000000004,1856008009.1420825
MBT,M1,cPTAC,Measure,CZ10,35.55666666666667,1852348898.2510397
MBT,M1,cPTAC,Measure,CZ11,36.25708333333334,1998971795.598979
MBT,M1,cPTAC,Measure,CZ12,33.139583333333334,2023263492.917488
MBT,M1,cPTAC,Measure,CZ13,37.3975,2041842446.4150696
MBT,M1,cPTAC,Measure,CZ14,33.69791666666667,1918331717.8284485
MBT,M1,cPTAC,Measure,CZ15,42.32083333333334,2433153363.965371
MBT,M1,cPTAC,Measure,CZ16,25.15416666666667,1689842365.2629209
MBT,M1,cPVVG,Base,CZ01,16.715000000000003,1134862235.0014362
MBT,M1,cPVVG,Base,CZ02,25.97041666666667,1609910847.0928745
MBT,M1,cPVVG,Base,CZ03,24.965,1326382411.295218
MBT,M1,cPVVG,Base,CZ04,32.625416666666666,1948113312.9272766
MBT,M1,cPVVG,Base,CZ05,22.50375,1255500487.4160414
MBT,M1,cPVVG,Base,CZ06,25.295833333333334,1375433849.2891643
MBT,M1,cPVVG,Base,CZ07,25.2725,1699836314.0366745
MBT,M1,cPVVG,Base,CZ08,32.28541666666666,1723238108.8582635
MBT,M1,cPVVG,Base,CZ09,35.456250000000004,1817326653.2979794
MBT,M1,cPVVG,Base,CZ10,35.55666666666667,1810316932.416013
MBT,M1,cPVVG,Base,CZ11,36.25708333333334,1962115851.7687266
MBT,M1,cPVVG,Base,CZ12,33.139583333333334,1978029249.6725528
MBT,M1,cPVVG,Base,CZ13,37.3975,2011795564.2108445
MBT,M1,cPVVG,Base,CZ14,33.69791666666667,1877091699.2590556
MBT,M1,cPVVG,Base,CZ15,42.32083333333334,2409210373.3147044
MBT,M1,cPVVG,Base,CZ16,25.15416666666667,1620215080.183878
MBT,M1,cPVVG,Measure,CZ01,16.715000000000003,1136251474.3765693
MBT,M1,cPVVG,Measure,CZ02,25.97041666666667,1616672173.6499362
MBT,M1,cPVVG,Measure,CZ03,24.965,1331131078.9470224
MBT,M1,cPVVG,Measure,CZ04,32.625416666666666,1950378711.632639
MBT,M1,cPVVG,Measure,CZ05,22.50375,1260513799.3880033
MBT,M1,cPVVG,Measure,CZ06,25.295833333333334,1374775375.9335818
MBT,M1,cPVVG,Measure,CZ07,25.2725,1701205231.030933
MBT,M1,cPVVG,Measure,CZ08,32.28541666666666,1724459337.778871
MBT,M1,cPVVG,Measure,CZ09,35.456250000000004,1807352069.9802861
MBT,M1,cPVVG,Measure,CZ10,35.55666666666667,1803529606.9454772
MBT,M1,cPVVG,Measure,CZ11,36.25708333333334,1947057519.585493
MBT,M1,cPVVG,Measure,CZ12,33.139583333333334,1978177095.508637
MBT,M1,cPVVG,Measure,CZ13,37.3975,1993869886.0556638
MBT,M1,cPVVG,Measure,CZ14,33.69791666666667,1862974624.9827528
MBT,M1,cPVVG,Measure,CZ15,42.32083333333334,2391680439.1854267
MBT,M1,cPVVG,Measure,CZ16,25.15416666666667,1609659522.740151
MBT,M2,cDXGF,Base,CZ01,16.715000000000003,1309081195.1435091
MBT,M2,cDXGF,Base,CZ02,25.97041666666667,1702225264.5097933
MBT,M2,cDXGF,Base,CZ03,24.965,1438913125.1740804
MBT,M2,cDXGF,Base,CZ04,32.625416666666666,1970424794.2991009
MBT,M2,cDXGF,Base,CZ05,22.50375,1400795969.7256656
MBT,M2,cDXGF,Base,CZ06,25.295833333333334,1467450777.4108834
MBT,M2,cDXGF,Base,CZ07,25.2725,1751710396.5882452
MBT,M2,cDXGF,Base,CZ08,32.28541666666666,1745701208.0967233
MBT,M2,cDXGF,Base,CZ09,35.456250000000004,1811893485.0479288
MBT,M2,cDXGF,Base,CZ10,35.55666666666667,1804807361.7556896
MBT,M2,cDXGF,Base,CZ11,36.25708333333334,1948082764.340671
MBT,M2,cDXGF,Base,CZ12,33.139583333333334,1992857278.1869495
MBT,M2,cDXGF,Base,CZ13,37.3975,1985391517.9855297
MBT,M2,cDXGF,Base,CZ14,33.69791666666667,1891908861.582786
MBT,M2,cDXGF,Base,CZ15,42.32083333333334,2315890667.5021935
MBT,M2,cDXGF,Base,CZ16,25.15416666666667,1741347508.9809992
MBT,M2,cDXGF,Measure,CZ01,16.715000000000003,1289423898.3493562
MBT,M2,cDXGF,Measure,CZ02,25.97041666666667,1680486858.8308053
MBT,M2,cDXGF,Measure,CZ03,24.965,1416651471.5814066
MBT,M2,cDXGF,Measure,CZ04,32.625416666666666,1947745895.0103056
MBT,M2,cDXGF,Measure,CZ05,22.50375,1378100507.7860734
MBT,M2,cDXGF,Measure,CZ06,25.295833333333334,1444665360.220608
MBT,M2,cDXGF,Measure,CZ07,25.2725,1744300584.552572
MBT,M2,cDXGF,Measure,CZ08,32.28541666666666,1720509706.7341766
MBT,M2,cDXGF,Measure,CZ09,35.456250000000004,1785495301.044359
MBT,M2,cDXGF,Measure,CZ10,35.55666666666667,1777844754.3102891
MBT,M2,cDXGF,Measure,CZ11,36.25708333333334,1927689878.5794897
MBT,M2,cDXGF,Measure,CZ12,33.139583333333334,1970882616.0624685
MBT,M2,cDXGF,Measure,CZ13,37.3975,1964570198.019072
MBT,M2,cDXGF,Measure,CZ14,33.69791666666667,1869294417.9978216
MBT,M2,cDXGF,Measure,CZ15,42.32083333333334,2296605093.4511085
MBT,M2,cDXGF,Measure,CZ16,25.15416666666667,1704356278.026442
MBT,M2,cDXHP,Base,CZ01,16.715000000000003,1307358403.8181338
MBT,M2,cDXHP,Base,CZ02,25.97041666666667,1697896150.0146239
MBT,M2,cDXHP,Base,CZ03,24.965,1435885210.9707298
MBT,M2,cDXHP,Base,CZ04,32.625416666666666,1965060594.1431162
MBT,M2,cDXHP,Base,CZ05,22.50375,1398040986.8593879
MBT,M2,cDXHP,Base,CZ06,25.295833333333334,1464280317.1731818
MBT,M2,cDXHP,Base,CZ07,25.2725,1748141013.7698123
MBT,M2,cDXHP,Base,CZ08,32.28541666666666,1742353270.5797567
MBT,M2,cDXHP,Base,CZ09,35.456250000000004,1808569255.1370473
MBT,M2,cDXHP,Base,CZ10,35.55666666666667,1801605275.6832361
MBT,M2,cDXHP,Base,CZ11,36.25708333333334,1945826178.7984862
MBT,M2,cDXHP,Base,CZ12,33.139583333333334,1988358181.3973503
MBT,M2,cDXHP,Base,CZ13,37.3975,1983480360.5498722
MBT,M2,cDXHP,Base,CZ14,33.69791666666667,1889198307.6850638
MBT,M2,cDXHP,Base,CZ15,42.32083333333334,2315646078.8922153
MBT,M2,cDXHP,Base,CZ16,25.15416666666667,1736157850.9036245
MBT,M2,cDXHP,Measure,CZ01,16.715000000000003,1287642485.2273338
MBT,M2,cDXHP,Measure,CZ02,25.97041666666667,1676018922.3974912
MBT,M2,cDXHP,Measure,CZ03,24.965,1413526956.8105888
MBT,M2,cDXHP,Measure,CZ04,32.625416666666666,1942255521.259373
MBT,M2,cDXHP,Measure,CZ05,22.50375,1375265792.7667222
MBT,M2,cDXHP,Measure,CZ06,25.295833333333334,1441420270.9877338
MBT,M2,cDXHP,Measure,CZ07,25.2725,1740624801.949318
MBT,M2,cDXHP,Measure,CZ08,32.28541666666666,1717085383.214671
MBT,M2,cDXHP,Measure,CZ09,35.456250000000004,1782130168.322065
MBT,M2,cDXHP,Measure,CZ10,35.55666666666667,1774615114.7351546
MBT,M2,cDXHP,Measure,CZ11,36.25708333333334,1925683373.0980334
MBT,M2,cDXHP,Measure,CZ12,33.139583333333334,1966285992.2154856
MBT,M2,cDXHP,Measure,CZ13,37.3975,1962982350.3638225
MBT,M2,cDXHP,Measure,CZ14,33.69791666666667,1866718225.2892067
MBT,M2,cDXHP,Measure,CZ15,42.32083333333334,2296360525.3078146
MBT,M2,cDXHP,Measure,CZ16,25.15416666666667,1699176090.4800062
MBT,M2,cPTAC,Base,CZ01,16.715000000000003,1309081195.1433191
MBT,M2,cPTAC,Base,CZ02,25.97041666666667,1702225264.5111098
MBT,M2,cPTAC,Base,CZ03,24.965,1438913125.1684303
MBT,M2,cPTAC,Base,CZ04,32.625416666666666,1970424794.2953405
MBT,M2,cPTAC,Base,CZ05,22.50375,1400795969.7240067
MBT,M2,cPTAC,Base,CZ06,25.295833333333334,1467450777.4125292
MBT,M2,cPTAC,Base,CZ07,25.2725,1751710396.5893118
MBT,M2,cPTAC,Base,CZ08,32.28541666666666,1745701208.0837114
MBT,M2,cPTAC,Base,CZ09,35.456250000000004,1811893485.0503721
MBT,M2,cPTAC,Base,CZ10,35.55666666666667,1804807361.6696274
MBT,M2,cPTAC,Base,CZ11,36.25708333333334,1948082764.3393826
MBT,M2,cPTAC,Base,CZ12,33.139583333333334,1992857278.193469
MBT,M2,cPTAC,Base,CZ13,37.3975,1985391517.9825659
MBT,M2,cPTAC,Base,CZ14,33.69791666666667,1891908861.583265
MBT,M2,cPTAC,Base,CZ15,42.32083333333334,2315890667.5017715
MBT,M2,cPTAC,Base,CZ16,25.15416666666667,1741347508.9822268
MBT,M2,cPTAC,Measure,CZ01,16.715000000000003,1289423877.098045
MBT,M2,cPTAC,Measure,CZ02,25.97041666666667,1680486858.8290153
MBT,M2,cPTAC,Measure,CZ03,24.965,1416651471.5850964
MBT,M2,cPTAC,Measure,CZ04,32.625416666666666,1947745895.0085456
MBT,M2,cPTAC,Measure,CZ05,22.50375,1378100507.784481
MBT,M2,cPTAC,Measure,CZ06,25.295833333333334,1444665360.2206726
MBT,M2,cPTAC,Measure,CZ07,25.2725,1744300584.5520205
MBT,M2,cPTAC,Measure,CZ08,32.28541666666666,1720509706.7347887
MBT,M2,cPTAC,Measure,CZ09,35.456250000000004,1785495301.0314589
MBT,M2,cPTAC,Measure,CZ10,35.55666666666667,1777844754.304886
MBT,M2,cPTAC,Measure,CZ11,36.25708333333334,1927689878.5768833
MBT,M2,cPTAC,Measure,CZ12,33.139583333333334,1970882616.0492735
MBT,M2,cPTAC,Measure,CZ13,37.3975,1964570198.0191262
MBT,M2,cPTAC,Measure,CZ14,33.69791666666667,1869294417.9983253
MBT,M2,cPTAC,Measure,CZ15,42.32083333333334,2296605093.4496717
MBT,M2,cPTAC,Measure,CZ16,25.15416666666667,1704356278.0467844
MBT,M2,cPVVG,Base,CZ01,16.715000000000003,1229773853.6921015
MBT,M2,cPVVG,Base,CZ02,25.97041666666667,1620073359.6015859
MBT,M2,cPVVG,Base,CZ03,24.965,1359326680.3601139
MBT,M2,cPVVG,Base,CZ04,32.625416666666666,1890490049.6472044
MBT,M2,cPVVG,Base,CZ05,22.50375,1315793032.4233937
MBT,M2,cPVVG,Base,CZ06,25.295833333333334,1386463667.98058
MBT,M2,cPVVG,Base,CZ07,25.2725,1680122784.4841156
MBT,M2,cPVVG,Base,CZ08,32.28541666666666,1658981843.477086
MBT,M2,cPVVG,Base,CZ09,35.456250000000004,1720668760.6795204
MBT,M2,cPVVG,Base,CZ10,35.55666666666667,1712781527.2933536
MBT,M2,cPVVG,Base,CZ11,36.25708333333334,1864503345.212167
MBT,M2,cPVVG,Base,CZ12,33.139583333333334,1915338216.1627612
MBT,M2,cPVVG,Base,CZ13,37.3975,1902656132.805462
MBT,M2,cPVVG,Base,CZ14,33.69791666666667,1804184441.4950976
MBT,M2,cPVVG,Base,CZ15,42.32083333333334,2227679699.911802
MBT,M2,cPVVG,Base,CZ16,25.15416666666667,1640407526.2549472
MBT,M2,cPVVG,Measure,CZ01,16.715000000000003,1222059294.5764341
MBT,M2,cPVVG,Measure,CZ02,25.97041666666667,1611569793.6594646
MBT,M2,cPVVG,Measure,CZ03,24.965,1350956899.5187707
MBT,M2,cPVVG,Measure,CZ04,32.625416666666666,1881783485.1064239
MBT,M2,cPVVG,Measure,CZ05,22.50375,1307096245.0229115
MBT,M2,cPVVG,Measure,CZ06,25.295833333333334,1377863796.8719225
MBT,M2,cPVVG,Measure,CZ07,25.2725,1675496257.204718
MBT,M2,cPVVG,Measure,CZ08,32.28541666666666,1649517139.9558525
MBT,M2,cPVVG,Measure,CZ09,35.456250000000004,1710027573.6877112
MBT,M2,cPVVG,Measure,CZ10,35.55666666666667,1702504373.0809298
MBT,M2,cPVVG,Measure,CZ11,36.25708333333334,1854973183.0658443
MBT,M2,cPVVG,Measure,CZ12,33.139583333333334,1906868815.9646585
MBT,M2,cPVVG,Measure,CZ13,37.3975,1892674024.4563584
MBT,M2,cPVVG,Measure,CZ14,33.69791666666667,1793699613.0157666
MBT,M2,cPVVG,Measure,CZ15,42.32083333333334,2220075709.333795
MBT,M2,cPVVG,Measure,CZ16,25.15416666666667,1623737426.2568371
MBT,M3,cDXGF,Base,CZ01,16.715000000000003,1224073621.6493351
MBT,M3,cDXGF,Base,CZ02,25.97041666666667,1644259653.8984325
MBT,M3,cDXGF,Base,CZ03,24.965,1374955895.5345683
MBT,M3,cDXGF,Base,CZ04,32.625416666666666,1937084960.2028382
MBT,M3,cDXGF,Base,CZ05,22.50375,1322333141.0434158
MBT,M3,cDXGF,Base,CZ06,25.295833333333334,1405152999.734613
MBT,M3,cDXGF,Base,CZ07,25.2725,1719159986.226797
MBT,M3,cDXGF,Base,CZ08,32.28541666666666,1698090378.0130162
MBT,M3,cDXGF,Base,CZ09,35.456250000000004,1762730249.6032848
MBT,M3,cDXGF,Base,CZ10,35.55666666666667,1756165582.9197083
MBT,M3,cDXGF,Base,CZ11,36.25708333333334,1919069902.783053
MBT,M3,cDXGF,Base,CZ12,33.139583333333334,1965790307.9849544
MBT,M3,cDXGF,Base,CZ13,37.3975,1961880363.37256
MBT,M3,cDXGF,Base,CZ14,33.69791666666667,1846208888.5188441
MBT,M3,cDXGF,Base,CZ15,42.32083333333334,2318686111.8575873
MBT,M3,cDXGF,Base,CZ16,25.15416666666667,1651155805.7685251
MBT,M3,cDXGF,Measure,CZ01,16.715000000000003,1197705382.8120189
MBT,M3,cDXGF,Measure,CZ02,25.97041666666667,1594273544.0597665
MBT,M3,cDXGF,Measure,CZ03,24.965,1332933714.9276109
MBT,M3,cDXGF,Measure,CZ04,32.625416666666666,1870925940.6303968
MBT,M3,cDXGF,Measure,CZ05,22.50375,1284905424.5165005
MBT,M3,cDXGF,Measure,CZ06,25.295833333333334,1360240377.8845448
MBT,M3,cDXGF,Measure,CZ07,25.2725,1661133012.5635855
MBT,M3,cDXGF,Measure,CZ08,32.28541666666666,1635334758.477513
MBT,M3,cDXGF,Measure,CZ09,35.456250000000004,1694908695.5512505
MBT,M3,cDXGF,Measure,CZ10,35.55666666666667,1689421853.193266
MBT,M3,cDXGF,Measure,CZ11,36.25708333333334,1838927770.5709453
MBT,M3,cDXGF,Measure,CZ12,33.139583333333334,1896937023.4248285
MBT,M3,cDXGF,Measure,CZ13,37.3975,1877777450.7270637
MBT,M3,cDXGF,Measure,CZ14,33.69791666666667,1773842162.2381775
MBT,M3,cDXGF,Measure,CZ15,42.32083333333334,2215439220.1401353
MBT,M3,cDXGF,Measure,CZ16,25.15416666666667,1599457392.5727918
MBT,M3,cDXHP,Base,CZ01,16.715000000000003,1210234792.3408244
MBT,M3,cDXHP,Base,CZ02,25.97041666666667,1627817942.4277058
MBT,M3,cDXHP,Base,CZ03,24.965,1358851139.0991273
MBT,M3,cDXHP,Base,CZ04,32.625416666666666,1919165020.1426682
MBT,M3,cDXHP,Base,CZ05,22.50375,1306360385.1268206
MBT,M3,cDXHP,Base,CZ06,25.295833333333334,1389349448.681074
MBT,M3,cDXHP,Base,CZ07,25.2725,1703156124.2682366
MBT,M3,cDXHP,Base,CZ08,32.28541666666666,1688212512.467214
MBT,M3,cDXHP,Base,CZ09,35.456250000000004,1753939216.9549465
MBT,M3,cDXHP,Base,CZ10,35.55666666666667,1749293899.3845077
MBT,M3,cDXHP,Base,CZ11,36.25708333333334,1909699438.3390834
MBT,M3,cDXHP,Base,CZ12,33.139583333333334,1950241432.7846642
MBT,M3,cDXHP,Base,CZ13,37.3975,1954765168.9200497
MBT,M3,cDXHP,Base,CZ14,33.69791666666667,1834799577.305142
MBT,M3,cDXHP,Base,CZ15,42.32083333333334,2318146803.710384
MBT,M3,cDXHP,Base,CZ16,25.15416666666667,1635477469.062931
MBT,M3,cDXHP,Measure,CZ01,16.715000000000003,1184025751.5897613
MBT,M3,cDXHP,Measure,CZ02,25.97041666666667,1577637593.8632817
MBT,M3,cDXHP,Measure,CZ03,24.965,1316841966.0510674
MBT,M3,cDXHP,Measure,CZ04,32.625416666666666,1852577487.2573993
MBT,M3,cDXHP,Measure,CZ05,22.50375,1269045904.0920258
MBT,M3,cDXHP,Measure,CZ06,25.295833333333334,1344505802.020623
MBT,M3,cDXHP,Measure,CZ07,25.2725,1644987973.907024
MBT,M3,cDXHP,Measure,CZ08,32.28541666666666,1625049752.3425055
MBT,M3,cDXHP,Measure,CZ09,35.456250000000004,1685706230.5628912
MBT,M3,cDXHP,Measure,CZ10,35.55666666666667,1682159991.2541068
MBT,M3,cDXHP,Measure,CZ11,36.25708333333334,1828846292.4351501
MBT,M3,cDXHP,Measure,CZ12,33.139583333333334,1880777252.8401387
MBT,M3,cDXHP,Measure,CZ13,37.3975,1870001238.604299
MBT,M3,cDXHP,Measure,CZ14,33.69791666666667,1762024192.273331
MBT,M3,cDXHP,Measure,CZ15,42.32083333333334,2214783770.4455023
MBT,M3,cDXHP,Measure,CZ16,25.15416666666667,1583883644.7714257
MBT,M3,cPTAC,Base,CZ01,16.715000000000003,1224070064.8843107
MBT,M3,cPTAC,Base,CZ02,25.97041666666667,1644259653.8969417
MBT,M3,cPTAC,Base,CZ03,24.965,1374955895.5305529
MBT,M3,cPTAC,Base,CZ04,32.625416666666666,1937084960.2010608
MBT,M3,cPTAC,Base,CZ05,22.50375,1322333141.04318
MBT,M3,cPTAC,Base,CZ06,25.295833333333334,1405152999.733324
MBT,M3,cPTAC,Base,CZ07,25.2725,1719159986.226478
MBT,M3,cPTAC,Base,CZ08,32.28541666666666,1698090378.0124087
MBT,M3,cPTAC,Base,CZ09,35.456250000000004,1762730249.6057255
MBT,M3,cPTAC,Base,CZ10,35.55666666666667,1756165582.9154537
MBT,M3,cPTAC,Base,CZ11,36.25708333333334,1919069902.7802513
MBT,M3,cPTAC,Base,CZ12,33.139583333333334,1965790307.980306
MBT,M3,cPTAC,Base,CZ13,37.3975,1961880363.3697577
MBT,M3,cPTAC,Base,CZ14,33.69791666666667,1846208888.518426
MBT,M3,cPTAC,Base,CZ15,42.32083333333334,2318686111.8592615
MBT,M3,cPTAC,Base,CZ16,25.15416666666667,1651155805.740334
MBT,M3,cPTAC,Measure,CZ01,16.715000000000003,1197702259.6911328
MBT,M3,cPTAC,Measure,CZ02,25.97041666666667,1594273544.0585186
MBT,M3,cPTAC,Measure,CZ03,24.965,1332933714.9271593
MBT,M3,cPTAC,Measure,CZ04,32.625416666666666,1870925940.7503724
MBT,M3,cPTAC,Measure,CZ05,22.50375,1284905424.517726
MBT,M3,cPTAC,Measure,CZ06,25.295833333333334,1360240377.882524
MBT,M3,cPTAC,Measure,CZ07,25.2725,1661133012.561757
MBT,M3,cPTAC,Measure,CZ08,32.28541666666666,1635334758.4735937
MBT,M3,cPTAC,Measure,CZ09,35.456250000000004,1694908695.4686942
MBT,M3,cPTAC,Measure,CZ10,35.55666666666667,1689421853.1903033
MBT,M3,cPTAC,Measure,CZ11,36.25708333333334,1838927770.5717356
MBT,M3,cPTAC,Measure,CZ12,33.139583333333334,1896937023.4299467
MBT,M3,cPTAC,Measure,CZ13,37.3975,1877777450.7275982
MBT,M3,cPTAC,Measure,CZ14,33.69791666666667,1773842162.2389731
MBT,M3,cPTAC,Measure,CZ15,42.32083333333334,2215439220.136585
MBT,M3,cPTAC,Measure,CZ16,25.15416666666667,1599457392.5478973
MBT,M3,cPVVG,Base,CZ01,16.715000000000003,1217969839.307654
MBT,M3,cPVVG,Base,CZ02,25.97041666666667,1635504973.720104
MBT,M3,cPVVG,Base,CZ03,24.965,1366685311.7859163
MBT,M3,cPVVG,Base,CZ04,32.625416666666666,1927159753.4103868
MBT,M3,cPVVG,Base,CZ05,22.50375,1314240543.5319283
MBT,M3,cPVVG,Base,CZ06,25.295833333333334,1396233496.0081437
MBT,M3,cPVVG,Base,CZ07,25.2725,1709136502.3696125
MBT,M3,cPVVG,Base,CZ08,32.28541666666666,1687950207.0172253
MBT,M3,cPVVG,Base,CZ09,35.456250000000004,1752043701.701651
MBT,M3,cPVVG,Base,CZ10,35.55666666666667,1745737245.0835404
MBT,M3,cPVVG,Base,CZ11,36.25708333333334,1909196195.3277283
MBT,M3,cPVVG,Base,CZ12,33.139583333333334,1955969851.5362847
MBT,M3,cPVVG,Base,CZ13,37.3975,1951921766.8552854
MBT,M3,cPVVG,Base,CZ14,33.69791666666667,1836204713.9398794
MBT,M3,cPVVG,Base,CZ15,42.32083333333334,2306656613.8026342
MBT,M3,cPVVG,Base,CZ16,25.15416666666667,1641192462.6697817
MBT,M3,cPVVG,Measure,CZ01,16.715000000000003,1191893041.8124042
MBT,M3,cPVVG,Measure,CZ02,25.97041666666667,1585958199.4423523
MBT,M3,cPVVG,Measure,CZ03,24.965,1325068409.7351058
MBT,M3,cPVVG,Measure,CZ04,32.625416666666666,1861537813.5029511
MBT,M3,cPVVG,Measure,CZ05,22.50375,1277208255.087854
MBT,M3,cPVVG,Measure,CZ06,25.295833333333334,1351753783.6790771
MBT,M3,cPVVG,Measure,CZ07,25.2725,1651590752.9078658
MBT,M3,cPVVG,Measure,CZ08,32.28541666666666,1625744256.1678543
MBT,M3,cPVVG,Measure,CZ09,35.456250000000004,1684840230.7373116
MBT,M3,cPVVG,Measure,CZ10,35.55666666666667,1679586850.2633595
MBT,M3,cPVVG,Measure,CZ11,36.25708333333334,1829978720.428685
MBT,M3,cPVVG,Measure,CZ12,33.139583333333334,1887651046.802897
MBT,M3,cPVVG,Measure,CZ13,37.3975,1868764094.1905408
MBT,M3,cPVVG,Measure,CZ14,33.69791666666667,1764704646.9851093
MBT,M3,cPVVG,Measure,CZ15,42.32083333333334,2204186385.0098586
MBT,M3,cPVVG,Measure,CZ16,25.15416666666667,1590167618.401773
MBT,M4,cDXGF,Base,CZ01,16.715000000000003,1248412095.3914816
MBT,M4,cDXGF,Base,CZ02,25.97041666666667,1704256715.734795
MBT,M4,cDXGF,Base,CZ03,24.965,1428036975.7904677
MBT,M4,cDXGF,Base,CZ04,32.625416666666666,2011003985.8893328
MBT,M4,cDXGF,Base,CZ05,22.50375,1372255878.49229
MBT,M4,cDXGF,Base,CZ06,25.295833333333334,1462893966.6394773
MBT,M4,cDXGF,Base,CZ07,25.2725,1770195138.8149014
MBT,M4,cDXGF,Base,CZ08,32.28541666666666,1790282432.2433214
MBT,M4,cDXGF,Base,CZ09,35.456250000000004,1882681297.0264168
MBT,M4,cDXGF,Base,CZ10,35.55666666666667,1877206811.2402682
MBT,M4,cDXGF,Base,CZ11,36.25708333333334,2025202459.3068986
MBT,M4,cDXGF,Base,CZ12,33.139583333333334,2038209094.2868676
MBT,M4,cDXGF,Base,CZ13,37.3975,2070044961.5958064
MBT,M4,cDXGF,Base,CZ14,33.69791666666667,1945071858.3903527
MBT,M4,cDXGF,Base,CZ15,42.32083333333334,2460669906.596707
MBT,M4,cDXGF,Base,CZ16,25.15416666666667,1732744712.4132648
MBT,M4,cDXGF,Measure,CZ01,16.715000000000003,1242607719.482864
MBT,M4,cDXGF,Measure,CZ02,25.97041666666667,1694137084.7922702
MBT,M4,cDXGF,Measure,CZ03,24.965,1417661766.376553
MBT,M4,cDXGF,Measure,CZ04,32.625416666666666,1997071469.5864897
MBT,M4,cDXGF,Measure,CZ05,22.50375,1363036379.5760207
MBT,M4,cDXGF,Measure,CZ06,25.295833333333334,1446888922.2594917
MBT,M4,cDXGF,Measure,CZ07,25.2725,1766054681.871605
MBT,M4,cDXGF,Measure,CZ08,32.28541666666666,1774816396.1919332
MBT,M4,cDXGF,Measure,CZ09,35.456250000000004,1856065284.2779384
MBT,M4,cDXGF,Measure,CZ10,35.55666666666667,1852386333.335742
MBT,M4,cDXGF,Measure,CZ11,36.25708333333334,1999027072.3236353
MBT,M4,cDXGF,Measure,CZ12,33.139583333333334,2023241687.5058923
MBT,M4,cDXGF,Measure,CZ13,37.3975,2041874380.9976337
MBT,M4,cDXGF,Measure,CZ14,33.69791666666667,1918349188.6473923
MBT,M4,cDXGF,Measure,CZ15,42.32083333333334,2433153363.941215
MBT,M4,cDXGF,Measure,CZ16,25.15416666666667,1697871013.8590302
MBT,M4,cDXHP,Base,CZ01,16.715000000000003,1247326509.9407938
MBT,M4,cDXHP,Base,CZ02,25.97041666666667,1701407402.1788645
MBT,M4,cDXHP,Base,CZ03,24.965,1426316703.0978708
MBT,M4,cDXHP,Base,CZ04,32.625416666666666,2013756500.4044657
MBT,M4,cDXHP,Base,CZ05,22.50375,1371545426.0045547
MBT,M4,cDXHP,Base,CZ06,25.295833333333334,1460892404.184284
MBT,M4,cDXHP,Base,CZ07,25.2725,1759506764.8927822
MBT,M4,cDXHP,Base,CZ08,32.28541666666666,1792392431.1768684
MBT,M4,cDXHP,Base,CZ09,35.456250000000004,1886661042.6655087
MBT,M4,cDXHP,Base,CZ10,35.55666666666667,1879664765.7401133
MBT,M4,cDXHP,Base,CZ11,36.25708333333334,2027878527.5752559
MBT,M4,cDXHP,Base,CZ12,33.139583333333334,2041942799.831841
MBT,M4,cDXHP,Base,CZ13,37.3975,2074726742.4570832
MBT,M4,cDXHP,Base,CZ14,33.69791666666667,1946559457.4775376
MBT,M4,cDXHP,Base,CZ15,42.32083333333334,2461969372.955937
MBT,M4,cDXHP,Base,CZ16,25.15416666666667,1728734027.4767988
MBT,M4,cDXHP,Measure,CZ01,16.715000000000003,1241338204.8277764
MBT,M4,cDXHP,Measure,CZ02,25.97041666666667,1691447485.6787863
MBT,M4,cDXHP,Measure,CZ03,24.965,1415935393.9389477
MBT,M4,cDXHP,Measure,CZ04,32.625416666666666,2000180890.0970979
MBT,M4,cDXHP,Measure,CZ05,22.50375,1362341190.6423237
MBT,M4,cDXHP,Measure,CZ06,25.295833333333334,1444868900.0820713
MBT,M4,cDXHP,Measure,CZ07,25.2725,1755499393.3829534
MBT,M4,cDXHP,Measure,CZ08,32.28541666666666,1777069513.2114372
MBT,M4,cDXHP,Measure,CZ09,35.456250000000004,1860110392.980777
MBT,M4,cDXHP,Measure,CZ10,35.55666666666667,1854972363.5884287
MBT,M4,cDXHP,Measure,CZ11,36.25708333333334,2001629295.165442
MBT,M4,cDXHP,Measure,CZ12,33.139583333333334,2027286850.8417087
MBT,M4,cDXHP,Measure,CZ13,37.3975,2046383083.0894628
MBT,M4,cDXHP,Measure,CZ14,33.69791666666667,1919965721.1682887
MBT,M4,cDXHP,Measure,CZ15,42.32083333333334,2434479730.1533513
MBT,M4,cDXHP,Measure,CZ16,25.15416666666667,1693828645.9273372
MBT,M4,cPTAC,Base,CZ01,16.715000000000003,1247363885.3867254
MBT,M4,cPTAC,Base,CZ02,25.97041666666667,1704256607.538426
MBT,M4,cPTAC,Base,CZ03,24.965,1428036625.3566668
MBT,M4,cPTAC,Base,CZ04,32.625416666666666,2011003985.8937044
MBT,M4,cPTAC,Base,CZ05,22.50375,1372009540.4923496
MBT,M4,cPTAC,Base,CZ06,25.295833333333334,1462893966.6383567
MBT,M4,cPTAC,Base,CZ07,25.2725,1770195138.8157036
MBT,M4,cPTAC,Base,CZ08,32.28541666666666,1790282432.2529867
MBT,M4,cPTAC,Base,CZ09,35.456250000000004,1882681297.052491
MBT,M4,cPTAC,Base,CZ10,35.55666666666667,1877206811.2333205
MBT,M4,cPTAC,Base,CZ11,36.25708333333334,2025202459.305947
MBT,M4,cPTAC,Base,CZ12,33.139583333333334,2038209094.2886744
MBT,M4,cPTAC,Base,CZ13,37.3975,2070044961.600904
MBT,M4,cPTAC,Base,CZ14,33.69791666666667,1945071858.3919916
MBT,M4,cPTAC,Base,CZ15,42.32083333333334,2460669906.596794
MBT,M4,cPTAC,Base,CZ16,25.15416666666667,1732744696.3027725
MBT,M4,cPTAC,Measure,CZ01,16.715000000000003,1242122942.1393573
MBT,M4,cPTAC,Measure,CZ02,25.97041666666667,1694137084.7903283
MBT,M4,cPTAC,Measure,CZ03,24.965,1417661766.383482
MBT,M4,cPTAC,Measure,CZ04,32.625416666666666,1997071469.583722
MBT,M4,cPTAC,Measure,CZ05,22.50375,1362993311.2382686
MBT,M4,cPTAC,Measure,CZ06,25.295833333333334,1446888922.2583208
MBT,M4,cPTAC,Measure,CZ07,25.2725,1766054681.8731246
MBT,M4,cPTAC,Measure,CZ08,32.28541666666666,1774816396.196013
MBT,M4,cPTAC,Measure,CZ09,35.456250000000004,1856065284.2785983
MBT,M4,cPTAC,Measure,CZ10,35.55666666666667,1852386333.3384933
MBT,M4,cPTAC,Measure,CZ11,36.25708333333334,1999027072.325873
MBT,M4,cPTAC,Measure,CZ12,33.139583333333334,2023241687.5001287
MBT,M4,cPTAC,Measure,CZ13,37.3975,2041874380.998849
MBT,M4,cPTAC,Measure,CZ14,33.69791666666667,1918349188.6457899
MBT,M4,cPTAC,Measure,CZ15,42.32083333333334,2433153363.9445705
MBT,M4,cPTAC,Measure,CZ16,25.15416666666667,1697871008.890583
MBT,M4,cPVVG,Base,CZ01,16.715000000000003,1154368942.124419
MBT,M4,cPVVG,Base,CZ02,25.97041666666667,1621639717.863799
MBT,M4,cPVVG,Base,CZ03,24.965,1345169632.2308745
MBT,M4,cPVVG,Base,CZ04,32.625416666666666,1948112004.1201181
MBT,M4,cPVVG,Base,CZ05,22.50375,1280211963.1526968
MBT,M4,cPVVG,Base,CZ06,25.295833333333334,1382333284.9895082
MBT,M4,cPVVG,Base,CZ07,25.2725,1699825238.2300465
MBT,M4,cPVVG,Base,CZ08,32.28541666666666,1723244050.938197
MBT,M4,cPVVG,Base,CZ09,35.456250000000004,1817392630.5512233
MBT,M4,cPVVG,Base,CZ10,35.55666666666667,1810347251.1633868
MBT,M4,cPVVG,Base,CZ11,36.25708333333334,1962173579.914705
MBT,M4,cPVVG,Base,CZ12,33.139583333333334,1977980782.4179835
MBT,M4,cPVVG,Base,CZ13,37.3975,2011828220.922494
MBT,M4,cPVVG,Base,CZ14,33.69791666666667,1877110045.2327108
MBT,M4,cPVVG,Base,CZ15,42.32083333333334,2409210373.310392
MBT,M4,cPVVG,Base,CZ16,25.15416666666667,1627961107.8660057
MBT,M4,cPVVG,Measure,CZ01,16.715000000000003,1162350365.6849904
MBT,M4,cPVVG,Measure,CZ02,25.97041666666667,1628782861.261063
MBT,M4,cPVVG,Measure,CZ03,24.965,1351300557.7158666
MBT,M4,cPVVG,Measure,CZ04,32.625416666666666,1950385208.696712
MBT,M4,cPVVG,Measure,CZ05,22.50375,1287550756.9006672
MBT,M4,cPVVG,Measure,CZ06,25.295833333333334,1381698901.9883149
MBT,M4,cPVVG,Measure,CZ07,25.2725,1701197055.165649
MBT,M4,cPVVG,Measure,CZ08,32.28541666666666,1724466143.2966676
MBT,M4,cPVVG,Measure,CZ09,35.456250000000004,1807416719.213323
MBT,M4,cPVVG,Measure,CZ10,35.55666666666667,1803560701.990934
MBT,M4,cPVVG,Measure,CZ11,36.25708333333334,1947116284.4378862
MBT,M4,cPVVG,Measure,CZ12,33.139583333333334,1978130460.812076
MBT,M4,cPVVG,Measure,CZ13,37.3975,1993903302.283542
MBT,M4,cPVVG,Measure,CZ14,33.69791666666667,1862992883.8302083
MBT,M4,cPVVG,Measure,CZ15,42.32083333333334,2391680439.168602
MBT,M4,cPVVG,Measure,CZ16,25.15416666666667,1617389608.025675
MBT,M5,cDXGF,Base,CZ01,16.715000000000003,1206888109.5947726
MBT,M5,cDXGF,Base,CZ02,25.97041666666667,1670511653.8905683
MBT,M5,cDXGF,Base,CZ03,24.965,1379498197.6091807
MBT,M5,cDXGF,Base,CZ04,32.625416666666666,1978625286.3319333
MBT,M5,cDXGF,Base,CZ05,22.50375,1311942444.223773
MBT,M5,cDXGF,Base,CZ06,25.295833333333334,1409867877.3784163
MBT,M5,cDXGF,Base,CZ07,25.2725,1759200006.8323874
MBT,M5,cDXGF,Base,CZ08,32.28541666666666,1742161868.2334447
MBT,M5,cDXGF,Base,CZ09,35.456250000000004,1831665679.546508
MBT,M5,cDXGF,Base,CZ10,35.55666666666667,1820141353.8327408
MBT,M5,cDXGF,Base,CZ11,36.25708333333334,1988150871.879304
MBT,M5,cDXGF,Base,CZ12,33.139583333333334,2022668144.3274453
MBT,M5,cDXGF,Base,CZ13,37.3975,2023943017.6392298
MBT,M5,cDXGF,Base,CZ14,33.69791666666667,1884163953.1143854
MBT,M5,cDXGF,Base,CZ15,42.32083333333334,2449117549.5113974
MBT,M5,cDXGF,Base,CZ16,25.15416666666667,1645713164.7436175
MBT,M5,cDXGF,Measure,CZ01,16.715000000000003,1183194654.9383137
MBT,M5,cDXGF,Measure,CZ02,25.97041666666667,1616293776.6897302
MBT,M5,cDXGF,Measure,CZ03,24.965,1336753049.4624712
MBT,M5,cDXGF,Measure,CZ04,32.625416666666666,1905853495.9349995
MBT,M5,cDXGF,Measure,CZ05,22.50375,1276177566.273271
MBT,M5,cDXGF,Measure,CZ06,25.295833333333334,1364233002.5089626
MBT,M5,cDXGF,Measure,CZ07,25.2725,1694816729.357836
MBT,M5,cDXGF,Measure,CZ08,32.28541666666666,1672305599.312744
MBT,M5,cDXGF,Measure,CZ09,35.456250000000004,1752607126.8268375
MBT,M5,cDXGF,Measure,CZ10,35.55666666666667,1742969965.122148
MBT,M5,cDXGF,Measure,CZ11,36.25708333333334,1896063373.9230618
MBT,M5,cDXGF,Measure,CZ12,33.139583333333334,1944561714.6045947
MBT,M5,cDXGF,Measure,CZ13,37.3975,1928747948.332961
MBT,M5,cDXGF,Measure,CZ14,33.69791666666667,1805885882.3913822
MBT,M5,cDXGF,Measure,CZ15,42.32083333333334,2323570260.19382
MBT,M5,cDXGF,Measure,CZ16,25.15416666666667,1594964869.4436026
MBT,M5,cDXHP,Base,CZ01,16.715000000000003,1201750365.5492635
MBT,M5,cDXHP,Base,CZ02,25.97041666666667,1655292458.310934
MBT,M5,cDXHP,Base,CZ03,24.965,1365978759.6960783
MBT,M5,cDXHP,Base,CZ04,32.625416666666666,1949508759.974141
MBT,M5,cDXHP,Base,CZ05,22.50375,1299701200.835063
MBT,M5,cDXHP,Base,CZ06,25.295833333333334,1395218311.8567324
MBT,M5,cDXHP,Base,CZ07,25.2725,1742188191.52634
MBT,M5,cDXHP,Base,CZ08,32.28541666666666,1718472388.2787726
MBT,M5,cDXHP,Base,CZ09,35.456250000000004,1803612248.0083985
MBT,M5,cDXHP,Base,CZ10,35.55666666666667,1796029689.4397926
MBT,M5,cDXHP,Base,CZ11,36.25708333333334,1970295567.5622978
MBT,M5,cDXHP,Base,CZ12,33.139583333333334,1997205634.9452147
MBT,M5,cDXHP,Base,CZ13,37.3975,2005581111.6831372
MBT,M5,cDXHP,Base,CZ14,33.69791666666667,1856703059.9452262
MBT,M5,cDXHP,Base,CZ15,42.32083333333334,2444235547.180203
MBT,M5,cDXHP,Base,CZ16,25.15416666666667,1633800256.1289406
MBT,M5,cDXHP,Measure,CZ01,16.715000000000003,1176987051.907325
MBT,M5,cDXHP,Measure,CZ02,25.97041666666667,1600421357.873629
MBT,M5,cDXHP,Measure,CZ03,24.965,1322772596.0869975
MBT,M5,cDXHP,Measure,CZ04,32.625416666666666,1877723440.7691627
MBT,M5,cDXHP,Measure,CZ05,22.50375,1263543134.9721925
MBT,M5,cDXHP,Measure,CZ06,25.295833333333334,1349436553.358436
MBT,M5,cDXHP,Measure,CZ07,25.2725,1677541457.1778827
MBT,M5,cDXHP,Measure,CZ08,32.28541666666666,1650258057.701326
MBT,M5,cDXHP,Measure,CZ09,35.456250000000004,1727080450.2529688
MBT,M5,cDXHP,Measure,CZ10,35.55666666666667,1721108468.254711
MBT,M5,cDXHP,Measure,CZ11,36.25708333333334,1878742156.3628001
MBT,M5,cDXHP,Measure,CZ12,33.139583333333334,1919707869.5951538
MBT,M5,cDXHP,Measure,CZ13,37.3975,1911549977.3191018
MBT,M5,cDXHP,Measure,CZ14,33.69791666666667,1780359956.888814
MBT,M5,cDXHP,Measure,CZ15,42.32083333333334,2319232487.2014055
MBT,M5,cDXHP,Measure,CZ16,25.15416666666667,1582556203.5623257
MBT,M5,cPTAC,Base,CZ01,16.715000000000003,1206810399.360868
MBT,M5,cPTAC,Base,CZ02,25.97041666666667,1670511653.8942628
MBT,M5,cPTAC,Base,CZ03,24.965,1379498197.602758
MBT,M5,cPTAC,Base,CZ04,32.625416666666666,1978631238.0381722
MBT,M5,cPTAC,Base,CZ05,22.50375,1311942444.2217436
MBT,M5,cPTAC,Base,CZ06,25.295833333333334,1409867877.3807392
MBT,M5,cPTAC,Base,CZ07,25.2725,1759200006.8337398
MBT,M5,cPTAC,Base,CZ08,32.28541666666666,1742161868.231741
MBT,M5,cPTAC,Base,CZ09,35.456250000000004,1831665679.5459101
MBT,M5,cPTAC,Base,CZ10,35.55666666666667,1820141353.8311245
MBT,M5,cPTAC,Base,CZ11,36.25708333333334,1988150871.8794775
MBT,M5,cPTAC,Base,CZ12,33.139583333333334,2022668144.3296833
MBT,M5,cPTAC,Base,CZ13,37.3975,2023943017.6379483
MBT,M5,cPTAC,Base,CZ14,33.69791666666667,1884163953.1103115
MBT,M5,cPTAC,Base,CZ15,42.32083333333334,2449117549.51177
MBT,M5,cPTAC,Base,CZ16,25.15416666666667,1645713162.3619657
MBT,M5,cPTAC,Measure,CZ01,16.715000000000003,1183126242.323678
MBT,M5,cPTAC,Measure,CZ02,25.97041666666667,1616293776.6931667
MBT,M5,cPTAC,Measure,CZ03,24.965,1336753049.4632409
MBT,M5,cPTAC,Measure,CZ04,32.625416666666666,1905854524.2455065
MBT,M5,cPTAC,Measure,CZ05,22.50375,1276177566.275156
MBT,M5,cPTAC,Measure,CZ06,25.295833333333334,1364233002.5057836
MBT,M5,cPTAC,Measure,CZ07,25.2725,1694816729.3559713
MBT,M5,cPTAC,Measure,CZ08,32.28541666666666,1672305599.3220656
MBT,M5,cPTAC,Measure,CZ09,35.456250000000004,1752607126.8284178
MBT,M5,cPTAC,Measure,CZ10,35.55666666666667,1742969965.11739
MBT,M5,cPTAC,Measure,CZ11,36.25708333333334,1896063373.9215162
MBT,M5,cPTAC,Measure,CZ12,33.139583333333334,1944561714.6087003
MBT,M5,cPTAC,Measure,CZ13,37.3975,1928747948.3317153
MBT,M5,cPTAC,Measure,CZ14,33.69791666666667,1805885882.3925815
MBT,M5,cPTAC,Measure,CZ15,42.32083333333334,2323570260.19418
MBT,M5,cPTAC,Measure,CZ16,25.15416666666667,1594964867.445546
MBT,M5,cPVVG,Base,CZ01,16.715000000000003,1201027355.5836358
MBT,M5,cPVVG,Base,CZ02,25.97041666666667,1661829386.0901642
MBT,M5,cPVVG,Base,CZ03,24.965,1371085656.2001143
MBT,M5,cPVVG,Base,CZ04,32.625416666666666,1969054972.7648287
MBT,M5,cPVVG,Base,CZ05,22.50375,1303871484.7426033
MBT,M5,cPVVG,Base,CZ06,25.295833333333334,1400737318.6491451
MBT,M5,cPVVG,Base,CZ07,25.2725,1748950277.2677088
MBT,M5,cPVVG,Base,CZ08,32.28541666666666,1732112097.592122
MBT,M5,cPVVG,Base,CZ09,35.456250000000004,1821615418.4361994
MBT,M5,cPVVG,Base,CZ10,35.55666666666667,1809923714.9307969
MBT,M5,cPVVG,Base,CZ11,36.25708333333334,1978700282.291568
MBT,M5,cPVVG,Base,CZ12,33.139583333333334,2013259628.245174
MBT,M5,cPVVG,Base,CZ13,37.3975,2014164426.8928869
MBT,M5,cPVVG,Base,CZ14,33.69791666666667,1874508411.898612
MBT,M5,cPVVG,Base,CZ15,42.32083333333334,2437689258.2009826
MBT,M5,cPVVG,Base,CZ16,25.15416666666667,1635686751.2129803
MBT,M5,cPVVG,Measure,CZ01,16.715000000000003,1177605116.1442616
MBT,M5,cPVVG,Measure,CZ02,25.97041666666667,1608073095.7351582
MBT,M5,cPVVG,Measure,CZ03,24.965,1328770428.7728257
MBT,M5,cPVVG,Measure,CZ04,32.625416666666666,1896836860.7546434
MBT,M5,cPVVG,Measure,CZ05,22.50375,1268504743.3552575
MBT,M5,cPVVG,Measure,CZ06,25.295833333333334,1355564233.9778616
MBT,M5,cPVVG,Measure,CZ07,25.2725,1685112188.3870802
MBT,M5,cPVVG,Measure,CZ08,32.28541666666666,1662846166.1146283
MBT,M5,cPVVG,Measure,CZ09,35.456250000000004,1743196398.7040136
MBT,M5,cPVVG,Measure,CZ10,35.55666666666667,1733394087.0122528
MBT,M5,cPVVG,Measure,CZ11,36.25708333333334,1887664022.5228996
MBT,M5,cPVVG,Measure,CZ12,33.139583333333334,1935710074.126152
MBT,M5,cPVVG,Measure,CZ13,37.3975,1920087685.952867
MBT,M5,cPVVG,Measure,CZ14,33.69791666666667,1797170125.7633545
MBT,M5,cPVVG,Measure,CZ15,42.32083333333334,2312988283.007129
MBT,M5,cPVVG,Measure,CZ16,25.15416666666667,1585572172.0508885
MLI,M1,cDXGF,Base,CZ01,16.715000000000003,460821140.35520756
MLI,M1,cDXGF,Base,CZ02,25.97041666666667,658905437.1617289
MLI,M1,cDXGF,Base,CZ03,24.965,580955971.7101213
MLI,M1,cDXGF,Base,CZ04,32.625416666666666,797470209.179352
MLI,M1,cDXGF,Base,CZ05,22.50375,544628407.9650183
MLI,M1,cDXGF,Base,CZ06,25.295833333333334,616868279.4474375
MLI,M1,cDXGF,Base,CZ07,25.2725,739647721.7607951
MLI,M1,cDXGF,Base,CZ08,32.28541666666666,794953742.305145
MLI,M1,cDXGF,Base,CZ09,35.456250000000004,849649708.0738623
MLI,M1,cDXGF,Base,CZ10,35.55666666666667,840094578.4506696
MLI,M1,cDXGF,Base,CZ11,36.25708333333334,877813978.0559757
MLI,M1,cDXGF,Base,CZ12,33.139583333333334,816218551.6108122
MLI,M1,cDXGF,Base,CZ13,37.3975,912899005.6639489
MLI,M1,cDXGF,Base,CZ14,33.69791666666667,837272302.528872
MLI,M1,cDXGF,Base,CZ15,42.32083333333334,1070521525.0081617
MLI,M1,cDXGF,Base,CZ16,25.15416666666667,709453618.7940342
MLI,M1,cDXGF,Measure,CZ01,16.715000000000003,440799419.8153436
MLI,M1,cDXGF,Measure,CZ02,25.97041666666667,639433364.4001615
MLI,M1,cDXGF,Measure,CZ03,24.965,561482884.5317769
MLI,M1,cDXGF,Measure,CZ04,32.625416666666666,773308062.8914809
MLI,M1,cDXGF,Measure,CZ05,22.50375,526025395.78200364
MLI,M1,cDXGF,Measure,CZ06,25.295833333333334,592745332.838037
MLI,M1,cDXGF,Measure,CZ07,25.2725,731804105.1571798
MLI,M1,cDXGF,Measure,CZ08,32.28541666666666,770074517.511274
MLI,M1,cDXGF,Measure,CZ09,35.456250000000004,813361894.6199973
MLI,M1,cDXGF,Measure,CZ10,35.55666666666667,808642399.4639462
MLI,M1,cDXGF,Measure,CZ11,36.25708333333334,817421475.638987
MLI,M1,cDXGF,Measure,CZ12,33.139583333333334,791009893.1449491
MLI,M1,cDXGF,Measure,CZ13,37.3975,847322032.7390444
MLI,M1,cDXGF,Measure,CZ14,33.69791666666667,779839840.3842018
MLI,M1,cDXGF,Measure,CZ15,42.32083333333334,1023803945.4001582
MLI,M1,cDXGF,Measure,CZ16,25.15416666666667,659540765.8182051
MLI,M1,cDXHP,Base,CZ01,16.715000000000003,461180066.8665092
MLI,M1,cDXHP,Base,CZ02,25.97041666666667,659477642.9544144
MLI,M1,cDXHP,Base,CZ03,24.965,582043614.18992
MLI,M1,cDXHP,Base,CZ04,32.625416666666666,805191312.3146967
MLI,M1,cDXHP,Base,CZ05,22.50375,546413321.5996885
MLI,M1,cDXHP,Base,CZ06,25.295833333333334,618885633.4788308
MLI,M1,cDXHP,Base,CZ07,25.2725,737064103.1326306
MLI,M1,cDXHP,Base,CZ08,32.28541666666666,802309800.5467817
MLI,M1,cDXHP,Base,CZ09,35.456250000000004,857933141.6755235
MLI,M1,cDXHP,Base,CZ10,35.55666666666667,848166754.2055602
MLI,M1,cDXHP,Base,CZ11,36.25708333333334,880475114.0295914
MLI,M1,cDXHP,Base,CZ12,33.139583333333334,823419507.9645727
MLI,M1,cDXHP,Base,CZ13,37.3975,922461562.3852577
MLI,M1,cDXHP,Base,CZ14,33.69791666666667,843606112.2210977
MLI,M1,cDXHP,Base,CZ15,42.32083333333334,1082059327.159482
MLI,M1,cDXHP,Base,CZ16,25.15416666666667,710932296.5105548
MLI,M1,cDXHP,Measure,CZ01,16.715000000000003,441184612.9911552
MLI,M1,cDXHP,Measure,CZ02,25.97041666666667,640069457.184263
MLI,M1,cDXHP,Measure,CZ03,24.965,562596905.2789066
MLI,M1,cDXHP,Measure,CZ04,32.625416666666666,780990290.6713657
MLI,M1,cDXHP,Measure,CZ05,22.50375,527884554.29406667
MLI,M1,cDXHP,Measure,CZ06,25.295833333333334,594741251.9802722
MLI,M1,cDXHP,Measure,CZ07,25.2725,729501769.641948
MLI,M1,cDXHP,Measure,CZ08,32.28541666666666,777339343.4307389
MLI,M1,cDXHP,Measure,CZ09,35.456250000000004,821421869.2379396
MLI,M1,cDXHP,Measure,CZ10,35.55666666666667,816646221.9486272
MLI,M1,cDXHP,Measure,CZ11,36.25708333333334,819690808.6106975
MLI,M1,cDXHP,Measure,CZ12,33.139583333333334,798146234.6287698
MLI,M1,cDXHP,Measure,CZ13,37.3975,856361888.287452
MLI,M1,cDXHP,Measure,CZ14,33.69791666666667,785853658.4734371
MLI,M1,cDXHP,Measure,CZ15,42.32083333333334,1034626273.4046233
MLI,M1,cDXHP,Measure,CZ16,25.15416666666667,660918015.2433081
MLI,M1,cPTAC,Base,CZ01,16.715000000000003,460114029.7967747
MLI,M1,cPTAC,Base,CZ02,25.97041666666667,658905359.8650429
MLI,M1,cPTAC,Base,CZ03,24.965,580955971.3915317
MLI,M1,cPTAC,Base,CZ04,32.625416666666666,797470209.1793568
MLI,M1,cPTAC,Base,CZ05,22.50375,544301680.9290212
MLI,M1,cPTAC,Base,CZ06,25.295833333333334,616868279.4474397
MLI,M1,cPTAC,Base,CZ07,25.2725,739647721.7607801
MLI,M1,cPTAC,Base,CZ08,32.28541666666666,794953742.305136
MLI,M1,cPTAC,Base,CZ09,35.456250000000004,849649708.0738606
MLI,M1,cPTAC,Base,CZ10,35.55666666666667,840094578.45068
MLI,M1,cPTAC,Base,CZ11,36.25708333333334,877813978.0559824
MLI,M1,cPTAC,Base,CZ12,33.139583333333334,816218551.6108158
MLI,M1,cPTAC,Base,CZ13,37.3975,912899005.66395
MLI,M1,cPTAC,Base,CZ14,33.69791666666667,837272302.528873
MLI,M1,cPTAC,Base,CZ15,42.32083333333334,1070521525.0081532
MLI,M1,cPTAC,Base,CZ16,25.15416666666667,709453618.6144574
MLI,M1,cPTAC,Measure,CZ01,16.715000000000003,440397341.6570342
MLI,M1,cPTAC,Measure,CZ02,25.97041666666667,639433346.2951336
MLI,M1,cPTAC,Measure,CZ03,24.965,561482884.4236271
MLI,M1,cPTAC,Measure,CZ04,32.625416666666666,773308062.8914809
MLI,M1,cPTAC,Measure,CZ05,22.50375,525874471.6572572
MLI,M1,cPTAC,Measure,CZ06,25.295833333333334,592745332.8380859
MLI,M1,cPTAC,Measure,CZ07,25.2725,731804105.1571788
MLI,M1,cPTAC,Measure,CZ08,32.28541666666666,770074517.5112729
MLI,M1,cPTAC,Measure,CZ09,35.456250000000004,813361894.6199867
MLI,M1,cPTAC,Measure,CZ10,35.55666666666667,808642399.4639425
MLI,M1,cPTAC,Measure,CZ11,36.25708333333334,817421475.6389832
MLI,M1,cPTAC,Measure,CZ12,33.139583333333334,791009893.1449425
MLI,M1,cPTAC,Measure,CZ13,37.3975,847322032.7390441
MLI,M1,cPTAC,Measure,CZ14,33.69791666666667,779839840.3842117
MLI,M1,cPTAC,Measure,CZ15,42.32083333333334,1023803945.4001524
MLI,M1,cPTAC,Measure,CZ16,25.15416666666667,659540765.5189788
MLI,M1,cPVVG,Base,CZ01,16.715000000000003,312494580.92269534
MLI,M1,cPVVG,Base,CZ02,25.97041666666667,518296804.75536585
MLI,M1,cPVVG,Base,CZ03,24.965,438401221.4475279
MLI,M1,cPVVG,Base,CZ04,32.625416666666666,675104110.5049175
MLI,M1,cPVVG,Base,CZ05,22.50375,394616938.58026934
MLI,M1,cPVVG,Base,CZ06,25.295833333333334,483736478.18564606
MLI,M1,cPVVG,Base,CZ07,25.2725,607675430.9176583
MLI,M1,cPVVG,Base,CZ08,32.28541666666666,688319206.8395646
MLI,M1,cPVVG,Base,CZ09,35.456250000000004,742330482.3936771
MLI,M1,cPVVG,Base,CZ10,35.55666666666667,731166693.3925123
MLI,M1,cPVVG,Base,CZ11,36.25708333333334,770307269.5490294
MLI,M1,cPVVG,Base,CZ12,33.139583333333334,704636522.6013637
MLI,M1,cPVVG,Base,CZ13,37.3975,813768096.1796334
MLI,M1,cPVVG,Base,CZ14,33.69791666666667,703827021.7683793
MLI,M1,cPVVG,Base,CZ15,42.32083333333334,1005298307.8403141
MLI,M1,cPVVG,Base,CZ16,25.15416666666667,532866731.94564545
MLI,M1,cPVVG,Measure,CZ01,16.715000000000003,308354458.94584227
MLI,M1,cPVVG,Measure,CZ02,25.97041666666667,524319586.70186806
MLI,M1,cPVVG,Measure,CZ03,24.965,441461113.31456363
MLI,M1,cPVVG,Measure,CZ04,32.625416666666666,674849820.5209966
MLI,M1,cPVVG,Measure,CZ05,22.50375,397416939.68685764
MLI,M1,cPVVG,Measure,CZ06,25.295833333333334,479481739.84786093
MLI,M1,cPVVG,Measure,CZ07,25.2725,605581431.2975842
MLI,M1,cPVVG,Measure,CZ08,32.28541666666666,686079114.829066
MLI,M1,cPVVG,Measure,CZ09,35.456250000000004,732145199.5952165
MLI,M1,cPVVG,Measure,CZ10,35.55666666666667,726472621.8858557
MLI,M1,cPVVG,Measure,CZ11,36.25708333333334,741772472.2929559
MLI,M1,cPVVG,Measure,CZ12,33.139583333333334,701417077.6683167
MLI,M1,cPVVG,Measure,CZ13,37.3975,779054661.6153839
MLI,M1,cPVVG,Measure,CZ14,33.69791666666667,681507101.9187391
MLI,M1,cPVVG,Measure,CZ15,42.32083333333334,977243517.2057468
MLI,M1,cPVVG,Measure,CZ16,25.15416666666667,518600164.1442884
MLI,M2,cDXGF,Base,CZ01,16.715000000000003,558495127.792542
MLI,M2,cDXGF,Base,CZ02,25.97041666666667,665689527.630969
MLI,M2,cDXGF,Base,CZ03,24.965,611843971.9227276
MLI,M2,cDXGF,Base,CZ04,32.625416666666666,737877471.3496163
MLI,M2,cDXGF,Base,CZ05,22.50375,598777204.0338705
MLI,M2,cDXGF,Base,CZ06,25.295833333333334,626608784.7593023
MLI,M2,cDXGF,Base,CZ07,25.2725,727238078.3261738
MLI,M2,cDXGF,Base,CZ08,32.28541666666666,732922600.176622
MLI,M2,cDXGF,Base,CZ09,35.456250000000004,757697802.0315146
MLI,M2,cDXGF,Base,CZ10,35.55666666666667,748602009.098542
MLI,M2,cDXGF,Base,CZ11,36.25708333333334,778031738.8227292
MLI,M2,cDXGF,Base,CZ12,33.139583333333334,751594421.8049743
MLI,M2,cDXGF,Base,CZ13,37.3975,805233206.6757205
MLI,M2,cDXGF,Base,CZ14,33.69791666666667,765652551.3276327
MLI,M2,cDXGF,Base,CZ15,42.32083333333334,901518212.7400603
MLI,M2,cDXGF,Base,CZ16,25.15416666666667,723061784.4453663
MLI,M2,cDXGF,Measure,CZ01,16.715000000000003,528240714.858639
MLI,M2,cDXGF,Measure,CZ02,25.97041666666667,635329373.4813368
MLI,M2,cDXGF,Measure,CZ03,24.965,582733014.7857697
MLI,M2,cDXGF,Measure,CZ04,32.625416666666666,704665904.1516383
MLI,M2,cDXGF,Measure,CZ05,22.50375,568280070.2259649
MLI,M2,cDXGF,Measure,CZ06,25.295833333333334,596783815.056495
MLI,M2,cDXGF,Measure,CZ07,25.2725,715940476.6030923
MLI,M2,cDXGF,Measure,CZ08,32.28541666666666,700491193.4402568
MLI,M2,cDXGF,Measure,CZ09,35.456250000000004,723253737.704813
MLI,M2,cDXGF,Measure,CZ10,35.55666666666667,714815475.3006537
MLI,M2,cDXGF,Measure,CZ11,36.25708333333334,727292791.3442307
MLI,M2,cDXGF,Measure,CZ12,33.139583333333334,718792762.2182467
MLI,M2,cDXGF,Measure,CZ13,37.3975,752199069.1278334
MLI,M2,cDXGF,Measure,CZ14,33.69791666666667,712468798.2302916
MLI,M2,cDXGF,Measure,CZ15,42.32083333333334,865422989.384783
MLI,M2,cDXGF,Measure,CZ16,25.15416666666667,666704491.9476583
MLI,M2,cDXHP,Base,CZ01,16.715000000000003,558685131.0662601
MLI,M2,cDXHP,Base,CZ02,25.97041666666667,667272936.4355284
MLI,M2,cDXHP,Base,CZ03,24.965,612874572.1544318
MLI,M2,cDXHP,Base,CZ04,32.625416666666666,739987776.6450434
MLI,M2,cDXHP,Base,CZ05,22.50375,599292243.397726
MLI,M2,cDXHP,Base,CZ06,25.295833333333334,627454886.5318635
MLI,M2,cDXHP,Base,CZ07,25.2725,728047241.4845105
MLI,M2,cDXHP,Base,CZ08,32.28541666666666,734911174.4816682
MLI,M2,cDXHP,Base,CZ09,35.456250000000004,759828634.6556411
MLI,M2,cDXHP,Base,CZ10,35.55666666666667,750724962.9269824
MLI,M2,cDXHP,Base,CZ11,36.25708333333334,781010950.2653917
MLI,M2,cDXHP,Base,CZ12,33.139583333333334,753973760.4622338
MLI,M2,cDXHP,Base,CZ13,37.3975,808604917.4043345
MLI,M2,cDXHP,Base,CZ14,33.69791666666667,767215002.2357006
MLI,M2,cDXHP,Base,CZ15,42.32083333333334,904290495.4350793
MLI,M2,cDXHP,Base,CZ16,25.15416666666667,724071742.3786291
MLI,M2,cDXHP,Measure,CZ01,16.715000000000003,528210502.47906965
MLI,M2,cDXHP,Measure,CZ02,25.97041666666667,636640323.5836122
MLI,M2,cDXHP,Measure,CZ03,24.965,583480193.6971574
MLI,M2,cDXHP,Measure,CZ04,32.625416666666666,706374737.5994741
MLI,M2,cDXHP,Measure,CZ05,22.50375,568492851.9085927
MLI,M2,cDXHP,Measure,CZ06,25.295833333333334,597437191.4506344
MLI,M2,cDXHP,Measure,CZ07,25.2725,716557584.1358016
MLI,M2,cDXHP,Measure,CZ08,32.28541666666666,701973484.7839266
MLI,M2,cDXHP,Measure,CZ09,35.456250000000004,725013278.1634035
MLI,M2,cDXHP,Measure,CZ10,35.55666666666667,716353522.7993015
MLI,M2,cDXHP,Measure,CZ11,36.25708333333334,729738323.8964772
MLI,M2,cDXHP,Measure,CZ12,33.139583333333334,720822592.9645997
MLI,M2,cDXHP,Measure,CZ13,37.3975,755010697.9809637
MLI,M2,cDXHP,Measure,CZ14,33.69791666666667,713700423.7123162
MLI,M2,cDXHP,Measure,CZ15,42.32083333333334,867912891.1996654
MLI,M2,cDXHP,Measure,CZ16,25.15416666666667,667563357.8957131
MLI,M2,cPTAC,Base,CZ01,16.715000000000003,558495127.7925351
MLI,M2,cPTAC,Base,CZ02,25.97041666666667,665689527.6309757
MLI,M2,cPTAC,Base,CZ03,24.965,611843971.922729
MLI,M2,cPTAC,Base,CZ04,32.625416666666666,737877471.349612
MLI,M2,cPTAC,Base,CZ05,22.50375,598777204.0337918
MLI,M2,cPTAC,Base,CZ06,25.295833333333334,626608784.7593154
MLI,M2,cPTAC,Base,CZ07,25.2725,727238078.3261808
MLI,M2,cPTAC,Base,CZ08,32.28541666666666,732922600.1766212
MLI,M2,cPTAC,Base,CZ09,35.456250000000004,757697802.0315075
MLI,M2,cPTAC,Base,CZ10,35.55666666666667,748602009.09853
MLI,M2,cPTAC,Base,CZ11,36.25708333333334,778031738.8227274
MLI,M2,cPTAC,Base,CZ12,33.139583333333334,751594421.8049834
MLI,M2,cPTAC,Base,CZ13,37.3975,805233206.6757121
MLI,M2,cPTAC,Base,CZ14,33.69791666666667,765652551.3276378
MLI,M2,cPTAC,Base,CZ15,42.32083333333334,901518212.7400361
MLI,M2,cPTAC,Base,CZ16,25.15416666666667,723061784.4453548
MLI,M2,cPTAC,Measure,CZ01,16.715000000000003,528215101.26734143
MLI,M2,cPTAC,Measure,CZ02,25.97041666666667,635329373.4812315
MLI,M2,cPTAC,Measure,CZ03,24.965,582733014.7857684
MLI,M2,cPTAC,Measure,CZ04,32.625416666666666,704665904.151632
MLI,M2,cPTAC,Measure,CZ05,22.50375,568280042.5498233
MLI,M2,cPTAC,Measure,CZ06,25.295833333333334,596783815.0564815
MLI,M2,cPTAC,Measure,CZ07,25.2725,715940476.603119
MLI,M2,cPTAC,Measure,CZ08,32.28541666666666,700491193.4402462
MLI,M2,cPTAC,Measure,CZ09,35.456250000000004,723253737.7048271
MLI,M2,cPTAC,Measure,CZ10,35.55666666666667,714815475.3006692
MLI,M2,cPTAC,Measure,CZ11,36.25708333333334,727292791.3442571
MLI,M2,cPTAC,Measure,CZ12,33.139583333333334,718792762.2182539
MLI,M2,cPTAC,Measure,CZ13,37.3975,752199069.1278322
MLI,M2,cPTAC,Measure,CZ14,33.69791666666667,712468798.2302852
MLI,M2,cPTAC,Measure,CZ15,42.32083333333334,865422989.384769
MLI,M2,cPTAC,Measure,CZ16,25.15416666666667,666704492.958297
MLI,M2,cPVVG,Base,CZ01,16.715000000000003,394878605.0078976
MLI,M2,cPVVG,Base,CZ02,25.97041666666667,525153917.58481866
MLI,M2,cPVVG,Base,CZ03,24.965,467660052.5799527
MLI,M2,cPVVG,Base,CZ04,32.625416666666666,597198951.595216
MLI,M2,cPVVG,Base,CZ05,22.50375,443403898.664569
MLI,M2,cPVVG,Base,CZ06,25.295833333333334,489462753.34109485
MLI,M2,cPVVG,Base,CZ07,25.2725,591662791.2884787
MLI,M2,cPVVG,Base,CZ08,32.28541666666666,605844259.4676322
MLI,M2,cPVVG,Base,CZ09,35.456250000000004,626474679.6198606
MLI,M2,cPVVG,Base,CZ10,35.55666666666667,615102600.4832717
MLI,M2,cPVVG,Base,CZ11,36.25708333333334,643266628.7148536
MLI,M2,cPVVG,Base,CZ12,33.139583333333334,619178874.842951
MLI,M2,cPVVG,Base,CZ13,37.3975,673317440.6618025
MLI,M2,cPVVG,Base,CZ14,33.69791666666667,606740364.1354766
MLI,M2,cPVVG,Base,CZ15,42.32083333333334,779874609.3531753
MLI,M2,cPVVG,Base,CZ16,25.15416666666667,538527717.8586112
MLI,M2,cPVVG,Measure,CZ01,16.715000000000003,383852027.1763168
MLI,M2,cPVVG,Measure,CZ02,25.97041666666667,514717171.76639295
MLI,M2,cPVVG,Measure,CZ03,24.965,457655271.4322229
MLI,M2,cPVVG,Measure,CZ04,32.625416666666666,585870875.431665
MLI,M2,cPVVG,Measure,CZ05,22.50375,432348125.2937859
MLI,M2,cPVVG,Measure,CZ06,25.295833333333334,478414971.1907224
MLI,M2,cPVVG,Measure,CZ07,25.2725,586583594.2063749
MLI,M2,cPVVG,Measure,CZ08,32.28541666666666,593850725.460264
MLI,M2,cPVVG,Measure,CZ09,35.456250000000004,614040847.3307178
MLI,M2,cPVVG,Measure,CZ10,35.55666666666667,602819433.2213409
MLI,M2,cPVVG,Measure,CZ11,36.25708333333334,625304464.2183123
MLI,M2,cPVVG,Measure,CZ12,33.139583333333334,607785346.295677
MLI,M2,cPVVG,Measure,CZ13,37.3975,653950972.6789378
MLI,M2,cPVVG,Measure,CZ14,33.69791666666667,588116169.7231033
MLI,M2,cPVVG,Measure,CZ15,42.32083333333334,764940781.3775663
MLI,M2,cPVVG,Measure,CZ16,25.15416666666667,519994123.93756795
MLI,M3,cDXGF,Base,CZ01,16.715000000000003,362285083.070323
MLI,M3,cDXGF,Base,CZ02,25.97041666666667,549603649.8092213
MLI,M3,cDXGF,Base,CZ03,24.965,470289516.8824395
MLI,M3,cDXGF,Base,CZ04,32.625416666666666,643752975.794905
MLI,M3,cDXGF,Base,CZ05,22.50375,428704922.7637104
MLI,M3,cDXGF,Base,CZ06,25.295833333333334,481361787.7157067
MLI,M3,cDXGF,Base,CZ07,25.2725,601412678.313885
MLI,M3,cDXGF,Base,CZ08,32.28541666666666,647610447.0317742
MLI,M3,cDXGF,Base,CZ09,35.456250000000004,671451172.2844218
MLI,M3,cDXGF,Base,CZ10,35.55666666666667,658084438.7864664
MLI,M3,cDXGF,Base,CZ11,36.25708333333334,697625927.3757517
MLI,M3,cDXGF,Base,CZ12,33.139583333333334,671048721.3009568
MLI,M3,cDXGF,Base,CZ13,37.3975,729674005.4633763
MLI,M3,cDXGF,Base,CZ14,33.69791666666667,639476533.5236769
MLI,M3,cDXGF,Base,CZ15,42.32083333333334,846059911.0891125
MLI,M3,cDXGF,Base,CZ16,25.15416666666667,545642226.5872155
MLI,M3,cDXGF,Measure,CZ01,16.715000000000003,342606137.7433605
MLI,M3,cDXGF,Measure,CZ02,25.97041666666667,500441108.96335244
MLI,M3,cDXGF,Measure,CZ03,24.965,433843463.9842274
MLI,M3,cDXGF,Measure,CZ04,32.625416666666666,578806531.7393626
MLI,M3,cDXGF,Measure,CZ05,22.50375,398715886.67854214
MLI,M3,cDXGF,Measure,CZ06,25.295833333333334,443406278.72091043
MLI,M3,cDXGF,Measure,CZ07,25.2725,554079673.0897887
MLI,M3,cDXGF,Measure,CZ08,32.28541666666666,582526787.7496128
MLI,M3,cDXGF,Measure,CZ09,35.456250000000004,602261604.8034444
MLI,M3,cDXGF,Measure,CZ10,35.55666666666667,590875276.8325925
MLI,M3,cDXGF,Measure,CZ11,36.25708333333334,623532820.1312481
MLI,M3,cDXGF,Measure,CZ12,33.139583333333334,601666205.4674854
MLI,M3,cDXGF,Measure,CZ13,37.3975,650041721.3877702
MLI,M3,cDXGF,Measure,CZ14,33.69791666666667,575309030.9790628
MLI,M3,cDXGF,Measure,CZ15,42.32083333333334,746708915.811689
MLI,M3,cDXGF,Measure,CZ16,25.15416666666667,498000671.1660841
MLI,M3,cDXHP,Base,CZ01,16.715000000000003,352083149.698542
MLI,M3,cDXHP,Base,CZ02,25.97041666666667,531500448.6087527
MLI,M3,cDXHP,Base,CZ03,24.965,455662133.07433844
MLI,M3,cDXHP,Base,CZ04,32.625416666666666,624828662.9916096
MLI,M3,cDXHP,Base,CZ05,22.50375,415959168.14510274
MLI,M3,cDXHP,Base,CZ06,25.295833333333334,468309840.65321827
MLI,M3,cDXHP,Base,CZ07,25.2725,588842638.5090398
MLI,M3,cDXHP,Base,CZ08,32.28541666666666,628925720.3622055
MLI,M3,cDXHP,Base,CZ09,35.456250000000004,652890476.78292
MLI,M3,cDXHP,Base,CZ10,35.55666666666667,639505276.1932671
MLI,M3,cDXHP,Base,CZ11,36.25708333333334,675712718.9317951
MLI,M3,cDXHP,Base,CZ12,33.139583333333334,651087922.1379994
MLI,M3,cDXHP,Base,CZ13,37.3975,709017739.6910295
MLI,M3,cDXHP,Base,CZ14,33.69791666666667,621535241.3481187
MLI,M3,cDXHP,Base,CZ15,42.32083333333334,830894888.6236464
MLI,M3,cDXHP,Base,CZ16,25.15416666666667,534830995.91498876
MLI,M3,cDXHP,Measure,CZ01,16.715000000000003,332607360.89085555
MLI,M3,cDXHP,Measure,CZ02,25.97041666666667,482319636.1995631
MLI,M3,cDXHP,Measure,CZ03,24.965,419367660.8947554
MLI,M3,cDXHP,Measure,CZ04,32.625416666666666,559739776.0925162
MLI,M3,cDXHP,Measure,CZ05,22.50375,386142755.6018963
MLI,M3,cDXHP,Measure,CZ06,25.295833333333334,430627548.25616395
MLI,M3,cDXHP,Measure,CZ07,25.2725,541705860.5129795
MLI,M3,cDXHP,Measure,CZ08,32.28541666666666,563918676.5833869
MLI,M3,cDXHP,Measure,CZ09,35.456250000000004,583852841.4961435
MLI,M3,cDXHP,Measure,CZ10,35.55666666666667,572424804.0651517
MLI,M3,cDXHP,Measure,CZ11,36.25708333333334,601492042.2881998
MLI,M3,cDXHP,Measure,CZ12,33.139583333333334,581502755.1218882
MLI,M3,cDXHP,Measure,CZ13,37.3975,629248760.4550998
MLI,M3,cDXHP,Measure,CZ14,33.69791666666667,557636454.7249244
MLI,M3,cDXHP,Measure,CZ15,42.32083333333334,731487469.9530354
MLI,M3,cDXHP,Measure,CZ16,25.15416666666667,487509848.2667409
MLI,M3,cPTAC,Base,CZ01,16.715000000000003,362021201.3556081
MLI,M3,cPTAC,Base,CZ02,25.97041666666667,549603649.8091986
MLI,M3,cPTAC,Base,CZ03,24.965,470289516.8820307
MLI,M3,cPTAC,Base,CZ04,32.625416666666666,643752975.7949173
MLI,M3,cPTAC,Base,CZ05,22.50375,428640880.354215
MLI,M3,cPTAC,Base,CZ06,25.295833333333334,481361787.71576023
MLI,M3,cPTAC,Base,CZ07,25.2725,601412678.3138689
MLI,M3,cPTAC,Base,CZ08,32.28541666666666,647610447.031745
MLI,M3,cPTAC,Base,CZ09,35.456250000000004,671451172.2844605
MLI,M3,cPTAC,Base,CZ10,35.55666666666667,658084389.531628
MLI,M3,cPTAC,Base,CZ11,36.25708333333334,697625927.3757535
MLI,M3,cPTAC,Base,CZ12,33.139583333333334,671048721.3009155
MLI,M3,cPTAC,Base,CZ13,37.3975,729674005.4633782
MLI,M3,cPTAC,Base,CZ14,33.69791666666667,639476533.5236636
MLI,M3,cPTAC,Base,CZ15,42.32083333333334,846059911.0891373
MLI,M3,cPTAC,Base,CZ16,25.15416666666667,545642132.8754089
MLI,M3,cPTAC,Measure,CZ01,16.715000000000003,342381594.86321783
MLI,M3,cPTAC,Measure,CZ02,25.97041666666667,500441108.9633659
MLI,M3,cPTAC,Measure,CZ03,24.965,433843463.9838655
MLI,M3,cPTAC,Measure,CZ04,32.625416666666666,578806531.7393781
MLI,M3,cPTAC,Measure,CZ05,22.50375,398661619.16045684
MLI,M3,cPTAC,Measure,CZ06,25.295833333333334,443406278.72095585
MLI,M3,cPTAC,Measure,CZ07,25.2725,554079673.0897751
MLI,M3,cPTAC,Measure,CZ08,32.28541666666666,582526787.7495883
MLI,M3,cPTAC,Measure,CZ09,35.456250000000004,602261604.8034511
MLI,M3,cPTAC,Measure,CZ10,35.55666666666667,590875233.2435832
MLI,M3,cPTAC,Measure,CZ11,36.25708333333334,623532820.1312482
MLI,M3,cPTAC,Measure,CZ12,33.139583333333334,601666205.4674428
MLI,M3,cPTAC,Measure,CZ13,37.3975,650041721.3877679
MLI,M3,cPTAC,Measure,CZ14,33.69791666666667,575309030.9790726
MLI,M3,cPTAC,Measure,CZ15,42.32083333333334,746708915.8116716
MLI,M3,cPTAC,Measure,CZ16,25.15416666666667,498000590.86546445
MLI,M3,cPVVG,Base,CZ01,16.715000000000003,353848871.2290336
MLI,M3,cPVVG,Base,CZ02,25.97041666666667,531445881.6701584
MLI,M3,cPVVG,Base,CZ03,24.965,455125247.971333
MLI,M3,cPVVG,Base,CZ04,32.625416666666666,622621742.3704076
MLI,M3,cPVVG,Base,CZ05,22.50375,416456830.3352785
MLI,M3,cPVVG,Base,CZ06,25.295833333333334,469210191.06167746
MLI,M3,cPVVG,Base,CZ07,25.2725,586996607.131257
MLI,M3,cPVVG,Base,CZ08,32.28541666666666,628108043.964644
MLI,M3,cPVVG,Base,CZ09,35.456250000000004,650613458.5871799
MLI,M3,cPVVG,Base,CZ10,35.55666666666667,637190451.5558732
MLI,M3,cPVVG,Base,CZ11,36.25708333333334,675323484.8658451
MLI,M3,cPVVG,Base,CZ12,33.139583333333334,650130202.3392109
MLI,M3,cPVVG,Base,CZ13,37.3975,708167186.9488547
MLI,M3,cPVVG,Base,CZ14,33.69791666666667,615197230.1554031
MLI,M3,cPVVG,Base,CZ15,42.32083333333334,831827436.9041383
MLI,M3,cPVVG,Base,CZ16,25.15416666666667,522630936.53853756
MLI,M3,cPVVG,Measure,CZ01,16.715000000000003,334624707.15130574
MLI,M3,cPVVG,Measure,CZ02,25.97041666666667,483372109.18285775
MLI,M3,cPVVG,Measure,CZ03,24.965,419555826.01317596
MLI,M3,cPVVG,Measure,CZ04,32.625416666666666,559041239.769798
MLI,M3,cPVVG,Measure,CZ05,22.50375,387152721.7337585
MLI,M3,cPVVG,Measure,CZ06,25.295833333333334,431895318.4344969
MLI,M3,cPVVG,Measure,CZ07,25.2725,540424718.3557123
MLI,M3,cPVVG,Measure,CZ08,32.28541666666666,564237047.7997755
MLI,M3,cPVVG,Measure,CZ09,35.456250000000004,582775291.7713922
MLI,M3,cPVVG,Measure,CZ10,35.55666666666667,571342755.2802465
MLI,M3,cPVVG,Measure,CZ11,36.25708333333334,602697136.1184986
MLI,M3,cPVVG,Measure,CZ12,33.139583333333334,582098684.5782677
MLI,M3,cPVVG,Measure,CZ13,37.3975,629948184.6363409
MLI,M3,cPVVG,Measure,CZ14,33.69791666666667,552596999.1871588
MLI,M3,cPVVG,Measure,CZ15,42.32083333333334,733366201.1779838
MLI,M3,cPVVG,Measure,CZ16,25.15416666666667,476292547.47214156
MLI,M4,cDXGF,Base,CZ01,16.715000000000003,487820463.9579454
MLI,M4,cDXGF,Base,CZ02,25.97041666666667,675726951.9953562
MLI,M4,cDXGF,Base,CZ03,24.965,605922636.1154732
MLI,M4,cDXGF,Base,CZ04,32.625416666666666,797487133.6098185
MLI,M4,cDXGF,Base,CZ05,22.50375,570962206.3362128
MLI,M4,cDXGF,Base,CZ06,25.295833333333334,628396123.6020494
MLI,M4,cDXGF,Base,CZ07,25.2725,739658150.3293619
MLI,M4,cDXGF,Base,CZ08,32.28541666666666,794942719.2993939
MLI,M4,cDXGF,Base,CZ09,35.456250000000004,849626128.669131
MLI,M4,cDXGF,Base,CZ10,35.55666666666667,840088571.3889887
MLI,M4,cDXGF,Base,CZ11,36.25708333333334,877856867.185586
MLI,M4,cDXGF,Base,CZ12,33.139583333333334,816225550.3872994
MLI,M4,cDXGF,Base,CZ13,37.3975,912959571.2741379
MLI,M4,cDXGF,Base,CZ14,33.69791666666667,837293647.2457871
MLI,M4,cDXGF,Base,CZ15,42.32083333333334,1070521530.854679
MLI,M4,cDXGF,Base,CZ16,25.15416666666667,720450460.9598367
MLI,M4,cDXGF,Measure,CZ01,16.715000000000003,471011126.99864054
MLI,M4,cDXGF,Measure,CZ02,25.97041666666667,656334478.5423086
MLI,M4,cDXGF,Measure,CZ03,24.965,586907143.7848663
MLI,M4,cDXGF,Measure,CZ04,32.625416666666666,773335794.609076
MLI,M4,cDXGF,Measure,CZ05,22.50375,553856852.8323913
MLI,M4,cDXGF,Measure,CZ06,25.295833333333334,604149124.5487355
MLI,M4,cDXGF,Measure,CZ07,25.2725,731804998.0366464
MLI,M4,cDXGF,Measure,CZ08,32.28541666666666,770076145.1568596
MLI,M4,cDXGF,Measure,CZ09,35.456250000000004,813304759.778738
MLI,M4,cDXGF,Measure,CZ10,35.55666666666667,808637268.1720569
MLI,M4,cDXGF,Measure,CZ11,36.25708333333334,817425588.9614279
MLI,M4,cDXGF,Measure,CZ12,33.139583333333334,791014314.5360594
MLI,M4,cDXGF,Measure,CZ13,37.3975,847370856.7277963
MLI,M4,cDXGF,Measure,CZ14,33.69791666666667,779847131.5163859
MLI,M4,cDXGF,Measure,CZ15,42.32083333333334,1023803944.9576106
MLI,M4,cDXGF,Measure,CZ16,25.15416666666667,670550710.5194046
MLI,M4,cDXHP,Base,CZ01,16.715000000000003,488369349.8589567
MLI,M4,cDXHP,Base,CZ02,25.97041666666667,676477921.0584488
MLI,M4,cDXHP,Base,CZ03,24.965,607344755.3221961
MLI,M4,cDXHP,Base,CZ04,32.625416666666666,805216005.4622204
MLI,M4,cDXHP,Base,CZ05,22.50375,572982240.6588494
MLI,M4,cDXHP,Base,CZ06,25.295833333333334,630471694.2380029
MLI,M4,cDXHP,Base,CZ07,25.2725,737069095.1423134
MLI,M4,cDXHP,Base,CZ08,32.28541666666666,802295675.1209751
MLI,M4,cDXHP,Base,CZ09,35.456250000000004,857897476.3329926
MLI,M4,cDXHP,Base,CZ10,35.55666666666667,848160049.7038386
MLI,M4,cDXHP,Base,CZ11,36.25708333333334,880503650.7017275
MLI,M4,cDXHP,Base,CZ12,33.139583333333334,823416696.4311239
MLI,M4,cDXHP,Base,CZ13,37.3975,922539217.3715452
MLI,M4,cDXHP,Base,CZ14,33.69791666666667,843615701.8356795
MLI,M4,cDXHP,Base,CZ15,42.32083333333334,1082059331.3299925
MLI,M4,cDXHP,Base,CZ16,25.15416666666667,721998769.0316973
MLI,M4,cDXHP,Measure,CZ01,16.715000000000003,471614586.87261164
MLI,M4,cDXHP,Measure,CZ02,25.97041666666667,657152262.9408484
MLI,M4,cDXHP,Measure,CZ03,24.965,588396449.4990846
MLI,M4,cDXHP,Measure,CZ04,32.625416666666666,781028091.5791637
MLI,M4,cDXHP,Measure,CZ05,22.50375,555974175.10883
MLI,M4,cDXHP,Measure,CZ06,25.295833333333334,606194852.893784
MLI,M4,cDXHP,Measure,CZ07,25.2725,729502686.3240604
MLI,M4,cDXHP,Measure,CZ08,32.28541666666666,777340475.3659813
MLI,M4,cDXHP,Measure,CZ09,35.456250000000004,821367843.1188235
MLI,M4,cDXHP,Measure,CZ10,35.55666666666667,816640476.8299279
MLI,M4,cDXHP,Measure,CZ11,36.25708333333334,819701704.3235486
MLI,M4,cDXHP,Measure,CZ12,33.139583333333334,798128609.6875865
MLI,M4,cDXHP,Measure,CZ13,37.3975,856436054.0982866
MLI,M4,cDXHP,Measure,CZ14,33.69791666666667,785860750.553776
MLI,M4,cDXHP,Measure,CZ15,42.32083333333334,1034626272.5769207
MLI,M4,cDXHP,Measure,CZ16,25.15416666666667,672014356.5744123
MLI,M4,cPTAC,Base,CZ01,16.715000000000003,484709456.9627798
MLI,M4,cPTAC,Base,CZ02,25.97041666666667,675726873.3135011
MLI,M4,cPTAC,Base,CZ03,24.965,605922635.6393509
MLI,M4,cPTAC,Base,CZ04,32.625416666666666,797487133.6098096
MLI,M4,cPTAC,Base,CZ05,22.50375,570333152.7684714
MLI,M4,cPTAC,Base,CZ06,25.295833333333334,628396123.6030195
MLI,M4,cPTAC,Base,CZ07,25.2725,739658150.3293285
MLI,M4,cPTAC,Base,CZ08,32.28541666666666,794942719.2993928
MLI,M4,cPTAC,Base,CZ09,35.456250000000004,849626128.6691296
MLI,M4,cPTAC,Base,CZ10,35.55666666666667,840088571.3889668
MLI,M4,cPTAC,Base,CZ11,36.25708333333334,877856867.1856114
MLI,M4,cPTAC,Base,CZ12,33.139583333333334,816225550.3873084
MLI,M4,cPTAC,Base,CZ13,37.3975,912959571.2741394
MLI,M4,cPTAC,Base,CZ14,33.69791666666667,837293647.2457957
MLI,M4,cPTAC,Base,CZ15,42.32083333333334,1070521530.8546845
MLI,M4,cPTAC,Base,CZ16,25.15416666666667,720450460.7803416
MLI,M4,cPTAC,Measure,CZ01,16.715000000000003,468979486.12242424
MLI,M4,cPTAC,Measure,CZ02,25.97041666666667,656334460.0357094
MLI,M4,cPTAC,Measure,CZ03,24.965,586907143.6234064
MLI,M4,cPTAC,Measure,CZ04,32.625416666666666,773335794.6090808
MLI,M4,cPTAC,Measure,CZ05,22.50375,553570309.9869914
MLI,M4,cPTAC,Measure,CZ06,25.295833333333334,604149124.5487831
MLI,M4,cPTAC,Measure,CZ07,25.2725,731804998.036651
MLI,M4,cPTAC,Measure,CZ08,32.28541666666666,770076145.1568626
MLI,M4,cPTAC,Measure,CZ09,35.456250000000004,813304759.7787145
MLI,M4,cPTAC,Measure,CZ10,35.55666666666667,808637268.1720581
MLI,M4,cPTAC,Measure,CZ11,36.25708333333334,817425588.9614255
MLI,M4,cPTAC,Measure,CZ12,33.139583333333334,791014314.5360532
MLI,M4,cPTAC,Measure,CZ13,37.3975,847370856.7277975
MLI,M4,cPTAC,Measure,CZ14,33.69791666666667,779847131.5163901
MLI,M4,cPTAC,Measure,CZ15,42.32083333333334,1023803944.9576097
MLI,M4,cPTAC,Measure,CZ16,25.15416666666667,670550710.221133
MLI,M4,cPVVG,Base,CZ01,16.715000000000003,324284276.87696725
MLI,M4,cPVVG,Base,CZ02,25.97041666666667,530533838.43472314
MLI,M4,cPVVG,Base,CZ03,24.965,453667351.89205915
MLI,M4,cPVVG,Base,CZ04,32.625416666666666,675111752.8589404
MLI,M4,cPVVG,Base,CZ05,22.50375,409280008.3177967
MLI,M4,cPVVG,Base,CZ06,25.295833333333334,492598474.1249519
MLI,M4,cPVVG,Base,CZ07,25.2725,607676268.9614012
MLI,M4,cPVVG,Base,CZ08,32.28541666666666,688310645.4336786
MLI,M4,cPVVG,Base,CZ09,35.456250000000004,742285357.6014009
MLI,M4,cPVVG,Base,CZ10,35.55666666666667,731156447.7861168
MLI,M4,cPVVG,Base,CZ11,36.25708333333334,770332708.6006312
MLI,M4,cPVVG,Base,CZ12,33.139583333333334,704629799.401734
MLI,M4,cPVVG,Base,CZ13,37.3975,813807022.7964485
MLI,M4,cPVVG,Base,CZ14,33.69791666666667,703841623.2580338
MLI,M4,cPVVG,Base,CZ15,42.32083333333334,1005298308.4513874
MLI,M4,cPVVG,Base,CZ16,25.15416666666667,541835670.4256468
MLI,M4,cPVVG,Measure,CZ01,16.715000000000003,323359023.993634
MLI,M4,cPVVG,Measure,CZ02,25.97041666666667,537224193.696207
MLI,M4,cPVVG,Measure,CZ03,24.965,458800381.2659746
MLI,M4,cPVVG,Measure,CZ04,32.625416666666666,674870835.6049323
MLI,M4,cPVVG,Measure,CZ05,22.50375,414532633.56042504
MLI,M4,cPVVG,Measure,CZ06,25.295833333333334,488509255.84900236
MLI,M4,cPVVG,Measure,CZ07,25.2725,605582214.6944929
MLI,M4,cPVVG,Measure,CZ08,32.28541666666666,686075583.7989256
MLI,M4,cPVVG,Measure,CZ09,35.456250000000004,732071184.8052841
MLI,M4,cPVVG,Measure,CZ10,35.55666666666667,726460783.8472737
MLI,M4,cPVVG,Measure,CZ11,36.25708333333334,741802292.2275546
MLI,M4,cPVVG,Measure,CZ12,33.139583333333334,701409969.5561994
MLI,M4,cPVVG,Measure,CZ13,37.3975,779132783.851008
MLI,M4,cPVVG,Measure,CZ14,33.69791666666667,681516773.643893
MLI,M4,cPVVG,Measure,CZ15,42.32083333333334,977243516.622747
MLI,M4,cPVVG,Measure,CZ16,25.15416666666667,527524517.6243403
MLI,M5,cDXGF,Base,CZ01,16.715000000000003,352049281.0368086
MLI,M5,cDXGF,Base,CZ02,25.97041666666667,586834348.657371
MLI,M5,cDXGF,Base,CZ03,24.965,479021364.4377682
MLI,M5,cDXGF,Base,CZ04,32.625416666666666,687234722.2784725
MLI,M5,cDXGF,Base,CZ05,22.50375,423956106.73883903
MLI,M5,cDXGF,Base,CZ06,25.295833333333334,489431468.3027081
MLI,M5,cDXGF,Base,CZ07,25.2725,640409204.5714496
MLI,M5,cDXGF,Base,CZ08,32.28541666666666,704043240.3718241
MLI,M5,cDXGF,Base,CZ09,35.456250000000004,763587832.7509878
MLI,M5,cDXGF,Base,CZ10,35.55666666666667,746828639.0296509
MLI,M5,cDXGF,Base,CZ11,36.25708333333334,794723361.7650957
MLI,M5,cDXGF,Base,CZ12,33.139583333333334,738158989.3362954
MLI,M5,cDXGF,Base,CZ13,37.3975,819008124.5255697
MLI,M5,cDXGF,Base,CZ14,33.69791666666667,688866212.5236014
MLI,M5,cDXGF,Base,CZ15,42.32083333333334,1021545962.8324455
MLI,M5,cDXGF,Base,CZ16,25.15416666666667,547076892.4778445
MLI,M5,cDXGF,Measure,CZ01,16.715000000000003,333962290.39012396
MLI,M5,cDXGF,Measure,CZ02,25.97041666666667,531682851.8764543
MLI,M5,cDXGF,Measure,CZ03,24.965,441184465.63198555
MLI,M5,cDXGF,Measure,CZ04,32.625416666666666,615245461.1247427
MLI,M5,cDXGF,Measure,CZ05,22.50375,394727084.704096
MLI,M5,cDXGF,Measure,CZ06,25.295833333333334,450223150.8496901
MLI,M5,cDXGF,Measure,CZ07,25.2725,586878625.4644785
MLI,M5,cDXGF,Measure,CZ08,32.28541666666666,629991310.9361824
MLI,M5,cDXGF,Measure,CZ09,35.456250000000004,679770208.8455997
MLI,M5,cDXGF,Measure,CZ10,35.55666666666667,665558468.6812975
MLI,M5,cDXGF,Measure,CZ11,36.25708333333334,704887177.5254455
MLI,M5,cDXGF,Measure,CZ12,33.139583333333334,657872843.2972522
MLI,M5,cDXGF,Measure,CZ13,37.3975,724841237.5674762
MLI,M5,cDXGF,Measure,CZ14,33.69791666666667,617115241.7307043
MLI,M5,cDXGF,Measure,CZ15,42.32083333333334,893410905.569263
MLI,M5,cDXGF,Measure,CZ16,25.15416666666667,499214452.3806399
MLI,M5,cDXHP,Base,CZ01,16.715000000000003,347137058.1329255
MLI,M5,cDXHP,Base,CZ02,25.97041666666667,564933874.7928252
MLI,M5,cDXHP,Base,CZ03,24.965,465443183.36718196
MLI,M5,cDXHP,Base,CZ04,32.625416666666666,661524686.6197345
MLI,M5,cDXHP,Base,CZ05,22.50375,413940492.3467551
MLI,M5,cDXHP,Base,CZ06,25.295833333333334,475849100.75723183
MLI,M5,cDXHP,Base,CZ07,25.2725,624845109.3260856
MLI,M5,cDXHP,Base,CZ08,32.28541666666666,668051742.9112103
MLI,M5,cDXHP,Base,CZ09,35.456250000000004,716261175.656556
MLI,M5,cDXHP,Base,CZ10,35.55666666666667,697187517.4550906
MLI,M5,cDXHP,Base,CZ11,36.25708333333334,750486063.9355242
MLI,M5,cDXHP,Base,CZ12,33.139583333333334,706728596.1286342
MLI,M5,cDXHP,Base,CZ13,37.3975,775269885.7813956
MLI,M5,cDXHP,Base,CZ14,33.69791666666667,653718303.8559154
MLI,M5,cDXHP,Base,CZ15,42.32083333333334,973694178.4523468
MLI,M5,cDXHP,Base,CZ16,25.15416666666667,535588490.8695241
MLI,M5,cDXHP,Measure,CZ01,16.715000000000003,328491427.5863906
MLI,M5,cDXHP,Measure,CZ02,25.97041666666667,510045269.53942305
MLI,M5,cDXHP,Measure,CZ03,24.965,427496849.530123
MLI,M5,cDXHP,Measure,CZ04,32.625416666666666,590129816.4989233
MLI,M5,cDXHP,Measure,CZ05,22.50375,384466654.32043207
MLI,M5,cDXHP,Measure,CZ06,25.295833333333334,436930454.32007337
MLI,M5,cDXHP,Measure,CZ07,25.2725,571763509.8283395
MLI,M5,cDXHP,Measure,CZ08,32.28541666666666,596492976.7166748
MLI,M5,cDXHP,Measure,CZ09,35.456250000000004,636699794.053581
MLI,M5,cDXHP,Measure,CZ10,35.55666666666667,620515107.5182391
MLI,M5,cDXHP,Measure,CZ11,36.25708333333334,663462087.1619933
MLI,M5,cDXHP,Measure,CZ12,33.139583333333334,627596910.7606752
MLI,M5,cDXHP,Measure,CZ13,37.3975,684153848.2020384
MLI,M5,cDXHP,Measure,CZ14,33.69791666666667,584646630.8279171
MLI,M5,cDXHP,Measure,CZ15,42.32083333333334,850165308.6337199
MLI,M5,cDXHP,Measure,CZ16,25.15416666666667,488147437.539808
MLI,M5,cPTAC,Base,CZ01,16.715000000000003,349608059.70359665
MLI,M5,cPTAC,Base,CZ02,25.97041666666667,586834348.6573952
MLI,M5,cPTAC,Base,CZ03,24.965,479021364.43631065
MLI,M5,cPTAC,Base,CZ04,32.625416666666666,687235686.5036898
MLI,M5,cPTAC,Base,CZ05,22.50375,423482325.27979565
MLI,M5,cPTAC,Base,CZ06,25.295833333333334,489431468.3027792
MLI,M5,cPTAC,Base,CZ07,25.2725,640409204.5714325
MLI,M5,cPTAC,Base,CZ08,32.28541666666666,704043240.371856
MLI,M5,cPTAC,Base,CZ09,35.456250000000004,763587832.7510251
MLI,M5,cPTAC,Base,CZ10,35.55666666666667,746828639.0296409
MLI,M5,cPTAC,Base,CZ11,36.25708333333334,794723361.7650793
MLI,M5,cPTAC,Base,CZ12,33.139583333333334,738158989.336263
MLI,M5,cPTAC,Base,CZ13,37.3975,819008124.5255486
MLI,M5,cPTAC,Base,CZ14,33.69791666666667,688866212.5236092
MLI,M5,cPTAC,Base,CZ15,42.32083333333334,1021545962.8324302
MLI,M5,cPTAC,Base,CZ16,25.15416666666667,547076891.7867496
MLI,M5,cPTAC,Measure,CZ01,16.715000000000003,331886886.00004977
MLI,M5,cPTAC,Measure,CZ02,25.97041666666667,531682851.87647945
MLI,M5,cPTAC,Measure,CZ03,24.965,441184465.6307485
MLI,M5,cPTAC,Measure,CZ04,32.625416666666666,615246274.5767508
MLI,M5,cPTAC,Measure,CZ05,22.50375,394325807.0210818
MLI,M5,cPTAC,Measure,CZ06,25.295833333333334,450223150.84973365
MLI,M5,cPTAC,Measure,CZ07,25.2725,586878625.4644756
MLI,M5,cPTAC,Measure,CZ08,32.28541666666666,629991310.9361653
MLI,M5,cPTAC,Measure,CZ09,35.456250000000004,679770208.8456284
MLI,M5,cPTAC,Measure,CZ10,35.55666666666667,665558468.6812782
MLI,M5,cPTAC,Measure,CZ11,36.25708333333334,704887177.5254471
MLI,M5,cPTAC,Measure,CZ12,33.139583333333334,657872843.2971939
MLI,M5,cPTAC,Measure,CZ13,37.3975,724841237.5674793
MLI,M5,cPTAC,Measure,CZ14,33.69791666666667,617115241.7307162
MLI,M5,cPTAC,Measure,CZ15,42.32083333333334,893410905.5692573
MLI,M5,cPTAC,Measure,CZ16,25.15416666666667,499214451.7936819
MLI,M5,cPVVG,Base,CZ01,16.715000000000003,344098940.3446928
MLI,M5,cPVVG,Base,CZ02,25.97041666666667,567372014.472163
MLI,M5,cPVVG,Base,CZ03,24.965,463066485.0733193
MLI,M5,cPVVG,Base,CZ04,32.625416666666666,664932017.1886859
MLI,M5,cPVVG,Base,CZ05,22.50375,411553348.7205557
MLI,M5,cPVVG,Base,CZ06,25.295833333333334,476689977.0281838
MLI,M5,cPVVG,Base,CZ07,25.2725,624198687.500022
MLI,M5,cPVVG,Base,CZ08,32.28541666666666,681788198.234332
MLI,M5,cPVVG,Base,CZ09,35.456250000000004,737130932.4543014
MLI,M5,cPVVG,Base,CZ10,35.55666666666667,720639314.5078989
MLI,M5,cPVVG,Base,CZ11,36.25708333333334,769004299.5833769
MLI,M5,cPVVG,Base,CZ12,33.139583333333334,715374057.9266821
MLI,M5,cPVVG,Base,CZ13,37.3975,794334231.3404793
MLI,M5,cPVVG,Base,CZ14,33.69791666666667,662155627.7290112
MLI,M5,cPVVG,Base,CZ15,42.32083333333334,1009460985.2338129
MLI,M5,cPVVG,Base,CZ16,25.15416666666667,523688787.49822736
MLI,M5,cPVVG,Measure,CZ01,16.715000000000003,326434816.32540303
MLI,M5,cPVVG,Measure,CZ02,25.97041666666667,513493747.5014544
MLI,M5,cPVVG,Measure,CZ03,24.965,426203715.7407077
MLI,M5,cPVVG,Measure,CZ04,32.625416666666666,594500054.2682109
MLI,M5,cPVVG,Measure,CZ05,22.50375,383036451.7228602
MLI,M5,cPVVG,Measure,CZ06,25.295833333333334,438188557.30092335
MLI,M5,cPVVG,Measure,CZ07,25.2725,571622210.9902452
MLI,M5,cPVVG,Measure,CZ08,32.28541666666666,609335312.162175
MLI,M5,cPVVG,Measure,CZ09,35.456250000000004,655577490.0396005
MLI,M5,cPVVG,Measure,CZ10,35.55666666666667,641529854.6970644
MLI,M5,cPVVG,Measure,CZ11,36.25708333333334,681131045.2922348
MLI,M5,cPVVG,Measure,CZ12,33.139583333333334,636720325.7537546
MLI,M5,cPVVG,Measure,CZ13,37.3975,702053876.2013997
MLI,M5,cPVVG,Measure,CZ14,33.69791666666667,592237867.3403648
MLI,M5,cPVVG,Measure,CZ15,42.32083333333334,882200142.9759142
MLI,M5,cPVVG,Measure,CZ16,25.15416666666667,477173185.9029905
OfS,M1,cDXGF,Base,CZ01,16.715000000000003,57320000.729076214
OfS,M1,cDXGF,Base,CZ02,25.97041666666667,93860535.53724544
OfS,M1,cDXGF,Base,CZ03,24.965,85933863.59635186
OfS,M1,cDXGF,Base,CZ04,32.625416666666666,112828648.98770463
OfS,M1,cDXGF,Base,CZ05,22.50375,79652637.3009423
OfS,M1,cDXGF,Base,CZ06,25.295833333333334,88924186.97099161
OfS,M1,cDXGF,Base,CZ07,25.2725,104425544.28485963
OfS,M1,cDXGF,Base,CZ08,32.28541666666666,112913865.77239327
OfS,M1,cDXGF,Base,CZ09,35.456250000000004,122329129.91107143
OfS,M1,cDXGF,Base,CZ10,35.55666666666667,112751891.40623711
OfS,M1,cDXGF,Base,CZ11,36.25708333333334,125666097.45151657
OfS,M1,cDXGF,Base,CZ12,33.139583333333334,111772540.0206193
OfS,M1,cDXGF,Base,CZ13,37.3975,127056904.5646679
OfS,M1,cDXGF,Base,CZ14,33.69791666666667,117301372.28838208
OfS,M1,cDXGF,Base,CZ15,42.32083333333334,140435255.7567168
OfS,M1,cDXGF,Base,CZ16,25.15416666666667,100129382.52350424
OfS,M1,cDXGF,Measure,CZ01,16.715000000000003,54711075.37920863
OfS,M1,cDXGF,Measure,CZ02,25.97041666666667,91106353.88358712
OfS,M1,cDXGF,Measure,CZ03,24.965,82465239.11908248
OfS,M1,cDXGF,Measure,CZ04,32.625416666666666,109546618.92936803
OfS,M1,cDXGF,Measure,CZ05,22.50375,76338426.05404896
OfS,M1,cDXGF,Measure,CZ06,25.295833333333334,85504581.80469629
OfS,M1,cDXGF,Measure,CZ07,25.2725,104095842.8865285
OfS,M1,cDXGF,Measure,CZ08,32.28541666666666,109911542.32068725
OfS,M1,cDXGF,Measure,CZ09,35.456250000000004,119940849.5484419
OfS,M1,cDXGF,Measure,CZ10,35.55666666666667,109829347.99795634
OfS,M1,cDXGF,Measure,CZ11,36.25708333333334,121686532.03087555
OfS,M1,cDXGF,Measure,CZ12,33.139583333333334,108608657.55706367
OfS,M1,cDXGF,Measure,CZ13,37.3975,122935475.90840231
OfS,M1,cDXGF,Measure,CZ14,33.69791666666667,113668630.02906558
OfS,M1,cDXGF,Measure,CZ15,42.32083333333334,138127897.47958264
OfS,M1,cDXGF,Measure,CZ16,25.15416666666667,96651265.79541561
OfS,M1,cDXHP,Base,CZ01,16.715000000000003,57296400.5632599
OfS,M1,cDXHP,Base,CZ02,25.97041666666667,93654848.14957267
OfS,M1,cDXHP,Base,CZ03,24.965,85930645.22135805
OfS,M1,cDXHP,Base,CZ04,32.625416666666666,112850581.51386628
OfS,M1,cDXHP,Base,CZ05,22.50375,79767074.21540794
OfS,M1,cDXHP,Base,CZ06,25.295833333333334,88614828.43841666
OfS,M1,cDXHP,Base,CZ07,25.2725,103558855.89158744
OfS,M1,cDXHP,Base,CZ08,32.28541666666666,112977913.18668208
OfS,M1,cDXHP,Base,CZ09,35.456250000000004,122357518.55497241
OfS,M1,cDXHP,Base,CZ10,35.55666666666667,112700430.71729323
OfS,M1,cDXHP,Base,CZ11,36.25708333333334,125656408.75129151
OfS,M1,cDXHP,Base,CZ12,33.139583333333334,111818446.208302
OfS,M1,cDXHP,Base,CZ13,37.3975,127144877.30368203
OfS,M1,cDXHP,Base,CZ14,33.69791666666667,117120937.7682697
OfS,M1,cDXHP,Base,CZ15,42.32083333333334,140440616.07692844
OfS,M1,cDXHP,Base,CZ16,25.15416666666667,99803741.26454711
OfS,M1,cDXHP,Measure,CZ01,16.715000000000003,54689623.0994549
OfS,M1,cDXHP,Measure,CZ02,25.97041666666667,90903170.4907934
OfS,M1,cDXHP,Measure,CZ03,24.965,82458794.91386402
OfS,M1,cDXHP,Measure,CZ04,32.625416666666666,109568318.64335108
OfS,M1,cDXHP,Measure,CZ05,22.50375,76451089.3918217
OfS,M1,cDXHP,Measure,CZ06,25.295833333333334,85060984.60657747
OfS,M1,cDXHP,Measure,CZ07,25.2725,103226835.72679555
OfS,M1,cDXHP,Measure,CZ08,32.28541666666666,109973671.07489014
OfS,M1,cDXHP,Measure,CZ09,35.456250000000004,119965008.66021767
OfS,M1,cDXHP,Measure,CZ10,35.55666666666667,109777967.20066166
OfS,M1,cDXHP,Measure,CZ11,36.25708333333334,121664593.59563734
OfS,M1,cDXHP,Measure,CZ12,33.139583333333334,108653819.59035254
OfS,M1,cDXHP,Measure,CZ13,37.3975,123013208.40960935
OfS,M1,cDXHP,Measure,CZ14,33.69791666666667,113474577.10666049
OfS,M1,cDXHP,Measure,CZ15,42.32083333333334,138133249.8403245
OfS,M1,cDXHP,Measure,CZ16,25.15416666666667,96325560.14215681
OfS,M1,cPTAC,Base,CZ01,16.715000000000003,57122671.8788504
OfS,M1,cPTAC,Base,CZ02,25.97041666666667,93871943.67694753
OfS,M1,cPTAC,Base,CZ03,24.965,85949426.77730401
OfS,M1,cPTAC,Base,CZ04,32.625416666666666,112827276.00809032
OfS,M1,cPTAC,Base,CZ05,22.50375,79565354.97064662
OfS,M1,cPTAC,Base,CZ06,25.295833333333334,88923958.61957043
OfS,M1,cPTAC,Base,CZ07,25.2725,104425544.87183136
OfS,M1,cPTAC,Base,CZ08,32.28541666666666,112913398.00548047
OfS,M1,cPTAC,Base,CZ09,35.456250000000004,122328888.77573355
OfS,M1,cPTAC,Base,CZ10,35.55666666666667,112751409.2418195
OfS,M1,cPTAC,Base,CZ11,36.25708333333334,125666098.55227569
OfS,M1,cPTAC,Base,CZ12,33.139583333333334,111771740.77125506
OfS,M1,cPTAC,Base,CZ13,37.3975,127056916.53346793
OfS,M1,cPTAC,Base,CZ14,33.69791666666667,117301092.38342105
OfS,M1,cPTAC,Base,CZ15,42.32083333333334,140435255.75671694
OfS,M1,cPTAC,Base,CZ16,25.15416666666667,100123110.57357638
OfS,M1,cPTAC,Measure,CZ01,16.715000000000003,54512529.89870489
OfS,M1,cPTAC,Measure,CZ02,25.97041666666667,91118480.65301068
OfS,M1,cPTAC,Measure,CZ03,24.965,82478892.7866891
OfS,M1,cPTAC,Measure,CZ04,32.625416666666666,109545162.18051739
OfS,M1,cPTAC,Measure,CZ05,22.50375,76244294.56988457
OfS,M1,cPTAC,Measure,CZ06,25.295833333333334,85504377.04505326
OfS,M1,cPTAC,Measure,CZ07,25.2725,104095840.32303837
OfS,M1,cPTAC,Measure,CZ08,32.28541666666666,109910999.38721648
OfS,M1,cPTAC,Measure,CZ09,35.456250000000004,119940584.40187164
OfS,M1,cPTAC,Measure,CZ10,35.55666666666667,109828839.11136764
OfS,M1,cPTAC,Measure,CZ11,36.25708333333334,121686529.10169886
OfS,M1,cPTAC,Measure,CZ12,33.139583333333334,108607771.58640948
OfS,M1,cPTAC,Measure,CZ13,37.3975,122935490.2620804
OfS,M1,cPTAC,Measure,CZ14,33.69791666666667,113668133.26882479
OfS,M1,cPTAC,Measure,CZ15,42.32083333333334,138127897.4795819
OfS,M1,cPTAC,Measure,CZ16,25.15416666666667,96644489.39317796
OfS,M1,cPVVG,Base,CZ01,16.715000000000003,42106471.42064192
OfS,M1,cPVVG,Base,CZ02,25.97041666666667,78003434.53923005
OfS,M1,cPVVG,Base,CZ03,24.965,70108021.40841809
OfS,M1,cPVVG,Base,CZ04,32.625416666666666,99031252.96802762
OfS,M1,cPVVG,Base,CZ05,22.50375,62977755.93416104
OfS,M1,cPVVG,Base,CZ06,25.295833333333334,73451416.92028815
OfS,M1,cPVVG,Base,CZ07,25.2725,90590440.64036387
OfS,M1,cPVVG,Base,CZ08,32.28541666666666,99476625.18476984
OfS,M1,cPVVG,Base,CZ09,35.456250000000004,109122739.91116866
OfS,M1,cPVVG,Base,CZ10,35.55666666666667,99829753.15824886
OfS,M1,cPVVG,Base,CZ11,36.25708333333334,112360995.9491368
OfS,M1,cPVVG,Base,CZ12,33.139583333333334,98846956.78358132
OfS,M1,cPVVG,Base,CZ13,37.3975,115371058.53129448
OfS,M1,cPVVG,Base,CZ14,33.69791666666667,104286179.56052327
OfS,M1,cPVVG,Base,CZ15,42.32083333333334,129477238.28964387
OfS,M1,cPVVG,Base,CZ16,25.15416666666667,81280297.28746843
OfS,M1,cPVVG,Measure,CZ01,16.715000000000003,41474643.66632199
OfS,M1,cPVVG,Measure,CZ02,25.97041666666667,77590934.46125647
OfS,M1,cPVVG,Measure,CZ03,24.965,69351491.04841846
OfS,M1,cPVVG,Measure,CZ04,32.625416666666666,98301564.64890468
OfS,M1,cPVVG,Measure,CZ05,22.50375,62240780.69533357
OfS,M1,cPVVG,Measure,CZ06,25.295833333333334,72516796.52034342
OfS,M1,cPVVG,Measure,CZ07,25.2725,90666447.85231441
OfS,M1,cPVVG,Measure,CZ08,32.28541666666666,98684854.08265424
OfS,M1,cPVVG,Measure,CZ09,35.456250000000004,108112031.0367132
OfS,M1,cPVVG,Measure,CZ10,35.55666666666667,98755510.94859593
OfS,M1,cPVVG,Measure,CZ11,36.25708333333334,110072053.90925965
OfS,M1,cPVVG,Measure,CZ12,33.139583333333334,98090201.99852644
OfS,M1,cPVVG,Measure,CZ13,37.3975,112708766.87087259
OfS,M1,cPVVG,Measure,CZ14,33.69791666666667,102211996.73510163
OfS,M1,cPVVG,Measure,CZ15,42.32083333333334,128200230.47839575
OfS,M1,cPVVG,Measure,CZ16,25.15416666666667,79701503.56691365
OfS,M2,cDXGF,Base,CZ01,16.715000000000003,73592723.99072619
OfS,M2,cDXGF,Base,CZ02,25.97041666666667,96262805.53039965
OfS,M2,cDXGF,Base,CZ03,24.965,91348673.16256902
OfS,M2,cDXGF,Base,CZ04,32.625416666666666,108612176.65038085
OfS,M2,cDXGF,Base,CZ05,22.50375,89696503.1668267
OfS,M2,cDXGF,Base,CZ06,25.295833333333334,90399881.75090845
OfS,M2,cDXGF,Base,CZ07,25.2725,102266925.80313373
OfS,M2,cDXGF,Base,CZ08,32.28541666666666,108396389.22949588
OfS,M2,cDXGF,Base,CZ09,35.456250000000004,115313891.44305757
OfS,M2,cDXGF,Base,CZ10,35.55666666666667,105604963.18355885
OfS,M2,cDXGF,Base,CZ11,36.25708333333334,118595814.35505459
OfS,M2,cDXGF,Base,CZ12,33.139583333333334,107256743.51324514
OfS,M2,cDXGF,Base,CZ13,37.3975,119387269.54757991
OfS,M2,cDXGF,Base,CZ14,33.69791666666667,112160343.60813043
OfS,M2,cDXGF,Base,CZ15,42.32083333333334,127613232.16650915
OfS,M2,cDXGF,Base,CZ16,25.15416666666667,102413143.67081277
OfS,M2,cDXGF,Measure,CZ01,16.715000000000003,70012155.32951331
OfS,M2,cDXGF,Measure,CZ02,25.97041666666667,92781172.33034985
OfS,M2,cDXGF,Measure,CZ03,24.965,87159098.12654938
OfS,M2,cDXGF,Measure,CZ04,32.625416666666666,104798998.90857327
OfS,M2,cDXGF,Measure,CZ05,22.50375,85056497.85450837
OfS,M2,cDXGF,Measure,CZ06,25.295833333333334,86449553.71885891
OfS,M2,cDXGF,Measure,CZ07,25.2725,101844837.89960988
OfS,M2,cDXGF,Measure,CZ08,32.28541666666666,104874571.27354646
OfS,M2,cDXGF,Measure,CZ09,35.456250000000004,112762917.7408798
OfS,M2,cDXGF,Measure,CZ10,35.55666666666667,102514302.83704317
OfS,M2,cDXGF,Measure,CZ11,36.25708333333334,115162474.20923617
OfS,M2,cDXGF,Measure,CZ12,33.139583333333334,103643818.35440022
OfS,M2,cDXGF,Measure,CZ13,37.3975,115737050.64557356
OfS,M2,cDXGF,Measure,CZ14,33.69791666666667,108804687.37227544
OfS,M2,cDXGF,Measure,CZ15,42.32083333333334,125706035.396828
OfS,M2,cDXGF,Measure,CZ16,25.15416666666667,98773399.50500861
OfS,M2,cDXHP,Base,CZ01,16.715000000000003,73332333.0548855
OfS,M2,cDXHP,Base,CZ02,25.97041666666667,96017913.5166844
OfS,M2,cDXHP,Base,CZ03,24.965,91152315.12144832
OfS,M2,cDXHP,Base,CZ04,32.625416666666666,108427417.20670421
OfS,M2,cDXHP,Base,CZ05,22.50375,89482055.05979872
OfS,M2,cDXHP,Base,CZ06,25.295833333333334,90055799.91504094
OfS,M2,cDXHP,Base,CZ07,25.2725,101813396.06254986
OfS,M2,cDXHP,Base,CZ08,32.28541666666666,108291229.30537707
OfS,M2,cDXHP,Base,CZ09,35.456250000000004,115179680.1487669
OfS,M2,cDXHP,Base,CZ10,35.55666666666667,105488532.82080504
OfS,M2,cDXHP,Base,CZ11,36.25708333333334,118499145.86448002
OfS,M2,cDXHP,Base,CZ12,33.139583333333334,107132146.01790157
OfS,M2,cDXHP,Base,CZ13,37.3975,119312228.12452115
OfS,M2,cDXHP,Base,CZ14,33.69791666666667,111941251.09648348
OfS,M2,cDXHP,Base,CZ15,42.32083333333334,127614327.87226237
OfS,M2,cDXHP,Base,CZ16,25.15416666666667,101850089.21406178
OfS,M2,cDXHP,Measure,CZ01,16.715000000000003,69772250.72378239
OfS,M2,cDXHP,Measure,CZ02,25.97041666666667,92534208.33239329
OfS,M2,cDXHP,Measure,CZ03,24.965,86960214.70388734
OfS,M2,cDXHP,Measure,CZ04,32.625416666666666,104610270.7966753
OfS,M2,cDXHP,Measure,CZ05,22.50375,84842467.61124402
OfS,M2,cDXHP,Measure,CZ06,25.295833333333334,86041630.95092887
OfS,M2,cDXHP,Measure,CZ07,25.2725,101396870.6357066
OfS,M2,cDXHP,Measure,CZ08,32.28541666666666,104766602.21801499
OfS,M2,cDXHP,Measure,CZ09,35.456250000000004,112628836.95230936
OfS,M2,cDXHP,Measure,CZ10,35.55666666666667,102398439.55466658
OfS,M2,cDXHP,Measure,CZ11,36.25708333333334,115070965.9458753
OfS,M2,cDXHP,Measure,CZ12,33.139583333333334,103513734.55144797
OfS,M2,cDXHP,Measure,CZ13,37.3975,115669609.53803578
OfS,M2,cDXHP,Measure,CZ14,33.69791666666667,108575053.47674616
OfS,M2,cDXHP,Measure,CZ15,42.32083333333334,125707124.1694725
OfS,M2,cDXHP,Measure,CZ16,25.15416666666667,98213365.4042854
OfS,M2,cPTAC,Base,CZ01,16.715000000000003,73592723.99072605
OfS,M2,cPTAC,Base,CZ02,25.97041666666667,96262805.5304023
OfS,M2,cPTAC,Base,CZ03,24.965,91348673.16256954
OfS,M2,cPTAC,Base,CZ04,32.625416666666666,108612176.65041146
OfS,M2,cPTAC,Base,CZ05,22.50375,89696503.16682619
OfS,M2,cPTAC,Base,CZ06,25.295833333333334,90399881.75090875
OfS,M2,cPTAC,Base,CZ07,25.2725,102266925.80313405
OfS,M2,cPTAC,Base,CZ08,32.28541666666666,108396389.22949684
OfS,M2,cPTAC,Base,CZ09,35.456250000000004,115313891.44305718
OfS,M2,cPTAC,Base,CZ10,35.55666666666667,105604963.18356186
OfS,M2,cPTAC,Base,CZ11,36.25708333333334,118595814.3550552
OfS,M2,cPTAC,Base,CZ12,33.139583333333334,107256743.51324506
OfS,M2,cPTAC,Base,CZ13,37.3975,119387269.54758027
OfS,M2,cPTAC,Base,CZ14,33.69791666666667,112160343.608129
OfS,M2,cPTAC,Base,CZ15,42.32083333333334,127613232.16651079
OfS,M2,cPTAC,Base,CZ16,25.15416666666667,102413143.67080992
OfS,M2,cPTAC,Measure,CZ01,16.715000000000003,70011724.39458045
OfS,M2,cPTAC,Measure,CZ02,25.97041666666667,92781172.33087724
OfS,M2,cPTAC,Measure,CZ03,24.965,87159098.12654966
OfS,M2,cPTAC,Measure,CZ04,32.625416666666666,104798998.90857399
OfS,M2,cPTAC,Measure,CZ05,22.50375,85056497.85451043
OfS,M2,cPTAC,Measure,CZ06,25.295833333333334,86449553.71885847
OfS,M2,cPTAC,Measure,CZ07,25.2725,101844837.89961004
OfS,M2,cPTAC,Measure,CZ08,32.28541666666666,104874571.27354625
OfS,M2,cPTAC,Measure,CZ09,35.456250000000004,112762917.74087943
OfS,M2,cPTAC,Measure,CZ10,35.55666666666667,102514302.83704275
OfS,M2,cPTAC,Measure,CZ11,36.25708333333334,115162474.20923603
OfS,M2,cPTAC,Measure,CZ12,33.139583333333334,103643818.35440162
OfS,M2,cPTAC,Measure,CZ13,37.3975,115737050.64557397
OfS,M2,cPTAC,Measure,CZ14,33.69791666666667,108804687.35910615
OfS,M2,cPTAC,Measure,CZ15,42.32083333333334,125706035.3968294
OfS,M2,cPTAC,Measure,CZ16,25.15416666666667,98773399.50122926
OfS,M2,cPVVG,Base,CZ01,16.715000000000003,58121286.23790858
OfS,M2,cPVVG,Base,CZ02,25.97041666666667,80036495.07023388
OfS,M2,cPVVG,Base,CZ03,24.965,75253167.96048653
OfS,M2,cPVVG,Base,CZ04,32.625416666666666,93190644.70706764
OfS,M2,cPVVG,Base,CZ05,22.50375,72224440.72130924
OfS,M2,cPVVG,Base,CZ06,25.295833333333334,74597260.13634759
OfS,M2,cPVVG,Base,CZ07,25.2725,88212633.9003665
OfS,M2,cPVVG,Base,CZ08,32.28541666666666,92981963.3522497
OfS,M2,cPVVG,Base,CZ09,35.456250000000004,99193305.59883027
OfS,M2,cPVVG,Base,CZ10,35.55666666666667,89864862.2774469
OfS,M2,cPVVG,Base,CZ11,36.25708333333334,103260470.84992604
OfS,M2,cPVVG,Base,CZ12,33.139583333333334,92825933.83013138
OfS,M2,cPVVG,Base,CZ13,37.3975,105113821.71302073
OfS,M2,cPVVG,Base,CZ14,33.69791666666667,96849820.08864704
OfS,M2,cPVVG,Base,CZ15,42.32083333333334,112728180.13799074
OfS,M2,cPVVG,Base,CZ16,25.15416666666667,83291088.53378633
OfS,M2,cPVVG,Measure,CZ01,16.715000000000003,56741664.22833246
OfS,M2,cPVVG,Measure,CZ02,25.97041666666667,78622239.07047978
OfS,M2,cPVVG,Measure,CZ03,24.965,73614760.59990638
OfS,M2,cPVVG,Measure,CZ04,32.625416666666666,91654287.85941511
OfS,M2,cPVVG,Measure,CZ05,22.50375,70457570.16549647
OfS,M2,cPVVG,Measure,CZ06,25.295833333333334,73040877.78094196
OfS,M2,cPVVG,Measure,CZ07,25.2725,87958258.73366793
OfS,M2,cPVVG,Measure,CZ08,32.28541666666666,91479527.82392037
OfS,M2,cPVVG,Measure,CZ09,35.456250000000004,97895366.01392603
OfS,M2,cPVVG,Measure,CZ10,35.55666666666667,88501159.5237358
OfS,M2,cPVVG,Measure,CZ11,36.25708333333334,101425961.97483227
OfS,M2,cPVVG,Measure,CZ12,33.139583333333334,91379409.06104895
OfS,M2,cPVVG,Measure,CZ13,37.3975,103012278.61631504
OfS,M2,cPVVG,Measure,CZ14,33.69791666666667,95036607.10082613
OfS,M2,cPVVG,Measure,CZ15,42.32083333333334,111938640.39300026
OfS,M2,cPVVG,Measure,CZ16,25.15416666666667,81459689.03771216
OfS,M3,cDXGF,Base,CZ01,16.715000000000003,55223686.028761916
OfS,M3,cDXGF,Base,CZ02,25.97041666666667,82882942.78761226
OfS,M3,cDXGF,Base,CZ03,24.965,76456275.91407296
OfS,M3,cDXGF,Base,CZ04,32.625416666666666,100020888.52742375
OfS,M3,cDXGF,Base,CZ05,22.50375,71572284.52474725
OfS,M3,cDXGF,Base,CZ06,25.295833333333334,75844987.9113167
OfS,M3,cDXGF,Base,CZ07,25.2725,92625034.92254992
OfS,M3,cDXGF,Base,CZ08,32.28541666666666,99279429.14871138
OfS,M3,cDXGF,Base,CZ09,35.456250000000004,106404170.24668625
OfS,M3,cDXGF,Base,CZ10,35.55666666666667,95802381.12263727
OfS,M3,cDXGF,Base,CZ11,36.25708333333334,112796731.07552654
OfS,M3,cDXGF,Base,CZ12,33.139583333333334,100297721.49321535
OfS,M3,cDXGF,Base,CZ13,37.3975,115591243.13361686
OfS,M3,cDXGF,Base,CZ14,33.69791666666667,103692408.80850531
OfS,M3,cDXGF,Base,CZ15,42.32083333333334,125805473.98908004
OfS,M3,cDXGF,Base,CZ16,25.15416666666667,84386845.25836399
OfS,M3,cDXGF,Measure,CZ01,16.715000000000003,50528193.89679581
OfS,M3,cDXGF,Measure,CZ02,25.97041666666667,73703839.21852857
OfS,M3,cDXGF,Measure,CZ03,24.965,68413025.12211643
OfS,M3,cDXGF,Measure,CZ04,32.625416666666666,87935628.41353236
OfS,M3,cDXGF,Measure,CZ05,22.50375,64337253.98026329
OfS,M3,cDXGF,Measure,CZ06,25.295833333333334,67922252.18397301
OfS,M3,cDXGF,Measure,CZ07,25.2725,83226478.0511241
OfS,M3,cDXGF,Measure,CZ08,32.28541666666666,87232993.22196127
OfS,M3,cDXGF,Measure,CZ09,35.456250000000004,92965731.01067935
OfS,M3,cDXGF,Measure,CZ10,35.55666666666667,84115844.29062647
OfS,M3,cDXGF,Measure,CZ11,36.25708333333334,97533757.0292803
OfS,M3,cDXGF,Measure,CZ12,33.139583333333334,88108948.00658625
OfS,M3,cDXGF,Measure,CZ13,37.3975,99455021.6136426
OfS,M3,cDXGF,Measure,CZ14,33.69791666666667,90170535.68270335
OfS,M3,cDXGF,Measure,CZ15,42.32083333333334,108726296.96037246
OfS,M3,cDXGF,Measure,CZ16,25.15416666666667,74669103.60819654
OfS,M3,cDXHP,Base,CZ01,16.715000000000003,53543467.42187554
OfS,M3,cDXHP,Base,CZ02,25.97041666666667,81110859.90974627
OfS,M3,cDXHP,Base,CZ03,24.965,74486987.8211794
OfS,M3,cDXHP,Base,CZ04,32.625416666666666,98522769.13548206
OfS,M3,cDXHP,Base,CZ05,22.50375,69665521.63267092
OfS,M3,cDXHP,Base,CZ06,25.295833333333334,73898840.3273796
OfS,M3,cDXHP,Base,CZ07,25.2725,90372522.49440593
OfS,M3,cDXHP,Base,CZ08,32.28541666666666,98178374.05185586
OfS,M3,cDXHP,Base,CZ09,35.456250000000004,105658272.80638415
OfS,M3,cDXHP,Base,CZ10,35.55666666666667,95318347.3850532
OfS,M3,cDXHP,Base,CZ11,36.25708333333334,111776193.47087999
OfS,M3,cDXHP,Base,CZ12,33.139583333333334,98768757.15144846
OfS,M3,cDXHP,Base,CZ13,37.3975,114730264.36912282
OfS,M3,cDXHP,Base,CZ14,33.69791666666667,102814798.38801928
OfS,M3,cDXHP,Base,CZ15,42.32083333333334,125778107.93001197
OfS,M3,cDXHP,Base,CZ16,25.15416666666667,83559982.52903101
OfS,M3,cDXHP,Measure,CZ01,16.715000000000003,48887610.10546685
OfS,M3,cDXHP,Measure,CZ02,25.97041666666667,71936582.03996333
OfS,M3,cDXHP,Measure,CZ03,24.965,66465253.749780245
OfS,M3,cDXHP,Measure,CZ04,32.625416666666666,86428284.20182139
OfS,M3,cDXHP,Measure,CZ05,22.50375,62458261.551561564
OfS,M3,cDXHP,Measure,CZ06,25.295833333333334,66032219.83046466
OfS,M3,cDXHP,Measure,CZ07,25.2725,81040143.08316383
OfS,M3,cDXHP,Measure,CZ08,32.28541666666666,86126901.4427565
OfS,M3,cDXHP,Measure,CZ09,35.456250000000004,92214168.64671615
OfS,M3,cDXHP,Measure,CZ10,35.55666666666667,83632395.16472325
OfS,M3,cDXHP,Measure,CZ11,36.25708333333334,96500743.2043755
OfS,M3,cDXHP,Measure,CZ12,33.139583333333334,86562533.49994794
OfS,M3,cDXHP,Measure,CZ13,37.3975,98580345.02107799
OfS,M3,cDXHP,Measure,CZ14,33.69791666666667,89284848.93704864
OfS,M3,cDXHP,Measure,CZ15,42.32083333333334,108700223.42240095
OfS,M3,cDXHP,Measure,CZ16,25.15416666666667,73836317.58537683
OfS,M3,cPTAC,Base,CZ01,16.715000000000003,55210272.96008213
OfS,M3,cPTAC,Base,CZ02,25.97041666666667,82882942.78760973
OfS,M3,cPTAC,Base,CZ03,24.965,76456275.91407354
OfS,M3,cPTAC,Base,CZ04,32.625416666666666,100020888.52742249
OfS,M3,cPTAC,Base,CZ05,22.50375,71569665.54743573
OfS,M3,cPTAC,Base,CZ06,25.295833333333334,75844987.91131677
OfS,M3,cPTAC,Base,CZ07,25.2725,92625034.92255083
OfS,M3,cPTAC,Base,CZ08,32.28541666666666,99279429.14870602
OfS,M3,cPTAC,Base,CZ09,35.456250000000004,106404170.2466884
OfS,M3,cPTAC,Base,CZ10,35.55666666666667,95802381.12237898
OfS,M3,cPTAC,Base,CZ11,36.25708333333334,112796731.07552665
OfS,M3,cPTAC,Base,CZ12,33.139583333333334,100297721.49321496
OfS,M3,cPTAC,Base,CZ13,37.3975,115591243.454235
OfS,M3,cPTAC,Base,CZ14,33.69791666666667,103692408.80858052
OfS,M3,cPTAC,Base,CZ15,42.32083333333334,125805473.98907939
OfS,M3,cPTAC,Base,CZ16,25.15416666666667,84386860.17291597
OfS,M3,cPTAC,Measure,CZ01,16.715000000000003,50517013.31827688
OfS,M3,cPTAC,Measure,CZ02,25.97041666666667,73703839.21853216
OfS,M3,cPTAC,Measure,CZ03,24.965,68413055.73572165
OfS,M3,cPTAC,Measure,CZ04,32.625416666666666,87935628.41353327
OfS,M3,cPTAC,Measure,CZ05,22.50375,64335084.614877194
OfS,M3,cPTAC,Measure,CZ06,25.295833333333334,67922252.18397363
OfS,M3,cPTAC,Measure,CZ07,25.2725,83226478.05112389
OfS,M3,cPTAC,Measure,CZ08,32.28541666666666,87232993.22196075
OfS,M3,cPTAC,Measure,CZ09,35.456250000000004,92965731.01067823
OfS,M3,cPTAC,Measure,CZ10,35.55666666666667,84115844.29072131
OfS,M3,cPTAC,Measure,CZ11,36.25708333333334,97533757.02927938
OfS,M3,cPTAC,Measure,CZ12,33.139583333333334,88108948.00612608
OfS,M3,cPTAC,Measure,CZ13,37.3975,99455021.61364524
OfS,M3,cPTAC,Measure,CZ14,33.69791666666667,90170535.68270072
OfS,M3,cPTAC,Measure,CZ15,42.32083333333334,108726296.96037185
OfS,M3,cPTAC,Measure,CZ16,25.15416666666667,74669103.56864014
OfS,M3,cPVVG,Base,CZ01,16.715000000000003,54191101.64078438
OfS,M3,cPVVG,Base,CZ02,25.97041666666667,81266542.02775034
OfS,M3,cPVVG,Base,CZ03,24.965,74949538.77144867
OfS,M3,cPVVG,Base,CZ04,32.625416666666666,98201482.83375737
OfS,M3,cPVVG,Base,CZ05,22.50375,70099645.20155498
OfS,M3,cPVVG,Base,CZ06,25.295833333333334,74340422.83720432
OfS,M3,cPVVG,Base,CZ07,25.2725,90981039.73025727
OfS,M3,cPVVG,Base,CZ08,32.28541666666666,97513741.87541728
OfS,M3,cPVVG,Base,CZ09,35.456250000000004,104480081.1401765
OfS,M3,cPVVG,Base,CZ10,35.55666666666667,94039843.0072636
OfS,M3,cPVVG,Base,CZ11,36.25708333333334,110782687.32515886
OfS,M3,cPVVG,Base,CZ12,33.139583333333334,98562494.67203403
OfS,M3,cPVVG,Base,CZ13,37.3975,113628334.91393957
OfS,M3,cPVVG,Base,CZ14,33.69791666666667,101741562.07613581
OfS,M3,cPVVG,Base,CZ15,42.32083333333334,123817990.29413453
OfS,M3,cPVVG,Base,CZ16,25.15416666666667,82429826.02595167
OfS,M3,cPVVG,Measure,CZ01,16.715000000000003,49543665.197899714
OfS,M3,cPVVG,Measure,CZ02,25.97041666666667,72172412.32578643
OfS,M3,cPVVG,Measure,CZ03,24.965,66981296.21133676
OfS,M3,cPVVG,Measure,CZ04,32.625416666666666,86218869.88414267
OfS,M3,cPVVG,Measure,CZ05,22.50375,62935826.72321589
OfS,M3,cPVVG,Measure,CZ06,25.295833333333334,66492215.99662628
OfS,M3,cPVVG,Measure,CZ07,25.2725,81662849.24349187
OfS,M3,cPVVG,Measure,CZ08,32.28541666666666,85569537.77578156
OfS,M3,cPVVG,Measure,CZ09,35.456250000000004,91168278.69213876
OfS,M3,cPVVG,Measure,CZ10,35.55666666666667,82460334.1835829
OfS,M3,cPVVG,Measure,CZ11,36.25708333333334,95753299.32702234
OfS,M3,cPVVG,Measure,CZ12,33.139583333333334,86472186.95000845
OfS,M3,cPVVG,Measure,CZ13,37.3975,97735362.97607309
OfS,M3,cPVVG,Measure,CZ14,33.69791666666667,88443148.67312601
OfS,M3,cPVVG,Measure,CZ15,42.32083333333334,106873322.21057013
OfS,M3,cPVVG,Measure,CZ16,25.15416666666667,72885033.82510942
OfS,M4,cDXGF,Base,CZ01,16.715000000000003,69244966.09453592
OfS,M4,cDXGF,Base,CZ02,25.97041666666667,97189367.66448918
OfS,M4,cDXGF,Base,CZ03,24.965,91075502.29858
OfS,M4,cDXGF,Base,CZ04,32.625416666666666,112830016.7901334
OfS,M4,cDXGF,Base,CZ05,22.50375,87931749.93261304
OfS,M4,cDXGF,Base,CZ06,25.295833333333334,90741140.67034975
OfS,M4,cDXGF,Base,CZ07,25.2725,104425375.5797888
OfS,M4,cDXGF,Base,CZ08,32.28541666666666,112913394.85439435
OfS,M4,cDXGF,Base,CZ09,35.456250000000004,122329772.30712414
OfS,M4,cDXGF,Base,CZ10,35.55666666666667,112751911.43715751
OfS,M4,cDXGF,Base,CZ11,36.25708333333334,125667307.2328864
OfS,M4,cDXGF,Base,CZ12,33.139583333333334,111770943.8701041
OfS,M4,cDXGF,Base,CZ13,37.3975,127050864.62780285
OfS,M4,cDXGF,Base,CZ14,33.69791666666667,117304861.5956648
OfS,M4,cDXGF,Base,CZ15,42.32083333333334,140435255.73667678
OfS,M4,cDXGF,Base,CZ16,25.15416666666667,102160754.24985744
OfS,M4,cDXGF,Measure,CZ01,16.715000000000003,66602907.3208691
OfS,M4,cDXGF,Measure,CZ02,25.97041666666667,94364630.03088178
OfS,M4,cDXGF,Measure,CZ03,24.965,87591825.69586359
OfS,M4,cDXGF,Measure,CZ04,32.625416666666666,109547645.58078703
OfS,M4,cDXGF,Measure,CZ05,22.50375,84307634.61758009
OfS,M4,cDXGF,Measure,CZ06,25.295833333333334,87320766.40409744
OfS,M4,cDXGF,Measure,CZ07,25.2725,104095659.85008183
OfS,M4,cDXGF,Measure,CZ08,32.28541666666666,109911122.7329041
OfS,M4,cDXGF,Measure,CZ09,35.456250000000004,119941202.71327105
OfS,M4,cDXGF,Measure,CZ10,35.55666666666667,109829397.15277348
OfS,M4,cDXGF,Measure,CZ11,36.25708333333334,121685937.7430585
OfS,M4,cDXGF,Measure,CZ12,33.139583333333334,108607006.01840994
OfS,M4,cDXGF,Measure,CZ13,37.3975,122927750.22489
OfS,M4,cDXGF,Measure,CZ14,33.69791666666667,113672332.86615671
OfS,M4,cDXGF,Measure,CZ15,42.32083333333334,138127897.44678956
OfS,M4,cDXGF,Measure,CZ16,25.15416666666667,98622079.23098928
OfS,M4,cDXHP,Base,CZ01,16.715000000000003,68970152.69066411
OfS,M4,cDXHP,Base,CZ02,25.97041666666667,96895006.20211983
OfS,M4,cDXHP,Base,CZ03,24.965,90915155.60063457
OfS,M4,cDXHP,Base,CZ04,32.625416666666666,112846541.70509832
OfS,M4,cDXHP,Base,CZ05,22.50375,87807953.22130382
OfS,M4,cDXHP,Base,CZ06,25.295833333333334,90370458.11053619
OfS,M4,cDXHP,Base,CZ07,25.2725,103558515.3379435
OfS,M4,cDXHP,Base,CZ08,32.28541666666666,112976333.22709072
OfS,M4,cDXHP,Base,CZ09,35.456250000000004,122357100.90774663
OfS,M4,cDXHP,Base,CZ10,35.55666666666667,112699655.83027941
OfS,M4,cDXHP,Base,CZ11,36.25708333333334,125657158.7540816
OfS,M4,cDXHP,Base,CZ12,33.139583333333334,111812793.37625377
OfS,M4,cDXHP,Base,CZ13,37.3975,127143976.60115777
OfS,M4,cDXHP,Base,CZ14,33.69791666666667,117121550.3583974
OfS,M4,cDXHP,Base,CZ15,42.32083333333334,140440616.04919612
OfS,M4,cDXHP,Base,CZ16,25.15416666666667,101611485.36957073
OfS,M4,cDXHP,Measure,CZ01,16.715000000000003,66327856.96367365
OfS,M4,cDXHP,Measure,CZ02,25.97041666666667,94070401.49997082
OfS,M4,cDXHP,Measure,CZ03,24.965,87430882.96120459
OfS,M4,cDXHP,Measure,CZ04,32.625416666666666,109563507.5800724
OfS,M4,cDXHP,Measure,CZ05,22.50375,84185430.24269572
OfS,M4,cDXHP,Measure,CZ06,25.295833333333334,86817554.49571489
OfS,M4,cDXHP,Measure,CZ07,25.2725,103226461.19066519
OfS,M4,cDXHP,Measure,CZ08,32.28541666666666,109972052.54956104
OfS,M4,cDXHP,Measure,CZ09,35.456250000000004,119964125.04091823
OfS,M4,cDXHP,Measure,CZ10,35.55666666666667,109777117.95533738
OfS,M4,cDXHP,Measure,CZ11,36.25708333333334,121664487.43990068
OfS,M4,cDXHP,Measure,CZ12,33.139583333333334,108647850.88531539
OfS,M4,cDXHP,Measure,CZ13,37.3975,123010719.89045179
OfS,M4,cDXHP,Measure,CZ14,33.69791666666667,113475176.735223
OfS,M4,cDXHP,Measure,CZ15,42.32083333333334,138133249.8087749
OfS,M4,cDXHP,Measure,CZ16,25.15416666666667,98073054.0087488
OfS,M4,cPTAC,Base,CZ01,16.715000000000003,69175516.3528526
OfS,M4,cPTAC,Base,CZ02,25.97041666666667,97189367.6644945
OfS,M4,cPTAC,Base,CZ03,24.965,91075502.29831928
OfS,M4,cPTAC,Base,CZ04,32.625416666666666,112830016.79013295
OfS,M4,cPTAC,Base,CZ05,22.50375,87921054.69643565
OfS,M4,cPTAC,Base,CZ06,25.295833333333334,90741140.6703498
OfS,M4,cPTAC,Base,CZ07,25.2725,104425375.57978842
OfS,M4,cPTAC,Base,CZ08,32.28541666666666,112913394.85439542
OfS,M4,cPTAC,Base,CZ09,35.456250000000004,122329772.30712374
OfS,M4,cPTAC,Base,CZ10,35.55666666666667,112751881.00684737
OfS,M4,cPTAC,Base,CZ11,36.25708333333334,125667307.23288585
OfS,M4,cPTAC,Base,CZ12,33.139583333333334,111770943.87010375
OfS,M4,cPTAC,Base,CZ13,37.3975,127050864.62780282
OfS,M4,cPTAC,Base,CZ14,33.69791666666667,117304861.59566474
OfS,M4,cPTAC,Base,CZ15,42.32083333333334,140435255.73667586
OfS,M4,cPTAC,Base,CZ16,25.15416666666667,102160754.2443712
OfS,M4,cPTAC,Measure,CZ01,16.715000000000003,66538683.65918493
OfS,M4,cPTAC,Measure,CZ02,25.97041666666667,94364630.03088012
OfS,M4,cPTAC,Measure,CZ03,24.965,87591825.69566076
OfS,M4,cPTAC,Measure,CZ04,32.625416666666666,109547645.58078812
OfS,M4,cPTAC,Measure,CZ05,22.50375,84298844.51640767
OfS,M4,cPTAC,Measure,CZ06,25.295833333333334,87320766.40409753
OfS,M4,cPTAC,Measure,CZ07,25.2725,104095659.85008126
OfS,M4,cPTAC,Measure,CZ08,32.28541666666666,109911122.73290452
OfS,M4,cPTAC,Measure,CZ09,35.456250000000004,119941202.71327148
OfS,M4,cPTAC,Measure,CZ10,35.55666666666667,109829397.15277183
OfS,M4,cPTAC,Measure,CZ11,36.25708333333334,121685937.7430581
OfS,M4,cPTAC,Measure,CZ12,33.139583333333334,108607006.01841088
OfS,M4,cPTAC,Measure,CZ13,37.3975,122927750.22489181
OfS,M4,cPTAC,Measure,CZ14,33.69791666666667,113672332.86625093
OfS,M4,cPTAC,Measure,CZ15,42.32083333333334,138127897.4467898
OfS,M4,cPTAC,Measure,CZ16,25.15416666666667,98622079.20139429
OfS,M4,cPVVG,Base,CZ01,16.715000000000003,52507275.64267892
OfS,M4,cPVVG,Base,CZ02,25.97041666666667,81089412.54596393
OfS,M4,cPVVG,Base,CZ03,24.965,74867856.66512708
OfS,M4,cPVVG,Base,CZ04,32.625416666666666,99030831.19132176
OfS,M4,cPVVG,Base,CZ05,22.50375,70211657.1503937
OfS,M4,cPVVG,Base,CZ06,25.295833333333334,75109207.81782049
OfS,M4,cPVVG,Base,CZ07,25.2725,90590259.5599006
OfS,M4,cPVVG,Base,CZ08,32.28541666666666,99475967.00584027
OfS,M4,cPVVG,Base,CZ09,35.456250000000004,109123427.99800098
OfS,M4,cPVVG,Base,CZ10,35.55666666666667,99829883.34763291
OfS,M4,cPVVG,Base,CZ11,36.25708333333334,112362149.62443835
OfS,M4,cPVVG,Base,CZ12,33.139583333333334,98845113.71110983
OfS,M4,cPVVG,Base,CZ13,37.3975,115365371.57175949
OfS,M4,cPVVG,Base,CZ14,33.69791666666667,104289953.92094256
OfS,M4,cPVVG,Base,CZ15,42.32083333333334,129477238.26649581
OfS,M4,cPVVG,Base,CZ16,25.15416666666667,83212153.39834559
OfS,M4,cPVVG,Measure,CZ01,16.715000000000003,52233367.71078485
OfS,M4,cPVVG,Measure,CZ02,25.97041666666667,80646798.44233021
OfS,M4,cPVVG,Measure,CZ03,24.965,74163323.24236646
OfS,M4,cPVVG,Measure,CZ04,32.625416666666666,98301184.96319443
OfS,M4,cPVVG,Measure,CZ05,22.50375,69609322.23695418
OfS,M4,cPVVG,Measure,CZ06,25.295833333333334,74174696.87425715
OfS,M4,cPVVG,Measure,CZ07,25.2725,90666273.36305457
OfS,M4,cPVVG,Measure,CZ08,32.28541666666666,98684265.20776421
OfS,M4,cPVVG,Measure,CZ09,35.456250000000004,108112283.62626423
OfS,M4,cPVVG,Measure,CZ10,35.55666666666667,98755643.90931009
OfS,M4,cPVVG,Measure,CZ11,36.25708333333334,110071328.72532222
OfS,M4,cPVVG,Measure,CZ12,33.139583333333334,98088424.12304392
OfS,M4,cPVVG,Measure,CZ13,37.3975,112700182.32179666
OfS,M4,cPVVG,Measure,CZ14,33.69791666666667,102215942.6498587
OfS,M4,cPVVG,Measure,CZ15,42.32083333333334,128200230.46080896
OfS,M4,cPVVG,Measure,CZ16,25.15416666666667,81609413.30832756
OfS,M5,cDXGF,Base,CZ01,16.715000000000003,54616545.25645988
OfS,M5,cDXGF,Base,CZ02,25.97041666666667,85878467.00080451
OfS,M5,cDXGF,Base,CZ03,24.965,77749269.46426567
OfS,M5,cDXGF,Base,CZ04,32.625416666666666,103763261.89662969
OfS,M5,cDXGF,Base,CZ05,22.50375,71777247.3940916
OfS,M5,cDXGF,Base,CZ06,25.295833333333334,77487555.06976324
OfS,M5,cDXGF,Base,CZ07,25.2725,97213420.0429087
OfS,M5,cDXGF,Base,CZ08,32.28541666666666,103694867.14033976
OfS,M5,cDXGF,Base,CZ09,35.456250000000004,113212556.56040533
OfS,M5,cDXGF,Base,CZ10,35.55666666666667,102002704.8116091
OfS,M5,cDXGF,Base,CZ11,36.25708333333334,119717644.54634011
OfS,M5,cDXGF,Base,CZ12,33.139583333333334,105503470.75374562
OfS,M5,cDXGF,Base,CZ13,37.3975,122010220.83909053
OfS,M5,cDXGF,Base,CZ14,33.69791666666667,108262978.18519719
OfS,M5,cDXGF,Base,CZ15,42.32083333333334,137699649.36295357
OfS,M5,cDXGF,Base,CZ16,25.15416666666667,84680726.90247864
OfS,M5,cDXGF,Measure,CZ01,16.715000000000003,50015130.83796144
OfS,M5,cDXGF,Measure,CZ02,25.97041666666667,76215169.72025913
OfS,M5,cDXGF,Measure,CZ03,24.965,69500537.54014912
OfS,M5,cDXGF,Measure,CZ04,32.625416666666666,91067700.44840407
OfS,M5,cDXGF,Measure,CZ05,22.50375,64518576.57822966
OfS,M5,cDXGF,Measure,CZ06,25.295833333333334,69318113.07750995
OfS,M5,cDXGF,Measure,CZ07,25.2725,87092640.28082818
OfS,M5,cDXGF,Measure,CZ08,32.28541666666666,90949210.04665467
OfS,M5,cDXGF,Measure,CZ09,35.456250000000004,98669458.39649262
OfS,M5,cDXGF,Measure,CZ10,35.55666666666667,89322215.53484252
OfS,M5,cDXGF,Measure,CZ11,36.25708333333334,103163348.55516014
OfS,M5,cDXGF,Measure,CZ12,33.139583333333334,92461066.79238659
OfS,M5,cDXGF,Measure,CZ13,37.3975,104621162.40948471
OfS,M5,cDXGF,Measure,CZ14,33.69791666666667,93985405.80322592
OfS,M5,cDXGF,Measure,CZ15,42.32083333333334,118612907.39590213
OfS,M5,cDXGF,Measure,CZ16,25.15416666666667,74906026.70408194
OfS,M5,cDXHP,Base,CZ01,16.715000000000003,53174276.113571644
OfS,M5,cDXHP,Base,CZ02,25.97041666666667,83924025.36471108
OfS,M5,cDXHP,Base,CZ03,24.965,75662150.56857477
OfS,M5,cDXHP,Base,CZ04,32.625416666666666,101885837.92991042
OfS,M5,cDXHP,Base,CZ05,22.50375,69856588.1711317
OfS,M5,cDXHP,Base,CZ06,25.295833333333334,75287766.19365421
OfS,M5,cDXHP,Base,CZ07,25.2725,94390031.84510931
OfS,M5,cDXHP,Base,CZ08,32.28541666666666,102230167.2568169
OfS,M5,cDXHP,Base,CZ09,35.456250000000004,112253828.56576046
OfS,M5,cDXHP,Base,CZ10,35.55666666666667,101341089.97184317
OfS,M5,cDXHP,Base,CZ11,36.25708333333334,118295163.85460594
OfS,M5,cDXHP,Base,CZ12,33.139583333333334,103531188.87987962
OfS,M5,cDXHP,Base,CZ13,37.3975,120750591.61950673
OfS,M5,cDXHP,Base,CZ14,33.69791666666667,107034368.59140922
OfS,M5,cDXHP,Base,CZ15,42.32083333333334,137655804.24151027
OfS,M5,cDXHP,Base,CZ16,25.15416666666667,83842760.8264226
OfS,M5,cDXHP,Measure,CZ01,16.715000000000003,48578828.162191175
OfS,M5,cDXHP,Measure,CZ02,25.97041666666667,74282711.94856593
OfS,M5,cDXHP,Measure,CZ03,24.965,67447223.9483589
OfS,M5,cDXHP,Measure,CZ04,32.625416666666666,89230188.50738141
OfS,M5,cDXHP,Measure,CZ05,22.50375,62625525.35926452
OfS,M5,cDXHP,Measure,CZ06,25.295833333333334,67203914.07762077
OfS,M5,cDXHP,Measure,CZ07,25.2725,84412838.23648323
OfS,M5,cDXHP,Measure,CZ08,32.28541666666666,89527634.90359694
OfS,M5,cDXHP,Measure,CZ09,35.456250000000004,97733292.3246243
OfS,M5,cDXHP,Measure,CZ10,35.55666666666667,88685001.44977474
OfS,M5,cDXHP,Measure,CZ11,36.25708333333334,101793021.79561302
OfS,M5,cDXHP,Measure,CZ12,33.139583333333334,90526328.73281439
OfS,M5,cDXHP,Measure,CZ13,37.3975,103415365.06200916
OfS,M5,cDXHP,Measure,CZ14,33.69791666666667,92804895.7003492
OfS,M5,cDXHP,Measure,CZ15,42.32083333333334,118572646.6402702
OfS,M5,cDXHP,Measure,CZ16,25.15416666666667,74063638.1996094
OfS,M5,cPTAC,Base,CZ01,16.715000000000003,54511237.88304977
OfS,M5,cPTAC,Base,CZ02,25.97041666666667,85878467.00080489
OfS,M5,cPTAC,Base,CZ03,24.965,77749269.46426427
OfS,M5,cPTAC,Base,CZ04,32.625416666666666,103763261.8966276
OfS,M5,cPTAC,Base,CZ05,22.50375,71762939.50119174
OfS,M5,cPTAC,Base,CZ06,25.295833333333334,77487555.06976378
OfS,M5,cPTAC,Base,CZ07,25.2725,97213420.04290934
OfS,M5,cPTAC,Base,CZ08,32.28541666666666,103694867.14033791
OfS,M5,cPTAC,Base,CZ09,35.456250000000004,113212556.56040344
OfS,M5,cPTAC,Base,CZ10,35.55666666666667,102002704.65574116
OfS,M5,cPTAC,Base,CZ11,36.25708333333334,119717644.54633999
OfS,M5,cPTAC,Base,CZ12,33.139583333333334,105503470.75374573
OfS,M5,cPTAC,Base,CZ13,37.3975,122010220.83909242
OfS,M5,cPTAC,Base,CZ14,33.69791666666667,108262978.1851964
OfS,M5,cPTAC,Base,CZ15,42.32083333333334,137699649.3629545
OfS,M5,cPTAC,Base,CZ16,25.15416666666667,84680761.2856831
OfS,M5,cPTAC,Measure,CZ01,16.715000000000003,49925594.449407004
OfS,M5,cPTAC,Measure,CZ02,25.97041666666667,76215169.72025655
OfS,M5,cPTAC,Measure,CZ03,24.965,69500568.57299334
OfS,M5,cPTAC,Measure,CZ04,32.625416666666666,91067700.44840321
OfS,M5,cPTAC,Measure,CZ05,22.50375,64506601.966354646
OfS,M5,cPTAC,Measure,CZ06,25.295833333333334,69318113.07751046
OfS,M5,cPTAC,Measure,CZ07,25.2725,87092640.28082812
OfS,M5,cPTAC,Measure,CZ08,32.28541666666666,90949210.04665509
OfS,M5,cPTAC,Measure,CZ09,35.456250000000004,98669458.39651251
OfS,M5,cPTAC,Measure,CZ10,35.55666666666667,89322215.4217599
OfS,M5,cPTAC,Measure,CZ11,36.25708333333334,103163348.55515827
OfS,M5,cPTAC,Measure,CZ12,33.139583333333334,92461066.79198784
OfS,M5,cPTAC,Measure,CZ13,37.3975,104621162.40948227
OfS,M5,cPTAC,Measure,CZ14,33.69791666666667,93985405.80322714
OfS,M5,cPTAC,Measure,CZ15,42.32083333333334,118612907.3959016
OfS,M5,cPTAC,Measure,CZ16,25.15416666666667,74906091.35442904
OfS,M5,cPVVG,Base,CZ01,16.715000000000003,53601130.52501401
OfS,M5,cPVVG,Base,CZ02,25.97041666666667,84266035.84666464
OfS,M5,cPVVG,Base,CZ03,24.965,76246016.51154512
OfS,M5,cPVVG,Base,CZ04,32.625416666666666,101970967.69940892
OfS,M5,cPVVG,Base,CZ05,22.50375,70323826.94729318
OfS,M5,cPVVG,Base,CZ06,25.295833333333334,75987268.41330494
OfS,M5,cPVVG,Base,CZ07,25.2725,95561271.77266735
OfS,M5,cPVVG,Base,CZ08,32.28541666666666,101988031.25044726
OfS,M5,cPVVG,Base,CZ09,35.456250000000004,111401354.84945615
OfS,M5,cPVVG,Base,CZ10,35.55666666666667,100290393.6250582
OfS,M5,cPVVG,Base,CZ11,36.25708333333334,117708325.88961303
OfS,M5,cPVVG,Base,CZ12,33.139583333333334,103793236.17097864
OfS,M5,cPVVG,Base,CZ13,37.3975,120045957.26251122
OfS,M5,cPVVG,Base,CZ14,33.69791666666667,106346515.78357424
OfS,M5,cPVVG,Base,CZ15,42.32083333333334,135803005.59477925
OfS,M5,cPVVG,Base,CZ16,25.15416666666667,82716490.6642502
OfS,M5,cPVVG,Measure,CZ01,16.715000000000003,49046436.835485704
OfS,M5,cPVVG,Measure,CZ02,25.97041666666667,74689966.3456388
OfS,M5,cPVVG,Measure,CZ03,24.965,68073361.04730953
OfS,M5,cPVVG,Measure,CZ04,32.625416666666666,89379502.20847964
OfS,M5,cPVVG,Measure,CZ05,22.50375,63135533.83634041
OfS,M5,cPVVG,Measure,CZ06,25.295833333333334,67893215.98500879
OfS,M5,cPVVG,Measure,CZ07,25.2725,85526924.2503748
OfS,M5,cPVVG,Measure,CZ08,32.28541666666666,89344592.64704743
OfS,M5,cPVVG,Measure,CZ09,35.456250000000004,96985565.55462408
OfS,M5,cPVVG,Measure,CZ10,35.55666666666667,87719966.17037724
OfS,M5,cPVVG,Measure,CZ11,36.25708333333334,101408936.80012158
OfS,M5,cPVVG,Measure,CZ12,33.139583333333334,90851852.27516714
OfS,M5,cPVVG,Measure,CZ13,37.3975,102924185.42397258
OfS,M5,cPVVG,Measure,CZ14,33.69791666666667,92305786.08662842
OfS,M5,cPVVG,Measure,CZ15,42.32083333333334,116854998.1881598
OfS,M5,cPVVG,Measure,CZ16,25.15416666666667,73116581.35497126
RFF,M1,cDXGF,Base,CZ01,16.715000000000003,30545704.70464459
RFF,M1,cDXGF,Base,CZ02,25.97041666666667,43664782.291931905
RFF,M1,cDXGF,Base,CZ03,24.965,41560211.04729187
RFF,M1,cDXGF,Base,CZ04,32.625416666666666,52075528.93697792
RFF,M1,cDXGF,Base,CZ05,22.50375,39066029.10843959
RFF,M1,cDXGF,Base,CZ06,25.295833333333334,42990196.75024437
RFF,M1,cDXGF,Base,CZ07,25.2725,45375101.20871551
RFF,M1,cDXGF,Base,CZ08,32.28541666666666,52889202.766617835
RFF,M1,cDXGF,Base,CZ09,35.456250000000004,56896786.31392655
RFF,M1,cDXGF,Base,CZ10,35.55666666666667,56906170.02104086
RFF,M1,cDXGF,Base,CZ11,36.25708333333334,57182904.28212642
RFF,M1,cDXGF,Base,CZ12,33.139583333333334,52769984.875661224
RFF,M1,cDXGF,Base,CZ13,37.3975,58200025.26288105
RFF,M1,cDXGF,Base,CZ14,33.69791666666667,52144226.124046504
RFF,M1,cDXGF,Base,CZ15,42.32083333333334,66290868.35169788
RFF,M1,cDXGF,Base,CZ16,25.15416666666667,43578330.57715251
RFF,M1,cDXGF,Measure,CZ01,16.715000000000003,30590665.909473203
RFF,M1,cDXGF,Measure,CZ02,25.97041666666667,43730172.05933751
RFF,M1,cDXGF,Measure,CZ03,24.965,41608858.32579107
RFF,M1,cDXGF,Measure,CZ04,32.625416666666666,52117051.39563608
RFF,M1,cDXGF,Measure,CZ05,22.50375,39110044.51593843
RFF,M1,cDXGF,Measure,CZ06,25.295833333333334,42993826.692524485
RFF,M1,cDXGF,Measure,CZ07,25.2725,45356076.51319629
RFF,M1,cDXGF,Measure,CZ08,32.28541666666666,52892415.66650504
RFF,M1,cDXGF,Measure,CZ09,35.456250000000004,56890830.00879865
RFF,M1,cDXGF,Measure,CZ10,35.55666666666667,56901374.871936105
RFF,M1,cDXGF,Measure,CZ11,36.25708333333334,57180608.36102633
RFF,M1,cDXGF,Measure,CZ12,33.139583333333334,52806381.7944808
RFF,M1,cDXGF,Measure,CZ13,37.3975,58200741.30827609
RFF,M1,cDXGF,Measure,CZ14,33.69791666666667,52134407.2925346
RFF,M1,cDXGF,Measure,CZ15,42.32083333333334,66294966.40989224
RFF,M1,cDXGF,Measure,CZ16,25.15416666666667,43546672.19721011
RFF,M1,cDXHP,Base,CZ01,16.715000000000003,30525651.73146016
RFF,M1,cDXHP,Base,CZ02,25.97041666666667,43514162.65373692
RFF,M1,cDXHP,Base,CZ03,24.965,41584330.65390569
RFF,M1,cDXHP,Base,CZ04,32.625416666666666,52365423.142495625
RFF,M1,cDXHP,Base,CZ05,22.50375,39208404.156317845
RFF,M1,cDXHP,Base,CZ06,25.295833333333334,42906900.778435186
RFF,M1,cDXHP,Base,CZ07,25.2725,45200956.92392282
RFF,M1,cDXHP,Base,CZ08,32.28541666666666,53074280.55237134
RFF,M1,cDXHP,Base,CZ09,35.456250000000004,57237465.16758153
RFF,M1,cDXHP,Base,CZ10,35.55666666666667,57077640.87437542
RFF,M1,cDXHP,Base,CZ11,36.25708333333334,57292628.395984665
RFF,M1,cDXHP,Base,CZ12,33.139583333333334,52749768.47905904
RFF,M1,cDXHP,Base,CZ13,37.3975,58322508.63613907
RFF,M1,cDXHP,Base,CZ14,33.69791666666667,52383417.621000536
RFF,M1,cDXHP,Base,CZ15,42.32083333333334,66290868.35169822
RFF,M1,cDXHP,Base,CZ16,25.15416666666667,43686360.52598731
RFF,M1,cDXHP,Measure,CZ01,16.715000000000003,30569375.23733546
RFF,M1,cDXHP,Measure,CZ02,25.97041666666667,43579976.95389934
RFF,M1,cDXHP,Measure,CZ03,24.965,41630319.361069225
RFF,M1,cDXHP,Measure,CZ04,32.625416666666666,52408403.71507965
RFF,M1,cDXHP,Measure,CZ05,22.50375,39251468.590597786
RFF,M1,cDXHP,Measure,CZ06,25.295833333333334,42909450.17133911
RFF,M1,cDXHP,Measure,CZ07,25.2725,45181189.09002033
RFF,M1,cDXHP,Measure,CZ08,32.28541666666666,53077888.129069
RFF,M1,cDXHP,Measure,CZ09,35.456250000000004,57231137.50028545
RFF,M1,cDXHP,Measure,CZ10,35.55666666666667,57071607.02823334
RFF,M1,cDXHP,Measure,CZ11,36.25708333333334,57290508.01588863
RFF,M1,cDXHP,Measure,CZ12,33.139583333333334,52786331.78089721
RFF,M1,cDXHP,Measure,CZ13,37.3975,58323377.0331236
RFF,M1,cDXHP,Measure,CZ14,33.69791666666667,52369667.155642524
RFF,M1,cDXHP,Measure,CZ15,42.32083333333334,66294966.40989255
RFF,M1,cDXHP,Measure,CZ16,25.15416666666667,43654568.72310322
RFF,M1,cPTAC,Base,CZ01,16.715000000000003,30522780.9354925
RFF,M1,cPTAC,Base,CZ02,25.97041666666667,43664782.25864254
RFF,M1,cPTAC,Base,CZ03,24.965,41559671.99998981
RFF,M1,cPTAC,Base,CZ04,32.625416666666666,52075528.936982274
RFF,M1,cPTAC,Base,CZ05,22.50375,39057795.65925719
RFF,M1,cPTAC,Base,CZ06,25.295833333333334,42990196.75024566
RFF,M1,cPTAC,Base,CZ07,25.2725,45375101.20873008
RFF,M1,cPTAC,Base,CZ08,32.28541666666666,52889202.76661531
RFF,M1,cPTAC,Base,CZ09,35.456250000000004,56896786.3131433
RFF,M1,cPTAC,Base,CZ10,35.55666666666667,56906170.021042064
RFF,M1,cPTAC,Base,CZ11,36.25708333333334,57182904.28212555
RFF,M1,cPTAC,Base,CZ12,33.139583333333334,52769984.875658646
RFF,M1,cPTAC,Base,CZ13,37.3975,58200025.26287731
RFF,M1,cPTAC,Base,CZ14,33.69791666666667,52144226.124046996
RFF,M1,cPTAC,Base,CZ15,42.32083333333334,66290868.351698786
RFF,M1,cPTAC,Base,CZ16,25.15416666666667,43578330.58049202
RFF,M1,cPTAC,Measure,CZ01,16.715000000000003,30570681.65253948
RFF,M1,cPTAC,Measure,CZ02,25.97041666666667,43730172.05693445
RFF,M1,cPTAC,Measure,CZ03,24.965,41608663.94512026
RFF,M1,cPTAC,Measure,CZ04,32.625416666666666,52117051.39563806
RFF,M1,cPTAC,Measure,CZ05,22.50375,39102828.74961065
RFF,M1,cPTAC,Measure,CZ06,25.295833333333334,42993826.69252889
RFF,M1,cPTAC,Measure,CZ07,25.2725,45356076.51322001
RFF,M1,cPTAC,Measure,CZ08,32.28541666666666,52892415.66650501
RFF,M1,cPTAC,Measure,CZ09,35.456250000000004,56890830.008805916
RFF,M1,cPTAC,Measure,CZ10,35.55666666666667,56901374.87193709
RFF,M1,cPTAC,Measure,CZ11,36.25708333333334,57180608.36102458
RFF,M1,cPTAC,Measure,CZ12,33.139583333333334,52806381.794483185
RFF,M1,cPTAC,Measure,CZ13,37.3975,58200741.30828889
RFF,M1,cPTAC,Measure,CZ14,33.69791666666667,52134407.29253693
RFF,M1,cPTAC,Measure,CZ15,42.32083333333334,66294966.40989356
RFF,M1,cPTAC,Measure,CZ16,25.15416666666667,43546672.20392391
RFF,M1,cPVVG,Base,CZ01,16.715000000000003,27388178.013946928
RFF,M1,cPVVG,Base,CZ02,25.97041666666667,40415631.857357025
RFF,M1,cPVVG,Base,CZ03,24.965,38850419.90451065
RFF,M1,cPVVG,Base,CZ04,32.625416666666666,50076419.18002153
RFF,M1,cPVVG,Base,CZ05,22.50375,35937905.57259193
RFF,M1,cPVVG,Base,CZ06,25.295833333333334,40353486.00162582
RFF,M1,cPVVG,Base,CZ07,25.2725,42997873.67183933
RFF,M1,cPVVG,Base,CZ08,32.28541666666666,50753051.0151467
RFF,M1,cPVVG,Base,CZ09,35.456250000000004,55066454.07177141
RFF,M1,cPVVG,Base,CZ10,35.55666666666667,54875595.578652516
RFF,M1,cPVVG,Base,CZ11,36.25708333333334,55217137.41672516
RFF,M1,cPVVG,Base,CZ12,33.139583333333334,50627222.753309086
RFF,M1,cPVVG,Base,CZ13,37.3975,56453163.0148049
RFF,M1,cPVVG,Base,CZ14,33.69791666666667,50329666.88738125
RFF,M1,cPVVG,Base,CZ15,42.32083333333334,65118922.082761854
RFF,M1,cPVVG,Base,CZ16,25.15416666666667,40132030.297486365
RFF,M1,cPVVG,Measure,CZ01,16.715000000000003,27507914.435828637
RFF,M1,cPVVG,Measure,CZ02,25.97041666666667,40599846.16251054
RFF,M1,cPVVG,Measure,CZ03,24.965,39002947.22594425
RFF,M1,cPVVG,Measure,CZ04,32.625416666666666,50221600.83398935
RFF,M1,cPVVG,Measure,CZ05,22.50375,36076484.7925599
RFF,M1,cPVVG,Measure,CZ06,25.295833333333334,40437945.3486501
RFF,M1,cPVVG,Measure,CZ07,25.2725,43041895.50979926
RFF,M1,cPVVG,Measure,CZ08,32.28541666666666,50836286.004583344
RFF,M1,cPVVG,Measure,CZ09,35.456250000000004,55132979.94894317
RFF,M1,cPVVG,Measure,CZ10,35.55666666666667,54948673.857696615
RFF,M1,cPVVG,Measure,CZ11,36.25708333333334,55286327.32777889
RFF,M1,cPVVG,Measure,CZ12,33.139583333333334,50773846.43745502
RFF,M1,cPVVG,Measure,CZ13,37.3975,56517749.856482446
RFF,M1,cPVVG,Measure,CZ14,33.69791666666667,50383385.994443715
RFF,M1,cPVVG,Measure,CZ15,42.32083333333334,65125667.12617506
RFF,M1,cPVVG,Measure,CZ16,25.15416666666667,40157516.78432101
RFF,M2,cDXGF,Base,CZ01,16.715000000000003,36590629.81832035
RFF,M2,cDXGF,Base,CZ02,25.97041666666667,45168783.87664066
RFF,M2,cDXGF,Base,CZ03,24.965,43630761.677636355
RFF,M2,cDXGF,Base,CZ04,32.625416666666666,51020616.85814451
RFF,M2,cDXGF,Base,CZ05,22.50375,42717371.36740117
RFF,M2,cDXGF,Base,CZ06,25.295833333333334,44027630.50443004
RFF,M2,cDXGF,Base,CZ07,25.2725,44488367.7168924
RFF,M2,cDXGF,Base,CZ08,32.28541666666666,51570936.39299387
RFF,M2,cDXGF,Base,CZ09,35.456250000000004,54718075.13796769
RFF,M2,cDXGF,Base,CZ10,35.55666666666667,54466030.03000801
RFF,M2,cDXGF,Base,CZ11,36.25708333333334,54113968.33812377
RFF,M2,cDXGF,Base,CZ12,33.139583333333334,51131487.28137767
RFF,M2,cDXGF,Base,CZ13,37.3975,55199786.130774364
RFF,M2,cDXGF,Base,CZ14,33.69791666666667,50359217.0830539
RFF,M2,cDXGF,Base,CZ15,42.32083333333334,61212941.097007826
RFF,M2,cDXGF,Base,CZ16,25.15416666666667,44786380.25755333
RFF,M2,cDXGF,Measure,CZ01,16.715000000000003,36487290.8410485
RFF,M2,cDXGF,Measure,CZ02,25.97041666666667,45041628.718792856
RFF,M2,cDXGF,Measure,CZ03,24.965,43513039.92177562
RFF,M2,cDXGF,Measure,CZ04,32.625416666666666,50894461.25788067
RFF,M2,cDXGF,Measure,CZ05,22.50375,42584928.998098575
RFF,M2,cDXGF,Measure,CZ06,25.295833333333334,43929531.33187607
RFF,M2,cDXGF,Measure,CZ07,25.2725,44417596.11523254
RFF,M2,cDXGF,Measure,CZ08,32.28541666666666,51470443.02964654
RFF,M2,cDXGF,Measure,CZ09,35.456250000000004,54622850.16851449
RFF,M2,cDXGF,Measure,CZ10,35.55666666666667,54355029.149253555
RFF,M2,cDXGF,Measure,CZ11,36.25708333333334,54084669.64797232
RFF,M2,cDXGF,Measure,CZ12,33.139583333333334,51027946.78637028
RFF,M2,cDXGF,Measure,CZ13,37.3975,55169410.503333494
RFF,M2,cDXGF,Measure,CZ14,33.69791666666667,50323464.04022066
RFF,M2,cDXGF,Measure,CZ15,42.32083333333334,61217825.04463969
RFF,M2,cDXGF,Measure,CZ16,25.15416666666667,44730275.03490288
RFF,M2,cDXHP,Base,CZ01,16.715000000000003,36653804.18705404
RFF,M2,cDXHP,Base,CZ02,25.97041666666667,45176546.66738446
RFF,M2,cDXHP,Base,CZ03,24.965,43695318.94358626
RFF,M2,cDXHP,Base,CZ04,32.625416666666666,51064185.03461983
RFF,M2,cDXHP,Base,CZ05,22.50375,42752207.99213742
RFF,M2,cDXHP,Base,CZ06,25.295833333333334,44065042.82585681
RFF,M2,cDXHP,Base,CZ07,25.2725,44529883.581426226
RFF,M2,cDXHP,Base,CZ08,32.28541666666666,51625739.638188556
RFF,M2,cDXHP,Base,CZ09,35.456250000000004,54786658.56460047
RFF,M2,cDXHP,Base,CZ10,35.55666666666667,54496679.82825487
RFF,M2,cDXHP,Base,CZ11,36.25708333333334,54145150.06863429
RFF,M2,cDXHP,Base,CZ12,33.139583333333334,51163655.56740975
RFF,M2,cDXHP,Base,CZ13,37.3975,55237371.881152645
RFF,M2,cDXHP,Base,CZ14,33.69791666666667,50383148.90022758
RFF,M2,cDXHP,Base,CZ15,42.32083333333334,61212941.09700804
RFF,M2,cDXHP,Base,CZ16,25.15416666666667,44839961.34861003
RFF,M2,cDXHP,Measure,CZ01,16.715000000000003,36546435.3665355
RFF,M2,cDXHP,Measure,CZ02,25.97041666666667,45045525.41646455
RFF,M2,cDXHP,Measure,CZ03,24.965,43572035.81344866
RFF,M2,cDXHP,Measure,CZ04,32.625416666666666,50932972.953798205
RFF,M2,cDXHP,Measure,CZ05,22.50375,42618569.84426789
RFF,M2,cDXHP,Measure,CZ06,25.295833333333334,43962939.75203518
RFF,M2,cDXHP,Measure,CZ07,25.2725,44457224.64505851
RFF,M2,cDXHP,Measure,CZ08,32.28541666666666,51522849.00572615
RFF,M2,cDXHP,Measure,CZ09,35.456250000000004,54689593.16677243
RFF,M2,cDXHP,Measure,CZ10,35.55666666666667,54383870.731866285
RFF,M2,cDXHP,Measure,CZ11,36.25708333333334,54115404.67345217
RFF,M2,cDXHP,Measure,CZ12,33.139583333333334,51057237.75594975
RFF,M2,cDXHP,Measure,CZ13,37.3975,55206760.260254644
RFF,M2,cDXHP,Measure,CZ14,33.69791666666667,50346639.30604851
RFF,M2,cDXHP,Measure,CZ15,42.32083333333334,61217825.0446392
RFF,M2,cDXHP,Measure,CZ16,25.15416666666667,44782606.75884963
RFF,M2,cPTAC,Base,CZ01,16.715000000000003,36590629.818327166
RFF,M2,cPTAC,Base,CZ02,25.97041666666667,45168783.876649484
RFF,M2,cPTAC,Base,CZ03,24.965,43630761.67763324
RFF,M2,cPTAC,Base,CZ04,32.625416666666666,51020616.85814392
RFF,M2,cPTAC,Base,CZ05,22.50375,42717371.36738906
RFF,M2,cPTAC,Base,CZ06,25.295833333333334,44027630.504427455
RFF,M2,cPTAC,Base,CZ07,25.2725,44488367.71688893
RFF,M2,cPTAC,Base,CZ08,32.28541666666666,51570936.39299257
RFF,M2,cPTAC,Base,CZ09,35.456250000000004,54718075.13795213
RFF,M2,cPTAC,Base,CZ10,35.55666666666667,54466030.03001132
RFF,M2,cPTAC,Base,CZ11,36.25708333333334,54113968.33812187
RFF,M2,cPTAC,Base,CZ12,33.139583333333334,51131487.281384185
RFF,M2,cPTAC,Base,CZ13,37.3975,55199786.13076642
RFF,M2,cPTAC,Base,CZ14,33.69791666666667,50359217.08305572
RFF,M2,cPTAC,Base,CZ15,42.32083333333334,61212941.09700756
RFF,M2,cPTAC,Base,CZ16,25.15416666666667,44786380.2576231
RFF,M2,cPTAC,Measure,CZ01,16.715000000000003,36487290.59199979
RFF,M2,cPTAC,Measure,CZ02,25.97041666666667,45041628.718787104
RFF,M2,cPTAC,Measure,CZ03,24.965,43513039.92177173
RFF,M2,cPTAC,Measure,CZ04,32.625416666666666,50894461.25788281
RFF,M2,cPTAC,Measure,CZ05,22.50375,42584928.99794796
RFF,M2,cPTAC,Measure,CZ06,25.295833333333334,43929531.33188185
RFF,M2,cPTAC,Measure,CZ07,25.2725,44417596.11539194
RFF,M2,cPTAC,Measure,CZ08,32.28541666666666,51470443.02964479
RFF,M2,cPTAC,Measure,CZ09,35.456250000000004,54622850.168517336
RFF,M2,cPTAC,Measure,CZ10,35.55666666666667,54355029.1492639
RFF,M2,cPTAC,Measure,CZ11,36.25708333333334,54084669.64797109
RFF,M2,cPTAC,Measure,CZ12,33.139583333333334,51027946.78636913
RFF,M2,cPTAC,Measure,CZ13,37.3975,55169410.50335266
RFF,M2,cPTAC,Measure,CZ14,33.69791666666667,50323464.04022038
RFF,M2,cPTAC,Measure,CZ15,42.32083333333334,61217825.04463824
RFF,M2,cPTAC,Measure,CZ16,25.15416666666667,44730275.04530686
RFF,M2,cPVVG,Base,CZ01,16.715000000000003,34188000.85727526
RFF,M2,cPVVG,Base,CZ02,25.97041666666667,42079441.93032336
RFF,M2,cPVVG,Base,CZ03,24.965,41137190.19550441
RFF,M2,cPVVG,Base,CZ04,32.625416666666666,48593917.4505052
RFF,M2,cPVVG,Base,CZ05,22.50375,39939423.5770909
RFF,M2,cPVVG,Base,CZ06,25.295833333333334,41662897.32240938
RFF,M2,cPVVG,Base,CZ07,25.2725,41947477.99152779
RFF,M2,cPVVG,Base,CZ08,32.28541666666666,48926295.725221485
RFF,M2,cPVVG,Base,CZ09,35.456250000000004,52042952.035931244
RFF,M2,cPVVG,Base,CZ10,35.55666666666667,51528140.90786061
RFF,M2,cPVVG,Base,CZ11,36.25708333333334,51396362.47562591
RFF,M2,cPVVG,Base,CZ12,33.139583333333334,48678002.62054241
RFF,M2,cPVVG,Base,CZ13,37.3975,52648414.31782886
RFF,M2,cPVVG,Base,CZ14,33.69791666666667,47780999.38727968
RFF,M2,cPVVG,Base,CZ15,42.32083333333334,58770866.224199034
RFF,M2,cPVVG,Base,CZ16,25.15416666666667,41562422.26168798
RFF,M2,cPVVG,Measure,CZ01,16.715000000000003,34132725.73846458
RFF,M2,cPVVG,Measure,CZ02,25.97041666666667,42017152.63168274
RFF,M2,cPVVG,Measure,CZ03,24.965,41078539.91668395
RFF,M2,cPVVG,Measure,CZ04,32.625416666666666,48530353.04760718
RFF,M2,cPVVG,Measure,CZ05,22.50375,39873374.80507234
RFF,M2,cPVVG,Measure,CZ06,25.295833333333334,41611922.36182165
RFF,M2,cPVVG,Measure,CZ07,25.2725,41906980.32573774
RFF,M2,cPVVG,Measure,CZ08,32.28541666666666,48869786.14407809
RFF,M2,cPVVG,Measure,CZ09,35.456250000000004,51989463.609297186
RFF,M2,cPVVG,Measure,CZ10,35.55666666666667,51469672.486326076
RFF,M2,cPVVG,Measure,CZ11,36.25708333333334,51372482.74863859
RFF,M2,cPVVG,Measure,CZ12,33.139583333333334,48615919.2199039
RFF,M2,cPVVG,Measure,CZ13,37.3975,52625741.90171501
RFF,M2,cPVVG,Measure,CZ14,33.69791666666667,47753879.469511956
RFF,M2,cPVVG,Measure,CZ15,42.32083333333334,58780305.59382932
RFF,M2,cPVVG,Measure,CZ16,25.15416666666667,41521122.76205008
RFF,M3,cDXGF,Base,CZ01,16.715000000000003,35305935.64570993
RFF,M3,cDXGF,Base,CZ02,25.97041666666667,43985777.36141232
RFF,M3,cDXGF,Base,CZ03,24.965,43362799.254525736
RFF,M3,cDXGF,Base,CZ04,32.625416666666666,51854435.520542175
RFF,M3,cDXGF,Base,CZ05,22.50375,41815769.59167735
RFF,M3,cDXGF,Base,CZ06,25.295833333333334,43878945.33086718
RFF,M3,cDXGF,Base,CZ07,25.2725,44119815.70844309
RFF,M3,cDXGF,Base,CZ08,32.28541666666666,51981463.85490191
RFF,M3,cDXGF,Base,CZ09,35.456250000000004,55584317.10516844
RFF,M3,cDXGF,Base,CZ10,35.55666666666667,54999723.14790854
RFF,M3,cDXGF,Base,CZ11,36.25708333333334,55368507.40651219
RFF,M3,cDXGF,Base,CZ12,33.139583333333334,52045246.07245071
RFF,M3,cDXGF,Base,CZ13,37.3975,56788319.91901378
RFF,M3,cDXGF,Base,CZ14,33.69791666666667,51078786.81840412
RFF,M3,cDXGF,Base,CZ15,42.32083333333334,64192495.835316196
RFF,M3,cDXGF,Base,CZ16,25.15416666666667,43516563.06035204
RFF,M3,cDXGF,Measure,CZ01,16.715000000000003,33518871.28304367
RFF,M3,cDXGF,Measure,CZ02,25.97041666666667,41281474.87088006
RFF,M3,cDXGF,Measure,CZ03,24.965,40602802.18095364
RFF,M3,cDXGF,Measure,CZ04,32.625416666666666,48203386.87955767
RFF,M3,cDXGF,Measure,CZ05,22.50375,39265162.767736495
RFF,M3,cDXGF,Measure,CZ06,25.295833333333334,41114569.44192751
RFF,M3,cDXGF,Measure,CZ07,25.2725,41349323.426007725
RFF,M3,cDXGF,Measure,CZ08,32.28541666666666,48359980.99672417
RFF,M3,cDXGF,Measure,CZ09,35.456250000000004,51501912.478526704
RFF,M3,cDXGF,Measure,CZ10,35.55666666666667,51064382.78137487
RFF,M3,cDXGF,Measure,CZ11,36.25708333333334,51093945.334790766
RFF,M3,cDXGF,Measure,CZ12,33.139583333333334,48318154.68240356
RFF,M3,cDXGF,Measure,CZ13,37.3975,52377791.103636816
RFF,M3,cDXGF,Measure,CZ14,33.69791666666667,47409587.75251283
RFF,M3,cDXGF,Measure,CZ15,42.32083333333334,58842707.91842282
RFF,M3,cDXGF,Measure,CZ16,25.15416666666667,40823227.094330564
RFF,M3,cDXHP,Base,CZ01,16.715000000000003,34435764.29840401
RFF,M3,cDXHP,Base,CZ02,25.97041666666667,43486007.28868089
RFF,M3,cDXHP,Base,CZ03,24.965,42642134.9321914
RFF,M3,cDXHP,Base,CZ04,32.625416666666666,51471222.03974308
RFF,M3,cDXHP,Base,CZ05,22.50375,40898316.79051256
RFF,M3,cDXHP,Base,CZ06,25.295833333333334,43202595.272752106
RFF,M3,cDXHP,Base,CZ07,25.2725,43639274.992510736
RFF,M3,cDXHP,Base,CZ08,32.28541666666666,51733823.805800095
RFF,M3,cDXHP,Base,CZ09,35.456250000000004,55401387.18193439
RFF,M3,cDXHP,Base,CZ10,35.55666666666667,54870249.71250197
RFF,M3,cDXHP,Base,CZ11,36.25708333333334,55184053.01848927
RFF,M3,cDXHP,Base,CZ12,33.139583333333334,51782894.061101705
RFF,M3,cDXHP,Base,CZ13,37.3975,56655104.19514229
RFF,M3,cDXHP,Base,CZ14,33.69791666666667,50638349.6437484
RFF,M3,cDXHP,Base,CZ15,42.32083333333334,64192495.83531563
RFF,M3,cDXHP,Base,CZ16,25.15416666666667,42805919.01587866
RFF,M3,cDXHP,Measure,CZ01,16.715000000000003,32635811.895634662
RFF,M3,cDXHP,Measure,CZ02,25.97041666666667,40748737.4124478
RFF,M3,cDXHP,Measure,CZ03,24.965,39851600.93835752
RFF,M3,cDXHP,Measure,CZ04,32.625416666666666,47762270.66902489
RFF,M3,cDXHP,Measure,CZ05,22.50375,38329168.07473573
RFF,M3,cDXHP,Measure,CZ06,25.295833333333334,40427995.44607196
RFF,M3,cDXHP,Measure,CZ07,25.2725,40853546.50455583
RFF,M3,cDXHP,Measure,CZ08,32.28541666666666,48079452.25069602
RFF,M3,cDXHP,Measure,CZ09,35.456250000000004,51286392.158888504
RFF,M3,cDXHP,Measure,CZ10,35.55666666666667,50906642.65915473
RFF,M3,cDXHP,Measure,CZ11,36.25708333333334,50869024.6213689
RFF,M3,cDXHP,Measure,CZ12,33.139583333333334,48011309.03395853
RFF,M3,cDXHP,Measure,CZ13,37.3975,52210877.66398681
RFF,M3,cDXHP,Measure,CZ14,33.69791666666667,46932332.77175522
RFF,M3,cDXHP,Measure,CZ15,42.32083333333334,58842707.91842301
RFF,M3,cDXHP,Measure,CZ16,25.15416666666667,40117184.60557196
RFF,M3,cPTAC,Base,CZ01,16.715000000000003,35305593.657841735
RFF,M3,cPTAC,Base,CZ02,25.97041666666667,43985777.36139231
RFF,M3,cPTAC,Base,CZ03,24.965,43362799.254525974
RFF,M3,cPTAC,Base,CZ04,32.625416666666666,51854435.52054347
RFF,M3,cPTAC,Base,CZ05,22.50375,41815394.66380093
RFF,M3,cPTAC,Base,CZ06,25.295833333333334,43878945.33086914
RFF,M3,cPTAC,Base,CZ07,25.2725,44119815.708424926
RFF,M3,cPTAC,Base,CZ08,32.28541666666666,51981463.8548985
RFF,M3,cPTAC,Base,CZ09,35.456250000000004,55584317.105813205
RFF,M3,cPTAC,Base,CZ10,35.55666666666667,54999723.147899926
RFF,M3,cPTAC,Base,CZ11,36.25708333333334,55368507.40651335
RFF,M3,cPTAC,Base,CZ12,33.139583333333334,52045246.07245217
RFF,M3,cPTAC,Base,CZ13,37.3975,56788319.91900655
RFF,M3,cPTAC,Base,CZ14,33.69791666666667,51078786.81840746
RFF,M3,cPTAC,Base,CZ15,42.32083333333334,64192495.83531605
RFF,M3,cPTAC,Base,CZ16,25.15416666666667,43516563.05770174
RFF,M3,cPTAC,Measure,CZ01,16.715000000000003,33518576.993248444
RFF,M3,cPTAC,Measure,CZ02,25.97041666666667,41281474.87086387
RFF,M3,cPTAC,Measure,CZ03,24.965,40602802.180953994
RFF,M3,cPTAC,Measure,CZ04,32.625416666666666,48203386.879562244
RFF,M3,cPTAC,Measure,CZ05,22.50375,39264834.09375705
RFF,M3,cPTAC,Measure,CZ06,25.295833333333334,41114569.44192811
RFF,M3,cPTAC,Measure,CZ07,25.2725,41349323.42599861
RFF,M3,cPTAC,Measure,CZ08,32.28541666666666,48359980.99672039
RFF,M3,cPTAC,Measure,CZ09,35.456250000000004,51501912.47835613
RFF,M3,cPTAC,Measure,CZ10,35.55666666666667,51064382.78136975
RFF,M3,cPTAC,Measure,CZ11,36.25708333333334,51093945.33479036
RFF,M3,cPTAC,Measure,CZ12,33.139583333333334,48318154.68241009
RFF,M3,cPTAC,Measure,CZ13,37.3975,52377791.10362208
RFF,M3,cPTAC,Measure,CZ14,33.69791666666667,47409587.75251369
RFF,M3,cPTAC,Measure,CZ15,42.32083333333334,58842707.91842261
RFF,M3,cPTAC,Measure,CZ16,25.15416666666667,40823227.09361215
RFF,M3,cPVVG,Base,CZ01,16.715000000000003,34978720.083674766
RFF,M3,cPVVG,Base,CZ02,25.97041666666667,43543629.45481001
RFF,M3,cPVVG,Base,CZ03,24.965,42947501.112176746
RFF,M3,cPVVG,Base,CZ04,32.625416666666666,51455521.9730065
RFF,M3,cPVVG,Base,CZ05,22.50375,41390323.59124553
RFF,M3,cPVVG,Base,CZ06,25.295833333333334,43508619.97429739
RFF,M3,cPVVG,Base,CZ07,25.2725,43726237.51750847
RFF,M3,cPVVG,Base,CZ08,32.28541666666666,51565281.02030082
RFF,M3,cPVVG,Base,CZ09,35.456250000000004,55161664.570710555
RFF,M3,cPVVG,Base,CZ10,35.55666666666667,54561251.61019195
RFF,M3,cPVVG,Base,CZ11,36.25708333333334,54919565.6624061
RFF,M3,cPVVG,Base,CZ12,33.139583333333334,51649097.569242
RFF,M3,cPVVG,Base,CZ13,37.3975,56357218.45614013
RFF,M3,cPVVG,Base,CZ14,33.69791666666667,50646821.50633833
RFF,M3,cPVVG,Base,CZ15,42.32083333333334,63755522.161995694
RFF,M3,cPVVG,Base,CZ16,25.15416666666667,42973966.809026554
RFF,M3,cPVVG,Measure,CZ01,16.715000000000003,33207534.25736445
RFF,M3,cPVVG,Measure,CZ02,25.97041666666667,40861658.73833893
RFF,M3,cPVVG,Measure,CZ03,24.965,40208206.36578405
RFF,M3,cPVVG,Measure,CZ04,32.625416666666666,47825393.59518557
RFF,M3,cPVVG,Measure,CZ05,22.50375,38860610.3607164
RFF,M3,cPVVG,Measure,CZ06,25.295833333333334,40761849.356907174
RFF,M3,cPVVG,Measure,CZ07,25.2725,40974498.253983304
RFF,M3,cPVVG,Measure,CZ08,32.28541666666666,47965632.17568213
RFF,M3,cPVVG,Measure,CZ09,35.456250000000004,51102520.19965321
RFF,M3,cPVVG,Measure,CZ10,35.55666666666667,50650296.51022333
RFF,M3,cPVVG,Measure,CZ11,36.25708333333334,50670233.50910548
RFF,M3,cPVVG,Measure,CZ12,33.139583333333334,47942998.475046694
RFF,M3,cPVVG,Measure,CZ13,37.3975,51971344.47681548
RFF,M3,cPVVG,Measure,CZ14,33.69791666666667,47001103.80286337
RFF,M3,cPVVG,Measure,CZ15,42.32083333333334,58432760.76824162
RFF,M3,cPVVG,Measure,CZ16,25.15416666666667,40307606.67796524
RFF,M4,cDXGF,Base,CZ01,16.715000000000003,33347874.765745547
RFF,M4,cDXGF,Base,CZ02,25.97041666666667,44802720.38151933
RFF,M4,cDXGF,Base,CZ03,24.965,42842842.28920095
RFF,M4,cDXGF,Base,CZ04,32.625416666666666,52075576.30242904
RFF,M4,cDXGF,Base,CZ05,22.50375,41004224.67220161
RFF,M4,cDXGF,Base,CZ06,25.295833333333334,43421388.992631346
RFF,M4,cDXGF,Base,CZ07,25.2725,45375104.585984424
RFF,M4,cDXGF,Base,CZ08,32.28541666666666,52889300.40692221
RFF,M4,cDXGF,Base,CZ09,35.456250000000004,56900192.892169885
RFF,M4,cDXGF,Base,CZ10,35.55666666666667,56908557.731484465
RFF,M4,cDXGF,Base,CZ11,36.25708333333334,57182897.18596573
RFF,M4,cDXGF,Base,CZ12,33.139583333333334,52769935.796437934
RFF,M4,cDXGF,Base,CZ13,37.3975,58200003.82569768
RFF,M4,cDXGF,Base,CZ14,33.69791666666667,52142516.64616459
RFF,M4,cDXGF,Base,CZ15,42.32083333333334,66290868.351219974
RFF,M4,cDXGF,Base,CZ16,25.15416666666667,43917013.67514238
RFF,M4,cDXGF,Measure,CZ01,16.715000000000003,33464067.57810094
RFF,M4,cDXGF,Measure,CZ02,25.97041666666667,44876618.06800107
RFF,M4,cDXGF,Measure,CZ03,24.965,42893649.1240716
RFF,M4,cDXGF,Measure,CZ04,32.625416666666666,52117167.99541152
RFF,M4,cDXGF,Measure,CZ05,22.50375,41058162.986380875
RFF,M4,cDXGF,Measure,CZ06,25.295833333333334,43425543.25313696
RFF,M4,cDXGF,Measure,CZ07,25.2725,45356108.64105101
RFF,M4,cDXGF,Measure,CZ08,32.28541666666666,52892506.06564532
RFF,M4,cDXGF,Measure,CZ09,35.456250000000004,56894293.83103954
RFF,M4,cDXGF,Measure,CZ10,35.55666666666667,56903735.46324986
RFF,M4,cDXGF,Measure,CZ11,36.25708333333334,57180603.74762217
RFF,M4,cDXGF,Measure,CZ12,33.139583333333334,52806339.636624515
RFF,M4,cDXGF,Measure,CZ13,37.3975,58200725.2545511
RFF,M4,cDXGF,Measure,CZ14,33.69791666666667,52132692.22580275
RFF,M4,cDXGF,Measure,CZ15,42.32083333333334,66294966.40930319
RFF,M4,cDXGF,Measure,CZ16,25.15416666666667,43885165.64602031
RFF,M4,cDXHP,Base,CZ01,16.715000000000003,33322933.815732222
RFF,M4,cDXHP,Base,CZ02,25.97041666666667,44605495.86282754
RFF,M4,cDXHP,Base,CZ03,24.965,42847671.22132282
RFF,M4,cDXHP,Base,CZ04,32.625416666666666,52365498.811523326
RFF,M4,cDXHP,Base,CZ05,22.50375,41178556.1797791
RFF,M4,cDXHP,Base,CZ06,25.295833333333334,43273523.1274626
RFF,M4,cDXHP,Base,CZ07,25.2725,45200960.40704263
RFF,M4,cDXHP,Base,CZ08,32.28541666666666,53074383.90439951
RFF,M4,cDXHP,Base,CZ09,35.456250000000004,57240851.58530951
RFF,M4,cDXHP,Base,CZ10,35.55666666666667,57079968.21209487
RFF,M4,cDXHP,Base,CZ11,36.25708333333334,57292618.28106424
RFF,M4,cDXHP,Base,CZ12,33.139583333333334,52749727.563635655
RFF,M4,cDXHP,Base,CZ13,37.3975,58322480.53455396
RFF,M4,cDXHP,Base,CZ14,33.69791666666667,52381694.77986288
RFF,M4,cDXHP,Base,CZ15,42.32083333333334,66290868.35122
RFF,M4,cDXHP,Base,CZ16,25.15416666666667,44017019.84576905
RFF,M4,cDXHP,Measure,CZ01,16.715000000000003,33431371.460173678
RFF,M4,cDXHP,Measure,CZ02,25.97041666666667,44678484.34377539
RFF,M4,cDXHP,Measure,CZ03,24.965,42897945.78650466
RFF,M4,cDXHP,Measure,CZ04,32.625416666666666,52408543.78275803
RFF,M4,cDXHP,Measure,CZ05,22.50375,41231977.98945479
RFF,M4,cDXHP,Measure,CZ06,25.295833333333334,43276294.43909877
RFF,M4,cDXHP,Measure,CZ07,25.2725,45181162.554093614
RFF,M4,cDXHP,Measure,CZ08,32.28541666666666,53077985.42464135
RFF,M4,cDXHP,Measure,CZ09,35.456250000000004,57234580.98349399
RFF,M4,cDXHP,Measure,CZ10,35.55666666666667,57073954.732245356
RFF,M4,cDXHP,Measure,CZ11,36.25708333333334,57290502.79127585
RFF,M4,cDXHP,Measure,CZ12,33.139583333333334,52786296.520354204
RFF,M4,cDXHP,Measure,CZ13,37.3975,58323358.44856039
RFF,M4,cDXHP,Measure,CZ14,33.69791666666667,52367940.52027044
RFF,M4,cDXHP,Measure,CZ15,42.32083333333334,66294966.409303166
RFF,M4,cDXHP,Measure,CZ16,25.15416666666667,43985406.736033335
RFF,M4,cPTAC,Base,CZ01,16.715000000000003,33290412.650623456
RFF,M4,cPTAC,Base,CZ02,25.97041666666667,44802720.354783386
RFF,M4,cPTAC,Base,CZ03,24.965,42842222.31510703
RFF,M4,cPTAC,Base,CZ04,32.625416666666666,52075576.302427694
RFF,M4,cPTAC,Base,CZ05,22.50375,40989835.145193815
RFF,M4,cPTAC,Base,CZ06,25.295833333333334,43421388.99263133
RFF,M4,cPTAC,Base,CZ07,25.2725,45375104.58597953
RFF,M4,cPTAC,Base,CZ08,32.28541666666666,52889300.40692319
RFF,M4,cPTAC,Base,CZ09,35.456250000000004,56900192.89217359
RFF,M4,cPTAC,Base,CZ10,35.55666666666667,56908557.73148298
RFF,M4,cPTAC,Base,CZ11,36.25708333333334,57182897.1859635
RFF,M4,cPTAC,Base,CZ12,33.139583333333334,52769935.796436265
RFF,M4,cPTAC,Base,CZ13,37.3975,58200003.82568778
RFF,M4,cPTAC,Base,CZ14,33.69791666666667,52142516.64616634
RFF,M4,cPTAC,Base,CZ15,42.32083333333334,66290868.351219565
RFF,M4,cPTAC,Base,CZ16,25.15416666666667,43917013.73831104
RFF,M4,cPTAC,Measure,CZ01,16.715000000000003,33414562.56145662
RFF,M4,cPTAC,Measure,CZ02,25.97041666666667,44876618.06559463
RFF,M4,cPTAC,Measure,CZ03,24.965,42893429.905306965
RFF,M4,cPTAC,Measure,CZ04,32.625416666666666,52117167.995412916
RFF,M4,cPTAC,Measure,CZ05,22.50375,41045537.69928306
RFF,M4,cPTAC,Measure,CZ06,25.295833333333334,43425543.253133565
RFF,M4,cPTAC,Measure,CZ07,25.2725,45356108.64105251
RFF,M4,cPTAC,Measure,CZ08,32.28541666666666,52892506.0656466
RFF,M4,cPTAC,Measure,CZ09,35.456250000000004,56894293.831036955
RFF,M4,cPTAC,Measure,CZ10,35.55666666666667,56903735.46325113
RFF,M4,cPTAC,Measure,CZ11,36.25708333333334,57180603.74762325
RFF,M4,cPTAC,Measure,CZ12,33.139583333333334,52806339.636624224
RFF,M4,cPTAC,Measure,CZ13,37.3975,58200725.254552476
RFF,M4,cPTAC,Measure,CZ14,33.69791666666667,52132692.22580369
RFF,M4,cPTAC,Measure,CZ15,42.32083333333334,66294966.4093034
RFF,M4,cPTAC,Measure,CZ16,25.15416666666667,43885165.775287226
RFF,M4,cPVVG,Base,CZ01,16.715000000000003,29694603.60005498
RFF,M4,cPVVG,Base,CZ02,25.97041666666667,41386652.68131761
RFF,M4,cPVVG,Base,CZ03,24.965,40004096.05242469
RFF,M4,cPVVG,Base,CZ04,32.625416666666666,50076500.487341985
RFF,M4,cPVVG,Base,CZ05,22.50375,37648836.231698826
RFF,M4,cPVVG,Base,CZ06,25.295833333333334,40723310.285962015
RFF,M4,cPVVG,Base,CZ07,25.2725,42997874.75940799
RFF,M4,cPVVG,Base,CZ08,32.28541666666666,50753375.84474891
RFF,M4,cPVVG,Base,CZ09,35.456250000000004,55069825.37025736
RFF,M4,cPVVG,Base,CZ10,35.55666666666667,54878228.08137716
RFF,M4,cPVVG,Base,CZ11,36.25708333333334,55217122.81475959
RFF,M4,cPVVG,Base,CZ12,33.139583333333334,50627176.12972839
RFF,M4,cPVVG,Base,CZ13,37.3975,56453131.1467168
RFF,M4,cPVVG,Base,CZ14,33.69791666666667,50324506.759849705
RFF,M4,cPVVG,Base,CZ15,42.32083333333334,65118922.08273655
RFF,M4,cPVVG,Base,CZ16,25.15416666666667,40429983.53554033
RFF,M4,cPVVG,Measure,CZ01,16.715000000000003,29921200.781635445
RFF,M4,cPVVG,Measure,CZ02,25.97041666666667,41589412.76974301
RFF,M4,cPVVG,Measure,CZ03,24.965,40156571.21824579
RFF,M4,cPVVG,Measure,CZ04,32.625416666666666,50221721.05489789
RFF,M4,cPVVG,Measure,CZ05,22.50375,37809487.64268865
RFF,M4,cPVVG,Measure,CZ06,25.295833333333334,40812046.255378455
RFF,M4,cPVVG,Measure,CZ07,25.2725,43041897.80410599
RFF,M4,cPVVG,Measure,CZ08,32.28541666666666,50836604.903171316
RFF,M4,cPVVG,Measure,CZ09,35.456250000000004,55136373.09163034
RFF,M4,cPVVG,Measure,CZ10,35.55666666666667,54951301.41333789
RFF,M4,cPVVG,Measure,CZ11,36.25708333333334,55286313.16577204
RFF,M4,cPVVG,Measure,CZ12,33.139583333333334,50773805.69530758
RFF,M4,cPVVG,Measure,CZ13,37.3975,56517721.31818946
RFF,M4,cPVVG,Measure,CZ14,33.69791666666667,50378425.530174255
RFF,M4,cPVVG,Measure,CZ15,42.32083333333334,65125667.12633728
RFF,M4,cPVVG,Measure,CZ16,25.15416666666667,40455603.11182041
RFF,M5,cDXGF,Base,CZ01,16.715000000000003,33744455.27471579
RFF,M5,cDXGF,Base,CZ02,25.97041666666667,44849702.2625162
RFF,M5,cDXGF,Base,CZ03,24.965,43340258.6525632
RFF,M5,cDXGF,Base,CZ04,32.625416666666666,52945669.39514798
RFF,M5,cDXGF,Base,CZ05,22.50375,40750784.55592191
RFF,M5,cDXGF,Base,CZ06,25.295833333333334,43969989.28095473
RFF,M5,cDXGF,Base,CZ07,25.2725,45889253.039680555
RFF,M5,cDXGF,Base,CZ08,32.28541666666666,53525679.37034738
RFF,M5,cDXGF,Base,CZ09,35.456250000000004,58098166.446485855
RFF,M5,cDXGF,Base,CZ10,35.55666666666667,57309214.496245876
RFF,M5,cDXGF,Base,CZ11,36.25708333333334,59227687.052074164
RFF,M5,cDXGF,Base,CZ12,33.139583333333334,54471631.94762136
RFF,M5,cDXGF,Base,CZ13,37.3975,60259405.47118875
RFF,M5,cDXGF,Base,CZ14,33.69791666666667,52376717.137273714
RFF,M5,cDXGF,Base,CZ15,42.32083333333334,70048612.73222663
RFF,M5,cDXGF,Base,CZ16,25.15416666666667,43077860.11653581
RFF,M5,cDXGF,Measure,CZ01,16.715000000000003,32200010.578202173
RFF,M5,cDXGF,Measure,CZ02,25.97041666666667,42002383.57407271
RFF,M5,cDXGF,Measure,CZ03,24.965,40582636.44203788
RFF,M5,cDXGF,Measure,CZ04,32.625416666666666,49111798.58579522
RFF,M5,cDXGF,Measure,CZ05,22.50375,38369326.650312245
RFF,M5,cDXGF,Measure,CZ06,25.295833333333334,41193417.34654395
RFF,M5,cDXGF,Measure,CZ07,25.2725,42835831.137468435
RFF,M5,cDXGF,Measure,CZ08,32.28541666666666,49652202.181684285
RFF,M5,cDXGF,Measure,CZ09,35.456250000000004,53603699.146603465
RFF,M5,cDXGF,Measure,CZ10,35.55666666666667,52994683.58970861
RFF,M5,cDXGF,Measure,CZ11,36.25708333333334,54306535.53807902
RFF,M5,cDXGF,Measure,CZ12,33.139583333333334,50337100.877701595
RFF,M5,cDXGF,Measure,CZ13,37.3975,55268494.26624826
RFF,M5,cDXGF,Measure,CZ14,33.69791666666667,48516491.427203186
RFF,M5,cDXGF,Measure,CZ15,42.32083333333334,63694798.87974072
RFF,M5,cDXGF,Measure,CZ16,25.15416666666667,40454638.401851445
RFF,M5,cDXHP,Base,CZ01,16.715000000000003,33634152.28967562
RFF,M5,cDXHP,Base,CZ02,25.97041666666667,44586368.963703856
RFF,M5,cDXHP,Base,CZ03,24.965,42925696.683244884
RFF,M5,cDXHP,Base,CZ04,32.625416666666666,52814005.48286554
RFF,M5,cDXHP,Base,CZ05,22.50375,40132744.780708626
RFF,M5,cDXHP,Base,CZ06,25.295833333333334,43327362.653322294
RFF,M5,cDXHP,Base,CZ07,25.2725,45387313.65286137
RFF,M5,cDXHP,Base,CZ08,32.28541666666666,53110440.22362439
RFF,M5,cDXHP,Base,CZ09,35.456250000000004,57715566.66034956
RFF,M5,cDXHP,Base,CZ10,35.55666666666667,56737934.01087577
RFF,M5,cDXHP,Base,CZ11,36.25708333333334,58939894.7960915
RFF,M5,cDXHP,Base,CZ12,33.139583333333334,54306671.41061674
RFF,M5,cDXHP,Base,CZ13,37.3975,59838306.69751455
RFF,M5,cDXHP,Base,CZ14,33.69791666666667,51249271.65585366
RFF,M5,cDXHP,Base,CZ15,42.32083333333334,70048612.73222584
RFF,M5,cDXHP,Base,CZ16,25.15416666666667,42434199.348444045
RFF,M5,cDXHP,Measure,CZ01,16.715000000000003,31970618.595222533
RFF,M5,cDXHP,Measure,CZ02,25.97041666666667,41659897.47173995
RFF,M5,cDXHP,Measure,CZ03,24.965,40086617.957794294
RFF,M5,cDXHP,Measure,CZ04,32.625416666666666,48872254.140177235
RFF,M5,cDXHP,Measure,CZ05,22.50375,37693159.98785773
RFF,M5,cDXHP,Measure,CZ06,25.295833333333334,40532973.154652506
RFF,M5,cDXHP,Measure,CZ07,25.2725,42312424.482157305
RFF,M5,cDXHP,Measure,CZ08,32.28541666666666,49226475.52551151
RFF,M5,cDXHP,Measure,CZ09,35.456250000000004,53217836.830779724
RFF,M5,cDXHP,Measure,CZ10,35.55666666666667,52463028.082736745
RFF,M5,cDXHP,Measure,CZ11,36.25708333333334,53982297.15319486
RFF,M5,cDXHP,Measure,CZ12,33.139583333333334,50100057.583476126
RFF,M5,cDXHP,Measure,CZ13,37.3975,54852050.35707493
RFF,M5,cDXHP,Measure,CZ14,33.69791666666667,47446097.65467374
RFF,M5,cDXHP,Measure,CZ15,42.32083333333334,63694798.879740655
RFF,M5,cDXHP,Measure,CZ16,25.15416666666667,39806849.46832388
RFF,M5,cPTAC,Base,CZ01,16.715000000000003,33740418.8195357
RFF,M5,cPTAC,Base,CZ02,25.97041666666667,44849702.2625111
RFF,M5,cPTAC,Base,CZ03,24.965,43340258.65256618
RFF,M5,cPTAC,Base,CZ04,32.625416666666666,52945669.39514831
RFF,M5,cPTAC,Base,CZ05,22.50375,40750000.87788274
RFF,M5,cPTAC,Base,CZ06,25.295833333333334,43969989.28096526
RFF,M5,cPTAC,Base,CZ07,25.2725,45889253.03967879
RFF,M5,cPTAC,Base,CZ08,32.28541666666666,53525679.370345205
RFF,M5,cPTAC,Base,CZ09,35.456250000000004,58098166.44612369
RFF,M5,cPTAC,Base,CZ10,35.55666666666667,57309214.496240065
RFF,M5,cPTAC,Base,CZ11,36.25708333333334,59227687.0520729
RFF,M5,cPTAC,Base,CZ12,33.139583333333334,54471631.94762348
RFF,M5,cPTAC,Base,CZ13,37.3975,60259405.47118826
RFF,M5,cPTAC,Base,CZ14,33.69791666666667,52376717.13727322
RFF,M5,cPTAC,Base,CZ15,42.32083333333334,70048612.73222464
RFF,M5,cPTAC,Base,CZ16,25.15416666666667,43077860.06101556
RFF,M5,cPTAC,Measure,CZ01,16.715000000000003,32196495.839114714
RFF,M5,cPTAC,Measure,CZ02,25.97041666666667,42002383.57407056
RFF,M5,cPTAC,Measure,CZ03,24.965,40582636.442034066
RFF,M5,cPTAC,Measure,CZ04,32.625416666666666,49111798.585799865
RFF,M5,cPTAC,Measure,CZ05,22.50375,38368637.55055936
RFF,M5,cPTAC,Measure,CZ06,25.295833333333334,41193417.346552625
RFF,M5,cPTAC,Measure,CZ07,25.2725,42835831.13746555
RFF,M5,cPTAC,Measure,CZ08,32.28541666666666,49652202.18168295
RFF,M5,cPTAC,Measure,CZ09,35.456250000000004,53603699.145774096
RFF,M5,cPTAC,Measure,CZ10,35.55666666666667,52994683.58971081
RFF,M5,cPTAC,Measure,CZ11,36.25708333333334,54306535.538082436
RFF,M5,cPTAC,Measure,CZ12,33.139583333333334,50337100.87770815
RFF,M5,cPTAC,Measure,CZ13,37.3975,55268494.266249284
RFF,M5,cPTAC,Measure,CZ14,33.69791666666667,48516491.42720331
RFF,M5,cPTAC,Measure,CZ15,42.32083333333334,63694798.87974201
RFF,M5,cPTAC,Measure,CZ16,25.15416666666667,40454638.3625129
RFF,M5,cPVVG,Base,CZ01,16.715000000000003,33426635.54278301
RFF,M5,cPVVG,Base,CZ02,25.97041666666667,44418903.34233636
RFF,M5,cPVVG,Base,CZ03,24.965,42933740.084390864
RFF,M5,cPVVG,Base,CZ04,32.625416666666666,52570676.08842841
RFF,M5,cPVVG,Base,CZ05,22.50375,40343241.9279206
RFF,M5,cPVVG,Base,CZ06,25.295833333333334,43609852.937158935
RFF,M5,cPVVG,Base,CZ07,25.2725,45507832.7913302
RFF,M5,cPVVG,Base,CZ08,32.28541666666666,53153642.87013225
RFF,M5,cPVVG,Base,CZ09,35.456250000000004,57771803.61418469
RFF,M5,cPVVG,Base,CZ10,35.55666666666667,56935102.33672214
RFF,M5,cPVVG,Base,CZ11,36.25708333333334,58831932.08027245
RFF,M5,cPVVG,Base,CZ12,33.139583333333334,54106525.07837369
RFF,M5,cPVVG,Base,CZ13,37.3975,59887619.93890116
RFF,M5,cPVVG,Base,CZ14,33.69791666666667,51977138.88744852
RFF,M5,cPVVG,Base,CZ15,42.32083333333334,69738709.12869166
RFF,M5,cPVVG,Base,CZ16,25.15416666666667,42530730.92188354
RFF,M5,cPVVG,Measure,CZ01,16.715000000000003,31896936.192912783
RFF,M5,cPVVG,Measure,CZ02,25.97041666666667,41594363.05927853
RFF,M5,cPVVG,Measure,CZ03,24.965,40196719.50175734
RFF,M5,cPVVG,Measure,CZ04,32.625416666666666,48757284.0319817
RFF,M5,cPVVG,Measure,CZ05,22.50375,37981174.25918689
RFF,M5,cPVVG,Measure,CZ06,25.295833333333334,40850840.7073084
RFF,M5,cPVVG,Measure,CZ07,25.2725,42474492.614170104
RFF,M5,cPVVG,Measure,CZ08,32.28541666666666,49300482.25801487
RFF,M5,cPVVG,Measure,CZ09,35.456250000000004,53295661.04157607
RFF,M5,cPVVG,Measure,CZ10,35.55666666666667,52642625.68672913
RFF,M5,cPVVG,Measure,CZ11,36.25708333333334,53935725.36938341
RFF,M5,cPVVG,Measure,CZ12,33.139583333333334,49992986.7351504
RFF,M5,cPVVG,Measure,CZ13,37.3975,54920570.96434103
RFF,M5,cPVVG,Measure,CZ14,33.69791666666667,48140575.35991546
RFF,M5,cPVVG,Measure,CZ15,42.32083333333334,63406596.36977487
RFF,M5,cPVVG,Measure,CZ16,25.15416666666667,39935048.23805324
Rt3,M1,cDXGF,Base,CZ01,16.715000000000003,1095115349.8767185
Rt3,M1,cDXGF,Base,CZ02,25.97041666666667,1489139907.9168062
Rt3,M1,cDXGF,Base,CZ03,24.965,1394080639.6424143
Rt3,M1,cDXGF,Base,CZ04,32.625416666666666,1765012073.032664
Rt3,M1,cDXGF,Base,CZ05,22.50375,1316492315.9690766
Rt3,M1,cDXGF,Base,CZ06,25.295833333333334,1473021968.9662094
Rt3,M1,cDXGF,Base,CZ07,25.2725,1614831196.3831902
Rt3,M1,cDXGF,Base,CZ08,32.28541666666666,1764744958.2650461
Rt3,M1,cDXGF,Base,CZ09,35.456250000000004,1882567080.4083052
Rt3,M1,cDXGF,Base,CZ10,35.55666666666667,1943187621.4308548
Rt3,M1,cDXGF,Base,CZ11,36.25708333333334,1780282361.3801336
Rt3,M1,cDXGF,Base,CZ12,33.139583333333334,1775462538.081302
Rt3,M1,cDXGF,Base,CZ13,37.3975,1821086174.382277
Rt3,M1,cDXGF,Base,CZ14,33.69791666666667,1659969455.980886
Rt3,M1,cDXGF,Base,CZ15,42.32083333333334,2202421119.362493
Rt3,M1,cDXGF,Base,CZ16,25.15416666666667,1416768693.7344668
Rt3,M1,cDXGF,Measure,CZ01,16.715000000000003,1109990591.7075615
Rt3,M1,cDXGF,Measure,CZ02,25.97041666666667,1514001944.627542
Rt3,M1,cDXGF,Measure,CZ03,24.965,1417289815.271012
Rt3,M1,cDXGF,Measure,CZ04,32.625416666666666,1776318208.210331
Rt3,M1,cDXGF,Measure,CZ05,22.50375,1340317381.5768473
Rt3,M1,cDXGF,Measure,CZ06,25.295833333333334,1479687261.3334136
Rt3,M1,cDXGF,Measure,CZ07,25.2725,1611916511.5935335
Rt3,M1,cDXGF,Measure,CZ08,32.28541666666666,1772532655.370014
Rt3,M1,cDXGF,Measure,CZ09,35.456250000000004,1888724162.9501417
Rt3,M1,cDXGF,Measure,CZ10,35.55666666666667,1949650354.5638072
Rt3,M1,cDXGF,Measure,CZ11,36.25708333333334,1737770034.7382789
Rt3,M1,cDXGF,Measure,CZ12,33.139583333333334,1783867065.2944107
Rt3,M1,cDXGF,Measure,CZ13,37.3975,1775881308.1726646
Rt3,M1,cDXGF,Measure,CZ14,33.69791666666667,1616330635.3562403
Rt3,M1,cDXGF,Measure,CZ15,42.32083333333334,2197374715.1691504
Rt3,M1,cDXGF,Measure,CZ16,25.15416666666667,1378334957.9742627
Rt3,M1,cDXHP,Base,CZ01,16.715000000000003,1096058140.916732
Rt3,M1,cDXHP,Base,CZ02,25.97041666666667,1486740747.1035113
Rt3,M1,cDXHP,Base,CZ03,24.965,1397270340.2909887
Rt3,M1,cDXHP,Base,CZ04,32.625416666666666,1781793538.6591997
Rt3,M1,cDXHP,Base,CZ05,22.50375,1322625539.9874563
Rt3,M1,cDXHP,Base,CZ06,25.295833333333334,1478504159.320115
Rt3,M1,cDXHP,Base,CZ07,25.2725,1599430242.8775232
Rt3,M1,cDXHP,Base,CZ08,32.28541666666666,1783203753.4977612
Rt3,M1,cDXHP,Base,CZ09,35.456250000000004,1910426905.8720105
Rt3,M1,cDXHP,Base,CZ10,35.55666666666667,1958743769.0522985
Rt3,M1,cDXHP,Base,CZ11,36.25708333333334,1789759084.7531517
Rt3,M1,cDXHP,Base,CZ12,33.139583333333334,1788641746.6676326
Rt3,M1,cDXHP,Base,CZ13,37.3975,1836037330.7521074
Rt3,M1,cDXHP,Base,CZ14,33.69791666666667,1673240160.051998
Rt3,M1,cDXHP,Base,CZ15,42.32083333333334,2202699608.5935416
Rt3,M1,cDXHP,Base,CZ16,25.15416666666667,1423275972.2217753
Rt3,M1,cDXHP,Measure,CZ01,16.715000000000003,1111196388.7043457
Rt3,M1,cDXHP,Measure,CZ02,25.97041666666667,1510835945.8503652
Rt3,M1,cDXHP,Measure,CZ03,24.965,1418864660.5697799
Rt3,M1,cDXHP,Measure,CZ04,32.625416666666666,1793845977.6356466
Rt3,M1,cDXHP,Measure,CZ05,22.50375,1347165244.3444948
Rt3,M1,cDXHP,Measure,CZ06,25.295833333333334,1484943770.1442826
Rt3,M1,cDXHP,Measure,CZ07,25.2725,1596681407.0682344
Rt3,M1,cDXHP,Measure,CZ08,32.28541666666666,1791553411.500629
Rt3,M1,cDXHP,Measure,CZ09,35.456250000000004,1917003468.6157799
Rt3,M1,cDXHP,Measure,CZ10,35.55666666666667,1965608717.0037646
Rt3,M1,cDXHP,Measure,CZ11,36.25708333333334,1746751416.1635656
Rt3,M1,cDXHP,Measure,CZ12,33.139583333333334,1797342994.2434583
Rt3,M1,cDXHP,Measure,CZ13,37.3975,1790334228.569838
Rt3,M1,cDXHP,Measure,CZ14,33.69791666666667,1629136779.674734
Rt3,M1,cDXHP,Measure,CZ15,42.32083333333334,2197643127.214418
Rt3,M1,cDXHP,Measure,CZ16,25.15416666666667,1384635717.2597542
Rt3,M1,cPTAC,Base,CZ01,16.715000000000003,1094009635.1870308
Rt3,M1,cPTAC,Base,CZ02,25.97041666666667,1489121945.6685088
Rt3,M1,cPTAC,Base,CZ03,24.965,1393936613.9679317
Rt3,M1,cPTAC,Base,CZ04,32.625416666666666,1765012058.2852516
Rt3,M1,cPTAC,Base,CZ05,22.50375,1315889843.7856395
Rt3,M1,cPTAC,Base,CZ06,25.295833333333334,1473021961.5136077
Rt3,M1,cPTAC,Base,CZ07,25.2725,1614831196.383016
Rt3,M1,cPTAC,Base,CZ08,32.28541666666666,1764744958.2650266
Rt3,M1,cPTAC,Base,CZ09,35.456250000000004,1882567080.4013677
Rt3,M1,cPTAC,Base,CZ10,35.55666666666667,1943187621.425578
Rt3,M1,cPTAC,Base,CZ11,36.25708333333334,1780282361.378837
Rt3,M1,cPTAC,Base,CZ12,33.139583333333334,1775462538.0813026
Rt3,M1,cPTAC,Base,CZ13,37.3975,1821086174.3822942
Rt3,M1,cPTAC,Base,CZ14,33.69791666666667,1659969455.9565134
Rt3,M1,cPTAC,Base,CZ15,42.32083333333334,2202421119.3624845
Rt3,M1,cPTAC,Base,CZ16,25.15416666666667,1416767627.3227925
Rt3,M1,cPTAC,Measure,CZ01,16.715000000000003,1109555431.8217096
Rt3,M1,cPTAC,Measure,CZ02,25.97041666666667,1514002348.2010303
Rt3,M1,cPTAC,Measure,CZ03,24.965,1417207405.27879
Rt3,M1,cPTAC,Measure,CZ04,32.625416666666666,1776318208.210124
Rt3,M1,cPTAC,Measure,CZ05,22.50375,1340041832.855892
Rt3,M1,cPTAC,Measure,CZ06,25.295833333333334,1479687261.3069448
Rt3,M1,cPTAC,Measure,CZ07,25.2725,1611916511.593552
Rt3,M1,cPTAC,Measure,CZ08,32.28541666666666,1772532655.369966
Rt3,M1,cPTAC,Measure,CZ09,35.456250000000004,1888724162.947978
Rt3,M1,cPTAC,Measure,CZ10,35.55666666666667,1949650354.559447
Rt3,M1,cPTAC,Measure,CZ11,36.25708333333334,1737770034.738481
Rt3,M1,cPTAC,Measure,CZ12,33.139583333333334,1783867065.2944074
Rt3,M1,cPTAC,Measure,CZ13,37.3975,1775881308.1727352
Rt3,M1,cPTAC,Measure,CZ14,33.69791666666667,1616330635.3562446
Rt3,M1,cPTAC,Measure,CZ15,42.32083333333334,2197374715.1691666
Rt3,M1,cPTAC,Measure,CZ16,25.15416666666667,1378334949.587733
Rt3,M1,cPVVG,Base,CZ01,16.715000000000003,947420359.3875138
Rt3,M1,cPVVG,Base,CZ02,25.97041666666667,1352231139.5676732
Rt3,M1,cPVVG,Base,CZ03,24.965,1268598287.8739867
Rt3,M1,cPVVG,Base,CZ04,32.625416666666666,1665696186.2864645
Rt3,M1,cPVVG,Base,CZ05,22.50375,1173376361.2718513
Rt3,M1,cPVVG,Base,CZ06,25.295833333333334,1345147669.596864
Rt3,M1,cPVVG,Base,CZ07,25.2725,1495210034.5738668
Rt3,M1,cPVVG,Base,CZ08,32.28541666666666,1669259643.1752727
Rt3,M1,cPVVG,Base,CZ09,35.456250000000004,1802033838.9378624
Rt3,M1,cPVVG,Base,CZ10,35.55666666666667,1849301404.568698
Rt3,M1,cPVVG,Base,CZ11,36.25708333333334,1686969917.7942548
Rt3,M1,cPVVG,Base,CZ12,33.139583333333334,1685671465.4461744
Rt3,M1,cPVVG,Base,CZ13,37.3975,1740212448.5234923
Rt3,M1,cPVVG,Base,CZ14,33.69791666666667,1562584217.7554102
Rt3,M1,cPVVG,Base,CZ15,42.32083333333334,2154439752.90801
Rt3,M1,cPVVG,Base,CZ16,25.15416666666667,1259667162.250689
Rt3,M1,cPVVG,Measure,CZ01,16.715000000000003,981146409.6662285
Rt3,M1,cPVVG,Measure,CZ02,25.97041666666667,1406586842.470132
Rt3,M1,cPVVG,Measure,CZ03,24.965,1317558845.3678875
Rt3,M1,cPVVG,Measure,CZ04,32.625416666666666,1697193889.713572
Rt3,M1,cPVVG,Measure,CZ05,22.50375,1220884209.5387363
Rt3,M1,cPVVG,Measure,CZ06,25.295833333333334,1367402771.6064906
Rt3,M1,cPVVG,Measure,CZ07,25.2725,1507286964.0257301
Rt3,M1,cPVVG,Measure,CZ08,32.28541666666666,1693861747.181894
Rt3,M1,cPVVG,Measure,CZ09,35.456250000000004,1823936673.9871192
Rt3,M1,cPVVG,Measure,CZ10,35.55666666666667,1872324259.1840131
Rt3,M1,cPVVG,Measure,CZ11,36.25708333333334,1670566237.7742398
Rt3,M1,cPVVG,Measure,CZ12,33.139583333333334,1711330843.1746328
Rt3,M1,cPVVG,Measure,CZ13,37.3975,1717608380.8718238
Rt3,M1,cPVVG,Measure,CZ14,33.69791666666667,1546171974.513035
Rt3,M1,cPVVG,Measure,CZ15,42.32083333333334,2148513764.19404
Rt3,M1,cPVVG,Measure,CZ16,25.15416666666667,1254192218.7670038
Rt3,M2,cDXGF,Base,CZ01,16.715000000000003,1358988914.4184763
Rt3,M2,cDXGF,Base,CZ02,25.97041666666667,1547054651.2533727
Rt3,M2,cDXGF,Base,CZ03,24.965,1474576209.7610297
Rt3,M2,cDXGF,Base,CZ04,32.625416666666666,1680788495.7848296
Rt3,M2,cDXGF,Base,CZ05,22.50375,1463433267.1688654
Rt3,M2,cDXGF,Base,CZ06,25.295833333333334,1507839331.8956237
Rt3,M2,cDXGF,Base,CZ07,25.2725,1568248899.529755
Rt3,M2,cDXGF,Base,CZ08,32.28541666666666,1681247805.5789356
Rt3,M2,cDXGF,Base,CZ09,35.456250000000004,1745269769.6472597
Rt3,M2,cDXGF,Base,CZ10,35.55666666666667,1789532130.5438614
Rt3,M2,cDXGF,Base,CZ11,36.25708333333334,1594133044.7694545
Rt3,M2,cDXGF,Base,CZ12,33.139583333333334,1676967457.6809702
Rt3,M2,cDXGF,Base,CZ13,37.3975,1623301458.1725466
Rt3,M2,cDXGF,Base,CZ14,33.69791666666667,1531147425.1060932
Rt3,M2,cDXGF,Base,CZ15,42.32083333333334,1873266414.2367854
Rt3,M2,cDXGF,Base,CZ16,25.15416666666667,1445008109.4785292
Rt3,M2,cDXGF,Measure,CZ01,16.715000000000003,1339446638.6655335
Rt3,M2,cDXGF,Measure,CZ02,25.97041666666667,1529735845.5094404
Rt3,M2,cDXGF,Measure,CZ03,24.965,1454845053.188118
Rt3,M2,cDXGF,Measure,CZ04,32.625416666666666,1664829735.6232033
Rt3,M2,cDXGF,Measure,CZ05,22.50375,1442342564.8756337
Rt3,M2,cDXGF,Measure,CZ06,25.295833333333334,1490294830.953922
Rt3,M2,cDXGF,Measure,CZ07,25.2725,1552759069.8430882
Rt3,M2,cDXGF,Measure,CZ08,32.28541666666666,1662662952.7157693
Rt3,M2,cDXGF,Measure,CZ09,35.456250000000004,1725795631.9069161
Rt3,M2,cDXGF,Measure,CZ10,35.55666666666667,1770221495.5984876
Rt3,M2,cDXGF,Measure,CZ11,36.25708333333334,1557350993.9204712
Rt3,M2,cDXGF,Measure,CZ12,33.139583333333334,1663000583.3845935
Rt3,M2,cDXGF,Measure,CZ13,37.3975,1586796856.2262096
Rt3,M2,cDXGF,Measure,CZ14,33.69791666666667,1489714333.0977588
Rt3,M2,cDXGF,Measure,CZ15,42.32083333333334,1867552874.3123493
Rt3,M2,cDXGF,Measure,CZ16,25.15416666666667,1396554888.5589294
Rt3,M2,cDXHP,Base,CZ01,16.715000000000003,1360778097.3632863
Rt3,M2,cDXHP,Base,CZ02,25.97041666666667,1547721022.7680597
Rt3,M2,cDXHP,Base,CZ03,24.965,1476100459.9201024
Rt3,M2,cDXHP,Base,CZ04,32.625416666666666,1679890763.730912
Rt3,M2,cDXHP,Base,CZ05,22.50375,1464962734.1284008
Rt3,M2,cDXHP,Base,CZ06,25.295833333333334,1508698419.8665493
Rt3,M2,cDXHP,Base,CZ07,25.2725,1569170424.157207
Rt3,M2,cDXHP,Base,CZ08,32.28541666666666,1680989014.2118397
Rt3,M2,cDXHP,Base,CZ09,35.456250000000004,1744800981.641296
Rt3,M2,cDXHP,Base,CZ10,35.55666666666667,1788363880.9981372
Rt3,M2,cDXHP,Base,CZ11,36.25708333333334,1593012705.3822665
Rt3,M2,cDXHP,Base,CZ12,33.139583333333334,1676704329.755944
Rt3,M2,cDXHP,Base,CZ13,37.3975,1622720290.9145257
Rt3,M2,cDXHP,Base,CZ14,33.69791666666667,1529646667.5862298
Rt3,M2,cDXHP,Base,CZ15,42.32083333333334,1873246996.303755
Rt3,M2,cDXHP,Base,CZ16,25.15416666666667,1446044251.2685423
Rt3,M2,cDXHP,Measure,CZ01,16.715000000000003,1340305794.8905263
Rt3,M2,cDXHP,Measure,CZ02,25.97041666666667,1529705649.8780313
Rt3,M2,cDXHP,Measure,CZ03,24.965,1455428023.341485
Rt3,M2,cDXHP,Measure,CZ04,32.625416666666666,1663407510.7321844
Rt3,M2,cDXHP,Measure,CZ05,22.50375,1442929737.4000025
Rt3,M2,cDXHP,Measure,CZ06,25.295833333333334,1490559729.7809377
Rt3,M2,cDXHP,Measure,CZ07,25.2725,1553195236.6363041
Rt3,M2,cDXHP,Measure,CZ08,32.28541666666666,1661920744.6220708
Rt3,M2,cDXHP,Measure,CZ09,35.456250000000004,1724828226.567049
Rt3,M2,cDXHP,Measure,CZ10,35.55666666666667,1768794555.1380858
Rt3,M2,cDXHP,Measure,CZ11,36.25708333333334,1556033075.847084
Rt3,M2,cDXHP,Measure,CZ12,33.139583333333334,1662242338.3180661
Rt3,M2,cDXHP,Measure,CZ13,37.3975,1586038317.1707873
Rt3,M2,cDXHP,Measure,CZ14,33.69791666666667,1487950079.0556207
Rt3,M2,cDXHP,Measure,CZ15,42.32083333333334,1867532129.484529
Rt3,M2,cDXHP,Measure,CZ16,25.15416666666667,1397104117.1262536
Rt3,M2,cPTAC,Base,CZ01,16.715000000000003,1358988832.5541935
Rt3,M2,cPTAC,Base,CZ02,25.97041666666667,1547054651.2534196
Rt3,M2,cPTAC,Base,CZ03,24.965,1474576209.7608976
Rt3,M2,cPTAC,Base,CZ04,32.625416666666666,1680788495.7848053
Rt3,M2,cPTAC,Base,CZ05,22.50375,1463431740.7613
Rt3,M2,cPTAC,Base,CZ06,25.295833333333334,1507839331.8956444
Rt3,M2,cPTAC,Base,CZ07,25.2725,1568248899.529871
Rt3,M2,cPTAC,Base,CZ08,32.28541666666666,1681247805.5789397
Rt3,M2,cPTAC,Base,CZ09,35.456250000000004,1745269769.6472921
Rt3,M2,cPTAC,Base,CZ10,35.55666666666667,1789532130.5440135
Rt3,M2,cPTAC,Base,CZ11,36.25708333333334,1594133044.7694392
Rt3,M2,cPTAC,Base,CZ12,33.139583333333334,1676967457.6809928
Rt3,M2,cPTAC,Base,CZ13,37.3975,1623301458.1724987
Rt3,M2,cPTAC,Base,CZ14,33.69791666666667,1531147425.1060784
Rt3,M2,cPTAC,Base,CZ15,42.32083333333334,1873266414.236755
Rt3,M2,cPTAC,Base,CZ16,25.15416666666667,1445008109.4842038
Rt3,M2,cPTAC,Measure,CZ01,16.715000000000003,1339411664.5237272
Rt3,M2,cPTAC,Measure,CZ02,25.97041666666667,1529735964.96834
Rt3,M2,cPTAC,Measure,CZ03,24.965,1454844165.75671
Rt3,M2,cPTAC,Measure,CZ04,32.625416666666666,1664829735.6232047
Rt3,M2,cPTAC,Measure,CZ05,22.50375,1442296548.1197166
Rt3,M2,cPTAC,Measure,CZ06,25.295833333333334,1490294830.9539666
Rt3,M2,cPTAC,Measure,CZ07,25.2725,1552759069.8431628
Rt3,M2,cPTAC,Measure,CZ08,32.28541666666666,1662662952.7157328
Rt3,M2,cPTAC,Measure,CZ09,35.456250000000004,1725795631.9064865
Rt3,M2,cPTAC,Measure,CZ10,35.55666666666667,1770221495.5981002
Rt3,M2,cPTAC,Measure,CZ11,36.25708333333334,1557350993.920533
Rt3,M2,cPTAC,Measure,CZ12,33.139583333333334,1663000583.3845983
Rt3,M2,cPTAC,Measure,CZ13,37.3975,1586796856.226129
Rt3,M2,cPTAC,Measure,CZ14,33.69791666666667,1489714333.0977383
Rt3,M2,cPTAC,Measure,CZ15,42.32083333333334,1867552874.3122365
Rt3,M2,cPTAC,Measure,CZ16,25.15416666666667,1396554887.8782887
Rt3,M2,cPVVG,Base,CZ01,16.715000000000003,1242105029.855555
Rt3,M2,cPVVG,Base,CZ02,25.97041666666667,1424401743.2613518
Rt3,M2,cPVVG,Base,CZ03,24.965,1359654216.9537187
Rt3,M2,cPVVG,Base,CZ04,32.625416666666666,1558057377.5626562
Rt3,M2,cPVVG,Base,CZ05,22.50375,1333560574.970717
Rt3,M2,cPVVG,Base,CZ06,25.295833333333334,1384183119.7477674
Rt3,M2,cPVVG,Base,CZ07,25.2725,1443867935.0162344
Rt3,M2,cPVVG,Base,CZ08,32.28541666666666,1557661956.6858191
Rt3,M2,cPVVG,Base,CZ09,35.456250000000004,1618708931.5567822
Rt3,M2,cPVVG,Base,CZ10,35.55666666666667,1648985443.2608712
Rt3,M2,cPVVG,Base,CZ11,36.25708333333334,1458107785.7380824
Rt3,M2,cPVVG,Base,CZ12,33.139583333333334,1563858739.464427
Rt3,M2,cPVVG,Base,CZ13,37.3975,1491223288.9870782
Rt3,M2,cPVVG,Base,CZ14,33.69791666666667,1392766799.259182
Rt3,M2,cPVVG,Base,CZ15,42.32083333333334,1752079001.6102476
Rt3,M2,cPVVG,Base,CZ16,25.15416666666667,1292379261.8830118
Rt3,M2,cPVVG,Measure,CZ01,16.715000000000003,1231697769.124723
Rt3,M2,cPVVG,Measure,CZ02,25.97041666666667,1412489643.2916026
Rt3,M2,cPVVG,Measure,CZ03,24.965,1348184488.2397156
Rt3,M2,cPVVG,Measure,CZ04,32.625416666666666,1545570912.5996873
Rt3,M2,cPVVG,Measure,CZ05,22.50375,1321934624.359114
Rt3,M2,cPVVG,Measure,CZ06,25.295833333333334,1372699403.3245277
Rt3,M2,cPVVG,Measure,CZ07,25.2725,1431955777.4164274
Rt3,M2,cPVVG,Measure,CZ08,32.28541666666666,1544999961.6504998
Rt3,M2,cPVVG,Measure,CZ09,35.456250000000004,1605346761.7556167
Rt3,M2,cPVVG,Measure,CZ10,35.55666666666667,1635440476.8049357
Rt3,M2,cPVVG,Measure,CZ11,36.25708333333334,1439727196.7824488
Rt3,M2,cPVVG,Measure,CZ12,33.139583333333334,1552719979.2809849
Rt3,M2,cPVVG,Measure,CZ13,37.3975,1472816360.674189
Rt3,M2,cPVVG,Measure,CZ14,33.69791666666667,1371746130.095893
Rt3,M2,cPVVG,Measure,CZ15,42.32083333333334,1747114654.6505682
Rt3,M2,cPVVG,Measure,CZ16,25.15416666666667,1267242739.7361588
Rt3,M3,cDXGF,Base,CZ01,16.715000000000003,1270172449.5930686
Rt3,M3,cDXGF,Base,CZ02,25.97041666666667,1492631370.1795402
Rt3,M3,cDXGF,Base,CZ03,24.965,1417284603.3355656
Rt3,M3,cDXGF,Base,CZ04,32.625416666666666,1666521827.659912
Rt3,M3,cDXGF,Base,CZ05,22.50375,1375843583.8111665
Rt3,M3,cDXGF,Base,CZ06,25.295833333333334,1443551904.4287715
Rt3,M3,cDXGF,Base,CZ07,25.2725,1505886108.7746882
Rt3,M3,cDXGF,Base,CZ08,32.28541666666666,1663712704.2034643
Rt3,M3,cDXGF,Base,CZ09,35.456250000000004,1737934278.3681042
Rt3,M3,cDXGF,Base,CZ10,35.55666666666667,1775630913.971798
Rt3,M3,cDXGF,Base,CZ11,36.25708333333334,1564683825.167272
Rt3,M3,cDXGF,Base,CZ12,33.139583333333334,1678125865.2639203
Rt3,M3,cDXGF,Base,CZ13,37.3975,1606188207.8841677
Rt3,M3,cDXGF,Base,CZ14,33.69791666666667,1475858689.3915434
Rt3,M3,cDXGF,Base,CZ15,42.32083333333334,1940906425.4399521
Rt3,M3,cDXGF,Base,CZ16,25.15416666666667,1328365153.0734863
Rt3,M3,cDXGF,Measure,CZ01,16.715000000000003,1200409756.6010385
Rt3,M3,cDXGF,Measure,CZ02,25.97041666666667,1386876930.9566498
Rt3,M3,cDXGF,Measure,CZ03,24.965,1324180749.0749955
Rt3,M3,cDXGF,Measure,CZ04,32.625416666666666,1531420762.0954008
Rt3,M3,cDXGF,Measure,CZ05,22.50375,1289527720.9060297
Rt3,M3,cDXGF,Measure,CZ06,25.295833333333334,1346787487.1835647
Rt3,M3,cDXGF,Measure,CZ07,25.2725,1404194403.5374904
Rt3,M3,cDXGF,Measure,CZ08,32.28541666666666,1528361173.7138667
Rt3,M3,cDXGF,Measure,CZ09,35.456250000000004,1590079835.8000941
Rt3,M3,cDXGF,Measure,CZ10,35.55666666666667,1620572784.3894439
Rt3,M3,cDXGF,Measure,CZ11,36.25708333333334,1427826692.0161924
Rt3,M3,cDXGF,Measure,CZ12,33.139583333333334,1540415379.1042905
Rt3,M3,cDXGF,Measure,CZ13,37.3975,1461682165.243284
Rt3,M3,cDXGF,Measure,CZ14,33.69791666666667,1355107110.1689224
Rt3,M3,cDXGF,Measure,CZ15,42.32083333333334,1753755604.5327253
Rt3,M3,cDXGF,Measure,CZ16,25.15416666666667,1236124184.0076773
Rt3,M3,cDXHP,Base,CZ01,16.715000000000003,1231020327.8537965
Rt3,M3,cDXHP,Base,CZ02,25.97041666666667,1460452254.0650327
Rt3,M3,cDXHP,Base,CZ03,24.965,1381184654.9113925
Rt3,M3,cDXHP,Base,CZ04,32.625416666666666,1640217119.8679497
Rt3,M3,cDXHP,Base,CZ05,22.50375,1338351576.4411347
Rt3,M3,cDXHP,Base,CZ06,25.295833333333334,1410729713.2893183
Rt3,M3,cDXHP,Base,CZ07,25.2725,1477670949.3541157
Rt3,M3,cDXHP,Base,CZ08,32.28541666666666,1644500530.601486
Rt3,M3,cDXHP,Base,CZ09,35.456250000000004,1721286063.525226
Rt3,M3,cDXHP,Base,CZ10,35.55666666666667,1763802632.0438333
Rt3,M3,cDXHP,Base,CZ11,36.25708333333334,1551990324.0480251
Rt3,M3,cDXHP,Base,CZ12,33.139583333333334,1654623135.161679
Rt3,M3,cDXHP,Base,CZ13,37.3975,1594892420.049588
Rt3,M3,cDXHP,Base,CZ14,33.69791666666667,1456350867.8956423
Rt3,M3,cDXHP,Base,CZ15,42.32083333333334,1940776119.1628368
Rt3,M3,cDXHP,Base,CZ16,25.15416666666667,1294580283.129784
Rt3,M3,cDXHP,Measure,CZ01,16.715000000000003,1161405392.8256023
Rt3,M3,cDXHP,Measure,CZ02,25.97041666666667,1353918171.0277035
Rt3,M3,cDXHP,Measure,CZ03,24.965,1287572912.0647442
Rt3,M3,cDXHP,Measure,CZ04,32.625416666666666,1503720582.2671037
Rt3,M3,cDXHP,Measure,CZ05,22.50375,1251819390.2876189
Rt3,M3,cDXHP,Measure,CZ06,25.295833333333334,1313847372.9023132
Rt3,M3,cDXHP,Measure,CZ07,25.2725,1375670736.551363
Rt3,M3,cDXHP,Measure,CZ08,32.28541666666666,1508012992.468985
Rt3,M3,cDXHP,Measure,CZ09,35.456250000000004,1572267835.948989
Rt3,M3,cDXHP,Measure,CZ10,35.55666666666667,1607875061.034783
Rt3,M3,cDXHP,Measure,CZ11,36.25708333333334,1413774842.073557
Rt3,M3,cDXHP,Measure,CZ12,33.139583333333334,1515304948.7686567
Rt3,M3,cDXHP,Measure,CZ13,37.3975,1449101357.1854913
Rt3,M3,cDXHP,Measure,CZ14,33.69791666666667,1334582708.103869
Rt3,M3,cDXHP,Measure,CZ15,42.32083333333334,1753615587.541512
Rt3,M3,cDXHP,Measure,CZ16,25.15416666666667,1202693408.7270057
Rt3,M3,cPTAC,Base,CZ01,16.715000000000003,1269990218.6464846
Rt3,M3,cPTAC,Base,CZ02,25.97041666666667,1492631344.7744422
Rt3,M3,cPTAC,Base,CZ03,24.965,1417269648.156404
Rt3,M3,cPTAC,Base,CZ04,32.625416666666666,1666521135.070188
Rt3,M3,cPTAC,Base,CZ05,22.50375,1375683004.30205
Rt3,M3,cPTAC,Base,CZ06,25.295833333333334,1443551904.4302154
Rt3,M3,cPTAC,Base,CZ07,25.2725,1505886108.774697
Rt3,M3,cPTAC,Base,CZ08,32.28541666666666,1663712704.2034125
Rt3,M3,cPTAC,Base,CZ09,35.456250000000004,1737934278.3674045
Rt3,M3,cPTAC,Base,CZ10,35.55666666666667,1775630913.9504876
Rt3,M3,cPTAC,Base,CZ11,36.25708333333334,1564685484.5258274
Rt3,M3,cPTAC,Base,CZ12,33.139583333333334,1678125865.2639666
Rt3,M3,cPTAC,Base,CZ13,37.3975,1606188207.8444576
Rt3,M3,cPTAC,Base,CZ14,33.69791666666667,1475858689.3870811
Rt3,M3,cPTAC,Base,CZ15,42.32083333333334,1940906425.439927
Rt3,M3,cPTAC,Base,CZ16,25.15416666666667,1328365150.782106
Rt3,M3,cPTAC,Measure,CZ01,16.715000000000003,1200253480.4745173
Rt3,M3,cPTAC,Measure,CZ02,25.97041666666667,1386876910.0741825
Rt3,M3,cPTAC,Measure,CZ03,24.965,1324168063.8181996
Rt3,M3,cPTAC,Measure,CZ04,32.625416666666666,1531420307.9835403
Rt3,M3,cPTAC,Measure,CZ05,22.50375,1289391286.4440365
Rt3,M3,cPTAC,Measure,CZ06,25.295833333333334,1346787487.1836953
Rt3,M3,cPTAC,Measure,CZ07,25.2725,1404194403.5343747
Rt3,M3,cPTAC,Measure,CZ08,32.28541666666666,1528361173.713761
Rt3,M3,cPTAC,Measure,CZ09,35.456250000000004,1590079835.7921224
Rt3,M3,cPTAC,Measure,CZ10,35.55666666666667,1620572784.357816
Rt3,M3,cPTAC,Measure,CZ11,36.25708333333334,1427828518.3502817
Rt3,M3,cPTAC,Measure,CZ12,33.139583333333334,1540415379.1043096
Rt3,M3,cPTAC,Measure,CZ13,37.3975,1461682165.201148
Rt3,M3,cPTAC,Measure,CZ14,33.69791666666667,1355107110.1774087
Rt3,M3,cPTAC,Measure,CZ15,42.32083333333334,1753755604.5327044
Rt3,M3,cPTAC,Measure,CZ16,25.15416666666667,1236124182.0244951
Rt3,M3,cPVVG,Base,CZ01,16.715000000000003,1256741488.8257837
Rt3,M3,cPVVG,Base,CZ02,25.97041666666667,1477163557.247054
Rt3,M3,cPVVG,Base,CZ03,24.965,1403257900.420259
Rt3,M3,cPVVG,Base,CZ04,32.625416666666666,1649317466.0931296
Rt3,M3,cPVVG,Base,CZ05,22.50375,1361390735.6166606
Rt3,M3,cPVVG,Base,CZ06,25.295833333333334,1428196558.1297965
Rt3,M3,cPVVG,Base,CZ07,25.2725,1489841213.802494
Rt3,M3,cPVVG,Base,CZ08,32.28541666666666,1647212623.034432
Rt3,M3,cPVVG,Base,CZ09,35.456250000000004,1720841656.5083823
Rt3,M3,cPVVG,Base,CZ10,35.55666666666667,1757151527.3663354
Rt3,M3,cPVVG,Base,CZ11,36.25708333333334,1548085683.6422539
Rt3,M3,cPVVG,Base,CZ12,33.139583333333334,1661769765.8449826
Rt3,M3,cPVVG,Base,CZ13,37.3975,1589638149.6055965
Rt3,M3,cPVVG,Base,CZ14,33.69791666666667,1459341290.8131037
Rt3,M3,cPVVG,Base,CZ15,42.32083333333334,1922394282.8731208
Rt3,M3,cPVVG,Base,CZ16,25.15416666666667,1311014943.8431857
Rt3,M3,cPVVG,Measure,CZ01,16.715000000000003,1187604279.829559
Rt3,M3,cPVVG,Measure,CZ02,25.97041666666667,1372158712.0813854
Rt3,M3,cPVVG,Measure,CZ03,24.965,1310821264.2394004
Rt3,M3,cPVVG,Measure,CZ04,32.625416666666666,1515120892.1919017
Rt3,M3,cPVVG,Measure,CZ05,22.50375,1275758637.0710106
Rt3,M3,cPVVG,Measure,CZ06,25.295833333333334,1332164042.5393987
Rt3,M3,cPVVG,Measure,CZ07,25.2725,1388911006.9945154
Rt3,M3,cPVVG,Measure,CZ08,32.28541666666666,1512723691.9593968
Rt3,M3,cPVVG,Measure,CZ09,35.456250000000004,1573928617.5767198
Rt3,M3,cPVVG,Measure,CZ10,35.55666666666667,1603120472.643679
Rt3,M3,cPVVG,Measure,CZ11,36.25708333333334,1412213829.6182377
Rt3,M3,cPVVG,Measure,CZ12,33.139583333333334,1524921778.3686929
Rt3,M3,cPVVG,Measure,CZ13,37.3975,1446177566.6582017
Rt3,M3,cPVVG,Measure,CZ14,33.69791666666667,1339510425.9566717
Rt3,M3,cPVVG,Measure,CZ15,42.32083333333334,1736410130.9648438
Rt3,M3,cPVVG,Measure,CZ16,25.15416666666667,1219617525.6159387
Rt3,M4,cDXGF,Base,CZ01,16.715000000000003,1171178184.836016
Rt3,M4,cDXGF,Base,CZ02,25.97041666666667,1524930192.6946747
Rt3,M4,cDXGF,Base,CZ03,24.965,1431555063.5303967
Rt3,M4,cDXGF,Base,CZ04,32.625416666666666,1765011657.145281
Rt3,M4,cDXGF,Base,CZ05,22.50375,1370253860.5892475
Rt3,M4,cDXGF,Base,CZ06,25.295833333333334,1486524055.223974
Rt3,M4,cDXGF,Base,CZ07,25.2725,1614831183.2377882
Rt3,M4,cDXGF,Base,CZ08,32.28541666666666,1764744895.6301503
Rt3,M4,cDXGF,Base,CZ09,35.456250000000004,1882567391.7523258
Rt3,M4,cDXGF,Base,CZ10,35.55666666666667,1943187931.4733684
Rt3,M4,cDXGF,Base,CZ11,36.25708333333334,1780282796.5115128
Rt3,M4,cDXGF,Base,CZ12,33.139583333333334,1775462170.5346293
Rt3,M4,cDXGF,Base,CZ13,37.3975,1821085239.8676176
Rt3,M4,cDXGF,Base,CZ14,33.69791666666667,1659969547.211901
Rt3,M4,cDXGF,Base,CZ15,42.32083333333334,2202421119.390811
Rt3,M4,cDXGF,Base,CZ16,25.15416666666667,1428805286.4190612
Rt3,M4,cDXGF,Measure,CZ01,16.715000000000003,1213009522.4693794
Rt3,M4,cDXGF,Measure,CZ02,25.97041666666667,1551751229.5908446
Rt3,M4,cDXGF,Measure,CZ03,24.965,1454945134.1170878
Rt3,M4,cDXGF,Measure,CZ04,32.625416666666666,1776323911.4414842
Rt3,M4,cDXGF,Measure,CZ05,22.50375,1401040472.1682734
Rt3,M4,cDXGF,Measure,CZ06,25.295833333333334,1493322832.1752737
Rt3,M4,cDXGF,Measure,CZ07,25.2725,1611916720.5557113
Rt3,M4,cDXGF,Measure,CZ08,32.28541666666666,1772534300.706839
Rt3,M4,cDXGF,Measure,CZ09,35.456250000000004,1888727952.8414974
Rt3,M4,cDXGF,Measure,CZ10,35.55666666666667,1949652992.6380835
Rt3,M4,cDXGF,Measure,CZ11,36.25708333333334,1737772839.4570923
Rt3,M4,cDXGF,Measure,CZ12,33.139583333333334,1783868041.408636
Rt3,M4,cDXGF,Measure,CZ13,37.3975,1775881462.8635693
Rt3,M4,cDXGF,Measure,CZ14,33.69791666666667,1616330594.846572
Rt3,M4,cDXGF,Measure,CZ15,42.32083333333334,2197374715.223254
Rt3,M4,cDXGF,Measure,CZ16,25.15416666666667,1390339997.2934957
Rt3,M4,cDXHP,Base,CZ01,16.715000000000003,1172384310.090365
Rt3,M4,cDXHP,Base,CZ02,25.97041666666667,1522760345.6547976
Rt3,M4,cDXHP,Base,CZ03,24.965,1434743070.711082
Rt3,M4,cDXHP,Base,CZ04,32.625416666666666,1781792235.1914585
Rt3,M4,cDXHP,Base,CZ05,22.50375,1377203520.736415
Rt3,M4,cDXHP,Base,CZ06,25.295833333333334,1492223557.3989062
Rt3,M4,cDXHP,Base,CZ07,25.2725,1599430264.1829743
Rt3,M4,cDXHP,Base,CZ08,32.28541666666666,1783203677.156221
Rt3,M4,cDXHP,Base,CZ09,35.456250000000004,1910427543.2704525
Rt3,M4,cDXHP,Base,CZ10,35.55666666666667,1958744121.8619413
Rt3,M4,cDXHP,Base,CZ11,36.25708333333334,1789758679.4338865
Rt3,M4,cDXHP,Base,CZ12,33.139583333333334,1788641356.406098
Rt3,M4,cDXHP,Base,CZ13,37.3975,1836036635.8606017
Rt3,M4,cDXHP,Base,CZ14,33.69791666666667,1673240167.0115108
Rt3,M4,cDXHP,Base,CZ15,42.32083333333334,2202699608.6221266
Rt3,M4,cDXHP,Base,CZ16,25.15416666666667,1435579434.7499654
Rt3,M4,cDXHP,Measure,CZ01,16.715000000000003,1212796789.4905791
Rt3,M4,cDXHP,Measure,CZ02,25.97041666666667,1548851363.595119
Rt3,M4,cDXHP,Measure,CZ03,24.965,1457094145.1603837
Rt3,M4,cDXHP,Measure,CZ04,32.625416666666666,1793851339.8956947
Rt3,M4,cDXHP,Measure,CZ05,22.50375,1408965445.5212727
Rt3,M4,cDXHP,Measure,CZ06,25.295833333333334,1498633834.034151
Rt3,M4,cDXHP,Measure,CZ07,25.2725,1596681468.1784482
Rt3,M4,cDXHP,Measure,CZ08,32.28541666666666,1791554871.19492
Rt3,M4,cDXHP,Measure,CZ09,35.456250000000004,1917007984.2638319
Rt3,M4,cDXHP,Measure,CZ10,35.55666666666667,1965611197.9141855
Rt3,M4,cDXHP,Measure,CZ11,36.25708333333334,1746751429.4816003
Rt3,M4,cDXHP,Measure,CZ12,33.139583333333334,1797343303.1226406
Rt3,M4,cDXHP,Measure,CZ13,37.3975,1790333885.3397665
Rt3,M4,cDXHP,Measure,CZ14,33.69791666666667,1629136823.8837056
Rt3,M4,cDXHP,Measure,CZ15,42.32083333333334,2197643127.265789
Rt3,M4,cDXHP,Measure,CZ16,25.15416666666667,1396904154.3220122
Rt3,M4,cPTAC,Base,CZ01,16.715000000000003,1167911889.6825938
Rt3,M4,cPTAC,Base,CZ02,25.97041666666667,1524908130.088469
Rt3,M4,cPTAC,Base,CZ03,24.965,1431384763.9915628
Rt3,M4,cPTAC,Base,CZ04,32.625416666666666,1765011642.4885726
Rt3,M4,cPTAC,Base,CZ05,22.50375,1369260726.3863852
Rt3,M4,cPTAC,Base,CZ06,25.295833333333334,1486524047.8002093
Rt3,M4,cPTAC,Base,CZ07,25.2725,1614831183.2377474
Rt3,M4,cPTAC,Base,CZ08,32.28541666666666,1764744895.6301227
Rt3,M4,cPTAC,Base,CZ09,35.456250000000004,1882567391.7452207
Rt3,M4,cPTAC,Base,CZ10,35.55666666666667,1943187931.4679825
Rt3,M4,cPTAC,Base,CZ11,36.25708333333334,1780282796.5096722
Rt3,M4,cPTAC,Base,CZ12,33.139583333333334,1775462170.5346322
Rt3,M4,cPTAC,Base,CZ13,37.3975,1821085239.8676326
Rt3,M4,cPTAC,Base,CZ14,33.69791666666667,1659969547.1900198
Rt3,M4,cPTAC,Base,CZ15,42.32083333333334,2202421119.3908224
Rt3,M4,cPTAC,Base,CZ16,25.15416666666667,1428803965.0582552
Rt3,M4,cPTAC,Measure,CZ01,16.715000000000003,1211860090.2313051
Rt3,M4,cPTAC,Measure,CZ02,25.97041666666667,1551751214.6110258
Rt3,M4,cPTAC,Measure,CZ03,24.965,1454851475.5274138
Rt3,M4,cPTAC,Measure,CZ04,32.625416666666666,1776323911.4412897
Rt3,M4,cPTAC,Measure,CZ05,22.50375,1400594477.4825563
Rt3,M4,cPTAC,Measure,CZ06,25.295833333333334,1493322832.148332
Rt3,M4,cPTAC,Measure,CZ07,25.2725,1611916720.5557106
Rt3,M4,cPTAC,Measure,CZ08,32.28541666666666,1772534300.7067995
Rt3,M4,cPTAC,Measure,CZ09,35.456250000000004,1888727952.839343
Rt3,M4,cPTAC,Measure,CZ10,35.55666666666667,1949652992.6338022
Rt3,M4,cPTAC,Measure,CZ11,36.25708333333334,1737772839.457089
Rt3,M4,cPTAC,Measure,CZ12,33.139583333333334,1783868041.4086423
Rt3,M4,cPTAC,Measure,CZ13,37.3975,1775881462.8636315
Rt3,M4,cPTAC,Measure,CZ14,33.69791666666667,1616330594.8465798
Rt3,M4,cPTAC,Measure,CZ15,42.32083333333334,2197374715.223267
Rt3,M4,cPTAC,Measure,CZ16,25.15416666666667,1390339988.9275095
Rt3,M4,cPVVG,Base,CZ01,16.715000000000003,996078402.487637
Rt3,M4,cPVVG,Base,CZ02,25.97041666666667,1379311169.7215939
Rt3,M4,cPVVG,Base,CZ03,24.965,1297150051.7723575
Rt3,M4,cPVVG,Base,CZ04,32.625416666666666,1665695020.5310771
Rt3,M4,cPVVG,Base,CZ05,22.50375,1212089233.7567456
Rt3,M4,cPVVG,Base,CZ06,25.295833333333334,1356306777.8544407
Rt3,M4,cPVVG,Base,CZ07,25.2725,1495210017.9651895
Rt3,M4,cPVVG,Base,CZ08,32.28541666666666,1669259376.797946
Rt3,M4,cPVVG,Base,CZ09,35.456250000000004,1802033560.5459342
Rt3,M4,cPVVG,Base,CZ10,35.55666666666667,1849301333.687409
Rt3,M4,cPVVG,Base,CZ11,36.25708333333334,1686969994.040047
Rt3,M4,cPVVG,Base,CZ12,33.139583333333334,1685671192.7023287
Rt3,M4,cPVVG,Base,CZ13,37.3975,1740212173.546416
Rt3,M4,cPVVG,Base,CZ14,33.69791666666667,1562584288.3757823
Rt3,M4,cPVVG,Base,CZ15,42.32083333333334,2154439752.9210258
Rt3,M4,cPVVG,Base,CZ16,25.15416666666667,1270806476.261229
Rt3,M4,cPVVG,Measure,CZ01,16.715000000000003,1057672349.6192485
Rt3,M4,cPVVG,Measure,CZ02,25.97041666666667,1437224846.0755618
Rt3,M4,cPVVG,Measure,CZ03,24.965,1347675509.7008438
Rt3,M4,cPVVG,Measure,CZ04,32.625416666666666,1697222555.8032222
Rt3,M4,cPVVG,Measure,CZ05,22.50375,1269300385.050604
Rt3,M4,cPVVG,Measure,CZ06,25.295833333333334,1378711951.849423
Rt3,M4,cPVVG,Measure,CZ07,25.2725,1507287927.0244167
Rt3,M4,cPVVG,Measure,CZ08,32.28541666666666,1693872332.0047953
Rt3,M4,cPVVG,Measure,CZ09,35.456250000000004,1823955099.9868245
Rt3,M4,cPVVG,Measure,CZ10,35.55666666666667,1872338758.1541224
Rt3,M4,cPVVG,Measure,CZ11,36.25708333333334,1670570393.9826202
Rt3,M4,cPVVG,Measure,CZ12,33.139583333333334,1711337489.815446
Rt3,M4,cPVVG,Measure,CZ13,37.3975,1717609373.1178799
Rt3,M4,cPVVG,Measure,CZ14,33.69791666666667,1546172245.0034845
Rt3,M4,cPVVG,Measure,CZ15,42.32083333333334,2148513764.1905327
Rt3,M4,cPVVG,Measure,CZ16,25.15416666666667,1265413241.6782565
Rt3,M5,cDXGF,Base,CZ01,16.715000000000003,1211959528.4927418
Rt3,M5,cDXGF,Base,CZ02,25.97041666666667,1561299359.6788802
Rt3,M5,cDXGF,Base,CZ03,24.965,1433824457.964857
Rt3,M5,cDXGF,Base,CZ04,32.625416666666666,1766242360.7588944
Rt3,M5,cDXGF,Base,CZ05,22.50375,1347786077.7739463
Rt3,M5,cDXGF,Base,CZ06,25.295833333333334,1462708244.918027
Rt3,M5,cDXGF,Base,CZ07,25.2725,1612067173.7118456
Rt3,M5,cDXGF,Base,CZ08,32.28541666666666,1772854553.5785785
Rt3,M5,cDXGF,Base,CZ09,35.456250000000004,1920084193.9406643
Rt3,M5,cDXGF,Base,CZ10,35.55666666666667,1952558996.6350439
Rt3,M5,cDXGF,Base,CZ11,36.25708333333334,1766994171.9126856
Rt3,M5,cDXGF,Base,CZ12,33.139583333333334,1834077800.326056
Rt3,M5,cDXGF,Base,CZ13,37.3975,1805039341.8233094
Rt3,M5,cDXGF,Base,CZ14,33.69791666666667,1589551745.3060038
Rt3,M5,cDXGF,Base,CZ15,42.32083333333334,2291620456.3814344
Rt3,M5,cDXGF,Base,CZ16,25.15416666666667,1320825661.143972
Rt3,M5,cDXGF,Measure,CZ01,16.715000000000003,1151133884.3224816
Rt3,M5,cDXGF,Measure,CZ02,25.97041666666667,1444575561.3798165
Rt3,M5,cDXGF,Measure,CZ03,24.965,1338120853.4649034
Rt3,M5,cDXGF,Measure,CZ04,32.625416666666666,1615205945.7784226
Rt3,M5,cDXGF,Measure,CZ05,22.50375,1265965407.7355509
Rt3,M5,cDXGF,Measure,CZ06,25.295833333333334,1363029491.3013306
Rt3,M5,cDXGF,Measure,CZ07,25.2725,1493542554.275854
Rt3,M5,cDXGF,Measure,CZ08,32.28541666666666,1620175826.3083434
Rt3,M5,cDXGF,Measure,CZ09,35.456250000000004,1743219289.2595878
Rt3,M5,cDXGF,Measure,CZ10,35.55666666666667,1769155212.3192217
Rt3,M5,cDXGF,Measure,CZ11,36.25708333333334,1597162430.8910499
Rt3,M5,cDXGF,Measure,CZ12,33.139583333333334,1671161541.7588425
Rt3,M5,cDXGF,Measure,CZ13,37.3975,1628054438.07898
Rt3,M5,cDXGF,Measure,CZ14,33.69791666666667,1451545253.1681635
Rt3,M5,cDXGF,Measure,CZ15,42.32083333333334,2045516184.72451
Rt3,M5,cDXGF,Measure,CZ16,25.15416666666667,1229781811.529641
Rt3,M5,cDXHP,Base,CZ01,16.715000000000003,1209937346.3307002
Rt3,M5,cDXHP,Base,CZ02,25.97041666666667,1540333222.7301376
Rt3,M5,cDXHP,Base,CZ03,24.965,1414657768.511444
Rt3,M5,cDXHP,Base,CZ04,32.625416666666666,1725302879.2495956
Rt3,M5,cDXHP,Base,CZ05,22.50375,1322464721.8175004
Rt3,M5,cDXHP,Base,CZ06,25.295833333333334,1435581342.8105047
Rt3,M5,cDXHP,Base,CZ07,25.2725,1586202464.9748402
Rt3,M5,cDXHP,Base,CZ08,32.28541666666666,1738760592.1852922
Rt3,M5,cDXHP,Base,CZ09,35.456250000000004,1876558221.240382
Rt3,M5,cDXHP,Base,CZ10,35.55666666666667,1907974289.2760646
Rt3,M5,cDXHP,Base,CZ11,36.25708333333334,1733868115.5496566
Rt3,M5,cDXHP,Base,CZ12,33.139583333333334,1795591180.6668649
Rt3,M5,cDXHP,Base,CZ13,37.3975,1759937416.141212
Rt3,M5,cDXHP,Base,CZ14,33.69791666666667,1520594413.1685112
Rt3,M5,cDXHP,Base,CZ15,42.32083333333334,2291010127.282439
Rt3,M5,cDXHP,Base,CZ16,25.15416666666667,1299803158.3524072
Rt3,M5,cDXHP,Measure,CZ01,16.715000000000003,1143790117.6435962
Rt3,M5,cDXHP,Measure,CZ02,25.97041666666667,1420221843.4969897
Rt3,M5,cDXHP,Measure,CZ03,24.965,1315337240.9154646
Rt3,M5,cDXHP,Measure,CZ04,32.625416666666666,1574445780.3000689
Rt3,M5,cDXHP,Measure,CZ05,22.50375,1238614306.7593446
Rt3,M5,cDXHP,Measure,CZ06,25.295833333333334,1334596323.907657
Rt3,M5,cDXHP,Measure,CZ07,25.2725,1466046597.1781645
Rt3,M5,cDXHP,Measure,CZ08,32.28541666666666,1586724129.0393076
Rt3,M5,cDXHP,Measure,CZ09,35.456250000000004,1702135943.0146713
Rt3,M5,cDXHP,Measure,CZ10,35.55666666666667,1728517447.480013
Rt3,M5,cDXHP,Measure,CZ11,36.25708333333334,1565077276.4351807
Rt3,M5,cDXHP,Measure,CZ12,33.139583333333334,1632379071.758762
Rt3,M5,cDXHP,Measure,CZ13,37.3975,1586516768.4641387
Rt3,M5,cDXHP,Measure,CZ14,33.69791666666667,1388765608.2017426
Rt3,M5,cDXHP,Measure,CZ15,42.32083333333334,2044972816.9084644
Rt3,M5,cDXHP,Measure,CZ16,25.15416666666667,1207010050.2723324
Rt3,M5,cPTAC,Base,CZ01,16.715000000000003,1210218410.291491
Rt3,M5,cPTAC,Base,CZ02,25.97041666666667,1561299171.902764
Rt3,M5,cPTAC,Base,CZ03,24.965,1433702190.7681394
Rt3,M5,cPTAC,Base,CZ04,32.625416666666666,1766242104.659213
Rt3,M5,cPTAC,Base,CZ05,22.50375,1346962490.546571
Rt3,M5,cPTAC,Base,CZ06,25.295833333333334,1462708244.9180632
Rt3,M5,cPTAC,Base,CZ07,25.2725,1612067173.711966
Rt3,M5,cPTAC,Base,CZ08,32.28541666666666,1772854553.5784564
Rt3,M5,cPTAC,Base,CZ09,35.456250000000004,1920084193.931659
Rt3,M5,cPTAC,Base,CZ10,35.55666666666667,1952558996.6173606
Rt3,M5,cPTAC,Base,CZ11,36.25708333333334,1766993877.6539
Rt3,M5,cPTAC,Base,CZ12,33.139583333333334,1834077800.3262513
Rt3,M5,cPTAC,Base,CZ13,37.3975,1805039341.8221898
Rt3,M5,cPTAC,Base,CZ14,33.69791666666667,1589551745.3099256
Rt3,M5,cPTAC,Base,CZ15,42.32083333333334,2291620456.3814716
Rt3,M5,cPTAC,Base,CZ16,25.15416666666667,1320825646.5416374
Rt3,M5,cPTAC,Measure,CZ01,16.715000000000003,1149648996.4828262
Rt3,M5,cPTAC,Measure,CZ02,25.97041666666667,1444575403.0608215
Rt3,M5,cPTAC,Measure,CZ03,24.965,1338017245.5490186
Rt3,M5,cPTAC,Measure,CZ04,32.625416666666666,1615205723.1568365
Rt3,M5,cPTAC,Measure,CZ05,22.50375,1265268094.1577535
Rt3,M5,cPTAC,Measure,CZ06,25.295833333333334,1363029491.3013902
Rt3,M5,cPTAC,Measure,CZ07,25.2725,1493542554.2728539
Rt3,M5,cPTAC,Measure,CZ08,32.28541666666666,1620175826.3082943
Rt3,M5,cPTAC,Measure,CZ09,35.456250000000004,1743219289.2523706
Rt3,M5,cPTAC,Measure,CZ10,35.55666666666667,1769155212.3044314
Rt3,M5,cPTAC,Measure,CZ11,36.25708333333334,1597161345.9363887
Rt3,M5,cPTAC,Measure,CZ12,33.139583333333334,1671161541.7581673
Rt3,M5,cPTAC,Measure,CZ13,37.3975,1628054438.0791519
Rt3,M5,cPTAC,Measure,CZ14,33.69791666666667,1451545253.1704814
Rt3,M5,cPTAC,Measure,CZ15,42.32083333333334,2045516184.7263315
Rt3,M5,cPTAC,Measure,CZ16,25.15416666666667,1229781798.9894044
Rt3,M5,cPVVG,Base,CZ01,16.715000000000003,1198875770.1277294
Rt3,M5,cPVVG,Base,CZ02,25.97041666666667,1547146294.324343
Rt3,M5,cPVVG,Base,CZ03,24.965,1420248672.1560073
Rt3,M5,cPVVG,Base,CZ04,32.625416666666666,1751025333.1659758
Rt3,M5,cPVVG,Base,CZ05,22.50375,1334172408.490861
Rt3,M5,cPVVG,Base,CZ06,25.295833333333334,1447708100.0917659
Rt3,M5,cPVVG,Base,CZ07,25.2725,1596606015.4719281
Rt3,M5,cPVVG,Base,CZ08,32.28541666666666,1758688827.1792455
Rt3,M5,cPVVG,Base,CZ09,35.456250000000004,1907257979.2290497
Rt3,M5,cPVVG,Base,CZ10,35.55666666666667,1937416361.252214
Rt3,M5,cPVVG,Base,CZ11,36.25708333333334,1752647580.1186397
Rt3,M5,cPVVG,Base,CZ12,33.139583333333334,1820543497.8449912
Rt3,M5,cPVVG,Base,CZ13,37.3975,1790785347.5909822
Rt3,M5,cPVVG,Base,CZ14,33.69791666666667,1574330989.7952769
Rt3,M5,cPVVG,Base,CZ15,42.32083333333334,2277814020.644863
Rt3,M5,cPVVG,Base,CZ16,25.15416666666667,1303267977.5863338
Rt3,M5,cPVVG,Measure,CZ01,16.715000000000003,1138633001.8998451
Rt3,M5,cPVVG,Measure,CZ02,25.97041666666667,1431154658.240401
Rt3,M5,cPVVG,Measure,CZ03,24.965,1325221161.8729863
Rt3,M5,cPVVG,Measure,CZ04,32.625416666666666,1600851924.379461
Rt3,M5,cPVVG,Measure,CZ05,22.50375,1252987307.552234
Rt3,M5,cPVVG,Measure,CZ06,25.295833333333334,1348775532.8144314
Rt3,M5,cPVVG,Measure,CZ07,25.2725,1478915842.6341758
Rt3,M5,cPVVG,Measure,CZ08,32.28541666666666,1606807344.5102558
Rt3,M5,cPVVG,Measure,CZ09,35.456250000000004,1731159751.7605343
Rt3,M5,cPVVG,Measure,CZ10,35.55666666666667,1754940151.0163584
Rt3,M5,cPVVG,Measure,CZ11,36.25708333333334,1583843696.1644661
Rt3,M5,cPVVG,Measure,CZ12,33.139583333333334,1658422298.3600109
Rt3,M5,cPVVG,Measure,CZ13,37.3975,1614893079.0956647
Rt3,M5,cPVVG,Measure,CZ14,33.69791666666667,1437293995.774289
Rt3,M5,cPVVG,Measure,CZ15,42.32083333333334,2032774817.2406192
Rt3,M5,cPVVG,Measure,CZ16,25.15416666666667,1213096081.6777327
RtL,M1,cDXGF,Base,CZ01,16.715000000000003,1112809233.0260906
RtL,M1,cDXGF,Base,CZ02,25.97041666666667,1493621213.7734954
RtL,M1,cDXGF,Base,CZ03,24.965,1390274534.0267453
RtL,M1,cDXGF,Base,CZ04,32.625416666666666,1753625088.58225
RtL,M1,cDXGF,Base,CZ05,22.50375,1305250457.7596128
RtL,M1,cDXGF,Base,CZ06,25.295833333333334,1465106045.826486
RtL,M1,cDXGF,Base,CZ07,25.2725,1580300775.6910138
RtL,M1,cDXGF,Base,CZ08,32.28541666666666,1761660966.0867577
RtL,M1,cDXGF,Base,CZ09,35.456250000000004,1875937106.3740876
RtL,M1,cDXGF,Base,CZ10,35.55666666666667,1859773238.5850635
RtL,M1,cDXGF,Base,CZ11,36.25708333333334,1769255886.0797477
RtL,M1,cDXGF,Base,CZ12,33.139583333333334,1780357077.6409175
RtL,M1,cDXGF,Base,CZ13,37.3975,1817003907.3596187
RtL,M1,cDXGF,Base,CZ14,33.69791666666667,1672556012.4929636
RtL,M1,cDXGF,Base,CZ15,42.32083333333334,2196117040.0213976
RtL,M1,cDXGF,Base,CZ16,25.15416666666667,1456775870.54991
RtL,M1,cDXGF,Measure,CZ01,16.715000000000003,1125172756.7370317
RtL,M1,cDXGF,Measure,CZ02,25.97041666666667,1517013416.077228
RtL,M1,cDXGF,Measure,CZ03,24.965,1410662192.1342468
RtL,M1,cDXGF,Measure,CZ04,32.625416666666666,1762886902.8432658
RtL,M1,cDXGF,Measure,CZ05,22.50375,1327628885.5490785
RtL,M1,cDXGF,Measure,CZ06,25.295833333333334,1469675673.5903697
RtL,M1,cDXGF,Measure,CZ07,25.2725,1575131888.2686405
RtL,M1,cDXGF,Measure,CZ08,32.28541666666666,1766934691.6584568
RtL,M1,cDXGF,Measure,CZ09,35.456250000000004,1879501349.9492688
RtL,M1,cDXGF,Measure,CZ10,35.55666666666667,1864370189.862615
RtL,M1,cDXGF,Measure,CZ11,36.25708333333334,1717276301.1999624
RtL,M1,cDXGF,Measure,CZ12,33.139583333333334,1786634644.0511928
RtL,M1,cDXGF,Measure,CZ13,37.3975,1762868694.3522897
RtL,M1,cDXGF,Measure,CZ14,33.69791666666667,1622888869.2046423
RtL,M1,cDXGF,Measure,CZ15,42.32083333333334,2189837482.3260837
RtL,M1,cDXGF,Measure,CZ16,25.15416666666667,1414453890.2478352
RtL,M1,cDXHP,Base,CZ01,16.715000000000003,1113735151.4854653
RtL,M1,cDXHP,Base,CZ02,25.97041666666667,1492290002.9542532
RtL,M1,cDXHP,Base,CZ03,24.965,1391710831.599728
RtL,M1,cDXHP,Base,CZ04,32.625416666666666,1756868654.659635
RtL,M1,cDXHP,Base,CZ05,22.50375,1308825367.5290427
RtL,M1,cDXHP,Base,CZ06,25.295833333333334,1467906184.2784805
RtL,M1,cDXHP,Base,CZ07,25.2725,1564664509.5465581
RtL,M1,cDXHP,Base,CZ08,32.28541666666666,1767442768.7662768
RtL,M1,cDXHP,Base,CZ09,35.456250000000004,1884007284.304282
RtL,M1,cDXHP,Base,CZ10,35.55666666666667,1860852539.882797
RtL,M1,cDXHP,Base,CZ11,36.25708333333334,1769132008.2308574
RtL,M1,cDXHP,Base,CZ12,33.139583333333334,1783246713.67935
RtL,M1,cDXHP,Base,CZ13,37.3975,1819524224.9690514
RtL,M1,cDXHP,Base,CZ14,33.69791666666667,1675306830.252707
RtL,M1,cDXHP,Base,CZ15,42.32083333333334,2196117040.021396
RtL,M1,cDXHP,Base,CZ16,25.15416666666667,1461354997.0857334
RtL,M1,cDXHP,Measure,CZ01,16.715000000000003,1126410593.303467
RtL,M1,cDXHP,Measure,CZ02,25.97041666666667,1514511090.4574456
RtL,M1,cDXHP,Measure,CZ03,24.965,1411471411.2426767
RtL,M1,cDXHP,Measure,CZ04,32.625416666666666,1766260225.1440096
RtL,M1,cDXHP,Measure,CZ05,22.50375,1331765807.089057
RtL,M1,cDXHP,Measure,CZ06,25.295833333333334,1472502626.0133696
RtL,M1,cDXHP,Measure,CZ07,25.2725,1559479120.2839384
RtL,M1,cDXHP,Measure,CZ08,32.28541666666666,1772739264.8934863
RtL,M1,cDXHP,Measure,CZ09,35.456250000000004,1887277152.5956283
RtL,M1,cDXHP,Measure,CZ10,35.55666666666667,1865446803.1313453
RtL,M1,cDXHP,Measure,CZ11,36.25708333333334,1717086703.744072
RtL,M1,cDXHP,Measure,CZ12,33.139583333333334,1789267944.117512
RtL,M1,cDXHP,Measure,CZ13,37.3975,1765283479.9528022
RtL,M1,cDXHP,Measure,CZ14,33.69791666666667,1625628582.3682864
RtL,M1,cDXHP,Measure,CZ15,42.32083333333334,2189837482.3260565
RtL,M1,cDXHP,Measure,CZ16,25.15416666666667,1418793040.6385684
RtL,M1,cPTAC,Base,CZ01,16.715000000000003,1109409357.2125514
RtL,M1,cPTAC,Base,CZ02,25.97041666666667,1493082533.293295
RtL,M1,cPTAC,Base,CZ03,24.965,1389479152.8728156
RtL,M1,cPTAC,Base,CZ04,32.625416666666666,1753613645.3398957
RtL,M1,cPTAC,Base,CZ05,22.50375,1302614008.8138409
RtL,M1,cPTAC,Base,CZ06,25.295833333333334,1464736840.222386
RtL,M1,cPTAC,Base,CZ07,25.2725,1580299300.3175464
RtL,M1,cPTAC,Base,CZ08,32.28541666666666,1761666561.8009934
RtL,M1,cPTAC,Base,CZ09,35.456250000000004,1875935958.5809498
RtL,M1,cPTAC,Base,CZ10,35.55666666666667,1859776560.5680058
RtL,M1,cPTAC,Base,CZ11,36.25708333333334,1769255665.7900932
RtL,M1,cPTAC,Base,CZ12,33.139583333333334,1780352176.5338755
RtL,M1,cPTAC,Base,CZ13,37.3975,1817003912.179995
RtL,M1,cPTAC,Base,CZ14,33.69791666666667,1672556160.2111883
RtL,M1,cPTAC,Base,CZ15,42.32083333333334,2196117040.0213847
RtL,M1,cPTAC,Base,CZ16,25.15416666666667,1456775884.8846803
RtL,M1,cPTAC,Measure,CZ01,16.715000000000003,1123445691.0067437
RtL,M1,cPTAC,Measure,CZ02,25.97041666666667,1516456392.2256813
RtL,M1,cPTAC,Measure,CZ03,24.965,1409913594.3130577
RtL,M1,cPTAC,Measure,CZ04,32.625416666666666,1762874571.9758458
RtL,M1,cPTAC,Measure,CZ05,22.50375,1325990169.3948808
RtL,M1,cPTAC,Measure,CZ06,25.295833333333334,1469298370.6745281
RtL,M1,cPTAC,Measure,CZ07,25.2725,1575130356.6710415
RtL,M1,cPTAC,Measure,CZ08,32.28541666666666,1766940561.7389297
RtL,M1,cPTAC,Measure,CZ09,35.456250000000004,1879500220.2420902
RtL,M1,cPTAC,Measure,CZ10,35.55666666666667,1864373996.299159
RtL,M1,cPTAC,Measure,CZ11,36.25708333333334,1717275564.9736223
RtL,M1,cPTAC,Measure,CZ12,33.139583333333334,1786629426.884487
RtL,M1,cPTAC,Measure,CZ13,37.3975,1762868699.2825427
RtL,M1,cPTAC,Measure,CZ14,33.69791666666667,1622889030.5626087
RtL,M1,cPTAC,Measure,CZ15,42.32083333333334,2189837482.326066
RtL,M1,cPTAC,Measure,CZ16,25.15416666666667,1414453925.4637027
RtL,M1,cPVVG,Base,CZ01,16.715000000000003,965368118.9518268
RtL,M1,cPVVG,Base,CZ02,25.97041666666667,1356248378.2278676
RtL,M1,cPVVG,Base,CZ03,24.965,1266511732.3791666
RtL,M1,cPVVG,Base,CZ04,32.625416666666666,1632758857.740991
RtL,M1,cPVVG,Base,CZ05,22.50375,1168267887.6286552
RtL,M1,cPVVG,Base,CZ06,25.295833333333334,1339914031.6367264
RtL,M1,cPVVG,Base,CZ07,25.2725,1460904222.2585347
RtL,M1,cPVVG,Base,CZ08,32.28541666666666,1661928821.5977716
RtL,M1,cPVVG,Base,CZ09,35.456250000000004,1787978142.6710854
RtL,M1,cPVVG,Base,CZ10,35.55666666666667,1762943221.0505152
RtL,M1,cPVVG,Base,CZ11,36.25708333333334,1660050334.3627014
RtL,M1,cPVVG,Base,CZ12,33.139583333333334,1671355219.9485433
RtL,M1,cPVVG,Base,CZ13,37.3975,1718962603.368918
RtL,M1,cPVVG,Base,CZ14,33.69791666666667,1554394980.4811022
RtL,M1,cPVVG,Base,CZ15,42.32083333333334,2136716694.270921
RtL,M1,cPVVG,Base,CZ16,25.15416666666667,1301685376.7094455
RtL,M1,cPVVG,Measure,CZ01,16.715000000000003,993390417.335504
RtL,M1,cPVVG,Measure,CZ02,25.97041666666667,1402895080.245247
RtL,M1,cPVVG,Measure,CZ03,24.965,1309432398.712232
RtL,M1,cPVVG,Measure,CZ04,32.625416666666666,1661076929.3690462
RtL,M1,cPVVG,Measure,CZ05,22.50375,1211247274.4277496
RtL,M1,cPVVG,Measure,CZ06,25.295833333333334,1359885628.2258663
RtL,M1,cPVVG,Measure,CZ07,25.2725,1469542796.6414647
RtL,M1,cPVVG,Measure,CZ08,32.28541666666666,1683734594.9042234
RtL,M1,cPVVG,Measure,CZ09,35.456250000000004,1807455332.2867138
RtL,M1,cPVVG,Measure,CZ10,35.55666666666667,1784844961.6862826
RtL,M1,cPVVG,Measure,CZ11,36.25708333333334,1638722846.2912817
RtL,M1,cPVVG,Measure,CZ12,33.139583333333334,1693959248.0523129
RtL,M1,cPVVG,Measure,CZ13,37.3975,1691962097.3124223
RtL,M1,cPVVG,Measure,CZ14,33.69791666666667,1534717797.9272017
RtL,M1,cPVVG,Measure,CZ15,42.32083333333334,2129111892.2739878
RtL,M1,cPVVG,Measure,CZ16,25.15416666666667,1294141408.798207
RtL,M2,cDXGF,Base,CZ01,16.715000000000003,1370119735.7234182
RtL,M2,cDXGF,Base,CZ02,25.97041666666667,1544108180.3653393
RtL,M2,cDXGF,Base,CZ03,24.965,1464203413.0924823
RtL,M2,cDXGF,Base,CZ04,32.625416666666666,1652353691.1552026
RtL,M2,cDXGF,Base,CZ05,22.50375,1443134165.5530498
RtL,M2,cDXGF,Base,CZ06,25.295833333333334,1493304092.0798862
RtL,M2,cDXGF,Base,CZ07,25.2725,1537594914.1432161
RtL,M2,cDXGF,Base,CZ08,32.28541666666666,1662654637.220852
RtL,M2,cDXGF,Base,CZ09,35.456250000000004,1714835549.7760682
RtL,M2,cDXGF,Base,CZ10,35.55666666666667,1688487950.3683643
RtL,M2,cDXGF,Base,CZ11,36.25708333333334,1572700161.6116047
RtL,M2,cDXGF,Base,CZ12,33.139583333333334,1667757215.2593992
RtL,M2,cDXGF,Base,CZ13,37.3975,1604114930.525086
RtL,M2,cDXGF,Base,CZ14,33.69791666666667,1533037944.435803
RtL,M2,cDXGF,Base,CZ15,42.32083333333334,1858925496.2969844
RtL,M2,cDXGF,Base,CZ16,25.15416666666667,1479572403.0245066
RtL,M2,cDXGF,Measure,CZ01,16.715000000000003,1350854940.5215082
RtL,M2,cDXGF,Measure,CZ02,25.97041666666667,1525164926.1390033
RtL,M2,cDXGF,Measure,CZ03,24.965,1443927010.8408115
RtL,M2,cDXGF,Measure,CZ04,32.625416666666666,1634413671.7510705
RtL,M2,cDXGF,Measure,CZ05,22.50375,1422075407.510651
RtL,M2,cDXGF,Measure,CZ06,25.295833333333334,1474362051.6546907
RtL,M2,cDXGF,Measure,CZ07,25.2725,1519462604.176679
RtL,M2,cDXGF,Measure,CZ08,32.28541666666666,1642524785.1700788
RtL,M2,cDXGF,Measure,CZ09,35.456250000000004,1694393068.8484871
RtL,M2,cDXGF,Measure,CZ10,35.55666666666667,1668122963.6553583
RtL,M2,cDXGF,Measure,CZ11,36.25708333333334,1528877659.8530214
RtL,M2,cDXGF,Measure,CZ12,33.139583333333334,1652004122.903282
RtL,M2,cDXGF,Measure,CZ13,37.3975,1561396835.711526
RtL,M2,cDXGF,Measure,CZ14,33.69791666666667,1486513399.2126412
RtL,M2,cDXGF,Measure,CZ15,42.32083333333334,1852907722.3509872
RtL,M2,cDXGF,Measure,CZ16,25.15416666666667,1426884669.6398773
RtL,M2,cDXHP,Base,CZ01,16.715000000000003,1369101243.4615006
RtL,M2,cDXHP,Base,CZ02,25.97041666666667,1540804237.4425926
RtL,M2,cDXHP,Base,CZ03,24.965,1460397690.292344
RtL,M2,cDXHP,Base,CZ04,32.625416666666666,1650152877.7837443
RtL,M2,cDXHP,Base,CZ05,22.50375,1439628462.5979943
RtL,M2,cDXHP,Base,CZ06,25.295833333333334,1490940749.1912904
RtL,M2,cDXHP,Base,CZ07,25.2725,1533566419.5603523
RtL,M2,cDXHP,Base,CZ08,32.28541666666666,1660687524.4147463
RtL,M2,cDXHP,Base,CZ09,35.456250000000004,1713362816.0354629
RtL,M2,cDXHP,Base,CZ10,35.55666666666667,1687622284.6534047
RtL,M2,cDXHP,Base,CZ11,36.25708333333334,1571736410.4780707
RtL,M2,cDXHP,Base,CZ12,33.139583333333334,1665256021.947235
RtL,M2,cDXHP,Base,CZ13,37.3975,1602900129.9838407
RtL,M2,cDXHP,Base,CZ14,33.69791666666667,1530216057.8241458
RtL,M2,cDXHP,Base,CZ15,42.32083333333334,1858925496.29696
RtL,M2,cDXHP,Base,CZ16,25.15416666666667,1477829140.5934572
RtL,M2,cDXHP,Measure,CZ01,16.715000000000003,1349062920.2831044
RtL,M2,cDXHP,Measure,CZ02,25.97041666666667,1521510251.7940369
RtL,M2,cDXHP,Measure,CZ03,24.965,1439512513.7622647
RtL,M2,cDXHP,Measure,CZ04,32.625416666666666,1632015976.253949
RtL,M2,cDXHP,Measure,CZ05,22.50375,1417997599.3895755
RtL,M2,cDXHP,Measure,CZ06,25.295833333333334,1471667592.222684
RtL,M2,cDXHP,Measure,CZ07,25.2725,1515112633.2746654
RtL,M2,cDXHP,Measure,CZ08,32.28541666666666,1640341563.7695432
RtL,M2,cDXHP,Measure,CZ09,35.456250000000004,1692764687.195271
RtL,M2,cDXHP,Measure,CZ10,35.55666666666667,1667208755.8532834
RtL,M2,cDXHP,Measure,CZ11,36.25708333333334,1527870763.8854742
RtL,M2,cDXHP,Measure,CZ12,33.139583333333334,1649327551.5953205
RtL,M2,cDXHP,Measure,CZ13,37.3975,1560115749.717514
RtL,M2,cDXHP,Measure,CZ14,33.69791666666667,1483627253.5478778
RtL,M2,cDXHP,Measure,CZ15,42.32083333333334,1852907722.3510303
RtL,M2,cDXHP,Measure,CZ16,25.15416666666667,1424766752.059315
RtL,M2,cPTAC,Base,CZ01,16.715000000000003,1369998301.7453876
RtL,M2,cPTAC,Base,CZ02,25.97041666666667,1544108180.3653328
RtL,M2,cPTAC,Base,CZ03,24.965,1464203413.09249
RtL,M2,cPTAC,Base,CZ04,32.625416666666666,1652353691.1551735
RtL,M2,cPTAC,Base,CZ05,22.50375,1443117017.6313808
RtL,M2,cPTAC,Base,CZ06,25.295833333333334,1493304092.0799026
RtL,M2,cPTAC,Base,CZ07,25.2725,1537594914.1432195
RtL,M2,cPTAC,Base,CZ08,32.28541666666666,1662654637.220869
RtL,M2,cPTAC,Base,CZ09,35.456250000000004,1714835549.7761056
RtL,M2,cPTAC,Base,CZ10,35.55666666666667,1688487950.368376
RtL,M2,cPTAC,Base,CZ11,36.25708333333334,1572700161.6116037
RtL,M2,cPTAC,Base,CZ12,33.139583333333334,1667757215.2594552
RtL,M2,cPTAC,Base,CZ13,37.3975,1604114930.5251117
RtL,M2,cPTAC,Base,CZ14,33.69791666666667,1533037944.4360368
RtL,M2,cPTAC,Base,CZ15,42.32083333333334,1858925496.2969122
RtL,M2,cPTAC,Base,CZ16,25.15416666666667,1479572318.311851
RtL,M2,cPTAC,Measure,CZ01,16.715000000000003,1350601667.5993366
RtL,M2,cPTAC,Measure,CZ02,25.97041666666667,1525164926.1389568
RtL,M2,cPTAC,Measure,CZ03,24.965,1443927010.8407915
RtL,M2,cPTAC,Measure,CZ04,32.625416666666666,1634413671.7510104
RtL,M2,cPTAC,Measure,CZ05,22.50375,1422046781.4996147
RtL,M2,cPTAC,Measure,CZ06,25.295833333333334,1474362051.654667
RtL,M2,cPTAC,Measure,CZ07,25.2725,1519462604.176689
RtL,M2,cPTAC,Measure,CZ08,32.28541666666666,1642524785.1700652
RtL,M2,cPTAC,Measure,CZ09,35.456250000000004,1694393068.8484416
RtL,M2,cPTAC,Measure,CZ10,35.55666666666667,1668122963.655405
RtL,M2,cPTAC,Measure,CZ11,36.25708333333334,1528879596.9034534
RtL,M2,cPTAC,Measure,CZ12,33.139583333333334,1652004122.9032748
RtL,M2,cPTAC,Measure,CZ13,37.3975,1561396835.7114716
RtL,M2,cPTAC,Measure,CZ14,33.69791666666667,1486513399.212652
RtL,M2,cPTAC,Measure,CZ15,42.32083333333334,1852907722.3509588
RtL,M2,cPTAC,Measure,CZ16,25.15416666666667,1426884669.6500556
RtL,M2,cPVVG,Base,CZ01,16.715000000000003,1251221520.0935168
RtL,M2,cPVVG,Base,CZ02,25.97041666666667,1412319120.2031693
RtL,M2,cPVVG,Base,CZ03,24.965,1345409860.4034936
RtL,M2,cPVVG,Base,CZ04,32.625416666666666,1514023170.4858696
RtL,M2,cPVVG,Base,CZ05,22.50375,1314653222.6592038
RtL,M2,cPVVG,Base,CZ06,25.295833333333334,1366905683.285037
RtL,M2,cPVVG,Base,CZ07,25.2725,1411735091.8099554
RtL,M2,cPVVG,Base,CZ08,32.28541666666666,1531958866.1078753
RtL,M2,cPVVG,Base,CZ09,35.456250000000004,1580994730.079704
RtL,M2,cPVVG,Base,CZ10,35.55666666666667,1553120317.2696207
RtL,M2,cPVVG,Base,CZ11,36.25708333333334,1432517185.74115
RtL,M2,cPVVG,Base,CZ12,33.139583333333334,1540209342.4014983
RtL,M2,cPVVG,Base,CZ13,37.3975,1469796554.1267948
RtL,M2,cPVVG,Base,CZ14,33.69791666666667,1383939810.7159014
RtL,M2,cPVVG,Base,CZ15,42.32083333333334,1737442990.7364552
RtL,M2,cPVVG,Base,CZ16,25.15416666666667,1326026688.2828135
RtL,M2,cPVVG,Measure,CZ01,16.715000000000003,1241299395.7102025
RtL,M2,cPVVG,Measure,CZ02,25.97041666666667,1401947610.9140804
RtL,M2,cPVVG,Measure,CZ03,24.965,1335741843.7939744
RtL,M2,cPVVG,Measure,CZ04,32.625416666666666,1502065247.3999166
RtL,M2,cPVVG,Measure,CZ05,22.50375,1304392336.6247416
RtL,M2,cPVVG,Measure,CZ06,25.295833333333334,1356828217.6452727
RtL,M2,cPVVG,Measure,CZ07,25.2725,1401086827.2639532
RtL,M2,cPVVG,Measure,CZ08,32.28541666666666,1520131713.5349343
RtL,M2,cPVVG,Measure,CZ09,35.456250000000004,1568216827.840997
RtL,M2,cPVVG,Measure,CZ10,35.55666666666667,1540485784.1156664
RtL,M2,cPVVG,Measure,CZ11,36.25708333333334,1410528178.6434908
RtL,M2,cPVVG,Measure,CZ12,33.139583333333334,1528547376.5652165
RtL,M2,cPVVG,Measure,CZ13,37.3975,1448423324.6496017
RtL,M2,cPVVG,Measure,CZ14,33.69791666666667,1359908779.9288292
RtL,M2,cPVVG,Measure,CZ15,42.32083333333334,1730891288.1800642
RtL,M2,cPVVG,Measure,CZ16,25.15416666666667,1299483618.8911028
RtL,M3,cDXGF,Base,CZ01,16.715000000000003,1287208482.9222915
RtL,M3,cDXGF,Base,CZ02,25.97041666666667,1496488714.7586348
RtL,M3,cDXGF,Base,CZ03,24.965,1409864547.2371547
RtL,M3,cDXGF,Base,CZ04,32.625416666666666,1631318454.447012
RtL,M3,cDXGF,Base,CZ05,22.50375,1366989761.4680645
RtL,M3,cDXGF,Base,CZ06,25.295833333333334,1432466287.9772305
RtL,M3,cDXGF,Base,CZ07,25.2725,1478844568.838305
RtL,M3,cDXGF,Base,CZ08,32.28541666666666,1652540345.403717
RtL,M3,cDXGF,Base,CZ09,35.456250000000004,1712806147.5041018
RtL,M3,cDXGF,Base,CZ10,35.55666666666667,1684557449.6029277
RtL,M3,cDXGF,Base,CZ11,36.25708333333334,1545674055.9458027
RtL,M3,cDXGF,Base,CZ12,33.139583333333334,1664089849.295405
RtL,M3,cDXGF,Base,CZ13,37.3975,1594072917.2501402
RtL,M3,cDXGF,Base,CZ14,33.69791666666667,1477272819.5852993
RtL,M3,cDXGF,Base,CZ15,42.32083333333334,1933836196.8802218
RtL,M3,cDXGF,Base,CZ16,25.15416666666667,1374478629.461883
RtL,M3,cDXGF,Measure,CZ01,16.715000000000003,1218055428.7162104
RtL,M3,cDXGF,Measure,CZ02,25.97041666666667,1389959577.4077692
RtL,M3,cDXGF,Measure,CZ03,24.965,1319061692.6439376
RtL,M3,cDXGF,Measure,CZ04,32.625416666666666,1499692863.7678027
RtL,M3,cDXGF,Measure,CZ05,22.50375,1283435579.327305
RtL,M3,cDXGF,Measure,CZ06,25.295833333333334,1339058572.0296264
RtL,M3,cDXGF,Measure,CZ07,25.2725,1382880675.3532996
RtL,M3,cDXGF,Measure,CZ08,32.28541666666666,1519279917.1520584
RtL,M3,cDXGF,Measure,CZ09,35.456250000000004,1568599605.7308562
RtL,M3,cDXGF,Measure,CZ10,35.55666666666667,1543081217.833181
RtL,M3,cDXGF,Measure,CZ11,36.25708333333334,1410293940.9592822
RtL,M3,cDXGF,Measure,CZ12,33.139583333333334,1527070838.1313126
RtL,M3,cDXGF,Measure,CZ13,37.3975,1450765298.1882906
RtL,M3,cDXGF,Measure,CZ14,33.69791666666667,1355854833.3589406
RtL,M3,cDXGF,Measure,CZ15,42.32083333333334,1746560356.10818
RtL,M3,cDXGF,Measure,CZ16,25.15416666666667,1278183792.5762606
RtL,M3,cDXHP,Base,CZ01,16.715000000000003,1248006495.1580014
RtL,M3,cDXHP,Base,CZ02,25.97041666666667,1479849097.1904545
RtL,M3,cDXHP,Base,CZ03,24.965,1384272062.57762
RtL,M3,cDXHP,Base,CZ04,32.625416666666666,1624362034.5464034
RtL,M3,cDXHP,Base,CZ05,22.50375,1338998389.3030434
RtL,M3,cDXHP,Base,CZ06,25.295833333333334,1407478235.3552349
RtL,M3,cDXHP,Base,CZ07,25.2725,1457029314.3905413
RtL,M3,cDXHP,Base,CZ08,32.28541666666666,1642762129.0989952
RtL,M3,cDXHP,Base,CZ09,35.456250000000004,1706099094.0767388
RtL,M3,cDXHP,Base,CZ10,35.55666666666667,1682274671.590735
RtL,M3,cDXHP,Base,CZ11,36.25708333333334,1544069173.6884549
RtL,M3,cDXHP,Base,CZ12,33.139583333333334,1656163972.4601583
RtL,M3,cDXHP,Base,CZ13,37.3975,1591355277.7927341
RtL,M3,cDXHP,Base,CZ14,33.69791666666667,1470549181.9160652
RtL,M3,cDXHP,Base,CZ15,42.32083333333334,1933836196.8802395
RtL,M3,cDXHP,Base,CZ16,25.15416666666667,1339430602.8875303
RtL,M3,cDXHP,Measure,CZ01,16.715000000000003,1179177897.5289714
RtL,M3,cDXHP,Measure,CZ02,25.97041666666667,1372761815.3084202
RtL,M3,cDXHP,Measure,CZ03,24.965,1292930442.0671597
RtL,M3,cDXHP,Measure,CZ04,32.625416666666666,1492186897.3119526
RtL,M3,cDXHP,Measure,CZ05,22.50375,1255196219.491981
RtL,M3,cDXHP,Measure,CZ06,25.295833333333334,1313872677.3135939
RtL,M3,cDXHP,Measure,CZ07,25.2725,1360818360.2358565
RtL,M3,cDXHP,Measure,CZ08,32.28541666666666,1508809322.4694657
RtL,M3,cDXHP,Measure,CZ09,35.456250000000004,1561338658.6335125
RtL,M3,cDXHP,Measure,CZ10,35.55666666666667,1540557081.5996485
RtL,M3,cDXHP,Measure,CZ11,36.25708333333334,1408466948.5471911
RtL,M3,cDXHP,Measure,CZ12,33.139583333333334,1518436044.561437
RtL,M3,cDXHP,Measure,CZ13,37.3975,1447722666.104196
RtL,M3,cDXHP,Measure,CZ14,33.69791666666667,1348789480.5097122
RtL,M3,cDXHP,Measure,CZ15,42.32083333333334,1746560356.10817
RtL,M3,cDXHP,Measure,CZ16,25.15416666666667,1243531988.4056773
RtL,M3,cPTAC,Base,CZ01,16.715000000000003,1286847898.3518882
RtL,M3,cPTAC,Base,CZ02,25.97041666666667,1496488714.7585652
RtL,M3,cPTAC,Base,CZ03,24.965,1409864547.2370944
RtL,M3,cPTAC,Base,CZ04,32.625416666666666,1631318454.4471912
RtL,M3,cPTAC,Base,CZ05,22.50375,1366954404.7286463
RtL,M3,cPTAC,Base,CZ06,25.295833333333334,1432466287.9772005
RtL,M3,cPTAC,Base,CZ07,25.2725,1478844568.838297
RtL,M3,cPTAC,Base,CZ08,32.28541666666666,1652540345.4037015
RtL,M3,cPTAC,Base,CZ09,35.456250000000004,1712806147.5041032
RtL,M3,cPTAC,Base,CZ10,35.55666666666667,1684557449.6028934
RtL,M3,cPTAC,Base,CZ11,36.25708333333334,1545672552.3067145
RtL,M3,cPTAC,Base,CZ12,33.139583333333334,1664089849.295429
RtL,M3,cPTAC,Base,CZ13,37.3975,1594072917.2501187
RtL,M3,cPTAC,Base,CZ14,33.69791666666667,1477272819.5853074
RtL,M3,cPTAC,Base,CZ15,42.32083333333334,1933836196.8801694
RtL,M3,cPTAC,Base,CZ16,25.15416666666667,1374478840.35111
RtL,M3,cPTAC,Measure,CZ01,16.715000000000003,1217748578.3510556
RtL,M3,cPTAC,Measure,CZ02,25.97041666666667,1389959577.4076176
RtL,M3,cPTAC,Measure,CZ03,24.965,1319061692.6439035
RtL,M3,cPTAC,Measure,CZ04,32.625416666666666,1499692863.7678876
RtL,M3,cPTAC,Measure,CZ05,22.50375,1283405657.1181169
RtL,M3,cPTAC,Measure,CZ06,25.295833333333334,1339058572.0296009
RtL,M3,cPTAC,Measure,CZ07,25.2725,1382880675.3532925
RtL,M3,cPTAC,Measure,CZ08,32.28541666666666,1519279917.1520457
RtL,M3,cPTAC,Measure,CZ09,35.456250000000004,1568599605.7308369
RtL,M3,cPTAC,Measure,CZ10,35.55666666666667,1543081217.8331525
RtL,M3,cPTAC,Measure,CZ11,36.25708333333334,1410293090.0610585
RtL,M3,cPTAC,Measure,CZ12,33.139583333333334,1527070838.1313078
RtL,M3,cPTAC,Measure,CZ13,37.3975,1450765298.1883323
RtL,M3,cPTAC,Measure,CZ14,33.69791666666667,1355854833.3589299
RtL,M3,cPTAC,Measure,CZ15,42.32083333333334,1746560356.1081553
RtL,M3,cPTAC,Measure,CZ16,25.15416666666667,1278183951.8854632
RtL,M3,cPVVG,Base,CZ01,16.715000000000003,1273111584.639645
RtL,M3,cPVVG,Base,CZ02,25.97041666666667,1480695281.4053516
RtL,M3,cPVVG,Base,CZ03,24.965,1395541491.1328807
RtL,M3,cPVVG,Base,CZ04,32.625416666666666,1613732652.5846548
RtL,M3,cPVVG,Base,CZ05,22.50375,1352419119.7481308
RtL,M3,cPVVG,Base,CZ06,25.295833333333334,1416618366.93047
RtL,M3,cPVVG,Base,CZ07,25.2725,1462699528.5432281
RtL,M3,cPVVG,Base,CZ08,32.28541666666666,1635694815.7981098
RtL,M3,cPVVG,Base,CZ09,35.456250000000004,1695231479.1093297
RtL,M3,cPVVG,Base,CZ10,35.55666666666667,1667094107.3808804
RtL,M3,cPVVG,Base,CZ11,36.25708333333334,1529032242.2794747
RtL,M3,cPVVG,Base,CZ12,33.139583333333334,1646945497.1737876
RtL,M3,cPVVG,Base,CZ13,37.3975,1577527082.6018982
RtL,M3,cPVVG,Base,CZ14,33.69791666666667,1460285375.4030113
RtL,M3,cPVVG,Base,CZ15,42.32083333333334,1914668616.891787
RtL,M3,cPVVG,Base,CZ16,25.15416666666667,1356370222.0683284
RtL,M3,cPVVG,Measure,CZ01,16.715000000000003,1204618253.8949828
RtL,M3,cPVVG,Measure,CZ02,25.97041666666667,1374944944.2675865
RtL,M3,cPVVG,Measure,CZ03,24.965,1305428642.3165476
RtL,M3,cPVVG,Measure,CZ04,32.625416666666666,1483063275.4531093
RtL,M3,cPVVG,Measure,CZ05,22.50375,1269561550.0786116
RtL,M3,cPVVG,Measure,CZ06,25.295833333333334,1323974809.5617537
RtL,M3,cPVVG,Measure,CZ07,25.2725,1367509900.43077
RtL,M3,cPVVG,Measure,CZ08,32.28541666666666,1503329415.7108612
RtL,M3,cPVVG,Measure,CZ09,35.456250000000004,1552008837.549263
RtL,M3,cPVVG,Measure,CZ10,35.55666666666667,1526609119.0169153
RtL,M3,cPVVG,Measure,CZ11,36.25708333333334,1394609081.8673592
RtL,M3,cPVVG,Measure,CZ12,33.139583333333334,1510857057.885841
RtL,M3,cPVVG,Measure,CZ13,37.3975,1435186758.8721232
RtL,M3,cPVVG,Measure,CZ14,33.69791666666667,1339807807.8662117
RtL,M3,cPVVG,Measure,CZ15,42.32083333333334,1728600036.485145
RtL,M3,cPVVG,Measure,CZ16,25.15416666666667,1260941730.0916967
RtL,M4,cDXGF,Base,CZ01,16.715000000000003,1195131013.8552217
RtL,M4,cDXGF,Base,CZ02,25.97041666666667,1526830139.0323424
RtL,M4,cDXGF,Base,CZ03,24.965,1425541946.372434
RtL,M4,cDXGF,Base,CZ04,32.625416666666666,1753618048.016272
RtL,M4,cDXGF,Base,CZ05,22.50375,1356423062.3139553
RtL,M4,cDXGF,Base,CZ06,25.295833333333334,1477153755.842349
RtL,M4,cDXGF,Base,CZ07,25.2725,1580299164.493246
RtL,M4,cDXGF,Base,CZ08,32.28541666666666,1761667715.449113
RtL,M4,cDXGF,Base,CZ09,35.456250000000004,1875969436.7157118
RtL,M4,cDXGF,Base,CZ10,35.55666666666667,1859795078.7286544
RtL,M4,cDXGF,Base,CZ11,36.25708333333334,1769254749.8978772
RtL,M4,cDXGF,Base,CZ12,33.139583333333334,1780351172.2912798
RtL,M4,cDXGF,Base,CZ13,37.3975,1817004351.5424194
RtL,M4,cDXGF,Base,CZ14,33.69791666666667,1672792678.3994308
RtL,M4,cDXGF,Base,CZ15,42.32083333333334,2196117040.000488
RtL,M4,cDXGF,Base,CZ16,25.15416666666667,1468632628.5120583
RtL,M4,cDXGF,Measure,CZ01,16.715000000000003,1229646454.039727
RtL,M4,cDXGF,Measure,CZ02,25.97041666666667,1552145156.6805851
RtL,M4,cDXGF,Measure,CZ03,24.965,1447244083.3662572
RtL,M4,cDXGF,Measure,CZ04,32.625416666666666,1762884242.7818868
RtL,M4,cDXGF,Measure,CZ05,22.50375,1385538778.2193854
RtL,M4,cDXGF,Measure,CZ06,25.295833333333334,1481697136.6244109
RtL,M4,cDXGF,Measure,CZ07,25.2725,1575130261.9971342
RtL,M4,cDXGF,Measure,CZ08,32.28541666666666,1766943416.1255097
RtL,M4,cDXGF,Measure,CZ09,35.456250000000004,1879543096.3863564
RtL,M4,cDXGF,Measure,CZ10,35.55666666666667,1864399707.164463
RtL,M4,cDXGF,Measure,CZ11,36.25708333333334,1717274931.6590796
RtL,M4,cDXGF,Measure,CZ12,33.139583333333334,1786628542.2345705
RtL,M4,cDXGF,Measure,CZ13,37.3975,1762870162.3821115
RtL,M4,cDXGF,Measure,CZ14,33.69791666666667,1623097177.766353
RtL,M4,cDXGF,Measure,CZ15,42.32083333333334,2189837482.036153
RtL,M4,cDXGF,Measure,CZ16,25.15416666666667,1426198592.4808965
RtL,M4,cDXHP,Base,CZ01,16.715000000000003,1196250134.036015
RtL,M4,cDXHP,Base,CZ02,25.97041666666667,1525412416.909817
RtL,M4,cDXHP,Base,CZ03,24.965,1426993935.78584
RtL,M4,cDXHP,Base,CZ04,32.625416666666666,1756845553.883587
RtL,M4,cDXHP,Base,CZ05,22.50375,1360513263.211054
RtL,M4,cDXHP,Base,CZ06,25.295833333333334,1480052624.786985
RtL,M4,cDXHP,Base,CZ07,25.2725,1564661731.2151952
RtL,M4,cDXHP,Base,CZ08,32.28541666666666,1767444624.7743366
RtL,M4,cDXHP,Base,CZ09,35.456250000000004,1884040754.7830276
RtL,M4,cDXHP,Base,CZ10,35.55666666666667,1860874924.940934
RtL,M4,cDXHP,Base,CZ11,36.25708333333334,1769130453.2363608
RtL,M4,cDXHP,Base,CZ12,33.139583333333334,1783229501.9024134
RtL,M4,cDXHP,Base,CZ13,37.3975,1819524287.0759335
RtL,M4,cDXHP,Base,CZ14,33.69791666666667,1675542979.1675444
RtL,M4,cDXHP,Base,CZ15,42.32083333333334,2196117040.000433
RtL,M4,cDXHP,Base,CZ16,25.15416666666667,1473234318.7458992
RtL,M4,cDXHP,Measure,CZ01,16.715000000000003,1229799461.1658778
RtL,M4,cDXHP,Measure,CZ02,25.97041666666667,1549578725.776991
RtL,M4,cDXHP,Measure,CZ03,24.965,1448050153.0395107
RtL,M4,cDXHP,Measure,CZ04,32.625416666666666,1766240449.6362226
RtL,M4,cDXHP,Measure,CZ05,22.50375,1390341563.2963986
RtL,M4,cDXHP,Measure,CZ06,25.295833333333334,1484625200.1997242
RtL,M4,cDXHP,Measure,CZ07,25.2725,1559476304.8291426
RtL,M4,cDXHP,Measure,CZ08,32.28541666666666,1772743295.9791105
RtL,M4,cDXHP,Measure,CZ09,35.456250000000004,1887321131.5184662
RtL,M4,cDXHP,Measure,CZ10,35.55666666666667,1865476520.6384654
RtL,M4,cDXHP,Measure,CZ11,36.25708333333334,1717085125.3417635
RtL,M4,cDXHP,Measure,CZ12,33.139583333333334,1789251938.9660733
RtL,M4,cDXHP,Measure,CZ13,37.3975,1765284542.823848
RtL,M4,cDXHP,Measure,CZ14,33.69791666666667,1625836394.101767
RtL,M4,cDXHP,Measure,CZ15,42.32083333333334,2189837482.036131
RtL,M4,cDXHP,Measure,CZ16,25.15416666666667,1430557776.564747
RtL,M4,cPTAC,Base,CZ01,16.715000000000003,1189790906.6498528
RtL,M4,cPTAC,Base,CZ02,25.97041666666667,1526829911.6212416
RtL,M4,cPTAC,Base,CZ03,24.965,1425471234.6153631
RtL,M4,cPTAC,Base,CZ04,32.625416666666666,1753618048.0162506
RtL,M4,cPTAC,Base,CZ05,22.50375,1354715226.588036
RtL,M4,cPTAC,Base,CZ06,25.295833333333334,1477153755.8423357
RtL,M4,cPTAC,Base,CZ07,25.2725,1580299164.4932876
RtL,M4,cPTAC,Base,CZ08,32.28541666666666,1761667715.4490848
RtL,M4,cPTAC,Base,CZ09,35.456250000000004,1875969436.7157168
RtL,M4,cPTAC,Base,CZ10,35.55666666666667,1859795078.7286456
RtL,M4,cPTAC,Base,CZ11,36.25708333333334,1769254749.8978653
RtL,M4,cPTAC,Base,CZ12,33.139583333333334,1780351172.2913141
RtL,M4,cPTAC,Base,CZ13,37.3975,1817004351.542433
RtL,M4,cPTAC,Base,CZ14,33.69791666666667,1672792678.3994436
RtL,M4,cPTAC,Base,CZ15,42.32083333333334,2196117040.0004315
RtL,M4,cPTAC,Base,CZ16,25.15416666666667,1468632639.2854424
RtL,M4,cPTAC,Measure,CZ01,16.715000000000003,1228120625.9710486
RtL,M4,cPTAC,Measure,CZ02,25.97041666666667,1552145156.6805649
RtL,M4,cPTAC,Measure,CZ03,24.965,1447244083.3661246
RtL,M4,cPTAC,Measure,CZ04,32.625416666666666,1762884242.7819011
RtL,M4,cPTAC,Measure,CZ05,22.50375,1385177302.4885395
RtL,M4,cPTAC,Measure,CZ06,25.295833333333334,1481697136.6243954
RtL,M4,cPTAC,Measure,CZ07,25.2725,1575130261.9971414
RtL,M4,cPTAC,Measure,CZ08,32.28541666666666,1766943648.9827032
RtL,M4,cPTAC,Measure,CZ09,35.456250000000004,1879543096.3863535
RtL,M4,cPTAC,Measure,CZ10,35.55666666666667,1864399707.164483
RtL,M4,cPTAC,Measure,CZ11,36.25708333333334,1717274356.3530927
RtL,M4,cPTAC,Measure,CZ12,33.139583333333334,1786628542.2345777
RtL,M4,cPTAC,Measure,CZ13,37.3975,1762870162.3820972
RtL,M4,cPTAC,Measure,CZ14,33.69791666666667,1623097177.7663639
RtL,M4,cPTAC,Measure,CZ15,42.32083333333334,2189837482.036134
RtL,M4,cPTAC,Measure,CZ16,25.15416666666667,1426198626.8377843
RtL,M4,cPVVG,Base,CZ01,16.715000000000003,1022977786.0589352
RtL,M4,cPVVG,Base,CZ02,25.97041666666667,1380594613.0113795
RtL,M4,cPVVG,Base,CZ03,24.965,1293504716.9160438
RtL,M4,cPVVG,Base,CZ04,32.625416666666666,1632757976.8771815
RtL,M4,cPVVG,Base,CZ05,22.50375,1204983497.0575876
RtL,M4,cPVVG,Base,CZ06,25.295833333333334,1349557521.795422
RtL,M4,cPVVG,Base,CZ07,25.2725,1460903386.8741012
RtL,M4,cPVVG,Base,CZ08,32.28541666666666,1661936851.027679
RtL,M4,cPVVG,Base,CZ09,35.456250000000004,1788025533.2897544
RtL,M4,cPVVG,Base,CZ10,35.55666666666667,1762971845.3050847
RtL,M4,cPVVG,Base,CZ11,36.25708333333334,1660048683.9786096
RtL,M4,cPVVG,Base,CZ12,33.139583333333334,1671348893.509856
RtL,M4,cPVVG,Base,CZ13,37.3975,1718962871.6454468
RtL,M4,cPVVG,Base,CZ14,33.69791666666667,1554639980.632092
RtL,M4,cPVVG,Base,CZ15,42.32083333333334,2136716694.210795
RtL,M4,cPVVG,Base,CZ16,25.15416666666667,1312779637.6575265
RtL,M4,cPVVG,Measure,CZ01,16.715000000000003,1075178122.3870845
RtL,M4,cPVVG,Measure,CZ02,25.97041666666667,1430698898.0791817
RtL,M4,cPVVG,Measure,CZ03,24.965,1338312365.7351995
RtL,M4,cPVVG,Measure,CZ04,32.625416666666666,1661090505.5263586
RtL,M4,cPVVG,Measure,CZ05,22.50375,1257495672.6418977
RtL,M4,cPVVG,Measure,CZ06,25.295833333333334,1369732403.0876174
RtL,M4,cPVVG,Measure,CZ07,25.2725,1469541222.2762897
RtL,M4,cPVVG,Measure,CZ08,32.28541666666666,1683750414.3580244
RtL,M4,cPVVG,Measure,CZ09,35.456250000000004,1807512477.341544
RtL,M4,cPVVG,Measure,CZ10,35.55666666666667,1784878463.6761527
RtL,M4,cPVVG,Measure,CZ11,36.25708333333334,1638721261.6545339
RtL,M4,cPVVG,Measure,CZ12,33.139583333333334,1693955438.0604076
RtL,M4,cPVVG,Measure,CZ13,37.3975,1691963401.5634387
RtL,M4,cPVVG,Measure,CZ14,33.69791666666667,1534955334.9914773
RtL,M4,cPVVG,Measure,CZ15,42.32083333333334,2129111892.025461
RtL,M4,cPVVG,Measure,CZ16,25.15416666666667,1305198513.6625648
RtL,M5,cDXGF,Base,CZ01,16.715000000000003,1233662234.9527936
RtL,M5,cDXGF,Base,CZ02,25.97041666666667,1571508885.918468
RtL,M5,cDXGF,Base,CZ03,24.965,1423381260.104744
RtL,M5,cDXGF,Base,CZ04,32.625416666666666,1712823150.373126
RtL,M5,cDXGF,Base,CZ05,22.50375,1338679421.5522437
RtL,M5,cDXGF,Base,CZ06,25.295833333333334,1448262802.1690388
RtL,M5,cDXGF,Base,CZ07,25.2725,1575015560.2459326
RtL,M5,cDXGF,Base,CZ08,32.28541666666666,1756512356.3127847
RtL,M5,cDXGF,Base,CZ09,35.456250000000004,1883823711.0028114
RtL,M5,cDXGF,Base,CZ10,35.55666666666667,1832048834.7437506
RtL,M5,cDXGF,Base,CZ11,36.25708333333334,1723505250.0903316
RtL,M5,cDXGF,Base,CZ12,33.139583333333334,1802528904.0539908
RtL,M5,cDXGF,Base,CZ13,37.3975,1757596987.859589
RtL,M5,cDXGF,Base,CZ14,33.69791666666667,1546609091.0149608
RtL,M5,cDXGF,Base,CZ15,42.32083333333334,2243381711.737505
RtL,M5,cDXGF,Base,CZ16,25.15416666666667,1370128132.8137803
RtL,M5,cDXGF,Measure,CZ01,16.715000000000003,1172851675.6505556
RtL,M5,cDXGF,Measure,CZ02,25.97041666666667,1452407519.7748523
RtL,M5,cDXGF,Measure,CZ03,24.965,1330384298.340745
RtL,M5,cDXGF,Measure,CZ04,32.625416666666666,1567160643.376357
RtL,M5,cDXGF,Measure,CZ05,22.50375,1259792309.997686
RtL,M5,cDXGF,Measure,CZ06,25.295833333333334,1352396179.6435614
RtL,M5,cDXGF,Measure,CZ07,25.2725,1463562869.2694726
RtL,M5,cDXGF,Measure,CZ08,32.28541666666666,1605904724.1587262
RtL,M5,cDXGF,Measure,CZ09,35.456250000000004,1710943032.1421695
RtL,M5,cDXGF,Measure,CZ10,35.55666666666667,1665548195.0345345
RtL,M5,cDXGF,Measure,CZ11,36.25708333333334,1557210940.2495475
RtL,M5,cDXGF,Measure,CZ12,33.139583333333334,1641787901.8270662
RtL,M5,cDXGF,Measure,CZ13,37.3975,1585903485.9593306
RtL,M5,cDXGF,Measure,CZ14,33.69791666666667,1413776187.5761573
RtL,M5,cDXGF,Measure,CZ15,42.32083333333334,2001679802.8629723
RtL,M5,cDXGF,Measure,CZ16,25.15416666666667,1274542335.2412794
RtL,M5,cDXHP,Base,CZ01,16.715000000000003,1230511869.5599275
RtL,M5,cDXHP,Base,CZ02,25.97041666666667,1565250345.0861325
RtL,M5,cDXHP,Base,CZ03,24.965,1420307124.4249873
RtL,M5,cDXHP,Base,CZ04,32.625416666666666,1711807761.880733
RtL,M5,cDXHP,Base,CZ05,22.50375,1325956777.22793
RtL,M5,cDXHP,Base,CZ06,25.295833333333334,1428555188.2997622
RtL,M5,cDXHP,Base,CZ07,25.2725,1559295169.1064148
RtL,M5,cDXHP,Base,CZ08,32.28541666666666,1735975384.5717883
RtL,M5,cDXHP,Base,CZ09,35.456250000000004,1860765849.362965
RtL,M5,cDXHP,Base,CZ10,35.55666666666667,1821587107.350364
RtL,M5,cDXHP,Base,CZ11,36.25708333333334,1720858017.7800863
RtL,M5,cDXHP,Base,CZ12,33.139583333333334,1797551031.3145366
RtL,M5,cDXHP,Base,CZ13,37.3975,1750284310.7256513
RtL,M5,cDXHP,Base,CZ14,33.69791666666667,1526657800.3609736
RtL,M5,cDXHP,Base,CZ15,42.32083333333334,2243381711.7375154
RtL,M5,cDXHP,Base,CZ16,25.15416666666667,1345348806.242828
RtL,M5,cDXHP,Measure,CZ01,16.715000000000003,1164689680.7347035
RtL,M5,cDXHP,Measure,CZ02,25.97041666666667,1443363902.7341557
RtL,M5,cDXHP,Measure,CZ03,24.965,1322747848.0379517
RtL,M5,cDXHP,Measure,CZ04,32.625416666666666,1564336636.5368006
RtL,M5,cDXHP,Measure,CZ05,22.50375,1244410526.7589903
RtL,M5,cDXHP,Measure,CZ06,25.295833333333334,1331423667.422822
RtL,M5,cDXHP,Measure,CZ07,25.2725,1445870839.620284
RtL,M5,cDXHP,Measure,CZ08,32.28541666666666,1586102592.386168
RtL,M5,cDXHP,Measure,CZ09,35.456250000000004,1689681380.7478704
RtL,M5,cDXHP,Measure,CZ10,35.55666666666667,1656084771.9156153
RtL,M5,cDXHP,Measure,CZ11,36.25708333333334,1554388186.920659
RtL,M5,cDXHP,Measure,CZ12,33.139583333333334,1635170609.1991405
RtL,M5,cDXHP,Measure,CZ13,37.3975,1578870554.205769
RtL,M5,cDXHP,Measure,CZ14,33.69791666666667,1395482663.6448464
RtL,M5,cDXHP,Measure,CZ15,42.32083333333334,2001679802.8629508
RtL,M5,cDXHP,Measure,CZ16,25.15416666666667,1248451091.2187593
RtL,M5,cPTAC,Base,CZ01,16.715000000000003,1231998756.7852693
RtL,M5,cPTAC,Base,CZ02,25.97041666666667,1571508885.9185307
RtL,M5,cPTAC,Base,CZ03,24.965,1423381260.1046128
RtL,M5,cPTAC,Base,CZ04,32.625416666666666,1712823150.373115
RtL,M5,cPTAC,Base,CZ05,22.50375,1338246686.542799
RtL,M5,cPTAC,Base,CZ06,25.295833333333334,1448262802.169045
RtL,M5,cPTAC,Base,CZ07,25.2725,1575015560.2459671
RtL,M5,cPTAC,Base,CZ08,32.28541666666666,1756513364.6628616
RtL,M5,cPTAC,Base,CZ09,35.456250000000004,1883823711.0028212
RtL,M5,cPTAC,Base,CZ10,35.55666666666667,1832048834.7437584
RtL,M5,cPTAC,Base,CZ11,36.25708333333334,1723505250.0903652
RtL,M5,cPTAC,Base,CZ12,33.139583333333334,1802528904.054084
RtL,M5,cPTAC,Base,CZ13,37.3975,1757598179.5099492
RtL,M5,cPTAC,Base,CZ14,33.69791666666667,1546609091.014924
RtL,M5,cPTAC,Base,CZ15,42.32083333333334,2243381711.7374735
RtL,M5,cPTAC,Base,CZ16,25.15416666666667,1370128132.8821795
RtL,M5,cPTAC,Measure,CZ01,16.715000000000003,1171435578.8529477
RtL,M5,cPTAC,Measure,CZ02,25.97041666666667,1452407519.7749271
RtL,M5,cPTAC,Measure,CZ03,24.965,1330384298.3406422
RtL,M5,cPTAC,Measure,CZ04,32.625416666666666,1567160643.3763924
RtL,M5,cPTAC,Measure,CZ05,22.50375,1259425941.595275
RtL,M5,cPTAC,Measure,CZ06,25.295833333333334,1352396179.6435666
RtL,M5,cPTAC,Measure,CZ07,25.2725,1463562869.269502
RtL,M5,cPTAC,Measure,CZ08,32.28541666666666,1605905558.167433
RtL,M5,cPTAC,Measure,CZ09,35.456250000000004,1710943032.1421423
RtL,M5,cPTAC,Measure,CZ10,35.55666666666667,1665548195.034558
RtL,M5,cPTAC,Measure,CZ11,36.25708333333334,1557210940.249567
RtL,M5,cPTAC,Measure,CZ12,33.139583333333334,1641787901.8271244
RtL,M5,cPTAC,Measure,CZ13,37.3975,1585904347.2893167
RtL,M5,cPTAC,Measure,CZ14,33.69791666666667,1413776187.5761693
RtL,M5,cPTAC,Measure,CZ15,42.32083333333334,2001679802.862915
RtL,M5,cPTAC,Measure,CZ16,25.15416666666667,1274542335.2533462
RtL,M5,cPVVG,Base,CZ01,16.715000000000003,1220050971.3768592
RtL,M5,cPVVG,Base,CZ02,25.97041666666667,1556031177.38589
RtL,M5,cPVVG,Base,CZ03,24.965,1409198390.8073506
RtL,M5,cPVVG,Base,CZ04,32.625416666666666,1695226458.5429788
RtL,M5,cPVVG,Base,CZ05,22.50375,1324808410.100702
RtL,M5,cPVVG,Base,CZ06,25.295833333333334,1432566494.4970036
RtL,M5,cPVVG,Base,CZ07,25.2725,1558545191.1620193
RtL,M5,cPVVG,Base,CZ08,32.28541666666666,1741358857.640277
RtL,M5,cPVVG,Base,CZ09,35.456250000000004,1869101924.3921158
RtL,M5,cPVVG,Base,CZ10,35.55666666666667,1816057793.4331622
RtL,M5,cPVVG,Base,CZ11,36.25708333333334,1706465309.087542
RtL,M5,cPVVG,Base,CZ12,33.139583333333334,1785459759.7707486
RtL,M5,cPVVG,Base,CZ13,37.3975,1740972090.9493203
RtL,M5,cPVVG,Base,CZ14,33.69791666666667,1529294017.1536126
RtL,M5,cPVVG,Base,CZ15,42.32083333333334,2226623899.682155
RtL,M5,cPVVG,Base,CZ16,25.15416666666667,1351871536.648319
RtL,M5,cPVVG,Measure,CZ01,16.715000000000003,1159851546.710343
RtL,M5,cPVVG,Measure,CZ02,25.97041666666667,1437761073.9630158
RtL,M5,cPVVG,Measure,CZ03,24.965,1316917947.954826
RtL,M5,cPVVG,Measure,CZ04,32.625416666666666,1550600995.4725087
RtL,M5,cPVVG,Measure,CZ05,22.50375,1246580564.317887
RtL,M5,cPVVG,Measure,CZ06,25.295833333333334,1337491506.0911953
RtL,M5,cPVVG,Measure,CZ07,25.2725,1447992303.1758432
RtL,M5,cPVVG,Measure,CZ08,32.28541666666666,1591616965.5245132
RtL,M5,cPVVG,Measure,CZ09,35.456250000000004,1697127777.3921824
RtL,M5,cPVVG,Measure,CZ10,35.55666666666667,1650570079.6496828
RtL,M5,cPVVG,Measure,CZ11,36.25708333333334,1541311241.3884323
RtL,M5,cPVVG,Measure,CZ12,33.139583333333334,1625764187.5547333
RtL,M5,cPVVG,Measure,CZ13,37.3975,1570400307.9380937
RtL,M5,cPVVG,Measure,CZ14,33.69791666666667,1397524979.3307319
RtL,M5,cPVVG,Measure,CZ15,42.32083333333334,1986169188.0592597
RtL,M5,cPVVG,Measure,CZ16,25.15416666666667,1257179360.0693135
RtS,M1,cDXGF,Base,CZ01,16.715000000000003,65275641.3487709
RtS,M1,cDXGF,Base,CZ02,25.97041666666667,96478772.71339214
RtS,M1,cDXGF,Base,CZ03,24.965,90360509.57286064
RtS,M1,cDXGF,Base,CZ04,32.625416666666666,118781222.67146334
RtS,M1,cDXGF,Base,CZ05,22.50375,84513005.88967255
RtS,M1,cDXGF,Base,CZ06,25.295833333333334,95322787.85031071
RtS,M1,cDXGF,Base,CZ07,25.2725,104687086.86530223
RtS,M1,cDXGF,Base,CZ08,32.28541666666666,118448039.47517408
RtS,M1,cDXGF,Base,CZ09,35.456250000000004,127494002.73275357
RtS,M1,cDXGF,Base,CZ10,35.55666666666667,130889300.8239707
RtS,M1,cDXGF,Base,CZ11,36.25708333333334,124057858.57378325
RtS,M1,cDXGF,Base,CZ12,33.139583333333334,119331698.60865095
RtS,M1,cDXGF,Base,CZ13,37.3975,126470476.50894882
RtS,M1,cDXGF,Base,CZ14,33.69791666666667,112865884.58026145
RtS,M1,cDXGF,Base,CZ15,42.32083333333334,154580547.61236063
RtS,M1,cDXGF,Base,CZ16,25.15416666666667,91549333.98942646
RtS,M1,cDXGF,Measure,CZ01,16.715000000000003,65758051.68335448
RtS,M1,cDXGF,Measure,CZ02,25.97041666666667,97343245.36436456
RtS,M1,cDXGF,Measure,CZ03,24.965,91024343.46083939
RtS,M1,cDXGF,Measure,CZ04,32.625416666666666,119140671.53857589
RtS,M1,cDXGF,Measure,CZ05,22.50375,85231682.36136347
RtS,M1,cDXGF,Measure,CZ06,25.295833333333334,95437977.08368635
RtS,M1,cDXGF,Measure,CZ07,25.2725,104482847.49280149
RtS,M1,cDXGF,Measure,CZ08,32.28541666666666,118560189.80917934
RtS,M1,cDXGF,Measure,CZ09,35.456250000000004,127541149.71003765
RtS,M1,cDXGF,Measure,CZ10,35.55666666666667,130901048.36104819
RtS,M1,cDXGF,Measure,CZ11,36.25708333333334,122662340.56085528
RtS,M1,cDXGF,Measure,CZ12,33.139583333333334,119648822.32779627
RtS,M1,cDXGF,Measure,CZ13,37.3975,125162500.86141954
RtS,M1,cDXGF,Measure,CZ14,33.69791666666667,111284434.0548414
RtS,M1,cDXGF,Measure,CZ15,42.32083333333334,154653483.12370762
RtS,M1,cDXGF,Measure,CZ16,25.15416666666667,89796337.89514162
RtS,M1,cDXHP,Base,CZ01,16.715000000000003,65401608.09913926
RtS,M1,cDXHP,Base,CZ02,25.97041666666667,96414468.54354796
RtS,M1,cDXHP,Base,CZ03,24.965,90609765.92599645
RtS,M1,cDXHP,Base,CZ04,32.625416666666666,119492330.23642057
RtS,M1,cDXHP,Base,CZ05,22.50375,84947247.1485182
RtS,M1,cDXHP,Base,CZ06,25.295833333333334,95598305.2714816
RtS,M1,cDXHP,Base,CZ07,25.2725,104060315.54174443
RtS,M1,cDXHP,Base,CZ08,32.28541666666666,119434548.13778162
RtS,M1,cDXHP,Base,CZ09,35.456250000000004,128552351.27980441
RtS,M1,cDXHP,Base,CZ10,35.55666666666667,131260075.10048378
RtS,M1,cDXHP,Base,CZ11,36.25708333333334,124456712.9187566
RtS,M1,cDXHP,Base,CZ12,33.139583333333334,119844704.6387386
RtS,M1,cDXHP,Base,CZ13,37.3975,126973148.87090944
RtS,M1,cDXHP,Base,CZ14,33.69791666666667,113370397.04267286
RtS,M1,cDXHP,Base,CZ15,42.32083333333334,154580547.61235934
RtS,M1,cDXHP,Base,CZ16,25.15416666666667,92019017.50262076
RtS,M1,cDXHP,Measure,CZ01,16.715000000000003,65876280.47812594
RtS,M1,cDXHP,Measure,CZ02,25.97041666666667,97253380.80846475
RtS,M1,cDXHP,Measure,CZ03,24.965,91274085.35765651
RtS,M1,cDXHP,Measure,CZ04,32.625416666666666,119868219.85980362
RtS,M1,cDXHP,Measure,CZ05,22.50375,85674054.23384689
RtS,M1,cDXHP,Measure,CZ06,25.295833333333334,95713957.85675365
RtS,M1,cDXHP,Measure,CZ07,25.2725,103839358.88958962
RtS,M1,cDXHP,Measure,CZ08,32.28541666666666,119544335.0897926
RtS,M1,cDXHP,Measure,CZ09,35.456250000000004,128586686.24132584
RtS,M1,cDXHP,Measure,CZ10,35.55666666666667,131266462.06176409
RtS,M1,cDXHP,Measure,CZ11,36.25708333333334,122992677.82135972
RtS,M1,cDXHP,Measure,CZ12,33.139583333333334,120176030.57919738
RtS,M1,cDXHP,Measure,CZ13,37.3975,125631096.21882418
RtS,M1,cDXHP,Measure,CZ14,33.69791666666667,111775758.92222784
RtS,M1,cDXHP,Measure,CZ15,42.32083333333334,154653483.12370798
RtS,M1,cDXHP,Measure,CZ16,25.15416666666667,90257447.4148268
RtS,M1,cPTAC,Base,CZ01,16.715000000000003,65156803.30546284
RtS,M1,cPTAC,Base,CZ02,25.97041666666667,96478758.05574805
RtS,M1,cPTAC,Base,CZ03,24.965,90351808.26909445
RtS,M1,cPTAC,Base,CZ04,32.625416666666666,118781222.66289613
RtS,M1,cPTAC,Base,CZ05,22.50375,84447231.25022876
RtS,M1,cPTAC,Base,CZ06,25.295833333333334,95322787.85030988
RtS,M1,cPTAC,Base,CZ07,25.2725,104687086.86530122
RtS,M1,cPTAC,Base,CZ08,32.28541666666666,118447861.89565125
RtS,M1,cPTAC,Base,CZ09,35.456250000000004,127494002.69502589
RtS,M1,cPTAC,Base,CZ10,35.55666666666667,130889300.82402381
RtS,M1,cPTAC,Base,CZ11,36.25708333333334,124057858.57378043
RtS,M1,cPTAC,Base,CZ12,33.139583333333334,119331698.60887769
RtS,M1,cPTAC,Base,CZ13,37.3975,126470476.50897372
RtS,M1,cPTAC,Base,CZ14,33.69791666666667,112865867.88914749
RtS,M1,cPTAC,Base,CZ15,42.32083333333334,154580547.61235818
RtS,M1,cPTAC,Base,CZ16,25.15416666666667,91549333.93143995
RtS,M1,cPTAC,Measure,CZ01,16.715000000000003,65655915.14509709
RtS,M1,cPTAC,Measure,CZ02,25.97041666666667,97343244.18875954
RtS,M1,cPTAC,Measure,CZ03,24.965,91021257.82788795
RtS,M1,cPTAC,Measure,CZ04,32.625416666666666,119140671.53857476
RtS,M1,cPTAC,Measure,CZ05,22.50375,85192246.01382306
RtS,M1,cPTAC,Measure,CZ06,25.295833333333334,95437977.08368626
RtS,M1,cPTAC,Measure,CZ07,25.2725,104482847.49280386
RtS,M1,cPTAC,Measure,CZ08,32.28541666666666,118560189.80951679
RtS,M1,cPTAC,Measure,CZ09,35.456250000000004,127541149.55121198
RtS,M1,cPTAC,Measure,CZ10,35.55666666666667,130901048.3609012
RtS,M1,cPTAC,Measure,CZ11,36.25708333333334,122662340.56085685
RtS,M1,cPTAC,Measure,CZ12,33.139583333333334,119648822.32779533
RtS,M1,cPTAC,Measure,CZ13,37.3975,125162500.86141646
RtS,M1,cPTAC,Measure,CZ14,33.69791666666667,111284434.38212413
RtS,M1,cPTAC,Measure,CZ15,42.32083333333334,154653483.12370825
RtS,M1,cPTAC,Measure,CZ16,25.15416666666667,89796312.58133548
RtS,M1,cPVVG,Base,CZ01,16.715000000000003,55225810.94552516
RtS,M1,cPVVG,Base,CZ02,25.97041666666667,85357618.86043583
RtS,M1,cPVVG,Base,CZ03,24.965,80766154.19395581
RtS,M1,cPVVG,Base,CZ04,32.625416666666666,111166629.33116096
RtS,M1,cPVVG,Base,CZ05,22.50375,73668342.18243474
RtS,M1,cPVVG,Base,CZ06,25.295833333333334,87149670.5541416
RtS,M1,cPVVG,Base,CZ07,25.2725,97256723.24105036
RtS,M1,cPVVG,Base,CZ08,32.28541666666666,111649336.05946487
RtS,M1,cPVVG,Base,CZ09,35.456250000000004,121542903.16620289
RtS,M1,cPVVG,Base,CZ10,35.55666666666667,124059269.26813996
RtS,M1,cPVVG,Base,CZ11,36.25708333333334,116966820.2578621
RtS,M1,cPVVG,Base,CZ12,33.139583333333334,112382013.25907987
RtS,M1,cPVVG,Base,CZ13,37.3975,120472830.74880953
RtS,M1,cPVVG,Base,CZ14,33.69791666666667,105746128.4148786
RtS,M1,cPVVG,Base,CZ15,42.32083333333334,150735925.74565974
RtS,M1,cPVVG,Base,CZ16,25.15416666666667,80988667.24996606
RtS,M1,cPVVG,Measure,CZ01,16.715000000000003,56427001.5273088
RtS,M1,cPVVG,Measure,CZ02,25.97041666666667,87585336.0071908
RtS,M1,cPVVG,Measure,CZ03,24.965,82533188.82240257
RtS,M1,cPVVG,Measure,CZ04,32.625416666666666,112627289.55268471
RtS,M1,cPVVG,Measure,CZ05,22.50375,75388078.07301311
RtS,M1,cPVVG,Measure,CZ06,25.295833333333334,88137446.9789301
RtS,M1,cPVVG,Measure,CZ07,25.2725,97882403.38332726
RtS,M1,cPVVG,Measure,CZ08,32.28541666666666,112653855.29276435
RtS,M1,cPVVG,Measure,CZ09,35.456250000000004,122378642.2207233
RtS,M1,cPVVG,Measure,CZ10,35.55666666666667,124939258.05576964
RtS,M1,cPVVG,Measure,CZ11,36.25708333333334,116661838.05834888
RtS,M1,cPVVG,Measure,CZ12,33.139583333333334,113714014.02226302
RtS,M1,cPVVG,Measure,CZ13,37.3975,120052927.9468329
RtS,M1,cPVVG,Measure,CZ14,33.69791666666667,105321274.44354776
RtS,M1,cPVVG,Measure,CZ15,42.32083333333334,150825236.40033948
RtS,M1,cPVVG,Measure,CZ16,25.15416666666667,80936901.6205942
RtS,M2,cDXGF,Base,CZ01,16.715000000000003,80465826.90354003
RtS,M2,cDXGF,Base,CZ02,25.97041666666667,100095294.21172364
RtS,M2,cDXGF,Base,CZ03,24.965,94970522.87768084
RtS,M2,cDXGF,Base,CZ04,32.625416666666666,112482045.53302401
RtS,M2,cDXGF,Base,CZ05,22.50375,93170581.60706967
RtS,M2,cDXGF,Base,CZ06,25.295833333333334,96800549.8236085
RtS,M2,cDXGF,Base,CZ07,25.2725,100605309.48441207
RtS,M2,cDXGF,Base,CZ08,32.28541666666666,112700765.95809688
RtS,M2,cDXGF,Base,CZ09,35.456250000000004,118469137.13733357
RtS,M2,cDXGF,Base,CZ10,35.55666666666667,120659582.01030926
RtS,M2,cDXGF,Base,CZ11,36.25708333333334,111800345.241107
RtS,M2,cDXGF,Base,CZ12,33.139583333333334,112224606.47567028
RtS,M2,cDXGF,Base,CZ13,37.3975,114012706.3636863
RtS,M2,cDXGF,Base,CZ14,33.69791666666667,104329402.05868727
RtS,M2,cDXGF,Base,CZ15,42.32083333333334,133656944.0865246
RtS,M2,cDXGF,Base,CZ16,25.15416666666667,93207111.83049287
RtS,M2,cDXGF,Measure,CZ01,16.715000000000003,79334271.87578619
RtS,M2,cDXGF,Measure,CZ02,25.97041666666667,98871171.04144841
RtS,M2,cDXGF,Measure,CZ03,24.965,93719660.93599492
RtS,M2,cDXGF,Measure,CZ04,32.625416666666666,111567840.44463477
RtS,M2,cDXGF,Measure,CZ05,22.50375,91818662.7558248
RtS,M2,cDXGF,Measure,CZ06,25.295833333333334,95736003.11530194
RtS,M2,cDXGF,Measure,CZ07,25.2725,99913763.40246063
RtS,M2,cDXGF,Measure,CZ08,32.28541666666666,111636390.34830147
RtS,M2,cDXGF,Measure,CZ09,35.456250000000004,117399520.14565727
RtS,M2,cDXGF,Measure,CZ10,35.55666666666667,119513158.11681399
RtS,M2,cDXGF,Measure,CZ11,36.25708333333334,110556427.28151402
RtS,M2,cDXGF,Measure,CZ12,33.139583333333334,111571619.44123055
RtS,M2,cDXGF,Measure,CZ13,37.3975,112942760.58716857
RtS,M2,cDXGF,Measure,CZ14,33.69791666666667,102856450.03708014
RtS,M2,cDXGF,Measure,CZ15,42.32083333333334,133739961.49554357
RtS,M2,cDXGF,Measure,CZ16,25.15416666666667,91057348.71345042
RtS,M2,cDXHP,Base,CZ01,16.715000000000003,80542074.74469937
RtS,M2,cDXHP,Base,CZ02,25.97041666666667,100089724.72530913
RtS,M2,cDXHP,Base,CZ03,24.965,95086170.54379785
RtS,M2,cDXHP,Base,CZ04,32.625416666666666,112568345.27386835
RtS,M2,cDXHP,Base,CZ05,22.50375,93314273.96881106
RtS,M2,cDXHP,Base,CZ06,25.295833333333334,96953763.6555496
RtS,M2,cDXHP,Base,CZ07,25.2725,100714142.29683563
RtS,M2,cDXHP,Base,CZ08,32.28541666666666,112852557.99214426
RtS,M2,cDXHP,Base,CZ09,35.456250000000004,118634929.42862168
RtS,M2,cDXHP,Base,CZ10,35.55666666666667,120726137.24991293
RtS,M2,cDXHP,Base,CZ11,36.25708333333334,111887089.39407843
RtS,M2,cDXHP,Base,CZ12,33.139583333333334,112348994.7124882
RtS,M2,cDXHP,Base,CZ13,37.3975,114122256.63337387
RtS,M2,cDXHP,Base,CZ14,33.69791666666667,104432054.52417248
RtS,M2,cDXHP,Base,CZ15,42.32083333333334,133656944.08652481
RtS,M2,cDXHP,Base,CZ16,25.15416666666667,93459889.49796009
RtS,M2,cDXHP,Measure,CZ01,16.715000000000003,79366598.60576826
RtS,M2,cDXHP,Measure,CZ02,25.97041666666667,98827476.91989973
RtS,M2,cDXHP,Measure,CZ03,24.965,93791898.22189261
RtS,M2,cDXHP,Measure,CZ04,32.625416666666666,111621581.77486695
RtS,M2,cDXHP,Measure,CZ05,22.50375,91917915.69711873
RtS,M2,cDXHP,Measure,CZ06,25.295833333333334,95865075.35722765
RtS,M2,cDXHP,Measure,CZ07,25.2725,99999637.98169611
RtS,M2,cDXHP,Measure,CZ08,32.28541666666666,111755350.74899398
RtS,M2,cDXHP,Measure,CZ09,35.456250000000004,117530790.0811752
RtS,M2,cDXHP,Measure,CZ10,35.55666666666667,119561458.02010897
RtS,M2,cDXHP,Measure,CZ11,36.25708333333334,110637944.44371648
RtS,M2,cDXHP,Measure,CZ12,33.139583333333334,111673965.13166663
RtS,M2,cDXHP,Measure,CZ13,37.3975,113048941.98621729
RtS,M2,cDXHP,Measure,CZ14,33.69791666666667,102953783.824697
RtS,M2,cDXHP,Measure,CZ15,42.32083333333334,133739961.49554092
RtS,M2,cDXHP,Measure,CZ16,25.15416666666667,91285525.95449866
RtS,M2,cPTAC,Base,CZ01,16.715000000000003,80465826.90354683
RtS,M2,cPTAC,Base,CZ02,25.97041666666667,100095294.21172327
RtS,M2,cPTAC,Base,CZ03,24.965,94970522.87768734
RtS,M2,cPTAC,Base,CZ04,32.625416666666666,112482045.53302166
RtS,M2,cPTAC,Base,CZ05,22.50375,93170581.6070834
RtS,M2,cPTAC,Base,CZ06,25.295833333333334,96800549.82361075
RtS,M2,cPTAC,Base,CZ07,25.2725,100605309.48441288
RtS,M2,cPTAC,Base,CZ08,32.28541666666666,112700765.9580962
RtS,M2,cPTAC,Base,CZ09,35.456250000000004,118469137.13733594
RtS,M2,cPTAC,Base,CZ10,35.55666666666667,120659582.0102987
RtS,M2,cPTAC,Base,CZ11,36.25708333333334,111800345.24111345
RtS,M2,cPTAC,Base,CZ12,33.139583333333334,112224606.47567296
RtS,M2,cPTAC,Base,CZ13,37.3975,114012706.36369887
RtS,M2,cPTAC,Base,CZ14,33.69791666666667,104329433.22796339
RtS,M2,cPTAC,Base,CZ15,42.32083333333334,133656944.08652201
RtS,M2,cPTAC,Base,CZ16,25.15416666666667,93207111.83051217
RtS,M2,cPTAC,Measure,CZ01,16.715000000000003,79333083.70438309
RtS,M2,cPTAC,Measure,CZ02,25.97041666666667,98871171.04144734
RtS,M2,cPTAC,Measure,CZ03,24.965,93719660.93599027
RtS,M2,cPTAC,Measure,CZ04,32.625416666666666,111567840.44463746
RtS,M2,cPTAC,Measure,CZ05,22.50375,91818386.52678967
RtS,M2,cPTAC,Measure,CZ06,25.295833333333334,95736003.1153031
RtS,M2,cPTAC,Measure,CZ07,25.2725,99913763.40246126
RtS,M2,cPTAC,Measure,CZ08,32.28541666666666,111636390.3483055
RtS,M2,cPTAC,Measure,CZ09,35.456250000000004,117399520.14564589
RtS,M2,cPTAC,Measure,CZ10,35.55666666666667,119513149.00413089
RtS,M2,cPTAC,Measure,CZ11,36.25708333333334,110556427.28150894
RtS,M2,cPTAC,Measure,CZ12,33.139583333333334,111571619.44122744
RtS,M2,cPTAC,Measure,CZ13,37.3975,112942760.5871614
RtS,M2,cPTAC,Measure,CZ14,33.69791666666667,102856450.03707743
RtS,M2,cPTAC,Measure,CZ15,42.32083333333334,133739961.49554183
RtS,M2,cPTAC,Measure,CZ16,25.15416666666667,91057348.72650461
RtS,M2,cPVVG,Base,CZ01,16.715000000000003,70951223.72628611
RtS,M2,cPVVG,Base,CZ02,25.97041666666667,89183393.04856947
RtS,M2,cPVVG,Base,CZ03,24.965,85359604.13122441
RtS,M2,cPVVG,Base,CZ04,32.625416666666666,103116972.3245364
RtS,M2,cPVVG,Base,CZ05,22.50375,82157228.62049815
RtS,M2,cPVVG,Base,CZ06,25.295833333333334,88482996.95021698
RtS,M2,cPVVG,Base,CZ07,25.2725,92593843.6313768
RtS,M2,cPVVG,Base,CZ08,32.28541666666666,103917480.0642564
RtS,M2,cPVVG,Base,CZ09,35.456250000000004,109332590.35777271
RtS,M2,cPVVG,Base,CZ10,35.55666666666667,110423968.05243686
RtS,M2,cPVVG,Base,CZ11,36.25708333333334,101954752.8762908
RtS,M2,cPVVG,Base,CZ12,33.139583333333334,103924503.8913734
RtS,M2,cPVVG,Base,CZ13,37.3975,104815719.22260585
RtS,M2,cPVVG,Base,CZ14,33.69791666666667,94348388.42942357
RtS,M2,cPVVG,Base,CZ15,42.32083333333334,125377470.55942175
RtS,M2,cPVVG,Base,CZ16,25.15416666666667,82918661.49637078
RtS,M2,cPVVG,Measure,CZ01,16.715000000000003,70392595.95501055
RtS,M2,cPVVG,Measure,CZ02,25.97041666666667,88536996.27760068
RtS,M2,cPVVG,Measure,CZ03,24.965,84745566.66898477
RtS,M2,cPVVG,Measure,CZ04,32.625416666666666,102451038.59055254
RtS,M2,cPVVG,Measure,CZ05,22.50375,81492038.1701011
RtS,M2,cPVVG,Measure,CZ06,25.295833333333334,87863448.1183853
RtS,M2,cPVVG,Measure,CZ07,25.2725,92017352.67298785
RtS,M2,cPVVG,Measure,CZ08,32.28541666666666,103237261.232158
RtS,M2,cPVVG,Measure,CZ09,35.456250000000004,108662638.2838566
RtS,M2,cPVVG,Measure,CZ10,35.55666666666667,109694377.88284546
RtS,M2,cPVVG,Measure,CZ11,36.25708333333334,101435819.56225613
RtS,M2,cPVVG,Measure,CZ12,33.139583333333334,103371119.38198942
RtS,M2,cPVVG,Measure,CZ13,37.3975,104365681.1489397
RtS,M2,cPVVG,Measure,CZ14,33.69791666666667,93714096.92529404
RtS,M2,cPVVG,Measure,CZ15,42.32083333333334,125491432.33266577
RtS,M2,cPVVG,Measure,CZ16,25.15416666666667,81822090.91923513
RtS,M3,cDXGF,Base,CZ01,16.715000000000003,72613815.77682193
RtS,M3,cDXGF,Base,CZ02,25.97041666666667,94651597.72838308
RtS,M3,cDXGF,Base,CZ03,24.965,90571472.29822919
RtS,M3,cDXGF,Base,CZ04,32.625416666666666,112639545.38543972
RtS,M3,cDXGF,Base,CZ05,22.50375,85767310.84540357
RtS,M3,cDXGF,Base,CZ06,25.295833333333334,93861183.82221514
RtS,M3,cDXGF,Base,CZ07,25.2725,98453032.67156583
RtS,M3,cDXGF,Base,CZ08,32.28541666666666,113020089.90298985
RtS,M3,cDXGF,Base,CZ09,35.456250000000004,119776630.44513673
RtS,M3,cDXGF,Base,CZ10,35.55666666666667,121436321.47030173
RtS,M3,cDXGF,Base,CZ11,36.25708333333334,112500647.23906246
RtS,M3,cDXGF,Base,CZ12,33.139583333333334,114084045.16299677
RtS,M3,cDXGF,Base,CZ13,37.3975,116133681.77689782
RtS,M3,cDXGF,Base,CZ14,33.69791666666667,102628913.45291573
RtS,M3,cDXGF,Base,CZ15,42.32083333333334,142618651.15646178
RtS,M3,cDXGF,Base,CZ16,25.15416666666667,87215247.74446851
RtS,M3,cDXGF,Measure,CZ01,16.715000000000003,68573971.94380349
RtS,M3,cDXGF,Measure,CZ02,25.97041666666667,86864662.5190449
RtS,M3,cDXGF,Measure,CZ03,24.965,83599639.39337046
RtS,M3,cDXGF,Measure,CZ04,32.625416666666666,101750406.72611989
RtS,M3,cDXGF,Measure,CZ05,22.50375,79599324.58129172
RtS,M3,cDXGF,Measure,CZ06,25.295833333333334,86446615.57753518
RtS,M3,cDXGF,Measure,CZ07,25.2725,90587661.3303159
RtS,M3,cDXGF,Measure,CZ08,32.28541666666666,102128001.9947534
RtS,M3,cDXGF,Measure,CZ09,35.456250000000004,107682985.36081654
RtS,M3,cDXGF,Measure,CZ10,35.55666666666667,108969428.16926757
RtS,M3,cDXGF,Measure,CZ11,36.25708333333334,100527093.33508423
RtS,M3,cDXGF,Measure,CZ12,33.139583333333334,102912716.3275931
RtS,M3,cDXGF,Measure,CZ13,37.3975,103534583.29305251
RtS,M3,cDXGF,Measure,CZ14,33.69791666666667,92521479.90029164
RtS,M3,cDXGF,Measure,CZ15,42.32083333333334,126223523.03517985
RtS,M3,cDXGF,Measure,CZ16,25.15416666666667,80135626.6595968
RtS,M3,cDXHP,Base,CZ01,16.715000000000003,70184416.43942285
RtS,M3,cDXHP,Base,CZ02,25.97041666666667,93279217.44565634
RtS,M3,cDXHP,Base,CZ03,24.965,88651657.28066522
RtS,M3,cDXHP,Base,CZ04,32.625416666666666,111738870.65227178
RtS,M3,cDXHP,Base,CZ05,22.50375,83656845.1924968
RtS,M3,cDXHP,Base,CZ06,25.295833333333334,91962523.1635082
RtS,M3,cDXHP,Base,CZ07,25.2725,96766069.14566989
RtS,M3,cDXHP,Base,CZ08,32.28541666666666,112363961.16718288
RtS,M3,cDXHP,Base,CZ09,35.456250000000004,119408910.01887779
RtS,M3,cDXHP,Base,CZ10,35.55666666666667,121320674.92799148
RtS,M3,cDXHP,Base,CZ11,36.25708333333334,112244044.59987274
RtS,M3,cDXHP,Base,CZ12,33.139583333333334,113242575.88999245
RtS,M3,cDXHP,Base,CZ13,37.3975,115874369.6350838
RtS,M3,cDXHP,Base,CZ14,33.69791666666667,102112821.04668003
RtS,M3,cDXHP,Base,CZ15,42.32083333333334,142618651.15646407
RtS,M3,cDXHP,Base,CZ16,25.15416666666667,84896096.98296219
RtS,M3,cDXHP,Measure,CZ01,16.715000000000003,66161120.8624495
RtS,M3,cDXHP,Measure,CZ02,25.97041666666667,85437301.14539886
RtS,M3,cDXHP,Measure,CZ03,24.965,81637279.93235752
RtS,M3,cDXHP,Measure,CZ04,32.625416666666666,100758506.08482508
RtS,M3,cDXHP,Measure,CZ05,22.50375,77471665.90270308
RtS,M3,cDXHP,Measure,CZ06,25.295833333333334,84523595.2935091
RtS,M3,cDXHP,Measure,CZ07,25.2725,88875164.6013779
RtS,M3,cDXHP,Measure,CZ08,32.28541666666666,101404286.81723699
RtS,M3,cDXHP,Measure,CZ09,35.456250000000004,107256018.21402967
RtS,M3,cDXHP,Measure,CZ10,35.55666666666667,108831989.95981765
RtS,M3,cDXHP,Measure,CZ11,36.25708333333334,100222159.24330455
RtS,M3,cDXHP,Measure,CZ12,33.139583333333334,101976364.05273785
RtS,M3,cDXHP,Measure,CZ13,37.3975,103227695.48270655
RtS,M3,cDXHP,Measure,CZ14,33.69791666666667,91943506.14530472
RtS,M3,cDXHP,Measure,CZ15,42.32083333333334,126223523.03518033
RtS,M3,cDXHP,Measure,CZ16,25.15416666666667,77838414.68683702
RtS,M3,cPTAC,Base,CZ01,16.715000000000003,72595836.92482942
RtS,M3,cPTAC,Base,CZ02,25.97041666666667,94651597.72838098
RtS,M3,cPTAC,Base,CZ03,24.965,90571472.29820542
RtS,M3,cPTAC,Base,CZ04,32.625416666666666,112639545.4074687
RtS,M3,cPTAC,Base,CZ05,22.50375,85761021.4974026
RtS,M3,cPTAC,Base,CZ06,25.295833333333334,93861183.8222154
RtS,M3,cPTAC,Base,CZ07,25.2725,98453032.67156717
RtS,M3,cPTAC,Base,CZ08,32.28541666666666,113020031.38333926
RtS,M3,cPTAC,Base,CZ09,35.456250000000004,119776630.46108902
RtS,M3,cPTAC,Base,CZ10,35.55666666666667,121436321.47022046
RtS,M3,cPTAC,Base,CZ11,36.25708333333334,112500647.23905987
RtS,M3,cPTAC,Base,CZ12,33.139583333333334,114084045.16299042
RtS,M3,cPTAC,Base,CZ13,37.3975,116133681.79498863
RtS,M3,cPTAC,Base,CZ14,33.69791666666667,102628913.45291519
RtS,M3,cPTAC,Base,CZ15,42.32083333333334,142618651.15646663
RtS,M3,cPTAC,Base,CZ16,25.15416666666667,87215247.73891455
RtS,M3,cPTAC,Measure,CZ01,16.715000000000003,68558675.97308075
RtS,M3,cPTAC,Measure,CZ02,25.97041666666667,86864662.51904237
RtS,M3,cPTAC,Measure,CZ03,24.965,83599639.39335185
RtS,M3,cPTAC,Measure,CZ04,32.625416666666666,101750406.72612002
RtS,M3,cPTAC,Measure,CZ05,22.50375,79594003.59776646
RtS,M3,cPTAC,Measure,CZ06,25.295833333333334,86446615.57753542
RtS,M3,cPTAC,Measure,CZ07,25.2725,90587661.33031633
RtS,M3,cPTAC,Measure,CZ08,32.28541666666666,102127951.54782549
RtS,M3,cPTAC,Measure,CZ09,35.456250000000004,107682985.37516905
RtS,M3,cPTAC,Measure,CZ10,35.55666666666667,108969428.16919854
RtS,M3,cPTAC,Measure,CZ11,36.25708333333334,100527093.33508334
RtS,M3,cPTAC,Measure,CZ12,33.139583333333334,102912716.32759881
RtS,M3,cPTAC,Measure,CZ13,37.3975,103534584.09657702
RtS,M3,cPTAC,Measure,CZ14,33.69791666666667,92521479.90028071
RtS,M3,cPTAC,Measure,CZ15,42.32083333333334,126223523.03517817
RtS,M3,cPTAC,Measure,CZ16,25.15416666666667,80135623.92810598
RtS,M3,cPVVG,Base,CZ01,16.715000000000003,71738940.00138013
RtS,M3,cPVVG,Base,CZ02,25.97041666666667,93106101.72113968
RtS,M3,cPVVG,Base,CZ03,24.965,89183646.87014206
RtS,M3,cPVVG,Base,CZ04,32.625416666666666,111346287.71959782
RtS,M3,cPVVG,Base,CZ05,22.50375,84473943.13187394
RtS,M3,cPVVG,Base,CZ06,25.295833333333334,92786599.02626361
RtS,M3,cPVVG,Base,CZ07,25.2725,97326398.135239
RtS,M3,cPVVG,Base,CZ08,32.28541666666666,111801480.67366228
RtS,M3,cPVVG,Base,CZ09,35.456250000000004,118513497.89907077
RtS,M3,cPVVG,Base,CZ10,35.55666666666667,120078742.84381539
RtS,M3,cPVVG,Base,CZ11,36.25708333333334,111227265.45914638
RtS,M3,cPVVG,Base,CZ12,33.139583333333334,112877401.83954671
RtS,M3,cPVVG,Base,CZ13,37.3975,114888423.05802383
RtS,M3,cPVVG,Base,CZ14,33.69791666666667,101401455.80300803
RtS,M3,cPVVG,Base,CZ15,42.32083333333334,141231799.79882306
RtS,M3,cPVVG,Base,CZ16,25.15416666666667,85630817.65948357
RtS,M3,cPVVG,Measure,CZ01,16.715000000000003,67741245.23211257
RtS,M3,cPVVG,Measure,CZ02,25.97041666666667,85401789.09750119
RtS,M3,cPVVG,Measure,CZ03,24.965,82284998.11040628
RtS,M3,cPVVG,Measure,CZ04,32.625416666666666,100525119.45621076
RtS,M3,cPVVG,Measure,CZ05,22.50375,78372030.55190104
RtS,M3,cPVVG,Measure,CZ06,25.295833333333334,85422780.62386468
RtS,M3,cPVVG,Measure,CZ07,25.2725,89513867.21312657
RtS,M3,cPVVG,Measure,CZ08,32.28541666666666,100972458.82558253
RtS,M3,cPVVG,Measure,CZ09,35.456250000000004,106488802.53135097
RtS,M3,cPVVG,Measure,CZ10,35.55666666666667,107686684.28483033
RtS,M3,cPVVG,Measure,CZ11,36.25708333333334,99334098.01150495
RtS,M3,cPVVG,Measure,CZ12,33.139583333333334,101769657.10686445
RtS,M3,cPVVG,Measure,CZ13,37.3975,102372068.44543448
RtS,M3,cPVVG,Measure,CZ14,33.69791666666667,91364153.5222573
RtS,M3,cPVVG,Measure,CZ15,42.32083333333334,124924373.82402366
RtS,M3,cPVVG,Measure,CZ16,25.15416666666667,78633588.8310765
RtS,M4,cDXGF,Base,CZ01,16.715000000000003,70726725.25024955
RtS,M4,cDXGF,Base,CZ02,25.97041666666667,99373544.77360861
RtS,M4,cDXGF,Base,CZ03,24.965,93284887.1632771
RtS,M4,cDXGF,Base,CZ04,32.625416666666666,118781240.90905851
RtS,M4,cDXGF,Base,CZ05,22.50375,88818398.73567224
RtS,M4,cDXGF,Base,CZ06,25.295833333333334,96332126.12621123
RtS,M4,cDXGF,Base,CZ07,25.2725,104687087.03663369
RtS,M4,cDXGF,Base,CZ08,32.28541666666666,118448056.05670482
RtS,M4,cDXGF,Base,CZ09,35.456250000000004,127494037.55376196
RtS,M4,cDXGF,Base,CZ10,35.55666666666667,130889317.10900822
RtS,M4,cDXGF,Base,CZ11,36.25708333333334,124057863.84448335
RtS,M4,cDXGF,Base,CZ12,33.139583333333334,119331650.94642387
RtS,M4,cDXGF,Base,CZ13,37.3975,126470465.9320508
RtS,M4,cDXGF,Base,CZ14,33.69791666666667,112865887.87615989
RtS,M4,cDXGF,Base,CZ15,42.32083333333334,154580547.61265588
RtS,M4,cDXGF,Base,CZ16,25.15416666666667,92430305.49300024
RtS,M4,cDXGF,Measure,CZ01,16.715000000000003,72009997.87751245
RtS,M4,cDXGF,Measure,CZ02,25.97041666666667,100329287.95820108
RtS,M4,cDXGF,Measure,CZ03,24.965,93998343.16210249
RtS,M4,cDXGF,Measure,CZ04,32.625416666666666,119140706.51308133
RtS,M4,cDXGF,Measure,CZ05,22.50375,89757899.12862487
RtS,M4,cDXGF,Measure,CZ06,25.295833333333334,96446469.52298006
RtS,M4,cDXGF,Measure,CZ07,25.2725,104482844.73222005
RtS,M4,cDXGF,Measure,CZ08,32.28541666666666,118560222.31271772
RtS,M4,cDXGF,Measure,CZ09,35.456250000000004,127541207.03504997
RtS,M4,cDXGF,Measure,CZ10,35.55666666666667,130901079.16519132
RtS,M4,cDXGF,Measure,CZ11,36.25708333333334,122662351.24055687
RtS,M4,cDXGF,Measure,CZ12,33.139583333333334,119648809.2880717
RtS,M4,cDXGF,Measure,CZ13,37.3975,125162493.52528831
RtS,M4,cDXGF,Measure,CZ14,33.69791666666667,111284437.28852619
RtS,M4,cDXGF,Measure,CZ15,42.32083333333334,154653483.12375507
RtS,M4,cDXGF,Measure,CZ16,25.15416666666667,90686063.95655954
RtS,M4,cDXHP,Base,CZ01,16.715000000000003,70775971.92696196
RtS,M4,cDXHP,Base,CZ02,25.97041666666667,99334770.30175541
RtS,M4,cDXHP,Base,CZ03,24.965,93594405.19226123
RtS,M4,cDXHP,Base,CZ04,32.625416666666666,119492330.03238305
RtS,M4,cDXHP,Base,CZ05,22.50375,89312543.32421413
RtS,M4,cDXHP,Base,CZ06,25.295833333333334,96622739.13011855
RtS,M4,cDXHP,Base,CZ07,25.2725,104060315.320735
RtS,M4,cDXHP,Base,CZ08,32.28541666666666,119434565.15121047
RtS,M4,cDXHP,Base,CZ09,35.456250000000004,128552379.45489687
RtS,M4,cDXHP,Base,CZ10,35.55666666666667,131260085.58288866
RtS,M4,cDXHP,Base,CZ11,36.25708333333334,124456726.56078498
RtS,M4,cDXHP,Base,CZ12,33.139583333333334,119844683.90895066
RtS,M4,cDXHP,Base,CZ13,37.3975,126973135.15880708
RtS,M4,cDXHP,Base,CZ14,33.69791666666667,113370400.62465504
RtS,M4,cDXHP,Base,CZ15,42.32083333333334,154580547.61265713
RtS,M4,cDXHP,Base,CZ16,25.15416666666667,92919296.92507282
RtS,M4,cDXHP,Measure,CZ01,16.715000000000003,72002559.42275518
RtS,M4,cDXHP,Measure,CZ02,25.97041666666667,100266271.57397915
RtS,M4,cDXHP,Measure,CZ03,24.965,94322901.80566853
RtS,M4,cDXHP,Measure,CZ04,32.625416666666666,119868236.3709298
RtS,M4,cDXHP,Measure,CZ05,22.50375,90266687.73490472
RtS,M4,cDXHP,Measure,CZ06,25.295833333333334,96737657.14074539
RtS,M4,cDXHP,Measure,CZ07,25.2725,103839356.21905169
RtS,M4,cDXHP,Measure,CZ08,32.28541666666666,119544367.56307499
RtS,M4,cDXHP,Measure,CZ09,35.456250000000004,128586737.24185443
RtS,M4,cDXHP,Measure,CZ10,35.55666666666667,131266492.69270228
RtS,M4,cDXHP,Measure,CZ11,36.25708333333334,122992629.86097199
RtS,M4,cDXHP,Measure,CZ12,33.139583333333334,120176034.7557197
RtS,M4,cDXHP,Measure,CZ13,37.3975,125631025.18288405
RtS,M4,cDXHP,Measure,CZ14,33.69791666666667,111775760.68234073
RtS,M4,cDXHP,Measure,CZ15,42.32083333333334,154653483.1237532
RtS,M4,cDXHP,Measure,CZ16,25.15416666666667,91166313.2967282
RtS,M4,cPTAC,Base,CZ01,16.715000000000003,70376333.4831336
RtS,M4,cPTAC,Base,CZ02,25.97041666666667,99373529.761057
RtS,M4,cPTAC,Base,CZ03,24.965,93274600.43607448
RtS,M4,cPTAC,Base,CZ04,32.625416666666666,118781240.90049165
RtS,M4,cPTAC,Base,CZ05,22.50375,88712933.62714139
RtS,M4,cPTAC,Base,CZ06,25.295833333333334,96332126.1262095
RtS,M4,cPTAC,Base,CZ07,25.2725,104687087.03663093
RtS,M4,cPTAC,Base,CZ08,32.28541666666666,118447878.44950524
RtS,M4,cPTAC,Base,CZ09,35.456250000000004,127494037.5746841
RtS,M4,cPTAC,Base,CZ10,35.55666666666667,130889317.10906178
RtS,M4,cPTAC,Base,CZ11,36.25708333333334,124057863.84448032
RtS,M4,cPTAC,Base,CZ12,33.139583333333334,119331650.94656181
RtS,M4,cPTAC,Base,CZ13,37.3975,126470465.93206866
RtS,M4,cPTAC,Base,CZ14,33.69791666666667,112865871.17655534
RtS,M4,cPTAC,Base,CZ15,42.32083333333334,154580547.61265725
RtS,M4,cPTAC,Base,CZ16,25.15416666666667,92430305.43304744
RtS,M4,cPTAC,Measure,CZ01,16.715000000000003,71796302.64131485
RtS,M4,cPTAC,Measure,CZ02,25.97041666666667,100329286.75516894
RtS,M4,cPTAC,Measure,CZ03,24.965,93994689.28408872
RtS,M4,cPTAC,Measure,CZ04,32.625416666666666,119140706.51308084
RtS,M4,cPTAC,Measure,CZ05,22.50375,89695651.02345093
RtS,M4,cPTAC,Measure,CZ06,25.295833333333334,96446469.52297863
RtS,M4,cPTAC,Measure,CZ07,25.2725,104482844.73222087
RtS,M4,cPTAC,Measure,CZ08,32.28541666666666,118560222.31305438
RtS,M4,cPTAC,Measure,CZ09,35.456250000000004,127541206.99324587
RtS,M4,cPTAC,Measure,CZ10,35.55666666666667,130901079.16504401
RtS,M4,cPTAC,Measure,CZ11,36.25708333333334,122662351.24055627
RtS,M4,cPTAC,Measure,CZ12,33.139583333333334,119648809.28806889
RtS,M4,cPTAC,Measure,CZ13,37.3975,125162493.5252837
RtS,M4,cPTAC,Measure,CZ14,33.69791666666667,111284437.61164165
RtS,M4,cPTAC,Measure,CZ15,42.32083333333334,154653483.1237538
RtS,M4,cPTAC,Measure,CZ16,25.15416666666667,90686058.41644569
RtS,M4,cPVVG,Base,CZ01,16.715000000000003,59002078.08934411
RtS,M4,cPVVG,Base,CZ02,25.97041666666667,87613405.8618393
RtS,M4,cPVVG,Base,CZ03,24.965,83178469.4460446
RtS,M4,cPVVG,Base,CZ04,32.625416666666666,111166632.51967736
RtS,M4,cPVVG,Base,CZ05,22.50375,76989529.03592435
RtS,M4,cPVVG,Base,CZ06,25.295833333333334,88007878.84851319
RtS,M4,cPVVG,Base,CZ07,25.2725,97256727.92066619
RtS,M4,cPVVG,Base,CZ08,32.28541666666666,111649346.59422362
RtS,M4,cPVVG,Base,CZ09,35.456250000000004,121542893.13480727
RtS,M4,cPVVG,Base,CZ10,35.55666666666667,124059290.78071049
RtS,M4,cPVVG,Base,CZ11,36.25708333333334,116966815.43223715
RtS,M4,cPVVG,Base,CZ12,33.139583333333334,112382034.6537829
RtS,M4,cPVVG,Base,CZ13,37.3975,120472834.42304757
RtS,M4,cPVVG,Base,CZ14,33.69791666666667,105746129.34152374
RtS,M4,cPVVG,Base,CZ15,42.32083333333334,150735925.74912375
RtS,M4,cPVVG,Base,CZ16,25.15416666666667,81789624.22297454
RtS,M4,cPVVG,Measure,CZ01,16.715000000000003,61096141.487286285
RtS,M4,cPVVG,Measure,CZ02,25.97041666666667,90022220.58107899
RtS,M4,cPVVG,Measure,CZ03,24.965,85048340.07593966
RtS,M4,cPVVG,Measure,CZ04,32.625416666666666,112627392.04277354
RtS,M4,cPVVG,Measure,CZ05,22.50375,79090847.11092918
RtS,M4,cPVVG,Measure,CZ06,25.295833333333334,89000551.16654424
RtS,M4,cPVVG,Measure,CZ07,25.2725,97882407.3043924
RtS,M4,cPVVG,Measure,CZ08,32.28541666666666,112653932.90361613
RtS,M4,cPVVG,Measure,CZ09,35.456250000000004,122378718.0553537
RtS,M4,cPVVG,Measure,CZ10,35.55666666666667,124939322.27166235
RtS,M4,cPVVG,Measure,CZ11,36.25708333333334,116661821.86630827
RtS,M4,cPVVG,Measure,CZ12,33.139583333333334,113713982.52833603
RtS,M4,cPVVG,Measure,CZ13,37.3975,120052864.11884218
RtS,M4,cPVVG,Measure,CZ14,33.69791666666667,105321274.54188111
RtS,M4,cPVVG,Measure,CZ15,42.32083333333334,150825236.39746165
RtS,M4,cPVVG,Measure,CZ16,25.15416666666667,81743418.0104641
RtS,M5,cDXGF,Base,CZ01,16.715000000000003,69847150.5272201
RtS,M5,cDXGF,Base,CZ02,25.97041666666667,99572514.47603367
RtS,M5,cDXGF,Base,CZ03,24.965,92325727.20243135
RtS,M5,cDXGF,Base,CZ04,32.625416666666666,119235391.0378347
RtS,M5,cDXGF,Base,CZ05,22.50375,84895991.22172472
RtS,M5,cDXGF,Base,CZ06,25.295833333333334,96112399.3684317
RtS,M5,cDXGF,Base,CZ07,25.2725,106412518.941267
RtS,M5,cDXGF,Base,CZ08,32.28541666666666,120257644.70686066
RtS,M5,cDXGF,Base,CZ09,35.456250000000004,130981292.89126414
RtS,M5,cDXGF,Base,CZ10,35.55666666666667,132476957.35167442
RtS,M5,cDXGF,Base,CZ11,36.25708333333334,126452264.18205383
RtS,M5,cDXGF,Base,CZ12,33.139583333333334,124729988.69928998
RtS,M5,cDXGF,Base,CZ13,37.3975,129510388.98422605
RtS,M5,cDXGF,Base,CZ14,33.69791666666667,110122188.69543289
RtS,M5,cDXGF,Base,CZ15,42.32083333333334,165374765.61777738
RtS,M5,cDXGF,Base,CZ16,25.15416666666667,87426001.21026942
RtS,M5,cDXGF,Measure,CZ01,16.715000000000003,66238028.787306815
RtS,M5,cDXGF,Measure,CZ02,25.97041666666667,90968157.56364706
RtS,M5,cDXGF,Measure,CZ03,24.965,85069800.90385336
RtS,M5,cDXGF,Measure,CZ04,32.625416666666666,107237401.94594407
RtS,M5,cDXGF,Measure,CZ05,22.50375,78875166.0619882
RtS,M5,cDXGF,Measure,CZ06,25.295833333333334,88342239.42751043
RtS,M5,cDXGF,Measure,CZ07,25.2725,97270066.22613019
RtS,M5,cDXGF,Measure,CZ08,32.28541666666666,108172155.45924807
RtS,M5,cDXGF,Measure,CZ09,35.456250000000004,117035721.06716958
RtS,M5,cDXGF,Measure,CZ10,35.55666666666667,118173782.70998609
RtS,M5,cDXGF,Measure,CZ11,36.25708333333334,112086735.19649482
RtS,M5,cDXGF,Measure,CZ12,33.139583333333334,111763218.456474
RtS,M5,cDXGF,Measure,CZ13,37.3975,114623800.40285893
RtS,M5,cDXGF,Measure,CZ14,33.69791666666667,98796397.84653136
RtS,M5,cDXGF,Measure,CZ15,42.32083333333334,145026913.54379594
RtS,M5,cDXGF,Measure,CZ16,25.15416666666667,80315821.50355175
RtS,M5,cDXHP,Base,CZ01,16.715000000000003,69432387.34688182
RtS,M5,cDXHP,Base,CZ02,25.97041666666667,98942589.68428782
RtS,M5,cDXHP,Base,CZ03,24.965,91337640.71787572
RtS,M5,cDXHP,Base,CZ04,32.625416666666666,118335772.3416157
RtS,M5,cDXHP,Base,CZ05,22.50375,83233389.19294791
RtS,M5,cDXHP,Base,CZ06,25.295833333333334,94210546.7215704
RtS,M5,cDXHP,Base,CZ07,25.2725,104627977.90615474
RtS,M5,cDXHP,Base,CZ08,32.28541666666666,119952317.23687145
RtS,M5,cDXHP,Base,CZ09,35.456250000000004,130837341.07050982
RtS,M5,cDXHP,Base,CZ10,35.55666666666667,132417889.00417171
RtS,M5,cDXHP,Base,CZ11,36.25708333333334,126058373.9749566
RtS,M5,cDXHP,Base,CZ12,33.139583333333334,123935677.34441043
RtS,M5,cDXHP,Base,CZ13,37.3975,128952031.1742699
RtS,M5,cDXHP,Base,CZ14,33.69791666666667,108279503.9449442
RtS,M5,cDXHP,Base,CZ15,42.32083333333334,165374765.6177765
RtS,M5,cDXHP,Base,CZ16,25.15416666666667,85378660.03504515
RtS,M5,cDXHP,Measure,CZ01,16.715000000000003,65538311.55639805
RtS,M5,cDXHP,Measure,CZ02,25.97041666666667,90125007.10123542
RtS,M5,cDXHP,Measure,CZ03,24.965,83864527.48146397
RtS,M5,cDXHP,Measure,CZ04,32.625416666666666,106211009.51070061
RtS,M5,cDXHP,Measure,CZ05,22.50375,77121429.36065045
RtS,M5,cDXHP,Measure,CZ06,25.295833333333334,86397006.86924852
RtS,M5,cDXHP,Measure,CZ07,25.2725,95424870.16039568
RtS,M5,cDXHP,Measure,CZ08,32.28541666666666,107716989.270741
RtS,M5,cDXHP,Measure,CZ09,35.456250000000004,116771672.81435344
RtS,M5,cDXHP,Measure,CZ10,35.55666666666667,118075276.4658798
RtS,M5,cDXHP,Measure,CZ11,36.25708333333334,111664607.28372352
RtS,M5,cDXHP,Measure,CZ12,33.139583333333334,110819297.24342798
RtS,M5,cDXHP,Measure,CZ13,37.3975,114050773.90379761
RtS,M5,cDXHP,Measure,CZ14,33.69791666666667,97097375.25521637
RtS,M5,cDXHP,Measure,CZ15,42.32083333333334,145026913.54379743
RtS,M5,cDXHP,Measure,CZ16,25.15416666666667,78240885.576864
RtS,M5,cPTAC,Base,CZ01,16.715000000000003,69632018.88797006
RtS,M5,cPTAC,Base,CZ02,25.97041666666667,99572514.47603069
RtS,M5,cPTAC,Base,CZ03,24.965,92325727.11658806
RtS,M5,cPTAC,Base,CZ04,32.625416666666666,119235391.05593213
RtS,M5,cPTAC,Base,CZ05,22.50375,84828885.96136735
RtS,M5,cPTAC,Base,CZ06,25.295833333333334,96112399.36843309
RtS,M5,cPTAC,Base,CZ07,25.2725,106412518.9412653
RtS,M5,cPTAC,Base,CZ08,32.28541666666666,120257638.19156133
RtS,M5,cPTAC,Base,CZ09,35.456250000000004,130981291.28718506
RtS,M5,cPTAC,Base,CZ10,35.55666666666667,132476980.24553302
RtS,M5,cPTAC,Base,CZ11,36.25708333333334,126452293.77726911
RtS,M5,cPTAC,Base,CZ12,33.139583333333334,124729988.6992914
RtS,M5,cPTAC,Base,CZ13,37.3975,129510388.98428303
RtS,M5,cPTAC,Base,CZ14,33.69791666666667,110122188.69544877
RtS,M5,cPTAC,Base,CZ15,42.32083333333334,165374765.61777985
RtS,M5,cPTAC,Base,CZ16,25.15416666666667,87426037.12449443
RtS,M5,cPTAC,Measure,CZ01,16.715000000000003,66055082.683382295
RtS,M5,cPTAC,Measure,CZ02,25.97041666666667,90968157.56365126
RtS,M5,cPTAC,Measure,CZ03,24.965,85069800.83139813
RtS,M5,cPTAC,Measure,CZ04,32.625416666666666,107237401.945945
RtS,M5,cPTAC,Measure,CZ05,22.50375,78818384.561167
RtS,M5,cPTAC,Measure,CZ06,25.295833333333334,88342239.42750998
RtS,M5,cPTAC,Measure,CZ07,25.2725,97270066.22612442
RtS,M5,cPTAC,Measure,CZ08,32.28541666666666,108172148.74851196
RtS,M5,cPTAC,Measure,CZ09,35.456250000000004,117035719.67134985
RtS,M5,cPTAC,Measure,CZ10,35.55666666666667,118173798.85134016
RtS,M5,cPTAC,Measure,CZ11,36.25708333333334,112086794.15157884
RtS,M5,cPTAC,Measure,CZ12,33.139583333333334,111763218.45647186
RtS,M5,cPTAC,Measure,CZ13,37.3975,114623800.40284768
RtS,M5,cPTAC,Measure,CZ14,33.69791666666667,98796397.84653565
RtS,M5,cPTAC,Measure,CZ15,42.32083333333334,145026913.5437915
RtS,M5,cPTAC,Measure,CZ16,25.15416666666667,80315824.46708208
RtS,M5,cPVVG,Base,CZ01,16.715000000000003,69025928.65678284
RtS,M5,cPVVG,Base,CZ02,25.97041666666667,97975078.81540447
RtS,M5,cPVVG,Base,CZ03,24.965,90913505.57637161
RtS,M5,cPVVG,Base,CZ04,32.625416666666666,118040613.5402512
RtS,M5,cPVVG,Base,CZ05,22.50375,83646061.5826908
RtS,M5,cPVVG,Base,CZ06,25.295833333333334,95085856.16250452
RtS,M5,cPVVG,Base,CZ07,25.2725,105350635.85395646
RtS,M5,cPVVG,Base,CZ08,32.28541666666666,119207428.94549079
RtS,M5,cPVVG,Base,CZ09,35.456250000000004,130016716.36343448
RtS,M5,cPVVG,Base,CZ10,35.55666666666667,131355986.33546834
RtS,M5,cPVVG,Base,CZ11,36.25708333333334,125347236.97348769
RtS,M5,cPVVG,Base,CZ12,33.139583333333334,123673914.47278333
RtS,M5,cPVVG,Base,CZ13,37.3975,128465325.5487049
RtS,M5,cPVVG,Base,CZ14,33.69791666666667,109012826.51406217
RtS,M5,cPVVG,Base,CZ15,42.32083333333334,164377531.78637
RtS,M5,cPVVG,Base,CZ16,25.15416666666667,85816328.62936671
RtS,M5,cPVVG,Measure,CZ01,16.715000000000003,65454484.53405015
RtS,M5,cPVVG,Measure,CZ02,25.97041666666667,89464901.1107598
RtS,M5,cPVVG,Measure,CZ03,24.965,83737530.38133614
RtS,M5,cPVVG,Measure,CZ04,32.625416666666666,106109439.40907332
RtS,M5,cPVVG,Measure,CZ05,22.50375,77690413.4934535
RtS,M5,cPVVG,Measure,CZ06,25.295833333333334,87365644.26395078
RtS,M5,cPVVG,Measure,CZ07,25.2725,96264357.88849135
RtS,M5,cPVVG,Measure,CZ08,32.28541666666666,107179203.11597705
RtS,M5,cPVVG,Measure,CZ09,35.456250000000004,116126838.0958968
RtS,M5,cPVVG,Measure,CZ10,35.55666666666667,117119022.25941159
RtS,M5,cPVVG,Measure,CZ11,36.25708333333334,111063652.58088851
RtS,M5,cPVVG,Measure,CZ12,33.139583333333334,110768820.69870341
RtS,M5,cPVVG,Measure,CZ13,37.3975,113662964.62268499
RtS,M5,cPVVG,Measure,CZ14,33.69791666666667,97759437.97822446
RtS,M5,cPVVG,Measure,CZ15,42.32083333333334,144104933.63959044
RtS,M5,cPVVG,Measure,CZ16,25.15416666666667,78792035.29917268
SCn,M1,cDXGF,Base,CZ01,16.715000000000003,1228669815.6674237
SCn,M1,cDXGF,Base,CZ02,25.97041666666667,1776303381.4002495
SCn,M1,cDXGF,Base,CZ03,24.965,1514038554.5566816
SCn,M1,cDXGF,Base,CZ04,32.625416666666666,2316790681.1225157
SCn,M1,cDXGF,Base,CZ05,22.50375,1408385777.4798155
SCn,M1,cDXGF,Base,CZ06,25.295833333333334,1592619918.3265164
SCn,M1,cDXGF,Base,CZ07,25.2725,1861343617.149386
SCn,M1,cDXGF,Base,CZ08,32.28541666666666,2188721949.6312575
SCn,M1,cDXGF,Base,CZ09,35.456250000000004,2270092076.6688833
SCn,M1,cDXGF,Base,CZ10,35.55666666666667,2189539466.074937
SCn,M1,cDXGF,Base,CZ11,36.25708333333334,2184138641.2794714
SCn,M1,cDXGF,Base,CZ12,33.139583333333334,2319282644.9159374
SCn,M1,cDXGF,Base,CZ13,37.3975,2230041617.5895143
SCn,M1,cDXGF,Base,CZ14,33.69791666666667,2070558067.6122334
SCn,M1,cDXGF,Base,CZ15,42.32083333333334,2839061419.673641
SCn,M1,cDXGF,Base,CZ16,25.15416666666667,1632022430.8092828
SCn,M1,cDXGF,Measure,CZ01,16.715000000000003,1236027487.1878328
SCn,M1,cDXGF,Measure,CZ02,25.97041666666667,1856762584.148893
SCn,M1,cDXGF,Measure,CZ03,24.965,1564189439.5509133
SCn,M1,cDXGF,Measure,CZ04,32.625416666666666,2350117708.8088274
SCn,M1,cDXGF,Measure,CZ05,22.50375,1447031734.5986507
SCn,M1,cDXGF,Measure,CZ06,25.295833333333334,1618077157.919982
SCn,M1,cDXGF,Measure,CZ07,25.2725,1860723418.5946634
SCn,M1,cDXGF,Measure,CZ08,32.28541666666666,2209961022.1868105
SCn,M1,cDXGF,Measure,CZ09,35.456250000000004,2292184636.0357704
SCn,M1,cDXGF,Measure,CZ10,35.55666666666667,2208526521.082526
SCn,M1,cDXGF,Measure,CZ11,36.25708333333334,2031034870.1930988
SCn,M1,cDXGF,Measure,CZ12,33.139583333333334,2327945966.2088633
SCn,M1,cDXGF,Measure,CZ13,37.3975,2056508130.395581
SCn,M1,cDXGF,Measure,CZ14,33.69791666666667,1905473980.1944833
SCn,M1,cDXGF,Measure,CZ15,42.32083333333334,2838482176.4285426
SCn,M1,cDXGF,Measure,CZ16,25.15416666666667,1509170973.5424333
SCn,M1,cDXHP,Base,CZ01,16.715000000000003,1257868971.06795
SCn,M1,cDXHP,Base,CZ02,25.97041666666667,1776302674.7726622
SCn,M1,cDXHP,Base,CZ03,24.965,1522224883.4177747
SCn,M1,cDXHP,Base,CZ04,32.625416666666666,2316790681.1225085
SCn,M1,cDXHP,Base,CZ05,22.50375,1409314109.8251467
SCn,M1,cDXHP,Base,CZ06,25.295833333333334,1607626648.8100843
SCn,M1,cDXHP,Base,CZ07,25.2725,1904979427.5173106
SCn,M1,cDXHP,Base,CZ08,32.28541666666666,2188721949.630619
SCn,M1,cDXHP,Base,CZ09,35.456250000000004,2270092076.5717797
SCn,M1,cDXHP,Base,CZ10,35.55666666666667,2189539466.0663896
SCn,M1,cDXHP,Base,CZ11,36.25708333333334,2184138641.281147
SCn,M1,cDXHP,Base,CZ12,33.139583333333334,2319282644.915968
SCn,M1,cDXHP,Base,CZ13,37.3975,2230041617.589487
SCn,M1,cDXHP,Base,CZ14,33.69791666666667,2070558067.612228
SCn,M1,cDXHP,Base,CZ15,42.32083333333334,2839061419.742217
SCn,M1,cDXHP,Base,CZ16,25.15416666666667,1647413249.393169
SCn,M1,cDXHP,Measure,CZ01,16.715000000000003,1251628924.1873562
SCn,M1,cDXHP,Measure,CZ02,25.97041666666667,1856762584.149468
SCn,M1,cDXHP,Measure,CZ03,24.965,1574560887.9064016
SCn,M1,cDXHP,Measure,CZ04,32.625416666666666,2350117708.808621
SCn,M1,cDXHP,Measure,CZ05,22.50375,1448853662.9916258
SCn,M1,cDXHP,Measure,CZ06,25.295833333333334,1633693620.5094666
SCn,M1,cDXHP,Measure,CZ07,25.2725,1901838522.8689766
SCn,M1,cDXHP,Measure,CZ08,32.28541666666666,2209961022.1867976
SCn,M1,cDXHP,Measure,CZ09,35.456250000000004,2292184636.0356565
SCn,M1,cDXHP,Measure,CZ10,35.55666666666667,2208526521.0824757
SCn,M1,cDXHP,Measure,CZ11,36.25708333333334,2031034872.1756632
SCn,M1,cDXHP,Measure,CZ12,33.139583333333334,2327946092.2531834
SCn,M1,cDXHP,Measure,CZ13,37.3975,2056508130.3955753
SCn,M1,cDXHP,Measure,CZ14,33.69791666666667,1905473876.9964902
SCn,M1,cDXHP,Measure,CZ15,42.32083333333334,2838482173.814381
SCn,M1,cDXHP,Measure,CZ16,25.15416666666667,1524470541.4052458
SCn,M1,cPTAC,Base,CZ01,16.715000000000003,1211865562.0213544
SCn,M1,cPTAC,Base,CZ02,25.97041666666667,1774623986.4480731
SCn,M1,cPTAC,Base,CZ03,24.965,1506517659.5195632
SCn,M1,cPTAC,Base,CZ04,32.625416666666666,2316787730.7417808
SCn,M1,cPTAC,Base,CZ05,22.50375,1388048556.9654832
SCn,M1,cPTAC,Base,CZ06,25.295833333333334,1592619756.6741767
SCn,M1,cPTAC,Base,CZ07,25.2725,1861343617.1493878
SCn,M1,cPTAC,Base,CZ08,32.28541666666666,2188722030.805273
SCn,M1,cPTAC,Base,CZ09,35.456250000000004,2269641536.6483355
SCn,M1,cPTAC,Base,CZ10,35.55666666666667,2189539462.512465
SCn,M1,cPTAC,Base,CZ11,36.25708333333334,2184138617.5909624
SCn,M1,cPTAC,Base,CZ12,33.139583333333334,2319282681.9880023
SCn,M1,cPTAC,Base,CZ13,37.3975,2230041617.5894804
SCn,M1,cPTAC,Base,CZ14,33.69791666666667,2070557922.5097888
SCn,M1,cPTAC,Base,CZ15,42.32083333333334,2839061422.759699
SCn,M1,cPTAC,Base,CZ16,25.15416666666667,1632021895.9660838
SCn,M1,cPTAC,Measure,CZ01,16.715000000000003,1220827724.6428237
SCn,M1,cPTAC,Measure,CZ02,25.97041666666667,1856760330.870148
SCn,M1,cPTAC,Measure,CZ03,24.965,1563883492.5516798
SCn,M1,cPTAC,Measure,CZ04,32.625416666666666,2350117708.8089976
SCn,M1,cPTAC,Measure,CZ05,22.50375,1438849563.593767
SCn,M1,cPTAC,Measure,CZ06,25.295833333333334,1618076842.9607337
SCn,M1,cPTAC,Measure,CZ07,25.2725,1860723418.5944421
SCn,M1,cPTAC,Measure,CZ08,32.28541666666666,2209961022.184961
SCn,M1,cPTAC,Measure,CZ09,35.456250000000004,2292184635.9433255
SCn,M1,cPTAC,Measure,CZ10,35.55666666666667,2208526520.9913597
SCn,M1,cPTAC,Measure,CZ11,36.25708333333334,2031034870.192999
SCn,M1,cPTAC,Measure,CZ12,33.139583333333334,2327945966.2088327
SCn,M1,cPTAC,Measure,CZ13,37.3975,2056508130.3955948
SCn,M1,cPTAC,Measure,CZ14,33.69791666666667,1905473980.1943681
SCn,M1,cPTAC,Measure,CZ15,42.32083333333334,2838482174.7218037
SCn,M1,cPTAC,Measure,CZ16,25.15416666666667,1509170662.785976
SCn,M1,cPVVG,Base,CZ01,16.715000000000003,1065057032.4715639
SCn,M1,cPVVG,Base,CZ02,25.97041666666667,1537375276.3482938
SCn,M1,cPVVG,Base,CZ03,24.965,1397301287.9116879
SCn,M1,cPVVG,Base,CZ04,32.625416666666666,2122718921.303185
SCn,M1,cPVVG,Base,CZ05,22.50375,1255326221.8921323
SCn,M1,cPVVG,Base,CZ06,25.295833333333334,1575939712.315682
SCn,M1,cPVVG,Base,CZ07,25.2725,1859157914.3480124
SCn,M1,cPVVG,Base,CZ08,32.28541666666666,2154539855.6452365
SCn,M1,cPVVG,Base,CZ09,35.456250000000004,2231003095.4072995
SCn,M1,cPVVG,Base,CZ10,35.55666666666667,2172806449.492367
SCn,M1,cPVVG,Base,CZ11,36.25708333333334,2145727666.6830883
SCn,M1,cPVVG,Base,CZ12,33.139583333333334,2276272829.615013
SCn,M1,cPVVG,Base,CZ13,37.3975,2196364595.778038
SCn,M1,cPVVG,Base,CZ14,33.69791666666667,1833347878.443201
SCn,M1,cPVVG,Base,CZ15,42.32083333333334,2838868813.4722037
SCn,M1,cPVVG,Base,CZ16,25.15416666666667,1302400620.855516
SCn,M1,cPVVG,Measure,CZ01,16.715000000000003,1070821540.3660345
SCn,M1,cPVVG,Measure,CZ02,25.97041666666667,1638045750.5947938
SCn,M1,cPVVG,Measure,CZ03,24.965,1447614066.0941827
SCn,M1,cPVVG,Measure,CZ04,32.625416666666666,2159384180.383727
SCn,M1,cPVVG,Measure,CZ05,22.50375,1292796592.31373
SCn,M1,cPVVG,Measure,CZ06,25.295833333333334,1604435771.175684
SCn,M1,cPVVG,Measure,CZ07,25.2725,1859768657.9112177
SCn,M1,cPVVG,Measure,CZ08,32.28541666666666,2188466944.536715
SCn,M1,cPVVG,Measure,CZ09,35.456250000000004,2266274388.558673
SCn,M1,cPVVG,Measure,CZ10,35.55666666666667,2199615326.728076
SCn,M1,cPVVG,Measure,CZ11,36.25708333333334,2024684227.5033684
SCn,M1,cPVVG,Measure,CZ12,33.139583333333334,2288423508.539882
SCn,M1,cPVVG,Measure,CZ13,37.3975,2050600939.709375
SCn,M1,cPVVG,Measure,CZ14,33.69791666666667,1743832857.5495594
SCn,M1,cPVVG,Measure,CZ15,42.32083333333334,2838342353.1426935
SCn,M1,cPVVG,Measure,CZ16,25.15416666666667,1293682827.9410136
SCn,M2,cDXGF,Base,CZ01,16.715000000000003,1429509963.570226
SCn,M2,cDXGF,Base,CZ02,25.97041666666667,1846197207.1614473
SCn,M2,cDXGF,Base,CZ03,24.965,1621019563.1290908
SCn,M2,cDXGF,Base,CZ04,32.625416666666666,2083134050.8101554
SCn,M2,cDXGF,Base,CZ05,22.50375,1546085389.1852064
SCn,M2,cDXGF,Base,CZ06,25.295833333333334,1612323376.895304
SCn,M2,cDXGF,Base,CZ07,25.2725,1647127402.8052645
SCn,M2,cDXGF,Base,CZ08,32.28541666666666,2069761749.7485945
SCn,M2,cDXGF,Base,CZ09,35.456250000000004,2149342348.7276926
SCn,M2,cDXGF,Base,CZ10,35.55666666666667,2066135600.899501
SCn,M2,cDXGF,Base,CZ11,36.25708333333334,1915539135.6425204
SCn,M2,cDXGF,Base,CZ12,33.139583333333334,2111968388.661659
SCn,M2,cDXGF,Base,CZ13,37.3975,1994672098.3659053
SCn,M2,cDXGF,Base,CZ14,33.69791666666667,1802455439.491801
SCn,M2,cDXGF,Base,CZ15,42.32083333333334,2653143268.5752544
SCn,M2,cDXGF,Base,CZ16,25.15416666666667,1662725082.7769384
SCn,M2,cDXGF,Measure,CZ01,16.715000000000003,1403215541.3075118
SCn,M2,cDXGF,Measure,CZ02,25.97041666666667,1828723700.4109573
SCn,M2,cDXGF,Measure,CZ03,24.965,1602630276.299399
SCn,M2,cDXGF,Measure,CZ04,32.625416666666666,2060428084.0009208
SCn,M2,cDXGF,Measure,CZ05,22.50375,1520700838.8787346
SCn,M2,cDXGF,Measure,CZ06,25.295833333333334,1600359519.8955739
SCn,M2,cDXGF,Measure,CZ07,25.2725,1631685365.415573
SCn,M2,cDXGF,Measure,CZ08,32.28541666666666,2052168546.8302598
SCn,M2,cDXGF,Measure,CZ09,35.456250000000004,2134219929.214231
SCn,M2,cDXGF,Measure,CZ10,35.55666666666667,2052105551.0893645
SCn,M2,cDXGF,Measure,CZ11,36.25708333333334,1781151164.3493917
SCn,M2,cDXGF,Measure,CZ12,33.139583333333334,2093236851.8303232
SCn,M2,cDXGF,Measure,CZ13,37.3975,1871595596.1492352
SCn,M2,cDXGF,Measure,CZ14,33.69791666666667,1652658429.951687
SCn,M2,cDXGF,Measure,CZ15,42.32083333333334,2626437821.3998485
SCn,M2,cDXGF,Measure,CZ16,25.15416666666667,1515681326.4572346
SCn,M2,cDXHP,Base,CZ01,16.715000000000003,1423105424.2930884
SCn,M2,cDXHP,Base,CZ02,25.97041666666667,1846197207.1607535
SCn,M2,cDXHP,Base,CZ03,24.965,1625115352.2954593
SCn,M2,cDXHP,Base,CZ04,32.625416666666666,2083134050.8627214
SCn,M2,cDXHP,Base,CZ05,22.50375,1543807809.5640883
SCn,M2,cDXHP,Base,CZ06,25.295833333333334,1615461498.5540562
SCn,M2,cDXHP,Base,CZ07,25.2725,1645557639.3062057
SCn,M2,cDXHP,Base,CZ08,32.28541666666666,2069762130.7230282
SCn,M2,cDXHP,Base,CZ09,35.456250000000004,2149342348.7277155
SCn,M2,cDXHP,Base,CZ10,35.55666666666667,2066135600.9143329
SCn,M2,cDXHP,Base,CZ11,36.25708333333334,1915539135.6424866
SCn,M2,cDXHP,Base,CZ12,33.139583333333334,2111968388.6616697
SCn,M2,cDXHP,Base,CZ13,37.3975,1994672098.3658957
SCn,M2,cDXHP,Base,CZ14,33.69791666666667,1802455439.4917755
SCn,M2,cDXHP,Base,CZ15,42.32083333333334,2653143147.979282
SCn,M2,cDXHP,Base,CZ16,25.15416666666667,1673334186.5806618
SCn,M2,cDXHP,Measure,CZ01,16.715000000000003,1395739248.556591
SCn,M2,cDXHP,Measure,CZ02,25.97041666666667,1828723700.4109464
SCn,M2,cDXHP,Measure,CZ03,24.965,1606207721.0022407
SCn,M2,cDXHP,Measure,CZ04,32.625416666666666,2060428084.000566
SCn,M2,cDXHP,Measure,CZ05,22.50375,1518024218.2705326
SCn,M2,cDXHP,Measure,CZ06,25.295833333333334,1602604214.9963014
SCn,M2,cDXHP,Measure,CZ07,25.2725,1632613857.3940806
SCn,M2,cDXHP,Measure,CZ08,32.28541666666666,2052168546.832427
SCn,M2,cDXHP,Measure,CZ09,35.456250000000004,2134219929.2141912
SCn,M2,cDXHP,Measure,CZ10,35.55666666666667,2052105551.0893455
SCn,M2,cDXHP,Measure,CZ11,36.25708333333334,1781151164.606659
SCn,M2,cDXHP,Measure,CZ12,33.139583333333334,2093236851.8302476
SCn,M2,cDXHP,Measure,CZ13,37.3975,1871595639.135484
SCn,M2,cDXHP,Measure,CZ14,33.69791666666667,1652658429.9518213
SCn,M2,cDXHP,Measure,CZ15,42.32083333333334,2626437821.3202786
SCn,M2,cDXHP,Measure,CZ16,25.15416666666667,1524453624.8744414
SCn,M2,cPTAC,Base,CZ01,16.715000000000003,1429510011.0141964
SCn,M2,cPTAC,Base,CZ02,25.97041666666667,1846197207.1613715
SCn,M2,cPTAC,Base,CZ03,24.965,1621019563.1294847
SCn,M2,cPTAC,Base,CZ04,32.625416666666666,2083134050.8102999
SCn,M2,cPTAC,Base,CZ05,22.50375,1546085389.1853094
SCn,M2,cPTAC,Base,CZ06,25.295833333333334,1612323376.8952708
SCn,M2,cPTAC,Base,CZ07,25.2725,1647127435.2972965
SCn,M2,cPTAC,Base,CZ08,32.28541666666666,2069761749.7486827
SCn,M2,cPTAC,Base,CZ09,35.456250000000004,2149342348.7277007
SCn,M2,cPTAC,Base,CZ10,35.55666666666667,2066135600.9143465
SCn,M2,cPTAC,Base,CZ11,36.25708333333334,1915539135.6424768
SCn,M2,cPTAC,Base,CZ12,33.139583333333334,2111968388.6616836
SCn,M2,cPTAC,Base,CZ13,37.3975,1994672101.4820616
SCn,M2,cPTAC,Base,CZ14,33.69791666666667,1802455439.4918368
SCn,M2,cPTAC,Base,CZ15,42.32083333333334,2653143147.9749985
SCn,M2,cPTAC,Base,CZ16,25.15416666666667,1662725082.7769501
SCn,M2,cPTAC,Measure,CZ01,16.715000000000003,1403202479.0985065
SCn,M2,cPTAC,Measure,CZ02,25.97041666666667,1828723700.41126
SCn,M2,cPTAC,Measure,CZ03,24.965,1602630276.2994332
SCn,M2,cPTAC,Measure,CZ04,32.625416666666666,2060428084.0005474
SCn,M2,cPTAC,Measure,CZ05,22.50375,1520700838.878652
SCn,M2,cPTAC,Measure,CZ06,25.295833333333334,1600359519.895527
SCn,M2,cPTAC,Measure,CZ07,25.2725,1631685365.4158783
SCn,M2,cPTAC,Measure,CZ08,32.28541666666666,2052168973.8215842
SCn,M2,cPTAC,Measure,CZ09,35.456250000000004,2134219929.2437935
SCn,M2,cPTAC,Measure,CZ10,35.55666666666667,2052105551.0893877
SCn,M2,cPTAC,Measure,CZ11,36.25708333333334,1781151166.3021579
SCn,M2,cPTAC,Measure,CZ12,33.139583333333334,2093236851.8302915
SCn,M2,cPTAC,Measure,CZ13,37.3975,1871595327.902973
SCn,M2,cPTAC,Measure,CZ14,33.69791666666667,1652658357.1218333
SCn,M2,cPTAC,Measure,CZ15,42.32083333333334,2626437821.358163
SCn,M2,cPTAC,Measure,CZ16,25.15416666666667,1515681326.3732474
SCn,M2,cPVVG,Base,CZ01,16.715000000000003,1209924954.7141056
SCn,M2,cPVVG,Base,CZ02,25.97041666666667,1602585250.2208564
SCn,M2,cPVVG,Base,CZ03,24.965,1504906559.6232953
SCn,M2,cPVVG,Base,CZ04,32.625416666666666,1888805681.6220329
SCn,M2,cPVVG,Base,CZ05,22.50375,1377397402.9117124
SCn,M2,cPVVG,Base,CZ06,25.295833333333334,1596250706.1897807
SCn,M2,cPVVG,Base,CZ07,25.2725,1627450653.6677535
SCn,M2,cPVVG,Base,CZ08,32.28541666666666,2016505103.836982
SCn,M2,cPVVG,Base,CZ09,35.456250000000004,2093702109.4812193
SCn,M2,cPVVG,Base,CZ10,35.55666666666667,2030146613.6207712
SCn,M2,cPVVG,Base,CZ11,36.25708333333334,1813336607.1749036
SCn,M2,cPVVG,Base,CZ12,33.139583333333334,2041415983.2238445
SCn,M2,cPVVG,Base,CZ13,37.3975,1910051038.3251069
SCn,M2,cPVVG,Base,CZ14,33.69791666666667,1579314524.8585598
SCn,M2,cPVVG,Base,CZ15,42.32083333333334,2608540493.9702125
SCn,M2,cPVVG,Base,CZ16,25.15416666666667,1311415768.86127
SCn,M2,cPVVG,Measure,CZ01,16.715000000000003,1196909513.7639713
SCn,M2,cPVVG,Measure,CZ02,25.97041666666667,1596173705.48804
SCn,M2,cPVVG,Measure,CZ03,24.965,1492204652.5727537
SCn,M2,cPVVG,Measure,CZ04,32.625416666666666,1881697358.8019092
SCn,M2,cPVVG,Measure,CZ05,22.50375,1362238247.888269
SCn,M2,cPVVG,Measure,CZ06,25.295833333333334,1585106067.91055
SCn,M2,cPVVG,Measure,CZ07,25.2725,1613985486.7708168
SCn,M2,cPVVG,Measure,CZ08,32.28541666666666,2006336499.3213806
SCn,M2,cPVVG,Measure,CZ09,35.456250000000004,2085498098.834583
SCn,M2,cPVVG,Measure,CZ10,35.55666666666667,2021520969.579016
SCn,M2,cPVVG,Measure,CZ11,36.25708333333334,1752403693.7509174
SCn,M2,cPVVG,Measure,CZ12,33.139583333333334,2031606234.6063578
SCn,M2,cPVVG,Measure,CZ13,37.3975,1851201594.1139355
SCn,M2,cPVVG,Measure,CZ14,33.69791666666667,1532282499.6577632
SCn,M2,cPVVG,Measure,CZ15,42.32083333333334,2597360918.0856586
SCn,M2,cPVVG,Measure,CZ16,25.15416666666667,1287749516.2378092
SCn,M3,cDXGF,Base,CZ01,16.715000000000003,1150828038.183698
SCn,M3,cDXGF,Base,CZ02,25.97041666666667,1840631223.9392114
SCn,M3,cDXGF,Base,CZ03,24.965,1571268962.4364347
SCn,M3,cDXGF,Base,CZ04,32.625416666666666,2177123748.813731
SCn,M3,cDXGF,Base,CZ05,22.50375,1402584197.9267387
SCn,M3,cDXGF,Base,CZ06,25.295833333333334,1635771302.2716727
SCn,M3,cDXGF,Base,CZ07,25.2725,1697884339.919784
SCn,M3,cDXGF,Base,CZ08,32.28541666666666,2196882256.785875
SCn,M3,cDXGF,Base,CZ09,35.456250000000004,2294289859.168167
SCn,M3,cDXGF,Base,CZ10,35.55666666666667,2221829286.0697675
SCn,M3,cDXGF,Base,CZ11,36.25708333333334,1983543962.528233
SCn,M3,cDXGF,Base,CZ12,33.139583333333334,2266197735.7808213
SCn,M3,cDXGF,Base,CZ13,37.3975,2099553862.9344947
SCn,M3,cDXGF,Base,CZ14,33.69791666666667,1794617970.4250758
SCn,M3,cDXGF,Base,CZ15,42.32083333333334,2946737353.9724817
SCn,M3,cDXGF,Base,CZ16,25.15416666666667,1567639405.2110767
SCn,M3,cDXGF,Measure,CZ01,16.715000000000003,1114869870.5642717
SCn,M3,cDXGF,Measure,CZ02,25.97041666666667,1686338918.738806
SCn,M3,cDXGF,Measure,CZ03,24.965,1465330270.5759408
SCn,M3,cDXGF,Measure,CZ04,32.625416666666666,1964217213.8320103
SCn,M3,cDXGF,Measure,CZ05,22.50375,1322929643.232057
SCn,M3,cDXGF,Measure,CZ06,25.295833333333334,1518728208.377254
SCn,M3,cDXGF,Measure,CZ07,25.2725,1571085490.0224566
SCn,M3,cDXGF,Measure,CZ08,32.28541666666666,1980587510.9554982
SCn,M3,cDXGF,Measure,CZ09,35.456250000000004,2059990285.288745
SCn,M3,cDXGF,Measure,CZ10,35.55666666666667,1999865273.2975307
SCn,M3,cDXGF,Measure,CZ11,36.25708333333334,1752214518.0053892
SCn,M3,cDXGF,Measure,CZ12,33.139583333333334,2037850966.128374
SCn,M3,cDXGF,Measure,CZ13,37.3975,1842711925.7818274
SCn,M3,cDXGF,Measure,CZ14,33.69791666666667,1604288789.9661403
SCn,M3,cDXGF,Measure,CZ15,42.32083333333334,2597609991.4281354
SCn,M3,cDXGF,Measure,CZ16,25.15416666666667,1432280580.138228
SCn,M3,cDXHP,Base,CZ01,16.715000000000003,1132889432.6517558
SCn,M3,cDXHP,Base,CZ02,25.97041666666667,1840631223.9393282
SCn,M3,cDXHP,Base,CZ03,24.965,1561214630.0037003
SCn,M3,cDXHP,Base,CZ04,32.625416666666666,2177123748.813816
SCn,M3,cDXHP,Base,CZ05,22.50375,1397735044.9894972
SCn,M3,cDXHP,Base,CZ06,25.295833333333334,1623756783.7750344
SCn,M3,cDXHP,Base,CZ07,25.2725,1686674575.6213317
SCn,M3,cDXHP,Base,CZ08,32.28541666666666,2196882256.7858877
SCn,M3,cDXHP,Base,CZ09,35.456250000000004,2294289859.168229
SCn,M3,cDXHP,Base,CZ10,35.55666666666667,2221829285.4224663
SCn,M3,cDXHP,Base,CZ11,36.25708333333334,1983543962.504204
SCn,M3,cDXHP,Base,CZ12,33.139583333333334,2266197735.7808337
SCn,M3,cDXHP,Base,CZ13,37.3975,2099553862.934469
SCn,M3,cDXHP,Base,CZ14,33.69791666666667,1794617970.4252234
SCn,M3,cDXHP,Base,CZ15,42.32083333333334,2946737353.969881
SCn,M3,cDXHP,Base,CZ16,25.15416666666667,1519042739.529067
SCn,M3,cDXHP,Measure,CZ01,16.715000000000003,1096463853.4832373
SCn,M3,cDXHP,Measure,CZ02,25.97041666666667,1686338918.7389874
SCn,M3,cDXHP,Measure,CZ03,24.965,1453519756.6166425
SCn,M3,cDXHP,Measure,CZ04,32.625416666666666,1964217219.124699
SCn,M3,cDXHP,Measure,CZ05,22.50375,1317336811.6690264
SCn,M3,cDXHP,Measure,CZ06,25.295833333333334,1506029696.2215586
SCn,M3,cDXHP,Measure,CZ07,25.2725,1558792788.3722253
SCn,M3,cDXHP,Measure,CZ08,32.28541666666666,1980588167.3979378
SCn,M3,cDXHP,Measure,CZ09,35.456250000000004,2059990285.2887893
SCn,M3,cDXHP,Measure,CZ10,35.55666666666667,1999865272.7588983
SCn,M3,cDXHP,Measure,CZ11,36.25708333333334,1752214517.9933724
SCn,M3,cDXHP,Measure,CZ12,33.139583333333334,2037850966.128282
SCn,M3,cDXHP,Measure,CZ13,37.3975,1842711925.7818532
SCn,M3,cDXHP,Measure,CZ14,33.69791666666667,1604288789.9662197
SCn,M3,cDXHP,Measure,CZ15,42.32083333333334,2597609387.0425277
SCn,M3,cDXHP,Measure,CZ16,25.15416666666667,1382454894.2628121
SCn,M3,cPTAC,Base,CZ01,16.715000000000003,1150150182.0851188
SCn,M3,cPTAC,Base,CZ02,25.97041666666667,1840631223.938741
SCn,M3,cPTAC,Base,CZ03,24.965,1571268962.4363875
SCn,M3,cPTAC,Base,CZ04,32.625416666666666,2177123740.600039
SCn,M3,cPTAC,Base,CZ05,22.50375,1402584515.445837
SCn,M3,cPTAC,Base,CZ06,25.295833333333334,1635771302.271297
SCn,M3,cPTAC,Base,CZ07,25.2725,1697884339.919777
SCn,M3,cPTAC,Base,CZ08,32.28541666666666,2196883044.9862185
SCn,M3,cPTAC,Base,CZ09,35.456250000000004,2294289859.1682186
SCn,M3,cPTAC,Base,CZ10,35.55666666666667,2221829286.069717
SCn,M3,cPTAC,Base,CZ11,36.25708333333334,1983543962.4901843
SCn,M3,cPTAC,Base,CZ12,33.139583333333334,2266197735.7808905
SCn,M3,cPTAC,Base,CZ13,37.3975,2099553403.8904386
SCn,M3,cPTAC,Base,CZ14,33.69791666666667,1794618132.1438303
SCn,M3,cPTAC,Base,CZ15,42.32083333333334,2946737353.972609
SCn,M3,cPTAC,Base,CZ16,25.15416666666667,1567639404.0000944
SCn,M3,cPTAC,Measure,CZ01,16.715000000000003,1114291552.0365903
SCn,M3,cPTAC,Measure,CZ02,25.97041666666667,1686338918.7390854
SCn,M3,cPTAC,Measure,CZ03,24.965,1465330270.5759606
SCn,M3,cPTAC,Measure,CZ04,32.625416666666666,1964217213.8320875
SCn,M3,cPTAC,Measure,CZ05,22.50375,1322929910.682774
SCn,M3,cPTAC,Measure,CZ06,25.295833333333334,1518728208.3765845
SCn,M3,cPTAC,Measure,CZ07,25.2725,1571085490.0226812
SCn,M3,cPTAC,Measure,CZ08,32.28541666666666,1980588167.3979688
SCn,M3,cPTAC,Measure,CZ09,35.456250000000004,2059990285.2888126
SCn,M3,cPTAC,Measure,CZ10,35.55666666666667,1999865273.2974815
SCn,M3,cPTAC,Measure,CZ11,36.25708333333334,1752214517.9942656
SCn,M3,cPTAC,Measure,CZ12,33.139583333333334,2037850966.1283236
SCn,M3,cPTAC,Measure,CZ13,37.3975,1842711540.4639452
SCn,M3,cPTAC,Measure,CZ14,33.69791666666667,1604288924.7263074
SCn,M3,cPTAC,Measure,CZ15,42.32083333333334,2597609486.6367216
SCn,M3,cPTAC,Measure,CZ16,25.15416666666667,1432280579.1130042
SCn,M3,cPVVG,Base,CZ01,16.715000000000003,1108751902.200696
SCn,M3,cPVVG,Base,CZ02,25.97041666666667,1707477063.0051877
SCn,M3,cPVVG,Base,CZ03,24.965,1510453293.96073
SCn,M3,cPVVG,Base,CZ04,32.625416666666666,2081520107.7010002
SCn,M3,cPVVG,Base,CZ05,22.50375,1344426218.8705568
SCn,M3,cPVVG,Base,CZ06,25.295833333333334,1625089882.5386963
SCn,M3,cPVVG,Base,CZ07,25.2725,1687281442.5784154
SCn,M3,cPVVG,Base,CZ08,32.28541666666666,2187131531.515985
SCn,M3,cPVVG,Base,CZ09,35.456250000000004,2285141660.560868
SCn,M3,cPVVG,Base,CZ10,35.55666666666667,2214534310.275345
SCn,M3,cPVVG,Base,CZ11,36.25708333333334,1977243727.2680197
SCn,M3,cPVVG,Base,CZ12,33.139583333333334,2240123558.20605
SCn,M3,cPVVG,Base,CZ13,37.3975,2095316577.519
SCn,M3,cPVVG,Base,CZ14,33.69791666666667,1720531012.8207211
SCn,M3,cPVVG,Base,CZ15,42.32083333333334,2940996191.058301
SCn,M3,cPVVG,Base,CZ16,25.15416666666667,1409614163.8610265
SCn,M3,cPVVG,Measure,CZ01,16.715000000000003,1075375993.422401
SCn,M3,cPVVG,Measure,CZ02,25.97041666666667,1563460127.3819823
SCn,M3,cPVVG,Measure,CZ03,24.965,1408535957.5202696
SCn,M3,cPVVG,Measure,CZ04,32.625416666666666,1875916025.1891525
SCn,M3,cPVVG,Measure,CZ05,22.50375,1268567160.1066682
SCn,M3,cPVVG,Measure,CZ06,25.295833333333334,1508537840.7214146
SCn,M3,cPVVG,Measure,CZ07,25.2725,1560976053.7743337
SCn,M3,cPVVG,Measure,CZ08,32.28541666666666,1971305452.714104
SCn,M3,cPVVG,Measure,CZ09,35.456250000000004,2051291542.1759229
SCn,M3,cPVVG,Measure,CZ10,35.55666666666667,1992929432.819105
SCn,M3,cPVVG,Measure,CZ11,36.25708333333334,1747372459.6420455
SCn,M3,cPVVG,Measure,CZ12,33.139583333333334,2013591989.6980987
SCn,M3,cPVVG,Measure,CZ13,37.3975,1840185138.7247715
SCn,M3,cPVVG,Measure,CZ14,33.69791666666667,1531583825.0312238
SCn,M3,cPVVG,Measure,CZ15,42.32083333333334,2592190768.7399745
SCn,M3,cPVVG,Measure,CZ16,25.15416666666667,1285368526.5844843
SCn,M4,cDXGF,Base,CZ01,16.715000000000003,1229085953.9574227
SCn,M4,cDXGF,Base,CZ02,25.97041666666667,1789026284.0224526
SCn,M4,cDXGF,Base,CZ03,24.965,1517691920.975227
SCn,M4,cDXGF,Base,CZ04,32.625416666666666,2316796887.1987095
SCn,M4,cDXGF,Base,CZ05,22.50375,1412284611.9289198
SCn,M4,cDXGF,Base,CZ06,25.295833333333334,1593188201.0694056
SCn,M4,cDXGF,Base,CZ07,25.2725,1861344105.6137352
SCn,M4,cDXGF,Base,CZ08,32.28541666666666,2188721389.3087053
SCn,M4,cDXGF,Base,CZ09,35.456250000000004,2270092150.12636
SCn,M4,cDXGF,Base,CZ10,35.55666666666667,2189539210.2746587
SCn,M4,cDXGF,Base,CZ11,36.25708333333334,2184186629.7321873
SCn,M4,cDXGF,Base,CZ12,33.139583333333334,2319279699.6958737
SCn,M4,cDXGF,Base,CZ13,37.3975,2230044966.883478
SCn,M4,cDXGF,Base,CZ14,33.69791666666667,2070598448.2634172
SCn,M4,cDXGF,Base,CZ15,42.32083333333334,2839061420.5423117
SCn,M4,cDXGF,Base,CZ16,25.15416666666667,1640074149.2905407
SCn,M4,cDXGF,Measure,CZ01,16.715000000000003,1236819904.1230626
SCn,M4,cDXGF,Measure,CZ02,25.97041666666667,1872729755.7583747
SCn,M4,cDXGF,Measure,CZ03,24.965,1568761035.2998066
SCn,M4,cDXGF,Measure,CZ04,32.625416666666666,2350143650.713387
SCn,M4,cDXGF,Measure,CZ05,22.50375,1452084092.1102846
SCn,M4,cDXGF,Measure,CZ06,25.295833333333334,1618642517.9719248
SCn,M4,cDXGF,Measure,CZ07,25.2725,1860723095.864439
SCn,M4,cDXGF,Measure,CZ08,32.28541666666666,2209959329.6798143
SCn,M4,cDXGF,Measure,CZ09,35.456250000000004,2292184171.400569
SCn,M4,cDXGF,Measure,CZ10,35.55666666666667,2208527023.7172627
SCn,M4,cDXGF,Measure,CZ11,36.25708333333334,2031050214.5030468
SCn,M4,cDXGF,Measure,CZ12,33.139583333333334,2327927514.8340597
SCn,M4,cDXGF,Measure,CZ13,37.3975,2056498985.509
SCn,M4,cDXGF,Measure,CZ14,33.69791666666667,1905525832.3227997
SCn,M4,cDXGF,Measure,CZ15,42.32083333333334,2838482154.656417
SCn,M4,cDXGF,Measure,CZ16,25.15416666666667,1517251021.3943305
SCn,M4,cDXHP,Base,CZ01,16.715000000000003,1258271332.660773
SCn,M4,cDXHP,Base,CZ02,25.97041666666667,1789025350.5788994
SCn,M4,cDXHP,Base,CZ03,24.965,1525897769.3007374
SCn,M4,cDXHP,Base,CZ04,32.625416666666666,2316796887.1987047
SCn,M4,cDXHP,Base,CZ05,22.50375,1413212904.653062
SCn,M4,cDXHP,Base,CZ06,25.295833333333334,1608200359.1594324
SCn,M4,cDXHP,Base,CZ07,25.2725,1904979846.3016272
SCn,M4,cDXHP,Base,CZ08,32.28541666666666,2188721389.3079853
SCn,M4,cDXHP,Base,CZ09,35.456250000000004,2270092150.0257654
SCn,M4,cDXHP,Base,CZ10,35.55666666666667,2189539210.264722
SCn,M4,cDXHP,Base,CZ11,36.25708333333334,2184186629.713744
SCn,M4,cDXHP,Base,CZ12,33.139583333333334,2319279699.695878
SCn,M4,cDXHP,Base,CZ13,37.3975,2230044966.883459
SCn,M4,cDXHP,Base,CZ14,33.69791666666667,2070598448.2634497
SCn,M4,cDXHP,Base,CZ15,42.32083333333334,2839061416.3805695
SCn,M4,cDXHP,Base,CZ16,25.15416666666667,1655794991.6513958
SCn,M4,cDXHP,Measure,CZ01,16.715000000000003,1252428059.296544
SCn,M4,cDXHP,Measure,CZ02,25.97041666666667,1872729755.758545
SCn,M4,cDXHP,Measure,CZ03,24.965,1579237691.216751
SCn,M4,cDXHP,Measure,CZ04,32.625416666666666,2350143650.7139807
SCn,M4,cDXHP,Measure,CZ05,22.50375,1453928728.3903084
SCn,M4,cDXHP,Measure,CZ06,25.295833333333334,1634265430.60569
SCn,M4,cDXHP,Measure,CZ07,25.2725,1901838869.136207
SCn,M4,cDXHP,Measure,CZ08,32.28541666666666,2209959329.6798096
SCn,M4,cDXHP,Measure,CZ09,35.456250000000004,2292184171.40029
SCn,M4,cDXHP,Measure,CZ10,35.55666666666667,2208527023.717172
SCn,M4,cDXHP,Measure,CZ11,36.25708333333334,2031050224.82279
SCn,M4,cDXHP,Measure,CZ12,33.139583333333334,2327927525.336225
SCn,M4,cDXHP,Measure,CZ13,37.3975,2056498985.5093122
SCn,M4,cDXHP,Measure,CZ14,33.69791666666667,1905525724.9532928
SCn,M4,cDXHP,Measure,CZ15,42.32083333333334,2838482154.656416
SCn,M4,cDXHP,Measure,CZ16,25.15416666666667,1532894142.8361657
SCn,M4,cPTAC,Base,CZ01,16.715000000000003,1211865562.021356
SCn,M4,cPTAC,Base,CZ02,25.97041666666667,1787290546.5041084
SCn,M4,cPTAC,Base,CZ03,24.965,1509960226.289071
SCn,M4,cPTAC,Base,CZ04,32.625416666666666,2316793942.902622
SCn,M4,cPTAC,Base,CZ05,22.50375,1391326102.7199817
SCn,M4,cPTAC,Base,CZ06,25.295833333333334,1593188039.733724
SCn,M4,cPTAC,Base,CZ07,25.2725,1861344105.6137328
SCn,M4,cPTAC,Base,CZ08,32.28541666666666,2188721482.9704475
SCn,M4,cPTAC,Base,CZ09,35.456250000000004,2269641558.5321603
SCn,M4,cPTAC,Base,CZ10,35.55666666666667,2189539206.446848
SCn,M4,cPTAC,Base,CZ11,36.25708333333334,2184186605.907035
SCn,M4,cPTAC,Base,CZ12,33.139583333333334,2319279732.954201
SCn,M4,cPTAC,Base,CZ13,37.3975,2230044966.883483
SCn,M4,cPTAC,Base,CZ14,33.69791666666667,2070598458.0023475
SCn,M4,cPTAC,Base,CZ15,42.32083333333334,2839061416.1607985
SCn,M4,cPTAC,Base,CZ16,25.15416666666667,1640073614.3413258
SCn,M4,cPTAC,Measure,CZ01,16.715000000000003,1220954669.0977726
SCn,M4,cPTAC,Measure,CZ02,25.97041666666667,1872727488.4215624
SCn,M4,cPTAC,Measure,CZ03,24.965,1568445336.975508
SCn,M4,cPTAC,Measure,CZ04,32.625416666666666,2350143650.7130327
SCn,M4,cPTAC,Measure,CZ05,22.50375,1443521105.5866036
SCn,M4,cPTAC,Measure,CZ06,25.295833333333334,1618642197.3248065
SCn,M4,cPTAC,Measure,CZ07,25.2725,1860723095.8642087
SCn,M4,cPTAC,Measure,CZ08,32.28541666666666,2209959329.6779823
SCn,M4,cPTAC,Measure,CZ09,35.456250000000004,2292184171.3091846
SCn,M4,cPTAC,Measure,CZ10,35.55666666666667,2208527023.623868
SCn,M4,cPTAC,Measure,CZ11,36.25708333333334,2031050214.5030482
SCn,M4,cPTAC,Measure,CZ12,33.139583333333334,2327927514.8340244
SCn,M4,cPTAC,Measure,CZ13,37.3975,2056498998.4445848
SCn,M4,cPTAC,Measure,CZ14,33.69791666666667,1905525832.3228598
SCn,M4,cPTAC,Measure,CZ15,42.32083333333334,2838482168.1254406
SCn,M4,cPTAC,Measure,CZ16,25.15416666666667,1517250710.003378
SCn,M4,cPVVG,Base,CZ01,16.715000000000003,1065057032.4715707
SCn,M4,cPVVG,Base,CZ02,25.97041666666667,1537375277.8490114
SCn,M4,cPVVG,Base,CZ03,24.965,1397301277.9131591
SCn,M4,cPVVG,Base,CZ04,32.625416666666666,2122718928.2889924
SCn,M4,cPVVG,Base,CZ05,22.50375,1255326221.892346
SCn,M4,cPVVG,Base,CZ06,25.295833333333334,1575958954.448429
SCn,M4,cPVVG,Base,CZ07,25.2725,1859157922.1328404
SCn,M4,cPVVG,Base,CZ08,32.28541666666666,2154539836.5015626
SCn,M4,cPVVG,Base,CZ09,35.456250000000004,2231003290.918091
SCn,M4,cPVVG,Base,CZ10,35.55666666666667,2172806469.192284
SCn,M4,cPVVG,Base,CZ11,36.25708333333334,2145766081.868914
SCn,M4,cPVVG,Base,CZ12,33.139583333333334,2276271388.641094
SCn,M4,cPVVG,Base,CZ13,37.3975,2196368112.9742637
SCn,M4,cPVVG,Base,CZ14,33.69791666666667,1833356136.2679076
SCn,M4,cPVVG,Base,CZ15,42.32083333333334,2838868816.4413633
SCn,M4,cPVVG,Base,CZ16,25.15416666666667,1303580956.14051
SCn,M4,cPVVG,Measure,CZ01,16.715000000000003,1070821540.3822854
SCn,M4,cPVVG,Measure,CZ02,25.97041666666667,1638053240.690394
SCn,M4,cPVVG,Measure,CZ03,24.965,1447614044.1392336
SCn,M4,cPVVG,Measure,CZ04,32.625416666666666,2159449998.30975
SCn,M4,cPVVG,Measure,CZ05,22.50375,1292796592.3863714
SCn,M4,cPVVG,Measure,CZ06,25.295833333333334,1604473758.415113
SCn,M4,cPVVG,Measure,CZ07,25.2725,1859769373.9532497
SCn,M4,cPVVG,Measure,CZ08,32.28541666666666,2188471268.0403767
SCn,M4,cPVVG,Measure,CZ09,35.456250000000004,2266274956.3007946
SCn,M4,cPVVG,Measure,CZ10,35.55666666666667,2199617015.2658057
SCn,M4,cPVVG,Measure,CZ11,36.25708333333334,2024702705.1364834
SCn,M4,cPVVG,Measure,CZ12,33.139583333333334,2288444879.0624323
SCn,M4,cPVVG,Measure,CZ13,37.3975,2050592328.602143
SCn,M4,cPVVG,Measure,CZ14,33.69791666666667,1743861093.7948413
SCn,M4,cPVVG,Measure,CZ15,42.32083333333334,2838342340.32492
SCn,M4,cPVVG,Measure,CZ16,25.15416666666667,1294879767.9198804
SCn,M5,cDXGF,Base,CZ01,16.715000000000003,1082882281.307882
SCn,M5,cDXGF,Base,CZ02,25.97041666666667,2114450342.3271227
SCn,M5,cDXGF,Base,CZ03,24.965,1676378014.2965844
SCn,M5,cDXGF,Base,CZ04,32.625416666666666,2571077385.8451715
SCn,M5,cDXGF,Base,CZ05,22.50375,1431292911.8902583
SCn,M5,cDXGF,Base,CZ06,25.295833333333334,1748181033.7585204
SCn,M5,cDXGF,Base,CZ07,25.2725,2045521260.0055985
SCn,M5,cDXGF,Base,CZ08,32.28541666666666,2435890092.3717985
SCn,M5,cDXGF,Base,CZ09,35.456250000000004,2518835493.6064563
SCn,M5,cDXGF,Base,CZ10,35.55666666666667,2451948740.8456426
SCn,M5,cDXGF,Base,CZ11,36.25708333333334,2296531900.9374166
SCn,M5,cDXGF,Base,CZ12,33.139583333333334,2619647334.465168
SCn,M5,cDXGF,Base,CZ13,37.3975,2341220045.227051
SCn,M5,cDXGF,Base,CZ14,33.69791666666667,2138499823.0006628
SCn,M5,cDXGF,Base,CZ15,42.32083333333334,3243406191.8114786
SCn,M5,cDXGF,Base,CZ16,25.15416666666667,1587307184.772591
SCn,M5,cDXGF,Measure,CZ01,16.715000000000003,1057497499.8249841
SCn,M5,cDXGF,Measure,CZ02,25.97041666666667,1912675620.1209517
SCn,M5,cDXGF,Measure,CZ03,24.965,1552921808.52775
SCn,M5,cDXGF,Measure,CZ04,32.625416666666666,2289489816.6828623
SCn,M5,cDXGF,Measure,CZ05,22.50375,1346919797.707215
SCn,M5,cDXGF,Measure,CZ06,25.295833333333334,1612196078.3587935
SCn,M5,cDXGF,Measure,CZ07,25.2725,1860540564.3112001
SCn,M5,cDXGF,Measure,CZ08,32.28541666666666,2177330379.2928486
SCn,M5,cDXGF,Measure,CZ09,35.456250000000004,2244065931.740181
SCn,M5,cDXGF,Measure,CZ10,35.55666666666667,2188685620.4079466
SCn,M5,cDXGF,Measure,CZ11,36.25708333333334,2000669397.4246776
SCn,M5,cDXGF,Measure,CZ12,33.139583333333334,2328961842.1539545
SCn,M5,cDXGF,Measure,CZ13,37.3975,2027374954.8084366
SCn,M5,cDXGF,Measure,CZ14,33.69791666666667,1874597557.8243656
SCn,M5,cDXGF,Measure,CZ15,42.32083333333334,2838481580.80363
SCn,M5,cDXGF,Measure,CZ16,25.15416666666667,1448811936.7905245
SCn,M5,cDXHP,Base,CZ01,16.715000000000003,1089721714.067236
SCn,M5,cDXHP,Base,CZ02,25.97041666666667,2114450342.3269715
SCn,M5,cDXHP,Base,CZ03,24.965,1680961395.5956094
SCn,M5,cDXHP,Base,CZ04,32.625416666666666,2571077620.7824116
SCn,M5,cDXHP,Base,CZ05,22.50375,1420358404.6442828
SCn,M5,cDXHP,Base,CZ06,25.295833333333334,1776063509.4430718
SCn,M5,cDXHP,Base,CZ07,25.2725,2104437808.5686836
SCn,M5,cDXHP,Base,CZ08,32.28541666666666,2435890092.3717995
SCn,M5,cDXHP,Base,CZ09,35.456250000000004,2518835493.606456
SCn,M5,cDXHP,Base,CZ10,35.55666666666667,2451948740.843442
SCn,M5,cDXHP,Base,CZ11,36.25708333333334,2296531943.1284213
SCn,M5,cDXHP,Base,CZ12,33.139583333333334,2619647334.465115
SCn,M5,cDXHP,Base,CZ13,37.3975,2341220045.227817
SCn,M5,cDXHP,Base,CZ14,33.69791666666667,2138499898.5776782
SCn,M5,cDXHP,Base,CZ15,42.32083333333334,3243406188.1063223
SCn,M5,cDXHP,Base,CZ16,25.15416666666667,1605315150.2925272
SCn,M5,cDXHP,Measure,CZ01,16.715000000000003,1060671003.3696223
SCn,M5,cDXHP,Measure,CZ02,25.97041666666667,1912675620.1205602
SCn,M5,cDXHP,Measure,CZ03,24.965,1552570761.2481563
SCn,M5,cDXHP,Measure,CZ04,32.625416666666666,2289489816.6829453
SCn,M5,cDXHP,Measure,CZ05,22.50375,1336113774.9274487
SCn,M5,cDXHP,Measure,CZ06,25.295833333333334,1632064559.2838764
SCn,M5,cDXHP,Measure,CZ07,25.2725,1905067709.394937
SCn,M5,cDXHP,Measure,CZ08,32.28541666666666,2177330379.2928777
SCn,M5,cDXHP,Measure,CZ09,35.456250000000004,2244065931.740044
SCn,M5,cDXHP,Measure,CZ10,35.55666666666667,2188685620.406
SCn,M5,cDXHP,Measure,CZ11,36.25708333333334,2000669432.8398972
SCn,M5,cDXHP,Measure,CZ12,33.139583333333334,2328961842.153924
SCn,M5,cDXHP,Measure,CZ13,37.3975,2027374954.8080688
SCn,M5,cDXHP,Measure,CZ14,33.69791666666667,1874597626.86757
SCn,M5,cDXHP,Measure,CZ15,42.32083333333334,2838481581.096788
SCn,M5,cDXHP,Measure,CZ16,25.15416666666667,1454140702.4418602
SCn,M5,cPTAC,Base,CZ01,16.715000000000003,999952845.2186803
SCn,M5,cPTAC,Base,CZ02,25.97041666666667,2114450342.327227
SCn,M5,cPTAC,Base,CZ03,24.965,1676378014.2966404
SCn,M5,cPTAC,Base,CZ04,32.625416666666666,2571077385.8449965
SCn,M5,cPTAC,Base,CZ05,22.50375,1431292299.1597195
SCn,M5,cPTAC,Base,CZ06,25.295833333333334,1748181033.7586353
SCn,M5,cPTAC,Base,CZ07,25.2725,2045521260.005745
SCn,M5,cPTAC,Base,CZ08,32.28541666666666,2435890467.7725115
SCn,M5,cPTAC,Base,CZ09,35.456250000000004,2518835493.60646
SCn,M5,cPTAC,Base,CZ10,35.55666666666667,2451948740.8434043
SCn,M5,cPTAC,Base,CZ11,36.25708333333334,2296531900.938981
SCn,M5,cPTAC,Base,CZ12,33.139583333333334,2619647334.4651303
SCn,M5,cPTAC,Base,CZ13,37.3975,2341219992.2564697
SCn,M5,cPTAC,Base,CZ14,33.69791666666667,2138499702.1092525
SCn,M5,cPTAC,Base,CZ15,42.32083333333334,3243406186.6160336
SCn,M5,cPTAC,Base,CZ16,25.15416666666667,1587306958.7199051
SCn,M5,cPTAC,Measure,CZ01,16.715000000000003,994100198.8247199
SCn,M5,cPTAC,Measure,CZ02,25.97041666666667,1912675620.1207697
SCn,M5,cPTAC,Measure,CZ03,24.965,1552921808.5276694
SCn,M5,cPTAC,Measure,CZ04,32.625416666666666,2289489620.9246335
SCn,M5,cPTAC,Measure,CZ05,22.50375,1346919797.70922
SCn,M5,cPTAC,Measure,CZ06,25.295833333333334,1612196117.4325237
SCn,M5,cPTAC,Measure,CZ07,25.2725,1860540621.1323051
SCn,M5,cPTAC,Measure,CZ08,32.28541666666666,2177330692.150273
SCn,M5,cPTAC,Measure,CZ09,35.456250000000004,2244065931.7400994
SCn,M5,cPTAC,Measure,CZ10,35.55666666666667,2188685620.406042
SCn,M5,cPTAC,Measure,CZ11,36.25708333333334,2000669397.4251332
SCn,M5,cPTAC,Measure,CZ12,33.139583333333334,2328961842.153928
SCn,M5,cPTAC,Measure,CZ13,37.3975,2027374954.8084037
SCn,M5,cPTAC,Measure,CZ14,33.69791666666667,1874597461.7196422
SCn,M5,cPTAC,Measure,CZ15,42.32083333333334,2838481579.15309
SCn,M5,cPTAC,Measure,CZ16,25.15416666666667,1448811745.3233461
SCn,M5,cPVVG,Base,CZ01,16.715000000000003,1052871161.2215774
SCn,M5,cPVVG,Base,CZ02,25.97041666666667,1876065251.2108738
SCn,M5,cPVVG,Base,CZ03,24.965,1589248486.0573359
SCn,M5,cPVVG,Base,CZ04,32.625416666666666,2391408565.816776
SCn,M5,cPVVG,Base,CZ05,22.50375,1359079608.935913
SCn,M5,cPVVG,Base,CZ06,25.295833333333334,1739786172.6584797
SCn,M5,cPVVG,Base,CZ07,25.2725,2044878031.6660213
SCn,M5,cPVVG,Base,CZ08,32.28541666666666,2431517954.351108
SCn,M5,cPVVG,Base,CZ09,35.456250000000004,2513808895.9382963
SCn,M5,cPVVG,Base,CZ10,35.55666666666667,2449673262.4079742
SCn,M5,cPVVG,Base,CZ11,36.25708333333334,2291686620.016173
SCn,M5,cPVVG,Base,CZ12,33.139583333333334,2572735494.8651657
SCn,M5,cPVVG,Base,CZ13,37.3975,2335687635.36557
SCn,M5,cPVVG,Base,CZ14,33.69791666666667,1945348522.0312266
SCn,M5,cPVVG,Base,CZ15,42.32083333333334,3243266310.432433
SCn,M5,cPVVG,Base,CZ16,25.15416666666667,1423404752.0726738
SCn,M5,cPVVG,Measure,CZ01,16.715000000000003,1029152912.9628959
SCn,M5,cPVVG,Measure,CZ02,25.97041666666667,1701066407.511844
SCn,M5,cPVVG,Measure,CZ03,24.965,1473844651.1249995
SCn,M5,cPVVG,Measure,CZ04,32.625416666666666,2130731649.137168
SCn,M5,cPVVG,Measure,CZ05,22.50375,1280859892.9566112
SCn,M5,cPVVG,Measure,CZ06,25.295833333333334,1604232152.6975741
SCn,M5,cPVVG,Measure,CZ07,25.2725,1859931581.7838192
SCn,M5,cPVVG,Measure,CZ08,32.28541666666666,2173193064.2514753
SCn,M5,cPVVG,Measure,CZ09,35.456250000000004,2239318609.2974873
SCn,M5,cPVVG,Measure,CZ10,35.55666666666667,2186530813.887291
SCn,M5,cPVVG,Measure,CZ11,36.25708333333334,1999389303.470457
SCn,M5,cPVVG,Measure,CZ12,33.139583333333334,2288107908.0009885
SCn,M5,cPVVG,Measure,CZ13,37.3975,2026186973.208568
SCn,M5,cPVVG,Measure,CZ14,33.69791666666667,1712727324.3837683
SCn,M5,cPVVG,Measure,CZ15,42.32083333333334,2838341850.45636
SCn,M5,cPVVG,Measure,CZ16,25.15416666666667,1296843303.042641
