Building Type,Measure,System Type,Run Type,Climate Zone,Average Temperature,Average Electric Energy
Asm,M1,cDXGF,Base,CZ01,16.715000000000003,337355132.8769328
Asm,M1,cDXGF,Base,CZ02,25.97041666666667,511630946.6207228
Asm,M1,cDXGF,Base,CZ03,24.965,477031113.5767175
Asm,M1,cDXGF,Base,CZ04,32.625416666666666,674684983.2393477
Asm,M1,cDXGF,Base,CZ05,22.50375,436616392.5754348
Asm,M1,cDXGF,Base,CZ06,25.29583333333333,504577360.01657367
Asm,M1,cDXGF,Base,CZ07,25.2725,559797567.3654659
Asm,M1,cDXGF,Base,CZ08,32.28541666666666,672607340.0628046
Asm,M1,cDXGF,Base,CZ09,35.456250000000004,747467555.4141383
Asm,M1,cDXGF,Base,CZ10,35.55666666666667,741416198.3584322
Asm,M1,cDXGF,Base,CZ11,36.25708333333334,790222030.895361
Asm,M1,cDXGF,Base,CZ12,33.139583333333334,684287445.049413
Asm,M1,cDXGF,Base,CZ13,37.3975,817268858.7971498
Asm,M1,cDXGF,Base,CZ14,33.69791666666667,741541127.3258566
Asm,M1,cDXGF,Base,CZ15,42.32083333333334,919761615.5281706
Asm,M1,cDXGF,Base,CZ16,25.15416666666667,567476126.59096
Asm,M1,cDXGF,Measure,CZ01,16.715000000000003,342812224.87117624
Asm,M1,cDXGF,Measure,CZ02,25.97041666666667,529153590.3175074
Asm,M1,cDXGF,Measure,CZ03,24.965,491160969.82909656
Asm,M1,cDXGF,Measure,CZ04,32.625416666666666,688507264.4717566
Asm,M1,cDXGF,Measure,CZ05,22.50375,450133995.7786967
Asm,M1,cDXGF,Measure,CZ06,25.29583333333333,512749695.0085189
Asm,M1,cDXGF,Measure,CZ07,25.2725,566056556.8232841
Asm,M1,cDXGF,Measure,CZ08,32.28541666666666,681634090.6642959
Asm,M1,cDXGF,Measure,CZ09,35.456250000000004,754911884.1643584
Asm,M1,cDXGF,Measure,CZ10,35.55666666666667,749929314.6370391
Asm,M1,cDXGF,Measure,CZ11,36.25708333333334,795191953.7434204
Asm,M1,cDXGF,Measure,CZ12,33.139583333333334,695335525.7183954
Asm,M1,cDXGF,Measure,CZ13,37.3975,820775930.4287539
Asm,M1,cDXGF,Measure,CZ14,33.69791666666667,744054661.0985677
Asm,M1,cDXGF,Measure,CZ15,42.32083333333334,919854067.385013
Asm,M1,cDXGF,Measure,CZ16,25.15416666666667,569519005.3693354
Asm,M1,cDXHP,Base,CZ01,16.715000000000003,344426618.8455821
Asm,M1,cDXHP,Base,CZ02,25.97041666666667,512092048.7993036
Asm,M1,cDXHP,Base,CZ03,24.965,479096547.0285542
Asm,M1,cDXHP,Base,CZ04,32.625416666666666,675557355.5878751
Asm,M1,cDXHP,Base,CZ05,22.50375,440490072.8882338
Asm,M1,cDXHP,Base,CZ06,25.29583333333333,507657749.7543243
Asm,M1,cDXHP,Base,CZ07,25.2725,549651456.7277818
Asm,M1,cDXHP,Base,CZ08,32.28541666666666,675556701.8564376
Asm,M1,cDXHP,Base,CZ09,35.456250000000004,749939445.2348819
Asm,M1,cDXHP,Base,CZ10,35.55666666666667,741490945.2021227
Asm,M1,cDXHP,Base,CZ11,36.25708333333334,790407521.2523992
Asm,M1,cDXHP,Base,CZ12,33.139583333333334,685057932.6551833
Asm,M1,cDXHP,Base,CZ13,37.3975,817649914.0188217
Asm,M1,cDXHP,Base,CZ14,33.69791666666667,741848388.0005774
Asm,M1,cDXHP,Base,CZ15,42.32083333333334,919761615.5281692
Asm,M1,cDXHP,Base,CZ16,25.15416666666667,572800540.7424743
Asm,M1,cDXHP,Measure,CZ01,16.715000000000003,346407872.7699112
Asm,M1,cDXHP,Measure,CZ02,25.97041666666667,529542295.99280566
Asm,M1,cDXHP,Measure,CZ03,24.965,492580274.012248
Asm,M1,cDXHP,Measure,CZ04,32.625416666666666,689433017.8307989
Asm,M1,cDXHP,Measure,CZ05,22.50375,452970695.5989076
Asm,M1,cDXHP,Measure,CZ06,25.29583333333333,515959303.64302313
Asm,M1,cDXHP,Measure,CZ07,25.2725,555986325.0976044
Asm,M1,cDXHP,Measure,CZ08,32.28541666666666,684784611.2710359
Asm,M1,cDXHP,Measure,CZ09,35.456250000000004,757406854.702994
Asm,M1,cDXHP,Measure,CZ10,35.55666666666667,750006932.5311893
Asm,M1,cDXHP,Measure,CZ11,36.25708333333334,795378610.1228495
Asm,M1,cDXHP,Measure,CZ12,33.139583333333334,696127732.5364721
Asm,M1,cDXHP,Measure,CZ13,37.3975,821157998.0561063
Asm,M1,cDXHP,Measure,CZ14,33.69791666666667,744359493.4454715
Asm,M1,cDXHP,Measure,CZ15,42.32083333333334,919854067.385014
Asm,M1,cDXHP,Measure,CZ16,25.15416666666667,574969792.6403028
Asm,M1,cPTAC,Base,CZ01,16.715000000000003,336067209.32337177
Asm,M1,cPTAC,Base,CZ02,25.97041666666667,510807756.9560114
Asm,M1,cPTAC,Base,CZ03,24.965,476371059.7492196
Asm,M1,cPTAC,Base,CZ04,32.625416666666666,674593939.6464093
Asm,M1,cPTAC,Base,CZ05,22.50375,435076506.530438
Asm,M1,cPTAC,Base,CZ06,25.29583333333333,504577341.10040486
Asm,M1,cPTAC,Base,CZ07,25.2725,559797567.364406
Asm,M1,cPTAC,Base,CZ08,32.28541666666666,672606591.782295
Asm,M1,cPTAC,Base,CZ09,35.456250000000004,747410683.3166804
Asm,M1,cPTAC,Base,CZ10,35.55666666666667,741382129.6933782
Asm,M1,cPTAC,Base,CZ11,36.25708333333334,790222030.8928106
Asm,M1,cPTAC,Base,CZ12,33.139583333333334,684286728.3344632
Asm,M1,cPTAC,Base,CZ13,37.3975,817268858.7970037
Asm,M1,cPTAC,Base,CZ14,33.69791666666667,741541153.9319658
Asm,M1,cPTAC,Base,CZ15,42.32083333333334,919761073.3568424
Asm,M1,cPTAC,Base,CZ16,25.15416666666667,567476132.669687
Asm,M1,cPTAC,Measure,CZ01,16.715000000000003,341166808.50152194
Asm,M1,cPTAC,Measure,CZ02,25.97041666666667,528941145.9584286
Asm,M1,cPTAC,Measure,CZ03,24.965,490903078.8397255
Asm,M1,cPTAC,Measure,CZ04,32.625416666666666,688498758.1906894
Asm,M1,cPTAC,Measure,CZ05,22.50375,449057561.8910413
Asm,M1,cPTAC,Measure,CZ06,25.29583333333333,512749695.00852185
Asm,M1,cPTAC,Measure,CZ07,25.2725,566056556.8232785
Asm,M1,cPTAC,Measure,CZ08,32.28541666666666,681634090.6642755
Asm,M1,cPTAC,Measure,CZ09,35.456250000000004,754902396.9451523
Asm,M1,cPTAC,Measure,CZ10,35.55666666666667,749928840.2635423
Asm,M1,cPTAC,Measure,CZ11,36.25708333333334,795191953.7398434
Asm,M1,cPTAC,Measure,CZ12,33.139583333333334,695335522.499085
Asm,M1,cPTAC,Measure,CZ13,37.3975,820775930.4286941
Asm,M1,cPTAC,Measure,CZ14,33.69791666666667,744054685.7442561
Asm,M1,cPTAC,Measure,CZ15,42.32083333333334,919854067.3850126
Asm,M1,cPTAC,Measure,CZ16,25.15416666666667,569519004.1168642
Asm,M1,cPVVG,Base,CZ01,16.715000000000003,275382743.76298195
Asm,M1,cPVVG,Base,CZ02,25.97041666666667,451500481.3482446
Asm,M1,cPVVG,Base,CZ03,24.965,424868149.3632408
Asm,M1,cPVVG,Base,CZ04,32.625416666666666,624099469.3740771
Asm,M1,cPVVG,Base,CZ05,22.50375,377481834.75969785
Asm,M1,cPVVG,Base,CZ06,25.29583333333333,448574090.51239634
Asm,M1,cPVVG,Base,CZ07,25.2725,501807888.1489329
Asm,M1,cPVVG,Base,CZ08,32.28541666666666,631870043.3416224
Asm,M1,cPVVG,Base,CZ09,35.456250000000004,712283749.3365258
Asm,M1,cPVVG,Base,CZ10,35.55666666666667,705894858.7822022
Asm,M1,cPVVG,Base,CZ11,36.25708333333334,757609368.564992
Asm,M1,cPVVG,Base,CZ12,33.139583333333334,642161117.274366
Asm,M1,cPVVG,Base,CZ13,37.3975,791853862.0630285
Asm,M1,cPVVG,Base,CZ14,33.69791666666667,696078509.1080449
Asm,M1,cPVVG,Base,CZ15,42.32083333333334,910291930.0406102
Asm,M1,cPVVG,Base,CZ16,25.15416666666667,497644577.70031625
Asm,M1,cPVVG,Measure,CZ01,16.715000000000003,283548652.837389
Asm,M1,cPVVG,Measure,CZ02,25.97041666666667,476544109.9325975
Asm,M1,cPVVG,Measure,CZ03,24.965,445580098.1432115
Asm,M1,cPVVG,Measure,CZ04,32.625416666666666,645533030.8184973
Asm,M1,cPVVG,Measure,CZ05,22.50375,396865789.50092536
Asm,M1,cPVVG,Measure,CZ06,25.29583333333333,462291864.7650687
Asm,M1,cPVVG,Measure,CZ07,25.2725,513768691.7956133
Asm,M1,cPVVG,Measure,CZ08,32.28541666666666,646758996.9043391
Asm,M1,cPVVG,Measure,CZ09,35.456250000000004,724628605.2637701
Asm,M1,cPVVG,Measure,CZ10,35.55666666666667,719831743.8473625
Asm,M1,cPVVG,Measure,CZ11,36.25708333333334,766682982.5111872
Asm,M1,cPVVG,Measure,CZ12,33.139583333333334,659594265.5683365
Asm,M1,cPVVG,Measure,CZ13,37.3975,798299016.4758825
Asm,M1,cPVVG,Measure,CZ14,33.69791666666667,701835976.7938719
Asm,M1,cPVVG,Measure,CZ15,42.32083333333334,910411834.8134768
Asm,M1,cPVVG,Measure,CZ16,25.15416666666667,504613433.6150429
Asm,M2,cDXGF,Base,CZ01,16.715000000000003,487213239.41724914
Asm,M2,cDXGF,Base,CZ02,25.97041666666667,545504928.5215206
Asm,M2,cDXGF,Base,CZ03,24.965,523729294.4699356
Asm,M2,cDXGF,Base,CZ04,32.625416666666666,591476837.9479539
Asm,M2,cDXGF,Base,CZ05,22.50375,519329552.7992736
Asm,M2,cDXGF,Base,CZ06,25.29583333333333,533277853.8997341
Asm,M2,cDXGF,Base,CZ07,25.2725,548069144.3897256
Asm,M2,cDXGF,Base,CZ08,32.28541666666666,589351358.6299739
Asm,M2,cDXGF,Base,CZ09,35.456250000000004,616119279.5045475
Asm,M2,cDXGF,Base,CZ10,35.55666666666667,605841012.8261243
Asm,M2,cDXGF,Base,CZ11,36.25708333333334,641813941.0145363
Asm,M2,cDXGF,Base,CZ12,33.139583333333334,590867391.9708517
Asm,M2,cDXGF,Base,CZ13,37.3975,652515552.1846917
Asm,M2,cDXGF,Base,CZ14,33.69791666666667,631279456.1960105
Asm,M2,cDXGF,Base,CZ15,42.32083333333334,677580214.9840183
Asm,M2,cDXGF,Base,CZ16,25.15416666666667,597681997.6182725
Asm,M2,cDXGF,Measure,CZ01,16.715000000000003,480958803.43239856
Asm,M2,cDXGF,Measure,CZ02,25.97041666666667,541926241.981252
Asm,M2,cDXGF,Measure,CZ03,24.965,518910977.6338928
Asm,M2,cDXGF,Measure,CZ04,32.625416666666666,588959933.2895625
Asm,M2,cDXGF,Measure,CZ05,22.50375,513503787.3501537
Asm,M2,cDXGF,Measure,CZ06,25.29583333333333,529515381.5673262
Asm,M2,cDXGF,Measure,CZ07,25.2725,545462417.5741037
Asm,M2,cDXGF,Measure,CZ08,32.28541666666666,586298839.9305017
Asm,M2,cDXGF,Measure,CZ09,35.456250000000004,613050450.0911834
Asm,M2,cDXGF,Measure,CZ10,35.55666666666667,602700932.5920268
Asm,M2,cDXGF,Measure,CZ11,36.25708333333334,641458900.3772547
Asm,M2,cDXGF,Measure,CZ12,33.139583333333334,589109016.9886417
Asm,M2,cDXGF,Measure,CZ13,37.3975,652280459.4500605
Asm,M2,cDXGF,Measure,CZ14,33.69791666666667,630607828.6022077
Asm,M2,cDXGF,Measure,CZ15,42.32083333333334,677824915.2365975
Asm,M2,cDXGF,Measure,CZ16,25.15416666666667,596114197.5326738
Asm,M2,cDXHP,Base,CZ01,16.715000000000003,489495101.1418939
Asm,M2,cDXHP,Base,CZ02,25.97041666666667,546110061.3006693
Asm,M2,cDXHP,Base,CZ03,24.965,524498590.7196243
Asm,M2,cDXHP,Base,CZ04,32.625416666666666,591835478.8044796
Asm,M2,cDXHP,Base,CZ05,22.50375,520245273.9006523
Asm,M2,cDXHP,Base,CZ06,25.29583333333333,534086908.2641101
Asm,M2,cDXHP,Base,CZ07,25.2725,548202340.9918486
Asm,M2,cDXHP,Base,CZ08,32.28541666666666,589955929.1727979
Asm,M2,cDXHP,Base,CZ09,35.456250000000004,616482127.0344412
Asm,M2,cDXHP,Base,CZ10,35.55666666666667,605872735.8791595
Asm,M2,cDXHP,Base,CZ11,36.25708333333334,641914656.004878
Asm,M2,cDXHP,Base,CZ12,33.139583333333334,591278405.1811393
Asm,M2,cDXHP,Base,CZ13,37.3975,652702671.3249681
Asm,M2,cDXHP,Base,CZ14,33.69791666666667,631411103.5161796
Asm,M2,cDXHP,Base,CZ15,42.32083333333334,677580214.9840221
Asm,M2,cDXHP,Base,CZ16,25.15416666666667,600037345.6756004
Asm,M2,cDXHP,Measure,CZ01,16.715000000000003,482902899.7624584
Asm,M2,cDXHP,Measure,CZ02,25.97041666666667,542480408.015552
Asm,M2,cDXHP,Measure,CZ03,24.965,519529353.19464254
Asm,M2,cDXHP,Measure,CZ04,32.625416666666666,589297799.7412033
Asm,M2,cDXHP,Measure,CZ05,22.50375,514247995.5222848
Asm,M2,cDXHP,Measure,CZ06,25.29583333333333,530213892.4246712
Asm,M2,cDXHP,Measure,CZ07,25.2725,545540222.2422884
Asm,M2,cDXHP,Measure,CZ08,32.28541666666666,586885766.142272
Asm,M2,cDXHP,Measure,CZ09,35.456250000000004,613396563.3337021
Asm,M2,cDXHP,Measure,CZ10,35.55666666666667,602730667.975659
Asm,M2,cDXHP,Measure,CZ11,36.25708333333334,641558377.1835588
Asm,M2,cDXHP,Measure,CZ12,33.139583333333334,589503763.7349665
Asm,M2,cDXHP,Measure,CZ13,37.3975,652465804.1642326
Asm,M2,cDXHP,Measure,CZ14,33.69791666666667,630732650.6220982
Asm,M2,cDXHP,Measure,CZ15,42.32083333333334,677824915.2365978
Asm,M2,cDXHP,Measure,CZ16,25.15416666666667,598400732.3693137
Asm,M2,cPTAC,Base,CZ01,16.715000000000003,487213239.4172469
Asm,M2,cPTAC,Base,CZ02,25.97041666666667,545504928.5215151
Asm,M2,cPTAC,Base,CZ03,24.965,523729294.4699354
Asm,M2,cPTAC,Base,CZ04,32.625416666666666,591476837.9479518
Asm,M2,cPTAC,Base,CZ05,22.50375,519329552.7992715
Asm,M2,cPTAC,Base,CZ06,25.29583333333333,533277853.8997227
Asm,M2,cPTAC,Base,CZ07,25.2725,548069144.3897309
Asm,M2,cPTAC,Base,CZ08,32.28541666666666,589351358.6299739
Asm,M2,cPTAC,Base,CZ09,35.456250000000004,616119279.5045414
Asm,M2,cPTAC,Base,CZ10,35.55666666666667,605841012.8261214
Asm,M2,cPTAC,Base,CZ11,36.25708333333334,641813941.0145388
Asm,M2,cPTAC,Base,CZ12,33.139583333333334,590867391.9708451
Asm,M2,cPTAC,Base,CZ13,37.3975,652515552.1846933
Asm,M2,cPTAC,Base,CZ14,33.69791666666667,631279456.1960113
Asm,M2,cPTAC,Base,CZ15,42.32083333333334,677580214.9840221
Asm,M2,cPTAC,Base,CZ16,25.15416666666667,597681997.6182742
Asm,M2,cPTAC,Measure,CZ01,16.715000000000003,480958803.4323882
Asm,M2,cPTAC,Measure,CZ02,25.97041666666667,541926241.981252
Asm,M2,cPTAC,Measure,CZ03,24.965,518910977.6338908
Asm,M2,cPTAC,Measure,CZ04,32.625416666666666,588959933.289563
Asm,M2,cPTAC,Measure,CZ05,22.50375,513503787.35015583
Asm,M2,cPTAC,Measure,CZ06,25.29583333333333,529515381.5673286
Asm,M2,cPTAC,Measure,CZ07,25.2725,545462417.5741
Asm,M2,cPTAC,Measure,CZ08,32.28541666666666,586298839.9305102
Asm,M2,cPTAC,Measure,CZ09,35.456250000000004,613050450.0911839
Asm,M2,cPTAC,Measure,CZ10,35.55666666666667,602700932.5921443
Asm,M2,cPTAC,Measure,CZ11,36.25708333333334,641458900.3772689
Asm,M2,cPTAC,Measure,CZ12,33.139583333333334,589109016.9887153
Asm,M2,cPTAC,Measure,CZ13,37.3975,652280459.4500632
Asm,M2,cPTAC,Measure,CZ14,33.69791666666667,630607828.6022099
Asm,M2,cPTAC,Measure,CZ15,42.32083333333334,677824915.2365904
Asm,M2,cPTAC,Measure,CZ16,25.15416666666667,596114197.532665
Asm,M2,cPVVG,Base,CZ01,16.715000000000003,446699800.4396604
Asm,M2,cPVVG,Base,CZ02,25.97041666666667,490770158.12819946
Asm,M2,cPVVG,Base,CZ03,24.965,478854951.6863074
Asm,M2,cPVVG,Base,CZ04,32.625416666666666,527286984.99244887
Asm,M2,cPVVG,Base,CZ05,22.50375,468655237.0985956
Asm,M2,cPVVG,Base,CZ06,25.29583333333333,483078652.4605372
Asm,M2,cPVVG,Base,CZ07,25.2725,495524368.9855283
Asm,M2,cPVVG,Base,CZ08,32.28541666666666,533598783.2356264
Asm,M2,cPVVG,Base,CZ09,35.456250000000004,553917284.3566726
Asm,M2,cPVVG,Base,CZ10,35.55666666666667,543500142.1371027
Asm,M2,cPVVG,Base,CZ11,36.25708333333334,582094617.3606831
Asm,M2,cPVVG,Base,CZ12,33.139583333333334,534718825.86858416
Asm,M2,cPVVG,Base,CZ13,37.3975,594952823.588898
Asm,M2,cPVVG,Base,CZ14,33.69791666666667,563008651.4511125
Asm,M2,cPVVG,Base,CZ15,42.32083333333334,616852441.8558879
Asm,M2,cPVVG,Base,CZ16,25.15416666666667,536065635.1995904
Asm,M2,cPVVG,Measure,CZ01,16.715000000000003,441360106.0494517
Asm,M2,cPVVG,Measure,CZ02,25.97041666666667,487336826.6408112
Asm,M2,cPVVG,Measure,CZ03,24.965,474001112.6134128
Asm,M2,cPVVG,Measure,CZ04,32.625416666666666,524792631.25555307
Asm,M2,cPVVG,Measure,CZ05,22.50375,463474974.238036
Asm,M2,cPVVG,Measure,CZ06,25.29583333333333,479214058.17552274
Asm,M2,cPVVG,Measure,CZ07,25.2725,492847348.9287996
Asm,M2,cPVVG,Measure,CZ08,32.28541666666666,530600446.443475
Asm,M2,cPVVG,Measure,CZ09,35.456250000000004,550938590.4903195
Asm,M2,cPVVG,Measure,CZ10,35.55666666666667,540442808.4596896
Asm,M2,cPVVG,Measure,CZ11,36.25708333333334,581825790.5483271
Asm,M2,cPVVG,Measure,CZ12,33.139583333333334,532956697.4540835
Asm,M2,cPVVG,Measure,CZ13,37.3975,594823626.3416415
Asm,M2,cPVVG,Measure,CZ14,33.69791666666667,562340109.8885252
Asm,M2,cPVVG,Measure,CZ15,42.32083333333334,617296344.7425259
Asm,M2,cPVVG,Measure,CZ16,25.15416666666667,534171846.2609604
Asm,M3,cDXGF,Base,CZ01,16.715000000000003,418819426.0112527
Asm,M3,cDXGF,Base,CZ02,25.97041666666667,467061578.0571383
Asm,M3,cDXGF,Base,CZ03,24.965,452386801.89631903
Asm,M3,cDXGF,Base,CZ04,32.625416666666666,513637366.4928272
Asm,M3,cDXGF,Base,CZ05,22.50375,441668670.7910702
Asm,M3,cDXGF,Base,CZ06,25.29583333333333,459877112.7214928
Asm,M3,cDXGF,Base,CZ07,25.2725,473886304.93927664
Asm,M3,cDXGF,Base,CZ08,32.28541666666666,516312177.4414309
Asm,M3,cDXGF,Base,CZ09,35.456250000000004,541061546.2465303
Asm,M3,cDXGF,Base,CZ10,35.55666666666667,530337357.3130281
Asm,M3,cDXGF,Base,CZ11,36.25708333333334,572942441.5212351
Asm,M3,cDXGF,Base,CZ12,33.139583333333334,518800738.3168805
Asm,M3,cDXGF,Base,CZ13,37.3975,586700126.426305
Asm,M3,cDXGF,Base,CZ14,33.69791666666667,551061097.5432215
Asm,M3,cDXGF,Base,CZ15,42.32083333333334,613810889.9186809
Asm,M3,cDXGF,Base,CZ16,25.15416666666667,518984579.5318931
Asm,M3,cDXGF,Measure,CZ01,16.715000000000003,386720161.9300649
Asm,M3,cDXGF,Measure,CZ02,25.97041666666667,424252812.4418805
Asm,M3,cDXGF,Measure,CZ03,24.965,413293830.66105336
Asm,M3,cDXGF,Measure,CZ04,32.625416666666666,462096951.4244801
Asm,M3,cDXGF,Measure,CZ05,22.50375,404405633.9844694
Asm,M3,cDXGF,Measure,CZ06,25.29583333333333,419859052.5268049
Asm,M3,cDXGF,Measure,CZ07,25.2725,434339363.7643631
Asm,M3,cDXGF,Measure,CZ08,32.28541666666666,464650990.2711917
Asm,M3,cDXGF,Measure,CZ09,35.456250000000004,484800905.3086611
Asm,M3,cDXGF,Measure,CZ10,35.55666666666667,475467903.410332
Asm,M3,cDXGF,Measure,CZ11,36.25708333333334,513154459.1426947
Asm,M3,cDXGF,Measure,CZ12,33.139583333333334,466347591.0170034
Asm,M3,cDXGF,Measure,CZ13,37.3975,524625292.2253581
Asm,M3,cDXGF,Measure,CZ14,33.69791666666667,495399150.8050993
Asm,M3,cDXGF,Measure,CZ15,42.32083333333334,544714729.466822
Asm,M3,cDXGF,Measure,CZ16,25.15416666666667,474176280.7419941
Asm,M3,cDXHP,Base,CZ01,16.715000000000003,397087676.3850851
Asm,M3,cDXHP,Base,CZ02,25.97041666666667,462296588.1872688
Asm,M3,cDXHP,Base,CZ03,24.965,440921323.1111296
Asm,M3,cDXHP,Base,CZ04,32.625416666666666,512316244.0468096
Asm,M3,cDXHP,Base,CZ05,22.50375,429729145.8531392
Asm,M3,cDXHP,Base,CZ06,25.29583333333333,447629010.4803629
Asm,M3,cDXHP,Base,CZ07,25.2725,463782595.3201945
Asm,M3,cDXHP,Base,CZ08,32.28541666666666,513999471.3074872
Asm,M3,cDXHP,Base,CZ09,35.456250000000004,539835082.3583498
Asm,M3,cDXHP,Base,CZ10,35.55666666666667,530258458.9473408
Asm,M3,cDXHP,Base,CZ11,36.25708333333334,572644338.139152
Asm,M3,cDXHP,Base,CZ12,33.139583333333334,517480328.8033696
Asm,M3,cDXHP,Base,CZ13,37.3975,586237392.5285499
Asm,M3,cDXHP,Base,CZ14,33.69791666666667,550112153.342679
Asm,M3,cDXHP,Base,CZ15,42.32083333333334,613810889.918688
Asm,M3,cDXHP,Base,CZ16,25.15416666666667,492590002.9288936
Asm,M3,cDXHP,Measure,CZ01,16.715000000000003,364885729.70186967
Asm,M3,cDXHP,Measure,CZ02,25.97041666666667,419347576.79008
Asm,M3,cDXHP,Measure,CZ03,24.965,401529592.8266891
Asm,M3,cDXHP,Measure,CZ04,32.625416666666666,460719914.4549412
Asm,M3,cDXHP,Measure,CZ05,22.50375,392240665.0161373
Asm,M3,cDXHP,Measure,CZ06,25.29583333333333,407328595.2173405
Asm,M3,cDXHP,Measure,CZ07,25.2725,423999568.82693607
Asm,M3,cDXHP,Measure,CZ08,32.28541666666666,462234477.22958887
Asm,M3,cDXHP,Measure,CZ09,35.456250000000004,483531034.0967572
Asm,M3,cDXHP,Measure,CZ10,35.55666666666667,475381710.0860797
Asm,M3,cDXHP,Measure,CZ11,36.25708333333334,512833908.74352807
Asm,M3,cDXHP,Measure,CZ12,33.139583333333334,464956837.6649485
Asm,M3,cDXHP,Measure,CZ13,37.3975,524124532.8958288
Asm,M3,cDXHP,Measure,CZ14,33.69791666666667,494454420.8851183
Asm,M3,cDXHP,Measure,CZ15,42.32083333333334,544714729.4668262
Asm,M3,cDXHP,Measure,CZ16,25.15416666666667,447671240.6530051
Asm,M3,cPTAC,Base,CZ01,16.715000000000003,418819426.0112512
Asm,M3,cPTAC,Base,CZ02,25.97041666666667,467061578.05714136
Asm,M3,cPTAC,Base,CZ03,24.965,452386801.8963214
Asm,M3,cPTAC,Base,CZ04,32.625416666666666,513637366.4928407
Asm,M3,cPTAC,Base,CZ05,22.50375,441668670.7910615
Asm,M3,cPTAC,Base,CZ06,25.29583333333333,459877112.7214912
Asm,M3,cPTAC,Base,CZ07,25.2725,473886304.9392761
Asm,M3,cPTAC,Base,CZ08,32.28541666666666,516312177.4414325
Asm,M3,cPTAC,Base,CZ09,35.456250000000004,541061546.2465351
Asm,M3,cPTAC,Base,CZ10,35.55666666666667,530337357.3130366
Asm,M3,cPTAC,Base,CZ11,36.25708333333334,572942441.5212253
Asm,M3,cPTAC,Base,CZ12,33.139583333333334,518800738.31690896
Asm,M3,cPTAC,Base,CZ13,37.3975,586700126.4262917
Asm,M3,cPTAC,Base,CZ14,33.69791666666667,551061097.5432162
Asm,M3,cPTAC,Base,CZ15,42.32083333333334,613810889.9187213
Asm,M3,cPTAC,Base,CZ16,25.15416666666667,518984579.5318806
Asm,M3,cPTAC,Measure,CZ01,16.715000000000003,386720161.9300635
Asm,M3,cPTAC,Measure,CZ02,25.97041666666667,424252812.4418831
Asm,M3,cPTAC,Measure,CZ03,24.965,413293830.6610553
Asm,M3,cPTAC,Measure,CZ04,32.625416666666666,462096951.4244952
Asm,M3,cPTAC,Measure,CZ05,22.50375,404405633.984462
Asm,M3,cPTAC,Measure,CZ06,25.29583333333333,419859052.5268056
Asm,M3,cPTAC,Measure,CZ07,25.2725,434339363.7643626
Asm,M3,cPTAC,Measure,CZ08,32.28541666666666,464650990.271192
Asm,M3,cPTAC,Measure,CZ09,35.456250000000004,484800905.30864966
Asm,M3,cPTAC,Measure,CZ10,35.55666666666667,475467903.41032726
Asm,M3,cPTAC,Measure,CZ11,36.25708333333334,513154459.1426972
Asm,M3,cPTAC,Measure,CZ12,33.139583333333334,466347591.0170212
Asm,M3,cPTAC,Measure,CZ13,37.3975,524625292.2253479
Asm,M3,cPTAC,Measure,CZ14,33.69791666666667,495399150.8050941
Asm,M3,cPTAC,Measure,CZ15,42.32083333333334,544714729.4668777
Asm,M3,cPTAC,Measure,CZ16,25.15416666666667,474176280.7419966
Asm,M3,cPVVG,Base,CZ01,16.715000000000003,412777478.8313608
Asm,M3,cPVVG,Base,CZ02,25.97041666666667,460018615.1882858
Asm,M3,cPVVG,Base,CZ03,24.965,445783366.3068243
Asm,M3,cPVVG,Base,CZ04,32.625416666666666,505977997.0148953
Asm,M3,cPVVG,Base,CZ05,22.50375,434930805.14118886
Asm,M3,cPVVG,Base,CZ06,25.29583333333333,452939645.2973
Asm,M3,cPVVG,Base,CZ07,25.2725,467056626.055039
Asm,M3,cPVVG,Base,CZ08,32.28541666666666,508926474.4478298
Asm,M3,cPVVG,Base,CZ09,35.456250000000004,533360995.9084941
Asm,M3,cPVVG,Base,CZ10,35.55666666666667,522680834.9903509
Asm,M3,cPVVG,Base,CZ11,36.25708333333334,565105094.4844205
Asm,M3,cPVVG,Base,CZ12,33.139583333333334,511367359.2722196
Asm,M3,cPVVG,Base,CZ13,37.3975,578924532.2422347
Asm,M3,cPVVG,Base,CZ14,33.69791666666667,542877421.4673355
Asm,M3,cPVVG,Base,CZ15,42.32083333333334,605579920.4443398
Asm,M3,cPVVG,Base,CZ16,25.15416666666667,510567496.4526079
Asm,M3,cPVVG,Measure,CZ01,16.715000000000003,380909069.90795535
Asm,M3,cPVVG,Measure,CZ02,25.97041666666667,417501747.6144813
Asm,M3,cPVVG,Measure,CZ03,24.965,406955982.9029225
Asm,M3,cPVVG,Measure,CZ04,32.625416666666666,454788638.7786896
Asm,M3,cPVVG,Measure,CZ05,22.50375,397935285.0364866
Asm,M3,cPVVG,Measure,CZ06,25.29583333333333,413199976.9095132
Asm,M3,cPVVG,Measure,CZ07,25.2725,427782917.2173981
Asm,M3,cPVVG,Measure,CZ08,32.28541666666666,457599508.7540998
Asm,M3,cPVVG,Measure,CZ09,35.456250000000004,477470152.7573401
Asm,M3,cPVVG,Measure,CZ10,35.55666666666667,468181434.7125909
Asm,M3,cPVVG,Measure,CZ11,36.25708333333334,505696286.1422986
Asm,M3,cPVVG,Measure,CZ12,33.139583333333334,459255933.6433863
Asm,M3,cPVVG,Measure,CZ13,37.3975,517232310.6446064
Asm,M3,cPVVG,Measure,CZ14,33.69791666666667,487598350.6483102
Asm,M3,cPVVG,Measure,CZ15,42.32083333333334,536928701.8518454
Asm,M3,cPVVG,Measure,CZ16,25.15416666666667,466090999.1660045
Asm,M4,cDXGF,Base,CZ01,16.715000000000003,351220123.38428
Asm,M4,cDXGF,Base,CZ02,25.97041666666667,519206025.9189222
Asm,M4,cDXGF,Base,CZ03,24.965,484219019.2436592
Asm,M4,cDXGF,Base,CZ04,32.625416666666666,674685284.9573126
Asm,M4,cDXGF,Base,CZ05,22.50375,448048873.3310889
Asm,M4,cDXGF,Base,CZ06,25.29583333333333,507909846.52515966
Asm,M4,cDXGF,Base,CZ07,25.2725,559797569.6149375
Asm,M4,cDXGF,Base,CZ08,32.28541666666666,672607771.9699975
Asm,M4,cDXGF,Base,CZ09,35.456250000000004,747468048.6543955
Asm,M4,cDXGF,Base,CZ10,35.55666666666667,741416348.4973767
Asm,M4,cDXGF,Base,CZ11,36.25708333333334,790222300.6860414
Asm,M4,cDXGF,Base,CZ12,33.139583333333334,684287521.682935
Asm,M4,cDXGF,Base,CZ13,37.3975,817269009.2788899
Asm,M4,cDXGF,Base,CZ14,33.69791666666667,741541245.5534275
Asm,M4,cDXGF,Base,CZ15,42.32083333333334,919761615.5316408
Asm,M4,cDXGF,Base,CZ16,25.15416666666667,571378333.3491895
Asm,M4,cDXGF,Measure,CZ01,16.715000000000003,359089916.5273375
Asm,M4,cDXGF,Measure,CZ02,25.97041666666667,537837205.5921985
Asm,M4,cDXGF,Measure,CZ03,24.965,499137465.5402992
Asm,M4,cDXGF,Measure,CZ04,32.625416666666666,688508276.6096144
Asm,M4,cDXGF,Measure,CZ05,22.50375,462317677.9984119
Asm,M4,cDXGF,Measure,CZ06,25.29583333333333,516061580.903882
Asm,M4,cDXGF,Measure,CZ07,25.2725,566056605.2037549
Asm,M4,cDXGF,Measure,CZ08,32.28541666666666,681634996.2093941
Asm,M4,cDXGF,Measure,CZ09,35.456250000000004,754913108.7246358
Asm,M4,cDXGF,Measure,CZ10,35.55666666666667,749929858.2295399
Asm,M4,cDXGF,Measure,CZ11,36.25708333333334,795191952.1298995
Asm,M4,cDXGF,Measure,CZ12,33.139583333333334,695337224.7399287
Asm,M4,cDXGF,Measure,CZ13,37.3975,820776127.9466646
Asm,M4,cDXGF,Measure,CZ14,33.69791666666667,744054781.1337092
Asm,M4,cDXGF,Measure,CZ15,42.32083333333334,919854067.3843846
Asm,M4,cDXGF,Measure,CZ16,25.15416666666667,573414357.0514866
Asm,M4,cDXHP,Base,CZ01,16.715000000000003,358402612.21921045
Asm,M4,cDXHP,Base,CZ02,25.97041666666667,519756114.90164375
Asm,M4,cDXHP,Base,CZ03,24.965,486514696.9066889
Asm,M4,cDXHP,Base,CZ04,32.625416666666666,675557640.0550649
Asm,M4,cDXHP,Base,CZ05,22.50375,452056680.1443059
Asm,M4,cDXHP,Base,CZ06,25.29583333333333,511028656.883461
Asm,M4,cDXHP,Base,CZ07,25.2725,549651458.7392658
Asm,M4,cDXHP,Base,CZ08,32.28541666666666,675557109.738645
Asm,M4,cDXHP,Base,CZ09,35.456250000000004,749939949.9079978
Asm,M4,cDXHP,Base,CZ10,35.55666666666667,741491100.1378455
Asm,M4,cDXHP,Base,CZ11,36.25708333333334,790407824.6203122
Asm,M4,cDXHP,Base,CZ12,33.139583333333334,685058025.1905429
Asm,M4,cDXHP,Base,CZ13,37.3975,817650098.5100219
Asm,M4,cDXHP,Base,CZ14,33.69791666666667,741848503.9150887
Asm,M4,cDXHP,Base,CZ15,42.32083333333334,919761615.5316428
Asm,M4,cDXHP,Base,CZ16,25.15416666666667,576796186.927963
Asm,M4,cDXHP,Measure,CZ01,16.715000000000003,362829727.0033952
Asm,M4,cDXHP,Measure,CZ02,25.97041666666667,538336250.4127309
Asm,M4,cDXHP,Measure,CZ03,24.965,500831341.9351632
Asm,M4,cDXHP,Measure,CZ04,32.625416666666666,689433972.7255939
Asm,M4,cDXHP,Measure,CZ05,22.50375,465317455.2338053
Asm,M4,cDXHP,Measure,CZ06,25.29583333333333,519313402.54484016
Asm,M4,cDXHP,Measure,CZ07,25.2725,555986359.3122832
Asm,M4,cDXHP,Measure,CZ08,32.28541666666666,684785506.2595547
Asm,M4,cDXHP,Measure,CZ09,35.456250000000004,757408062.7153933
Asm,M4,cDXHP,Measure,CZ10,35.55666666666667,750007471.9751924
Asm,M4,cDXHP,Measure,CZ11,36.25708333333334,795378632.0270283
Asm,M4,cDXHP,Measure,CZ12,33.139583333333334,696129292.0880055
Asm,M4,cDXHP,Measure,CZ13,37.3975,821158181.6195004
Asm,M4,cDXHP,Measure,CZ14,33.69791666666667,744359614.8491671
Asm,M4,cDXHP,Measure,CZ15,42.32083333333334,919854067.3843892
Asm,M4,cDXHP,Measure,CZ16,25.15416666666667,578960882.7442654
Asm,M4,cPTAC,Base,CZ01,16.715000000000003,349304419.88090765
Asm,M4,cPTAC,Base,CZ02,25.97041666666667,518306588.1151441
Asm,M4,cPTAC,Base,CZ03,24.965,483515279.9404448
Asm,M4,cPTAC,Base,CZ04,32.625416666666666,674594226.2205528
Asm,M4,cPTAC,Base,CZ05,22.50375,446383369.1765914
Asm,M4,cPTAC,Base,CZ06,25.29583333333333,507909827.30569255
Asm,M4,cPTAC,Base,CZ07,25.2725,559797569.613865
Asm,M4,cPTAC,Base,CZ08,32.28541666666666,672607024.3176445
Asm,M4,cPTAC,Base,CZ09,35.456250000000004,747411171.4035931
Asm,M4,cPTAC,Base,CZ10,35.55666666666667,741382284.6463785
Asm,M4,cPTAC,Base,CZ11,36.25708333333334,790222300.6834884
Asm,M4,cPTAC,Base,CZ12,33.139583333333334,684286805.2694731
Asm,M4,cPTAC,Base,CZ13,37.3975,817269009.2787409
Asm,M4,cPTAC,Base,CZ14,33.69791666666667,741541272.1604275
Asm,M4,cPTAC,Base,CZ15,42.32083333333334,919761073.3603218
Asm,M4,cPTAC,Base,CZ16,25.15416666666667,571378339.3873613
Asm,M4,cPTAC,Measure,CZ01,16.715000000000003,356892846.0228315
Asm,M4,cPTAC,Measure,CZ02,25.97041666666667,537604753.7139925
Asm,M4,cPTAC,Measure,CZ03,24.965,498826080.98551387
Asm,M4,cPTAC,Measure,CZ04,32.625416666666666,688499840.6424876
Asm,M4,cPTAC,Measure,CZ05,22.50375,461154749.6737261
Asm,M4,cPTAC,Measure,CZ06,25.29583333333333,516061580.90387326
Asm,M4,cPTAC,Measure,CZ07,25.2725,566056605.2037503
Asm,M4,cPTAC,Measure,CZ08,32.28541666666666,681634996.2093765
Asm,M4,cPTAC,Measure,CZ09,35.456250000000004,754903716.213228
Asm,M4,cPTAC,Measure,CZ10,35.55666666666667,749929540.9479942
Asm,M4,cPTAC,Measure,CZ11,36.25708333333334,795191952.1263571
Asm,M4,cPTAC,Measure,CZ12,33.139583333333334,695337221.8905346
Asm,M4,cPTAC,Measure,CZ13,37.3975,820776127.9466021
Asm,M4,cPTAC,Measure,CZ14,33.69791666666667,744054805.7738233
Asm,M4,cPTAC,Measure,CZ15,42.32083333333334,919854067.384386
Asm,M4,cPTAC,Measure,CZ16,25.15416666666667,573414355.7981482
Asm,M4,cPVVG,Base,CZ01,16.715000000000003,284347058.21907693
Asm,M4,cPVVG,Base,CZ02,25.97041666666667,455380886.6439196
Asm,M4,cPVVG,Base,CZ03,24.965,428893556.13660425
Asm,M4,cPVVG,Base,CZ04,32.625416666666666,624099520.0765268
Asm,M4,cPVVG,Base,CZ05,22.50375,384114810.92081016
Asm,M4,cPVVG,Base,CZ06,25.29583333333333,449940656.2907863
Asm,M4,cPVVG,Base,CZ07,25.2725,501807887.8260808
Asm,M4,cPVVG,Base,CZ08,32.28541666666666,631870034.7786623
Asm,M4,cPVVG,Base,CZ09,35.456250000000004,712283681.8020506
Asm,M4,cPVVG,Base,CZ10,35.55666666666667,705894807.2969189
Asm,M4,cPVVG,Base,CZ11,36.25708333333334,757609723.4004515
Asm,M4,cPVVG,Base,CZ12,33.139583333333334,642161104.42271
Asm,M4,cPVVG,Base,CZ13,37.3975,791854062.5273478
Asm,M4,cPVVG,Base,CZ14,33.69791666666667,696078648.0134939
Asm,M4,cPVVG,Base,CZ15,42.32083333333334,910291930.0415368
Asm,M4,cPVVG,Base,CZ16,25.15416666666667,500255415.00238574
Asm,M4,cPVVG,Measure,CZ01,16.715000000000003,295114250.68286496
Asm,M4,cPVVG,Measure,CZ02,25.97041666666667,480691880.1123303
Asm,M4,cPVVG,Measure,CZ03,24.965,449666141.355543
Asm,M4,cPVVG,Measure,CZ04,32.625416666666666,645537756.6761217
Asm,M4,cPVVG,Measure,CZ05,22.50375,404472880.9270501
Asm,M4,cPVVG,Measure,CZ06,25.29583333333333,463752995.9950101
Asm,M4,cPVVG,Measure,CZ07,25.2725,513768794.7907684
Asm,M4,cPVVG,Measure,CZ08,32.28541666666666,646760741.4877762
Asm,M4,cPVVG,Measure,CZ09,35.456250000000004,724628912.0390967
Asm,M4,cPVVG,Measure,CZ10,35.55666666666667,719832346.8322482
Asm,M4,cPVVG,Measure,CZ11,36.25708333333334,766682977.9169469
Asm,M4,cPVVG,Measure,CZ12,33.139583333333334,659596236.096406
Asm,M4,cPVVG,Measure,CZ13,37.3975,798299177.8372746
Asm,M4,cPVVG,Measure,CZ14,33.69791666666667,701836195.0808976
Asm,M4,cPVVG,Measure,CZ15,42.32083333333334,910411834.8288811
Asm,M4,cPVVG,Measure,CZ16,25.15416666666667,507273382.2050476
Asm,M5,cDXGF,Base,CZ01,16.715000000000003,352666217.61328274
Asm,M5,cDXGF,Base,CZ02,25.97041666666667,492998120.9585552
Asm,M5,cDXGF,Base,CZ03,24.965,442890295.99945706
Asm,M5,cDXGF,Base,CZ04,32.625416666666666,559066280.953745
Asm,M5,cDXGF,Base,CZ05,22.50375,404911735.01384366
Asm,M5,cDXGF,Base,CZ06,25.29583333333333,448986598.3438752
Asm,M5,cDXGF,Base,CZ07,25.2725,517435526.8576676
Asm,M5,cDXGF,Base,CZ08,32.28541666666666,587270583.052585
Asm,M5,cDXGF,Base,CZ09,35.456250000000004,657889651.2445831
Asm,M5,cDXGF,Base,CZ10,35.55666666666667,642880729.2628813
Asm,M5,cDXGF,Base,CZ11,36.25708333333334,708632200.1231573
Asm,M5,cDXGF,Base,CZ12,33.139583333333334,604195385.9680794
Asm,M5,cDXGF,Base,CZ13,37.3975,725940248.4736359
Asm,M5,cDXGF,Base,CZ14,33.69791666666667,598030462.4528837
Asm,M5,cDXGF,Base,CZ15,42.32083333333334,871997258.9906683
Asm,M5,cDXGF,Base,CZ16,25.15416666666667,487935593.9158015
Asm,M5,cDXGF,Measure,CZ01,16.715000000000003,336353256.7959559
Asm,M5,cDXGF,Measure,CZ02,25.97041666666667,458760194.61983097
Asm,M5,cDXGF,Measure,CZ03,24.965,415512310.7959082
Asm,M5,cDXGF,Measure,CZ04,32.625416666666666,516065149.8110516
Asm,M5,cDXGF,Measure,CZ05,22.50375,381973231.15899694
Asm,M5,cDXGF,Measure,CZ06,25.29583333333333,421095319.5354788
Asm,M5,cDXGF,Measure,CZ07,25.2725,483734239.5101245
Asm,M5,cDXGF,Measure,CZ08,32.28541666666666,541200794.2685341
Asm,M5,cDXGF,Measure,CZ09,35.456250000000004,602868194.5674043
Asm,M5,cDXGF,Measure,CZ10,35.55666666666667,589397572.4880139
Asm,M5,cDXGF,Measure,CZ11,36.25708333333334,648836999.3254269
Asm,M5,cDXGF,Measure,CZ12,33.139583333333334,555762277.9663892
Asm,M5,cDXGF,Measure,CZ13,37.3975,664111092.6546618
Asm,M5,cDXGF,Measure,CZ14,33.69791666666667,552112507.3271797
Asm,M5,cDXGF,Measure,CZ15,42.32083333333334,790212706.908931
Asm,M5,cDXGF,Measure,CZ16,25.15416666666667,458727618.6477866
Asm,M5,cDXHP,Base,CZ01,16.715000000000003,356835004.3665495
Asm,M5,cDXHP,Base,CZ02,25.97041666666667,488643076.07145774
Asm,M5,cDXHP,Base,CZ03,24.965,435905093.9855212
Asm,M5,cDXHP,Base,CZ04,32.625416666666666,556199322.0306134
Asm,M5,cDXHP,Base,CZ05,22.50375,396918513.2672763
Asm,M5,cDXHP,Base,CZ06,25.29583333333333,443544659.1938452
Asm,M5,cDXHP,Base,CZ07,25.2725,514212649.5965419
Asm,M5,cDXHP,Base,CZ08,32.28541666666666,582572381.4975891
Asm,M5,cDXHP,Base,CZ09,35.456250000000004,656704708.0773557
Asm,M5,cDXHP,Base,CZ10,35.55666666666667,642675324.8184464
Asm,M5,cDXHP,Base,CZ11,36.25708333333334,708210649.8751421
Asm,M5,cDXHP,Base,CZ12,33.139583333333334,600943895.5036794
Asm,M5,cDXHP,Base,CZ13,37.3975,724995523.7532953
Asm,M5,cDXHP,Base,CZ14,33.69791666666667,596393953.5811796
Asm,M5,cDXHP,Base,CZ15,42.32083333333334,871997258.9906749
Asm,M5,cDXHP,Base,CZ16,25.15416666666667,478997804.3849772
Asm,M5,cDXHP,Measure,CZ01,16.715000000000003,338192124.87137634
Asm,M5,cDXHP,Measure,CZ02,25.97041666666667,454194995.0321988
Asm,M5,cDXHP,Measure,CZ03,24.965,407824968.8203304
Asm,M5,cDXHP,Measure,CZ04,32.625416666666666,513318342.488208
Asm,M5,cDXHP,Measure,CZ05,22.50375,373564300.0412846
Asm,M5,cDXHP,Measure,CZ06,25.29583333333333,414701930.08546174
Asm,M5,cDXHP,Measure,CZ07,25.2725,479277083.4575085
Asm,M5,cDXHP,Measure,CZ08,32.28541666666666,536638929.3592006
Asm,M5,cDXHP,Measure,CZ09,35.456250000000004,601607730.9223309
Asm,M5,cDXHP,Measure,CZ10,35.55666666666667,589198326.3757958
Asm,M5,cDXHP,Measure,CZ11,36.25708333333334,648405878.9820961
Asm,M5,cDXHP,Measure,CZ12,33.139583333333334,552652219.273854
Asm,M5,cDXHP,Measure,CZ13,37.3975,663180134.5396944
Asm,M5,cDXHP,Measure,CZ14,33.69791666666667,550542370.8900081
Asm,M5,cDXHP,Measure,CZ15,42.32083333333334,790212706.9089379
Asm,M5,cDXHP,Measure,CZ16,25.15416666666667,447953477.3932247
Asm,M5,cPTAC,Base,CZ01,16.715000000000003,352666217.613273
Asm,M5,cPTAC,Base,CZ02,25.97041666666667,492998120.9585528
Asm,M5,cPTAC,Base,CZ03,24.965,442890295.9994466
Asm,M5,cPTAC,Base,CZ04,32.625416666666666,559066280.9537542
Asm,M5,cPTAC,Base,CZ05,22.50375,404911735.01383394
Asm,M5,cPTAC,Base,CZ06,25.29583333333333,448986598.34386754
Asm,M5,cPTAC,Base,CZ07,25.2725,517435526.8576675
Asm,M5,cPTAC,Base,CZ08,32.28541666666666,587270583.0526012
Asm,M5,cPTAC,Base,CZ09,35.456250000000004,657889651.2445717
Asm,M5,cPTAC,Base,CZ10,35.55666666666667,642880729.2628486
Asm,M5,cPTAC,Base,CZ11,36.25708333333334,708632200.1231416
Asm,M5,cPTAC,Base,CZ12,33.139583333333334,604195385.9680983
Asm,M5,cPTAC,Base,CZ13,37.3975,725940248.4736507
Asm,M5,cPTAC,Base,CZ14,33.69791666666667,598030462.4528875
Asm,M5,cPTAC,Base,CZ15,42.32083333333334,871997258.9906616
Asm,M5,cPTAC,Base,CZ16,25.15416666666667,487935593.9158049
Asm,M5,cPTAC,Measure,CZ01,16.715000000000003,336353256.79594713
Asm,M5,cPTAC,Measure,CZ02,25.97041666666667,458760194.6198289
Asm,M5,cPTAC,Measure,CZ03,24.965,415512310.79589885
Asm,M5,cPTAC,Measure,CZ04,32.625416666666666,516065149.811053
Asm,M5,cPTAC,Measure,CZ05,22.50375,381973231.1589882
Asm,M5,cPTAC,Measure,CZ06,25.29583333333333,421095319.53548014
Asm,M5,cPTAC,Measure,CZ07,25.2725,483734239.51012427
Asm,M5,cPTAC,Measure,CZ08,32.28541666666666,541200794.2685437
Asm,M5,cPTAC,Measure,CZ09,35.456250000000004,602868194.5673866
Asm,M5,cPTAC,Measure,CZ10,35.55666666666667,589397572.4880053
Asm,M5,cPTAC,Measure,CZ11,36.25708333333334,648836999.3254173
Asm,M5,cPTAC,Measure,CZ12,33.139583333333334,555762277.9664052
Asm,M5,cPTAC,Measure,CZ13,37.3975,664111092.6546583
Asm,M5,cPTAC,Measure,CZ14,33.69791666666667,552112507.3271866
Asm,M5,cPTAC,Measure,CZ15,42.32083333333334,790212706.9089198
Asm,M5,cPTAC,Measure,CZ16,25.15416666666667,458727618.64778304
Asm,M5,cPVVG,Base,CZ01,16.715000000000003,346596849.1733096
Asm,M5,cPVVG,Base,CZ02,25.97041666666667,486090967.2564128
Asm,M5,cPVVG,Base,CZ03,24.965,436142664.1493383
Asm,M5,cPVVG,Base,CZ04,32.625416666666666,551465499.8583013
Asm,M5,cPVVG,Base,CZ05,22.50375,398484505.6616254
Asm,M5,cPVVG,Base,CZ06,25.29583333333333,441879529.0397456
Asm,M5,cPVVG,Base,CZ07,25.2725,510093289.69550496
Asm,M5,cPVVG,Base,CZ08,32.28541666666666,580962673.7431294
Asm,M5,cPVVG,Base,CZ09,35.456250000000004,652269230.5706077
Asm,M5,cPVVG,Base,CZ10,35.55666666666667,636691690.9766691
Asm,M5,cPVVG,Base,CZ11,36.25708333333334,701834177.897418
Asm,M5,cPVVG,Base,CZ12,33.139583333333334,596956874.3263468
Asm,M5,cPVVG,Base,CZ13,37.3975,719750649.1567738
Asm,M5,cPVVG,Base,CZ14,33.69791666666667,589602501.4250801
Asm,M5,cPVVG,Base,CZ15,42.32083333333334,868330163.2545747
Asm,M5,cPVVG,Base,CZ16,25.15416666666667,478947196.0444824
Asm,M5,cPVVG,Measure,CZ01,16.715000000000003,330440770.0258538
Asm,M5,cPVVG,Measure,CZ02,25.97041666666667,452100279.1388519
Asm,M5,cPVVG,Measure,CZ03,24.965,408988231.87151504
Asm,M5,cPVVG,Measure,CZ04,32.625416666666666,508771381.3585671
Asm,M5,cPVVG,Measure,CZ05,22.50375,375737448.4433008
Asm,M5,cPVVG,Measure,CZ06,25.29583333333333,414218238.6414185
Asm,M5,cPVVG,Measure,CZ07,25.2725,476666681.3681464
Asm,M5,cPVVG,Measure,CZ08,32.28541666666666,535139297.0037908
Asm,M5,cPVVG,Measure,CZ09,35.456250000000004,597483689.2345977
Asm,M5,cPVVG,Measure,CZ10,35.55666666666667,583479464.4253657
Asm,M5,cPVVG,Measure,CZ11,36.25708333333334,642363204.4118028
Asm,M5,cPVVG,Measure,CZ12,33.139583333333334,548838237.1685699
Asm,M5,cPVVG,Measure,CZ13,37.3975,658221635.6769388
Asm,M5,cPVVG,Measure,CZ14,33.69791666666667,544044122.0261685
Asm,M5,cPVVG,Measure,CZ15,42.32083333333334,786767404.5765696
Asm,M5,cPVVG,Measure,CZ16,25.15416666666667,450013135.8743169
ECC,M1,cDXGF,Base,CZ01,16.715000000000003,938476918.1438954
ECC,M1,cDXGF,Base,CZ02,25.97041666666667,1554116067.523007
ECC,M1,cDXGF,Base,CZ03,24.965,1192787515.471816
ECC,M1,cDXGF,Base,CZ04,32.625416666666666,1985834147.9670136
ECC,M1,cDXGF,Base,CZ05,22.50375,1115709527.585772
ECC,M1,cDXGF,Base,CZ06,25.29583333333333,1258451651.52932
ECC,M1,cDXGF,Base,CZ07,25.2725,1616495135.828669
ECC,M1,cDXGF,Base,CZ08,32.28541666666666,1729429083.7265017
ECC,M1,cDXGF,Base,CZ09,35.456250000000004,1903998157.2276385
ECC,M1,cDXGF,Base,CZ10,35.55666666666667,1902740235.0156188
ECC,M1,cDXGF,Base,CZ11,36.25708333333334,2138252049.1403184
ECC,M1,cDXGF,Base,CZ12,33.139583333333334,2000846030.1816692
ECC,M1,cDXGF,Base,CZ13,37.3975,2192805947.861752
ECC,M1,cDXGF,Base,CZ14,33.69791666666667,2006339433.4347436
ECC,M1,cDXGF,Base,CZ15,42.32083333333334,2593888122.312576
ECC,M1,cDXGF,Base,CZ16,25.15416666666667,1652409435.9971938
ECC,M1,cDXGF,Measure,CZ01,16.715000000000003,865334243.4256793
ECC,M1,cDXGF,Measure,CZ02,25.97041666666667,1478478459.6819386
ECC,M1,cDXGF,Measure,CZ03,24.965,1134959801.602717
ECC,M1,cDXGF,Measure,CZ04,32.625416666666666,1914424071.7876368
ECC,M1,cDXGF,Measure,CZ05,22.50375,1050584785.7313248
ECC,M1,cDXGF,Measure,CZ06,25.29583333333333,1179294128.99771
ECC,M1,cDXGF,Measure,CZ07,25.2725,1618674117.75657
ECC,M1,cDXGF,Measure,CZ08,32.28541666666666,1657364286.9508362
ECC,M1,cDXGF,Measure,CZ09,35.456250000000004,1816886565.7360573
ECC,M1,cDXGF,Measure,CZ10,35.55666666666667,1817577430.0995595
ECC,M1,cDXGF,Measure,CZ11,36.25708333333334,2070983300.762714
ECC,M1,cDXGF,Measure,CZ12,33.139583333333334,1927929974.405964
ECC,M1,cDXGF,Measure,CZ13,37.3975,2115608162.5771616
ECC,M1,cDXGF,Measure,CZ14,33.69791666666667,1942902883.3856616
ECC,M1,cDXGF,Measure,CZ15,42.32083333333334,2494390108.504013
ECC,M1,cDXGF,Measure,CZ16,25.15416666666667,1602530877.3762984
ECC,M1,cDXHP,Base,CZ01,16.715000000000003,940380433.1276078
ECC,M1,cDXHP,Base,CZ02,25.97041666666667,1556310914.5754657
ECC,M1,cDXHP,Base,CZ03,24.965,1195238012.0459566
ECC,M1,cDXHP,Base,CZ04,32.625416666666666,1994677041.7333112
ECC,M1,cDXHP,Base,CZ05,22.50375,1118143709.5473971
ECC,M1,cDXHP,Base,CZ06,25.29583333333333,1261543748.273994
ECC,M1,cDXHP,Base,CZ07,25.2725,1590374894.858573
ECC,M1,cDXHP,Base,CZ08,32.28541666666666,1734174275.8098571
ECC,M1,cDXHP,Base,CZ09,35.456250000000004,1908480315.926928
ECC,M1,cDXHP,Base,CZ10,35.55666666666667,1904547363.201872
ECC,M1,cDXHP,Base,CZ11,36.25708333333334,2140704023.9132156
ECC,M1,cDXHP,Base,CZ12,33.139583333333334,2007798071.8355303
ECC,M1,cDXHP,Base,CZ13,37.3975,2199516033.0613885
ECC,M1,cDXHP,Base,CZ14,33.69791666666667,2014633277.467772
ECC,M1,cDXHP,Base,CZ15,42.32083333333334,2594145084.6465936
ECC,M1,cDXHP,Base,CZ16,25.15416666666667,1658159795.533445
ECC,M1,cDXHP,Measure,CZ01,16.715000000000003,866433646.7822795
ECC,M1,cDXHP,Measure,CZ02,25.97041666666667,1480649632.387426
ECC,M1,cDXHP,Measure,CZ03,24.965,1137413480.301447
ECC,M1,cDXHP,Measure,CZ04,32.625416666666666,1923486003.4925356
ECC,M1,cDXHP,Measure,CZ05,22.50375,1053266046.1134188
ECC,M1,cDXHP,Measure,CZ06,25.29583333333333,1182161775.843813
ECC,M1,cDXHP,Measure,CZ07,25.2725,1591957163.0618205
ECC,M1,cDXHP,Measure,CZ08,32.28541666666666,1662016974.00448
ECC,M1,cDXHP,Measure,CZ09,35.456250000000004,1821062101.0874543
ECC,M1,cDXHP,Measure,CZ10,35.55666666666667,1819289122.901317
ECC,M1,cDXHP,Measure,CZ11,36.25708333333334,2073299815.8791003
ECC,M1,cDXHP,Measure,CZ12,33.139583333333334,1935033864.9481976
ECC,M1,cDXHP,Measure,CZ13,37.3975,2122171274.330327
ECC,M1,cDXHP,Measure,CZ14,33.69791666666667,1950878498.0232468
ECC,M1,cDXHP,Measure,CZ15,42.32083333333334,2494640030.2052755
ECC,M1,cDXHP,Measure,CZ16,25.15416666666667,1608420606.9148684
ECC,M1,cPTAC,Base,CZ01,16.715000000000003,937279123.3139188
ECC,M1,cPTAC,Base,CZ02,25.97041666666667,1554066461.011921
ECC,M1,cPTAC,Base,CZ03,24.965,1192427097.28013
ECC,M1,cPTAC,Base,CZ04,32.625416666666666,1985833145.8423784
ECC,M1,cPTAC,Base,CZ05,22.50375,1114795633.7796688
ECC,M1,cPTAC,Base,CZ06,25.29583333333333,1258451634.7560675
ECC,M1,cPTAC,Base,CZ07,25.2725,1616495135.8317766
ECC,M1,cPTAC,Base,CZ08,32.28541666666666,1729426118.8640404
ECC,M1,cPTAC,Base,CZ09,35.456250000000004,1903997354.6525588
ECC,M1,cPTAC,Base,CZ10,35.55666666666667,1902739215.340312
ECC,M1,cPTAC,Base,CZ11,36.25708333333334,2138252049.1112952
ECC,M1,cPTAC,Base,CZ12,33.139583333333334,2000846030.1831892
ECC,M1,cPTAC,Base,CZ13,37.3975,2192805947.870649
ECC,M1,cPTAC,Base,CZ14,33.69791666666667,2006341168.1198516
ECC,M1,cPTAC,Base,CZ15,42.32083333333334,2593889532.813881
ECC,M1,cPTAC,Base,CZ16,25.15416666666667,1652409405.5403075
ECC,M1,cPTAC,Measure,CZ01,16.715000000000003,864631075.0296984
ECC,M1,cPTAC,Measure,CZ02,25.97041666666667,1478478361.7001324
ECC,M1,cPTAC,Measure,CZ03,24.965,1134851531.5511706
ECC,M1,cPTAC,Measure,CZ04,32.625416666666666,1914424071.7876568
ECC,M1,cPTAC,Measure,CZ05,22.50375,1050213011.7533855
ECC,M1,cPTAC,Measure,CZ06,25.29583333333333,1179294128.988642
ECC,M1,cPTAC,Measure,CZ07,25.2725,1618674117.820282
ECC,M1,cPTAC,Measure,CZ08,32.28541666666666,1657361663.852646
ECC,M1,cPTAC,Measure,CZ09,35.456250000000004,1816886566.1059968
ECC,M1,cPTAC,Measure,CZ10,35.55666666666667,1817577429.9442227
ECC,M1,cPTAC,Measure,CZ11,36.25708333333334,2070983300.739136
ECC,M1,cPTAC,Measure,CZ12,33.139583333333334,1927929974.401156
ECC,M1,cPTAC,Measure,CZ13,37.3975,2115608163.0748773
ECC,M1,cPTAC,Measure,CZ14,33.69791666666667,1942902883.3852
ECC,M1,cPTAC,Measure,CZ15,42.32083333333334,2494390108.509775
ECC,M1,cPTAC,Measure,CZ16,25.15416666666667,1602671048.5662625
ECC,M1,cPVVG,Base,CZ01,16.715000000000003,708955077.8233817
ECC,M1,cPVVG,Base,CZ02,25.97041666666667,1316219286.93249
ECC,M1,cPVVG,Base,CZ03,24.965,941863374.9409572
ECC,M1,cPVVG,Base,CZ04,32.625416666666666,1768624659.9605546
ECC,M1,cPVVG,Base,CZ05,22.50375,854805130.600558
ECC,M1,cPVVG,Base,CZ06,25.29583333333333,1008781456.2981892
ECC,M1,cPVVG,Base,CZ07,25.2725,1396130641.2003036
ECC,M1,cPVVG,Base,CZ08,32.28541666666666,1504998216.9196038
ECC,M1,cPVVG,Base,CZ09,35.456250000000004,1686834890.1432304
ECC,M1,cPVVG,Base,CZ10,35.55666666666667,1679591138.078753
ECC,M1,cPVVG,Base,CZ11,36.25708333333334,1953091113.6534011
ECC,M1,cPVVG,Base,CZ12,33.139583333333334,1794303665.5985394
ECC,M1,cPVVG,Base,CZ13,37.3975,2022738092.055653
ECC,M1,cPVVG,Base,CZ14,33.69791666666667,1810180871.827744
ECC,M1,cPVVG,Base,CZ15,42.32083333333334,2447416364.884925
ECC,M1,cPVVG,Base,CZ16,25.15416666666667,1380712472.4100163
ECC,M1,cPVVG,Measure,CZ01,16.715000000000003,695464563.9089173
ECC,M1,cPVVG,Measure,CZ02,25.97041666666667,1323689061.795889
ECC,M1,cPVVG,Measure,CZ03,24.965,951727853.862378
ECC,M1,cPVVG,Measure,CZ04,32.625416666666666,1773506353.152888
ECC,M1,cPVVG,Measure,CZ05,22.50375,856407307.5578327
ECC,M1,cPVVG,Measure,CZ06,25.29583333333333,998393256.19757
ECC,M1,cPVVG,Measure,CZ07,25.2725,1417641401.2404609
ECC,M1,cPVVG,Measure,CZ08,32.28541666666666,1489059527.650263
ECC,M1,cPVVG,Measure,CZ09,35.456250000000004,1648381371.310709
ECC,M1,cPVVG,Measure,CZ10,35.55666666666667,1646021767.7143154
ECC,M1,cPVVG,Measure,CZ11,36.25708333333334,1916733719.3080924
ECC,M1,cPVVG,Measure,CZ12,33.139583333333334,1793097002.7627788
ECC,M1,cPVVG,Measure,CZ13,37.3975,1974925147.0598865
ECC,M1,cPVVG,Measure,CZ14,33.69791666666667,1779253923.2627022
ECC,M1,cPVVG,Measure,CZ15,42.32083333333334,2373928416.328349
ECC,M1,cPVVG,Measure,CZ16,25.15416666666667,1375545395.2271676
ECC,M2,cDXGF,Base,CZ01,16.715000000000003,1166432311.833686
ECC,M2,cDXGF,Base,CZ02,25.97041666666667,1583489249.6260424
ECC,M2,cDXGF,Base,CZ03,24.965,1309803796.322615
ECC,M2,cDXGF,Base,CZ04,32.625416666666666,1846450340.803446
ECC,M2,cDXGF,Base,CZ05,22.50375,1292037866.2184353
ECC,M2,cDXGF,Base,CZ06,25.29583333333333,1321787434.005363
ECC,M2,cDXGF,Base,CZ07,25.2725,1573379162.098264
ECC,M2,cDXGF,Base,CZ08,32.28541666666666,1583945069.685967
ECC,M2,cDXGF,Base,CZ09,35.456250000000004,1658861353.9100368
ECC,M2,cDXGF,Base,CZ10,35.55666666666667,1649438095.2007446
ECC,M2,cDXGF,Base,CZ11,36.25708333333334,1855904624.2868965
ECC,M2,cDXGF,Base,CZ12,33.139583333333334,1839733601.143306
ECC,M2,cDXGF,Base,CZ13,37.3975,1873177869.630765
ECC,M2,cDXGF,Base,CZ14,33.69791666666667,1805165106.2181845
ECC,M2,cDXGF,Base,CZ15,42.32083333333334,2090658580.2209797
ECC,M2,cDXGF,Base,CZ16,25.15416666666667,1699290889.5468197
ECC,M2,cDXGF,Measure,CZ01,16.715000000000003,1058759260.756122
ECC,M2,cDXGF,Measure,CZ02,25.97041666666667,1454787186.6935017
ECC,M2,cDXGF,Measure,CZ03,24.965,1210220524.1232505
ECC,M2,cDXGF,Measure,CZ04,32.625416666666666,1740175857.7923188
ECC,M2,cDXGF,Measure,CZ05,22.50375,1184250064.1723597
ECC,M2,cDXGF,Measure,CZ06,25.29583333333333,1219339865.8846376
ECC,M2,cDXGF,Measure,CZ07,25.2725,1561484580.129275
ECC,M2,cDXGF,Measure,CZ08,32.28541666666666,1494190884.7995362
ECC,M2,cDXGF,Measure,CZ09,35.456250000000004,1576396876.2303662
ECC,M2,cDXGF,Measure,CZ10,35.55666666666667,1565295505.5909674
ECC,M2,cDXGF,Measure,CZ11,36.25708333333334,1813671966.98237
ECC,M2,cDXGF,Measure,CZ12,33.139583333333334,1738778291.2238288
ECC,M2,cDXGF,Measure,CZ13,37.3975,1828910604.5970764
ECC,M2,cDXGF,Measure,CZ14,33.69791666666667,1756209457.953157
ECC,M2,cDXGF,Measure,CZ15,42.32083333333334,2033087198.3214428
ECC,M2,cDXGF,Measure,CZ16,25.15416666666667,1642738958.1878066
ECC,M2,cDXHP,Base,CZ01,16.715000000000003,1162108170.9680364
ECC,M2,cDXHP,Base,CZ02,25.97041666666667,1581012981.744171
ECC,M2,cDXHP,Base,CZ03,24.965,1306359393.2707305
ECC,M2,cDXHP,Base,CZ04,32.625416666666666,1842711163.4578748
ECC,M2,cDXHP,Base,CZ05,22.50375,1288573325.5033522
ECC,M2,cDXHP,Base,CZ06,25.29583333333333,1318850152.9177735
ECC,M2,cDXHP,Base,CZ07,25.2725,1570203196.6479983
ECC,M2,cDXHP,Base,CZ08,32.28541666666666,1582361003.1583462
ECC,M2,cDXHP,Base,CZ09,35.456250000000004,1657782608.254773
ECC,M2,cDXHP,Base,CZ10,35.55666666666667,1648934606.8603485
ECC,M2,cDXHP,Base,CZ11,36.25708333333334,1853752775.4926984
ECC,M2,cDXHP,Base,CZ12,33.139583333333334,1837104927.2922688
ECC,M2,cDXHP,Base,CZ13,37.3975,1871720623.7719808
ECC,M2,cDXHP,Base,CZ14,33.69791666666667,1802349098.1110785
ECC,M2,cDXHP,Base,CZ15,42.32083333333334,2090575802.131739
ECC,M2,cDXHP,Base,CZ16,25.15416666666667,1697406687.8109255
ECC,M2,cDXHP,Measure,CZ01,16.715000000000003,1054626789.9880234
ECC,M2,cDXHP,Measure,CZ02,25.97041666666667,1452368933.867493
ECC,M2,cDXHP,Measure,CZ03,24.965,1206854473.2678823
ECC,M2,cDXHP,Measure,CZ04,32.625416666666666,1736616963.191085
ECC,M2,cDXHP,Measure,CZ05,22.50375,1180820750.3419588
ECC,M2,cDXHP,Measure,CZ06,25.29583333333333,1216403103.1322718
ECC,M2,cDXHP,Measure,CZ07,25.2725,1558177754.8818927
ECC,M2,cDXHP,Measure,CZ08,32.28541666666666,1492733887.2686763
ECC,M2,cDXHP,Measure,CZ09,35.456250000000004,1575376868.7694285
ECC,M2,cDXHP,Measure,CZ10,35.55666666666667,1564785994.9823449
ECC,M2,cDXHP,Measure,CZ11,36.25708333333334,1812573566.667844
ECC,M2,cDXHP,Measure,CZ12,33.139583333333334,1736350187.6622376
ECC,M2,cDXHP,Measure,CZ13,37.3975,1828283876.7881389
ECC,M2,cDXHP,Measure,CZ14,33.69791666666667,1753805895.9820733
ECC,M2,cDXHP,Measure,CZ15,42.32083333333334,2033008891.0534356
ECC,M2,cDXHP,Measure,CZ16,25.15416666666667,1641164832.8973603
ECC,M2,cPTAC,Base,CZ01,16.715000000000003,1166432672.4614189
ECC,M2,cPTAC,Base,CZ02,25.97041666666667,1583489249.6287105
ECC,M2,cPTAC,Base,CZ03,24.965,1309803796.3227184
ECC,M2,cPTAC,Base,CZ04,32.625416666666666,1846450340.680016
ECC,M2,cPTAC,Base,CZ05,22.50375,1292037866.2186494
ECC,M2,cPTAC,Base,CZ06,25.29583333333333,1321787434.006327
ECC,M2,cPTAC,Base,CZ07,25.2725,1573379164.910099
ECC,M2,cPTAC,Base,CZ08,32.28541666666666,1583945069.685205
ECC,M2,cPTAC,Base,CZ09,35.456250000000004,1658861353.910034
ECC,M2,cPTAC,Base,CZ10,35.55666666666667,1649438083.0236378
ECC,M2,cPTAC,Base,CZ11,36.25708333333334,1855904624.2877457
ECC,M2,cPTAC,Base,CZ12,33.139583333333334,1839733601.147417
ECC,M2,cPTAC,Base,CZ13,37.3975,1873177869.6219788
ECC,M2,cPTAC,Base,CZ14,33.69791666666667,1805165106.2115023
ECC,M2,cPTAC,Base,CZ15,42.32083333333334,2090658580.2209797
ECC,M2,cPTAC,Base,CZ16,25.15416666666667,1699290889.544958
ECC,M2,cPTAC,Measure,CZ01,16.715000000000003,1058759194.1689534
ECC,M2,cPTAC,Measure,CZ02,25.97041666666667,1454787186.7115788
ECC,M2,cPTAC,Measure,CZ03,24.965,1210220524.1124678
ECC,M2,cPTAC,Measure,CZ04,32.625416666666666,1740175857.7918563
ECC,M2,cPTAC,Measure,CZ05,22.50375,1184250064.1742437
ECC,M2,cPTAC,Measure,CZ06,25.29583333333333,1219339865.8836436
ECC,M2,cPTAC,Measure,CZ07,25.2725,1561484580.095405
ECC,M2,cPTAC,Measure,CZ08,32.28541666666666,1494190890.0555773
ECC,M2,cPTAC,Measure,CZ09,35.456250000000004,1576396876.2052264
ECC,M2,cPTAC,Measure,CZ10,35.55666666666667,1565297177.4340715
ECC,M2,cPTAC,Measure,CZ11,36.25708333333334,1813671966.9818883
ECC,M2,cPTAC,Measure,CZ12,33.139583333333334,1738778291.8308554
ECC,M2,cPTAC,Measure,CZ13,37.3975,1828933385.0318544
ECC,M2,cPTAC,Measure,CZ14,33.69791666666667,1756209457.9546242
ECC,M2,cPTAC,Measure,CZ15,42.32083333333334,2033087198.3110151
ECC,M2,cPTAC,Measure,CZ16,25.15416666666667,1642738958.15902
ECC,M2,cPVVG,Base,CZ01,16.715000000000003,938886993.1243724
ECC,M2,cPVVG,Base,CZ02,25.97041666666667,1328862728.8778458
ECC,M2,cPVVG,Base,CZ03,24.965,1058371883.0329518
ECC,M2,cPVVG,Base,CZ04,32.625416666666666,1597445387.5855012
ECC,M2,cPVVG,Base,CZ05,22.50375,1029012440.894783
ECC,M2,cPVVG,Base,CZ06,25.29583333333333,1079151029.032361
ECC,M2,cPVVG,Base,CZ07,25.2725,1367543098.6467495
ECC,M2,cPVVG,Base,CZ08,32.28541666666666,1320841123.1564531
ECC,M2,cPVVG,Base,CZ09,35.456250000000004,1383301463.2725668
ECC,M2,cPVVG,Base,CZ10,35.55666666666667,1372890762.6615095
ECC,M2,cPVVG,Base,CZ11,36.25708333333334,1616370748.7243898
ECC,M2,cPVVG,Base,CZ12,33.139583333333334,1599621768.8339818
ECC,M2,cPVVG,Base,CZ13,37.3975,1636975873.0910358
ECC,M2,cPVVG,Base,CZ14,33.69791666666667,1556501738.1934943
ECC,M2,cPVVG,Base,CZ15,42.32083333333334,1842635440.467224
ECC,M2,cPVVG,Base,CZ16,25.15416666666667,1438998607.1555643
ECC,M2,cPVVG,Measure,CZ01,16.715000000000003,897781352.1416692
ECC,M2,cPVVG,Measure,CZ02,25.97041666666667,1281894748.929058
ECC,M2,cPVVG,Measure,CZ03,24.965,1019396584.0379676
ECC,M2,cPVVG,Measure,CZ04,32.625416666666666,1551526136.5033264
ECC,M2,cPVVG,Measure,CZ05,22.50375,987303212.374057
ECC,M2,cPVVG,Measure,CZ06,25.29583333333333,1037563613.7987849
ECC,M2,cPVVG,Measure,CZ07,25.2725,1357747863.1866229
ECC,M2,cPVVG,Measure,CZ08,32.28541666666666,1280913088.3921976
ECC,M2,cPVVG,Measure,CZ09,35.456250000000004,1344439455.7712092
ECC,M2,cPVVG,Measure,CZ10,35.55666666666667,1333825932.490163
ECC,M2,cPVVG,Measure,CZ11,36.25708333333334,1600966211.8438923
ECC,M2,cPVVG,Measure,CZ12,33.139583333333334,1555784676.857843
ECC,M2,cPVVG,Measure,CZ13,37.3975,1621036953.1537583
ECC,M2,cPVVG,Measure,CZ14,33.69791666666667,1535277141.8346567
ECC,M2,cPVVG,Measure,CZ15,42.32083333333334,1819559137.4288323
ECC,M2,cPVVG,Measure,CZ16,25.15416666666667,1412964220.7038577
ECC,M3,cDXGF,Base,CZ01,16.715000000000003,845457349.8142446
ECC,M3,cDXGF,Base,CZ02,25.97041666666667,1243255070.0307882
ECC,M3,cDXGF,Base,CZ03,24.965,962102129.5837202
ECC,M3,cDXGF,Base,CZ04,32.625416666666666,1516476923.9210277
ECC,M3,cDXGF,Base,CZ05,22.50375,923097667.3310996
ECC,M3,cDXGF,Base,CZ06,25.29583333333333,981440398.4229584
ECC,M3,cDXGF,Base,CZ07,25.2725,1305182666.5161555
ECC,M3,cDXGF,Base,CZ08,32.28541666666666,1227986625.0284204
ECC,M3,cDXGF,Base,CZ09,35.456250000000004,1289243283.7819595
ECC,M3,cDXGF,Base,CZ10,35.55666666666667,1282683430.540291
ECC,M3,cDXGF,Base,CZ11,36.25708333333334,1559012842.407773
ECC,M3,cDXGF,Base,CZ12,33.139583333333334,1523569869.7316935
ECC,M3,cDXGF,Base,CZ13,37.3975,1582901405.9949243
ECC,M3,cDXGF,Base,CZ14,33.69791666666667,1486672095.2847152
ECC,M3,cDXGF,Base,CZ15,42.32083333333334,1792048650.8225813
ECC,M3,cDXGF,Base,CZ16,25.15416666666667,1338226152.6790683
ECC,M3,cDXGF,Measure,CZ01,16.715000000000003,802922067.045278
ECC,M3,cDXGF,Measure,CZ02,25.97041666666667,1172752920.7772946
ECC,M3,cDXGF,Measure,CZ03,24.965,900752547.4644223
ECC,M3,cDXGF,Measure,CZ04,32.625416666666666,1422935105.1129732
ECC,M3,cDXGF,Measure,CZ05,22.50375,868222210.2660005
ECC,M3,cDXGF,Measure,CZ06,25.29583333333333,919049680.8690952
ECC,M3,cDXGF,Measure,CZ07,25.2725,1215548067.6186466
ECC,M3,cDXGF,Measure,CZ08,32.28541666666666,1141400247.2478611
ECC,M3,cDXGF,Measure,CZ09,35.456250000000004,1192829447.5119562
ECC,M3,cDXGF,Measure,CZ10,35.55666666666667,1186688616.4919877
ECC,M3,cDXGF,Measure,CZ11,36.25708333333334,1440117713.6228824
ECC,M3,cDXGF,Measure,CZ12,33.139583333333334,1427427981.9571972
ECC,M3,cDXGF,Measure,CZ13,37.3975,1459370018.158731
ECC,M3,cDXGF,Measure,CZ14,33.69791666666667,1381635168.8070416
ECC,M3,cDXGF,Measure,CZ15,42.32083333333334,1655185330.458539
ECC,M3,cDXGF,Measure,CZ16,25.15416666666667,1260762328.1424825
ECC,M3,cDXHP,Base,CZ01,16.715000000000003,814222594.791465
ECC,M3,cDXHP,Base,CZ02,25.97041666666667,1228941715.825419
ECC,M3,cDXHP,Base,CZ03,24.965,942774851.6565548
ECC,M3,cDXHP,Base,CZ04,32.625416666666666,1502114726.5716047
ECC,M3,cDXHP,Base,CZ05,22.50375,899237020.1558957
ECC,M3,cDXHP,Base,CZ06,25.29583333333333,960730340.89832
ECC,M3,cDXHP,Base,CZ07,25.2725,1283394601.3571138
ECC,M3,cDXHP,Base,CZ08,32.28541666666666,1220226081.3986914
ECC,M3,cDXHP,Base,CZ09,35.456250000000004,1283238576.786698
ECC,M3,cDXHP,Base,CZ10,35.55666666666667,1279650661.7264638
ECC,M3,cDXHP,Base,CZ11,36.25708333333334,1549511602.6359916
ECC,M3,cDXHP,Base,CZ12,33.139583333333334,1512810368.109166
ECC,M3,cDXHP,Base,CZ13,37.3975,1576286335.491965
ECC,M3,cDXHP,Base,CZ14,33.69791666666667,1472880983.6929634
ECC,M3,cDXHP,Base,CZ15,42.32083333333334,1791836341.9767585
ECC,M3,cDXHP,Base,CZ16,25.15416666666667,1298708316.0552378
ECC,M3,cDXHP,Measure,CZ01,16.715000000000003,772178735.4202491
ECC,M3,cDXHP,Measure,CZ02,25.97041666666667,1158239540.4410954
ECC,M3,cDXHP,Measure,CZ03,24.965,881453561.9154644
ECC,M3,cDXHP,Measure,CZ04,32.625416666666666,1408114492.1625943
ECC,M3,cDXHP,Measure,CZ05,22.50375,844593839.6996553
ECC,M3,cDXHP,Measure,CZ06,25.29583333333333,898414736.6415977
ECC,M3,cDXHP,Measure,CZ07,25.2725,1193487188.915147
ECC,M3,cDXHP,Measure,CZ08,32.28541666666666,1133511508.9263968
ECC,M3,cDXHP,Measure,CZ09,35.456250000000004,1186775199.9396796
ECC,M3,cDXHP,Measure,CZ10,35.55666666666667,1183661659.4369302
ECC,M3,cDXHP,Measure,CZ11,36.25708333333334,1430154520.841714
ECC,M3,cDXHP,Measure,CZ12,33.139583333333334,1416238044.933353
ECC,M3,cDXHP,Measure,CZ13,37.3975,1452398389.1187332
ECC,M3,cDXHP,Measure,CZ14,33.69791666666667,1367530808.2521982
ECC,M3,cDXHP,Measure,CZ15,42.32083333333334,1654962931.4761648
ECC,M3,cDXHP,Measure,CZ16,25.15416666666667,1221931438.0808148
ECC,M3,cPTAC,Base,CZ01,16.715000000000003,845449791.0750865
ECC,M3,cPTAC,Base,CZ02,25.97041666666667,1243255070.0417366
ECC,M3,cPTAC,Base,CZ03,24.965,962101649.5889896
ECC,M3,cPTAC,Base,CZ04,32.625416666666666,1516476923.919727
ECC,M3,cPTAC,Base,CZ05,22.50375,923097638.4959288
ECC,M3,cPTAC,Base,CZ06,25.29583333333333,981440398.4187545
ECC,M3,cPTAC,Base,CZ07,25.2725,1305182666.514191
ECC,M3,cPTAC,Base,CZ08,32.28541666666666,1227992647.6930509
ECC,M3,cPTAC,Base,CZ09,35.456250000000004,1289243290.2935278
ECC,M3,cPTAC,Base,CZ10,35.55666666666667,1282687568.310085
ECC,M3,cPTAC,Base,CZ11,36.25708333333334,1559012842.4124284
ECC,M3,cPTAC,Base,CZ12,33.139583333333334,1523569869.7248063
ECC,M3,cPTAC,Base,CZ13,37.3975,1582901405.9831495
ECC,M3,cPTAC,Base,CZ14,33.69791666666667,1486672095.2750237
ECC,M3,cPTAC,Base,CZ15,42.32083333333334,1792050427.7112365
ECC,M3,cPTAC,Base,CZ16,25.15416666666667,1338226152.5377915
ECC,M3,cPTAC,Measure,CZ01,16.715000000000003,802928247.7534722
ECC,M3,cPTAC,Measure,CZ02,25.97041666666667,1172752920.7683072
ECC,M3,cPTAC,Measure,CZ03,24.965,900752547.4592552
ECC,M3,cPTAC,Measure,CZ04,32.625416666666666,1422935105.1175332
ECC,M3,cPTAC,Measure,CZ05,22.50375,868222185.0561588
ECC,M3,cPTAC,Measure,CZ06,25.29583333333333,919049680.8724524
ECC,M3,cPTAC,Measure,CZ07,25.2725,1215548067.6141815
ECC,M3,cPTAC,Measure,CZ08,32.28541666666666,1141396314.3755584
ECC,M3,cPTAC,Measure,CZ09,35.456250000000004,1192829447.488287
ECC,M3,cPTAC,Measure,CZ10,35.55666666666667,1186688616.521386
ECC,M3,cPTAC,Measure,CZ11,36.25708333333334,1440117713.621676
ECC,M3,cPTAC,Measure,CZ12,33.139583333333334,1427427981.9577537
ECC,M3,cPTAC,Measure,CZ13,37.3975,1459366876.2106686
ECC,M3,cPTAC,Measure,CZ14,33.69791666666667,1381635168.797933
ECC,M3,cPTAC,Measure,CZ15,42.32083333333334,1655185330.472708
ECC,M3,cPTAC,Measure,CZ16,25.15416666666667,1260762328.0191534
ECC,M3,cPVVG,Base,CZ01,16.715000000000003,832425570.5680145
ECC,M3,cPVVG,Base,CZ02,25.97041666666667,1227381262.491458
ECC,M3,cPVVG,Base,CZ03,24.965,946482191.9407556
ECC,M3,cPVVG,Base,CZ04,32.625416666666666,1498155697.730627
ECC,M3,cPVVG,Base,CZ05,22.50375,907827461.651423
ECC,M3,cPVVG,Base,CZ06,25.29583333333333,965396378.59565
ECC,M3,cPVVG,Base,CZ07,25.2725,1284176099.2903895
ECC,M3,cPVVG,Base,CZ08,32.28541666666666,1210131262.0404508
ECC,M3,cPVVG,Base,CZ09,35.456250000000004,1269971718.2816904
ECC,M3,cPVVG,Base,CZ10,35.55666666666667,1263933168.844313
ECC,M3,cPVVG,Base,CZ11,36.25708333333334,1537469159.4108284
ECC,M3,cPVVG,Base,CZ12,33.139583333333334,1505664629.1790984
ECC,M3,cPVVG,Base,CZ13,37.3975,1561362218.133379
ECC,M3,cPVVG,Base,CZ14,33.69791666666667,1465474176.9287703
ECC,M3,cPVVG,Base,CZ15,42.32083333333334,1770675327.663294
ECC,M3,cPVVG,Base,CZ16,25.15416666666667,1316705579.4302275
ECC,M3,cPVVG,Measure,CZ01,16.715000000000003,790465272.1859415
ECC,M3,cPVVG,Measure,CZ02,25.97041666666667,1157621478.7874618
ECC,M3,cPVVG,Measure,CZ03,24.965,885943980.2842549
ECC,M3,cPVVG,Measure,CZ04,32.625416666666666,1405595113.0806737
ECC,M3,cPVVG,Measure,CZ05,22.50375,853741686.573189
ECC,M3,cPVVG,Measure,CZ06,25.29583333333333,903835679.2371242
ECC,M3,cPVVG,Measure,CZ07,25.2725,1195398802.1427689
ECC,M3,cPVVG,Measure,CZ08,32.28541666666666,1124664715.9508898
ECC,M3,cPVVG,Measure,CZ09,35.456250000000004,1174929496.0219655
ECC,M3,cPVVG,Measure,CZ10,35.55666666666667,1169226455.501083
ECC,M3,cPVVG,Measure,CZ11,36.25708333333334,1420343552.1356776
ECC,M3,cPVVG,Measure,CZ12,33.139583333333334,1410534058.3292353
ECC,M3,cPVVG,Measure,CZ13,37.3975,1439657871.6533246
ECC,M3,cPVVG,Measure,CZ14,33.69791666666667,1362047394.6091895
ECC,M3,cPVVG,Measure,CZ15,42.32083333333334,1635354884.4850025
ECC,M3,cPVVG,Measure,CZ16,25.15416666666667,1240521141.0799367
ECC,M4,cDXGF,Base,CZ01,16.715000000000003,977421044.5573256
ECC,M4,cDXGF,Base,CZ02,25.97041666666667,1579294349.7133827
ECC,M4,cDXGF,Base,CZ03,24.965,1241277086.1012197
ECC,M4,cDXGF,Base,CZ04,32.625416666666666,1985834430.624186
ECC,M4,cDXGF,Base,CZ05,22.50375,1168348565.4657068
ECC,M4,cDXGF,Base,CZ06,25.29583333333333,1276338994.7460997
ECC,M4,cDXGF,Base,CZ07,25.2725,1616495098.92795
ECC,M4,cDXGF,Base,CZ08,32.28541666666666,1729426832.009355
ECC,M4,cDXGF,Base,CZ09,35.456250000000004,1904004869.192611
ECC,M4,cDXGF,Base,CZ10,35.55666666666667,1902740178.6593208
ECC,M4,cDXGF,Base,CZ11,36.25708333333334,2138251376.706714
ECC,M4,cDXGF,Base,CZ12,33.139583333333334,2000844639.2815568
ECC,M4,cDXGF,Base,CZ13,37.3975,2192805482.80854
ECC,M4,cDXGF,Base,CZ14,33.69791666666667,2006343229.7609875
ECC,M4,cDXGF,Base,CZ15,42.32083333333334,2593888139.800354
ECC,M4,cDXGF,Base,CZ16,25.15416666666667,1670002975.9400413
ECC,M4,cDXGF,Measure,CZ01,16.715000000000003,923258115.6861782
ECC,M4,cDXGF,Measure,CZ02,25.97041666666667,1504806269.371497
ECC,M4,cDXGF,Measure,CZ03,24.965,1186674834.7772937
ECC,M4,cDXGF,Measure,CZ04,32.625416666666666,1914433796.8027344
ECC,M4,cDXGF,Measure,CZ05,22.50375,1112329153.3896444
ECC,M4,cDXGF,Measure,CZ06,25.29583333333333,1197153901.9773982
ECC,M4,cDXGF,Measure,CZ07,25.2725,1618674350.1913126
ECC,M4,cDXGF,Measure,CZ08,32.28541666666666,1657370036.713099
ECC,M4,cDXGF,Measure,CZ09,35.456250000000004,1816895229.9942083
ECC,M4,cDXGF,Measure,CZ10,35.55666666666667,1817580838.2902875
ECC,M4,cDXGF,Measure,CZ11,36.25708333333334,2070983195.444096
ECC,M4,cDXGF,Measure,CZ12,33.139583333333334,1927929655.842018
ECC,M4,cDXGF,Measure,CZ13,37.3975,2115608114.8746736
ECC,M4,cDXGF,Measure,CZ14,33.69791666666667,1942904850.0091937
ECC,M4,cDXGF,Measure,CZ15,42.32083333333334,2494390108.535228
ECC,M4,cDXGF,Measure,CZ16,25.15416666666667,1619906060.837877
ECC,M4,cDXHP,Base,CZ01,16.715000000000003,979661277.8773048
ECC,M4,cDXHP,Base,CZ02,25.97041666666667,1581595401.3059838
ECC,M4,cDXHP,Base,CZ03,24.965,1244145372.2897718
ECC,M4,cDXHP,Base,CZ04,32.625416666666666,1994677416.9910405
ECC,M4,cDXHP,Base,CZ05,22.50375,1171252147.926483
ECC,M4,cDXHP,Base,CZ06,25.29583333333333,1279619694.228783
ECC,M4,cDXHP,Base,CZ07,25.2725,1590374908.4711893
ECC,M4,cDXHP,Base,CZ08,32.28541666666666,1734172227.1538146
ECC,M4,cDXHP,Base,CZ09,35.456250000000004,1908482734.3358724
ECC,M4,cDXHP,Base,CZ10,35.55666666666667,1904548859.353876
ECC,M4,cDXHP,Base,CZ11,36.25708333333334,2140703760.0778875
ECC,M4,cDXHP,Base,CZ12,33.139583333333334,2007796864.3291907
ECC,M4,cDXHP,Base,CZ13,37.3975,2199515776.987242
ECC,M4,cDXHP,Base,CZ14,33.69791666666667,2014636368.529945
ECC,M4,cDXHP,Base,CZ15,42.32083333333334,2594148571.1731734
ECC,M4,cDXHP,Base,CZ16,25.15416666666667,1676092687.9360173
ECC,M4,cDXHP,Measure,CZ01,16.715000000000003,924930936.863539
ECC,M4,cDXHP,Measure,CZ02,25.97041666666667,1507097431.9983168
ECC,M4,cDXHP,Measure,CZ03,24.965,1189528872.2144651
ECC,M4,cDXHP,Measure,CZ04,32.625416666666666,1923495580.116084
ECC,M4,cDXHP,Measure,CZ05,22.50375,1115613821.4658787
ECC,M4,cDXHP,Measure,CZ06,25.29583333333333,1200209611.952472
ECC,M4,cDXHP,Measure,CZ07,25.2725,1591957479.6695397
ECC,M4,cDXHP,Measure,CZ08,32.28541666666666,1662022546.2812166
ECC,M4,cDXHP,Measure,CZ09,35.456250000000004,1821142438.8154416
ECC,M4,cDXHP,Measure,CZ10,35.55666666666667,1819295214.3882232
ECC,M4,cDXHP,Measure,CZ11,36.25708333333334,2073300123.9821773
ECC,M4,cDXHP,Measure,CZ12,33.139583333333334,1935033451.2966905
ECC,M4,cDXHP,Measure,CZ13,37.3975,2122171109.6201217
ECC,M4,cDXHP,Measure,CZ14,33.69791666666667,1950880409.0662372
ECC,M4,cDXHP,Measure,CZ15,42.32083333333334,2494640030.2339525
ECC,M4,cDXHP,Measure,CZ16,25.15416666666667,1626137151.4624124
ECC,M4,cPTAC,Base,CZ01,16.715000000000003,974397578.958662
ECC,M4,cPTAC,Base,CZ02,25.97041666666667,1579243375.5108216
ECC,M4,cPTAC,Base,CZ03,24.965,1240822182.2840204
ECC,M4,cPTAC,Base,CZ04,32.625416666666666,1985833429.088856
ECC,M4,cPTAC,Base,CZ05,22.50375,1166790615.712688
ECC,M4,cPTAC,Base,CZ06,25.29583333333333,1276338978.0897317
ECC,M4,cPTAC,Base,CZ07,25.2725,1616495098.9259684
ECC,M4,cPTAC,Base,CZ08,32.28541666666666,1729427095.9963343
ECC,M4,cPTAC,Base,CZ09,35.456250000000004,1904001261.5377495
ECC,M4,cPTAC,Base,CZ10,35.55666666666667,1902740617.9800885
ECC,M4,cPTAC,Base,CZ11,36.25708333333334,2138251376.706109
ECC,M4,cPTAC,Base,CZ12,33.139583333333334,2000844639.2854152
ECC,M4,cPTAC,Base,CZ13,37.3975,2192805482.81518
ECC,M4,cPTAC,Base,CZ14,33.69791666666667,2006343229.762663
ECC,M4,cPTAC,Base,CZ15,42.32083333333334,2593891551.816657
ECC,M4,cPTAC,Base,CZ16,25.15416666666667,1670002944.944281
ECC,M4,cPTAC,Measure,CZ01,16.715000000000003,921493670.2390908
ECC,M4,cPTAC,Measure,CZ02,25.97041666666667,1504806153.997355
ECC,M4,cPTAC,Measure,CZ03,24.965,1186528564.09669
ECC,M4,cPTAC,Measure,CZ04,32.625416666666666,1914433796.796395
ECC,M4,cPTAC,Measure,CZ05,22.50375,1111656642.471445
ECC,M4,cPTAC,Measure,CZ06,25.29583333333333,1197153901.978686
ECC,M4,cPTAC,Measure,CZ07,25.2725,1618674350.203191
ECC,M4,cPTAC,Measure,CZ08,32.28541666666666,1657370036.7097783
ECC,M4,cPTAC,Measure,CZ09,35.456250000000004,1816895229.988316
ECC,M4,cPTAC,Measure,CZ10,35.55666666666667,1817580838.154767
ECC,M4,cPTAC,Measure,CZ11,36.25708333333334,2070983195.445876
ECC,M4,cPTAC,Measure,CZ12,33.139583333333334,1927929655.8405137
ECC,M4,cPTAC,Measure,CZ13,37.3975,2115608115.3510327
ECC,M4,cPTAC,Measure,CZ14,33.69791666666667,1942904849.9963765
ECC,M4,cPTAC,Measure,CZ15,42.32083333333334,2494390108.539278
ECC,M4,cPTAC,Measure,CZ16,25.15416666666667,1619905906.5854402
ECC,M4,cPVVG,Base,CZ01,16.715000000000003,727361843.870826
ECC,M4,cPVVG,Base,CZ02,25.97041666666667,1333942808.7693117
ECC,M4,cPVVG,Base,CZ03,24.965,975712219.3765008
ECC,M4,cPVVG,Base,CZ04,32.625416666666666,1768624466.1294534
ECC,M4,cPVVG,Base,CZ05,22.50375,888036210.370713
ECC,M4,cPVVG,Base,CZ06,25.29583333333333,1021971927.7502912
ECC,M4,cPVVG,Base,CZ07,25.2725,1396130644.9677658
ECC,M4,cPVVG,Base,CZ08,32.28541666666666,1504999162.3573947
ECC,M4,cPVVG,Base,CZ09,35.456250000000004,1686837480.2609224
ECC,M4,cPVVG,Base,CZ10,35.55666666666667,1679591720.46408
ECC,M4,cPVVG,Base,CZ11,36.25708333333334,1953090526.651284
ECC,M4,cPVVG,Base,CZ12,33.139583333333334,1794301572.1145236
ECC,M4,cPVVG,Base,CZ13,37.3975,2022737442.4884136
ECC,M4,cPVVG,Base,CZ14,33.69791666666667,1810181410.20474
ECC,M4,cPVVG,Base,CZ15,42.32083333333334,2447416364.984427
ECC,M4,cPVVG,Base,CZ16,25.15416666666667,1395408029.1007006
ECC,M4,cPVVG,Measure,CZ01,16.715000000000003,733479974.0738055
ECC,M4,cPVVG,Measure,CZ02,25.97041666666667,1343473942.2783935
ECC,M4,cPVVG,Measure,CZ03,24.965,990381726.6199396
ECC,M4,cPVVG,Measure,CZ04,32.625416666666666,1773526974.465412
ECC,M4,cPVVG,Measure,CZ05,22.50375,901511505.9638362
ECC,M4,cPVVG,Measure,CZ06,25.29583333333333,1011747965.36773
ECC,M4,cPVVG,Measure,CZ07,25.2725,1417643454.4855058
ECC,M4,cPVVG,Measure,CZ08,32.28541666666666,1489071930.1566896
ECC,M4,cPVVG,Measure,CZ09,35.456250000000004,1648394735.724608
ECC,M4,cPVVG,Measure,CZ10,35.55666666666667,1646029219.4868689
ECC,M4,cPVVG,Measure,CZ11,36.25708333333334,1916728809.8611307
ECC,M4,cPVVG,Measure,CZ12,33.139583333333334,1793115707.8009124
ECC,M4,cPVVG,Measure,CZ13,37.3975,1974937740.1946733
ECC,M4,cPVVG,Measure,CZ14,33.69791666666667,1779256402.7143064
ECC,M4,cPVVG,Measure,CZ15,42.32083333333334,2373928418.174275
ECC,M4,cPVVG,Measure,CZ16,25.15416666666667,1390389248.9081268
ECC,M5,cDXGF,Base,CZ01,16.715000000000003,800461069.4398584
ECC,M5,cDXGF,Base,CZ02,25.97041666666667,1299294597.2299864
ECC,M5,cDXGF,Base,CZ03,24.965,962496554.9464364
ECC,M5,cDXGF,Base,CZ04,32.625416666666666,1589128261.5938327
ECC,M5,cDXGF,Base,CZ05,22.50375,886710277.7790884
ECC,M5,cDXGF,Base,CZ06,25.29583333333333,976649839.9320998
ECC,M5,cDXGF,Base,CZ07,25.2725,1405096677.8478746
ECC,M5,cDXGF,Base,CZ08,32.28541666666666,1274599959.17368
ECC,M5,cDXGF,Base,CZ09,35.456250000000004,1376253710.2008886
ECC,M5,cDXGF,Base,CZ10,35.55666666666667,1361911347.3144898
ECC,M5,cDXGF,Base,CZ11,36.25708333333334,1725384018.0141895
ECC,M5,cDXGF,Base,CZ12,33.139583333333334,1632049356.8289783
ECC,M5,cDXGF,Base,CZ13,37.3975,1730702741.6432028
ECC,M5,cDXGF,Base,CZ14,33.69791666666667,1550417123.1296525
ECC,M5,cDXGF,Base,CZ15,42.32083333333334,2073633246.8245373
ECC,M5,cDXGF,Base,CZ16,25.15416666666667,1319858017.7935724
ECC,M5,cDXGF,Measure,CZ01,16.715000000000003,774251065.7561302
ECC,M5,cDXGF,Measure,CZ02,25.97041666666667,1241360548.848848
ECC,M5,cDXGF,Measure,CZ03,24.965,917251811.0890238
ECC,M5,cDXGF,Measure,CZ04,32.625416666666666,1511934130.326759
ECC,M5,cDXGF,Measure,CZ05,22.50375,850149263.7124119
ECC,M5,cDXGF,Measure,CZ06,25.29583333333333,931005266.6909832
ECC,M5,cDXGF,Measure,CZ07,25.2725,1329365056.6096902
ECC,M5,cDXGF,Measure,CZ08,32.28541666666666,1204356694.250307
ECC,M5,cDXGF,Measure,CZ09,35.456250000000004,1292498070.1837518
ECC,M5,cDXGF,Measure,CZ10,35.55666666666667,1280118730.199356
ECC,M5,cDXGF,Measure,CZ11,36.25708333333334,1617411025.463101
ECC,M5,cDXGF,Measure,CZ12,33.139583333333334,1548579594.5421042
ECC,M5,cDXGF,Measure,CZ13,37.3975,1620646156.2587695
ECC,M5,cDXGF,Measure,CZ14,33.69791666666667,1465789949.648052
ECC,M5,cDXGF,Measure,CZ15,42.32083333333334,1938013829.12915
ECC,M5,cDXGF,Measure,CZ16,25.15416666666667,1265189202.115732
ECC,M5,cDXHP,Base,CZ01,16.715000000000003,793415643.0501149
ECC,M5,cDXHP,Base,CZ02,25.97041666666667,1287556829.0118463
ECC,M5,cDXHP,Base,CZ03,24.965,953625056.6589916
ECC,M5,cDXHP,Base,CZ04,32.625416666666666,1567047487.419512
ECC,M5,cDXHP,Base,CZ05,22.50375,877925543.5383854
ECC,M5,cDXHP,Base,CZ06,25.29583333333333,968191538.0167007
ECC,M5,cDXHP,Base,CZ07,25.2725,1385227242.9646378
ECC,M5,cDXHP,Base,CZ08,32.28541666666666,1261790226.893822
ECC,M5,cDXHP,Base,CZ09,35.456250000000004,1359483690.499515
ECC,M5,cDXHP,Base,CZ10,35.55666666666667,1354034368.486969
ECC,M5,cDXHP,Base,CZ11,36.25708333333334,1707452310.470609
ECC,M5,cDXHP,Base,CZ12,33.139583333333334,1614950436.4003017
ECC,M5,cDXHP,Base,CZ13,37.3975,1713734313.4860992
ECC,M5,cDXHP,Base,CZ14,33.69791666666667,1514501850.3645582
ECC,M5,cDXHP,Base,CZ15,42.32083333333334,2072687941.8501463
ECC,M5,cDXHP,Base,CZ16,25.15416666666667,1294673317.73039
ECC,M5,cDXHP,Measure,CZ01,16.715000000000003,765212143.2021697
ECC,M5,cDXHP,Measure,CZ02,25.97041666666667,1228911043.342765
ECC,M5,cDXHP,Measure,CZ03,24.965,907221153.4405304
ECC,M5,cDXHP,Measure,CZ04,32.625416666666666,1490145308.2347765
ECC,M5,cDXHP,Measure,CZ05,22.50375,840138344.3935301
ECC,M5,cDXHP,Measure,CZ06,25.29583333333333,921322905.733634
ECC,M5,cDXHP,Measure,CZ07,25.2725,1308478617.1554415
ECC,M5,cDXHP,Measure,CZ08,32.28541666666666,1192066152.7804422
ECC,M5,cDXHP,Measure,CZ09,35.456250000000004,1277039784.4023285
ECC,M5,cDXHP,Measure,CZ10,35.55666666666667,1272799478.2440908
ECC,M5,cDXHP,Measure,CZ11,36.25708333333334,1600051041.7704449
ECC,M5,cDXHP,Measure,CZ12,33.139583333333334,1531544497.314392
ECC,M5,cDXHP,Measure,CZ13,37.3975,1604678459.704415
ECC,M5,cDXHP,Measure,CZ14,33.69791666666667,1431947137.603199
ECC,M5,cDXHP,Measure,CZ15,42.32083333333334,1937145147.0639656
ECC,M5,cDXHP,Measure,CZ16,25.15416666666667,1239082520.5805027
ECC,M5,cPTAC,Base,CZ01,16.715000000000003,800050495.2044647
ECC,M5,cPTAC,Base,CZ02,25.97041666666667,1299294597.2234323
ECC,M5,cPTAC,Base,CZ03,24.965,962495844.718724
ECC,M5,cPTAC,Base,CZ04,32.625416666666666,1589128261.5945516
ECC,M5,cPTAC,Base,CZ05,22.50375,886709460.0921192
ECC,M5,cPTAC,Base,CZ06,25.29583333333333,976649839.8832452
ECC,M5,cPTAC,Base,CZ07,25.2725,1405096677.836533
ECC,M5,cPTAC,Base,CZ08,32.28541666666666,1274593361.3099706
ECC,M5,cPTAC,Base,CZ09,35.456250000000004,1376253724.8148642
ECC,M5,cPTAC,Base,CZ10,35.55666666666667,1361908093.250116
ECC,M5,cPTAC,Base,CZ11,36.25708333333334,1725384018.0140507
ECC,M5,cPTAC,Base,CZ12,33.139583333333334,1632049356.8199973
ECC,M5,cPTAC,Base,CZ13,37.3975,1730702741.6512191
ECC,M5,cPTAC,Base,CZ14,33.69791666666667,1550414436.788592
ECC,M5,cPTAC,Base,CZ15,42.32083333333334,2073633246.8487167
ECC,M5,cPTAC,Base,CZ16,25.15416666666667,1319858013.8571815
ECC,M5,cPTAC,Measure,CZ01,16.715000000000003,773888417.4967043
ECC,M5,cPTAC,Measure,CZ02,25.97041666666667,1241360548.839298
ECC,M5,cPTAC,Measure,CZ03,24.965,917251811.0882992
ECC,M5,cPTAC,Measure,CZ04,32.625416666666666,1511934130.3252282
ECC,M5,cPTAC,Measure,CZ05,22.50375,850148510.9836171
ECC,M5,cPTAC,Measure,CZ06,25.29583333333333,931005266.6042932
ECC,M5,cPTAC,Measure,CZ07,25.2725,1329365056.6058996
ECC,M5,cPTAC,Measure,CZ08,32.28541666666666,1204356694.6674752
ECC,M5,cPTAC,Measure,CZ09,35.456250000000004,1292498069.0791757
ECC,M5,cPTAC,Measure,CZ10,35.55666666666667,1280117177.6448126
ECC,M5,cPTAC,Measure,CZ11,36.25708333333334,1617411025.4768083
ECC,M5,cPTAC,Measure,CZ12,33.139583333333334,1548579594.5407286
ECC,M5,cPTAC,Measure,CZ13,37.3975,1620646156.252283
ECC,M5,cPTAC,Measure,CZ14,33.69791666666667,1465789949.637958
ECC,M5,cPTAC,Measure,CZ15,42.32083333333334,1938013829.1230104
ECC,M5,cPTAC,Measure,CZ16,25.15416666666667,1265189191.8240428
ECC,M5,cPVVG,Base,CZ01,16.715000000000003,788785650.4561913
ECC,M5,cPVVG,Base,CZ02,25.97041666666667,1282263666.7211015
ECC,M5,cPVVG,Base,CZ03,24.965,946712146.6794088
ECC,M5,cPVVG,Base,CZ04,32.625416666666666,1569861385.3243265
ECC,M5,cPVVG,Base,CZ05,22.50375,872395176.885103
ECC,M5,cPVVG,Base,CZ06,25.29583333333333,960457507.8687464
ECC,M5,cPVVG,Base,CZ07,25.2725,1382253126.4660134
ECC,M5,cPVVG,Base,CZ08,32.28541666666666,1255600696.1244218
ECC,M5,cPVVG,Base,CZ09,35.456250000000004,1355499431.8388133
ECC,M5,cPVVG,Base,CZ10,35.55666666666667,1341583003.9840257
ECC,M5,cPVVG,Base,CZ11,36.25708333333334,1701782290.6309998
ECC,M5,cPVVG,Base,CZ12,33.139583333333334,1612672827.920816
ECC,M5,cPVVG,Base,CZ13,37.3975,1706863733.9128425
ECC,M5,cPVVG,Base,CZ14,33.69791666666667,1528001618.7793045
ECC,M5,cPVVG,Base,CZ15,42.32083333333334,2050881960.3865125
ECC,M5,cPVVG,Base,CZ16,25.15416666666667,1298370334.8626237
ECC,M5,cPVVG,Measure,CZ01,16.715000000000003,762944729.7619898
ECC,M5,cPVVG,Measure,CZ02,25.97041666666667,1224990087.888009
ECC,M5,cPVVG,Measure,CZ03,24.965,902146933.7940032
ECC,M5,cPVVG,Measure,CZ04,32.625416666666666,1493539112.9953454
ECC,M5,cPVVG,Measure,CZ05,22.50375,836433220.9925072
ECC,M5,cPVVG,Measure,CZ06,25.29583333333333,915514975.6930996
ECC,M5,cPVVG,Measure,CZ07,25.2725,1307327229.1385808
ECC,M5,cPVVG,Measure,CZ08,32.28541666666666,1186475769.1051009
ECC,M5,cPVVG,Measure,CZ09,35.456250000000004,1273257344.0812626
ECC,M5,cPVVG,Measure,CZ10,35.55666666666667,1261142369.437662
ECC,M5,cPVVG,Measure,CZ11,36.25708333333334,1595816545.5973148
ECC,M5,cPVVG,Measure,CZ12,33.139583333333334,1530156738.6907358
ECC,M5,cPVVG,Measure,CZ13,37.3975,1598901135.7723036
ECC,M5,cPVVG,Measure,CZ14,33.69791666666667,1445096767.7346833
ECC,M5,cPVVG,Measure,CZ15,42.32083333333334,1916983925.0775487
ECC,M5,cPVVG,Measure,CZ16,25.15416666666667,1244729315.543952
ERC,M1,cDXGF,Base,CZ01,16.715000000000003,5141072.066934358
ERC,M1,cDXGF,Base,CZ02,25.97041666666667,8720580.474710368
ERC,M1,cDXGF,Base,CZ03,24.965,7071341.331041782
ERC,M1,cDXGF,Base,CZ04,32.625416666666666,11575299.10509671
ERC,M1,cDXGF,Base,CZ05,22.50375,6534762.917346932
ERC,M1,cDXGF,Base,CZ06,25.29583333333333,7951292.918423409
ERC,M1,cDXGF,Base,CZ07,25.2725,10306580.879308064
ERC,M1,cDXGF,Base,CZ08,32.28541666666666,11608206.876817506
ERC,M1,cDXGF,Base,CZ09,35.456250000000004,12918347.027737504
ERC,M1,cDXGF,Base,CZ10,35.55666666666667,12431853.298445746
ERC,M1,cDXGF,Base,CZ11,36.25708333333334,14150535.192435997
ERC,M1,cDXGF,Base,CZ12,33.139583333333334,11729833.169589922
ERC,M1,cDXGF,Base,CZ13,37.3975,14732479.495910592
ERC,M1,cDXGF,Base,CZ14,33.69791666666667,13052434.868886093
ERC,M1,cDXGF,Base,CZ15,42.32083333333334,17371959.353480477
ERC,M1,cDXGF,Base,CZ16,25.15416666666667,9504094.887699164
ERC,M1,cDXGF,Measure,CZ01,16.715000000000003,4535058.434307694
ERC,M1,cDXGF,Measure,CZ02,25.97041666666667,8039216.35047662
ERC,M1,cDXGF,Measure,CZ03,24.965,6659374.377991472
ERC,M1,cDXGF,Measure,CZ04,32.625416666666666,11335127.06679289
ERC,M1,cDXGF,Measure,CZ05,22.50375,6089501.832495557
ERC,M1,cDXGF,Measure,CZ06,25.29583333333333,7392632.939485481
ERC,M1,cDXGF,Measure,CZ07,25.2725,10311503.561844751
ERC,M1,cDXGF,Measure,CZ08,32.28541666666666,11201864.644378854
ERC,M1,cDXGF,Measure,CZ09,35.456250000000004,12341001.762751505
ERC,M1,cDXGF,Measure,CZ10,35.55666666666667,11946214.65031322
ERC,M1,cDXGF,Measure,CZ11,36.25708333333334,13673319.07415186
ERC,M1,cDXGF,Measure,CZ12,33.139583333333334,11486306.461243022
ERC,M1,cDXGF,Measure,CZ13,37.3975,14217425.380656108
ERC,M1,cDXGF,Measure,CZ14,33.69791666666667,12548966.195449475
ERC,M1,cDXGF,Measure,CZ15,42.32083333333334,16804278.282656804
ERC,M1,cDXGF,Measure,CZ16,25.15416666666667,9210261.59091109
ERC,M1,cDXHP,Base,CZ01,16.715000000000003,5157326.841334075
ERC,M1,cDXHP,Base,CZ02,25.97041666666667,8760763.297623388
ERC,M1,cDXHP,Base,CZ03,24.965,7103282.523008147
ERC,M1,cDXHP,Base,CZ04,32.625416666666666,11684779.974568116
ERC,M1,cDXHP,Base,CZ05,22.50375,6561098.622327567
ERC,M1,cDXHP,Base,CZ06,25.29583333333333,7982010.367306756
ERC,M1,cDXHP,Base,CZ07,25.2725,10078953.217193628
ERC,M1,cDXHP,Base,CZ08,32.28541666666666,11667511.689468656
ERC,M1,cDXHP,Base,CZ09,35.456250000000004,12975021.356738746
ERC,M1,cDXHP,Base,CZ10,35.55666666666667,12458823.77657824
ERC,M1,cDXHP,Base,CZ11,36.25708333333334,14162317.480897697
ERC,M1,cDXHP,Base,CZ12,33.139583333333334,11809137.032497574
ERC,M1,cDXHP,Base,CZ13,37.3975,14789759.363889825
ERC,M1,cDXHP,Base,CZ14,33.69791666666667,13150658.207661623
ERC,M1,cDXHP,Base,CZ15,42.32083333333334,17371959.353480544
ERC,M1,cDXHP,Base,CZ16,25.15416666666667,9562321.468016896
ERC,M1,cDXHP,Measure,CZ01,16.715000000000003,4545365.951162563
ERC,M1,cDXHP,Measure,CZ02,25.97041666666667,8069437.174874882
ERC,M1,cDXHP,Measure,CZ03,24.965,6689964.83408437
ERC,M1,cDXHP,Measure,CZ04,32.625416666666666,11447004.078532703
ERC,M1,cDXHP,Measure,CZ05,22.50375,6116669.064015499
ERC,M1,cDXHP,Measure,CZ06,25.29583333333333,7422436.49209421
ERC,M1,cDXHP,Measure,CZ07,25.2725,10083281.384217674
ERC,M1,cDXHP,Measure,CZ08,32.28541666666666,11260030.106818236
ERC,M1,cDXHP,Measure,CZ09,35.456250000000004,12395502.950834196
ERC,M1,cDXHP,Measure,CZ10,35.55666666666667,11972454.685398776
ERC,M1,cDXHP,Measure,CZ11,36.25708333333334,13684634.83103687
ERC,M1,cDXHP,Measure,CZ12,33.139583333333334,11567101.90095051
ERC,M1,cDXHP,Measure,CZ13,37.3975,14273821.229933765
ERC,M1,cDXHP,Measure,CZ14,33.69791666666667,12645379.787940867
ERC,M1,cDXHP,Measure,CZ15,42.32083333333334,16804278.282657012
ERC,M1,cDXHP,Measure,CZ16,25.15416666666667,9268255.47020986
ERC,M1,cPTAC,Base,CZ01,16.715000000000003,5129074.151683686
ERC,M1,cPTAC,Base,CZ02,25.97041666666667,8719918.287324077
ERC,M1,cPTAC,Base,CZ03,24.965,7064568.144413129
ERC,M1,cPTAC,Base,CZ04,32.625416666666666,11575294.34535237
ERC,M1,cPTAC,Base,CZ05,22.50375,6521319.176390027
ERC,M1,cPTAC,Base,CZ06,25.29583333333333,7951292.918422848
ERC,M1,cPTAC,Base,CZ07,25.2725,10306580.879307948
ERC,M1,cPTAC,Base,CZ08,32.28541666666666,11608206.870826896
ERC,M1,cPTAC,Base,CZ09,35.456250000000004,12918347.011849027
ERC,M1,cPTAC,Base,CZ10,35.55666666666667,12431853.253081976
ERC,M1,cPTAC,Base,CZ11,36.25708333333334,14150535.165182903
ERC,M1,cPTAC,Base,CZ12,33.139583333333334,11729833.169590635
ERC,M1,cPTAC,Base,CZ13,37.3975,14732479.495909598
ERC,M1,cPTAC,Base,CZ14,33.69791666666667,13052434.868882615
ERC,M1,cPTAC,Base,CZ15,42.32083333333334,17371959.35347994
ERC,M1,cPTAC,Base,CZ16,25.15416666666667,9504078.039730094
ERC,M1,cPTAC,Measure,CZ01,16.715000000000003,4523731.775686405
ERC,M1,cPTAC,Measure,CZ02,25.97041666666667,8039168.7116089985
ERC,M1,cPTAC,Measure,CZ03,24.965,6655790.500815087
ERC,M1,cPTAC,Measure,CZ04,32.625416666666666,11335127.066792233
ERC,M1,cPTAC,Measure,CZ05,22.50375,6080794.526385258
ERC,M1,cPTAC,Measure,CZ06,25.29583333333333,7392632.939484816
ERC,M1,cPTAC,Measure,CZ07,25.2725,10311503.561843963
ERC,M1,cPTAC,Measure,CZ08,32.28541666666666,11201864.638241852
ERC,M1,cPTAC,Measure,CZ09,35.456250000000004,12341001.740207173
ERC,M1,cPTAC,Measure,CZ10,35.55666666666667,11946214.563818214
ERC,M1,cPTAC,Measure,CZ11,36.25708333333334,13673319.074150763
ERC,M1,cPTAC,Measure,CZ12,33.139583333333334,11486306.461242037
ERC,M1,cPTAC,Measure,CZ13,37.3975,14217425.380654518
ERC,M1,cPTAC,Measure,CZ14,33.69791666666667,12548966.195444036
ERC,M1,cPTAC,Measure,CZ15,42.32083333333334,16804278.282657392
ERC,M1,cPTAC,Measure,CZ16,25.15416666666667,9210242.218179284
ERC,M1,cPVVG,Base,CZ01,16.715000000000003,3538046.071440509
ERC,M1,cPVVG,Base,CZ02,25.97041666666667,7011768.292879844
ERC,M1,cPVVG,Base,CZ03,24.965,5325209.693576254
ERC,M1,cPVVG,Base,CZ04,32.625416666666666,9876620.007077396
ERC,M1,cPVVG,Base,CZ05,22.50375,4680432.708568201
ERC,M1,cPVVG,Base,CZ06,25.29583333333333,5967134.574367491
ERC,M1,cPVVG,Base,CZ07,25.2725,8538434.77178428
ERC,M1,cPVVG,Base,CZ08,32.28541666666666,9948634.069479138
ERC,M1,cPVVG,Base,CZ09,35.456250000000004,11361335.6466254
ERC,M1,cPVVG,Base,CZ10,35.55666666666667,10822877.216304988
ERC,M1,cPVVG,Base,CZ11,36.25708333333334,12691868.20342714
ERC,M1,cPVVG,Base,CZ12,33.139583333333334,10135097.414535154
ERC,M1,cPVVG,Base,CZ13,37.3975,13390433.559788808
ERC,M1,cPVVG,Base,CZ14,33.69791666666667,11508873.520287331
ERC,M1,cPVVG,Base,CZ15,42.32083333333334,16089732.5430294
ERC,M1,cPVVG,Base,CZ16,25.15416666666667,7466305.761390171
ERC,M1,cPVVG,Measure,CZ01,16.715000000000003,3356732.368755716
ERC,M1,cPVVG,Measure,CZ02,25.97041666666667,6938534.6534932
ERC,M1,cPVVG,Measure,CZ03,24.965,5301489.108974056
ERC,M1,cPVVG,Measure,CZ04,32.625416666666666,9977896.242700694
ERC,M1,cPVVG,Measure,CZ05,22.50375,4581227.103876604
ERC,M1,cPVVG,Measure,CZ06,25.29583333333333,5846688.238295071
ERC,M1,cPVVG,Measure,CZ07,25.2725,8642966.55152389
ERC,M1,cPVVG,Measure,CZ08,32.28541666666666,9816542.861456716
ERC,M1,cPVVG,Measure,CZ09,35.456250000000004,11044251.400845274
ERC,M1,cPVVG,Measure,CZ10,35.55666666666667,10612682.900877692
ERC,M1,cPVVG,Measure,CZ11,36.25708333333334,12417845.120701412
ERC,M1,cPVVG,Measure,CZ12,33.139583333333334,10205475.03420461
ERC,M1,cPVVG,Measure,CZ13,37.3975,13055117.66831283
ERC,M1,cPVVG,Measure,CZ14,33.69791666666667,11223809.331046674
ERC,M1,cPVVG,Measure,CZ15,42.32083333333334,15668226.880603936
ERC,M1,cPVVG,Measure,CZ16,25.15416666666667,7418708.403016603
ERC,M2,cDXGF,Base,CZ01,16.715000000000003,6191284.084246133
ERC,M2,cDXGF,Base,CZ02,25.97041666666667,8904505.636900174
ERC,M2,cDXGF,Base,CZ03,24.965,7749221.701943407
ERC,M2,cDXGF,Base,CZ04,32.625416666666666,10354692.204774324
ERC,M2,cDXGF,Base,CZ05,22.50375,7538023.248191863
ERC,M2,cDXGF,Base,CZ06,25.29583333333333,8352673.867375857
ERC,M2,cDXGF,Base,CZ07,25.2725,9934004.253196403
ERC,M2,cDXGF,Base,CZ08,32.28541666666666,10346552.516698666
ERC,M2,cDXGF,Base,CZ09,35.456250000000004,10850909.0029557
ERC,M2,cDXGF,Base,CZ10,35.55666666666667,10272181.976139404
ERC,M2,cDXGF,Base,CZ11,36.25708333333334,11780105.20944203
ERC,M2,cDXGF,Base,CZ12,33.139583333333334,10370233.056303997
ERC,M2,cDXGF,Base,CZ13,37.3975,12086747.92495728
ERC,M2,cDXGF,Base,CZ14,33.69791666666667,11364935.024154007
ERC,M2,cDXGF,Base,CZ15,42.32083333333334,13151323.32570501
ERC,M2,cDXGF,Base,CZ16,25.15416666666667,9849048.424886476
ERC,M2,cDXGF,Measure,CZ01,16.715000000000003,5453499.545955753
ERC,M2,cDXGF,Measure,CZ02,25.97041666666667,7821215.169910935
ERC,M2,cDXGF,Measure,CZ03,24.965,7062245.431525506
ERC,M2,cDXGF,Measure,CZ04,32.625416666666666,9873896.443929676
ERC,M2,cDXGF,Measure,CZ05,22.50375,6837784.629189659
ERC,M2,cDXGF,Measure,CZ06,25.29583333333333,7617706.404109055
ERC,M2,cDXGF,Measure,CZ07,25.2725,9833629.232044306
ERC,M2,cDXGF,Measure,CZ08,32.28541666666666,9818994.54648378
ERC,M2,cDXGF,Measure,CZ09,35.456250000000004,10279160.543109693
ERC,M2,cDXGF,Measure,CZ10,35.55666666666667,9746059.6099189
ERC,M2,cDXGF,Measure,CZ11,36.25708333333334,11457425.279530048
ERC,M2,cDXGF,Measure,CZ12,33.139583333333334,9933171.915941589
ERC,M2,cDXGF,Measure,CZ13,37.3975,11788424.512483545
ERC,M2,cDXGF,Measure,CZ14,33.69791666666667,10957562.363630405
ERC,M2,cDXGF,Measure,CZ15,42.32083333333334,12802335.934704997
ERC,M2,cDXGF,Measure,CZ16,25.15416666666667,9493204.775933089
ERC,M2,cDXHP,Base,CZ01,16.715000000000003,6143539.586939677
ERC,M2,cDXHP,Base,CZ02,25.97041666666667,8849782.76250566
ERC,M2,cDXHP,Base,CZ03,24.965,7689698.898166264
ERC,M2,cDXHP,Base,CZ04,32.625416666666666,10288407.554689895
ERC,M2,cDXHP,Base,CZ05,22.50375,7490915.254986637
ERC,M2,cDXHP,Base,CZ06,25.29583333333333,8317460.515503598
ERC,M2,cDXHP,Base,CZ07,25.2725,9891621.548298407
ERC,M2,cDXHP,Base,CZ08,32.28541666666666,10320328.686089192
ERC,M2,cDXHP,Base,CZ09,35.456250000000004,10829494.471294854
ERC,M2,cDXHP,Base,CZ10,35.55666666666667,10258849.285507863
ERC,M2,cDXHP,Base,CZ11,36.25708333333334,11752147.607954431
ERC,M2,cDXHP,Base,CZ12,33.139583333333334,10330966.92345483
ERC,M2,cDXHP,Base,CZ13,37.3975,12072127.558295926
ERC,M2,cDXHP,Base,CZ14,33.69791666666667,11330522.44579626
ERC,M2,cDXHP,Base,CZ15,42.32083333333334,13151323.325704897
ERC,M2,cDXHP,Base,CZ16,25.15416666666667,9837213.510091744
ERC,M2,cDXHP,Measure,CZ01,16.715000000000003,5404715.440292681
ERC,M2,cDXHP,Measure,CZ02,25.97041666666667,7765172.533444388
ERC,M2,cDXHP,Measure,CZ03,24.965,7002563.957040627
ERC,M2,cDXHP,Measure,CZ04,32.625416666666666,9807521.538405206
ERC,M2,cDXHP,Measure,CZ05,22.50375,6791420.294354664
ERC,M2,cDXHP,Measure,CZ06,25.29583333333333,7582025.611007437
ERC,M2,cDXHP,Measure,CZ07,25.2725,9789871.963954818
ERC,M2,cDXHP,Measure,CZ08,32.28541666666666,9792616.982707456
ERC,M2,cDXHP,Measure,CZ09,35.456250000000004,10257920.045936547
ERC,M2,cDXHP,Measure,CZ10,35.55666666666667,9732909.77671258
ERC,M2,cDXHP,Measure,CZ11,36.25708333333334,11437532.537901033
ERC,M2,cDXHP,Measure,CZ12,33.139583333333334,9894259.5696948
ERC,M2,cDXHP,Measure,CZ13,37.3975,11782039.43667758
ERC,M2,cDXHP,Measure,CZ14,33.69791666666667,10923001.36669126
ERC,M2,cDXHP,Measure,CZ15,42.32083333333334,12802335.934704918
ERC,M2,cDXHP,Measure,CZ16,25.15416666666667,9482148.0988174
ERC,M2,cPTAC,Base,CZ01,16.715000000000003,6191284.084244762
ERC,M2,cPTAC,Base,CZ02,25.97041666666667,8904505.636901382
ERC,M2,cPTAC,Base,CZ03,24.965,7749221.701943986
ERC,M2,cPTAC,Base,CZ04,32.625416666666666,10354692.204774454
ERC,M2,cPTAC,Base,CZ05,22.50375,7538023.248189862
ERC,M2,cPTAC,Base,CZ06,25.29583333333333,8352673.867375906
ERC,M2,cPTAC,Base,CZ07,25.2725,9934004.253196372
ERC,M2,cPTAC,Base,CZ08,32.28541666666666,10346552.516698636
ERC,M2,cPTAC,Base,CZ09,35.456250000000004,10850909.002955835
ERC,M2,cPTAC,Base,CZ10,35.55666666666667,10272181.97613933
ERC,M2,cPTAC,Base,CZ11,36.25708333333334,11780105.20944231
ERC,M2,cPTAC,Base,CZ12,33.139583333333334,10370233.056303771
ERC,M2,cPTAC,Base,CZ13,37.3975,12086747.92495836
ERC,M2,cPTAC,Base,CZ14,33.69791666666667,11364935.024153784
ERC,M2,cPTAC,Base,CZ15,42.32083333333334,13151323.325704897
ERC,M2,cPTAC,Base,CZ16,25.15416666666667,9849048.424887571
ERC,M2,cPTAC,Measure,CZ01,16.715000000000003,5452548.92754438
ERC,M2,cPTAC,Measure,CZ02,25.97041666666667,7821215.16991115
ERC,M2,cPTAC,Measure,CZ03,24.965,7062245.431525949
ERC,M2,cPTAC,Measure,CZ04,32.625416666666666,9873896.443929313
ERC,M2,cPTAC,Measure,CZ05,22.50375,6837781.590906927
ERC,M2,cPTAC,Measure,CZ06,25.29583333333333,7617706.404109179
ERC,M2,cPTAC,Measure,CZ07,25.2725,9833629.232042778
ERC,M2,cPTAC,Measure,CZ08,32.28541666666666,9818994.54648391
ERC,M2,cPTAC,Measure,CZ09,35.456250000000004,10279160.543049503
ERC,M2,cPTAC,Measure,CZ10,35.55666666666667,9746059.607431656
ERC,M2,cPTAC,Measure,CZ11,36.25708333333334,11457425.279529342
ERC,M2,cPTAC,Measure,CZ12,33.139583333333334,9933171.915940922
ERC,M2,cPTAC,Measure,CZ13,37.3975,11788424.51248393
ERC,M2,cPTAC,Measure,CZ14,33.69791666666667,10957562.363629844
ERC,M2,cPTAC,Measure,CZ15,42.32083333333334,12802335.934703773
ERC,M2,cPTAC,Measure,CZ16,25.15416666666667,9493204.466580486
ERC,M2,cPVVG,Base,CZ01,16.715000000000003,4460184.177708643
ERC,M2,cPVVG,Base,CZ02,25.97041666666667,6921228.332010839
ERC,M2,cPVVG,Base,CZ03,24.965,5867374.880996672
ERC,M2,cPVVG,Base,CZ04,32.625416666666666,8287506.302012182
ERC,M2,cPVVG,Base,CZ05,22.50375,5523440.827185839
ERC,M2,cPVVG,Base,CZ06,25.29583333333333,6325039.039151897
ERC,M2,cPVVG,Base,CZ07,25.2725,8197957.462359101
ERC,M2,cPVVG,Base,CZ08,32.28541666666666,8266546.032177435
ERC,M2,cPVVG,Base,CZ09,35.456250000000004,8674673.657905139
ERC,M2,cPVVG,Base,CZ10,35.55666666666667,8125384.175719481
ERC,M2,cPVVG,Base,CZ11,36.25708333333334,9834034.788351558
ERC,M2,cPVVG,Base,CZ12,33.139583333333334,8454748.628646538
ERC,M2,cPVVG,Base,CZ13,37.3975,10163943.222941136
ERC,M2,cPVVG,Base,CZ14,33.69791666666667,9283596.34663719
ERC,M2,cPVVG,Base,CZ15,42.32083333333334,11103733.13177785
ERC,M2,cPVVG,Base,CZ16,25.15416666666667,7840120.271077767
ERC,M2,cPVVG,Measure,CZ01,16.715000000000003,4187294.681307393
ERC,M2,cPVVG,Measure,CZ02,25.97041666666667,6563618.368774438
ERC,M2,cPVVG,Measure,CZ03,24.965,5605034.358834142
ERC,M2,cPVVG,Measure,CZ04,32.625416666666666,8052886.430316403
ERC,M2,cPVVG,Measure,CZ05,22.50375,5255257.50642245
ERC,M2,cPVVG,Measure,CZ06,25.29583333333333,6027131.573182944
ERC,M2,cPVVG,Measure,CZ07,25.2725,8135402.202972008
ERC,M2,cPVVG,Measure,CZ08,32.28541666666666,7991278.010505442
ERC,M2,cPVVG,Measure,CZ09,35.456250000000004,8361311.172666007
ERC,M2,cPVVG,Measure,CZ10,35.55666666666667,7852388.540553078
ERC,M2,cPVVG,Measure,CZ11,36.25708333333334,9687635.406190597
ERC,M2,cPVVG,Measure,CZ12,33.139583333333334,8229635.013456659
ERC,M2,cPVVG,Measure,CZ13,37.3975,10048296.533517873
ERC,M2,cPVVG,Measure,CZ14,33.69791666666667,9072015.981768806
ERC,M2,cPVVG,Measure,CZ15,42.32083333333334,10937403.895940254
ERC,M2,cPVVG,Measure,CZ16,25.15416666666667,7659034.903186009
ERC,M3,cDXGF,Base,CZ01,16.715000000000003,3773060.721939393
ERC,M3,cDXGF,Base,CZ02,25.97041666666667,6340631.367290497
ERC,M3,cDXGF,Base,CZ03,24.965,5167916.43969052
ERC,M3,cDXGF,Base,CZ04,32.625416666666666,7720547.484135926
ERC,M3,cDXGF,Base,CZ05,22.50375,4742148.568479615
ERC,M3,cDXGF,Base,CZ06,25.29583333333333,5539172.314644573
ERC,M3,cDXGF,Base,CZ07,25.2725,7707660.90990686
ERC,M3,cDXGF,Base,CZ08,32.28541666666666,7649491.065327525
ERC,M3,cDXGF,Base,CZ09,35.456250000000004,8056508.218190358
ERC,M3,cDXGF,Base,CZ10,35.55666666666667,7528636.872791912
ERC,M3,cDXGF,Base,CZ11,36.25708333333334,9446375.47171462
ERC,M3,cDXGF,Base,CZ12,33.139583333333334,7912680.381491752
ERC,M3,cDXGF,Base,CZ13,37.3975,9827878.25745115
ERC,M3,cDXGF,Base,CZ14,33.69791666666667,8815941.039050018
ERC,M3,cDXGF,Base,CZ15,42.32083333333334,10803211.765826955
ERC,M3,cDXGF,Base,CZ16,25.15416666666667,7119703.548948054
ERC,M3,cDXGF,Measure,CZ01,16.715000000000003,3573124.408221855
ERC,M3,cDXGF,Measure,CZ02,25.97041666666667,5736034.246976462
ERC,M3,cDXGF,Measure,CZ03,24.965,4745874.7324800845
ERC,M3,cDXGF,Measure,CZ04,32.625416666666666,6852361.248916049
ERC,M3,cDXGF,Measure,CZ05,22.50375,4393913.402377514
ERC,M3,cDXGF,Measure,CZ06,25.29583333333333,5063292.425608863
ERC,M3,cDXGF,Measure,CZ07,25.2725,7017273.75462569
ERC,M3,cDXGF,Measure,CZ08,32.28541666666666,6760332.639788459
ERC,M3,cDXGF,Measure,CZ09,35.456250000000004,7065679.577434376
ERC,M3,cDXGF,Measure,CZ10,35.55666666666667,6650385.138049763
ERC,M3,cDXGF,Measure,CZ11,36.25708333333334,8263016.551128307
ERC,M3,cDXGF,Measure,CZ12,33.139583333333334,7001335.025665916
ERC,M3,cDXGF,Measure,CZ13,37.3975,8567176.469896277
ERC,M3,cDXGF,Measure,CZ14,33.69791666666667,7744081.865945645
ERC,M3,cDXGF,Measure,CZ15,42.32083333333334,9344187.523094907
ERC,M3,cDXGF,Measure,CZ16,25.15416666666667,6417268.911996201
ERC,M3,cDXHP,Base,CZ01,16.715000000000003,3620487.615963189
ERC,M3,cDXHP,Base,CZ02,25.97041666666667,6194300.012851011
ERC,M3,cDXHP,Base,CZ03,24.965,5011717.308618095
ERC,M3,cDXHP,Base,CZ04,32.625416666666666,7582466.321666062
ERC,M3,cDXHP,Base,CZ05,22.50375,4547490.9202467
ERC,M3,cDXHP,Base,CZ06,25.29583333333333,5365778.835645884
ERC,M3,cDXHP,Base,CZ07,25.2725,7537154.141444078
ERC,M3,cDXHP,Base,CZ08,32.28541666666666,7566460.200667112
ERC,M3,cDXHP,Base,CZ09,35.456250000000004,7996430.340363587
ERC,M3,cDXHP,Base,CZ10,35.55666666666667,7506063.776041121
ERC,M3,cDXHP,Base,CZ11,36.25708333333334,9361670.079034887
ERC,M3,cDXHP,Base,CZ12,33.139583333333334,7817154.564270666
ERC,M3,cDXHP,Base,CZ13,37.3975,9775437.869050505
ERC,M3,cDXHP,Base,CZ14,33.69791666666667,8687061.934273783
ERC,M3,cDXHP,Base,CZ15,42.32083333333334,10803211.765826823
ERC,M3,cDXHP,Base,CZ16,25.15416666666667,6752402.969953612
ERC,M3,cDXHP,Measure,CZ01,16.715000000000003,3421765.153955291
ERC,M3,cDXHP,Measure,CZ02,25.97041666666667,5582749.124643728
ERC,M3,cDXHP,Measure,CZ03,24.965,4586341.467137857
ERC,M3,cDXHP,Measure,CZ04,32.625416666666666,6704443.015233461
ERC,M3,cDXHP,Measure,CZ05,22.50375,4199254.545717629
ERC,M3,cDXHP,Measure,CZ06,25.29583333333333,4890834.465165574
ERC,M3,cDXHP,Measure,CZ07,25.2725,6843311.890369651
ERC,M3,cDXHP,Measure,CZ08,32.28541666666666,6675104.212231157
ERC,M3,cDXHP,Measure,CZ09,35.456250000000004,7004243.230848463
ERC,M3,cDXHP,Measure,CZ10,35.55666666666667,6626386.118454391
ERC,M3,cDXHP,Measure,CZ11,36.25708333333334,8171179.077987072
ERC,M3,cDXHP,Measure,CZ12,33.139583333333334,6897693.168022275
ERC,M3,cDXHP,Measure,CZ13,37.3975,8511259.35045504
ERC,M3,cDXHP,Measure,CZ14,33.69791666666667,7612070.479288306
ERC,M3,cDXHP,Measure,CZ15,42.32083333333334,9344187.52309541
ERC,M3,cDXHP,Measure,CZ16,25.15416666666667,6058511.82096394
ERC,M3,cPTAC,Base,CZ01,16.715000000000003,3768106.234645491
ERC,M3,cPTAC,Base,CZ02,25.97041666666667,6340631.367335409
ERC,M3,cPTAC,Base,CZ03,24.965,5167916.436157202
ERC,M3,cPTAC,Base,CZ04,32.625416666666666,7720547.484135622
ERC,M3,cPTAC,Base,CZ05,22.50375,4740701.994928179
ERC,M3,cPTAC,Base,CZ06,25.29583333333333,5539172.314645078
ERC,M3,cPTAC,Base,CZ07,25.2725,7707660.909904107
ERC,M3,cPTAC,Base,CZ08,32.28541666666666,7649491.06532745
ERC,M3,cPTAC,Base,CZ09,35.456250000000004,8056508.2165673245
ERC,M3,cPTAC,Base,CZ10,35.55666666666667,7528636.855382504
ERC,M3,cPTAC,Base,CZ11,36.25708333333334,9446375.47171428
ERC,M3,cPTAC,Base,CZ12,33.139583333333334,7912680.381490618
ERC,M3,cPTAC,Base,CZ13,37.3975,9827878.257450685
ERC,M3,cPTAC,Base,CZ14,33.69791666666667,8815941.039049331
ERC,M3,cPTAC,Base,CZ15,42.32083333333334,10803211.765824392
ERC,M3,cPTAC,Base,CZ16,25.15416666666667,7119701.512840837
ERC,M3,cPTAC,Measure,CZ01,16.715000000000003,3568863.19624444
ERC,M3,cPTAC,Measure,CZ02,25.97041666666667,5736034.246986143
ERC,M3,cPTAC,Measure,CZ03,24.965,4745874.729321444
ERC,M3,cPTAC,Measure,CZ04,32.625416666666666,6852361.248916396
ERC,M3,cPTAC,Measure,CZ05,22.50375,4392470.571128053
ERC,M3,cPTAC,Measure,CZ06,25.29583333333333,5063292.425609292
ERC,M3,cPTAC,Measure,CZ07,25.2725,7017273.754624483
ERC,M3,cPTAC,Measure,CZ08,32.28541666666666,6760332.639787894
ERC,M3,cPTAC,Measure,CZ09,35.456250000000004,7065679.576013502
ERC,M3,cPTAC,Measure,CZ10,35.55666666666667,6650385.121265687
ERC,M3,cPTAC,Measure,CZ11,36.25708333333334,8263016.551122706
ERC,M3,cPTAC,Measure,CZ12,33.139583333333334,7001335.025666069
ERC,M3,cPTAC,Measure,CZ13,37.3975,8567176.469896091
ERC,M3,cPTAC,Measure,CZ14,33.69791666666667,7744081.8659481825
ERC,M3,cPTAC,Measure,CZ15,42.32083333333334,9344187.523092974
ERC,M3,cPTAC,Measure,CZ16,25.15416666666667,6417267.08881581
ERC,M3,cPVVG,Base,CZ01,16.715000000000003,3702462.018912172
ERC,M3,cPVVG,Base,CZ02,25.97041666666667,6211050.848523745
ERC,M3,cPVVG,Base,CZ03,24.965,5058580.586774621
ERC,M3,cPVVG,Base,CZ04,32.625416666666666,7556709.301055752
ERC,M3,cPVVG,Base,CZ05,22.50375,4638176.59078122
ERC,M3,cPVVG,Base,CZ06,25.29583333333333,5411809.145656732
ERC,M3,cPVVG,Base,CZ07,25.2725,7540025.222132512
ERC,M3,cPVVG,Base,CZ08,32.28541666666666,7480565.686605437
ERC,M3,cPVVG,Base,CZ09,35.456250000000004,7875021.222212253
ERC,M3,cPVVG,Base,CZ10,35.55666666666667,7365262.510757216
ERC,M3,cPVVG,Base,CZ11,36.25708333333334,9249195.002129294
ERC,M3,cPVVG,Base,CZ12,33.139583333333334,7753908.968720378
ERC,M3,cPVVG,Base,CZ13,37.3975,9626174.446374968
ERC,M3,cPVVG,Base,CZ14,33.69791666666667,8616079.093398795
ERC,M3,cPVVG,Base,CZ15,42.32083333333334,10595508.399448434
ERC,M3,cPVVG,Base,CZ16,25.15416666666667,6934412.318327974
ERC,M3,cPVVG,Measure,CZ01,16.715000000000003,3505548.745974877
ERC,M3,cPVVG,Measure,CZ02,25.97041666666667,5612030.343637826
ERC,M3,cPVVG,Measure,CZ03,24.965,4641648.001201087
ERC,M3,cPVVG,Measure,CZ04,32.625416666666666,6697981.875156682
ERC,M3,cPVVG,Measure,CZ05,22.50375,4294669.555575366
ERC,M3,cPVVG,Measure,CZ06,25.29583333333333,4942328.343258996
ERC,M3,cPVVG,Measure,CZ07,25.2725,6856490.362821192
ERC,M3,cPVVG,Measure,CZ08,32.28541666666666,6605015.606928706
ERC,M3,cPVVG,Measure,CZ09,35.456250000000004,6901535.826645592
ERC,M3,cPVVG,Measure,CZ10,35.55666666666667,6499515.208713649
ERC,M3,cPVVG,Measure,CZ11,36.25708333333334,8083900.583449358
ERC,M3,cPVVG,Measure,CZ12,33.139583333333334,6851736.57124142
ERC,M3,cPVVG,Measure,CZ13,37.3975,8385227.626755529
ERC,M3,cPVVG,Measure,CZ14,33.69791666666667,7563136.926510837
ERC,M3,cPVVG,Measure,CZ15,42.32083333333334,9155232.256769966
ERC,M3,cPVVG,Measure,CZ16,25.15416666666667,6244769.844415633
ERC,M4,cDXGF,Base,CZ01,16.715000000000003,5201177.972665856
ERC,M4,cDXGF,Base,CZ02,25.97041666666667,8909278.546394799
ERC,M4,cDXGF,Base,CZ03,24.965,7356467.777001365
ERC,M4,cDXGF,Base,CZ04,32.625416666666666,11575316.13575746
ERC,M4,cDXGF,Base,CZ05,22.50375,6809489.936032049
ERC,M4,cDXGF,Base,CZ06,25.29583333333333,8097385.270144756
ERC,M4,cDXGF,Base,CZ07,25.2725,10306580.384496778
ERC,M4,cDXGF,Base,CZ08,32.28541666666666,11608218.90279457
ERC,M4,cDXGF,Base,CZ09,35.456250000000004,12918369.759811606
ERC,M4,cDXGF,Base,CZ10,35.55666666666667,12431868.146946756
ERC,M4,cDXGF,Base,CZ11,36.25708333333334,14150532.846609369
ERC,M4,cDXGF,Base,CZ12,33.139583333333334,11729805.87645435
ERC,M4,cDXGF,Base,CZ13,37.3975,14732469.20133928
ERC,M4,cDXGF,Base,CZ14,33.69791666666667,13052435.162625138
ERC,M4,cDXGF,Base,CZ15,42.32083333333334,17371959.355531313
ERC,M4,cDXGF,Base,CZ16,25.15416666666667,9646555.620836366
ERC,M4,cDXGF,Measure,CZ01,16.715000000000003,4624641.303986711
ERC,M4,cDXGF,Measure,CZ02,25.97041666666667,8233638.116437585
ERC,M4,cDXGF,Measure,CZ03,24.965,6958873.338067592
ERC,M4,cDXGF,Measure,CZ04,32.625416666666666,11335136.411052687
ERC,M4,cDXGF,Measure,CZ05,22.50375,6394389.702655573
ERC,M4,cDXGF,Measure,CZ06,25.29583333333333,7538604.12360136
ERC,M4,cDXGF,Measure,CZ07,25.2725,10311504.992749983
ERC,M4,cDXGF,Measure,CZ08,32.28541666666666,11201879.714306315
ERC,M4,cDXGF,Measure,CZ09,35.456250000000004,12341030.537871093
ERC,M4,cDXGF,Measure,CZ10,35.55666666666667,11946235.853284417
ERC,M4,cDXGF,Measure,CZ11,36.25708333333334,13673313.369848965
ERC,M4,cDXGF,Measure,CZ12,33.139583333333334,11486273.31467956
ERC,M4,cDXGF,Measure,CZ13,37.3975,14217418.402960457
ERC,M4,cDXGF,Measure,CZ14,33.69791666666667,12548966.751711436
ERC,M4,cDXGF,Measure,CZ15,42.32083333333334,16804278.285251886
ERC,M4,cDXGF,Measure,CZ16,25.15416666666667,9349898.913446702
ERC,M4,cDXHP,Base,CZ01,16.715000000000003,5218000.75432884
ERC,M4,cDXHP,Base,CZ02,25.97041666666667,8951162.558454214
ERC,M4,cDXHP,Base,CZ03,24.965,7391343.536677778
ERC,M4,cDXHP,Base,CZ04,32.625416666666666,11684792.787934754
ERC,M4,cDXHP,Base,CZ05,22.50375,6838676.560686195
ERC,M4,cDXHP,Base,CZ06,25.29583333333333,8129464.1806583395
ERC,M4,cDXHP,Base,CZ07,25.2725,10078953.89973542
ERC,M4,cDXHP,Base,CZ08,32.28541666666666,11667524.41072524
ERC,M4,cDXHP,Base,CZ09,35.456250000000004,12975044.749031682
ERC,M4,cDXHP,Base,CZ10,35.55666666666667,12458838.05803272
ERC,M4,cDXHP,Base,CZ11,36.25708333333334,14162312.34854464
ERC,M4,cDXHP,Base,CZ12,33.139583333333334,11809111.529683243
ERC,M4,cDXHP,Base,CZ13,37.3975,14789753.995646035
ERC,M4,cDXHP,Base,CZ14,33.69791666666667,13150658.508923247
ERC,M4,cDXHP,Base,CZ15,42.32083333333334,17371959.355531313
ERC,M4,cDXHP,Base,CZ16,25.15416666666667,9707942.783173688
ERC,M4,cDXHP,Measure,CZ01,16.715000000000003,4635729.452930922
ERC,M4,cDXHP,Measure,CZ02,25.97041666666667,8265691.085163237
ERC,M4,cDXHP,Measure,CZ03,24.965,6992740.84394663
ERC,M4,cDXHP,Measure,CZ04,32.625416666666666,11447019.544709804
ERC,M4,cDXHP,Measure,CZ05,22.50375,6424933.686249322
ERC,M4,cDXHP,Measure,CZ06,25.29583333333333,7569782.890246239
ERC,M4,cDXHP,Measure,CZ07,25.2725,10083283.708236
ERC,M4,cDXHP,Measure,CZ08,32.28541666666666,11260046.523054492
ERC,M4,cDXHP,Measure,CZ09,35.456250000000004,12395532.407944288
ERC,M4,cDXHP,Measure,CZ10,35.55666666666667,11972474.389412496
ERC,M4,cDXHP,Measure,CZ11,36.25708333333334,13684633.478285551
ERC,M4,cDXHP,Measure,CZ12,33.139583333333334,11567074.930901442
ERC,M4,cDXHP,Measure,CZ13,37.3975,14273819.226432487
ERC,M4,cDXHP,Measure,CZ14,33.69791666666667,12645380.498208951
ERC,M4,cDXHP,Measure,CZ15,42.32083333333334,16804278.285251856
ERC,M4,cDXHP,Measure,CZ16,25.15416666666667,9411059.62463712
ERC,M4,cPTAC,Base,CZ01,16.715000000000003,5179558.396018069
ERC,M4,cPTAC,Base,CZ02,25.97041666666667,8908594.566158706
ERC,M4,cPTAC,Base,CZ03,24.965,7347592.498542312
ERC,M4,cPTAC,Base,CZ04,32.625416666666666,11575311.365725389
ERC,M4,cPTAC,Base,CZ05,22.50375,6787486.340064423
ERC,M4,cPTAC,Base,CZ06,25.29583333333333,8097385.270144146
ERC,M4,cPTAC,Base,CZ07,25.2725,10306580.384496637
ERC,M4,cPTAC,Base,CZ08,32.28541666666666,11608218.896806886
ERC,M4,cPTAC,Base,CZ09,35.456250000000004,12918369.743920363
ERC,M4,cPTAC,Base,CZ10,35.55666666666667,12431868.101653814
ERC,M4,cPTAC,Base,CZ11,36.25708333333334,14150532.821920335
ERC,M4,cPTAC,Base,CZ12,33.139583333333334,11729805.87645514
ERC,M4,cPTAC,Base,CZ13,37.3975,14732469.201338029
ERC,M4,cPTAC,Base,CZ14,33.69791666666667,13052435.162621764
ERC,M4,cPTAC,Base,CZ15,42.32083333333334,17371959.355530705
ERC,M4,cPTAC,Base,CZ16,25.15416666666667,9646538.79725405
ERC,M4,cPTAC,Measure,CZ01,16.715000000000003,4596711.236318881
ERC,M4,cPTAC,Measure,CZ02,25.97041666666667,8233588.752720529
ERC,M4,cPTAC,Measure,CZ03,24.965,6954179.155448832
ERC,M4,cPTAC,Measure,CZ04,32.625416666666666,11335136.411052164
ERC,M4,cPTAC,Measure,CZ05,22.50375,6378815.370917954
ERC,M4,cPTAC,Measure,CZ06,25.29583333333333,7538604.123600726
ERC,M4,cPTAC,Measure,CZ07,25.2725,10311504.992749374
ERC,M4,cPTAC,Measure,CZ08,32.28541666666666,11201879.708164897
ERC,M4,cPTAC,Measure,CZ09,35.456250000000004,12341030.515368812
ERC,M4,cPTAC,Measure,CZ10,35.55666666666667,11946235.766781889
ERC,M4,cPTAC,Measure,CZ11,36.25708333333334,13673313.36984792
ERC,M4,cPTAC,Measure,CZ12,33.139583333333334,11486273.314678658
ERC,M4,cPTAC,Measure,CZ13,37.3975,14217418.402959207
ERC,M4,cPTAC,Measure,CZ14,33.69791666666667,12548966.751705997
ERC,M4,cPTAC,Measure,CZ15,42.32083333333334,16804278.285251815
ERC,M4,cPTAC,Measure,CZ16,25.15416666666667,9349879.033292864
ERC,M4,cPVVG,Base,CZ01,16.715000000000003,3557377.5468529966
ERC,M4,cPVVG,Base,CZ02,25.97041666666667,7145984.288541563
ERC,M4,cPVVG,Base,CZ03,24.965,5491757.4160923865
ERC,M4,cPVVG,Base,CZ04,32.625416666666666,9876621.624664355
ERC,M4,cPVVG,Base,CZ05,22.50375,4829627.961071738
ERC,M4,cPVVG,Base,CZ06,25.29583333333333,6071209.505915232
ERC,M4,cPVVG,Base,CZ07,25.2725,8538437.09482473
ERC,M4,cPVVG,Base,CZ08,32.28541666666666,9948649.59616274
ERC,M4,cPVVG,Base,CZ09,35.456250000000004,11361372.658469114
ERC,M4,cPVVG,Base,CZ10,35.55666666666667,10822896.327913368
ERC,M4,cPVVG,Base,CZ11,36.25708333333334,12691860.644108117
ERC,M4,cPVVG,Base,CZ12,33.139583333333334,10135071.642055277
ERC,M4,cPVVG,Base,CZ13,37.3975,13390432.516915524
ERC,M4,cPVVG,Base,CZ14,33.69791666666667,11508874.28149496
ERC,M4,cPVVG,Base,CZ15,42.32083333333334,16089732.547128843
ERC,M4,cPVVG,Base,CZ16,25.15416666666667,7581123.537930585
ERC,M4,cPVVG,Measure,CZ01,16.715000000000003,3385645.6944896067
ERC,M4,cPVVG,Measure,CZ02,25.97041666666667,7083411.583732971
ERC,M4,cPVVG,Measure,CZ03,24.965,5487526.945075404
ERC,M4,cPVVG,Measure,CZ04,32.625416666666666,9977927.993811809
ERC,M4,cPVVG,Measure,CZ05,22.50375,4766580.282310635
ERC,M4,cPVVG,Measure,CZ06,25.29583333333333,5951369.025134765
ERC,M4,cPVVG,Measure,CZ07,25.2725,8642970.340456514
ERC,M4,cPVVG,Measure,CZ08,32.28541666666666,9816568.314064194
ERC,M4,cPVVG,Measure,CZ09,35.456250000000004,11044299.398101175
ERC,M4,cPVVG,Measure,CZ10,35.55666666666667,10612711.359573465
ERC,M4,cPVVG,Measure,CZ11,36.25708333333334,12417843.978365228
ERC,M4,cPVVG,Measure,CZ12,33.139583333333334,10205473.583582934
ERC,M4,cPVVG,Measure,CZ13,37.3975,13055110.35270838
ERC,M4,cPVVG,Measure,CZ14,33.69791666666667,11223813.395291835
ERC,M4,cPVVG,Measure,CZ15,42.32083333333334,15668226.904071037
ERC,M4,cPVVG,Measure,CZ16,25.15416666666667,7536975.824142029
ERC,M5,cDXGF,Base,CZ01,16.715000000000003,3520076.536020147
ERC,M5,cDXGF,Base,CZ02,25.97041666666667,6891155.005082272
ERC,M5,cDXGF,Base,CZ03,24.965,5200460.884657777
ERC,M5,cDXGF,Base,CZ04,32.625416666666666,8418376.820252893
ERC,M5,cDXGF,Base,CZ05,22.50375,4521038.949144063
ERC,M5,cDXGF,Base,CZ06,25.29583333333333,5545622.759717097
ERC,M5,cDXGF,Base,CZ07,25.2725,8476008.418034133
ERC,M5,cDXGF,Base,CZ08,32.28541666666666,8272393.933706025
ERC,M5,cDXGF,Base,CZ09,35.456250000000004,9144698.236294923
ERC,M5,cDXGF,Base,CZ10,35.55666666666667,8441346.73347973
ERC,M5,cDXGF,Base,CZ11,36.25708333333334,11027900.301119717
ERC,M5,cDXGF,Base,CZ12,33.139583333333334,8960105.77716536
ERC,M5,cDXGF,Base,CZ13,37.3975,11329098.629176931
ERC,M5,cDXGF,Base,CZ14,33.69791666666667,9599858.706853949
ERC,M5,cDXGF,Base,CZ15,42.32083333333334,13284091.850004934
ERC,M5,cDXGF,Base,CZ16,25.15416666666667,7035703.341056129
ERC,M5,cDXGF,Measure,CZ01,16.715000000000003,3401390.839312435
ERC,M5,cDXGF,Measure,CZ02,25.97041666666667,6387515.194189394
ERC,M5,cDXGF,Measure,CZ03,24.965,4887000.610619772
ERC,M5,cDXGF,Measure,CZ04,32.625416666666666,7697716.512529513
ERC,M5,cDXGF,Measure,CZ05,22.50375,4289629.047585584
ERC,M5,cDXGF,Measure,CZ06,25.29583333333333,5192053.113506162
ERC,M5,cDXGF,Measure,CZ07,25.2725,7890069.373968559
ERC,M5,cDXGF,Measure,CZ08,32.28541666666666,7510102.519353123
ERC,M5,cDXGF,Measure,CZ09,35.456250000000004,8224722.706990484
ERC,M5,cDXGF,Measure,CZ10,35.55666666666667,7655832.397678465
ERC,M5,cDXGF,Measure,CZ11,36.25708333333334,9935045.256564597
ERC,M5,cDXGF,Measure,CZ12,33.139583333333334,8164429.366176251
ERC,M5,cDXGF,Measure,CZ13,37.3975,10175176.847855788
ERC,M5,cDXGF,Measure,CZ14,33.69791666666667,8687974.415337713
ERC,M5,cDXGF,Measure,CZ15,42.32083333333334,11871909.820555618
ERC,M5,cDXGF,Measure,CZ16,25.15416666666667,6521275.949386182
ERC,M5,cDXHP,Base,CZ01,16.715000000000003,3496362.576897848
ERC,M5,cDXHP,Base,CZ02,25.97041666666667,6798971.607087204
ERC,M5,cDXHP,Base,CZ03,24.965,5156685.633498642
ERC,M5,cDXHP,Base,CZ04,32.625416666666666,8258302.195473408
ERC,M5,cDXHP,Base,CZ05,22.50375,4445425.308256306
ERC,M5,cDXHP,Base,CZ06,25.29583333333333,5460616.36686104
ERC,M5,cDXHP,Base,CZ07,25.2725,8360530.466224677
ERC,M5,cDXHP,Base,CZ08,32.28541666666666,8122625.435632742
ERC,M5,cDXHP,Base,CZ09,35.456250000000004,8951628.565078022
ERC,M5,cDXHP,Base,CZ10,35.55666666666667,8358730.643656064
ERC,M5,cDXHP,Base,CZ11,36.25708333333334,10894946.179903012
ERC,M5,cDXHP,Base,CZ12,33.139583333333334,8850936.259355996
ERC,M5,cDXHP,Base,CZ13,37.3975,11198465.72214298
ERC,M5,cDXHP,Base,CZ14,33.69791666666667,9253695.58366829
ERC,M5,cDXHP,Base,CZ15,42.32083333333334,13284091.850005085
ERC,M5,cDXHP,Base,CZ16,25.15416666666667,6767193.228669927
ERC,M5,cDXHP,Measure,CZ01,16.715000000000003,3366421.287758226
ERC,M5,cDXHP,Measure,CZ02,25.97041666666667,6280345.802490558
ERC,M5,cDXHP,Measure,CZ03,24.965,4827409.7258896455
ERC,M5,cDXHP,Measure,CZ04,32.625416666666666,7530159.059976119
ERC,M5,cDXHP,Measure,CZ05,22.50375,4202558.518473357
ERC,M5,cDXHP,Measure,CZ06,25.29583333333333,5098345.744520817
ERC,M5,cDXHP,Measure,CZ07,25.2725,7761647.782563993
ERC,M5,cDXHP,Measure,CZ08,32.28541666666666,7368398.4685267005
ERC,M5,cDXHP,Measure,CZ09,35.456250000000004,8049206.895567566
ERC,M5,cDXHP,Measure,CZ10,35.55666666666667,7579734.352998045
ERC,M5,cDXHP,Measure,CZ11,36.25708333333334,9804479.843310244
ERC,M5,cDXHP,Measure,CZ12,33.139583333333334,8046788.150707729
ERC,M5,cDXHP,Measure,CZ13,37.3975,10053183.00635084
ERC,M5,cDXHP,Measure,CZ14,33.69791666666667,8365988.408237966
ERC,M5,cDXHP,Measure,CZ15,42.32083333333334,11871909.820556168
ERC,M5,cDXHP,Measure,CZ16,25.15416666666667,6250493.560713453
ERC,M5,cPTAC,Base,CZ01,16.715000000000003,3445429.3412392223
ERC,M5,cPTAC,Base,CZ02,25.97041666666667,6891155.00512494
ERC,M5,cPTAC,Base,CZ03,24.965,5200460.8510183655
ERC,M5,cPTAC,Base,CZ04,32.625416666666666,8418376.820252517
ERC,M5,cPTAC,Base,CZ05,22.50375,4493998.067331807
ERC,M5,cPTAC,Base,CZ06,25.29583333333333,5545622.759721741
ERC,M5,cPTAC,Base,CZ07,25.2725,8476008.418035302
ERC,M5,cPTAC,Base,CZ08,32.28541666666666,8272393.931233714
ERC,M5,cPTAC,Base,CZ09,35.456250000000004,9144698.227194903
ERC,M5,cPTAC,Base,CZ10,35.55666666666667,8441346.552587409
ERC,M5,cPTAC,Base,CZ11,36.25708333333334,11027900.301120374
ERC,M5,cPTAC,Base,CZ12,33.139583333333334,8960105.777165506
ERC,M5,cPTAC,Base,CZ13,37.3975,11329098.62917678
ERC,M5,cPTAC,Base,CZ14,33.69791666666667,9599858.706785446
ERC,M5,cPTAC,Base,CZ15,42.32083333333334,13284091.850004466
ERC,M5,cPTAC,Base,CZ16,25.15416666666667,7035687.1222541295
ERC,M5,cPTAC,Measure,CZ01,16.715000000000003,3334307.5966169727
ERC,M5,cPTAC,Measure,CZ02,25.97041666666667,6387515.194195047
ERC,M5,cPTAC,Measure,CZ03,24.965,4887000.579153605
ERC,M5,cPTAC,Measure,CZ04,32.625416666666666,7697716.512529039
ERC,M5,cPTAC,Measure,CZ05,22.50375,4265377.284662049
ERC,M5,cPTAC,Measure,CZ06,25.29583333333333,5192053.11350343
ERC,M5,cPTAC,Measure,CZ07,25.2725,7890069.3739659935
ERC,M5,cPTAC,Measure,CZ08,32.28541666666666,7510102.517123872
ERC,M5,cPTAC,Measure,CZ09,35.456250000000004,8224722.698672915
ERC,M5,cPTAC,Measure,CZ10,35.55666666666667,7655832.247377844
ERC,M5,cPTAC,Measure,CZ11,36.25708333333334,9935045.256555028
ERC,M5,cPTAC,Measure,CZ12,33.139583333333334,8164429.36617709
ERC,M5,cPTAC,Measure,CZ13,37.3975,10175176.847854689
ERC,M5,cPTAC,Measure,CZ14,33.69791666666667,8687974.415317342
ERC,M5,cPTAC,Measure,CZ15,42.32083333333334,11871909.820545342
ERC,M5,cPTAC,Measure,CZ16,25.15416666666667,6521259.980760522
ERC,M5,cPVVG,Base,CZ01,16.715000000000003,3460871.477117768
ERC,M5,cPVVG,Base,CZ02,25.97041666666667,6755440.131377747
ERC,M5,cPVVG,Base,CZ03,24.965,5090064.403136848
ERC,M5,cPVVG,Base,CZ04,32.625416666666666,8249215.573659759
ERC,M5,cPVVG,Base,CZ05,22.50375,4424053.445188014
ERC,M5,cPVVG,Base,CZ06,25.29583333333333,5416248.867119558
ERC,M5,cPVVG,Base,CZ07,25.2725,8291308.504891926
ERC,M5,cPVVG,Base,CZ08,32.28541666666666,8094109.037246537
ERC,M5,cPVVG,Base,CZ09,35.456250000000004,8953303.133091994
ERC,M5,cPVVG,Base,CZ10,35.55666666666667,8265267.743373514
ERC,M5,cPVVG,Base,CZ11,36.25708333333334,10817201.361338016
ERC,M5,cPVVG,Base,CZ12,33.139583333333334,8794224.331299547
ERC,M5,cPVVG,Base,CZ13,37.3975,11109969.746453429
ERC,M5,cPVVG,Base,CZ14,33.69791666666667,9390822.020732898
ERC,M5,cPVVG,Base,CZ15,42.32083333333334,13067462.074736152
ERC,M5,cPVVG,Base,CZ16,25.15416666666667,6849767.104513569
ERC,M5,cPVVG,Measure,CZ01,16.715000000000003,3343908.935587086
ERC,M5,cPVVG,Measure,CZ02,25.97041666666667,6256616.134721345
ERC,M5,cPVVG,Measure,CZ03,24.965,4780734.079949671
ERC,M5,cPVVG,Measure,CZ04,32.625416666666666,7536933.639580072
ERC,M5,cPVVG,Measure,CZ05,22.50375,4195998.856404937
ERC,M5,cPVVG,Measure,CZ06,25.29583333333333,5068126.983954331
ERC,M5,cPVVG,Measure,CZ07,25.2725,7711775.420164647
ERC,M5,cPVVG,Measure,CZ08,32.28541666666666,7346327.033976933
ERC,M5,cPVVG,Measure,CZ09,35.456250000000004,8053184.28599212
ERC,M5,cPVVG,Measure,CZ10,35.55666666666667,7493662.364384549
ERC,M5,cPVVG,Measure,CZ11,36.25708333333334,9744648.546125771
ERC,M5,cPVVG,Measure,CZ12,33.139583333333334,8006969.759807305
ERC,M5,cPVVG,Measure,CZ13,37.3975,9979300.369527075
ERC,M5,cPVVG,Measure,CZ14,33.69791666666667,8498811.42224018
ERC,M5,cPVVG,Measure,CZ15,42.32083333333334,11675680.53722659
ERC,M5,cPVVG,Measure,CZ16,25.15416666666667,6346339.947568985
Epr,M1,cDXGF,Base,CZ01,16.715000000000003,152697685.08910885
Epr,M1,cDXGF,Base,CZ02,25.97041666666667,220069275.5463999
Epr,M1,cDXGF,Base,CZ03,24.965,190772780.11734304
Epr,M1,cDXGF,Base,CZ04,32.625416666666666,274061700.163942
Epr,M1,cDXGF,Base,CZ05,22.50375,177413595.41576728
Epr,M1,cDXGF,Base,CZ06,25.29583333333333,204990195.19740373
Epr,M1,cDXGF,Base,CZ07,25.2725,259505396.64194477
Epr,M1,cDXGF,Base,CZ08,32.28541666666666,275525401.4578597
Epr,M1,cDXGF,Base,CZ09,35.456250000000004,305034359.19639045
Epr,M1,cDXGF,Base,CZ10,35.55666666666667,298087854.44941354
Epr,M1,cDXGF,Base,CZ11,36.25708333333334,326794150.36926293
Epr,M1,cDXGF,Base,CZ12,33.139583333333334,279256959.6432456
Epr,M1,cDXGF,Base,CZ13,37.3975,339398835.2624979
Epr,M1,cDXGF,Base,CZ14,33.69791666666667,303661901.202069
Epr,M1,cDXGF,Base,CZ15,42.32083333333334,390759441.65057033
Epr,M1,cDXGF,Base,CZ16,25.15416666666667,237466934.64788625
Epr,M1,cDXGF,Measure,CZ01,16.715000000000003,139690665.32694456
Epr,M1,cDXGF,Measure,CZ02,25.97041666666667,211258006.6752289
Epr,M1,cDXGF,Measure,CZ03,24.965,182162853.6261664
Epr,M1,cDXGF,Measure,CZ04,32.625416666666666,262688909.08683535
Epr,M1,cDXGF,Measure,CZ05,22.50375,167570487.7800447
Epr,M1,cDXGF,Measure,CZ06,25.29583333333333,192241279.08879733
Epr,M1,cDXGF,Measure,CZ07,25.2725,260446466.6855853
Epr,M1,cDXGF,Measure,CZ08,32.28541666666666,263008379.0734654
Epr,M1,cDXGF,Measure,CZ09,35.456250000000004,289121433.8604676
Epr,M1,cDXGF,Measure,CZ10,35.55666666666667,279909576.4265294
Epr,M1,cDXGF,Measure,CZ11,36.25708333333334,317486587.40372616
Epr,M1,cDXGF,Measure,CZ12,33.139583333333334,267547931.8274316
Epr,M1,cDXGF,Measure,CZ13,37.3975,328519531.5083014
Epr,M1,cDXGF,Measure,CZ14,33.69791666666667,294693007.49924314
Epr,M1,cDXGF,Measure,CZ15,42.32083333333334,370816030.4695112
Epr,M1,cDXGF,Measure,CZ16,25.15416666666667,229890136.593055
Epr,M1,cDXHP,Base,CZ01,16.715000000000003,153603038.1508621
Epr,M1,cDXHP,Base,CZ02,25.97041666666667,220707090.59456357
Epr,M1,cDXHP,Base,CZ03,24.965,191324924.8367361
Epr,M1,cDXHP,Base,CZ04,32.625416666666666,275930531.9957663
Epr,M1,cDXHP,Base,CZ05,22.50375,177941630.81241426
Epr,M1,cDXHP,Base,CZ06,25.29583333333333,205695299.11019447
Epr,M1,cDXHP,Base,CZ07,25.2725,253497655.4021065
Epr,M1,cDXHP,Base,CZ08,32.28541666666666,276852056.04207134
Epr,M1,cDXHP,Base,CZ09,35.456250000000004,306505129.2320733
Epr,M1,cDXHP,Base,CZ10,35.55666666666667,298745643.4427369
Epr,M1,cDXHP,Base,CZ11,36.25708333333334,327540896.0586913
Epr,M1,cDXHP,Base,CZ12,33.139583333333334,280793827.78542167
Epr,M1,cDXHP,Base,CZ13,37.3975,340910974.2778381
Epr,M1,cDXHP,Base,CZ14,33.69791666666667,305347701.56780034
Epr,M1,cDXHP,Base,CZ15,42.32083333333334,390830409.84339845
Epr,M1,cDXHP,Base,CZ16,25.15416666666667,238884471.07618105
Epr,M1,cDXHP,Measure,CZ01,16.715000000000003,140145772.8024498
Epr,M1,cDXHP,Measure,CZ02,25.97041666666667,211642664.77214503
Epr,M1,cDXHP,Measure,CZ03,24.965,182717171.18227103
Epr,M1,cDXHP,Measure,CZ04,32.625416666666666,264564230.4674852
Epr,M1,cDXHP,Measure,CZ05,22.50375,168106132.61022487
Epr,M1,cDXHP,Measure,CZ06,25.29583333333333,192954459.0163233
Epr,M1,cDXHP,Measure,CZ07,25.2725,254337547.6006448
Epr,M1,cDXHP,Measure,CZ08,32.28541666666666,264297126.75678784
Epr,M1,cDXHP,Measure,CZ09,35.456250000000004,290451671.4002986
Epr,M1,cDXHP,Measure,CZ10,35.55666666666667,280494639.9090477
Epr,M1,cDXHP,Measure,CZ11,36.25708333333334,318197992.8044419
Epr,M1,cDXHP,Measure,CZ12,33.139583333333334,269151137.7597676
Epr,M1,cDXHP,Measure,CZ13,37.3975,329998249.529879
Epr,M1,cDXHP,Measure,CZ14,33.69791666666667,296312714.1675054
Epr,M1,cDXHP,Measure,CZ15,42.32083333333334,370881632.3056119
Epr,M1,cDXHP,Measure,CZ16,25.15416666666667,231315998.68943125
Epr,M1,cPTAC,Base,CZ01,16.715000000000003,152284206.11124393
Epr,M1,cPTAC,Base,CZ02,25.97041666666667,220006259.9254827
Epr,M1,cPTAC,Base,CZ03,24.965,190627598.48147047
Epr,M1,cPTAC,Base,CZ04,32.625416666666666,274056520.0734112
Epr,M1,cPTAC,Base,CZ05,22.50375,177058046.3557058
Epr,M1,cPTAC,Base,CZ06,25.29583333333333,204990174.91461325
Epr,M1,cPTAC,Base,CZ07,25.2725,259505396.64194044
Epr,M1,cPTAC,Base,CZ08,32.28541666666666,275524761.3666826
Epr,M1,cPTAC,Base,CZ09,35.456250000000004,305029223.48090965
Epr,M1,cPTAC,Base,CZ10,35.55666666666667,298085426.9184652
Epr,M1,cPTAC,Base,CZ11,36.25708333333334,326794150.3546561
Epr,M1,cPTAC,Base,CZ12,33.139583333333334,279256959.870286
Epr,M1,cPTAC,Base,CZ13,37.3975,339397555.7851994
Epr,M1,cPTAC,Base,CZ14,33.69791666666667,303661901.20176405
Epr,M1,cPTAC,Base,CZ15,42.32083333333334,390759509.6140432
Epr,M1,cPTAC,Base,CZ16,25.15416666666667,237466963.73231825
Epr,M1,cPTAC,Measure,CZ01,16.715000000000003,139429078.81475666
Epr,M1,cPTAC,Measure,CZ02,25.97041666666667,211256058.5190135
Epr,M1,cPTAC,Measure,CZ03,24.965,182121332.8060452
Epr,M1,cPTAC,Measure,CZ04,32.625416666666666,262688769.53554356
Epr,M1,cPTAC,Measure,CZ05,22.50375,167377257.71973765
Epr,M1,cPTAC,Measure,CZ06,25.29583333333333,192241279.08878943
Epr,M1,cPTAC,Measure,CZ07,25.2725,260446466.6855851
Epr,M1,cPTAC,Measure,CZ08,32.28541666666666,263007433.1030641
Epr,M1,cPTAC,Measure,CZ09,35.456250000000004,289121433.8534982
Epr,M1,cPTAC,Measure,CZ10,35.55666666666667,279909585.8567244
Epr,M1,cPTAC,Measure,CZ11,36.25708333333334,317486587.40012324
Epr,M1,cPTAC,Measure,CZ12,33.139583333333334,267547932.8740183
Epr,M1,cPTAC,Measure,CZ13,37.3975,328519533.3611791
Epr,M1,cPTAC,Measure,CZ14,33.69791666666667,294693007.4992411
Epr,M1,cPTAC,Measure,CZ15,42.32083333333334,370816030.4695077
Epr,M1,cPTAC,Measure,CZ16,25.15416666666667,229890120.63337263
Epr,M1,cPVVG,Base,CZ01,16.715000000000003,114605220.73868991
Epr,M1,cPVVG,Base,CZ02,25.97041666666667,182648278.96742424
Epr,M1,cPVVG,Base,CZ03,24.965,151204872.54449436
Epr,M1,cPVVG,Base,CZ04,32.625416666666666,239184669.76057905
Epr,M1,cPVVG,Base,CZ05,22.50375,135828021.4796438
Epr,M1,cPVVG,Base,CZ06,25.29583333333333,163419672.02931964
Epr,M1,cPVVG,Base,CZ07,25.2725,222189529.6080426
Epr,M1,cPVVG,Base,CZ08,32.28541666666666,240363101.23340416
Epr,M1,cPVVG,Base,CZ09,35.456250000000004,271728317.7884585
Epr,M1,cPVVG,Base,CZ10,35.55666666666667,264120034.7238509
Epr,M1,cPVVG,Base,CZ11,36.25708333333334,298707127.32414365
Epr,M1,cPVVG,Base,CZ12,33.139583333333334,246490356.28598508
Epr,M1,cPVVG,Base,CZ13,37.3975,313817072.59555244
Epr,M1,cPVVG,Base,CZ14,33.69791666666667,271939211.45782113
Epr,M1,cPVVG,Base,CZ15,42.32083333333334,369407497.1497582
Epr,M1,cPVVG,Base,CZ16,25.15416666666667,192275009.11004952
Epr,M1,cPVVG,Measure,CZ01,16.715000000000003,112044031.75684892
Epr,M1,cPVVG,Measure,CZ02,25.97041666666667,187164420.9945148
Epr,M1,cPVVG,Measure,CZ03,24.965,154937086.13097936
Epr,M1,cPVVG,Measure,CZ04,32.625416666666666,241730369.3506255
Epr,M1,cPVVG,Measure,CZ05,22.50375,137722351.11378723
Epr,M1,cPVVG,Measure,CZ06,25.29583333333333,162727378.93443653
Epr,M1,cPVVG,Measure,CZ07,25.2725,226892490.30822307
Epr,M1,cPVVG,Measure,CZ08,32.28541666666666,237793913.56324965
Epr,M1,cPVVG,Measure,CZ09,35.456250000000004,264230960.3063188
Epr,M1,cPVVG,Measure,CZ10,35.55666666666667,256011225.01455772
Epr,M1,cPVVG,Measure,CZ11,36.25708333333334,294433303.92370784
Epr,M1,cPVVG,Measure,CZ12,33.139583333333334,247523605.02713308
Epr,M1,cPVVG,Measure,CZ13,37.3975,306932193.4615615
Epr,M1,cPVVG,Measure,CZ14,33.69791666666667,267813286.6360469
Epr,M1,cPVVG,Measure,CZ15,42.32083333333334,353755381.75497174
Epr,M1,cPVVG,Measure,CZ16,25.15416666666667,192447935.42824912
Epr,M2,cDXGF,Base,CZ01,16.715000000000003,190109090.576404
Epr,M2,cDXGF,Base,CZ02,25.97041666666667,224395734.14925027
Epr,M2,cDXGF,Base,CZ03,24.965,211411028.6070721
Epr,M2,cDXGF,Base,CZ04,32.625416666666666,244548438.24392864
Epr,M2,cDXGF,Base,CZ05,22.50375,208238865.4316799
Epr,M2,cDXGF,Base,CZ06,25.29583333333333,217252698.15975437
Epr,M2,cDXGF,Base,CZ07,25.2725,252194469.9887361
Epr,M2,cDXGF,Base,CZ08,32.28541666666666,244709322.1348902
Epr,M2,cDXGF,Base,CZ09,35.456250000000004,253423927.9630412
Epr,M2,cDXGF,Base,CZ10,35.55666666666667,245160750.32424167
Epr,M2,cDXGF,Base,CZ11,36.25708333333334,267641356.88446924
Epr,M2,cDXGF,Base,CZ12,33.139583333333334,245046909.24412224
Epr,M2,cDXGF,Base,CZ13,37.3975,271926645.99288774
Epr,M2,cDXGF,Base,CZ14,33.69791666666667,260901711.24120945
Epr,M2,cDXGF,Base,CZ15,42.32083333333334,284047439.02401257
Epr,M2,cDXGF,Base,CZ16,25.15416666666667,246293392.2796528
Epr,M2,cDXGF,Measure,CZ01,16.715000000000003,170003471.24865967
Epr,M2,cDXGF,Measure,CZ02,25.97041666666667,204544307.502082
Epr,M2,cDXGF,Measure,CZ03,24.965,193521059.2100471
Epr,M2,cDXGF,Measure,CZ04,32.625416666666666,225570773.61351377
Epr,M2,cDXGF,Measure,CZ05,22.50375,189308337.6493643
Epr,M2,cDXGF,Measure,CZ06,25.29583333333333,199271960.64199212
Epr,M2,cDXGF,Measure,CZ07,25.2725,249530854.70824665
Epr,M2,cDXGF,Measure,CZ08,32.28541666666666,228704965.3663312
Epr,M2,cDXGF,Measure,CZ09,35.456250000000004,239119705.08910024
Epr,M2,cDXGF,Measure,CZ10,35.55666666666667,228828272.1623045
Epr,M2,cDXGF,Measure,CZ11,36.25708333333334,261837748.8087346
Epr,M2,cDXGF,Measure,CZ12,33.139583333333334,227069578.6859596
Epr,M2,cDXGF,Measure,CZ13,37.3975,265967303.5880313
Epr,M2,cDXGF,Measure,CZ14,33.69791666666667,254242837.18088335
Epr,M2,cDXGF,Measure,CZ15,42.32083333333334,273424493.6784769
Epr,M2,cDXGF,Measure,CZ16,25.15416666666667,237196866.8568585
Epr,M2,cDXHP,Base,CZ01,16.715000000000003,189444486.51735023
Epr,M2,cDXHP,Base,CZ02,25.97041666666667,223927883.93172008
Epr,M2,cDXHP,Base,CZ03,24.965,210695034.28485608
Epr,M2,cDXHP,Base,CZ04,32.625416666666666,243875144.01437485
Epr,M2,cDXHP,Base,CZ05,22.50375,207557024.1264197
Epr,M2,cDXHP,Base,CZ06,25.29583333333333,216535011.0639819
Epr,M2,cDXHP,Base,CZ07,25.2725,251392514.8902868
Epr,M2,cDXHP,Base,CZ08,32.28541666666666,244234226.4052872
Epr,M2,cDXHP,Base,CZ09,35.456250000000004,253025478.33058488
Epr,M2,cDXHP,Base,CZ10,35.55666666666667,244965423.7077708
Epr,M2,cDXHP,Base,CZ11,36.25708333333334,267258889.7770413
Epr,M2,cDXHP,Base,CZ12,33.139583333333334,244525748.44492137
Epr,M2,cDXHP,Base,CZ13,37.3975,271674927.40632576
Epr,M2,cDXHP,Base,CZ14,33.69791666666667,260463388.649102
Epr,M2,cDXHP,Base,CZ15,42.32083333333334,284060119.0516781
Epr,M2,cDXHP,Base,CZ16,25.15416666666667,245909662.8618092
Epr,M2,cDXHP,Measure,CZ01,16.715000000000003,169275499.92431372
Epr,M2,cDXHP,Measure,CZ02,25.97041666666667,204057409.9646272
Epr,M2,cDXHP,Measure,CZ03,24.965,192789164.41940093
Epr,M2,cDXHP,Measure,CZ04,32.625416666666666,224907400.94418308
Epr,M2,cDXHP,Measure,CZ05,22.50375,188596528.51784772
Epr,M2,cDXHP,Measure,CZ06,25.29583333333333,198547413.39904276
Epr,M2,cDXHP,Measure,CZ07,25.2725,248689234.08102348
Epr,M2,cDXHP,Measure,CZ08,32.28541666666666,228246647.83855677
Epr,M2,cDXHP,Measure,CZ09,35.456250000000004,238749830.4777257
Epr,M2,cDXHP,Measure,CZ10,35.55666666666667,228645437.84030265
Epr,M2,cDXHP,Measure,CZ11,36.25708333333334,261545995.3462952
Epr,M2,cDXHP,Measure,CZ12,33.139583333333334,226563630.2029445
Epr,M2,cDXHP,Measure,CZ13,37.3975,265762798.7794104
Epr,M2,cDXHP,Measure,CZ14,33.69791666666667,253853418.70784312
Epr,M2,cDXHP,Measure,CZ15,42.32083333333334,273437109.94904613
Epr,M2,cDXHP,Measure,CZ16,25.15416666666667,236783614.04045096
Epr,M2,cPTAC,Base,CZ01,16.715000000000003,190109090.5763553
Epr,M2,cPTAC,Base,CZ02,25.97041666666667,224395734.14925265
Epr,M2,cPTAC,Base,CZ03,24.965,211411028.88595456
Epr,M2,cPTAC,Base,CZ04,32.625416666666666,244548438.24392784
Epr,M2,cPTAC,Base,CZ05,22.50375,208238865.4316814
Epr,M2,cPTAC,Base,CZ06,25.29583333333333,217252698.1597553
Epr,M2,cPTAC,Base,CZ07,25.2725,252194469.98873723
Epr,M2,cPTAC,Base,CZ08,32.28541666666666,244709322.13489008
Epr,M2,cPTAC,Base,CZ09,35.456250000000004,253423927.96303943
Epr,M2,cPTAC,Base,CZ10,35.55666666666667,245160750.32424083
Epr,M2,cPTAC,Base,CZ11,36.25708333333334,267641250.05239543
Epr,M2,cPTAC,Base,CZ12,33.139583333333334,245046909.244168
Epr,M2,cPTAC,Base,CZ13,37.3975,271926398.7788769
Epr,M2,cPTAC,Base,CZ14,33.69791666666667,260901711.24121028
Epr,M2,cPTAC,Base,CZ15,42.32083333333334,284047439.02401257
Epr,M2,cPTAC,Base,CZ16,25.15416666666667,246293392.27965656
Epr,M2,cPTAC,Measure,CZ01,16.715000000000003,170003471.24844006
Epr,M2,cPTAC,Measure,CZ02,25.97041666666667,204544307.5020876
Epr,M2,cPTAC,Measure,CZ03,24.965,193521056.31212533
Epr,M2,cPTAC,Measure,CZ04,32.625416666666666,225570773.61355928
Epr,M2,cPTAC,Measure,CZ05,22.50375,189308239.50589013
Epr,M2,cPTAC,Measure,CZ06,25.29583333333333,199271960.0886844
Epr,M2,cPTAC,Measure,CZ07,25.2725,249530854.70824265
Epr,M2,cPTAC,Measure,CZ08,32.28541666666666,228705239.0735717
Epr,M2,cPTAC,Measure,CZ09,35.456250000000004,239119686.54748783
Epr,M2,cPTAC,Measure,CZ10,35.55666666666667,228828298.63415876
Epr,M2,cPTAC,Measure,CZ11,36.25708333333334,261837467.147291
Epr,M2,cPTAC,Measure,CZ12,33.139583333333334,227069578.6859769
Epr,M2,cPTAC,Measure,CZ13,37.3975,265967303.58763975
Epr,M2,cPTAC,Measure,CZ14,33.69791666666667,254242837.1808737
Epr,M2,cPTAC,Measure,CZ15,42.32083333333334,273424493.67849183
Epr,M2,cPTAC,Measure,CZ16,25.15416666666667,237196502.8445968
Epr,M2,cPVVG,Base,CZ01,16.715000000000003,151994254.32186428
Epr,M2,cPVVG,Base,CZ02,25.97041666666667,184529050.53328595
Epr,M2,cPVVG,Base,CZ03,24.965,171915710.43377534
Epr,M2,cPVVG,Base,CZ04,32.625416666666666,202898664.86062044
Epr,M2,cPVVG,Base,CZ05,22.50375,167071403.71402583
Epr,M2,cPVVG,Base,CZ06,25.29583333333333,176808986.9975049
Epr,M2,cPVVG,Base,CZ07,25.2725,217700562.5504794
Epr,M2,cPVVG,Base,CZ08,32.28541666666666,201507418.1850656
Epr,M2,cPVVG,Base,CZ09,35.456250000000004,208401644.4051072
Epr,M2,cPVVG,Base,CZ10,35.55666666666667,200665961.0281793
Epr,M2,cPVVG,Base,CZ11,36.25708333333334,228323652.97298253
Epr,M2,cPVVG,Base,CZ12,33.139583333333334,204824515.5272725
Epr,M2,cPVVG,Base,CZ13,37.3975,233052302.8215117
Epr,M2,cPVVG,Base,CZ14,33.69791666666667,219115186.026599
Epr,M2,cPVVG,Base,CZ15,42.32083333333334,242138840.05711785
Epr,M2,cPVVG,Base,CZ16,25.15416666666667,203690380.5608879
Epr,M2,cPVVG,Measure,CZ01,16.715000000000003,144317737.53193545
Epr,M2,cPVVG,Measure,CZ02,25.97041666666667,176971387.79889894
Epr,M2,cPVVG,Measure,CZ03,24.965,164900745.54632658
Epr,M2,cPVVG,Measure,CZ04,32.625416666666666,194940697.9576513
Epr,M2,cPVVG,Measure,CZ05,22.50375,159736408.5821665
Epr,M2,cPVVG,Measure,CZ06,25.29583333333333,169745513.3837145
Epr,M2,cPVVG,Measure,CZ07,25.2725,215533984.67825547
Epr,M2,cPVVG,Measure,CZ08,32.28541666666666,194467803.60332707
Epr,M2,cPVVG,Measure,CZ09,35.456250000000004,201768181.74001852
Epr,M2,cPVVG,Measure,CZ10,35.55666666666667,193443131.08950084
Epr,M2,cPVVG,Measure,CZ11,36.25708333333334,226230253.51882827
Epr,M2,cPVVG,Measure,CZ12,33.139583333333334,197216039.56775057
Epr,M2,cPVVG,Measure,CZ13,37.3975,231075895.7072732
Epr,M2,cPVVG,Measure,CZ14,33.69791666666667,216378387.3724272
Epr,M2,cPVVG,Measure,CZ15,42.32083333333334,237715146.6125593
Epr,M2,cPVVG,Measure,CZ16,25.15416666666667,199372591.9321388
Epr,M3,cDXGF,Base,CZ01,16.715000000000003,136271761.96876115
Epr,M3,cDXGF,Base,CZ02,25.97041666666667,170801511.2613479
Epr,M3,cDXGF,Base,CZ03,24.965,157003435.04848042
Epr,M3,cDXGF,Base,CZ04,32.625416666666666,189442111.01395005
Epr,M3,cDXGF,Base,CZ05,22.50375,150616184.11499712
Epr,M3,cDXGF,Base,CZ06,25.29583333333333,160739142.26106632
Epr,M3,cDXGF,Base,CZ07,25.2725,207011103.92791367
Epr,M3,cDXGF,Base,CZ08,32.28541666666666,186589596.62376925
Epr,M3,cDXGF,Base,CZ09,35.456250000000004,193190122.8948376
Epr,M3,cDXGF,Base,CZ10,35.55666666666667,186275946.43216792
Epr,M3,cDXGF,Base,CZ11,36.25708333333334,219292029.2866451
Epr,M3,cDXGF,Base,CZ12,33.139583333333334,192298622.13063693
Epr,M3,cDXGF,Base,CZ13,37.3975,224753180.33328596
Epr,M3,cDXGF,Base,CZ14,33.69791666666667,207628732.29884037
Epr,M3,cDXGF,Base,CZ15,42.32083333333334,233003905.5966102
Epr,M3,cDXGF,Base,CZ16,25.15416666666667,187685938.07145277
Epr,M3,cDXGF,Measure,CZ01,16.715000000000003,129633604.5114355
Epr,M3,cDXGF,Measure,CZ02,25.97041666666667,158737975.02529657
Epr,M3,cDXGF,Measure,CZ03,24.965,147071503.0923455
Epr,M3,cDXGF,Measure,CZ04,32.625416666666666,173963294.7480927
Epr,M3,cDXGF,Measure,CZ05,22.50375,141827580.94307244
Epr,M3,cDXGF,Measure,CZ06,25.29583333333333,150474465.79524726
Epr,M3,cDXGF,Measure,CZ07,25.2725,192063696.1343632
Epr,M3,cDXGF,Measure,CZ08,32.28541666666666,171737181.6414296
Epr,M3,cDXGF,Measure,CZ09,35.456250000000004,177233428.8151934
Epr,M3,cDXGF,Measure,CZ10,35.55666666666667,171201224.49046934
Epr,M3,cDXGF,Measure,CZ11,36.25708333333334,199120800.76999548
Epr,M3,cDXGF,Measure,CZ12,33.139583333333334,176167962.0520534
Epr,M3,cDXGF,Measure,CZ13,37.3975,203428694.0792045
Epr,M3,cDXGF,Measure,CZ14,33.69791666666667,189709923.43064585
Epr,M3,cDXGF,Measure,CZ15,42.32083333333334,210441440.7293304
Epr,M3,cDXGF,Measure,CZ16,25.15416666666667,173913927.85190213
Epr,M3,cDXHP,Base,CZ01,16.715000000000003,131099737.49395376
Epr,M3,cDXHP,Base,CZ02,25.97041666666667,167653375.76627493
Epr,M3,cDXHP,Base,CZ03,24.965,153087402.4805358
Epr,M3,cDXHP,Base,CZ04,32.625416666666666,186863642.1742156
Epr,M3,cDXHP,Base,CZ05,22.50375,145849517.47339368
Epr,M3,cDXHP,Base,CZ06,25.29583333333333,156217273.1228345
Epr,M3,cDXHP,Base,CZ07,25.2725,202474868.56695884
Epr,M3,cDXHP,Base,CZ08,32.28541666666666,184904964.6392697
Epr,M3,cDXHP,Base,CZ09,35.456250000000004,191810623.69689912
Epr,M3,cDXHP,Base,CZ10,35.55666666666667,185658166.9094351
Epr,M3,cDXHP,Base,CZ11,36.25708333333334,217618605.48119688
Epr,M3,cDXHP,Base,CZ12,33.139583333333334,190558389.09399036
Epr,M3,cDXHP,Base,CZ13,37.3975,223648208.44647
Epr,M3,cDXHP,Base,CZ14,33.69791666666667,205225875.97296265
Epr,M3,cDXHP,Base,CZ15,42.32083333333334,232975495.17787
Epr,M3,cDXHP,Base,CZ16,25.15416666666667,178599870.05316165
Epr,M3,cDXHP,Measure,CZ01,16.715000000000003,124520862.72380072
Epr,M3,cDXHP,Measure,CZ02,25.97041666666667,155532879.82840258
Epr,M3,cDXHP,Measure,CZ03,24.965,143140804.07306516
Epr,M3,cDXHP,Measure,CZ04,32.625416666666666,171284724.42095125
Epr,M3,cDXHP,Measure,CZ05,22.50375,137081738.6168118
Epr,M3,cDXHP,Measure,CZ06,25.29583333333333,145955724.216996
Epr,M3,cDXHP,Measure,CZ07,25.2725,187454165.43081445
Epr,M3,cDXHP,Measure,CZ08,32.28541666666666,169989830.01070845
Epr,M3,cDXHP,Measure,CZ09,35.456250000000004,175793293.04824507
Epr,M3,cDXHP,Measure,CZ10,35.55666666666667,170554328.7645362
Epr,M3,cDXHP,Measure,CZ11,36.25708333333334,197330073.3255524
Epr,M3,cDXHP,Measure,CZ12,33.139583333333334,174325821.6925279
Epr,M3,cDXHP,Measure,CZ13,37.3975,202235720.15903676
Epr,M3,cDXHP,Measure,CZ14,33.69791666666667,187199304.1641757
Epr,M3,cDXHP,Measure,CZ15,42.32083333333334,210409571.0513929
Epr,M3,cDXHP,Measure,CZ16,25.15416666666667,164979914.84117186
Epr,M3,cPTAC,Base,CZ01,16.715000000000003,136271758.33246416
Epr,M3,cPTAC,Base,CZ02,25.97041666666667,170801511.2613508
Epr,M3,cPTAC,Base,CZ03,24.965,157003435.0363648
Epr,M3,cPTAC,Base,CZ04,32.625416666666666,189442545.7590242
Epr,M3,cPTAC,Base,CZ05,22.50375,150615650.75212613
Epr,M3,cPTAC,Base,CZ06,25.29583333333333,160739142.1436978
Epr,M3,cPTAC,Base,CZ07,25.2725,207011103.9279101
Epr,M3,cPTAC,Base,CZ08,32.28541666666666,186589596.6240227
Epr,M3,cPTAC,Base,CZ09,35.456250000000004,193190122.88863423
Epr,M3,cPTAC,Base,CZ10,35.55666666666667,186276007.59009027
Epr,M3,cPTAC,Base,CZ11,36.25708333333334,219291393.82238805
Epr,M3,cPTAC,Base,CZ12,33.139583333333334,192298622.13054943
Epr,M3,cPTAC,Base,CZ13,37.3975,224752736.55178905
Epr,M3,cPTAC,Base,CZ14,33.69791666666667,207628732.08619976
Epr,M3,cPTAC,Base,CZ15,42.32083333333334,233003667.3489605
Epr,M3,cPTAC,Base,CZ16,25.15416666666667,187685938.0714579
Epr,M3,cPTAC,Measure,CZ01,16.715000000000003,129633601.37644915
Epr,M3,cPTAC,Measure,CZ02,25.97041666666667,158737975.0252929
Epr,M3,cPTAC,Measure,CZ03,24.965,147071499.19273686
Epr,M3,cPTAC,Measure,CZ04,32.625416666666666,173963294.7482653
Epr,M3,cPTAC,Measure,CZ05,22.50375,141827444.51862955
Epr,M3,cPTAC,Measure,CZ06,25.29583333333333,150474463.6915217
Epr,M3,cPTAC,Measure,CZ07,25.2725,192063696.13436967
Epr,M3,cPTAC,Measure,CZ08,32.28541666666666,171735905.3546521
Epr,M3,cPTAC,Measure,CZ09,35.456250000000004,177233344.04265726
Epr,M3,cPTAC,Measure,CZ10,35.55666666666667,171201224.4905914
Epr,M3,cPTAC,Measure,CZ11,36.25708333333334,199120800.7690845
Epr,M3,cPTAC,Measure,CZ12,33.139583333333334,176167962.05207345
Epr,M3,cPTAC,Measure,CZ13,37.3975,203428694.07910392
Epr,M3,cPTAC,Measure,CZ14,33.69791666666667,189709923.44283456
Epr,M3,cPTAC,Measure,CZ15,42.32083333333334,210441440.72927836
Epr,M3,cPTAC,Measure,CZ16,25.15416666666667,173913045.74138933
Epr,M3,cPVVG,Base,CZ01,16.715000000000003,134167231.13376042
Epr,M3,cPVVG,Base,CZ02,25.97041666666667,168180300.89963046
Epr,M3,cPVVG,Base,CZ03,24.965,154537974.6764725
Epr,M3,cPVVG,Base,CZ04,32.625416666666666,186459950.9267685
Epr,M3,cPVVG,Base,CZ05,22.50375,148182972.46656722
Epr,M3,cPVVG,Base,CZ06,25.29583333333333,158107812.34275806
Epr,M3,cPVVG,Base,CZ07,25.2725,203548884.15446872
Epr,M3,cPVVG,Base,CZ08,32.28541666666666,183645799.7638133
Epr,M3,cPVVG,Base,CZ09,35.456250000000004,190085146.97367027
Epr,M3,cPVVG,Base,CZ10,35.55666666666667,183398983.34959608
Epr,M3,cPVVG,Base,CZ11,36.25708333333334,215774096.413662
Epr,M3,cPVVG,Base,CZ12,33.139583333333334,189365493.65878692
Epr,M3,cPVVG,Base,CZ13,37.3975,221198454.37493736
Epr,M3,cPVVG,Base,CZ14,33.69791666666667,204130852.90093145
Epr,M3,cPVVG,Base,CZ15,42.32083333333334,229512042.51283765
Epr,M3,cPVVG,Base,CZ16,25.15416666666667,184005601.77986497
Epr,M3,cPVVG,Measure,CZ01,16.715000000000003,127616662.699772
Epr,M3,cPVVG,Measure,CZ02,25.97041666666667,156233953.10286725
Epr,M3,cPVVG,Measure,CZ03,24.965,144723836.48517486
Epr,M3,cPVVG,Measure,CZ04,32.625416666666666,171143893.95850277
Epr,M3,cPVVG,Measure,CZ05,22.50375,139504855.04644915
Epr,M3,cPVVG,Measure,CZ06,25.29583333333333,147964255.6129985
Epr,M3,cPVVG,Measure,CZ07,25.2725,188743038.44569635
Epr,M3,cPVVG,Measure,CZ08,32.28541666666666,168970089.826568
Epr,M3,cPVVG,Measure,CZ09,35.456250000000004,174328297.64927655
Epr,M3,cPVVG,Measure,CZ10,35.55666666666667,168498078.868769
Epr,M3,cPVVG,Measure,CZ11,36.25708333333334,195881424.91347253
Epr,M3,cPVVG,Measure,CZ12,33.139583333333334,173378156.36610785
Epr,M3,cPVVG,Measure,CZ13,37.3975,200168266.84385997
Epr,M3,cPVVG,Measure,CZ14,33.69791666666667,186470793.38197523
Epr,M3,cPVVG,Measure,CZ15,42.32083333333334,207186481.4694435
Epr,M3,cPVVG,Measure,CZ16,25.15416666666667,170460250.45659852
Epr,M4,cDXGF,Base,CZ01,16.715000000000003,154569129.48401436
Epr,M4,cDXGF,Base,CZ02,25.97041666666667,223249635.18765056
Epr,M4,cDXGF,Base,CZ03,24.965,196607504.83607292
Epr,M4,cDXGF,Base,CZ04,32.625416666666666,274062444.0029483
Epr,M4,cDXGF,Base,CZ05,22.50375,182445936.3529269
Epr,M4,cDXGF,Base,CZ06,25.29583333333333,207500741.6851278
Epr,M4,cDXGF,Base,CZ07,25.2725,259505398.37358516
Epr,M4,cDXGF,Base,CZ08,32.28541666666666,275526207.14234966
Epr,M4,cDXGF,Base,CZ09,35.456250000000004,305035235.74991816
Epr,M4,cDXGF,Base,CZ10,35.55666666666667,298088395.1849607
Epr,M4,cDXGF,Base,CZ11,36.25708333333334,326794164.7929318
Epr,M4,cDXGF,Base,CZ12,33.139583333333334,279256487.42515177
Epr,M4,cDXGF,Base,CZ13,37.3975,339397343.627826
Epr,M4,cDXGF,Base,CZ14,33.69791666666667,303661909.2103603
Epr,M4,cDXGF,Base,CZ15,42.32083333333334,390757728.4411396
Epr,M4,cDXGF,Base,CZ16,25.15416666666667,239990721.14709637
Epr,M4,cDXGF,Measure,CZ01,16.715000000000003,144047376.48925203
Epr,M4,cDXGF,Measure,CZ02,25.97041666666667,214780953.8687306
Epr,M4,cDXGF,Measure,CZ03,24.965,188810193.1309529
Epr,M4,cDXGF,Measure,CZ04,32.625416666666666,262691267.76124272
Epr,M4,cDXGF,Measure,CZ05,22.50375,174578919.78964156
Epr,M4,cDXGF,Measure,CZ06,25.29583333333333,194739514.86408767
Epr,M4,cDXGF,Measure,CZ07,25.2725,260446565.7500544
Epr,M4,cDXGF,Measure,CZ08,32.28541666666666,263008360.985628
Epr,M4,cDXGF,Measure,CZ09,35.456250000000004,289123827.4855812
Epr,M4,cDXGF,Measure,CZ10,35.55666666666667,279911342.9427705
Epr,M4,cDXGF,Measure,CZ11,36.25708333333334,317486352.47212994
Epr,M4,cDXGF,Measure,CZ12,33.139583333333334,267548092.2655359
Epr,M4,cDXGF,Measure,CZ13,37.3975,328519340.4697118
Epr,M4,cDXGF,Measure,CZ14,33.69791666666667,294693067.29728544
Epr,M4,cDXGF,Measure,CZ15,42.32083333333334,370816030.47311145
Epr,M4,cDXGF,Measure,CZ16,25.15416666666667,232391427.8148545
Epr,M4,cDXHP,Base,CZ01,16.715000000000003,155490045.85954735
Epr,M4,cDXHP,Base,CZ02,25.97041666666667,223913549.60678676
Epr,M4,cDXHP,Base,CZ03,24.965,197210443.6926377
Epr,M4,cDXHP,Base,CZ04,32.625416666666666,275930815.5545405
Epr,M4,cDXHP,Base,CZ05,22.50375,183029266.47256863
Epr,M4,cDXHP,Base,CZ06,25.29583333333333,208240690.8729253
Epr,M4,cDXHP,Base,CZ07,25.2725,253497645.91128355
Epr,M4,cDXHP,Base,CZ08,32.28541666666666,276852329.4424249
Epr,M4,cDXHP,Base,CZ09,35.456250000000004,306506051.9539169
Epr,M4,cDXHP,Base,CZ10,35.55666666666667,298746194.2877114
Epr,M4,cDXHP,Base,CZ11,36.25708333333334,327540785.28711337
Epr,M4,cDXHP,Base,CZ12,33.139583333333334,280793561.05310947
Epr,M4,cDXHP,Base,CZ13,37.3975,340909411.6967979
Epr,M4,cDXHP,Base,CZ14,33.69791666666667,305347710.9527967
Epr,M4,cDXHP,Base,CZ15,42.32083333333334,390831737.5976893
Epr,M4,cDXHP,Base,CZ16,25.15416666666667,241482609.8968983
Epr,M4,cDXHP,Measure,CZ01,16.715000000000003,144542950.527251
Epr,M4,cDXHP,Measure,CZ02,25.97041666666667,215160153.66745064
Epr,M4,cDXHP,Measure,CZ03,24.965,189441552.3308568
Epr,M4,cDXHP,Measure,CZ04,32.625416666666666,264566569.7704973
Epr,M4,cDXHP,Measure,CZ05,22.50375,175202475.66781273
Epr,M4,cDXHP,Measure,CZ06,25.29583333333333,195490108.32694173
Epr,M4,cDXHP,Measure,CZ07,25.2725,254337653.4543292
Epr,M4,cDXHP,Measure,CZ08,32.28541666666666,264297127.96158087
Epr,M4,cDXHP,Measure,CZ09,35.456250000000004,290454587.71021765
Epr,M4,cDXHP,Measure,CZ10,35.55666666666667,280496606.1306207
Epr,M4,cDXHP,Measure,CZ11,36.25708333333334,318197718.44932854
Epr,M4,cDXHP,Measure,CZ12,33.139583333333334,269151205.3289507
Epr,M4,cDXHP,Measure,CZ13,37.3975,329998081.2868833
Epr,M4,cDXHP,Measure,CZ14,33.69791666666667,296312759.51446414
Epr,M4,cDXHP,Measure,CZ15,42.32083333333334,370881632.309667
Epr,M4,cDXHP,Measure,CZ16,25.15416666666667,233895494.57742867
Epr,M4,cPTAC,Base,CZ01,16.715000000000003,153877387.04134497
Epr,M4,cPTAC,Base,CZ02,25.97041666666667,223183113.3260232
Epr,M4,cPTAC,Base,CZ03,24.965,196429394.2455096
Epr,M4,cPTAC,Base,CZ04,32.625416666666666,274056056.76375127
Epr,M4,cPTAC,Base,CZ05,22.50375,181927874.5785636
Epr,M4,cPTAC,Base,CZ06,25.29583333333333,207500721.8700416
Epr,M4,cPTAC,Base,CZ07,25.2725,259505398.37358156
Epr,M4,cPTAC,Base,CZ08,32.28541666666666,275525113.6713674
Epr,M4,cPTAC,Base,CZ09,35.456250000000004,305030101.5915248
Epr,M4,cPTAC,Base,CZ10,35.55666666666667,298085308.5226741
Epr,M4,cPTAC,Base,CZ11,36.25708333333334,326794165.175557
Epr,M4,cPTAC,Base,CZ12,33.139583333333334,279256487.64841753
Epr,M4,cPTAC,Base,CZ13,37.3975,339396836.12040675
Epr,M4,cPTAC,Base,CZ14,33.69791666666667,303661909.2100564
Epr,M4,cPTAC,Base,CZ15,42.32083333333334,390759509.6153494
Epr,M4,cPTAC,Base,CZ16,25.15416666666667,239990678.59646764
Epr,M4,cPTAC,Measure,CZ01,16.715000000000003,143517091.91991818
Epr,M4,cPTAC,Measure,CZ02,25.97041666666667,214778928.62976235
Epr,M4,cPTAC,Measure,CZ03,24.965,188760807.95033824
Epr,M4,cPTAC,Measure,CZ04,32.625416666666666,262691127.00119096
Epr,M4,cPTAC,Measure,CZ05,22.50375,174316644.89418778
Epr,M4,cPTAC,Measure,CZ06,25.29583333333333,194739514.86407915
Epr,M4,cPTAC,Measure,CZ07,25.2725,260446565.7502943
Epr,M4,cPTAC,Measure,CZ08,32.28541666666666,263008271.7420164
Epr,M4,cPTAC,Measure,CZ09,35.456250000000004,289123827.47995186
Epr,M4,cPTAC,Measure,CZ10,35.55666666666667,279911342.87356687
Epr,M4,cPTAC,Measure,CZ11,36.25708333333334,317486556.7515714
Epr,M4,cPTAC,Measure,CZ12,33.139583333333334,267548093.3081064
Epr,M4,cPTAC,Measure,CZ13,37.3975,328519342.32504684
Epr,M4,cPTAC,Measure,CZ14,33.69791666666667,294693067.2972808
Epr,M4,cPTAC,Measure,CZ15,42.32083333333334,370816030.4731076
Epr,M4,cPTAC,Measure,CZ16,25.15416666666667,232394247.12345883
Epr,M4,cPVVG,Base,CZ01,16.715000000000003,115084836.24416512
Epr,M4,cPVVG,Base,CZ02,25.97041666666667,184517435.0127979
Epr,M4,cPVVG,Base,CZ03,24.965,154347741.49578625
Epr,M4,cPVVG,Base,CZ04,32.625416666666666,239184768.86075187
Epr,M4,cPVVG,Base,CZ05,22.50375,138449511.1162672
Epr,M4,cPVVG,Base,CZ06,25.29583333333333,164993270.7709232
Epr,M4,cPVVG,Base,CZ07,25.2725,222189536.22394404
Epr,M4,cPVVG,Base,CZ08,32.28541666666666,240363298.60139972
Epr,M4,cPVVG,Base,CZ09,35.456250000000004,271729223.93454444
Epr,M4,cPVVG,Base,CZ10,35.55666666666667,264120225.87816855
Epr,M4,cPVVG,Base,CZ11,36.25708333333334,298706984.28587115
Epr,M4,cPVVG,Base,CZ12,33.139583333333334,246489858.8882078
Epr,M4,cPVVG,Base,CZ13,37.3975,313816800.5167687
Epr,M4,cPVVG,Base,CZ14,33.69791666666667,271939221.4864223
Epr,M4,cPVVG,Base,CZ15,42.32083333333334,369407511.6850234
Epr,M4,cPVVG,Base,CZ16,25.15416666666667,194348809.1016644
Epr,M4,cPVVG,Measure,CZ01,16.715000000000003,114016179.83175623
Epr,M4,cPVVG,Measure,CZ02,25.97041666666667,189452847.9925127
Epr,M4,cPVVG,Measure,CZ03,24.965,159109986.12155092
Epr,M4,cPVVG,Measure,CZ04,32.625416666666666,241735619.5873863
Epr,M4,cPVVG,Measure,CZ05,22.50375,141933057.5124535
Epr,M4,cPVVG,Measure,CZ06,25.29583333333333,164342751.434592
Epr,M4,cPVVG,Measure,CZ07,25.2725,226892825.3261576
Epr,M4,cPVVG,Measure,CZ08,32.28541666666666,237797056.34481445
Epr,M4,cPVVG,Measure,CZ09,35.456250000000004,264234927.1133985
Epr,M4,cPVVG,Measure,CZ10,35.55666666666667,256015180.92736885
Epr,M4,cPVVG,Measure,CZ11,36.25708333333334,294433230.34528816
Epr,M4,cPVVG,Measure,CZ12,33.139583333333334,247526023.81824127
Epr,M4,cPVVG,Measure,CZ13,37.3975,306932035.05161566
Epr,M4,cPVVG,Measure,CZ14,33.69791666666667,267813508.99501932
Epr,M4,cPVVG,Measure,CZ15,42.32083333333334,353755827.18065786
Epr,M4,cPVVG,Measure,CZ16,25.15416666666667,194553415.7998523
Epr,M5,cDXGF,Base,CZ01,16.715000000000003,126958411.93405733
Epr,M5,cDXGF,Base,CZ02,25.97041666666667,183682191.60716128
Epr,M5,cDXGF,Base,CZ03,24.965,156669822.42363346
Epr,M5,cDXGF,Base,CZ04,32.625416666666666,207225331.29070967
Epr,M5,cDXGF,Base,CZ05,22.50375,142452552.39316013
Epr,M5,cDXGF,Base,CZ06,25.29583333333333,159135814.0553446
Epr,M5,cDXGF,Base,CZ07,25.2725,226152484.7404716
Epr,M5,cDXGF,Base,CZ08,32.28541666666666,197948851.0563158
Epr,M5,cDXGF,Base,CZ09,35.456250000000004,214082008.24144745
Epr,M5,cDXGF,Base,CZ10,35.55666666666667,204771872.0654789
Epr,M5,cDXGF,Base,CZ11,36.25708333333334,255711318.61399645
Epr,M5,cDXGF,Base,CZ12,33.139583333333334,216483342.9182319
Epr,M5,cDXGF,Base,CZ13,37.3975,258501984.32269612
Epr,M5,cDXGF,Base,CZ14,33.69791666666667,223129664.9609068
Epr,M5,cDXGF,Base,CZ15,42.32083333333334,295282323.134846
Epr,M5,cDXGF,Base,CZ16,25.15416666666667,183761669.25069827
Epr,M5,cDXGF,Measure,CZ01,16.715000000000003,123115858.7393499
Epr,M5,cDXGF,Measure,CZ02,25.97041666666667,173402538.52039018
Epr,M5,cDXGF,Measure,CZ03,24.965,149403749.01719517
Epr,M5,cDXGF,Measure,CZ04,32.625416666666666,193823869.06108877
Epr,M5,cDXGF,Measure,CZ05,22.50375,136905222.31788242
Epr,M5,cDXGF,Measure,CZ06,25.29583333333333,151762402.06524098
Epr,M5,cDXGF,Measure,CZ07,25.2725,213205622.80292863
Epr,M5,cDXGF,Measure,CZ08,32.28541666666666,185520608.48038164
Epr,M5,cDXGF,Measure,CZ09,35.456250000000004,199556950.01737428
Epr,M5,cDXGF,Measure,CZ10,35.55666666666667,191292522.6142256
Epr,M5,cDXGF,Measure,CZ11,36.25708333333334,236394367.4210624
Epr,M5,cDXGF,Measure,CZ12,33.139583333333334,201742542.38176832
Epr,M5,cDXGF,Measure,CZ13,37.3975,238406643.09190848
Epr,M5,cDXGF,Measure,CZ14,33.69791666666667,208238070.92230904
Epr,M5,cDXGF,Measure,CZ15,42.32083333333334,271054627.4164349
Epr,M5,cDXGF,Measure,CZ16,25.15416666666667,174114433.22695577
Epr,M5,cDXHP,Base,CZ01,16.715000000000003,126559781.6561363
Epr,M5,cDXHP,Base,CZ02,25.97041666666667,180357782.5211412
Epr,M5,cDXHP,Base,CZ03,24.965,155448077.2739464
Epr,M5,cDXHP,Base,CZ04,32.625416666666666,200314402.2076473
Epr,M5,cDXHP,Base,CZ05,22.50375,141385687.41956517
Epr,M5,cDXHP,Base,CZ06,25.29583333333333,157995314.5721831
Epr,M5,cDXHP,Base,CZ07,25.2725,223369256.21530527
Epr,M5,cDXHP,Base,CZ08,32.28541666666666,194574440.72638685
Epr,M5,cDXHP,Base,CZ09,35.456250000000004,208334137.50677907
Epr,M5,cDXHP,Base,CZ10,35.55666666666667,201734666.2841961
Epr,M5,cDXHP,Base,CZ11,36.25708333333334,251677485.1546712
Epr,M5,cDXHP,Base,CZ12,33.139583333333334,212197291.26790947
Epr,M5,cDXHP,Base,CZ13,37.3975,254565891.1553095
Epr,M5,cDXHP,Base,CZ14,33.69791666666667,214776367.85567552
Epr,M5,cDXHP,Base,CZ15,42.32083333333334,294915796.22317123
Epr,M5,cDXHP,Base,CZ16,25.15416666666667,178907200.891962
Epr,M5,cDXHP,Measure,CZ01,16.715000000000003,122308411.15169078
Epr,M5,cDXHP,Measure,CZ02,25.97041666666667,169983036.47650456
Epr,M5,cDXHP,Measure,CZ03,24.965,147859124.98229268
Epr,M5,cDXHP,Measure,CZ04,32.625416666666666,187247776.86745256
Epr,M5,cDXHP,Measure,CZ05,22.50375,135498767.71987978
Epr,M5,cDXHP,Measure,CZ06,25.29583333333333,150249029.78507522
Epr,M5,cDXHP,Measure,CZ07,25.2725,210039945.0208153
Epr,M5,cDXHP,Measure,CZ08,32.28541666666666,182286893.35483003
Epr,M5,cDXHP,Measure,CZ09,35.456250000000004,194268318.2513481
Epr,M5,cDXHP,Measure,CZ10,35.55666666666667,188504417.95971465
Epr,M5,cDXHP,Measure,CZ11,36.25708333333334,232497651.17920145
Epr,M5,cDXHP,Measure,CZ12,33.139583333333334,197601357.37460285
Epr,M5,cDXHP,Measure,CZ13,37.3975,234724819.8024159
Epr,M5,cDXHP,Measure,CZ14,33.69791666666667,200410129.1401102
Epr,M5,cDXHP,Measure,CZ15,42.32083333333334,270722321.39637053
Epr,M5,cDXHP,Measure,CZ16,25.15416666666667,168923550.9609743
Epr,M5,cPTAC,Base,CZ01,16.715000000000003,126957253.94001897
Epr,M5,cPTAC,Base,CZ02,25.97041666666667,183682193.60804185
Epr,M5,cPTAC,Base,CZ03,24.965,156669822.42361873
Epr,M5,cPTAC,Base,CZ04,32.625416666666666,207224882.56109184
Epr,M5,cPTAC,Base,CZ05,22.50375,142452552.3931344
Epr,M5,cPTAC,Base,CZ06,25.29583333333333,159135813.92978492
Epr,M5,cPTAC,Base,CZ07,25.2725,226152484.74046284
Epr,M5,cPTAC,Base,CZ08,32.28541666666666,197948851.0558425
Epr,M5,cPTAC,Base,CZ09,35.456250000000004,214082008.24160463
Epr,M5,cPTAC,Base,CZ10,35.55666666666667,204772591.9135247
Epr,M5,cPTAC,Base,CZ11,36.25708333333334,255711318.61404455
Epr,M5,cPTAC,Base,CZ12,33.139583333333334,216483345.936512
Epr,M5,cPTAC,Base,CZ13,37.3975,258502611.13148347
Epr,M5,cPTAC,Base,CZ14,33.69791666666667,223130194.2321585
Epr,M5,cPTAC,Base,CZ15,42.32083333333334,295291813.4940655
Epr,M5,cPTAC,Base,CZ16,25.15416666666667,183761669.25071323
Epr,M5,cPTAC,Measure,CZ01,16.715000000000003,123114814.2931396
Epr,M5,cPTAC,Measure,CZ02,25.97041666666667,173402540.00228336
Epr,M5,cPTAC,Measure,CZ03,24.965,149403744.53757304
Epr,M5,cPTAC,Measure,CZ04,32.625416666666666,193823869.06112847
Epr,M5,cPTAC,Measure,CZ05,22.50375,136904831.99619204
Epr,M5,cPTAC,Measure,CZ06,25.29583333333333,151762402.31545222
Epr,M5,cPTAC,Measure,CZ07,25.2725,213205622.802958
Epr,M5,cPTAC,Measure,CZ08,32.28541666666666,185522113.44104305
Epr,M5,cPTAC,Measure,CZ09,35.456250000000004,199556970.3627445
Epr,M5,cPTAC,Measure,CZ10,35.55666666666667,191292522.61118397
Epr,M5,cPTAC,Measure,CZ11,36.25708333333334,236394367.4205974
Epr,M5,cPTAC,Measure,CZ12,33.139583333333334,201742544.94456223
Epr,M5,cPTAC,Measure,CZ13,37.3975,238406647.0437264
Epr,M5,cPTAC,Measure,CZ14,33.69791666666667,208236325.65363333
Epr,M5,cPTAC,Measure,CZ15,42.32083333333334,271054627.4164278
Epr,M5,cPTAC,Measure,CZ16,25.15416666666667,174114433.22694752
Epr,M5,cPVVG,Base,CZ01,16.715000000000003,125160665.25800024
Epr,M5,cPVVG,Base,CZ02,25.97041666666667,180869237.7285496
Epr,M5,cPVVG,Base,CZ03,24.965,154168785.37402952
Epr,M5,cPVVG,Base,CZ04,32.625416666666666,204059074.5131384
Epr,M5,cPVVG,Base,CZ05,22.50375,140218121.19657272
Epr,M5,cPVVG,Base,CZ06,25.29583333333333,156483551.17331868
Epr,M5,cPVVG,Base,CZ07,25.2725,222293975.55232608
Epr,M5,cPVVG,Base,CZ08,32.28541666666666,194761311.66734904
Epr,M5,cPVVG,Base,CZ09,35.456250000000004,210727489.91889152
Epr,M5,cPVVG,Base,CZ10,35.55666666666667,201582877.82405195
Epr,M5,cPVVG,Base,CZ11,36.25708333333334,251837163.35232908
Epr,M5,cPVVG,Base,CZ12,33.139583333333334,213242229.44717076
Epr,M5,cPVVG,Base,CZ13,37.3975,254512779.62649685
Epr,M5,cPVVG,Base,CZ14,33.69791666666667,219421134.63539183
Epr,M5,cPVVG,Base,CZ15,42.32083333333334,291539822.04239047
Epr,M5,cPVVG,Base,CZ16,25.15416666666667,180090679.51484835
Epr,M5,cPVVG,Measure,CZ01,16.715000000000003,121369271.47281934
Epr,M5,cPVVG,Measure,CZ02,25.97041666666667,170697884.4742973
Epr,M5,cPVVG,Measure,CZ03,24.965,147000637.18708193
Epr,M5,cPVVG,Measure,CZ04,32.625416666666666,190808224.4110583
Epr,M5,cPVVG,Measure,CZ05,22.50375,134748640.1442052
Epr,M5,cPVVG,Measure,CZ06,25.29583333333333,149209425.9499202
Epr,M5,cPVVG,Measure,CZ07,25.2725,209487376.0347722
Epr,M5,cPVVG,Measure,CZ08,32.28541666666666,182515463.79402632
Epr,M5,cPVVG,Measure,CZ09,35.456250000000004,196424502.7056977
Epr,M5,cPVVG,Measure,CZ10,35.55666666666667,188292260.9174152
Epr,M5,cPVVG,Measure,CZ11,36.25708333333334,232860266.5310925
Epr,M5,cPVVG,Measure,CZ12,33.139583333333334,198664508.1558491
Epr,M5,cPVVG,Measure,CZ13,37.3975,234789317.7724917
Epr,M5,cPVVG,Measure,CZ14,33.69791666666667,204808405.36707675
Epr,M5,cPVVG,Measure,CZ15,42.32083333333334,267589934.2619128
Epr,M5,cPVVG,Measure,CZ16,25.15416666666667,170626380.9831958
Ese,M1,cDXGF,Base,CZ01,16.715000000000003,413001767.0155054
Ese,M1,cDXGF,Base,CZ02,25.97041666666667,625455868.8031305
Ese,M1,cDXGF,Base,CZ03,24.965,535272516.5880264
Ese,M1,cDXGF,Base,CZ04,32.625416666666666,811547571.7933973
Ese,M1,cDXGF,Base,CZ05,22.50375,502807257.8084507
Ese,M1,cDXGF,Base,CZ06,25.29583333333333,547591079.7719162
Ese,M1,cDXGF,Base,CZ07,25.2725,629796503.6229453
Ese,M1,cDXGF,Base,CZ08,32.28541666666666,787940505.8768103
Ese,M1,cDXGF,Base,CZ09,35.456250000000004,893611428.1872554
Ese,M1,cDXGF,Base,CZ10,35.55666666666667,890521009.6269021
Ese,M1,cDXGF,Base,CZ11,36.25708333333334,893604444.2913182
Ese,M1,cDXGF,Base,CZ12,33.139583333333334,830768500.334383
Ese,M1,cDXGF,Base,CZ13,37.3975,929285315.4907948
Ese,M1,cDXGF,Base,CZ14,33.69791666666667,786301253.6178174
Ese,M1,cDXGF,Base,CZ15,42.32083333333334,1180861875.9089851
Ese,M1,cDXGF,Base,CZ16,25.15416666666667,591736553.7040641
Ese,M1,cDXGF,Measure,CZ01,16.715000000000003,407979802.5302048
Ese,M1,cDXGF,Measure,CZ02,25.97041666666667,625293369.7350861
Ese,M1,cDXGF,Measure,CZ03,24.965,536223948.31733006
Ese,M1,cDXGF,Measure,CZ04,32.625416666666666,814243871.3711483
Ese,M1,cDXGF,Measure,CZ05,22.50375,502524956.51060337
Ese,M1,cDXGF,Measure,CZ06,25.29583333333333,543837747.4826715
Ese,M1,cDXGF,Measure,CZ07,25.2725,630741399.2210572
Ese,M1,cDXGF,Measure,CZ08,32.28541666666666,785535744.4229233
Ese,M1,cDXGF,Measure,CZ09,35.456250000000004,887562257.6649942
Ese,M1,cDXGF,Measure,CZ10,35.55666666666667,885227495.5498989
Ese,M1,cDXGF,Measure,CZ11,36.25708333333334,877759159.193253
Ese,M1,cDXGF,Measure,CZ12,33.139583333333334,833074976.5981542
Ese,M1,cDXGF,Measure,CZ13,37.3975,912578522.069742
Ese,M1,cDXGF,Measure,CZ14,33.69791666666667,768768660.1614437
Ese,M1,cDXGF,Measure,CZ15,42.32083333333334,1172067799.2023437
Ese,M1,cDXGF,Measure,CZ16,25.15416666666667,573949975.4964576
Ese,M1,cDXHP,Base,CZ01,16.715000000000003,413194688.65033984
Ese,M1,cDXHP,Base,CZ02,25.97041666666667,625673392.9951434
Ese,M1,cDXHP,Base,CZ03,24.965,535723818.3901338
Ese,M1,cDXHP,Base,CZ04,32.625416666666666,813788480.6065956
Ese,M1,cDXHP,Base,CZ05,22.50375,503544567.1238181
Ese,M1,cDXHP,Base,CZ06,25.29583333333333,548195295.4432526
Ese,M1,cDXHP,Base,CZ07,25.2725,625565784.4055423
Ese,M1,cDXHP,Base,CZ08,32.28541666666666,789226284.9106215
Ese,M1,cDXHP,Base,CZ09,35.456250000000004,894910777.886104
Ese,M1,cDXHP,Base,CZ10,35.55666666666667,891003913.8226485
Ese,M1,cDXHP,Base,CZ11,36.25708333333334,894417684.6749992
Ese,M1,cDXHP,Base,CZ12,33.139583333333334,832329243.0802629
Ese,M1,cDXHP,Base,CZ13,37.3975,930889770.844976
Ese,M1,cDXHP,Base,CZ14,33.69791666666667,788369900.1502135
Ese,M1,cDXHP,Base,CZ15,42.32083333333334,1180949920.1645253
Ese,M1,cDXHP,Base,CZ16,25.15416666666667,592861202.5932798
Ese,M1,cDXHP,Measure,CZ01,16.715000000000003,408144813.8941915
Ese,M1,cDXHP,Measure,CZ02,25.97041666666667,625328333.381313
Ese,M1,cDXHP,Measure,CZ03,24.965,536630172.6258156
Ese,M1,cDXHP,Measure,CZ04,32.625416666666666,816496103.9828575
Ese,M1,cDXHP,Measure,CZ05,22.50375,503312323.0418961
Ese,M1,cDXHP,Measure,CZ06,25.29583333333333,544411335.1347171
Ese,M1,cDXHP,Measure,CZ07,25.2725,626480721.8969947
Ese,M1,cDXHP,Measure,CZ08,32.28541666666666,786814164.8145462
Ese,M1,cDXHP,Measure,CZ09,35.456250000000004,888821743.0083737
Ese,M1,cDXHP,Measure,CZ10,35.55666666666667,885678611.632529
Ese,M1,cDXHP,Measure,CZ11,36.25708333333334,878517119.4996576
Ese,M1,cDXHP,Measure,CZ12,33.139583333333334,834679635.8693619
Ese,M1,cDXHP,Measure,CZ13,37.3975,914160774.4422728
Ese,M1,cDXHP,Measure,CZ14,33.69791666666667,770992646.22175
Ese,M1,cDXHP,Measure,CZ15,42.32083333333334,1172153615.6273437
Ese,M1,cDXHP,Measure,CZ16,25.15416666666667,575069843.5195968
Ese,M1,cPTAC,Base,CZ01,16.715000000000003,412656859.7552071
Ese,M1,cPTAC,Base,CZ02,25.97041666666667,625451227.2941484
Ese,M1,cPTAC,Base,CZ03,24.965,535217585.8624965
Ese,M1,cPTAC,Base,CZ04,32.625416666666666,811548987.9830035
Ese,M1,cPTAC,Base,CZ05,22.50375,502623844.7588376
Ese,M1,cPTAC,Base,CZ06,25.29583333333333,547591079.7719781
Ese,M1,cPTAC,Base,CZ07,25.2725,629796503.6664392
Ese,M1,cPTAC,Base,CZ08,32.28541666666666,787940505.8767848
Ese,M1,cPTAC,Base,CZ09,35.456250000000004,893611428.1872597
Ese,M1,cPTAC,Base,CZ10,35.55666666666667,890521009.6268879
Ese,M1,cPTAC,Base,CZ11,36.25708333333334,893604444.2911701
Ese,M1,cPTAC,Base,CZ12,33.139583333333334,830768500.3343515
Ese,M1,cPTAC,Base,CZ13,37.3975,929285315.4907944
Ese,M1,cPTAC,Base,CZ14,33.69791666666667,786301253.6178265
Ese,M1,cPTAC,Base,CZ15,42.32083333333334,1180861875.9089625
Ese,M1,cPTAC,Base,CZ16,25.15416666666667,591736553.5209329
Ese,M1,cPTAC,Measure,CZ01,16.715000000000003,407760128.5881842
Ese,M1,cPTAC,Measure,CZ02,25.97041666666667,625293369.1859653
Ese,M1,cPTAC,Measure,CZ03,24.965,536208299.460402
Ese,M1,cPTAC,Measure,CZ04,32.625416666666666,814243871.3711599
Ese,M1,cPTAC,Measure,CZ05,22.50375,502441648.0329288
Ese,M1,cPTAC,Measure,CZ06,25.29583333333333,543837747.4827511
Ese,M1,cPTAC,Measure,CZ07,25.2725,630741399.2214271
Ese,M1,cPTAC,Measure,CZ08,32.28541666666666,785535744.422933
Ese,M1,cPTAC,Measure,CZ09,35.456250000000004,887562257.6649898
Ese,M1,cPTAC,Measure,CZ10,35.55666666666667,885227495.5499187
Ese,M1,cPTAC,Measure,CZ11,36.25708333333334,877759159.1932055
Ese,M1,cPTAC,Measure,CZ12,33.139583333333334,833074976.5979949
Ese,M1,cPTAC,Measure,CZ13,37.3975,912578522.0697522
Ese,M1,cPTAC,Measure,CZ14,33.69791666666667,768768660.1612909
Ese,M1,cPTAC,Measure,CZ15,42.32083333333334,1172067799.2023048
Ese,M1,cPTAC,Measure,CZ16,25.15416666666667,573949975.3202413
Ese,M1,cPVVG,Base,CZ01,16.715000000000003,376590569.5619724
Ese,M1,cPVVG,Base,CZ02,25.97041666666667,587888595.8678625
Ese,M1,cPVVG,Base,CZ03,24.965,496783639.27246654
Ese,M1,cPVVG,Base,CZ04,32.625416666666666,779607551.5697931
Ese,M1,cPVVG,Base,CZ05,22.50375,462597269.8241336
Ese,M1,cPVVG,Base,CZ06,25.29583333333333,509617152.06837225
Ese,M1,cPVVG,Base,CZ07,25.2725,595274266.528024
Ese,M1,cPVVG,Base,CZ08,32.28541666666666,755570037.4814695
Ese,M1,cPVVG,Base,CZ09,35.456250000000004,863578959.9933215
Ese,M1,cPVVG,Base,CZ10,35.55666666666667,859161499.331141
Ese,M1,cPVVG,Base,CZ11,36.25708333333334,865589032.6554441
Ese,M1,cPVVG,Base,CZ12,33.139583333333334,800079189.9126525
Ese,M1,cPVVG,Base,CZ13,37.3975,903506913.6913326
Ese,M1,cPVVG,Base,CZ14,33.69791666666667,756893248.8117616
Ese,M1,cPVVG,Base,CZ15,42.32083333333334,1160745879.0743656
Ese,M1,cPVVG,Base,CZ16,25.15416666666667,549124195.370436
Ese,M1,cPVVG,Measure,CZ01,16.715000000000003,379211392.4581842
Ese,M1,cPVVG,Measure,CZ02,25.97041666666667,598634078.4969771
Ese,M1,cPVVG,Measure,CZ03,24.965,505610736.2615713
Ese,M1,cPVVG,Measure,CZ04,32.625416666666666,788965380.3052325
Ese,M1,cPVVG,Measure,CZ05,22.50375,469816473.2284401
Ese,M1,cPVVG,Measure,CZ06,25.29583333333333,512400213.15035504
Ese,M1,cPVVG,Measure,CZ07,25.2725,599180727.9036224
Ese,M1,cPVVG,Measure,CZ08,32.28541666666666,758249821.6158309
Ese,M1,cPVVG,Measure,CZ09,35.456250000000004,862253480.6706326
Ese,M1,cPVVG,Measure,CZ10,35.55666666666667,858845090.4849966
Ese,M1,cPVVG,Measure,CZ11,36.25708333333334,854775830.5943199
Ese,M1,cPVVG,Measure,CZ12,33.139583333333334,808680816.3523326
Ese,M1,cPVVG,Measure,CZ13,37.3975,890301768.1572301
Ese,M1,cPVVG,Measure,CZ14,33.69791666666667,744261340.6925662
Ese,M1,cPVVG,Measure,CZ15,42.32083333333334,1154057689.7084627
Ese,M1,cPVVG,Measure,CZ16,25.15416666666667,537349485.6123987
Ese,M2,cDXGF,Base,CZ01,16.715000000000003,462570305.771252
Ese,M2,cDXGF,Base,CZ02,25.97041666666667,625779159.1500456
Ese,M2,cDXGF,Base,CZ03,24.965,556224315.5677173
Ese,M2,cDXGF,Base,CZ04,32.625416666666666,743452147.1167138
Ese,M2,cDXGF,Base,CZ05,22.50375,538102130.6520547
Ese,M2,cDXGF,Base,CZ06,25.29583333333333,558070429.2999383
Ese,M2,cDXGF,Base,CZ07,25.2725,608261433.3601079
Ese,M2,cDXGF,Base,CZ08,32.28541666666666,709424800.4964542
Ese,M2,cDXGF,Base,CZ09,35.456250000000004,757374720.4815859
Ese,M2,cDXGF,Base,CZ10,35.55666666666667,755797641.2327328
Ese,M2,cDXGF,Base,CZ11,36.25708333333334,742489827.9208763
Ese,M2,cDXGF,Base,CZ12,33.139583333333334,747936012.8078465
Ese,M2,cDXGF,Base,CZ13,37.3975,763582703.6878691
Ese,M2,cDXGF,Base,CZ14,33.69791666666667,689021001.9163537
Ese,M2,cDXGF,Base,CZ15,42.32083333333334,906613013.2852312
Ese,M2,cDXGF,Base,CZ16,25.15416666666667,611096321.3824315
Ese,M2,cDXGF,Measure,CZ01,16.715000000000003,448670896.8216429
Ese,M2,cDXGF,Measure,CZ02,25.97041666666667,604067988.2344999
Ese,M2,cDXGF,Measure,CZ03,24.965,541095673.8694885
Ese,M2,cDXGF,Measure,CZ04,32.625416666666666,730164583.2352054
Ese,M2,cDXGF,Measure,CZ05,22.50375,521994213.6707021
Ese,M2,cDXGF,Measure,CZ06,25.29583333333333,544551780.3589083
Ese,M2,cDXGF,Measure,CZ07,25.2725,601452163.5517719
Ese,M2,cDXGF,Measure,CZ08,32.28541666666666,695953423.8575048
Ese,M2,cDXGF,Measure,CZ09,35.456250000000004,744418798.8662485
Ese,M2,cDXGF,Measure,CZ10,35.55666666666667,742582887.8018055
Ese,M2,cDXGF,Measure,CZ11,36.25708333333334,730875079.7551498
Ese,M2,cDXGF,Measure,CZ12,33.139583333333334,736382870.328273
Ese,M2,cDXGF,Measure,CZ13,37.3975,752865258.397543
Ese,M2,cDXGF,Measure,CZ14,33.69791666666667,674846642.153997
Ese,M2,cDXGF,Measure,CZ15,42.32083333333334,904032153.7066232
Ese,M2,cDXGF,Measure,CZ16,25.15416666666667,593005184.3201369
Ese,M2,cDXHP,Base,CZ01,16.715000000000003,462261429.5525904
Ese,M2,cDXHP,Base,CZ02,25.97041666666667,625341700.6261263
Ese,M2,cDXHP,Base,CZ03,24.965,555787542.9577706
Ese,M2,cDXHP,Base,CZ04,32.625416666666666,742854157.112853
Ese,M2,cDXHP,Base,CZ05,22.50375,537789676.5311985
Ese,M2,cDXHP,Base,CZ06,25.29583333333333,557789308.6878349
Ese,M2,cDXHP,Base,CZ07,25.2725,607970546.1510733
Ese,M2,cDXHP,Base,CZ08,32.28541666666666,709154614.6090323
Ese,M2,cDXHP,Base,CZ09,35.456250000000004,757180295.3730538
Ese,M2,cDXHP,Base,CZ10,35.55666666666667,755648431.9576329
Ese,M2,cDXHP,Base,CZ11,36.25708333333334,742098394.7919638
Ese,M2,cDXHP,Base,CZ12,33.139583333333334,747469876.6728666
Ese,M2,cDXHP,Base,CZ13,37.3975,763276865.3290873
Ese,M2,cDXHP,Base,CZ14,33.69791666666667,688521776.0943868
Ese,M2,cDXHP,Base,CZ15,42.32083333333334,906586791.3449904
Ese,M2,cDXHP,Base,CZ16,25.15416666666667,611078597.9888177
Ese,M2,cDXHP,Measure,CZ01,16.715000000000003,448318304.98288095
Ese,M2,cDXHP,Measure,CZ02,25.97041666666667,603657045.0658668
Ese,M2,cDXHP,Measure,CZ03,24.965,540757343.5304842
Ese,M2,cDXHP,Measure,CZ04,32.625416666666666,729616377.0596889
Ese,M2,cDXHP,Measure,CZ05,22.50375,521691256.9791794
Ese,M2,cDXHP,Measure,CZ06,25.29583333333333,544299812.8231119
Ese,M2,cDXHP,Measure,CZ07,25.2725,601128246.6934507
Ese,M2,cDXHP,Measure,CZ08,32.28541666666666,695718696.8525052
Ese,M2,cDXHP,Measure,CZ09,35.456250000000004,744253725.6964116
Ese,M2,cDXHP,Measure,CZ10,35.55666666666667,742437895.3994832
Ese,M2,cDXHP,Measure,CZ11,36.25708333333334,730697683.01794
Ese,M2,cDXHP,Measure,CZ12,33.139583333333334,735961913.6833315
Ese,M2,cDXHP,Measure,CZ13,37.3975,752748172.8620889
Ese,M2,cDXHP,Measure,CZ14,33.69791666666667,674434244.2785615
Ese,M2,cDXHP,Measure,CZ15,42.32083333333334,904009192.9809988
Ese,M2,cDXHP,Measure,CZ16,25.15416666666667,592968167.1839608
Ese,M2,cPTAC,Base,CZ01,16.715000000000003,462570305.7712304
Ese,M2,cPTAC,Base,CZ02,25.97041666666667,625779159.2047749
Ese,M2,cPTAC,Base,CZ03,24.965,556224315.5677325
Ese,M2,cPTAC,Base,CZ04,32.625416666666666,743452147.1166832
Ese,M2,cPTAC,Base,CZ05,22.50375,538102130.6520548
Ese,M2,cPTAC,Base,CZ06,25.29583333333333,558070429.2999399
Ese,M2,cPTAC,Base,CZ07,25.2725,608261433.4634668
Ese,M2,cPTAC,Base,CZ08,32.28541666666666,709424800.4964519
Ese,M2,cPTAC,Base,CZ09,35.456250000000004,757374720.4815866
Ese,M2,cPTAC,Base,CZ10,35.55666666666667,755797641.2327282
Ese,M2,cPTAC,Base,CZ11,36.25708333333334,742489827.9208941
Ese,M2,cPTAC,Base,CZ12,33.139583333333334,747936012.8078376
Ese,M2,cPTAC,Base,CZ13,37.3975,763582703.6878684
Ese,M2,cPTAC,Base,CZ14,33.69791666666667,689021001.9163542
Ese,M2,cPTAC,Base,CZ15,42.32083333333334,906613012.31626
Ese,M2,cPTAC,Base,CZ16,25.15416666666667,611096321.3824159
Ese,M2,cPTAC,Measure,CZ01,16.715000000000003,448670896.8214368
Ese,M2,cPTAC,Measure,CZ02,25.97041666666667,604067988.2342734
Ese,M2,cPTAC,Measure,CZ03,24.965,541095673.8695285
Ese,M2,cPTAC,Measure,CZ04,32.625416666666666,730164583.2377403
Ese,M2,cPTAC,Measure,CZ05,22.50375,521994213.6705962
Ese,M2,cPTAC,Measure,CZ06,25.29583333333333,544551780.3588735
Ese,M2,cPTAC,Measure,CZ07,25.2725,601452163.5627446
Ese,M2,cPTAC,Measure,CZ08,32.28541666666666,695953423.8574536
Ese,M2,cPTAC,Measure,CZ09,35.456250000000004,744418798.8661883
Ese,M2,cPTAC,Measure,CZ10,35.55666666666667,742582887.8017652
Ese,M2,cPTAC,Measure,CZ11,36.25708333333334,730875079.7551086
Ese,M2,cPTAC,Measure,CZ12,33.139583333333334,736382870.3282629
Ese,M2,cPTAC,Measure,CZ13,37.3975,752865258.3968515
Ese,M2,cPTAC,Measure,CZ14,33.69791666666667,674846642.1523154
Ese,M2,cPTAC,Measure,CZ15,42.32083333333334,904032153.7071968
Ese,M2,cPTAC,Measure,CZ16,25.15416666666667,593005184.3218399
Ese,M2,cPVVG,Base,CZ01,16.715000000000003,428701475.4944888
Ese,M2,cPVVG,Base,CZ02,25.97041666666667,587245000.4149044
Ese,M2,cPVVG,Base,CZ03,24.965,518700158.8465097
Ese,M2,cPVVG,Base,CZ04,32.625416666666666,707112715.4118478
Ese,M2,cPVVG,Base,CZ05,22.50375,498458588.5318607
Ese,M2,cPVVG,Base,CZ06,25.29583333333333,521940078.05608726
Ese,M2,cPVVG,Base,CZ07,25.2725,575519472.6557906
Ese,M2,cPVVG,Base,CZ08,32.28541666666666,671245230.4004867
Ese,M2,cPVVG,Base,CZ09,35.456250000000004,717460442.6182067
Ese,M2,cPVVG,Base,CZ10,35.55666666666667,715624834.1365633
Ese,M2,cPVVG,Base,CZ11,36.25708333333334,705137758.0035527
Ese,M2,cPVVG,Base,CZ12,33.139583333333334,712795903.5515828
Ese,M2,cPVVG,Base,CZ13,37.3975,726866805.1587831
Ese,M2,cPVVG,Base,CZ14,33.69791666666667,650817247.9823725
Ese,M2,cPVVG,Base,CZ15,42.32083333333334,870526843.1312582
Ese,M2,cPVVG,Base,CZ16,25.15416666666667,570403262.2708907
Ese,M2,cPVVG,Measure,CZ01,16.715000000000003,422781780.28816897
Ese,M2,cPVVG,Measure,CZ02,25.97041666666667,575256851.4674647
Ese,M2,cPVVG,Measure,CZ03,24.965,509802836.9060352
Ese,M2,cPVVG,Measure,CZ04,32.625416666666666,697239570.3983384
Ese,M2,cPVVG,Measure,CZ05,22.50375,489397905.8187311
Ese,M2,cPVVG,Measure,CZ06,25.29583333333333,513355078.0960336
Ese,M2,cPVVG,Measure,CZ07,25.2725,569044974.2374868
Ese,M2,cPVVG,Measure,CZ08,32.28541666666666,661119384.6486928
Ese,M2,cPVVG,Measure,CZ09,35.456250000000004,707911960.021044
Ese,M2,cPVVG,Measure,CZ10,35.55666666666667,705840194.9373767
Ese,M2,cPVVG,Measure,CZ11,36.25708333333334,697221669.4783614
Ese,M2,cPVVG,Measure,CZ12,33.139583333333334,704431112.7237519
Ese,M2,cPVVG,Measure,CZ13,37.3975,719731156.3737421
Ese,M2,cPVVG,Measure,CZ14,33.69791666666667,640576281.9316635
Ese,M2,cPVVG,Measure,CZ15,42.32083333333334,870639546.223057
Ese,M2,cPVVG,Measure,CZ16,25.15416666666667,556548032.5773268
Ese,M3,cDXGF,Base,CZ01,16.715000000000003,389571248.8658936
Ese,M3,cDXGF,Base,CZ02,25.97041666666667,570911447.1816127
Ese,M3,cDXGF,Base,CZ03,24.965,499336206.5443052
Ese,M3,cDXGF,Base,CZ04,32.625416666666666,682556004.493117
Ese,M3,cDXGF,Base,CZ05,22.50375,463575526.7707273
Ese,M3,cDXGF,Base,CZ06,25.29583333333333,508333749.7430847
Ese,M3,cDXGF,Base,CZ07,25.2725,559272508.4139339
Ese,M3,cDXGF,Base,CZ08,32.28541666666666,645885019.7648466
Ese,M3,cDXGF,Base,CZ09,35.456250000000004,692953691.1500862
Ese,M3,cDXGF,Base,CZ10,35.55666666666667,690632833.1470549
Ese,M3,cDXGF,Base,CZ11,36.25708333333334,684220981.358671
Ese,M3,cDXGF,Base,CZ12,33.139583333333334,691572925.9469651
Ese,M3,cDXGF,Base,CZ13,37.3975,708496175.1892519
Ese,M3,cDXGF,Base,CZ14,33.69791666666667,626333246.6081724
Ese,M3,cDXGF,Base,CZ15,42.32083333333334,863031697.7417941
Ese,M3,cDXGF,Base,CZ16,25.15416666666667,549696872.7551384
Ese,M3,cDXGF,Measure,CZ01,16.715000000000003,380547828.2610465
Ese,M3,cDXGF,Measure,CZ02,25.97041666666667,556053852.7031558
Ese,M3,cDXGF,Measure,CZ03,24.965,487059446.6020388
Ese,M3,cDXGF,Measure,CZ04,32.625416666666666,664111533.2080069
Ese,M3,cDXGF,Measure,CZ05,22.50375,453159616.2924086
Ese,M3,cDXGF,Measure,CZ06,25.29583333333333,497648002.1042418
Ese,M3,cDXGF,Measure,CZ07,25.2725,543368619.3875237
Ese,M3,cDXGF,Measure,CZ08,32.28541666666666,627976139.3801037
Ese,M3,cDXGF,Measure,CZ09,35.456250000000004,673162076.2025187
Ese,M3,cDXGF,Measure,CZ10,35.55666666666667,671226489.1251822
Ese,M3,cDXGF,Measure,CZ11,36.25708333333334,662705958.208673
Ese,M3,cDXGF,Measure,CZ12,33.139583333333334,673183842.9915491
Ese,M3,cDXGF,Measure,CZ13,37.3975,685797768.1748791
Ese,M3,cDXGF,Measure,CZ14,33.69791666666667,607391983.7717708
Ese,M3,cDXGF,Measure,CZ15,42.32083333333334,837667451.1568513
Ese,M3,cDXGF,Measure,CZ16,25.15416666666667,535671982.8642037
Ese,M3,cDXHP,Base,CZ01,16.715000000000003,383075032.9613431
Ese,M3,cDXHP,Base,CZ02,25.97041666666667,567468843.4561853
Ese,M3,cDXHP,Base,CZ03,24.965,495109270.1993978
Ese,M3,cDXHP,Base,CZ04,32.625416666666666,678835322.6216307
Ese,M3,cDXHP,Base,CZ05,22.50375,458206337.4583666
Ese,M3,cDXHP,Base,CZ06,25.29583333333333,503742750.1097965
Ese,M3,cDXHP,Base,CZ07,25.2725,555191767.8655344
Ese,M3,cDXHP,Base,CZ08,32.28541666666666,643977400.5935911
Ese,M3,cDXHP,Base,CZ09,35.456250000000004,691467898.0410974
Ese,M3,cDXHP,Base,CZ10,35.55666666666667,689920389.4890682
Ese,M3,cDXHP,Base,CZ11,36.25708333333334,681949085.634404
Ese,M3,cDXHP,Base,CZ12,33.139583333333334,689009999.4383531
Ese,M3,cDXHP,Base,CZ13,37.3975,707003792.6265395
Ese,M3,cDXHP,Base,CZ14,33.69791666666667,623024336.8385627
Ese,M3,cDXHP,Base,CZ15,42.32083333333334,862954067.4514964
Ese,M3,cDXHP,Base,CZ16,25.15416666666667,542255422.7699914
Ese,M3,cDXHP,Measure,CZ01,16.715000000000003,374002549.2704623
Ese,M3,cDXHP,Measure,CZ02,25.97041666666667,552561871.1978585
Ese,M3,cDXHP,Measure,CZ03,24.965,482810259.41352046
Ese,M3,cDXHP,Measure,CZ04,32.625416666666666,660271604.5111182
Ese,M3,cDXHP,Measure,CZ05,22.50375,447801986.1564631
Ese,M3,cDXHP,Measure,CZ06,25.29583333333333,493060597.0998321
Ese,M3,cDXHP,Measure,CZ07,25.2725,539227132.1912389
Ese,M3,cDXHP,Measure,CZ08,32.28541666666666,626026220.4960351
Ese,M3,cDXHP,Measure,CZ09,35.456250000000004,671650741.9075816
Ese,M3,cDXHP,Measure,CZ10,35.55666666666667,670512098.6434605
Ese,M3,cDXHP,Measure,CZ11,36.25708333333334,660311123.93609
Ese,M3,cDXHP,Measure,CZ12,33.139583333333334,670495340.7525687
Ese,M3,cDXHP,Measure,CZ13,37.3975,684214117.814287
Ese,M3,cDXHP,Measure,CZ14,33.69791666666667,603996238.1565379
Ese,M3,cDXHP,Measure,CZ15,42.32083333333334,837586484.4087076
Ese,M3,cDXHP,Measure,CZ16,25.15416666666667,528352224.73179096
Ese,M3,cPTAC,Base,CZ01,16.715000000000003,389571248.8662882
Ese,M3,cPTAC,Base,CZ02,25.97041666666667,570911447.181607
Ese,M3,cPTAC,Base,CZ03,24.965,499336206.5434648
Ese,M3,cPTAC,Base,CZ04,32.625416666666666,682556004.4931216
Ese,M3,cPTAC,Base,CZ05,22.50375,463575526.7708314
Ese,M3,cPTAC,Base,CZ06,25.29583333333333,508333749.7437604
Ese,M3,cPTAC,Base,CZ07,25.2725,559272508.4139574
Ese,M3,cPTAC,Base,CZ08,32.28541666666666,645885019.7648628
Ese,M3,cPTAC,Base,CZ09,35.456250000000004,692953691.1508951
Ese,M3,cPTAC,Base,CZ10,35.55666666666667,690632833.1470494
Ese,M3,cPTAC,Base,CZ11,36.25708333333334,684220981.3586488
Ese,M3,cPTAC,Base,CZ12,33.139583333333334,691572925.9469272
Ese,M3,cPTAC,Base,CZ13,37.3975,708496175.189193
Ese,M3,cPTAC,Base,CZ14,33.69791666666667,626333246.6081948
Ese,M3,cPTAC,Base,CZ15,42.32083333333334,863031697.7418029
Ese,M3,cPTAC,Base,CZ16,25.15416666666667,549696872.7530313
Ese,M3,cPTAC,Measure,CZ01,16.715000000000003,380547828.26128674
Ese,M3,cPTAC,Measure,CZ02,25.97041666666667,556053852.7027628
Ese,M3,cPTAC,Measure,CZ03,24.965,487059446.6016581
Ese,M3,cPTAC,Measure,CZ04,32.625416666666666,664111533.2077978
Ese,M3,cPTAC,Measure,CZ05,22.50375,453159616.2924402
Ese,M3,cPTAC,Measure,CZ06,25.29583333333333,497648002.1044045
Ese,M3,cPTAC,Measure,CZ07,25.2725,543368619.3873714
Ese,M3,cPTAC,Measure,CZ08,32.28541666666666,627976139.3802694
Ese,M3,cPTAC,Measure,CZ09,35.456250000000004,673162076.2007756
Ese,M3,cPTAC,Measure,CZ10,35.55666666666667,671226489.1252629
Ese,M3,cPTAC,Measure,CZ11,36.25708333333334,662705958.2088149
Ese,M3,cPTAC,Measure,CZ12,33.139583333333334,673183842.991538
Ese,M3,cPTAC,Measure,CZ13,37.3975,685797768.1749232
Ese,M3,cPTAC,Measure,CZ14,33.69791666666667,607391983.7717055
Ese,M3,cPTAC,Measure,CZ15,42.32083333333334,837667451.156849
Ese,M3,cPTAC,Measure,CZ16,25.15416666666667,535671982.8255274
Ese,M3,cPVVG,Base,CZ01,16.715000000000003,387340690.92218304
Ese,M3,cPVVG,Base,CZ02,25.97041666666667,567945339.2478023
Ese,M3,cPVVG,Base,CZ03,24.965,496491262.3068788
Ese,M3,cPVVG,Base,CZ04,32.625416666666666,679137169.6956519
Ese,M3,cPVVG,Base,CZ05,22.50375,460763399.1821722
Ese,M3,cPVVG,Base,CZ06,25.29583333333333,505458144.50840753
Ese,M3,cPVVG,Base,CZ07,25.2725,555871055.7640216
Ese,M3,cPVVG,Base,CZ08,32.28541666666666,642450563.5776372
Ese,M3,cPVVG,Base,CZ09,35.456250000000004,689244015.286274
Ese,M3,cPVVG,Base,CZ10,35.55666666666667,687060045.2722809
Ese,M3,cPVVG,Base,CZ11,36.25708333333334,680461007.6581347
Ese,M3,cPVVG,Base,CZ12,33.139583333333334,688273955.8814545
Ese,M3,cPVVG,Base,CZ13,37.3975,704743012.3102806
Ese,M3,cPVVG,Base,CZ14,33.69791666666667,622647226.8246373
Ese,M3,cPVVG,Base,CZ15,42.32083333333334,859208828.9384816
Ese,M3,cPVVG,Base,CZ16,25.15416666666667,545987010.2859173
Ese,M3,cPVVG,Measure,CZ01,16.715000000000003,378420452.7452995
Ese,M3,cPVVG,Measure,CZ02,25.97041666666667,553233737.6700286
Ese,M3,cPVVG,Measure,CZ03,24.965,484371481.1864271
Ese,M3,cPVVG,Measure,CZ04,32.625416666666666,660905020.3413525
Ese,M3,cPVVG,Measure,CZ05,22.50375,450506489.2923743
Ese,M3,cPVVG,Measure,CZ06,25.29583333333333,494932243.2543575
Ese,M3,cPVVG,Measure,CZ07,25.2725,540105469.142962
Ese,M3,cPVVG,Measure,CZ08,32.28541666666666,624789068.2672424
Ese,M3,cPVVG,Measure,CZ09,35.456250000000004,669758664.8205208
Ese,M3,cPVVG,Measure,CZ10,35.55666666666667,667932517.3868834
Ese,M3,cPVVG,Measure,CZ11,36.25708333333334,659256823.9966342
Ese,M3,cPVVG,Measure,CZ12,33.139583333333334,670081418.989356
Ese,M3,cPVVG,Measure,CZ13,37.3975,682363111.0455625
Ese,M3,cPVVG,Measure,CZ14,33.69791666666667,603994155.6012633
Ese,M3,cPVVG,Measure,CZ15,42.32083333333334,834150017.8885107
Ese,M3,cPVVG,Measure,CZ16,25.15416666666667,532199981.4370265
Ese,M4,cDXGF,Base,CZ01,16.715000000000003,421872107.9923973
Ese,M4,cDXGF,Base,CZ02,25.97041666666667,630711551.8150729
Ese,M4,cDXGF,Base,CZ03,24.965,543526994.1424472
Ese,M4,cDXGF,Base,CZ04,32.625416666666666,811547948.3670449
Ese,M4,cDXGF,Base,CZ05,22.50375,512541703.2386161
Ese,M4,cDXGF,Base,CZ06,25.29583333333333,550657342.8787962
Ese,M4,cDXGF,Base,CZ07,25.2725,629796508.5249364
Ese,M4,cDXGF,Base,CZ08,32.28541666666666,787940634.9791093
Ese,M4,cDXGF,Base,CZ09,35.456250000000004,893611740.0541224
Ese,M4,cDXGF,Base,CZ10,35.55666666666667,890521173.4685562
Ese,M4,cDXGF,Base,CZ11,36.25708333333334,893604412.7892859
Ese,M4,cDXGF,Base,CZ12,33.139583333333334,830768456.614711
Ese,M4,cDXGF,Base,CZ13,37.3975,929285369.7371083
Ese,M4,cDXGF,Base,CZ14,33.69791666666667,786301288.8288383
Ese,M4,cDXGF,Base,CZ15,42.32083333333334,1180861875.9134688
Ese,M4,cDXGF,Base,CZ16,25.15416666666667,594771475.287288
Ese,M4,cDXGF,Measure,CZ01,16.715000000000003,419702070.69481134
Ese,M4,cDXGF,Measure,CZ02,25.97041666666667,630823435.0620327
Ese,M4,cDXGF,Measure,CZ03,24.965,544907844.6238153
Ese,M4,cDXGF,Measure,CZ04,32.625416666666666,814245055.95778
Ese,M4,cDXGF,Measure,CZ05,22.50375,513516274.4960601
Ese,M4,cDXGF,Measure,CZ06,25.29583333333333,546917991.3353975
Ese,M4,cDXGF,Measure,CZ07,25.2725,630741407.9263233
Ese,M4,cDXGF,Measure,CZ08,32.28541666666666,785536289.7599561
Ese,M4,cDXGF,Measure,CZ09,35.456250000000004,887562893.2468727
Ese,M4,cDXGF,Measure,CZ10,35.55666666666667,885228233.6502321
Ese,M4,cDXGF,Measure,CZ11,36.25708333333334,877759148.0220747
Ese,M4,cDXGF,Measure,CZ12,33.139583333333334,833075085.7796888
Ese,M4,cDXGF,Measure,CZ13,37.3975,912578471.3113772
Ese,M4,cDXGF,Measure,CZ14,33.69791666666667,768768713.3924273
Ese,M4,cDXGF,Measure,CZ15,42.32083333333334,1172067799.2115417
Ese,M4,cDXGF,Measure,CZ16,25.15416666666667,577009926.2335967
Ese,M4,cDXHP,Base,CZ01,16.715000000000003,421996282.0257567
Ese,M4,cDXHP,Base,CZ02,25.97041666666667,630957987.9289433
Ese,M4,cDXHP,Base,CZ03,24.965,543996101.7866687
Ese,M4,cDXHP,Base,CZ04,32.625416666666666,813788882.6737765
Ese,M4,cDXHP,Base,CZ05,22.50375,513385840.48041046
Ese,M4,cDXHP,Base,CZ06,25.29583333333333,551279878.0872344
Ese,M4,cDXHP,Base,CZ07,25.2725,625565788.9192826
Ese,M4,cDXHP,Base,CZ08,32.28541666666666,789226401.7390625
Ese,M4,cDXHP,Base,CZ09,35.456250000000004,894911109.4654247
Ese,M4,cDXHP,Base,CZ10,35.55666666666667,891004099.0571926
Ese,M4,cDXHP,Base,CZ11,36.25708333333334,894417662.29112
Ese,M4,cDXHP,Base,CZ12,33.139583333333334,832329159.645082
Ese,M4,cDXHP,Base,CZ13,37.3975,930889848.638286
Ese,M4,cDXHP,Base,CZ14,33.69791666666667,788369945.2675412
Ese,M4,cDXHP,Base,CZ15,42.32083333333334,1180949920.1697085
Ese,M4,cDXHP,Base,CZ16,25.15416666666667,595954968.4035125
Ese,M4,cDXHP,Measure,CZ01,16.715000000000003,419733139.7193707
Ese,M4,cDXHP,Measure,CZ02,25.97041666666667,630889539.7728932
Ese,M4,cDXHP,Measure,CZ03,24.965,545273394.7019775
Ese,M4,cDXHP,Measure,CZ04,32.625416666666666,816497225.2993288
Ese,M4,cDXHP,Measure,CZ05,22.50375,514417618.4020705
Ese,M4,cDXHP,Measure,CZ06,25.29583333333333,547489777.2032857
Ese,M4,cDXHP,Measure,CZ07,25.2725,626480754.6158936
Ese,M4,cDXHP,Measure,CZ08,32.28541666666666,786825280.7449329
Ese,M4,cDXHP,Measure,CZ09,35.456250000000004,888822292.670526
Ese,M4,cDXHP,Measure,CZ10,35.55666666666667,885679340.0191245
Ese,M4,cDXHP,Measure,CZ11,36.25708333333334,878517109.3618289
Ese,M4,cDXHP,Measure,CZ12,33.139583333333334,834679744.8700312
Ese,M4,cDXHP,Measure,CZ13,37.3975,914160764.2744842
Ese,M4,cDXHP,Measure,CZ14,33.69791666666667,770992689.5147643
Ese,M4,cDXHP,Measure,CZ15,42.32083333333334,1172153615.6429513
Ese,M4,cDXHP,Measure,CZ16,25.15416666666667,578189096.8201134
Ese,M4,cPTAC,Base,CZ01,16.715000000000003,421197880.704504
Ese,M4,cPTAC,Base,CZ02,25.97041666666667,630706703.1612691
Ese,M4,cPTAC,Base,CZ03,24.965,543459258.9164617
Ese,M4,cPTAC,Base,CZ04,32.625416666666666,811549380.4585075
Ese,M4,cPTAC,Base,CZ05,22.50375,512263043.5097749
Ese,M4,cPTAC,Base,CZ06,25.29583333333333,550657342.8788764
Ese,M4,cPTAC,Base,CZ07,25.2725,629796508.5693133
Ese,M4,cPTAC,Base,CZ08,32.28541666666666,787940634.9790862
Ese,M4,cPTAC,Base,CZ09,35.456250000000004,893611740.0541227
Ese,M4,cPTAC,Base,CZ10,35.55666666666667,890521173.4685571
Ese,M4,cPTAC,Base,CZ11,36.25708333333334,893604412.7891479
Ese,M4,cPTAC,Base,CZ12,33.139583333333334,830768456.6146843
Ese,M4,cPTAC,Base,CZ13,37.3975,929285369.7371148
Ese,M4,cPTAC,Base,CZ14,33.69791666666667,786301288.828862
Ese,M4,cPTAC,Base,CZ15,42.32083333333334,1180861875.9134653
Ese,M4,cPTAC,Base,CZ16,25.15416666666667,594771475.1021572
Ese,M4,cPTAC,Measure,CZ01,16.715000000000003,419303905.6984796
Ese,M4,cPTAC,Measure,CZ02,25.97041666666667,630823434.3897345
Ese,M4,cPTAC,Measure,CZ03,24.965,544888403.5124419
Ese,M4,cPTAC,Measure,CZ04,32.625416666666666,814245055.9578795
Ese,M4,cPTAC,Measure,CZ05,22.50375,513387887.0733415
Ese,M4,cPTAC,Measure,CZ06,25.29583333333333,546917991.3354566
Ese,M4,cPTAC,Measure,CZ07,25.2725,630741407.9353653
Ese,M4,cPTAC,Measure,CZ08,32.28541666666666,785536289.759976
Ese,M4,cPTAC,Measure,CZ09,35.456250000000004,887562893.2468846
Ese,M4,cPTAC,Measure,CZ10,35.55666666666667,885228233.6502494
Ese,M4,cPTAC,Measure,CZ11,36.25708333333334,877759148.0220264
Ese,M4,cPTAC,Measure,CZ12,33.139583333333334,833075085.7796137
Ese,M4,cPTAC,Measure,CZ13,37.3975,912578471.311378
Ese,M4,cPTAC,Measure,CZ14,33.69791666666667,768768713.392284
Ese,M4,cPTAC,Measure,CZ15,42.32083333333334,1172067799.2114935
Ese,M4,cPTAC,Measure,CZ16,25.15416666666667,577009926.0521
Ese,M4,cPVVG,Base,CZ01,16.715000000000003,381645818.2073415
Ese,M4,cPVVG,Base,CZ02,25.97041666666667,591608256.2185302
Ese,M4,cPVVG,Base,CZ03,24.965,502692116.6614956
Ese,M4,cPVVG,Base,CZ04,32.625416666666666,779607659.8619068
Ese,M4,cPVVG,Base,CZ05,22.50375,469157683.03299415
Ese,M4,cPVVG,Base,CZ06,25.29583333333333,511917302.71845335
Ese,M4,cPVVG,Base,CZ07,25.2725,595274272.2047653
Ese,M4,cPVVG,Base,CZ08,32.28541666666666,755570172.1380997
Ese,M4,cPVVG,Base,CZ09,35.456250000000004,863579326.8419752
Ese,M4,cPVVG,Base,CZ10,35.55666666666667,859161679.7475992
Ese,M4,cPVVG,Base,CZ11,36.25708333333334,865588988.4156991
Ese,M4,cPVVG,Base,CZ12,33.139583333333334,800079180.5253003
Ese,M4,cPVVG,Base,CZ13,37.3975,903506889.8586245
Ese,M4,cPVVG,Base,CZ14,33.69791666666667,756893261.3059347
Ese,M4,cPVVG,Base,CZ15,42.32083333333334,1160745879.0792208
Ese,M4,cPVVG,Base,CZ16,25.15416666666667,551677910.3525295
Ese,M4,cPVVG,Measure,CZ01,16.715000000000003,386887169.8595101
Ese,M4,cPVVG,Measure,CZ02,25.97041666666667,602801847.1470255
Ese,M4,cPVVG,Measure,CZ03,24.965,512094951.5818675
Ese,M4,cPVVG,Measure,CZ04,32.625416666666666,788968481.012581
Ese,M4,cPVVG,Measure,CZ05,22.50375,477717313.4491266
Ese,M4,cPVVG,Measure,CZ06,25.29583333333333,514724368.2502652
Ese,M4,cPVVG,Measure,CZ07,25.2725,599180805.3297769
Ese,M4,cPVVG,Measure,CZ08,32.28541666666666,758251133.9834411
Ese,M4,cPVVG,Measure,CZ09,35.456250000000004,862255509.4939961
Ese,M4,cPVVG,Measure,CZ10,35.55666666666667,858846483.0299443
Ese,M4,cPVVG,Measure,CZ11,36.25708333333334,854775867.9827641
Ese,M4,cPVVG,Measure,CZ12,33.139583333333334,808679864.3431433
Ese,M4,cPVVG,Measure,CZ13,37.3975,890301736.8816102
Ese,M4,cPVVG,Measure,CZ14,33.69791666666667,744261425.4056376
Ese,M4,cPVVG,Measure,CZ15,42.32083333333334,1154057689.571596
Ese,M4,cPVVG,Measure,CZ16,25.15416666666667,539936730.2818527
Ese,M5,cDXGF,Base,CZ01,16.715000000000003,371838088.653352
Ese,M5,cDXGF,Base,CZ02,25.97041666666667,598586778.1501758
Ese,M5,cDXGF,Base,CZ03,24.965,501895331.77476287
Ese,M5,cDXGF,Base,CZ04,32.625416666666666,732015774.4740916
Ese,M5,cDXGF,Base,CZ05,22.50375,454648652.7948027
Ese,M5,cDXGF,Base,CZ06,25.29583333333333,510420100.0097559
Ese,M5,cDXGF,Base,CZ07,25.2725,591705325.9533626
Ese,M5,cDXGF,Base,CZ08,32.28541666666666,705204403.1918427
Ese,M5,cDXGF,Base,CZ09,35.456250000000004,798014522.0700772
Ese,M5,cDXGF,Base,CZ10,35.55666666666667,783052267.4413024
Ese,M5,cDXGF,Base,CZ11,36.25708333333334,797596779.9546063
Ese,M5,cDXGF,Base,CZ12,33.139583333333334,766640062.4295428
Ese,M5,cDXGF,Base,CZ13,37.3975,823948635.8912339
Ese,M5,cDXGF,Base,CZ14,33.69791666666667,678431747.917099
Ese,M5,cDXGF,Base,CZ15,42.32083333333334,1086748770.5440435
Ese,M5,cDXGF,Base,CZ16,25.15416666666667,532763319.4786329
Ese,M5,cDXGF,Measure,CZ01,16.715000000000003,365943326.3236053
Ese,M5,cDXGF,Measure,CZ02,25.97041666666667,586308204.175436
Ese,M5,cDXGF,Measure,CZ03,24.965,492292445.23213816
Ese,M5,cDXGF,Measure,CZ04,32.625416666666666,716376713.5558527
Ese,M5,cDXGF,Measure,CZ05,22.50375,446481021.9066578
Ese,M5,cDXGF,Measure,CZ06,25.29583333333333,501177074.7879431
Ese,M5,cDXGF,Measure,CZ07,25.2725,578761160.1968721
Ese,M5,cDXGF,Measure,CZ08,32.28541666666666,689265142.4041295
Ese,M5,cDXGF,Measure,CZ09,35.456250000000004,778680698.3866053
Ese,M5,cDXGF,Measure,CZ10,35.55666666666667,764751062.9965513
Ese,M5,cDXGF,Measure,CZ11,36.25708333333334,777085218.1573038
Ese,M5,cDXGF,Measure,CZ12,33.139583333333334,750270573.0178934
Ese,M5,cDXGF,Measure,CZ13,37.3975,803031679.8773993
Ese,M5,cDXGF,Measure,CZ14,33.69791666666667,662359406.5348022
Ese,M5,cDXGF,Measure,CZ15,42.32083333333334,1059715435.8312207
Ese,M5,cDXGF,Measure,CZ16,25.15416666666667,522243835.4432096
Ese,M5,cDXHP,Base,CZ01,16.715000000000003,370753895.3095856
Ese,M5,cDXHP,Base,CZ02,25.97041666666667,595845380.9385364
Ese,M5,cDXHP,Base,CZ03,24.965,500260665.5927258
Ese,M5,cDXHP,Base,CZ04,32.625416666666666,726558078.78439
Ese,M5,cDXHP,Base,CZ05,22.50375,452226827.2937661
Ese,M5,cDXHP,Base,CZ06,25.29583333333333,508068139.75989735
Ese,M5,cDXHP,Base,CZ07,25.2725,588329613.5897636
Ese,M5,cDXHP,Base,CZ08,32.28541666666666,702048673.930066
Ese,M5,cDXHP,Base,CZ09,35.456250000000004,793785249.7430637
Ese,M5,cDXHP,Base,CZ10,35.55666666666667,780907171.8622087
Ese,M5,cDXHP,Base,CZ11,36.25708333333334,793397642.6297219
Ese,M5,cDXHP,Base,CZ12,33.139583333333334,762927582.6681467
Ese,M5,cDXHP,Base,CZ13,37.3975,820027754.5902152
Ese,M5,cDXHP,Base,CZ14,33.69791666666667,670036667.4773053
Ese,M5,cDXHP,Base,CZ15,42.32083333333334,1086430945.7718468
Ese,M5,cDXHP,Base,CZ16,25.15416666666667,528011674.5159674
Ese,M5,cDXHP,Measure,CZ01,16.715000000000003,364533524.4027816
Ese,M5,cDXHP,Measure,CZ02,25.97041666666667,583391414.3075547
Ese,M5,cDXHP,Measure,CZ03,24.965,490355911.27550256
Ese,M5,cDXHP,Measure,CZ04,32.625416666666666,710970970.6459645
Ese,M5,cDXHP,Measure,CZ05,22.50375,443818361.40024006
Ese,M5,cDXHP,Measure,CZ06,25.29583333333333,498597634.0752084
Ese,M5,cDXHP,Measure,CZ07,25.2725,575133557.0154787
Ese,M5,cDXHP,Measure,CZ08,32.28541666666666,686236846.9747192
Ese,M5,cDXHP,Measure,CZ09,35.456250000000004,774784077.248867
Ese,M5,cDXHP,Measure,CZ10,35.55666666666667,762778468.7612648
Ese,M5,cDXHP,Measure,CZ11,36.25708333333334,772998954.5887781
Ese,M5,cDXHP,Measure,CZ12,33.139583333333334,746512779.28878
Ese,M5,cDXHP,Measure,CZ13,37.3975,799357757.9297042
Ese,M5,cDXHP,Measure,CZ14,33.69791666666667,654445219.6953787
Ese,M5,cDXHP,Measure,CZ15,42.32083333333334,1059422456.0680724
Ese,M5,cDXHP,Measure,CZ16,25.15416666666667,517315130.8165824
Ese,M5,cPTAC,Base,CZ01,16.715000000000003,371838088.6538318
Ese,M5,cPTAC,Base,CZ02,25.97041666666667,598586778.1574998
Ese,M5,cPTAC,Base,CZ03,24.965,501895331.7749847
Ese,M5,cPTAC,Base,CZ04,32.625416666666666,732016411.5579288
Ese,M5,cPTAC,Base,CZ05,22.50375,454648652.7961944
Ese,M5,cPTAC,Base,CZ06,25.29583333333333,510420100.0104526
Ese,M5,cPTAC,Base,CZ07,25.2725,591705325.9530976
Ese,M5,cPTAC,Base,CZ08,32.28541666666666,705204403.1918294
Ese,M5,cPTAC,Base,CZ09,35.456250000000004,798016516.3146503
Ese,M5,cPTAC,Base,CZ10,35.55666666666667,783052267.4413917
Ese,M5,cPTAC,Base,CZ11,36.25708333333334,797596779.9547358
Ese,M5,cPTAC,Base,CZ12,33.139583333333334,766640062.4296914
Ese,M5,cPTAC,Base,CZ13,37.3975,823948635.8912722
Ese,M5,cPTAC,Base,CZ14,33.69791666666667,678431747.9170604
Ese,M5,cPTAC,Base,CZ15,42.32083333333334,1086748770.5438983
Ese,M5,cPTAC,Base,CZ16,25.15416666666667,532763317.52632445
Ese,M5,cPTAC,Measure,CZ01,16.715000000000003,365943326.3093697
Ese,M5,cPTAC,Measure,CZ02,25.97041666666667,586308204.1732262
Ese,M5,cPTAC,Measure,CZ03,24.965,492292445.23318815
Ese,M5,cPTAC,Measure,CZ04,32.625416666666666,716376713.556021
Ese,M5,cPTAC,Measure,CZ05,22.50375,446667017.5524123
Ese,M5,cPTAC,Measure,CZ06,25.29583333333333,501177074.7886067
Ese,M5,cPTAC,Measure,CZ07,25.2725,578761160.1970538
Ese,M5,cPTAC,Measure,CZ08,32.28541666666666,689266432.2257552
Ese,M5,cPTAC,Measure,CZ09,35.456250000000004,778680698.3863976
Ese,M5,cPTAC,Measure,CZ10,35.55666666666667,764711589.5477476
Ese,M5,cPTAC,Measure,CZ11,36.25708333333334,777052119.6566918
Ese,M5,cPTAC,Measure,CZ12,33.139583333333334,750270573.0182027
Ese,M5,cPTAC,Measure,CZ13,37.3975,803031679.8774108
Ese,M5,cPTAC,Measure,CZ14,33.69791666666667,662359406.5347724
Ese,M5,cPTAC,Measure,CZ15,42.32083333333334,1059715435.8311976
Ese,M5,cPTAC,Measure,CZ16,25.15416666666667,522243836.6709728
Ese,M5,cPVVG,Base,CZ01,16.715000000000003,369743672.9461407
Ese,M5,cPVVG,Base,CZ02,25.97041666666667,595535369.129826
Ese,M5,cPVVG,Base,CZ03,24.965,498899540.3968867
Ese,M5,cPVVG,Base,CZ04,32.625416666666666,728587096.8478779
Ese,M5,cPVVG,Base,CZ05,22.50375,451974354.9252608
Ese,M5,cPVVG,Base,CZ06,25.29583333333333,507501466.97129565
Ese,M5,cPVVG,Base,CZ07,25.2725,588112640.11896
Ese,M5,cPVVG,Base,CZ08,32.28541666666666,701677487.4322526
Ese,M5,cPVVG,Base,CZ09,35.456250000000004,794267705.4243702
Ese,M5,cPVVG,Base,CZ10,35.55666666666667,779338835.2752421
Ese,M5,cPVVG,Base,CZ11,36.25708333333334,793687763.8345542
Ese,M5,cPVVG,Base,CZ12,33.139583333333334,763272202.164063
Ese,M5,cPVVG,Base,CZ13,37.3975,819961622.1575677
Ese,M5,cPVVG,Base,CZ14,33.69791666666667,674580993.9630194
Ese,M5,cPVVG,Base,CZ15,42.32083333333334,1083037261.6658895
Ese,M5,cPVVG,Base,CZ16,25.15416666666667,529011136.6161032
Ese,M5,cPVVG,Measure,CZ01,16.715000000000003,363918343.791835
Ese,M5,cPVVG,Measure,CZ02,25.97041666666667,583380307.6719946
Ese,M5,cPVVG,Measure,CZ03,24.965,489555864.1292716
Ese,M5,cPVVG,Measure,CZ04,32.625416666666666,713134333.0847139
Ese,M5,cPVVG,Measure,CZ05,22.50375,443932327.4289763
Ese,M5,cPVVG,Measure,CZ06,25.29583333333333,498398454.182256
Ese,M5,cPVVG,Measure,CZ07,25.2725,575292910.9046764
Ese,M5,cPVVG,Measure,CZ08,32.28541666666666,685983220.9782107
Ese,M5,cPVVG,Measure,CZ09,35.456250000000004,775254302.5318171
Ese,M5,cPVVG,Measure,CZ10,35.55666666666667,761325514.9589258
Ese,M5,cPVVG,Measure,CZ11,36.25708333333334,773514508.0696621
Ese,M5,cPVVG,Measure,CZ12,33.139583333333334,747080320.4163773
Ese,M5,cPVVG,Measure,CZ13,37.3975,799403036.4110436
Ese,M5,cPVVG,Measure,CZ14,33.69791666666667,658806669.2373214
Ese,M5,cPVVG,Measure,CZ15,42.32083333333334,1056321616.4933504
Ese,M5,cPVVG,Measure,CZ16,25.15416666666667,518691973.916824
Eun,M1,cDXGF,Base,CZ01,16.715000000000003,2890255313.4536853
Eun,M1,cDXGF,Base,CZ02,25.97041666666667,4862522942.437112
Eun,M1,cDXGF,Base,CZ03,24.965,3683702212.776629
Eun,M1,cDXGF,Base,CZ04,32.625416666666666,6147046453.929086
Eun,M1,cDXGF,Base,CZ05,22.50375,3457906207.150079
Eun,M1,cDXGF,Base,CZ06,25.29583333333333,3774156545.3445134
Eun,M1,cDXGF,Base,CZ07,25.2725,4579049526.223583
Eun,M1,cDXGF,Base,CZ08,32.28541666666666,5140856029.645284
Eun,M1,cDXGF,Base,CZ09,35.456250000000004,5562265854.848136
Eun,M1,cDXGF,Base,CZ10,35.55666666666667,5434038674.871061
Eun,M1,cDXGF,Base,CZ11,36.25708333333334,6140932059.647956
Eun,M1,cDXGF,Base,CZ12,33.139583333333334,6172674465.862257
Eun,M1,cDXGF,Base,CZ13,37.3975,6275198515.661476
Eun,M1,cDXGF,Base,CZ14,33.69791666666667,5837010804.097449
Eun,M1,cDXGF,Base,CZ15,42.32083333333334,7568732398.11289
Eun,M1,cDXGF,Base,CZ16,25.15416666666667,5018266013.397778
Eun,M1,cDXGF,Measure,CZ01,16.715000000000003,2791905146.0151644
Eun,M1,cDXGF,Measure,CZ02,25.97041666666667,4778449341.321182
Eun,M1,cDXGF,Measure,CZ03,24.965,3585348717.4630547
Eun,M1,cDXGF,Measure,CZ04,32.625416666666666,6039627967.177862
Eun,M1,cDXGF,Measure,CZ05,22.50375,3360954782.8436275
Eun,M1,cDXGF,Measure,CZ06,25.29583333333333,3651817500.683755
Eun,M1,cDXGF,Measure,CZ07,25.2725,4567356968.705376
Eun,M1,cDXGF,Measure,CZ08,32.28541666666666,5011287960.883494
Eun,M1,cDXGF,Measure,CZ09,35.456250000000004,5390891074.265499
Eun,M1,cDXGF,Measure,CZ10,35.55666666666667,5256518295.74749
Eun,M1,cDXGF,Measure,CZ11,36.25708333333334,5930773840.581163
Eun,M1,cDXGF,Measure,CZ12,33.139583333333334,6060637239.583086
Eun,M1,cDXGF,Measure,CZ13,37.3975,6044880705.33266
Eun,M1,cDXGF,Measure,CZ14,33.69791666666667,5636551587.07666
Eun,M1,cDXGF,Measure,CZ15,42.32083333333334,7348928351.031574
Eun,M1,cDXGF,Measure,CZ16,25.15416666666667,4831720244.609273
Eun,M1,cDXHP,Base,CZ01,16.715000000000003,2893356252.4317093
Eun,M1,cDXHP,Base,CZ02,25.97041666666667,4863631541.148262
Eun,M1,cDXHP,Base,CZ03,24.965,3689456470.253245
Eun,M1,cDXHP,Base,CZ04,32.625416666666666,6165641544.331804
Eun,M1,cDXHP,Base,CZ05,22.50375,3467336382.3926587
Eun,M1,cDXHP,Base,CZ06,25.29583333333333,3777920041.190233
Eun,M1,cDXHP,Base,CZ07,25.2725,4530743170.967464
Eun,M1,cDXHP,Base,CZ08,32.28541666666666,5155677324.834654
Eun,M1,cDXHP,Base,CZ09,35.456250000000004,5576631103.184342
Eun,M1,cDXHP,Base,CZ10,35.55666666666667,5441362603.925215
Eun,M1,cDXHP,Base,CZ11,36.25708333333334,6145149953.109074
Eun,M1,cDXHP,Base,CZ12,33.139583333333334,6191214743.155077
Eun,M1,cDXHP,Base,CZ13,37.3975,6290822558.770543
Eun,M1,cDXHP,Base,CZ14,33.69791666666667,5856302740.597382
Eun,M1,cDXHP,Base,CZ15,42.32083333333334,7569970016.426899
Eun,M1,cDXHP,Base,CZ16,25.15416666666667,5026963878.241595
Eun,M1,cDXHP,Measure,CZ01,16.715000000000003,2794243132.204954
Eun,M1,cDXHP,Measure,CZ02,25.97041666666667,4779747184.407016
Eun,M1,cDXHP,Measure,CZ03,24.965,3591400195.389388
Eun,M1,cDXHP,Measure,CZ04,32.625416666666666,6058446865.195532
Eun,M1,cDXHP,Measure,CZ05,22.50375,3370923457.919115
Eun,M1,cDXHP,Measure,CZ06,25.29583333333333,3654401984.354232
Eun,M1,cDXHP,Measure,CZ07,25.2725,4518879383.71035
Eun,M1,cDXHP,Measure,CZ08,32.28541666666666,5026032442.202669
Eun,M1,cDXHP,Measure,CZ09,35.456250000000004,5404543239.785711
Eun,M1,cDXHP,Measure,CZ10,35.55666666666667,5264599584.260228
Eun,M1,cDXHP,Measure,CZ11,36.25708333333334,5934579341.5626745
Eun,M1,cDXHP,Measure,CZ12,33.139583333333334,6079360137.580141
Eun,M1,cDXHP,Measure,CZ13,37.3975,6059984462.636341
Eun,M1,cDXHP,Measure,CZ14,33.69791666666667,5656401506.409359
Eun,M1,cDXHP,Measure,CZ15,42.32083333333334,7350140338.690834
Eun,M1,cDXHP,Measure,CZ16,25.15416666666667,4840183746.328919
Eun,M1,cPTAC,Base,CZ01,16.715000000000003,2885319931.153053
Eun,M1,cPTAC,Base,CZ02,25.97041666666667,4862372880.827755
Eun,M1,cPTAC,Base,CZ03,24.965,3682968494.528396
Eun,M1,cPTAC,Base,CZ04,32.625416666666666,6147041141.974737
Eun,M1,cPTAC,Base,CZ05,22.50375,3454751662.14546
Eun,M1,cPTAC,Base,CZ06,25.29583333333333,3774156298.173204
Eun,M1,cPTAC,Base,CZ07,25.2725,4579035448.875744
Eun,M1,cPTAC,Base,CZ08,32.28541666666666,5140870293.515208
Eun,M1,cPTAC,Base,CZ09,35.456250000000004,5562256556.137594
Eun,M1,cPTAC,Base,CZ10,35.55666666666667,5434041179.341937
Eun,M1,cPTAC,Base,CZ11,36.25708333333334,6140933483.770277
Eun,M1,cPTAC,Base,CZ12,33.139583333333334,6172672821.024301
Eun,M1,cPTAC,Base,CZ13,37.3975,6275198516.106488
Eun,M1,cPTAC,Base,CZ14,33.69791666666667,5837011876.304823
Eun,M1,cPTAC,Base,CZ15,42.32083333333334,7568727993.412036
Eun,M1,cPTAC,Base,CZ16,25.15416666666667,5018268603.943094
Eun,M1,cPTAC,Measure,CZ01,16.715000000000003,2787616742.9863315
Eun,M1,cPTAC,Measure,CZ02,25.97041666666667,4778449480.8810215
Eun,M1,cPTAC,Measure,CZ03,24.965,3584855343.508347
Eun,M1,cPTAC,Measure,CZ04,32.625416666666666,6039612284.35365
Eun,M1,cPTAC,Measure,CZ05,22.50375,3358580910.6154385
Eun,M1,cPTAC,Measure,CZ06,25.29583333333333,3651817251.899084
Eun,M1,cPTAC,Measure,CZ07,25.2725,4567343678.728346
Eun,M1,cPTAC,Measure,CZ08,32.28541666666666,5011287288.290419
Eun,M1,cPTAC,Measure,CZ09,35.456250000000004,5390873502.760102
Eun,M1,cPTAC,Measure,CZ10,35.55666666666667,5256522612.710098
Eun,M1,cPTAC,Measure,CZ11,36.25708333333334,5930772125.266845
Eun,M1,cPTAC,Measure,CZ12,33.139583333333334,6060641310.827036
Eun,M1,cPTAC,Measure,CZ13,37.3975,6044880705.78602
Eun,M1,cPTAC,Measure,CZ14,33.69791666666667,5636551599.12414
Eun,M1,cPTAC,Measure,CZ15,42.32083333333334,7348928351.031325
Eun,M1,cPTAC,Measure,CZ16,25.15416666666667,4831720221.851616
Eun,M1,cPVVG,Base,CZ01,16.715000000000003,2326871706.608029
Eun,M1,cPVVG,Base,CZ02,25.97041666666667,4313511867.4497385
Eun,M1,cPVVG,Base,CZ03,24.965,3124174438.644772
Eun,M1,cPVVG,Base,CZ04,32.625416666666666,5659687039.28631
Eun,M1,cPVVG,Base,CZ05,22.50375,2872247970.2248726
Eun,M1,cPVVG,Base,CZ06,25.29583333333333,3222144091.84382
Eun,M1,cPVVG,Base,CZ07,25.2725,4063012483.577284
Eun,M1,cPVVG,Base,CZ08,32.28541666666666,4665642488.049747
Eun,M1,cPVVG,Base,CZ09,35.456250000000004,5099870987.413503
Eun,M1,cPVVG,Base,CZ10,35.55666666666667,4967811062.677843
Eun,M1,cPVVG,Base,CZ11,36.25708333333334,5681525309.875919
Eun,M1,cPVVG,Base,CZ12,33.139583333333334,5718656179.537601
Eun,M1,cPVVG,Base,CZ13,37.3975,5860608961.069419
Eun,M1,cPVVG,Base,CZ14,33.69791666666667,5356919780.972041
Eun,M1,cPVVG,Base,CZ15,42.32083333333334,7222933233.98025
Eun,M1,cPVVG,Base,CZ16,25.15416666666667,4352195933.865284
Eun,M1,cPVVG,Measure,CZ01,16.715000000000003,2326274711.822728
Eun,M1,cPVVG,Measure,CZ02,25.97041666666667,4348872325.50458
Eun,M1,cPVVG,Measure,CZ03,24.965,3146613663.6676416
Eun,M1,cPVVG,Measure,CZ04,32.625416666666666,5672688321.556925
Eun,M1,cPVVG,Measure,CZ05,22.50375,2893788269.8196507
Eun,M1,cPVVG,Measure,CZ06,25.29583333333333,3214232948.8621635
Eun,M1,cPVVG,Measure,CZ07,25.2725,4082364077.018847
Eun,M1,cPVVG,Measure,CZ08,32.28541666666666,4648408892.840881
Eun,M1,cPVVG,Measure,CZ09,35.456250000000004,5029288068.236569
Eun,M1,cPVVG,Measure,CZ10,35.55666666666667,4903359158.950729
Eun,M1,cPVVG,Measure,CZ11,36.25708333333334,5553155539.365414
Eun,M1,cPVVG,Measure,CZ12,33.139583333333334,5719557963.919968
Eun,M1,cPVVG,Measure,CZ13,37.3975,5708236637.988081
Eun,M1,cPVVG,Measure,CZ14,33.69791666666667,5244258405.780067
Eun,M1,cPVVG,Measure,CZ15,42.32083333333334,7066927461.205411
Eun,M1,cPVVG,Measure,CZ16,25.15416666666667,4300026056.574345
Eun,M2,cDXGF,Base,CZ01,16.715000000000003,3543929059.048231
Eun,M2,cDXGF,Base,CZ02,25.97041666666667,4901311779.323774
Eun,M2,cDXGF,Base,CZ03,24.965,3890096574.8510017
Eun,M2,cDXGF,Base,CZ04,32.625416666666666,5765634741.957193
Eun,M2,cDXGF,Base,CZ05,22.50375,3832234455.3033714
Eun,M2,cDXGF,Base,CZ06,25.29583333333333,3857369315.0804014
Eun,M2,cDXGF,Base,CZ07,25.2725,4477051604.071018
Eun,M2,cDXGF,Base,CZ08,32.28541666666666,4749126368.210726
Eun,M2,cDXGF,Base,CZ09,35.456250000000004,4943371220.069906
Eun,M2,cDXGF,Base,CZ10,35.55666666666667,4800380024.670236
Eun,M2,cDXGF,Base,CZ11,36.25708333333334,5474517454.917292
Eun,M2,cDXGF,Base,CZ12,33.139583333333334,5751361222.19983
Eun,M2,cDXGF,Base,CZ13,37.3975,5524270563.5181055
Eun,M2,cDXGF,Base,CZ14,33.69791666666667,5369218966.455643
Eun,M2,cDXGF,Base,CZ15,42.32083333333334,6336691726.192069
Eun,M2,cDXGF,Base,CZ16,25.15416666666667,5119392813.717048
Eun,M2,cDXGF,Measure,CZ01,16.715000000000003,3384257996.982091
Eun,M2,cDXGF,Measure,CZ02,25.97041666666667,4739496989.096822
Eun,M2,cDXGF,Measure,CZ03,24.965,3722035974.6787143
Eun,M2,cDXGF,Measure,CZ04,32.625416666666666,5596707722.290226
Eun,M2,cDXGF,Measure,CZ05,22.50375,3659021411.311312
Eun,M2,cDXGF,Measure,CZ06,25.29583333333333,3692242348.980402
Eun,M2,cDXGF,Measure,CZ07,25.2725,4444385211.587327
Eun,M2,cDXGF,Measure,CZ08,32.28541666666666,4582950869.985486
Eun,M2,cDXGF,Measure,CZ09,35.456250000000004,4793983559.901991
Eun,M2,cDXGF,Measure,CZ10,35.55666666666667,4637969394.178259
Eun,M2,cDXGF,Measure,CZ11,36.25708333333334,5336417328.813726
Eun,M2,cDXGF,Measure,CZ12,33.139583333333334,5588692221.2210455
Eun,M2,cDXGF,Measure,CZ13,37.3975,5381057348.582957
Eun,M2,cDXGF,Measure,CZ14,33.69791666666667,5215637464.055655
Eun,M2,cDXGF,Measure,CZ15,42.32083333333334,6203251884.202795
Eun,M2,cDXGF,Measure,CZ16,25.15416666666667,4917349550.785267
Eun,M2,cDXHP,Base,CZ01,16.715000000000003,3540333766.328577
Eun,M2,cDXHP,Base,CZ02,25.97041666666667,4896802920.321714
Eun,M2,cDXHP,Base,CZ03,24.965,3885617976.464937
Eun,M2,cDXHP,Base,CZ04,32.625416666666666,5760573429.757164
Eun,M2,cDXHP,Base,CZ05,22.50375,3827552817.183509
Eun,M2,cDXHP,Base,CZ06,25.29583333333333,3852672911.370265
Eun,M2,cDXHP,Base,CZ07,25.2725,4472245789.794413
Eun,M2,cDXHP,Base,CZ08,32.28541666666666,4745947596.104163
Eun,M2,cDXHP,Base,CZ09,35.456250000000004,4940932828.768885
Eun,M2,cDXHP,Base,CZ10,35.55666666666667,4798876518.921598
Eun,M2,cDXHP,Base,CZ11,36.25708333333334,5471633752.753867
Eun,M2,cDXHP,Base,CZ12,33.139583333333334,5746056175.091772
Eun,M2,cDXHP,Base,CZ13,37.3975,5521711250.442888
Eun,M2,cDXHP,Base,CZ14,33.69791666666667,5364816441.0836935
Eun,M2,cDXHP,Base,CZ15,42.32083333333334,6336148603.79188
Eun,M2,cDXHP,Base,CZ16,25.15416666666667,5117783464.560452
Eun,M2,cDXHP,Measure,CZ01,16.715000000000003,3380545000.3520536
Eun,M2,cDXHP,Measure,CZ02,25.97041666666667,4734747245.203558
Eun,M2,cDXHP,Measure,CZ03,24.965,3717144569.196515
Eun,M2,cDXHP,Measure,CZ04,32.625416666666666,5591561685.559612
Eun,M2,cDXHP,Measure,CZ05,22.50375,3654526270.507651
Eun,M2,cDXHP,Measure,CZ06,25.29583333333333,3687456187.2341967
Eun,M2,cDXHP,Measure,CZ07,25.2725,4439078841.734645
Eun,M2,cDXHP,Measure,CZ08,32.28541666666666,4579539228.406355
Eun,M2,cDXHP,Measure,CZ09,35.456250000000004,4791384073.221908
Eun,M2,cDXHP,Measure,CZ10,35.55666666666667,4636393111.708491
Eun,M2,cDXHP,Measure,CZ11,36.25708333333334,5335647790.373679
Eun,M2,cDXHP,Measure,CZ12,33.139583333333334,5583364217.941188
Eun,M2,cDXHP,Measure,CZ13,37.3975,5380096506.494673
Eun,M2,cDXHP,Measure,CZ14,33.69791666666667,5212965084.004837
Eun,M2,cDXHP,Measure,CZ15,42.32083333333334,6202707529.416773
Eun,M2,cDXHP,Measure,CZ16,25.15416666666667,4917481026.528154
Eun,M2,cPTAC,Base,CZ01,16.715000000000003,3543929056.5433536
Eun,M2,cPTAC,Base,CZ02,25.97041666666667,4901315551.635586
Eun,M2,cPTAC,Base,CZ03,24.965,3890096574.85104
Eun,M2,cPTAC,Base,CZ04,32.625416666666666,5765634741.957222
Eun,M2,cPTAC,Base,CZ05,22.50375,3832234455.303373
Eun,M2,cPTAC,Base,CZ06,25.29583333333333,3857366316.771059
Eun,M2,cPTAC,Base,CZ07,25.2725,4477051604.076876
Eun,M2,cPTAC,Base,CZ08,32.28541666666666,4749126368.210715
Eun,M2,cPTAC,Base,CZ09,35.456250000000004,4943337707.983213
Eun,M2,cPTAC,Base,CZ10,35.55666666666667,4800406378.43305
Eun,M2,cPTAC,Base,CZ11,36.25708333333334,5474515367.3332615
Eun,M2,cPTAC,Base,CZ12,33.139583333333334,5751361222.199792
Eun,M2,cPTAC,Base,CZ13,37.3975,5524270563.516644
Eun,M2,cPTAC,Base,CZ14,33.69791666666667,5369214031.828797
Eun,M2,cPTAC,Base,CZ15,42.32083333333334,6336701056.379374
Eun,M2,cPTAC,Base,CZ16,25.15416666666667,5119392813.716979
Eun,M2,cPTAC,Measure,CZ01,16.715000000000003,3384257437.058919
Eun,M2,cPTAC,Measure,CZ02,25.97041666666667,4739496989.086548
Eun,M2,cPTAC,Measure,CZ03,24.965,3722035974.678617
Eun,M2,cPTAC,Measure,CZ04,32.625416666666666,5596707722.22551
Eun,M2,cPTAC,Measure,CZ05,22.50375,3659021411.309986
Eun,M2,cPTAC,Measure,CZ06,25.29583333333333,3692242348.980341
Eun,M2,cPTAC,Measure,CZ07,25.2725,4444385211.582919
Eun,M2,cPTAC,Measure,CZ08,32.28541666666666,4582950869.985454
Eun,M2,cPTAC,Measure,CZ09,35.456250000000004,4793983559.901939
Eun,M2,cPTAC,Measure,CZ10,35.55666666666667,4637969394.17833
Eun,M2,cPTAC,Measure,CZ11,36.25708333333334,5336417328.814485
Eun,M2,cPTAC,Measure,CZ12,33.139583333333334,5588692221.221096
Eun,M2,cPTAC,Measure,CZ13,37.3975,5380932240.4018345
Eun,M2,cPTAC,Measure,CZ14,33.69791666666667,5215637464.0553255
Eun,M2,cPTAC,Measure,CZ15,42.32083333333334,6203251884.202846
Eun,M2,cPTAC,Measure,CZ16,25.15416666666667,4917349549.706856
Eun,M2,cPVVG,Base,CZ01,16.715000000000003,3012049341.314611
Eun,M2,cPVVG,Base,CZ02,25.97041666666667,4330762535.376324
Eun,M2,cPVVG,Base,CZ03,24.965,3321855359.5388308
Eun,M2,cPVVG,Base,CZ04,32.625416666666666,5183994783.186111
Eun,M2,cPVVG,Base,CZ05,22.50375,3247697263.879932
Eun,M2,cPVVG,Base,CZ06,25.29583333333333,3303435810.585101
Eun,M2,cPVVG,Base,CZ07,25.2725,3974337257.35673
Eun,M2,cPVVG,Base,CZ08,32.28541666666666,4165179042.69934
Eun,M2,cPVVG,Base,CZ09,35.456250000000004,4332426314.563678
Eun,M2,cPVVG,Base,CZ10,35.55666666666667,4199195418.011227
Eun,M2,cPVVG,Base,CZ11,36.25708333333334,4892737653.656172
Eun,M2,cPVVG,Base,CZ12,33.139583333333334,5194829365.161621
Eun,M2,cPVVG,Base,CZ13,37.3975,4955504014.05265
Eun,M2,cPVVG,Base,CZ14,33.69791666666667,4765141858.587542
Eun,M2,cPVVG,Base,CZ15,42.32083333333334,5757327445.644021
Eun,M2,cPVVG,Base,CZ16,25.15416666666667,4472863781.373751
Eun,M2,cPVVG,Measure,CZ01,16.715000000000003,2949630091.888383
Eun,M2,cPVVG,Measure,CZ02,25.97041666666667,4267229304.650511
Eun,M2,cPVVG,Measure,CZ03,24.965,3255290282.5318947
Eun,M2,cPVVG,Measure,CZ04,32.625416666666666,5116849139.843971
Eun,M2,cPVVG,Measure,CZ05,22.50375,3179798565.5148945
Eun,M2,cPVVG,Measure,CZ06,25.29583333333333,3237826572.1358795
Eun,M2,cPVVG,Measure,CZ07,25.2725,3947343922.3332734
Eun,M2,cPVVG,Measure,CZ08,32.28541666666666,4098524909.069482
Eun,M2,cPVVG,Measure,CZ09,35.456250000000004,4269231424.448665
Eun,M2,cPVVG,Measure,CZ10,35.55666666666667,4132860453.9794345
Eun,M2,cPVVG,Measure,CZ11,36.25708333333334,4837811521.863514
Eun,M2,cPVVG,Measure,CZ12,33.139583333333334,5129874817.45144
Eun,M2,cPVVG,Measure,CZ13,37.3975,4896512752.8040495
Eun,M2,cPVVG,Measure,CZ14,33.69791666666667,4698725458.472725
Eun,M2,cPVVG,Measure,CZ15,42.32083333333334,5702699147.288064
Eun,M2,cPVVG,Measure,CZ16,25.15416666666667,4382860265.057646
Eun,M3,cDXGF,Base,CZ01,16.715000000000003,2784455757.683432
Eun,M3,cDXGF,Base,CZ02,25.97041666666667,4131395895.217597
Eun,M3,cDXGF,Base,CZ03,24.965,3103912214.930364
Eun,M3,cDXGF,Base,CZ04,32.625416666666666,5018288484.005884
Eun,M3,cDXGF,Base,CZ05,22.50375,3010137150.524948
Eun,M3,cDXGF,Base,CZ06,25.29583333333333,3094511039.8573427
Eun,M3,cDXGF,Base,CZ07,25.2725,3809045262.303968
Eun,M3,cDXGF,Base,CZ08,32.28541666666666,3982511584.283888
Eun,M3,cDXGF,Base,CZ09,35.456250000000004,4144870685.3038354
Eun,M3,cDXGF,Base,CZ10,35.55666666666667,4027159284.656776
Eun,M3,cDXGF,Base,CZ11,36.25708333333334,4732358090.091553
Eun,M3,cDXGF,Base,CZ12,33.139583333333334,5040034276.410866
Eun,M3,cDXGF,Base,CZ13,37.3975,4802028479.711283
Eun,M3,cDXGF,Base,CZ14,33.69791666666667,4564831837.169702
Eun,M3,cDXGF,Base,CZ15,42.32083333333334,5647949389.694897
Eun,M3,cDXGF,Base,CZ16,25.15416666666667,4200098824.6916456
Eun,M3,cDXGF,Measure,CZ01,16.715000000000003,2784427305.749194
Eun,M3,cDXGF,Measure,CZ02,25.97041666666667,4131148575.756934
Eun,M3,cDXGF,Measure,CZ03,24.965,3103348183.797509
Eun,M3,cDXGF,Measure,CZ04,32.625416666666666,5017699472.188664
Eun,M3,cDXGF,Measure,CZ05,22.50375,3009686471.122992
Eun,M3,cDXGF,Measure,CZ06,25.29583333333333,3093780982.1403785
Eun,M3,cDXGF,Measure,CZ07,25.2725,3810791281.849752
Eun,M3,cDXGF,Measure,CZ08,32.28541666666666,3981426858.0961328
Eun,M3,cDXGF,Measure,CZ09,35.456250000000004,4142430131.037382
Eun,M3,cDXGF,Measure,CZ10,35.55666666666667,4025658041.1379066
Eun,M3,cDXGF,Measure,CZ11,36.25708333333334,4728597060.264877
Eun,M3,cDXGF,Measure,CZ12,33.139583333333334,5039492924.327085
Eun,M3,cDXGF,Measure,CZ13,37.3975,4794037061.115812
Eun,M3,cDXGF,Measure,CZ14,33.69791666666667,4559865140.74296
Eun,M3,cDXGF,Measure,CZ15,42.32083333333334,5646794974.61635
Eun,M3,cDXGF,Measure,CZ16,25.15416666666667,4193898669.1642647
Eun,M3,cDXHP,Base,CZ01,16.715000000000003,2688128356.785091
Eun,M3,cDXHP,Base,CZ02,25.97041666666667,4077207453.2037
Eun,M3,cDXHP,Base,CZ03,24.965,3038404662.9451046
Eun,M3,cDXHP,Base,CZ04,32.625416666666666,4979145615.940929
Eun,M3,cDXHP,Base,CZ05,22.50375,2931570792.414272
Eun,M3,cDXHP,Base,CZ06,25.29583333333333,3031375268.7793417
Eun,M3,cDXHP,Base,CZ07,25.2725,3748462032.562644
Eun,M3,cDXHP,Base,CZ08,32.28541666666666,3955118096.9025984
Eun,M3,cDXHP,Base,CZ09,35.456250000000004,4123784076.0214777
Eun,M3,cDXHP,Base,CZ10,35.55666666666667,4016004106.675536
Eun,M3,cDXHP,Base,CZ11,36.25708333333334,4710397540.887451
Eun,M3,cDXHP,Base,CZ12,33.139583333333334,5004625096.463579
Eun,M3,cDXHP,Base,CZ13,37.3975,4784062149.008403
Eun,M3,cDXHP,Base,CZ14,33.69791666666667,4530503667.019808
Eun,M3,cDXHP,Base,CZ15,42.32083333333334,5646852025.127899
Eun,M3,cDXHP,Base,CZ16,25.15416666666667,4117165183.946706
Eun,M3,cDXHP,Measure,CZ01,16.715000000000003,2688118915.362487
Eun,M3,cDXHP,Measure,CZ02,25.97041666666667,4076980426.4223385
Eun,M3,cDXHP,Measure,CZ03,24.965,3037884612.054685
Eun,M3,cDXHP,Measure,CZ04,32.625416666666666,4978572685.94192
Eun,M3,cDXHP,Measure,CZ05,22.50375,2931287151.785467
Eun,M3,cDXHP,Measure,CZ06,25.29583333333333,3030711966.345764
Eun,M3,cDXHP,Measure,CZ07,25.2725,3750067155.975215
Eun,M3,cDXHP,Measure,CZ08,32.28541666666666,3954060862.7059774
Eun,M3,cDXHP,Measure,CZ09,35.456250000000004,4121383464.71486
Eun,M3,cDXHP,Measure,CZ10,35.55666666666667,4014516988.376761
Eun,M3,cDXHP,Measure,CZ11,36.25708333333334,4706932076.10648
Eun,M3,cDXHP,Measure,CZ12,33.139583333333334,5004100126.33446
Eun,M3,cDXHP,Measure,CZ13,37.3975,4776804858.74334
Eun,M3,cDXHP,Measure,CZ14,33.69791666666667,4525840419.766203
Eun,M3,cDXHP,Measure,CZ15,42.32083333333334,5645700597.218539
Eun,M3,cDXHP,Measure,CZ16,25.15416666666667,4111559232.561917
Eun,M3,cPTAC,Base,CZ01,16.715000000000003,2784431199.689794
Eun,M3,cPTAC,Base,CZ02,25.97041666666667,4131395895.2179375
Eun,M3,cPTAC,Base,CZ03,24.965,3103912214.9304004
Eun,M3,cPTAC,Base,CZ04,32.625416666666666,5018288484.006573
Eun,M3,cPTAC,Base,CZ05,22.50375,3010137149.767176
Eun,M3,cPTAC,Base,CZ06,25.29583333333333,3094511039.859322
Eun,M3,cPTAC,Base,CZ07,25.2725,3809045262.315546
Eun,M3,cPTAC,Base,CZ08,32.28541666666666,3982542186.209709
Eun,M3,cPTAC,Base,CZ09,35.456250000000004,4144870685.3038383
Eun,M3,cPTAC,Base,CZ10,35.55666666666667,4027159284.6556
Eun,M3,cPTAC,Base,CZ11,36.25708333333334,4732359925.75576
Eun,M3,cPTAC,Base,CZ12,33.139583333333334,5040034276.410885
Eun,M3,cPTAC,Base,CZ13,37.3975,4802020589.914064
Eun,M3,cPTAC,Base,CZ14,33.69791666666667,4564831837.169832
Eun,M3,cPTAC,Base,CZ15,42.32083333333334,5647950385.374731
Eun,M3,cPTAC,Base,CZ16,25.15416666666667,4200098824.6162553
Eun,M3,cPTAC,Measure,CZ01,16.715000000000003,2784402858.1189003
Eun,M3,cPTAC,Measure,CZ02,25.97041666666667,4131148575.776757
Eun,M3,cPTAC,Measure,CZ03,24.965,3103348183.7977114
Eun,M3,cPTAC,Measure,CZ04,32.625416666666666,5017699472.188745
Eun,M3,cPTAC,Measure,CZ05,22.50375,3009686470.380954
Eun,M3,cPTAC,Measure,CZ06,25.29583333333333,3093780982.1403337
Eun,M3,cPTAC,Measure,CZ07,25.2725,3810791281.8487225
Eun,M3,cPTAC,Measure,CZ08,32.28541666666666,3981426858.096125
Eun,M3,cPTAC,Measure,CZ09,35.456250000000004,4142392672.991725
Eun,M3,cPTAC,Measure,CZ10,35.55666666666667,4025658041.137498
Eun,M3,cPTAC,Measure,CZ11,36.25708333333334,4728597060.264973
Eun,M3,cPTAC,Measure,CZ12,33.139583333333334,5039492924.326987
Eun,M3,cPTAC,Measure,CZ13,37.3975,4794037061.13739
Eun,M3,cPTAC,Measure,CZ14,33.69791666666667,4559865140.742958
Eun,M3,cPTAC,Measure,CZ15,42.32083333333334,5646794974.616468
Eun,M3,cPTAC,Measure,CZ16,25.15416666666667,4193898669.0930514
Eun,M3,cPVVG,Base,CZ01,16.715000000000003,2748311581.405117
Eun,M3,cPVVG,Base,CZ02,25.97041666666667,4089234139.257206
Eun,M3,cPVVG,Base,CZ03,24.965,3062694475.3225155
Eun,M3,cPVVG,Base,CZ04,32.625416666666666,4972307839.33946
Eun,M3,cPVVG,Base,CZ05,22.50375,2969042758.1282845
Eun,M3,cPVVG,Base,CZ06,25.29583333333333,3052970411.351303
Eun,M3,cPVVG,Base,CZ07,25.2725,3760731213.203336
Eun,M3,cPVVG,Base,CZ08,32.28541666666666,3936842846.073945
Eun,M3,cPVVG,Base,CZ09,35.456250000000004,4096263307.1967554
Eun,M3,cPVVG,Base,CZ10,35.55666666666667,3981623129.522972
Eun,M3,cPVVG,Base,CZ11,36.25708333333334,4684006001.15482
Eun,M3,cPVVG,Base,CZ12,33.139583333333334,4995199653.388028
Eun,M3,cPVVG,Base,CZ13,37.3975,4753705585.381618
Eun,M3,cPVVG,Base,CZ14,33.69791666666667,4516422989.481169
Eun,M3,cPVVG,Base,CZ15,42.32083333333334,5597665151.287593
Eun,M3,cPVVG,Base,CZ16,25.15416666666667,4148901789.572882
Eun,M3,cPVVG,Measure,CZ01,16.715000000000003,2748289653.2447963
Eun,M3,cPVVG,Measure,CZ02,25.97041666666667,4089026246.428342
Eun,M3,cPVVG,Measure,CZ03,24.965,3062175483.144207
Eun,M3,cPVVG,Measure,CZ04,32.625416666666666,4971773135.474992
Eun,M3,cPVVG,Measure,CZ05,22.50375,2968626711.49022
Eun,M3,cPVVG,Measure,CZ06,25.29583333333333,3052294190.22756
Eun,M3,cPVVG,Measure,CZ07,25.2725,3762466029.505471
Eun,M3,cPVVG,Measure,CZ08,32.28541666666666,3935830740.2698417
Eun,M3,cPVVG,Measure,CZ09,35.456250000000004,4093964352.188484
Eun,M3,cPVVG,Measure,CZ10,35.55666666666667,3980210199.999613
Eun,M3,cPVVG,Measure,CZ11,36.25708333333334,4681740734.041567
Eun,M3,cPVVG,Measure,CZ12,33.139583333333334,4994715633.703747
Eun,M3,cPVVG,Measure,CZ13,37.3975,4747403129.312254
Eun,M3,cPVVG,Measure,CZ14,33.69791666666667,4512843647.27411
Eun,M3,cPVVG,Measure,CZ15,42.32083333333334,5596639434.756182
Eun,M3,cPVVG,Measure,CZ16,25.15416666666667,4143993721.959201
Eun,M4,cDXGF,Base,CZ01,16.715000000000003,3098909206.0017614
Eun,M4,cDXGF,Base,CZ02,25.97041666666667,4931581010.019926
Eun,M4,cDXGF,Base,CZ03,24.965,3809456446.2986856
Eun,M4,cDXGF,Base,CZ04,32.625416666666666,6147042585.796595
Eun,M4,cDXGF,Base,CZ05,22.50375,3616530847.496548
Eun,M4,cDXGF,Base,CZ06,25.29583333333333,3820281147.360045
Eun,M4,cDXGF,Base,CZ07,25.2725,4579049318.9561615
Eun,M4,cDXGF,Base,CZ08,32.28541666666666,5140857443.2076845
Eun,M4,cDXGF,Base,CZ09,35.456250000000004,5562270212.423868
Eun,M4,cDXGF,Base,CZ10,35.55666666666667,5434040347.762718
Eun,M4,cDXGF,Base,CZ11,36.25708333333334,6140930734.4106655
Eun,M4,cDXGF,Base,CZ12,33.139583333333334,6172666279.597532
Eun,M4,cDXGF,Base,CZ13,37.3975,6275193581.46196
Eun,M4,cDXGF,Base,CZ14,33.69791666666667,5837011682.463846
Eun,M4,cDXGF,Base,CZ15,42.32083333333334,7568727996.501936
Eun,M4,cDXGF,Base,CZ16,25.15416666666667,5065452111.616428
Eun,M4,cDXGF,Measure,CZ01,16.715000000000003,3038852241.584605
Eun,M4,cDXGF,Measure,CZ02,25.97041666666667,4849393743.568339
Eun,M4,cDXGF,Measure,CZ03,24.965,3716414450.908228
Eun,M4,cDXGF,Measure,CZ04,32.625416666666666,6039635510.425537
Eun,M4,cDXGF,Measure,CZ05,22.50375,3534731616.9611893
Eun,M4,cDXGF,Measure,CZ06,25.29583333333333,3697946473.083226
Eun,M4,cDXGF,Measure,CZ07,25.2725,4567357137.306189
Eun,M4,cDXGF,Measure,CZ08,32.28541666666666,5011271541.047251
Eun,M4,cDXGF,Measure,CZ09,35.456250000000004,5390895625.655843
Eun,M4,cDXGF,Measure,CZ10,35.55666666666667,5256526598.467882
Eun,M4,cDXGF,Measure,CZ11,36.25708333333334,5930773237.973871
Eun,M4,cDXGF,Measure,CZ12,33.139583333333334,6060632818.616553
Eun,M4,cDXGF,Measure,CZ13,37.3975,6044880178.445464
Eun,M4,cDXGF,Measure,CZ14,33.69791666666667,5636556074.741285
Eun,M4,cDXGF,Measure,CZ15,42.32083333333334,7348928351.246227
Eun,M4,cDXGF,Measure,CZ16,25.15416666666667,4877311209.3655815
Eun,M4,cDXHP,Base,CZ01,16.715000000000003,3100721651.353375
Eun,M4,cDXHP,Base,CZ02,25.97041666666667,4932874866.250454
Eun,M4,cDXHP,Base,CZ03,24.965,3815231959.5386825
Eun,M4,cDXHP,Base,CZ04,32.625416666666666,6165633680.269344
Eun,M4,cDXHP,Base,CZ05,22.50375,3626041244.701416
Eun,M4,cDXHP,Base,CZ06,25.29583333333333,3824271950.691111
Eun,M4,cDXHP,Base,CZ07,25.2725,4530742970.991868
Eun,M4,cDXHP,Base,CZ08,32.28541666666666,5155677786.279295
Eun,M4,cDXHP,Base,CZ09,35.456250000000004,5576635432.430527
Eun,M4,cDXHP,Base,CZ10,35.55666666666667,5441364246.726269
Eun,M4,cDXHP,Base,CZ11,36.25708333333334,6145148759.440455
Eun,M4,cDXHP,Base,CZ12,33.139583333333334,6191201135.4141445
Eun,M4,cDXHP,Base,CZ13,37.3975,6290820567.886449
Eun,M4,cDXHP,Base,CZ14,33.69791666666667,5856303419.454397
Eun,M4,cDXHP,Base,CZ15,42.32083333333334,7569959573.868592
Eun,M4,cDXHP,Base,CZ16,25.15416666666667,5074423377.686997
Eun,M4,cDXHP,Measure,CZ01,16.715000000000003,3039943901.6810207
Eun,M4,cDXHP,Measure,CZ02,25.97041666666667,4850891730.395683
Eun,M4,cDXHP,Measure,CZ03,24.965,3722136727.091242
Eun,M4,cDXHP,Measure,CZ04,32.625416666666666,6058452557.799595
Eun,M4,cDXHP,Measure,CZ05,22.50375,3544594853.6877027
Eun,M4,cDXHP,Measure,CZ06,25.29583333333333,3700773493.5030494
Eun,M4,cDXHP,Measure,CZ07,25.2725,4518879601.551897
Eun,M4,cDXHP,Measure,CZ08,32.28541666666666,5026030105.492938
Eun,M4,cDXHP,Measure,CZ09,35.456250000000004,5404548057.433666
Eun,M4,cDXHP,Measure,CZ10,35.55666666666667,5264608599.919846
Eun,M4,cDXHP,Measure,CZ11,36.25708333333334,5934578791.609368
Eun,M4,cDXHP,Measure,CZ12,33.139583333333334,6079350468.5554905
Eun,M4,cDXHP,Measure,CZ13,37.3975,6059984016.128094
Eun,M4,cDXHP,Measure,CZ14,33.69791666666667,5656406246.513567
Eun,M4,cDXHP,Measure,CZ15,42.32083333333334,7350140338.812849
Eun,M4,cDXHP,Measure,CZ16,25.15416666666667,4886045285.901199
Eun,M4,cPTAC,Base,CZ01,16.715000000000003,3091831817.0990324
Eun,M4,cPTAC,Base,CZ02,25.97041666666667,4931404666.440526
Eun,M4,cPTAC,Base,CZ03,24.965,3808897623.2272806
Eun,M4,cPTAC,Base,CZ04,32.625416666666666,6147040596.659876
Eun,M4,cPTAC,Base,CZ05,22.50375,3613766719.089489
Eun,M4,cPTAC,Base,CZ06,25.29583333333333,3820281146.137982
Eun,M4,cPTAC,Base,CZ07,25.2725,4579035298.420815
Eun,M4,cPTAC,Base,CZ08,32.28541666666666,5140872440.542153
Eun,M4,cPTAC,Base,CZ09,35.456250000000004,5562261268.858461
Eun,M4,cPTAC,Base,CZ10,35.55666666666667,5434043611.989638
Eun,M4,cPTAC,Base,CZ11,36.25708333333334,6140932315.753754
Eun,M4,cPTAC,Base,CZ12,33.139583333333334,6172666279.597246
Eun,M4,cPTAC,Base,CZ13,37.3975,6275193581.461132
Eun,M4,cPTAC,Base,CZ14,33.69791666666667,5837012632.56214
Eun,M4,cPTAC,Base,CZ15,42.32083333333334,7568732426.233823
Eun,M4,cPTAC,Base,CZ16,25.15416666666667,5065455553.715948
Eun,M4,cPTAC,Measure,CZ01,16.715000000000003,3034790861.408606
Eun,M4,cPTAC,Measure,CZ02,25.97041666666667,4849371738.669033
Eun,M4,cPTAC,Measure,CZ03,24.965,3716161303.3707232
Eun,M4,cPTAC,Measure,CZ04,32.625416666666666,6039623208.346161
Eun,M4,cPTAC,Measure,CZ05,22.50375,3533302450.4545674
Eun,M4,cPTAC,Measure,CZ06,25.29583333333333,3697946473.083246
Eun,M4,cPTAC,Measure,CZ07,25.2725,4567343876.290368
Eun,M4,cPTAC,Measure,CZ08,32.28541666666666,5011286507.212385
Eun,M4,cPTAC,Measure,CZ09,35.456250000000004,5390878457.244482
Eun,M4,cPTAC,Measure,CZ10,35.55666666666667,5256531635.596374
Eun,M4,cPTAC,Measure,CZ11,36.25708333333334,5930771480.184865
Eun,M4,cPTAC,Measure,CZ12,33.139583333333334,6060632818.616459
Eun,M4,cPTAC,Measure,CZ13,37.3975,6044896393.031471
Eun,M4,cPTAC,Measure,CZ14,33.69791666666667,5636556074.741295
Eun,M4,cPTAC,Measure,CZ15,42.32083333333334,7348928351.245862
Eun,M4,cPTAC,Measure,CZ16,25.15416666666667,4877311185.293209
Eun,M4,cPVVG,Base,CZ01,16.715000000000003,2462490473.504454
Eun,M4,cPVVG,Base,CZ02,25.97041666666667,4364271171.593115
Eun,M4,cPVVG,Base,CZ03,24.965,3218381028.394073
Eun,M4,cPVVG,Base,CZ04,32.625416666666666,5659681223.0805
Eun,M4,cPVVG,Base,CZ05,22.50375,2984023282.89355
Eun,M4,cPVVG,Base,CZ06,25.29583333333333,3257577166.6718245
Eun,M4,cPVVG,Base,CZ07,25.2725,4063012506.7838345
Eun,M4,cPVVG,Base,CZ08,32.28541666666666,4665644153.481009
Eun,M4,cPVVG,Base,CZ09,35.456250000000004,5099875343.880224
Eun,M4,cPVVG,Base,CZ10,35.55666666666667,4967812336.425038
Eun,M4,cPVVG,Base,CZ11,36.25708333333334,5681520061.765957
Eun,M4,cPVVG,Base,CZ12,33.139583333333334,5718646197.43698
Eun,M4,cPVVG,Base,CZ13,37.3975,5860606489.883355
Eun,M4,cPVVG,Base,CZ14,33.69791666666667,5356920573.809646
Eun,M4,cPVVG,Base,CZ15,42.32083333333334,7222927190.347387
Eun,M4,cPVVG,Base,CZ16,25.15416666666667,4391962297.02367
Eun,M4,cPVVG,Measure,CZ01,16.715000000000003,2509764470.1318984
Eun,M4,cPVVG,Measure,CZ02,25.97041666666667,4403333868.551152
Eun,M4,cPVVG,Measure,CZ03,24.965,3249533792.8082027
Eun,M4,cPVVG,Measure,CZ04,32.625416666666666,5672661061.984142
Eun,M4,cPVVG,Measure,CZ05,22.50375,3028715427.191309
Eun,M4,cPVVG,Measure,CZ06,25.29583333333333,3250179189.569316
Eun,M4,cPVVG,Measure,CZ07,25.2725,4082366261.287904
Eun,M4,cPVVG,Measure,CZ08,32.28541666666666,4648417733.744119
Eun,M4,cPVVG,Measure,CZ09,35.456250000000004,5029311361.207423
Eun,M4,cPVVG,Measure,CZ10,35.55666666666667,4903380263.327602
Eun,M4,cPVVG,Measure,CZ11,36.25708333333334,5553157127.332727
Eun,M4,cPVVG,Measure,CZ12,33.139583333333334,5719569839.285097
Eun,M4,cPVVG,Measure,CZ13,37.3975,5709191159.670479
Eun,M4,cPVVG,Measure,CZ14,33.69791666666667,5244260734.910044
Eun,M4,cPVVG,Measure,CZ15,42.32083333333334,7066917244.02195
Eun,M4,cPVVG,Measure,CZ16,25.15416666666667,4339892882.000399
Eun,M5,cDXGF,Base,CZ01,16.715000000000003,2677081534.804777
Eun,M5,cDXGF,Base,CZ02,25.97041666666667,4279986974.744626
Eun,M5,cDXGF,Base,CZ03,24.965,3123216540.209473
Eun,M5,cDXGF,Base,CZ04,32.625416666666666,5194438954.749226
Eun,M5,cDXGF,Base,CZ05,22.50375,2940739226.874993
Eun,M5,cDXGF,Base,CZ06,25.29583333333333,3108454625.2305374
Eun,M5,cDXGF,Base,CZ07,25.2725,4022807118.3114367
Eun,M5,cDXGF,Base,CZ08,32.28541666666666,4150983881.301877
Eun,M5,cDXGF,Base,CZ09,35.456250000000004,4429074904.305193
Eun,M5,cDXGF,Base,CZ10,35.55666666666667,4274564157.5315504
Eun,M5,cDXGF,Base,CZ11,36.25708333333334,5095226798.249247
Eun,M5,cDXGF,Base,CZ12,33.139583333333334,5303739881.182859
Eun,M5,cDXGF,Base,CZ13,37.3975,5114310911.731504
Eun,M5,cDXGF,Base,CZ14,33.69791666666667,4705234663.317667
Eun,M5,cDXGF,Base,CZ15,42.32083333333334,6286983900.150389
Eun,M5,cDXGF,Base,CZ16,25.15416666666667,4162260080.855875
Eun,M5,cDXGF,Measure,CZ01,16.715000000000003,2677076329.352245
Eun,M5,cDXGF,Measure,CZ02,25.97041666666667,4279801817.9099455
Eun,M5,cDXGF,Measure,CZ03,24.965,3122723617.51728
Eun,M5,cDXGF,Measure,CZ04,32.625416666666666,5193894996.809586
Eun,M5,cDXGF,Measure,CZ05,22.50375,2940485784.339367
Eun,M5,cDXGF,Measure,CZ06,25.29583333333333,3107734488.929677
Eun,M5,cDXGF,Measure,CZ07,25.2725,4024854734.40605
Eun,M5,cDXGF,Measure,CZ08,32.28541666666666,4150162148.993816
Eun,M5,cDXGF,Measure,CZ09,35.456250000000004,4426291633.773883
Eun,M5,cDXGF,Measure,CZ10,35.55666666666667,4272803849.212348
Eun,M5,cDXGF,Measure,CZ11,36.25708333333334,5089131480.982324
Eun,M5,cDXGF,Measure,CZ12,33.139583333333334,5303274805.863928
Eun,M5,cDXGF,Measure,CZ13,37.3975,5102392886.045855
Eun,M5,cDXGF,Measure,CZ14,33.69791666666667,4698970642.454867
Eun,M5,cDXGF,Measure,CZ15,42.32083333333334,6285872886.767826
Eun,M5,cDXGF,Measure,CZ16,25.15416666666667,4156104659.4015193
Eun,M5,cDXHP,Base,CZ01,16.715000000000003,2641563704.297848
Eun,M5,cDXHP,Base,CZ02,25.97041666666667,4232360225.311679
Eun,M5,cDXHP,Base,CZ03,24.965,3081855190.6115847
Eun,M5,cDXHP,Base,CZ04,32.625416666666666,5152829398.948139
Eun,M5,cDXHP,Base,CZ05,22.50375,2894566734.9158955
Eun,M5,cDXHP,Base,CZ06,25.29583333333333,3060717148.4402533
Eun,M5,cDXHP,Base,CZ07,25.2725,3961506463.8012767
Eun,M5,cDXHP,Base,CZ08,32.28541666666666,4102307058.329335
Eun,M5,cDXHP,Base,CZ09,35.456250000000004,4372300420.784599
Eun,M5,cDXHP,Base,CZ10,35.55666666666667,4243114244.51254
Eun,M5,cDXHP,Base,CZ11,36.25708333333334,5063796870.979365
Eun,M5,cDXHP,Base,CZ12,33.139583333333334,5264654762.534798
Eun,M5,cDXHP,Base,CZ13,37.3975,5082699381.341649
Eun,M5,cDXHP,Base,CZ14,33.69791666666667,4625487956.450203
Eun,M5,cDXHP,Base,CZ15,42.32083333333334,6282291486.199734
Eun,M5,cDXHP,Base,CZ16,25.15416666666667,4100504295.346294
Eun,M5,cDXHP,Measure,CZ01,16.715000000000003,2641562774.7650466
Eun,M5,cDXHP,Measure,CZ02,25.97041666666667,4232181437.836292
Eun,M5,cDXHP,Measure,CZ03,24.965,3081345004.3535724
Eun,M5,cDXHP,Measure,CZ04,32.625416666666666,5152306780.336784
Eun,M5,cDXHP,Measure,CZ05,22.50375,2894372499.314121
Eun,M5,cDXHP,Measure,CZ06,25.29583333333333,3060107578.682167
Eun,M5,cDXHP,Measure,CZ07,25.2725,3963388142.668895
Eun,M5,cDXHP,Measure,CZ08,32.28541666666666,4101509734.6147337
Eun,M5,cDXHP,Measure,CZ09,35.456250000000004,4369582442.036747
Eun,M5,cDXHP,Measure,CZ10,35.55666666666667,4241454263.0176954
Eun,M5,cDXHP,Measure,CZ11,36.25708333333334,5058646871.05048
Eun,M5,cDXHP,Measure,CZ12,33.139583333333334,5264189197.76702
Eun,M5,cDXHP,Measure,CZ13,37.3975,5071665592.248611
Eun,M5,cDXHP,Measure,CZ14,33.69791666666667,4619614433.42695
Eun,M5,cDXHP,Measure,CZ15,42.32083333333334,6281187263.863112
Eun,M5,cDXHP,Measure,CZ16,25.15416666666667,4094977612.2069383
Eun,M5,cPTAC,Base,CZ01,16.715000000000003,2676507290.6120634
Eun,M5,cPTAC,Base,CZ02,25.97041666666667,4279992692.0663633
Eun,M5,cPTAC,Base,CZ03,24.965,3123216540.2094774
Eun,M5,cPTAC,Base,CZ04,32.625416666666666,5194438954.749826
Eun,M5,cPTAC,Base,CZ05,22.50375,2940739071.116358
Eun,M5,cPTAC,Base,CZ06,25.29583333333333,3108454625.230355
Eun,M5,cPTAC,Base,CZ07,25.2725,4022807118.313513
Eun,M5,cPTAC,Base,CZ08,32.28541666666666,4150995670.850282
Eun,M5,cPTAC,Base,CZ09,35.456250000000004,4429119863.078654
Eun,M5,cPTAC,Base,CZ10,35.55666666666667,4274564157.5183063
Eun,M5,cPTAC,Base,CZ11,36.25708333333334,5095216879.911943
Eun,M5,cPTAC,Base,CZ12,33.139583333333334,5303739881.182493
Eun,M5,cPTAC,Base,CZ13,37.3975,5114310911.03029
Eun,M5,cPTAC,Base,CZ14,33.69791666666667,4705234663.317881
Eun,M5,cPTAC,Base,CZ15,42.32083333333334,6286989606.357361
Eun,M5,cPTAC,Base,CZ16,25.15416666666667,4162260076.579438
Eun,M5,cPTAC,Measure,CZ01,16.715000000000003,2676497578.001016
Eun,M5,cPTAC,Measure,CZ02,25.97041666666667,4279801817.960621
Eun,M5,cPTAC,Measure,CZ03,24.965,3122723617.5173044
Eun,M5,cPTAC,Measure,CZ04,32.625416666666666,5193936198.774961
Eun,M5,cPTAC,Measure,CZ05,22.50375,2940501920.806326
Eun,M5,cPTAC,Measure,CZ06,25.29583333333333,3107734488.9297266
Eun,M5,cPTAC,Measure,CZ07,25.2725,4024854734.406127
Eun,M5,cPTAC,Measure,CZ08,32.28541666666666,4150162520.8789706
Eun,M5,cPTAC,Measure,CZ09,35.456250000000004,4426291633.773716
Eun,M5,cPTAC,Measure,CZ10,35.55666666666667,4272803849.202847
Eun,M5,cPTAC,Measure,CZ11,36.25708333333334,5089131480.982358
Eun,M5,cPTAC,Measure,CZ12,33.139583333333334,5303274805.864045
Eun,M5,cPTAC,Measure,CZ13,37.3975,5102392886.04574
Eun,M5,cPTAC,Measure,CZ14,33.69791666666667,4698970642.454772
Eun,M5,cPTAC,Measure,CZ15,42.32083333333334,6285873534.120588
Eun,M5,cPTAC,Measure,CZ16,25.15416666666667,4156104655.698523
Eun,M5,cPVVG,Base,CZ01,16.715000000000003,2642895981.600541
Eun,M5,cPVVG,Base,CZ02,25.97041666666667,4236816780.496577
Eun,M5,cPVVG,Base,CZ03,24.965,3081470385.21424
Eun,M5,cPVVG,Base,CZ04,32.625416666666666,5147261721.864827
Eun,M5,cPVVG,Base,CZ05,22.50375,2900774870.239397
Eun,M5,cPVVG,Base,CZ06,25.29583333333333,3065986333.9683867
Eun,M5,cPVVG,Base,CZ07,25.2725,3971303809.034263
Eun,M5,cPVVG,Base,CZ08,32.28541666666666,4102984888.601968
Eun,M5,cPVVG,Base,CZ09,35.456250000000004,4378163658.404963
Eun,M5,cPVVG,Base,CZ10,35.55666666666667,4226132696.933875
Eun,M5,cPVVG,Base,CZ11,36.25708333333334,5042933058.218864
Eun,M5,cPVVG,Base,CZ12,33.139583333333334,5256206019.952995
Eun,M5,cPVVG,Base,CZ13,37.3975,5061662729.068328
Eun,M5,cPVVG,Base,CZ14,33.69791666666667,4654731054.656096
Eun,M5,cPVVG,Base,CZ15,42.32083333333334,6232162673.595152
Eun,M5,cPVVG,Base,CZ16,25.15416666666667,4111128184.9452777
Eun,M5,cPVVG,Measure,CZ01,16.715000000000003,2642894297.946343
Eun,M5,cPVVG,Measure,CZ02,25.97041666666667,4236664704.777294
Eun,M5,cPVVG,Measure,CZ03,24.965,3081022586.222885
Eun,M5,cPVVG,Measure,CZ04,32.625416666666666,5146772485.542125
Eun,M5,cPVVG,Measure,CZ05,22.50375,2900553662.213228
Eun,M5,cPVVG,Measure,CZ06,25.29583333333333,3065318609.288415
Eun,M5,cPVVG,Measure,CZ07,25.2725,3973352682.2350407
Eun,M5,cPVVG,Measure,CZ08,32.28541666666666,4102244855.0321054
Eun,M5,cPVVG,Measure,CZ09,35.456250000000004,4375638189.483805
Eun,M5,cPVVG,Measure,CZ10,35.55666666666667,4224495436.404436
Eun,M5,cPVVG,Measure,CZ11,36.25708333333334,5038812842.66216
Eun,M5,cPVVG,Measure,CZ12,33.139583333333334,5255797796.606475
Eun,M5,cPVVG,Measure,CZ13,37.3975,5052049464.717149
Eun,M5,cPVVG,Measure,CZ14,33.69791666666667,4650245182.90049
Eun,M5,cPVVG,Measure,CZ15,42.32083333333334,6231240863.961334
Eun,M5,cPVVG,Measure,CZ16,25.15416666666667,4106179847.5681458
Gro,M1,cDXGF,Base,CZ01,16.715000000000003,1201111765.2593822
Gro,M1,cDXGF,Base,CZ02,25.97041666666667,1315882126.284029
Gro,M1,cDXGF,Base,CZ03,24.965,1259745295.8760738
Gro,M1,cDXGF,Base,CZ04,32.625416666666666,1382442215.706922
Gro,M1,cDXGF,Base,CZ05,22.50375,1227986198.1829937
Gro,M1,cDXGF,Base,CZ06,25.29583333333333,1279781157.6621575
Gro,M1,cDXGF,Base,CZ07,25.2725,1335234603.954441
Gro,M1,cDXGF,Base,CZ08,32.28541666666666,1378962672.9505296
Gro,M1,cDXGF,Base,CZ09,35.456250000000004,1418347917.521078
Gro,M1,cDXGF,Base,CZ10,35.55666666666667,1409339015.8008535
Gro,M1,cDXGF,Base,CZ11,36.25708333333334,1408663443.2006602
Gro,M1,cDXGF,Base,CZ12,33.139583333333334,1410450397.6995678
Gro,M1,cDXGF,Base,CZ13,37.3975,1415726960.1881332
Gro,M1,cDXGF,Base,CZ14,33.69791666666667,1351504895.0341475
Gro,M1,cDXGF,Base,CZ15,42.32083333333334,1560733367.536509
Gro,M1,cDXGF,Base,CZ16,25.15416666666667,1262224009.0951035
Gro,M1,cDXGF,Measure,CZ01,16.715000000000003,1201016937.6894088
Gro,M1,cDXGF,Measure,CZ02,25.97041666666667,1320589857.7701082
Gro,M1,cDXGF,Measure,CZ03,24.965,1263208669.7842588
Gro,M1,cDXGF,Measure,CZ04,32.625416666666666,1384435962.9966912
Gro,M1,cDXGF,Measure,CZ05,22.50375,1231312744.0770626
Gro,M1,cDXGF,Measure,CZ06,25.29583333333333,1280105654.3295226
Gro,M1,cDXGF,Measure,CZ07,25.2725,1331904796.9915018
Gro,M1,cDXGF,Measure,CZ08,32.28541666666666,1379096489.4566212
Gro,M1,cDXGF,Measure,CZ09,35.456250000000004,1417618383.6921558
Gro,M1,cDXGF,Measure,CZ10,35.55666666666667,1409145649.5768578
Gro,M1,cDXGF,Measure,CZ11,36.25708333333334,1391834957.182128
Gro,M1,cDXGF,Measure,CZ12,33.139583333333334,1410874253.497975
Gro,M1,cDXGF,Measure,CZ13,37.3975,1397966234.9245358
Gro,M1,cDXGF,Measure,CZ14,33.69791666666667,1334177910.1167974
Gro,M1,cDXGF,Measure,CZ15,42.32083333333334,1552960574.4754696
Gro,M1,cDXGF,Measure,CZ16,25.15416666666667,1248026665.5205023
Gro,M1,cDXHP,Base,CZ01,16.715000000000003,1206664305.421538
Gro,M1,cDXHP,Base,CZ02,25.97041666666667,1316855413.385331
Gro,M1,cDXHP,Base,CZ03,24.965,1261759034.5860476
Gro,M1,cDXHP,Base,CZ04,32.625416666666666,1383209274.450067
Gro,M1,cDXHP,Base,CZ05,22.50375,1230214542.9872656
Gro,M1,cDXHP,Base,CZ06,25.29583333333333,1281154099.3687725
Gro,M1,cDXHP,Base,CZ07,25.2725,1332709296.1995132
Gro,M1,cDXHP,Base,CZ08,32.28541666666666,1382200768.8576202
Gro,M1,cDXHP,Base,CZ09,35.456250000000004,1422915218.8436365
Gro,M1,cDXHP,Base,CZ10,35.55666666666667,1410708022.233027
Gro,M1,cDXHP,Base,CZ11,36.25708333333334,1408670372.7621756
Gro,M1,cDXHP,Base,CZ12,33.139583333333334,1411758417.992783
Gro,M1,cDXHP,Base,CZ13,37.3975,1415765171.508667
Gro,M1,cDXHP,Base,CZ14,33.69791666666667,1352568543.3606796
Gro,M1,cDXHP,Base,CZ15,42.32083333333334,1560733367.5327272
Gro,M1,cDXHP,Base,CZ16,25.15416666666667,1264231378.8879056
Gro,M1,cDXHP,Measure,CZ01,16.715000000000003,1204351402.1297257
Gro,M1,cDXHP,Measure,CZ02,25.97041666666667,1321722774.8081255
Gro,M1,cDXHP,Measure,CZ03,24.965,1265321318.1899006
Gro,M1,cDXHP,Measure,CZ04,32.625416666666666,1385214102.8380787
Gro,M1,cDXHP,Measure,CZ05,22.50375,1233130270.828001
Gro,M1,cDXHP,Measure,CZ06,25.29583333333333,1281559173.9860532
Gro,M1,cDXHP,Measure,CZ07,25.2725,1329314441.4902327
Gro,M1,cDXHP,Measure,CZ08,32.28541666666666,1382167590.926947
Gro,M1,cDXHP,Measure,CZ09,35.456250000000004,1421906601.221552
Gro,M1,cDXHP,Measure,CZ10,35.55666666666667,1410248380.582888
Gro,M1,cDXHP,Measure,CZ11,36.25708333333334,1391841178.7233458
Gro,M1,cDXHP,Measure,CZ12,33.139583333333334,1412184032.3030171
Gro,M1,cDXHP,Measure,CZ13,37.3975,1398002582.7768376
Gro,M1,cDXHP,Measure,CZ14,33.69791666666667,1335173716.1195145
Gro,M1,cDXHP,Measure,CZ15,42.32083333333334,1552960565.5998523
Gro,M1,cDXHP,Measure,CZ16,25.15416666666667,1249864886.608783
Gro,M1,cPTAC,Base,CZ01,16.715000000000003,1204888177.2456298
Gro,M1,cPTAC,Base,CZ02,25.97041666666667,1315929398.4638288
Gro,M1,cPTAC,Base,CZ03,24.965,1259229648.924428
Gro,M1,cPTAC,Base,CZ04,32.625416666666666,1382387608.506012
Gro,M1,cPTAC,Base,CZ05,22.50375,1227206531.5788589
Gro,M1,cPTAC,Base,CZ06,25.29583333333333,1280591119.9900842
Gro,M1,cPTAC,Base,CZ07,25.2725,1335840458.8158257
Gro,M1,cPTAC,Base,CZ08,32.28541666666666,1378855815.7350433
Gro,M1,cPTAC,Base,CZ09,35.456250000000004,1418197893.4724407
Gro,M1,cPTAC,Base,CZ10,35.55666666666667,1409301169.1138172
Gro,M1,cPTAC,Base,CZ11,36.25708333333334,1408651575.5445218
Gro,M1,cPTAC,Base,CZ12,33.139583333333334,1410389206.23886
Gro,M1,cPTAC,Base,CZ13,37.3975,1415718396.3297043
Gro,M1,cPTAC,Base,CZ14,33.69791666666667,1351485672.2873363
Gro,M1,cPTAC,Base,CZ15,42.32083333333334,1560733397.869833
Gro,M1,cPTAC,Base,CZ16,25.15416666666667,1262181310.2535958
Gro,M1,cPTAC,Measure,CZ01,16.715000000000003,1203659711.0749872
Gro,M1,cPTAC,Measure,CZ02,25.97041666666667,1320920005.7796762
Gro,M1,cPTAC,Measure,CZ03,24.965,1263163100.683175
Gro,M1,cPTAC,Measure,CZ04,32.625416666666666,1384397903.465473
Gro,M1,cPTAC,Measure,CZ05,22.50375,1230827874.967413
Gro,M1,cPTAC,Measure,CZ06,25.29583333333333,1280891180.378997
Gro,M1,cPTAC,Measure,CZ07,25.2725,1332583895.1365712
Gro,M1,cPTAC,Measure,CZ08,32.28541666666666,1378986198.1368675
Gro,M1,cPTAC,Measure,CZ09,35.456250000000004,1417519278.7792149
Gro,M1,cPTAC,Measure,CZ10,35.55666666666667,1409138130.0974026
Gro,M1,cPTAC,Measure,CZ11,36.25708333333334,1391811558.1111145
Gro,M1,cPTAC,Measure,CZ12,33.139583333333334,1410804721.363932
Gro,M1,cPTAC,Measure,CZ13,37.3975,1397947534.3491747
Gro,M1,cPTAC,Measure,CZ14,33.69791666666667,1334151203.68901
Gro,M1,cPTAC,Measure,CZ15,42.32083333333334,1552952528.3429017
Gro,M1,cPTAC,Measure,CZ16,25.15416666666667,1247958478.2011597
Gro,M1,cPVVG,Base,CZ01,16.715000000000003,1161492279.9630833
Gro,M1,cPVVG,Base,CZ02,25.97041666666667,1270670806.4443984
Gro,M1,cPVVG,Base,CZ03,24.965,1219633007.3595643
Gro,M1,cPVVG,Base,CZ04,32.625416666666666,1338548566.3440485
Gro,M1,cPVVG,Base,CZ05,22.50375,1184387356.318049
Gro,M1,cPVVG,Base,CZ06,25.29583333333333,1233712851.0290766
Gro,M1,cPVVG,Base,CZ07,25.2725,1291843770.9867978
Gro,M1,cPVVG,Base,CZ08,32.28541666666666,1343277040.3684304
Gro,M1,cPVVG,Base,CZ09,35.456250000000004,1386864153.208303
Gro,M1,cPVVG,Base,CZ10,35.55666666666667,1376291024.4441671
Gro,M1,cPVVG,Base,CZ11,36.25708333333334,1371893659.617851
Gro,M1,cPVVG,Base,CZ12,33.139583333333334,1372595595.652084
Gro,M1,cPVVG,Base,CZ13,37.3975,1382588087.4118826
Gro,M1,cPVVG,Base,CZ14,33.69791666666667,1311311910.329569
Gro,M1,cPVVG,Base,CZ15,42.32083333333334,1543026975.714065
Gro,M1,cPVVG,Base,CZ16,25.15416666666667,1211963804.4083333
Gro,M1,cPVVG,Measure,CZ01,16.715000000000003,1161498217.6841512
Gro,M1,cPVVG,Measure,CZ02,25.97041666666667,1279983363.9385023
Gro,M1,cPVVG,Measure,CZ03,24.965,1226881880.1215458
Gro,M1,cPVVG,Measure,CZ04,32.625416666666666,1345961853.507233
Gro,M1,cPVVG,Measure,CZ05,22.50375,1190487330.5438604
Gro,M1,cPVVG,Measure,CZ06,25.29583333333333,1237834009.5875258
Gro,M1,cPVVG,Measure,CZ07,25.2725,1291304595.342043
Gro,M1,cPVVG,Measure,CZ08,32.28541666666666,1347749275.7659774
Gro,M1,cPVVG,Measure,CZ09,35.456250000000004,1390260359.5539987
Gro,M1,cPVVG,Measure,CZ10,35.55666666666667,1380686893.631772
Gro,M1,cPVVG,Measure,CZ11,36.25708333333334,1363839702.3542948
Gro,M1,cPVVG,Measure,CZ12,33.139583333333334,1377818573.977879
Gro,M1,cPVVG,Measure,CZ13,37.3975,1373536859.0925615
Gro,M1,cPVVG,Measure,CZ14,33.69791666666667,1302998652.8638084
Gro,M1,cPVVG,Measure,CZ15,42.32083333333334,1534517564.7332916
Gro,M1,cPVVG,Measure,CZ16,25.15416666666667,1207335169.4579544
Gro,M2,cDXGF,Base,CZ01,16.715000000000003,999609744.614867
Gro,M2,cDXGF,Base,CZ02,25.97041666666667,1287398326.399413
Gro,M2,cDXGF,Base,CZ03,24.965,1243960353.0547743
Gro,M2,cDXGF,Base,CZ04,32.625416666666666,1338109388.6469262
Gro,M2,cDXGF,Base,CZ05,22.50375,1213738140.9713483
Gro,M2,cDXGF,Base,CZ06,25.29583333333333,1264499655.1502888
Gro,M2,cDXGF,Base,CZ07,25.2725,1281794520.5425055
Gro,M2,cDXGF,Base,CZ08,32.28541666666666,1338107947.7887366
Gro,M2,cDXGF,Base,CZ09,35.456250000000004,1358048864.3908114
Gro,M2,cDXGF,Base,CZ10,35.55666666666667,1345752175.9824874
Gro,M2,cDXGF,Base,CZ11,36.25708333333334,1322846490.2696905
Gro,M2,cDXGF,Base,CZ12,33.139583333333334,1343625016.2862487
Gro,M2,cDXGF,Base,CZ13,37.3975,1335083662.070964
Gro,M2,cDXGF,Base,CZ14,33.69791666666667,1301052353.556414
Gro,M2,cDXGF,Base,CZ15,42.32083333333334,1432656432.5902514
Gro,M2,cDXGF,Base,CZ16,25.15416666666667,1261461392.3517923
Gro,M2,cDXGF,Measure,CZ01,16.715000000000003,995412338.54313
Gro,M2,cDXGF,Measure,CZ02,25.97041666666667,1280534268.346241
Gro,M2,cDXGF,Measure,CZ03,24.965,1237651653.9645696
Gro,M2,cDXGF,Measure,CZ04,32.625416666666666,1330113578.9560308
Gro,M2,cDXGF,Measure,CZ05,22.50375,1206626805.7718775
Gro,M2,cDXGF,Measure,CZ06,25.29583333333333,1258545714.552004
Gro,M2,cDXGF,Measure,CZ07,25.2725,1275695177.4753418
Gro,M2,cDXGF,Measure,CZ08,32.28541666666666,1330150024.15008
Gro,M2,cDXGF,Measure,CZ09,35.456250000000004,1349407608.3826914
Gro,M2,cDXGF,Measure,CZ10,35.55666666666667,1337234486.629703
Gro,M2,cDXGF,Measure,CZ11,36.25708333333334,1304064923.307732
Gro,M2,cDXGF,Measure,CZ12,33.139583333333334,1336044207.5881512
Gro,M2,cDXGF,Measure,CZ13,37.3975,1316479282.5898263
Gro,M2,cDXGF,Measure,CZ14,33.69791666666667,1282610573.6457007
Gro,M2,cDXGF,Measure,CZ15,42.32083333333334,1424316997.5421057
Gro,M2,cDXGF,Measure,CZ16,25.15416666666667,1243962669.4343524
Gro,M2,cDXHP,Base,CZ01,16.715000000000003,1001062848.1099192
Gro,M2,cDXHP,Base,CZ02,25.97041666666667,1288269351.6870923
Gro,M2,cDXHP,Base,CZ03,24.965,1245617079.4345086
Gro,M2,cDXHP,Base,CZ04,32.625416666666666,1338464671.083891
Gro,M2,cDXHP,Base,CZ05,22.50375,1215160485.9987826
Gro,M2,cDXHP,Base,CZ06,25.29583333333333,1265917335.296254
Gro,M2,cDXHP,Base,CZ07,25.2725,1283139988.167288
Gro,M2,cDXHP,Base,CZ08,32.28541666666666,1339229483.9742503
Gro,M2,cDXHP,Base,CZ09,35.456250000000004,1359127819.761809
Gro,M2,cDXHP,Base,CZ10,35.55666666666667,1346193546.8792734
Gro,M2,cDXHP,Base,CZ11,36.25708333333334,1322850479.9199662
Gro,M2,cDXHP,Base,CZ12,33.139583333333334,1344257854.6565409
Gro,M2,cDXHP,Base,CZ13,37.3975,1335103563.9937625
Gro,M2,cDXHP,Base,CZ14,33.69791666666667,1301449687.363196
Gro,M2,cDXHP,Base,CZ15,42.32083333333334,1432656423.738505
Gro,M2,cDXHP,Base,CZ16,25.15416666666667,1263317619.467871
Gro,M2,cDXHP,Measure,CZ01,16.715000000000003,996814489.2804956
Gro,M2,cDXHP,Measure,CZ02,25.97041666666667,1281345297.0520625
Gro,M2,cDXHP,Measure,CZ03,24.965,1239173366.8307042
Gro,M2,cDXHP,Measure,CZ04,32.625416666666666,1330440300.2931757
Gro,M2,cDXHP,Measure,CZ05,22.50375,1207962879.2443974
Gro,M2,cDXHP,Measure,CZ06,25.29583333333333,1259862916.1156106
Gro,M2,cDXHP,Measure,CZ07,25.2725,1276935061.2090232
Gro,M2,cDXHP,Measure,CZ08,32.28541666666666,1331174468.3211098
Gro,M2,cDXHP,Measure,CZ09,35.456250000000004,1350379127.2746203
Gro,M2,cDXHP,Measure,CZ10,35.55666666666667,1337644046.5367098
Gro,M2,cDXHP,Measure,CZ11,36.25708333333334,1304068589.5165396
Gro,M2,cDXHP,Measure,CZ12,33.139583333333334,1336618048.7405765
Gro,M2,cDXHP,Measure,CZ13,37.3975,1316497577.4406643
Gro,M2,cDXHP,Measure,CZ14,33.69791666666667,1282950447.027835
Gro,M2,cDXHP,Measure,CZ15,42.32083333333334,1424316971.690933
Gro,M2,cDXHP,Measure,CZ16,25.15416666666667,1245527075.6388495
Gro,M2,cPTAC,Base,CZ01,16.715000000000003,1000701002.813038
Gro,M2,cPTAC,Base,CZ02,25.97041666666667,1287751783.7646537
Gro,M2,cPTAC,Base,CZ03,24.965,1244702603.0910234
Gro,M2,cPTAC,Base,CZ04,32.625416666666666,1338059232.182096
Gro,M2,cPTAC,Base,CZ05,22.50375,1214339340.045769
Gro,M2,cPTAC,Base,CZ06,25.29583333333333,1265252234.0086775
Gro,M2,cPTAC,Base,CZ07,25.2725,1282383594.8936906
Gro,M2,cPTAC,Base,CZ08,32.28541666666666,1338036264.6479397
Gro,M2,cPTAC,Base,CZ09,35.456250000000004,1358001531.5565362
Gro,M2,cPTAC,Base,CZ10,35.55666666666667,1345714500.1281211
Gro,M2,cPTAC,Base,CZ11,36.25708333333334,1322837473.2550266
Gro,M2,cPTAC,Base,CZ12,33.139583333333334,1343595939.9859223
Gro,M2,cPTAC,Base,CZ13,37.3975,1335075170.6965833
Gro,M2,cPTAC,Base,CZ14,33.69791666666667,1301043136.557497
Gro,M2,cPTAC,Base,CZ15,42.32083333333334,1432656134.525231
Gro,M2,cPTAC,Base,CZ16,25.15416666666667,1261432721.863326
Gro,M2,cPTAC,Measure,CZ01,16.715000000000003,992213062.0380024
Gro,M2,cPTAC,Measure,CZ02,25.97041666666667,1281022126.0313308
Gro,M2,cPTAC,Measure,CZ03,24.965,1236090106.4958591
Gro,M2,cPTAC,Measure,CZ04,32.625416666666666,1330070701.5764923
Gro,M2,cPTAC,Measure,CZ05,22.50375,1207022072.9579806
Gro,M2,cPTAC,Measure,CZ06,25.29583333333333,1259344987.0154543
Gro,M2,cPTAC,Measure,CZ07,25.2725,1276384780.7581594
Gro,M2,cPTAC,Measure,CZ08,32.28541666666666,1330060070.4400911
Gro,M2,cPTAC,Measure,CZ09,35.456250000000004,1349372760.5457687
Gro,M2,cPTAC,Measure,CZ10,35.55666666666667,1337225264.9030108
Gro,M2,cPTAC,Measure,CZ11,36.25708333333334,1304039571.0752623
Gro,M2,cPTAC,Measure,CZ12,33.139583333333334,1336003997.3615575
Gro,M2,cPTAC,Measure,CZ13,37.3975,1316459341.2763317
Gro,M2,cPTAC,Measure,CZ14,33.69791666666667,1282586221.9424992
Gro,M2,cPTAC,Measure,CZ15,42.32083333333334,1424307683.491128
Gro,M2,cPTAC,Measure,CZ16,25.15416666666667,1243895520.356839
Gro,M2,cPVVG,Base,CZ01,16.715000000000003,953367341.0204104
Gro,M2,cPVVG,Base,CZ02,25.97041666666667,1238004625.2600417
Gro,M2,cPVVG,Base,CZ03,24.965,1200043584.974402
Gro,M2,cPVVG,Base,CZ04,32.625416666666666,1285082228.6945436
Gro,M2,cPVVG,Base,CZ05,22.50375,1162854628.926015
Gro,M2,cPVVG,Base,CZ06,25.29583333333333,1216573696.983995
Gro,M2,cPVVG,Base,CZ07,25.2725,1234891924.6217942
Gro,M2,cPVVG,Base,CZ08,32.28541666666666,1291108090.438028
Gro,M2,cPVVG,Base,CZ09,35.456250000000004,1309718918.160668
Gro,M2,cPVVG,Base,CZ10,35.55666666666667,1296031705.36301
Gro,M2,cPVVG,Base,CZ11,36.25708333333334,1268921283.3944073
Gro,M2,cPVVG,Base,CZ12,33.139583333333334,1295685345.19681
Gro,M2,cPVVG,Base,CZ13,37.3975,1283912493.4731154
Gro,M2,cPVVG,Base,CZ14,33.69791666666667,1245881633.9002783
Gro,M2,cPVVG,Base,CZ15,42.32083333333334,1384980677.0319576
Gro,M2,cPVVG,Base,CZ16,25.15416666666667,1208494084.528206
Gro,M2,cPVVG,Measure,CZ01,16.715000000000003,949391378.8591408
Gro,M2,cPVVG,Measure,CZ02,25.97041666666667,1234437978.589206
Gro,M2,cPVVG,Measure,CZ03,24.965,1196275570.882485
Gro,M2,cPVVG,Measure,CZ04,32.625416666666666,1281253813.9924002
Gro,M2,cPVVG,Measure,CZ05,22.50375,1159510191.4708376
Gro,M2,cPVVG,Measure,CZ06,25.29583333333333,1213291658.64227
Gro,M2,cPVVG,Measure,CZ07,25.2725,1231807933.9664156
Gro,M2,cPVVG,Measure,CZ08,32.28541666666666,1287115794.964692
Gro,M2,cPVVG,Measure,CZ09,35.456250000000004,1305352800.4019094
Gro,M2,cPVVG,Measure,CZ10,35.55666666666667,1291881420.2927928
Gro,M2,cPVVG,Measure,CZ11,36.25708333333334,1261320072.1489975
Gro,M2,cPVVG,Measure,CZ12,33.139583333333334,1292110032.5347984
Gro,M2,cPVVG,Measure,CZ13,37.3975,1276235316.153641
Gro,M2,cPVVG,Measure,CZ14,33.69791666666667,1238416153.6496754
Gro,M2,cPVVG,Measure,CZ15,42.32083333333334,1380937841.6885076
Gro,M2,cPVVG,Measure,CZ16,25.15416666666667,1201073893.6176286
Gro,M3,cDXGF,Base,CZ01,16.715000000000003,924488022.1331258
Gro,M3,cDXGF,Base,CZ02,25.97041666666667,1212635774.7153864
Gro,M3,cDXGF,Base,CZ03,24.965,1173401217.0841744
Gro,M3,cDXGF,Base,CZ04,32.625416666666666,1259450142.3603735
Gro,M3,cDXGF,Base,CZ05,22.50375,1135557807.9306328
Gro,M3,cDXGF,Base,CZ06,25.29583333333333,1190516888.7947593
Gro,M3,cDXGF,Base,CZ07,25.2725,1210744598.2514403
Gro,M3,cDXGF,Base,CZ08,32.28541666666666,1267830182.6379106
Gro,M3,cDXGF,Base,CZ09,35.456250000000004,1285420351.6502874
Gro,M3,cDXGF,Base,CZ10,35.55666666666667,1271531762.142279
Gro,M3,cDXGF,Base,CZ11,36.25708333333334,1244032790.4499435
Gro,M3,cDXGF,Base,CZ12,33.139583333333334,1273250808.7634933
Gro,M3,cDXGF,Base,CZ13,37.3975,1260096810.2763543
Gro,M3,cDXGF,Base,CZ14,33.69791666666667,1218124972.1015165
Gro,M3,cDXGF,Base,CZ15,42.32083333333334,1364275985.9842846
Gro,M3,cDXGF,Base,CZ16,25.15416666666667,1181139605.3177917
Gro,M3,cDXGF,Measure,CZ01,16.715000000000003,920038477.0792984
Gro,M3,cDXGF,Measure,CZ02,25.97041666666667,1195826499.6558208
Gro,M3,cDXGF,Measure,CZ03,24.965,1161814380.3210568
Gro,M3,cDXGF,Measure,CZ04,32.625416666666666,1234660741.9933667
Gro,M3,cDXGF,Measure,CZ05,22.50375,1126626723.4920244
Gro,M3,cDXGF,Measure,CZ06,25.29583333333333,1177608725.1535444
Gro,M3,cDXGF,Measure,CZ07,25.2725,1196604257.7470045
Gro,M3,cDXGF,Measure,CZ08,32.28541666666666,1242169958.005447
Gro,M3,cDXGF,Measure,CZ09,35.456250000000004,1256720824.4291122
Gro,M3,cDXGF,Measure,CZ10,35.55666666666667,1244690764.6486971
Gro,M3,cDXGF,Measure,CZ11,36.25708333333334,1215870838.0418472
Gro,M3,cDXGF,Measure,CZ12,33.139583333333334,1246334247.8081448
Gro,M3,cDXGF,Measure,CZ13,37.3975,1229224467.7492304
Gro,M3,cDXGF,Measure,CZ14,33.69791666666667,1194624876.2535968
Gro,M3,cDXGF,Measure,CZ15,42.32083333333334,1321639629.2298515
Gro,M3,cDXGF,Measure,CZ16,25.15416666666667,1165230554.5617535
Gro,M3,cDXHP,Base,CZ01,16.715000000000003,922223555.116718
Gro,M3,cDXHP,Base,CZ02,25.97041666666667,1209184391.787429
Gro,M3,cDXHP,Base,CZ03,24.965,1168175632.7962706
Gro,M3,cDXHP,Base,CZ04,32.625416666666666,1258258995.4886968
Gro,M3,cDXHP,Base,CZ05,22.50375,1132049458.8811388
Gro,M3,cDXHP,Base,CZ06,25.29583333333333,1184868204.8122811
Gro,M3,cDXHP,Base,CZ07,25.2725,1204689327.198784
Gro,M3,cDXHP,Base,CZ08,32.28541666666666,1263861039.0553465
Gro,M3,cDXHP,Base,CZ09,35.456250000000004,1281943748.1769648
Gro,M3,cDXHP,Base,CZ10,35.55666666666667,1270133025.2913816
Gro,M3,cDXHP,Base,CZ11,36.25708333333334,1244018753.147645
Gro,M3,cDXHP,Base,CZ12,33.139583333333334,1271177247.2798042
Gro,M3,cDXHP,Base,CZ13,37.3975,1260055269.5154104
Gro,M3,cDXHP,Base,CZ14,33.69791666666667,1216445197.7944744
Gro,M3,cDXHP,Base,CZ15,42.32083333333334,1364275954.9793212
Gro,M3,cDXHP,Base,CZ16,25.15416666666667,1170896002.0242944
Gro,M3,cDXHP,Measure,CZ01,16.715000000000003,917653537.2219492
Gro,M3,cDXHP,Measure,CZ02,25.97041666666667,1192366894.9695811
Gro,M3,cDXHP,Measure,CZ03,24.965,1156577841.433668
Gro,M3,cDXHP,Measure,CZ04,32.625416666666666,1233451966.3489945
Gro,M3,cDXHP,Measure,CZ05,22.50375,1123068338.115056
Gro,M3,cDXHP,Measure,CZ06,25.29583333333333,1172014432.3979216
Gro,M3,cDXHP,Measure,CZ07,25.2725,1190625883.0738497
Gro,M3,cDXHP,Measure,CZ08,32.28541666666666,1238230053.0075254
Gro,M3,cDXHP,Measure,CZ09,35.456250000000004,1253282739.8204286
Gro,M3,cDXHP,Measure,CZ10,35.55666666666667,1243307976.5234015
Gro,M3,cDXHP,Measure,CZ11,36.25708333333334,1215855837.1597471
Gro,M3,cDXHP,Measure,CZ12,33.139583333333334,1244245711.477409
Gro,M3,cDXHP,Measure,CZ13,37.3975,1229178687.9881225
Gro,M3,cDXHP,Measure,CZ14,33.69791666666667,1192978242.6028886
Gro,M3,cDXHP,Measure,CZ15,42.32083333333334,1321639603.1508126
Gro,M3,cDXHP,Measure,CZ16,25.15416666666667,1155227365.8557296
Gro,M3,cPTAC,Base,CZ01,16.715000000000003,915276596.5057608
Gro,M3,cPTAC,Base,CZ02,25.97041666666667,1213098621.6384835
Gro,M3,cPTAC,Base,CZ03,24.965,1173551149.1990013
Gro,M3,cPTAC,Base,CZ04,32.625416666666666,1259382217.3390248
Gro,M3,cPTAC,Base,CZ05,22.50375,1133209814.6537774
Gro,M3,cPTAC,Base,CZ06,25.29583333333333,1191193461.2299438
Gro,M3,cPTAC,Base,CZ07,25.2725,1211402958.5212865
Gro,M3,cPTAC,Base,CZ08,32.28541666666666,1267613088.8596773
Gro,M3,cPTAC,Base,CZ09,35.456250000000004,1285268697.431196
Gro,M3,cPTAC,Base,CZ10,35.55666666666667,1271453258.6917176
Gro,M3,cPTAC,Base,CZ11,36.25708333333334,1244001662.9070053
Gro,M3,cPTAC,Base,CZ12,33.139583333333334,1273176895.8595898
Gro,M3,cPTAC,Base,CZ13,37.3975,1260071880.6445105
Gro,M3,cPTAC,Base,CZ14,33.69791666666667,1218094638.48395
Gro,M3,cPTAC,Base,CZ15,42.32083333333334,1364263944.6374311
Gro,M3,cPTAC,Base,CZ16,25.15416666666667,1181045803.1099637
Gro,M3,cPTAC,Measure,CZ01,16.715000000000003,911186602.5087336
Gro,M3,cPTAC,Measure,CZ02,25.97041666666667,1196335487.3985384
Gro,M3,cPTAC,Measure,CZ03,24.965,1162084999.210497
Gro,M3,cPTAC,Measure,CZ04,32.625416666666666,1234622695.4119408
Gro,M3,cPTAC,Measure,CZ05,22.50375,1124468859.5361314
Gro,M3,cPTAC,Measure,CZ06,25.29583333333333,1178336149.7595687
Gro,M3,cPTAC,Measure,CZ07,25.2725,1197290569.882552
Gro,M3,cPTAC,Measure,CZ08,32.28541666666666,1242015420.5223231
Gro,M3,cPTAC,Measure,CZ09,35.456250000000004,1256628064.0020676
Gro,M3,cPTAC,Measure,CZ10,35.55666666666667,1244656774.118091
Gro,M3,cPTAC,Measure,CZ11,36.25708333333334,1215844645.2236435
Gro,M3,cPTAC,Measure,CZ12,33.139583333333334,1246281760.649083
Gro,M3,cPTAC,Measure,CZ13,37.3975,1229203863.4375105
Gro,M3,cPTAC,Measure,CZ14,33.69791666666667,1194599069.6648517
Gro,M3,cPTAC,Measure,CZ15,42.32083333333334,1321629503.2740788
Gro,M3,cPTAC,Measure,CZ16,25.15416666666667,1165148770.0664833
Gro,M3,cPVVG,Base,CZ01,16.715000000000003,922583771.8918116
Gro,M3,cPVVG,Base,CZ02,25.97041666666667,1208934614.4018192
Gro,M3,cPVVG,Base,CZ03,24.965,1170689351.072679
Gro,M3,cPVVG,Base,CZ04,32.625416666666666,1254703251.1364217
Gro,M3,cPVVG,Base,CZ05,22.50375,1133260092.7201147
Gro,M3,cPVVG,Base,CZ06,25.29583333333333,1187232402.0407767
Gro,M3,cPVVG,Base,CZ07,25.2725,1207118052.3111973
Gro,M3,cPVVG,Base,CZ08,32.28541666666666,1263197961.3917992
Gro,M3,cPVVG,Base,CZ09,35.456250000000004,1280534536.3746662
Gro,M3,cPVVG,Base,CZ10,35.55666666666667,1266815502.5416715
Gro,M3,cPVVG,Base,CZ11,36.25708333333334,1239073233.3949733
Gro,M3,cPVVG,Base,CZ12,33.139583333333334,1268396514.472246
Gro,M3,cPVVG,Base,CZ13,37.3975,1254995777.2436712
Gro,M3,cPVVG,Base,CZ14,33.69791666666667,1213400994.611488
Gro,M3,cPVVG,Base,CZ15,42.32083333333334,1358514724.5823555
Gro,M3,cPVVG,Base,CZ16,25.15416666666667,1176521210.0205977
Gro,M3,cPVVG,Measure,CZ01,16.715000000000003,918216619.4197812
Gro,M3,cPVVG,Measure,CZ02,25.97041666666667,1192284936.4466372
Gro,M3,cPVVG,Measure,CZ03,24.965,1159215642.6637826
Gro,M3,cPVVG,Measure,CZ04,32.625416666666666,1230139097.0306523
Gro,M3,cPVVG,Measure,CZ05,22.50375,1124425401.6333776
Gro,M3,cPVVG,Measure,CZ06,25.29583333333333,1174461276.654226
Gro,M3,cPVVG,Measure,CZ07,25.2725,1193127450.073274
Gro,M3,cPVVG,Measure,CZ08,32.28541666666666,1237753847.4379754
Gro,M3,cPVVG,Measure,CZ09,35.456250000000004,1252076734.2913218
Gro,M3,cPVVG,Measure,CZ10,35.55666666666667,1240209822.5341668
Gro,M3,cPVVG,Measure,CZ11,36.25708333333334,1211160384.7714033
Gro,M3,cPVVG,Measure,CZ12,33.139583333333334,1241710982.7254024
Gro,M3,cPVVG,Measure,CZ13,37.3975,1224391429.3394685
Gro,M3,cPVVG,Measure,CZ14,33.69791666666667,1190128467.731649
Gro,M3,cPVVG,Measure,CZ15,42.32083333333334,1316192126.4707854
Gro,M3,cPVVG,Measure,CZ16,25.15416666666667,1160801115.789956
Gro,M4,cDXGF,Base,CZ01,16.715000000000003,1205838049.9025087
Gro,M4,cDXGF,Base,CZ02,25.97041666666667,1320535209.8430924
Gro,M4,cDXGF,Base,CZ03,24.965,1263195423.3775249
Gro,M4,cDXGF,Base,CZ04,32.625416666666666,1382469855.3820715
Gro,M4,cDXGF,Base,CZ05,22.50375,1232224397.7872756
Gro,M4,cDXGF,Base,CZ06,25.29583333333333,1281670837.4658418
Gro,M4,cDXGF,Base,CZ07,25.2725,1335251062.3988504
Gro,M4,cDXGF,Base,CZ08,32.28541666666666,1379052209.9822426
Gro,M4,cDXGF,Base,CZ09,35.456250000000004,1418427307.9759946
Gro,M4,cDXGF,Base,CZ10,35.55666666666667,1409465225.9528575
Gro,M4,cDXGF,Base,CZ11,36.25708333333334,1408732769.1518304
Gro,M4,cDXGF,Base,CZ12,33.139583333333334,1410437077.6451724
Gro,M4,cDXGF,Base,CZ13,37.3975,1415761229.464932
Gro,M4,cDXGF,Base,CZ14,33.69791666666667,1351528467.2466805
Gro,M4,cDXGF,Base,CZ15,42.32083333333334,1560951012.397643
Gro,M4,cDXGF,Base,CZ16,25.15416666666667,1264941957.045566
Gro,M4,cDXGF,Measure,CZ01,16.715000000000003,1206465373.4829834
Gro,M4,cDXGF,Measure,CZ02,25.97041666666667,1325491844.801135
Gro,M4,cDXGF,Measure,CZ03,24.965,1266904195.397984
Gro,M4,cDXGF,Measure,CZ04,32.625416666666666,1384454118.9358215
Gro,M4,cDXGF,Measure,CZ05,22.50375,1236768717.8071527
Gro,M4,cDXGF,Measure,CZ06,25.29583333333333,1281989182.000037
Gro,M4,cDXGF,Measure,CZ07,25.2725,1331921093.0253274
Gro,M4,cDXGF,Measure,CZ08,32.28541666666666,1379189274.216823
Gro,M4,cDXGF,Measure,CZ09,35.456250000000004,1417693411.0636048
Gro,M4,cDXGF,Measure,CZ10,35.55666666666667,1409273134.419197
Gro,M4,cDXGF,Measure,CZ11,36.25708333333334,1391892199.8715577
Gro,M4,cDXGF,Measure,CZ12,33.139583333333334,1410850055.0861647
Gro,M4,cDXGF,Measure,CZ13,37.3975,1397992141.2232714
Gro,M4,cDXGF,Measure,CZ14,33.69791666666667,1334203085.901854
Gro,M4,cDXGF,Measure,CZ15,42.32083333333334,1553168585.5471883
Gro,M4,cDXGF,Measure,CZ16,25.15416666666667,1250733319.771552
Gro,M4,cDXHP,Base,CZ01,16.715000000000003,1211364121.3160453
Gro,M4,cDXHP,Base,CZ02,25.97041666666667,1321534847.009253
Gro,M4,cDXHP,Base,CZ03,24.965,1265312940.3566637
Gro,M4,cDXHP,Base,CZ04,32.625416666666666,1383236986.1175618
Gro,M4,cDXHP,Base,CZ05,22.50375,1234494796.6203756
Gro,M4,cDXHP,Base,CZ06,25.29583333333333,1283053019.1025896
Gro,M4,cDXHP,Base,CZ07,25.2725,1332725503.208336
Gro,M4,cDXHP,Base,CZ08,32.28541666666666,1382296370.8441567
Gro,M4,cDXHP,Base,CZ09,35.456250000000004,1422997360.0231328
Gro,M4,cDXHP,Base,CZ10,35.55666666666667,1410839434.1257062
Gro,M4,cDXHP,Base,CZ11,36.25708333333334,1408739704.725184
Gro,M4,cDXHP,Base,CZ12,33.139583333333334,1411745190.4210114
Gro,M4,cDXHP,Base,CZ13,37.3975,1415799476.7483602
Gro,M4,cDXHP,Base,CZ14,33.69791666666667,1352592113.012878
Gro,M4,cDXHP,Base,CZ15,42.32083333333334,1560951012.395492
Gro,M4,cDXHP,Base,CZ16,25.15416666666667,1267009078.725219
Gro,M4,cDXHP,Measure,CZ01,16.715000000000003,1209773907.1945648
Gro,M4,cDXHP,Measure,CZ02,25.97041666666667,1326646833.6798549
Gro,M4,cDXHP,Measure,CZ03,24.965,1269122683.0842028
Gro,M4,cDXHP,Measure,CZ04,32.625416666666666,1385232563.7655091
Gro,M4,cDXHP,Measure,CZ05,22.50375,1238635154.7627156
Gro,M4,cDXHP,Measure,CZ06,25.29583333333333,1283451755.281117
Gro,M4,cDXHP,Measure,CZ07,25.2725,1329330492.3770475
Gro,M4,cDXHP,Measure,CZ08,32.28541666666666,1382263225.471229
Gro,M4,cDXHP,Measure,CZ09,35.456250000000004,1421985232.0815148
Gro,M4,cDXHP,Measure,CZ10,35.55666666666667,1410378289.4712372
Gro,M4,cDXHP,Measure,CZ11,36.25708333333334,1391898455.2194495
Gro,M4,cDXHP,Measure,CZ12,33.139583333333334,1412158785.9013245
Gro,M4,cDXHP,Measure,CZ13,37.3975,1398028517.1363983
Gro,M4,cDXHP,Measure,CZ14,33.69791666666667,1335198884.898054
Gro,M4,cDXHP,Measure,CZ15,42.32083333333334,1553168568.9111123
Gro,M4,cDXHP,Measure,CZ16,25.15416666666667,1252627946.6035707
Gro,M4,cPTAC,Base,CZ01,16.715000000000003,1208972324.571351
Gro,M4,cPTAC,Base,CZ02,25.97041666666667,1320570798.789286
Gro,M4,cPTAC,Base,CZ03,24.965,1262652455.4329147
Gro,M4,cPTAC,Base,CZ04,32.625416666666666,1382420880.659074
Gro,M4,cPTAC,Base,CZ05,22.50375,1231138395.5617175
Gro,M4,cPTAC,Base,CZ06,25.29583333333333,1282475972.457791
Gro,M4,cPTAC,Base,CZ07,25.2725,1335864272.3015466
Gro,M4,cPTAC,Base,CZ08,32.28541666666666,1378922856.251613
Gro,M4,cPTAC,Base,CZ09,35.456250000000004,1418277341.579485
Gro,M4,cPTAC,Base,CZ10,35.55666666666667,1409428601.1580768
Gro,M4,cPTAC,Base,CZ11,36.25708333333334,1408720187.256785
Gro,M4,cPTAC,Base,CZ12,33.139583333333334,1410400379.0366158
Gro,M4,cPTAC,Base,CZ13,37.3975,1415752652.9662971
Gro,M4,cPTAC,Base,CZ14,33.69791666666667,1351516272.4425757
Gro,M4,cPTAC,Base,CZ15,42.32083333333334,1560950980.2177875
Gro,M4,cPTAC,Base,CZ16,25.15416666666667,1264899783.5483856
Gro,M4,cPTAC,Measure,CZ01,16.715000000000003,1208133988.9524932
Gro,M4,cPTAC,Measure,CZ02,25.97041666666667,1325839420.2214737
Gro,M4,cPTAC,Measure,CZ03,24.965,1266815075.1953788
Gro,M4,cPTAC,Measure,CZ04,32.625416666666666,1384421556.0800495
Gro,M4,cPTAC,Measure,CZ05,22.50375,1235758745.8683467
Gro,M4,cPTAC,Measure,CZ06,25.29583333333333,1282768691.8867092
Gro,M4,cPTAC,Measure,CZ07,25.2725,1332606696.1819017
Gro,M4,cPTAC,Measure,CZ08,32.28541666666666,1379057705.2323306
Gro,M4,cPTAC,Measure,CZ09,35.456250000000004,1417593929.9214935
Gro,M4,cPTAC,Measure,CZ10,35.55666666666667,1409264598.229056
Gro,M4,cPTAC,Measure,CZ11,36.25708333333334,1391868124.5482476
Gro,M4,cPTAC,Measure,CZ12,33.139583333333334,1410806149.5631268
Gro,M4,cPTAC,Measure,CZ13,37.3975,1397973348.2694335
Gro,M4,cPTAC,Measure,CZ14,33.69791666666667,1334179630.1294675
Gro,M4,cPTAC,Measure,CZ15,42.32083333333334,1553160383.4296772
Gro,M4,cPTAC,Measure,CZ16,25.15416666666667,1250666008.6865847
Gro,M4,cPVVG,Base,CZ01,16.715000000000003,1165071412.3116474
Gro,M4,cPVVG,Base,CZ02,25.97041666666667,1273836293.5648785
Gro,M4,cPVVG,Base,CZ03,24.965,1221864853.8103523
Gro,M4,cPVVG,Base,CZ04,32.625416666666666,1338583600.3509789
Gro,M4,cPVVG,Base,CZ05,22.50375,1187082162.290811
Gro,M4,cPVVG,Base,CZ06,25.29583333333333,1234784743.111228
Gro,M4,cPVVG,Base,CZ07,25.2725,1291857279.0795069
Gro,M4,cPVVG,Base,CZ08,32.28541666666666,1343376423.3901837
Gro,M4,cPVVG,Base,CZ09,35.456250000000004,1386950830.2141762
Gro,M4,cPVVG,Base,CZ10,35.55666666666667,1376433179.7066574
Gro,M4,cPVVG,Base,CZ11,36.25708333333334,1371969299.0798216
Gro,M4,cPVVG,Base,CZ12,33.139583333333334,1372598166.5259027
Gro,M4,cPVVG,Base,CZ13,37.3975,1382628371.6522217
Gro,M4,cPVVG,Base,CZ14,33.69791666666667,1311343356.9008727
Gro,M4,cPVVG,Base,CZ15,42.32083333333334,1543256974.5604222
Gro,M4,cPVVG,Base,CZ16,25.15416666666667,1214240303.8323824
Gro,M4,cPVVG,Measure,CZ01,16.715000000000003,1165528664.8635442
Gro,M4,cPVVG,Measure,CZ02,25.97041666666667,1283474678.4250827
Gro,M4,cPVVG,Measure,CZ03,24.965,1229394921.5450785
Gro,M4,cPVVG,Measure,CZ04,32.625416666666666,1345990514.5884182
Gro,M4,cPVVG,Measure,CZ05,22.50375,1193912196.7954557
Gro,M4,cPVVG,Measure,CZ06,25.29583333333333,1238975364.5065863
Gro,M4,cPVVG,Measure,CZ07,25.2725,1291320534.8702197
Gro,M4,cPVVG,Measure,CZ08,32.28541666666666,1347850584.759686
Gro,M4,cPVVG,Measure,CZ09,35.456250000000004,1390346811.659037
Gro,M4,cPVVG,Measure,CZ10,35.55666666666667,1380825931.4754825
Gro,M4,cPVVG,Measure,CZ11,36.25708333333334,1363905742.4587884
Gro,M4,cPVVG,Measure,CZ12,33.139583333333334,1377817189.4816957
Gro,M4,cPVVG,Measure,CZ13,37.3975,1373571598.3495283
Gro,M4,cPVVG,Measure,CZ14,33.69791666666667,1303025764.5148172
Gro,M4,cPVVG,Measure,CZ15,42.32083333333334,1534737630.6989565
Gro,M4,cPVVG,Measure,CZ16,25.15416666666667,1209601372.7422194
Gro,M5,cDXGF,Base,CZ01,16.715000000000003,1073669595.3496988
Gro,M5,cDXGF,Base,CZ02,25.97041666666667,1248510640.6275458
Gro,M5,cDXGF,Base,CZ03,24.965,1199251838.1241794
Gro,M5,cDXGF,Base,CZ04,32.625416666666666,1292506148.713623
Gro,M5,cDXGF,Base,CZ05,22.50375,1168527305.286796
Gro,M5,cDXGF,Base,CZ06,25.29583333333333,1204370400.9514906
Gro,M5,cDXGF,Base,CZ07,25.2725,1257419323.087103
Gro,M5,cDXGF,Base,CZ08,32.28541666666666,1308491721.8969676
Gro,M5,cDXGF,Base,CZ09,35.456250000000004,1346693462.5700068
Gro,M5,cDXGF,Base,CZ10,35.55666666666667,1329796984.3773797
Gro,M5,cDXGF,Base,CZ11,36.25708333333334,1308010015.1600049
Gro,M5,cDXGF,Base,CZ12,33.139583333333334,1329619699.4201326
Gro,M5,cDXGF,Base,CZ13,37.3975,1316970288.3154087
Gro,M5,cDXGF,Base,CZ14,33.69791666666667,1250537410.6328626
Gro,M5,cDXGF,Base,CZ15,42.32083333333334,1480070074.21607
Gro,M5,cDXGF,Base,CZ16,25.15416666666667,1186371804.731105
Gro,M5,cDXGF,Measure,CZ01,16.715000000000003,1070576306.171246
Gro,M5,cDXGF,Measure,CZ02,25.97041666666667,1233275250.544042
Gro,M5,cDXGF,Measure,CZ03,24.965,1189336868.238132
Gro,M5,cDXGF,Measure,CZ04,32.625416666666666,1270680520.7896094
Gro,M5,cDXGF,Measure,CZ05,22.50375,1161362406.7570376
Gro,M5,cDXGF,Measure,CZ06,25.29583333333333,1193782726.6076248
Gro,M5,cDXGF,Measure,CZ07,25.2725,1244139460.246862
Gro,M5,cDXGF,Measure,CZ08,32.28541666666666,1284914067.483036
Gro,M5,cDXGF,Measure,CZ09,35.456250000000004,1318410870.7462213
Gro,M5,cDXGF,Measure,CZ10,35.55666666666667,1303184633.8338952
Gro,M5,cDXGF,Measure,CZ11,36.25708333333334,1280740135.405983
Gro,M5,cDXGF,Measure,CZ12,33.139583333333334,1304403543.0883174
Gro,M5,cDXGF,Measure,CZ13,37.3975,1287749721.8609908
Gro,M5,cDXGF,Measure,CZ14,33.69791666666667,1229582235.6649597
Gro,M5,cDXGF,Measure,CZ15,42.32083333333334,1435315245.075916
Gro,M5,cDXGF,Measure,CZ16,25.15416666666667,1174211172.1434772
Gro,M5,cDXHP,Base,CZ01,16.715000000000003,1051929971.7828114
Gro,M5,cDXHP,Base,CZ02,25.97041666666667,1239971812.2353096
Gro,M5,cDXHP,Base,CZ03,24.965,1187671639.0476649
Gro,M5,cDXHP,Base,CZ04,32.625416666666666,1290278101.762204
Gro,M5,cDXHP,Base,CZ05,22.50375,1164149987.7581575
Gro,M5,cDXHP,Base,CZ06,25.29583333333333,1195294071.547618
Gro,M5,cDXHP,Base,CZ07,25.2725,1237289463.4650986
Gro,M5,cDXHP,Base,CZ08,32.28541666666666,1299965948.3052166
Gro,M5,cDXHP,Base,CZ09,35.456250000000004,1337848712.2219727
Gro,M5,cDXHP,Base,CZ10,35.55666666666667,1324061804.974769
Gro,M5,cDXHP,Base,CZ11,36.25708333333334,1307988983.32973
Gro,M5,cDXHP,Base,CZ12,33.139583333333334,1324288954.3042116
Gro,M5,cDXHP,Base,CZ13,37.3975,1316903154.7044044
Gro,M5,cDXHP,Base,CZ14,33.69791666666667,1246752644.5183854
Gro,M5,cDXHP,Base,CZ15,42.32083333333334,1480070059.7996857
Gro,M5,cDXHP,Base,CZ16,25.15416666666667,1178983061.6067803
Gro,M5,cDXHP,Measure,CZ01,16.715000000000003,1048646209.2025532
Gro,M5,cDXHP,Measure,CZ02,25.97041666666667,1224701198.8284569
Gro,M5,cDXHP,Measure,CZ03,24.965,1177928321.5981808
Gro,M5,cDXHP,Measure,CZ04,32.625416666666666,1268496504.8454428
Gro,M5,cDXHP,Measure,CZ05,22.50375,1157117683.3791072
Gro,M5,cDXHP,Measure,CZ06,25.29583333333333,1184721694.432885
Gro,M5,cDXHP,Measure,CZ07,25.2725,1223981712.873663
Gro,M5,cDXHP,Measure,CZ08,32.28541666666666,1276873316.2498918
Gro,M5,cDXHP,Measure,CZ09,35.456250000000004,1310135224.463813
Gro,M5,cDXHP,Measure,CZ10,35.55666666666667,1297938011.6424856
Gro,M5,cDXHP,Measure,CZ11,36.25708333333334,1280718886.0356088
Gro,M5,cDXHP,Measure,CZ12,33.139583333333334,1299180016.5050774
Gro,M5,cDXHP,Measure,CZ13,37.3975,1287681470.5804062
Gro,M5,cDXHP,Measure,CZ14,33.69791666666667,1226042659.40598
Gro,M5,cDXHP,Measure,CZ15,42.32083333333334,1435315232.347859
Gro,M5,cDXHP,Measure,CZ16,25.15416666666667,1166653566.0892434
Gro,M5,cPTAC,Base,CZ01,16.715000000000003,1128566451.43267
Gro,M5,cPTAC,Base,CZ02,25.97041666666667,1248913639.5597107
Gro,M5,cPTAC,Base,CZ03,24.965,1199318028.6363933
Gro,M5,cPTAC,Base,CZ04,32.625416666666666,1292414017.5718603
Gro,M5,cPTAC,Base,CZ05,22.50375,1166162163.7186255
Gro,M5,cPTAC,Base,CZ06,25.29583333333333,1204976871.775162
Gro,M5,cPTAC,Base,CZ07,25.2725,1258032073.2607892
Gro,M5,cPTAC,Base,CZ08,32.28541666666666,1308175404.063785
Gro,M5,cPTAC,Base,CZ09,35.456250000000004,1346416279.742262
Gro,M5,cPTAC,Base,CZ10,35.55666666666667,1329661346.076517
Gro,M5,cPTAC,Base,CZ11,36.25708333333334,1307973491.264216
Gro,M5,cPTAC,Base,CZ12,33.139583333333334,1329523543.5960565
Gro,M5,cPTAC,Base,CZ13,37.3975,1316941422.7441645
Gro,M5,cPTAC,Base,CZ14,33.69791666666667,1250503899.878406
Gro,M5,cPTAC,Base,CZ15,42.32083333333334,1480057197.045838
Gro,M5,cPTAC,Base,CZ16,25.15416666666667,1186275259.693176
Gro,M5,cPTAC,Measure,CZ01,16.715000000000003,1126274069.9584785
Gro,M5,cPTAC,Measure,CZ02,25.97041666666667,1233717548.9623113
Gro,M5,cPTAC,Measure,CZ03,24.965,1189566216.2838056
Gro,M5,cPTAC,Measure,CZ04,32.625416666666666,1270612656.360076
Gro,M5,cPTAC,Measure,CZ05,22.50375,1159415685.7743356
Gro,M5,cPTAC,Measure,CZ06,25.29583333333333,1194430809.1026385
Gro,M5,cPTAC,Measure,CZ07,25.2725,1244776515.8781917
Gro,M5,cPTAC,Measure,CZ08,32.28541666666666,1284654876.6727903
Gro,M5,cPTAC,Measure,CZ09,35.456250000000004,1318191184.145038
Gro,M5,cPTAC,Measure,CZ10,35.55666666666667,1303088249.0286708
Gro,M5,cPTAC,Measure,CZ11,36.25708333333334,1280707849.6858935
Gro,M5,cPTAC,Measure,CZ12,33.139583333333334,1304325380.8945332
Gro,M5,cPTAC,Measure,CZ13,37.3975,1287724669.9011192
Gro,M5,cPTAC,Measure,CZ14,33.69791666666667,1229552399.639053
Gro,M5,cPTAC,Measure,CZ15,42.32083333333334,1435303871.421675
Gro,M5,cPTAC,Measure,CZ16,25.15416666666667,1174123694.44696
Gro,M5,cPVVG,Base,CZ01,16.715000000000003,1047763146.836476
Gro,M5,cPVVG,Base,CZ02,25.97041666666667,1244535132.7768064
Gro,M5,cPVVG,Base,CZ03,24.965,1196485032.3906274
Gro,M5,cPVVG,Base,CZ04,32.625416666666666,1287475831.7908144
Gro,M5,cPVVG,Base,CZ05,22.50375,1166284338.0759988
Gro,M5,cPVVG,Base,CZ06,25.29583333333333,1201010270.3451035
Gro,M5,cPVVG,Base,CZ07,25.2725,1253237757.7865956
Gro,M5,cPVVG,Base,CZ08,32.28541666666666,1304229303.542487
Gro,M5,cPVVG,Base,CZ09,35.456250000000004,1342484984.2010045
Gro,M5,cPVVG,Base,CZ10,35.55666666666667,1325450258.2902231
Gro,M5,cPVVG,Base,CZ11,36.25708333333334,1302566149.8437097
Gro,M5,cPVVG,Base,CZ12,33.139583333333334,1324522640.4269123
Gro,M5,cPVVG,Base,CZ13,37.3975,1311607200.0722427
Gro,M5,cPVVG,Base,CZ14,33.69791666666667,1245484548.1936295
Gro,M5,cPVVG,Base,CZ15,42.32083333333334,1475333259.7004256
Gro,M5,cPVVG,Base,CZ16,25.15416666666667,1181642892.0010104
Gro,M5,cPVVG,Measure,CZ01,16.715000000000003,1044719001.0949932
Gro,M5,cPVVG,Measure,CZ02,25.97041666666667,1229441640.2757144
Gro,M5,cPVVG,Measure,CZ03,24.965,1186661701.4164166
Gro,M5,cPVVG,Measure,CZ04,32.625416666666666,1265844407.3432126
Gro,M5,cPVVG,Measure,CZ05,22.50375,1159191796.3197107
Gro,M5,cPVVG,Measure,CZ06,25.29583333333333,1190530467.2786727
Gro,M5,cPVVG,Measure,CZ07,25.2725,1240104760.62166
Gro,M5,cPVVG,Measure,CZ08,32.28541666666666,1280812349.0498602
Gro,M5,cPVVG,Measure,CZ09,35.456250000000004,1314375495.781866
Gro,M5,cPVVG,Measure,CZ10,35.55666666666667,1299019876.9512887
Gro,M5,cPVVG,Measure,CZ11,36.25708333333334,1275533859.1476476
Gro,M5,cPVVG,Measure,CZ12,33.139583333333334,1299510524.048926
Gro,M5,cPVVG,Measure,CZ13,37.3975,1282630559.1472068
Gro,M5,cPVVG,Measure,CZ14,33.69791666666667,1224730377.1026835
Gro,M5,cPVVG,Measure,CZ15,42.32083333333334,1430806645.1663384
Gro,M5,cPVVG,Measure,CZ16,25.15416666666667,1169628893.1802826
Htl,M1,cDXGF,Base,CZ01,16.715000000000003,266430166.9267721
Htl,M1,cDXGF,Base,CZ02,25.97041666666667,391976089.4936768
Htl,M1,cDXGF,Base,CZ03,24.965,380900492.3758603
Htl,M1,cDXGF,Base,CZ04,32.625416666666666,518729579.7192607
Htl,M1,cDXGF,Base,CZ05,22.50375,343815330.14205647
Htl,M1,cDXGF,Base,CZ06,25.29583333333333,384469065.1108011
Htl,M1,cDXGF,Base,CZ07,25.2725,419988822.69868463
Htl,M1,cDXGF,Base,CZ08,32.28541666666666,510122532.446538
Htl,M1,cDXGF,Base,CZ09,35.456250000000004,560693332.5100483
Htl,M1,cDXGF,Base,CZ10,35.55666666666667,563913748.8677298
Htl,M1,cDXGF,Base,CZ11,36.25708333333334,612969061.3427169
Htl,M1,cDXGF,Base,CZ12,33.139583333333334,522434262.9361321
Htl,M1,cDXGF,Base,CZ13,37.3975,626078948.732172
Htl,M1,cDXGF,Base,CZ14,33.69791666666667,556357584.752904
Htl,M1,cDXGF,Base,CZ15,42.32083333333334,719918003.6619415
Htl,M1,cDXGF,Base,CZ16,25.15416666666667,411606424.07310486
Htl,M1,cDXGF,Measure,CZ01,16.715000000000003,268461301.19379485
Htl,M1,cDXGF,Measure,CZ02,25.97041666666667,396063009.483177
Htl,M1,cDXGF,Measure,CZ03,24.965,384726580.6319777
Htl,M1,cDXGF,Measure,CZ04,32.625416666666666,521485958.36505073
Htl,M1,cDXGF,Measure,CZ05,22.50375,347767380.1317781
Htl,M1,cDXGF,Measure,CZ06,25.29583333333333,386142429.3765365
Htl,M1,cDXGF,Measure,CZ07,25.2725,420614480.2466026
Htl,M1,cDXGF,Measure,CZ08,32.28541666666666,511835980.7182596
Htl,M1,cDXGF,Measure,CZ09,35.456250000000004,562247376.1480224
Htl,M1,cDXGF,Measure,CZ10,35.55666666666667,565616943.361723
Htl,M1,cDXGF,Measure,CZ11,36.25708333333334,613419679.7480454
Htl,M1,cDXGF,Measure,CZ12,33.139583333333334,524190064.1724232
Htl,M1,cDXGF,Measure,CZ13,37.3975,626231720.8523349
Htl,M1,cDXGF,Measure,CZ14,33.69791666666667,556387905.6659794
Htl,M1,cDXGF,Measure,CZ15,42.32083333333334,719858462.8582636
Htl,M1,cDXGF,Measure,CZ16,25.15416666666667,410866572.9935991
Htl,M1,cDXHP,Base,CZ01,16.715000000000003,266987472.27783197
Htl,M1,cDXHP,Base,CZ02,25.97041666666667,393937396.27599776
Htl,M1,cDXHP,Base,CZ03,24.965,381185234.802893
Htl,M1,cDXHP,Base,CZ04,32.625416666666666,519953358.37481725
Htl,M1,cDXHP,Base,CZ05,22.50375,344038209.25928664
Htl,M1,cDXHP,Base,CZ06,25.29583333333333,386493563.0321959
Htl,M1,cDXHP,Base,CZ07,25.2725,417247412.1727839
Htl,M1,cDXHP,Base,CZ08,32.28541666666666,512997963.34007525
Htl,M1,cDXHP,Base,CZ09,35.456250000000004,564274170.188972
Htl,M1,cDXHP,Base,CZ10,35.55666666666667,565317261.9025121
Htl,M1,cDXHP,Base,CZ11,36.25708333333334,615934355.9625114
Htl,M1,cDXHP,Base,CZ12,33.139583333333334,526031426.27242726
Htl,M1,cDXHP,Base,CZ13,37.3975,628885314.3076746
Htl,M1,cDXHP,Base,CZ14,33.69791666666667,558667728.1951354
Htl,M1,cDXHP,Base,CZ15,42.32083333333334,719968177.7308825
Htl,M1,cDXHP,Base,CZ16,25.15416666666667,412660527.5273573
Htl,M1,cDXHP,Measure,CZ01,16.715000000000003,268646888.6029272
Htl,M1,cDXHP,Measure,CZ02,25.97041666666667,398095561.8359418
Htl,M1,cDXHP,Measure,CZ03,24.965,385047491.2074166
Htl,M1,cDXHP,Measure,CZ04,32.625416666666666,522846601.7653605
Htl,M1,cDXHP,Measure,CZ05,22.50375,348225800.9963485
Htl,M1,cDXHP,Measure,CZ06,25.29583333333333,388231708.9551823
Htl,M1,cDXHP,Measure,CZ07,25.2725,417686723.1166768
Htl,M1,cDXHP,Measure,CZ08,32.28541666666666,514778358.3888148
Htl,M1,cDXHP,Measure,CZ09,35.456250000000004,565866124.3655536
Htl,M1,cDXHP,Measure,CZ10,35.55666666666667,567041578.7424414
Htl,M1,cDXHP,Measure,CZ11,36.25708333333334,616402908.8115115
Htl,M1,cDXHP,Measure,CZ12,33.139583333333334,527815138.4938338
Htl,M1,cDXHP,Measure,CZ13,37.3975,629038921.9113986
Htl,M1,cDXHP,Measure,CZ14,33.69791666666667,558634435.0598812
Htl,M1,cDXHP,Measure,CZ15,42.32083333333334,719908276.7513101
Htl,M1,cDXHP,Measure,CZ16,25.15416666666667,411906424.1718664
Htl,M1,cPTAC,Base,CZ01,16.715000000000003,264844104.2475912
Htl,M1,cPTAC,Base,CZ02,25.97041666666667,392002077.603832
Htl,M1,cPTAC,Base,CZ03,24.965,380833487.60554713
Htl,M1,cPTAC,Base,CZ04,32.625416666666666,518728294.7795045
Htl,M1,cPTAC,Base,CZ05,22.50375,342746087.93680274
Htl,M1,cPTAC,Base,CZ06,25.29583333333333,384468858.7411308
Htl,M1,cPTAC,Base,CZ07,25.2725,419988654.6893194
Htl,M1,cPTAC,Base,CZ08,32.28541666666666,510122522.49538296
Htl,M1,cPTAC,Base,CZ09,35.456250000000004,560691501.7206024
Htl,M1,cPTAC,Base,CZ10,35.55666666666667,563913440.8771273
Htl,M1,cPTAC,Base,CZ11,36.25708333333334,612969208.4505048
Htl,M1,cPTAC,Base,CZ12,33.139583333333334,522434681.298715
Htl,M1,cPTAC,Base,CZ13,37.3975,626079053.4789438
Htl,M1,cPTAC,Base,CZ14,33.69791666666667,556356560.2147746
Htl,M1,cPTAC,Base,CZ15,42.32083333333334,719918144.4377539
Htl,M1,cPTAC,Base,CZ16,25.15416666666667,411606970.5886032
Htl,M1,cPTAC,Measure,CZ01,16.715000000000003,267044552.4034291
Htl,M1,cPTAC,Measure,CZ02,25.97041666666667,396132231.9472784
Htl,M1,cPTAC,Measure,CZ03,24.965,384706277.9017689
Htl,M1,cPTAC,Measure,CZ04,32.625416666666666,521486919.2359822
Htl,M1,cPTAC,Measure,CZ05,22.50375,346930178.71514314
Htl,M1,cPTAC,Measure,CZ06,25.29583333333333,386142283.83579385
Htl,M1,cPTAC,Measure,CZ07,25.2725,420614481.0321713
Htl,M1,cPTAC,Measure,CZ08,32.28541666666666,511836938.66175234
Htl,M1,cPTAC,Measure,CZ09,35.456250000000004,562247446.9035559
Htl,M1,cPTAC,Measure,CZ10,35.55666666666667,565617326.1792765
Htl,M1,cPTAC,Measure,CZ11,36.25708333333334,613419252.3628511
Htl,M1,cPTAC,Measure,CZ12,33.139583333333334,524190623.3328131
Htl,M1,cPTAC,Measure,CZ13,37.3975,626231217.7056873
Htl,M1,cPTAC,Measure,CZ14,33.69791666666667,556386318.7809231
Htl,M1,cPTAC,Measure,CZ15,42.32083333333334,719858961.1442397
Htl,M1,cPTAC,Measure,CZ16,25.15416666666667,410867232.08805496
Htl,M1,cPVVG,Base,CZ01,16.715000000000003,243666180.3316091
Htl,M1,cPVVG,Base,CZ02,25.97041666666667,370410803.4184904
Htl,M1,cPVVG,Base,CZ03,24.965,361717436.43635577
Htl,M1,cPVVG,Base,CZ04,32.625416666666666,506422006.31094736
Htl,M1,cPVVG,Base,CZ05,22.50375,322615807.180268
Htl,M1,cPVVG,Base,CZ06,25.29583333333333,368107669.77472633
Htl,M1,cPVVG,Base,CZ07,25.2725,405591791.4886373
Htl,M1,cPVVG,Base,CZ08,32.28541666666666,497814836.63891566
Htl,M1,cPVVG,Base,CZ09,35.456250000000004,550755230.4634387
Htl,M1,cPVVG,Base,CZ10,35.55666666666667,554651442.4441835
Htl,M1,cPVVG,Base,CZ11,36.25708333333334,608727634.3064154
Htl,M1,cPVVG,Base,CZ12,33.139583333333334,511386841.6910412
Htl,M1,cPVVG,Base,CZ13,37.3975,623103613.793505
Htl,M1,cPVVG,Base,CZ14,33.69791666666667,548980307.9872212
Htl,M1,cPVVG,Base,CZ15,42.32083333333334,719888099.0975008
Htl,M1,cPVVG,Base,CZ16,25.15416666666667,391414648.48692507
Htl,M1,cPVVG,Measure,CZ01,16.715000000000003,247296174.44459775
Htl,M1,cPVVG,Measure,CZ02,25.97041666666667,377360568.634079
Htl,M1,cPVVG,Measure,CZ03,24.965,368449132.3539361
Htl,M1,cPVVG,Measure,CZ04,32.625416666666666,511818910.3628466
Htl,M1,cPVVG,Measure,CZ05,22.50375,329316346.9121473
Htl,M1,cPVVG,Measure,CZ06,25.29583333333333,371935640.8189037
Htl,M1,cPVVG,Measure,CZ07,25.2725,408762097.5053415
Htl,M1,cPVVG,Measure,CZ08,32.28541666666666,501725801.51560616
Htl,M1,cPVVG,Measure,CZ09,35.456250000000004,554095228.6423393
Htl,M1,cPVVG,Measure,CZ10,35.55666666666667,558283486.2394398
Htl,M1,cPVVG,Measure,CZ11,36.25708333333334,610235387.4941442
Htl,M1,cPVVG,Measure,CZ12,33.139583333333334,515115056.7864174
Htl,M1,cPVVG,Measure,CZ13,37.3975,623917064.5115216
Htl,M1,cPVVG,Measure,CZ14,33.69791666666667,550038301.7642491
Htl,M1,cPVVG,Measure,CZ15,42.32083333333334,719836773.7969985
Htl,M1,cPVVG,Measure,CZ16,25.15416666666667,392410836.0389741
Htl,M2,cDXGF,Base,CZ01,16.715000000000003,334086500.53323734
Htl,M2,cDXGF,Base,CZ02,25.97041666666667,388328740.901265
Htl,M2,cDXGF,Base,CZ03,24.965,389226750.3331921
Htl,M2,cDXGF,Base,CZ04,32.625416666666666,434304745.0769712
Htl,M2,cDXGF,Base,CZ05,22.50375,374255647.2226155
Htl,M2,cDXGF,Base,CZ06,25.29583333333333,383687315.8064349
Htl,M2,cDXGF,Base,CZ07,25.2725,392743512.43792224
Htl,M2,cDXGF,Base,CZ08,32.28541666666666,433633304.14029926
Htl,M2,cDXGF,Base,CZ09,35.456250000000004,459141347.8464861
Htl,M2,cDXGF,Base,CZ10,35.55666666666667,449871642.8971329
Htl,M2,cDXGF,Base,CZ11,36.25708333333334,486926424.2062254
Htl,M2,cDXGF,Base,CZ12,33.139583333333334,436393248.52456576
Htl,M2,cDXGF,Base,CZ13,37.3975,494243693.77690864
Htl,M2,cDXGF,Base,CZ14,33.69791666666667,456190641.1019922
Htl,M2,cDXGF,Base,CZ15,42.32083333333334,529652132.968194
Htl,M2,cDXGF,Base,CZ16,25.15416666666667,413105289.4614735
Htl,M2,cDXGF,Measure,CZ01,16.715000000000003,331457301.0922141
Htl,M2,cDXGF,Measure,CZ02,25.97041666666667,385059746.6689827
Htl,M2,cDXGF,Measure,CZ03,24.965,386157916.17645067
Htl,M2,cDXGF,Measure,CZ04,32.625416666666666,430637204.9627888
Htl,M2,cDXGF,Measure,CZ05,22.50375,371149454.9391288
Htl,M2,cDXGF,Measure,CZ06,25.29583333333333,380820849.2626311
Htl,M2,cDXGF,Measure,CZ07,25.2725,390106976.50464064
Htl,M2,cDXGF,Measure,CZ08,32.28541666666666,429965843.3363599
Htl,M2,cDXGF,Measure,CZ09,35.456250000000004,455129658.7137341
Htl,M2,cDXGF,Measure,CZ10,35.55666666666667,445740773.30739605
Htl,M2,cDXGF,Measure,CZ11,36.25708333333334,484277579.51037
Htl,M2,cDXGF,Measure,CZ12,33.139583333333334,432870330.78174376
Htl,M2,cDXGF,Measure,CZ13,37.3975,491575477.8015173
Htl,M2,cDXGF,Measure,CZ14,33.69791666666667,453380319.3689596
Htl,M2,cDXGF,Measure,CZ15,42.32083333333334,528032925.30392337
Htl,M2,cDXGF,Measure,CZ16,25.15416666666667,410103179.1563296
Htl,M2,cDXHP,Base,CZ01,16.715000000000003,333493515.21310586
Htl,M2,cDXHP,Base,CZ02,25.97041666666667,387701097.5540707
Htl,M2,cDXHP,Base,CZ03,24.965,388506641.4817695
Htl,M2,cDXHP,Base,CZ04,32.625416666666666,433853454.4107945
Htl,M2,cDXHP,Base,CZ05,22.50375,373484675.21670914
Htl,M2,cDXHP,Base,CZ06,25.29583333333333,383144519.3771624
Htl,M2,cDXHP,Base,CZ07,25.2725,392037568.7342098
Htl,M2,cDXHP,Base,CZ08,32.28541666666666,433354145.5855992
Htl,M2,cDXHP,Base,CZ09,35.456250000000004,458929428.99422944
Htl,M2,cDXHP,Base,CZ10,35.55666666666667,449724334.07146525
Htl,M2,cDXHP,Base,CZ11,36.25708333333334,486731497.8264495
Htl,M2,cDXHP,Base,CZ12,33.139583333333334,435987519.14571744
Htl,M2,cDXHP,Base,CZ13,37.3975,494070832.6825351
Htl,M2,cDXHP,Base,CZ14,33.69791666666667,455936762.00549
Htl,M2,cDXHP,Base,CZ15,42.32083333333334,529654711.36333954
Htl,M2,cDXHP,Base,CZ16,25.15416666666667,412732382.07911175
Htl,M2,cDXHP,Measure,CZ01,16.715000000000003,330767201.4968558
Htl,M2,cDXHP,Measure,CZ02,25.97041666666667,384389915.159087
Htl,M2,cDXHP,Measure,CZ03,24.965,385373223.77217054
Htl,M2,cDXHP,Measure,CZ04,32.625416666666666,430164029.6147728
Htl,M2,cDXHP,Measure,CZ05,22.50375,370311189.826738
Htl,M2,cDXHP,Measure,CZ06,25.29583333333333,380202543.4804287
Htl,M2,cDXHP,Measure,CZ07,25.2725,389354989.8224168
Htl,M2,cDXHP,Measure,CZ08,32.28541666666666,429658269.61592805
Htl,M2,cDXHP,Measure,CZ09,35.456250000000004,454894996.88207537
Htl,M2,cDXHP,Measure,CZ10,35.55666666666667,445586877.0254543
Htl,M2,cDXHP,Measure,CZ11,36.25708333333334,484077530.2899951
Htl,M2,cDXHP,Measure,CZ12,33.139583333333334,432441677.86947423
Htl,M2,cDXHP,Measure,CZ13,37.3975,491398079.92916816
Htl,M2,cDXHP,Measure,CZ14,33.69791666666667,453110035.4534178
Htl,M2,cDXHP,Measure,CZ15,42.32083333333334,528035501.41253614
Htl,M2,cDXHP,Measure,CZ16,25.15416666666667,409614302.1652879
Htl,M2,cPTAC,Base,CZ01,16.715000000000003,334086086.13672674
Htl,M2,cPTAC,Base,CZ02,25.97041666666667,388327910.6267485
Htl,M2,cPTAC,Base,CZ03,24.965,389226392.6389038
Htl,M2,cPTAC,Base,CZ04,32.625416666666666,434304868.06962144
Htl,M2,cPTAC,Base,CZ05,22.50375,374258562.5404577
Htl,M2,cPTAC,Base,CZ06,25.29583333333333,383687315.8064352
Htl,M2,cPTAC,Base,CZ07,25.2725,392743512.4379237
Htl,M2,cPTAC,Base,CZ08,32.28541666666666,433633304.1403022
Htl,M2,cPTAC,Base,CZ09,35.456250000000004,459142723.69143033
Htl,M2,cPTAC,Base,CZ10,35.55666666666667,449871642.8971351
Htl,M2,cPTAC,Base,CZ11,36.25708333333334,486925731.95059794
Htl,M2,cPTAC,Base,CZ12,33.139583333333334,436394514.5245099
Htl,M2,cPTAC,Base,CZ13,37.3975,494243324.5115323
Htl,M2,cPTAC,Base,CZ14,33.69791666666667,456191634.8400621
Htl,M2,cPTAC,Base,CZ15,42.32083333333334,529652132.9681922
Htl,M2,cPTAC,Base,CZ16,25.15416666666667,413103560.46754
Htl,M2,cPTAC,Measure,CZ01,16.715000000000003,331460124.01208574
Htl,M2,cPTAC,Measure,CZ02,25.97041666666667,385060371.6406345
Htl,M2,cPTAC,Measure,CZ03,24.965,386158150.98952055
Htl,M2,cPTAC,Measure,CZ04,32.625416666666666,430638469.5855853
Htl,M2,cPTAC,Measure,CZ05,22.50375,371150368.5156032
Htl,M2,cPTAC,Measure,CZ06,25.29583333333333,380819943.3136093
Htl,M2,cPTAC,Measure,CZ07,25.2725,390107295.0578172
Htl,M2,cPTAC,Measure,CZ08,32.28541666666666,429966578.0557321
Htl,M2,cPTAC,Measure,CZ09,35.456250000000004,455131229.5569013
Htl,M2,cPTAC,Measure,CZ10,35.55666666666667,445743059.1883205
Htl,M2,cPTAC,Measure,CZ11,36.25708333333334,484277172.8268747
Htl,M2,cPTAC,Measure,CZ12,33.139583333333334,432871518.74808097
Htl,M2,cPTAC,Measure,CZ13,37.3975,491575880.2498745
Htl,M2,cPTAC,Measure,CZ14,33.69791666666667,453380274.0947614
Htl,M2,cPTAC,Measure,CZ15,42.32083333333334,528032124.4442351
Htl,M2,cPTAC,Measure,CZ16,25.15416666666667,410101092.9895021
Htl,M2,cPVVG,Base,CZ01,16.715000000000003,317426784.61776984
Htl,M2,cPVVG,Base,CZ02,25.97041666666667,365656029.5942489
Htl,M2,cPVVG,Base,CZ03,24.965,369039747.6776545
Htl,M2,cPVVG,Base,CZ04,32.625416666666666,411981291.942598
Htl,M2,cPVVG,Base,CZ05,22.50375,353371129.4666736
Htl,M2,cPVVG,Base,CZ06,25.29583333333333,365632381.6396501
Htl,M2,cPVVG,Base,CZ07,25.2725,374381283.9373138
Htl,M2,cPVVG,Base,CZ08,32.28541666666666,411537900.0381596
Htl,M2,cPVVG,Base,CZ09,35.456250000000004,436082705.0565289
Htl,M2,cPVVG,Base,CZ10,35.55666666666667,426065434.28362966
Htl,M2,cPVVG,Base,CZ11,36.25708333333334,466171697.7939639
Htl,M2,cPVVG,Base,CZ12,33.139583333333334,415081240.8573455
Htl,M2,cPVVG,Base,CZ13,37.3975,474274535.7338804
Htl,M2,cPVVG,Base,CZ14,33.69791666666667,434039014.0670992
Htl,M2,cPVVG,Base,CZ15,42.32083333333334,510761649.1405776
Htl,M2,cPVVG,Base,CZ16,25.15416666666667,391902808.531951
Htl,M2,cPVVG,Measure,CZ01,16.715000000000003,316160162.62482774
Htl,M2,cPVVG,Measure,CZ02,25.97041666666667,364230500.16842246
Htl,M2,cPVVG,Measure,CZ03,24.965,367649496.0120124
Htl,M2,cPVVG,Measure,CZ04,32.625416666666666,410363053.67594427
Htl,M2,cPVVG,Measure,CZ05,22.50375,351952258.1902212
Htl,M2,cPVVG,Measure,CZ06,25.29583333333333,364306707.78754365
Htl,M2,cPVVG,Measure,CZ07,25.2725,373100490.66689134
Htl,M2,cPVVG,Measure,CZ08,32.28541666666666,409904949.6841281
Htl,M2,cPVVG,Measure,CZ09,35.456250000000004,434254430.1663389
Htl,M2,cPVVG,Measure,CZ10,35.55666666666667,424219464.0814564
Htl,M2,cPVVG,Measure,CZ11,36.25708333333334,464436102.7551607
Htl,M2,cPVVG,Measure,CZ12,33.139583333333334,413502362.06829655
Htl,M2,cPVVG,Measure,CZ13,37.3975,472527544.4209342
Htl,M2,cPVVG,Measure,CZ14,33.69791666666667,432297237.435984
Htl,M2,cPVVG,Measure,CZ15,42.32083333333334,509176086.1604986
Htl,M2,cPVVG,Measure,CZ16,25.15416666666667,390234095.9540856
Htl,M3,cDXGF,Base,CZ01,16.715000000000003,301517932.7419903
Htl,M3,cDXGF,Base,CZ02,25.97041666666667,352122559.76476663
Htl,M3,cDXGF,Base,CZ03,24.965,354549905.1005795
Htl,M3,cDXGF,Base,CZ04,32.625416666666666,402990137.3660189
Htl,M3,cDXGF,Base,CZ05,22.50375,335662833.51128155
Htl,M3,cDXGF,Base,CZ06,25.29583333333333,354454289.00885046
Htl,M3,cDXGF,Base,CZ07,25.2725,365182206.9254787
Htl,M3,cDXGF,Base,CZ08,32.28541666666666,400792564.07394457
Htl,M3,cDXGF,Base,CZ09,35.456250000000004,424743540.2750394
Htl,M3,cDXGF,Base,CZ10,35.55666666666667,416213392.1165335
Htl,M3,cDXGF,Base,CZ11,36.25708333333334,459572705.8301892
Htl,M3,cDXGF,Base,CZ12,33.139583333333334,407032626.0111992
Htl,M3,cDXGF,Base,CZ13,37.3975,467145970.3987654
Htl,M3,cDXGF,Base,CZ14,33.69791666666667,420911156.9653866
Htl,M3,cDXGF,Base,CZ15,42.32083333333334,507757375.0622788
Htl,M3,cDXGF,Base,CZ16,25.15416666666667,374428783.0693356
Htl,M3,cDXGF,Measure,CZ01,16.715000000000003,301517932.7419903
Htl,M3,cDXGF,Measure,CZ02,25.97041666666667,352122559.76476663
Htl,M3,cDXGF,Measure,CZ03,24.965,354549905.1005795
Htl,M3,cDXGF,Measure,CZ04,32.625416666666666,402990137.3660189
Htl,M3,cDXGF,Measure,CZ05,22.50375,335662833.51128155
Htl,M3,cDXGF,Measure,CZ06,25.29583333333333,354454289.00885046
Htl,M3,cDXGF,Measure,CZ07,25.2725,365182206.9254787
Htl,M3,cDXGF,Measure,CZ08,32.28541666666666,400792564.07394457
Htl,M3,cDXGF,Measure,CZ09,35.456250000000004,424743540.2750394
Htl,M3,cDXGF,Measure,CZ10,35.55666666666667,416213392.1165335
Htl,M3,cDXGF,Measure,CZ11,36.25708333333334,459584465.5347202
Htl,M3,cDXGF,Measure,CZ12,33.139583333333334,407032626.0111992
Htl,M3,cDXGF,Measure,CZ13,37.3975,467159176.5189929
Htl,M3,cDXGF,Measure,CZ14,33.69791666666667,420922162.622892
Htl,M3,cDXGF,Measure,CZ15,42.32083333333334,507775706.90972215
Htl,M3,cDXGF,Measure,CZ16,25.15416666666667,374429499.2733046
Htl,M3,cDXHP,Base,CZ01,16.715000000000003,294253683.641396
Htl,M3,cDXHP,Base,CZ02,25.97041666666667,349916455.5260892
Htl,M3,cDXHP,Base,CZ03,24.965,350214758.79647374
Htl,M3,cDXHP,Base,CZ04,32.625416666666666,401858663.34828925
Htl,M3,cDXHP,Base,CZ05,22.50375,330539545.63232315
Htl,M3,cDXHP,Base,CZ06,25.29583333333333,349739893.6542635
Htl,M3,cDXHP,Base,CZ07,25.2725,361472190.8939579
Htl,M3,cDXHP,Base,CZ08,32.28541666666666,399670037.0800381
Htl,M3,cDXHP,Base,CZ09,35.456250000000004,423967101.1644989
Htl,M3,cDXHP,Base,CZ10,35.55666666666667,415891687.1728416
Htl,M3,cDXHP,Base,CZ11,36.25708333333334,459120668.8946657
Htl,M3,cDXHP,Base,CZ12,33.139583333333334,405960189.018564
Htl,M3,cDXHP,Base,CZ13,37.3975,466730355.4823154
Htl,M3,cDXHP,Base,CZ14,33.69791666666667,420049006.4067962
Htl,M3,cDXHP,Base,CZ15,42.32083333333334,507754051.3120951
Htl,M3,cDXHP,Base,CZ16,25.15416666666667,366971901.46946406
Htl,M3,cDXHP,Measure,CZ01,16.715000000000003,294253683.641396
Htl,M3,cDXHP,Measure,CZ02,25.97041666666667,349916455.5260892
Htl,M3,cDXHP,Measure,CZ03,24.965,350214758.79647374
Htl,M3,cDXHP,Measure,CZ04,32.625416666666666,401858663.34828925
Htl,M3,cDXHP,Measure,CZ05,22.50375,330539545.63232315
Htl,M3,cDXHP,Measure,CZ06,25.29583333333333,349739893.6542635
Htl,M3,cDXHP,Measure,CZ07,25.2725,361472190.8939579
Htl,M3,cDXHP,Measure,CZ08,32.28541666666666,399670037.0800381
Htl,M3,cDXHP,Measure,CZ09,35.456250000000004,423967101.1644989
Htl,M3,cDXHP,Measure,CZ10,35.55666666666667,415891687.1728416
Htl,M3,cDXHP,Measure,CZ11,36.25708333333334,459132012.7496986
Htl,M3,cDXHP,Measure,CZ12,33.139583333333334,405960189.018564
Htl,M3,cDXHP,Measure,CZ13,37.3975,466742940.4736478
Htl,M3,cDXHP,Measure,CZ14,33.69791666666667,420059999.18099046
Htl,M3,cDXHP,Measure,CZ15,42.32083333333334,507769984.6845951
Htl,M3,cDXHP,Measure,CZ16,25.15416666666667,366974809.4887559
Htl,M3,cPTAC,Base,CZ01,16.715000000000003,301519719.01375777
Htl,M3,cPTAC,Base,CZ02,25.97041666666667,352121216.0609785
Htl,M3,cPTAC,Base,CZ03,24.965,354551898.21695304
Htl,M3,cPTAC,Base,CZ04,32.625416666666666,402989471.49221104
Htl,M3,cPTAC,Base,CZ05,22.50375,335662767.5638664
Htl,M3,cPTAC,Base,CZ06,25.29583333333333,354455337.49456334
Htl,M3,cPTAC,Base,CZ07,25.2725,365183706.9812372
Htl,M3,cPTAC,Base,CZ08,32.28541666666666,400796192.9448094
Htl,M3,cPTAC,Base,CZ09,35.456250000000004,424744094.660062
Htl,M3,cPTAC,Base,CZ10,35.55666666666667,416210735.00436187
Htl,M3,cPTAC,Base,CZ11,36.25708333333334,459575973.25047874
Htl,M3,cPTAC,Base,CZ12,33.139583333333334,407034550.7224951
Htl,M3,cPTAC,Base,CZ13,37.3975,467149255.3586047
Htl,M3,cPTAC,Base,CZ14,33.69791666666667,420911155.1194962
Htl,M3,cPTAC,Base,CZ15,42.32083333333334,507758085.9207856
Htl,M3,cPTAC,Base,CZ16,25.15416666666667,374429244.66039175
Htl,M3,cPTAC,Measure,CZ01,16.715000000000003,290910473.3588438
Htl,M3,cPTAC,Measure,CZ02,25.97041666666667,337588749.9670497
Htl,M3,cPTAC,Measure,CZ03,24.965,340136900.7540424
Htl,M3,cPTAC,Measure,CZ04,32.625416666666666,384545467.6697334
Htl,M3,cPTAC,Measure,CZ05,22.50375,322545236.2311537
Htl,M3,cPTAC,Measure,CZ06,25.29583333333333,339927831.98730004
Htl,M3,cPTAC,Measure,CZ07,25.2725,350287831.04632354
Htl,M3,cPTAC,Measure,CZ08,32.28541666666666,382805746.77452826
Htl,M3,cPTAC,Measure,CZ09,35.456250000000004,405071035.311394
Htl,M3,cPTAC,Measure,CZ10,35.55666666666667,396802613.6817016
Htl,M3,cPTAC,Measure,CZ11,36.25708333333334,437489902.89125097
Htl,M3,cPTAC,Measure,CZ12,33.139583333333334,388235956.0069964
Htl,M3,cPTAC,Measure,CZ13,37.3975,444500810.4684638
Htl,M3,cPTAC,Measure,CZ14,33.69791666666667,401253721.9345492
Htl,M3,cPTAC,Measure,CZ15,42.32083333333334,480824581.6853658
Htl,M3,cPTAC,Measure,CZ16,25.15416666666667,359354179.24443823
Htl,M3,cPVVG,Base,CZ01,16.715000000000003,299292425.0039411
Htl,M3,cPVVG,Base,CZ02,25.97041666666667,349471777.55847764
Htl,M3,cPVVG,Base,CZ03,24.965,351945544.6962623
Htl,M3,cPVVG,Base,CZ04,32.625416666666666,400157917.56702507
Htl,M3,cPVVG,Base,CZ05,22.50375,333051509.1830902
Htl,M3,cPVVG,Base,CZ06,25.29583333333333,351929979.0808075
Htl,M3,cPVVG,Base,CZ07,25.2725,362674458.8811612
Htl,M3,cPVVG,Base,CZ08,32.28541666666666,397972896.836769
Htl,M3,cPVVG,Base,CZ09,35.456250000000004,421795943.36983967
Htl,M3,cPVVG,Base,CZ10,35.55666666666667,413260755.76407015
Htl,M3,cPVVG,Base,CZ11,36.25708333333334,456597928.8621892
Htl,M3,cPVVG,Base,CZ12,33.139583333333334,404258907.68470335
Htl,M3,cPVVG,Base,CZ13,37.3975,464218883.3253496
Htl,M3,cPVVG,Base,CZ14,33.69791666666667,417928717.30861056
Htl,M3,cPVVG,Base,CZ15,42.32083333333334,504631268.1025877
Htl,M3,cPVVG,Base,CZ16,25.15416666666667,371387133.09996974
Htl,M3,cPVVG,Measure,CZ01,16.715000000000003,299292425.0039411
Htl,M3,cPVVG,Measure,CZ02,25.97041666666667,349471777.55847764
Htl,M3,cPVVG,Measure,CZ03,24.965,351945544.6962623
Htl,M3,cPVVG,Measure,CZ04,32.625416666666666,400157917.56702507
Htl,M3,cPVVG,Measure,CZ05,22.50375,333051509.1830902
Htl,M3,cPVVG,Measure,CZ06,25.29583333333333,351929979.0808075
Htl,M3,cPVVG,Measure,CZ07,25.2725,362674458.8811612
Htl,M3,cPVVG,Measure,CZ08,32.28541666666666,397972896.836769
Htl,M3,cPVVG,Measure,CZ09,35.456250000000004,421795943.36983967
Htl,M3,cPVVG,Measure,CZ10,35.55666666666667,413260755.76407015
Htl,M3,cPVVG,Measure,CZ11,36.25708333333334,456607107.2834696
Htl,M3,cPVVG,Measure,CZ12,33.139583333333334,404258907.68470335
Htl,M3,cPVVG,Measure,CZ13,37.3975,464229148.7745442
Htl,M3,cPVVG,Measure,CZ14,33.69791666666667,417939787.5134275
Htl,M3,cPVVG,Measure,CZ15,42.32083333333334,504643530.3830021
Htl,M3,cPVVG,Measure,CZ16,25.15416666666667,371389296.4268833
Htl,M4,cDXGF,Base,CZ01,16.715000000000003,275390773.3474173
Htl,M4,cDXGF,Base,CZ02,25.97041666666667,380032894.33900034
Htl,M4,cDXGF,Base,CZ03,24.965,373771603.5424552
Htl,M4,cDXGF,Base,CZ04,32.625416666666666,476802201.81028205
Htl,M4,cDXGF,Base,CZ05,22.50375,342825155.1310774
Htl,M4,cDXGF,Base,CZ06,25.29583333333333,377945656.80947673
Htl,M4,cDXGF,Base,CZ07,25.2725,399710413.7371861
Htl,M4,cDXGF,Base,CZ08,32.28541666666666,475625394.2851819
Htl,M4,cDXGF,Base,CZ09,35.456250000000004,524148711.79186016
Htl,M4,cDXGF,Base,CZ10,35.55666666666667,520628305.7809125
Htl,M4,cDXGF,Base,CZ11,36.25708333333334,563042151.6675603
Htl,M4,cDXGF,Base,CZ12,33.139583333333334,483347101.8056126
Htl,M4,cDXGF,Base,CZ13,37.3975,579331456.5774306
Htl,M4,cDXGF,Base,CZ14,33.69791666666667,510530983.498662
Htl,M4,cDXGF,Base,CZ15,42.32083333333334,667807035.2257098
Htl,M4,cDXGF,Base,CZ16,25.15416666666667,405896013.5573279
Htl,M4,cDXGF,Measure,CZ01,16.715000000000003,278974330.33069706
Htl,M4,cDXGF,Measure,CZ02,25.97041666666667,384965842.276423
Htl,M4,cDXGF,Measure,CZ03,24.965,378140230.5083785
Htl,M4,cDXGF,Measure,CZ04,32.625416666666666,480121817.831652
Htl,M4,cDXGF,Measure,CZ05,22.50375,347520107.37010705
Htl,M4,cDXGF,Measure,CZ06,25.29583333333333,379676596.93925023
Htl,M4,cDXGF,Measure,CZ07,25.2725,400107750.1188452
Htl,M4,cDXGF,Measure,CZ08,32.28541666666666,477582659.4183638
Htl,M4,cDXGF,Measure,CZ09,35.456250000000004,525709141.9162077
Htl,M4,cDXGF,Measure,CZ10,35.55666666666667,522435762.4168911
Htl,M4,cDXGF,Measure,CZ11,36.25708333333334,562922683.571378
Htl,M4,cDXGF,Measure,CZ12,33.139583333333334,485666230.79504377
Htl,M4,cDXGF,Measure,CZ13,37.3975,578968780.6094682
Htl,M4,cDXGF,Measure,CZ14,33.69791666666667,509602336.3119441
Htl,M4,cDXGF,Measure,CZ15,42.32083333333334,666610697.0948393
Htl,M4,cDXGF,Measure,CZ16,25.15416666666667,405140316.6250752
Htl,M4,cDXHP,Base,CZ01,16.715000000000003,275666142.3398235
Htl,M4,cDXHP,Base,CZ02,25.97041666666667,379424159.384261
Htl,M4,cDXHP,Base,CZ03,24.965,373388649.1357239
Htl,M4,cDXHP,Base,CZ04,32.625416666666666,476838395.7742428
Htl,M4,cDXHP,Base,CZ05,22.50375,342900193.2135718
Htl,M4,cDXHP,Base,CZ06,25.29583333333333,377998217.4127536
Htl,M4,cDXHP,Base,CZ07,25.2725,396991938.9913306
Htl,M4,cDXHP,Base,CZ08,32.28541666666666,475998682.9517232
Htl,M4,cDXHP,Base,CZ09,35.456250000000004,525109707.2318175
Htl,M4,cDXHP,Base,CZ10,35.55666666666667,520906243.2511536
Htl,M4,cDXHP,Base,CZ11,36.25708333333334,563081683.5826383
Htl,M4,cDXHP,Base,CZ12,33.139583333333334,483282765.0775299
Htl,M4,cDXHP,Base,CZ13,37.3975,579724687.1659094
Htl,M4,cDXHP,Base,CZ14,33.69791666666667,510730910.08170426
Htl,M4,cDXHP,Base,CZ15,42.32083333333334,667824409.2956129
Htl,M4,cDXHP,Base,CZ16,25.15416666666667,406357001.4288989
Htl,M4,cDXHP,Measure,CZ01,16.715000000000003,278866538.1597283
Htl,M4,cDXHP,Measure,CZ02,25.97041666666667,384304251.457433
Htl,M4,cDXHP,Measure,CZ03,24.965,377644763.3328043
Htl,M4,cDXHP,Measure,CZ04,32.625416666666666,480171873.2308686
Htl,M4,cDXHP,Measure,CZ05,22.50375,347673341.7590198
Htl,M4,cDXHP,Measure,CZ06,25.29583333333333,379706513.3564095
Htl,M4,cDXHP,Measure,CZ07,25.2725,397350218.5551611
Htl,M4,cDXHP,Measure,CZ08,32.28541666666666,477977757.663312
Htl,M4,cDXHP,Measure,CZ09,35.456250000000004,526670287.6461071
Htl,M4,cDXHP,Measure,CZ10,35.55666666666667,522718650.5012856
Htl,M4,cDXHP,Measure,CZ11,36.25708333333334,562957688.5248997
Htl,M4,cDXHP,Measure,CZ12,33.139583333333334,485594254.1834112
Htl,M4,cDXHP,Measure,CZ13,37.3975,579346779.961586
Htl,M4,cDXHP,Measure,CZ14,33.69791666666667,509787245.0937171
Htl,M4,cDXHP,Measure,CZ15,42.32083333333334,666622813.2681738
Htl,M4,cDXHP,Measure,CZ16,25.15416666666667,405588341.8774319
Htl,M4,cPTAC,Base,CZ01,16.715000000000003,274772044.207055
Htl,M4,cPTAC,Base,CZ02,25.97041666666667,379980615.0587865
Htl,M4,cPTAC,Base,CZ03,24.965,373716769.569006
Htl,M4,cPTAC,Base,CZ04,32.625416666666666,476799348.1229945
Htl,M4,cPTAC,Base,CZ05,22.50375,342576679.8807613
Htl,M4,cPTAC,Base,CZ06,25.29583333333333,377945628.7455646
Htl,M4,cPTAC,Base,CZ07,25.2725,399712677.78499126
Htl,M4,cPTAC,Base,CZ08,32.28541666666666,475623928.3212429
Htl,M4,cPTAC,Base,CZ09,35.456250000000004,524145456.5147136
Htl,M4,cPTAC,Base,CZ10,35.55666666666667,520626426.4988816
Htl,M4,cPTAC,Base,CZ11,36.25708333333334,563040108.3847753
Htl,M4,cPTAC,Base,CZ12,33.139583333333334,483346200.2068617
Htl,M4,cPTAC,Base,CZ13,37.3975,579328799.5161042
Htl,M4,cPTAC,Base,CZ14,33.69791666666667,510532224.4270248
Htl,M4,cPTAC,Base,CZ15,42.32083333333334,667810419.8758488
Htl,M4,cPTAC,Base,CZ16,25.15416666666667,405897247.3271586
Htl,M4,cPTAC,Measure,CZ01,16.715000000000003,278483013.50749683
Htl,M4,cPTAC,Measure,CZ02,25.97041666666667,384963300.7659181
Htl,M4,cPTAC,Measure,CZ03,24.965,378135432.8173945
Htl,M4,cPTAC,Measure,CZ04,32.625416666666666,480122698.3821334
Htl,M4,cPTAC,Measure,CZ05,22.50375,347419109.73927045
Htl,M4,cPTAC,Measure,CZ06,25.29583333333333,379677162.6537895
Htl,M4,cPTAC,Measure,CZ07,25.2725,400107750.092408
Htl,M4,cPTAC,Measure,CZ08,32.28541666666666,477584154.8080393
Htl,M4,cPTAC,Measure,CZ09,35.456250000000004,525709486.03854346
Htl,M4,cPTAC,Measure,CZ10,35.55666666666667,522438434.6472865
Htl,M4,cPTAC,Measure,CZ11,36.25708333333334,562925730.2400372
Htl,M4,cPTAC,Measure,CZ12,33.139583333333334,485666800.7234981
Htl,M4,cPTAC,Measure,CZ13,37.3975,578970733.9510053
Htl,M4,cPTAC,Measure,CZ14,33.69791666666667,509600199.1678696
Htl,M4,cPTAC,Measure,CZ15,42.32083333333334,666611006.1993983
Htl,M4,cPTAC,Measure,CZ16,25.15416666666667,405143377.7193315
Htl,M4,cPVVG,Base,CZ01,16.715000000000003,250349511.14630544
Htl,M4,cPVVG,Base,CZ02,25.97041666666667,355543262.4128736
Htl,M4,cPVVG,Base,CZ03,24.965,351245752.78587294
Htl,M4,cPVVG,Base,CZ04,32.625416666666666,459187024.0470708
Htl,M4,cPVVG,Base,CZ05,22.50375,318461324.0467149
Htl,M4,cPVVG,Base,CZ06,25.29583333333333,359122731.1547564
Htl,M4,cPVVG,Base,CZ07,25.2725,382620577.8061884
Htl,M4,cPVVG,Base,CZ08,32.28541666666666,458901420.1519635
Htl,M4,cPVVG,Base,CZ09,35.456250000000004,509535725.3701677
Htl,M4,cPVVG,Base,CZ10,35.55666666666667,505280647.5361776
Htl,M4,cPVVG,Base,CZ11,36.25708333333334,549579776.2035809
Htl,M4,cPVVG,Base,CZ12,33.139583333333334,466947004.2948569
Htl,M4,cPVVG,Base,CZ13,37.3975,567912090.8763859
Htl,M4,cPVVG,Base,CZ14,33.69791666666667,495288425.1723412
Htl,M4,cPVVG,Base,CZ15,42.32083333333334,661210386.0463816
Htl,M4,cPVVG,Base,CZ16,25.15416666666667,384009825.0234939
Htl,M4,cPVVG,Measure,CZ01,16.715000000000003,255665856.1945294
Htl,M4,cPVVG,Measure,CZ02,25.97041666666667,363390432.6988112
Htl,M4,cPVVG,Measure,CZ03,24.965,358407158.8589877
Htl,M4,cPVVG,Measure,CZ04,32.625416666666666,465320544.23917496
Htl,M4,cPVVG,Measure,CZ05,22.50375,325938998.5155223
Htl,M4,cPVVG,Measure,CZ06,25.29583333333333,363078867.6112805
Htl,M4,cPVVG,Measure,CZ07,25.2725,385140367.2635115
Htl,M4,cPVVG,Measure,CZ08,32.28541666666666,463329160.8022032
Htl,M4,cPVVG,Measure,CZ09,35.456250000000004,513450566.3209003
Htl,M4,cPVVG,Measure,CZ10,35.55666666666667,509609803.67773
Htl,M4,cPVVG,Measure,CZ11,36.25708333333334,551393131.9455853
Htl,M4,cPVVG,Measure,CZ12,33.139583333333334,471706495.9817356
Htl,M4,cPVVG,Measure,CZ13,37.3975,568996332.7151773
Htl,M4,cPVVG,Measure,CZ14,33.69791666666667,495828456.37893975
Htl,M4,cPVVG,Measure,CZ15,42.32083333333334,659904041.2615479
Htl,M4,cPVVG,Measure,CZ16,25.15416666666667,384989982.9488344
Htl,M5,cDXGF,Base,CZ01,16.715000000000003,285022307.1927085
Htl,M5,cDXGF,Base,CZ02,25.97041666666667,365127034.9261994
Htl,M5,cDXGF,Base,CZ03,24.965,356509500.57965267
Htl,M5,cDXGF,Base,CZ04,32.625416666666666,426375727.5060942
Htl,M5,cDXGF,Base,CZ05,22.50375,328168043.2576915
Htl,M5,cDXGF,Base,CZ06,25.29583333333333,358154004.3048651
Htl,M5,cDXGF,Base,CZ07,25.2725,386947406.246764
Htl,M5,cDXGF,Base,CZ08,32.28541666666666,431687396.6302925
Htl,M5,cDXGF,Base,CZ09,35.456250000000004,477358741.28516686
Htl,M5,cDXGF,Base,CZ10,35.55666666666667,466061914.6737711
Htl,M5,cDXGF,Base,CZ11,36.25708333333334,520440337.8251267
Htl,M5,cDXGF,Base,CZ12,33.139583333333334,444409556.3775605
Htl,M5,cDXGF,Base,CZ13,37.3975,528571669.12638646
Htl,M5,cDXGF,Base,CZ14,33.69791666666667,451065743.54965353
Htl,M5,cDXGF,Base,CZ15,42.32083333333334,617699707.1003753
Htl,M5,cDXGF,Base,CZ16,25.15416666666667,368844345.3459557
Htl,M5,cDXGF,Measure,CZ01,16.715000000000003,285022307.1927085
Htl,M5,cDXGF,Measure,CZ02,25.97041666666667,365127034.9261994
Htl,M5,cDXGF,Measure,CZ03,24.965,356509500.57965267
Htl,M5,cDXGF,Measure,CZ04,32.625416666666666,426375727.5060942
Htl,M5,cDXGF,Measure,CZ05,22.50375,328168043.2576915
Htl,M5,cDXGF,Measure,CZ06,25.29583333333333,358154004.3048651
Htl,M5,cDXGF,Measure,CZ07,25.2725,386947406.246764
Htl,M5,cDXGF,Measure,CZ08,32.28541666666666,431687396.6302925
Htl,M5,cDXGF,Measure,CZ09,35.456250000000004,477358741.28516686
Htl,M5,cDXGF,Measure,CZ10,35.55666666666667,466061914.6737711
Htl,M5,cDXGF,Measure,CZ11,36.25708333333334,520450876.6378217
Htl,M5,cDXGF,Measure,CZ12,33.139583333333334,444409556.3775605
Htl,M5,cDXGF,Measure,CZ13,37.3975,528585725.2552405
Htl,M5,cDXGF,Measure,CZ14,33.69791666666667,451078185.6279555
Htl,M5,cDXGF,Measure,CZ15,42.32083333333334,617722803.3115766
Htl,M5,cDXGF,Measure,CZ16,25.15416666666667,368844359.051703
Htl,M5,cDXHP,Base,CZ01,16.715000000000003,283739880.93395275
Htl,M5,cDXHP,Base,CZ02,25.97041666666667,363713442.7589593
Htl,M5,cDXHP,Base,CZ03,24.965,354260579.9705919
Htl,M5,cDXHP,Base,CZ04,32.625416666666666,425094161.6240248
Htl,M5,cDXHP,Base,CZ05,22.50375,324631840.5911372
Htl,M5,cDXHP,Base,CZ06,25.29583333333333,354808482.4060466
Htl,M5,cDXHP,Base,CZ07,25.2725,384291285.5404253
Htl,M5,cDXHP,Base,CZ08,32.28541666666666,430015522.0666872
Htl,M5,cDXHP,Base,CZ09,35.456250000000004,476301202.7970415
Htl,M5,cDXHP,Base,CZ10,35.55666666666667,465316903.8127067
Htl,M5,cDXHP,Base,CZ11,36.25708333333334,519781846.2085145
Htl,M5,cDXHP,Base,CZ12,33.139583333333334,443221545.1838516
Htl,M5,cDXHP,Base,CZ13,37.3975,527968104.3178036
Htl,M5,cDXHP,Base,CZ14,33.69791666666667,448534615.3972132
Htl,M5,cDXHP,Base,CZ15,42.32083333333334,617680835.3288724
Htl,M5,cDXHP,Base,CZ16,25.15416666666667,364923230.398116
Htl,M5,cDXHP,Measure,CZ01,16.715000000000003,283739880.93395275
Htl,M5,cDXHP,Measure,CZ02,25.97041666666667,363713442.7589593
Htl,M5,cDXHP,Measure,CZ03,24.965,354260579.9705919
Htl,M5,cDXHP,Measure,CZ04,32.625416666666666,425094161.6240248
Htl,M5,cDXHP,Measure,CZ05,22.50375,324631840.5911372
Htl,M5,cDXHP,Measure,CZ06,25.29583333333333,354808482.4060466
Htl,M5,cDXHP,Measure,CZ07,25.2725,384291285.5404253
Htl,M5,cDXHP,Measure,CZ08,32.28541666666666,430015522.0666872
Htl,M5,cDXHP,Measure,CZ09,35.456250000000004,476301202.7970415
Htl,M5,cDXHP,Measure,CZ10,35.55666666666667,465316903.8127067
Htl,M5,cDXHP,Measure,CZ11,36.25708333333334,519792503.33034384
Htl,M5,cDXHP,Measure,CZ12,33.139583333333334,443221545.1838516
Htl,M5,cDXHP,Measure,CZ13,37.3975,527983238.5739941
Htl,M5,cDXHP,Measure,CZ14,33.69791666666667,448546996.4514828
Htl,M5,cDXHP,Measure,CZ15,42.32083333333334,617700900.8262185
Htl,M5,cDXHP,Measure,CZ16,25.15416666666667,364921269.3386565
Htl,M5,cPTAC,Base,CZ01,16.715000000000003,285022815.32085097
Htl,M5,cPTAC,Base,CZ02,25.97041666666667,365126455.5141608
Htl,M5,cPTAC,Base,CZ03,24.965,356508776.6236006
Htl,M5,cPTAC,Base,CZ04,32.625416666666666,426375727.506083
Htl,M5,cPTAC,Base,CZ05,22.50375,328167871.6162212
Htl,M5,cPTAC,Base,CZ06,25.29583333333333,358154428.5151707
Htl,M5,cPTAC,Base,CZ07,25.2725,386947406.2468742
Htl,M5,cPTAC,Base,CZ08,32.28541666666666,431687861.5497085
Htl,M5,cPTAC,Base,CZ09,35.456250000000004,477357025.6454669
Htl,M5,cPTAC,Base,CZ10,35.55666666666667,466060363.7589058
Htl,M5,cPTAC,Base,CZ11,36.25708333333334,520442627.4666142
Htl,M5,cPTAC,Base,CZ12,33.139583333333334,444415522.2675336
Htl,M5,cPTAC,Base,CZ13,37.3975,528570914.8685376
Htl,M5,cPTAC,Base,CZ14,33.69791666666667,451064669.5961693
Htl,M5,cPTAC,Base,CZ15,42.32083333333334,617698139.6945128
Htl,M5,cPTAC,Base,CZ16,25.15416666666667,368845433.2773706
Htl,M5,cPTAC,Measure,CZ01,16.715000000000003,278662419.0680723
Htl,M5,cPTAC,Measure,CZ02,25.97041666666667,353678783.22178614
Htl,M5,cPTAC,Measure,CZ03,24.965,345994992.91977835
Htl,M5,cPTAC,Measure,CZ04,32.625416666666666,411591010.5170229
Htl,M5,cPTAC,Measure,CZ05,22.50375,319394048.1159173
Htl,M5,cPTAC,Measure,CZ06,25.29583333333333,347502577.49989474
Htl,M5,cPTAC,Measure,CZ07,25.2725,374462274.7426077
Htl,M5,cPTAC,Measure,CZ08,32.28541666666666,416813154.1976061
Htl,M5,cPTAC,Measure,CZ09,35.456250000000004,459867884.9204332
Htl,M5,cPTAC,Measure,CZ10,35.55666666666667,449056277.4491017
Htl,M5,cPTAC,Measure,CZ11,36.25708333333334,500425033.2128105
Htl,M5,cPTAC,Measure,CZ12,33.139583333333334,428357139.8346598
Htl,M5,cPTAC,Measure,CZ13,37.3975,508371783.1517645
Htl,M5,cPTAC,Measure,CZ14,33.69791666666667,435319181.90159017
Htl,M5,cPTAC,Measure,CZ15,42.32083333333334,591138857.2416484
Htl,M5,cPTAC,Measure,CZ16,25.15416666666667,358399759.0727115
Htl,M5,cPVVG,Base,CZ01,16.715000000000003,282825389.19541913
Htl,M5,cPVVG,Base,CZ02,25.97041666666667,362443230.30449104
Htl,M5,cPVVG,Base,CZ03,24.965,353892678.0496033
Htl,M5,cPVVG,Base,CZ04,32.625416666666666,423552561.4245718
Htl,M5,cPVVG,Base,CZ05,22.50375,325655635.9971663
Htl,M5,cPVVG,Base,CZ06,25.29583333333333,355649827.82472545
Htl,M5,cPVVG,Base,CZ07,25.2725,384450186.5024462
Htl,M5,cPVVG,Base,CZ08,32.28541666666666,428988624.3366005
Htl,M5,cPVVG,Base,CZ09,35.456250000000004,474846756.16032255
Htl,M5,cPVVG,Base,CZ10,35.55666666666667,463363772.48215806
Htl,M5,cPVVG,Base,CZ11,36.25708333333334,517695136.5402072
Htl,M5,cPVVG,Base,CZ12,33.139583333333334,441636008.9400133
Htl,M5,cPVVG,Base,CZ13,37.3975,525930788.20346427
Htl,M5,cPVVG,Base,CZ14,33.69791666666667,448093119.6079715
Htl,M5,cPVVG,Base,CZ15,42.32083333333334,615489949.3369489
Htl,M5,cPVVG,Base,CZ16,25.15416666666667,365718625.76484907
Htl,M5,cPVVG,Measure,CZ01,16.715000000000003,282825389.19541913
Htl,M5,cPVVG,Measure,CZ02,25.97041666666667,362443230.30449104
Htl,M5,cPVVG,Measure,CZ03,24.965,353892678.0496033
Htl,M5,cPVVG,Measure,CZ04,32.625416666666666,423552561.4245718
Htl,M5,cPVVG,Measure,CZ05,22.50375,325655635.9971663
Htl,M5,cPVVG,Measure,CZ06,25.29583333333333,355649827.82472545
Htl,M5,cPVVG,Measure,CZ07,25.2725,384450186.5024462
Htl,M5,cPVVG,Measure,CZ08,32.28541666666666,428988624.3366005
Htl,M5,cPVVG,Measure,CZ09,35.456250000000004,474846756.16032255
Htl,M5,cPVVG,Measure,CZ10,35.55666666666667,463363772.48215806
Htl,M5,cPVVG,Measure,CZ11,36.25708333333334,517708081.9461689
Htl,M5,cPVVG,Measure,CZ12,33.139583333333334,441636008.9400133
Htl,M5,cPVVG,Measure,CZ13,37.3975,525942805.6815276
Htl,M5,cPVVG,Measure,CZ14,33.69791666666667,448105713.2924301
Htl,M5,cPVVG,Measure,CZ15,42.32083333333334,615510130.915768
Htl,M5,cPVVG,Measure,CZ16,25.15416666666667,365718817.0794813
MBT,M1,cDXGF,Base,CZ01,16.715000000000003,1217248977.2946596
MBT,M1,cDXGF,Base,CZ02,25.97041666666667,1690446301.0522633
MBT,M1,cDXGF,Base,CZ03,24.965,1405412308.6853323
MBT,M1,cDXGF,Base,CZ04,32.625416666666666,2011005134.8463004
MBT,M1,cDXGF,Base,CZ05,22.50375,1341419622.473529
MBT,M1,cDXGF,Base,CZ06,25.29583333333333,1454777496.0103412
MBT,M1,cDXGF,Base,CZ07,25.2725,1770206125.5948558
MBT,M1,cDXGF,Base,CZ08,32.28541666666666,1790277212.51728
MBT,M1,cDXGF,Base,CZ09,35.456250000000004,1882619541.887309
MBT,M1,cDXGF,Base,CZ10,35.55666666666667,1877178203.1323493
MBT,M1,cDXGF,Base,CZ11,36.25708333333334,2025147409.21249
MBT,M1,cDXGF,Base,CZ12,33.139583333333334,2038255424.917201
MBT,M1,cDXGF,Base,CZ13,37.3975,2070011985.904977
MBT,M1,cDXGF,Base,CZ14,33.69791666666667,1945054177.791521
MBT,M1,cDXGF,Base,CZ15,42.32083333333334,2460669906.707033
MBT,M1,cDXGF,Base,CZ16,25.15416666666667,1724190557.8818562
MBT,M1,cDXGF,Measure,CZ01,16.715000000000003,1208081798.9291985
MBT,M1,cDXGF,Measure,CZ02,25.97041666666667,1680167686.5430002
MBT,M1,cDXGF,Measure,CZ03,24.965,1394116893.2795634
MBT,M1,cDXGF,Measure,CZ04,32.625416666666666,1997062777.700554
MBT,M1,cDXGF,Measure,CZ05,22.50375,1330823992.5488431
MBT,M1,cDXGF,Measure,CZ06,25.29583333333333,1438768491.8525982
MBT,M1,cDXGF,Measure,CZ07,25.2725,1766065655.9701629
MBT,M1,cDXGF,Measure,CZ08,32.28541666666666,1774810691.8297763
MBT,M1,cDXGF,Measure,CZ09,35.456250000000004,1856005567.9592683
MBT,M1,cDXGF,Measure,CZ10,35.55666666666667,1852357756.164584
MBT,M1,cDXGF,Measure,CZ11,36.25708333333334,1998971798.6125765
MBT,M1,cDXGF,Measure,CZ12,33.139583333333334,2023287292.289539
MBT,M1,cDXGF,Measure,CZ13,37.3975,2041842444.0916653
MBT,M1,cDXGF,Measure,CZ14,33.69791666666667,1918331481.6554284
MBT,M1,cDXGF,Measure,CZ15,42.32083333333334,2433153363.964908
MBT,M1,cDXGF,Measure,CZ16,25.15416666666667,1689842347.2690334
MBT,M1,cDXHP,Base,CZ01,16.715000000000003,1217487261.8155577
MBT,M1,cDXHP,Base,CZ02,25.97041666666667,1688820410.5007205
MBT,M1,cDXHP,Base,CZ03,24.965,1404879037.0857484
MBT,M1,cDXHP,Base,CZ04,32.625416666666666,2013869252.550665
MBT,M1,cDXHP,Base,CZ05,22.50375,1342335323.7917323
MBT,M1,cDXHP,Base,CZ06,25.29583333333333,1453366069.7241118
MBT,M1,cDXHP,Base,CZ07,25.2725,1759525266.9372303
MBT,M1,cDXHP,Base,CZ08,32.28541666666666,1792444288.8261118
MBT,M1,cDXHP,Base,CZ09,35.456250000000004,1886658740.869004
MBT,M1,cDXHP,Base,CZ10,35.55666666666667,1879681339.1183035
MBT,M1,cDXHP,Base,CZ11,36.25708333333334,2027866000.757552
MBT,M1,cDXHP,Base,CZ12,33.139583333333334,2042084981.1283512
MBT,M1,cDXHP,Base,CZ13,37.3975,2074721739.0672092
MBT,M1,cDXHP,Base,CZ14,33.69791666666667,1946555111.5067403
MBT,M1,cDXHP,Base,CZ15,42.32083333333334,2461969373.103411
MBT,M1,cDXHP,Base,CZ16,25.15416666666667,1722291936.568489
MBT,M1,cDXHP,Measure,CZ01,16.715000000000003,1208367064.7201514
MBT,M1,cDXHP,Measure,CZ02,25.97041666666667,1678755099.5003092
MBT,M1,cDXHP,Measure,CZ03,24.965,1393939484.895237
MBT,M1,cDXHP,Measure,CZ04,32.625416666666666,2000291684.414342
MBT,M1,cDXHP,Measure,CZ05,22.50375,1331832501.0811172
MBT,M1,cDXHP,Measure,CZ06,25.29583333333333,1437336040.4456131
MBT,M1,cDXHP,Measure,CZ07,25.2725,1755518440.7801652
MBT,M1,cDXHP,Measure,CZ08,32.28541666666666,1777119514.6307478
MBT,M1,cDXHP,Measure,CZ09,35.456250000000004,1860107975.0954373
MBT,M1,cDXHP,Measure,CZ10,35.55666666666667,1854988468.30158
MBT,M1,cDXHP,Measure,CZ11,36.25708333333334,2001616182.081695
MBT,M1,cDXHP,Measure,CZ12,33.139583333333334,2027429038.1617136
MBT,M1,cDXHP,Measure,CZ13,37.3975,2046378679.1822472
MBT,M1,cDXHP,Measure,CZ14,33.69791666666667,1919961299.8690076
MBT,M1,cDXHP,Measure,CZ15,42.32083333333334,2434479730.1854467
MBT,M1,cDXHP,Measure,CZ16,25.15416666666667,1687897781.351069
MBT,M1,cPTAC,Base,CZ01,16.715000000000003,1208678209.227863
MBT,M1,cPTAC,Base,CZ02,25.97041666666667,1690504281.6560383
MBT,M1,cPTAC,Base,CZ03,24.965,1404889321.777576
MBT,M1,cPTAC,Base,CZ04,32.625416666666666,2010959882.8387403
MBT,M1,cPTAC,Base,CZ05,22.50375,1339452307.13257
MBT,M1,cPTAC,Base,CZ06,25.29583333333333,1454776174.1541033
MBT,M1,cPTAC,Base,CZ07,25.2725,1770205586.3518949
MBT,M1,cPTAC,Base,CZ08,32.28541666666666,1790255390.728695
MBT,M1,cPTAC,Base,CZ09,35.456250000000004,1882622163.4596236
MBT,M1,cPTAC,Base,CZ10,35.55666666666667,1877169339.8544707
MBT,M1,cPTAC,Base,CZ11,36.25708333333334,2025147406.3909245
MBT,M1,cPTAC,Base,CZ12,33.139583333333334,2038231424.605931
MBT,M1,cPTAC,Base,CZ13,37.3975,2070011988.3188603
MBT,M1,cPTAC,Base,CZ14,33.69791666666667,1945054416.3675249
MBT,M1,cPTAC,Base,CZ15,42.32083333333334,2460669906.7092853
MBT,M1,cPTAC,Base,CZ16,25.15416666666667,1724190563.9715571
MBT,M1,cPTAC,Measure,CZ01,16.715000000000003,1199512438.3904347
MBT,M1,cPTAC,Measure,CZ02,25.97041666666667,1680229537.8658416
MBT,M1,cPTAC,Measure,CZ03,24.965,1393878470.0222068
MBT,M1,cPTAC,Measure,CZ04,32.625416666666666,1997018927.9275208
MBT,M1,cPTAC,Measure,CZ05,22.50375,1328930952.819106
MBT,M1,cPTAC,Measure,CZ06,25.29583333333333,1438764950.8292596
MBT,M1,cPTAC,Measure,CZ07,25.2725,1766065170.564971
MBT,M1,cPTAC,Measure,CZ08,32.28541666666666,1774789231.1209338
MBT,M1,cPTAC,Measure,CZ09,35.456250000000004,1856008009.1420825
MBT,M1,cPTAC,Measure,CZ10,35.55666666666667,1852348898.25104
MBT,M1,cPTAC,Measure,CZ11,36.25708333333334,1998971795.598979
MBT,M1,cPTAC,Measure,CZ12,33.139583333333334,2023263492.917488
MBT,M1,cPTAC,Measure,CZ13,37.3975,2041842446.4150696
MBT,M1,cPTAC,Measure,CZ14,33.69791666666667,1918331717.8284483
MBT,M1,cPTAC,Measure,CZ15,42.32083333333334,2433153363.965371
MBT,M1,cPTAC,Measure,CZ16,25.15416666666667,1689842365.2629209
MBT,M1,cPVVG,Base,CZ01,16.715000000000003,1134862235.0014362
MBT,M1,cPVVG,Base,CZ02,25.97041666666667,1609910847.0928743
MBT,M1,cPVVG,Base,CZ03,24.965,1326382411.295218
MBT,M1,cPVVG,Base,CZ04,32.625416666666666,1948113312.9272768
MBT,M1,cPVVG,Base,CZ05,22.50375,1255500487.4160414
MBT,M1,cPVVG,Base,CZ06,25.29583333333333,1375433849.2891643
MBT,M1,cPVVG,Base,CZ07,25.2725,1699836314.0366745
MBT,M1,cPVVG,Base,CZ08,32.28541666666666,1723238108.8582635
MBT,M1,cPVVG,Base,CZ09,35.456250000000004,1817326653.2979796
MBT,M1,cPVVG,Base,CZ10,35.55666666666667,1810316932.416013
MBT,M1,cPVVG,Base,CZ11,36.25708333333334,1962115851.7687263
MBT,M1,cPVVG,Base,CZ12,33.139583333333334,1978029249.6725528
MBT,M1,cPVVG,Base,CZ13,37.3975,2011795564.2108445
MBT,M1,cPVVG,Base,CZ14,33.69791666666667,1877091699.259056
MBT,M1,cPVVG,Base,CZ15,42.32083333333334,2409210373.3147044
MBT,M1,cPVVG,Base,CZ16,25.15416666666667,1620215080.183878
MBT,M1,cPVVG,Measure,CZ01,16.715000000000003,1136251474.3765693
MBT,M1,cPVVG,Measure,CZ02,25.97041666666667,1616672173.6499362
MBT,M1,cPVVG,Measure,CZ03,24.965,1331131078.9470224
MBT,M1,cPVVG,Measure,CZ04,32.625416666666666,1950378711.632639
MBT,M1,cPVVG,Measure,CZ05,22.50375,1260513799.388003
MBT,M1,cPVVG,Measure,CZ06,25.29583333333333,1374775375.9335818
MBT,M1,cPVVG,Measure,CZ07,25.2725,1701205231.030933
MBT,M1,cPVVG,Measure,CZ08,32.28541666666666,1724459337.778871
MBT,M1,cPVVG,Measure,CZ09,35.456250000000004,1807352069.980286
MBT,M1,cPVVG,Measure,CZ10,35.55666666666667,1803529606.9454768
MBT,M1,cPVVG,Measure,CZ11,36.25708333333334,1947057519.585493
MBT,M1,cPVVG,Measure,CZ12,33.139583333333334,1978177095.508637
MBT,M1,cPVVG,Measure,CZ13,37.3975,1993869886.055664
MBT,M1,cPVVG,Measure,CZ14,33.69791666666667,1862974624.9827528
MBT,M1,cPVVG,Measure,CZ15,42.32083333333334,2391680439.1854267
MBT,M1,cPVVG,Measure,CZ16,25.15416666666667,1609659522.740151
MBT,M2,cDXGF,Base,CZ01,16.715000000000003,1309081195.1435091
MBT,M2,cDXGF,Base,CZ02,25.97041666666667,1702225264.5097933
MBT,M2,cDXGF,Base,CZ03,24.965,1438913125.1740804
MBT,M2,cDXGF,Base,CZ04,32.625416666666666,1970424794.2991009
MBT,M2,cDXGF,Base,CZ05,22.50375,1400795969.7256656
MBT,M2,cDXGF,Base,CZ06,25.29583333333333,1467450777.4108834
MBT,M2,cDXGF,Base,CZ07,25.2725,1751710396.5882452
MBT,M2,cDXGF,Base,CZ08,32.28541666666666,1745701208.0967233
MBT,M2,cDXGF,Base,CZ09,35.456250000000004,1811893485.0479288
MBT,M2,cDXGF,Base,CZ10,35.55666666666667,1804807361.7556896
MBT,M2,cDXGF,Base,CZ11,36.25708333333334,1948082764.340671
MBT,M2,cDXGF,Base,CZ12,33.139583333333334,1992857278.1869493
MBT,M2,cDXGF,Base,CZ13,37.3975,1985391517.9855297
MBT,M2,cDXGF,Base,CZ14,33.69791666666667,1891908861.582786
MBT,M2,cDXGF,Base,CZ15,42.32083333333334,2315890667.502193
MBT,M2,cDXGF,Base,CZ16,25.15416666666667,1741347508.9809992
MBT,M2,cDXGF,Measure,CZ01,16.715000000000003,1289423898.3493562
MBT,M2,cDXGF,Measure,CZ02,25.97041666666667,1680486858.8308053
MBT,M2,cDXGF,Measure,CZ03,24.965,1416651471.5814066
MBT,M2,cDXGF,Measure,CZ04,32.625416666666666,1947745895.0103056
MBT,M2,cDXGF,Measure,CZ05,22.50375,1378100507.7860734
MBT,M2,cDXGF,Measure,CZ06,25.29583333333333,1444665360.220608
MBT,M2,cDXGF,Measure,CZ07,25.2725,1744300584.552572
MBT,M2,cDXGF,Measure,CZ08,32.28541666666666,1720509706.7341766
MBT,M2,cDXGF,Measure,CZ09,35.456250000000004,1785495301.044359
MBT,M2,cDXGF,Measure,CZ10,35.55666666666667,1777844754.3102891
MBT,M2,cDXGF,Measure,CZ11,36.25708333333334,1927689878.5794897
MBT,M2,cDXGF,Measure,CZ12,33.139583333333334,1970882616.0624683
MBT,M2,cDXGF,Measure,CZ13,37.3975,1964570198.019072
MBT,M2,cDXGF,Measure,CZ14,33.69791666666667,1869294417.9978216
MBT,M2,cDXGF,Measure,CZ15,42.32083333333334,2296605093.4511085
MBT,M2,cDXGF,Measure,CZ16,25.15416666666667,1704356278.026442
MBT,M2,cDXHP,Base,CZ01,16.715000000000003,1307358403.8181338
MBT,M2,cDXHP,Base,CZ02,25.97041666666667,1697896150.014624
MBT,M2,cDXHP,Base,CZ03,24.965,1435885210.9707298
MBT,M2,cDXHP,Base,CZ04,32.625416666666666,1965060594.143116
MBT,M2,cDXHP,Base,CZ05,22.50375,1398040986.859388
MBT,M2,cDXHP,Base,CZ06,25.29583333333333,1464280317.1731818
MBT,M2,cDXHP,Base,CZ07,25.2725,1748141013.7698123
MBT,M2,cDXHP,Base,CZ08,32.28541666666666,1742353270.5797567
MBT,M2,cDXHP,Base,CZ09,35.456250000000004,1808569255.1370475
MBT,M2,cDXHP,Base,CZ10,35.55666666666667,1801605275.683236
MBT,M2,cDXHP,Base,CZ11,36.25708333333334,1945826178.7984865
MBT,M2,cDXHP,Base,CZ12,33.139583333333334,1988358181.3973503
MBT,M2,cDXHP,Base,CZ13,37.3975,1983480360.549872
MBT,M2,cDXHP,Base,CZ14,33.69791666666667,1889198307.685064
MBT,M2,cDXHP,Base,CZ15,42.32083333333334,2315646078.8922157
MBT,M2,cDXHP,Base,CZ16,25.15416666666667,1736157850.9036243
MBT,M2,cDXHP,Measure,CZ01,16.715000000000003,1287642485.2273338
MBT,M2,cDXHP,Measure,CZ02,25.97041666666667,1676018922.3974912
MBT,M2,cDXHP,Measure,CZ03,24.965,1413526956.8105888
MBT,M2,cDXHP,Measure,CZ04,32.625416666666666,1942255521.259373
MBT,M2,cDXHP,Measure,CZ05,22.50375,1375265792.7667222
MBT,M2,cDXHP,Measure,CZ06,25.29583333333333,1441420270.9877338
MBT,M2,cDXHP,Measure,CZ07,25.2725,1740624801.949318
MBT,M2,cDXHP,Measure,CZ08,32.28541666666666,1717085383.214671
MBT,M2,cDXHP,Measure,CZ09,35.456250000000004,1782130168.322065
MBT,M2,cDXHP,Measure,CZ10,35.55666666666667,1774615114.7351546
MBT,M2,cDXHP,Measure,CZ11,36.25708333333334,1925683373.0980332
MBT,M2,cDXHP,Measure,CZ12,33.139583333333334,1966285992.2154856
MBT,M2,cDXHP,Measure,CZ13,37.3975,1962982350.3638225
MBT,M2,cDXHP,Measure,CZ14,33.69791666666667,1866718225.2892067
MBT,M2,cDXHP,Measure,CZ15,42.32083333333334,2296360525.3078146
MBT,M2,cDXHP,Measure,CZ16,25.15416666666667,1699176090.4800062
MBT,M2,cPTAC,Base,CZ01,16.715000000000003,1309081195.1433191
MBT,M2,cPTAC,Base,CZ02,25.97041666666667,1702225264.5111098
MBT,M2,cPTAC,Base,CZ03,24.965,1438913125.1684303
MBT,M2,cPTAC,Base,CZ04,32.625416666666666,1970424794.2953403
MBT,M2,cPTAC,Base,CZ05,22.50375,1400795969.724007
MBT,M2,cPTAC,Base,CZ06,25.29583333333333,1467450777.4125292
MBT,M2,cPTAC,Base,CZ07,25.2725,1751710396.5893118
MBT,M2,cPTAC,Base,CZ08,32.28541666666666,1745701208.0837114
MBT,M2,cPTAC,Base,CZ09,35.456250000000004,1811893485.050372
MBT,M2,cPTAC,Base,CZ10,35.55666666666667,1804807361.6696277
MBT,M2,cPTAC,Base,CZ11,36.25708333333334,1948082764.3393824
MBT,M2,cPTAC,Base,CZ12,33.139583333333334,1992857278.193469
MBT,M2,cPTAC,Base,CZ13,37.3975,1985391517.9825656
MBT,M2,cPTAC,Base,CZ14,33.69791666666667,1891908861.583265
MBT,M2,cPTAC,Base,CZ15,42.32083333333334,2315890667.5017715
MBT,M2,cPTAC,Base,CZ16,25.15416666666667,1741347508.9822268
MBT,M2,cPTAC,Measure,CZ01,16.715000000000003,1289423877.098045
MBT,M2,cPTAC,Measure,CZ02,25.97041666666667,1680486858.8290153
MBT,M2,cPTAC,Measure,CZ03,24.965,1416651471.5850964
MBT,M2,cPTAC,Measure,CZ04,32.625416666666666,1947745895.0085456
MBT,M2,cPTAC,Measure,CZ05,22.50375,1378100507.784481
MBT,M2,cPTAC,Measure,CZ06,25.29583333333333,1444665360.2206726
MBT,M2,cPTAC,Measure,CZ07,25.2725,1744300584.5520203
MBT,M2,cPTAC,Measure,CZ08,32.28541666666666,1720509706.734789
MBT,M2,cPTAC,Measure,CZ09,35.456250000000004,1785495301.0314589
MBT,M2,cPTAC,Measure,CZ10,35.55666666666667,1777844754.304886
MBT,M2,cPTAC,Measure,CZ11,36.25708333333334,1927689878.5768836
MBT,M2,cPTAC,Measure,CZ12,33.139583333333334,1970882616.0492733
MBT,M2,cPTAC,Measure,CZ13,37.3975,1964570198.0191264
MBT,M2,cPTAC,Measure,CZ14,33.69791666666667,1869294417.998325
MBT,M2,cPTAC,Measure,CZ15,42.32083333333334,2296605093.449672
MBT,M2,cPTAC,Measure,CZ16,25.15416666666667,1704356278.0467844
MBT,M2,cPVVG,Base,CZ01,16.715000000000003,1229773853.6921017
MBT,M2,cPVVG,Base,CZ02,25.97041666666667,1620073359.601586
MBT,M2,cPVVG,Base,CZ03,24.965,1359326680.360114
MBT,M2,cPVVG,Base,CZ04,32.625416666666666,1890490049.6472044
MBT,M2,cPVVG,Base,CZ05,22.50375,1315793032.4233935
MBT,M2,cPVVG,Base,CZ06,25.29583333333333,1386463667.98058
MBT,M2,cPVVG,Base,CZ07,25.2725,1680122784.4841156
MBT,M2,cPVVG,Base,CZ08,32.28541666666666,1658981843.477086
MBT,M2,cPVVG,Base,CZ09,35.456250000000004,1720668760.6795204
MBT,M2,cPVVG,Base,CZ10,35.55666666666667,1712781527.2933536
MBT,M2,cPVVG,Base,CZ11,36.25708333333334,1864503345.212167
MBT,M2,cPVVG,Base,CZ12,33.139583333333334,1915338216.1627607
MBT,M2,cPVVG,Base,CZ13,37.3975,1902656132.805462
MBT,M2,cPVVG,Base,CZ14,33.69791666666667,1804184441.4950976
MBT,M2,cPVVG,Base,CZ15,42.32083333333334,2227679699.911802
MBT,M2,cPVVG,Base,CZ16,25.15416666666667,1640407526.2549472
MBT,M2,cPVVG,Measure,CZ01,16.715000000000003,1222059294.576434
MBT,M2,cPVVG,Measure,CZ02,25.97041666666667,1611569793.6594646
MBT,M2,cPVVG,Measure,CZ03,24.965,1350956899.5187707
MBT,M2,cPVVG,Measure,CZ04,32.625416666666666,1881783485.106424
MBT,M2,cPVVG,Measure,CZ05,22.50375,1307096245.0229115
MBT,M2,cPVVG,Measure,CZ06,25.29583333333333,1377863796.8719225
MBT,M2,cPVVG,Measure,CZ07,25.2725,1675496257.204718
MBT,M2,cPVVG,Measure,CZ08,32.28541666666666,1649517139.9558525
MBT,M2,cPVVG,Measure,CZ09,35.456250000000004,1710027573.6877112
MBT,M2,cPVVG,Measure,CZ10,35.55666666666667,1702504373.0809298
MBT,M2,cPVVG,Measure,CZ11,36.25708333333334,1854973183.0658443
MBT,M2,cPVVG,Measure,CZ12,33.139583333333334,1906868815.9646585
MBT,M2,cPVVG,Measure,CZ13,37.3975,1892674024.4563584
MBT,M2,cPVVG,Measure,CZ14,33.69791666666667,1793699613.0157666
MBT,M2,cPVVG,Measure,CZ15,42.32083333333334,2220075709.333795
MBT,M2,cPVVG,Measure,CZ16,25.15416666666667,1623737426.2568371
MBT,M3,cDXGF,Base,CZ01,16.715000000000003,1197705382.618267
MBT,M3,cDXGF,Base,CZ02,25.97041666666667,1594272273.748604
MBT,M3,cDXGF,Base,CZ03,24.965,1332926011.8021383
MBT,M3,cDXGF,Base,CZ04,32.625416666666666,1870802108.830948
MBT,M3,cDXGF,Base,CZ05,22.50375,1284902812.3687694
MBT,M3,cDXGF,Base,CZ06,25.29583333333333,1360238340.6786427
MBT,M3,cDXGF,Base,CZ07,25.2725,1660934018.1014128
MBT,M3,cDXGF,Base,CZ08,32.28541666666666,1635359037.397028
MBT,M3,cDXGF,Base,CZ09,35.456250000000004,1695213485.9407928
MBT,M3,cDXGF,Base,CZ10,35.55666666666667,1689465015.746281
MBT,M3,cDXGF,Base,CZ11,36.25708333333334,1841022868.7453272
MBT,M3,cDXGF,Base,CZ12,33.139583333333334,1896798434.010481
MBT,M3,cDXGF,Base,CZ13,37.3975,1880433846.0553355
MBT,M3,cDXGF,Base,CZ14,33.69791666666667,1775542534.5751834
MBT,M3,cDXGF,Base,CZ15,42.32083333333334,2215460843.556037
MBT,M3,cDXGF,Base,CZ16,25.15416666666667,1600319329.573617
MBT,M3,cDXGF,Measure,CZ01,16.715000000000003,1176769000.995608
MBT,M3,cDXGF,Measure,CZ02,25.97041666666667,1554583762.315911
MBT,M3,cDXGF,Measure,CZ03,24.965,1299561145.9633794
MBT,M3,cDXGF,Measure,CZ04,32.625416666666666,1818283325.839996
MBT,M3,cDXGF,Measure,CZ05,22.50375,1255185452.0551343
MBT,M3,cDXGF,Measure,CZ06,25.29583333333333,1324577885.376697
MBT,M3,cDXGF,Measure,CZ07,25.2725,1614876285.983266
MBT,M3,cDXGF,Measure,CZ08,32.28541666666666,1585529228.0663946
MBT,M3,cDXGF,Measure,CZ09,35.456250000000004,1641346324.8322458
MBT,M3,cDXGF,Measure,CZ10,35.55666666666667,1636467324.32921
MBT,M3,cDXGF,Measure,CZ11,36.25708333333334,1777331743.2906682
MBT,M3,cDXGF,Measure,CZ12,33.139583333333334,1842139184.5478475
MBT,M3,cDXGF,Measure,CZ13,37.3975,1813569496.655584
MBT,M3,cDXGF,Measure,CZ14,33.69791666666667,1718014768.0568676
MBT,M3,cDXGF,Measure,CZ15,42.32083333333334,2133490556.2582445
MBT,M3,cDXGF,Measure,CZ16,25.15416666666667,1559217803.008244
MBT,M3,cDXHP,Base,CZ01,16.715000000000003,1184025751.4419966
MBT,M3,cDXHP,Base,CZ02,25.97041666666667,1577584193.7336342
MBT,M3,cDXHP,Base,CZ03,24.965,1316834583.8641088
MBT,M3,cDXHP,Base,CZ04,32.625416666666666,1852504763.9372096
MBT,M3,cDXHP,Base,CZ05,22.50375,1269043427.6384766
MBT,M3,cDXHP,Base,CZ06,25.29583333333333,1344503852.8188198
MBT,M3,cDXHP,Base,CZ07,25.2725,1644795255.729123
MBT,M3,cDXHP,Base,CZ08,32.28541666666666,1625073429.0462427
MBT,M3,cDXHP,Base,CZ09,35.456250000000004,1686005904.184826
MBT,M3,cDXHP,Base,CZ10,35.55666666666667,1682202157.6383128
MBT,M3,cDXHP,Base,CZ11,36.25708333333334,1830856773.1971867
MBT,M3,cDXHP,Base,CZ12,33.139583333333334,1880668555.8488944
MBT,M3,cDXHP,Base,CZ13,37.3975,1872563127.4926655
MBT,M3,cDXHP,Base,CZ14,33.69791666666667,1763670571.6242442
MBT,M3,cDXHP,Base,CZ15,42.32083333333334,2214805481.403225
MBT,M3,cDXHP,Base,CZ16,25.15416666666667,1584690967.7476788
MBT,M3,cDXHP,Measure,CZ01,16.715000000000003,1163215773.0945544
MBT,M3,cDXHP,Measure,CZ02,25.97041666666667,1537753292.0679057
MBT,M3,cDXHP,Measure,CZ03,24.965,1283479970.6879654
MBT,M3,cDXHP,Measure,CZ04,32.625416666666666,1799639313.725629
MBT,M3,cDXHP,Measure,CZ05,22.50375,1239415947.7624252
MBT,M3,cDXHP,Measure,CZ06,25.29583333333333,1308898143.5863202
MBT,M3,cDXHP,Measure,CZ07,25.2725,1598623921.9468608
MBT,M3,cDXHP,Measure,CZ08,32.28541666666666,1574920452.499365
MBT,M3,cDXHP,Measure,CZ09,35.456250000000004,1631812902.553876
MBT,M3,cDXHP,Measure,CZ10,35.55666666666667,1628894818.7843325
MBT,M3,cDXHP,Measure,CZ11,36.25708333333334,1766611773.1622353
MBT,M3,cDXHP,Measure,CZ12,33.139583333333334,1825520763.3708224
MBT,M3,cDXHP,Measure,CZ13,37.3975,1805184876.897132
MBT,M3,cDXHP,Measure,CZ14,33.69791666666667,1705821366.4757965
MBT,M3,cDXHP,Measure,CZ15,42.32083333333334,2132742866.6382096
MBT,M3,cDXHP,Measure,CZ16,25.15416666666667,1543677825.8755288
MBT,M3,cPTAC,Base,CZ01,16.715000000000003,1197702259.4945736
MBT,M3,cPTAC,Base,CZ02,25.97041666666667,1594272273.7467728
MBT,M3,cPTAC,Base,CZ03,24.965,1332926011.7980683
MBT,M3,cPTAC,Base,CZ04,32.625416666666666,1870802108.8296835
MBT,M3,cPTAC,Base,CZ05,22.50375,1284902812.368545
MBT,M3,cPTAC,Base,CZ06,25.29583333333333,1360238340.677512
MBT,M3,cPTAC,Base,CZ07,25.2725,1660934018.1010952
MBT,M3,cPTAC,Base,CZ08,32.28541666666666,1635359037.396453
MBT,M3,cPTAC,Base,CZ09,35.456250000000004,1695213485.9431007
MBT,M3,cPTAC,Base,CZ10,35.55666666666667,1689465015.7422705
MBT,M3,cPTAC,Base,CZ11,36.25708333333334,1841022868.7425456
MBT,M3,cPTAC,Base,CZ12,33.139583333333334,1896798434.005784
MBT,M3,cPTAC,Base,CZ13,37.3975,1880433846.0525773
MBT,M3,cPTAC,Base,CZ14,33.69791666666667,1775542534.57483
MBT,M3,cPTAC,Base,CZ15,42.32083333333334,2215460843.557664
MBT,M3,cPTAC,Base,CZ16,25.15416666666667,1600319329.5491056
MBT,M3,cPTAC,Measure,CZ01,16.715000000000003,1176766222.185887
MBT,M3,cPTAC,Measure,CZ02,25.97041666666667,1554583762.3147578
MBT,M3,cPTAC,Measure,CZ03,24.965,1299561145.9627066
MBT,M3,cPTAC,Measure,CZ04,32.625416666666666,1818283325.9509828
MBT,M3,cPTAC,Measure,CZ05,22.50375,1255185452.0562356
MBT,M3,cPTAC,Measure,CZ06,25.29583333333333,1324577885.3747582
MBT,M3,cPTAC,Measure,CZ07,25.2725,1614876285.9814465
MBT,M3,cPTAC,Measure,CZ08,32.28541666666666,1585529228.0625565
MBT,M3,cPTAC,Measure,CZ09,35.456250000000004,1641346324.761073
MBT,M3,cPTAC,Measure,CZ10,35.55666666666667,1636467324.326464
MBT,M3,cPTAC,Measure,CZ11,36.25708333333334,1777331743.2915497
MBT,M3,cPTAC,Measure,CZ12,33.139583333333334,1842139184.552876
MBT,M3,cPTAC,Measure,CZ13,37.3975,1813569496.6561165
MBT,M3,cPTAC,Measure,CZ14,33.69791666666667,1718014768.0576572
MBT,M3,cPTAC,Measure,CZ15,42.32083333333334,2133490556.254861
MBT,M3,cPTAC,Measure,CZ16,25.15416666666667,1559217802.9867015
MBT,M3,cPVVG,Base,CZ01,16.715000000000003,1191893041.6295974
MBT,M3,cPVVG,Base,CZ02,25.97041666666667,1585955092.167673
MBT,M3,cPVVG,Base,CZ03,24.965,1325060756.0143592
MBT,M3,cPVVG,Base,CZ04,32.625416666666666,1861410734.030546
MBT,M3,cPVVG,Base,CZ05,22.50375,1277205682.8361692
MBT,M3,cPVVG,Base,CZ06,25.29583333333333,1351751763.3651593
MBT,M3,cPVVG,Base,CZ07,25.2725,1651389742.2362566
MBT,M3,cPVVG,Base,CZ08,32.28541666666666,1625766767.456226
MBT,M3,cPVVG,Base,CZ09,35.456250000000004,1685126025.7571585
MBT,M3,cPVVG,Base,CZ10,35.55666666666667,1679627266.995096
MBT,M3,cPVVG,Base,CZ11,36.25708333333334,1831696732.281593
MBT,M3,cPVVG,Base,CZ12,33.139583333333334,1887509064.8342123
MBT,M3,cPVVG,Base,CZ13,37.3975,1871036759.236917
MBT,M3,cPVVG,Base,CZ14,33.69791666666667,1766075839.1283846
MBT,M3,cPVVG,Base,CZ15,42.32083333333334,2204186642.319337
MBT,M3,cPVVG,Base,CZ16,25.15416666666667,1590827867.4128745
MBT,M3,cPVVG,Measure,CZ01,16.715000000000003,1171188064.431285
MBT,M3,cPVVG,Measure,CZ02,25.97041666666667,1546615706.524473
MBT,M3,cPVVG,Measure,CZ03,24.965,1292017672.2886865
MBT,M3,cPVVG,Measure,CZ04,32.625416666666666,1809318885.570057
MBT,M3,cPVVG,Measure,CZ05,22.50375,1247802285.7241316
MBT,M3,cPVVG,Measure,CZ06,25.29583333333333,1316435035.3426769
MBT,M3,cPVVG,Measure,CZ07,25.2725,1605714460.6854782
MBT,M3,cPVVG,Measure,CZ08,32.28541666666666,1576373676.1837535
MBT,M3,cPVVG,Measure,CZ09,35.456250000000004,1631752486.0497284
MBT,M3,cPVVG,Measure,CZ10,35.55666666666667,1627101102.697866
MBT,M3,cPVVG,Measure,CZ11,36.25708333333334,1768797567.320572
MBT,M3,cPVVG,Measure,CZ12,33.139583333333334,1833274706.032967
MBT,M3,cPVVG,Measure,CZ13,37.3975,1804981351.8950455
MBT,M3,cPVVG,Measure,CZ14,33.69791666666667,1709287220.48475
MBT,M3,cPVVG,Measure,CZ15,42.32083333333334,2122836191.8280416
MBT,M3,cPVVG,Measure,CZ16,25.15416666666667,1550283923.4245038
MBT,M4,cDXGF,Base,CZ01,16.715000000000003,1248412095.3914816
MBT,M4,cDXGF,Base,CZ02,25.97041666666667,1704256715.734795
MBT,M4,cDXGF,Base,CZ03,24.965,1428036975.7904675
MBT,M4,cDXGF,Base,CZ04,32.625416666666666,2011003985.8893328
MBT,M4,cDXGF,Base,CZ05,22.50375,1372255878.49229
MBT,M4,cDXGF,Base,CZ06,25.29583333333333,1462893966.6394773
MBT,M4,cDXGF,Base,CZ07,25.2725,1770195138.8149014
MBT,M4,cDXGF,Base,CZ08,32.28541666666666,1790282432.2433214
MBT,M4,cDXGF,Base,CZ09,35.456250000000004,1882681297.0264168
MBT,M4,cDXGF,Base,CZ10,35.55666666666667,1877206811.240268
MBT,M4,cDXGF,Base,CZ11,36.25708333333334,2025202459.3068984
MBT,M4,cDXGF,Base,CZ12,33.139583333333334,2038209094.286868
MBT,M4,cDXGF,Base,CZ13,37.3975,2070044961.5958064
MBT,M4,cDXGF,Base,CZ14,33.69791666666667,1945071858.3903527
MBT,M4,cDXGF,Base,CZ15,42.32083333333334,2460669906.596707
MBT,M4,cDXGF,Base,CZ16,25.15416666666667,1732744712.4132648
MBT,M4,cDXGF,Measure,CZ01,16.715000000000003,1242607719.482864
MBT,M4,cDXGF,Measure,CZ02,25.97041666666667,1694137084.7922702
MBT,M4,cDXGF,Measure,CZ03,24.965,1417661766.376553
MBT,M4,cDXGF,Measure,CZ04,32.625416666666666,1997071469.5864897
MBT,M4,cDXGF,Measure,CZ05,22.50375,1363036379.5760207
MBT,M4,cDXGF,Measure,CZ06,25.29583333333333,1446888922.2594917
MBT,M4,cDXGF,Measure,CZ07,25.2725,1766054681.871605
MBT,M4,cDXGF,Measure,CZ08,32.28541666666666,1774816396.1919332
MBT,M4,cDXGF,Measure,CZ09,35.456250000000004,1856065284.2779384
MBT,M4,cDXGF,Measure,CZ10,35.55666666666667,1852386333.335742
MBT,M4,cDXGF,Measure,CZ11,36.25708333333334,1999027072.3236356
MBT,M4,cDXGF,Measure,CZ12,33.139583333333334,2023241687.5058925
MBT,M4,cDXGF,Measure,CZ13,37.3975,2041874380.9976337
MBT,M4,cDXGF,Measure,CZ14,33.69791666666667,1918349188.6473925
MBT,M4,cDXGF,Measure,CZ15,42.32083333333334,2433153363.941215
MBT,M4,cDXGF,Measure,CZ16,25.15416666666667,1697871013.8590302
MBT,M4,cDXHP,Base,CZ01,16.715000000000003,1247326509.9407938
MBT,M4,cDXHP,Base,CZ02,25.97041666666667,1701407402.1788645
MBT,M4,cDXHP,Base,CZ03,24.965,1426316703.0978708
MBT,M4,cDXHP,Base,CZ04,32.625416666666666,2013756500.4044657
MBT,M4,cDXHP,Base,CZ05,22.50375,1371545426.0045547
MBT,M4,cDXHP,Base,CZ06,25.29583333333333,1460892404.184284
MBT,M4,cDXHP,Base,CZ07,25.2725,1759506764.8927822
MBT,M4,cDXHP,Base,CZ08,32.28541666666666,1792392431.1768684
MBT,M4,cDXHP,Base,CZ09,35.456250000000004,1886661042.6655087
MBT,M4,cDXHP,Base,CZ10,35.55666666666667,1879664765.7401133
MBT,M4,cDXHP,Base,CZ11,36.25708333333334,2027878527.575256
MBT,M4,cDXHP,Base,CZ12,33.139583333333334,2041942799.831841
MBT,M4,cDXHP,Base,CZ13,37.3975,2074726742.4570832
MBT,M4,cDXHP,Base,CZ14,33.69791666666667,1946559457.4775376
MBT,M4,cDXHP,Base,CZ15,42.32083333333334,2461969372.955937
MBT,M4,cDXHP,Base,CZ16,25.15416666666667,1728734027.4767988
MBT,M4,cDXHP,Measure,CZ01,16.715000000000003,1241338204.8277764
MBT,M4,cDXHP,Measure,CZ02,25.97041666666667,1691447485.6787865
MBT,M4,cDXHP,Measure,CZ03,24.965,1415935393.9389477
MBT,M4,cDXHP,Measure,CZ04,32.625416666666666,2000180890.0970976
MBT,M4,cDXHP,Measure,CZ05,22.50375,1362341190.6423235
MBT,M4,cDXHP,Measure,CZ06,25.29583333333333,1444868900.0820713
MBT,M4,cDXHP,Measure,CZ07,25.2725,1755499393.3829534
MBT,M4,cDXHP,Measure,CZ08,32.28541666666666,1777069513.2114372
MBT,M4,cDXHP,Measure,CZ09,35.456250000000004,1860110392.980777
MBT,M4,cDXHP,Measure,CZ10,35.55666666666667,1854972363.5884287
MBT,M4,cDXHP,Measure,CZ11,36.25708333333334,2001629295.165442
MBT,M4,cDXHP,Measure,CZ12,33.139583333333334,2027286850.841709
MBT,M4,cDXHP,Measure,CZ13,37.3975,2046383083.0894628
MBT,M4,cDXHP,Measure,CZ14,33.69791666666667,1919965721.1682887
MBT,M4,cDXHP,Measure,CZ15,42.32083333333334,2434479730.153352
MBT,M4,cDXHP,Measure,CZ16,25.15416666666667,1693828645.9273372
MBT,M4,cPTAC,Base,CZ01,16.715000000000003,1247363885.3867254
MBT,M4,cPTAC,Base,CZ02,25.97041666666667,1704256607.538426
MBT,M4,cPTAC,Base,CZ03,24.965,1428036625.3566668
MBT,M4,cPTAC,Base,CZ04,32.625416666666666,2011003985.8937044
MBT,M4,cPTAC,Base,CZ05,22.50375,1372009540.4923496
MBT,M4,cPTAC,Base,CZ06,25.29583333333333,1462893966.6383567
MBT,M4,cPTAC,Base,CZ07,25.2725,1770195138.8157036
MBT,M4,cPTAC,Base,CZ08,32.28541666666666,1790282432.252987
MBT,M4,cPTAC,Base,CZ09,35.456250000000004,1882681297.052491
MBT,M4,cPTAC,Base,CZ10,35.55666666666667,1877206811.2333205
MBT,M4,cPTAC,Base,CZ11,36.25708333333334,2025202459.305947
MBT,M4,cPTAC,Base,CZ12,33.139583333333334,2038209094.2886744
MBT,M4,cPTAC,Base,CZ13,37.3975,2070044961.600904
MBT,M4,cPTAC,Base,CZ14,33.69791666666667,1945071858.391992
MBT,M4,cPTAC,Base,CZ15,42.32083333333334,2460669906.596794
MBT,M4,cPTAC,Base,CZ16,25.15416666666667,1732744696.3027723
MBT,M4,cPTAC,Measure,CZ01,16.715000000000003,1242122942.139357
MBT,M4,cPTAC,Measure,CZ02,25.97041666666667,1694137084.7903285
MBT,M4,cPTAC,Measure,CZ03,24.965,1417661766.383482
MBT,M4,cPTAC,Measure,CZ04,32.625416666666666,1997071469.583722
MBT,M4,cPTAC,Measure,CZ05,22.50375,1362993311.2382686
MBT,M4,cPTAC,Measure,CZ06,25.29583333333333,1446888922.2583208
MBT,M4,cPTAC,Measure,CZ07,25.2725,1766054681.8731246
MBT,M4,cPTAC,Measure,CZ08,32.28541666666666,1774816396.196013
MBT,M4,cPTAC,Measure,CZ09,35.456250000000004,1856065284.2785983
MBT,M4,cPTAC,Measure,CZ10,35.55666666666667,1852386333.338493
MBT,M4,cPTAC,Measure,CZ11,36.25708333333334,1999027072.325873
MBT,M4,cPTAC,Measure,CZ12,33.139583333333334,2023241687.5001287
MBT,M4,cPTAC,Measure,CZ13,37.3975,2041874380.998849
MBT,M4,cPTAC,Measure,CZ14,33.69791666666667,1918349188.6457896
MBT,M4,cPTAC,Measure,CZ15,42.32083333333334,2433153363.9445705
MBT,M4,cPTAC,Measure,CZ16,25.15416666666667,1697871008.890583
MBT,M4,cPVVG,Base,CZ01,16.715000000000003,1154368942.124419
MBT,M4,cPVVG,Base,CZ02,25.97041666666667,1621639717.863799
MBT,M4,cPVVG,Base,CZ03,24.965,1345169632.2308743
MBT,M4,cPVVG,Base,CZ04,32.625416666666666,1948112004.120118
MBT,M4,cPVVG,Base,CZ05,22.50375,1280211963.1526968
MBT,M4,cPVVG,Base,CZ06,25.29583333333333,1382333284.9895082
MBT,M4,cPVVG,Base,CZ07,25.2725,1699825238.2300465
MBT,M4,cPVVG,Base,CZ08,32.28541666666666,1723244050.938197
MBT,M4,cPVVG,Base,CZ09,35.456250000000004,1817392630.5512235
MBT,M4,cPVVG,Base,CZ10,35.55666666666667,1810347251.1633868
MBT,M4,cPVVG,Base,CZ11,36.25708333333334,1962173579.914705
MBT,M4,cPVVG,Base,CZ12,33.139583333333334,1977980782.4179835
MBT,M4,cPVVG,Base,CZ13,37.3975,2011828220.922494
MBT,M4,cPVVG,Base,CZ14,33.69791666666667,1877110045.2327108
MBT,M4,cPVVG,Base,CZ15,42.32083333333334,2409210373.310392
MBT,M4,cPVVG,Base,CZ16,25.15416666666667,1627961107.8660057
MBT,M4,cPVVG,Measure,CZ01,16.715000000000003,1162350365.6849904
MBT,M4,cPVVG,Measure,CZ02,25.97041666666667,1628782861.261063
MBT,M4,cPVVG,Measure,CZ03,24.965,1351300557.7158666
MBT,M4,cPVVG,Measure,CZ04,32.625416666666666,1950385208.696712
MBT,M4,cPVVG,Measure,CZ05,22.50375,1287550756.9006672
MBT,M4,cPVVG,Measure,CZ06,25.29583333333333,1381698901.9883149
MBT,M4,cPVVG,Measure,CZ07,25.2725,1701197055.165649
MBT,M4,cPVVG,Measure,CZ08,32.28541666666666,1724466143.2966676
MBT,M4,cPVVG,Measure,CZ09,35.456250000000004,1807416719.213323
MBT,M4,cPVVG,Measure,CZ10,35.55666666666667,1803560701.990934
MBT,M4,cPVVG,Measure,CZ11,36.25708333333334,1947116284.4378865
MBT,M4,cPVVG,Measure,CZ12,33.139583333333334,1978130460.812076
MBT,M4,cPVVG,Measure,CZ13,37.3975,1993903302.283542
MBT,M4,cPVVG,Measure,CZ14,33.69791666666667,1862992883.8302083
MBT,M4,cPVVG,Measure,CZ15,42.32083333333334,2391680439.168602
MBT,M4,cPVVG,Measure,CZ16,25.15416666666667,1617389608.025675
MBT,M5,cDXGF,Base,CZ01,16.715000000000003,1183194654.7884402
MBT,M5,cDXGF,Base,CZ02,25.97041666666667,1616297398.1589072
MBT,M5,cDXGF,Base,CZ03,24.965,1336745225.983183
MBT,M5,cDXGF,Base,CZ04,32.625416666666666,1905699568.1257336
MBT,M5,cDXGF,Base,CZ05,22.50375,1276175005.1979237
MBT,M5,cDXGF,Base,CZ06,25.29583333333333,1364230912.7705832
MBT,M5,cDXGF,Base,CZ07,25.2725,1694598216.538559
MBT,M5,cDXGF,Base,CZ08,32.28541666666666,1672333471.4097998
MBT,M5,cDXGF,Base,CZ09,35.456250000000004,1753015989.273799
MBT,M5,cDXGF,Base,CZ10,35.55666666666667,1743027460.159985
MBT,M5,cDXGF,Base,CZ11,36.25708333333334,1898749247.27432
MBT,M5,cDXGF,Base,CZ12,33.139583333333334,1944444263.7358208
MBT,M5,cDXGF,Base,CZ13,37.3975,1932226273.2939668
MBT,M5,cDXGF,Base,CZ14,33.69791666666667,1807701253.794175
MBT,M5,cDXGF,Base,CZ15,42.32083333333334,2323535684.8033323
MBT,M5,cDXGF,Base,CZ16,25.15416666666667,1595741210.279765
MBT,M5,cDXGF,Measure,CZ01,16.715000000000003,1169496157.510497
MBT,M5,cDXGF,Measure,CZ02,25.97041666666667,1584950054.6140313
MBT,M5,cDXGF,Measure,CZ03,24.965,1312034564.8984942
MBT,M5,cDXGF,Measure,CZ04,32.625416666666666,1863676811.7720635
MBT,M5,cDXGF,Measure,CZ05,22.50375,1255498223.7319987
MBT,M5,cDXGF,Measure,CZ06,25.29583333333333,1337847557.2067811
MBT,M5,cDXGF,Measure,CZ07,25.2725,1657446297.3326006
MBT,M5,cDXGF,Measure,CZ08,32.28541666666666,1631936618.0245852
MBT,M5,cDXGF,Measure,CZ09,35.456250000000004,1707180621.792344
MBT,M5,cDXGF,Measure,CZ10,35.55666666666667,1698391938.5221877
MBT,M5,cDXGF,Measure,CZ11,36.25708333333334,1844713962.558622
MBT,M5,cDXGF,Measure,CZ12,33.139583333333334,1899325080.7687044
MBT,M5,cDXGF,Measure,CZ13,37.3975,1876150881.835471
MBT,M5,cDXGF,Measure,CZ14,33.69791666666667,1761897872.7485073
MBT,M5,cDXGF,Measure,CZ15,42.32083333333334,2250966946.2167616
MBT,M5,cDXGF,Measure,CZ16,25.15416666666667,1566154433.1387658
MBT,M5,cDXHP,Base,CZ01,16.715000000000003,1176987051.7702212
MBT,M5,cDXHP,Base,CZ02,25.97041666666667,1600363546.5796752
MBT,M5,cDXHP,Base,CZ03,24.965,1322765051.026061
MBT,M5,cDXHP,Base,CZ04,32.625416666666666,1877634420.389878
MBT,M5,cDXHP,Base,CZ05,22.50375,1263540681.903615
MBT,M5,cDXHP,Base,CZ06,25.29583333333333,1349434535.3186047
MBT,M5,cDXHP,Base,CZ07,25.2725,1677333311.76117
MBT,M5,cDXHP,Base,CZ08,32.28541666666666,1650282089.4706855
MBT,M5,cDXHP,Base,CZ09,35.456250000000004,1727428230.7748232
MBT,M5,cDXHP,Base,CZ10,35.55666666666667,1721154598.712625
MBT,M5,cDXHP,Base,CZ11,36.25708333333334,1881074293.564567
MBT,M5,cDXHP,Base,CZ12,33.139583333333334,1919564410.0639
MBT,M5,cDXHP,Base,CZ13,37.3975,1914690904.4557347
MBT,M5,cDXHP,Base,CZ14,33.69791666666667,1782136982.3650074
MBT,M5,cDXHP,Base,CZ15,42.32083333333334,2319193604.668937
MBT,M5,cDXHP,Base,CZ16,25.15416666666667,1583309795.294836
MBT,M5,cDXHP,Measure,CZ01,16.715000000000003,1162670009.801661
MBT,M5,cDXHP,Measure,CZ02,25.97041666666667,1568664340.293829
MBT,M5,cDXHP,Measure,CZ03,24.965,1297787721.3966146
MBT,M5,cDXHP,Measure,CZ04,32.625416666666666,1836159688.7020996
MBT,M5,cDXHP,Measure,CZ05,22.50375,1242636527.8720777
MBT,M5,cDXHP,Measure,CZ06,25.29583333333333,1322966224.700987
MBT,M5,cDXHP,Measure,CZ07,25.2725,1640024865.9730413
MBT,M5,cDXHP,Measure,CZ08,32.28541666666666,1610835788.8978577
MBT,M5,cDXHP,Measure,CZ09,35.456250000000004,1683072977.6355414
MBT,M5,cDXHP,Measure,CZ10,35.55666666666667,1677823596.3033986
MBT,M5,cDXHP,Measure,CZ11,36.25708333333334,1827462164.6581624
MBT,M5,cDXHP,Measure,CZ12,33.139583333333334,1874803565.0166533
MBT,M5,cDXHP,Measure,CZ13,37.3975,1859397402.226292
MBT,M5,cDXHP,Measure,CZ14,33.69791666666667,1737462311.1029696
MBT,M5,cDXHP,Measure,CZ15,42.32083333333334,2246940427.7578907
MBT,M5,cDXHP,Measure,CZ16,25.15416666666667,1553444665.0340269
MBT,M5,cPTAC,Base,CZ01,16.715000000000003,1183126242.1624882
MBT,M5,cPTAC,Base,CZ02,25.97041666666667,1616297398.1623929
MBT,M5,cPTAC,Base,CZ03,24.965,1336745225.976866
MBT,M5,cPTAC,Base,CZ04,32.625416666666666,1905705054.0866013
MBT,M5,cPTAC,Base,CZ05,22.50375,1276175005.1961336
MBT,M5,cPTAC,Base,CZ06,25.29583333333333,1364230912.7728424
MBT,M5,cPTAC,Base,CZ07,25.2725,1694598216.539827
MBT,M5,cPTAC,Base,CZ08,32.28541666666666,1672333471.4081192
MBT,M5,cPTAC,Base,CZ09,35.456250000000004,1753015989.2733235
MBT,M5,cPTAC,Base,CZ10,35.55666666666667,1743027460.15865
MBT,M5,cPTAC,Base,CZ11,36.25708333333334,1898749247.2744637
MBT,M5,cPTAC,Base,CZ12,33.139583333333334,1944444263.7380447
MBT,M5,cPTAC,Base,CZ13,37.3975,1932226273.2924323
MBT,M5,cPTAC,Base,CZ14,33.69791666666667,1807701253.7900093
MBT,M5,cPTAC,Base,CZ15,42.32083333333334,2323535684.803729
MBT,M5,cPTAC,Base,CZ16,25.15416666666667,1595741208.2332158
MBT,M5,cPTAC,Measure,CZ01,16.715000000000003,1169433120.3569465
MBT,M5,cPTAC,Measure,CZ02,25.97041666666667,1584950054.6173534
MBT,M5,cPTAC,Measure,CZ03,24.965,1312034564.899256
MBT,M5,cPTAC,Measure,CZ04,32.625416666666666,1863677787.2288597
MBT,M5,cPTAC,Measure,CZ05,22.50375,1255498223.7338493
MBT,M5,cPTAC,Measure,CZ06,25.29583333333333,1337847557.2036607
MBT,M5,cPTAC,Measure,CZ07,25.2725,1657446297.3308043
MBT,M5,cPTAC,Measure,CZ08,32.28541666666666,1631936618.0339766
MBT,M5,cPTAC,Measure,CZ09,35.456250000000004,1707180621.7939086
MBT,M5,cPTAC,Measure,CZ10,35.55666666666667,1698391938.517671
MBT,M5,cPTAC,Measure,CZ11,36.25708333333334,1844713962.557065
MBT,M5,cPTAC,Measure,CZ12,33.139583333333334,1899325080.7727776
MBT,M5,cPTAC,Measure,CZ13,37.3975,1876150881.8341265
MBT,M5,cPTAC,Measure,CZ14,33.69791666666667,1761897872.749695
MBT,M5,cPTAC,Measure,CZ15,42.32083333333334,2250966946.2171464
MBT,M5,cPTAC,Measure,CZ16,25.15416666666667,1566154431.3235905
MBT,M5,cPVVG,Base,CZ01,16.715000000000003,1177605115.9987416
MBT,M5,cPVVG,Base,CZ02,25.97041666666667,1608074993.0605016
MBT,M5,cPVVG,Base,CZ03,24.965,1328762654.328185
MBT,M5,cPVVG,Base,CZ04,32.625416666666666,1896678183.992412
MBT,M5,cPVVG,Base,CZ05,22.50375,1268502223.5449147
MBT,M5,cPVVG,Base,CZ06,25.29583333333333,1355562160.550715
MBT,M5,cPVVG,Base,CZ07,25.2725,1684889392.3729725
MBT,M5,cPVVG,Base,CZ08,32.28541666666666,1662872021.876963
MBT,M5,cPVVG,Base,CZ09,35.456250000000004,1743577981.779552
MBT,M5,cPVVG,Base,CZ10,35.55666666666667,1733447283.0206263
MBT,M5,cPVVG,Base,CZ11,36.25708333333334,1889880285.6912615
MBT,M5,cPVVG,Base,CZ12,33.139583333333334,1935586805.2255373
MBT,M5,cPVVG,Base,CZ13,37.3975,1923060907.8750608
MBT,M5,cPVVG,Base,CZ14,33.69791666666667,1798601068.628219
MBT,M5,cPVVG,Base,CZ15,42.32083333333334,2312920103.099936
MBT,M5,cPVVG,Base,CZ16,25.15416666666667,1586194478.7047725
MBT,M5,cPVVG,Measure,CZ01,16.715000000000003,1164063423.2450624
MBT,M5,cPVVG,Measure,CZ02,25.97041666666667,1576995190.5825915
MBT,M5,cPVVG,Measure,CZ03,24.965,1304300534.2996185
MBT,M5,cPVVG,Measure,CZ04,32.625416666666666,1854977398.716808
MBT,M5,cPVVG,Measure,CZ05,22.50375,1248055610.5966768
MBT,M5,cPVVG,Measure,CZ06,25.29583333333333,1329445785.0029883
MBT,M5,cPVVG,Measure,CZ07,25.2725,1648054311.591157
MBT,M5,cPVVG,Measure,CZ08,32.28541666666666,1622817257.153241
MBT,M5,cPVVG,Measure,CZ09,35.456250000000004,1698122642.9842155
MBT,M5,cPVVG,Measure,CZ10,35.55666666666667,1689184423.559518
MBT,M5,cPVVG,Measure,CZ11,36.25708333333334,1836630586.061973
MBT,M5,cPVVG,Measure,CZ12,33.139583333333334,1890791739.0917408
MBT,M5,cPVVG,Measure,CZ13,37.3975,1867822543.2560945
MBT,M5,cPVVG,Measure,CZ14,33.69791666666667,1753487636.7235048
MBT,M5,cPVVG,Measure,CZ15,42.32083333333334,2240853207.276517
MBT,M5,cPVVG,Measure,CZ16,25.15416666666667,1557029866.6419437
MLI,M1,cDXGF,Base,CZ01,16.715000000000003,460821140.3552076
MLI,M1,cDXGF,Base,CZ02,25.97041666666667,658905437.1617289
MLI,M1,cDXGF,Base,CZ03,24.965,580955971.7101213
MLI,M1,cDXGF,Base,CZ04,32.625416666666666,797470209.179352
MLI,M1,cDXGF,Base,CZ05,22.50375,544628407.9650183
MLI,M1,cDXGF,Base,CZ06,25.29583333333333,616868279.4474375
MLI,M1,cDXGF,Base,CZ07,25.2725,739647721.7607951
MLI,M1,cDXGF,Base,CZ08,32.28541666666666,794953742.305145
MLI,M1,cDXGF,Base,CZ09,35.456250000000004,849649708.0738623
MLI,M1,cDXGF,Base,CZ10,35.55666666666667,840094578.4506696
MLI,M1,cDXGF,Base,CZ11,36.25708333333334,877813978.0559757
MLI,M1,cDXGF,Base,CZ12,33.139583333333334,816218551.6108122
MLI,M1,cDXGF,Base,CZ13,37.3975,912899005.6639488
MLI,M1,cDXGF,Base,CZ14,33.69791666666667,837272302.528872
MLI,M1,cDXGF,Base,CZ15,42.32083333333334,1070521525.0081615
MLI,M1,cDXGF,Base,CZ16,25.15416666666667,709453618.7940342
MLI,M1,cDXGF,Measure,CZ01,16.715000000000003,440799419.8153436
MLI,M1,cDXGF,Measure,CZ02,25.97041666666667,639433364.4001615
MLI,M1,cDXGF,Measure,CZ03,24.965,561482884.5317769
MLI,M1,cDXGF,Measure,CZ04,32.625416666666666,773308062.8914809
MLI,M1,cDXGF,Measure,CZ05,22.50375,526025395.7820037
MLI,M1,cDXGF,Measure,CZ06,25.29583333333333,592745332.838037
MLI,M1,cDXGF,Measure,CZ07,25.2725,731804105.1571798
MLI,M1,cDXGF,Measure,CZ08,32.28541666666666,770074517.511274
MLI,M1,cDXGF,Measure,CZ09,35.456250000000004,813361894.6199973
MLI,M1,cDXGF,Measure,CZ10,35.55666666666667,808642399.4639462
MLI,M1,cDXGF,Measure,CZ11,36.25708333333334,817421475.638987
MLI,M1,cDXGF,Measure,CZ12,33.139583333333334,791009893.1449491
MLI,M1,cDXGF,Measure,CZ13,37.3975,847322032.7390444
MLI,M1,cDXGF,Measure,CZ14,33.69791666666667,779839840.3842018
MLI,M1,cDXGF,Measure,CZ15,42.32083333333334,1023803945.4001582
MLI,M1,cDXGF,Measure,CZ16,25.15416666666667,659540765.8182051
MLI,M1,cDXHP,Base,CZ01,16.715000000000003,461180066.8665092
MLI,M1,cDXHP,Base,CZ02,25.97041666666667,659477642.9544144
MLI,M1,cDXHP,Base,CZ03,24.965,582043614.18992
MLI,M1,cDXHP,Base,CZ04,32.625416666666666,805191312.3146967
MLI,M1,cDXHP,Base,CZ05,22.50375,546413321.5996885
MLI,M1,cDXHP,Base,CZ06,25.29583333333333,618885633.4788308
MLI,M1,cDXHP,Base,CZ07,25.2725,737064103.1326306
MLI,M1,cDXHP,Base,CZ08,32.28541666666666,802309800.5467817
MLI,M1,cDXHP,Base,CZ09,35.456250000000004,857933141.6755235
MLI,M1,cDXHP,Base,CZ10,35.55666666666667,848166754.2055602
MLI,M1,cDXHP,Base,CZ11,36.25708333333334,880475114.0295914
MLI,M1,cDXHP,Base,CZ12,33.139583333333334,823419507.9645727
MLI,M1,cDXHP,Base,CZ13,37.3975,922461562.3852576
MLI,M1,cDXHP,Base,CZ14,33.69791666666667,843606112.2210977
MLI,M1,cDXHP,Base,CZ15,42.32083333333334,1082059327.159482
MLI,M1,cDXHP,Base,CZ16,25.15416666666667,710932296.5105548
MLI,M1,cDXHP,Measure,CZ01,16.715000000000003,441184612.9911552
MLI,M1,cDXHP,Measure,CZ02,25.97041666666667,640069457.184263
MLI,M1,cDXHP,Measure,CZ03,24.965,562596905.2789066
MLI,M1,cDXHP,Measure,CZ04,32.625416666666666,780990290.6713657
MLI,M1,cDXHP,Measure,CZ05,22.50375,527884554.29406667
MLI,M1,cDXHP,Measure,CZ06,25.29583333333333,594741251.9802722
MLI,M1,cDXHP,Measure,CZ07,25.2725,729501769.641948
MLI,M1,cDXHP,Measure,CZ08,32.28541666666666,777339343.4307389
MLI,M1,cDXHP,Measure,CZ09,35.456250000000004,821421869.2379396
MLI,M1,cDXHP,Measure,CZ10,35.55666666666667,816646221.9486272
MLI,M1,cDXHP,Measure,CZ11,36.25708333333334,819690808.6106975
MLI,M1,cDXHP,Measure,CZ12,33.139583333333334,798146234.6287698
MLI,M1,cDXHP,Measure,CZ13,37.3975,856361888.287452
MLI,M1,cDXHP,Measure,CZ14,33.69791666666667,785853658.4734371
MLI,M1,cDXHP,Measure,CZ15,42.32083333333334,1034626273.4046232
MLI,M1,cDXHP,Measure,CZ16,25.15416666666667,660918015.2433081
MLI,M1,cPTAC,Base,CZ01,16.715000000000003,460114029.7967747
MLI,M1,cPTAC,Base,CZ02,25.97041666666667,658905359.8650429
MLI,M1,cPTAC,Base,CZ03,24.965,580955971.3915317
MLI,M1,cPTAC,Base,CZ04,32.625416666666666,797470209.1793568
MLI,M1,cPTAC,Base,CZ05,22.50375,544301680.9290212
MLI,M1,cPTAC,Base,CZ06,25.29583333333333,616868279.4474397
MLI,M1,cPTAC,Base,CZ07,25.2725,739647721.7607801
MLI,M1,cPTAC,Base,CZ08,32.28541666666666,794953742.305136
MLI,M1,cPTAC,Base,CZ09,35.456250000000004,849649708.0738606
MLI,M1,cPTAC,Base,CZ10,35.55666666666667,840094578.45068
MLI,M1,cPTAC,Base,CZ11,36.25708333333334,877813978.0559824
MLI,M1,cPTAC,Base,CZ12,33.139583333333334,816218551.6108158
MLI,M1,cPTAC,Base,CZ13,37.3975,912899005.66395
MLI,M1,cPTAC,Base,CZ14,33.69791666666667,837272302.528873
MLI,M1,cPTAC,Base,CZ15,42.32083333333334,1070521525.0081532
MLI,M1,cPTAC,Base,CZ16,25.15416666666667,709453618.6144574
MLI,M1,cPTAC,Measure,CZ01,16.715000000000003,440397341.6570342
MLI,M1,cPTAC,Measure,CZ02,25.97041666666667,639433346.2951336
MLI,M1,cPTAC,Measure,CZ03,24.965,561482884.4236271
MLI,M1,cPTAC,Measure,CZ04,32.625416666666666,773308062.8914809
MLI,M1,cPTAC,Measure,CZ05,22.50375,525874471.6572572
MLI,M1,cPTAC,Measure,CZ06,25.29583333333333,592745332.8380859
MLI,M1,cPTAC,Measure,CZ07,25.2725,731804105.1571788
MLI,M1,cPTAC,Measure,CZ08,32.28541666666666,770074517.5112729
MLI,M1,cPTAC,Measure,CZ09,35.456250000000004,813361894.6199867
MLI,M1,cPTAC,Measure,CZ10,35.55666666666667,808642399.4639425
MLI,M1,cPTAC,Measure,CZ11,36.25708333333334,817421475.6389832
MLI,M1,cPTAC,Measure,CZ12,33.139583333333334,791009893.1449425
MLI,M1,cPTAC,Measure,CZ13,37.3975,847322032.7390441
MLI,M1,cPTAC,Measure,CZ14,33.69791666666667,779839840.3842117
MLI,M1,cPTAC,Measure,CZ15,42.32083333333334,1023803945.4001524
MLI,M1,cPTAC,Measure,CZ16,25.15416666666667,659540765.5189788
MLI,M1,cPVVG,Base,CZ01,16.715000000000003,312494580.92269534
MLI,M1,cPVVG,Base,CZ02,25.97041666666667,518296804.75536585
MLI,M1,cPVVG,Base,CZ03,24.965,438401221.4475279
MLI,M1,cPVVG,Base,CZ04,32.625416666666666,675104110.5049175
MLI,M1,cPVVG,Base,CZ05,22.50375,394616938.5802693
MLI,M1,cPVVG,Base,CZ06,25.29583333333333,483736478.18564606
MLI,M1,cPVVG,Base,CZ07,25.2725,607675430.9176583
MLI,M1,cPVVG,Base,CZ08,32.28541666666666,688319206.8395646
MLI,M1,cPVVG,Base,CZ09,35.456250000000004,742330482.3936771
MLI,M1,cPVVG,Base,CZ10,35.55666666666667,731166693.3925123
MLI,M1,cPVVG,Base,CZ11,36.25708333333334,770307269.5490294
MLI,M1,cPVVG,Base,CZ12,33.139583333333334,704636522.6013637
MLI,M1,cPVVG,Base,CZ13,37.3975,813768096.1796334
MLI,M1,cPVVG,Base,CZ14,33.69791666666667,703827021.7683793
MLI,M1,cPVVG,Base,CZ15,42.32083333333334,1005298307.840314
MLI,M1,cPVVG,Base,CZ16,25.15416666666667,532866731.9456455
MLI,M1,cPVVG,Measure,CZ01,16.715000000000003,308354458.94584227
MLI,M1,cPVVG,Measure,CZ02,25.97041666666667,524319586.70186806
MLI,M1,cPVVG,Measure,CZ03,24.965,441461113.3145636
MLI,M1,cPVVG,Measure,CZ04,32.625416666666666,674849820.5209966
MLI,M1,cPVVG,Measure,CZ05,22.50375,397416939.6868576
MLI,M1,cPVVG,Measure,CZ06,25.29583333333333,479481739.8478609
MLI,M1,cPVVG,Measure,CZ07,25.2725,605581431.2975842
MLI,M1,cPVVG,Measure,CZ08,32.28541666666666,686079114.829066
MLI,M1,cPVVG,Measure,CZ09,35.456250000000004,732145199.5952165
MLI,M1,cPVVG,Measure,CZ10,35.55666666666667,726472621.8858557
MLI,M1,cPVVG,Measure,CZ11,36.25708333333334,741772472.2929559
MLI,M1,cPVVG,Measure,CZ12,33.139583333333334,701417077.6683167
MLI,M1,cPVVG,Measure,CZ13,37.3975,779054661.6153839
MLI,M1,cPVVG,Measure,CZ14,33.69791666666667,681507101.9187391
MLI,M1,cPVVG,Measure,CZ15,42.32083333333334,977243517.2057468
MLI,M1,cPVVG,Measure,CZ16,25.15416666666667,518600164.1442884
MLI,M2,cDXGF,Base,CZ01,16.715000000000003,558495127.792542
MLI,M2,cDXGF,Base,CZ02,25.97041666666667,665689527.630969
MLI,M2,cDXGF,Base,CZ03,24.965,611843971.9227276
MLI,M2,cDXGF,Base,CZ04,32.625416666666666,737877471.3496163
MLI,M2,cDXGF,Base,CZ05,22.50375,598777204.0338705
MLI,M2,cDXGF,Base,CZ06,25.29583333333333,626608784.7593023
MLI,M2,cDXGF,Base,CZ07,25.2725,727238078.3261738
MLI,M2,cDXGF,Base,CZ08,32.28541666666666,732922600.176622
MLI,M2,cDXGF,Base,CZ09,35.456250000000004,757697802.0315146
MLI,M2,cDXGF,Base,CZ10,35.55666666666667,748602009.098542
MLI,M2,cDXGF,Base,CZ11,36.25708333333334,778031738.8227292
MLI,M2,cDXGF,Base,CZ12,33.139583333333334,751594421.8049743
MLI,M2,cDXGF,Base,CZ13,37.3975,805233206.6757205
MLI,M2,cDXGF,Base,CZ14,33.69791666666667,765652551.3276327
MLI,M2,cDXGF,Base,CZ15,42.32083333333334,901518212.7400604
MLI,M2,cDXGF,Base,CZ16,25.15416666666667,723061784.4453663
MLI,M2,cDXGF,Measure,CZ01,16.715000000000003,528240714.858639
MLI,M2,cDXGF,Measure,CZ02,25.97041666666667,635329373.4813368
MLI,M2,cDXGF,Measure,CZ03,24.965,582733014.7857697
MLI,M2,cDXGF,Measure,CZ04,32.625416666666666,704665904.1516383
MLI,M2,cDXGF,Measure,CZ05,22.50375,568280070.2259649
MLI,M2,cDXGF,Measure,CZ06,25.29583333333333,596783815.056495
MLI,M2,cDXGF,Measure,CZ07,25.2725,715940476.6030923
MLI,M2,cDXGF,Measure,CZ08,32.28541666666666,700491193.4402568
MLI,M2,cDXGF,Measure,CZ09,35.456250000000004,723253737.704813
MLI,M2,cDXGF,Measure,CZ10,35.55666666666667,714815475.3006537
MLI,M2,cDXGF,Measure,CZ11,36.25708333333334,727292791.3442307
MLI,M2,cDXGF,Measure,CZ12,33.139583333333334,718792762.2182467
MLI,M2,cDXGF,Measure,CZ13,37.3975,752199069.1278334
MLI,M2,cDXGF,Measure,CZ14,33.69791666666667,712468798.2302916
MLI,M2,cDXGF,Measure,CZ15,42.32083333333334,865422989.384783
MLI,M2,cDXGF,Measure,CZ16,25.15416666666667,666704491.9476583
MLI,M2,cDXHP,Base,CZ01,16.715000000000003,558685131.0662601
MLI,M2,cDXHP,Base,CZ02,25.97041666666667,667272936.4355284
MLI,M2,cDXHP,Base,CZ03,24.965,612874572.1544318
MLI,M2,cDXHP,Base,CZ04,32.625416666666666,739987776.6450434
MLI,M2,cDXHP,Base,CZ05,22.50375,599292243.397726
MLI,M2,cDXHP,Base,CZ06,25.29583333333333,627454886.5318635
MLI,M2,cDXHP,Base,CZ07,25.2725,728047241.4845105
MLI,M2,cDXHP,Base,CZ08,32.28541666666666,734911174.4816682
MLI,M2,cDXHP,Base,CZ09,35.456250000000004,759828634.6556411
MLI,M2,cDXHP,Base,CZ10,35.55666666666667,750724962.9269824
MLI,M2,cDXHP,Base,CZ11,36.25708333333334,781010950.2653917
MLI,M2,cDXHP,Base,CZ12,33.139583333333334,753973760.4622338
MLI,M2,cDXHP,Base,CZ13,37.3975,808604917.4043345
MLI,M2,cDXHP,Base,CZ14,33.69791666666667,767215002.2357006
MLI,M2,cDXHP,Base,CZ15,42.32083333333334,904290495.4350792
MLI,M2,cDXHP,Base,CZ16,25.15416666666667,724071742.3786291
MLI,M2,cDXHP,Measure,CZ01,16.715000000000003,528210502.4790697
MLI,M2,cDXHP,Measure,CZ02,25.97041666666667,636640323.5836122
MLI,M2,cDXHP,Measure,CZ03,24.965,583480193.6971574
MLI,M2,cDXHP,Measure,CZ04,32.625416666666666,706374737.5994741
MLI,M2,cDXHP,Measure,CZ05,22.50375,568492851.9085927
MLI,M2,cDXHP,Measure,CZ06,25.29583333333333,597437191.4506344
MLI,M2,cDXHP,Measure,CZ07,25.2725,716557584.1358016
MLI,M2,cDXHP,Measure,CZ08,32.28541666666666,701973484.7839266
MLI,M2,cDXHP,Measure,CZ09,35.456250000000004,725013278.1634035
MLI,M2,cDXHP,Measure,CZ10,35.55666666666667,716353522.7993015
MLI,M2,cDXHP,Measure,CZ11,36.25708333333334,729738323.8964772
MLI,M2,cDXHP,Measure,CZ12,33.139583333333334,720822592.9645997
MLI,M2,cDXHP,Measure,CZ13,37.3975,755010697.9809637
MLI,M2,cDXHP,Measure,CZ14,33.69791666666667,713700423.7123162
MLI,M2,cDXHP,Measure,CZ15,42.32083333333334,867912891.1996654
MLI,M2,cDXHP,Measure,CZ16,25.15416666666667,667563357.8957131
MLI,M2,cPTAC,Base,CZ01,16.715000000000003,558495127.7925351
MLI,M2,cPTAC,Base,CZ02,25.97041666666667,665689527.6309757
MLI,M2,cPTAC,Base,CZ03,24.965,611843971.922729
MLI,M2,cPTAC,Base,CZ04,32.625416666666666,737877471.349612
MLI,M2,cPTAC,Base,CZ05,22.50375,598777204.0337918
MLI,M2,cPTAC,Base,CZ06,25.29583333333333,626608784.7593154
MLI,M2,cPTAC,Base,CZ07,25.2725,727238078.3261808
MLI,M2,cPTAC,Base,CZ08,32.28541666666666,732922600.1766212
MLI,M2,cPTAC,Base,CZ09,35.456250000000004,757697802.0315075
MLI,M2,cPTAC,Base,CZ10,35.55666666666667,748602009.09853
MLI,M2,cPTAC,Base,CZ11,36.25708333333334,778031738.8227274
MLI,M2,cPTAC,Base,CZ12,33.139583333333334,751594421.8049834
MLI,M2,cPTAC,Base,CZ13,37.3975,805233206.6757121
MLI,M2,cPTAC,Base,CZ14,33.69791666666667,765652551.3276378
MLI,M2,cPTAC,Base,CZ15,42.32083333333334,901518212.740036
MLI,M2,cPTAC,Base,CZ16,25.15416666666667,723061784.4453548
MLI,M2,cPTAC,Measure,CZ01,16.715000000000003,528215101.26734143
MLI,M2,cPTAC,Measure,CZ02,25.97041666666667,635329373.4812315
MLI,M2,cPTAC,Measure,CZ03,24.965,582733014.7857684
MLI,M2,cPTAC,Measure,CZ04,32.625416666666666,704665904.151632
MLI,M2,cPTAC,Measure,CZ05,22.50375,568280042.5498233
MLI,M2,cPTAC,Measure,CZ06,25.29583333333333,596783815.0564815
MLI,M2,cPTAC,Measure,CZ07,25.2725,715940476.603119
MLI,M2,cPTAC,Measure,CZ08,32.28541666666666,700491193.4402462
MLI,M2,cPTAC,Measure,CZ09,35.456250000000004,723253737.7048271
MLI,M2,cPTAC,Measure,CZ10,35.55666666666667,714815475.3006692
MLI,M2,cPTAC,Measure,CZ11,36.25708333333334,727292791.3442571
MLI,M2,cPTAC,Measure,CZ12,33.139583333333334,718792762.2182539
MLI,M2,cPTAC,Measure,CZ13,37.3975,752199069.1278322
MLI,M2,cPTAC,Measure,CZ14,33.69791666666667,712468798.2302852
MLI,M2,cPTAC,Measure,CZ15,42.32083333333334,865422989.384769
MLI,M2,cPTAC,Measure,CZ16,25.15416666666667,666704492.958297
MLI,M2,cPVVG,Base,CZ01,16.715000000000003,394878605.0078976
MLI,M2,cPVVG,Base,CZ02,25.97041666666667,525153917.58481866
MLI,M2,cPVVG,Base,CZ03,24.965,467660052.5799527
MLI,M2,cPVVG,Base,CZ04,32.625416666666666,597198951.595216
MLI,M2,cPVVG,Base,CZ05,22.50375,443403898.664569
MLI,M2,cPVVG,Base,CZ06,25.29583333333333,489462753.34109485
MLI,M2,cPVVG,Base,CZ07,25.2725,591662791.2884787
MLI,M2,cPVVG,Base,CZ08,32.28541666666666,605844259.4676322
MLI,M2,cPVVG,Base,CZ09,35.456250000000004,626474679.6198606
MLI,M2,cPVVG,Base,CZ10,35.55666666666667,615102600.4832717
MLI,M2,cPVVG,Base,CZ11,36.25708333333334,643266628.7148536
MLI,M2,cPVVG,Base,CZ12,33.139583333333334,619178874.842951
MLI,M2,cPVVG,Base,CZ13,37.3975,673317440.6618025
MLI,M2,cPVVG,Base,CZ14,33.69791666666667,606740364.1354766
MLI,M2,cPVVG,Base,CZ15,42.32083333333334,779874609.3531753
MLI,M2,cPVVG,Base,CZ16,25.15416666666667,538527717.8586112
MLI,M2,cPVVG,Measure,CZ01,16.715000000000003,383852027.1763168
MLI,M2,cPVVG,Measure,CZ02,25.97041666666667,514717171.76639295
MLI,M2,cPVVG,Measure,CZ03,24.965,457655271.4322229
MLI,M2,cPVVG,Measure,CZ04,32.625416666666666,585870875.431665
MLI,M2,cPVVG,Measure,CZ05,22.50375,432348125.2937859
MLI,M2,cPVVG,Measure,CZ06,25.29583333333333,478414971.1907224
MLI,M2,cPVVG,Measure,CZ07,25.2725,586583594.2063749
MLI,M2,cPVVG,Measure,CZ08,32.28541666666666,593850725.460264
MLI,M2,cPVVG,Measure,CZ09,35.456250000000004,614040847.3307178
MLI,M2,cPVVG,Measure,CZ10,35.55666666666667,602819433.2213409
MLI,M2,cPVVG,Measure,CZ11,36.25708333333334,625304464.2183123
MLI,M2,cPVVG,Measure,CZ12,33.139583333333334,607785346.295677
MLI,M2,cPVVG,Measure,CZ13,37.3975,653950972.6789378
MLI,M2,cPVVG,Measure,CZ14,33.69791666666667,588116169.7231033
MLI,M2,cPVVG,Measure,CZ15,42.32083333333334,764940781.3775663
MLI,M2,cPVVG,Measure,CZ16,25.15416666666667,519994123.937568
MLI,M3,cDXGF,Base,CZ01,16.715000000000003,342606137.7433507
MLI,M3,cDXGF,Base,CZ02,25.97041666666667,500441108.9633503
MLI,M3,cDXGF,Base,CZ03,24.965,433843463.9842274
MLI,M3,cDXGF,Base,CZ04,32.625416666666666,578806531.7393676
MLI,M3,cDXGF,Base,CZ05,22.50375,398715886.6785421
MLI,M3,cDXGF,Base,CZ06,25.29583333333333,443406278.7209104
MLI,M3,cDXGF,Base,CZ07,25.2725,554079673.0897887
MLI,M3,cDXGF,Base,CZ08,32.28541666666666,582526787.7496128
MLI,M3,cDXGF,Base,CZ09,35.456250000000004,602261604.8034444
MLI,M3,cDXGF,Base,CZ10,35.55666666666667,590875276.8325925
MLI,M3,cDXGF,Base,CZ11,36.25708333333334,623527868.944268
MLI,M3,cDXGF,Base,CZ12,33.139583333333334,601666205.4674743
MLI,M3,cDXGF,Base,CZ13,37.3975,650099965.7835071
MLI,M3,cDXGF,Base,CZ14,33.69791666666667,575309030.9790596
MLI,M3,cDXGF,Base,CZ15,42.32083333333334,746708915.811689
MLI,M3,cDXGF,Base,CZ16,25.15416666666667,498000671.1660733
MLI,M3,cDXGF,Measure,CZ01,16.715000000000003,326981055.1534131
MLI,M3,cDXGF,Measure,CZ02,25.97041666666667,461406051.5309062
MLI,M3,cDXGF,Measure,CZ03,24.965,404905297.9824358
MLI,M3,cDXGF,Measure,CZ04,32.625416666666666,527239055.1581776
MLI,M3,cDXGF,Measure,CZ05,22.50375,374904592.0264157
MLI,M3,cDXGF,Measure,CZ06,25.29583333333333,413269604.57840574
MLI,M3,cDXGF,Measure,CZ07,25.2725,516497266.94106257
MLI,M3,cDXGF,Measure,CZ08,32.28541666666666,530850362.2784853
MLI,M3,cDXGF,Measure,CZ09,35.456250000000004,547325088.222388
MLI,M3,cDXGF,Measure,CZ10,35.55666666666667,537511202.2400897
MLI,M3,cDXGF,Measure,CZ11,36.25708333333334,564698193.3416935
MLI,M3,cDXGF,Measure,CZ12,33.139583333333334,546576487.8945353
MLI,M3,cDXGF,Measure,CZ13,37.3975,586869258.5478065
MLI,M3,cDXGF,Measure,CZ14,33.69791666666667,524360033.9575602
MLI,M3,cDXGF,Measure,CZ15,42.32083333333334,667824225.5597489
MLI,M3,cDXGF,Measure,CZ16,25.15416666666667,460173276.1608967
MLI,M3,cDXHP,Base,CZ01,16.715000000000003,332607360.8908734
MLI,M3,cDXHP,Base,CZ02,25.97041666666667,482319636.1995618
MLI,M3,cDXHP,Base,CZ03,24.965,419367660.8947554
MLI,M3,cDXHP,Base,CZ04,32.625416666666666,559739776.0925188
MLI,M3,cDXHP,Base,CZ05,22.50375,386142755.6018963
MLI,M3,cDXHP,Base,CZ06,25.29583333333333,430627548.256164
MLI,M3,cDXHP,Base,CZ07,25.2725,541705860.5129795
MLI,M3,cDXHP,Base,CZ08,32.28541666666666,563918676.5833869
MLI,M3,cDXHP,Base,CZ09,35.456250000000004,583852841.4961435
MLI,M3,cDXHP,Base,CZ10,35.55666666666667,572424804.0651517
MLI,M3,cDXHP,Base,CZ11,36.25708333333334,601487169.4228456
MLI,M3,cDXHP,Base,CZ12,33.139583333333334,581502755.1218905
MLI,M3,cDXHP,Base,CZ13,37.3975,629307113.1454961
MLI,M3,cDXHP,Base,CZ14,33.69791666666667,557636454.7249331
MLI,M3,cDXHP,Base,CZ15,42.32083333333334,731487469.9530354
MLI,M3,cDXHP,Base,CZ16,25.15416666666667,487509848.2667489
MLI,M3,cDXHP,Measure,CZ01,16.715000000000003,317143584.5772428
MLI,M3,cDXHP,Measure,CZ02,25.97041666666667,443270071.1458406
MLI,M3,cDXHP,Measure,CZ03,24.965,390549849.983558
MLI,M3,cDXHP,Measure,CZ04,32.625416666666666,508059199.8935471
MLI,M3,cDXHP,Measure,CZ05,22.50375,362468524.0420904
MLI,M3,cDXHP,Measure,CZ06,25.29583333333333,400707808.092271
MLI,M3,cDXHP,Measure,CZ07,25.2725,504279258.7833173
MLI,M3,cDXHP,Measure,CZ08,32.28541666666666,512303083.821915
MLI,M3,cDXHP,Measure,CZ09,35.456250000000004,529036959.0772852
MLI,M3,cDXHP,Measure,CZ10,35.55666666666667,519162909.1943032
MLI,M3,cDXHP,Measure,CZ11,36.25708333333334,542556184.4236702
MLI,M3,cDXHP,Measure,CZ12,33.139583333333334,526252132.5099312
MLI,M3,cDXHP,Measure,CZ13,37.3975,565967825.4026576
MLI,M3,cDXHP,Measure,CZ14,33.69791666666667,506900818.145045
MLI,M3,cDXHP,Measure,CZ15,42.32083333333334,652557979.5269034
MLI,M3,cDXHP,Measure,CZ16,25.15416666666667,449936857.0332461
MLI,M3,cPTAC,Base,CZ01,16.715000000000003,342381594.8632296
MLI,M3,cPTAC,Base,CZ02,25.97041666666667,500441108.9633312
MLI,M3,cPTAC,Base,CZ03,24.965,433843463.9838808
MLI,M3,cPTAC,Base,CZ04,32.625416666666666,578806531.7393782
MLI,M3,cPTAC,Base,CZ05,22.50375,398661619.16048825
MLI,M3,cPTAC,Base,CZ06,25.29583333333333,443406278.7209559
MLI,M3,cPTAC,Base,CZ07,25.2725,554079673.0897751
MLI,M3,cPTAC,Base,CZ08,32.28541666666666,582526787.7495883
MLI,M3,cPTAC,Base,CZ09,35.456250000000004,602261604.8034769
MLI,M3,cPTAC,Base,CZ10,35.55666666666667,590875233.2435477
MLI,M3,cPTAC,Base,CZ11,36.25708333333334,623527868.9442695
MLI,M3,cPTAC,Base,CZ12,33.139583333333334,601666205.4674394
MLI,M3,cPTAC,Base,CZ13,37.3975,650099965.7835087
MLI,M3,cPTAC,Base,CZ14,33.69791666666667,575309030.9790484
MLI,M3,cPTAC,Base,CZ15,42.32083333333334,746708915.81171
MLI,M3,cPTAC,Base,CZ16,25.15416666666667,498000590.86546814
MLI,M3,cPTAC,Measure,CZ01,16.715000000000003,326787747.3079416
MLI,M3,cPTAC,Measure,CZ02,25.97041666666667,461406051.5309177
MLI,M3,cPTAC,Measure,CZ03,24.965,404905297.9821255
MLI,M3,cPTAC,Measure,CZ04,32.625416666666666,527239055.1581909
MLI,M3,cPTAC,Measure,CZ05,22.50375,374858085.7721394
MLI,M3,cPTAC,Measure,CZ06,25.29583333333333,413269604.5784448
MLI,M3,cPTAC,Measure,CZ07,25.2725,516497266.94105095
MLI,M3,cPTAC,Measure,CZ08,32.28541666666666,530850362.2784643
MLI,M3,cPTAC,Measure,CZ09,35.456250000000004,547325088.2223938
MLI,M3,cPTAC,Measure,CZ10,35.55666666666667,537511163.1497152
MLI,M3,cPTAC,Measure,CZ11,36.25708333333334,564698193.3416938
MLI,M3,cPTAC,Measure,CZ12,33.139583333333334,546576487.8944988
MLI,M3,cPTAC,Measure,CZ13,37.3975,586869258.5478046
MLI,M3,cPTAC,Measure,CZ14,33.69791666666667,524360033.9575685
MLI,M3,cPTAC,Measure,CZ15,42.32083333333334,667824225.5597341
MLI,M3,cPTAC,Measure,CZ16,25.15416666666667,460173206.50877297
MLI,M3,cPVVG,Base,CZ01,16.715000000000003,334624707.15129405
MLI,M3,cPVVG,Base,CZ02,25.97041666666667,483372109.1828642
MLI,M3,cPVVG,Base,CZ03,24.965,419555826.013176
MLI,M3,cPVVG,Base,CZ04,32.625416666666666,559041239.7698042
MLI,M3,cPVVG,Base,CZ05,22.50375,387152721.7337585
MLI,M3,cPVVG,Base,CZ06,25.29583333333333,431895318.4344969
MLI,M3,cPVVG,Base,CZ07,25.2725,540424718.3557123
MLI,M3,cPVVG,Base,CZ08,32.28541666666666,564237047.7997755
MLI,M3,cPVVG,Base,CZ09,35.456250000000004,582775291.7713922
MLI,M3,cPVVG,Base,CZ10,35.55666666666667,571342755.2802465
MLI,M3,cPVVG,Base,CZ11,36.25708333333334,602692445.7123724
MLI,M3,cPVVG,Base,CZ12,33.139583333333334,582098684.578289
MLI,M3,cPVVG,Base,CZ13,37.3975,630000277.7912207
MLI,M3,cPVVG,Base,CZ14,33.69791666666667,552596999.187152
MLI,M3,cPVVG,Base,CZ15,42.32083333333334,733366201.1779838
MLI,M3,cPVVG,Base,CZ16,25.15416666666667,476292547.47213537
MLI,M3,cPVVG,Measure,CZ01,16.715000000000003,319360720.87325644
MLI,M3,cPVVG,Measure,CZ02,25.97041666666667,445201533.827141
MLI,M3,cPVVG,Measure,CZ03,24.965,391313704.9778027
MLI,M3,cPVVG,Measure,CZ04,32.625416666666666,508558320.70385367
MLI,M3,cPVVG,Measure,CZ05,22.50375,363885259.5036602
MLI,M3,cPVVG,Measure,CZ06,25.29583333333333,402267309.56789
MLI,M3,cPVVG,Measure,CZ07,25.2725,503446638.6671488
MLI,M3,cPVVG,Measure,CZ08,32.28541666666666,513523476.8437989
MLI,M3,cPVVG,Measure,CZ09,35.456250000000004,528911787.318519
MLI,M3,cPVVG,Measure,CZ10,35.55666666666667,519059684.4362949
MLI,M3,cPVVG,Measure,CZ11,36.25708333333334,545027341.8011808
MLI,M3,cPVVG,Measure,CZ12,33.139583333333334,528081659.4749581
MLI,M3,cPVVG,Measure,CZ13,37.3975,567892717.2321649
MLI,M3,cPVVG,Measure,CZ14,33.69791666666667,502892415.79731673
MLI,M3,cPVVG,Measure,CZ15,42.32083333333334,655187980.0097661
MLI,M3,cPVVG,Measure,CZ16,25.15416666666667,439499866.5526403
MLI,M4,cDXGF,Base,CZ01,16.715000000000003,487820463.9579454
MLI,M4,cDXGF,Base,CZ02,25.97041666666667,675726951.9953562
MLI,M4,cDXGF,Base,CZ03,24.965,605922636.1154732
MLI,M4,cDXGF,Base,CZ04,32.625416666666666,797487133.6098185
MLI,M4,cDXGF,Base,CZ05,22.50375,570962206.3362128
MLI,M4,cDXGF,Base,CZ06,25.29583333333333,628396123.6020494
MLI,M4,cDXGF,Base,CZ07,25.2725,739658150.3293619
MLI,M4,cDXGF,Base,CZ08,32.28541666666666,794942719.2993939
MLI,M4,cDXGF,Base,CZ09,35.456250000000004,849626128.669131
MLI,M4,cDXGF,Base,CZ10,35.55666666666667,840088571.3889887
MLI,M4,cDXGF,Base,CZ11,36.25708333333334,877856867.185586
MLI,M4,cDXGF,Base,CZ12,33.139583333333334,816225550.3872994
MLI,M4,cDXGF,Base,CZ13,37.3975,912959571.274138
MLI,M4,cDXGF,Base,CZ14,33.69791666666667,837293647.2457871
MLI,M4,cDXGF,Base,CZ15,42.32083333333334,1070521530.854679
MLI,M4,cDXGF,Base,CZ16,25.15416666666667,720450460.9598367
MLI,M4,cDXGF,Measure,CZ01,16.715000000000003,471011126.9986405
MLI,M4,cDXGF,Measure,CZ02,25.97041666666667,656334478.5423086
MLI,M4,cDXGF,Measure,CZ03,24.965,586907143.7848663
MLI,M4,cDXGF,Measure,CZ04,32.625416666666666,773335794.609076
MLI,M4,cDXGF,Measure,CZ05,22.50375,553856852.8323913
MLI,M4,cDXGF,Measure,CZ06,25.29583333333333,604149124.5487355
MLI,M4,cDXGF,Measure,CZ07,25.2725,731804998.0366464
MLI,M4,cDXGF,Measure,CZ08,32.28541666666666,770076145.1568596
MLI,M4,cDXGF,Measure,CZ09,35.456250000000004,813304759.778738
MLI,M4,cDXGF,Measure,CZ10,35.55666666666667,808637268.1720569
MLI,M4,cDXGF,Measure,CZ11,36.25708333333334,817425588.9614279
MLI,M4,cDXGF,Measure,CZ12,33.139583333333334,791014314.5360594
MLI,M4,cDXGF,Measure,CZ13,37.3975,847370856.7277963
MLI,M4,cDXGF,Measure,CZ14,33.69791666666667,779847131.5163859
MLI,M4,cDXGF,Measure,CZ15,42.32083333333334,1023803944.9576106
MLI,M4,cDXGF,Measure,CZ16,25.15416666666667,670550710.5194046
MLI,M4,cDXHP,Base,CZ01,16.715000000000003,488369349.8589567
MLI,M4,cDXHP,Base,CZ02,25.97041666666667,676477921.0584488
MLI,M4,cDXHP,Base,CZ03,24.965,607344755.3221961
MLI,M4,cDXHP,Base,CZ04,32.625416666666666,805216005.4622204
MLI,M4,cDXHP,Base,CZ05,22.50375,572982240.6588494
MLI,M4,cDXHP,Base,CZ06,25.29583333333333,630471694.2380029
MLI,M4,cDXHP,Base,CZ07,25.2725,737069095.1423134
MLI,M4,cDXHP,Base,CZ08,32.28541666666666,802295675.1209751
MLI,M4,cDXHP,Base,CZ09,35.456250000000004,857897476.3329926
MLI,M4,cDXHP,Base,CZ10,35.55666666666667,848160049.7038386
MLI,M4,cDXHP,Base,CZ11,36.25708333333334,880503650.7017275
MLI,M4,cDXHP,Base,CZ12,33.139583333333334,823416696.4311239
MLI,M4,cDXHP,Base,CZ13,37.3975,922539217.3715452
MLI,M4,cDXHP,Base,CZ14,33.69791666666667,843615701.8356795
MLI,M4,cDXHP,Base,CZ15,42.32083333333334,1082059331.3299923
MLI,M4,cDXHP,Base,CZ16,25.15416666666667,721998769.0316973
MLI,M4,cDXHP,Measure,CZ01,16.715000000000003,471614586.8726117
MLI,M4,cDXHP,Measure,CZ02,25.97041666666667,657152262.9408484
MLI,M4,cDXHP,Measure,CZ03,24.965,588396449.4990846
MLI,M4,cDXHP,Measure,CZ04,32.625416666666666,781028091.5791637
MLI,M4,cDXHP,Measure,CZ05,22.50375,555974175.10883
MLI,M4,cDXHP,Measure,CZ06,25.29583333333333,606194852.893784
MLI,M4,cDXHP,Measure,CZ07,25.2725,729502686.3240604
MLI,M4,cDXHP,Measure,CZ08,32.28541666666666,777340475.3659813
MLI,M4,cDXHP,Measure,CZ09,35.456250000000004,821367843.1188235
MLI,M4,cDXHP,Measure,CZ10,35.55666666666667,816640476.8299279
MLI,M4,cDXHP,Measure,CZ11,36.25708333333334,819701704.3235486
MLI,M4,cDXHP,Measure,CZ12,33.139583333333334,798128609.6875865
MLI,M4,cDXHP,Measure,CZ13,37.3975,856436054.0982866
MLI,M4,cDXHP,Measure,CZ14,33.69791666666667,785860750.553776
MLI,M4,cDXHP,Measure,CZ15,42.32083333333334,1034626272.5769207
MLI,M4,cDXHP,Measure,CZ16,25.15416666666667,672014356.5744123
MLI,M4,cPTAC,Base,CZ01,16.715000000000003,484709456.9627798
MLI,M4,cPTAC,Base,CZ02,25.97041666666667,675726873.3135011
MLI,M4,cPTAC,Base,CZ03,24.965,605922635.6393509
MLI,M4,cPTAC,Base,CZ04,32.625416666666666,797487133.6098096
MLI,M4,cPTAC,Base,CZ05,22.50375,570333152.7684714
MLI,M4,cPTAC,Base,CZ06,25.29583333333333,628396123.6030195
MLI,M4,cPTAC,Base,CZ07,25.2725,739658150.3293285
MLI,M4,cPTAC,Base,CZ08,32.28541666666666,794942719.2993928
MLI,M4,cPTAC,Base,CZ09,35.456250000000004,849626128.6691296
MLI,M4,cPTAC,Base,CZ10,35.55666666666667,840088571.3889668
MLI,M4,cPTAC,Base,CZ11,36.25708333333334,877856867.1856114
MLI,M4,cPTAC,Base,CZ12,33.139583333333334,816225550.3873084
MLI,M4,cPTAC,Base,CZ13,37.3975,912959571.2741394
MLI,M4,cPTAC,Base,CZ14,33.69791666666667,837293647.2457957
MLI,M4,cPTAC,Base,CZ15,42.32083333333334,1070521530.8546844
MLI,M4,cPTAC,Base,CZ16,25.15416666666667,720450460.7803416
MLI,M4,cPTAC,Measure,CZ01,16.715000000000003,468979486.1224242
MLI,M4,cPTAC,Measure,CZ02,25.97041666666667,656334460.0357094
MLI,M4,cPTAC,Measure,CZ03,24.965,586907143.6234064
MLI,M4,cPTAC,Measure,CZ04,32.625416666666666,773335794.6090808
MLI,M4,cPTAC,Measure,CZ05,22.50375,553570309.9869914
MLI,M4,cPTAC,Measure,CZ06,25.29583333333333,604149124.5487831
MLI,M4,cPTAC,Measure,CZ07,25.2725,731804998.036651
MLI,M4,cPTAC,Measure,CZ08,32.28541666666666,770076145.1568626
MLI,M4,cPTAC,Measure,CZ09,35.456250000000004,813304759.7787145
MLI,M4,cPTAC,Measure,CZ10,35.55666666666667,808637268.1720581
MLI,M4,cPTAC,Measure,CZ11,36.25708333333334,817425588.9614255
MLI,M4,cPTAC,Measure,CZ12,33.139583333333334,791014314.5360532
MLI,M4,cPTAC,Measure,CZ13,37.3975,847370856.7277975
MLI,M4,cPTAC,Measure,CZ14,33.69791666666667,779847131.5163901
MLI,M4,cPTAC,Measure,CZ15,42.32083333333334,1023803944.9576097
MLI,M4,cPTAC,Measure,CZ16,25.15416666666667,670550710.221133
MLI,M4,cPVVG,Base,CZ01,16.715000000000003,324284276.87696725
MLI,M4,cPVVG,Base,CZ02,25.97041666666667,530533838.4347232
MLI,M4,cPVVG,Base,CZ03,24.965,453667351.8920592
MLI,M4,cPVVG,Base,CZ04,32.625416666666666,675111752.8589404
MLI,M4,cPVVG,Base,CZ05,22.50375,409280008.3177967
MLI,M4,cPVVG,Base,CZ06,25.29583333333333,492598474.1249519
MLI,M4,cPVVG,Base,CZ07,25.2725,607676268.9614012
MLI,M4,cPVVG,Base,CZ08,32.28541666666666,688310645.4336786
MLI,M4,cPVVG,Base,CZ09,35.456250000000004,742285357.6014009
MLI,M4,cPVVG,Base,CZ10,35.55666666666667,731156447.7861168
MLI,M4,cPVVG,Base,CZ11,36.25708333333334,770332708.6006312
MLI,M4,cPVVG,Base,CZ12,33.139583333333334,704629799.401734
MLI,M4,cPVVG,Base,CZ13,37.3975,813807022.7964485
MLI,M4,cPVVG,Base,CZ14,33.69791666666667,703841623.2580338
MLI,M4,cPVVG,Base,CZ15,42.32083333333334,1005298308.4513874
MLI,M4,cPVVG,Base,CZ16,25.15416666666667,541835670.4256468
MLI,M4,cPVVG,Measure,CZ01,16.715000000000003,323359023.993634
MLI,M4,cPVVG,Measure,CZ02,25.97041666666667,537224193.696207
MLI,M4,cPVVG,Measure,CZ03,24.965,458800381.2659746
MLI,M4,cPVVG,Measure,CZ04,32.625416666666666,674870835.6049323
MLI,M4,cPVVG,Measure,CZ05,22.50375,414532633.560425
MLI,M4,cPVVG,Measure,CZ06,25.29583333333333,488509255.8490024
MLI,M4,cPVVG,Measure,CZ07,25.2725,605582214.6944929
MLI,M4,cPVVG,Measure,CZ08,32.28541666666666,686075583.7989256
MLI,M4,cPVVG,Measure,CZ09,35.456250000000004,732071184.8052841
MLI,M4,cPVVG,Measure,CZ10,35.55666666666667,726460783.8472737
MLI,M4,cPVVG,Measure,CZ11,36.25708333333334,741802292.2275546
MLI,M4,cPVVG,Measure,CZ12,33.139583333333334,701409969.5561994
MLI,M4,cPVVG,Measure,CZ13,37.3975,779132783.851008
MLI,M4,cPVVG,Measure,CZ14,33.69791666666667,681516773.643893
MLI,M4,cPVVG,Measure,CZ15,42.32083333333334,977243516.622747
MLI,M4,cPVVG,Measure,CZ16,25.15416666666667,527524517.6243403
MLI,M5,cDXGF,Base,CZ01,16.715000000000003,333962290.3901252
MLI,M5,cDXGF,Base,CZ02,25.97041666666667,531682851.8764508
MLI,M5,cDXGF,Base,CZ03,24.965,441184465.6319856
MLI,M5,cDXGF,Base,CZ04,32.625416666666666,615245461.1247382
MLI,M5,cDXGF,Base,CZ05,22.50375,394727084.704096
MLI,M5,cDXGF,Base,CZ06,25.29583333333333,450223150.8496901
MLI,M5,cDXGF,Base,CZ07,25.2725,586878625.4644785
MLI,M5,cDXGF,Base,CZ08,32.28541666666666,629991310.9361824
MLI,M5,cDXGF,Base,CZ09,35.456250000000004,679770208.8455997
MLI,M5,cDXGF,Base,CZ10,35.55666666666667,665558468.6812975
MLI,M5,cDXGF,Base,CZ11,36.25708333333334,704881152.9818889
MLI,M5,cDXGF,Base,CZ12,33.139583333333334,657872843.29725
MLI,M5,cDXGF,Base,CZ13,37.3975,724904010.5012621
MLI,M5,cDXGF,Base,CZ14,33.69791666666667,617115241.7306942
MLI,M5,cDXGF,Base,CZ15,42.32083333333334,893410905.5692763
MLI,M5,cDXGF,Base,CZ16,25.15416666666667,499214452.3806297
MLI,M5,cDXGF,Measure,CZ01,16.715000000000003,323505200.1675378
MLI,M5,cDXGF,Measure,CZ02,25.97041666666667,499796719.5167562
MLI,M5,cDXGF,Measure,CZ03,24.965,419308860.54742765
MLI,M5,cDXGF,Measure,CZ04,32.625416666666666,573624485.3832656
MLI,M5,cDXGF,Measure,CZ05,22.50375,377828169.5387191
MLI,M5,cDXGF,Measure,CZ06,25.29583333333333,427554652.7511855
MLI,M5,cDXGF,Measure,CZ07,25.2725,555929635.3132873
MLI,M5,cDXGF,Measure,CZ08,32.28541666666666,587177792.5133653
MLI,M5,cDXGF,Measure,CZ09,35.456250000000004,631310602.0186247
MLI,M5,cDXGF,Measure,CZ10,35.55666666666667,618571685.7311155
MLI,M5,cDXGF,Measure,CZ11,36.25708333333334,652943739.2388735
MLI,M5,cDXGF,Measure,CZ12,33.139583333333334,611454979.2559508
MLI,M5,cDXGF,Measure,CZ13,37.3975,670441767.5112567
MLI,M5,cDXGF,Measure,CZ14,33.69791666666667,575632034.8337523
MLI,M5,cDXGF,Measure,CZ15,42.32083333333334,819328938.0019885
MLI,M5,cDXGF,Measure,CZ16,25.15416666666667,471542527.0644457
MLI,M5,cDXHP,Base,CZ01,16.715000000000003,328491427.5863985
MLI,M5,cDXHP,Base,CZ02,25.97041666666667,510045269.5393997
MLI,M5,cDXHP,Base,CZ03,24.965,427496849.530123
MLI,M5,cDXHP,Base,CZ04,32.625416666666666,590129816.4989316
MLI,M5,cDXHP,Base,CZ05,22.50375,384466654.32043207
MLI,M5,cDXHP,Base,CZ06,25.29583333333333,436930454.32007337
MLI,M5,cDXHP,Base,CZ07,25.2725,571763509.8283395
MLI,M5,cDXHP,Base,CZ08,32.28541666666666,596492976.7166748
MLI,M5,cDXHP,Base,CZ09,35.456250000000004,636699794.053581
MLI,M5,cDXHP,Base,CZ10,35.55666666666667,620515107.5182391
MLI,M5,cDXHP,Base,CZ11,36.25708333333334,663456251.7827245
MLI,M5,cDXHP,Base,CZ12,33.139583333333334,627596910.7606966
MLI,M5,cDXHP,Base,CZ13,37.3975,684216711.5402818
MLI,M5,cDXHP,Base,CZ14,33.69791666666667,584646630.827912
MLI,M5,cDXHP,Base,CZ15,42.32083333333334,850165308.6337199
MLI,M5,cDXHP,Base,CZ16,25.15416666666667,488147437.5398117
MLI,M5,cDXHP,Measure,CZ01,16.715000000000003,317711356.72270703
MLI,M5,cDXHP,Measure,CZ02,25.97041666666667,478311129.32012177
MLI,M5,cDXHP,Measure,CZ03,24.965,405557973.9978759
MLI,M5,cDXHP,Measure,CZ04,32.625416666666666,548852491.1070428
MLI,M5,cDXHP,Measure,CZ05,22.50375,367426197.4822643
MLI,M5,cDXHP,Measure,CZ06,25.29583333333333,414429431.0661619
MLI,M5,cDXHP,Measure,CZ07,25.2725,541074099.6356657
MLI,M5,cDXHP,Measure,CZ08,32.28541666666666,555120893.9345989
MLI,M5,cDXHP,Measure,CZ09,35.456250000000004,590700956.4410627
MLI,M5,cDXHP,Measure,CZ10,35.55666666666667,576186544.3009082
MLI,M5,cDXHP,Measure,CZ11,36.25708333333334,613144658.5786251
MLI,M5,cDXHP,Measure,CZ12,33.139583333333334,581846504.3209214
MLI,M5,cDXHP,Measure,CZ13,37.3975,631518281.4418026
MLI,M5,cDXHP,Measure,CZ14,33.69791666666667,544712474.2405542
MLI,M5,cDXHP,Measure,CZ15,42.32083333333334,778746432.9334462
MLI,M5,cDXHP,Measure,CZ16,25.15416666666667,460719139.23335135
MLI,M5,cPTAC,Base,CZ01,16.715000000000003,331886886.0000738
MLI,M5,cPTAC,Base,CZ02,25.97041666666667,531682851.8764713
MLI,M5,cPTAC,Base,CZ03,24.965,441184465.6307496
MLI,M5,cPTAC,Base,CZ04,32.625416666666666,615246274.57675
MLI,M5,cPTAC,Base,CZ05,22.50375,394325807.0210725
MLI,M5,cPTAC,Base,CZ06,25.29583333333333,450223150.8497504
MLI,M5,cPTAC,Base,CZ07,25.2725,586878625.464464
MLI,M5,cPTAC,Base,CZ08,32.28541666666666,629991310.9362093
MLI,M5,cPTAC,Base,CZ09,35.456250000000004,679770208.8456311
MLI,M5,cPTAC,Base,CZ10,35.55666666666667,665558468.6812892
MLI,M5,cPTAC,Base,CZ11,36.25708333333334,704881152.9818752
MLI,M5,cPTAC,Base,CZ12,33.139583333333334,657872843.2972226
MLI,M5,cPTAC,Base,CZ13,37.3975,724904010.5012442
MLI,M5,cPTAC,Base,CZ14,33.69791666666667,617115241.7307007
MLI,M5,cPTAC,Base,CZ15,42.32083333333334,893410905.5692635
MLI,M5,cPTAC,Base,CZ16,25.15416666666667,499214451.7936884
MLI,M5,cPTAC,Measure,CZ01,16.715000000000003,321641294.7965293
MLI,M5,cPTAC,Measure,CZ02,25.97041666666667,499796719.5167788
MLI,M5,cPTAC,Measure,CZ03,24.965,419308860.546319
MLI,M5,cPTAC,Measure,CZ04,32.625416666666666,573625211.6649402
MLI,M5,cPTAC,Measure,CZ05,22.50375,377468810.30096257
MLI,M5,cPTAC,Measure,CZ06,25.29583333333333,427554652.7512245
MLI,M5,cPTAC,Measure,CZ07,25.2725,555929635.3132849
MLI,M5,cPTAC,Measure,CZ08,32.28541666666666,587177792.5133501
MLI,M5,cPTAC,Measure,CZ09,35.456250000000004,631310602.0186504
MLI,M5,cPTAC,Measure,CZ10,35.55666666666667,618571685.7310982
MLI,M5,cPTAC,Measure,CZ11,36.25708333333334,652943739.2388752
MLI,M5,cPTAC,Measure,CZ12,33.139583333333334,611454979.2558987
MLI,M5,cPTAC,Measure,CZ13,37.3975,670441767.5112594
MLI,M5,cPTAC,Measure,CZ14,33.69791666666667,575632034.8337629
MLI,M5,cPTAC,Measure,CZ15,42.32083333333334,819328938.0019836
MLI,M5,cPTAC,Measure,CZ16,25.15416666666667,471542526.5377064
MLI,M5,cPVVG,Base,CZ01,16.715000000000003,326434816.32541263
MLI,M5,cPVVG,Base,CZ02,25.97041666666667,513493747.5014598
MLI,M5,cPVVG,Base,CZ03,24.965,426203715.7407077
MLI,M5,cPVVG,Base,CZ04,32.625416666666666,594500054.2682139
MLI,M5,cPVVG,Base,CZ05,22.50375,383036451.7228602
MLI,M5,cPVVG,Base,CZ06,25.29583333333333,438188557.30092335
MLI,M5,cPVVG,Base,CZ07,25.2725,571622210.9902452
MLI,M5,cPVVG,Base,CZ08,32.28541666666666,609335312.162175
MLI,M5,cPVVG,Base,CZ09,35.456250000000004,655577490.0396005
MLI,M5,cPVVG,Base,CZ10,35.55666666666667,641529854.6970644
MLI,M5,cPVVG,Base,CZ11,36.25708333333334,681125252.2232201
MLI,M5,cPVVG,Base,CZ12,33.139583333333334,636720325.7537601
MLI,M5,cPVVG,Base,CZ13,37.3975,702109730.4103084
MLI,M5,cPVVG,Base,CZ14,33.69791666666667,592237867.3403201
MLI,M5,cPVVG,Base,CZ15,42.32083333333334,882200142.9758986
MLI,M5,cPVVG,Base,CZ16,25.15416666666667,477173185.90301
MLI,M5,cPVVG,Measure,CZ01,16.715000000000003,316222208.7014576
MLI,M5,cPVVG,Measure,CZ02,25.97041666666667,482343739.7552773
MLI,M5,cPVVG,Measure,CZ03,24.965,404891308.81268215
MLI,M5,cPVVG,Measure,CZ04,32.625416666666666,553779438.8158953
MLI,M5,cPVVG,Measure,CZ05,22.50375,366549255.4502296
MLI,M5,cPVVG,Measure,CZ06,25.29583333333333,415928755.8972302
MLI,M5,cPVVG,Measure,CZ07,25.2725,541224840.3503019
MLI,M5,cPVVG,Measure,CZ08,32.28541666666666,567446289.1984663
MLI,M5,cPVVG,Measure,CZ09,35.456250000000004,608426931.8316543
MLI,M5,cPVVG,Measure,CZ10,35.55666666666667,595792298.0818263
MLI,M5,cPVVG,Measure,CZ11,36.25708333333334,630322633.16381
MLI,M5,cPVVG,Measure,CZ12,33.139583333333334,591246250.505853
MLI,M5,cPVVG,Measure,CZ13,37.3975,648740886.4848208
MLI,M5,cPVVG,Measure,CZ14,33.69791666666667,551814540.8275119
MLI,M5,cPVVG,Measure,CZ15,42.32083333333334,808623607.4820242
MLI,M5,cPVVG,Measure,CZ16,25.15416666666667,450279942.4585247
OfS,M1,cDXGF,Base,CZ01,16.715000000000003,57320000.72907621
OfS,M1,cDXGF,Base,CZ02,25.97041666666667,93860535.53724544
OfS,M1,cDXGF,Base,CZ03,24.965,85933863.59635186
OfS,M1,cDXGF,Base,CZ04,32.625416666666666,112828648.98770463
OfS,M1,cDXGF,Base,CZ05,22.50375,79652637.3009423
OfS,M1,cDXGF,Base,CZ06,25.29583333333333,88924186.97099161
OfS,M1,cDXGF,Base,CZ07,25.2725,104425544.28485964
OfS,M1,cDXGF,Base,CZ08,32.28541666666666,112913865.77239329
OfS,M1,cDXGF,Base,CZ09,35.456250000000004,122329129.91107143
OfS,M1,cDXGF,Base,CZ10,35.55666666666667,112751891.40623713
OfS,M1,cDXGF,Base,CZ11,36.25708333333334,125666097.45151655
OfS,M1,cDXGF,Base,CZ12,33.139583333333334,111772540.0206193
OfS,M1,cDXGF,Base,CZ13,37.3975,127056904.5646679
OfS,M1,cDXGF,Base,CZ14,33.69791666666667,117301372.28838208
OfS,M1,cDXGF,Base,CZ15,42.32083333333334,140435255.7567168
OfS,M1,cDXGF,Base,CZ16,25.15416666666667,100129382.52350424
OfS,M1,cDXGF,Measure,CZ01,16.715000000000003,54711075.37920863
OfS,M1,cDXGF,Measure,CZ02,25.97041666666667,91106353.88358712
OfS,M1,cDXGF,Measure,CZ03,24.965,82465239.11908248
OfS,M1,cDXGF,Measure,CZ04,32.625416666666666,109546618.92936803
OfS,M1,cDXGF,Measure,CZ05,22.50375,76338426.05404896
OfS,M1,cDXGF,Measure,CZ06,25.29583333333333,85504581.80469629
OfS,M1,cDXGF,Measure,CZ07,25.2725,104095842.8865285
OfS,M1,cDXGF,Measure,CZ08,32.28541666666666,109911542.32068723
OfS,M1,cDXGF,Measure,CZ09,35.456250000000004,119940849.5484419
OfS,M1,cDXGF,Measure,CZ10,35.55666666666667,109829347.99795634
OfS,M1,cDXGF,Measure,CZ11,36.25708333333334,121686532.03087556
OfS,M1,cDXGF,Measure,CZ12,33.139583333333334,108608657.55706368
OfS,M1,cDXGF,Measure,CZ13,37.3975,122935475.90840232
OfS,M1,cDXGF,Measure,CZ14,33.69791666666667,113668630.02906558
OfS,M1,cDXGF,Measure,CZ15,42.32083333333334,138127897.47958264
OfS,M1,cDXGF,Measure,CZ16,25.15416666666667,96651265.7954156
OfS,M1,cDXHP,Base,CZ01,16.715000000000003,57296400.5632599
OfS,M1,cDXHP,Base,CZ02,25.97041666666667,93654848.14957269
OfS,M1,cDXHP,Base,CZ03,24.965,85930645.22135805
OfS,M1,cDXHP,Base,CZ04,32.625416666666666,112850581.51386628
OfS,M1,cDXHP,Base,CZ05,22.50375,79767074.21540794
OfS,M1,cDXHP,Base,CZ06,25.29583333333333,88614828.43841666
OfS,M1,cDXHP,Base,CZ07,25.2725,103558855.89158744
OfS,M1,cDXHP,Base,CZ08,32.28541666666666,112977913.18668208
OfS,M1,cDXHP,Base,CZ09,35.456250000000004,122357518.5549724
OfS,M1,cDXHP,Base,CZ10,35.55666666666667,112700430.71729323
OfS,M1,cDXHP,Base,CZ11,36.25708333333334,125656408.75129151
OfS,M1,cDXHP,Base,CZ12,33.139583333333334,111818446.208302
OfS,M1,cDXHP,Base,CZ13,37.3975,127144877.30368204
OfS,M1,cDXHP,Base,CZ14,33.69791666666667,117120937.7682697
OfS,M1,cDXHP,Base,CZ15,42.32083333333334,140440616.07692844
OfS,M1,cDXHP,Base,CZ16,25.15416666666667,99803741.26454712
OfS,M1,cDXHP,Measure,CZ01,16.715000000000003,54689623.0994549
OfS,M1,cDXHP,Measure,CZ02,25.97041666666667,90903170.4907934
OfS,M1,cDXHP,Measure,CZ03,24.965,82458794.91386402
OfS,M1,cDXHP,Measure,CZ04,32.625416666666666,109568318.64335108
OfS,M1,cDXHP,Measure,CZ05,22.50375,76451089.3918217
OfS,M1,cDXHP,Measure,CZ06,25.29583333333333,85060984.60657747
OfS,M1,cDXHP,Measure,CZ07,25.2725,103226835.72679555
OfS,M1,cDXHP,Measure,CZ08,32.28541666666666,109973671.07489014
OfS,M1,cDXHP,Measure,CZ09,35.456250000000004,119965008.66021767
OfS,M1,cDXHP,Measure,CZ10,35.55666666666667,109777967.20066166
OfS,M1,cDXHP,Measure,CZ11,36.25708333333334,121664593.59563734
OfS,M1,cDXHP,Measure,CZ12,33.139583333333334,108653819.59035254
OfS,M1,cDXHP,Measure,CZ13,37.3975,123013208.40960936
OfS,M1,cDXHP,Measure,CZ14,33.69791666666667,113474577.10666049
OfS,M1,cDXHP,Measure,CZ15,42.32083333333334,138133249.8403245
OfS,M1,cDXHP,Measure,CZ16,25.15416666666667,96325560.1421568
OfS,M1,cPTAC,Base,CZ01,16.715000000000003,57122671.8788504
OfS,M1,cPTAC,Base,CZ02,25.97041666666667,93871943.67694752
OfS,M1,cPTAC,Base,CZ03,24.965,85949426.77730401
OfS,M1,cPTAC,Base,CZ04,32.625416666666666,112827276.00809032
OfS,M1,cPTAC,Base,CZ05,22.50375,79565354.97064662
OfS,M1,cPTAC,Base,CZ06,25.29583333333333,88923958.61957043
OfS,M1,cPTAC,Base,CZ07,25.2725,104425544.87183136
OfS,M1,cPTAC,Base,CZ08,32.28541666666666,112913398.00548048
OfS,M1,cPTAC,Base,CZ09,35.456250000000004,122328888.77573356
OfS,M1,cPTAC,Base,CZ10,35.55666666666667,112751409.2418195
OfS,M1,cPTAC,Base,CZ11,36.25708333333334,125666098.55227567
OfS,M1,cPTAC,Base,CZ12,33.139583333333334,111771740.77125506
OfS,M1,cPTAC,Base,CZ13,37.3975,127056916.53346792
OfS,M1,cPTAC,Base,CZ14,33.69791666666667,117301092.38342103
OfS,M1,cPTAC,Base,CZ15,42.32083333333334,140435255.75671694
OfS,M1,cPTAC,Base,CZ16,25.15416666666667,100123110.57357638
OfS,M1,cPTAC,Measure,CZ01,16.715000000000003,54512529.89870489
OfS,M1,cPTAC,Measure,CZ02,25.97041666666667,91118480.65301068
OfS,M1,cPTAC,Measure,CZ03,24.965,82478892.7866891
OfS,M1,cPTAC,Measure,CZ04,32.625416666666666,109545162.1805174
OfS,M1,cPTAC,Measure,CZ05,22.50375,76244294.56988457
OfS,M1,cPTAC,Measure,CZ06,25.29583333333333,85504377.04505326
OfS,M1,cPTAC,Measure,CZ07,25.2725,104095840.32303835
OfS,M1,cPTAC,Measure,CZ08,32.28541666666666,109910999.38721648
OfS,M1,cPTAC,Measure,CZ09,35.456250000000004,119940584.40187164
OfS,M1,cPTAC,Measure,CZ10,35.55666666666667,109828839.11136764
OfS,M1,cPTAC,Measure,CZ11,36.25708333333334,121686529.10169886
OfS,M1,cPTAC,Measure,CZ12,33.139583333333334,108607771.58640948
OfS,M1,cPTAC,Measure,CZ13,37.3975,122935490.2620804
OfS,M1,cPTAC,Measure,CZ14,33.69791666666667,113668133.2688248
OfS,M1,cPTAC,Measure,CZ15,42.32083333333334,138127897.4795819
OfS,M1,cPTAC,Measure,CZ16,25.15416666666667,96644489.39317796
OfS,M1,cPVVG,Base,CZ01,16.715000000000003,42106471.42064192
OfS,M1,cPVVG,Base,CZ02,25.97041666666667,78003434.53923005
OfS,M1,cPVVG,Base,CZ03,24.965,70108021.40841809
OfS,M1,cPVVG,Base,CZ04,32.625416666666666,99031252.96802762
OfS,M1,cPVVG,Base,CZ05,22.50375,62977755.93416104
OfS,M1,cPVVG,Base,CZ06,25.29583333333333,73451416.92028815
OfS,M1,cPVVG,Base,CZ07,25.2725,90590440.64036389
OfS,M1,cPVVG,Base,CZ08,32.28541666666666,99476625.18476984
OfS,M1,cPVVG,Base,CZ09,35.456250000000004,109122739.91116866
OfS,M1,cPVVG,Base,CZ10,35.55666666666667,99829753.15824886
OfS,M1,cPVVG,Base,CZ11,36.25708333333334,112360995.9491368
OfS,M1,cPVVG,Base,CZ12,33.139583333333334,98846956.78358132
OfS,M1,cPVVG,Base,CZ13,37.3975,115371058.53129448
OfS,M1,cPVVG,Base,CZ14,33.69791666666667,104286179.56052329
OfS,M1,cPVVG,Base,CZ15,42.32083333333334,129477238.28964388
OfS,M1,cPVVG,Base,CZ16,25.15416666666667,81280297.28746843
OfS,M1,cPVVG,Measure,CZ01,16.715000000000003,41474643.66632199
OfS,M1,cPVVG,Measure,CZ02,25.97041666666667,77590934.46125647
OfS,M1,cPVVG,Measure,CZ03,24.965,69351491.04841846
OfS,M1,cPVVG,Measure,CZ04,32.625416666666666,98301564.64890468
OfS,M1,cPVVG,Measure,CZ05,22.50375,62240780.69533357
OfS,M1,cPVVG,Measure,CZ06,25.29583333333333,72516796.52034342
OfS,M1,cPVVG,Measure,CZ07,25.2725,90666447.8523144
OfS,M1,cPVVG,Measure,CZ08,32.28541666666666,98684854.08265424
OfS,M1,cPVVG,Measure,CZ09,35.456250000000004,108112031.0367132
OfS,M1,cPVVG,Measure,CZ10,35.55666666666667,98755510.94859593
OfS,M1,cPVVG,Measure,CZ11,36.25708333333334,110072053.90925965
OfS,M1,cPVVG,Measure,CZ12,33.139583333333334,98090201.99852644
OfS,M1,cPVVG,Measure,CZ13,37.3975,112708766.8708726
OfS,M1,cPVVG,Measure,CZ14,33.69791666666667,102211996.73510164
OfS,M1,cPVVG,Measure,CZ15,42.32083333333334,128200230.47839576
OfS,M1,cPVVG,Measure,CZ16,25.15416666666667,79701503.56691365
OfS,M2,cDXGF,Base,CZ01,16.715000000000003,73592723.99072619
OfS,M2,cDXGF,Base,CZ02,25.97041666666667,96262805.53039964
OfS,M2,cDXGF,Base,CZ03,24.965,91348673.16256902
OfS,M2,cDXGF,Base,CZ04,32.625416666666666,108612176.65038083
OfS,M2,cDXGF,Base,CZ05,22.50375,89696503.1668267
OfS,M2,cDXGF,Base,CZ06,25.29583333333333,90399881.75090843
OfS,M2,cDXGF,Base,CZ07,25.2725,102266925.80313373
OfS,M2,cDXGF,Base,CZ08,32.28541666666666,108396389.22949588
OfS,M2,cDXGF,Base,CZ09,35.456250000000004,115313891.44305757
OfS,M2,cDXGF,Base,CZ10,35.55666666666667,105604963.18355884
OfS,M2,cDXGF,Base,CZ11,36.25708333333334,118595814.3550546
OfS,M2,cDXGF,Base,CZ12,33.139583333333334,107256743.51324514
OfS,M2,cDXGF,Base,CZ13,37.3975,119387269.54757991
OfS,M2,cDXGF,Base,CZ14,33.69791666666667,112160343.60813044
OfS,M2,cDXGF,Base,CZ15,42.32083333333334,127613232.16650917
OfS,M2,cDXGF,Base,CZ16,25.15416666666667,102413143.67081276
OfS,M2,cDXGF,Measure,CZ01,16.715000000000003,70012155.32951331
OfS,M2,cDXGF,Measure,CZ02,25.97041666666667,92781172.33034983
OfS,M2,cDXGF,Measure,CZ03,24.965,87159098.12654938
OfS,M2,cDXGF,Measure,CZ04,32.625416666666666,104798998.90857328
OfS,M2,cDXGF,Measure,CZ05,22.50375,85056497.85450837
OfS,M2,cDXGF,Measure,CZ06,25.29583333333333,86449553.71885891
OfS,M2,cDXGF,Measure,CZ07,25.2725,101844837.89960988
OfS,M2,cDXGF,Measure,CZ08,32.28541666666666,104874571.27354646
OfS,M2,cDXGF,Measure,CZ09,35.456250000000004,112762917.7408798
OfS,M2,cDXGF,Measure,CZ10,35.55666666666667,102514302.83704317
OfS,M2,cDXGF,Measure,CZ11,36.25708333333334,115162474.20923616
OfS,M2,cDXGF,Measure,CZ12,33.139583333333334,103643818.35440022
OfS,M2,cDXGF,Measure,CZ13,37.3975,115737050.64557356
OfS,M2,cDXGF,Measure,CZ14,33.69791666666667,108804687.37227544
OfS,M2,cDXGF,Measure,CZ15,42.32083333333334,125706035.396828
OfS,M2,cDXGF,Measure,CZ16,25.15416666666667,98773399.5050086
OfS,M2,cDXHP,Base,CZ01,16.715000000000003,73332333.0548855
OfS,M2,cDXHP,Base,CZ02,25.97041666666667,96017913.5166844
OfS,M2,cDXHP,Base,CZ03,24.965,91152315.12144832
OfS,M2,cDXHP,Base,CZ04,32.625416666666666,108427417.2067042
OfS,M2,cDXHP,Base,CZ05,22.50375,89482055.05979872
OfS,M2,cDXHP,Base,CZ06,25.29583333333333,90055799.91504094
OfS,M2,cDXHP,Base,CZ07,25.2725,101813396.06254986
OfS,M2,cDXHP,Base,CZ08,32.28541666666666,108291229.30537708
OfS,M2,cDXHP,Base,CZ09,35.456250000000004,115179680.1487669
OfS,M2,cDXHP,Base,CZ10,35.55666666666667,105488532.82080504
OfS,M2,cDXHP,Base,CZ11,36.25708333333334,118499145.86448002
OfS,M2,cDXHP,Base,CZ12,33.139583333333334,107132146.01790155
OfS,M2,cDXHP,Base,CZ13,37.3975,119312228.12452117
OfS,M2,cDXHP,Base,CZ14,33.69791666666667,111941251.09648348
OfS,M2,cDXHP,Base,CZ15,42.32083333333334,127614327.87226236
OfS,M2,cDXHP,Base,CZ16,25.15416666666667,101850089.21406178
OfS,M2,cDXHP,Measure,CZ01,16.715000000000003,69772250.72378239
OfS,M2,cDXHP,Measure,CZ02,25.97041666666667,92534208.33239327
OfS,M2,cDXHP,Measure,CZ03,24.965,86960214.70388734
OfS,M2,cDXHP,Measure,CZ04,32.625416666666666,104610270.7966753
OfS,M2,cDXHP,Measure,CZ05,22.50375,84842467.61124402
OfS,M2,cDXHP,Measure,CZ06,25.29583333333333,86041630.95092887
OfS,M2,cDXHP,Measure,CZ07,25.2725,101396870.6357066
OfS,M2,cDXHP,Measure,CZ08,32.28541666666666,104766602.218015
OfS,M2,cDXHP,Measure,CZ09,35.456250000000004,112628836.95230936
OfS,M2,cDXHP,Measure,CZ10,35.55666666666667,102398439.55466658
OfS,M2,cDXHP,Measure,CZ11,36.25708333333334,115070965.9458753
OfS,M2,cDXHP,Measure,CZ12,33.139583333333334,103513734.55144796
OfS,M2,cDXHP,Measure,CZ13,37.3975,115669609.53803578
OfS,M2,cDXHP,Measure,CZ14,33.69791666666667,108575053.47674616
OfS,M2,cDXHP,Measure,CZ15,42.32083333333334,125707124.1694725
OfS,M2,cDXHP,Measure,CZ16,25.15416666666667,98213365.4042854
OfS,M2,cPTAC,Base,CZ01,16.715000000000003,73592723.99072605
OfS,M2,cPTAC,Base,CZ02,25.97041666666667,96262805.5304023
OfS,M2,cPTAC,Base,CZ03,24.965,91348673.16256954
OfS,M2,cPTAC,Base,CZ04,32.625416666666666,108612176.65041146
OfS,M2,cPTAC,Base,CZ05,22.50375,89696503.16682619
OfS,M2,cPTAC,Base,CZ06,25.29583333333333,90399881.75090876
OfS,M2,cPTAC,Base,CZ07,25.2725,102266925.80313404
OfS,M2,cPTAC,Base,CZ08,32.28541666666666,108396389.22949684
OfS,M2,cPTAC,Base,CZ09,35.456250000000004,115313891.44305718
OfS,M2,cPTAC,Base,CZ10,35.55666666666667,105604963.18356186
OfS,M2,cPTAC,Base,CZ11,36.25708333333334,118595814.3550552
OfS,M2,cPTAC,Base,CZ12,33.139583333333334,107256743.51324506
OfS,M2,cPTAC,Base,CZ13,37.3975,119387269.54758029
OfS,M2,cPTAC,Base,CZ14,33.69791666666667,112160343.608129
OfS,M2,cPTAC,Base,CZ15,42.32083333333334,127613232.1665108
OfS,M2,cPTAC,Base,CZ16,25.15416666666667,102413143.67080992
OfS,M2,cPTAC,Measure,CZ01,16.715000000000003,70011724.39458045
OfS,M2,cPTAC,Measure,CZ02,25.97041666666667,92781172.33087724
OfS,M2,cPTAC,Measure,CZ03,24.965,87159098.12654966
OfS,M2,cPTAC,Measure,CZ04,32.625416666666666,104798998.908574
OfS,M2,cPTAC,Measure,CZ05,22.50375,85056497.85451043
OfS,M2,cPTAC,Measure,CZ06,25.29583333333333,86449553.71885847
OfS,M2,cPTAC,Measure,CZ07,25.2725,101844837.89961004
OfS,M2,cPTAC,Measure,CZ08,32.28541666666666,104874571.27354623
OfS,M2,cPTAC,Measure,CZ09,35.456250000000004,112762917.74087945
OfS,M2,cPTAC,Measure,CZ10,35.55666666666667,102514302.83704276
OfS,M2,cPTAC,Measure,CZ11,36.25708333333334,115162474.20923604
OfS,M2,cPTAC,Measure,CZ12,33.139583333333334,103643818.35440162
OfS,M2,cPTAC,Measure,CZ13,37.3975,115737050.64557396
OfS,M2,cPTAC,Measure,CZ14,33.69791666666667,108804687.35910615
OfS,M2,cPTAC,Measure,CZ15,42.32083333333334,125706035.3968294
OfS,M2,cPTAC,Measure,CZ16,25.15416666666667,98773399.50122926
OfS,M2,cPVVG,Base,CZ01,16.715000000000003,58121286.23790858
OfS,M2,cPVVG,Base,CZ02,25.97041666666667,80036495.07023388
OfS,M2,cPVVG,Base,CZ03,24.965,75253167.96048653
OfS,M2,cPVVG,Base,CZ04,32.625416666666666,93190644.70706764
OfS,M2,cPVVG,Base,CZ05,22.50375,72224440.72130924
OfS,M2,cPVVG,Base,CZ06,25.29583333333333,74597260.13634759
OfS,M2,cPVVG,Base,CZ07,25.2725,88212633.9003665
OfS,M2,cPVVG,Base,CZ08,32.28541666666666,92981963.3522497
OfS,M2,cPVVG,Base,CZ09,35.456250000000004,99193305.59883028
OfS,M2,cPVVG,Base,CZ10,35.55666666666667,89864862.2774469
OfS,M2,cPVVG,Base,CZ11,36.25708333333334,103260470.84992604
OfS,M2,cPVVG,Base,CZ12,33.139583333333334,92825933.83013138
OfS,M2,cPVVG,Base,CZ13,37.3975,105113821.71302073
OfS,M2,cPVVG,Base,CZ14,33.69791666666667,96849820.08864704
OfS,M2,cPVVG,Base,CZ15,42.32083333333334,112728180.13799074
OfS,M2,cPVVG,Base,CZ16,25.15416666666667,83291088.53378633
OfS,M2,cPVVG,Measure,CZ01,16.715000000000003,56741664.22833246
OfS,M2,cPVVG,Measure,CZ02,25.97041666666667,78622239.07047978
OfS,M2,cPVVG,Measure,CZ03,24.965,73614760.59990638
OfS,M2,cPVVG,Measure,CZ04,32.625416666666666,91654287.85941511
OfS,M2,cPVVG,Measure,CZ05,22.50375,70457570.16549647
OfS,M2,cPVVG,Measure,CZ06,25.29583333333333,73040877.78094196
OfS,M2,cPVVG,Measure,CZ07,25.2725,87958258.73366793
OfS,M2,cPVVG,Measure,CZ08,32.28541666666666,91479527.82392035
OfS,M2,cPVVG,Measure,CZ09,35.456250000000004,97895366.01392604
OfS,M2,cPVVG,Measure,CZ10,35.55666666666667,88501159.5237358
OfS,M2,cPVVG,Measure,CZ11,36.25708333333334,101425961.97483228
OfS,M2,cPVVG,Measure,CZ12,33.139583333333334,91379409.06104895
OfS,M2,cPVVG,Measure,CZ13,37.3975,103012278.61631504
OfS,M2,cPVVG,Measure,CZ14,33.69791666666667,95036607.10082611
OfS,M2,cPVVG,Measure,CZ15,42.32083333333334,111938640.39300026
OfS,M2,cPVVG,Measure,CZ16,25.15416666666667,81459689.03771216
OfS,M3,cDXGF,Base,CZ01,16.715000000000003,50521028.27611779
OfS,M3,cDXGF,Base,CZ02,25.97041666666667,73739626.72603713
OfS,M3,cDXGF,Base,CZ03,24.965,68430710.24445835
OfS,M3,cDXGF,Base,CZ04,32.625416666666666,87975571.19607565
OfS,M3,cDXGF,Base,CZ05,22.50375,64331868.36547352
OfS,M3,cDXGF,Base,CZ06,25.29583333333333,67942820.75085539
OfS,M3,cDXGF,Base,CZ07,25.2725,83075798.9704409
OfS,M3,cDXGF,Base,CZ08,32.28541666666666,87334773.81076933
OfS,M3,cDXGF,Base,CZ09,35.456250000000004,93242328.55524264
OfS,M3,cDXGF,Base,CZ10,35.55666666666667,84224801.72915536
OfS,M3,cDXGF,Base,CZ11,36.25708333333334,98424819.5786789
OfS,M3,cDXGF,Base,CZ12,33.139583333333334,88144309.0558868
OfS,M3,cDXGF,Base,CZ13,37.3975,100707322.99793844
OfS,M3,cDXGF,Base,CZ14,33.69791666666667,91040567.61880496
OfS,M3,cDXGF,Base,CZ15,42.32083333333334,108811154.46589383
OfS,M3,cDXGF,Base,CZ16,25.15416666666667,75245053.40244836
OfS,M3,cDXGF,Measure,CZ01,16.715000000000003,46793289.28814226
OfS,M3,cDXGF,Measure,CZ02,25.97041666666667,66449018.164827965
OfS,M3,cDXGF,Measure,CZ03,24.965,62043292.46931771
OfS,M3,cDXGF,Measure,CZ04,32.625416666666666,78377332.73451862
OfS,M3,cDXGF,Measure,CZ05,22.50375,58587616.389901
OfS,M3,cDXGF,Measure,CZ06,25.29583333333333,61650922.01807439
OfS,M3,cDXGF,Measure,CZ07,25.2725,75622857.26449841
OfS,M3,cDXGF,Measure,CZ08,32.28541666666666,77763754.51803556
OfS,M3,cDXGF,Measure,CZ09,35.456250000000004,82557386.68697837
OfS,M3,cDXGF,Measure,CZ10,35.55666666666667,74939868.65212822
OfS,M3,cDXGF,Measure,CZ11,36.25708333333334,86261469.15379557
OfS,M3,cDXGF,Measure,CZ12,33.139583333333334,78464191.94731557
OfS,M3,cDXGF,Measure,CZ13,37.3975,87832851.55025664
OfS,M3,cDXGF,Measure,CZ14,33.69791666666667,80255910.33378318
OfS,M3,cDXGF,Measure,CZ15,42.32083333333334,95246161.05889776
OfS,M3,cDXGF,Measure,CZ16,25.15416666666667,67494468.02003735
OfS,M3,cDXHP,Base,CZ01,16.715000000000003,48880980.83568968
OfS,M3,cDXHP,Base,CZ02,25.97041666666667,71970576.62710702
OfS,M3,cDXHP,Base,CZ03,24.965,66482127.979920566
OfS,M3,cDXHP,Base,CZ04,32.625416666666666,86467222.01607795
OfS,M3,cDXHP,Base,CZ05,22.50375,62453120.79485588
OfS,M3,cDXHP,Base,CZ06,25.29583333333333,66053426.96198572
OfS,M3,cDXHP,Base,CZ07,25.2725,80896890.4537572
OfS,M3,cDXHP,Base,CZ08,32.28541666666666,86226436.14179754
OfS,M3,cDXHP,Base,CZ09,35.456250000000004,92487641.63219172
OfS,M3,cDXHP,Base,CZ10,35.55666666666667,83740639.67173603
OfS,M3,cDXHP,Base,CZ11,36.25708333333334,97384413.73081812
OfS,M3,cDXHP,Base,CZ12,33.139583333333334,86596767.35752252
OfS,M3,cDXHP,Base,CZ13,37.3975,99826080.54689232
OfS,M3,cDXHP,Base,CZ14,33.69791666666667,90161578.19950916
OfS,M3,cDXHP,Base,CZ15,42.32083333333334,108785035.30535428
OfS,M3,cDXHP,Base,CZ16,25.15416666666667,74426565.2422427
OfS,M3,cDXHP,Measure,CZ01,16.715000000000003,45184609.5374479
OfS,M3,cDXHP,Measure,CZ02,25.97041666666667,64684038.45618724
OfS,M3,cDXHP,Measure,CZ03,24.965,60111890.90042783
OfS,M3,cDXHP,Measure,CZ04,32.625416666666666,76861743.85946368
OfS,M3,cDXHP,Measure,CZ05,22.50375,56730849.71740961
OfS,M3,cDXHP,Measure,CZ06,25.29583333333333,59806138.5146778
OfS,M3,cDXHP,Measure,CZ07,25.2725,73495266.37375759
OfS,M3,cDXHP,Measure,CZ08,32.28541666666666,76651768.22314608
OfS,M3,cDXHP,Measure,CZ09,35.456250000000004,81798675.38091236
OfS,M3,cDXHP,Measure,CZ10,35.55666666666667,74456271.54964577
OfS,M3,cDXHP,Measure,CZ11,36.25708333333334,85212138.91602528
OfS,M3,cDXHP,Measure,CZ12,33.139583333333334,76902902.17876264
OfS,M3,cDXHP,Measure,CZ13,37.3975,86941944.75690047
OfS,M3,cDXHP,Measure,CZ14,33.69791666666667,79370114.75174667
OfS,M3,cDXHP,Measure,CZ15,42.32083333333334,95221073.19882208
OfS,M3,cDXHP,Measure,CZ16,25.15416666666667,66669380.70251402
OfS,M3,cPTAC,Base,CZ01,16.715000000000003,50509615.44521091
OfS,M3,cPTAC,Base,CZ02,25.97041666666667,73739626.72603498
OfS,M3,cPTAC,Base,CZ03,24.965,68430710.24445882
OfS,M3,cPTAC,Base,CZ04,32.625416666666666,87975571.19607458
OfS,M3,cPTAC,Base,CZ05,22.50375,64329643.89049323
OfS,M3,cPTAC,Base,CZ06,25.29583333333333,67942820.75085545
OfS,M3,cPTAC,Base,CZ07,25.2725,83075798.97044167
OfS,M3,cPTAC,Base,CZ08,32.28541666666666,87334773.81076483
OfS,M3,cPTAC,Base,CZ09,35.456250000000004,93242328.55524445
OfS,M3,cPTAC,Base,CZ10,35.55666666666667,84224801.72893885
OfS,M3,cPTAC,Base,CZ11,36.25708333333334,98424819.57867898
OfS,M3,cPTAC,Base,CZ12,33.139583333333334,88144309.05588648
OfS,M3,cPTAC,Base,CZ13,37.3975,100707323.26604147
OfS,M3,cPTAC,Base,CZ14,33.69791666666667,91040567.6188682
OfS,M3,cPTAC,Base,CZ15,42.32083333333334,108811154.4658933
OfS,M3,cPTAC,Base,CZ16,25.15416666666667,75245066.05831021
OfS,M3,cPTAC,Measure,CZ01,16.715000000000003,46783664.59145513
OfS,M3,cPTAC,Measure,CZ02,25.97041666666667,66449018.16483101
OfS,M3,cPTAC,Measure,CZ03,24.965,62043318.74781124
OfS,M3,cPTAC,Measure,CZ04,32.625416666666666,78377332.73451939
OfS,M3,cPTAC,Measure,CZ05,22.50375,58585752.49928336
OfS,M3,cPTAC,Measure,CZ06,25.29583333333333,61650922.01807492
OfS,M3,cPTAC,Measure,CZ07,25.2725,75622857.26449822
OfS,M3,cPTAC,Measure,CZ08,32.28541666666666,77763754.51803511
OfS,M3,cPTAC,Measure,CZ09,35.456250000000004,82557386.68697739
OfS,M3,cPTAC,Measure,CZ10,35.55666666666667,74939868.65220867
OfS,M3,cPTAC,Measure,CZ11,36.25708333333334,86261469.1537948
OfS,M3,cPTAC,Measure,CZ12,33.139583333333334,78464191.94692126
OfS,M3,cPTAC,Measure,CZ13,37.3975,87832851.5502589
OfS,M3,cPTAC,Measure,CZ14,33.69791666666667,80255910.33378097
OfS,M3,cPTAC,Measure,CZ15,42.32083333333334,95246161.05889726
OfS,M3,cPTAC,Measure,CZ16,25.15416666666667,67494467.98581114
OfS,M3,cPVVG,Base,CZ01,16.715000000000003,49536672.40495041
OfS,M3,cPVVG,Base,CZ02,25.97041666666667,72203824.76384722
OfS,M3,cPVVG,Base,CZ03,24.965,66997214.61278418
OfS,M3,cPVVG,Base,CZ04,32.625416666666666,86253896.42881909
OfS,M3,cPVVG,Base,CZ05,22.50375,62930308.640080616
OfS,M3,cPVVG,Base,CZ06,25.29583333333333,66511089.66839614
OfS,M3,cPVVG,Base,CZ07,25.2725,81510819.97703159
OfS,M3,cPVVG,Base,CZ08,32.28541666666666,85663515.10281888
OfS,M3,cPVVG,Base,CZ09,35.456250000000004,91425366.907504
OfS,M3,cPVVG,Base,CZ10,35.55666666666667,82561505.75944442
OfS,M3,cPVVG,Base,CZ11,36.25708333333334,96523463.29865617
OfS,M3,cPVVG,Base,CZ12,33.139583333333334,86502922.90436739
OfS,M3,cPVVG,Base,CZ13,37.3975,98855758.10067046
OfS,M3,cPVVG,Base,CZ14,33.69791666666667,89195630.21417385
OfS,M3,cPVVG,Base,CZ15,42.32083333333334,106947580.93646464
OfS,M3,cPVVG,Base,CZ16,25.15416666666667,73382273.35714254
OfS,M3,cPVVG,Measure,CZ01,16.715000000000003,45847060.00990452
OfS,M3,cPVVG,Measure,CZ02,25.97041666666667,64981406.87516038
OfS,M3,cPVVG,Measure,CZ03,24.965,60669633.405498624
OfS,M3,cPVVG,Measure,CZ04,32.625416666666666,76737951.58620611
OfS,M3,cPVVG,Measure,CZ05,22.50375,57242617.1743528
OfS,M3,cPVVG,Measure,CZ06,25.29583333333333,60278636.41589038
OfS,M3,cPVVG,Measure,CZ07,25.2725,74121927.38398111
OfS,M3,cPVVG,Measure,CZ08,32.28541666666666,76174929.56915647
OfS,M3,cPVVG,Measure,CZ09,35.456250000000004,80843975.29843956
OfS,M3,cPVVG,Measure,CZ10,35.55666666666667,73362749.4402093
OfS,M3,cPVVG,Measure,CZ11,36.25708333333334,84564284.89757155
OfS,M3,cPVVG,Measure,CZ12,33.139583333333334,76901733.1129687
OfS,M3,cPVVG,Measure,CZ13,37.3975,86194844.46950021
OfS,M3,cPVVG,Measure,CZ14,33.69791666666667,78606741.98603676
OfS,M3,cPVVG,Measure,CZ15,42.32083333333334,93490986.3139256
OfS,M3,cPVVG,Measure,CZ16,25.15416666666667,65781767.800654136
OfS,M4,cDXGF,Base,CZ01,16.715000000000003,69244966.09453592
OfS,M4,cDXGF,Base,CZ02,25.97041666666667,97189367.66448918
OfS,M4,cDXGF,Base,CZ03,24.965,91075502.29858
OfS,M4,cDXGF,Base,CZ04,32.625416666666666,112830016.7901334
OfS,M4,cDXGF,Base,CZ05,22.50375,87931749.93261304
OfS,M4,cDXGF,Base,CZ06,25.29583333333333,90741140.67034976
OfS,M4,cDXGF,Base,CZ07,25.2725,104425375.5797888
OfS,M4,cDXGF,Base,CZ08,32.28541666666666,112913394.85439436
OfS,M4,cDXGF,Base,CZ09,35.456250000000004,122329772.30712414
OfS,M4,cDXGF,Base,CZ10,35.55666666666667,112751911.43715753
OfS,M4,cDXGF,Base,CZ11,36.25708333333334,125667307.2328864
OfS,M4,cDXGF,Base,CZ12,33.139583333333334,111770943.8701041
OfS,M4,cDXGF,Base,CZ13,37.3975,127050864.62780283
OfS,M4,cDXGF,Base,CZ14,33.69791666666667,117304861.5956648
OfS,M4,cDXGF,Base,CZ15,42.32083333333334,140435255.73667678
OfS,M4,cDXGF,Base,CZ16,25.15416666666667,102160754.24985744
OfS,M4,cDXGF,Measure,CZ01,16.715000000000003,66602907.3208691
OfS,M4,cDXGF,Measure,CZ02,25.97041666666667,94364630.03088178
OfS,M4,cDXGF,Measure,CZ03,24.965,87591825.69586359
OfS,M4,cDXGF,Measure,CZ04,32.625416666666666,109547645.58078703
OfS,M4,cDXGF,Measure,CZ05,22.50375,84307634.61758009
OfS,M4,cDXGF,Measure,CZ06,25.29583333333333,87320766.40409744
OfS,M4,cDXGF,Measure,CZ07,25.2725,104095659.85008185
OfS,M4,cDXGF,Measure,CZ08,32.28541666666666,109911122.7329041
OfS,M4,cDXGF,Measure,CZ09,35.456250000000004,119941202.71327104
OfS,M4,cDXGF,Measure,CZ10,35.55666666666667,109829397.15277348
OfS,M4,cDXGF,Measure,CZ11,36.25708333333334,121685937.7430585
OfS,M4,cDXGF,Measure,CZ12,33.139583333333334,108607006.01840994
OfS,M4,cDXGF,Measure,CZ13,37.3975,122927750.22489
OfS,M4,cDXGF,Measure,CZ14,33.69791666666667,113672332.86615673
OfS,M4,cDXGF,Measure,CZ15,42.32083333333334,138127897.44678956
OfS,M4,cDXGF,Measure,CZ16,25.15416666666667,98622079.23098928
OfS,M4,cDXHP,Base,CZ01,16.715000000000003,68970152.69066411
OfS,M4,cDXHP,Base,CZ02,25.97041666666667,96895006.20211984
OfS,M4,cDXHP,Base,CZ03,24.965,90915155.60063456
OfS,M4,cDXHP,Base,CZ04,32.625416666666666,112846541.70509832
OfS,M4,cDXHP,Base,CZ05,22.50375,87807953.22130382
OfS,M4,cDXHP,Base,CZ06,25.29583333333333,90370458.1105362
OfS,M4,cDXHP,Base,CZ07,25.2725,103558515.3379435
OfS,M4,cDXHP,Base,CZ08,32.28541666666666,112976333.22709072
OfS,M4,cDXHP,Base,CZ09,35.456250000000004,122357100.90774664
OfS,M4,cDXHP,Base,CZ10,35.55666666666667,112699655.8302794
OfS,M4,cDXHP,Base,CZ11,36.25708333333334,125657158.7540816
OfS,M4,cDXHP,Base,CZ12,33.139583333333334,111812793.37625375
OfS,M4,cDXHP,Base,CZ13,37.3975,127143976.60115775
OfS,M4,cDXHP,Base,CZ14,33.69791666666667,117121550.3583974
OfS,M4,cDXHP,Base,CZ15,42.32083333333334,140440616.04919612
OfS,M4,cDXHP,Base,CZ16,25.15416666666667,101611485.36957072
OfS,M4,cDXHP,Measure,CZ01,16.715000000000003,66327856.96367365
OfS,M4,cDXHP,Measure,CZ02,25.97041666666667,94070401.49997082
OfS,M4,cDXHP,Measure,CZ03,24.965,87430882.96120459
OfS,M4,cDXHP,Measure,CZ04,32.625416666666666,109563507.5800724
OfS,M4,cDXHP,Measure,CZ05,22.50375,84185430.24269572
OfS,M4,cDXHP,Measure,CZ06,25.29583333333333,86817554.49571489
OfS,M4,cDXHP,Measure,CZ07,25.2725,103226461.1906652
OfS,M4,cDXHP,Measure,CZ08,32.28541666666666,109972052.54956104
OfS,M4,cDXHP,Measure,CZ09,35.456250000000004,119964125.04091825
OfS,M4,cDXHP,Measure,CZ10,35.55666666666667,109777117.95533738
OfS,M4,cDXHP,Measure,CZ11,36.25708333333334,121664487.43990068
OfS,M4,cDXHP,Measure,CZ12,33.139583333333334,108647850.8853154
OfS,M4,cDXHP,Measure,CZ13,37.3975,123010719.8904518
OfS,M4,cDXHP,Measure,CZ14,33.69791666666667,113475176.735223
OfS,M4,cDXHP,Measure,CZ15,42.32083333333334,138133249.8087749
OfS,M4,cDXHP,Measure,CZ16,25.15416666666667,98073054.0087488
OfS,M4,cPTAC,Base,CZ01,16.715000000000003,69175516.3528526
OfS,M4,cPTAC,Base,CZ02,25.97041666666667,97189367.6644945
OfS,M4,cPTAC,Base,CZ03,24.965,91075502.29831928
OfS,M4,cPTAC,Base,CZ04,32.625416666666666,112830016.79013295
OfS,M4,cPTAC,Base,CZ05,22.50375,87921054.69643565
OfS,M4,cPTAC,Base,CZ06,25.29583333333333,90741140.6703498
OfS,M4,cPTAC,Base,CZ07,25.2725,104425375.57978842
OfS,M4,cPTAC,Base,CZ08,32.28541666666666,112913394.85439542
OfS,M4,cPTAC,Base,CZ09,35.456250000000004,122329772.30712374
OfS,M4,cPTAC,Base,CZ10,35.55666666666667,112751881.00684737
OfS,M4,cPTAC,Base,CZ11,36.25708333333334,125667307.23288584
OfS,M4,cPTAC,Base,CZ12,33.139583333333334,111770943.87010376
OfS,M4,cPTAC,Base,CZ13,37.3975,127050864.62780282
OfS,M4,cPTAC,Base,CZ14,33.69791666666667,117304861.59566474
OfS,M4,cPTAC,Base,CZ15,42.32083333333334,140435255.73667586
OfS,M4,cPTAC,Base,CZ16,25.15416666666667,102160754.2443712
OfS,M4,cPTAC,Measure,CZ01,16.715000000000003,66538683.65918493
OfS,M4,cPTAC,Measure,CZ02,25.97041666666667,94364630.03088012
OfS,M4,cPTAC,Measure,CZ03,24.965,87591825.69566076
OfS,M4,cPTAC,Measure,CZ04,32.625416666666666,109547645.58078812
OfS,M4,cPTAC,Measure,CZ05,22.50375,84298844.51640767
OfS,M4,cPTAC,Measure,CZ06,25.29583333333333,87320766.40409753
OfS,M4,cPTAC,Measure,CZ07,25.2725,104095659.85008126
OfS,M4,cPTAC,Measure,CZ08,32.28541666666666,109911122.73290452
OfS,M4,cPTAC,Measure,CZ09,35.456250000000004,119941202.71327148
OfS,M4,cPTAC,Measure,CZ10,35.55666666666667,109829397.15277185
OfS,M4,cPTAC,Measure,CZ11,36.25708333333334,121685937.7430581
OfS,M4,cPTAC,Measure,CZ12,33.139583333333334,108607006.01841088
OfS,M4,cPTAC,Measure,CZ13,37.3975,122927750.2248918
OfS,M4,cPTAC,Measure,CZ14,33.69791666666667,113672332.86625092
OfS,M4,cPTAC,Measure,CZ15,42.32083333333334,138127897.4467898
OfS,M4,cPTAC,Measure,CZ16,25.15416666666667,98622079.20139427
OfS,M4,cPVVG,Base,CZ01,16.715000000000003,52507275.64267892
OfS,M4,cPVVG,Base,CZ02,25.97041666666667,81089412.54596393
OfS,M4,cPVVG,Base,CZ03,24.965,74867856.66512708
OfS,M4,cPVVG,Base,CZ04,32.625416666666666,99030831.19132176
OfS,M4,cPVVG,Base,CZ05,22.50375,70211657.1503937
OfS,M4,cPVVG,Base,CZ06,25.29583333333333,75109207.81782049
OfS,M4,cPVVG,Base,CZ07,25.2725,90590259.5599006
OfS,M4,cPVVG,Base,CZ08,32.28541666666666,99475967.00584029
OfS,M4,cPVVG,Base,CZ09,35.456250000000004,109123427.99800098
OfS,M4,cPVVG,Base,CZ10,35.55666666666667,99829883.34763291
OfS,M4,cPVVG,Base,CZ11,36.25708333333334,112362149.62443836
OfS,M4,cPVVG,Base,CZ12,33.139583333333334,98845113.71110985
OfS,M4,cPVVG,Base,CZ13,37.3975,115365371.57175948
OfS,M4,cPVVG,Base,CZ14,33.69791666666667,104289953.92094256
OfS,M4,cPVVG,Base,CZ15,42.32083333333334,129477238.2664958
OfS,M4,cPVVG,Base,CZ16,25.15416666666667,83212153.39834559
OfS,M4,cPVVG,Measure,CZ01,16.715000000000003,52233367.71078485
OfS,M4,cPVVG,Measure,CZ02,25.97041666666667,80646798.44233021
OfS,M4,cPVVG,Measure,CZ03,24.965,74163323.24236646
OfS,M4,cPVVG,Measure,CZ04,32.625416666666666,98301184.96319444
OfS,M4,cPVVG,Measure,CZ05,22.50375,69609322.23695418
OfS,M4,cPVVG,Measure,CZ06,25.29583333333333,74174696.87425715
OfS,M4,cPVVG,Measure,CZ07,25.2725,90666273.36305456
OfS,M4,cPVVG,Measure,CZ08,32.28541666666666,98684265.2077642
OfS,M4,cPVVG,Measure,CZ09,35.456250000000004,108112283.62626424
OfS,M4,cPVVG,Measure,CZ10,35.55666666666667,98755643.90931007
OfS,M4,cPVVG,Measure,CZ11,36.25708333333334,110071328.72532222
OfS,M4,cPVVG,Measure,CZ12,33.139583333333334,98088424.12304392
OfS,M4,cPVVG,Measure,CZ13,37.3975,112700182.32179666
OfS,M4,cPVVG,Measure,CZ14,33.69791666666667,102215942.6498587
OfS,M4,cPVVG,Measure,CZ15,42.32083333333334,128200230.46080896
OfS,M4,cPVVG,Measure,CZ16,25.15416666666667,81609413.30832756
OfS,M5,cDXGF,Base,CZ01,16.715000000000003,50008079.43884096
OfS,M5,cDXGF,Base,CZ02,25.97041666666667,76248251.78546192
OfS,M5,cDXGF,Base,CZ03,24.965,69517574.7423597
OfS,M5,cDXGF,Base,CZ04,32.625416666666666,91106556.09910056
OfS,M5,cDXGF,Base,CZ05,22.50375,64513163.45066634
OfS,M5,cDXGF,Base,CZ06,25.29583333333333,69333966.81806657
OfS,M5,cDXGF,Base,CZ07,25.2725,86936229.33660455
OfS,M5,cDXGF,Base,CZ08,32.28541666666666,91051431.923334
OfS,M5,cDXGF,Base,CZ09,35.456250000000004,98980024.986088
OfS,M5,cDXGF,Base,CZ10,35.55666666666667,89441343.78969118
OfS,M5,cDXGF,Base,CZ11,36.25708333333334,104204883.8752105
OfS,M5,cDXGF,Base,CZ12,33.139583333333334,92494886.31158993
OfS,M5,cDXGF,Base,CZ13,37.3975,106072936.22984912
OfS,M5,cDXGF,Base,CZ14,33.69791666666667,94925029.28324053
OfS,M5,cDXGF,Base,CZ15,42.32083333333334,118704829.1762414
OfS,M5,cDXGF,Base,CZ16,25.15416666666667,75495771.20068574
OfS,M5,cDXGF,Measure,CZ01,16.715000000000003,47350009.86279869
OfS,M5,cDXGF,Measure,CZ02,25.97041666666667,70650743.55953872
OfS,M5,cDXGF,Measure,CZ03,24.965,64743138.77821268
OfS,M5,cDXGF,Measure,CZ04,32.625416666666666,83754174.77479403
OfS,M5,cDXGF,Measure,CZ05,22.50375,60318259.307497725
OfS,M5,cDXGF,Measure,CZ06,25.29583333333333,64605752.665978506
OfS,M5,cDXGF,Measure,CZ07,25.2725,81134497.76156978
OfS,M5,cDXGF,Measure,CZ08,32.28541666666666,83650158.86641845
OfS,M5,cDXGF,Measure,CZ09,35.456250000000004,90475202.85073093
OfS,M5,cDXGF,Measure,CZ10,35.55666666666667,82073000.5502367
OfS,M5,cDXGF,Measure,CZ11,36.25708333333334,94312528.52474272
OfS,M5,cDXGF,Measure,CZ12,33.139583333333334,84943597.02547733
OfS,M5,cDXGF,Measure,CZ13,37.3975,95571845.20309833
OfS,M5,cDXGF,Measure,CZ14,33.69791666666667,86377089.88281122
OfS,M5,cDXGF,Measure,CZ15,42.32083333333334,107641446.44909725
OfS,M5,cDXGF,Measure,CZ16,25.15416666666667,69657858.73294622
OfS,M5,cDXHP,Base,CZ01,16.715000000000003,48572245.42971712
OfS,M5,cDXHP,Base,CZ02,25.97041666666667,74314310.32350996
OfS,M5,cDXHP,Base,CZ03,24.965,67463521.26560457
OfS,M5,cDXHP,Base,CZ04,32.625416666666666,89268191.39569974
OfS,M5,cDXHP,Base,CZ05,22.50375,62620346.04138123
OfS,M5,cDXHP,Base,CZ06,25.29583333333333,67224258.83663017
OfS,M5,cDXHP,Base,CZ07,25.2725,84261160.9152874
OfS,M5,cDXHP,Base,CZ08,32.28541666666666,89627607.38350558
OfS,M5,cDXHP,Base,CZ09,35.456250000000004,98037953.06649992
OfS,M5,cDXHP,Base,CZ10,35.55666666666667,88803120.38748215
OfS,M5,cDXHP,Base,CZ11,36.25708333333334,102814389.8880462
OfS,M5,cDXHP,Base,CZ12,33.139583333333334,90559150.6493717
OfS,M5,cDXHP,Base,CZ13,37.3975,104846830.90962738
OfS,M5,cDXHP,Base,CZ14,33.69791666666667,93743038.46303332
OfS,M5,cDXHP,Base,CZ15,42.32083333333334,118664555.40381636
OfS,M5,cDXHP,Base,CZ16,25.15416666666667,74667771.63444568
OfS,M5,cDXHP,Measure,CZ01,16.715000000000003,45917426.78745018
OfS,M5,cDXHP,Measure,CZ02,25.97041666666667,68730067.37799124
OfS,M5,cDXHP,Measure,CZ03,24.965,62708895.9665752
OfS,M5,cDXHP,Measure,CZ04,32.625416666666666,81939169.23058835
OfS,M5,cDXHP,Measure,CZ05,22.50375,58441290.3703531
OfS,M5,cDXHP,Measure,CZ06,25.29583333333333,62544166.75041848
OfS,M5,cDXHP,Measure,CZ07,25.2725,78540376.4257989
OfS,M5,cDXHP,Measure,CZ08,32.28541666666666,82252135.3662735
OfS,M5,cDXHP,Measure,CZ09,35.456250000000004,89548263.41084641
OfS,M5,cDXHP,Measure,CZ10,35.55666666666667,81449247.7329284
OfS,M5,cDXHP,Measure,CZ11,36.25708333333334,92959060.02477826
OfS,M5,cDXHP,Measure,CZ12,33.139583333333334,83029907.3534005
OfS,M5,cDXHP,Measure,CZ13,37.3975,94383963.01630448
OfS,M5,cDXHP,Measure,CZ14,33.69791666666667,85223422.19929025
OfS,M5,cDXHP,Measure,CZ15,42.32083333333334,107603249.72502103
OfS,M5,cDXHP,Measure,CZ16,25.15416666666667,68822011.72196086
OfS,M5,cPTAC,Base,CZ01,16.715000000000003,49918467.29743544
OfS,M5,cPTAC,Base,CZ02,25.97041666666667,76248251.78546225
OfS,M5,cPTAC,Base,CZ03,24.965,69517574.7423585
OfS,M5,cPTAC,Base,CZ04,32.625416666666666,91106556.0990988
OfS,M5,cPTAC,Base,CZ05,22.50375,64501007.02841176
OfS,M5,cPTAC,Base,CZ06,25.29583333333333,69333966.81806704
OfS,M5,cPTAC,Base,CZ07,25.2725,86936229.3366051
OfS,M5,cPTAC,Base,CZ08,32.28541666666666,91051431.92333244
OfS,M5,cPTAC,Base,CZ09,35.456250000000004,98980024.9860864
OfS,M5,cPTAC,Base,CZ10,35.55666666666667,89441343.6596947
OfS,M5,cPTAC,Base,CZ11,36.25708333333334,104204883.8752104
OfS,M5,cPTAC,Base,CZ12,33.139583333333334,92494886.31159
OfS,M5,cPTAC,Base,CZ13,37.3975,106072936.22985072
OfS,M5,cPTAC,Base,CZ14,33.69791666666667,94925029.28323986
OfS,M5,cPTAC,Base,CZ15,42.32083333333334,118704829.17624216
OfS,M5,cPTAC,Base,CZ16,25.15416666666667,75495800.44150704
OfS,M5,cPTAC,Measure,CZ01,16.715000000000003,47269540.05331464
OfS,M5,cPTAC,Measure,CZ02,25.97041666666667,70650743.55953643
OfS,M5,cPTAC,Measure,CZ03,24.965,64743166.60641666
OfS,M5,cPTAC,Measure,CZ04,32.625416666666666,83754174.77479327
OfS,M5,cPTAC,Measure,CZ05,22.50375,60307509.980998725
OfS,M5,cPTAC,Measure,CZ06,25.29583333333333,64605752.66597895
OfS,M5,cPTAC,Measure,CZ07,25.2725,81134497.76156974
OfS,M5,cPTAC,Measure,CZ08,32.28541666666666,83650158.86641884
OfS,M5,cPTAC,Measure,CZ09,35.456250000000004,90475202.85074878
OfS,M5,cPTAC,Measure,CZ10,35.55666666666667,82073000.4498712
OfS,M5,cPTAC,Measure,CZ11,36.25708333333334,94312528.52474104
OfS,M5,cPTAC,Measure,CZ12,33.139583333333334,84943597.02512024
OfS,M5,cPTAC,Measure,CZ13,37.3975,95571845.20309614
OfS,M5,cPTAC,Measure,CZ14,33.69791666666667,86377089.88281229
OfS,M5,cPTAC,Measure,CZ15,42.32083333333334,107641446.44909675
OfS,M5,cPTAC,Measure,CZ16,25.15416666666667,69657916.83327325
OfS,M5,cPVVG,Base,CZ01,16.715000000000003,49039559.42814012
OfS,M5,cPVVG,Base,CZ02,25.97041666666667,74718833.47266227
OfS,M5,cPVVG,Base,CZ03,24.965,68088674.34696908
OfS,M5,cPVVG,Base,CZ04,32.625416666666666,89413381.31689148
OfS,M5,cPVVG,Base,CZ05,22.50375,63130005.24530467
OfS,M5,cPVVG,Base,CZ06,25.29583333333333,67907601.76713091
OfS,M5,cPVVG,Base,CZ07,25.2725,85367745.52428785
OfS,M5,cPVVG,Base,CZ08,32.28541666666666,89438968.82850954
OfS,M5,cPVVG,Base,CZ09,35.456250000000004,97273737.98304224
OfS,M5,cPVVG,Base,CZ10,35.55666666666667,87830284.2328343
OfS,M5,cPVVG,Base,CZ11,36.25708333333334,102313832.49015698
OfS,M5,cPVVG,Base,CZ12,33.139583333333334,90881049.768695
OfS,M5,cPVVG,Base,CZ13,37.3975,104226007.58253673
OfS,M5,cPVVG,Base,CZ14,33.69791666666667,93116358.61462568
OfS,M5,cPVVG,Base,CZ15,42.32083333333334,116934252.27670828
OfS,M5,cPVVG,Base,CZ16,25.15416666666667,73626688.02248283
OfS,M5,cPVVG,Measure,CZ01,16.715000000000003,46408432.61400298
OfS,M5,cPVVG,Measure,CZ02,25.97041666666667,69173412.10181035
OfS,M5,cPVVG,Measure,CZ03,24.965,63358891.06796715
OfS,M5,cPVVG,Measure,CZ04,32.625416666666666,82123119.37179452
OfS,M5,cPVVG,Measure,CZ05,22.50375,58975833.742892526
OfS,M5,cPVVG,Measure,CZ06,25.29583333333333,63223543.87687546
OfS,M5,cPVVG,Measure,CZ07,25.2725,79616999.77476096
OfS,M5,cPVVG,Measure,CZ08,32.28541666666666,82099850.56723985
OfS,M5,cPVVG,Measure,CZ09,35.456250000000004,88851065.18607152
OfS,M5,cPVVG,Measure,CZ10,35.55666666666667,80528939.1765786
OfS,M5,cPVVG,Measure,CZ11,36.25708333333334,92621089.74017182
OfS,M5,cPVVG,Measure,CZ12,33.139583333333334,83389964.87690637
OfS,M5,cPVVG,Measure,CZ13,37.3975,93936756.61750436
OfS,M5,cPVVG,Measure,CZ14,33.69791666666667,84754945.65698086
OfS,M5,cPVVG,Measure,CZ15,42.32083333333334,105955896.53857486
OfS,M5,cPVVG,Measure,CZ16,25.15416666666667,67920879.34846272
RFF,M1,cDXGF,Base,CZ01,16.715000000000003,30545704.70464459
RFF,M1,cDXGF,Base,CZ02,25.97041666666667,43664782.29193191
RFF,M1,cDXGF,Base,CZ03,24.965,41560211.04729187
RFF,M1,cDXGF,Base,CZ04,32.625416666666666,52075528.93697792
RFF,M1,cDXGF,Base,CZ05,22.50375,39066029.10843959
RFF,M1,cDXGF,Base,CZ06,25.29583333333333,42990196.75024437
RFF,M1,cDXGF,Base,CZ07,25.2725,45375101.20871551
RFF,M1,cDXGF,Base,CZ08,32.28541666666666,52889202.76661784
RFF,M1,cDXGF,Base,CZ09,35.456250000000004,56896786.31392655
RFF,M1,cDXGF,Base,CZ10,35.55666666666667,56906170.02104086
RFF,M1,cDXGF,Base,CZ11,36.25708333333334,57182904.28212642
RFF,M1,cDXGF,Base,CZ12,33.139583333333334,52769984.87566122
RFF,M1,cDXGF,Base,CZ13,37.3975,58200025.26288105
RFF,M1,cDXGF,Base,CZ14,33.69791666666667,52144226.1240465
RFF,M1,cDXGF,Base,CZ15,42.32083333333334,66290868.35169788
RFF,M1,cDXGF,Base,CZ16,25.15416666666667,43578330.57715251
RFF,M1,cDXGF,Measure,CZ01,16.715000000000003,30590665.909473203
RFF,M1,cDXGF,Measure,CZ02,25.97041666666667,43730172.05933751
RFF,M1,cDXGF,Measure,CZ03,24.965,41608858.32579107
RFF,M1,cDXGF,Measure,CZ04,32.625416666666666,52117051.39563608
RFF,M1,cDXGF,Measure,CZ05,22.50375,39110044.51593843
RFF,M1,cDXGF,Measure,CZ06,25.29583333333333,42993826.692524485
RFF,M1,cDXGF,Measure,CZ07,25.2725,45356076.51319629
RFF,M1,cDXGF,Measure,CZ08,32.28541666666666,52892415.66650504
RFF,M1,cDXGF,Measure,CZ09,35.456250000000004,56890830.00879865
RFF,M1,cDXGF,Measure,CZ10,35.55666666666667,56901374.871936105
RFF,M1,cDXGF,Measure,CZ11,36.25708333333334,57180608.36102633
RFF,M1,cDXGF,Measure,CZ12,33.139583333333334,52806381.7944808
RFF,M1,cDXGF,Measure,CZ13,37.3975,58200741.30827609
RFF,M1,cDXGF,Measure,CZ14,33.69791666666667,52134407.2925346
RFF,M1,cDXGF,Measure,CZ15,42.32083333333334,66294966.40989224
RFF,M1,cDXGF,Measure,CZ16,25.15416666666667,43546672.19721011
RFF,M1,cDXHP,Base,CZ01,16.715000000000003,30525651.73146016
RFF,M1,cDXHP,Base,CZ02,25.97041666666667,43514162.65373692
RFF,M1,cDXHP,Base,CZ03,24.965,41584330.65390569
RFF,M1,cDXHP,Base,CZ04,32.625416666666666,52365423.142495625
RFF,M1,cDXHP,Base,CZ05,22.50375,39208404.156317845
RFF,M1,cDXHP,Base,CZ06,25.29583333333333,42906900.77843519
RFF,M1,cDXHP,Base,CZ07,25.2725,45200956.92392282
RFF,M1,cDXHP,Base,CZ08,32.28541666666666,53074280.55237134
RFF,M1,cDXHP,Base,CZ09,35.456250000000004,57237465.16758153
RFF,M1,cDXHP,Base,CZ10,35.55666666666667,57077640.87437542
RFF,M1,cDXHP,Base,CZ11,36.25708333333334,57292628.395984665
RFF,M1,cDXHP,Base,CZ12,33.139583333333334,52749768.47905904
RFF,M1,cDXHP,Base,CZ13,37.3975,58322508.63613907
RFF,M1,cDXHP,Base,CZ14,33.69791666666667,52383417.621000536
RFF,M1,cDXHP,Base,CZ15,42.32083333333334,66290868.35169822
RFF,M1,cDXHP,Base,CZ16,25.15416666666667,43686360.52598731
RFF,M1,cDXHP,Measure,CZ01,16.715000000000003,30569375.23733546
RFF,M1,cDXHP,Measure,CZ02,25.97041666666667,43579976.95389934
RFF,M1,cDXHP,Measure,CZ03,24.965,41630319.361069225
RFF,M1,cDXHP,Measure,CZ04,32.625416666666666,52408403.71507965
RFF,M1,cDXHP,Measure,CZ05,22.50375,39251468.590597786
RFF,M1,cDXHP,Measure,CZ06,25.29583333333333,42909450.17133911
RFF,M1,cDXHP,Measure,CZ07,25.2725,45181189.09002033
RFF,M1,cDXHP,Measure,CZ08,32.28541666666666,53077888.129069
RFF,M1,cDXHP,Measure,CZ09,35.456250000000004,57231137.50028545
RFF,M1,cDXHP,Measure,CZ10,35.55666666666667,57071607.02823334
RFF,M1,cDXHP,Measure,CZ11,36.25708333333334,57290508.01588863
RFF,M1,cDXHP,Measure,CZ12,33.139583333333334,52786331.78089721
RFF,M1,cDXHP,Measure,CZ13,37.3975,58323377.0331236
RFF,M1,cDXHP,Measure,CZ14,33.69791666666667,52369667.155642524
RFF,M1,cDXHP,Measure,CZ15,42.32083333333334,66294966.40989255
RFF,M1,cDXHP,Measure,CZ16,25.15416666666667,43654568.72310322
RFF,M1,cPTAC,Base,CZ01,16.715000000000003,30522780.9354925
RFF,M1,cPTAC,Base,CZ02,25.97041666666667,43664782.25864254
RFF,M1,cPTAC,Base,CZ03,24.965,41559671.99998981
RFF,M1,cPTAC,Base,CZ04,32.625416666666666,52075528.936982274
RFF,M1,cPTAC,Base,CZ05,22.50375,39057795.65925719
RFF,M1,cPTAC,Base,CZ06,25.29583333333333,42990196.75024566
RFF,M1,cPTAC,Base,CZ07,25.2725,45375101.20873008
RFF,M1,cPTAC,Base,CZ08,32.28541666666666,52889202.76661531
RFF,M1,cPTAC,Base,CZ09,35.456250000000004,56896786.3131433
RFF,M1,cPTAC,Base,CZ10,35.55666666666667,56906170.021042064
RFF,M1,cPTAC,Base,CZ11,36.25708333333334,57182904.28212555
RFF,M1,cPTAC,Base,CZ12,33.139583333333334,52769984.875658646
RFF,M1,cPTAC,Base,CZ13,37.3975,58200025.26287731
RFF,M1,cPTAC,Base,CZ14,33.69791666666667,52144226.124047
RFF,M1,cPTAC,Base,CZ15,42.32083333333334,66290868.35169879
RFF,M1,cPTAC,Base,CZ16,25.15416666666667,43578330.58049202
RFF,M1,cPTAC,Measure,CZ01,16.715000000000003,30570681.65253948
RFF,M1,cPTAC,Measure,CZ02,25.97041666666667,43730172.05693445
RFF,M1,cPTAC,Measure,CZ03,24.965,41608663.94512026
RFF,M1,cPTAC,Measure,CZ04,32.625416666666666,52117051.39563806
RFF,M1,cPTAC,Measure,CZ05,22.50375,39102828.74961065
RFF,M1,cPTAC,Measure,CZ06,25.29583333333333,42993826.69252889
RFF,M1,cPTAC,Measure,CZ07,25.2725,45356076.51322001
RFF,M1,cPTAC,Measure,CZ08,32.28541666666666,52892415.66650501
RFF,M1,cPTAC,Measure,CZ09,35.456250000000004,56890830.00880592
RFF,M1,cPTAC,Measure,CZ10,35.55666666666667,56901374.87193709
RFF,M1,cPTAC,Measure,CZ11,36.25708333333334,57180608.36102458
RFF,M1,cPTAC,Measure,CZ12,33.139583333333334,52806381.79448319
RFF,M1,cPTAC,Measure,CZ13,37.3975,58200741.30828889
RFF,M1,cPTAC,Measure,CZ14,33.69791666666667,52134407.29253693
RFF,M1,cPTAC,Measure,CZ15,42.32083333333334,66294966.40989356
RFF,M1,cPTAC,Measure,CZ16,25.15416666666667,43546672.20392391
RFF,M1,cPVVG,Base,CZ01,16.715000000000003,27388178.013946928
RFF,M1,cPVVG,Base,CZ02,25.97041666666667,40415631.85735703
RFF,M1,cPVVG,Base,CZ03,24.965,38850419.90451065
RFF,M1,cPVVG,Base,CZ04,32.625416666666666,50076419.18002153
RFF,M1,cPVVG,Base,CZ05,22.50375,35937905.57259193
RFF,M1,cPVVG,Base,CZ06,25.29583333333333,40353486.00162582
RFF,M1,cPVVG,Base,CZ07,25.2725,42997873.67183933
RFF,M1,cPVVG,Base,CZ08,32.28541666666666,50753051.0151467
RFF,M1,cPVVG,Base,CZ09,35.456250000000004,55066454.07177141
RFF,M1,cPVVG,Base,CZ10,35.55666666666667,54875595.57865252
RFF,M1,cPVVG,Base,CZ11,36.25708333333334,55217137.41672516
RFF,M1,cPVVG,Base,CZ12,33.139583333333334,50627222.753309086
RFF,M1,cPVVG,Base,CZ13,37.3975,56453163.0148049
RFF,M1,cPVVG,Base,CZ14,33.69791666666667,50329666.88738125
RFF,M1,cPVVG,Base,CZ15,42.32083333333334,65118922.082761854
RFF,M1,cPVVG,Base,CZ16,25.15416666666667,40132030.297486365
RFF,M1,cPVVG,Measure,CZ01,16.715000000000003,27507914.43582864
RFF,M1,cPVVG,Measure,CZ02,25.97041666666667,40599846.16251054
RFF,M1,cPVVG,Measure,CZ03,24.965,39002947.22594425
RFF,M1,cPVVG,Measure,CZ04,32.625416666666666,50221600.83398935
RFF,M1,cPVVG,Measure,CZ05,22.50375,36076484.7925599
RFF,M1,cPVVG,Measure,CZ06,25.29583333333333,40437945.3486501
RFF,M1,cPVVG,Measure,CZ07,25.2725,43041895.50979926
RFF,M1,cPVVG,Measure,CZ08,32.28541666666666,50836286.004583344
RFF,M1,cPVVG,Measure,CZ09,35.456250000000004,55132979.94894317
RFF,M1,cPVVG,Measure,CZ10,35.55666666666667,54948673.857696615
RFF,M1,cPVVG,Measure,CZ11,36.25708333333334,55286327.32777889
RFF,M1,cPVVG,Measure,CZ12,33.139583333333334,50773846.43745502
RFF,M1,cPVVG,Measure,CZ13,37.3975,56517749.856482446
RFF,M1,cPVVG,Measure,CZ14,33.69791666666667,50383385.99444372
RFF,M1,cPVVG,Measure,CZ15,42.32083333333334,65125667.12617506
RFF,M1,cPVVG,Measure,CZ16,25.15416666666667,40157516.78432101
RFF,M2,cDXGF,Base,CZ01,16.715000000000003,36590629.81832035
RFF,M2,cDXGF,Base,CZ02,25.97041666666667,45168783.87664066
RFF,M2,cDXGF,Base,CZ03,24.965,43630761.67763636
RFF,M2,cDXGF,Base,CZ04,32.625416666666666,51020616.85814451
RFF,M2,cDXGF,Base,CZ05,22.50375,42717371.36740117
RFF,M2,cDXGF,Base,CZ06,25.29583333333333,44027630.50443004
RFF,M2,cDXGF,Base,CZ07,25.2725,44488367.7168924
RFF,M2,cDXGF,Base,CZ08,32.28541666666666,51570936.39299387
RFF,M2,cDXGF,Base,CZ09,35.456250000000004,54718075.13796769
RFF,M2,cDXGF,Base,CZ10,35.55666666666667,54466030.03000801
RFF,M2,cDXGF,Base,CZ11,36.25708333333334,54113968.33812377
RFF,M2,cDXGF,Base,CZ12,33.139583333333334,51131487.28137767
RFF,M2,cDXGF,Base,CZ13,37.3975,55199786.13077437
RFF,M2,cDXGF,Base,CZ14,33.69791666666667,50359217.0830539
RFF,M2,cDXGF,Base,CZ15,42.32083333333334,61212941.09700783
RFF,M2,cDXGF,Base,CZ16,25.15416666666667,44786380.25755333
RFF,M2,cDXGF,Measure,CZ01,16.715000000000003,36487290.8410485
RFF,M2,cDXGF,Measure,CZ02,25.97041666666667,45041628.718792856
RFF,M2,cDXGF,Measure,CZ03,24.965,43513039.92177562
RFF,M2,cDXGF,Measure,CZ04,32.625416666666666,50894461.25788067
RFF,M2,cDXGF,Measure,CZ05,22.50375,42584928.998098575
RFF,M2,cDXGF,Measure,CZ06,25.29583333333333,43929531.33187607
RFF,M2,cDXGF,Measure,CZ07,25.2725,44417596.11523254
RFF,M2,cDXGF,Measure,CZ08,32.28541666666666,51470443.02964654
RFF,M2,cDXGF,Measure,CZ09,35.456250000000004,54622850.16851449
RFF,M2,cDXGF,Measure,CZ10,35.55666666666667,54355029.14925356
RFF,M2,cDXGF,Measure,CZ11,36.25708333333334,54084669.64797232
RFF,M2,cDXGF,Measure,CZ12,33.139583333333334,51027946.78637028
RFF,M2,cDXGF,Measure,CZ13,37.3975,55169410.50333349
RFF,M2,cDXGF,Measure,CZ14,33.69791666666667,50323464.04022066
RFF,M2,cDXGF,Measure,CZ15,42.32083333333334,61217825.04463969
RFF,M2,cDXGF,Measure,CZ16,25.15416666666667,44730275.03490288
RFF,M2,cDXHP,Base,CZ01,16.715000000000003,36653804.18705404
RFF,M2,cDXHP,Base,CZ02,25.97041666666667,45176546.66738446
RFF,M2,cDXHP,Base,CZ03,24.965,43695318.94358626
RFF,M2,cDXHP,Base,CZ04,32.625416666666666,51064185.03461983
RFF,M2,cDXHP,Base,CZ05,22.50375,42752207.99213742
RFF,M2,cDXHP,Base,CZ06,25.29583333333333,44065042.82585681
RFF,M2,cDXHP,Base,CZ07,25.2725,44529883.58142623
RFF,M2,cDXHP,Base,CZ08,32.28541666666666,51625739.63818856
RFF,M2,cDXHP,Base,CZ09,35.456250000000004,54786658.56460047
RFF,M2,cDXHP,Base,CZ10,35.55666666666667,54496679.82825487
RFF,M2,cDXHP,Base,CZ11,36.25708333333334,54145150.06863429
RFF,M2,cDXHP,Base,CZ12,33.139583333333334,51163655.56740975
RFF,M2,cDXHP,Base,CZ13,37.3975,55237371.881152645
RFF,M2,cDXHP,Base,CZ14,33.69791666666667,50383148.90022758
RFF,M2,cDXHP,Base,CZ15,42.32083333333334,61212941.09700804
RFF,M2,cDXHP,Base,CZ16,25.15416666666667,44839961.34861003
RFF,M2,cDXHP,Measure,CZ01,16.715000000000003,36546435.3665355
RFF,M2,cDXHP,Measure,CZ02,25.97041666666667,45045525.41646455
RFF,M2,cDXHP,Measure,CZ03,24.965,43572035.81344866
RFF,M2,cDXHP,Measure,CZ04,32.625416666666666,50932972.953798205
RFF,M2,cDXHP,Measure,CZ05,22.50375,42618569.84426789
RFF,M2,cDXHP,Measure,CZ06,25.29583333333333,43962939.75203518
RFF,M2,cDXHP,Measure,CZ07,25.2725,44457224.64505851
RFF,M2,cDXHP,Measure,CZ08,32.28541666666666,51522849.00572615
RFF,M2,cDXHP,Measure,CZ09,35.456250000000004,54689593.16677243
RFF,M2,cDXHP,Measure,CZ10,35.55666666666667,54383870.731866285
RFF,M2,cDXHP,Measure,CZ11,36.25708333333334,54115404.67345217
RFF,M2,cDXHP,Measure,CZ12,33.139583333333334,51057237.75594975
RFF,M2,cDXHP,Measure,CZ13,37.3975,55206760.26025464
RFF,M2,cDXHP,Measure,CZ14,33.69791666666667,50346639.30604851
RFF,M2,cDXHP,Measure,CZ15,42.32083333333334,61217825.0446392
RFF,M2,cDXHP,Measure,CZ16,25.15416666666667,44782606.75884963
RFF,M2,cPTAC,Base,CZ01,16.715000000000003,36590629.818327166
RFF,M2,cPTAC,Base,CZ02,25.97041666666667,45168783.87664949
RFF,M2,cPTAC,Base,CZ03,24.965,43630761.67763324
RFF,M2,cPTAC,Base,CZ04,32.625416666666666,51020616.85814392
RFF,M2,cPTAC,Base,CZ05,22.50375,42717371.36738906
RFF,M2,cPTAC,Base,CZ06,25.29583333333333,44027630.504427455
RFF,M2,cPTAC,Base,CZ07,25.2725,44488367.71688893
RFF,M2,cPTAC,Base,CZ08,32.28541666666666,51570936.39299257
RFF,M2,cPTAC,Base,CZ09,35.456250000000004,54718075.13795213
RFF,M2,cPTAC,Base,CZ10,35.55666666666667,54466030.03001132
RFF,M2,cPTAC,Base,CZ11,36.25708333333334,54113968.33812187
RFF,M2,cPTAC,Base,CZ12,33.139583333333334,51131487.281384185
RFF,M2,cPTAC,Base,CZ13,37.3975,55199786.13076642
RFF,M2,cPTAC,Base,CZ14,33.69791666666667,50359217.08305572
RFF,M2,cPTAC,Base,CZ15,42.32083333333334,61212941.09700756
RFF,M2,cPTAC,Base,CZ16,25.15416666666667,44786380.2576231
RFF,M2,cPTAC,Measure,CZ01,16.715000000000003,36487290.59199979
RFF,M2,cPTAC,Measure,CZ02,25.97041666666667,45041628.718787104
RFF,M2,cPTAC,Measure,CZ03,24.965,43513039.92177173
RFF,M2,cPTAC,Measure,CZ04,32.625416666666666,50894461.25788281
RFF,M2,cPTAC,Measure,CZ05,22.50375,42584928.99794796
RFF,M2,cPTAC,Measure,CZ06,25.29583333333333,43929531.33188185
RFF,M2,cPTAC,Measure,CZ07,25.2725,44417596.11539194
RFF,M2,cPTAC,Measure,CZ08,32.28541666666666,51470443.02964479
RFF,M2,cPTAC,Measure,CZ09,35.456250000000004,54622850.168517336
RFF,M2,cPTAC,Measure,CZ10,35.55666666666667,54355029.1492639
RFF,M2,cPTAC,Measure,CZ11,36.25708333333334,54084669.64797109
RFF,M2,cPTAC,Measure,CZ12,33.139583333333334,51027946.78636913
RFF,M2,cPTAC,Measure,CZ13,37.3975,55169410.50335266
RFF,M2,cPTAC,Measure,CZ14,33.69791666666667,50323464.04022038
RFF,M2,cPTAC,Measure,CZ15,42.32083333333334,61217825.04463824
RFF,M2,cPTAC,Measure,CZ16,25.15416666666667,44730275.04530686
RFF,M2,cPVVG,Base,CZ01,16.715000000000003,34188000.85727526
RFF,M2,cPVVG,Base,CZ02,25.97041666666667,42079441.93032336
RFF,M2,cPVVG,Base,CZ03,24.965,41137190.19550441
RFF,M2,cPVVG,Base,CZ04,32.625416666666666,48593917.4505052
RFF,M2,cPVVG,Base,CZ05,22.50375,39939423.5770909
RFF,M2,cPVVG,Base,CZ06,25.29583333333333,41662897.32240938
RFF,M2,cPVVG,Base,CZ07,25.2725,41947477.99152779
RFF,M2,cPVVG,Base,CZ08,32.28541666666666,48926295.725221485
RFF,M2,cPVVG,Base,CZ09,35.456250000000004,52042952.035931244
RFF,M2,cPVVG,Base,CZ10,35.55666666666667,51528140.90786061
RFF,M2,cPVVG,Base,CZ11,36.25708333333334,51396362.47562591
RFF,M2,cPVVG,Base,CZ12,33.139583333333334,48678002.62054241
RFF,M2,cPVVG,Base,CZ13,37.3975,52648414.31782886
RFF,M2,cPVVG,Base,CZ14,33.69791666666667,47780999.38727968
RFF,M2,cPVVG,Base,CZ15,42.32083333333334,58770866.22419904
RFF,M2,cPVVG,Base,CZ16,25.15416666666667,41562422.26168798
RFF,M2,cPVVG,Measure,CZ01,16.715000000000003,34132725.73846458
RFF,M2,cPVVG,Measure,CZ02,25.97041666666667,42017152.63168274
RFF,M2,cPVVG,Measure,CZ03,24.965,41078539.91668395
RFF,M2,cPVVG,Measure,CZ04,32.625416666666666,48530353.04760718
RFF,M2,cPVVG,Measure,CZ05,22.50375,39873374.80507234
RFF,M2,cPVVG,Measure,CZ06,25.29583333333333,41611922.36182165
RFF,M2,cPVVG,Measure,CZ07,25.2725,41906980.32573774
RFF,M2,cPVVG,Measure,CZ08,32.28541666666666,48869786.14407809
RFF,M2,cPVVG,Measure,CZ09,35.456250000000004,51989463.60929719
RFF,M2,cPVVG,Measure,CZ10,35.55666666666667,51469672.48632608
RFF,M2,cPVVG,Measure,CZ11,36.25708333333334,51372482.74863859
RFF,M2,cPVVG,Measure,CZ12,33.139583333333334,48615919.2199039
RFF,M2,cPVVG,Measure,CZ13,37.3975,52625741.90171501
RFF,M2,cPVVG,Measure,CZ14,33.69791666666667,47753879.46951196
RFF,M2,cPVVG,Measure,CZ15,42.32083333333334,58780305.59382932
RFF,M2,cPVVG,Measure,CZ16,25.15416666666667,41521122.76205008
RFF,M3,cDXGF,Base,CZ01,16.715000000000003,33518871.28298299
RFF,M3,cDXGF,Base,CZ02,25.97041666666667,41281422.33233179
RFF,M3,cDXGF,Base,CZ03,24.965,40602767.5823876
RFF,M3,cDXGF,Base,CZ04,32.625416666666666,48202225.76043639
RFF,M3,cDXGF,Base,CZ05,22.50375,39264901.94588719
RFF,M3,cDXGF,Base,CZ06,25.29583333333333,41112666.804391205
RFF,M3,cDXGF,Base,CZ07,25.2725,41347249.38368691
RFF,M3,cDXGF,Base,CZ08,32.28541666666666,48357172.52329779
RFF,M3,cDXGF,Base,CZ09,35.456250000000004,51496041.589435935
RFF,M3,cDXGF,Base,CZ10,35.55666666666667,51061116.73982133
RFF,M3,cDXGF,Base,CZ11,36.25708333333334,51077919.74510808
RFF,M3,cDXGF,Base,CZ12,33.139583333333334,48317935.98778719
RFF,M3,cDXGF,Base,CZ13,37.3975,52363307.14005037
RFF,M3,cDXGF,Base,CZ14,33.69791666666667,47394520.382172965
RFF,M3,cDXGF,Base,CZ15,42.32083333333334,58829916.552066416
RFF,M3,cDXGF,Base,CZ16,25.15416666666667,40811029.56043665
RFF,M3,cDXGF,Measure,CZ01,16.715000000000003,32099942.179003924
RFF,M3,cDXGF,Measure,CZ02,25.97041666666667,39134211.00345919
RFF,M3,cDXGF,Measure,CZ03,24.965,38411333.21898663
RFF,M3,cDXGF,Measure,CZ04,32.625416666666666,45303371.62262055
RFF,M3,cDXGF,Measure,CZ05,22.50375,37239738.57775623
RFF,M3,cDXGF,Measure,CZ06,25.29583333333333,38917885.007683165
RFF,M3,cDXGF,Measure,CZ07,25.2725,39147644.83142664
RFF,M3,cDXGF,Measure,CZ08,32.28541666666666,45481894.26316686
RFF,M3,cDXGF,Measure,CZ09,35.456250000000004,48254971.863157615
RFF,M3,cDXGF,Measure,CZ10,35.55666666666667,47936655.65234413
RFF,M3,cDXGF,Measure,CZ11,36.25708333333334,47684932.14094351
RFF,M3,cDXGF,Measure,CZ12,33.139583333333334,45358640.11296801
RFF,M3,cDXGF,Measure,CZ13,37.3975,48862263.50671953
RFF,M3,cDXGF,Measure,CZ14,33.69791666666667,44482223.20832764
RFF,M3,cDXGF,Measure,CZ15,42.32083333333334,54582949.23647757
RFF,M3,cDXGF,Measure,CZ16,25.15416666666667,38673461.53974896
RFF,M3,cDXHP,Base,CZ01,16.715000000000003,32635811.89557325
RFF,M3,cDXHP,Base,CZ02,25.97041666666667,40748685.86193576
RFF,M3,cDXHP,Base,CZ03,24.965,39851567.48385753
RFF,M3,cDXHP,Base,CZ04,32.625416666666666,47761140.19817428
RFF,M3,cDXHP,Base,CZ05,22.50375,38328949.826261416
RFF,M3,cDXHP,Base,CZ06,25.29583333333333,40426306.24255224
RFF,M3,cDXHP,Base,CZ07,25.2725,40851540.32392034
RFF,M3,cDXHP,Base,CZ08,32.28541666666666,48076650.688895
RFF,M3,cDXHP,Base,CZ09,35.456250000000004,51280558.043167725
RFF,M3,cDXHP,Base,CZ10,35.55666666666667,50903391.75450933
RFF,M3,cDXHP,Base,CZ11,36.25708333333334,50852970.160702296
RFF,M3,cDXHP,Base,CZ12,33.139583333333334,48011092.97685803
RFF,M3,cDXHP,Base,CZ13,37.3975,52196392.68775664
RFF,M3,cDXHP,Base,CZ14,33.69791666666667,46917436.75847678
RFF,M3,cDXHP,Base,CZ15,42.32083333333334,58829916.55206589
RFF,M3,cDXHP,Base,CZ16,25.15416666666667,40105406.02214873
RFF,M3,cDXHP,Measure,CZ01,16.715000000000003,31206649.687751703
RFF,M3,cDXHP,Measure,CZ02,25.97041666666667,38575298.03879989
RFF,M3,cDXHP,Measure,CZ03,24.965,37635886.47539105
RFF,M3,cDXHP,Measure,CZ04,32.625416666666666,44816301.56091169
RFF,M3,cDXHP,Measure,CZ05,22.50375,36289058.67251041
RFF,M3,cDXHP,Measure,CZ06,25.29583333333333,38223379.87028568
RFF,M3,cDXHP,Measure,CZ07,25.2725,38639822.986217245
RFF,M3,cDXHP,Measure,CZ08,32.28541666666666,45175246.26955684
RFF,M3,cDXHP,Measure,CZ09,35.456250000000004,48013588.25815269
RFF,M3,cDXHP,Measure,CZ10,35.55666666666667,47756476.49520006
RFF,M3,cDXHP,Measure,CZ11,36.25708333333334,47427796.40842955
RFF,M3,cDXHP,Measure,CZ12,33.139583333333334,45016467.87958677
RFF,M3,cDXHP,Measure,CZ13,37.3975,48668553.45838533
RFF,M3,cDXHP,Measure,CZ14,33.69791666666667,43975815.40823284
RFF,M3,cDXHP,Measure,CZ15,42.32083333333334,54582949.23647776
RFF,M3,cDXHP,Measure,CZ16,25.15416666666667,37971389.6021494
RFF,M3,cPTAC,Base,CZ01,16.715000000000003,33518576.99317264
RFF,M3,cPTAC,Base,CZ02,25.97041666666667,41281422.3323148
RFF,M3,cPTAC,Base,CZ03,24.965,40602767.58238778
RFF,M3,cPTAC,Base,CZ04,32.625416666666666,48202225.76043749
RFF,M3,cPTAC,Base,CZ05,22.50375,39264573.30577053
RFF,M3,cPTAC,Base,CZ06,25.29583333333333,41112666.80439286
RFF,M3,cPTAC,Base,CZ07,25.2725,41347249.38367142
RFF,M3,cPTAC,Base,CZ08,32.28541666666666,48357172.52329488
RFF,M3,cPTAC,Base,CZ09,35.456250000000004,51496041.58998209
RFF,M3,cPTAC,Base,CZ10,35.55666666666667,51061116.73981403
RFF,M3,cPTAC,Base,CZ11,36.25708333333334,51077919.74510905
RFF,M3,cPTAC,Base,CZ12,33.139583333333334,48317935.98778847
RFF,M3,cPTAC,Base,CZ13,37.3975,52363307.14004427
RFF,M3,cPTAC,Base,CZ14,33.69791666666667,47394520.38217582
RFF,M3,cPTAC,Base,CZ15,42.32083333333334,58829916.55206627
RFF,M3,cPTAC,Base,CZ16,25.15416666666667,40811029.55816899
RFF,M3,cPTAC,Measure,CZ01,16.715000000000003,32099685.76146501
RFF,M3,cPTAC,Measure,CZ02,25.97041666666667,39134211.00344523
RFF,M3,cPTAC,Measure,CZ03,24.965,38411333.21898693
RFF,M3,cPTAC,Measure,CZ04,32.625416666666666,45303371.62262453
RFF,M3,cPTAC,Measure,CZ05,22.50375,37239446.660087824
RFF,M3,cPTAC,Measure,CZ06,25.29583333333333,38917885.007683694
RFF,M3,cPTAC,Measure,CZ07,25.2725,39147644.83141874
RFF,M3,cPTAC,Measure,CZ08,32.28541666666666,45481894.26316361
RFF,M3,cPTAC,Measure,CZ09,35.456250000000004,48254971.86301148
RFF,M3,cPTAC,Measure,CZ10,35.55666666666667,47936655.65233976
RFF,M3,cPTAC,Measure,CZ11,36.25708333333334,47684932.14094311
RFF,M3,cPTAC,Measure,CZ12,33.139583333333334,45358640.1129736
RFF,M3,cPTAC,Measure,CZ13,37.3975,48862263.50670693
RFF,M3,cPTAC,Measure,CZ14,33.69791666666667,44482223.20832836
RFF,M3,cPTAC,Measure,CZ15,42.32083333333334,54582949.23647738
RFF,M3,cPTAC,Measure,CZ16,25.15416666666667,38673461.53911203
RFF,M3,cPVVG,Base,CZ01,16.715000000000003,33207534.25730508
RFF,M3,cPVVG,Base,CZ02,25.97041666666667,40861605.9219098
RFF,M3,cPVVG,Base,CZ03,24.965,40208172.08993922
RFF,M3,cPVVG,Base,CZ04,32.625416666666666,47824215.46382888
RFF,M3,cPVVG,Base,CZ05,22.50375,38860342.39259723
RFF,M3,cPVVG,Base,CZ06,25.29583333333333,40759893.25046379
RFF,M3,cPVVG,Base,CZ07,25.2725,40972394.73915774
RFF,M3,cPVVG,Base,CZ08,32.28541666666666,47962741.20512005
RFF,M3,cPVVG,Base,CZ09,35.456250000000004,51096435.91225575
RFF,M3,cPVVG,Base,CZ10,35.55666666666667,50646954.31966673
RFF,M3,cPVVG,Base,CZ11,36.25708333333334,50653859.97830844
RFF,M3,cPVVG,Base,CZ12,33.139583333333334,47942777.76854545
RFF,M3,cPVVG,Base,CZ13,37.3975,51956547.34840365
RFF,M3,cPVVG,Base,CZ14,33.69791666666667,46985631.16729249
RFF,M3,cPVVG,Base,CZ15,42.32083333333334,58419708.73625761
RFF,M3,cPVVG,Base,CZ16,25.15416666666667,40295346.20017903
RFF,M3,cPVVG,Measure,CZ01,16.715000000000003,31801212.711192574
RFF,M3,cPVVG,Measure,CZ02,25.97041666666667,38732126.06258068
RFF,M3,cPVVG,Measure,CZ03,24.965,38033175.32376559
RFF,M3,cPVVG,Measure,CZ04,32.625416666666666,44941974.57424268
RFF,M3,cPVVG,Measure,CZ05,22.50375,36851769.72920368
RFF,M3,cPVVG,Measure,CZ06,25.29583333333333,38579098.99598565
RFF,M3,cPVVG,Measure,CZ07,25.2725,38787684.49742399
RFF,M3,cPVVG,Measure,CZ08,32.28541666666666,45104811.931549326
RFF,M3,cPVVG,Measure,CZ09,35.456250000000004,47873868.38799058
RFF,M3,cPVVG,Measure,CZ10,35.55666666666667,47541868.65287832
RFF,M3,cPVVG,Measure,CZ11,36.25708333333334,47280957.48926242
RFF,M3,cPVVG,Measure,CZ12,33.139583333333334,45000150.07934171
RFF,M3,cPVVG,Measure,CZ13,37.3975,48475128.264899306
RFF,M3,cPVVG,Measure,CZ14,33.69791666666667,44092039.20974293
RFF,M3,cPVVG,Measure,CZ15,42.32083333333334,54194239.74491599
RFF,M3,cPVVG,Measure,CZ16,25.15416666666667,38179205.106451735
RFF,M4,cDXGF,Base,CZ01,16.715000000000003,33347874.765745547
RFF,M4,cDXGF,Base,CZ02,25.97041666666667,44802720.38151933
RFF,M4,cDXGF,Base,CZ03,24.965,42842842.28920095
RFF,M4,cDXGF,Base,CZ04,32.625416666666666,52075576.30242904
RFF,M4,cDXGF,Base,CZ05,22.50375,41004224.67220161
RFF,M4,cDXGF,Base,CZ06,25.29583333333333,43421388.99263135
RFF,M4,cDXGF,Base,CZ07,25.2725,45375104.58598442
RFF,M4,cDXGF,Base,CZ08,32.28541666666666,52889300.40692221
RFF,M4,cDXGF,Base,CZ09,35.456250000000004,56900192.892169885
RFF,M4,cDXGF,Base,CZ10,35.55666666666667,56908557.73148447
RFF,M4,cDXGF,Base,CZ11,36.25708333333334,57182897.18596573
RFF,M4,cDXGF,Base,CZ12,33.139583333333334,52769935.796437934
RFF,M4,cDXGF,Base,CZ13,37.3975,58200003.82569768
RFF,M4,cDXGF,Base,CZ14,33.69791666666667,52142516.64616459
RFF,M4,cDXGF,Base,CZ15,42.32083333333334,66290868.35121997
RFF,M4,cDXGF,Base,CZ16,25.15416666666667,43917013.67514238
RFF,M4,cDXGF,Measure,CZ01,16.715000000000003,33464067.57810094
RFF,M4,cDXGF,Measure,CZ02,25.97041666666667,44876618.06800107
RFF,M4,cDXGF,Measure,CZ03,24.965,42893649.1240716
RFF,M4,cDXGF,Measure,CZ04,32.625416666666666,52117167.99541152
RFF,M4,cDXGF,Measure,CZ05,22.50375,41058162.98638088
RFF,M4,cDXGF,Measure,CZ06,25.29583333333333,43425543.25313696
RFF,M4,cDXGF,Measure,CZ07,25.2725,45356108.64105101
RFF,M4,cDXGF,Measure,CZ08,32.28541666666666,52892506.06564532
RFF,M4,cDXGF,Measure,CZ09,35.456250000000004,56894293.83103954
RFF,M4,cDXGF,Measure,CZ10,35.55666666666667,56903735.46324986
RFF,M4,cDXGF,Measure,CZ11,36.25708333333334,57180603.74762217
RFF,M4,cDXGF,Measure,CZ12,33.139583333333334,52806339.63662452
RFF,M4,cDXGF,Measure,CZ13,37.3975,58200725.2545511
RFF,M4,cDXGF,Measure,CZ14,33.69791666666667,52132692.22580275
RFF,M4,cDXGF,Measure,CZ15,42.32083333333334,66294966.40930319
RFF,M4,cDXGF,Measure,CZ16,25.15416666666667,43885165.64602031
RFF,M4,cDXHP,Base,CZ01,16.715000000000003,33322933.815732226
RFF,M4,cDXHP,Base,CZ02,25.97041666666667,44605495.86282754
RFF,M4,cDXHP,Base,CZ03,24.965,42847671.22132282
RFF,M4,cDXHP,Base,CZ04,32.625416666666666,52365498.811523326
RFF,M4,cDXHP,Base,CZ05,22.50375,41178556.1797791
RFF,M4,cDXHP,Base,CZ06,25.29583333333333,43273523.1274626
RFF,M4,cDXHP,Base,CZ07,25.2725,45200960.40704263
RFF,M4,cDXHP,Base,CZ08,32.28541666666666,53074383.90439951
RFF,M4,cDXHP,Base,CZ09,35.456250000000004,57240851.58530951
RFF,M4,cDXHP,Base,CZ10,35.55666666666667,57079968.21209487
RFF,M4,cDXHP,Base,CZ11,36.25708333333334,57292618.28106424
RFF,M4,cDXHP,Base,CZ12,33.139583333333334,52749727.563635655
RFF,M4,cDXHP,Base,CZ13,37.3975,58322480.53455396
RFF,M4,cDXHP,Base,CZ14,33.69791666666667,52381694.77986288
RFF,M4,cDXHP,Base,CZ15,42.32083333333334,66290868.35122
RFF,M4,cDXHP,Base,CZ16,25.15416666666667,44017019.84576905
RFF,M4,cDXHP,Measure,CZ01,16.715000000000003,33431371.46017368
RFF,M4,cDXHP,Measure,CZ02,25.97041666666667,44678484.34377539
RFF,M4,cDXHP,Measure,CZ03,24.965,42897945.78650466
RFF,M4,cDXHP,Measure,CZ04,32.625416666666666,52408543.78275803
RFF,M4,cDXHP,Measure,CZ05,22.50375,41231977.98945479
RFF,M4,cDXHP,Measure,CZ06,25.29583333333333,43276294.43909877
RFF,M4,cDXHP,Measure,CZ07,25.2725,45181162.554093614
RFF,M4,cDXHP,Measure,CZ08,32.28541666666666,53077985.42464135
RFF,M4,cDXHP,Measure,CZ09,35.456250000000004,57234580.98349399
RFF,M4,cDXHP,Measure,CZ10,35.55666666666667,57073954.73224536
RFF,M4,cDXHP,Measure,CZ11,36.25708333333334,57290502.79127585
RFF,M4,cDXHP,Measure,CZ12,33.139583333333334,52786296.52035421
RFF,M4,cDXHP,Measure,CZ13,37.3975,58323358.44856039
RFF,M4,cDXHP,Measure,CZ14,33.69791666666667,52367940.52027044
RFF,M4,cDXHP,Measure,CZ15,42.32083333333334,66294966.409303166
RFF,M4,cDXHP,Measure,CZ16,25.15416666666667,43985406.736033335
RFF,M4,cPTAC,Base,CZ01,16.715000000000003,33290412.650623456
RFF,M4,cPTAC,Base,CZ02,25.97041666666667,44802720.354783386
RFF,M4,cPTAC,Base,CZ03,24.965,42842222.31510703
RFF,M4,cPTAC,Base,CZ04,32.625416666666666,52075576.302427694
RFF,M4,cPTAC,Base,CZ05,22.50375,40989835.145193815
RFF,M4,cPTAC,Base,CZ06,25.29583333333333,43421388.99263133
RFF,M4,cPTAC,Base,CZ07,25.2725,45375104.58597953
RFF,M4,cPTAC,Base,CZ08,32.28541666666666,52889300.40692319
RFF,M4,cPTAC,Base,CZ09,35.456250000000004,56900192.89217359
RFF,M4,cPTAC,Base,CZ10,35.55666666666667,56908557.73148298
RFF,M4,cPTAC,Base,CZ11,36.25708333333334,57182897.1859635
RFF,M4,cPTAC,Base,CZ12,33.139583333333334,52769935.796436265
RFF,M4,cPTAC,Base,CZ13,37.3975,58200003.82568778
RFF,M4,cPTAC,Base,CZ14,33.69791666666667,52142516.64616634
RFF,M4,cPTAC,Base,CZ15,42.32083333333334,66290868.351219565
RFF,M4,cPTAC,Base,CZ16,25.15416666666667,43917013.73831104
RFF,M4,cPTAC,Measure,CZ01,16.715000000000003,33414562.56145662
RFF,M4,cPTAC,Measure,CZ02,25.97041666666667,44876618.06559463
RFF,M4,cPTAC,Measure,CZ03,24.965,42893429.905306965
RFF,M4,cPTAC,Measure,CZ04,32.625416666666666,52117167.99541292
RFF,M4,cPTAC,Measure,CZ05,22.50375,41045537.69928306
RFF,M4,cPTAC,Measure,CZ06,25.29583333333333,43425543.253133565
RFF,M4,cPTAC,Measure,CZ07,25.2725,45356108.64105251
RFF,M4,cPTAC,Measure,CZ08,32.28541666666666,52892506.0656466
RFF,M4,cPTAC,Measure,CZ09,35.456250000000004,56894293.83103696
RFF,M4,cPTAC,Measure,CZ10,35.55666666666667,56903735.46325113
RFF,M4,cPTAC,Measure,CZ11,36.25708333333334,57180603.74762325
RFF,M4,cPTAC,Measure,CZ12,33.139583333333334,52806339.636624224
RFF,M4,cPTAC,Measure,CZ13,37.3975,58200725.25455248
RFF,M4,cPTAC,Measure,CZ14,33.69791666666667,52132692.22580369
RFF,M4,cPTAC,Measure,CZ15,42.32083333333334,66294966.4093034
RFF,M4,cPTAC,Measure,CZ16,25.15416666666667,43885165.775287226
RFF,M4,cPVVG,Base,CZ01,16.715000000000003,29694603.60005498
RFF,M4,cPVVG,Base,CZ02,25.97041666666667,41386652.68131761
RFF,M4,cPVVG,Base,CZ03,24.965,40004096.05242469
RFF,M4,cPVVG,Base,CZ04,32.625416666666666,50076500.48734199
RFF,M4,cPVVG,Base,CZ05,22.50375,37648836.231698826
RFF,M4,cPVVG,Base,CZ06,25.29583333333333,40723310.285962015
RFF,M4,cPVVG,Base,CZ07,25.2725,42997874.75940799
RFF,M4,cPVVG,Base,CZ08,32.28541666666666,50753375.84474891
RFF,M4,cPVVG,Base,CZ09,35.456250000000004,55069825.37025736
RFF,M4,cPVVG,Base,CZ10,35.55666666666667,54878228.08137716
RFF,M4,cPVVG,Base,CZ11,36.25708333333334,55217122.81475959
RFF,M4,cPVVG,Base,CZ12,33.139583333333334,50627176.12972839
RFF,M4,cPVVG,Base,CZ13,37.3975,56453131.1467168
RFF,M4,cPVVG,Base,CZ14,33.69791666666667,50324506.759849705
RFF,M4,cPVVG,Base,CZ15,42.32083333333334,65118922.08273655
RFF,M4,cPVVG,Base,CZ16,25.15416666666667,40429983.53554033
RFF,M4,cPVVG,Measure,CZ01,16.715000000000003,29921200.781635445
RFF,M4,cPVVG,Measure,CZ02,25.97041666666667,41589412.76974301
RFF,M4,cPVVG,Measure,CZ03,24.965,40156571.21824579
RFF,M4,cPVVG,Measure,CZ04,32.625416666666666,50221721.05489789
RFF,M4,cPVVG,Measure,CZ05,22.50375,37809487.64268865
RFF,M4,cPVVG,Measure,CZ06,25.29583333333333,40812046.255378455
RFF,M4,cPVVG,Measure,CZ07,25.2725,43041897.80410599
RFF,M4,cPVVG,Measure,CZ08,32.28541666666666,50836604.90317132
RFF,M4,cPVVG,Measure,CZ09,35.456250000000004,55136373.09163034
RFF,M4,cPVVG,Measure,CZ10,35.55666666666667,54951301.41333789
RFF,M4,cPVVG,Measure,CZ11,36.25708333333334,55286313.16577204
RFF,M4,cPVVG,Measure,CZ12,33.139583333333334,50773805.69530758
RFF,M4,cPVVG,Measure,CZ13,37.3975,56517721.31818946
RFF,M4,cPVVG,Measure,CZ14,33.69791666666667,50378425.530174255
RFF,M4,cPVVG,Measure,CZ15,42.32083333333334,65125667.12633728
RFF,M4,cPVVG,Measure,CZ16,25.15416666666667,40455603.11182041
RFF,M5,cDXGF,Base,CZ01,16.715000000000003,32200010.578139696
RFF,M5,cDXGF,Base,CZ02,25.97041666666667,42002325.17177279
RFF,M5,cDXGF,Base,CZ03,24.965,40582601.47983008
RFF,M5,cDXGF,Base,CZ04,32.625416666666666,49110590.45330113
RFF,M5,cDXGF,Base,CZ05,22.50375,38369047.446086
RFF,M5,cDXGF,Base,CZ06,25.29583333333333,41191200.09178005
RFF,M5,cDXGF,Base,CZ07,25.2725,42833595.21532671
RFF,M5,cDXGF,Base,CZ08,32.28541666666666,49650087.349876136
RFF,M5,cDXGF,Base,CZ09,35.456250000000004,53600985.70058137
RFF,M5,cDXGF,Base,CZ10,35.55666666666667,52991724.98904906
RFF,M5,cDXGF,Base,CZ11,36.25708333333334,54287132.53063864
RFF,M5,cDXGF,Base,CZ12,33.139583333333334,50336852.63357546
RFF,M5,cDXGF,Base,CZ13,37.3975,55249850.49790163
RFF,M5,cDXGF,Base,CZ14,33.69791666666667,48491150.69639437
RFF,M5,cDXGF,Base,CZ15,42.32083333333334,63678962.837318994
RFF,M5,cDXGF,Base,CZ16,25.15416666666667,40442068.85886335
RFF,M5,cDXGF,Measure,CZ01,16.715000000000003,31307081.629907697
RFF,M5,cDXGF,Measure,CZ02,25.97041666666667,40356152.29254866
RFF,M5,cDXGF,Measure,CZ03,24.965,38988279.40385567
RFF,M5,cDXGF,Measure,CZ04,32.625416666666666,46894404.76171972
RFF,M5,cDXGF,Measure,CZ05,22.50375,36992285.19987436
RFF,M5,cDXGF,Measure,CZ06,25.29583333333333,39586624.22176337
RFF,M5,cDXGF,Measure,CZ07,25.2725,41068977.29835901
RFF,M5,cDXGF,Measure,CZ08,32.28541666666666,47411296.69729546
RFF,M5,cDXGF,Measure,CZ09,35.456250000000004,51003360.16080932
RFF,M5,cDXGF,Measure,CZ10,35.55666666666667,50498196.42448802
RFF,M5,cDXGF,Measure,CZ11,36.25708333333334,51448066.22304811
RFF,M5,cDXGF,Measure,CZ12,33.139583333333334,47946530.61733136
RFF,M5,cDXGF,Measure,CZ13,37.3975,52370208.1042344
RFF,M5,cDXGF,Measure,CZ14,33.69791666666667,46267454.46195732
RFF,M5,cDXGF,Measure,CZ15,42.32083333333334,60010432.44818492
RFF,M5,cDXGF,Measure,CZ16,25.15416666666667,38929556.88984303
RFF,M5,cDXHP,Base,CZ01,16.715000000000003,31970618.5951622
RFF,M5,cDXHP,Base,CZ02,25.97041666666667,41659839.66463151
RFF,M5,cDXHP,Base,CZ03,24.965,40086583.4331361
RFF,M5,cDXHP,Base,CZ04,32.625416666666666,48871047.36293889
RFF,M5,cDXHP,Base,CZ05,22.50375,37692930.475789495
RFF,M5,cDXHP,Base,CZ06,25.29583333333333,40531122.40923167
RFF,M5,cDXHP,Base,CZ07,25.2725,42310219.34378281
RFF,M5,cDXHP,Base,CZ08,32.28541666666666,49223057.75525807
RFF,M5,cDXHP,Base,CZ09,35.456250000000004,53210172.27533338
RFF,M5,cDXHP,Base,CZ10,35.55666666666667,52458631.76311261
RFF,M5,cDXHP,Base,CZ11,36.25708333333334,53963314.28355885
RFF,M5,cDXHP,Base,CZ12,33.139583333333334,50099809.8396997
RFF,M5,cDXHP,Base,CZ13,37.3975,54834151.814168885
RFF,M5,cDXHP,Base,CZ14,33.69791666666667,47429254.99060996
RFF,M5,cDXHP,Base,CZ15,42.32083333333334,63678962.8373183
RFF,M5,cDXHP,Base,CZ16,25.15416666666667,39794726.61496222
RFF,M5,cDXHP,Measure,CZ01,16.715000000000003,31008837.70686371
RFF,M5,cDXHP,Measure,CZ02,25.97041666666667,39967903.692812
RFF,M5,cDXHP,Measure,CZ03,24.965,38445166.49982186
RFF,M5,cDXHP,Measure,CZ04,32.625416666666666,46592483.109843805
RFF,M5,cDXHP,Measure,CZ05,22.50375,36282543.70746086
RFF,M5,cDXHP,Measure,CZ06,25.29583333333333,38916117.2994132
RFF,M5,cDXHP,Measure,CZ07,25.2725,40533172.12252158
RFF,M5,cDXHP,Measure,CZ08,32.28541666666666,46978593.53501785
RFF,M5,cDXHP,Measure,CZ09,35.456250000000004,50612175.1663314
RFF,M5,cDXHP,Measure,CZ10,35.55666666666667,49988443.590124026
RFF,M5,cDXHP,Measure,CZ11,36.25708333333334,51102994.382771626
RFF,M5,cDXHP,Measure,CZ12,33.139583333333334,47667811.64797763
RFF,M5,cDXHP,Measure,CZ13,37.3975,51956928.82649703
RFF,M5,cDXHP,Measure,CZ14,33.69791666666667,45235770.40741293
RFF,M5,cDXHP,Measure,CZ15,42.32083333333334,60010432.44818486
RFF,M5,cDXHP,Measure,CZ16,25.15416666666667,38279628.82584942
RFF,M5,cPTAC,Base,CZ01,16.715000000000003,32196495.83903764
RFF,M5,cPTAC,Base,CZ02,25.97041666666667,42002325.17176848
RFF,M5,cPTAC,Base,CZ03,24.965,40582601.47983265
RFF,M5,cPTAC,Base,CZ04,32.625416666666666,49110590.453301385
RFF,M5,cPTAC,Base,CZ05,22.50375,38368358.387838826
RFF,M5,cPTAC,Base,CZ06,25.29583333333333,41191200.09178907
RFF,M5,cPTAC,Base,CZ07,25.2725,42833595.21532518
RFF,M5,cPTAC,Base,CZ08,32.28541666666666,49650087.349874206
RFF,M5,cPTAC,Base,CZ09,35.456250000000004,53600985.70027541
RFF,M5,cPTAC,Base,CZ10,35.55666666666667,52991724.98904414
RFF,M5,cPTAC,Base,CZ11,36.25708333333334,54287132.53063755
RFF,M5,cPTAC,Base,CZ12,33.139583333333334,50336852.63357723
RFF,M5,cPTAC,Base,CZ13,37.3975,55249850.49790129
RFF,M5,cPTAC,Base,CZ14,33.69791666666667,48491150.69639394
RFF,M5,cPTAC,Base,CZ15,42.32083333333334,63678962.83731736
RFF,M5,cPTAC,Base,CZ16,25.15416666666667,40442068.81141037
RFF,M5,cPTAC,Measure,CZ01,16.715000000000003,31303868.52375541
RFF,M5,cPTAC,Measure,CZ02,25.97041666666667,40356152.29254672
RFF,M5,cPTAC,Measure,CZ03,24.965,38988279.403852224
RFF,M5,cPTAC,Measure,CZ04,32.625416666666666,46894404.76172391
RFF,M5,cPTAC,Measure,CZ05,22.50375,36991650.80698038
RFF,M5,cPTAC,Measure,CZ06,25.29583333333333,39586624.22177122
RFF,M5,cPTAC,Measure,CZ07,25.2725,41068977.2983564
RFF,M5,cPTAC,Measure,CZ08,32.28541666666666,47411296.69729422
RFF,M5,cPTAC,Measure,CZ09,35.456250000000004,51003360.160068095
RFF,M5,cPTAC,Measure,CZ10,35.55666666666667,50498196.42448997
RFF,M5,cPTAC,Measure,CZ11,36.25708333333334,51448066.22305115
RFF,M5,cPTAC,Measure,CZ12,33.139583333333334,47946530.61733726
RFF,M5,cPTAC,Measure,CZ13,37.3975,52370208.10423531
RFF,M5,cPTAC,Measure,CZ14,33.69791666666667,46267454.46195743
RFF,M5,cPTAC,Measure,CZ15,42.32083333333334,60010432.44818603
RFF,M5,cPTAC,Measure,CZ16,25.15416666666667,38929556.854668334
RFF,M5,cPVVG,Base,CZ01,16.715000000000003,31896936.19285341
RFF,M5,cPVVG,Base,CZ02,25.97041666666667,41594303.961245984
RFF,M5,cPVVG,Base,CZ03,24.965,40196684.879586846
RFF,M5,cPVVG,Base,CZ04,32.625416666666666,48756057.31022003
RFF,M5,cPVVG,Base,CZ05,22.50375,37980887.38775583
RFF,M5,cPVVG,Base,CZ06,25.29583333333333,40848542.0932298
RFF,M5,cPVVG,Base,CZ07,25.2725,42472219.05501585
RFF,M5,cPVVG,Base,CZ08,32.28541666666666,49298297.771638334
RFF,M5,cPVVG,Base,CZ09,35.456250000000004,53292842.17844316
RFF,M5,cPVVG,Base,CZ10,35.55666666666667,52639564.08933082
RFF,M5,cPVVG,Base,CZ11,36.25708333333334,53915569.86727397
RFF,M5,cPVVG,Base,CZ12,33.139583333333334,49992734.19650167
RFF,M5,cPVVG,Base,CZ13,37.3975,54900988.54903269
RFF,M5,cPVVG,Base,CZ14,33.69791666666667,48114220.00631558
RFF,M5,cPVVG,Base,CZ15,42.32083333333334,63390201.58886495
RFF,M5,cPVVG,Base,CZ16,25.15416666666667,39922421.43509667
RFF,M5,cPVVG,Measure,CZ01,16.715000000000003,31012532.34551871
RFF,M5,cPVVG,Measure,CZ02,25.97041666666667,39961300.806340605
RFF,M5,cPVVG,Measure,CZ03,24.965,38614273.611688375
RFF,M5,cPVVG,Measure,CZ04,32.625416666666666,46551718.58283278
RFF,M5,cPVVG,Measure,CZ05,22.50375,36615338.76550281
RFF,M5,cPVVG,Measure,CZ06,25.29583333333333,39254149.94183527
RFF,M5,cPVVG,Measure,CZ07,25.2725,40719225.96948236
RFF,M5,cPVVG,Measure,CZ08,32.28541666666666,47071280.00448404
RFF,M5,cPVVG,Measure,CZ09,35.456250000000004,50705851.27562016
RFF,M5,cPVVG,Measure,CZ10,35.55666666666667,50158826.827711135
RFF,M5,cPVVG,Measure,CZ11,36.25708333333334,51091210.33896358
RFF,M5,cPVVG,Measure,CZ12,33.139583333333334,47614550.86116106
RFF,M5,cPVVG,Measure,CZ13,37.3975,52035487.12585333
RFF,M5,cPVVG,Measure,CZ14,33.69791666666667,45904592.97130936
RFF,M5,cPVVG,Measure,CZ15,42.32083333333334,59734429.03370117
RFF,M5,cPVVG,Measure,CZ16,25.15416666666667,38425851.617326215
Rt3,M1,cDXGF,Base,CZ01,16.715000000000003,1095115349.8767183
Rt3,M1,cDXGF,Base,CZ02,25.97041666666667,1489139907.9168062
Rt3,M1,cDXGF,Base,CZ03,24.965,1394080639.6424143
Rt3,M1,cDXGF,Base,CZ04,32.625416666666666,1765012073.032664
Rt3,M1,cDXGF,Base,CZ05,22.50375,1316492315.9690766
Rt3,M1,cDXGF,Base,CZ06,25.29583333333333,1473021968.9662094
Rt3,M1,cDXGF,Base,CZ07,25.2725,1614831196.3831902
Rt3,M1,cDXGF,Base,CZ08,32.28541666666666,1764744958.265046
Rt3,M1,cDXGF,Base,CZ09,35.456250000000004,1882567080.4083047
Rt3,M1,cDXGF,Base,CZ10,35.55666666666667,1943187621.4308548
Rt3,M1,cDXGF,Base,CZ11,36.25708333333334,1780282361.3801336
Rt3,M1,cDXGF,Base,CZ12,33.139583333333334,1775462538.081302
Rt3,M1,cDXGF,Base,CZ13,37.3975,1821086174.382277
Rt3,M1,cDXGF,Base,CZ14,33.69791666666667,1659969455.980886
Rt3,M1,cDXGF,Base,CZ15,42.32083333333334,2202421119.362493
Rt3,M1,cDXGF,Base,CZ16,25.15416666666667,1416768693.7344668
Rt3,M1,cDXGF,Measure,CZ01,16.715000000000003,1109990591.7075615
Rt3,M1,cDXGF,Measure,CZ02,25.97041666666667,1514001944.627542
Rt3,M1,cDXGF,Measure,CZ03,24.965,1417289815.271012
Rt3,M1,cDXGF,Measure,CZ04,32.625416666666666,1776318208.210331
Rt3,M1,cDXGF,Measure,CZ05,22.50375,1340317381.5768473
Rt3,M1,cDXGF,Measure,CZ06,25.29583333333333,1479687261.3334136
Rt3,M1,cDXGF,Measure,CZ07,25.2725,1611916511.5935335
Rt3,M1,cDXGF,Measure,CZ08,32.28541666666666,1772532655.370014
Rt3,M1,cDXGF,Measure,CZ09,35.456250000000004,1888724162.9501417
Rt3,M1,cDXGF,Measure,CZ10,35.55666666666667,1949650354.5638072
Rt3,M1,cDXGF,Measure,CZ11,36.25708333333334,1737770034.7382789
Rt3,M1,cDXGF,Measure,CZ12,33.139583333333334,1783867065.2944107
Rt3,M1,cDXGF,Measure,CZ13,37.3975,1775881308.1726646
Rt3,M1,cDXGF,Measure,CZ14,33.69791666666667,1616330635.3562405
Rt3,M1,cDXGF,Measure,CZ15,42.32083333333334,2197374715.1691504
Rt3,M1,cDXGF,Measure,CZ16,25.15416666666667,1378334957.9742627
Rt3,M1,cDXHP,Base,CZ01,16.715000000000003,1096058140.916732
Rt3,M1,cDXHP,Base,CZ02,25.97041666666667,1486740747.103511
Rt3,M1,cDXHP,Base,CZ03,24.965,1397270340.2909887
Rt3,M1,cDXHP,Base,CZ04,32.625416666666666,1781793538.6591997
Rt3,M1,cDXHP,Base,CZ05,22.50375,1322625539.9874563
Rt3,M1,cDXHP,Base,CZ06,25.29583333333333,1478504159.320115
Rt3,M1,cDXHP,Base,CZ07,25.2725,1599430242.8775232
Rt3,M1,cDXHP,Base,CZ08,32.28541666666666,1783203753.4977612
Rt3,M1,cDXHP,Base,CZ09,35.456250000000004,1910426905.8720105
Rt3,M1,cDXHP,Base,CZ10,35.55666666666667,1958743769.0522983
Rt3,M1,cDXHP,Base,CZ11,36.25708333333334,1789759084.7531517
Rt3,M1,cDXHP,Base,CZ12,33.139583333333334,1788641746.6676326
Rt3,M1,cDXHP,Base,CZ13,37.3975,1836037330.7521076
Rt3,M1,cDXHP,Base,CZ14,33.69791666666667,1673240160.051998
Rt3,M1,cDXHP,Base,CZ15,42.32083333333334,2202699608.5935416
Rt3,M1,cDXHP,Base,CZ16,25.15416666666667,1423275972.2217753
Rt3,M1,cDXHP,Measure,CZ01,16.715000000000003,1111196388.7043457
Rt3,M1,cDXHP,Measure,CZ02,25.97041666666667,1510835945.8503652
Rt3,M1,cDXHP,Measure,CZ03,24.965,1418864660.56978
Rt3,M1,cDXHP,Measure,CZ04,32.625416666666666,1793845977.6356466
Rt3,M1,cDXHP,Measure,CZ05,22.50375,1347165244.3444948
Rt3,M1,cDXHP,Measure,CZ06,25.29583333333333,1484943770.1442826
Rt3,M1,cDXHP,Measure,CZ07,25.2725,1596681407.0682344
Rt3,M1,cDXHP,Measure,CZ08,32.28541666666666,1791553411.500629
Rt3,M1,cDXHP,Measure,CZ09,35.456250000000004,1917003468.61578
Rt3,M1,cDXHP,Measure,CZ10,35.55666666666667,1965608717.0037649
Rt3,M1,cDXHP,Measure,CZ11,36.25708333333334,1746751416.1635656
Rt3,M1,cDXHP,Measure,CZ12,33.139583333333334,1797342994.2434585
Rt3,M1,cDXHP,Measure,CZ13,37.3975,1790334228.569838
Rt3,M1,cDXHP,Measure,CZ14,33.69791666666667,1629136779.674734
Rt3,M1,cDXHP,Measure,CZ15,42.32083333333334,2197643127.214418
Rt3,M1,cDXHP,Measure,CZ16,25.15416666666667,1384635717.2597542
Rt3,M1,cPTAC,Base,CZ01,16.715000000000003,1094009635.1870308
Rt3,M1,cPTAC,Base,CZ02,25.97041666666667,1489121945.6685088
Rt3,M1,cPTAC,Base,CZ03,24.965,1393936613.9679315
Rt3,M1,cPTAC,Base,CZ04,32.625416666666666,1765012058.2852516
Rt3,M1,cPTAC,Base,CZ05,22.50375,1315889843.7856395
Rt3,M1,cPTAC,Base,CZ06,25.29583333333333,1473021961.5136075
Rt3,M1,cPTAC,Base,CZ07,25.2725,1614831196.383016
Rt3,M1,cPTAC,Base,CZ08,32.28541666666666,1764744958.2650266
Rt3,M1,cPTAC,Base,CZ09,35.456250000000004,1882567080.401368
Rt3,M1,cPTAC,Base,CZ10,35.55666666666667,1943187621.425578
Rt3,M1,cPTAC,Base,CZ11,36.25708333333334,1780282361.378837
Rt3,M1,cPTAC,Base,CZ12,33.139583333333334,1775462538.0813026
Rt3,M1,cPTAC,Base,CZ13,37.3975,1821086174.3822944
Rt3,M1,cPTAC,Base,CZ14,33.69791666666667,1659969455.9565134
Rt3,M1,cPTAC,Base,CZ15,42.32083333333334,2202421119.3624845
Rt3,M1,cPTAC,Base,CZ16,25.15416666666667,1416767627.3227923
Rt3,M1,cPTAC,Measure,CZ01,16.715000000000003,1109555431.8217096
Rt3,M1,cPTAC,Measure,CZ02,25.97041666666667,1514002348.2010305
Rt3,M1,cPTAC,Measure,CZ03,24.965,1417207405.27879
Rt3,M1,cPTAC,Measure,CZ04,32.625416666666666,1776318208.210124
Rt3,M1,cPTAC,Measure,CZ05,22.50375,1340041832.855892
Rt3,M1,cPTAC,Measure,CZ06,25.29583333333333,1479687261.3069448
Rt3,M1,cPTAC,Measure,CZ07,25.2725,1611916511.593552
Rt3,M1,cPTAC,Measure,CZ08,32.28541666666666,1772532655.369966
Rt3,M1,cPTAC,Measure,CZ09,35.456250000000004,1888724162.947978
Rt3,M1,cPTAC,Measure,CZ10,35.55666666666667,1949650354.559447
Rt3,M1,cPTAC,Measure,CZ11,36.25708333333334,1737770034.738481
Rt3,M1,cPTAC,Measure,CZ12,33.139583333333334,1783867065.2944074
Rt3,M1,cPTAC,Measure,CZ13,37.3975,1775881308.1727352
Rt3,M1,cPTAC,Measure,CZ14,33.69791666666667,1616330635.3562446
Rt3,M1,cPTAC,Measure,CZ15,42.32083333333334,2197374715.1691666
Rt3,M1,cPTAC,Measure,CZ16,25.15416666666667,1378334949.587733
Rt3,M1,cPVVG,Base,CZ01,16.715000000000003,947420359.3875138
Rt3,M1,cPVVG,Base,CZ02,25.97041666666667,1352231139.5676732
Rt3,M1,cPVVG,Base,CZ03,24.965,1268598287.8739867
Rt3,M1,cPVVG,Base,CZ04,32.625416666666666,1665696186.2864645
Rt3,M1,cPVVG,Base,CZ05,22.50375,1173376361.2718513
Rt3,M1,cPVVG,Base,CZ06,25.29583333333333,1345147669.596864
Rt3,M1,cPVVG,Base,CZ07,25.2725,1495210034.5738668
Rt3,M1,cPVVG,Base,CZ08,32.28541666666666,1669259643.1752727
Rt3,M1,cPVVG,Base,CZ09,35.456250000000004,1802033838.9378624
Rt3,M1,cPVVG,Base,CZ10,35.55666666666667,1849301404.568698
Rt3,M1,cPVVG,Base,CZ11,36.25708333333334,1686969917.7942548
Rt3,M1,cPVVG,Base,CZ12,33.139583333333334,1685671465.4461744
Rt3,M1,cPVVG,Base,CZ13,37.3975,1740212448.5234923
Rt3,M1,cPVVG,Base,CZ14,33.69791666666667,1562584217.7554102
Rt3,M1,cPVVG,Base,CZ15,42.32083333333334,2154439752.90801
Rt3,M1,cPVVG,Base,CZ16,25.15416666666667,1259667162.250689
Rt3,M1,cPVVG,Measure,CZ01,16.715000000000003,981146409.6662284
Rt3,M1,cPVVG,Measure,CZ02,25.97041666666667,1406586842.470132
Rt3,M1,cPVVG,Measure,CZ03,24.965,1317558845.3678875
Rt3,M1,cPVVG,Measure,CZ04,32.625416666666666,1697193889.713572
Rt3,M1,cPVVG,Measure,CZ05,22.50375,1220884209.5387363
Rt3,M1,cPVVG,Measure,CZ06,25.29583333333333,1367402771.6064906
Rt3,M1,cPVVG,Measure,CZ07,25.2725,1507286964.02573
Rt3,M1,cPVVG,Measure,CZ08,32.28541666666666,1693861747.181894
Rt3,M1,cPVVG,Measure,CZ09,35.456250000000004,1823936673.9871192
Rt3,M1,cPVVG,Measure,CZ10,35.55666666666667,1872324259.184013
Rt3,M1,cPVVG,Measure,CZ11,36.25708333333334,1670566237.7742398
Rt3,M1,cPVVG,Measure,CZ12,33.139583333333334,1711330843.1746328
Rt3,M1,cPVVG,Measure,CZ13,37.3975,1717608380.8718238
Rt3,M1,cPVVG,Measure,CZ14,33.69791666666667,1546171974.513035
Rt3,M1,cPVVG,Measure,CZ15,42.32083333333334,2148513764.19404
Rt3,M1,cPVVG,Measure,CZ16,25.15416666666667,1254192218.7670038
Rt3,M2,cDXGF,Base,CZ01,16.715000000000003,1358988914.4184763
Rt3,M2,cDXGF,Base,CZ02,25.97041666666667,1547054651.253373
Rt3,M2,cDXGF,Base,CZ03,24.965,1474576209.7610295
Rt3,M2,cDXGF,Base,CZ04,32.625416666666666,1680788495.7848296
Rt3,M2,cDXGF,Base,CZ05,22.50375,1463433267.1688654
Rt3,M2,cDXGF,Base,CZ06,25.29583333333333,1507839331.8956237
Rt3,M2,cDXGF,Base,CZ07,25.2725,1568248899.529755
Rt3,M2,cDXGF,Base,CZ08,32.28541666666666,1681247805.5789356
Rt3,M2,cDXGF,Base,CZ09,35.456250000000004,1745269769.6472597
Rt3,M2,cDXGF,Base,CZ10,35.55666666666667,1789532130.5438614
Rt3,M2,cDXGF,Base,CZ11,36.25708333333334,1594133044.7694545
Rt3,M2,cDXGF,Base,CZ12,33.139583333333334,1676967457.6809702
Rt3,M2,cDXGF,Base,CZ13,37.3975,1623301458.1725466
Rt3,M2,cDXGF,Base,CZ14,33.69791666666667,1531147425.1060932
Rt3,M2,cDXGF,Base,CZ15,42.32083333333334,1873266414.2367852
Rt3,M2,cDXGF,Base,CZ16,25.15416666666667,1445008109.4785292
Rt3,M2,cDXGF,Measure,CZ01,16.715000000000003,1339446638.6655335
Rt3,M2,cDXGF,Measure,CZ02,25.97041666666667,1529735845.5094404
Rt3,M2,cDXGF,Measure,CZ03,24.965,1454845053.188118
Rt3,M2,cDXGF,Measure,CZ04,32.625416666666666,1664829735.6232033
Rt3,M2,cDXGF,Measure,CZ05,22.50375,1442342564.8756337
Rt3,M2,cDXGF,Measure,CZ06,25.29583333333333,1490294830.953922
Rt3,M2,cDXGF,Measure,CZ07,25.2725,1552759069.8430882
Rt3,M2,cDXGF,Measure,CZ08,32.28541666666666,1662662952.7157693
Rt3,M2,cDXGF,Measure,CZ09,35.456250000000004,1725795631.906916
Rt3,M2,cDXGF,Measure,CZ10,35.55666666666667,1770221495.5984876
Rt3,M2,cDXGF,Measure,CZ11,36.25708333333334,1557350993.9204712
Rt3,M2,cDXGF,Measure,CZ12,33.139583333333334,1663000583.3845935
Rt3,M2,cDXGF,Measure,CZ13,37.3975,1586796856.2262096
Rt3,M2,cDXGF,Measure,CZ14,33.69791666666667,1489714333.0977588
Rt3,M2,cDXGF,Measure,CZ15,42.32083333333334,1867552874.312349
Rt3,M2,cDXGF,Measure,CZ16,25.15416666666667,1396554888.5589294
Rt3,M2,cDXHP,Base,CZ01,16.715000000000003,1360778097.3632865
Rt3,M2,cDXHP,Base,CZ02,25.97041666666667,1547721022.7680595
Rt3,M2,cDXHP,Base,CZ03,24.965,1476100459.9201024
Rt3,M2,cDXHP,Base,CZ04,32.625416666666666,1679890763.730912
Rt3,M2,cDXHP,Base,CZ05,22.50375,1464962734.1284008
Rt3,M2,cDXHP,Base,CZ06,25.29583333333333,1508698419.8665493
Rt3,M2,cDXHP,Base,CZ07,25.2725,1569170424.157207
Rt3,M2,cDXHP,Base,CZ08,32.28541666666666,1680989014.2118397
Rt3,M2,cDXHP,Base,CZ09,35.456250000000004,1744800981.641296
Rt3,M2,cDXHP,Base,CZ10,35.55666666666667,1788363880.9981372
Rt3,M2,cDXHP,Base,CZ11,36.25708333333334,1593012705.3822663
Rt3,M2,cDXHP,Base,CZ12,33.139583333333334,1676704329.755944
Rt3,M2,cDXHP,Base,CZ13,37.3975,1622720290.9145255
Rt3,M2,cDXHP,Base,CZ14,33.69791666666667,1529646667.5862298
Rt3,M2,cDXHP,Base,CZ15,42.32083333333334,1873246996.303755
Rt3,M2,cDXHP,Base,CZ16,25.15416666666667,1446044251.2685423
Rt3,M2,cDXHP,Measure,CZ01,16.715000000000003,1340305794.8905263
Rt3,M2,cDXHP,Measure,CZ02,25.97041666666667,1529705649.8780313
Rt3,M2,cDXHP,Measure,CZ03,24.965,1455428023.341485
Rt3,M2,cDXHP,Measure,CZ04,32.625416666666666,1663407510.7321844
Rt3,M2,cDXHP,Measure,CZ05,22.50375,1442929737.4000025
Rt3,M2,cDXHP,Measure,CZ06,25.29583333333333,1490559729.7809377
Rt3,M2,cDXHP,Measure,CZ07,25.2725,1553195236.636304
Rt3,M2,cDXHP,Measure,CZ08,32.28541666666666,1661920744.6220708
Rt3,M2,cDXHP,Measure,CZ09,35.456250000000004,1724828226.567049
Rt3,M2,cDXHP,Measure,CZ10,35.55666666666667,1768794555.1380858
Rt3,M2,cDXHP,Measure,CZ11,36.25708333333334,1556033075.847084
Rt3,M2,cDXHP,Measure,CZ12,33.139583333333334,1662242338.318066
Rt3,M2,cDXHP,Measure,CZ13,37.3975,1586038317.170787
Rt3,M2,cDXHP,Measure,CZ14,33.69791666666667,1487950079.055621
Rt3,M2,cDXHP,Measure,CZ15,42.32083333333334,1867532129.484529
Rt3,M2,cDXHP,Measure,CZ16,25.15416666666667,1397104117.1262536
Rt3,M2,cPTAC,Base,CZ01,16.715000000000003,1358988832.5541935
Rt3,M2,cPTAC,Base,CZ02,25.97041666666667,1547054651.2534196
Rt3,M2,cPTAC,Base,CZ03,24.965,1474576209.7608976
Rt3,M2,cPTAC,Base,CZ04,32.625416666666666,1680788495.7848053
Rt3,M2,cPTAC,Base,CZ05,22.50375,1463431740.7613
Rt3,M2,cPTAC,Base,CZ06,25.29583333333333,1507839331.8956444
Rt3,M2,cPTAC,Base,CZ07,25.2725,1568248899.529871
Rt3,M2,cPTAC,Base,CZ08,32.28541666666666,1681247805.5789397
Rt3,M2,cPTAC,Base,CZ09,35.456250000000004,1745269769.647292
Rt3,M2,cPTAC,Base,CZ10,35.55666666666667,1789532130.5440135
Rt3,M2,cPTAC,Base,CZ11,36.25708333333334,1594133044.7694392
Rt3,M2,cPTAC,Base,CZ12,33.139583333333334,1676967457.6809928
Rt3,M2,cPTAC,Base,CZ13,37.3975,1623301458.1724987
Rt3,M2,cPTAC,Base,CZ14,33.69791666666667,1531147425.1060784
Rt3,M2,cPTAC,Base,CZ15,42.32083333333334,1873266414.236755
Rt3,M2,cPTAC,Base,CZ16,25.15416666666667,1445008109.4842038
Rt3,M2,cPTAC,Measure,CZ01,16.715000000000003,1339411664.5237272
Rt3,M2,cPTAC,Measure,CZ02,25.97041666666667,1529735964.96834
Rt3,M2,cPTAC,Measure,CZ03,24.965,1454844165.75671
Rt3,M2,cPTAC,Measure,CZ04,32.625416666666666,1664829735.6232047
Rt3,M2,cPTAC,Measure,CZ05,22.50375,1442296548.1197166
Rt3,M2,cPTAC,Measure,CZ06,25.29583333333333,1490294830.9539666
Rt3,M2,cPTAC,Measure,CZ07,25.2725,1552759069.8431628
Rt3,M2,cPTAC,Measure,CZ08,32.28541666666666,1662662952.7157328
Rt3,M2,cPTAC,Measure,CZ09,35.456250000000004,1725795631.9064865
Rt3,M2,cPTAC,Measure,CZ10,35.55666666666667,1770221495.5981002
Rt3,M2,cPTAC,Measure,CZ11,36.25708333333334,1557350993.920533
Rt3,M2,cPTAC,Measure,CZ12,33.139583333333334,1663000583.3845985
Rt3,M2,cPTAC,Measure,CZ13,37.3975,1586796856.226129
Rt3,M2,cPTAC,Measure,CZ14,33.69791666666667,1489714333.0977385
Rt3,M2,cPTAC,Measure,CZ15,42.32083333333334,1867552874.3122363
Rt3,M2,cPTAC,Measure,CZ16,25.15416666666667,1396554887.8782887
Rt3,M2,cPVVG,Base,CZ01,16.715000000000003,1242105029.855555
Rt3,M2,cPVVG,Base,CZ02,25.97041666666667,1424401743.2613518
Rt3,M2,cPVVG,Base,CZ03,24.965,1359654216.953719
Rt3,M2,cPVVG,Base,CZ04,32.625416666666666,1558057377.5626562
Rt3,M2,cPVVG,Base,CZ05,22.50375,1333560574.970717
Rt3,M2,cPVVG,Base,CZ06,25.29583333333333,1384183119.7477674
Rt3,M2,cPVVG,Base,CZ07,25.2725,1443867935.0162344
Rt3,M2,cPVVG,Base,CZ08,32.28541666666666,1557661956.6858191
Rt3,M2,cPVVG,Base,CZ09,35.456250000000004,1618708931.5567822
Rt3,M2,cPVVG,Base,CZ10,35.55666666666667,1648985443.2608712
Rt3,M2,cPVVG,Base,CZ11,36.25708333333334,1458107785.7380824
Rt3,M2,cPVVG,Base,CZ12,33.139583333333334,1563858739.464427
Rt3,M2,cPVVG,Base,CZ13,37.3975,1491223288.9870782
Rt3,M2,cPVVG,Base,CZ14,33.69791666666667,1392766799.259182
Rt3,M2,cPVVG,Base,CZ15,42.32083333333334,1752079001.6102476
Rt3,M2,cPVVG,Base,CZ16,25.15416666666667,1292379261.8830118
Rt3,M2,cPVVG,Measure,CZ01,16.715000000000003,1231697769.124723
Rt3,M2,cPVVG,Measure,CZ02,25.97041666666667,1412489643.2916026
Rt3,M2,cPVVG,Measure,CZ03,24.965,1348184488.2397156
Rt3,M2,cPVVG,Measure,CZ04,32.625416666666666,1545570912.599687
Rt3,M2,cPVVG,Measure,CZ05,22.50375,1321934624.359114
Rt3,M2,cPVVG,Measure,CZ06,25.29583333333333,1372699403.3245275
Rt3,M2,cPVVG,Measure,CZ07,25.2725,1431955777.4164274
Rt3,M2,cPVVG,Measure,CZ08,32.28541666666666,1544999961.6504998
Rt3,M2,cPVVG,Measure,CZ09,35.456250000000004,1605346761.755617
Rt3,M2,cPVVG,Measure,CZ10,35.55666666666667,1635440476.8049357
Rt3,M2,cPVVG,Measure,CZ11,36.25708333333334,1439727196.7824488
Rt3,M2,cPVVG,Measure,CZ12,33.139583333333334,1552719979.2809849
Rt3,M2,cPVVG,Measure,CZ13,37.3975,1472816360.674189
Rt3,M2,cPVVG,Measure,CZ14,33.69791666666667,1371746130.095893
Rt3,M2,cPVVG,Measure,CZ15,42.32083333333334,1747114654.6505682
Rt3,M2,cPVVG,Measure,CZ16,25.15416666666667,1267242739.7361588
Rt3,M3,cDXGF,Base,CZ01,16.715000000000003,1200409756.600654
Rt3,M3,cDXGF,Base,CZ02,25.97041666666667,1386873922.1706736
Rt3,M3,cDXGF,Base,CZ03,24.965,1324180749.0708616
Rt3,M3,cDXGF,Base,CZ04,32.625416666666666,1531416544.1459222
Rt3,M3,cDXGF,Base,CZ05,22.50375,1289527720.9060063
Rt3,M3,cDXGF,Base,CZ06,25.29583333333333,1346787487.183529
Rt3,M3,cDXGF,Base,CZ07,25.2725,1404193187.9264512
Rt3,M3,cDXGF,Base,CZ08,32.28541666666666,1528335326.0947618
Rt3,M3,cDXGF,Base,CZ09,35.456250000000004,1589957376.9539423
Rt3,M3,cDXGF,Base,CZ10,35.55666666666667,1620488368.79418
Rt3,M3,cDXGF,Base,CZ11,36.25708333333334,1427474614.8513298
Rt3,M3,cDXGF,Base,CZ12,33.139583333333334,1540392956.4493294
Rt3,M3,cDXGF,Base,CZ13,37.3975,1461781341.183133
Rt3,M3,cDXGF,Base,CZ14,33.69791666666667,1355082912.0278382
Rt3,M3,cDXGF,Base,CZ15,42.32083333333334,1752430156.5997653
Rt3,M3,cDXGF,Base,CZ16,25.15416666666667,1236219476.2599669
Rt3,M3,cDXGF,Measure,CZ01,16.715000000000003,1145018178.363849
Rt3,M3,cDXGF,Measure,CZ02,25.97041666666667,1302905081.4634333
Rt3,M3,cDXGF,Measure,CZ03,24.965,1250256288.7866583
Rt3,M3,cDXGF,Measure,CZ04,32.625416666666666,1424146537.183054
Rt3,M3,cDXGF,Measure,CZ05,22.50375,1220992925.7578824
Rt3,M3,cDXGF,Measure,CZ06,25.29583333333333,1269956539.889211
Rt3,M3,cDXGF,Measure,CZ07,25.2725,1323450099.3677878
Rt3,M3,cDXGF,Measure,CZ08,32.28541666666666,1420867634.238552
Rt3,M3,cDXGF,Measure,CZ09,35.456250000000004,1472567391.070136
Rt3,M3,cDXGF,Measure,CZ10,35.55666666666667,1497376568.7341266
Rt3,M3,cDXGF,Measure,CZ11,36.25708333333334,1318827926.7997878
Rt3,M3,cDXGF,Measure,CZ12,33.139583333333334,1431052074.6864147
Rt3,M3,cDXGF,Measure,CZ13,37.3975,1347038514.2643342
Rt3,M3,cDXGF,Measure,CZ14,33.69791666666667,1259207515.9838104
Rt3,M3,cDXGF,Measure,CZ15,42.32083333333334,1603900471.0185764
Rt3,M3,cDXGF,Measure,CZ16,25.15416666666667,1162974273.3645592
Rt3,M3,cDXHP,Base,CZ01,16.715000000000003,1161405392.8253543
Rt3,M3,cDXHP,Base,CZ02,25.97041666666667,1353915261.1966703
Rt3,M3,cDXHP,Base,CZ03,24.965,1287572911.8730154
Rt3,M3,cDXHP,Base,CZ04,32.625416666666666,1503716435.653283
Rt3,M3,cDXHP,Base,CZ05,22.50375,1251819390.2860124
Rt3,M3,cDXHP,Base,CZ06,25.29583333333333,1313847372.9027302
Rt3,M3,cDXHP,Base,CZ07,25.2725,1375669556.3125803
Rt3,M3,cDXHP,Base,CZ08,32.28541666666666,1507987469.9413447
Rt3,M3,cDXHP,Base,CZ09,35.456250000000004,1572147279.6694412
Rt3,M3,cDXHP,Base,CZ10,35.55666666666667,1607791769.5856044
Rt3,M3,cDXHP,Base,CZ11,36.25708333333334,1413435775.5623028
Rt3,M3,cDXHP,Base,CZ12,33.139583333333334,1515283049.6494994
Rt3,M3,cDXHP,Base,CZ13,37.3975,1449205066.471342
Rt3,M3,cDXHP,Base,CZ14,33.69791666666667,1334554872.493763
Rt3,M3,cDXHP,Base,CZ15,42.32083333333334,1752290215.1944382
Rt3,M3,cDXHP,Base,CZ16,25.15416666666667,1202787035.0443769
Rt3,M3,cDXHP,Measure,CZ01,16.715000000000003,1106131134.4118135
Rt3,M3,cDXHP,Measure,CZ02,25.97041666666667,1269327348.6242518
Rt3,M3,cDXHP,Measure,CZ03,24.965,1213245188.0612855
Rt3,M3,cDXHP,Measure,CZ04,32.625416666666666,1395338387.1985383
Rt3,M3,cDXHP,Measure,CZ05,22.50375,1183112834.4789858
Rt3,M3,cDXHP,Measure,CZ06,25.29583333333333,1236922794.633767
Rt3,M3,cDXHP,Measure,CZ07,25.2725,1294681503.472015
Rt3,M3,cDXHP,Measure,CZ08,32.28541666666666,1399617614.3396108
Rt3,M3,cDXHP,Measure,CZ09,35.456250000000004,1453832472.644145
Rt3,M3,cDXHP,Measure,CZ10,35.55666666666667,1483989179.2721643
Rt3,M3,cDXHP,Measure,CZ11,36.25708333333334,1303706195.6534865
Rt3,M3,cDXHP,Measure,CZ12,33.139583333333334,1404665456.3739226
Rt3,M3,cDXHP,Measure,CZ13,37.3975,1333438726.0551949
Rt3,M3,cDXHP,Measure,CZ14,33.69791666666667,1237871423.0600617
Rt3,M3,cDXHP,Measure,CZ15,42.32083333333334,1603752749.0472016
Rt3,M3,cDXHP,Measure,CZ16,25.15416666666667,1129823027.941692
Rt3,M3,cPTAC,Base,CZ01,16.715000000000003,1200253480.4742625
Rt3,M3,cPTAC,Base,CZ02,25.97041666666667,1386873900.6917324
Rt3,M3,cPTAC,Base,CZ03,24.965,1324168063.8129027
Rt3,M3,cPTAC,Base,CZ04,32.625416666666666,1531415957.9721994
Rt3,M3,cPTAC,Base,CZ05,22.50375,1289391286.4470284
Rt3,M3,cPTAC,Base,CZ06,25.29583333333333,1346787487.1847525
Rt3,M3,cPTAC,Base,CZ07,25.2725,1404193187.9264588
Rt3,M3,cPTAC,Base,CZ08,32.28541666666666,1528335326.0947182
Rt3,M3,cPTAC,Base,CZ09,35.456250000000004,1589957376.9533608
Rt3,M3,cPTAC,Base,CZ10,35.55666666666667,1620488368.7763138
Rt3,M3,cPTAC,Base,CZ11,36.25708333333334,1427476000.5796266
Rt3,M3,cPTAC,Base,CZ12,33.139583333333334,1540392956.449369
Rt3,M3,cPTAC,Base,CZ13,37.3975,1461781341.1498878
Rt3,M3,cPTAC,Base,CZ14,33.69791666666667,1355082912.0241327
Rt3,M3,cPTAC,Base,CZ15,42.32083333333334,1752430156.5997446
Rt3,M3,cPTAC,Base,CZ16,25.15416666666667,1236219474.3079228
Rt3,M3,cPTAC,Measure,CZ01,16.715000000000003,1144882510.3645663
Rt3,M3,cPTAC,Measure,CZ02,25.97041666666667,1302905063.5865805
Rt3,M3,cPTAC,Measure,CZ03,24.965,1250245405.8471613
Rt3,M3,cPTAC,Measure,CZ04,32.625416666666666,1424146147.2219214
Rt3,M3,cPTAC,Measure,CZ05,22.50375,1220875662.4657345
Rt3,M3,cPTAC,Measure,CZ06,25.29583333333333,1269956539.8893232
Rt3,M3,cPTAC,Measure,CZ07,25.2725,1323450099.3646746
Rt3,M3,cPTAC,Measure,CZ08,32.28541666666666,1420867634.2384624
Rt3,M3,cPTAC,Measure,CZ09,35.456250000000004,1472567391.063373
Rt3,M3,cPTAC,Measure,CZ10,35.55666666666667,1497376568.706753
Rt3,M3,cPTAC,Measure,CZ11,36.25708333333334,1318829476.59276
Rt3,M3,cPTAC,Measure,CZ12,33.139583333333334,1431052074.6864314
Rt3,M3,cPTAC,Measure,CZ13,37.3975,1347038514.228752
Rt3,M3,cPTAC,Measure,CZ14,33.69791666666667,1259207515.99101
Rt3,M3,cPTAC,Measure,CZ15,42.32083333333334,1603900471.0185585
Rt3,M3,cPTAC,Measure,CZ16,25.15416666666667,1162974271.65777
Rt3,M3,cPVVG,Base,CZ01,16.715000000000003,1187604279.8292713
Rt3,M3,cPVVG,Base,CZ02,25.97041666666667,1372155658.074669
Rt3,M3,cPVVG,Base,CZ03,24.965,1310821264.2345505
Rt3,M3,cPVVG,Base,CZ04,32.625416666666666,1515116600.735962
Rt3,M3,cPVVG,Base,CZ05,22.50375,1275758637.0707943
Rt3,M3,cPVVG,Base,CZ06,25.29583333333333,1332164042.5394387
Rt3,M3,cPVVG,Base,CZ07,25.2725,1388909788.2774298
Rt3,M3,cPVVG,Base,CZ08,32.28541666666666,1512697202.067356
Rt3,M3,cPVVG,Base,CZ09,35.456250000000004,1573802830.500944
Rt3,M3,cPVVG,Base,CZ10,35.55666666666667,1603034286.6431906
Rt3,M3,cPVVG,Base,CZ11,36.25708333333334,1411802663.889588
Rt3,M3,cPVVG,Base,CZ12,33.139583333333334,1524898840.6050558
Rt3,M3,cPVVG,Base,CZ13,37.3975,1446169372.486102
Rt3,M3,cPVVG,Base,CZ14,33.69791666666667,1339456505.977329
Rt3,M3,cPVVG,Base,CZ15,42.32083333333334,1735068082.8280797
Rt3,M3,cPVVG,Base,CZ16,25.15416666666667,1219693456.827539
Rt3,M3,cPVVG,Measure,CZ01,16.715000000000003,1132709335.8851314
Rt3,M3,cPVVG,Measure,CZ02,25.97041666666667,1288782001.8787966
Rt3,M3,cPVVG,Measure,CZ03,24.965,1237426575.1057267
Rt3,M3,cPVVG,Measure,CZ04,32.625416666666666,1408564771.4118438
Rt3,M3,cPVVG,Measure,CZ05,22.50375,1207766750.824146
Rt3,M3,cPVVG,Measure,CZ06,25.29583333333333,1255914225.159037
Rt3,M3,cPVVG,Measure,CZ07,25.2725,1308771329.8905897
Rt3,M3,cPVVG,Measure,CZ08,32.28541666666666,1405914516.9352984
Rt3,M3,cPVVG,Measure,CZ09,35.456250000000004,1457160834.5002308
Rt3,M3,cPVVG,Measure,CZ10,35.55666666666667,1480738260.2210033
Rt3,M3,cPVVG,Measure,CZ11,36.25708333333334,1303947501.0555172
Rt3,M3,cPVVG,Measure,CZ12,33.139583333333334,1416242862.5133834
Rt3,M3,cPVVG,Measure,CZ13,37.3975,1332273122.580407
Rt3,M3,cPVVG,Measure,CZ14,33.69791666666667,1244316734.4011126
Rt3,M3,cPVVG,Measure,CZ15,42.32083333333334,1587467114.685974
Rt3,M3,cPVVG,Measure,CZ16,25.15416666666667,1147120877.3653336
Rt3,M4,cDXGF,Base,CZ01,16.715000000000003,1171178184.836016
Rt3,M4,cDXGF,Base,CZ02,25.97041666666667,1524930192.6946747
Rt3,M4,cDXGF,Base,CZ03,24.965,1431555063.5303967
Rt3,M4,cDXGF,Base,CZ04,32.625416666666666,1765011657.145281
Rt3,M4,cDXGF,Base,CZ05,22.50375,1370253860.5892477
Rt3,M4,cDXGF,Base,CZ06,25.29583333333333,1486524055.223974
Rt3,M4,cDXGF,Base,CZ07,25.2725,1614831183.2377882
Rt3,M4,cDXGF,Base,CZ08,32.28541666666666,1764744895.6301503
Rt3,M4,cDXGF,Base,CZ09,35.456250000000004,1882567391.7523255
Rt3,M4,cDXGF,Base,CZ10,35.55666666666667,1943187931.4733684
Rt3,M4,cDXGF,Base,CZ11,36.25708333333334,1780282796.5115128
Rt3,M4,cDXGF,Base,CZ12,33.139583333333334,1775462170.534629
Rt3,M4,cDXGF,Base,CZ13,37.3975,1821085239.8676176
Rt3,M4,cDXGF,Base,CZ14,33.69791666666667,1659969547.211901
Rt3,M4,cDXGF,Base,CZ15,42.32083333333334,2202421119.390811
Rt3,M4,cDXGF,Base,CZ16,25.15416666666667,1428805286.4190612
Rt3,M4,cDXGF,Measure,CZ01,16.715000000000003,1213009522.4693794
Rt3,M4,cDXGF,Measure,CZ02,25.97041666666667,1551751229.5908446
Rt3,M4,cDXGF,Measure,CZ03,24.965,1454945134.1170878
Rt3,M4,cDXGF,Measure,CZ04,32.625416666666666,1776323911.4414842
Rt3,M4,cDXGF,Measure,CZ05,22.50375,1401040472.1682734
Rt3,M4,cDXGF,Measure,CZ06,25.29583333333333,1493322832.1752737
Rt3,M4,cDXGF,Measure,CZ07,25.2725,1611916720.5557113
Rt3,M4,cDXGF,Measure,CZ08,32.28541666666666,1772534300.706839
Rt3,M4,cDXGF,Measure,CZ09,35.456250000000004,1888727952.8414972
Rt3,M4,cDXGF,Measure,CZ10,35.55666666666667,1949652992.6380837
Rt3,M4,cDXGF,Measure,CZ11,36.25708333333334,1737772839.4570923
Rt3,M4,cDXGF,Measure,CZ12,33.139583333333334,1783868041.408636
Rt3,M4,cDXGF,Measure,CZ13,37.3975,1775881462.8635693
Rt3,M4,cDXGF,Measure,CZ14,33.69791666666667,1616330594.846572
Rt3,M4,cDXGF,Measure,CZ15,42.32083333333334,2197374715.223254
Rt3,M4,cDXGF,Measure,CZ16,25.15416666666667,1390339997.2934957
Rt3,M4,cDXHP,Base,CZ01,16.715000000000003,1172384310.090365
Rt3,M4,cDXHP,Base,CZ02,25.97041666666667,1522760345.6547976
Rt3,M4,cDXHP,Base,CZ03,24.965,1434743070.711082
Rt3,M4,cDXHP,Base,CZ04,32.625416666666666,1781792235.1914585
Rt3,M4,cDXHP,Base,CZ05,22.50375,1377203520.736415
Rt3,M4,cDXHP,Base,CZ06,25.29583333333333,1492223557.3989062
Rt3,M4,cDXHP,Base,CZ07,25.2725,1599430264.1829743
Rt3,M4,cDXHP,Base,CZ08,32.28541666666666,1783203677.156221
Rt3,M4,cDXHP,Base,CZ09,35.456250000000004,1910427543.2704525
Rt3,M4,cDXHP,Base,CZ10,35.55666666666667,1958744121.861941
Rt3,M4,cDXHP,Base,CZ11,36.25708333333334,1789758679.4338863
Rt3,M4,cDXHP,Base,CZ12,33.139583333333334,1788641356.406098
Rt3,M4,cDXHP,Base,CZ13,37.3975,1836036635.8606017
Rt3,M4,cDXHP,Base,CZ14,33.69791666666667,1673240167.0115108
Rt3,M4,cDXHP,Base,CZ15,42.32083333333334,2202699608.6221266
Rt3,M4,cDXHP,Base,CZ16,25.15416666666667,1435579434.7499654
Rt3,M4,cDXHP,Measure,CZ01,16.715000000000003,1212796789.4905791
Rt3,M4,cDXHP,Measure,CZ02,25.97041666666667,1548851363.595119
Rt3,M4,cDXHP,Measure,CZ03,24.965,1457094145.1603837
Rt3,M4,cDXHP,Measure,CZ04,32.625416666666666,1793851339.8956947
Rt3,M4,cDXHP,Measure,CZ05,22.50375,1408965445.521273
Rt3,M4,cDXHP,Measure,CZ06,25.29583333333333,1498633834.034151
Rt3,M4,cDXHP,Measure,CZ07,25.2725,1596681468.1784482
Rt3,M4,cDXHP,Measure,CZ08,32.28541666666666,1791554871.19492
Rt3,M4,cDXHP,Measure,CZ09,35.456250000000004,1917007984.263832
Rt3,M4,cDXHP,Measure,CZ10,35.55666666666667,1965611197.9141853
Rt3,M4,cDXHP,Measure,CZ11,36.25708333333334,1746751429.4816003
Rt3,M4,cDXHP,Measure,CZ12,33.139583333333334,1797343303.1226406
Rt3,M4,cDXHP,Measure,CZ13,37.3975,1790333885.3397665
Rt3,M4,cDXHP,Measure,CZ14,33.69791666666667,1629136823.8837056
Rt3,M4,cDXHP,Measure,CZ15,42.32083333333334,2197643127.265789
Rt3,M4,cDXHP,Measure,CZ16,25.15416666666667,1396904154.3220122
Rt3,M4,cPTAC,Base,CZ01,16.715000000000003,1167911889.6825938
Rt3,M4,cPTAC,Base,CZ02,25.97041666666667,1524908130.088469
Rt3,M4,cPTAC,Base,CZ03,24.965,1431384763.9915628
Rt3,M4,cPTAC,Base,CZ04,32.625416666666666,1765011642.4885726
Rt3,M4,cPTAC,Base,CZ05,22.50375,1369260726.3863852
Rt3,M4,cPTAC,Base,CZ06,25.29583333333333,1486524047.8002093
Rt3,M4,cPTAC,Base,CZ07,25.2725,1614831183.2377474
Rt3,M4,cPTAC,Base,CZ08,32.28541666666666,1764744895.630123
Rt3,M4,cPTAC,Base,CZ09,35.456250000000004,1882567391.745221
Rt3,M4,cPTAC,Base,CZ10,35.55666666666667,1943187931.4679823
Rt3,M4,cPTAC,Base,CZ11,36.25708333333334,1780282796.5096722
Rt3,M4,cPTAC,Base,CZ12,33.139583333333334,1775462170.5346322
Rt3,M4,cPTAC,Base,CZ13,37.3975,1821085239.8676329
Rt3,M4,cPTAC,Base,CZ14,33.69791666666667,1659969547.1900198
Rt3,M4,cPTAC,Base,CZ15,42.32083333333334,2202421119.3908224
Rt3,M4,cPTAC,Base,CZ16,25.15416666666667,1428803965.0582552
Rt3,M4,cPTAC,Measure,CZ01,16.715000000000003,1211860090.2313051
Rt3,M4,cPTAC,Measure,CZ02,25.97041666666667,1551751214.6110258
Rt3,M4,cPTAC,Measure,CZ03,24.965,1454851475.5274138
Rt3,M4,cPTAC,Measure,CZ04,32.625416666666666,1776323911.4412897
Rt3,M4,cPTAC,Measure,CZ05,22.50375,1400594477.4825563
Rt3,M4,cPTAC,Measure,CZ06,25.29583333333333,1493322832.148332
Rt3,M4,cPTAC,Measure,CZ07,25.2725,1611916720.5557106
Rt3,M4,cPTAC,Measure,CZ08,32.28541666666666,1772534300.7067995
Rt3,M4,cPTAC,Measure,CZ09,35.456250000000004,1888727952.839343
Rt3,M4,cPTAC,Measure,CZ10,35.55666666666667,1949652992.6338024
Rt3,M4,cPTAC,Measure,CZ11,36.25708333333334,1737772839.457089
Rt3,M4,cPTAC,Measure,CZ12,33.139583333333334,1783868041.4086423
Rt3,M4,cPTAC,Measure,CZ13,37.3975,1775881462.8636315
Rt3,M4,cPTAC,Measure,CZ14,33.69791666666667,1616330594.8465798
Rt3,M4,cPTAC,Measure,CZ15,42.32083333333334,2197374715.223267
Rt3,M4,cPTAC,Measure,CZ16,25.15416666666667,1390339988.9275095
Rt3,M4,cPVVG,Base,CZ01,16.715000000000003,996078402.487637
Rt3,M4,cPVVG,Base,CZ02,25.97041666666667,1379311169.721594
Rt3,M4,cPVVG,Base,CZ03,24.965,1297150051.7723577
Rt3,M4,cPVVG,Base,CZ04,32.625416666666666,1665695020.5310771
Rt3,M4,cPVVG,Base,CZ05,22.50375,1212089233.7567456
Rt3,M4,cPVVG,Base,CZ06,25.29583333333333,1356306777.8544407
Rt3,M4,cPVVG,Base,CZ07,25.2725,1495210017.9651897
Rt3,M4,cPVVG,Base,CZ08,32.28541666666666,1669259376.797946
Rt3,M4,cPVVG,Base,CZ09,35.456250000000004,1802033560.5459344
Rt3,M4,cPVVG,Base,CZ10,35.55666666666667,1849301333.687409
Rt3,M4,cPVVG,Base,CZ11,36.25708333333334,1686969994.040047
Rt3,M4,cPVVG,Base,CZ12,33.139583333333334,1685671192.7023287
Rt3,M4,cPVVG,Base,CZ13,37.3975,1740212173.546416
Rt3,M4,cPVVG,Base,CZ14,33.69791666666667,1562584288.3757825
Rt3,M4,cPVVG,Base,CZ15,42.32083333333334,2154439752.9210258
Rt3,M4,cPVVG,Base,CZ16,25.15416666666667,1270806476.261229
Rt3,M4,cPVVG,Measure,CZ01,16.715000000000003,1057672349.6192484
Rt3,M4,cPVVG,Measure,CZ02,25.97041666666667,1437224846.0755618
Rt3,M4,cPVVG,Measure,CZ03,24.965,1347675509.7008438
Rt3,M4,cPVVG,Measure,CZ04,32.625416666666666,1697222555.8032222
Rt3,M4,cPVVG,Measure,CZ05,22.50375,1269300385.050604
Rt3,M4,cPVVG,Measure,CZ06,25.29583333333333,1378711951.849423
Rt3,M4,cPVVG,Measure,CZ07,25.2725,1507287927.0244167
Rt3,M4,cPVVG,Measure,CZ08,32.28541666666666,1693872332.0047953
Rt3,M4,cPVVG,Measure,CZ09,35.456250000000004,1823955099.9868245
Rt3,M4,cPVVG,Measure,CZ10,35.55666666666667,1872338758.1541224
Rt3,M4,cPVVG,Measure,CZ11,36.25708333333334,1670570393.9826202
Rt3,M4,cPVVG,Measure,CZ12,33.139583333333334,1711337489.815446
Rt3,M4,cPVVG,Measure,CZ13,37.3975,1717609373.11788
Rt3,M4,cPVVG,Measure,CZ14,33.69791666666667,1546172245.0034845
Rt3,M4,cPVVG,Measure,CZ15,42.32083333333334,2148513764.1905327
Rt3,M4,cPVVG,Measure,CZ16,25.15416666666667,1265413241.6782565
Rt3,M5,cDXGF,Base,CZ01,16.715000000000003,1151133884.32273
Rt3,M5,cDXGF,Base,CZ02,25.97041666666667,1444571873.2270708
Rt3,M5,cDXGF,Base,CZ03,24.965,1338120853.459996
Rt3,M5,cDXGF,Base,CZ04,32.625416666666666,1615200819.048751
Rt3,M5,cDXGF,Base,CZ05,22.50375,1265965407.7345858
Rt3,M5,cDXGF,Base,CZ06,25.29583333333333,1363029491.3013306
Rt3,M5,cDXGF,Base,CZ07,25.2725,1493541135.7753017
Rt3,M5,cDXGF,Base,CZ08,32.28541666666666,1620144853.6470304
Rt3,M5,cDXGF,Base,CZ09,35.456250000000004,1743127044.7587578
Rt3,M5,cDXGF,Base,CZ10,35.55666666666667,1769035208.5160034
Rt3,M5,cDXGF,Base,CZ11,36.25708333333334,1596597563.0706136
Rt3,M5,cDXGF,Base,CZ12,33.139583333333334,1671127112.905086
Rt3,M5,cDXGF,Base,CZ13,37.3975,1628045361.2921731
Rt3,M5,cDXGF,Base,CZ14,33.69791666666667,1451231077.5624022
Rt3,M5,cDXGF,Base,CZ15,42.32083333333334,2043846578.0999131
Rt3,M5,cDXGF,Base,CZ16,25.15416666666667,1229872729.4913194
Rt3,M5,cDXGF,Measure,CZ01,16.715000000000003,1115967213.3512156
Rt3,M5,cDXGF,Measure,CZ02,25.97041666666667,1377088549.8692305
Rt3,M5,cDXGF,Measure,CZ03,24.965,1282789303.4855478
Rt3,M5,cDXGF,Measure,CZ04,32.625416666666666,1527879911.7750092
Rt3,M5,cDXGF,Measure,CZ05,22.50375,1218660350.449483
Rt3,M5,cDXGF,Measure,CZ06,25.29583333333333,1305399687.6371217
Rt3,M5,cDXGF,Measure,CZ07,25.2725,1425015981.8200152
Rt3,M5,cDXGF,Measure,CZ08,32.28541666666666,1531882487.9120932
Rt3,M5,cDXGF,Measure,CZ09,35.456250000000004,1640900198.967828
Rt3,M5,cDXGF,Measure,CZ10,35.55666666666667,1663036341.1525197
Rt3,M5,cDXGF,Measure,CZ11,36.25708333333334,1498582261.6161647
Rt3,M5,cDXGF,Measure,CZ12,33.139583333333334,1576946936.4890482
Rt3,M5,cDXGF,Measure,CZ13,37.3975,1525721870.5280232
Rt3,M5,cDXGF,Measure,CZ14,33.69791666666667,1371540026.6446986
Rt3,M5,cDXGF,Measure,CZ15,42.32083333333334,1902075278.465933
Rt3,M5,cDXGF,Measure,CZ16,25.15416666666667,1177206455.7417152
Rt3,M5,cDXHP,Base,CZ01,16.715000000000003,1143790117.64345
Rt3,M5,cDXHP,Base,CZ02,25.97041666666667,1420218196.8028016
Rt3,M5,cDXHP,Base,CZ03,24.965,1315337240.9104362
Rt3,M5,cDXHP,Base,CZ04,32.625416666666666,1574440974.6631737
Rt3,M5,cDXHP,Base,CZ05,22.50375,1238614306.7594771
Rt3,M5,cDXHP,Base,CZ06,25.29583333333333,1334596323.9077015
Rt3,M5,cDXHP,Base,CZ07,25.2725,1466045225.7339835
Rt3,M5,cDXHP,Base,CZ08,32.28541666666666,1586694371.6212373
Rt3,M5,cDXHP,Base,CZ09,35.456250000000004,1701979990.4369197
Rt3,M5,cDXHP,Base,CZ10,35.55666666666667,1728402936.1908937
Rt3,M5,cDXHP,Base,CZ11,36.25708333333334,1564547886.524713
Rt3,M5,cDXHP,Base,CZ12,33.139583333333334,1632352829.971839
Rt3,M5,cDXHP,Base,CZ13,37.3975,1586500485.2994862
Rt3,M5,cDXHP,Base,CZ14,33.69791666666667,1388682315.0542903
Rt3,M5,cDXHP,Base,CZ15,42.32083333333334,2043296179.7434635
Rt3,M5,cDXHP,Base,CZ16,25.15416666666667,1207099252.3162436
Rt3,M5,cDXHP,Measure,CZ01,16.715000000000003,1105546744.1676576
Rt3,M5,cDXHP,Measure,CZ02,25.97041666666667,1350776284.34352
Rt3,M5,cDXHP,Measure,CZ03,24.965,1257914547.5345058
Rt3,M5,cDXHP,Measure,CZ04,32.625416666666666,1487223610.0582736
Rt3,M5,cDXHP,Measure,CZ05,22.50375,1190135741.5523932
Rt3,M5,cDXHP,Measure,CZ06,25.29583333333333,1276211295.9931457
Rt3,M5,cDXHP,Measure,CZ07,25.2725,1396576935.236132
Rt3,M5,cDXHP,Measure,CZ08,32.28541666666666,1498802793.9791842
Rt3,M5,cDXHP,Measure,CZ09,35.456250000000004,1601184354.6245246
Rt3,M5,cDXHP,Measure,CZ10,35.55666666666667,1624683938.818244
Rt3,M5,cDXHP,Measure,CZ11,36.25708333333334,1467118891.2266102
Rt3,M5,cDXHP,Measure,CZ12,33.139583333333334,1537998908.885933
Rt3,M5,cDXHP,Measure,CZ13,37.3975,1486236691.6261313
Rt3,M5,cDXHP,Measure,CZ14,33.69791666666667,1312489934.418067
Rt3,M5,cDXHP,Measure,CZ15,42.32083333333334,1901565512.9429755
Rt3,M5,cDXHP,Measure,CZ16,25.15416666666667,1153422113.1858196
Rt3,M5,cPTAC,Base,CZ01,16.715000000000003,1149648996.4827814
Rt3,M5,cPTAC,Base,CZ02,25.97041666666667,1444571714.5897164
Rt3,M5,cPTAC,Base,CZ03,24.965,1338017245.543807
Rt3,M5,cPTAC,Base,CZ04,32.625416666666666,1615200603.425228
Rt3,M5,cPTAC,Base,CZ05,22.50375,1265268094.1534884
Rt3,M5,cPTAC,Base,CZ06,25.29583333333333,1363029491.3013575
Rt3,M5,cPTAC,Base,CZ07,25.2725,1493541135.7754035
Rt3,M5,cPTAC,Base,CZ08,32.28541666666666,1620144853.6469278
Rt3,M5,cPTAC,Base,CZ09,35.456250000000004,1743127044.7511692
Rt3,M5,cPTAC,Base,CZ10,35.55666666666667,1769035208.501176
Rt3,M5,cPTAC,Base,CZ11,36.25708333333334,1596597308.0207543
Rt3,M5,cPTAC,Base,CZ12,33.139583333333334,1671127112.9052656
Rt3,M5,cPTAC,Base,CZ13,37.3975,1628045361.291113
Rt3,M5,cPTAC,Base,CZ14,33.69791666666667,1451231077.565704
Rt3,M5,cPTAC,Base,CZ15,42.32083333333334,2043846578.0999448
Rt3,M5,cPTAC,Base,CZ16,25.15416666666667,1229872717.0657482
Rt3,M5,cPTAC,Measure,CZ01,16.715000000000003,1114630466.46312
Rt3,M5,cPTAC,Measure,CZ02,25.97041666666667,1377088408.340928
Rt3,M5,cPTAC,Measure,CZ03,24.965,1282696483.5323014
Rt3,M5,cPTAC,Measure,CZ04,32.625416666666666,1527879713.169958
Rt3,M5,cPTAC,Measure,CZ05,22.50375,1218036042.6545384
Rt3,M5,cPTAC,Measure,CZ06,25.29583333333333,1305399687.6371777
Rt3,M5,cPTAC,Measure,CZ07,25.2725,1425015981.8170018
Rt3,M5,cPTAC,Measure,CZ08,32.28541666666666,1531882487.9120631
Rt3,M5,cPTAC,Measure,CZ09,35.456250000000004,1640900198.9614058
Rt3,M5,cPTAC,Measure,CZ10,35.55666666666667,1663036341.1393762
Rt3,M5,cPTAC,Measure,CZ11,36.25708333333334,1498581287.0357575
Rt3,M5,cPTAC,Measure,CZ12,33.139583333333334,1576946936.4883986
Rt3,M5,cPTAC,Measure,CZ13,37.3975,1525721870.5281763
Rt3,M5,cPTAC,Measure,CZ14,33.69791666666667,1371540026.6467638
Rt3,M5,cPTAC,Measure,CZ15,42.32083333333334,1902075278.4675405
Rt3,M5,cPTAC,Measure,CZ16,25.15416666666667,1177206444.4660745
Rt3,M5,cPVVG,Base,CZ01,16.715000000000003,1138633001.9000924
Rt3,M5,cPVVG,Base,CZ02,25.97041666666667,1431150867.562364
Rt3,M5,cPVVG,Base,CZ03,24.965,1325221161.8677225
Rt3,M5,cPVVG,Base,CZ04,32.625416666666666,1600846646.1544552
Rt3,M5,cPVVG,Base,CZ05,22.50375,1252987307.552438
Rt3,M5,cPVVG,Base,CZ06,25.29583333333333,1348775532.8144898
Rt3,M5,cPVVG,Base,CZ07,25.2725,1478914408.4322798
Rt3,M5,cPVVG,Base,CZ08,32.28541666666666,1606775648.2552266
Rt3,M5,cPVVG,Base,CZ09,35.456250000000004,1731062802.9621134
Rt3,M5,cPVVG,Base,CZ10,35.55666666666667,1754814947.7882662
Rt3,M5,cPVVG,Base,CZ11,36.25708333333334,1583177742.9759212
Rt3,M5,cPVVG,Base,CZ12,33.139583333333334,1658386449.3796468
Rt3,M5,cPVVG,Base,CZ13,37.3975,1614727403.0662026
Rt3,M5,cPVVG,Base,CZ14,33.69791666666667,1436929246.615807
Rt3,M5,cPVVG,Base,CZ15,42.32083333333334,2031053720.6193936
Rt3,M5,cPVVG,Base,CZ16,25.15416666666667,1213171646.2583928
Rt3,M5,cPVVG,Measure,CZ01,16.715000000000003,1103803323.767081
Rt3,M5,cPVVG,Measure,CZ02,25.97041666666667,1364090887.066341
Rt3,M5,cPVVG,Measure,CZ03,24.965,1270280499.375119
Rt3,M5,cPVVG,Measure,CZ04,32.625416666666666,1514024748.2298856
Rt3,M5,cPVVG,Measure,CZ05,22.50375,1206049707.9356756
Rt3,M5,cPVVG,Measure,CZ06,25.29583333333333,1291577140.766819
Rt3,M5,cPVVG,Measure,CZ07,25.2725,1410871700.216113
Rt3,M5,cPVVG,Measure,CZ08,32.28541666666666,1518974492.152865
Rt3,M5,cPVVG,Measure,CZ09,35.456250000000004,1629280984.682887
Rt3,M5,cPVVG,Measure,CZ10,35.55666666666667,1649354280.4035714
Rt3,M5,cPVVG,Measure,CZ11,36.25708333333334,1485794847.5647926
Rt3,M5,cPVVG,Measure,CZ12,33.139583333333334,1564666478.2579424
Rt3,M5,cPVVG,Measure,CZ13,37.3975,1513095117.883873
Rt3,M5,cPVVG,Measure,CZ14,33.69791666666667,1357817978.408072
Rt3,M5,cPVVG,Measure,CZ15,42.32083333333334,1889917407.8534224
Rt3,M5,cPVVG,Measure,CZ16,25.15416666666667,1161015494.3896322
RtL,M1,cDXGF,Base,CZ01,16.715000000000003,1112809233.0260906
RtL,M1,cDXGF,Base,CZ02,25.97041666666667,1493621213.7734954
RtL,M1,cDXGF,Base,CZ03,24.965,1390274534.026745
RtL,M1,cDXGF,Base,CZ04,32.625416666666666,1753625088.58225
RtL,M1,cDXGF,Base,CZ05,22.50375,1305250457.7596128
RtL,M1,cDXGF,Base,CZ06,25.29583333333333,1465106045.826486
RtL,M1,cDXGF,Base,CZ07,25.2725,1580300775.6910138
RtL,M1,cDXGF,Base,CZ08,32.28541666666666,1761660966.0867577
RtL,M1,cDXGF,Base,CZ09,35.456250000000004,1875937106.374088
RtL,M1,cDXGF,Base,CZ10,35.55666666666667,1859773238.5850637
RtL,M1,cDXGF,Base,CZ11,36.25708333333334,1769255886.0797477
RtL,M1,cDXGF,Base,CZ12,33.139583333333334,1780357077.6409175
RtL,M1,cDXGF,Base,CZ13,37.3975,1817003907.359619
RtL,M1,cDXGF,Base,CZ14,33.69791666666667,1672556012.4929636
RtL,M1,cDXGF,Base,CZ15,42.32083333333334,2196117040.0213976
RtL,M1,cDXGF,Base,CZ16,25.15416666666667,1456775870.54991
RtL,M1,cDXGF,Measure,CZ01,16.715000000000003,1125172756.7370317
RtL,M1,cDXGF,Measure,CZ02,25.97041666666667,1517013416.077228
RtL,M1,cDXGF,Measure,CZ03,24.965,1410662192.1342468
RtL,M1,cDXGF,Measure,CZ04,32.625416666666666,1762886902.8432658
RtL,M1,cDXGF,Measure,CZ05,22.50375,1327628885.5490785
RtL,M1,cDXGF,Measure,CZ06,25.29583333333333,1469675673.5903697
RtL,M1,cDXGF,Measure,CZ07,25.2725,1575131888.2686405
RtL,M1,cDXGF,Measure,CZ08,32.28541666666666,1766934691.6584568
RtL,M1,cDXGF,Measure,CZ09,35.456250000000004,1879501349.9492688
RtL,M1,cDXGF,Measure,CZ10,35.55666666666667,1864370189.862615
RtL,M1,cDXGF,Measure,CZ11,36.25708333333334,1717276301.1999624
RtL,M1,cDXGF,Measure,CZ12,33.139583333333334,1786634644.0511928
RtL,M1,cDXGF,Measure,CZ13,37.3975,1762868694.3522897
RtL,M1,cDXGF,Measure,CZ14,33.69791666666667,1622888869.2046423
RtL,M1,cDXGF,Measure,CZ15,42.32083333333334,2189837482.326084
RtL,M1,cDXGF,Measure,CZ16,25.15416666666667,1414453890.2478352
RtL,M1,cDXHP,Base,CZ01,16.715000000000003,1113735151.4854653
RtL,M1,cDXHP,Base,CZ02,25.97041666666667,1492290002.9542532
RtL,M1,cDXHP,Base,CZ03,24.965,1391710831.599728
RtL,M1,cDXHP,Base,CZ04,32.625416666666666,1756868654.659635
RtL,M1,cDXHP,Base,CZ05,22.50375,1308825367.5290427
RtL,M1,cDXHP,Base,CZ06,25.29583333333333,1467906184.2784803
RtL,M1,cDXHP,Base,CZ07,25.2725,1564664509.546558
RtL,M1,cDXHP,Base,CZ08,32.28541666666666,1767442768.7662768
RtL,M1,cDXHP,Base,CZ09,35.456250000000004,1884007284.304282
RtL,M1,cDXHP,Base,CZ10,35.55666666666667,1860852539.882797
RtL,M1,cDXHP,Base,CZ11,36.25708333333334,1769132008.2308574
RtL,M1,cDXHP,Base,CZ12,33.139583333333334,1783246713.67935
RtL,M1,cDXHP,Base,CZ13,37.3975,1819524224.9690516
RtL,M1,cDXHP,Base,CZ14,33.69791666666667,1675306830.252707
RtL,M1,cDXHP,Base,CZ15,42.32083333333334,2196117040.021396
RtL,M1,cDXHP,Base,CZ16,25.15416666666667,1461354997.0857334
RtL,M1,cDXHP,Measure,CZ01,16.715000000000003,1126410593.303467
RtL,M1,cDXHP,Measure,CZ02,25.97041666666667,1514511090.4574456
RtL,M1,cDXHP,Measure,CZ03,24.965,1411471411.2426767
RtL,M1,cDXHP,Measure,CZ04,32.625416666666666,1766260225.1440096
RtL,M1,cDXHP,Measure,CZ05,22.50375,1331765807.089057
RtL,M1,cDXHP,Measure,CZ06,25.29583333333333,1472502626.0133696
RtL,M1,cDXHP,Measure,CZ07,25.2725,1559479120.2839384
RtL,M1,cDXHP,Measure,CZ08,32.28541666666666,1772739264.8934865
RtL,M1,cDXHP,Measure,CZ09,35.456250000000004,1887277152.5956285
RtL,M1,cDXHP,Measure,CZ10,35.55666666666667,1865446803.1313453
RtL,M1,cDXHP,Measure,CZ11,36.25708333333334,1717086703.744072
RtL,M1,cDXHP,Measure,CZ12,33.139583333333334,1789267944.117512
RtL,M1,cDXHP,Measure,CZ13,37.3975,1765283479.9528022
RtL,M1,cDXHP,Measure,CZ14,33.69791666666667,1625628582.3682864
RtL,M1,cDXHP,Measure,CZ15,42.32083333333334,2189837482.3260565
RtL,M1,cDXHP,Measure,CZ16,25.15416666666667,1418793040.6385684
RtL,M1,cPTAC,Base,CZ01,16.715000000000003,1109409357.2125514
RtL,M1,cPTAC,Base,CZ02,25.97041666666667,1493082533.293295
RtL,M1,cPTAC,Base,CZ03,24.965,1389479152.8728156
RtL,M1,cPTAC,Base,CZ04,32.625416666666666,1753613645.3398955
RtL,M1,cPTAC,Base,CZ05,22.50375,1302614008.8138409
RtL,M1,cPTAC,Base,CZ06,25.29583333333333,1464736840.222386
RtL,M1,cPTAC,Base,CZ07,25.2725,1580299300.3175464
RtL,M1,cPTAC,Base,CZ08,32.28541666666666,1761666561.8009934
RtL,M1,cPTAC,Base,CZ09,35.456250000000004,1875935958.5809495
RtL,M1,cPTAC,Base,CZ10,35.55666666666667,1859776560.5680056
RtL,M1,cPTAC,Base,CZ11,36.25708333333334,1769255665.7900932
RtL,M1,cPTAC,Base,CZ12,33.139583333333334,1780352176.5338757
RtL,M1,cPTAC,Base,CZ13,37.3975,1817003912.179995
RtL,M1,cPTAC,Base,CZ14,33.69791666666667,1672556160.2111883
RtL,M1,cPTAC,Base,CZ15,42.32083333333334,2196117040.0213847
RtL,M1,cPTAC,Base,CZ16,25.15416666666667,1456775884.8846805
RtL,M1,cPTAC,Measure,CZ01,16.715000000000003,1123445691.0067437
RtL,M1,cPTAC,Measure,CZ02,25.97041666666667,1516456392.2256813
RtL,M1,cPTAC,Measure,CZ03,24.965,1409913594.3130577
RtL,M1,cPTAC,Measure,CZ04,32.625416666666666,1762874571.9758458
RtL,M1,cPTAC,Measure,CZ05,22.50375,1325990169.3948808
RtL,M1,cPTAC,Measure,CZ06,25.29583333333333,1469298370.674528
RtL,M1,cPTAC,Measure,CZ07,25.2725,1575130356.6710415
RtL,M1,cPTAC,Measure,CZ08,32.28541666666666,1766940561.7389295
RtL,M1,cPTAC,Measure,CZ09,35.456250000000004,1879500220.2420905
RtL,M1,cPTAC,Measure,CZ10,35.55666666666667,1864373996.299159
RtL,M1,cPTAC,Measure,CZ11,36.25708333333334,1717275564.9736223
RtL,M1,cPTAC,Measure,CZ12,33.139583333333334,1786629426.884487
RtL,M1,cPTAC,Measure,CZ13,37.3975,1762868699.2825427
RtL,M1,cPTAC,Measure,CZ14,33.69791666666667,1622889030.5626087
RtL,M1,cPTAC,Measure,CZ15,42.32083333333334,2189837482.326066
RtL,M1,cPTAC,Measure,CZ16,25.15416666666667,1414453925.463703
RtL,M1,cPVVG,Base,CZ01,16.715000000000003,965368118.9518268
RtL,M1,cPVVG,Base,CZ02,25.97041666666667,1356248378.2278676
RtL,M1,cPVVG,Base,CZ03,24.965,1266511732.3791666
RtL,M1,cPVVG,Base,CZ04,32.625416666666666,1632758857.740991
RtL,M1,cPVVG,Base,CZ05,22.50375,1168267887.6286552
RtL,M1,cPVVG,Base,CZ06,25.29583333333333,1339914031.6367264
RtL,M1,cPVVG,Base,CZ07,25.2725,1460904222.258535
RtL,M1,cPVVG,Base,CZ08,32.28541666666666,1661928821.5977716
RtL,M1,cPVVG,Base,CZ09,35.456250000000004,1787978142.6710854
RtL,M1,cPVVG,Base,CZ10,35.55666666666667,1762943221.0505152
RtL,M1,cPVVG,Base,CZ11,36.25708333333334,1660050334.3627014
RtL,M1,cPVVG,Base,CZ12,33.139583333333334,1671355219.9485433
RtL,M1,cPVVG,Base,CZ13,37.3975,1718962603.368918
RtL,M1,cPVVG,Base,CZ14,33.69791666666667,1554394980.4811022
RtL,M1,cPVVG,Base,CZ15,42.32083333333334,2136716694.270921
RtL,M1,cPVVG,Base,CZ16,25.15416666666667,1301685376.7094457
RtL,M1,cPVVG,Measure,CZ01,16.715000000000003,993390417.335504
RtL,M1,cPVVG,Measure,CZ02,25.97041666666667,1402895080.245247
RtL,M1,cPVVG,Measure,CZ03,24.965,1309432398.712232
RtL,M1,cPVVG,Measure,CZ04,32.625416666666666,1661076929.3690462
RtL,M1,cPVVG,Measure,CZ05,22.50375,1211247274.4277496
RtL,M1,cPVVG,Measure,CZ06,25.29583333333333,1359885628.2258663
RtL,M1,cPVVG,Measure,CZ07,25.2725,1469542796.6414647
RtL,M1,cPVVG,Measure,CZ08,32.28541666666666,1683734594.9042234
RtL,M1,cPVVG,Measure,CZ09,35.456250000000004,1807455332.2867136
RtL,M1,cPVVG,Measure,CZ10,35.55666666666667,1784844961.6862826
RtL,M1,cPVVG,Measure,CZ11,36.25708333333334,1638722846.2912817
RtL,M1,cPVVG,Measure,CZ12,33.139583333333334,1693959248.0523129
RtL,M1,cPVVG,Measure,CZ13,37.3975,1691962097.3124225
RtL,M1,cPVVG,Measure,CZ14,33.69791666666667,1534717797.9272015
RtL,M1,cPVVG,Measure,CZ15,42.32083333333334,2129111892.273988
RtL,M1,cPVVG,Measure,CZ16,25.15416666666667,1294141408.798207
RtL,M2,cDXGF,Base,CZ01,16.715000000000003,1370119735.7234182
RtL,M2,cDXGF,Base,CZ02,25.97041666666667,1544108180.3653393
RtL,M2,cDXGF,Base,CZ03,24.965,1464203413.0924823
RtL,M2,cDXGF,Base,CZ04,32.625416666666666,1652353691.1552026
RtL,M2,cDXGF,Base,CZ05,22.50375,1443134165.5530498
RtL,M2,cDXGF,Base,CZ06,25.29583333333333,1493304092.0798862
RtL,M2,cDXGF,Base,CZ07,25.2725,1537594914.143216
RtL,M2,cDXGF,Base,CZ08,32.28541666666666,1662654637.220852
RtL,M2,cDXGF,Base,CZ09,35.456250000000004,1714835549.7760682
RtL,M2,cDXGF,Base,CZ10,35.55666666666667,1688487950.3683643
RtL,M2,cDXGF,Base,CZ11,36.25708333333334,1572700161.6116047
RtL,M2,cDXGF,Base,CZ12,33.139583333333334,1667757215.2593992
RtL,M2,cDXGF,Base,CZ13,37.3975,1604114930.525086
RtL,M2,cDXGF,Base,CZ14,33.69791666666667,1533037944.435803
RtL,M2,cDXGF,Base,CZ15,42.32083333333334,1858925496.2969844
RtL,M2,cDXGF,Base,CZ16,25.15416666666667,1479572403.0245066
RtL,M2,cDXGF,Measure,CZ01,16.715000000000003,1350854940.5215082
RtL,M2,cDXGF,Measure,CZ02,25.97041666666667,1525164926.1390033
RtL,M2,cDXGF,Measure,CZ03,24.965,1443927010.8408115
RtL,M2,cDXGF,Measure,CZ04,32.625416666666666,1634413671.7510705
RtL,M2,cDXGF,Measure,CZ05,22.50375,1422075407.510651
RtL,M2,cDXGF,Measure,CZ06,25.29583333333333,1474362051.6546907
RtL,M2,cDXGF,Measure,CZ07,25.2725,1519462604.176679
RtL,M2,cDXGF,Measure,CZ08,32.28541666666666,1642524785.1700788
RtL,M2,cDXGF,Measure,CZ09,35.456250000000004,1694393068.8484871
RtL,M2,cDXGF,Measure,CZ10,35.55666666666667,1668122963.6553583
RtL,M2,cDXGF,Measure,CZ11,36.25708333333334,1528877659.8530214
RtL,M2,cDXGF,Measure,CZ12,33.139583333333334,1652004122.903282
RtL,M2,cDXGF,Measure,CZ13,37.3975,1561396835.711526
RtL,M2,cDXGF,Measure,CZ14,33.69791666666667,1486513399.2126412
RtL,M2,cDXGF,Measure,CZ15,42.32083333333334,1852907722.3509872
RtL,M2,cDXGF,Measure,CZ16,25.15416666666667,1426884669.639877
RtL,M2,cDXHP,Base,CZ01,16.715000000000003,1369101243.4615006
RtL,M2,cDXHP,Base,CZ02,25.97041666666667,1540804237.4425926
RtL,M2,cDXHP,Base,CZ03,24.965,1460397690.292344
RtL,M2,cDXHP,Base,CZ04,32.625416666666666,1650152877.7837443
RtL,M2,cDXHP,Base,CZ05,22.50375,1439628462.5979943
RtL,M2,cDXHP,Base,CZ06,25.29583333333333,1490940749.1912904
RtL,M2,cDXHP,Base,CZ07,25.2725,1533566419.5603523
RtL,M2,cDXHP,Base,CZ08,32.28541666666666,1660687524.4147463
RtL,M2,cDXHP,Base,CZ09,35.456250000000004,1713362816.0354629
RtL,M2,cDXHP,Base,CZ10,35.55666666666667,1687622284.6534047
RtL,M2,cDXHP,Base,CZ11,36.25708333333334,1571736410.4780707
RtL,M2,cDXHP,Base,CZ12,33.139583333333334,1665256021.947235
RtL,M2,cDXHP,Base,CZ13,37.3975,1602900129.9838407
RtL,M2,cDXHP,Base,CZ14,33.69791666666667,1530216057.8241458
RtL,M2,cDXHP,Base,CZ15,42.32083333333334,1858925496.29696
RtL,M2,cDXHP,Base,CZ16,25.15416666666667,1477829140.5934572
RtL,M2,cDXHP,Measure,CZ01,16.715000000000003,1349062920.2831044
RtL,M2,cDXHP,Measure,CZ02,25.97041666666667,1521510251.7940369
RtL,M2,cDXHP,Measure,CZ03,24.965,1439512513.7622647
RtL,M2,cDXHP,Measure,CZ04,32.625416666666666,1632015976.253949
RtL,M2,cDXHP,Measure,CZ05,22.50375,1417997599.3895755
RtL,M2,cDXHP,Measure,CZ06,25.29583333333333,1471667592.222684
RtL,M2,cDXHP,Measure,CZ07,25.2725,1515112633.2746654
RtL,M2,cDXHP,Measure,CZ08,32.28541666666666,1640341563.7695432
RtL,M2,cDXHP,Measure,CZ09,35.456250000000004,1692764687.195271
RtL,M2,cDXHP,Measure,CZ10,35.55666666666667,1667208755.8532834
RtL,M2,cDXHP,Measure,CZ11,36.25708333333334,1527870763.8854742
RtL,M2,cDXHP,Measure,CZ12,33.139583333333334,1649327551.5953205
RtL,M2,cDXHP,Measure,CZ13,37.3975,1560115749.717514
RtL,M2,cDXHP,Measure,CZ14,33.69791666666667,1483627253.5478778
RtL,M2,cDXHP,Measure,CZ15,42.32083333333334,1852907722.3510303
RtL,M2,cDXHP,Measure,CZ16,25.15416666666667,1424766752.059315
RtL,M2,cPTAC,Base,CZ01,16.715000000000003,1369998301.7453876
RtL,M2,cPTAC,Base,CZ02,25.97041666666667,1544108180.3653328
RtL,M2,cPTAC,Base,CZ03,24.965,1464203413.09249
RtL,M2,cPTAC,Base,CZ04,32.625416666666666,1652353691.1551735
RtL,M2,cPTAC,Base,CZ05,22.50375,1443117017.6313808
RtL,M2,cPTAC,Base,CZ06,25.29583333333333,1493304092.0799026
RtL,M2,cPTAC,Base,CZ07,25.2725,1537594914.1432197
RtL,M2,cPTAC,Base,CZ08,32.28541666666666,1662654637.220869
RtL,M2,cPTAC,Base,CZ09,35.456250000000004,1714835549.7761056
RtL,M2,cPTAC,Base,CZ10,35.55666666666667,1688487950.368376
RtL,M2,cPTAC,Base,CZ11,36.25708333333334,1572700161.6116035
RtL,M2,cPTAC,Base,CZ12,33.139583333333334,1667757215.2594552
RtL,M2,cPTAC,Base,CZ13,37.3975,1604114930.5251117
RtL,M2,cPTAC,Base,CZ14,33.69791666666667,1533037944.4360368
RtL,M2,cPTAC,Base,CZ15,42.32083333333334,1858925496.296912
RtL,M2,cPTAC,Base,CZ16,25.15416666666667,1479572318.311851
RtL,M2,cPTAC,Measure,CZ01,16.715000000000003,1350601667.5993366
RtL,M2,cPTAC,Measure,CZ02,25.97041666666667,1525164926.1389568
RtL,M2,cPTAC,Measure,CZ03,24.965,1443927010.8407917
RtL,M2,cPTAC,Measure,CZ04,32.625416666666666,1634413671.7510104
RtL,M2,cPTAC,Measure,CZ05,22.50375,1422046781.4996147
RtL,M2,cPTAC,Measure,CZ06,25.29583333333333,1474362051.654667
RtL,M2,cPTAC,Measure,CZ07,25.2725,1519462604.176689
RtL,M2,cPTAC,Measure,CZ08,32.28541666666666,1642524785.1700652
RtL,M2,cPTAC,Measure,CZ09,35.456250000000004,1694393068.8484416
RtL,M2,cPTAC,Measure,CZ10,35.55666666666667,1668122963.655405
RtL,M2,cPTAC,Measure,CZ11,36.25708333333334,1528879596.9034534
RtL,M2,cPTAC,Measure,CZ12,33.139583333333334,1652004122.9032748
RtL,M2,cPTAC,Measure,CZ13,37.3975,1561396835.7114716
RtL,M2,cPTAC,Measure,CZ14,33.69791666666667,1486513399.212652
RtL,M2,cPTAC,Measure,CZ15,42.32083333333334,1852907722.3509588
RtL,M2,cPTAC,Measure,CZ16,25.15416666666667,1426884669.6500556
RtL,M2,cPVVG,Base,CZ01,16.715000000000003,1251221520.0935168
RtL,M2,cPVVG,Base,CZ02,25.97041666666667,1412319120.203169
RtL,M2,cPVVG,Base,CZ03,24.965,1345409860.4034936
RtL,M2,cPVVG,Base,CZ04,32.625416666666666,1514023170.4858696
RtL,M2,cPVVG,Base,CZ05,22.50375,1314653222.6592038
RtL,M2,cPVVG,Base,CZ06,25.29583333333333,1366905683.285037
RtL,M2,cPVVG,Base,CZ07,25.2725,1411735091.8099554
RtL,M2,cPVVG,Base,CZ08,32.28541666666666,1531958866.107875
RtL,M2,cPVVG,Base,CZ09,35.456250000000004,1580994730.079704
RtL,M2,cPVVG,Base,CZ10,35.55666666666667,1553120317.269621
RtL,M2,cPVVG,Base,CZ11,36.25708333333334,1432517185.74115
RtL,M2,cPVVG,Base,CZ12,33.139583333333334,1540209342.4014983
RtL,M2,cPVVG,Base,CZ13,37.3975,1469796554.1267948
RtL,M2,cPVVG,Base,CZ14,33.69791666666667,1383939810.7159014
RtL,M2,cPVVG,Base,CZ15,42.32083333333334,1737442990.7364552
RtL,M2,cPVVG,Base,CZ16,25.15416666666667,1326026688.2828135
RtL,M2,cPVVG,Measure,CZ01,16.715000000000003,1241299395.7102025
RtL,M2,cPVVG,Measure,CZ02,25.97041666666667,1401947610.9140804
RtL,M2,cPVVG,Measure,CZ03,24.965,1335741843.7939744
RtL,M2,cPVVG,Measure,CZ04,32.625416666666666,1502065247.3999166
RtL,M2,cPVVG,Measure,CZ05,22.50375,1304392336.6247416
RtL,M2,cPVVG,Measure,CZ06,25.29583333333333,1356828217.6452727
RtL,M2,cPVVG,Measure,CZ07,25.2725,1401086827.2639532
RtL,M2,cPVVG,Measure,CZ08,32.28541666666666,1520131713.5349343
RtL,M2,cPVVG,Measure,CZ09,35.456250000000004,1568216827.840997
RtL,M2,cPVVG,Measure,CZ10,35.55666666666667,1540485784.1156664
RtL,M2,cPVVG,Measure,CZ11,36.25708333333334,1410528178.6434908
RtL,M2,cPVVG,Measure,CZ12,33.139583333333334,1528547376.5652163
RtL,M2,cPVVG,Measure,CZ13,37.3975,1448423324.6496017
RtL,M2,cPVVG,Measure,CZ14,33.69791666666667,1359908779.9288292
RtL,M2,cPVVG,Measure,CZ15,42.32083333333334,1730891288.1800642
RtL,M2,cPVVG,Measure,CZ16,25.15416666666667,1299483618.8911028
RtL,M3,cDXGF,Base,CZ01,16.715000000000003,1218055428.716215
RtL,M3,cDXGF,Base,CZ02,25.97041666666667,1389959577.4077892
RtL,M3,cDXGF,Base,CZ03,24.965,1319061692.6439376
RtL,M3,cDXGF,Base,CZ04,32.625416666666666,1499692863.767836
RtL,M3,cDXGF,Base,CZ05,22.50375,1283435579.327305
RtL,M3,cDXGF,Base,CZ06,25.29583333333333,1339058572.0296264
RtL,M3,cDXGF,Base,CZ07,25.2725,1382880675.3532996
RtL,M3,cDXGF,Base,CZ08,32.28541666666666,1519279917.1520584
RtL,M3,cDXGF,Base,CZ09,35.456250000000004,1568599605.7308562
RtL,M3,cDXGF,Base,CZ10,35.55666666666667,1543081217.833181
RtL,M3,cDXGF,Base,CZ11,36.25708333333334,1410328810.4435923
RtL,M3,cDXGF,Base,CZ12,33.139583333333334,1527070353.9931116
RtL,M3,cDXGF,Base,CZ13,37.3975,1450856896.639265
RtL,M3,cDXGF,Base,CZ14,33.69791666666667,1355875954.1342735
RtL,M3,cDXGF,Base,CZ15,42.32083333333334,1746557354.0450964
RtL,M3,cDXGF,Base,CZ16,25.15416666666667,1278245994.6187365
RtL,M3,cDXGF,Measure,CZ01,16.715000000000003,1163147903.6754265
RtL,M3,cDXGF,Measure,CZ02,25.97041666666667,1305375442.3494143
RtL,M3,cDXGF,Measure,CZ03,24.965,1246964226.0954003
RtL,M3,cDXGF,Measure,CZ04,32.625416666666666,1395182144.766335
RtL,M3,cDXGF,Measure,CZ05,22.50375,1217093558.7061408
RtL,M3,cDXGF,Measure,CZ06,25.29583333333333,1264892845.5656626
RtL,M3,cDXGF,Measure,CZ07,25.2725,1306685343.924596
RtL,M3,cDXGF,Measure,CZ08,32.28541666666666,1413471137.1180067
RtL,M3,cDXGF,Measure,CZ09,35.456250000000004,1454099611.560481
RtL,M3,cDXGF,Measure,CZ10,35.55666666666667,1430749089.80563
RtL,M3,cDXGF,Measure,CZ11,36.25708333333334,1302835274.4874868
RtL,M3,cDXGF,Measure,CZ12,33.139583333333334,1418277285.4091446
RtL,M3,cDXGF,Measure,CZ13,37.3975,1337065999.2739117
RtL,M3,cDXGF,Measure,CZ14,33.69791666666667,1259468943.703649
RtL,M3,cDXGF,Measure,CZ15,42.32083333333334,1597860484.7312813
RtL,M3,cDXGF,Measure,CZ16,25.15416666666667,1201783952.1174717
RtL,M3,cDXHP,Base,CZ01,16.715000000000003,1179177897.528967
RtL,M3,cDXHP,Base,CZ02,25.97041666666667,1372761815.3084233
RtL,M3,cDXHP,Base,CZ03,24.965,1292930442.0671597
RtL,M3,cDXHP,Base,CZ04,32.625416666666666,1492186897.3119507
RtL,M3,cDXHP,Base,CZ05,22.50375,1255196219.491981
RtL,M3,cDXHP,Base,CZ06,25.29583333333333,1313872677.313594
RtL,M3,cDXHP,Base,CZ07,25.2725,1360818360.2358563
RtL,M3,cDXHP,Base,CZ08,32.28541666666666,1508809322.4694655
RtL,M3,cDXHP,Base,CZ09,35.456250000000004,1561338658.6335125
RtL,M3,cDXHP,Base,CZ10,35.55666666666667,1540557081.5996485
RtL,M3,cDXHP,Base,CZ11,36.25708333333334,1408501552.105492
RtL,M3,cDXHP,Base,CZ12,33.139583333333334,1518435562.2617412
RtL,M3,cDXHP,Base,CZ13,37.3975,1447813952.1114855
RtL,M3,cDXHP,Base,CZ14,33.69791666666667,1348810337.4070885
RtL,M3,cDXHP,Base,CZ15,42.32083333333334,1746557354.0451107
RtL,M3,cDXHP,Base,CZ16,25.15416666666667,1243593858.7541811
RtL,M3,cDXHP,Measure,CZ01,16.715000000000003,1124527991.010363
RtL,M3,cDXHP,Measure,CZ02,25.97041666666667,1287734513.4922924
RtL,M3,cDXHP,Measure,CZ03,24.965,1220405195.3803225
RtL,M3,cDXHP,Measure,CZ04,32.625416666666666,1387239838.34558
RtL,M3,cDXHP,Measure,CZ05,22.50375,1188657296.6605926
RtL,M3,cDXHP,Measure,CZ06,25.29583333333333,1239549864.2269616
RtL,M3,cDXHP,Measure,CZ07,25.2725,1284426862.635424
RtL,M3,cDXHP,Measure,CZ08,32.28541666666666,1402450794.0033736
RtL,M3,cDXHP,Measure,CZ09,35.456250000000004,1446398872.8891635
RtL,M3,cDXHP,Measure,CZ10,35.55666666666667,1428033315.144349
RtL,M3,cDXHP,Measure,CZ11,36.25708333333334,1300831705.4207754
RtL,M3,cDXHP,Measure,CZ12,33.139583333333334,1409079612.7011957
RtL,M3,cDXHP,Measure,CZ13,37.3975,1333765050.156024
RtL,M3,cDXHP,Measure,CZ14,33.69791666666667,1252132041.3858805
RtL,M3,cDXHP,Measure,CZ15,42.32083333333334,1597860484.731273
RtL,M3,cDXHP,Measure,CZ16,25.15416666666667,1167446451.3408887
RtL,M3,cPTAC,Base,CZ01,16.715000000000003,1217748578.351039
RtL,M3,cPTAC,Base,CZ02,25.97041666666667,1389959577.4077306
RtL,M3,cPTAC,Base,CZ03,24.965,1319061692.643886
RtL,M3,cPTAC,Base,CZ04,32.625416666666666,1499692863.767985
RtL,M3,cPTAC,Base,CZ05,22.50375,1283405657.1180904
RtL,M3,cPTAC,Base,CZ06,25.29583333333333,1339058572.0296009
RtL,M3,cPTAC,Base,CZ07,25.2725,1382880675.3532925
RtL,M3,cPTAC,Base,CZ08,32.28541666666666,1519279917.1520455
RtL,M3,cPTAC,Base,CZ09,35.456250000000004,1568599605.730857
RtL,M3,cPTAC,Base,CZ10,35.55666666666667,1543081217.8331523
RtL,M3,cPTAC,Base,CZ11,36.25708333333334,1410327560.4185128
RtL,M3,cPTAC,Base,CZ12,33.139583333333334,1527070353.993132
RtL,M3,cPTAC,Base,CZ13,37.3975,1450856896.6392467
RtL,M3,cPTAC,Base,CZ14,33.69791666666667,1355875954.1342804
RtL,M3,cPTAC,Base,CZ15,42.32083333333334,1746557354.0450523
RtL,M3,cPTAC,Base,CZ16,25.15416666666667,1278246171.1963584
RtL,M3,cPTAC,Measure,CZ01,16.715000000000003,1162883718.2692204
RtL,M3,cPTAC,Measure,CZ02,25.97041666666667,1305375442.3492856
RtL,M3,cPTAC,Measure,CZ03,24.965,1246964226.0953708
RtL,M3,cPTAC,Measure,CZ04,32.625416666666666,1395182144.7664063
RtL,M3,cPTAC,Measure,CZ05,22.50375,1217067951.5139303
RtL,M3,cPTAC,Measure,CZ06,25.29583333333333,1264892845.5656404
RtL,M3,cPTAC,Measure,CZ07,25.2725,1306685343.92459
RtL,M3,cPTAC,Measure,CZ08,32.28541666666666,1413471137.1179967
RtL,M3,cPTAC,Measure,CZ09,35.456250000000004,1454099611.5604644
RtL,M3,cPTAC,Measure,CZ10,35.55666666666667,1430749089.805606
RtL,M3,cPTAC,Measure,CZ11,36.25708333333334,1302834564.0867486
RtL,M3,cPTAC,Measure,CZ12,33.139583333333334,1418277285.4091408
RtL,M3,cPTAC,Measure,CZ13,37.3975,1337065999.2739468
RtL,M3,cPTAC,Measure,CZ14,33.69791666666667,1259468943.70364
RtL,M3,cPTAC,Measure,CZ15,42.32083333333334,1597860484.7312603
RtL,M3,cPTAC,Measure,CZ16,25.15416666666667,1201784086.5634756
RtL,M3,cPVVG,Base,CZ01,16.715000000000003,1204618253.8949838
RtL,M3,cPVVG,Base,CZ02,25.97041666666667,1374944944.26764
RtL,M3,cPVVG,Base,CZ03,24.965,1305428642.3165476
RtL,M3,cPVVG,Base,CZ04,32.625416666666666,1483063275.453097
RtL,M3,cPVVG,Base,CZ05,22.50375,1269561550.0786116
RtL,M3,cPVVG,Base,CZ06,25.29583333333333,1323974809.5617535
RtL,M3,cPVVG,Base,CZ07,25.2725,1367509900.43077
RtL,M3,cPVVG,Base,CZ08,32.28541666666666,1503329415.7108612
RtL,M3,cPVVG,Base,CZ09,35.456250000000004,1552008837.549263
RtL,M3,cPVVG,Base,CZ10,35.55666666666667,1526609119.016915
RtL,M3,cPVVG,Base,CZ11,36.25708333333334,1394639448.8822978
RtL,M3,cPVVG,Base,CZ12,33.139583333333334,1510856567.327168
RtL,M3,cPVVG,Base,CZ13,37.3975,1435268847.3961644
RtL,M3,cPVVG,Base,CZ14,33.69791666666667,1339826466.123947
RtL,M3,cPVVG,Base,CZ15,42.32083333333334,1728597013.676711
RtL,M3,cPVVG,Base,CZ16,25.15416666666667,1260999269.3085356
RtL,M3,cPVVG,Measure,CZ01,16.715000000000003,1150234549.2825732
RtL,M3,cPVVG,Measure,CZ02,25.97041666666667,1290979176.5784783
RtL,M3,cPVVG,Measure,CZ03,24.965,1233879040.3548682
RtL,M3,cPVVG,Measure,CZ04,32.625416666666666,1379311790.0084596
RtL,M3,cPVVG,Measure,CZ05,22.50375,1203772639.7596245
RtL,M3,cPVVG,Measure,CZ06,25.29583333333333,1250415825.0094397
RtL,M3,cPVVG,Measure,CZ07,25.2725,1291929335.7078822
RtL,M3,cPVVG,Measure,CZ08,32.28541666666666,1398231288.0393662
RtL,M3,cPVVG,Measure,CZ09,35.456250000000004,1438290060.1481686
RtL,M3,cPVVG,Measure,CZ10,35.55666666666667,1415064038.2535715
RtL,M3,cPVVG,Measure,CZ11,36.25708333333334,1287906422.1720026
RtL,M3,cPVVG,Measure,CZ12,33.139583333333334,1402802373.9235382
RtL,M3,cPVVG,Measure,CZ13,37.3975,1322247432.314891
RtL,M3,cPVVG,Measure,CZ14,33.69791666666667,1244166528.3120832
RtL,M3,cPVVG,Measure,CZ15,42.32083333333334,1580858713.608345
RtL,M3,cPVVG,Measure,CZ16,25.15416666666667,1185225875.444251
RtL,M4,cDXGF,Base,CZ01,16.715000000000003,1195131013.8552215
RtL,M4,cDXGF,Base,CZ02,25.97041666666667,1526830139.0323424
RtL,M4,cDXGF,Base,CZ03,24.965,1425541946.372434
RtL,M4,cDXGF,Base,CZ04,32.625416666666666,1753618048.016272
RtL,M4,cDXGF,Base,CZ05,22.50375,1356423062.3139553
RtL,M4,cDXGF,Base,CZ06,25.29583333333333,1477153755.842349
RtL,M4,cDXGF,Base,CZ07,25.2725,1580299164.493246
RtL,M4,cDXGF,Base,CZ08,32.28541666666666,1761667715.449113
RtL,M4,cDXGF,Base,CZ09,35.456250000000004,1875969436.715712
RtL,M4,cDXGF,Base,CZ10,35.55666666666667,1859795078.7286544
RtL,M4,cDXGF,Base,CZ11,36.25708333333334,1769254749.8978772
RtL,M4,cDXGF,Base,CZ12,33.139583333333334,1780351172.2912798
RtL,M4,cDXGF,Base,CZ13,37.3975,1817004351.5424197
RtL,M4,cDXGF,Base,CZ14,33.69791666666667,1672792678.3994308
RtL,M4,cDXGF,Base,CZ15,42.32083333333334,2196117040.000488
RtL,M4,cDXGF,Base,CZ16,25.15416666666667,1468632628.5120585
RtL,M4,cDXGF,Measure,CZ01,16.715000000000003,1229646454.039727
RtL,M4,cDXGF,Measure,CZ02,25.97041666666667,1552145156.6805851
RtL,M4,cDXGF,Measure,CZ03,24.965,1447244083.3662572
RtL,M4,cDXGF,Measure,CZ04,32.625416666666666,1762884242.7818868
RtL,M4,cDXGF,Measure,CZ05,22.50375,1385538778.2193854
RtL,M4,cDXGF,Measure,CZ06,25.29583333333333,1481697136.6244109
RtL,M4,cDXGF,Measure,CZ07,25.2725,1575130261.9971342
RtL,M4,cDXGF,Measure,CZ08,32.28541666666666,1766943416.1255095
RtL,M4,cDXGF,Measure,CZ09,35.456250000000004,1879543096.3863564
RtL,M4,cDXGF,Measure,CZ10,35.55666666666667,1864399707.164463
RtL,M4,cDXGF,Measure,CZ11,36.25708333333334,1717274931.6590796
RtL,M4,cDXGF,Measure,CZ12,33.139583333333334,1786628542.2345705
RtL,M4,cDXGF,Measure,CZ13,37.3975,1762870162.3821115
RtL,M4,cDXGF,Measure,CZ14,33.69791666666667,1623097177.766353
RtL,M4,cDXGF,Measure,CZ15,42.32083333333334,2189837482.036153
RtL,M4,cDXGF,Measure,CZ16,25.15416666666667,1426198592.4808965
RtL,M4,cDXHP,Base,CZ01,16.715000000000003,1196250134.036015
RtL,M4,cDXHP,Base,CZ02,25.97041666666667,1525412416.909817
RtL,M4,cDXHP,Base,CZ03,24.965,1426993935.78584
RtL,M4,cDXHP,Base,CZ04,32.625416666666666,1756845553.883587
RtL,M4,cDXHP,Base,CZ05,22.50375,1360513263.211054
RtL,M4,cDXHP,Base,CZ06,25.29583333333333,1480052624.786985
RtL,M4,cDXHP,Base,CZ07,25.2725,1564661731.2151952
RtL,M4,cDXHP,Base,CZ08,32.28541666666666,1767444624.7743366
RtL,M4,cDXHP,Base,CZ09,35.456250000000004,1884040754.783028
RtL,M4,cDXHP,Base,CZ10,35.55666666666667,1860874924.940934
RtL,M4,cDXHP,Base,CZ11,36.25708333333334,1769130453.2363608
RtL,M4,cDXHP,Base,CZ12,33.139583333333334,1783229501.9024134
RtL,M4,cDXHP,Base,CZ13,37.3975,1819524287.0759332
RtL,M4,cDXHP,Base,CZ14,33.69791666666667,1675542979.1675444
RtL,M4,cDXHP,Base,CZ15,42.32083333333334,2196117040.000433
RtL,M4,cDXHP,Base,CZ16,25.15416666666667,1473234318.7458992
RtL,M4,cDXHP,Measure,CZ01,16.715000000000003,1229799461.1658778
RtL,M4,cDXHP,Measure,CZ02,25.97041666666667,1549578725.776991
RtL,M4,cDXHP,Measure,CZ03,24.965,1448050153.0395107
RtL,M4,cDXHP,Measure,CZ04,32.625416666666666,1766240449.6362226
RtL,M4,cDXHP,Measure,CZ05,22.50375,1390341563.2963986
RtL,M4,cDXHP,Measure,CZ06,25.29583333333333,1484625200.1997242
RtL,M4,cDXHP,Measure,CZ07,25.2725,1559476304.8291426
RtL,M4,cDXHP,Measure,CZ08,32.28541666666666,1772743295.9791105
RtL,M4,cDXHP,Measure,CZ09,35.456250000000004,1887321131.5184665
RtL,M4,cDXHP,Measure,CZ10,35.55666666666667,1865476520.6384652
RtL,M4,cDXHP,Measure,CZ11,36.25708333333334,1717085125.3417635
RtL,M4,cDXHP,Measure,CZ12,33.139583333333334,1789251938.9660733
RtL,M4,cDXHP,Measure,CZ13,37.3975,1765284542.823848
RtL,M4,cDXHP,Measure,CZ14,33.69791666666667,1625836394.101767
RtL,M4,cDXHP,Measure,CZ15,42.32083333333334,2189837482.036131
RtL,M4,cDXHP,Measure,CZ16,25.15416666666667,1430557776.564747
RtL,M4,cPTAC,Base,CZ01,16.715000000000003,1189790906.6498528
RtL,M4,cPTAC,Base,CZ02,25.97041666666667,1526829911.6212416
RtL,M4,cPTAC,Base,CZ03,24.965,1425471234.6153631
RtL,M4,cPTAC,Base,CZ04,32.625416666666666,1753618048.0162506
RtL,M4,cPTAC,Base,CZ05,22.50375,1354715226.588036
RtL,M4,cPTAC,Base,CZ06,25.29583333333333,1477153755.8423357
RtL,M4,cPTAC,Base,CZ07,25.2725,1580299164.4932876
RtL,M4,cPTAC,Base,CZ08,32.28541666666666,1761667715.4490848
RtL,M4,cPTAC,Base,CZ09,35.456250000000004,1875969436.7157168
RtL,M4,cPTAC,Base,CZ10,35.55666666666667,1859795078.7286456
RtL,M4,cPTAC,Base,CZ11,36.25708333333334,1769254749.8978653
RtL,M4,cPTAC,Base,CZ12,33.139583333333334,1780351172.291314
RtL,M4,cPTAC,Base,CZ13,37.3975,1817004351.542433
RtL,M4,cPTAC,Base,CZ14,33.69791666666667,1672792678.3994436
RtL,M4,cPTAC,Base,CZ15,42.32083333333334,2196117040.0004315
RtL,M4,cPTAC,Base,CZ16,25.15416666666667,1468632639.2854424
RtL,M4,cPTAC,Measure,CZ01,16.715000000000003,1228120625.9710486
RtL,M4,cPTAC,Measure,CZ02,25.97041666666667,1552145156.6805649
RtL,M4,cPTAC,Measure,CZ03,24.965,1447244083.3661246
RtL,M4,cPTAC,Measure,CZ04,32.625416666666666,1762884242.7819011
RtL,M4,cPTAC,Measure,CZ05,22.50375,1385177302.4885397
RtL,M4,cPTAC,Measure,CZ06,25.29583333333333,1481697136.6243954
RtL,M4,cPTAC,Measure,CZ07,25.2725,1575130261.9971414
RtL,M4,cPTAC,Measure,CZ08,32.28541666666666,1766943648.9827032
RtL,M4,cPTAC,Measure,CZ09,35.456250000000004,1879543096.3863533
RtL,M4,cPTAC,Measure,CZ10,35.55666666666667,1864399707.164483
RtL,M4,cPTAC,Measure,CZ11,36.25708333333334,1717274356.353093
RtL,M4,cPTAC,Measure,CZ12,33.139583333333334,1786628542.2345777
RtL,M4,cPTAC,Measure,CZ13,37.3975,1762870162.3820972
RtL,M4,cPTAC,Measure,CZ14,33.69791666666667,1623097177.766364
RtL,M4,cPTAC,Measure,CZ15,42.32083333333334,2189837482.036134
RtL,M4,cPTAC,Measure,CZ16,25.15416666666667,1426198626.8377843
RtL,M4,cPVVG,Base,CZ01,16.715000000000003,1022977786.0589352
RtL,M4,cPVVG,Base,CZ02,25.97041666666667,1380594613.0113797
RtL,M4,cPVVG,Base,CZ03,24.965,1293504716.9160438
RtL,M4,cPVVG,Base,CZ04,32.625416666666666,1632757976.8771815
RtL,M4,cPVVG,Base,CZ05,22.50375,1204983497.0575876
RtL,M4,cPVVG,Base,CZ06,25.29583333333333,1349557521.795422
RtL,M4,cPVVG,Base,CZ07,25.2725,1460903386.8741012
RtL,M4,cPVVG,Base,CZ08,32.28541666666666,1661936851.027679
RtL,M4,cPVVG,Base,CZ09,35.456250000000004,1788025533.2897544
RtL,M4,cPVVG,Base,CZ10,35.55666666666667,1762971845.3050847
RtL,M4,cPVVG,Base,CZ11,36.25708333333334,1660048683.9786096
RtL,M4,cPVVG,Base,CZ12,33.139583333333334,1671348893.509856
RtL,M4,cPVVG,Base,CZ13,37.3975,1718962871.6454468
RtL,M4,cPVVG,Base,CZ14,33.69791666666667,1554639980.632092
RtL,M4,cPVVG,Base,CZ15,42.32083333333334,2136716694.210795
RtL,M4,cPVVG,Base,CZ16,25.15416666666667,1312779637.6575265
RtL,M4,cPVVG,Measure,CZ01,16.715000000000003,1075178122.3870845
RtL,M4,cPVVG,Measure,CZ02,25.97041666666667,1430698898.0791817
RtL,M4,cPVVG,Measure,CZ03,24.965,1338312365.7351997
RtL,M4,cPVVG,Measure,CZ04,32.625416666666666,1661090505.5263586
RtL,M4,cPVVG,Measure,CZ05,22.50375,1257495672.6418977
RtL,M4,cPVVG,Measure,CZ06,25.29583333333333,1369732403.0876174
RtL,M4,cPVVG,Measure,CZ07,25.2725,1469541222.2762897
RtL,M4,cPVVG,Measure,CZ08,32.28541666666666,1683750414.3580244
RtL,M4,cPVVG,Measure,CZ09,35.456250000000004,1807512477.341544
RtL,M4,cPVVG,Measure,CZ10,35.55666666666667,1784878463.6761527
RtL,M4,cPVVG,Measure,CZ11,36.25708333333334,1638721261.654534
RtL,M4,cPVVG,Measure,CZ12,33.139583333333334,1693955438.0604076
RtL,M4,cPVVG,Measure,CZ13,37.3975,1691963401.563439
RtL,M4,cPVVG,Measure,CZ14,33.69791666666667,1534955334.9914773
RtL,M4,cPVVG,Measure,CZ15,42.32083333333334,2129111892.025461
RtL,M4,cPVVG,Measure,CZ16,25.15416666666667,1305198513.6625648
RtL,M5,cDXGF,Base,CZ01,16.715000000000003,1172851675.6506507
RtL,M5,cDXGF,Base,CZ02,25.97041666666667,1452407519.774912
RtL,M5,cDXGF,Base,CZ03,24.965,1330384298.340745
RtL,M5,cDXGF,Base,CZ04,32.625416666666666,1567160643.3763936
RtL,M5,cDXGF,Base,CZ05,22.50375,1259792309.997686
RtL,M5,cDXGF,Base,CZ06,25.29583333333333,1352396179.6435614
RtL,M5,cDXGF,Base,CZ07,25.2725,1463562869.2694726
RtL,M5,cDXGF,Base,CZ08,32.28541666666666,1605904724.1587262
RtL,M5,cDXGF,Base,CZ09,35.456250000000004,1710943032.1421697
RtL,M5,cDXGF,Base,CZ10,35.55666666666667,1665548195.0345345
RtL,M5,cDXGF,Base,CZ11,36.25708333333334,1557244628.87967
RtL,M5,cDXGF,Base,CZ12,33.139583333333334,1641787349.8858552
RtL,M5,cDXGF,Base,CZ13,37.3975,1586010536.7719822
RtL,M5,cDXGF,Base,CZ14,33.69791666666667,1413796816.921469
RtL,M5,cDXGF,Base,CZ15,42.32083333333334,2001676069.2503693
RtL,M5,cDXGF,Base,CZ16,25.15416666666667,1274603874.4833176
RtL,M5,cDXGF,Measure,CZ01,16.715000000000003,1137693726.0761817
RtL,M5,cDXGF,Measure,CZ02,25.97041666666667,1383548428.9661384
RtL,M5,cDXGF,Measure,CZ03,24.965,1276617608.3153443
RtL,M5,cDXGF,Measure,CZ04,32.625416666666666,1482945087.1532345
RtL,M5,cDXGF,Measure,CZ05,22.50375,1214183305.214101
RtL,M5,cDXGF,Measure,CZ06,25.29583333333333,1296970379.9256098
RtL,M5,cDXGF,Measure,CZ07,25.2725,1399125900.8507056
RtL,M5,cDXGF,Measure,CZ08,32.28541666666666,1518830117.420105
RtL,M5,cDXGF,Measure,CZ09,35.456250000000004,1610991144.5173917
RtL,M5,cDXGF,Measure,CZ10,35.55666666666667,1569284961.1130378
RtL,M5,cDXGF,Measure,CZ11,36.25708333333334,1461090293.800818
RtL,M5,cDXGF,Measure,CZ12,33.139583333333334,1548854252.2893047
RtL,M5,cDXGF,Measure,CZ13,37.3975,1486711990.6181917
RtL,M5,cDXGF,Measure,CZ14,33.69791666666667,1336992342.3953547
RtL,M5,cDXGF,Measure,CZ15,42.32083333333334,1861935962.7003083
RtL,M5,cDXGF,Measure,CZ16,25.15416666666667,1219320864.669526
RtL,M5,cDXHP,Base,CZ01,16.715000000000003,1164689680.734714
RtL,M5,cDXHP,Base,CZ02,25.97041666666667,1443363902.7343063
RtL,M5,cDXHP,Base,CZ03,24.965,1322747848.0379517
RtL,M5,cDXHP,Base,CZ04,32.625416666666666,1564336636.536766
RtL,M5,cDXHP,Base,CZ05,22.50375,1244410526.7589903
RtL,M5,cDXHP,Base,CZ06,25.29583333333333,1331423667.422822
RtL,M5,cDXHP,Base,CZ07,25.2725,1445870839.620284
RtL,M5,cDXHP,Base,CZ08,32.28541666666666,1586102592.386168
RtL,M5,cDXHP,Base,CZ09,35.456250000000004,1689681380.7478704
RtL,M5,cDXHP,Base,CZ10,35.55666666666667,1656084771.915615
RtL,M5,cDXHP,Base,CZ11,36.25708333333334,1554421356.5092916
RtL,M5,cDXHP,Base,CZ12,33.139583333333334,1635170055.6016808
RtL,M5,cDXHP,Base,CZ13,37.3975,1578970173.494779
RtL,M5,cDXHP,Base,CZ14,33.69791666666667,1395502939.0871556
RtL,M5,cDXHP,Base,CZ15,42.32083333333334,2001676069.250378
RtL,M5,cDXHP,Base,CZ16,25.15416666666667,1248512333.052516
RtL,M5,cDXHP,Measure,CZ01,16.715000000000003,1126634230.7906544
RtL,M5,cDXHP,Measure,CZ02,25.97041666666667,1372894605.2440004
RtL,M5,cDXHP,Measure,CZ03,24.965,1266343431.4515734
RtL,M5,cDXHP,Measure,CZ04,32.625416666666666,1479075417.9586265
RtL,M5,cDXHP,Measure,CZ05,22.50375,1197264126.6128893
RtL,M5,cDXHP,Measure,CZ06,25.29583333333333,1275266559.9687176
RtL,M5,cDXHP,Measure,CZ07,25.2725,1380293957.869073
RtL,M5,cDXHP,Measure,CZ08,32.28541666666666,1499452837.299169
RtL,M5,cDXHP,Measure,CZ09,35.456250000000004,1590767981.667889
RtL,M5,cDXHP,Measure,CZ10,35.55666666666667,1560398712.9411085
RtL,M5,cDXHP,Measure,CZ11,36.25708333333334,1458165726.5432658
RtL,M5,cDXHP,Measure,CZ12,33.139583333333334,1541289118.2581322
RtL,M5,cDXHP,Measure,CZ13,37.3975,1479835655.910425
RtL,M5,cDXHP,Measure,CZ14,33.69791666666667,1319657036.9971404
RtL,M5,cDXHP,Measure,CZ15,42.32083333333334,1861935962.7002892
RtL,M5,cDXHP,Measure,CZ16,25.15416666666667,1192470932.377889
RtL,M5,cPTAC,Base,CZ01,16.715000000000003,1171435578.8529754
RtL,M5,cPTAC,Base,CZ02,25.97041666666667,1452407519.7749643
RtL,M5,cPTAC,Base,CZ03,24.965,1330384298.3406346
RtL,M5,cPTAC,Base,CZ04,32.625416666666666,1567160643.3763847
RtL,M5,cPTAC,Base,CZ05,22.50375,1259425941.595261
RtL,M5,cPTAC,Base,CZ06,25.29583333333333,1352396179.6435666
RtL,M5,cPTAC,Base,CZ07,25.2725,1463562869.269502
RtL,M5,cPTAC,Base,CZ08,32.28541666666666,1605905558.167433
RtL,M5,cPTAC,Base,CZ09,35.456250000000004,1710943032.1421776
RtL,M5,cPTAC,Base,CZ10,35.55666666666667,1665548195.034541
RtL,M5,cPTAC,Base,CZ11,36.25708333333334,1557244628.8796978
RtL,M5,cPTAC,Base,CZ12,33.139583333333334,1641787349.885934
RtL,M5,cPTAC,Base,CZ13,37.3975,1586011531.5392177
RtL,M5,cPTAC,Base,CZ14,33.69791666666667,1413796816.9214382
RtL,M5,cPTAC,Base,CZ15,42.32083333333334,2001676069.250344
RtL,M5,cPTAC,Base,CZ16,25.15416666666667,1274603874.5469215
RtL,M5,cPTAC,Measure,CZ01,16.715000000000003,1136420654.1385024
RtL,M5,cPTAC,Measure,CZ02,25.97041666666667,1383548428.966205
RtL,M5,cPTAC,Measure,CZ03,24.965,1276617608.3152528
RtL,M5,cPTAC,Measure,CZ04,32.625416666666666,1482945087.1532657
RtL,M5,cPTAC,Measure,CZ05,22.50375,1213855307.019919
RtL,M5,cPTAC,Measure,CZ06,25.29583333333333,1296970379.9256144
RtL,M5,cPTAC,Measure,CZ07,25.2725,1399125900.850732
RtL,M5,cPTAC,Measure,CZ08,32.28541666666666,1518830850.632418
RtL,M5,cPTAC,Measure,CZ09,35.456250000000004,1610991144.5173678
RtL,M5,cPTAC,Measure,CZ10,35.55666666666667,1569284961.1130586
RtL,M5,cPTAC,Measure,CZ11,36.25708333333334,1461090293.8008351
RtL,M5,cPTAC,Measure,CZ12,33.139583333333334,1548854252.2893567
RtL,M5,cPTAC,Measure,CZ13,37.3975,1486712751.0064096
RtL,M5,cPTAC,Measure,CZ14,33.69791666666667,1336992342.3953657
RtL,M5,cPTAC,Measure,CZ15,42.32083333333334,1861935962.7002585
RtL,M5,cPTAC,Measure,CZ16,25.15416666666667,1219320864.6841822
RtL,M5,cPVVG,Base,CZ01,16.715000000000003,1159851546.7103448
RtL,M5,cPVVG,Base,CZ02,25.97041666666667,1437761073.9630427
RtL,M5,cPVVG,Base,CZ03,24.965,1316917947.954826
RtL,M5,cPVVG,Base,CZ04,32.625416666666666,1550600995.4725063
RtL,M5,cPVVG,Base,CZ05,22.50375,1246580564.317887
RtL,M5,cPVVG,Base,CZ06,25.29583333333333,1337491506.091195
RtL,M5,cPVVG,Base,CZ07,25.2725,1447992303.1758432
RtL,M5,cPVVG,Base,CZ08,32.28541666666666,1591616965.5245132
RtL,M5,cPVVG,Base,CZ09,35.456250000000004,1697127777.3921824
RtL,M5,cPVVG,Base,CZ10,35.55666666666667,1650570079.6496828
RtL,M5,cPVVG,Base,CZ11,36.25708333333334,1541340046.6632211
RtL,M5,cPVVG,Base,CZ12,33.139583333333334,1625763624.2913277
RtL,M5,cPVVG,Base,CZ13,37.3975,1570495950.585589
RtL,M5,cPVVG,Base,CZ14,33.69791666666667,1397542852.533514
RtL,M5,cPVVG,Base,CZ15,42.32083333333334,1986165367.029395
RtL,M5,cPVVG,Base,CZ16,25.15416666666667,1257236293.5235448
RtL,M5,cPVVG,Measure,CZ01,16.715000000000003,1125046927.8888607
RtL,M5,cPVVG,Measure,CZ02,25.97041666666667,1369382582.13502
RtL,M5,cPVVG,Measure,CZ03,24.965,1263565517.1641345
RtL,M5,cPVVG,Measure,CZ04,32.625416666666666,1466985011.7329154
RtL,M5,cPVVG,Measure,CZ05,22.50375,1201352717.5605571
RtL,M5,cPVVG,Measure,CZ06,25.29583333333333,1282523393.866667
RtL,M5,cPVVG,Measure,CZ07,25.2725,1384075560.660642
RtL,M5,cPVVG,Measure,CZ08,32.28541666666666,1505042891.0118768
RtL,M5,cPVVG,Measure,CZ09,35.456250000000004,1597700006.003337
RtL,M5,cPVVG,Measure,CZ10,35.55666666666667,1554892474.2609332
RtL,M5,cPVVG,Measure,CZ11,36.25708333333334,1445846814.1436431
RtL,M5,cPVVG,Measure,CZ12,33.139583333333334,1533434952.0270977
RtL,M5,cPVVG,Measure,CZ13,37.3975,1471850278.2762115
RtL,M5,cPVVG,Measure,CZ14,33.69791666666667,1321354513.901257
RtL,M5,cPVVG,Measure,CZ15,42.32083333333334,1847146367.772986
RtL,M5,cPVVG,Measure,CZ16,25.15416666666667,1202471743.3343682
RtS,M1,cDXGF,Base,CZ01,16.715000000000003,65275641.3487709
RtS,M1,cDXGF,Base,CZ02,25.97041666666667,96478772.71339214
RtS,M1,cDXGF,Base,CZ03,24.965,90360509.57286064
RtS,M1,cDXGF,Base,CZ04,32.625416666666666,118781222.67146334
RtS,M1,cDXGF,Base,CZ05,22.50375,84513005.88967255
RtS,M1,cDXGF,Base,CZ06,25.29583333333333,95322787.85031071
RtS,M1,cDXGF,Base,CZ07,25.2725,104687086.86530223
RtS,M1,cDXGF,Base,CZ08,32.28541666666666,118448039.47517408
RtS,M1,cDXGF,Base,CZ09,35.456250000000004,127494002.73275356
RtS,M1,cDXGF,Base,CZ10,35.55666666666667,130889300.8239707
RtS,M1,cDXGF,Base,CZ11,36.25708333333334,124057858.57378323
RtS,M1,cDXGF,Base,CZ12,33.139583333333334,119331698.60865095
RtS,M1,cDXGF,Base,CZ13,37.3975,126470476.50894882
RtS,M1,cDXGF,Base,CZ14,33.69791666666667,112865884.58026144
RtS,M1,cDXGF,Base,CZ15,42.32083333333334,154580547.61236063
RtS,M1,cDXGF,Base,CZ16,25.15416666666667,91549333.98942646
RtS,M1,cDXGF,Measure,CZ01,16.715000000000003,65758051.68335448
RtS,M1,cDXGF,Measure,CZ02,25.97041666666667,97343245.36436456
RtS,M1,cDXGF,Measure,CZ03,24.965,91024343.4608394
RtS,M1,cDXGF,Measure,CZ04,32.625416666666666,119140671.53857587
RtS,M1,cDXGF,Measure,CZ05,22.50375,85231682.36136347
RtS,M1,cDXGF,Measure,CZ06,25.29583333333333,95437977.08368637
RtS,M1,cDXGF,Measure,CZ07,25.2725,104482847.49280149
RtS,M1,cDXGF,Measure,CZ08,32.28541666666666,118560189.80917934
RtS,M1,cDXGF,Measure,CZ09,35.456250000000004,127541149.71003763
RtS,M1,cDXGF,Measure,CZ10,35.55666666666667,130901048.3610482
RtS,M1,cDXGF,Measure,CZ11,36.25708333333334,122662340.56085528
RtS,M1,cDXGF,Measure,CZ12,33.139583333333334,119648822.32779628
RtS,M1,cDXGF,Measure,CZ13,37.3975,125162500.86141954
RtS,M1,cDXGF,Measure,CZ14,33.69791666666667,111284434.0548414
RtS,M1,cDXGF,Measure,CZ15,42.32083333333334,154653483.12370762
RtS,M1,cDXGF,Measure,CZ16,25.15416666666667,89796337.89514162
RtS,M1,cDXHP,Base,CZ01,16.715000000000003,65401608.09913926
RtS,M1,cDXHP,Base,CZ02,25.97041666666667,96414468.54354796
RtS,M1,cDXHP,Base,CZ03,24.965,90609765.92599644
RtS,M1,cDXHP,Base,CZ04,32.625416666666666,119492330.23642056
RtS,M1,cDXHP,Base,CZ05,22.50375,84947247.1485182
RtS,M1,cDXHP,Base,CZ06,25.29583333333333,95598305.2714816
RtS,M1,cDXHP,Base,CZ07,25.2725,104060315.54174444
RtS,M1,cDXHP,Base,CZ08,32.28541666666666,119434548.13778162
RtS,M1,cDXHP,Base,CZ09,35.456250000000004,128552351.2798044
RtS,M1,cDXHP,Base,CZ10,35.55666666666667,131260075.10048378
RtS,M1,cDXHP,Base,CZ11,36.25708333333334,124456712.9187566
RtS,M1,cDXHP,Base,CZ12,33.139583333333334,119844704.6387386
RtS,M1,cDXHP,Base,CZ13,37.3975,126973148.87090944
RtS,M1,cDXHP,Base,CZ14,33.69791666666667,113370397.04267286
RtS,M1,cDXHP,Base,CZ15,42.32083333333334,154580547.61235934
RtS,M1,cDXHP,Base,CZ16,25.15416666666667,92019017.50262076
RtS,M1,cDXHP,Measure,CZ01,16.715000000000003,65876280.47812594
RtS,M1,cDXHP,Measure,CZ02,25.97041666666667,97253380.80846477
RtS,M1,cDXHP,Measure,CZ03,24.965,91274085.35765652
RtS,M1,cDXHP,Measure,CZ04,32.625416666666666,119868219.85980362
RtS,M1,cDXHP,Measure,CZ05,22.50375,85674054.23384689
RtS,M1,cDXHP,Measure,CZ06,25.29583333333333,95713957.85675365
RtS,M1,cDXHP,Measure,CZ07,25.2725,103839358.88958962
RtS,M1,cDXHP,Measure,CZ08,32.28541666666666,119544335.0897926
RtS,M1,cDXHP,Measure,CZ09,35.456250000000004,128586686.24132584
RtS,M1,cDXHP,Measure,CZ10,35.55666666666667,131266462.06176408
RtS,M1,cDXHP,Measure,CZ11,36.25708333333334,122992677.82135972
RtS,M1,cDXHP,Measure,CZ12,33.139583333333334,120176030.57919738
RtS,M1,cDXHP,Measure,CZ13,37.3975,125631096.21882418
RtS,M1,cDXHP,Measure,CZ14,33.69791666666667,111775758.92222784
RtS,M1,cDXHP,Measure,CZ15,42.32083333333334,154653483.12370798
RtS,M1,cDXHP,Measure,CZ16,25.15416666666667,90257447.4148268
RtS,M1,cPTAC,Base,CZ01,16.715000000000003,65156803.30546284
RtS,M1,cPTAC,Base,CZ02,25.97041666666667,96478758.05574805
RtS,M1,cPTAC,Base,CZ03,24.965,90351808.26909444
RtS,M1,cPTAC,Base,CZ04,32.625416666666666,118781222.66289613
RtS,M1,cPTAC,Base,CZ05,22.50375,84447231.25022876
RtS,M1,cPTAC,Base,CZ06,25.29583333333333,95322787.85030988
RtS,M1,cPTAC,Base,CZ07,25.2725,104687086.86530122
RtS,M1,cPTAC,Base,CZ08,32.28541666666666,118447861.89565124
RtS,M1,cPTAC,Base,CZ09,35.456250000000004,127494002.69502588
RtS,M1,cPTAC,Base,CZ10,35.55666666666667,130889300.8240238
RtS,M1,cPTAC,Base,CZ11,36.25708333333334,124057858.57378045
RtS,M1,cPTAC,Base,CZ12,33.139583333333334,119331698.60887767
RtS,M1,cPTAC,Base,CZ13,37.3975,126470476.50897372
RtS,M1,cPTAC,Base,CZ14,33.69791666666667,112865867.88914748
RtS,M1,cPTAC,Base,CZ15,42.32083333333334,154580547.61235818
RtS,M1,cPTAC,Base,CZ16,25.15416666666667,91549333.93143997
RtS,M1,cPTAC,Measure,CZ01,16.715000000000003,65655915.14509709
RtS,M1,cPTAC,Measure,CZ02,25.97041666666667,97343244.18875954
RtS,M1,cPTAC,Measure,CZ03,24.965,91021257.82788797
RtS,M1,cPTAC,Measure,CZ04,32.625416666666666,119140671.53857476
RtS,M1,cPTAC,Measure,CZ05,22.50375,85192246.01382306
RtS,M1,cPTAC,Measure,CZ06,25.29583333333333,95437977.08368626
RtS,M1,cPTAC,Measure,CZ07,25.2725,104482847.49280386
RtS,M1,cPTAC,Measure,CZ08,32.28541666666666,118560189.8095168
RtS,M1,cPTAC,Measure,CZ09,35.456250000000004,127541149.55121198
RtS,M1,cPTAC,Measure,CZ10,35.55666666666667,130901048.3609012
RtS,M1,cPTAC,Measure,CZ11,36.25708333333334,122662340.56085683
RtS,M1,cPTAC,Measure,CZ12,33.139583333333334,119648822.32779533
RtS,M1,cPTAC,Measure,CZ13,37.3975,125162500.86141646
RtS,M1,cPTAC,Measure,CZ14,33.69791666666667,111284434.38212413
RtS,M1,cPTAC,Measure,CZ15,42.32083333333334,154653483.12370825
RtS,M1,cPTAC,Measure,CZ16,25.15416666666667,89796312.58133548
RtS,M1,cPVVG,Base,CZ01,16.715000000000003,55225810.94552516
RtS,M1,cPVVG,Base,CZ02,25.97041666666667,85357618.86043583
RtS,M1,cPVVG,Base,CZ03,24.965,80766154.19395581
RtS,M1,cPVVG,Base,CZ04,32.625416666666666,111166629.33116096
RtS,M1,cPVVG,Base,CZ05,22.50375,73668342.18243474
RtS,M1,cPVVG,Base,CZ06,25.29583333333333,87149670.5541416
RtS,M1,cPVVG,Base,CZ07,25.2725,97256723.24105036
RtS,M1,cPVVG,Base,CZ08,32.28541666666666,111649336.05946489
RtS,M1,cPVVG,Base,CZ09,35.456250000000004,121542903.16620287
RtS,M1,cPVVG,Base,CZ10,35.55666666666667,124059269.26813996
RtS,M1,cPVVG,Base,CZ11,36.25708333333334,116966820.2578621
RtS,M1,cPVVG,Base,CZ12,33.139583333333334,112382013.25907987
RtS,M1,cPVVG,Base,CZ13,37.3975,120472830.74880952
RtS,M1,cPVVG,Base,CZ14,33.69791666666667,105746128.4148786
RtS,M1,cPVVG,Base,CZ15,42.32083333333334,150735925.74565974
RtS,M1,cPVVG,Base,CZ16,25.15416666666667,80988667.24996606
RtS,M1,cPVVG,Measure,CZ01,16.715000000000003,56427001.5273088
RtS,M1,cPVVG,Measure,CZ02,25.97041666666667,87585336.0071908
RtS,M1,cPVVG,Measure,CZ03,24.965,82533188.82240257
RtS,M1,cPVVG,Measure,CZ04,32.625416666666666,112627289.55268472
RtS,M1,cPVVG,Measure,CZ05,22.50375,75388078.07301311
RtS,M1,cPVVG,Measure,CZ06,25.29583333333333,88137446.9789301
RtS,M1,cPVVG,Measure,CZ07,25.2725,97882403.38332726
RtS,M1,cPVVG,Measure,CZ08,32.28541666666666,112653855.29276437
RtS,M1,cPVVG,Measure,CZ09,35.456250000000004,122378642.2207233
RtS,M1,cPVVG,Measure,CZ10,35.55666666666667,124939258.05576964
RtS,M1,cPVVG,Measure,CZ11,36.25708333333334,116661838.05834888
RtS,M1,cPVVG,Measure,CZ12,33.139583333333334,113714014.02226302
RtS,M1,cPVVG,Measure,CZ13,37.3975,120052927.9468329
RtS,M1,cPVVG,Measure,CZ14,33.69791666666667,105321274.44354776
RtS,M1,cPVVG,Measure,CZ15,42.32083333333334,150825236.40033948
RtS,M1,cPVVG,Measure,CZ16,25.15416666666667,80936901.6205942
RtS,M2,cDXGF,Base,CZ01,16.715000000000003,80465826.90354003
RtS,M2,cDXGF,Base,CZ02,25.97041666666667,100095294.21172364
RtS,M2,cDXGF,Base,CZ03,24.965,94970522.87768084
RtS,M2,cDXGF,Base,CZ04,32.625416666666666,112482045.533024
RtS,M2,cDXGF,Base,CZ05,22.50375,93170581.60706969
RtS,M2,cDXGF,Base,CZ06,25.29583333333333,96800549.8236085
RtS,M2,cDXGF,Base,CZ07,25.2725,100605309.48441207
RtS,M2,cDXGF,Base,CZ08,32.28541666666666,112700765.95809688
RtS,M2,cDXGF,Base,CZ09,35.456250000000004,118469137.13733356
RtS,M2,cDXGF,Base,CZ10,35.55666666666667,120659582.01030926
RtS,M2,cDXGF,Base,CZ11,36.25708333333334,111800345.241107
RtS,M2,cDXGF,Base,CZ12,33.139583333333334,112224606.47567028
RtS,M2,cDXGF,Base,CZ13,37.3975,114012706.3636863
RtS,M2,cDXGF,Base,CZ14,33.69791666666667,104329402.05868728
RtS,M2,cDXGF,Base,CZ15,42.32083333333334,133656944.0865246
RtS,M2,cDXGF,Base,CZ16,25.15416666666667,93207111.83049288
RtS,M2,cDXGF,Measure,CZ01,16.715000000000003,79334271.87578619
RtS,M2,cDXGF,Measure,CZ02,25.97041666666667,98871171.0414484
RtS,M2,cDXGF,Measure,CZ03,24.965,93719660.93599492
RtS,M2,cDXGF,Measure,CZ04,32.625416666666666,111567840.44463477
RtS,M2,cDXGF,Measure,CZ05,22.50375,91818662.7558248
RtS,M2,cDXGF,Measure,CZ06,25.29583333333333,95736003.11530194
RtS,M2,cDXGF,Measure,CZ07,25.2725,99913763.40246063
RtS,M2,cDXGF,Measure,CZ08,32.28541666666666,111636390.34830149
RtS,M2,cDXGF,Measure,CZ09,35.456250000000004,117399520.14565729
RtS,M2,cDXGF,Measure,CZ10,35.55666666666667,119513158.116814
RtS,M2,cDXGF,Measure,CZ11,36.25708333333334,110556427.28151402
RtS,M2,cDXGF,Measure,CZ12,33.139583333333334,111571619.44123057
RtS,M2,cDXGF,Measure,CZ13,37.3975,112942760.58716856
RtS,M2,cDXGF,Measure,CZ14,33.69791666666667,102856450.03708014
RtS,M2,cDXGF,Measure,CZ15,42.32083333333334,133739961.49554355
RtS,M2,cDXGF,Measure,CZ16,25.15416666666667,91057348.71345042
RtS,M2,cDXHP,Base,CZ01,16.715000000000003,80542074.74469937
RtS,M2,cDXHP,Base,CZ02,25.97041666666667,100089724.72530912
RtS,M2,cDXHP,Base,CZ03,24.965,95086170.54379784
RtS,M2,cDXHP,Base,CZ04,32.625416666666666,112568345.27386837
RtS,M2,cDXHP,Base,CZ05,22.50375,93314273.96881106
RtS,M2,cDXHP,Base,CZ06,25.29583333333333,96953763.6555496
RtS,M2,cDXHP,Base,CZ07,25.2725,100714142.29683565
RtS,M2,cDXHP,Base,CZ08,32.28541666666666,112852557.99214426
RtS,M2,cDXHP,Base,CZ09,35.456250000000004,118634929.42862168
RtS,M2,cDXHP,Base,CZ10,35.55666666666667,120726137.24991292
RtS,M2,cDXHP,Base,CZ11,36.25708333333334,111887089.39407843
RtS,M2,cDXHP,Base,CZ12,33.139583333333334,112348994.7124882
RtS,M2,cDXHP,Base,CZ13,37.3975,114122256.63337389
RtS,M2,cDXHP,Base,CZ14,33.69791666666667,104432054.52417248
RtS,M2,cDXHP,Base,CZ15,42.32083333333334,133656944.0865248
RtS,M2,cDXHP,Base,CZ16,25.15416666666667,93459889.49796008
RtS,M2,cDXHP,Measure,CZ01,16.715000000000003,79366598.60576826
RtS,M2,cDXHP,Measure,CZ02,25.97041666666667,98827476.91989972
RtS,M2,cDXHP,Measure,CZ03,24.965,93791898.2218926
RtS,M2,cDXHP,Measure,CZ04,32.625416666666666,111621581.77486695
RtS,M2,cDXHP,Measure,CZ05,22.50375,91917915.69711871
RtS,M2,cDXHP,Measure,CZ06,25.29583333333333,95865075.35722764
RtS,M2,cDXHP,Measure,CZ07,25.2725,99999637.98169611
RtS,M2,cDXHP,Measure,CZ08,32.28541666666666,111755350.74899398
RtS,M2,cDXHP,Measure,CZ09,35.456250000000004,117530790.0811752
RtS,M2,cDXHP,Measure,CZ10,35.55666666666667,119561458.02010895
RtS,M2,cDXHP,Measure,CZ11,36.25708333333334,110637944.44371648
RtS,M2,cDXHP,Measure,CZ12,33.139583333333334,111673965.13166665
RtS,M2,cDXHP,Measure,CZ13,37.3975,113048941.98621728
RtS,M2,cDXHP,Measure,CZ14,33.69791666666667,102953783.824697
RtS,M2,cDXHP,Measure,CZ15,42.32083333333334,133739961.49554092
RtS,M2,cDXHP,Measure,CZ16,25.15416666666667,91285525.95449866
RtS,M2,cPTAC,Base,CZ01,16.715000000000003,80465826.90354683
RtS,M2,cPTAC,Base,CZ02,25.97041666666667,100095294.21172328
RtS,M2,cPTAC,Base,CZ03,24.965,94970522.87768734
RtS,M2,cPTAC,Base,CZ04,32.625416666666666,112482045.53302166
RtS,M2,cPTAC,Base,CZ05,22.50375,93170581.6070834
RtS,M2,cPTAC,Base,CZ06,25.29583333333333,96800549.82361075
RtS,M2,cPTAC,Base,CZ07,25.2725,100605309.48441288
RtS,M2,cPTAC,Base,CZ08,32.28541666666666,112700765.9580962
RtS,M2,cPTAC,Base,CZ09,35.456250000000004,118469137.13733594
RtS,M2,cPTAC,Base,CZ10,35.55666666666667,120659582.0102987
RtS,M2,cPTAC,Base,CZ11,36.25708333333334,111800345.24111344
RtS,M2,cPTAC,Base,CZ12,33.139583333333334,112224606.47567296
RtS,M2,cPTAC,Base,CZ13,37.3975,114012706.36369888
RtS,M2,cPTAC,Base,CZ14,33.69791666666667,104329433.2279634
RtS,M2,cPTAC,Base,CZ15,42.32083333333334,133656944.086522
RtS,M2,cPTAC,Base,CZ16,25.15416666666667,93207111.83051217
RtS,M2,cPTAC,Measure,CZ01,16.715000000000003,79333083.70438309
RtS,M2,cPTAC,Measure,CZ02,25.97041666666667,98871171.04144734
RtS,M2,cPTAC,Measure,CZ03,24.965,93719660.93599027
RtS,M2,cPTAC,Measure,CZ04,32.625416666666666,111567840.44463746
RtS,M2,cPTAC,Measure,CZ05,22.50375,91818386.52678968
RtS,M2,cPTAC,Measure,CZ06,25.29583333333333,95736003.1153031
RtS,M2,cPTAC,Measure,CZ07,25.2725,99913763.40246126
RtS,M2,cPTAC,Measure,CZ08,32.28541666666666,111636390.3483055
RtS,M2,cPTAC,Measure,CZ09,35.456250000000004,117399520.14564589
RtS,M2,cPTAC,Measure,CZ10,35.55666666666667,119513149.00413089
RtS,M2,cPTAC,Measure,CZ11,36.25708333333334,110556427.28150894
RtS,M2,cPTAC,Measure,CZ12,33.139583333333334,111571619.44122744
RtS,M2,cPTAC,Measure,CZ13,37.3975,112942760.5871614
RtS,M2,cPTAC,Measure,CZ14,33.69791666666667,102856450.03707744
RtS,M2,cPTAC,Measure,CZ15,42.32083333333334,133739961.49554184
RtS,M2,cPTAC,Measure,CZ16,25.15416666666667,91057348.7265046
RtS,M2,cPVVG,Base,CZ01,16.715000000000003,70951223.72628611
RtS,M2,cPVVG,Base,CZ02,25.97041666666667,89183393.04856947
RtS,M2,cPVVG,Base,CZ03,24.965,85359604.13122441
RtS,M2,cPVVG,Base,CZ04,32.625416666666666,103116972.3245364
RtS,M2,cPVVG,Base,CZ05,22.50375,82157228.62049815
RtS,M2,cPVVG,Base,CZ06,25.29583333333333,88482996.95021698
RtS,M2,cPVVG,Base,CZ07,25.2725,92593843.6313768
RtS,M2,cPVVG,Base,CZ08,32.28541666666666,103917480.0642564
RtS,M2,cPVVG,Base,CZ09,35.456250000000004,109332590.35777272
RtS,M2,cPVVG,Base,CZ10,35.55666666666667,110423968.05243686
RtS,M2,cPVVG,Base,CZ11,36.25708333333334,101954752.8762908
RtS,M2,cPVVG,Base,CZ12,33.139583333333334,103924503.8913734
RtS,M2,cPVVG,Base,CZ13,37.3975,104815719.22260584
RtS,M2,cPVVG,Base,CZ14,33.69791666666667,94348388.42942356
RtS,M2,cPVVG,Base,CZ15,42.32083333333334,125377470.55942176
RtS,M2,cPVVG,Base,CZ16,25.15416666666667,82918661.49637078
RtS,M2,cPVVG,Measure,CZ01,16.715000000000003,70392595.95501055
RtS,M2,cPVVG,Measure,CZ02,25.97041666666667,88536996.27760068
RtS,M2,cPVVG,Measure,CZ03,24.965,84745566.66898477
RtS,M2,cPVVG,Measure,CZ04,32.625416666666666,102451038.59055254
RtS,M2,cPVVG,Measure,CZ05,22.50375,81492038.1701011
RtS,M2,cPVVG,Measure,CZ06,25.29583333333333,87863448.1183853
RtS,M2,cPVVG,Measure,CZ07,25.2725,92017352.67298783
RtS,M2,cPVVG,Measure,CZ08,32.28541666666666,103237261.232158
RtS,M2,cPVVG,Measure,CZ09,35.456250000000004,108662638.2838566
RtS,M2,cPVVG,Measure,CZ10,35.55666666666667,109694377.88284546
RtS,M2,cPVVG,Measure,CZ11,36.25708333333334,101435819.56225611
RtS,M2,cPVVG,Measure,CZ12,33.139583333333334,103371119.38198942
RtS,M2,cPVVG,Measure,CZ13,37.3975,104365681.1489397
RtS,M2,cPVVG,Measure,CZ14,33.69791666666667,93714096.92529404
RtS,M2,cPVVG,Measure,CZ15,42.32083333333334,125491432.33266576
RtS,M2,cPVVG,Measure,CZ16,25.15416666666667,81822090.91923513
RtS,M3,cDXGF,Base,CZ01,16.715000000000003,68573971.94380082
RtS,M3,cDXGF,Base,CZ02,25.97041666666667,86864662.51369566
RtS,M3,cDXGF,Base,CZ03,24.965,83599639.39336863
RtS,M3,cDXGF,Base,CZ04,32.625416666666666,101745494.64006636
RtS,M3,cDXGF,Base,CZ05,22.50375,79599324.5812856
RtS,M3,cDXGF,Base,CZ06,25.29583333333333,86446615.57753518
RtS,M3,cDXGF,Base,CZ07,25.2725,90587405.4007552
RtS,M3,cDXGF,Base,CZ08,32.28541666666666,102122443.70761296
RtS,M3,cDXGF,Base,CZ09,35.456250000000004,107669266.78021322
RtS,M3,cDXGF,Base,CZ10,35.55666666666667,108962472.18537588
RtS,M3,cDXGF,Base,CZ11,36.25708333333334,100502830.94060278
RtS,M3,cDXGF,Base,CZ12,33.139583333333334,102900056.23885292
RtS,M3,cDXGF,Base,CZ13,37.3975,103523067.68545698
RtS,M3,cDXGF,Base,CZ14,33.69791666666667,92489718.8379769
RtS,M3,cDXGF,Base,CZ15,42.32083333333334,126063307.34464112
RtS,M3,cDXGF,Base,CZ16,25.15416666666667,80148416.27385336
RtS,M3,cDXGF,Measure,CZ01,16.715000000000003,65366335.94031662
RtS,M3,cDXGF,Measure,CZ02,25.97041666666667,80681835.95764369
RtS,M3,cDXGF,Measure,CZ03,24.965,78064004.06679401
RtS,M3,cDXGF,Measure,CZ04,32.625416666666666,93099775.72086444
RtS,M3,cDXGF,Measure,CZ05,22.50375,74701943.48747775
RtS,M3,cDXGF,Measure,CZ06,25.29583333333333,80559448.39113498
RtS,M3,cDXGF,Measure,CZ07,25.2725,84342316.21223032
RtS,M3,cDXGF,Measure,CZ08,32.28541666666666,93474415.61606288
RtS,M3,cDXGF,Measure,CZ09,35.456250000000004,98067587.4111143
RtS,M3,cDXGF,Measure,CZ10,35.55666666666667,99064094.4172599
RtS,M3,cDXGF,Measure,CZ11,36.25708333333334,90997162.238471
RtS,M3,cDXGF,Measure,CZ12,33.139583333333334,94030670.66583608
RtS,M3,cDXGF,Measure,CZ13,37.3975,93520166.8829521
RtS,M3,cDXGF,Measure,CZ14,33.69791666666667,84466133.09261289
RtS,M3,cDXGF,Measure,CZ15,42.32083333333334,113052434.79952812
RtS,M3,cDXGF,Measure,CZ16,25.15416666666667,74526409.82131115
RtS,M3,cDXHP,Base,CZ01,16.715000000000003,66161120.86244233
RtS,M3,cDXHP,Base,CZ02,25.97041666666667,85437301.14015782
RtS,M3,cDXHP,Base,CZ03,24.965,81637279.93235226
RtS,M3,cDXHP,Base,CZ04,32.625416666666666,100753630.3170792
RtS,M3,cDXHP,Base,CZ05,22.50375,77471665.90269928
RtS,M3,cDXHP,Base,CZ06,25.29583333333333,84523595.2935091
RtS,M3,cDXHP,Base,CZ07,25.2725,88874916.55312058
RtS,M3,cDXHP,Base,CZ08,32.28541666666666,101398687.87736031
RtS,M3,cDXHP,Base,CZ09,35.456250000000004,107242005.81737334
RtS,M3,cDXHP,Base,CZ10,35.55666666666667,108824945.70791388
RtS,M3,cDXHP,Base,CZ11,36.25708333333334,100196890.0309827
RtS,M3,cDXHP,Base,CZ12,33.139583333333334,101963771.46841788
RtS,M3,cDXHP,Base,CZ13,37.3975,103215012.65217485
RtS,M3,cDXHP,Base,CZ14,33.69791666666667,91911318.87580448
RtS,M3,cDXHP,Base,CZ15,42.32083333333334,126063307.34464304
RtS,M3,cDXHP,Base,CZ16,25.15416666666667,77849807.07943588
RtS,M3,cDXHP,Measure,CZ01,16.715000000000003,62966624.17425839
RtS,M3,cDXHP,Measure,CZ02,25.97041666666667,79210819.59787577
RtS,M3,cDXHP,Measure,CZ03,24.965,76067864.31767859
RtS,M3,cDXHP,Measure,CZ04,32.625416666666666,92035457.02560116
RtS,M3,cDXHP,Measure,CZ05,22.50375,72560633.54649952
RtS,M3,cDXHP,Measure,CZ06,25.29583333333333,78617086.56460506
RtS,M3,cDXHP,Measure,CZ07,25.2725,82609551.92509717
RtS,M3,cDXHP,Measure,CZ08,32.28541666666666,92696982.4201316
RtS,M3,cDXHP,Measure,CZ09,35.456250000000004,97593275.60120596
RtS,M3,cDXHP,Measure,CZ10,35.55666666666667,98909266.25888345
RtS,M3,cDXHP,Measure,CZ11,36.25708333333334,90652873.4727806
RtS,M3,cDXHP,Measure,CZ12,33.139583333333334,93018998.76753294
RtS,M3,cDXHP,Measure,CZ13,37.3975,93174365.0520518
RtS,M3,cDXHP,Measure,CZ14,33.69791666666667,83838528.96906197
RtS,M3,cDXHP,Measure,CZ15,42.32083333333334,113052434.79952854
RtS,M3,cDXHP,Measure,CZ16,25.15416666666667,72245392.9376222
RtS,M3,cPTAC,Base,CZ01,16.715000000000003,68558675.9730869
RtS,M3,cPTAC,Base,CZ02,25.97041666666667,86864662.5136939
RtS,M3,cPTAC,Base,CZ03,24.965,83599639.39334854
RtS,M3,cPTAC,Base,CZ04,32.625416666666666,101745494.65864304
RtS,M3,cPTAC,Base,CZ05,22.50375,79594003.59776098
RtS,M3,cPTAC,Base,CZ06,25.29583333333333,86446615.57753542
RtS,M3,cPTAC,Base,CZ07,25.2725,90587405.40075631
RtS,M3,cPTAC,Base,CZ08,32.28541666666666,102122394.44075777
RtS,M3,cPTAC,Base,CZ09,35.456250000000004,107669266.79356426
RtS,M3,cPTAC,Base,CZ10,35.55666666666667,108962472.18530782
RtS,M3,cPTAC,Base,CZ11,36.25708333333334,100502830.9406006
RtS,M3,cPTAC,Base,CZ12,33.139583333333334,102900056.2388476
RtS,M3,cPTAC,Base,CZ13,37.3975,103523067.70051236
RtS,M3,cPTAC,Base,CZ14,33.69791666666667,92489718.83797646
RtS,M3,cPTAC,Base,CZ15,42.32083333333334,126063307.34464514
RtS,M3,cPTAC,Base,CZ16,25.15416666666667,80148416.26913291
RtS,M3,cPTAC,Measure,CZ01,16.715000000000003,65353170.17733036
RtS,M3,cPTAC,Measure,CZ02,25.97041666666667,80681835.95764154
RtS,M3,cPTAC,Measure,CZ03,24.965,78064004.0667781
RtS,M3,cPTAC,Measure,CZ04,32.625416666666666,93099775.72086452
RtS,M3,cPTAC,Measure,CZ05,22.50375,74697391.38534681
RtS,M3,cPTAC,Measure,CZ06,25.29583333333333,80559448.39113519
RtS,M3,cPTAC,Measure,CZ07,25.2725,84342316.21223068
RtS,M3,cPTAC,Measure,CZ08,32.28541666666666,93474372.70699376
RtS,M3,cPTAC,Measure,CZ09,35.456250000000004,98067587.42324196
RtS,M3,cPTAC,Measure,CZ10,35.55666666666667,99064094.41720156
RtS,M3,cPTAC,Measure,CZ11,36.25708333333334,90997162.23847026
RtS,M3,cPTAC,Measure,CZ12,33.139583333333334,94030670.6658409
RtS,M3,cPTAC,Measure,CZ13,37.3975,93520167.5606768
RtS,M3,cPTAC,Measure,CZ14,33.69791666666667,84466133.09260368
RtS,M3,cPTAC,Measure,CZ15,42.32083333333334,113052434.7995267
RtS,M3,cPTAC,Measure,CZ16,25.15416666666667,74526407.47703603
RtS,M3,cPVVG,Base,CZ01,16.715000000000003,67741245.23211223
RtS,M3,cPVVG,Base,CZ02,25.97041666666667,85401789.09237474
RtS,M3,cPVVG,Base,CZ03,24.965,82284998.110405
RtS,M3,cPVVG,Base,CZ04,32.625416666666666,100520149.8780968
RtS,M3,cPVVG,Base,CZ05,22.50375,78372030.55189544
RtS,M3,cPVVG,Base,CZ06,25.29583333333333,85422780.62386468
RtS,M3,cPVVG,Base,CZ07,25.2725,89513607.55882716
RtS,M3,cPVVG,Base,CZ08,32.28541666666666,100966765.99312438
RtS,M3,cPVVG,Base,CZ09,35.456250000000004,106474678.52440408
RtS,M3,cPVVG,Base,CZ10,35.55666666666667,107679570.36543708
RtS,M3,cPVVG,Base,CZ11,36.25708333333334,99300238.3178536
RtS,M3,cPVVG,Base,CZ12,33.139583333333334,101756807.59596062
RtS,M3,cPVVG,Base,CZ13,37.3975,102347847.2230066
RtS,M3,cPVVG,Base,CZ14,33.69791666666667,91327992.016269
RtS,M3,cPVVG,Base,CZ15,42.32083333333334,124761479.21745685
RtS,M3,cPVVG,Base,CZ16,25.15416666666667,78644289.44613513
RtS,M3,cPVVG,Measure,CZ01,16.715000000000003,64567075.58524677
RtS,M3,cPVVG,Measure,CZ02,25.97041666666667,79284564.86933908
RtS,M3,cPVVG,Measure,CZ03,24.965,76807470.99505918
RtS,M3,cPVVG,Measure,CZ04,32.625416666666666,91928408.2931232
RtS,M3,cPVVG,Measure,CZ05,22.50375,73527111.96329498
RtS,M3,cPVVG,Measure,CZ06,25.29583333333333,79575908.81223644
RtS,M3,cPVVG,Measure,CZ07,25.2725,83310474.2712772
RtS,M3,cPVVG,Measure,CZ08,32.28541666666666,92368833.99903987
RtS,M3,cPVVG,Measure,CZ09,35.456250000000004,96927807.89733575
RtS,M3,cPVVG,Measure,CZ10,35.55666666666667,97840635.91345908
RtS,M3,cPVVG,Measure,CZ11,36.25708333333334,89859850.17442784
RtS,M3,cPVVG,Measure,CZ12,33.139583333333334,92937936.83081175
RtS,M3,cPVVG,Measure,CZ13,37.3975,92412577.6451743
RtS,M3,cPVVG,Measure,CZ14,33.69791666666667,83360774.7383081
RtS,M3,cPVVG,Measure,CZ15,42.32083333333334,111820635.55584458
RtS,M3,cPVVG,Measure,CZ16,25.15416666666667,73088038.40258345
RtS,M4,cDXGF,Base,CZ01,16.715000000000003,70726725.25024955
RtS,M4,cDXGF,Base,CZ02,25.97041666666667,99373544.7736086
RtS,M4,cDXGF,Base,CZ03,24.965,93284887.1632771
RtS,M4,cDXGF,Base,CZ04,32.625416666666666,118781240.90905853
RtS,M4,cDXGF,Base,CZ05,22.50375,88818398.73567224
RtS,M4,cDXGF,Base,CZ06,25.29583333333333,96332126.12621124
RtS,M4,cDXGF,Base,CZ07,25.2725,104687087.03663369
RtS,M4,cDXGF,Base,CZ08,32.28541666666666,118448056.05670482
RtS,M4,cDXGF,Base,CZ09,35.456250000000004,127494037.55376196
RtS,M4,cDXGF,Base,CZ10,35.55666666666667,130889317.10900822
RtS,M4,cDXGF,Base,CZ11,36.25708333333334,124057863.84448336
RtS,M4,cDXGF,Base,CZ12,33.139583333333334,119331650.94642387
RtS,M4,cDXGF,Base,CZ13,37.3975,126470465.9320508
RtS,M4,cDXGF,Base,CZ14,33.69791666666667,112865887.87615988
RtS,M4,cDXGF,Base,CZ15,42.32083333333334,154580547.61265588
RtS,M4,cDXGF,Base,CZ16,25.15416666666667,92430305.49300024
RtS,M4,cDXGF,Measure,CZ01,16.715000000000003,72009997.87751245
RtS,M4,cDXGF,Measure,CZ02,25.97041666666667,100329287.95820108
RtS,M4,cDXGF,Measure,CZ03,24.965,93998343.16210248
RtS,M4,cDXGF,Measure,CZ04,32.625416666666666,119140706.51308133
RtS,M4,cDXGF,Measure,CZ05,22.50375,89757899.12862487
RtS,M4,cDXGF,Measure,CZ06,25.29583333333333,96446469.52298006
RtS,M4,cDXGF,Measure,CZ07,25.2725,104482844.73222004
RtS,M4,cDXGF,Measure,CZ08,32.28541666666666,118560222.31271772
RtS,M4,cDXGF,Measure,CZ09,35.456250000000004,127541207.03504996
RtS,M4,cDXGF,Measure,CZ10,35.55666666666667,130901079.16519132
RtS,M4,cDXGF,Measure,CZ11,36.25708333333334,122662351.24055688
RtS,M4,cDXGF,Measure,CZ12,33.139583333333334,119648809.2880717
RtS,M4,cDXGF,Measure,CZ13,37.3975,125162493.52528831
RtS,M4,cDXGF,Measure,CZ14,33.69791666666667,111284437.2885262
RtS,M4,cDXGF,Measure,CZ15,42.32083333333334,154653483.12375507
RtS,M4,cDXGF,Measure,CZ16,25.15416666666667,90686063.95655954
RtS,M4,cDXHP,Base,CZ01,16.715000000000003,70775971.92696196
RtS,M4,cDXHP,Base,CZ02,25.97041666666667,99334770.3017554
RtS,M4,cDXHP,Base,CZ03,24.965,93594405.19226123
RtS,M4,cDXHP,Base,CZ04,32.625416666666666,119492330.03238304
RtS,M4,cDXHP,Base,CZ05,22.50375,89312543.32421413
RtS,M4,cDXHP,Base,CZ06,25.29583333333333,96622739.13011856
RtS,M4,cDXHP,Base,CZ07,25.2725,104060315.320735
RtS,M4,cDXHP,Base,CZ08,32.28541666666666,119434565.15121049
RtS,M4,cDXHP,Base,CZ09,35.456250000000004,128552379.45489688
RtS,M4,cDXHP,Base,CZ10,35.55666666666667,131260085.58288866
RtS,M4,cDXHP,Base,CZ11,36.25708333333334,124456726.56078498
RtS,M4,cDXHP,Base,CZ12,33.139583333333334,119844683.90895066
RtS,M4,cDXHP,Base,CZ13,37.3975,126973135.15880708
RtS,M4,cDXHP,Base,CZ14,33.69791666666667,113370400.62465504
RtS,M4,cDXHP,Base,CZ15,42.32083333333334,154580547.61265713
RtS,M4,cDXHP,Base,CZ16,25.15416666666667,92919296.92507282
RtS,M4,cDXHP,Measure,CZ01,16.715000000000003,72002559.42275518
RtS,M4,cDXHP,Measure,CZ02,25.97041666666667,100266271.57397915
RtS,M4,cDXHP,Measure,CZ03,24.965,94322901.80566852
RtS,M4,cDXHP,Measure,CZ04,32.625416666666666,119868236.3709298
RtS,M4,cDXHP,Measure,CZ05,22.50375,90266687.73490472
RtS,M4,cDXHP,Measure,CZ06,25.29583333333333,96737657.1407454
RtS,M4,cDXHP,Measure,CZ07,25.2725,103839356.21905167
RtS,M4,cDXHP,Measure,CZ08,32.28541666666666,119544367.563075
RtS,M4,cDXHP,Measure,CZ09,35.456250000000004,128586737.24185444
RtS,M4,cDXHP,Measure,CZ10,35.55666666666667,131266492.69270228
RtS,M4,cDXHP,Measure,CZ11,36.25708333333334,122992629.860972
RtS,M4,cDXHP,Measure,CZ12,33.139583333333334,120176034.7557197
RtS,M4,cDXHP,Measure,CZ13,37.3975,125631025.18288404
RtS,M4,cDXHP,Measure,CZ14,33.69791666666667,111775760.68234073
RtS,M4,cDXHP,Measure,CZ15,42.32083333333334,154653483.1237532
RtS,M4,cDXHP,Measure,CZ16,25.15416666666667,91166313.2967282
RtS,M4,cPTAC,Base,CZ01,16.715000000000003,70376333.4831336
RtS,M4,cPTAC,Base,CZ02,25.97041666666667,99373529.761057
RtS,M4,cPTAC,Base,CZ03,24.965,93274600.43607448
RtS,M4,cPTAC,Base,CZ04,32.625416666666666,118781240.90049164
RtS,M4,cPTAC,Base,CZ05,22.50375,88712933.62714139
RtS,M4,cPTAC,Base,CZ06,25.29583333333333,96332126.1262095
RtS,M4,cPTAC,Base,CZ07,25.2725,104687087.03663091
RtS,M4,cPTAC,Base,CZ08,32.28541666666666,118447878.44950524
RtS,M4,cPTAC,Base,CZ09,35.456250000000004,127494037.5746841
RtS,M4,cPTAC,Base,CZ10,35.55666666666667,130889317.10906178
RtS,M4,cPTAC,Base,CZ11,36.25708333333334,124057863.84448032
RtS,M4,cPTAC,Base,CZ12,33.139583333333334,119331650.9465618
RtS,M4,cPTAC,Base,CZ13,37.3975,126470465.93206866
RtS,M4,cPTAC,Base,CZ14,33.69791666666667,112865871.17655534
RtS,M4,cPTAC,Base,CZ15,42.32083333333334,154580547.61265725
RtS,M4,cPTAC,Base,CZ16,25.15416666666667,92430305.43304744
RtS,M4,cPTAC,Measure,CZ01,16.715000000000003,71796302.64131485
RtS,M4,cPTAC,Measure,CZ02,25.97041666666667,100329286.75516894
RtS,M4,cPTAC,Measure,CZ03,24.965,93994689.28408872
RtS,M4,cPTAC,Measure,CZ04,32.625416666666666,119140706.51308084
RtS,M4,cPTAC,Measure,CZ05,22.50375,89695651.02345093
RtS,M4,cPTAC,Measure,CZ06,25.29583333333333,96446469.52297863
RtS,M4,cPTAC,Measure,CZ07,25.2725,104482844.73222087
RtS,M4,cPTAC,Measure,CZ08,32.28541666666666,118560222.31305438
RtS,M4,cPTAC,Measure,CZ09,35.456250000000004,127541206.99324588
RtS,M4,cPTAC,Measure,CZ10,35.55666666666667,130901079.165044
RtS,M4,cPTAC,Measure,CZ11,36.25708333333334,122662351.24055628
RtS,M4,cPTAC,Measure,CZ12,33.139583333333334,119648809.28806888
RtS,M4,cPTAC,Measure,CZ13,37.3975,125162493.5252837
RtS,M4,cPTAC,Measure,CZ14,33.69791666666667,111284437.61164165
RtS,M4,cPTAC,Measure,CZ15,42.32083333333334,154653483.1237538
RtS,M4,cPTAC,Measure,CZ16,25.15416666666667,90686058.41644569
RtS,M4,cPVVG,Base,CZ01,16.715000000000003,59002078.08934411
RtS,M4,cPVVG,Base,CZ02,25.97041666666667,87613405.8618393
RtS,M4,cPVVG,Base,CZ03,24.965,83178469.4460446
RtS,M4,cPVVG,Base,CZ04,32.625416666666666,111166632.51967736
RtS,M4,cPVVG,Base,CZ05,22.50375,76989529.03592435
RtS,M4,cPVVG,Base,CZ06,25.29583333333333,88007878.84851319
RtS,M4,cPVVG,Base,CZ07,25.2725,97256727.9206662
RtS,M4,cPVVG,Base,CZ08,32.28541666666666,111649346.59422362
RtS,M4,cPVVG,Base,CZ09,35.456250000000004,121542893.13480727
RtS,M4,cPVVG,Base,CZ10,35.55666666666667,124059290.78071047
RtS,M4,cPVVG,Base,CZ11,36.25708333333334,116966815.43223716
RtS,M4,cPVVG,Base,CZ12,33.139583333333334,112382034.6537829
RtS,M4,cPVVG,Base,CZ13,37.3975,120472834.42304756
RtS,M4,cPVVG,Base,CZ14,33.69791666666667,105746129.34152374
RtS,M4,cPVVG,Base,CZ15,42.32083333333334,150735925.74912375
RtS,M4,cPVVG,Base,CZ16,25.15416666666667,81789624.22297454
RtS,M4,cPVVG,Measure,CZ01,16.715000000000003,61096141.487286285
RtS,M4,cPVVG,Measure,CZ02,25.97041666666667,90022220.58107899
RtS,M4,cPVVG,Measure,CZ03,24.965,85048340.07593966
RtS,M4,cPVVG,Measure,CZ04,32.625416666666666,112627392.04277354
RtS,M4,cPVVG,Measure,CZ05,22.50375,79090847.11092918
RtS,M4,cPVVG,Measure,CZ06,25.29583333333333,89000551.16654424
RtS,M4,cPVVG,Measure,CZ07,25.2725,97882407.3043924
RtS,M4,cPVVG,Measure,CZ08,32.28541666666666,112653932.90361612
RtS,M4,cPVVG,Measure,CZ09,35.456250000000004,122378718.0553537
RtS,M4,cPVVG,Measure,CZ10,35.55666666666667,124939322.27166235
RtS,M4,cPVVG,Measure,CZ11,36.25708333333334,116661821.86630829
RtS,M4,cPVVG,Measure,CZ12,33.139583333333334,113713982.52833603
RtS,M4,cPVVG,Measure,CZ13,37.3975,120052864.11884218
RtS,M4,cPVVG,Measure,CZ14,33.69791666666667,105321274.54188111
RtS,M4,cPVVG,Measure,CZ15,42.32083333333334,150825236.39746165
RtS,M4,cPVVG,Measure,CZ16,25.15416666666667,81743418.0104641
RtS,M5,cDXGF,Base,CZ01,16.715000000000003,66238028.787297845
RtS,M5,cDXGF,Base,CZ02,25.97041666666667,90968157.55730069
RtS,M5,cDXGF,Base,CZ03,24.965,85069800.90385246
RtS,M5,cDXGF,Base,CZ04,32.625416666666666,107231941.65094487
RtS,M5,cDXGF,Base,CZ05,22.50375,78875166.0619787
RtS,M5,cDXGF,Base,CZ06,25.29583333333333,88342239.42751043
RtS,M5,cDXGF,Base,CZ07,25.2725,97269689.40462177
RtS,M5,cDXGF,Base,CZ08,32.28541666666666,108167951.73579426
RtS,M5,cDXGF,Base,CZ09,35.456250000000004,117024332.40752102
RtS,M5,cDXGF,Base,CZ10,35.55666666666667,118167296.60174206
RtS,M5,cDXGF,Base,CZ11,36.25708333333334,112069090.34747
RtS,M5,cDXGF,Base,CZ12,33.139583333333334,111749073.8096243
RtS,M5,cDXGF,Base,CZ13,37.3975,114620287.3351144
RtS,M5,cDXGF,Base,CZ14,33.69791666666667,98771406.75921476
RtS,M5,cDXGF,Base,CZ15,42.32083333333334,144835304.27882895
RtS,M5,cDXGF,Base,CZ16,25.15416666666667,80327042.02326694
RtS,M5,cDXGF,Measure,CZ01,16.715000000000003,64151395.78152254
RtS,M5,cDXGF,Measure,CZ02,25.97041666666667,85993502.6651691
RtS,M5,cDXGF,Measure,CZ03,24.965,80874748.369418
RtS,M5,cDXGF,Measure,CZ04,32.625416666666666,100296930.10593556
RtS,M5,cDXGF,Measure,CZ05,22.50375,75394193.84611303
RtS,M5,cDXGF,Measure,CZ06,25.29583333333333,83849879.96687019
RtS,M5,cDXGF,Measure,CZ07,25.2725,91984050.5174506
RtS,M5,cDXGF,Measure,CZ08,32.28541666666666,101181962.71882404
RtS,M5,cDXGF,Measure,CZ09,35.456250000000004,108965117.2204463
RtS,M5,cDXGF,Measure,CZ10,35.55666666666667,109899825.0975926
RtS,M5,cDXGF,Measure,CZ11,36.25708333333334,103769037.26710658
RtS,M5,cDXGF,Measure,CZ12,33.139583333333334,104256620.50951564
RtS,M5,cDXGF,Measure,CZ13,37.3975,106014697.29646105
RtS,M5,cDXGF,Measure,CZ14,33.69791666666667,92231097.34331028
RtS,M5,cDXGF,Measure,CZ15,42.32083333333334,133128959.39203615
RtS,M5,cDXGF,Measure,CZ16,25.15416666666667,76212698.4364069
RtS,M5,cDXHP,Base,CZ01,16.715000000000003,65538311.55640241
RtS,M5,cDXHP,Base,CZ02,25.97041666666667,90125007.09490667
RtS,M5,cDXHP,Base,CZ03,24.965,83864527.48145753
RtS,M5,cDXHP,Base,CZ04,32.625416666666666,106205624.30644636
RtS,M5,cDXHP,Base,CZ05,22.50375,77121429.36065108
RtS,M5,cDXHP,Base,CZ06,25.29583333333333,86397006.86924852
RtS,M5,cDXHP,Base,CZ07,25.2725,95424586.34636506
RtS,M5,cDXHP,Base,CZ08,32.28541666666666,107710509.6413094
RtS,M5,cDXHP,Base,CZ09,35.456250000000004,116759913.01301062
RtS,M5,cDXHP,Base,CZ10,35.55666666666667,118068399.58247444
RtS,M5,cDXHP,Base,CZ11,36.25708333333334,111624605.48218767
RtS,M5,cDXHP,Base,CZ12,33.139583333333334,110804623.6720066
RtS,M5,cDXHP,Base,CZ13,37.3975,114041429.87132771
RtS,M5,cDXHP,Base,CZ14,33.69791666666667,97056926.61607546
RtS,M5,cDXHP,Base,CZ15,42.32083333333334,144835304.27882823
RtS,M5,cDXHP,Base,CZ16,25.15416666666667,78251138.2057987
RtS,M5,cDXHP,Measure,CZ01,16.715000000000003,63286930.84469904
RtS,M5,cDXHP,Measure,CZ02,25.97041666666667,85027074.64266983
RtS,M5,cDXHP,Measure,CZ03,24.965,79543907.15918986
RtS,M5,cDXHP,Measure,CZ04,32.625416666666666,99197278.17594656
RtS,M5,cDXHP,Measure,CZ05,22.50375,73587767.14720367
RtS,M5,cDXHP,Measure,CZ06,25.29583333333333,81879567.08119369
RtS,M5,cDXHP,Measure,CZ07,25.2725,90103848.68618476
RtS,M5,cDXHP,Measure,CZ08,32.28541666666666,100638581.15904202
RtS,M5,cDXHP,Measure,CZ09,35.456250000000004,108631368.79666588
RtS,M5,cDXHP,Measure,CZ10,35.55666666666667,109778245.00579645
RtS,M5,cDXHP,Measure,CZ11,36.25708333333334,103315058.01690952
RtS,M5,cDXHP,Measure,CZ12,33.139583333333334,103225802.63934316
RtS,M5,cDXHP,Measure,CZ13,37.3975,105429143.1925343
RtS,M5,cDXHP,Measure,CZ14,33.69791666666667,90604400.59670636
RtS,M5,cDXHP,Measure,CZ15,42.32083333333334,133128959.39203748
RtS,M5,cDXHP,Measure,CZ16,25.15416666666667,74121202.59958237
RtS,M5,cPTAC,Base,CZ01,16.715000000000003,66055082.68338288
RtS,M5,cPTAC,Base,CZ02,25.97041666666667,90968157.55729818
RtS,M5,cPTAC,Base,CZ03,24.965,85069800.8313992
RtS,M5,cPTAC,Base,CZ04,32.625416666666666,107231941.66624936
RtS,M5,cPTAC,Base,CZ05,22.50375,78818384.56117067
RtS,M5,cPTAC,Base,CZ06,25.29583333333333,88342239.42751162
RtS,M5,cPTAC,Base,CZ07,25.2725,97269689.40462032
RtS,M5,cPTAC,Base,CZ08,32.28541666666666,108167945.9714901
RtS,M5,cPTAC,Base,CZ09,35.456250000000004,117024331.06924622
RtS,M5,cPTAC,Base,CZ10,35.55666666666667,118167315.75120243
RtS,M5,cPTAC,Base,CZ11,36.25708333333334,112069115.18163982
RtS,M5,cPTAC,Base,CZ12,33.139583333333334,111749073.80962548
RtS,M5,cPTAC,Base,CZ13,37.3975,114620287.33516183
RtS,M5,cPTAC,Base,CZ14,33.69791666666667,98771406.75922808
RtS,M5,cPTAC,Base,CZ15,42.32083333333334,144835304.278831
RtS,M5,cPTAC,Base,CZ16,25.15416666666667,80327072.56681678
RtS,M5,cPTAC,Measure,CZ01,16.715000000000003,63987057.91671603
RtS,M5,cPTAC,Measure,CZ02,25.97041666666667,85993502.66517286
RtS,M5,cPTAC,Measure,CZ03,24.965,80874748.3047045
RtS,M5,cPTAC,Measure,CZ04,32.625416666666666,100296930.1059364
RtS,M5,cPTAC,Measure,CZ05,22.50375,75343381.08200303
RtS,M5,cPTAC,Measure,CZ06,25.29583333333333,83849879.96686979
RtS,M5,cPTAC,Measure,CZ07,25.2725,91984050.51744545
RtS,M5,cPTAC,Measure,CZ08,32.28541666666666,101181956.53966232
RtS,M5,cPTAC,Measure,CZ09,35.456250000000004,108965115.98364204
RtS,M5,cPTAC,Measure,CZ10,35.55666666666667,109899839.43906751
RtS,M5,cPTAC,Measure,CZ11,36.25708333333334,103769089.43418632
RtS,M5,cPTAC,Measure,CZ12,33.139583333333334,104256620.50951377
RtS,M5,cPTAC,Measure,CZ13,37.3975,106014697.29645108
RtS,M5,cPTAC,Measure,CZ14,33.69791666666667,92231097.34331408
RtS,M5,cPTAC,Measure,CZ15,42.32083333333334,133128959.39203224
RtS,M5,cPTAC,Measure,CZ16,25.15416666666667,76212701.1672115
RtS,M5,cPVVG,Base,CZ01,16.715000000000003,65454484.53403953
RtS,M5,cPVVG,Base,CZ02,25.97041666666667,89464901.10502613
RtS,M5,cPVVG,Base,CZ03,24.965,83737530.38133356
RtS,M5,cPVVG,Base,CZ04,32.625416666666666,106103871.44774462
RtS,M5,cPVVG,Base,CZ05,22.50375,77690413.49344671
RtS,M5,cPVVG,Base,CZ06,25.29583333333333,87365644.26395078
RtS,M5,cPVVG,Base,CZ07,25.2725,96263972.78391352
RtS,M5,cPVVG,Base,CZ08,32.28541666666666,107174904.05985533
RtS,M5,cPVVG,Base,CZ09,35.456250000000004,116114991.2538412
RtS,M5,cPVVG,Base,CZ10,35.55666666666667,117112365.29980946
RtS,M5,cPVVG,Base,CZ11,36.25708333333334,111032791.99902396
RtS,M5,cPVVG,Base,CZ12,33.139583333333334,110753998.51681665
RtS,M5,cPVVG,Base,CZ13,37.3975,113640398.85421404
RtS,M5,cPVVG,Base,CZ14,33.69791666666667,97726476.33886686
RtS,M5,cPVVG,Base,CZ15,42.32083333333334,143907410.51937208
RtS,M5,cPVVG,Base,CZ16,25.15416666666667,78801253.34452209
RtS,M5,cPVVG,Measure,CZ01,16.715000000000003,63389635.04382717
RtS,M5,cPVVG,Measure,CZ02,25.97041666666667,84544696.42454389
RtS,M5,cPVVG,Measure,CZ03,24.965,79588702.00433251
RtS,M5,cPVVG,Measure,CZ04,32.625416666666666,99207530.4514599
RtS,M5,cPVVG,Measure,CZ05,22.50375,74247123.74891925
RtS,M5,cPVVG,Measure,CZ06,25.29583333333333,82902162.53071594
RtS,M5,cPVVG,Measure,CZ07,25.2725,91010814.86871058
RtS,M5,cPVVG,Measure,CZ08,32.28541666666666,100222058.79883368
RtS,M5,cPVVG,Measure,CZ09,35.456250000000004,108088151.012314
RtS,M5,cPVVG,Measure,CZ10,35.55666666666667,108883238.84244426
RtS,M5,cPVVG,Measure,CZ11,36.25708333333334,102785131.48750192
RtS,M5,cPVVG,Measure,CZ12,33.139583333333334,103297448.39512847
RtS,M5,cPVVG,Measure,CZ13,37.3975,105090730.5693259
RtS,M5,cPVVG,Measure,CZ14,33.69791666666667,91231088.752468
RtS,M5,cPVVG,Measure,CZ15,42.32083333333334,132246804.6130768
RtS,M5,cPVVG,Measure,CZ16,25.15416666666667,74737345.85427955
SCn,M1,cDXGF,Base,CZ01,16.715000000000003,1228669815.6674235
SCn,M1,cDXGF,Base,CZ02,25.97041666666667,1776303381.4002495
SCn,M1,cDXGF,Base,CZ03,24.965,1514038554.5566816
SCn,M1,cDXGF,Base,CZ04,32.625416666666666,2316790681.122516
SCn,M1,cDXGF,Base,CZ05,22.50375,1408385777.4798155
SCn,M1,cDXGF,Base,CZ06,25.29583333333333,1592619918.3265164
SCn,M1,cDXGF,Base,CZ07,25.2725,1861343617.149386
SCn,M1,cDXGF,Base,CZ08,32.28541666666666,2188721949.631257
SCn,M1,cDXGF,Base,CZ09,35.456250000000004,2270092076.668884
SCn,M1,cDXGF,Base,CZ10,35.55666666666667,2189539466.074937
SCn,M1,cDXGF,Base,CZ11,36.25708333333334,2184138641.2794714
SCn,M1,cDXGF,Base,CZ12,33.139583333333334,2319282644.9159374
SCn,M1,cDXGF,Base,CZ13,37.3975,2230041617.5895143
SCn,M1,cDXGF,Base,CZ14,33.69791666666667,2070558067.6122332
SCn,M1,cDXGF,Base,CZ15,42.32083333333334,2839061419.673641
SCn,M1,cDXGF,Base,CZ16,25.15416666666667,1632022430.8092828
SCn,M1,cDXGF,Measure,CZ01,16.715000000000003,1236027487.1878328
SCn,M1,cDXGF,Measure,CZ02,25.97041666666667,1856762584.148893
SCn,M1,cDXGF,Measure,CZ03,24.965,1564189439.550913
SCn,M1,cDXGF,Measure,CZ04,32.625416666666666,2350117708.8088274
SCn,M1,cDXGF,Measure,CZ05,22.50375,1447031734.5986507
SCn,M1,cDXGF,Measure,CZ06,25.29583333333333,1618077157.919982
SCn,M1,cDXGF,Measure,CZ07,25.2725,1860723418.5946636
SCn,M1,cDXGF,Measure,CZ08,32.28541666666666,2209961022.1868105
SCn,M1,cDXGF,Measure,CZ09,35.456250000000004,2292184636.0357704
SCn,M1,cDXGF,Measure,CZ10,35.55666666666667,2208526521.082526
SCn,M1,cDXGF,Measure,CZ11,36.25708333333334,2031034870.1930988
SCn,M1,cDXGF,Measure,CZ12,33.139583333333334,2327945966.2088637
SCn,M1,cDXGF,Measure,CZ13,37.3975,2056508130.395581
SCn,M1,cDXGF,Measure,CZ14,33.69791666666667,1905473980.1944835
SCn,M1,cDXGF,Measure,CZ15,42.32083333333334,2838482176.4285426
SCn,M1,cDXGF,Measure,CZ16,25.15416666666667,1509170973.5424333
SCn,M1,cDXHP,Base,CZ01,16.715000000000003,1257868971.06795
SCn,M1,cDXHP,Base,CZ02,25.97041666666667,1776302674.7726622
SCn,M1,cDXHP,Base,CZ03,24.965,1522224883.417775
SCn,M1,cDXHP,Base,CZ04,32.625416666666666,2316790681.1225085
SCn,M1,cDXHP,Base,CZ05,22.50375,1409314109.825147
SCn,M1,cDXHP,Base,CZ06,25.29583333333333,1607626648.8100843
SCn,M1,cDXHP,Base,CZ07,25.2725,1904979427.5173104
SCn,M1,cDXHP,Base,CZ08,32.28541666666666,2188721949.630619
SCn,M1,cDXHP,Base,CZ09,35.456250000000004,2270092076.57178
SCn,M1,cDXHP,Base,CZ10,35.55666666666667,2189539466.0663896
SCn,M1,cDXHP,Base,CZ11,36.25708333333334,2184138641.281147
SCn,M1,cDXHP,Base,CZ12,33.139583333333334,2319282644.915968
SCn,M1,cDXHP,Base,CZ13,37.3975,2230041617.589487
SCn,M1,cDXHP,Base,CZ14,33.69791666666667,2070558067.612228
SCn,M1,cDXHP,Base,CZ15,42.32083333333334,2839061419.742217
SCn,M1,cDXHP,Base,CZ16,25.15416666666667,1647413249.393169
SCn,M1,cDXHP,Measure,CZ01,16.715000000000003,1251628924.1873562
SCn,M1,cDXHP,Measure,CZ02,25.97041666666667,1856762584.149468
SCn,M1,cDXHP,Measure,CZ03,24.965,1574560887.9064016
SCn,M1,cDXHP,Measure,CZ04,32.625416666666666,2350117708.808621
SCn,M1,cDXHP,Measure,CZ05,22.50375,1448853662.9916258
SCn,M1,cDXHP,Measure,CZ06,25.29583333333333,1633693620.5094666
SCn,M1,cDXHP,Measure,CZ07,25.2725,1901838522.8689768
SCn,M1,cDXHP,Measure,CZ08,32.28541666666666,2209961022.1867976
SCn,M1,cDXHP,Measure,CZ09,35.456250000000004,2292184636.0356565
SCn,M1,cDXHP,Measure,CZ10,35.55666666666667,2208526521.082476
SCn,M1,cDXHP,Measure,CZ11,36.25708333333334,2031034872.1756632
SCn,M1,cDXHP,Measure,CZ12,33.139583333333334,2327946092.2531834
SCn,M1,cDXHP,Measure,CZ13,37.3975,2056508130.3955755
SCn,M1,cDXHP,Measure,CZ14,33.69791666666667,1905473876.9964905
SCn,M1,cDXHP,Measure,CZ15,42.32083333333334,2838482173.814381
SCn,M1,cDXHP,Measure,CZ16,25.15416666666667,1524470541.4052458
SCn,M1,cPTAC,Base,CZ01,16.715000000000003,1211865562.0213544
SCn,M1,cPTAC,Base,CZ02,25.97041666666667,1774623986.4480731
SCn,M1,cPTAC,Base,CZ03,24.965,1506517659.5195632
SCn,M1,cPTAC,Base,CZ04,32.625416666666666,2316787730.7417808
SCn,M1,cPTAC,Base,CZ05,22.50375,1388048556.9654832
SCn,M1,cPTAC,Base,CZ06,25.29583333333333,1592619756.6741767
SCn,M1,cPTAC,Base,CZ07,25.2725,1861343617.149388
SCn,M1,cPTAC,Base,CZ08,32.28541666666666,2188722030.805273
SCn,M1,cPTAC,Base,CZ09,35.456250000000004,2269641536.6483355
SCn,M1,cPTAC,Base,CZ10,35.55666666666667,2189539462.512465
SCn,M1,cPTAC,Base,CZ11,36.25708333333334,2184138617.5909624
SCn,M1,cPTAC,Base,CZ12,33.139583333333334,2319282681.9880023
SCn,M1,cPTAC,Base,CZ13,37.3975,2230041617.5894804
SCn,M1,cPTAC,Base,CZ14,33.69791666666667,2070557922.5097888
SCn,M1,cPTAC,Base,CZ15,42.32083333333334,2839061422.759699
SCn,M1,cPTAC,Base,CZ16,25.15416666666667,1632021895.9660838
SCn,M1,cPTAC,Measure,CZ01,16.715000000000003,1220827724.6428237
SCn,M1,cPTAC,Measure,CZ02,25.97041666666667,1856760330.870148
SCn,M1,cPTAC,Measure,CZ03,24.965,1563883492.5516798
SCn,M1,cPTAC,Measure,CZ04,32.625416666666666,2350117708.8089976
SCn,M1,cPTAC,Measure,CZ05,22.50375,1438849563.593767
SCn,M1,cPTAC,Measure,CZ06,25.29583333333333,1618076842.9607337
SCn,M1,cPTAC,Measure,CZ07,25.2725,1860723418.594442
SCn,M1,cPTAC,Measure,CZ08,32.28541666666666,2209961022.184961
SCn,M1,cPTAC,Measure,CZ09,35.456250000000004,2292184635.943325
SCn,M1,cPTAC,Measure,CZ10,35.55666666666667,2208526520.99136
SCn,M1,cPTAC,Measure,CZ11,36.25708333333334,2031034870.192999
SCn,M1,cPTAC,Measure,CZ12,33.139583333333334,2327945966.2088327
SCn,M1,cPTAC,Measure,CZ13,37.3975,2056508130.3955948
SCn,M1,cPTAC,Measure,CZ14,33.69791666666667,1905473980.194368
SCn,M1,cPTAC,Measure,CZ15,42.32083333333334,2838482174.721804
SCn,M1,cPTAC,Measure,CZ16,25.15416666666667,1509170662.785976
SCn,M1,cPVVG,Base,CZ01,16.715000000000003,1065057032.471564
SCn,M1,cPVVG,Base,CZ02,25.97041666666667,1537375276.3482938
SCn,M1,cPVVG,Base,CZ03,24.965,1397301287.911688
SCn,M1,cPVVG,Base,CZ04,32.625416666666666,2122718921.303185
SCn,M1,cPVVG,Base,CZ05,22.50375,1255326221.8921323
SCn,M1,cPVVG,Base,CZ06,25.29583333333333,1575939712.315682
SCn,M1,cPVVG,Base,CZ07,25.2725,1859157914.3480124
SCn,M1,cPVVG,Base,CZ08,32.28541666666666,2154539855.6452365
SCn,M1,cPVVG,Base,CZ09,35.456250000000004,2231003095.4072995
SCn,M1,cPVVG,Base,CZ10,35.55666666666667,2172806449.492367
SCn,M1,cPVVG,Base,CZ11,36.25708333333334,2145727666.6830883
SCn,M1,cPVVG,Base,CZ12,33.139583333333334,2276272829.615013
SCn,M1,cPVVG,Base,CZ13,37.3975,2196364595.778038
SCn,M1,cPVVG,Base,CZ14,33.69791666666667,1833347878.443201
SCn,M1,cPVVG,Base,CZ15,42.32083333333334,2838868813.472204
SCn,M1,cPVVG,Base,CZ16,25.15416666666667,1302400620.855516
SCn,M1,cPVVG,Measure,CZ01,16.715000000000003,1070821540.3660344
SCn,M1,cPVVG,Measure,CZ02,25.97041666666667,1638045750.5947938
SCn,M1,cPVVG,Measure,CZ03,24.965,1447614066.0941827
SCn,M1,cPVVG,Measure,CZ04,32.625416666666666,2159384180.383727
SCn,M1,cPVVG,Measure,CZ05,22.50375,1292796592.31373
SCn,M1,cPVVG,Measure,CZ06,25.29583333333333,1604435771.175684
SCn,M1,cPVVG,Measure,CZ07,25.2725,1859768657.9112177
SCn,M1,cPVVG,Measure,CZ08,32.28541666666666,2188466944.536715
SCn,M1,cPVVG,Measure,CZ09,35.456250000000004,2266274388.558673
SCn,M1,cPVVG,Measure,CZ10,35.55666666666667,2199615326.728076
SCn,M1,cPVVG,Measure,CZ11,36.25708333333334,2024684227.5033684
SCn,M1,cPVVG,Measure,CZ12,33.139583333333334,2288423508.539882
SCn,M1,cPVVG,Measure,CZ13,37.3975,2050600939.709375
SCn,M1,cPVVG,Measure,CZ14,33.69791666666667,1743832857.5495594
SCn,M1,cPVVG,Measure,CZ15,42.32083333333334,2838342353.142693
SCn,M1,cPVVG,Measure,CZ16,25.15416666666667,1293682827.9410136
SCn,M2,cDXGF,Base,CZ01,16.715000000000003,1429509963.570226
SCn,M2,cDXGF,Base,CZ02,25.97041666666667,1846197207.1614475
SCn,M2,cDXGF,Base,CZ03,24.965,1621019563.1290908
SCn,M2,cDXGF,Base,CZ04,32.625416666666666,2083134050.8101556
SCn,M2,cDXGF,Base,CZ05,22.50375,1546085389.1852064
SCn,M2,cDXGF,Base,CZ06,25.29583333333333,1612323376.895304
SCn,M2,cDXGF,Base,CZ07,25.2725,1647127402.8052645
SCn,M2,cDXGF,Base,CZ08,32.28541666666666,2069761749.7485943
SCn,M2,cDXGF,Base,CZ09,35.456250000000004,2149342348.7276926
SCn,M2,cDXGF,Base,CZ10,35.55666666666667,2066135600.899501
SCn,M2,cDXGF,Base,CZ11,36.25708333333334,1915539135.6425204
SCn,M2,cDXGF,Base,CZ12,33.139583333333334,2111968388.661659
SCn,M2,cDXGF,Base,CZ13,37.3975,1994672098.3659053
SCn,M2,cDXGF,Base,CZ14,33.69791666666667,1802455439.491801
SCn,M2,cDXGF,Base,CZ15,42.32083333333334,2653143268.5752544
SCn,M2,cDXGF,Base,CZ16,25.15416666666667,1662725082.7769384
SCn,M2,cDXGF,Measure,CZ01,16.715000000000003,1403215541.3075118
SCn,M2,cDXGF,Measure,CZ02,25.97041666666667,1828723700.410957
SCn,M2,cDXGF,Measure,CZ03,24.965,1602630276.299399
SCn,M2,cDXGF,Measure,CZ04,32.625416666666666,2060428084.0009208
SCn,M2,cDXGF,Measure,CZ05,22.50375,1520700838.8787346
SCn,M2,cDXGF,Measure,CZ06,25.29583333333333,1600359519.895574
SCn,M2,cDXGF,Measure,CZ07,25.2725,1631685365.415573
SCn,M2,cDXGF,Measure,CZ08,32.28541666666666,2052168546.83026
SCn,M2,cDXGF,Measure,CZ09,35.456250000000004,2134219929.214231
SCn,M2,cDXGF,Measure,CZ10,35.55666666666667,2052105551.0893643
SCn,M2,cDXGF,Measure,CZ11,36.25708333333334,1781151164.3493917
SCn,M2,cDXGF,Measure,CZ12,33.139583333333334,2093236851.8303232
SCn,M2,cDXGF,Measure,CZ13,37.3975,1871595596.1492352
SCn,M2,cDXGF,Measure,CZ14,33.69791666666667,1652658429.951687
SCn,M2,cDXGF,Measure,CZ15,42.32083333333334,2626437821.3998485
SCn,M2,cDXGF,Measure,CZ16,25.15416666666667,1515681326.4572346
SCn,M2,cDXHP,Base,CZ01,16.715000000000003,1423105424.2930884
SCn,M2,cDXHP,Base,CZ02,25.97041666666667,1846197207.1607533
SCn,M2,cDXHP,Base,CZ03,24.965,1625115352.2954593
SCn,M2,cDXHP,Base,CZ04,32.625416666666666,2083134050.8627212
SCn,M2,cDXHP,Base,CZ05,22.50375,1543807809.5640883
SCn,M2,cDXHP,Base,CZ06,25.29583333333333,1615461498.5540562
SCn,M2,cDXHP,Base,CZ07,25.2725,1645557639.3062055
SCn,M2,cDXHP,Base,CZ08,32.28541666666666,2069762130.723028
SCn,M2,cDXHP,Base,CZ09,35.456250000000004,2149342348.7277155
SCn,M2,cDXHP,Base,CZ10,35.55666666666667,2066135600.9143329
SCn,M2,cDXHP,Base,CZ11,36.25708333333334,1915539135.6424863
SCn,M2,cDXHP,Base,CZ12,33.139583333333334,2111968388.6616695
SCn,M2,cDXHP,Base,CZ13,37.3975,1994672098.365896
SCn,M2,cDXHP,Base,CZ14,33.69791666666667,1802455439.4917755
SCn,M2,cDXHP,Base,CZ15,42.32083333333334,2653143147.979282
SCn,M2,cDXHP,Base,CZ16,25.15416666666667,1673334186.5806618
SCn,M2,cDXHP,Measure,CZ01,16.715000000000003,1395739248.556591
SCn,M2,cDXHP,Measure,CZ02,25.97041666666667,1828723700.4109464
SCn,M2,cDXHP,Measure,CZ03,24.965,1606207721.002241
SCn,M2,cDXHP,Measure,CZ04,32.625416666666666,2060428084.000566
SCn,M2,cDXHP,Measure,CZ05,22.50375,1518024218.2705326
SCn,M2,cDXHP,Measure,CZ06,25.29583333333333,1602604214.9963014
SCn,M2,cDXHP,Measure,CZ07,25.2725,1632613857.3940806
SCn,M2,cDXHP,Measure,CZ08,32.28541666666666,2052168546.832427
SCn,M2,cDXHP,Measure,CZ09,35.456250000000004,2134219929.2141912
SCn,M2,cDXHP,Measure,CZ10,35.55666666666667,2052105551.0893452
SCn,M2,cDXHP,Measure,CZ11,36.25708333333334,1781151164.606659
SCn,M2,cDXHP,Measure,CZ12,33.139583333333334,2093236851.830248
SCn,M2,cDXHP,Measure,CZ13,37.3975,1871595639.135484
SCn,M2,cDXHP,Measure,CZ14,33.69791666666667,1652658429.951821
SCn,M2,cDXHP,Measure,CZ15,42.32083333333334,2626437821.320278
SCn,M2,cDXHP,Measure,CZ16,25.15416666666667,1524453624.8744414
SCn,M2,cPTAC,Base,CZ01,16.715000000000003,1429510011.0141964
SCn,M2,cPTAC,Base,CZ02,25.97041666666667,1846197207.1613717
SCn,M2,cPTAC,Base,CZ03,24.965,1621019563.129485
SCn,M2,cPTAC,Base,CZ04,32.625416666666666,2083134050.8103
SCn,M2,cPTAC,Base,CZ05,22.50375,1546085389.1853094
SCn,M2,cPTAC,Base,CZ06,25.29583333333333,1612323376.8952708
SCn,M2,cPTAC,Base,CZ07,25.2725,1647127435.2972963
SCn,M2,cPTAC,Base,CZ08,32.28541666666666,2069761749.7486827
SCn,M2,cPTAC,Base,CZ09,35.456250000000004,2149342348.7277007
SCn,M2,cPTAC,Base,CZ10,35.55666666666667,2066135600.9143465
SCn,M2,cPTAC,Base,CZ11,36.25708333333334,1915539135.6424768
SCn,M2,cPTAC,Base,CZ12,33.139583333333334,2111968388.661684
SCn,M2,cPTAC,Base,CZ13,37.3975,1994672101.4820616
SCn,M2,cPTAC,Base,CZ14,33.69791666666667,1802455439.4918368
SCn,M2,cPTAC,Base,CZ15,42.32083333333334,2653143147.9749985
SCn,M2,cPTAC,Base,CZ16,25.15416666666667,1662725082.77695
SCn,M2,cPTAC,Measure,CZ01,16.715000000000003,1403202479.0985065
SCn,M2,cPTAC,Measure,CZ02,25.97041666666667,1828723700.41126
SCn,M2,cPTAC,Measure,CZ03,24.965,1602630276.2994332
SCn,M2,cPTAC,Measure,CZ04,32.625416666666666,2060428084.0005476
SCn,M2,cPTAC,Measure,CZ05,22.50375,1520700838.878652
SCn,M2,cPTAC,Measure,CZ06,25.29583333333333,1600359519.895527
SCn,M2,cPTAC,Measure,CZ07,25.2725,1631685365.4158783
SCn,M2,cPTAC,Measure,CZ08,32.28541666666666,2052168973.821584
SCn,M2,cPTAC,Measure,CZ09,35.456250000000004,2134219929.2437932
SCn,M2,cPTAC,Measure,CZ10,35.55666666666667,2052105551.089388
SCn,M2,cPTAC,Measure,CZ11,36.25708333333334,1781151166.302158
SCn,M2,cPTAC,Measure,CZ12,33.139583333333334,2093236851.8302915
SCn,M2,cPTAC,Measure,CZ13,37.3975,1871595327.902973
SCn,M2,cPTAC,Measure,CZ14,33.69791666666667,1652658357.121833
SCn,M2,cPTAC,Measure,CZ15,42.32083333333334,2626437821.358163
SCn,M2,cPTAC,Measure,CZ16,25.15416666666667,1515681326.3732474
SCn,M2,cPVVG,Base,CZ01,16.715000000000003,1209924954.7141056
SCn,M2,cPVVG,Base,CZ02,25.97041666666667,1602585250.2208564
SCn,M2,cPVVG,Base,CZ03,24.965,1504906559.6232953
SCn,M2,cPVVG,Base,CZ04,32.625416666666666,1888805681.6220329
SCn,M2,cPVVG,Base,CZ05,22.50375,1377397402.9117124
SCn,M2,cPVVG,Base,CZ06,25.29583333333333,1596250706.1897807
SCn,M2,cPVVG,Base,CZ07,25.2725,1627450653.6677537
SCn,M2,cPVVG,Base,CZ08,32.28541666666666,2016505103.836982
SCn,M2,cPVVG,Base,CZ09,35.456250000000004,2093702109.4812195
SCn,M2,cPVVG,Base,CZ10,35.55666666666667,2030146613.6207712
SCn,M2,cPVVG,Base,CZ11,36.25708333333334,1813336607.174904
SCn,M2,cPVVG,Base,CZ12,33.139583333333334,2041415983.2238443
SCn,M2,cPVVG,Base,CZ13,37.3975,1910051038.3251069
SCn,M2,cPVVG,Base,CZ14,33.69791666666667,1579314524.8585598
SCn,M2,cPVVG,Base,CZ15,42.32083333333334,2608540493.9702125
SCn,M2,cPVVG,Base,CZ16,25.15416666666667,1311415768.86127
SCn,M2,cPVVG,Measure,CZ01,16.715000000000003,1196909513.763971
SCn,M2,cPVVG,Measure,CZ02,25.97041666666667,1596173705.48804
SCn,M2,cPVVG,Measure,CZ03,24.965,1492204652.5727537
SCn,M2,cPVVG,Measure,CZ04,32.625416666666666,1881697358.8019087
SCn,M2,cPVVG,Measure,CZ05,22.50375,1362238247.888269
SCn,M2,cPVVG,Measure,CZ06,25.29583333333333,1585106067.91055
SCn,M2,cPVVG,Measure,CZ07,25.2725,1613985486.7708168
SCn,M2,cPVVG,Measure,CZ08,32.28541666666666,2006336499.3213809
SCn,M2,cPVVG,Measure,CZ09,35.456250000000004,2085498098.834583
SCn,M2,cPVVG,Measure,CZ10,35.55666666666667,2021520969.579016
SCn,M2,cPVVG,Measure,CZ11,36.25708333333334,1752403693.7509174
SCn,M2,cPVVG,Measure,CZ12,33.139583333333334,2031606234.6063576
SCn,M2,cPVVG,Measure,CZ13,37.3975,1851201594.1139357
SCn,M2,cPVVG,Measure,CZ14,33.69791666666667,1532282499.6577632
SCn,M2,cPVVG,Measure,CZ15,42.32083333333334,2597360918.0856586
SCn,M2,cPVVG,Measure,CZ16,25.15416666666667,1287749516.2378092
SCn,M3,cDXGF,Base,CZ01,16.715000000000003,1114869870.5535274
SCn,M3,cDXGF,Base,CZ02,25.97041666666667,1686338918.7394304
SCn,M3,cDXGF,Base,CZ03,24.965,1465330270.575993
SCn,M3,cDXGF,Base,CZ04,32.625416666666666,1964217219.1245563
SCn,M3,cDXGF,Base,CZ05,22.50375,1322929643.2320232
SCn,M3,cDXGF,Base,CZ06,25.29583333333333,1518728208.3770473
SCn,M3,cDXGF,Base,CZ07,25.2725,1571085490.022693
SCn,M3,cDXGF,Base,CZ08,32.28541666666666,1980587510.955482
SCn,M3,cDXGF,Base,CZ09,35.456250000000004,2059990285.2887533
SCn,M3,cDXGF,Base,CZ10,35.55666666666667,1999865273.2975595
SCn,M3,cDXGF,Base,CZ11,36.25708333333334,1763511619.9112468
SCn,M3,cDXGF,Base,CZ12,33.139583333333334,2037850966.1283717
SCn,M3,cDXGF,Base,CZ13,37.3975,1859275863.6239595
SCn,M3,cDXGF,Base,CZ14,33.69791666666667,1608265242.8705626
SCn,M3,cDXGF,Base,CZ15,42.32083333333334,2597610121.790046
SCn,M3,cDXGF,Base,CZ16,25.15416666666667,1432280580.1382942
SCn,M3,cDXGF,Measure,CZ01,16.715000000000003,1086319085.466802
SCn,M3,cDXGF,Measure,CZ02,25.97041666666667,1563830828.4076955
SCn,M3,cDXGF,Measure,CZ03,24.965,1381214949.236982
SCn,M3,cDXGF,Measure,CZ04,32.625416666666666,1795169431.574699
SCn,M3,cDXGF,Measure,CZ05,22.50375,1259683926.8031118
SCn,M3,cDXGF,Measure,CZ06,25.29583333333333,1425795991.822927
SCn,M3,cDXGF,Measure,CZ07,25.2725,1470407203.2020762
SCn,M3,cDXGF,Measure,CZ08,32.28541666666666,1808849482.7625363
SCn,M3,cDXGF,Measure,CZ09,35.456250000000004,1873956423.6245632
SCn,M3,cDXGF,Measure,CZ10,35.55666666666667,1823625847.1526804
SCn,M3,cDXGF,Measure,CZ11,36.25708333333334,1579380838.0153685
SCn,M3,cDXGF,Measure,CZ12,33.139583333333334,1856543631.0204992
SCn,M3,cDXGF,Measure,CZ13,37.3975,1654672851.950263
SCn,M3,cDXGF,Measure,CZ14,33.69791666666667,1456979611.867229
SCn,M3,cDXGF,Measure,CZ15,42.32083333333334,2320402990.459899
SCn,M3,cDXGF,Measure,CZ16,25.15416666666667,1324805673.028178
SCn,M3,cDXHP,Base,CZ01,16.715000000000003,1096463853.4828413
SCn,M3,cDXHP,Base,CZ02,25.97041666666667,1686338918.7395272
SCn,M3,cDXHP,Base,CZ03,24.965,1453519756.6165729
SCn,M3,cDXHP,Base,CZ04,32.625416666666666,1964217219.1246276
SCn,M3,cDXHP,Base,CZ05,22.50375,1317336811.6690698
SCn,M3,cDXHP,Base,CZ06,25.29583333333333,1506029624.458726
SCn,M3,cDXHP,Base,CZ07,25.2725,1558792588.365635
SCn,M3,cDXHP,Base,CZ08,32.28541666666666,1980587510.9554925
SCn,M3,cDXHP,Base,CZ09,35.456250000000004,2059990285.288805
SCn,M3,cDXHP,Base,CZ10,35.55666666666667,1999865272.7589493
SCn,M3,cDXHP,Base,CZ11,36.25708333333334,1763511619.8913145
SCn,M3,cDXHP,Base,CZ12,33.139583333333334,2037850966.1283815
SCn,M3,cDXHP,Base,CZ13,37.3975,1859275863.623938
SCn,M3,cDXHP,Base,CZ14,33.69791666666667,1608265242.8706856
SCn,M3,cDXHP,Base,CZ15,42.32083333333334,2597610121.7878914
SCn,M3,cDXHP,Base,CZ16,25.15416666666667,1382454894.2628431
SCn,M3,cDXHP,Measure,CZ01,16.715000000000003,1067541943.62245
SCn,M3,cDXHP,Measure,CZ02,25.97041666666667,1563830828.4078465
SCn,M3,cDXHP,Measure,CZ03,24.965,1368010027.1454463
SCn,M3,cDXHP,Measure,CZ04,32.625416666666666,1795169434.5479016
SCn,M3,cDXHP,Measure,CZ05,22.50375,1253500614.4112656
SCn,M3,cDXHP,Measure,CZ06,25.29583333333333,1412554320.6340203
SCn,M3,cDXHP,Measure,CZ07,25.2725,1457254460.0541575
SCn,M3,cDXHP,Measure,CZ08,32.28541666666666,1808850034.589191
SCn,M3,cDXHP,Measure,CZ09,35.456250000000004,1873956423.6246004
SCn,M3,cDXHP,Measure,CZ10,35.55666666666667,1823625846.7003524
SCn,M3,cDXHP,Measure,CZ11,36.25708333333334,1579380838.005314
SCn,M3,cDXHP,Measure,CZ12,33.139583333333334,1856543631.0204225
SCn,M3,cDXHP,Measure,CZ13,37.3975,1654672851.9502845
SCn,M3,cDXHP,Measure,CZ14,33.69791666666667,1456979611.8672955
SCn,M3,cDXHP,Measure,CZ15,42.32083333333334,2320402484.894427
SCn,M3,cDXHP,Measure,CZ16,25.15416666666667,1274004145.119145
SCn,M3,cPTAC,Base,CZ01,16.715000000000003,1114291650.032867
SCn,M3,cPTAC,Base,CZ02,25.97041666666667,1686338918.7390409
SCn,M3,cPTAC,Base,CZ03,24.965,1465330270.5759535
SCn,M3,cPTAC,Base,CZ04,32.625416666666666,1964217213.8320875
SCn,M3,cPTAC,Base,CZ05,22.50375,1322929910.6826384
SCn,M3,cPTAC,Base,CZ06,25.29583333333333,1518728208.3767314
SCn,M3,cPTAC,Base,CZ07,25.2725,1571085490.0226867
SCn,M3,cPTAC,Base,CZ08,32.28541666666666,1980588167.3979115
SCn,M3,cPTAC,Base,CZ09,35.456250000000004,2059990285.288797
SCn,M3,cPTAC,Base,CZ10,35.55666666666667,1999865273.2975173
SCn,M3,cPTAC,Base,CZ11,36.25708333333334,1763511619.8796847
SCn,M3,cPTAC,Base,CZ12,33.139583333333334,2037850966.1284292
SCn,M3,cPTAC,Base,CZ13,37.3975,1859275482.0137224
SCn,M3,cPTAC,Base,CZ14,33.69791666666667,1608265377.50062
SCn,M3,cPTAC,Base,CZ15,42.32083333333334,2597610121.790152
SCn,M3,cPTAC,Base,CZ16,25.15416666666667,1432280579.113028
SCn,M3,cPTAC,Measure,CZ01,16.715000000000003,1085819891.5672722
SCn,M3,cPTAC,Measure,CZ02,25.97041666666667,1563830828.407929
SCn,M3,cPTAC,Measure,CZ03,24.965,1381214949.2369986
SCn,M3,cPTAC,Measure,CZ04,32.625416666666666,1795169431.5747638
SCn,M3,cPTAC,Measure,CZ05,22.50375,1259684154.4994378
SCn,M3,cPTAC,Measure,CZ06,25.29583333333333,1425795991.8223596
SCn,M3,cPTAC,Measure,CZ07,25.2725,1470407203.2022662
SCn,M3,cPTAC,Measure,CZ08,32.28541666666666,1808850034.5892167
SCn,M3,cPTAC,Measure,CZ09,35.456250000000004,1873956423.62462
SCn,M3,cPTAC,Measure,CZ10,35.55666666666667,1823625847.152639
SCn,M3,cPTAC,Measure,CZ11,36.25708333333334,1579380838.0060616
SCn,M3,cPTAC,Measure,CZ12,33.139583333333334,1856543631.0204568
SCn,M3,cPTAC,Measure,CZ13,37.3975,1654672528.7118316
SCn,M3,cPTAC,Measure,CZ14,33.69791666666667,1456979725.120763
SCn,M3,cPTAC,Measure,CZ15,42.32083333333334,2320402568.2710333
SCn,M3,cPTAC,Measure,CZ16,25.15416666666667,1324805672.1504068
SCn,M3,cPVVG,Base,CZ01,16.715000000000003,1075375993.440854
SCn,M3,cPVVG,Base,CZ02,25.97041666666667,1563460127.3825357
SCn,M3,cPVVG,Base,CZ03,24.965,1408535957.5203688
SCn,M3,cPVVG,Base,CZ04,32.625416666666666,1875916124.5354705
SCn,M3,cPVVG,Base,CZ05,22.50375,1268567160.106604
SCn,M3,cPVVG,Base,CZ06,25.29583333333333,1508537840.7213726
SCn,M3,cPVVG,Base,CZ07,25.2725,1560976053.774518
SCn,M3,cPVVG,Base,CZ08,32.28541666666666,1971305452.7141173
SCn,M3,cPVVG,Base,CZ09,35.456250000000004,2051291542.1758924
SCn,M3,cPVVG,Base,CZ10,35.55666666666667,1992929432.8191483
SCn,M3,cPVVG,Base,CZ11,36.25708333333334,1757555154.7305322
SCn,M3,cPVVG,Base,CZ12,33.139583333333334,2013591989.6980004
SCn,M3,cPVVG,Base,CZ13,37.3975,1855283905.0839725
SCn,M3,cPVVG,Base,CZ14,33.69791666666667,1539162023.802184
SCn,M3,cPVVG,Base,CZ15,42.32083333333334,2592190963.0188813
SCn,M3,cPVVG,Base,CZ16,25.15416666666667,1285368526.584442
SCn,M3,cPVVG,Measure,CZ01,16.715000000000003,1048875521.8695472
SCn,M3,cPVVG,Measure,CZ02,25.97041666666667,1449110680.4952765
SCn,M3,cPVVG,Measure,CZ03,24.965,1327613592.38493
SCn,M3,cPVVG,Measure,CZ04,32.625416666666666,1712666479.0193748
SCn,M3,cPVVG,Measure,CZ05,22.50375,1208335067.4468074
SCn,M3,cPVVG,Measure,CZ06,25.29583333333333,1415995519.5164986
SCn,M3,cPVVG,Measure,CZ07,25.2725,1460689575.0619488
SCn,M3,cPVVG,Measure,CZ08,32.28541666666666,1799939546.1418035
SCn,M3,cPVVG,Measure,CZ09,35.456250000000004,1865614548.174326
SCn,M3,cPVVG,Measure,CZ10,35.55666666666667,1816975160.1151755
SCn,M3,cPVVG,Measure,CZ11,36.25708333333334,1574749707.3544073
SCn,M3,cPVVG,Measure,CZ12,33.139583333333334,1833725924.2988927
SCn,M3,cPVVG,Measure,CZ13,37.3975,1652257971.1265848
SCn,M3,cPVVG,Measure,CZ14,33.69791666666667,1388920565.4621503
SCn,M3,cPVVG,Measure,CZ15,42.32083333333334,2315239448.9238043
SCn,M3,cPVVG,Measure,CZ16,25.15416666666667,1186717490.584786
SCn,M4,cDXGF,Base,CZ01,16.715000000000003,1229085953.9574227
SCn,M4,cDXGF,Base,CZ02,25.97041666666667,1789026284.0224526
SCn,M4,cDXGF,Base,CZ03,24.965,1517691920.975227
SCn,M4,cDXGF,Base,CZ04,32.625416666666666,2316796887.198709
SCn,M4,cDXGF,Base,CZ05,22.50375,1412284611.9289198
SCn,M4,cDXGF,Base,CZ06,25.29583333333333,1593188201.0694056
SCn,M4,cDXGF,Base,CZ07,25.2725,1861344105.6137352
SCn,M4,cDXGF,Base,CZ08,32.28541666666666,2188721389.3087053
SCn,M4,cDXGF,Base,CZ09,35.456250000000004,2270092150.12636
SCn,M4,cDXGF,Base,CZ10,35.55666666666667,2189539210.2746587
SCn,M4,cDXGF,Base,CZ11,36.25708333333334,2184186629.7321877
SCn,M4,cDXGF,Base,CZ12,33.139583333333334,2319279699.6958737
SCn,M4,cDXGF,Base,CZ13,37.3975,2230044966.883478
SCn,M4,cDXGF,Base,CZ14,33.69791666666667,2070598448.2634168
SCn,M4,cDXGF,Base,CZ15,42.32083333333334,2839061420.542312
SCn,M4,cDXGF,Base,CZ16,25.15416666666667,1640074149.2905407
SCn,M4,cDXGF,Measure,CZ01,16.715000000000003,1236819904.1230626
SCn,M4,cDXGF,Measure,CZ02,25.97041666666667,1872729755.7583747
SCn,M4,cDXGF,Measure,CZ03,24.965,1568761035.2998066
SCn,M4,cDXGF,Measure,CZ04,32.625416666666666,2350143650.713387
SCn,M4,cDXGF,Measure,CZ05,22.50375,1452084092.1102846
SCn,M4,cDXGF,Measure,CZ06,25.29583333333333,1618642517.9719248
SCn,M4,cDXGF,Measure,CZ07,25.2725,1860723095.864439
SCn,M4,cDXGF,Measure,CZ08,32.28541666666666,2209959329.6798143
SCn,M4,cDXGF,Measure,CZ09,35.456250000000004,2292184171.400569
SCn,M4,cDXGF,Measure,CZ10,35.55666666666667,2208527023.7172627
SCn,M4,cDXGF,Measure,CZ11,36.25708333333334,2031050214.5030468
SCn,M4,cDXGF,Measure,CZ12,33.139583333333334,2327927514.83406
SCn,M4,cDXGF,Measure,CZ13,37.3975,2056498985.509
SCn,M4,cDXGF,Measure,CZ14,33.69791666666667,1905525832.3228
SCn,M4,cDXGF,Measure,CZ15,42.32083333333334,2838482154.656417
SCn,M4,cDXGF,Measure,CZ16,25.15416666666667,1517251021.3943305
SCn,M4,cDXHP,Base,CZ01,16.715000000000003,1258271332.660773
SCn,M4,cDXHP,Base,CZ02,25.97041666666667,1789025350.5788994
SCn,M4,cDXHP,Base,CZ03,24.965,1525897769.3007374
SCn,M4,cDXHP,Base,CZ04,32.625416666666666,2316796887.1987047
SCn,M4,cDXHP,Base,CZ05,22.50375,1413212904.653062
SCn,M4,cDXHP,Base,CZ06,25.29583333333333,1608200359.1594324
SCn,M4,cDXHP,Base,CZ07,25.2725,1904979846.3016272
SCn,M4,cDXHP,Base,CZ08,32.28541666666666,2188721389.3079853
SCn,M4,cDXHP,Base,CZ09,35.456250000000004,2270092150.0257654
SCn,M4,cDXHP,Base,CZ10,35.55666666666667,2189539210.264722
SCn,M4,cDXHP,Base,CZ11,36.25708333333334,2184186629.713744
SCn,M4,cDXHP,Base,CZ12,33.139583333333334,2319279699.695878
SCn,M4,cDXHP,Base,CZ13,37.3975,2230044966.883459
SCn,M4,cDXHP,Base,CZ14,33.69791666666667,2070598448.2634497
SCn,M4,cDXHP,Base,CZ15,42.32083333333334,2839061416.380569
SCn,M4,cDXHP,Base,CZ16,25.15416666666667,1655794991.6513958
SCn,M4,cDXHP,Measure,CZ01,16.715000000000003,1252428059.296544
SCn,M4,cDXHP,Measure,CZ02,25.97041666666667,1872729755.758545
SCn,M4,cDXHP,Measure,CZ03,24.965,1579237691.216751
SCn,M4,cDXHP,Measure,CZ04,32.625416666666666,2350143650.7139807
SCn,M4,cDXHP,Measure,CZ05,22.50375,1453928728.3903084
SCn,M4,cDXHP,Measure,CZ06,25.29583333333333,1634265430.60569
SCn,M4,cDXHP,Measure,CZ07,25.2725,1901838869.136207
SCn,M4,cDXHP,Measure,CZ08,32.28541666666666,2209959329.6798096
SCn,M4,cDXHP,Measure,CZ09,35.456250000000004,2292184171.40029
SCn,M4,cDXHP,Measure,CZ10,35.55666666666667,2208527023.717172
SCn,M4,cDXHP,Measure,CZ11,36.25708333333334,2031050224.82279
SCn,M4,cDXHP,Measure,CZ12,33.139583333333334,2327927525.336225
SCn,M4,cDXHP,Measure,CZ13,37.3975,2056498985.509312
SCn,M4,cDXHP,Measure,CZ14,33.69791666666667,1905525724.9532928
SCn,M4,cDXHP,Measure,CZ15,42.32083333333334,2838482154.656416
SCn,M4,cDXHP,Measure,CZ16,25.15416666666667,1532894142.8361657
SCn,M4,cPTAC,Base,CZ01,16.715000000000003,1211865562.021356
SCn,M4,cPTAC,Base,CZ02,25.97041666666667,1787290546.5041084
SCn,M4,cPTAC,Base,CZ03,24.965,1509960226.289071
SCn,M4,cPTAC,Base,CZ04,32.625416666666666,2316793942.902622
SCn,M4,cPTAC,Base,CZ05,22.50375,1391326102.7199817
SCn,M4,cPTAC,Base,CZ06,25.29583333333333,1593188039.733724
SCn,M4,cPTAC,Base,CZ07,25.2725,1861344105.6137328
SCn,M4,cPTAC,Base,CZ08,32.28541666666666,2188721482.9704475
SCn,M4,cPTAC,Base,CZ09,35.456250000000004,2269641558.5321603
SCn,M4,cPTAC,Base,CZ10,35.55666666666667,2189539206.446848
SCn,M4,cPTAC,Base,CZ11,36.25708333333334,2184186605.907035
SCn,M4,cPTAC,Base,CZ12,33.139583333333334,2319279732.954201
SCn,M4,cPTAC,Base,CZ13,37.3975,2230044966.883483
SCn,M4,cPTAC,Base,CZ14,33.69791666666667,2070598458.0023477
SCn,M4,cPTAC,Base,CZ15,42.32083333333334,2839061416.1607985
SCn,M4,cPTAC,Base,CZ16,25.15416666666667,1640073614.3413258
SCn,M4,cPTAC,Measure,CZ01,16.715000000000003,1220954669.0977726
SCn,M4,cPTAC,Measure,CZ02,25.97041666666667,1872727488.4215624
SCn,M4,cPTAC,Measure,CZ03,24.965,1568445336.975508
SCn,M4,cPTAC,Measure,CZ04,32.625416666666666,2350143650.7130327
SCn,M4,cPTAC,Measure,CZ05,22.50375,1443521105.5866036
SCn,M4,cPTAC,Measure,CZ06,25.29583333333333,1618642197.3248065
SCn,M4,cPTAC,Measure,CZ07,25.2725,1860723095.8642087
SCn,M4,cPTAC,Measure,CZ08,32.28541666666666,2209959329.6779823
SCn,M4,cPTAC,Measure,CZ09,35.456250000000004,2292184171.309185
SCn,M4,cPTAC,Measure,CZ10,35.55666666666667,2208527023.623868
SCn,M4,cPTAC,Measure,CZ11,36.25708333333334,2031050214.503048
SCn,M4,cPTAC,Measure,CZ12,33.139583333333334,2327927514.8340244
SCn,M4,cPTAC,Measure,CZ13,37.3975,2056498998.4445848
SCn,M4,cPTAC,Measure,CZ14,33.69791666666667,1905525832.32286
SCn,M4,cPTAC,Measure,CZ15,42.32083333333334,2838482168.1254406
SCn,M4,cPTAC,Measure,CZ16,25.15416666666667,1517250710.003378
SCn,M4,cPVVG,Base,CZ01,16.715000000000003,1065057032.4715708
SCn,M4,cPVVG,Base,CZ02,25.97041666666667,1537375277.8490114
SCn,M4,cPVVG,Base,CZ03,24.965,1397301277.9131591
SCn,M4,cPVVG,Base,CZ04,32.625416666666666,2122718928.2889924
SCn,M4,cPVVG,Base,CZ05,22.50375,1255326221.892346
SCn,M4,cPVVG,Base,CZ06,25.29583333333333,1575958954.448429
SCn,M4,cPVVG,Base,CZ07,25.2725,1859157922.1328404
SCn,M4,cPVVG,Base,CZ08,32.28541666666666,2154539836.5015626
SCn,M4,cPVVG,Base,CZ09,35.456250000000004,2231003290.918091
SCn,M4,cPVVG,Base,CZ10,35.55666666666667,2172806469.192284
SCn,M4,cPVVG,Base,CZ11,36.25708333333334,2145766081.868914
SCn,M4,cPVVG,Base,CZ12,33.139583333333334,2276271388.641094
SCn,M4,cPVVG,Base,CZ13,37.3975,2196368112.974264
SCn,M4,cPVVG,Base,CZ14,33.69791666666667,1833356136.267908
SCn,M4,cPVVG,Base,CZ15,42.32083333333334,2838868816.441364
SCn,M4,cPVVG,Base,CZ16,25.15416666666667,1303580956.14051
SCn,M4,cPVVG,Measure,CZ01,16.715000000000003,1070821540.3822854
SCn,M4,cPVVG,Measure,CZ02,25.97041666666667,1638053240.690394
SCn,M4,cPVVG,Measure,CZ03,24.965,1447614044.1392336
SCn,M4,cPVVG,Measure,CZ04,32.625416666666666,2159449998.30975
SCn,M4,cPVVG,Measure,CZ05,22.50375,1292796592.3863714
SCn,M4,cPVVG,Measure,CZ06,25.29583333333333,1604473758.415113
SCn,M4,cPVVG,Measure,CZ07,25.2725,1859769373.9532497
SCn,M4,cPVVG,Measure,CZ08,32.28541666666666,2188471268.0403767
SCn,M4,cPVVG,Measure,CZ09,35.456250000000004,2266274956.3007946
SCn,M4,cPVVG,Measure,CZ10,35.55666666666667,2199617015.2658057
SCn,M4,cPVVG,Measure,CZ11,36.25708333333334,2024702705.1364837
SCn,M4,cPVVG,Measure,CZ12,33.139583333333334,2288444879.0624323
SCn,M4,cPVVG,Measure,CZ13,37.3975,2050592328.602143
SCn,M4,cPVVG,Measure,CZ14,33.69791666666667,1743861093.7948413
SCn,M4,cPVVG,Measure,CZ15,42.32083333333334,2838342340.32492
SCn,M4,cPVVG,Measure,CZ16,25.15416666666667,1294879767.9198804
SCn,M5,cDXGF,Base,CZ01,16.715000000000003,1057497499.8260905
SCn,M5,cDXGF,Base,CZ02,25.97041666666667,1912675620.1208525
SCn,M5,cDXGF,Base,CZ03,24.965,1552921808.5277371
SCn,M5,cDXGF,Base,CZ04,32.625416666666666,2289489620.9247503
SCn,M5,cDXGF,Base,CZ05,22.50375,1346919797.707294
SCn,M5,cDXGF,Base,CZ06,25.29583333333333,1612196117.432475
SCn,M5,cDXGF,Base,CZ07,25.2725,1860540621.132155
SCn,M5,cDXGF,Base,CZ08,32.28541666666666,2177330379.292861
SCn,M5,cDXGF,Base,CZ09,35.456250000000004,2244065931.7401133
SCn,M5,cDXGF,Base,CZ10,35.55666666666667,2188685620.4079003
SCn,M5,cDXGF,Base,CZ11,36.25708333333334,2020428843.566672
SCn,M5,cDXGF,Base,CZ12,33.139583333333334,2328961842.153823
SCn,M5,cDXGF,Base,CZ13,37.3975,2056827497.386871
SCn,M5,cDXGF,Base,CZ14,33.69791666666667,1892669637.1906729
SCn,M5,cDXGF,Base,CZ15,42.32083333333334,2838481583.2782736
SCn,M5,cDXGF,Base,CZ16,25.15416666666667,1448811936.7905655
SCn,M5,cDXGF,Measure,CZ01,16.715000000000003,1042821152.8627332
SCn,M5,cDXGF,Measure,CZ02,25.97041666666667,1796018487.0486042
SCn,M5,cDXGF,Measure,CZ03,24.965,1481544943.9358635
SCn,M5,cDXGF,Measure,CZ04,32.625416666666666,2126688324.1311784
SCn,M5,cDXGF,Measure,CZ05,22.50375,1298139031.210083
SCn,M5,cDXGF,Measure,CZ06,25.29583333333333,1533575677.4096074
SCn,M5,cDXGF,Measure,CZ07,25.2725,1753593026.548211
SCn,M5,cDXGF,Measure,CZ08,32.28541666666666,2027842700.5292048
SCn,M5,cDXGF,Measure,CZ09,35.456250000000004,2085206442.343372
SCn,M5,cDXGF,Measure,CZ10,35.55666666666667,2036478641.564732
SCn,M5,cDXGF,Measure,CZ11,36.25708333333334,1843421036.996479
SCn,M5,cDXGF,Measure,CZ12,33.139583333333334,2160900472.583096
SCn,M5,cDXGF,Measure,CZ13,37.3975,1866529775.8676467
SCn,M5,cDXGF,Measure,CZ14,33.69791666666667,1734624424.0832434
SCn,M5,cDXGF,Measure,CZ15,42.32083333333334,2604372256.5507426
SCn,M5,cDXGF,Measure,CZ16,25.15416666666667,1368740169.6382043
SCn,M5,cDXHP,Base,CZ01,16.715000000000003,1060671018.8457804
SCn,M5,cDXHP,Base,CZ02,25.97041666666667,1912675620.1207228
SCn,M5,cDXHP,Base,CZ03,24.965,1552570761.2481608
SCn,M5,cDXHP,Base,CZ04,32.625416666666666,2289489816.6829057
SCn,M5,cDXHP,Base,CZ05,22.50375,1336113774.9274902
SCn,M5,cDXHP,Base,CZ06,25.29583333333333,1632064559.283854
SCn,M5,cDXHP,Base,CZ07,25.2725,1905067709.394944
SCn,M5,cDXHP,Base,CZ08,32.28541666666666,2177330379.292862
SCn,M5,cDXHP,Base,CZ09,35.456250000000004,2244065931.7401133
SCn,M5,cDXHP,Base,CZ10,35.55666666666667,2188685620.406068
SCn,M5,cDXHP,Base,CZ11,36.25708333333334,2020428878.385976
SCn,M5,cDXHP,Base,CZ12,33.139583333333334,2328961842.153779
SCn,M5,cDXHP,Base,CZ13,37.3975,2056827497.3875048
SCn,M5,cDXHP,Base,CZ14,33.69791666666667,1892669700.2131107
SCn,M5,cDXHP,Base,CZ15,42.32083333333334,2838481580.336379
SCn,M5,cDXHP,Base,CZ16,25.15416666666667,1454140702.441872
SCn,M5,cDXHP,Measure,CZ01,16.715000000000003,1043875190.548173
SCn,M5,cDXHP,Measure,CZ02,25.97041666666667,1796018487.0482545
SCn,M5,cDXHP,Measure,CZ03,24.965,1478341030.4248843
SCn,M5,cDXHP,Measure,CZ04,32.625416666666666,2126688324.1312528
SCn,M5,cDXHP,Measure,CZ05,22.50375,1287407292.4105062
SCn,M5,cDXHP,Measure,CZ06,25.29583333333333,1548810797.329352
SCn,M5,cDXHP,Measure,CZ07,25.2725,1789800821.9689708
SCn,M5,cDXHP,Measure,CZ08,32.28541666666666,2027842700.52923
SCn,M5,cDXHP,Measure,CZ09,35.456250000000004,2085206442.3432508
SCn,M5,cDXHP,Measure,CZ10,35.55666666666667,2036478641.563011
SCn,M5,cDXHP,Measure,CZ11,36.25708333333334,1843421067.947276
SCn,M5,cDXHP,Measure,CZ12,33.139583333333334,2160900472.583069
SCn,M5,cDXHP,Measure,CZ13,37.3975,1866529775.867324
SCn,M5,cDXHP,Measure,CZ14,33.69791666666667,1734624485.1328712
SCn,M5,cDXHP,Measure,CZ15,42.32083333333334,2604372256.799928
SCn,M5,cDXHP,Measure,CZ16,25.15416666666667,1366738388.181593
SCn,M5,cPTAC,Base,CZ01,16.715000000000003,994100212.7836906
SCn,M5,cPTAC,Base,CZ02,25.97041666666667,1912675620.1209395
SCn,M5,cPTAC,Base,CZ03,24.965,1552921808.5277843
SCn,M5,cPTAC,Base,CZ04,32.625416666666666,2289489620.924605
SCn,M5,cPTAC,Base,CZ05,22.50375,1346919283.8679278
SCn,M5,cPTAC,Base,CZ06,25.29583333333333,1612196117.4325714
SCn,M5,cPTAC,Base,CZ07,25.2725,1860540621.1322773
SCn,M5,cPTAC,Base,CZ08,32.28541666666666,2177330692.150305
SCn,M5,cPTAC,Base,CZ09,35.456250000000004,2244065931.740117
SCn,M5,cPTAC,Base,CZ10,35.55666666666667,2188685620.4060364
SCn,M5,cPTAC,Base,CZ11,36.25708333333334,2020428843.5679655
SCn,M5,cPTAC,Base,CZ12,33.139583333333334,2328961842.1537914
SCn,M5,cPTAC,Base,CZ13,37.3975,2056827453.6645148
SCn,M5,cPTAC,Base,CZ14,33.69791666666667,1892669536.4452024
SCn,M5,cPTAC,Base,CZ15,42.32083333333334,2838481579.15309
SCn,M5,cPTAC,Base,CZ16,25.15416666666667,1448811745.3233056
SCn,M5,cPTAC,Measure,CZ01,16.715000000000003,990716469.610646
SCn,M5,cPTAC,Measure,CZ02,25.97041666666667,1796018487.0484407
SCn,M5,cPTAC,Measure,CZ03,24.965,1481544943.9357922
SCn,M5,cPTAC,Measure,CZ04,32.625416666666666,2126688151.024556
SCn,M5,cPTAC,Measure,CZ05,22.50375,1298139031.211866
SCn,M5,cPTAC,Measure,CZ06,25.29583333333333,1533575711.9316697
SCn,M5,cPTAC,Measure,CZ07,25.2725,1753593077.0152154
SCn,M5,cPTAC,Measure,CZ08,32.28541666666666,2027842977.226906
SCn,M5,cPTAC,Measure,CZ09,35.456250000000004,2085206442.3433
SCn,M5,cPTAC,Measure,CZ10,35.55666666666667,2036478641.5630484
SCn,M5,cPTAC,Measure,CZ11,36.25708333333334,1843421036.99688
SCn,M5,cPTAC,Measure,CZ12,33.139583333333334,2160900472.583072
SCn,M5,cPTAC,Measure,CZ13,37.3975,1866529775.867618
SCn,M5,cPTAC,Measure,CZ14,33.69791666666667,1734624339.0592585
SCn,M5,cPTAC,Measure,CZ15,42.32083333333334,2604372255.147784
SCn,M5,cPTAC,Measure,CZ16,25.15416666666667,1368739998.1667662
SCn,M5,cPVVG,Base,CZ01,16.715000000000003,1029152912.9638426
SCn,M5,cPVVG,Base,CZ02,25.97041666666667,1701066407.5111232
SCn,M5,cPVVG,Base,CZ03,24.965,1473844651.125011
SCn,M5,cPVVG,Base,CZ04,32.625416666666666,2130731649.1371944
SCn,M5,cPVVG,Base,CZ05,22.50375,1280859892.9565916
SCn,M5,cPVVG,Base,CZ06,25.29583333333333,1604232192.970436
SCn,M5,cPVVG,Base,CZ07,25.2725,1859931642.0161629
SCn,M5,cPVVG,Base,CZ08,32.28541666666666,2173193064.251488
SCn,M5,cPVVG,Base,CZ09,35.456250000000004,2239318609.2975225
SCn,M5,cPVVG,Base,CZ10,35.55666666666667,2186530813.8872285
SCn,M5,cPVVG,Base,CZ11,36.25708333333334,2015970577.3078744
SCn,M5,cPVVG,Base,CZ12,33.139583333333334,2288107908.0008893
SCn,M5,cPVVG,Base,CZ13,37.3975,2051761944.0121903
SCn,M5,cPVVG,Base,CZ14,33.69791666666667,1723693392.795257
SCn,M5,cPVVG,Base,CZ15,42.32083333333334,2838341853.5465355
SCn,M5,cPVVG,Base,CZ16,25.15416666666667,1296843303.042644
SCn,M5,cPVVG,Measure,CZ01,16.715000000000003,1015440081.0830224
SCn,M5,cPVVG,Measure,CZ02,25.97041666666667,1599889891.5747504
SCn,M5,cPVVG,Measure,CZ03,24.965,1407123307.729987
SCn,M5,cPVVG,Measure,CZ04,32.625416666666666,1980019897.806452
SCn,M5,cPVVG,Measure,CZ05,22.50375,1235636746.4885795
SCn,M5,cPVVG,Measure,CZ06,25.29583333333333,1525860900.027105
SCn,M5,cPVVG,Measure,CZ07,25.2725,1753003845.51511
SCn,M5,cPVVG,Measure,CZ08,32.28541666666666,2023841149.6472216
SCn,M5,cPVVG,Measure,CZ09,35.456250000000004,2080620584.3636155
SCn,M5,cPVVG,Measure,CZ10,35.55666666666667,2034393602.1572447
SCn,M5,cPVVG,Measure,CZ11,36.25708333333334,1842200232.8567407
SCn,M5,cPVVG,Measure,CZ12,33.139583333333334,2123548948.812124
SCn,M5,cPVVG,Measure,CZ13,37.3975,1865398450.849984
SCn,M5,cPVVG,Measure,CZ14,33.69791666666667,1586057435.666361
SCn,M5,cPVVG,Measure,CZ15,42.32083333333334,2604232613.971504
SCn,M5,cPVVG,Measure,CZ16,25.15416666666667,1223671125.478047
MFmCmn,M1,cDXGF,Base,CZ01,16.715000000000003,57320000.72907621
MFmCmn,M1,cDXGF,Base,CZ02,25.97041666666667,93860535.53724544
MFmCmn,M1,cDXGF,Base,CZ03,24.965,85933863.59635186
MFmCmn,M1,cDXGF,Base,CZ04,32.625416666666666,112828648.98770463
MFmCmn,M1,cDXGF,Base,CZ05,22.50375,79652637.3009423
MFmCmn,M1,cDXGF,Base,CZ06,25.29583333333333,88924186.97099161
MFmCmn,M1,cDXGF,Base,CZ07,25.2725,104425544.28485964
MFmCmn,M1,cDXGF,Base,CZ08,32.28541666666666,112913865.77239329
MFmCmn,M1,cDXGF,Base,CZ09,35.456250000000004,122329129.91107143
MFmCmn,M1,cDXGF,Base,CZ10,35.55666666666667,112751891.40623713
MFmCmn,M1,cDXGF,Base,CZ11,36.25708333333334,125666097.45151655
MFmCmn,M1,cDXGF,Base,CZ12,33.139583333333334,111772540.0206193
MFmCmn,M1,cDXGF,Base,CZ13,37.3975,127056904.5646679
MFmCmn,M1,cDXGF,Base,CZ14,33.69791666666667,117301372.28838208
MFmCmn,M1,cDXGF,Base,CZ15,42.32083333333334,140435255.7567168
MFmCmn,M1,cDXGF,Base,CZ16,25.15416666666667,100129382.52350424
MFmCmn,M1,cDXGF,Measure,CZ01,16.715000000000003,54711075.37920863
MFmCmn,M1,cDXGF,Measure,CZ02,25.97041666666667,91106353.88358712
MFmCmn,M1,cDXGF,Measure,CZ03,24.965,82465239.11908248
MFmCmn,M1,cDXGF,Measure,CZ04,32.625416666666666,109546618.92936803
MFmCmn,M1,cDXGF,Measure,CZ05,22.50375,76338426.05404896
MFmCmn,M1,cDXGF,Measure,CZ06,25.29583333333333,85504581.80469629
MFmCmn,M1,cDXGF,Measure,CZ07,25.2725,104095842.8865285
MFmCmn,M1,cDXGF,Measure,CZ08,32.28541666666666,109911542.32068723
MFmCmn,M1,cDXGF,Measure,CZ09,35.456250000000004,119940849.5484419
MFmCmn,M1,cDXGF,Measure,CZ10,35.55666666666667,109829347.99795634
MFmCmn,M1,cDXGF,Measure,CZ11,36.25708333333334,121686532.03087556
MFmCmn,M1,cDXGF,Measure,CZ12,33.139583333333334,108608657.55706368
MFmCmn,M1,cDXGF,Measure,CZ13,37.3975,122935475.90840232
MFmCmn,M1,cDXGF,Measure,CZ14,33.69791666666667,113668630.02906558
MFmCmn,M1,cDXGF,Measure,CZ15,42.32083333333334,138127897.47958264
MFmCmn,M1,cDXGF,Measure,CZ16,25.15416666666667,96651265.7954156
MFmCmn,M1,cDXHP,Base,CZ01,16.715000000000003,57296400.5632599
MFmCmn,M1,cDXHP,Base,CZ02,25.97041666666667,93654848.14957269
MFmCmn,M1,cDXHP,Base,CZ03,24.965,85930645.22135805
MFmCmn,M1,cDXHP,Base,CZ04,32.625416666666666,112850581.51386628
MFmCmn,M1,cDXHP,Base,CZ05,22.50375,79767074.21540794
MFmCmn,M1,cDXHP,Base,CZ06,25.29583333333333,88614828.43841666
MFmCmn,M1,cDXHP,Base,CZ07,25.2725,103558855.89158744
MFmCmn,M1,cDXHP,Base,CZ08,32.28541666666666,112977913.18668208
MFmCmn,M1,cDXHP,Base,CZ09,35.456250000000004,122357518.5549724
MFmCmn,M1,cDXHP,Base,CZ10,35.55666666666667,112700430.71729323
MFmCmn,M1,cDXHP,Base,CZ11,36.25708333333334,125656408.75129151
MFmCmn,M1,cDXHP,Base,CZ12,33.139583333333334,111818446.208302
MFmCmn,M1,cDXHP,Base,CZ13,37.3975,127144877.30368204
MFmCmn,M1,cDXHP,Base,CZ14,33.69791666666667,117120937.7682697
MFmCmn,M1,cDXHP,Base,CZ15,42.32083333333334,140440616.07692844
MFmCmn,M1,cDXHP,Base,CZ16,25.15416666666667,99803741.26454712
MFmCmn,M1,cDXHP,Measure,CZ01,16.715000000000003,54689623.0994549
MFmCmn,M1,cDXHP,Measure,CZ02,25.97041666666667,90903170.4907934
MFmCmn,M1,cDXHP,Measure,CZ03,24.965,82458794.91386402
MFmCmn,M1,cDXHP,Measure,CZ04,32.625416666666666,109568318.64335108
MFmCmn,M1,cDXHP,Measure,CZ05,22.50375,76451089.3918217
MFmCmn,M1,cDXHP,Measure,CZ06,25.29583333333333,85060984.60657747
MFmCmn,M1,cDXHP,Measure,CZ07,25.2725,103226835.72679555
MFmCmn,M1,cDXHP,Measure,CZ08,32.28541666666666,109973671.07489014
MFmCmn,M1,cDXHP,Measure,CZ09,35.456250000000004,119965008.66021767
MFmCmn,M1,cDXHP,Measure,CZ10,35.55666666666667,109777967.20066166
MFmCmn,M1,cDXHP,Measure,CZ11,36.25708333333334,121664593.59563734
MFmCmn,M1,cDXHP,Measure,CZ12,33.139583333333334,108653819.59035254
MFmCmn,M1,cDXHP,Measure,CZ13,37.3975,123013208.40960936
MFmCmn,M1,cDXHP,Measure,CZ14,33.69791666666667,113474577.10666049
MFmCmn,M1,cDXHP,Measure,CZ15,42.32083333333334,138133249.8403245
MFmCmn,M1,cDXHP,Measure,CZ16,25.15416666666667,96325560.1421568
MFmCmn,M1,cPTAC,Base,CZ01,16.715000000000003,57122671.8788504
MFmCmn,M1,cPTAC,Base,CZ02,25.97041666666667,93871943.67694752
MFmCmn,M1,cPTAC,Base,CZ03,24.965,85949426.77730401
MFmCmn,M1,cPTAC,Base,CZ04,32.625416666666666,112827276.00809032
MFmCmn,M1,cPTAC,Base,CZ05,22.50375,79565354.97064662
MFmCmn,M1,cPTAC,Base,CZ06,25.29583333333333,88923958.61957043
MFmCmn,M1,cPTAC,Base,CZ07,25.2725,104425544.87183136
MFmCmn,M1,cPTAC,Base,CZ08,32.28541666666666,112913398.00548048
MFmCmn,M1,cPTAC,Base,CZ09,35.456250000000004,122328888.77573356
MFmCmn,M1,cPTAC,Base,CZ10,35.55666666666667,112751409.2418195
MFmCmn,M1,cPTAC,Base,CZ11,36.25708333333334,125666098.55227567
MFmCmn,M1,cPTAC,Base,CZ12,33.139583333333334,111771740.77125506
MFmCmn,M1,cPTAC,Base,CZ13,37.3975,127056916.53346792
MFmCmn,M1,cPTAC,Base,CZ14,33.69791666666667,117301092.38342103
MFmCmn,M1,cPTAC,Base,CZ15,42.32083333333334,140435255.75671694
MFmCmn,M1,cPTAC,Base,CZ16,25.15416666666667,100123110.57357638
MFmCmn,M1,cPTAC,Measure,CZ01,16.715000000000003,54512529.89870489
MFmCmn,M1,cPTAC,Measure,CZ02,25.97041666666667,91118480.65301068
MFmCmn,M1,cPTAC,Measure,CZ03,24.965,82478892.7866891
MFmCmn,M1,cPTAC,Measure,CZ04,32.625416666666666,109545162.1805174
MFmCmn,M1,cPTAC,Measure,CZ05,22.50375,76244294.56988457
MFmCmn,M1,cPTAC,Measure,CZ06,25.29583333333333,85504377.04505326
MFmCmn,M1,cPTAC,Measure,CZ07,25.2725,104095840.32303835
MFmCmn,M1,cPTAC,Measure,CZ08,32.28541666666666,109910999.38721648
MFmCmn,M1,cPTAC,Measure,CZ09,35.456250000000004,119940584.40187164
MFmCmn,M1,cPTAC,Measure,CZ10,35.55666666666667,109828839.11136764
MFmCmn,M1,cPTAC,Measure,CZ11,36.25708333333334,121686529.10169886
MFmCmn,M1,cPTAC,Measure,CZ12,33.139583333333334,108607771.58640948
MFmCmn,M1,cPTAC,Measure,CZ13,37.3975,122935490.2620804
MFmCmn,M1,cPTAC,Measure,CZ14,33.69791666666667,113668133.2688248
MFmCmn,M1,cPTAC,Measure,CZ15,42.32083333333334,138127897.4795819
MFmCmn,M1,cPTAC,Measure,CZ16,25.15416666666667,96644489.39317796
MFmCmn,M1,cPVVG,Base,CZ01,16.715000000000003,42106471.42064192
MFmCmn,M1,cPVVG,Base,CZ02,25.97041666666667,78003434.53923005
MFmCmn,M1,cPVVG,Base,CZ03,24.965,70108021.40841809
MFmCmn,M1,cPVVG,Base,CZ04,32.625416666666666,99031252.96802762
MFmCmn,M1,cPVVG,Base,CZ05,22.50375,62977755.93416104
MFmCmn,M1,cPVVG,Base,CZ06,25.29583333333333,73451416.92028815
MFmCmn,M1,cPVVG,Base,CZ07,25.2725,90590440.64036389
MFmCmn,M1,cPVVG,Base,CZ08,32.28541666666666,99476625.18476984
MFmCmn,M1,cPVVG,Base,CZ09,35.456250000000004,109122739.91116866
MFmCmn,M1,cPVVG,Base,CZ10,35.55666666666667,99829753.15824886
MFmCmn,M1,cPVVG,Base,CZ11,36.25708333333334,112360995.9491368
MFmCmn,M1,cPVVG,Base,CZ12,33.139583333333334,98846956.78358132
MFmCmn,M1,cPVVG,Base,CZ13,37.3975,115371058.53129448
MFmCmn,M1,cPVVG,Base,CZ14,33.69791666666667,104286179.56052329
MFmCmn,M1,cPVVG,Base,CZ15,42.32083333333334,129477238.28964388
MFmCmn,M1,cPVVG,Base,CZ16,25.15416666666667,81280297.28746843
MFmCmn,M1,cPVVG,Measure,CZ01,16.715000000000003,41474643.66632199
MFmCmn,M1,cPVVG,Measure,CZ02,25.97041666666667,77590934.46125647
MFmCmn,M1,cPVVG,Measure,CZ03,24.965,69351491.04841846
MFmCmn,M1,cPVVG,Measure,CZ04,32.625416666666666,98301564.64890468
MFmCmn,M1,cPVVG,Measure,CZ05,22.50375,62240780.69533357
MFmCmn,M1,cPVVG,Measure,CZ06,25.29583333333333,72516796.52034342
MFmCmn,M1,cPVVG,Measure,CZ07,25.2725,90666447.8523144
MFmCmn,M1,cPVVG,Measure,CZ08,32.28541666666666,98684854.08265424
MFmCmn,M1,cPVVG,Measure,CZ09,35.456250000000004,108112031.0367132
MFmCmn,M1,cPVVG,Measure,CZ10,35.55666666666667,98755510.94859593
MFmCmn,M1,cPVVG,Measure,CZ11,36.25708333333334,110072053.90925965
MFmCmn,M1,cPVVG,Measure,CZ12,33.139583333333334,98090201.99852644
MFmCmn,M1,cPVVG,Measure,CZ13,37.3975,112708766.8708726
MFmCmn,M1,cPVVG,Measure,CZ14,33.69791666666667,102211996.73510164
MFmCmn,M1,cPVVG,Measure,CZ15,42.32083333333334,128200230.47839576
MFmCmn,M1,cPVVG,Measure,CZ16,25.15416666666667,79701503.56691365
MFmCmn,M2,cDXGF,Base,CZ01,16.715000000000003,73592723.99072619
MFmCmn,M2,cDXGF,Base,CZ02,25.97041666666667,96262805.53039964
MFmCmn,M2,cDXGF,Base,CZ03,24.965,91348673.16256902
MFmCmn,M2,cDXGF,Base,CZ04,32.625416666666666,108612176.65038083
MFmCmn,M2,cDXGF,Base,CZ05,22.50375,89696503.1668267
MFmCmn,M2,cDXGF,Base,CZ06,25.29583333333333,90399881.75090843
MFmCmn,M2,cDXGF,Base,CZ07,25.2725,102266925.80313373
MFmCmn,M2,cDXGF,Base,CZ08,32.28541666666666,108396389.22949588
MFmCmn,M2,cDXGF,Base,CZ09,35.456250000000004,115313891.44305757
MFmCmn,M2,cDXGF,Base,CZ10,35.55666666666667,105604963.18355884
MFmCmn,M2,cDXGF,Base,CZ11,36.25708333333334,118595814.3550546
MFmCmn,M2,cDXGF,Base,CZ12,33.139583333333334,107256743.51324514
MFmCmn,M2,cDXGF,Base,CZ13,37.3975,119387269.54757991
MFmCmn,M2,cDXGF,Base,CZ14,33.69791666666667,112160343.60813044
MFmCmn,M2,cDXGF,Base,CZ15,42.32083333333334,127613232.16650917
MFmCmn,M2,cDXGF,Base,CZ16,25.15416666666667,102413143.67081276
MFmCmn,M2,cDXGF,Measure,CZ01,16.715000000000003,70012155.32951331
MFmCmn,M2,cDXGF,Measure,CZ02,25.97041666666667,92781172.33034983
MFmCmn,M2,cDXGF,Measure,CZ03,24.965,87159098.12654938
MFmCmn,M2,cDXGF,Measure,CZ04,32.625416666666666,104798998.90857328
MFmCmn,M2,cDXGF,Measure,CZ05,22.50375,85056497.85450837
MFmCmn,M2,cDXGF,Measure,CZ06,25.29583333333333,86449553.71885891
MFmCmn,M2,cDXGF,Measure,CZ07,25.2725,101844837.89960988
MFmCmn,M2,cDXGF,Measure,CZ08,32.28541666666666,104874571.27354646
MFmCmn,M2,cDXGF,Measure,CZ09,35.456250000000004,112762917.7408798
MFmCmn,M2,cDXGF,Measure,CZ10,35.55666666666667,102514302.83704317
MFmCmn,M2,cDXGF,Measure,CZ11,36.25708333333334,115162474.20923616
MFmCmn,M2,cDXGF,Measure,CZ12,33.139583333333334,103643818.35440022
MFmCmn,M2,cDXGF,Measure,CZ13,37.3975,115737050.64557356
MFmCmn,M2,cDXGF,Measure,CZ14,33.69791666666667,108804687.37227544
MFmCmn,M2,cDXGF,Measure,CZ15,42.32083333333334,125706035.396828
MFmCmn,M2,cDXGF,Measure,CZ16,25.15416666666667,98773399.5050086
MFmCmn,M2,cDXHP,Base,CZ01,16.715000000000003,73332333.0548855
MFmCmn,M2,cDXHP,Base,CZ02,25.97041666666667,96017913.5166844
MFmCmn,M2,cDXHP,Base,CZ03,24.965,91152315.12144832
MFmCmn,M2,cDXHP,Base,CZ04,32.625416666666666,108427417.2067042
MFmCmn,M2,cDXHP,Base,CZ05,22.50375,89482055.05979872
MFmCmn,M2,cDXHP,Base,CZ06,25.29583333333333,90055799.91504094
MFmCmn,M2,cDXHP,Base,CZ07,25.2725,101813396.06254986
MFmCmn,M2,cDXHP,Base,CZ08,32.28541666666666,108291229.30537708
MFmCmn,M2,cDXHP,Base,CZ09,35.456250000000004,115179680.1487669
MFmCmn,M2,cDXHP,Base,CZ10,35.55666666666667,105488532.82080504
MFmCmn,M2,cDXHP,Base,CZ11,36.25708333333334,118499145.86448002
MFmCmn,M2,cDXHP,Base,CZ12,33.139583333333334,107132146.01790155
MFmCmn,M2,cDXHP,Base,CZ13,37.3975,119312228.12452117
MFmCmn,M2,cDXHP,Base,CZ14,33.69791666666667,111941251.09648348
MFmCmn,M2,cDXHP,Base,CZ15,42.32083333333334,127614327.87226236
MFmCmn,M2,cDXHP,Base,CZ16,25.15416666666667,101850089.21406178
MFmCmn,M2,cDXHP,Measure,CZ01,16.715000000000003,69772250.72378239
MFmCmn,M2,cDXHP,Measure,CZ02,25.97041666666667,92534208.33239327
MFmCmn,M2,cDXHP,Measure,CZ03,24.965,86960214.70388734
MFmCmn,M2,cDXHP,Measure,CZ04,32.625416666666666,104610270.7966753
MFmCmn,M2,cDXHP,Measure,CZ05,22.50375,84842467.61124402
MFmCmn,M2,cDXHP,Measure,CZ06,25.29583333333333,86041630.95092887
MFmCmn,M2,cDXHP,Measure,CZ07,25.2725,101396870.6357066
MFmCmn,M2,cDXHP,Measure,CZ08,32.28541666666666,104766602.218015
MFmCmn,M2,cDXHP,Measure,CZ09,35.456250000000004,112628836.95230936
MFmCmn,M2,cDXHP,Measure,CZ10,35.55666666666667,102398439.55466658
MFmCmn,M2,cDXHP,Measure,CZ11,36.25708333333334,115070965.9458753
MFmCmn,M2,cDXHP,Measure,CZ12,33.139583333333334,103513734.55144796
MFmCmn,M2,cDXHP,Measure,CZ13,37.3975,115669609.53803578
MFmCmn,M2,cDXHP,Measure,CZ14,33.69791666666667,108575053.47674616
MFmCmn,M2,cDXHP,Measure,CZ15,42.32083333333334,125707124.1694725
MFmCmn,M2,cDXHP,Measure,CZ16,25.15416666666667,98213365.4042854
MFmCmn,M2,cPTAC,Base,CZ01,16.715000000000003,73592723.99072605
MFmCmn,M2,cPTAC,Base,CZ02,25.97041666666667,96262805.5304023
MFmCmn,M2,cPTAC,Base,CZ03,24.965,91348673.16256954
MFmCmn,M2,cPTAC,Base,CZ04,32.625416666666666,108612176.65041146
MFmCmn,M2,cPTAC,Base,CZ05,22.50375,89696503.16682619
MFmCmn,M2,cPTAC,Base,CZ06,25.29583333333333,90399881.75090876
MFmCmn,M2,cPTAC,Base,CZ07,25.2725,102266925.80313404
MFmCmn,M2,cPTAC,Base,CZ08,32.28541666666666,108396389.22949684
MFmCmn,M2,cPTAC,Base,CZ09,35.456250000000004,115313891.44305718
MFmCmn,M2,cPTAC,Base,CZ10,35.55666666666667,105604963.18356186
MFmCmn,M2,cPTAC,Base,CZ11,36.25708333333334,118595814.3550552
MFmCmn,M2,cPTAC,Base,CZ12,33.139583333333334,107256743.51324506
MFmCmn,M2,cPTAC,Base,CZ13,37.3975,119387269.54758029
MFmCmn,M2,cPTAC,Base,CZ14,33.69791666666667,112160343.608129
MFmCmn,M2,cPTAC,Base,CZ15,42.32083333333334,127613232.1665108
MFmCmn,M2,cPTAC,Base,CZ16,25.15416666666667,102413143.67080992
MFmCmn,M2,cPTAC,Measure,CZ01,16.715000000000003,70011724.39458045
MFmCmn,M2,cPTAC,Measure,CZ02,25.97041666666667,92781172.33087724
MFmCmn,M2,cPTAC,Measure,CZ03,24.965,87159098.12654966
MFmCmn,M2,cPTAC,Measure,CZ04,32.625416666666666,104798998.908574
MFmCmn,M2,cPTAC,Measure,CZ05,22.50375,85056497.85451043
MFmCmn,M2,cPTAC,Measure,CZ06,25.29583333333333,86449553.71885847
MFmCmn,M2,cPTAC,Measure,CZ07,25.2725,101844837.89961004
MFmCmn,M2,cPTAC,Measure,CZ08,32.28541666666666,104874571.27354623
MFmCmn,M2,cPTAC,Measure,CZ09,35.456250000000004,112762917.74087945
MFmCmn,M2,cPTAC,Measure,CZ10,35.55666666666667,102514302.83704276
MFmCmn,M2,cPTAC,Measure,CZ11,36.25708333333334,115162474.20923604
MFmCmn,M2,cPTAC,Measure,CZ12,33.139583333333334,103643818.35440162
MFmCmn,M2,cPTAC,Measure,CZ13,37.3975,115737050.64557396
MFmCmn,M2,cPTAC,Measure,CZ14,33.69791666666667,108804687.35910615
MFmCmn,M2,cPTAC,Measure,CZ15,42.32083333333334,125706035.3968294
MFmCmn,M2,cPTAC,Measure,CZ16,25.15416666666667,98773399.50122926
MFmCmn,M2,cPVVG,Base,CZ01,16.715000000000003,58121286.23790858
MFmCmn,M2,cPVVG,Base,CZ02,25.97041666666667,80036495.07023388
MFmCmn,M2,cPVVG,Base,CZ03,24.965,75253167.96048653
MFmCmn,M2,cPVVG,Base,CZ04,32.625416666666666,93190644.70706764
MFmCmn,M2,cPVVG,Base,CZ05,22.50375,72224440.72130924
MFmCmn,M2,cPVVG,Base,CZ06,25.29583333333333,74597260.13634759
MFmCmn,M2,cPVVG,Base,CZ07,25.2725,88212633.9003665
MFmCmn,M2,cPVVG,Base,CZ08,32.28541666666666,92981963.3522497
MFmCmn,M2,cPVVG,Base,CZ09,35.456250000000004,99193305.59883028
MFmCmn,M2,cPVVG,Base,CZ10,35.55666666666667,89864862.2774469
MFmCmn,M2,cPVVG,Base,CZ11,36.25708333333334,103260470.84992604
MFmCmn,M2,cPVVG,Base,CZ12,33.139583333333334,92825933.83013138
MFmCmn,M2,cPVVG,Base,CZ13,37.3975,105113821.71302073
MFmCmn,M2,cPVVG,Base,CZ14,33.69791666666667,96849820.08864704
MFmCmn,M2,cPVVG,Base,CZ15,42.32083333333334,112728180.13799074
MFmCmn,M2,cPVVG,Base,CZ16,25.15416666666667,83291088.53378633
MFmCmn,M2,cPVVG,Measure,CZ01,16.715000000000003,56741664.22833246
MFmCmn,M2,cPVVG,Measure,CZ02,25.97041666666667,78622239.07047978
MFmCmn,M2,cPVVG,Measure,CZ03,24.965,73614760.59990638
MFmCmn,M2,cPVVG,Measure,CZ04,32.625416666666666,91654287.85941511
MFmCmn,M2,cPVVG,Measure,CZ05,22.50375,70457570.16549647
MFmCmn,M2,cPVVG,Measure,CZ06,25.29583333333333,73040877.78094196
MFmCmn,M2,cPVVG,Measure,CZ07,25.2725,87958258.73366793
MFmCmn,M2,cPVVG,Measure,CZ08,32.28541666666666,91479527.82392035
MFmCmn,M2,cPVVG,Measure,CZ09,35.456250000000004,97895366.01392604
MFmCmn,M2,cPVVG,Measure,CZ10,35.55666666666667,88501159.5237358
MFmCmn,M2,cPVVG,Measure,CZ11,36.25708333333334,101425961.97483228
MFmCmn,M2,cPVVG,Measure,CZ12,33.139583333333334,91379409.06104895
MFmCmn,M2,cPVVG,Measure,CZ13,37.3975,103012278.61631504
MFmCmn,M2,cPVVG,Measure,CZ14,33.69791666666667,95036607.10082611
MFmCmn,M2,cPVVG,Measure,CZ15,42.32083333333334,111938640.39300026
MFmCmn,M2,cPVVG,Measure,CZ16,25.15416666666667,81459689.03771216
MFmCmn,M3,cDXGF,Base,CZ01,16.715000000000003,50521028.27611779
MFmCmn,M3,cDXGF,Base,CZ02,25.97041666666667,73739626.72603713
MFmCmn,M3,cDXGF,Base,CZ03,24.965,68430710.24445835
MFmCmn,M3,cDXGF,Base,CZ04,32.625416666666666,87975571.19607565
MFmCmn,M3,cDXGF,Base,CZ05,22.50375,64331868.36547352
MFmCmn,M3,cDXGF,Base,CZ06,25.29583333333333,67942820.75085539
MFmCmn,M3,cDXGF,Base,CZ07,25.2725,83075798.9704409
MFmCmn,M3,cDXGF,Base,CZ08,32.28541666666666,87334773.81076933
MFmCmn,M3,cDXGF,Base,CZ09,35.456250000000004,93242328.55524264
MFmCmn,M3,cDXGF,Base,CZ10,35.55666666666667,84224801.72915536
MFmCmn,M3,cDXGF,Base,CZ11,36.25708333333334,98424819.5786789
MFmCmn,M3,cDXGF,Base,CZ12,33.139583333333334,88144309.0558868
MFmCmn,M3,cDXGF,Base,CZ13,37.3975,100707322.99793844
MFmCmn,M3,cDXGF,Base,CZ14,33.69791666666667,91040567.61880496
MFmCmn,M3,cDXGF,Base,CZ15,42.32083333333334,108811154.46589383
MFmCmn,M3,cDXGF,Base,CZ16,25.15416666666667,75245053.40244836
MFmCmn,M3,cDXGF,Measure,CZ01,16.715000000000003,46793289.28814226
MFmCmn,M3,cDXGF,Measure,CZ02,25.97041666666667,66449018.164827965
MFmCmn,M3,cDXGF,Measure,CZ03,24.965,62043292.46931771
MFmCmn,M3,cDXGF,Measure,CZ04,32.625416666666666,78377332.73451862
MFmCmn,M3,cDXGF,Measure,CZ05,22.50375,58587616.389901
MFmCmn,M3,cDXGF,Measure,CZ06,25.29583333333333,61650922.01807439
MFmCmn,M3,cDXGF,Measure,CZ07,25.2725,75622857.26449841
MFmCmn,M3,cDXGF,Measure,CZ08,32.28541666666666,77763754.51803556
MFmCmn,M3,cDXGF,Measure,CZ09,35.456250000000004,82557386.68697837
MFmCmn,M3,cDXGF,Measure,CZ10,35.55666666666667,74939868.65212822
MFmCmn,M3,cDXGF,Measure,CZ11,36.25708333333334,86261469.15379557
MFmCmn,M3,cDXGF,Measure,CZ12,33.139583333333334,78464191.94731557
MFmCmn,M3,cDXGF,Measure,CZ13,37.3975,87832851.55025664
MFmCmn,M3,cDXGF,Measure,CZ14,33.69791666666667,80255910.33378318
MFmCmn,M3,cDXGF,Measure,CZ15,42.32083333333334,95246161.05889776
MFmCmn,M3,cDXGF,Measure,CZ16,25.15416666666667,67494468.02003735
MFmCmn,M3,cDXHP,Base,CZ01,16.715000000000003,48880980.83568968
MFmCmn,M3,cDXHP,Base,CZ02,25.97041666666667,71970576.62710702
MFmCmn,M3,cDXHP,Base,CZ03,24.965,66482127.979920566
MFmCmn,M3,cDXHP,Base,CZ04,32.625416666666666,86467222.01607795
MFmCmn,M3,cDXHP,Base,CZ05,22.50375,62453120.79485588
MFmCmn,M3,cDXHP,Base,CZ06,25.29583333333333,66053426.96198572
MFmCmn,M3,cDXHP,Base,CZ07,25.2725,80896890.4537572
MFmCmn,M3,cDXHP,Base,CZ08,32.28541666666666,86226436.14179754
MFmCmn,M3,cDXHP,Base,CZ09,35.456250000000004,92487641.63219172
MFmCmn,M3,cDXHP,Base,CZ10,35.55666666666667,83740639.67173603
MFmCmn,M3,cDXHP,Base,CZ11,36.25708333333334,97384413.73081812
MFmCmn,M3,cDXHP,Base,CZ12,33.139583333333334,86596767.35752252
MFmCmn,M3,cDXHP,Base,CZ13,37.3975,99826080.54689232
MFmCmn,M3,cDXHP,Base,CZ14,33.69791666666667,90161578.19950916
MFmCmn,M3,cDXHP,Base,CZ15,42.32083333333334,108785035.30535428
MFmCmn,M3,cDXHP,Base,CZ16,25.15416666666667,74426565.2422427
MFmCmn,M3,cDXHP,Measure,CZ01,16.715000000000003,45184609.5374479
MFmCmn,M3,cDXHP,Measure,CZ02,25.97041666666667,64684038.45618724
MFmCmn,M3,cDXHP,Measure,CZ03,24.965,60111890.90042783
MFmCmn,M3,cDXHP,Measure,CZ04,32.625416666666666,76861743.85946368
MFmCmn,M3,cDXHP,Measure,CZ05,22.50375,56730849.71740961
MFmCmn,M3,cDXHP,Measure,CZ06,25.29583333333333,59806138.5146778
MFmCmn,M3,cDXHP,Measure,CZ07,25.2725,73495266.37375759
MFmCmn,M3,cDXHP,Measure,CZ08,32.28541666666666,76651768.22314608
MFmCmn,M3,cDXHP,Measure,CZ09,35.456250000000004,81798675.38091236
MFmCmn,M3,cDXHP,Measure,CZ10,35.55666666666667,74456271.54964577
MFmCmn,M3,cDXHP,Measure,CZ11,36.25708333333334,85212138.91602528
MFmCmn,M3,cDXHP,Measure,CZ12,33.139583333333334,76902902.17876264
MFmCmn,M3,cDXHP,Measure,CZ13,37.3975,86941944.75690047
MFmCmn,M3,cDXHP,Measure,CZ14,33.69791666666667,79370114.75174667
MFmCmn,M3,cDXHP,Measure,CZ15,42.32083333333334,95221073.19882208
MFmCmn,M3,cDXHP,Measure,CZ16,25.15416666666667,66669380.70251402
MFmCmn,M3,cPTAC,Base,CZ01,16.715000000000003,50509615.44521091
MFmCmn,M3,cPTAC,Base,CZ02,25.97041666666667,73739626.72603498
MFmCmn,M3,cPTAC,Base,CZ03,24.965,68430710.24445882
MFmCmn,M3,cPTAC,Base,CZ04,32.625416666666666,87975571.19607458
MFmCmn,M3,cPTAC,Base,CZ05,22.50375,64329643.89049323
MFmCmn,M3,cPTAC,Base,CZ06,25.29583333333333,67942820.75085545
MFmCmn,M3,cPTAC,Base,CZ07,25.2725,83075798.97044167
MFmCmn,M3,cPTAC,Base,CZ08,32.28541666666666,87334773.81076483
MFmCmn,M3,cPTAC,Base,CZ09,35.456250000000004,93242328.55524445
MFmCmn,M3,cPTAC,Base,CZ10,35.55666666666667,84224801.72893885
MFmCmn,M3,cPTAC,Base,CZ11,36.25708333333334,98424819.57867898
MFmCmn,M3,cPTAC,Base,CZ12,33.139583333333334,88144309.05588648
MFmCmn,M3,cPTAC,Base,CZ13,37.3975,100707323.26604147
MFmCmn,M3,cPTAC,Base,CZ14,33.69791666666667,91040567.6188682
MFmCmn,M3,cPTAC,Base,CZ15,42.32083333333334,108811154.4658933
MFmCmn,M3,cPTAC,Base,CZ16,25.15416666666667,75245066.05831021
MFmCmn,M3,cPTAC,Measure,CZ01,16.715000000000003,46783664.59145513
MFmCmn,M3,cPTAC,Measure,CZ02,25.97041666666667,66449018.16483101
MFmCmn,M3,cPTAC,Measure,CZ03,24.965,62043318.74781124
MFmCmn,M3,cPTAC,Measure,CZ04,32.625416666666666,78377332.73451939
MFmCmn,M3,cPTAC,Measure,CZ05,22.50375,58585752.49928336
MFmCmn,M3,cPTAC,Measure,CZ06,25.29583333333333,61650922.01807492
MFmCmn,M3,cPTAC,Measure,CZ07,25.2725,75622857.26449822
MFmCmn,M3,cPTAC,Measure,CZ08,32.28541666666666,77763754.51803511
MFmCmn,M3,cPTAC,Measure,CZ09,35.456250000000004,82557386.68697739
MFmCmn,M3,cPTAC,Measure,CZ10,35.55666666666667,74939868.65220867
MFmCmn,M3,cPTAC,Measure,CZ11,36.25708333333334,86261469.1537948
MFmCmn,M3,cPTAC,Measure,CZ12,33.139583333333334,78464191.94692126
MFmCmn,M3,cPTAC,Measure,CZ13,37.3975,87832851.5502589
MFmCmn,M3,cPTAC,Measure,CZ14,33.69791666666667,80255910.33378097
MFmCmn,M3,cPTAC,Measure,CZ15,42.32083333333334,95246161.05889726
MFmCmn,M3,cPTAC,Measure,CZ16,25.15416666666667,67494467.98581114
MFmCmn,M3,cPVVG,Base,CZ01,16.715000000000003,49536672.40495041
MFmCmn,M3,cPVVG,Base,CZ02,25.97041666666667,72203824.76384722
MFmCmn,M3,cPVVG,Base,CZ03,24.965,66997214.61278418
MFmCmn,M3,cPVVG,Base,CZ04,32.625416666666666,86253896.42881909
MFmCmn,M3,cPVVG,Base,CZ05,22.50375,62930308.640080616
MFmCmn,M3,cPVVG,Base,CZ06,25.29583333333333,66511089.66839614
MFmCmn,M3,cPVVG,Base,CZ07,25.2725,81510819.97703159
MFmCmn,M3,cPVVG,Base,CZ08,32.28541666666666,85663515.10281888
MFmCmn,M3,cPVVG,Base,CZ09,35.456250000000004,91425366.907504
MFmCmn,M3,cPVVG,Base,CZ10,35.55666666666667,82561505.75944442
MFmCmn,M3,cPVVG,Base,CZ11,36.25708333333334,96523463.29865617
MFmCmn,M3,cPVVG,Base,CZ12,33.139583333333334,86502922.90436739
MFmCmn,M3,cPVVG,Base,CZ13,37.3975,98855758.10067046
MFmCmn,M3,cPVVG,Base,CZ14,33.69791666666667,89195630.21417385
MFmCmn,M3,cPVVG,Base,CZ15,42.32083333333334,106947580.93646464
MFmCmn,M3,cPVVG,Base,CZ16,25.15416666666667,73382273.35714254
MFmCmn,M3,cPVVG,Measure,CZ01,16.715000000000003,45847060.00990452
MFmCmn,M3,cPVVG,Measure,CZ02,25.97041666666667,64981406.87516038
MFmCmn,M3,cPVVG,Measure,CZ03,24.965,60669633.405498624
MFmCmn,M3,cPVVG,Measure,CZ04,32.625416666666666,76737951.58620611
MFmCmn,M3,cPVVG,Measure,CZ05,22.50375,57242617.1743528
MFmCmn,M3,cPVVG,Measure,CZ06,25.29583333333333,60278636.41589038
MFmCmn,M3,cPVVG,Measure,CZ07,25.2725,74121927.38398111
MFmCmn,M3,cPVVG,Measure,CZ08,32.28541666666666,76174929.56915647
MFmCmn,M3,cPVVG,Measure,CZ09,35.456250000000004,80843975.29843956
MFmCmn,M3,cPVVG,Measure,CZ10,35.55666666666667,73362749.4402093
MFmCmn,M3,cPVVG,Measure,CZ11,36.25708333333334,84564284.89757155
MFmCmn,M3,cPVVG,Measure,CZ12,33.139583333333334,76901733.1129687
MFmCmn,M3,cPVVG,Measure,CZ13,37.3975,86194844.46950021
MFmCmn,M3,cPVVG,Measure,CZ14,33.69791666666667,78606741.98603676
MFmCmn,M3,cPVVG,Measure,CZ15,42.32083333333334,93490986.3139256
MFmCmn,M3,cPVVG,Measure,CZ16,25.15416666666667,65781767.800654136
MFmCmn,M4,cDXGF,Base,CZ01,16.715000000000003,69244966.09453592
MFmCmn,M4,cDXGF,Base,CZ02,25.97041666666667,97189367.66448918
MFmCmn,M4,cDXGF,Base,CZ03,24.965,91075502.29858
MFmCmn,M4,cDXGF,Base,CZ04,32.625416666666666,112830016.7901334
MFmCmn,M4,cDXGF,Base,CZ05,22.50375,87931749.93261304
MFmCmn,M4,cDXGF,Base,CZ06,25.29583333333333,90741140.67034976
MFmCmn,M4,cDXGF,Base,CZ07,25.2725,104425375.5797888
MFmCmn,M4,cDXGF,Base,CZ08,32.28541666666666,112913394.85439436
MFmCmn,M4,cDXGF,Base,CZ09,35.456250000000004,122329772.30712414
MFmCmn,M4,cDXGF,Base,CZ10,35.55666666666667,112751911.43715753
MFmCmn,M4,cDXGF,Base,CZ11,36.25708333333334,125667307.2328864
MFmCmn,M4,cDXGF,Base,CZ12,33.139583333333334,111770943.8701041
MFmCmn,M4,cDXGF,Base,CZ13,37.3975,127050864.62780283
MFmCmn,M4,cDXGF,Base,CZ14,33.69791666666667,117304861.5956648
MFmCmn,M4,cDXGF,Base,CZ15,42.32083333333334,140435255.73667678
MFmCmn,M4,cDXGF,Base,CZ16,25.15416666666667,102160754.24985744
MFmCmn,M4,cDXGF,Measure,CZ01,16.715000000000003,66602907.3208691
MFmCmn,M4,cDXGF,Measure,CZ02,25.97041666666667,94364630.03088178
MFmCmn,M4,cDXGF,Measure,CZ03,24.965,87591825.69586359
MFmCmn,M4,cDXGF,Measure,CZ04,32.625416666666666,109547645.58078703
MFmCmn,M4,cDXGF,Measure,CZ05,22.50375,84307634.61758009
MFmCmn,M4,cDXGF,Measure,CZ06,25.29583333333333,87320766.40409744
MFmCmn,M4,cDXGF,Measure,CZ07,25.2725,104095659.85008185
MFmCmn,M4,cDXGF,Measure,CZ08,32.28541666666666,109911122.7329041
MFmCmn,M4,cDXGF,Measure,CZ09,35.456250000000004,119941202.71327104
MFmCmn,M4,cDXGF,Measure,CZ10,35.55666666666667,109829397.15277348
MFmCmn,M4,cDXGF,Measure,CZ11,36.25708333333334,121685937.7430585
MFmCmn,M4,cDXGF,Measure,CZ12,33.139583333333334,108607006.01840994
MFmCmn,M4,cDXGF,Measure,CZ13,37.3975,122927750.22489
MFmCmn,M4,cDXGF,Measure,CZ14,33.69791666666667,113672332.86615673
MFmCmn,M4,cDXGF,Measure,CZ15,42.32083333333334,138127897.44678956
MFmCmn,M4,cDXGF,Measure,CZ16,25.15416666666667,98622079.23098928
MFmCmn,M4,cDXHP,Base,CZ01,16.715000000000003,68970152.69066411
MFmCmn,M4,cDXHP,Base,CZ02,25.97041666666667,96895006.20211984
MFmCmn,M4,cDXHP,Base,CZ03,24.965,90915155.60063456
MFmCmn,M4,cDXHP,Base,CZ04,32.625416666666666,112846541.70509832
MFmCmn,M4,cDXHP,Base,CZ05,22.50375,87807953.22130382
MFmCmn,M4,cDXHP,Base,CZ06,25.29583333333333,90370458.1105362
MFmCmn,M4,cDXHP,Base,CZ07,25.2725,103558515.3379435
MFmCmn,M4,cDXHP,Base,CZ08,32.28541666666666,112976333.22709072
MFmCmn,M4,cDXHP,Base,CZ09,35.456250000000004,122357100.90774664
MFmCmn,M4,cDXHP,Base,CZ10,35.55666666666667,112699655.8302794
MFmCmn,M4,cDXHP,Base,CZ11,36.25708333333334,125657158.7540816
MFmCmn,M4,cDXHP,Base,CZ12,33.139583333333334,111812793.37625375
MFmCmn,M4,cDXHP,Base,CZ13,37.3975,127143976.60115775
MFmCmn,M4,cDXHP,Base,CZ14,33.69791666666667,117121550.3583974
MFmCmn,M4,cDXHP,Base,CZ15,42.32083333333334,140440616.04919612
MFmCmn,M4,cDXHP,Base,CZ16,25.15416666666667,101611485.36957072
MFmCmn,M4,cDXHP,Measure,CZ01,16.715000000000003,66327856.96367365
MFmCmn,M4,cDXHP,Measure,CZ02,25.97041666666667,94070401.49997082
MFmCmn,M4,cDXHP,Measure,CZ03,24.965,87430882.96120459
MFmCmn,M4,cDXHP,Measure,CZ04,32.625416666666666,109563507.5800724
MFmCmn,M4,cDXHP,Measure,CZ05,22.50375,84185430.24269572
MFmCmn,M4,cDXHP,Measure,CZ06,25.29583333333333,86817554.49571489
MFmCmn,M4,cDXHP,Measure,CZ07,25.2725,103226461.1906652
MFmCmn,M4,cDXHP,Measure,CZ08,32.28541666666666,109972052.54956104
MFmCmn,M4,cDXHP,Measure,CZ09,35.456250000000004,119964125.04091825
MFmCmn,M4,cDXHP,Measure,CZ10,35.55666666666667,109777117.95533738
MFmCmn,M4,cDXHP,Measure,CZ11,36.25708333333334,121664487.43990068
MFmCmn,M4,cDXHP,Measure,CZ12,33.139583333333334,108647850.8853154
MFmCmn,M4,cDXHP,Measure,CZ13,37.3975,123010719.8904518
MFmCmn,M4,cDXHP,Measure,CZ14,33.69791666666667,113475176.735223
MFmCmn,M4,cDXHP,Measure,CZ15,42.32083333333334,138133249.8087749
MFmCmn,M4,cDXHP,Measure,CZ16,25.15416666666667,98073054.0087488
MFmCmn,M4,cPTAC,Base,CZ01,16.715000000000003,69175516.3528526
MFmCmn,M4,cPTAC,Base,CZ02,25.97041666666667,97189367.6644945
MFmCmn,M4,cPTAC,Base,CZ03,24.965,91075502.29831928
MFmCmn,M4,cPTAC,Base,CZ04,32.625416666666666,112830016.79013295
MFmCmn,M4,cPTAC,Base,CZ05,22.50375,87921054.69643565
MFmCmn,M4,cPTAC,Base,CZ06,25.29583333333333,90741140.6703498
MFmCmn,M4,cPTAC,Base,CZ07,25.2725,104425375.57978842
MFmCmn,M4,cPTAC,Base,CZ08,32.28541666666666,112913394.85439542
MFmCmn,M4,cPTAC,Base,CZ09,35.456250000000004,122329772.30712374
MFmCmn,M4,cPTAC,Base,CZ10,35.55666666666667,112751881.00684737
MFmCmn,M4,cPTAC,Base,CZ11,36.25708333333334,125667307.23288584
MFmCmn,M4,cPTAC,Base,CZ12,33.139583333333334,111770943.87010376
MFmCmn,M4,cPTAC,Base,CZ13,37.3975,127050864.62780282
MFmCmn,M4,cPTAC,Base,CZ14,33.69791666666667,117304861.59566474
MFmCmn,M4,cPTAC,Base,CZ15,42.32083333333334,140435255.73667586
MFmCmn,M4,cPTAC,Base,CZ16,25.15416666666667,102160754.2443712
MFmCmn,M4,cPTAC,Measure,CZ01,16.715000000000003,66538683.65918493
MFmCmn,M4,cPTAC,Measure,CZ02,25.97041666666667,94364630.03088012
MFmCmn,M4,cPTAC,Measure,CZ03,24.965,87591825.69566076
MFmCmn,M4,cPTAC,Measure,CZ04,32.625416666666666,109547645.58078812
MFmCmn,M4,cPTAC,Measure,CZ05,22.50375,84298844.51640767
MFmCmn,M4,cPTAC,Measure,CZ06,25.29583333333333,87320766.40409753
MFmCmn,M4,cPTAC,Measure,CZ07,25.2725,104095659.85008126
MFmCmn,M4,cPTAC,Measure,CZ08,32.28541666666666,109911122.73290452
MFmCmn,M4,cPTAC,Measure,CZ09,35.456250000000004,119941202.71327148
MFmCmn,M4,cPTAC,Measure,CZ10,35.55666666666667,109829397.15277185
MFmCmn,M4,cPTAC,Measure,CZ11,36.25708333333334,121685937.7430581
MFmCmn,M4,cPTAC,Measure,CZ12,33.139583333333334,108607006.01841088
MFmCmn,M4,cPTAC,Measure,CZ13,37.3975,122927750.2248918
MFmCmn,M4,cPTAC,Measure,CZ14,33.69791666666667,113672332.86625092
MFmCmn,M4,cPTAC,Measure,CZ15,42.32083333333334,138127897.4467898
MFmCmn,M4,cPTAC,Measure,CZ16,25.15416666666667,98622079.20139427
MFmCmn,M4,cPVVG,Base,CZ01,16.715000000000003,52507275.64267892
MFmCmn,M4,cPVVG,Base,CZ02,25.97041666666667,81089412.54596393
MFmCmn,M4,cPVVG,Base,CZ03,24.965,74867856.66512708
MFmCmn,M4,cPVVG,Base,CZ04,32.625416666666666,99030831.19132176
MFmCmn,M4,cPVVG,Base,CZ05,22.50375,70211657.1503937
MFmCmn,M4,cPVVG,Base,CZ06,25.29583333333333,75109207.81782049
MFmCmn,M4,cPVVG,Base,CZ07,25.2725,90590259.5599006
MFmCmn,M4,cPVVG,Base,CZ08,32.28541666666666,99475967.00584029
MFmCmn,M4,cPVVG,Base,CZ09,35.456250000000004,109123427.99800098
MFmCmn,M4,cPVVG,Base,CZ10,35.55666666666667,99829883.34763291
MFmCmn,M4,cPVVG,Base,CZ11,36.25708333333334,112362149.62443836
MFmCmn,M4,cPVVG,Base,CZ12,33.139583333333334,98845113.71110985
MFmCmn,M4,cPVVG,Base,CZ13,37.3975,115365371.57175948
MFmCmn,M4,cPVVG,Base,CZ14,33.69791666666667,104289953.92094256
MFmCmn,M4,cPVVG,Base,CZ15,42.32083333333334,129477238.2664958
MFmCmn,M4,cPVVG,Base,CZ16,25.15416666666667,83212153.39834559
MFmCmn,M4,cPVVG,Measure,CZ01,16.715000000000003,52233367.71078485
MFmCmn,M4,cPVVG,Measure,CZ02,25.97041666666667,80646798.44233021
MFmCmn,M4,cPVVG,Measure,CZ03,24.965,74163323.24236646
MFmCmn,M4,cPVVG,Measure,CZ04,32.625416666666666,98301184.96319444
MFmCmn,M4,cPVVG,Measure,CZ05,22.50375,69609322.23695418
MFmCmn,M4,cPVVG,Measure,CZ06,25.29583333333333,74174696.87425715
MFmCmn,M4,cPVVG,Measure,CZ07,25.2725,90666273.36305456
MFmCmn,M4,cPVVG,Measure,CZ08,32.28541666666666,98684265.2077642
MFmCmn,M4,cPVVG,Measure,CZ09,35.456250000000004,108112283.62626424
MFmCmn,M4,cPVVG,Measure,CZ10,35.55666666666667,98755643.90931007
MFmCmn,M4,cPVVG,Measure,CZ11,36.25708333333334,110071328.72532222
MFmCmn,M4,cPVVG,Measure,CZ12,33.139583333333334,98088424.12304392
MFmCmn,M4,cPVVG,Measure,CZ13,37.3975,112700182.32179666
MFmCmn,M4,cPVVG,Measure,CZ14,33.69791666666667,102215942.6498587
MFmCmn,M4,cPVVG,Measure,CZ15,42.32083333333334,128200230.46080896
MFmCmn,M4,cPVVG,Measure,CZ16,25.15416666666667,81609413.30832756
MFmCmn,M5,cDXGF,Base,CZ01,16.715000000000003,50008079.43884096
MFmCmn,M5,cDXGF,Base,CZ02,25.97041666666667,76248251.78546192
MFmCmn,M5,cDXGF,Base,CZ03,24.965,69517574.7423597
MFmCmn,M5,cDXGF,Base,CZ04,32.625416666666666,91106556.09910056
MFmCmn,M5,cDXGF,Base,CZ05,22.50375,64513163.45066634
MFmCmn,M5,cDXGF,Base,CZ06,25.29583333333333,69333966.81806657
MFmCmn,M5,cDXGF,Base,CZ07,25.2725,86936229.33660455
MFmCmn,M5,cDXGF,Base,CZ08,32.28541666666666,91051431.923334
MFmCmn,M5,cDXGF,Base,CZ09,35.456250000000004,98980024.986088
MFmCmn,M5,cDXGF,Base,CZ10,35.55666666666667,89441343.78969118
MFmCmn,M5,cDXGF,Base,CZ11,36.25708333333334,104204883.8752105
MFmCmn,M5,cDXGF,Base,CZ12,33.139583333333334,92494886.31158993
MFmCmn,M5,cDXGF,Base,CZ13,37.3975,106072936.22984912
MFmCmn,M5,cDXGF,Base,CZ14,33.69791666666667,94925029.28324053
MFmCmn,M5,cDXGF,Base,CZ15,42.32083333333334,118704829.1762414
MFmCmn,M5,cDXGF,Base,CZ16,25.15416666666667,75495771.20068574
MFmCmn,M5,cDXGF,Measure,CZ01,16.715000000000003,47350009.86279869
MFmCmn,M5,cDXGF,Measure,CZ02,25.97041666666667,70650743.55953872
MFmCmn,M5,cDXGF,Measure,CZ03,24.965,64743138.77821268
MFmCmn,M5,cDXGF,Measure,CZ04,32.625416666666666,83754174.77479403
MFmCmn,M5,cDXGF,Measure,CZ05,22.50375,60318259.307497725
MFmCmn,M5,cDXGF,Measure,CZ06,25.29583333333333,64605752.665978506
MFmCmn,M5,cDXGF,Measure,CZ07,25.2725,81134497.76156978
MFmCmn,M5,cDXGF,Measure,CZ08,32.28541666666666,83650158.86641845
MFmCmn,M5,cDXGF,Measure,CZ09,35.456250000000004,90475202.85073093
MFmCmn,M5,cDXGF,Measure,CZ10,35.55666666666667,82073000.5502367
MFmCmn,M5,cDXGF,Measure,CZ11,36.25708333333334,94312528.52474272
MFmCmn,M5,cDXGF,Measure,CZ12,33.139583333333334,84943597.02547733
MFmCmn,M5,cDXGF,Measure,CZ13,37.3975,95571845.20309833
MFmCmn,M5,cDXGF,Measure,CZ14,33.69791666666667,86377089.88281122
MFmCmn,M5,cDXGF,Measure,CZ15,42.32083333333334,107641446.44909725
MFmCmn,M5,cDXGF,Measure,CZ16,25.15416666666667,69657858.73294622
MFmCmn,M5,cDXHP,Base,CZ01,16.715000000000003,48572245.42971712
MFmCmn,M5,cDXHP,Base,CZ02,25.97041666666667,74314310.32350996
MFmCmn,M5,cDXHP,Base,CZ03,24.965,67463521.26560457
MFmCmn,M5,cDXHP,Base,CZ04,32.625416666666666,89268191.39569974
MFmCmn,M5,cDXHP,Base,CZ05,22.50375,62620346.04138123
MFmCmn,M5,cDXHP,Base,CZ06,25.29583333333333,67224258.83663017
MFmCmn,M5,cDXHP,Base,CZ07,25.2725,84261160.9152874
MFmCmn,M5,cDXHP,Base,CZ08,32.28541666666666,89627607.38350558
MFmCmn,M5,cDXHP,Base,CZ09,35.456250000000004,98037953.06649992
MFmCmn,M5,cDXHP,Base,CZ10,35.55666666666667,88803120.38748215
MFmCmn,M5,cDXHP,Base,CZ11,36.25708333333334,102814389.8880462
MFmCmn,M5,cDXHP,Base,CZ12,33.139583333333334,90559150.6493717
MFmCmn,M5,cDXHP,Base,CZ13,37.3975,104846830.90962738
MFmCmn,M5,cDXHP,Base,CZ14,33.69791666666667,93743038.46303332
MFmCmn,M5,cDXHP,Base,CZ15,42.32083333333334,118664555.40381636
MFmCmn,M5,cDXHP,Base,CZ16,25.15416666666667,74667771.63444568
MFmCmn,M5,cDXHP,Measure,CZ01,16.715000000000003,45917426.78745018
MFmCmn,M5,cDXHP,Measure,CZ02,25.97041666666667,68730067.37799124
MFmCmn,M5,cDXHP,Measure,CZ03,24.965,62708895.9665752
MFmCmn,M5,cDXHP,Measure,CZ04,32.625416666666666,81939169.23058835
MFmCmn,M5,cDXHP,Measure,CZ05,22.50375,58441290.3703531
MFmCmn,M5,cDXHP,Measure,CZ06,25.29583333333333,62544166.75041848
MFmCmn,M5,cDXHP,Measure,CZ07,25.2725,78540376.4257989
MFmCmn,M5,cDXHP,Measure,CZ08,32.28541666666666,82252135.3662735
MFmCmn,M5,cDXHP,Measure,CZ09,35.456250000000004,89548263.41084641
MFmCmn,M5,cDXHP,Measure,CZ10,35.55666666666667,81449247.7329284
MFmCmn,M5,cDXHP,Measure,CZ11,36.25708333333334,92959060.02477826
MFmCmn,M5,cDXHP,Measure,CZ12,33.139583333333334,83029907.3534005
MFmCmn,M5,cDXHP,Measure,CZ13,37.3975,94383963.01630448
MFmCmn,M5,cDXHP,Measure,CZ14,33.69791666666667,85223422.19929025
MFmCmn,M5,cDXHP,Measure,CZ15,42.32083333333334,107603249.72502103
MFmCmn,M5,cDXHP,Measure,CZ16,25.15416666666667,68822011.72196086
MFmCmn,M5,cPTAC,Base,CZ01,16.715000000000003,49918467.29743544
MFmCmn,M5,cPTAC,Base,CZ02,25.97041666666667,76248251.78546225
MFmCmn,M5,cPTAC,Base,CZ03,24.965,69517574.7423585
MFmCmn,M5,cPTAC,Base,CZ04,32.625416666666666,91106556.0990988
MFmCmn,M5,cPTAC,Base,CZ05,22.50375,64501007.02841176
MFmCmn,M5,cPTAC,Base,CZ06,25.29583333333333,69333966.81806704
MFmCmn,M5,cPTAC,Base,CZ07,25.2725,86936229.3366051
MFmCmn,M5,cPTAC,Base,CZ08,32.28541666666666,91051431.92333244
MFmCmn,M5,cPTAC,Base,CZ09,35.456250000000004,98980024.9860864
MFmCmn,M5,cPTAC,Base,CZ10,35.55666666666667,89441343.6596947
MFmCmn,M5,cPTAC,Base,CZ11,36.25708333333334,104204883.8752104
MFmCmn,M5,cPTAC,Base,CZ12,33.139583333333334,92494886.31159
MFmCmn,M5,cPTAC,Base,CZ13,37.3975,106072936.22985072
MFmCmn,M5,cPTAC,Base,CZ14,33.69791666666667,94925029.28323986
MFmCmn,M5,cPTAC,Base,CZ15,42.32083333333334,118704829.17624216
MFmCmn,M5,cPTAC,Base,CZ16,25.15416666666667,75495800.44150704
MFmCmn,M5,cPTAC,Measure,CZ01,16.715000000000003,47269540.05331464
MFmCmn,M5,cPTAC,Measure,CZ02,25.97041666666667,70650743.55953643
MFmCmn,M5,cPTAC,Measure,CZ03,24.965,64743166.60641666
MFmCmn,M5,cPTAC,Measure,CZ04,32.625416666666666,83754174.77479327
MFmCmn,M5,cPTAC,Measure,CZ05,22.50375,60307509.980998725
MFmCmn,M5,cPTAC,Measure,CZ06,25.29583333333333,64605752.66597895
MFmCmn,M5,cPTAC,Measure,CZ07,25.2725,81134497.76156974
MFmCmn,M5,cPTAC,Measure,CZ08,32.28541666666666,83650158.86641884
MFmCmn,M5,cPTAC,Measure,CZ09,35.456250000000004,90475202.85074878
MFmCmn,M5,cPTAC,Measure,CZ10,35.55666666666667,82073000.4498712
MFmCmn,M5,cPTAC,Measure,CZ11,36.25708333333334,94312528.52474104
MFmCmn,M5,cPTAC,Measure,CZ12,33.139583333333334,84943597.02512024
MFmCmn,M5,cPTAC,Measure,CZ13,37.3975,95571845.20309614
MFmCmn,M5,cPTAC,Measure,CZ14,33.69791666666667,86377089.88281229
MFmCmn,M5,cPTAC,Measure,CZ15,42.32083333333334,107641446.44909675
MFmCmn,M5,cPTAC,Measure,CZ16,25.15416666666667,69657916.83327325
MFmCmn,M5,cPVVG,Base,CZ01,16.715000000000003,49039559.42814012
MFmCmn,M5,cPVVG,Base,CZ02,25.97041666666667,74718833.47266227
MFmCmn,M5,cPVVG,Base,CZ03,24.965,68088674.34696908
MFmCmn,M5,cPVVG,Base,CZ04,32.625416666666666,89413381.31689148
MFmCmn,M5,cPVVG,Base,CZ05,22.50375,63130005.24530467
MFmCmn,M5,cPVVG,Base,CZ06,25.29583333333333,67907601.76713091
MFmCmn,M5,cPVVG,Base,CZ07,25.2725,85367745.52428785
MFmCmn,M5,cPVVG,Base,CZ08,32.28541666666666,89438968.82850954
MFmCmn,M5,cPVVG,Base,CZ09,35.456250000000004,97273737.98304224
MFmCmn,M5,cPVVG,Base,CZ10,35.55666666666667,87830284.2328343
MFmCmn,M5,cPVVG,Base,CZ11,36.25708333333334,102313832.49015698
MFmCmn,M5,cPVVG,Base,CZ12,33.139583333333334,90881049.768695
MFmCmn,M5,cPVVG,Base,CZ13,37.3975,104226007.58253673
MFmCmn,M5,cPVVG,Base,CZ14,33.69791666666667,93116358.61462568
MFmCmn,M5,cPVVG,Base,CZ15,42.32083333333334,116934252.27670828
MFmCmn,M5,cPVVG,Base,CZ16,25.15416666666667,73626688.02248283
MFmCmn,M5,cPVVG,Measure,CZ01,16.715000000000003,46408432.61400298
MFmCmn,M5,cPVVG,Measure,CZ02,25.97041666666667,69173412.10181035
MFmCmn,M5,cPVVG,Measure,CZ03,24.965,63358891.06796715
MFmCmn,M5,cPVVG,Measure,CZ04,32.625416666666666,82123119.37179452
MFmCmn,M5,cPVVG,Measure,CZ05,22.50375,58975833.742892526
MFmCmn,M5,cPVVG,Measure,CZ06,25.29583333333333,63223543.87687546
MFmCmn,M5,cPVVG,Measure,CZ07,25.2725,79616999.77476096
MFmCmn,M5,cPVVG,Measure,CZ08,32.28541666666666,82099850.56723985
MFmCmn,M5,cPVVG,Measure,CZ09,35.456250000000004,88851065.18607152
MFmCmn,M5,cPVVG,Measure,CZ10,35.55666666666667,80528939.1765786
MFmCmn,M5,cPVVG,Measure,CZ11,36.25708333333334,92621089.74017182
MFmCmn,M5,cPVVG,Measure,CZ12,33.139583333333334,83389964.87690637
MFmCmn,M5,cPVVG,Measure,CZ13,37.3975,93936756.61750436
MFmCmn,M5,cPVVG,Measure,CZ14,33.69791666666667,84754945.65698086
MFmCmn,M5,cPVVG,Measure,CZ15,42.32083333333334,105955896.53857486
MFmCmn,M5,cPVVG,Measure,CZ16,25.15416666666667,67920879.34846272
