Building Type,Run Type,Climate Zone,System Type,Heating Gas Energy,Heating Electricity Energy,Cooling Energy,Heating Gas Total Energy,Heating Electricity Total Energy,Cooling Total Energy,,,,
Asm,M1,CZ01,cDXGF,0.0,0.0,0.0,1323534820090.88,0.0,12255824841.58,,,,
Asm,M1,CZ02,cDXGF,0.0,0.0,0.0,933864812636.52,0.0,298258418921.46,,,,
Asm,M1,CZ03,cDXGF,0.0,0.0,0.0,588318608144.83,0.0,132488545031.4,,,,
Asm,M1,CZ04,cDXGF,0.0,0.0,0.0,749181959240.52,0.0,520105551474.83,,,,
Asm,M1,CZ05,cDXGF,0.0,0.0,0.0,573268930246.85,0.0,167453996310.82,,,,
Asm,M1,CZ06,cDXGF,0.0,0.0,0.0,148077009893.22,0.0,315432241611.25,,,,
Asm,M1,CZ07,cDXGF,0.0,0.0,0.0,130822639498.61,0.0,339241567184.03,,,,
Asm,M1,CZ08,cDXGF,0.0,0.0,279442.41,190542440576.31,0.0,553738550403.82,,,,
Asm,M1,CZ09,cDXGF,0.0,0.0,1735357.57,253116212212.6,0.0,573171330440.23,,,,
Asm,M1,CZ10,cDXGF,0.0,0.0,602972.7,275671436993.14,0.0,665539974410.32,,,,
Asm,M1,CZ11,cDXGF,0.0,0.0,36814684.78,774064058448.94,0.0,730587448712.41,,,,
Asm,M1,CZ12,cDXGF,0.0,0.0,0.0,784499408503.86,0.0,500598048423.14,,,,
Asm,M1,CZ13,cDXGF,0.0,0.0,71413499.62,657722912321.56,0.0,769160179242.81,,,,
Asm,M1,CZ14,cDXGF,0.0,0.0,30030094.13,649944977449.02,0.0,739743800576.45,,,,
Asm,M1,CZ15,cDXGF,0.0,0.0,11449788962.1,134493641048.2,0.0,1354426690553.24,,,,
Asm,M1,CZ16,cDXGF,0.0,0.0,637420.86,1231898483357.01,0.0,219839208401.24,,,,
Asm,M1,CZ01,cDXHP,0.0,0.0,0.0,0.0,318503490517.55,12006641477.67,,,,
Asm,M1,CZ02,cDXHP,0.0,0.0,0.0,0.0,227695903586.54,299973063301.23,,,,
Asm,M1,CZ03,cDXHP,0.0,0.0,0.0,0.0,139842167620.31,132885136299.6,,,,
Asm,M1,CZ04,cDXHP,0.0,0.0,0.0,0.0,185369510072.48,521197258136.74,,,,
Asm,M1,CZ05,cDXHP,0.0,0.0,0.0,0.0,137174553819.72,169074885375.08,,,,
Asm,M1,CZ06,cDXHP,0.0,0.0,0.0,0.0,34481169699.91,301973692956.83,,,,
Asm,M1,CZ07,cDXHP,0.0,0.0,0.0,0.0,30410300463.12,326872158920.0,,,,
Asm,M1,CZ08,cDXHP,0.0,0.0,280049.17,0.0,44879090064.39,552616773147.4,,,,
Asm,M1,CZ09,cDXHP,0.0,0.0,1708278.62,0.0,60432500179.34,573377322658.2,,,,
Asm,M1,CZ10,cDXHP,0.0,0.0,602972.02,0.0,65989645803.64,665560807267.81,,,,
Asm,M1,CZ11,cDXHP,0.0,0.0,36819688.25,0.0,191138422995.33,730818243447.0,,,,
Asm,M1,CZ12,cDXHP,0.0,0.0,0.0,0.0,191515394680.55,501384934383.75,,,,
Asm,M1,CZ13,cDXHP,0.0,0.0,71448311.86,0.0,161332044520.68,769561448726.66,,,,
Asm,M1,CZ14,cDXHP,0.0,0.0,30056269.22,0.0,166899859186.79,740231170206.15,,,,
Asm,M1,CZ15,cDXHP,0.0,0.0,11449788962.1,0.0,32138206982.58,1354426690553.24,,,,
Asm,M1,CZ16,cDXHP,0.0,0.0,638388.66,0.0,345807999765.53,224499172953.32,,,,
Asm,M1,CZ01,cPTAC,0.0,0.0,0.0,0.0,0.0,10782547675.94,,,,
Asm,M1,CZ02,cPTAC,0.0,0.0,0.0,0.0,0.0,289816390406.81,,,,
Asm,M1,CZ03,cPTAC,0.0,0.0,0.0,0.0,0.0,130361912524.92,,,,
Asm,M1,CZ04,cPTAC,0.0,0.0,0.0,0.0,0.0,512104876520.51,,,,
Asm,M1,CZ05,cPTAC,0.0,0.0,0.0,0.0,0.0,160715295544.24,,,,
Asm,M1,CZ06,cPTAC,0.0,0.0,0.0,0.0,0.0,314302873280.53,,,,
Asm,M1,CZ07,cPTAC,0.0,0.0,0.0,0.0,0.0,338036161842.38,,,,
Asm,M1,CZ08,cPTAC,0.0,0.0,279442.41,0.0,0.0,550887214267.8,,,,
Asm,M1,CZ09,cPTAC,0.0,0.0,1735203.27,0.0,0.0,569932903092.33,,,,
Asm,M1,CZ10,cPTAC,0.0,0.0,602970.47,0.0,0.0,661531553055.97,,,,
Asm,M1,CZ11,cPTAC,0.0,0.0,36814594.57,0.0,0.0,726423243169.59,,,,
Asm,M1,CZ12,cPTAC,0.0,0.0,0.0,0.0,0.0,496971652856.92,,,,
Asm,M1,CZ13,cPTAC,0.0,0.0,71413347.77,0.0,0.0,766619433622.37,,,,
Asm,M1,CZ14,cPTAC,0.0,0.0,30030091.8,0.0,0.0,734639450611.79,,,,
Asm,M1,CZ15,cPTAC,0.0,0.0,11449788962.09,0.0,0.0,1352635430647.14,,,,
Asm,M1,CZ16,cPTAC,0.0,0.0,637420.84,0.0,0.0,217642232311.71,,,,
Asm,M1,CZ01,cPVVG,0.0,0.0,0.0,1544357999789.21,0.0,16218153885.24,,,,
Asm,M1,CZ02,cPVVG,0.0,0.0,0.0,1119758400425.93,0.0,290171713073.83,,,,
Asm,M1,CZ03,cPVVG,0.0,0.0,0.0,736315708344.4,0.0,137925343125.66,,,,
Asm,M1,CZ04,cPVVG,0.0,0.0,0.0,892785610782.88,0.0,504331444633.76,,,,
Asm,M1,CZ05,cPVVG,0.0,0.0,0.0,718050643099.56,0.0,169722900772.81,,,,
Asm,M1,CZ06,cPVVG,0.0,0.0,0.0,216690148233.1,0.0,311288154453.76,,,,
Asm,M1,CZ07,cPVVG,0.0,0.0,0.0,195075742217.33,0.0,321172670346.17,,,,
Asm,M1,CZ08,cPVVG,0.0,0.0,194300.14,264138609467.91,0.0,535104977817.13,,,,
Asm,M1,CZ09,cPVVG,0.0,0.0,904207.92,333627130316.68,0.0,551193200585.2,,,,
Asm,M1,CZ10,cPVVG,0.0,0.0,474532.5,353860235233.64,0.0,639908976173.09,,,,
Asm,M1,CZ11,cPVVG,0.0,0.0,14535571.97,929430167230.87,0.0,706366292983.4,,,,
Asm,M1,CZ12,cPVVG,0.0,0.0,0.0,951684242056.01,0.0,485147875867.18,,,,
Asm,M1,CZ13,cPVVG,0.0,0.0,37838942.72,801894789114.61,0.0,744779109036.83,,,,
Asm,M1,CZ14,cPVVG,0.0,0.0,15064671.33,835187172834.2,0.0,711082146326.62,,,,
Asm,M1,CZ15,cPVVG,0.0,0.0,7482930504.27,186520931457.47,0.0,1311187144498.65,,,,
Asm,M1,CZ16,cPVVG,0.0,0.0,403769.81,1572051191553.47,0.0,211010334808.4,,,,
Asm,M2,CZ01,cDXGF,0.0,0.0,0.0,298440222.61,0.0,776041789261.49,,,,
Asm,M2,CZ02,cDXGF,0.0,0.0,0.0,196447317.99,0.0,900174922235.01,,,,
Asm,M2,CZ03,cDXGF,0.0,0.0,0.0,49140675.68,0.0,868786622113.38,,,,
Asm,M2,CZ04,cDXGF,0.0,0.0,0.0,117916963.08,0.0,983740656573.73,,,,
Asm,M2,CZ05,cDXGF,0.0,0.0,0.0,34482672.41,0.0,881100336852.25,,,,
Asm,M2,CZ06,cDXGF,0.0,0.0,0.0,3404652.92,0.0,940438815683.79,,,,
Asm,M2,CZ07,cDXGF,0.0,0.0,0.0,105389.14,0.0,943014369031.52,,,,
Asm,M2,CZ08,cDXGF,0.0,0.0,19618183.71,5016667.89,0.0,1008478044126.45,,,,
Asm,M2,CZ09,cDXGF,0.0,0.0,55057454.84,16215068.62,0.0,1023807792277.86,,,,
Asm,M2,CZ10,cDXGF,0.0,0.0,41932159.26,7170284.78,0.0,1028230009228.05,,,,
Asm,M2,CZ11,cDXGF,0.0,0.0,653328218.55,248381011.7,0.0,1028584006266.18,,,,
Asm,M2,CZ12,cDXGF,0.0,0.0,0.0,153311033.24,0.0,968020270206.49,,,,
Asm,M2,CZ13,cDXGF,0.0,0.0,1050225429.27,98482448.59,0.0,1056023652305.74,,,,
Asm,M2,CZ14,cDXGF,0.0,0.0,676168602.38,108323223.26,0.0,1055856112800.19,,,,
Asm,M2,CZ15,cDXGF,0.0,0.0,7669528121.16,3448625.69,0.0,1240534673020.44,,,,
Asm,M2,CZ16,cDXGF,0.0,0.0,16898121.91,839768550.53,0.0,909630605711.57,,,,
Asm,M2,CZ01,cDXHP,0.0,0.0,0.0,0.0,78150960.08,790067630933.51,,,,
Asm,M2,CZ02,cDXHP,0.0,0.0,0.0,0.0,53015494.81,903392728767.23,,,,
Asm,M2,CZ03,cDXHP,0.0,0.0,0.0,0.0,12039881.97,875774874365.33,,,,
Asm,M2,CZ04,cDXHP,0.0,0.0,0.0,0.0,32149127.84,984493848232.63,,,,
Asm,M2,CZ05,cDXHP,0.0,0.0,0.0,0.0,8702635.8,888662339946.05,,,,
Asm,M2,CZ06,cDXHP,0.0,0.0,0.0,0.0,848117.69,948558938877.11,,,,
Asm,M2,CZ07,cDXHP,0.0,0.0,0.0,0.0,27828.35,949597967159.9,,,,
Asm,M2,CZ08,cDXHP,0.0,0.0,19617419.58,0.0,1255683.5,1010555483446.67,,,,
Asm,M2,CZ09,cDXHP,0.0,0.0,55071641.1,0.0,4092774.67,1024608179039.68,,,,
Asm,M2,CZ10,cDXHP,0.0,0.0,41932094.35,0.0,1874680.74,1028249029377.1,,,,
Asm,M2,CZ11,cDXHP,0.0,0.0,653339847.55,0.0,67258149.39,1028654398442.91,,,,
Asm,M2,CZ12,cDXHP,0.0,0.0,0.0,0.0,40236478.99,968774058833.34,,,,
Asm,M2,CZ13,cDXHP,0.0,0.0,1050299746.73,0.0,25333082.12,1056133260228.26,,,,
Asm,M2,CZ14,cDXHP,0.0,0.0,676236084.56,0.0,31883496.87,1056083261897.75,,,,
Asm,M2,CZ15,cDXHP,0.0,0.0,7669528121.16,0.0,914239.16,1240534673020.43,,,,
Asm,M2,CZ16,cDXHP,0.0,0.0,16705529.23,0.0,257893644.63,921767433179.0,,,,
Asm,M2,CZ01,cPTAC,0.0,0.0,0.0,0.0,0.0,775964820359.86,,,,
Asm,M2,CZ02,cPTAC,0.0,0.0,0.0,0.0,0.0,900143283716.15,,,,
Asm,M2,CZ03,cPTAC,0.0,0.0,0.0,0.0,0.0,868784252540.99,,,,
Asm,M2,CZ04,cPTAC,0.0,0.0,0.0,0.0,0.0,983724412030.35,,,,
Asm,M2,CZ05,cPTAC,0.0,0.0,0.0,0.0,0.0,881095054178.28,,,,
Asm,M2,CZ06,cPTAC,0.0,0.0,0.0,0.0,0.0,940438338882.04,,,,
Asm,M2,CZ07,cPTAC,0.0,0.0,0.0,0.0,0.0,943014355479.65,,,,
Asm,M2,CZ08,cPTAC,0.0,0.0,19618183.71,0.0,0.0,1008477111710.29,,,,
Asm,M2,CZ09,cPTAC,0.0,0.0,55057454.84,0.0,0.0,1023805909282.67,,,,
Asm,M2,CZ10,cPTAC,0.0,0.0,41932159.26,0.0,0.0,1028228914518.65,,,,
Asm,M2,CZ11,cPTAC,0.0,0.0,653328218.55,0.0,0.0,1028537341080.72,,,,
Asm,M2,CZ12,cPTAC,0.0,0.0,0.0,0.0,0.0,967988046702.73,,,,
Asm,M2,CZ13,cPTAC,0.0,0.0,1050225429.27,0.0,0.0,1056017621039.22,,,,
Asm,M2,CZ14,cPTAC,0.0,0.0,676168602.38,0.0,0.0,1055837628974.25,,,,
Asm,M2,CZ15,cPTAC,0.0,0.0,7669528121.16,0.0,0.0,1240532021302.74,,,,
Asm,M2,CZ16,cPTAC,0.0,0.0,16898121.91,0.0,0.0,909492117857.97,,,,
Asm,M2,CZ01,cPVVG,0.0,0.0,0.0,959691631.29,0.0,721753897449.53,,,,
Asm,M2,CZ02,cPVVG,0.0,0.0,0.0,662790706.88,0.0,826361843875.9,,,,
Asm,M2,CZ03,cPVVG,0.0,0.0,0.0,141684770.99,0.0,806410456558.61,,,,
Asm,M2,CZ04,cPVVG,0.0,0.0,0.0,421993135.04,0.0,896150743933.9,,,,
Asm,M2,CZ05,cPVVG,0.0,0.0,0.0,84079395.05,0.0,814555381792.05,,,,
Asm,M2,CZ06,cPVVG,0.0,0.0,0.0,5603513.7,0.0,873464136877.84,,,,
Asm,M2,CZ07,cPVVG,0.0,0.0,0.0,163123.47,0.0,874290786096.55,,,,
Asm,M2,CZ08,cPVVG,0.0,0.0,12625520.39,7380090.75,0.0,932561516160.04,,,,
Asm,M2,CZ09,cPVVG,0.0,0.0,32338306.24,29493475.61,0.0,938316599462.79,,,,
Asm,M2,CZ10,cPVVG,0.0,0.0,25038552.95,11010475.59,0.0,944467943804.77,,,,
Asm,M2,CZ11,cPVVG,0.0,0.0,373448337.29,1043726162.81,0.0,940537204444.57,,,,
Asm,M2,CZ12,cPVVG,0.0,0.0,0.0,561697611.17,0.0,889316393166.86,,,,
Asm,M2,CZ13,cPVVG,0.0,0.0,597735275.19,263508628.36,0.0,969301275427.76,,,,
Asm,M2,CZ14,cPVVG,0.0,0.0,370006441.99,319540838.5,0.0,960284831231.2,,,,
Asm,M2,CZ15,cPVVG,0.0,0.0,4060022683.21,5874587.49,0.0,1148565711882.55,,,,
Asm,M2,CZ16,cPVVG,0.0,0.0,9809927.36,4432678514.08,0.0,813917423545.17,,,,
Asm,M3,CZ01,cDXGF,2119775230.42,0.0,689153524788.42,2119775230.42,0.0,689153524788.42,,,,
Asm,M3,CZ02,cDXGF,1621797488.62,0.0,797258850430.89,1621797488.62,0.0,797258850430.89,,,,
Asm,M3,CZ03,cDXGF,416511889.53,0.0,775917434594.9,416511889.53,0.0,775917434594.9,,,,
Asm,M3,CZ04,cDXGF,1046631680.58,0.0,875967989536.34,1046631680.58,0.0,875967989536.34,,,,
Asm,M3,CZ05,cDXGF,244383354.66,0.0,785378421425.07,244383354.66,0.0,785378421425.07,,,,
Asm,M3,CZ06,cDXGF,13967729.32,0.0,847546374385.58,13967729.32,0.0,847546374385.58,,,,
Asm,M3,CZ07,cDXGF,807284.58,0.0,848320997805.82,807284.58,0.0,848320997805.82,,,,
Asm,M3,CZ08,cDXGF,18659957.4,0.0,908728148423.13,18659957.4,0.0,908728148423.13,,,,
Asm,M3,CZ09,cDXGF,81546128.18,0.0,919000733670.79,81546128.18,0.0,919000733670.79,,,,
Asm,M3,CZ10,cDXGF,29360359.99,0.0,926646471497.34,29360359.99,0.0,926646471497.34,,,,
Asm,M3,CZ11,cDXGF,2437153901.13,0.0,923337395467.23,2437153901.13,0.0,923337395467.23,,,,
Asm,M3,CZ12,cDXGF,1502054070.39,0.0,865063424615.67,1502054070.39,0.0,865063424615.67,,,,
Asm,M3,CZ13,cDXGF,926652663.14,0.0,952402607318.21,926652663.14,0.0,952402607318.21,,,,
Asm,M3,CZ14,cDXGF,838649974.7,0.0,942554142817.6,838649974.7,0.0,942554142817.6,,,,
Asm,M3,CZ15,cDXGF,16472229.69,0.0,1142843438789.26,16472229.69,0.0,1142843438789.26,,,,
Asm,M3,CZ16,cDXGF,9038311199.94,0.0,782900843557.82,9038311199.94,0.0,782900843557.82,,,,
Asm,M3,CZ01,cDXHP,0.0,550558461.78,688584717057.59,0.0,550558461.78,688584717057.59,,,,
Asm,M3,CZ02,cDXHP,0.0,431786129.74,797622307175.96,0.0,431786129.74,797622307175.96,,,,
Asm,M3,CZ03,cDXHP,0.0,103451065.12,777181864668.76,0.0,103451065.12,777181864668.76,,,,
Asm,M3,CZ04,cDXHP,0.0,281031386.09,876031683794.67,0.0,281031386.09,876031683794.67,,,,
Asm,M3,CZ05,cDXHP,0.0,61308378.12,786265517814.78,0.0,61308378.12,786265517814.78,,,,
Asm,M3,CZ06,cDXHP,0.0,3430328.24,848843628932.11,0.0,3430328.24,848843628932.11,,,,
Asm,M3,CZ07,cDXHP,0.0,202943.1,849326114523.18,0.0,202943.1,849326114523.18,,,,
Asm,M3,CZ08,cDXHP,0.0,4582735.13,908872192617.34,0.0,4582735.13,908872192617.34,,,,
Asm,M3,CZ09,cDXHP,0.0,20654263.95,918914459157.37,0.0,20654263.95,918914459157.37,,,,
Asm,M3,CZ10,cDXHP,0.0,7480512.06,926655047807.33,0.0,7480512.06,926655047807.33,,,,
Asm,M3,CZ11,cDXHP,0.0,650199773.12,923391094997.89,0.0,650199773.12,923391094997.89,,,,
Asm,M3,CZ12,cDXHP,0.0,396818664.75,865196858915.97,0.0,396818664.75,865196858915.97,,,,
Asm,M3,CZ13,cDXHP,0.0,240652875.55,952494992997.19,0.0,240652875.55,952494992997.19,,,,
Asm,M3,CZ14,cDXHP,0.0,241170673.57,942287491282.57,0.0,241170673.57,942287491282.57,,,,
Asm,M3,CZ15,cDXHP,0.0,4338356.21,1142843436899.53,0.0,4338356.21,1142843436899.53,,,,
Asm,M3,CZ16,cDXHP,0.0,2676271504.55,777288492656.06,0.0,2676271504.55,777288492656.06,,,,
Asm,M3,CZ01,cPTAC,0.0,0.0,689067215552.05,0.0,0.0,689067215552.05,,,,
Asm,M3,CZ02,cPTAC,0.0,0.0,797192501083.79,0.0,0.0,797192501083.79,,,,
Asm,M3,CZ03,cPTAC,0.0,0.0,775892672935.03,0.0,0.0,775892672935.03,,,,
Asm,M3,CZ04,cPTAC,0.0,0.0,875918159057.01,0.0,0.0,875918159057.01,,,,
Asm,M3,CZ05,cPTAC,0.0,0.0,785371303880.22,0.0,0.0,785371303880.22,,,,
Asm,M3,CZ06,cPTAC,0.0,0.0,847544980797.94,0.0,0.0,847544980797.94,,,,
Asm,M3,CZ07,cPTAC,0.0,0.0,848320883935.31,0.0,0.0,848320883935.31,,,,
Asm,M3,CZ08,cPTAC,0.0,0.0,908726327989.52,0.0,0.0,908726327989.52,,,,
Asm,M3,CZ09,cPTAC,0.0,0.0,918994795320.59,0.0,0.0,918994795320.59,,,,
Asm,M3,CZ10,cPTAC,0.0,0.0,926676703403.92,0.0,0.0,926676703403.92,,,,
Asm,M3,CZ11,cPTAC,0.0,0.0,923234109065.31,0.0,0.0,923234109065.31,,,,
Asm,M3,CZ12,cPTAC,0.0,0.0,865004003670.92,0.0,0.0,865004003670.92,,,,
Asm,M3,CZ13,cPTAC,0.0,0.0,952358544056.92,0.0,0.0,952358544056.92,,,,
Asm,M3,CZ14,cPTAC,0.0,0.0,942510941835.89,0.0,0.0,942510941835.89,,,,
Asm,M3,CZ15,cPTAC,0.0,0.0,1142874190891.05,0.0,0.0,1142874190891.05,,,,
Asm,M3,CZ16,cPTAC,0.0,0.0,782688240230.4,0.0,0.0,782688240230.4,,,,
Asm,M3,CZ01,cPVVG,0.0,0.0,0.0,2200569088.47,0.0,683605523676.33,,,,
Asm,M3,CZ02,cPVVG,0.0,0.0,0.0,1684510774.53,0.0,790897830368.91,,,,
Asm,M3,CZ03,cPVVG,0.0,0.0,0.0,433191937.84,0.0,769703534398.97,,,,
Asm,M3,CZ04,cPVVG,0.0,0.0,0.0,1088707056.4,0.0,869026931755.11,,,,
Asm,M3,CZ05,cPVVG,0.0,0.0,0.0,253902994.49,0.0,778987845607.84,,,,
Asm,M3,CZ06,cPVVG,0.0,0.0,0.0,14586293.45,0.0,840774398634.29,,,,
Asm,M3,CZ07,cPVVG,0.0,0.0,0.0,843691.68,0.0,841529824606.1,,,,
Asm,M3,CZ08,cPVVG,0.0,0.0,7668500.95,19477684.94,0.0,901678317215.97,,,,
Asm,M3,CZ09,cPVVG,0.0,0.0,18562152.73,84814662.59,0.0,911755722958.7,,,,
Asm,M3,CZ10,cPVVG,0.0,0.0,13007433.72,30639752.66,0.0,919432831323.65,,,,
Asm,M3,CZ11,cPVVG,0.0,0.0,198394448.14,2535638897.18,0.0,916166905284.08,,,,
Asm,M3,CZ12,cPVVG,0.0,0.0,0.0,1560816292.77,0.0,858353980313.38,,,,
Asm,M3,CZ13,cPVVG,0.0,0.0,317721379.95,963834333.54,0.0,945072676466.27,,,,
Asm,M3,CZ14,cPVVG,0.0,0.0,190867051.52,874255371.09,0.0,934846316052.34,,,,
Asm,M3,CZ15,cPVVG,0.0,0.0,2046676754.66,17210400.68,0.0,1134230484240.57,,,,
Asm,M3,CZ16,cPVVG,0.0,0.0,5300524.24,9472283678.03,0.0,775192750006.32,,,,
Asm,M4,CZ01,cDXGF,0.0,0.0,0.0,1323453830745.17,0.0,51379936602.3,,,,
Asm,M4,CZ02,cDXGF,0.0,0.0,0.0,933731294940.23,0.0,353565304770.72,,,,
Asm,M4,CZ03,cDXGF,0.0,0.0,0.0,588225802223.68,0.0,211316990970.69,,,,
Asm,M4,CZ04,cDXGF,0.0,0.0,0.0,749078348729.72,0.0,578399151232.88,,,,
Asm,M4,CZ05,cDXGF,0.0,0.0,0.0,573139983099.33,0.0,246477828241.9,,,,
Asm,M4,CZ06,cDXGF,0.0,0.0,0.0,148020325397.29,0.0,413494014603.06,,,,
Asm,M4,CZ07,cDXGF,0.0,0.0,0.0,130772183426.12,0.0,421826091143.68,,,,
Asm,M4,CZ08,cDXGF,0.0,0.0,763873.09,190498013969.96,0.0,623194482357.55,,,,
Asm,M4,CZ09,cDXGF,0.0,0.0,2403139.94,253042625475.43,0.0,642638135341.2,,,,
Asm,M4,CZ10,cDXGF,0.0,0.0,2276801.88,275619829493.48,0.0,723876328209.22,,,,
Asm,M4,CZ11,cDXGF,0.0,0.0,53115989.71,774000406935.15,0.0,774888719228.12,,,,
Asm,M4,CZ12,cDXGF,0.0,0.0,0.0,784418810487.82,0.0,554824680235.35,,,,
Asm,M4,CZ13,cDXGF,0.0,0.0,106890851.05,657666997346.45,0.0,816600559504.52,,,,
Asm,M4,CZ14,cDXGF,0.0,0.0,42850647.79,649893939986.9,0.0,795180232499.05,,,,
Asm,M4,CZ15,cDXGF,0.0,0.0,11461312268.26,134459853702.85,0.0,1396101435938.94,,,,
Asm,M4,CZ16,cDXGF,0.0,0.0,1044708.65,1231840299469.14,0.0,296837906062.87,,,,
Asm,M4,CZ01,cDXHP,0.0,0.0,0.0,0.0,318488793718.24,50931958743.59,,,,
Asm,M4,CZ02,cDXHP,0.0,0.0,0.0,0.0,227667008519.22,355531179852.63,,,,
Asm,M4,CZ03,cDXHP,0.0,0.0,0.0,0.0,139821721064.82,211818816264.09,,,,
Asm,M4,CZ04,cDXHP,0.0,0.0,0.0,0.0,185345153999.97,579579380620.35,,,,
Asm,M4,CZ05,cDXHP,0.0,0.0,0.0,0.0,137142762543.58,248221397262.25,,,,
Asm,M4,CZ06,cDXHP,0.0,0.0,0.0,0.0,34470290161.51,398706168693.71,,,,
Asm,M4,CZ07,cDXHP,0.0,0.0,0.0,0.0,30400039549.4,408970970836.15,,,,
Asm,M4,CZ08,cDXHP,0.0,0.0,767003.0,0.0,44868937745.9,622292459608.23,,,,
Asm,M4,CZ09,cDXHP,0.0,0.0,2354500.11,0.0,60415618468.19,642945833974.56,,,,
Asm,M4,CZ10,cDXHP,0.0,0.0,2276800.89,0.0,65977751350.58,723911266113.56,,,,
Asm,M4,CZ11,cDXHP,0.0,0.0,53123587.64,0.0,191123680311.71,775142445326.14,,,,
Asm,M4,CZ12,cDXHP,0.0,0.0,0.0,0.0,191496763610.43,555729455077.86,,,,
Asm,M4,CZ13,cDXHP,0.0,0.0,106961818.9,0.0,161319088887.5,817043144264.14,,,,
Asm,M4,CZ14,cDXHP,0.0,0.0,42866640.34,0.0,166887749613.83,795720206908.37,,,,
Asm,M4,CZ15,cDXHP,0.0,0.0,11461312268.26,0.0,32130420436.55,1396101435938.93,,,,
Asm,M4,CZ16,cDXHP,0.0,0.0,1046464.99,0.0,345795912144.96,302211739363.56,,,,
Asm,M4,CZ01,cPTAC,0.0,0.0,0.0,0.0,0.0,45067825839.5,,,,
Asm,M4,CZ02,cPTAC,0.0,0.0,0.0,0.0,0.0,339520841661.89,,,,
Asm,M4,CZ03,cPTAC,0.0,0.0,0.0,0.0,0.0,205766425040.67,,,,
Asm,M4,CZ04,cPTAC,0.0,0.0,0.0,0.0,0.0,564787131573.98,,,,
Asm,M4,CZ05,cPTAC,0.0,0.0,0.0,0.0,0.0,234756760518.23,,,,
Asm,M4,CZ06,cPTAC,0.0,0.0,0.0,0.0,0.0,410903604381.32,,,,
Asm,M4,CZ07,cPTAC,0.0,0.0,0.0,0.0,0.0,419212039247.98,,,,
Asm,M4,CZ08,cPTAC,0.0,0.0,763873.09,0.0,0.0,618624702814.04,,,,
Asm,M4,CZ09,cPTAC,0.0,0.0,2402985.74,0.0,0.0,637262990307.07,,,,
Asm,M4,CZ10,cPTAC,0.0,0.0,2276798.13,0.0,0.0,717566550819.04,,,,
Asm,M4,CZ11,cPTAC,0.0,0.0,53115813.94,0.0,0.0,766802264034.82,,,,
Asm,M4,CZ12,cPTAC,0.0,0.0,0.0,0.0,0.0,547686735988.22,,,,
Asm,M4,CZ13,cPTAC,0.0,0.0,106890663.0,0.0,0.0,811384195063.68,,,,
Asm,M4,CZ14,cPTAC,0.0,0.0,42850644.32,0.0,0.0,782753703318.4,,,,
Asm,M4,CZ15,cPTAC,0.0,0.0,11461312268.25,0.0,0.0,1392534313292.62,,,,
Asm,M4,CZ16,cPTAC,0.0,0.0,1044708.61,0.0,0.0,289079014100.86,,,,
Asm,M4,CZ01,cPVVG,0.0,0.0,0.0,1544322763833.7,0.0,35152910235.17,,,,
Asm,M4,CZ02,cPVVG,0.0,0.0,0.0,1119657030611.97,0.0,313494647419.06,,,,
Asm,M4,CZ03,cPVVG,0.0,0.0,0.0,736254377707.85,0.0,173114541050.53,,,,
Asm,M4,CZ04,cPVVG,0.0,0.0,0.0,892711196876.19,0.0,526475860179.01,,,,
Asm,M4,CZ05,cPVVG,0.0,0.0,0.0,717953622034.82,0.0,204038038860.15,,,,
Asm,M4,CZ06,cPVVG,0.0,0.0,0.0,216658874386.78,0.0,350288495171.26,,,,
Asm,M4,CZ07,cPVVG,0.0,0.0,0.0,195040294230.97,0.0,354520364271.83,,,,
Asm,M4,CZ08,cPVVG,0.0,0.0,355069.24,264106951782.45,0.0,561996716276.73,,,,
Asm,M4,CZ09,cPVVG,0.0,0.0,1020528.1,333565942267.44,0.0,577679140006.45,,,,
Asm,M4,CZ10,cPVVG,0.0,0.0,858571.44,353820316940.88,0.0,661541917673.87,,,,
Asm,M4,CZ11,cPVVG,0.0,0.0,18040651.59,929387375677.31,0.0,722195619058.19,,,,
Asm,M4,CZ12,cPVVG,0.0,0.0,0.0,951615823045.0,0.0,507186665041.69,,,,
Asm,M4,CZ13,cPVVG,0.0,0.0,46046298.23,801852314859.36,0.0,762378544571.06,,,,
Asm,M4,CZ14,cPVVG,0.0,0.0,19280627.22,835161103952.52,0.0,732039913863.81,,,,
Asm,M4,CZ15,cPVVG,0.0,0.0,7486486125.03,186496740105.32,0.0,1326672299713.77,,,,
Asm,M4,CZ16,cPVVG,0.0,0.0,565702.33,1572012845065.46,0.0,246053973172.39,,,,
Asm,M5,CZ01,cDXGF,2513540691.39,0.0,372783911115.21,2513540691.39,0.0,372783911115.21,,,,
Asm,M5,CZ02,cDXGF,1887340360.16,0.0,608371908986.31,1887340360.16,0.0,609620832857.89,,,,
Asm,M5,CZ03,cDXGF,479875179.98,0.0,535940645237.21,479875179.98,0.0,536276799777.18,,,,
Asm,M5,CZ04,cDXGF,1199465122.54,0.0,729226987618.7,1199465122.54,0.0,736055829009.46,,,,
Asm,M5,CZ05,cDXGF,280294780.4,0.0,551445176027.27,280294780.4,0.0,552143180292.58,,,,
Asm,M5,CZ06,cDXGF,15834826.0,0.0,699195932905.62,15834826.0,0.0,701034384379.89,,,,
Asm,M5,CZ07,cDXGF,916795.66,0.0,703945572531.19,916795.66,0.0,705423943974.33,,,,
Asm,M5,CZ08,cDXGF,20983030.53,0.0,831275061656.08,20983030.53,0.0,836470110503.77,,,,
Asm,M5,CZ09,cDXGF,92905835.31,0.0,816792331975.85,92905835.31,0.0,824575948651.01,,,,
Asm,M5,CZ10,cDXGF,33669838.71,0.0,851004765224.84,33669838.71,0.0,859049150141.91,,,,
Asm,M5,CZ11,cDXGF,2799069414.15,0.0,826838613159.56,2799069414.15,0.0,843798534903.83,,,,
Asm,M5,CZ12,cDXGF,1733007020.23,0.0,735607756604.24,1733007020.23,0.0,737043838112.66,,,,
Asm,M5,CZ13,cDXGF,1053620141.49,0.0,872691513228.31,1053620141.49,0.0,883210801232.84,,,,
Asm,M5,CZ14,cDXGF,975245417.39,0.0,810693873918.8,975245417.39,0.0,811968362148.81,,,,
Asm,M5,CZ15,cDXGF,18755450.13,0.0,1094699066986.66,18755450.13,0.0,1264705928468.47,,,,
Asm,M5,CZ16,cDXGF,10541149689.94,0.0,483061773645.98,10541149689.94,0.0,483061773645.98,,,,
Asm,M5,CZ01,cDXHP,0.0,683917700.13,443413339661.76,0.0,683917700.13,443413339661.76,,,,
Asm,M5,CZ02,cDXHP,0.0,530895733.66,624306517565.67,0.0,530895733.66,624306517565.67,,,,
Asm,M5,CZ03,cDXHP,0.0,120091432.35,582372808732.45,0.0,120091432.35,582372808732.45,,,,
Asm,M5,CZ04,cDXHP,0.0,340531864.61,732342345056.73,0.0,340531864.61,737293211393.14,,,,
Asm,M5,CZ05,cDXHP,0.0,71506833.8,597924527699.86,0.0,71506833.8,597924527699.86,,,,
Asm,M5,CZ06,cDXHP,0.0,3881279.41,749199754954.96,0.0,3881279.41,749199754954.96,,,,
Asm,M5,CZ07,cDXHP,0.0,231496.63,745564577710.1,0.0,231496.63,745564577710.1,,,,
Asm,M5,CZ08,cDXHP,0.0,5148961.72,839714245177.69,0.0,5148961.72,842132417938.4,,,,
Asm,M5,CZ09,cDXHP,0.0,23776453.73,819142819849.59,0.0,23776453.73,826181600132.71,,,,
Asm,M5,CZ10,cDXHP,0.0,8665495.66,851094258119.28,0.0,8665495.66,859119051255.58,,,,
Asm,M5,CZ11,cDXHP,0.0,777691446.28,826898234982.26,0.0,777691446.28,843858156740.12,,,,
Asm,M5,CZ12,cDXHP,0.0,477142640.68,737853749914.06,0.0,477142640.68,739306280532.7,,,,
Asm,M5,CZ13,cDXHP,0.0,281333333.48,872902506226.76,0.0,281333333.48,883421794276.94,,,,
Asm,M5,CZ14,cDXHP,0.0,303175932.69,810207766270.32,0.0,303175932.69,811284355395.06,,,,
Asm,M5,CZ15,cDXHP,0.0,4972601.21,1094699043546.08,0.0,4972601.21,1264705905027.89,,,,
Asm,M5,CZ16,cDXHP,0.0,3445172754.46,542181849360.63,0.0,3445172754.46,542181849360.63,,,,
Asm,M5,CZ01,cPTAC,0.0,0.0,372020969806.29,0.0,0.0,372020969806.29,,,,
Asm,M5,CZ02,cPTAC,0.0,0.0,607729839216.21,0.0,0.0,608978763087.79,,,,
Asm,M5,CZ03,cPTAC,0.0,0.0,535718290330.77,0.0,0.0,536054444870.74,,,,
Asm,M5,CZ04,cPTAC,0.0,0.0,728801489017.08,0.0,0.0,735630330407.85,,,,
Asm,M5,CZ05,cPTAC,0.0,0.0,551310403453.64,0.0,0.0,552008407718.95,,,,
Asm,M5,CZ06,cPTAC,0.0,0.0,699181321198.15,0.0,0.0,701019772672.42,,,,
Asm,M5,CZ07,cPTAC,0.0,0.0,703942079105.13,0.0,0.0,705420450548.28,,,,
Asm,M5,CZ08,cPTAC,0.0,0.0,831256141719.38,0.0,0.0,836451190567.06,,,,
Asm,M5,CZ09,cPTAC,0.0,0.0,816733954915.98,0.0,0.0,824517571591.14,,,,
Asm,M5,CZ10,cPTAC,0.0,0.0,850968905679.1,0.0,0.0,859013290596.17,,,,
Asm,M5,CZ11,cPTAC,0.0,0.0,816274765857.21,0.0,0.0,833234687601.48,,,,
Asm,M5,CZ12,cPTAC,0.0,0.0,735071358355.83,0.0,0.0,736507439864.25,,,,
Asm,M5,CZ13,cPTAC,0.0,0.0,872331311607.51,0.0,0.0,882850599612.05,,,,
Asm,M5,CZ14,cPTAC,0.0,0.0,810358846051.55,0.0,0.0,811633334281.57,,,,
Asm,M5,CZ15,cPTAC,0.0,0.0,1094678941760.22,0.0,0.0,1264685803242.03,,,,
Asm,M5,CZ16,cPTAC,0.0,0.0,473408326854.22,0.0,0.0,473408326854.22,,,,
Asm,M5,CZ01,cPVVG,0.0,0.0,0.0,2576705320.83,0.0,369013606968.85,,,,
Asm,M5,CZ02,cPVVG,0.0,0.0,0.0,1942199727.56,0.0,604098895372.53,,,,
Asm,M5,CZ03,cPVVG,0.0,0.0,0.0,495174257.99,0.0,531145571483.86,,,,
Asm,M5,CZ04,cPVVG,0.0,0.0,0.0,1238447759.23,0.0,729696353815.96,,,,
Asm,M5,CZ05,cPVVG,0.0,0.0,0.0,288971683.79,0.0,546800887908.45,,,,
Asm,M5,CZ06,cPVVG,0.0,0.0,0.0,16486937.9,0.0,694213050570.16,,,,
Asm,M5,CZ07,cPVVG,0.0,0.0,0.0,955200.45,0.0,698557412344.8,,,,
Asm,M5,CZ08,cPVVG,0.0,0.0,7348621.14,21829238.65,0.0,828909310531.24,,,,
Asm,M5,CZ09,cPVVG,0.0,0.0,17503125.51,96176754.83,0.0,817105591098.71,,,,
Asm,M5,CZ10,cPVVG,0.0,0.0,15092092.56,34914659.29,0.0,851397390947.85,,,,
Asm,M5,CZ11,cPVVG,0.0,0.0,206863786.75,2893426690.32,0.0,836811543015.15,,,,
Asm,M5,CZ12,cPVVG,0.0,0.0,0.0,1787994649.62,0.0,730622697824.58,,,,
Asm,M5,CZ13,cPVVG,0.0,0.0,311816650.42,1089891798.8,0.0,875774192880.1,,,,
Asm,M5,CZ14,cPVVG,0.0,0.0,164613898.21,1009002913.25,0.0,804619561070.31,,,,
Asm,M5,CZ15,cPVVG,0.0,0.0,3012123628.54,19548948.75,0.0,1255707376628.94,,,,
Asm,M5,CZ16,cPVVG,0.0,0.0,4158116.99,10964863879.52,0.0,477760875274.5,,,,
ECC,M1,CZ01,cDXGF,126914443642.13,0.0,87319666.57,780791617267.35,0.0,31025799563.65,,,,
ECC,M1,CZ02,cDXGF,166344857223.37,0.0,17093004903.19,602208501026.34,0.0,577994653768.93,,,,
ECC,M1,CZ03,cDXGF,75599903308.27,0.0,4799109713.58,311849032902.84,0.0,250009811498.47,,,,
ECC,M1,CZ04,cDXGF,140823034361.14,0.0,50152353193.04,495150323508.75,0.0,956687133639.4,,,,
ECC,M1,CZ05,cDXGF,50782966850.97,0.0,6055305929.49,289950917116.01,0.0,352472337403.35,,,,
ECC,M1,CZ06,cDXGF,1408737176.92,0.0,12292646285.75,52566599191.85,0.0,714155881562.1,,,,
ECC,M1,CZ07,cDXGF,0.0,0.0,12534853786.83,47219034112.32,0.0,760993806860.15,,,,
ECC,M1,CZ08,cDXGF,2540122238.38,0.0,35717137855.67,72737593859.08,0.0,1189934629213.76,,,,
ECC,M1,CZ09,cDXGF,16663556729.66,0.0,47522980145.38,110699259428.15,0.0,1183649320699.67,,,,
ECC,M1,CZ10,cDXGF,16825117513.29,0.0,56676487142.67,140433669572.28,0.0,1325485314283.24,,,,
ECC,M1,CZ11,cDXGF,200211095744.15,0.0,118491236432.85,563690057095.33,0.0,1374198489456.83,,,,
ECC,M1,CZ12,cDXGF,196704023840.03,0.0,49786931667.35,552700967110.27,0.0,943706771270.03,,,,
ECC,M1,CZ13,cDXGF,178188173597.99,0.0,124211412459.61,435445077946.11,0.0,1446934579056.26,,,,
ECC,M1,CZ14,cDXGF,111711805507.66,0.0,93628579849.48,397415881539.5,0.0,1374142910912.01,,,,
ECC,M1,CZ15,cDXGF,6870545014.39,0.0,293802451778.23,35122420457.93,0.0,2647543605955.57,,,,
ECC,M1,CZ16,cDXGF,262292341116.23,0.0,11625200420.91,988957345409.17,0.0,441177672682.54,,,,
ECC,M1,CZ01,cDXHP,0.0,33587535870.29,88062280.6,0.0,195963550220.06,29818729996.55,,,,
ECC,M1,CZ02,cDXHP,0.0,44560538922.42,17286290417.0,0.0,156137256056.48,578291204871.6,,,,
ECC,M1,CZ03,cDXHP,0.0,19091579855.85,4858399885.36,0.0,76499205247.18,249047822277.25,,,,
ECC,M1,CZ04,cDXHP,0.0,38664252753.77,50700744839.35,0.0,132228148609.26,965592368277.83,,,,
ECC,M1,CZ05,cDXHP,0.0,12966231488.82,6184563842.37,0.0,72488589681.21,353179477294.21,,,,
ECC,M1,CZ06,cDXHP,0.0,347325701.76,12449477026.93,0.0,12491998890.24,694311150461.7,,,,
ECC,M1,CZ07,cDXHP,0.0,0.0,12668796197.53,0.0,11210510032.99,745286442738.95,,,,
ECC,M1,CZ08,cDXHP,0.0,632907281.79,35883040369.11,0.0,17802979422.52,1185710637637.68,,,,
ECC,M1,CZ09,cDXHP,0.0,4295262951.07,47654222581.99,0.0,27537742914.58,1182823643633.56,,,,
ECC,M1,CZ10,cDXHP,0.0,4294773245.02,56734125461.93,0.0,35143740422.9,1325498500760.97,,,,
ECC,M1,CZ11,cDXHP,0.0,55430002685.32,119266002487.57,0.0,147620495746.18,1382329033511.08,,,,
ECC,M1,CZ12,cDXHP,0.0,52239876360.94,50148546260.63,0.0,142688746035.12,946143738073.88,,,,
ECC,M1,CZ13,cDXHP,0.0,47173465042.58,124772022692.17,0.0,112496429170.95,1451968476866.2,,,,
ECC,M1,CZ14,cDXHP,0.0,33018597483.77,94487477802.32,0.0,111343317439.06,1387839310351.47,,,,
ECC,M1,CZ15,cDXHP,0.0,1809018373.24,293866695745.16,0.0,8816153796.19,2648000359288.78,,,,
ECC,M1,CZ16,cDXHP,0.0,81611954062.55,11728635988.04,0.0,295796500891.84,447659511697.83,,,,
ECC,M1,CZ01,cPTAC,0.0,0.0,83850965.7,0.0,0.0,29977370807.57,,,,
ECC,M1,CZ02,cPTAC,0.0,0.0,17007212263.18,0.0,0.0,573723126887.92,,,,
ECC,M1,CZ03,cPTAC,0.0,0.0,4793451192.4,0.0,0.0,249070917840.22,,,,
ECC,M1,CZ04,cPTAC,0.0,0.0,50075997041.1,0.0,0.0,951089886873.01,,,,
ECC,M1,CZ05,cPTAC,0.0,0.0,6032955631.56,0.0,0.0,348726484124.78,,,,
ECC,M1,CZ06,cPTAC,0.0,0.0,12286251560.87,0.0,0.0,713524182759.14,,,,
ECC,M1,CZ07,cPTAC,0.0,0.0,12530380511.78,0.0,0.0,760420278731.29,,,,
ECC,M1,CZ08,cPTAC,0.0,0.0,35694621744.94,0.0,0.0,1188383704990.75,,,,
ECC,M1,CZ09,cPTAC,0.0,0.0,47505462451.8,0.0,0.0,1181756568173.25,,,,
ECC,M1,CZ10,cPTAC,0.0,0.0,56640974074.63,0.0,0.0,1322983787063.94,,,,
ECC,M1,CZ11,cPTAC,0.0,0.0,118459163139.19,0.0,0.0,1371383598384.37,,,,
ECC,M1,CZ12,cPTAC,0.0,0.0,49758723166.86,0.0,0.0,941641212506.53,,,,
ECC,M1,CZ13,cPTAC,0.0,0.0,124203096194.9,0.0,0.0,1445823840032.01,,,,
ECC,M1,CZ14,cPTAC,0.0,0.0,93588731912.61,0.0,0.0,1370542873750.42,,,,
ECC,M1,CZ15,cPTAC,0.0,0.0,293791693251.91,0.0,0.0,2646743247044.61,,,,
ECC,M1,CZ16,cPTAC,0.0,0.0,11618144843.11,0.0,0.0,438716576355.02,,,,
ECC,M1,CZ01,cPVVG,159705672307.49,0.0,56786116.64,1148762426992.12,0.0,48048703803.53,,,,
ECC,M1,CZ02,cPVVG,220213026262.26,0.0,13196998834.08,891147155174.8,0.0,553672024255.97,,,,
ECC,M1,CZ03,cPVVG,103513832593.47,0.0,3635291318.83,496140490490.17,0.0,272310728982.71,,,,
ECC,M1,CZ04,cPVVG,192779655294.59,0.0,40895810388.43,739706672756.74,0.0,915755136610.38,,,,
ECC,M1,CZ05,cPVVG,72946983463.96,0.0,5044834146.06,478277266411.53,0.0,357390566611.87,,,,
ECC,M1,CZ06,cPVVG,2103882191.25,0.0,9515853682.43,104763622190.64,0.0,714193358808.37,,,,
ECC,M1,CZ07,cPVVG,0.0,0.0,9265394582.22,97169088610.55,0.0,736206752496.29,,,,
ECC,M1,CZ08,cPVVG,3881764009.9,0.0,26296420981.3,133298323701.36,0.0,1137006176790.26,,,,
ECC,M1,CZ09,cPVVG,25469723579.9,0.0,34961211883.31,195752022686.74,0.0,1124399276214.44,,,,
ECC,M1,CZ10,cPVVG,28059580697.39,0.0,43210973041.2,243634901432.0,0.0,1258991018610.85,,,,
ECC,M1,CZ11,cPVVG,264613419625.21,0.0,95887444286.51,837572879245.24,0.0,1303639281963.12,,,,
ECC,M1,CZ12,cPVVG,263640505334.75,0.0,39963112172.28,818624785919.24,0.0,907590089198.38,,,,
ECC,M1,CZ13,cPVVG,250347202935.56,0.0,98985471626.58,672248141604.69,0.0,1375031021907.14,,,,
ECC,M1,CZ14,cPVVG,151455499174.25,0.0,72987051920.87,603957055271.44,0.0,1303323742805.1,,,,
ECC,M1,CZ15,cPVVG,10795384313.19,0.0,237126790039.67,69183389940.46,0.0,2507353839405.69,,,,
ECC,M1,CZ16,cPVVG,345402358968.82,0.0,7392779102.64,1435963806497.12,0.0,422163107239.93,,,,
ECC,M2,CZ01,cDXGF,8034084238.49,0.0,6036259088.52,17512690054.8,0.0,1253997182916.15,,,,
ECC,M2,CZ02,cDXGF,12048172993.79,0.0,28649688446.01,21215173793.31,0.0,1597830631114.27,,,,
ECC,M2,CZ03,cDXGF,4466372005.48,0.0,22962224561.57,9061166817.33,0.0,1527356213185.2,,,,
ECC,M2,CZ04,cDXGF,6681626937.49,0.0,54652252150.62,11951273250.2,0.0,1810474988426.01,,,,
ECC,M2,CZ05,cDXGF,2300911034.37,0.0,29325300403.47,5463848826.62,0.0,1567724400304.15,,,,
ECC,M2,CZ06,cDXGF,34737797.6,0.0,42125850772.14,703816517.73,0.0,1742432302657.44,,,,
ECC,M2,CZ07,cDXGF,0.0,0.0,39767708881.99,473919476.69,0.0,1739235340896.35,,,,
ECC,M2,CZ08,cDXGF,46600991.2,0.0,64813892583.12,992508626.45,0.0,1960338890553.16,,,,
ECC,M2,CZ09,cDXGF,408880067.1,0.0,76636816054.36,2051165069.62,0.0,1986555774674.58,,,,
ECC,M2,CZ10,cDXGF,476211143.54,0.0,69699755422.0,2747780834.05,0.0,1983073762168.06,,,,
ECC,M2,CZ11,cDXGF,14469553999.43,0.0,111766892438.97,21908176595.18,0.0,1977193433672.74,,,,
ECC,M2,CZ12,cDXGF,11629041775.6,0.0,56116179433.79,18024757711.16,0.0,1780207856558.19,,,,
ECC,M2,CZ13,cDXGF,8540992051.84,0.0,115769979592.56,13167645342.27,0.0,2059485500424.83,,,,
ECC,M2,CZ14,cDXGF,4211073397.14,0.0,94351772380.35,7923473079.07,0.0,2012687746881.28,,,,
ECC,M2,CZ15,cDXGF,81427327.91,0.0,233203003362.65,416432413.93,0.0,2626892392394.62,,,,
ECC,M2,CZ16,cDXGF,17365216782.14,0.0,39160996094.97,33033978835.42,0.0,1583591265117.42,,,,
ECC,M2,CZ01,cDXHP,0.0,2225027225.61,6050212064.43,0.0,4605247342.24,1251549345641.14,,,,
ECC,M2,CZ02,cDXHP,0.0,3284874805.34,28805458334.67,0.0,5664642091.9,1597413703098.11,,,,
ECC,M2,CZ03,cDXHP,0.0,1146535722.19,23098657324.77,0.0,2246381149.2,1523792623969.23,,,,
ECC,M2,CZ04,cDXHP,0.0,1821973215.83,54853473552.33,0.0,3250843761.02,1808143465393.25,,,,
ECC,M2,CZ05,cDXHP,0.0,590900167.11,29613372645.56,0.0,1384879475.24,1565281525926.82,,,,
ECC,M2,CZ06,cDXHP,0.0,8665068.6,42455300883.08,0.0,161533401.23,1747237148653.18,,,,
ECC,M2,CZ07,cDXHP,0.0,0.0,40032040971.57,0.0,108914956.67,1740857508904.35,,,,
ECC,M2,CZ08,cDXHP,0.0,11754145.12,64993235171.9,0.0,239058468.55,1962491236232.06,,,,
ECC,M2,CZ09,cDXHP,0.0,106896869.33,76745288793.88,0.0,507727073.43,1987871725451.9,,,,
ECC,M2,CZ10,cDXHP,0.0,122642195.28,69732067545.57,0.0,681160722.56,1983607661989.62,,,,
ECC,M2,CZ11,cDXHP,0.0,4038238109.74,112012400276.05,0.0,5958453451.62,1975659362708.17,,,,
ECC,M2,CZ12,cDXHP,0.0,3111661675.1,56274904653.02,0.0,4742983491.57,1778728667168.07,,,,
ECC,M2,CZ13,cDXHP,0.0,2268361641.41,115903898551.16,0.0,3446034871.76,2058851193658.6,,,,
ECC,M2,CZ14,cDXHP,0.0,1288978394.07,94596945707.1,0.0,2397844744.11,2011387552235.82,,,,
ECC,M2,CZ15,cDXHP,0.0,21911486.94,233235763364.39,0.0,103648589.97,2626862658453.98,,,,
ECC,M2,CZ16,cDXHP,0.0,5498474242.35,39227166504.53,0.0,10320501136.96,1583345437559.46,,,,
ECC,M2,CZ01,cPTAC,0.0,0.0,6028908029.47,0.0,0.0,1252406705117.97,,,,
ECC,M2,CZ02,cPTAC,0.0,0.0,28645845337.36,0.0,0.0,1596254322292.26,,,,
ECC,M2,CZ03,cPTAC,0.0,0.0,22960138803.11,0.0,0.0,1526622251941.47,,,,
ECC,M2,CZ04,cPTAC,0.0,0.0,54644733978.04,0.0,0.0,1809622324945.34,,,,
ECC,M2,CZ05,cPTAC,0.0,0.0,29322660899.81,0.0,0.0,1567286482639.65,,,,
ECC,M2,CZ06,cPTAC,0.0,0.0,42119969068.78,0.0,0.0,1742342159465.42,,,,
ECC,M2,CZ07,cPTAC,0.0,0.0,39767506658.3,0.0,0.0,1739175713205.75,,,,
ECC,M2,CZ08,cPTAC,0.0,0.0,64812452396.78,0.0,0.0,1960195129132.08,,,,
ECC,M2,CZ09,cPTAC,0.0,0.0,76635747604.12,0.0,0.0,1986332561823.2,,,,
ECC,M2,CZ10,cPTAC,0.0,0.0,69698204743.29,0.0,0.0,1982744678133.55,,,,
ECC,M2,CZ11,cPTAC,0.0,0.0,111763240574.51,0.0,0.0,1975681229491.05,,,,
ECC,M2,CZ12,cPTAC,0.0,0.0,56115880176.81,0.0,0.0,1778953780439.3,,,,
ECC,M2,CZ13,cPTAC,0.0,0.0,115770180551.96,0.0,0.0,2058601174174.54,,,,
ECC,M2,CZ14,cPTAC,0.0,0.0,94349826592.87,0.0,0.0,2012174250759.01,,,,
ECC,M2,CZ15,cPTAC,0.0,0.0,233201942624.18,0.0,0.0,2626842964889.82,,,,
ECC,M2,CZ16,cPTAC,0.0,0.0,39138997677.82,0.0,0.0,1581085740708.51,,,,
ECC,M2,CZ01,cPVVG,29026395286.68,0.0,4401697618.12,49632486883.77,0.0,1111222309147.27,,,,
ECC,M2,CZ02,cPVVG,42940335031.16,0.0,21681872336.95,63008224478.68,0.0,1424707479679.95,,,,
ECC,M2,CZ03,cPVVG,18972888370.43,0.0,17311172512.35,28859698680.31,0.0,1358684079278.1,,,,
ECC,M2,CZ04,cPVVG,34343661554.5,0.0,40715775036.8,47029745721.42,0.0,1628501803287.18,,,,
ECC,M2,CZ05,cPVVG,12422310102.14,0.0,22695576896.3,19178832915.36,0.0,1398068669548.65,,,,
ECC,M2,CZ06,cPVVG,182493888.68,0.0,33092381759.24,1570853436.72,0.0,1589474241227.29,,,,
ECC,M2,CZ07,cPVVG,0.0,0.0,30914746048.54,1097332212.78,0.0,1578445110117.98,,,,
ECC,M2,CZ08,cPVVG,279810468.33,0.0,49122166721.99,2276449350.37,0.0,1787013802011.62,,,,
ECC,M2,CZ09,cPVVG,2502718159.38,0.0,57201823786.25,6233340506.0,0.0,1799545828914.62,,,,
ECC,M2,CZ10,cPVVG,3169807477.08,0.0,51178693499.42,8264876734.09,0.0,1796828186835.55,,,,
ECC,M2,CZ11,cPVVG,52565544659.71,0.0,81240870855.71,70439546349.31,0.0,1773002446304.43,,,,
ECC,M2,CZ12,cPVVG,50062707737.95,0.0,41287095605.89,64884868043.63,0.0,1602157020350.77,,,,
ECC,M2,CZ13,cPVVG,45380219844.09,0.0,83200029677.66,55633863182.76,0.0,1859635174304.78,,,,
ECC,M2,CZ14,cPVVG,23498602679.61,0.0,66457065931.17,32670238919.3,0.0,1808930311546.21,,,,
ECC,M2,CZ15,cPVVG,761870875.4,0.0,166421758030.59,1439499696.77,0.0,2403354186430.69,,,,
ECC,M2,CZ16,cPVVG,60062076748.8,0.0,27528340950.07,101748129668.04,0.0,1380123773793.46,,,,
ECC,M3,CZ01,cDXGF,72811156751.19,0.0,1079024691118.65,72811156751.19,0.0,1086217745912.89,,,,
ECC,M3,CZ02,cDXGF,95613163767.19,0.0,1408979867919.3,95613163767.19,0.0,1408979867919.3,,,,
ECC,M3,CZ03,cDXGF,46026533401.22,0.0,1340894399390.62,46026533401.22,0.0,1340915098558.94,,,,
ECC,M3,CZ04,cDXGF,78416085214.04,0.0,1615257816476.36,78416085214.04,0.0,1615257816476.36,,,,
ECC,M3,CZ05,cDXGF,33587866944.65,0.0,1372714839957.58,33587866944.65,0.0,1372714839957.58,,,,
ECC,M3,CZ06,cDXGF,3028918414.42,0.0,1546549337194.05,3028918414.42,0.0,1565399889691.95,,,,
ECC,M3,CZ07,cDXGF,2196068170.66,0.0,1554521961908.19,2196068170.66,0.0,1558493770518.64,,,,
ECC,M3,CZ08,cDXGF,4581966369.61,0.0,1771649334226.45,4581966369.61,0.0,1771649334226.45,,,,
ECC,M3,CZ09,cDXGF,12313723032.58,0.0,1784753444422.21,12313723032.58,0.0,1784753444422.21,,,,
ECC,M3,CZ10,cDXGF,16555231712.2,0.0,1788700319405.22,16555231712.2,0.0,1788700319405.22,,,,
ECC,M3,CZ11,cDXGF,109483082228.14,0.0,1759052961213.83,109483082228.14,0.0,1759052961213.83,,,,
ECC,M3,CZ12,cDXGF,102932277117.98,0.0,1590191115421.07,102932277117.98,0.0,1590191115421.07,,,,
ECC,M3,CZ13,cDXGF,93392287472.58,0.0,1848071986386.35,93392287472.58,0.0,1848071986386.35,,,,
ECC,M3,CZ14,cDXGF,56275730176.28,0.0,1799309207789.89,56275730176.28,0.0,1799399330797.6,,,,
ECC,M3,CZ15,cDXGF,4337590888.39,0.0,2402084018611.25,4337590888.39,0.0,2402084018611.25,,,,
ECC,M3,CZ16,cDXGF,159664906393.24,0.0,1337014304039.95,159664906393.24,0.0,1339097316664.6,,,,
ECC,M3,CZ01,cDXHP,0.0,18699769677.96,1088383476463.4,0.0,18699769677.96,1088383476463.4,,,,
ECC,M3,CZ02,cDXHP,0.0,24897534579.25,1411544332905.61,0.0,24897534579.25,1411544332905.61,,,,
ECC,M3,CZ03,cDXHP,0.0,11391552748.33,1346495558206.97,0.0,11391552748.33,1346495558206.97,,,,
ECC,M3,CZ04,cDXHP,0.0,20691897209.37,1618876355626.45,0.0,20691897209.37,1618876355626.45,,,,
ECC,M3,CZ05,cDXHP,0.0,8401389392.96,1378779588327.92,0.0,8401389392.96,1378779588327.92,,,,
ECC,M3,CZ06,cDXHP,0.0,719121859.98,1574975691216.76,0.0,719121859.98,1574975691216.76,,,,
ECC,M3,CZ07,cDXHP,0.0,520798733.86,1565657121064.05,0.0,520798733.86,1565657121064.05,,,,
ECC,M3,CZ08,cDXHP,0.0,1123936399.69,1774464210973.46,0.0,1123936399.69,1774464210973.46,,,,
ECC,M3,CZ09,cDXHP,0.0,3099635448.37,1786154601191.5,0.0,3099635448.37,1786154601191.5,,,,
ECC,M3,CZ10,cDXHP,0.0,4160337057.15,1788664099699.83,0.0,4160337057.15,1788664099699.83,,,,
ECC,M3,CZ11,cDXHP,0.0,29011746877.14,1763002657538.25,0.0,29011746877.14,1763002657538.25,,,,
ECC,M3,CZ12,cDXHP,0.0,26657012579.35,1593229075866.56,0.0,26657012579.35,1593229075866.56,,,,
ECC,M3,CZ13,cDXHP,0.0,24199246803.98,1850950904091.41,0.0,24199246803.98,1850950904091.41,,,,
ECC,M3,CZ14,cDXHP,0.0,15547957795.78,1805288459594.13,0.0,15547957795.78,1805288459594.13,,,,
ECC,M3,CZ15,cDXHP,0.0,1116085237.15,2402318999001.08,0.0,1116085237.15,2402318999001.08,,,,
ECC,M3,CZ16,cDXHP,0.0,46997702427.86,1335882481009.97,0.0,46997702427.86,1335882481009.97,,,,
ECC,M3,CZ01,cPTAC,0.0,0.0,1076871103525.02,0.0,0.0,1084064121737.19,,,,
ECC,M3,CZ02,cPTAC,0.0,0.0,1406940561235.24,0.0,0.0,1406940561235.24,,,,
ECC,M3,CZ03,cPTAC,0.0,0.0,1339872958831.37,0.0,0.0,1339893657999.7,,,,
ECC,M3,CZ04,cPTAC,0.0,0.0,1614046167725.05,0.0,0.0,1614046167725.05,,,,
ECC,M3,CZ05,cPTAC,0.0,0.0,1372076051931.33,0.0,0.0,1372076051931.33,,,,
ECC,M3,CZ06,cPTAC,0.0,0.0,1546397771397.51,0.0,0.0,1565248321564.41,,,,
ECC,M3,CZ07,cPTAC,0.0,0.0,1554414230898.42,0.0,0.0,1558386039399.13,,,,
ECC,M3,CZ08,cPTAC,0.0,0.0,1771421468306.45,0.0,0.0,1771421468306.45,,,,
ECC,M3,CZ09,cPTAC,0.0,0.0,1784321168516.26,0.0,0.0,1784321168516.26,,,,
ECC,M3,CZ10,cPTAC,0.0,0.0,1788167497651.91,0.0,0.0,1788167497651.91,,,,
ECC,M3,CZ11,cPTAC,0.0,0.0,1757352230920.37,0.0,0.0,1757352230920.37,,,,
ECC,M3,CZ12,cPTAC,0.0,0.0,1588650699437.0,0.0,0.0,1588650699437.0,,,,
ECC,M3,CZ13,cPTAC,0.0,0.0,1846830019955.5,0.0,0.0,1846830019955.5,,,,
ECC,M3,CZ14,cPTAC,0.0,0.0,1798432521444.74,0.0,0.0,1798522644452.45,,,,
ECC,M3,CZ15,cPTAC,0.0,0.0,2402036485651.24,0.0,0.0,2402036485651.24,,,,
ECC,M3,CZ16,cPTAC,0.0,0.0,1333766500226.46,0.0,0.0,1335849511716.23,,,,
ECC,M3,CZ01,cPVVG,41915247171.64,0.0,3638873613.91,75312566818.55,0.0,1076222172054.46,,,,
ECC,M3,CZ02,cPVVG,66557980065.33,0.0,18652185459.88,99030343665.89,0.0,1396717708782.86,,,,
ECC,M3,CZ03,cPVVG,31387268587.08,0.0,14507198012.41,47701774898.89,0.0,1328874091701.4,,,,
ECC,M3,CZ04,cPVVG,58612468472.52,0.0,34194849912.61,81316638979.5,0.0,1601762043492.83,,,,
ECC,M3,CZ05,cPVVG,23032316022.43,0.0,19286700389.27,34798767789.24,0.0,1360420167692.1,,,,
ECC,M3,CZ06,cPVVG,474047234.63,0.0,28633520274.97,3142747660.53,0.0,1552926107419.93,,,,
ECC,M3,CZ07,cPVVG,0.0,0.0,26430739730.63,2279229679.11,0.0,1545820641949.54,,,,
ECC,M3,CZ08,cPVVG,861228062.12,0.0,41925539523.82,4751180631.93,0.0,1757717597847.77,,,,
ECC,M3,CZ09,cPVVG,5825775890.5,0.0,48043485916.97,12791342152.64,0.0,1770231046620.96,,,,
ECC,M3,CZ10,cPVVG,8115729277.6,0.0,42950495581.97,17189682470.65,0.0,1774261504268.54,,,,
ECC,M3,CZ11,cPVVG,82147489039.34,0.0,66431664700.42,113612608207.7,0.0,1744607168878.56,,,,
ECC,M3,CZ12,cPVVG,81434782492.78,0.0,34536218264.1,106743679548.37,0.0,1577115176475.61,,,,
ECC,M3,CZ13,cPVVG,79498922545.01,0.0,67656105035.38,97325855325.85,0.0,1833305094308.78,,,,
ECC,M3,CZ14,cPVVG,41989974279.66,0.0,51649999171.05,58524333969.98,0.0,1784272338087.97,,,,
ECC,M3,CZ15,cPVVG,3295209523.18,0.0,134331625995.46,4514327042.5,0.0,2384264287050.09,,,,
ECC,M3,CZ16,cPVVG,95636366297.17,0.0,21238973081.28,166541825923.61,0.0,1325487094063.09,,,,
ECC,M4,CZ01,cDXGF,126898404466.54,0.0,380024812.58,780579635372.74,0.0,286921328637.31,,,,
ECC,M4,CZ02,cDXGF,166344228496.89,0.0,19097215816.52,602095638525.03,0.0,854878183315.38,,,,
ECC,M4,CZ03,cDXGF,75599702511.15,0.0,7672311246.03,311764568035.26,0.0,678236436356.05,,,,
ECC,M4,CZ04,cDXGF,140822587368.75,0.0,52318528831.63,495059537141.9,0.0,1216168453352.64,,,,
ECC,M4,CZ05,cDXGF,50782936522.8,0.0,11560949508.53,289865149094.47,0.0,736611912501.0,,,,
ECC,M4,CZ06,cDXGF,1408734993.97,0.0,16478541818.09,52531466278.19,0.0,1120684667180.55,,,,
ECC,M4,CZ07,cDXGF,0.0,0.0,15392745985.92,47179976017.55,0.0,1115934073494.49,,,,
ECC,M4,CZ08,cDXGF,2540122225.43,0.0,39724037552.61,72693281529.93,0.0,1478824036832.4,,,,
ECC,M4,CZ09,cDXGF,16663606922.72,0.0,51784444012.51,110653524661.12,0.0,1481457376810.49,,,,
ECC,M4,CZ10,cDXGF,16825090427.82,0.0,60195522251.61,140391865329.78,0.0,1581275489165.68,,,,
ECC,M4,CZ11,cDXGF,200205223873.91,0.0,121865186072.88,563621407024.59,0.0,1590730063904.82,,,,
ECC,M4,CZ12,cDXGF,196703014812.56,0.0,52417500848.06,552628361834.8,0.0,1208960599568.4,,,,
ECC,M4,CZ13,cDXGF,178179574217.89,0.0,127654374539.16,435373871971.47,0.0,1680797476143.14,,,,
ECC,M4,CZ14,cDXGF,111711321854.21,0.0,96859816135.37,397328576876.76,0.0,1607779598924.02,,,,
ECC,M4,CZ15,cDXGF,6870545014.39,0.0,298837850348.37,35095933794.08,0.0,2814108594814.92,,,,
ECC,M4,CZ16,cDXGF,262282554870.47,0.0,17945117732.4,988833204651.33,0.0,756962814548.67,,,,
ECC,M4,CZ01,cDXHP,0.0,33583371948.23,385259287.04,0.0,195917550725.98,276973575766.88,,,,
ECC,M4,CZ02,cDXHP,0.0,44554829233.3,19305720246.88,0.0,156103006040.69,854054581546.02,,,,
ECC,M4,CZ03,cDXHP,0.0,19091528160.29,7758488020.02,0.0,76480069839.22,670155836768.02,,,,
ECC,M4,CZ04,cDXHP,0.0,38664125037.36,52869389528.74,0.0,132205133358.08,1225016940629.84,,,,
ECC,M4,CZ05,cDXHP,0.0,12966225005.49,11741355398.55,0.0,72466830712.19,727066809496.94,,,,
ECC,M4,CZ06,cDXHP,0.0,347325699.18,16659570103.23,0.0,12484617436.13,1095565462167.18,,,,
ECC,M4,CZ07,cDXHP,0.0,0.0,15534447905.65,0.0,11202173384.2,1096540291554.03,,,,
ECC,M4,CZ08,cDXHP,0.0,632907278.63,39898553118.05,0.0,17791750297.37,1474608062129.82,,,,
ECC,M4,CZ09,cDXHP,0.0,4295275290.03,51921583212.22,0.0,27526584798.89,1480792169742.26,,,,
ECC,M4,CZ10,cDXHP,0.0,4294766228.41,60264155602.96,0.0,35133464170.09,1581654869158.77,,,,
ECC,M4,CZ11,cDXHP,0.0,55428525518.6,122646176764.31,0.0,147603760052.97,1599250089647.11,,,,
ECC,M4,CZ12,cDXHP,0.0,52239616882.84,52791187210.43,0.0,142670997169.45,1210891309466.84,,,,
ECC,M4,CZ13,cDXHP,0.0,47171195325.35,128222349140.93,0.0,112478671924.81,1686192087370.86,,,,
ECC,M4,CZ14,cDXHP,0.0,33018459903.63,97729808443.73,0.0,111320590158.03,1622454895782.44,,,,
ECC,M4,CZ15,cDXHP,0.0,1809018373.24,298902538212.54,0.0,8809638956.13,2814576759877.23,,,,
ECC,M4,CZ16,cDXHP,0.0,81607555704.5,18080167862.46,0.0,295760652007.19,765930398989.4,,,,
ECC,M4,CZ01,cPTAC,0.0,0.0,363553978.42,0.0,0.0,272448391753.84,,,,
ECC,M4,CZ02,cPTAC,0.0,0.0,18922740524.51,0.0,0.0,839918119459.62,,,,
ECC,M4,CZ03,cPTAC,0.0,0.0,7632395869.8,0.0,0.0,670784002856.76,,,,
ECC,M4,CZ04,cPTAC,0.0,0.0,52131273950.85,0.0,0.0,1200544061858.66,,,,
ECC,M4,CZ05,cPTAC,0.0,0.0,11456133236.54,0.0,0.0,726138212013.86,,,,
ECC,M4,CZ06,cPTAC,0.0,0.0,16465985137.41,0.0,0.0,1118501440107.07,,,,
ECC,M4,CZ07,cPTAC,0.0,0.0,15382385570.49,0.0,0.0,1113882493762.71,,,,
ECC,M4,CZ08,cPTAC,0.0,0.0,39690596041.32,0.0,0.0,1475272016331.84,,,,
ECC,M4,CZ09,cPTAC,0.0,0.0,51738963394.63,0.0,0.0,1476929783333.53,,,,
ECC,M4,CZ10,cPTAC,0.0,0.0,60133551338.18,0.0,0.0,1575566840952.47,,,,
ECC,M4,CZ11,cPTAC,0.0,0.0,121785501481.7,0.0,0.0,1579679548414.57,,,,
ECC,M4,CZ12,cPTAC,0.0,0.0,52367979033.07,0.0,0.0,1198981095525.03,,,,
ECC,M4,CZ13,cPTAC,0.0,0.0,127630338044.98,0.0,0.0,1673482193788.82,,,,
ECC,M4,CZ14,cPTAC,0.0,0.0,96705197841.64,0.0,0.0,1594579729307.4,,,,
ECC,M4,CZ15,cPTAC,0.0,0.0,298816515871.84,0.0,0.0,2812219233304.48,,,,
ECC,M4,CZ16,cPTAC,0.0,0.0,17871051470.25,0.0,0.0,737913743936.54,,,,
ECC,M4,CZ01,cPVVG,159704594581.03,0.0,156868051.7,1148522023723.95,0.0,195474938077.93,,,,
ECC,M4,CZ02,cPVVG,220212531090.9,0.0,14093052064.55,890953925147.38,0.0,717914047159.69,,,,
ECC,M4,CZ03,cPVVG,103513633059.46,0.0,4902849072.7,496021596508.77,0.0,530120662915.76,,,,
ECC,M4,CZ04,cPVVG,192773881799.39,0.0,41809429516.59,739591875968.9,0.0,1069465163603.86,,,,
ECC,M4,CZ05,cPVVG,72946943043.35,0.0,7792143366.85,478116350956.92,0.0,588084532427.7,,,,
ECC,M4,CZ06,cPVVG,2103884753.82,0.0,11521029455.02,104693173680.17,0.0,957161796068.53,,,,
ECC,M4,CZ07,cPVVG,0.0,0.0,10621448554.15,97106991689.73,0.0,946173873758.43,,,,
ECC,M4,CZ08,cPVVG,3881765124.31,0.0,28193270075.93,133228080860.0,0.0,1308658382124.88,,,,
ECC,M4,CZ09,cPVVG,25472806495.8,0.0,36973153946.47,195679751397.42,0.0,1302749649688.46,,,,
ECC,M4,CZ10,cPVVG,28059555487.55,0.0,44779457754.06,243572250726.03,0.0,1410129967109.1,,,,
ECC,M4,CZ11,cPVVG,264612931685.03,0.0,96900141015.91,837492347066.55,0.0,1430653276449.38,,,,
ECC,M4,CZ12,cPVVG,263639687233.23,0.0,41017439051.96,818530992176.88,0.0,1066627253654.52,,,,
ECC,M4,CZ13,cPVVG,250341738697.18,0.0,100079315386.7,672157056031.04,0.0,1514377006783.65,,,,
ECC,M4,CZ14,cPVVG,151455073643.41,0.0,73989838563.14,603841022494.55,0.0,1441344499596.86,,,,
ECC,M4,CZ15,cPVVG,10795384313.15,0.0,239254204574.05,69138106880.84,0.0,2604144197274.91,,,,
ECC,M4,CZ16,cPVVG,345339311418.38,0.0,10126700141.99,1435749226986.2,0.0,613663251661.83,,,,
ECC,M5,CZ01,cDXGF,92144238624.82,0.0,755942528505.89,92144238624.82,0.0,756355451487.34,,,,
ECC,M5,CZ02,cDXGF,117063297834.66,0.0,1199423279131.98,117063297834.66,0.0,1199572008042.35,,,,
ECC,M5,CZ03,cDXGF,55517542752.21,0.0,1089185981260.91,55517542752.21,0.0,1089229640185.09,,,,
ECC,M5,CZ04,cDXGF,94408572076.83,0.0,1416858266891.24,94408572076.83,0.0,1420173009638.43,,,,
ECC,M5,CZ05,cDXGF,40704451879.24,0.0,1113311338025.68,40704451879.24,0.0,1113910201434.21,,,,
ECC,M5,CZ06,cDXGF,3690687614.27,0.0,1386402180052.38,3690687614.27,0.0,1400895811302.47,,,,
ECC,M5,CZ07,cDXGF,2717912128.83,0.0,1392562311447.19,2717912128.83,0.0,1400473056177.72,,,,
ECC,M5,CZ08,cDXGF,5675491494.24,0.0,1679166495656.97,5675491494.24,0.0,1686255761646.94,,,,
ECC,M5,CZ09,cDXGF,14977854510.15,0.0,1657069962062.85,14977854510.15,0.0,1659400079954.39,,,,
ECC,M5,CZ10,cDXGF,19960013058.1,0.0,1706780745786.02,19960013058.1,0.0,1708727661717.44,,,,
ECC,M5,CZ11,cDXGF,132184892661.72,0.0,1645468809902.49,132184892661.72,0.0,1646148672612.38,,,,
ECC,M5,CZ12,cDXGF,123138647785.31,0.0,1442970615422.24,123138647785.31,0.0,1442970615422.24,,,,
ECC,M5,CZ13,cDXGF,109888377583.19,0.0,1754486702589.97,109888377583.19,0.0,1755714442668.47,,,,
ECC,M5,CZ14,cDXGF,67773123257.19,0.0,1604308991599.39,67773123257.19,0.0,1607163558946.52,,,,
ECC,M5,CZ15,cDXGF,5079199318.87,0.0,2446538844309.96,5079199318.87,0.0,2491242227131.31,,,,
ECC,M5,CZ16,cDXGF,201477441164.84,0.0,1000588054385.06,201477441164.84,0.0,1000588054385.06,,,,
ECC,M5,CZ01,cDXHP,0.0,27038048003.61,846335136651.06,0.0,27760660151.45,846335136651.06,,,,
ECC,M5,CZ02,cDXHP,0.0,34019390733.95,1236828083701.57,0.0,34472933452.78,1236828083701.57,,,,
ECC,M5,CZ03,cDXHP,0.0,14254781253.61,1147162070519.44,0.0,14254781253.61,1147162070519.44,,,,
ECC,M5,CZ04,cDXHP,0.0,27852600034.04,1445214390264.78,0.0,27852600034.04,1445938448106.63,,,,
ECC,M5,CZ05,cDXHP,0.0,11022269610.3,1184981255986.84,0.0,11022269610.3,1184981255986.84,,,,
ECC,M5,CZ06,cDXHP,0.0,865076613.13,1463833845519.88,0.0,865076613.13,1463833845519.88,,,,
ECC,M5,CZ07,cDXHP,0.0,635529969.78,1449745780070.86,0.0,635529969.78,1450273141605.87,,,,
ECC,M5,CZ08,cDXHP,0.0,1400620115.8,1702884768167.3,0.0,1400620115.8,1705845319043.49,,,,
ECC,M5,CZ09,cDXHP,0.0,3810590777.12,1669871657510.56,0.0,3810590777.12,1671298811438.05,,,,
ECC,M5,CZ10,cDXHP,0.0,5117125677.18,1709739060311.01,0.0,5117125677.18,1711478104001.0,,,,
ECC,M5,CZ11,cDXHP,0.0,37716107988.37,1659227658324.66,0.0,37716107988.37,1659385684660.65,,,,
ECC,M5,CZ12,cDXHP,0.0,33973778892.44,1467394507226.12,0.0,33973778892.44,1467394507226.12,,,,
ECC,M5,CZ13,cDXHP,0.0,29369842360.3,1766913981645.19,0.0,29369842360.3,1767848411920.23,,,,
ECC,M5,CZ14,cDXHP,0.0,22063358971.38,1623477212888.46,0.0,22063358971.38,1623960341147.26,,,,
ECC,M5,CZ15,cDXHP,0.0,1303654880.7,2447145470492.18,0.0,1303654880.7,2491425380932.05,,,,
ECC,M5,CZ16,cDXHP,0.0,70036184543.0,1062162729852.25,0.0,70572526562.23,1062162729852.25,,,,
ECC,M5,CZ01,cPTAC,0.0,0.0,732338093139.1,0.0,0.0,732751016095.79,,,,
ECC,M5,CZ02,cPTAC,0.0,0.0,1175932035483.73,0.0,0.0,1176080764823.22,,,,
ECC,M5,CZ03,cPTAC,0.0,0.0,1077887298871.05,0.0,0.0,1077930957795.23,,,,
ECC,M5,CZ04,cPTAC,0.0,0.0,1396950115671.08,0.0,0.0,1400264858283.1,,,,
ECC,M5,CZ05,cPTAC,0.0,0.0,1103445571495.57,0.0,0.0,1104044434903.77,,,,
ECC,M5,CZ06,cPTAC,0.0,0.0,1384495521197.7,0.0,0.0,1398989146826.98,,,,
ECC,M5,CZ07,cPTAC,0.0,0.0,1390662959681.91,0.0,0.0,1398573704385.58,,,,
ECC,M5,CZ08,cPTAC,0.0,0.0,1675799622003.43,0.0,0.0,1682888887993.4,,,,
ECC,M5,CZ09,cPTAC,0.0,0.0,1651875287707.5,0.0,0.0,1654205405599.04,,,,
ECC,M5,CZ10,cPTAC,0.0,0.0,1700191184846.54,0.0,0.0,1702138101186.96,,,,
ECC,M5,CZ11,cPTAC,0.0,0.0,1624435928708.28,0.0,0.0,1625115791418.17,,,,
ECC,M5,CZ12,cPTAC,0.0,0.0,1423716811484.87,0.0,0.0,1423716811484.87,,,,
ECC,M5,CZ13,cPTAC,0.0,0.0,1738678282759.47,0.0,0.0,1739906022837.97,,,,
ECC,M5,CZ14,cPTAC,0.0,0.0,1588618864486.6,0.0,0.0,1591473431833.73,,,,
ECC,M5,CZ15,cPTAC,0.0,0.0,2445109787423.86,0.0,0.0,2489813170245.22,,,,
ECC,M5,CZ16,cPTAC,0.0,0.0,957727787757.77,0.0,0.0,957727787757.77,,,,
ECC,M5,CZ01,cPVVG,49526759952.05,0.0,2797320695.76,91744836344.52,0.0,748765593716.68,,,,
ECC,M5,CZ02,cPVVG,76998353090.64,0.0,17186569712.76,117800129012.53,0.0,1188747225982.66,,,,
ECC,M5,CZ03,cPVVG,35872080400.84,0.0,12437788402.95,56081624930.94,0.0,1078859328887.49,,,,
ECC,M5,CZ04,cPVVG,66852777775.28,0.0,33661013024.48,95449474203.33,0.0,1407873684828.48,,,,
ECC,M5,CZ05,cPVVG,26012028638.62,0.0,16783437146.69,40995274937.38,0.0,1103302443102.52,,,,
ECC,M5,CZ06,cPVVG,541653399.6,0.0,25025251913.26,3754009820.15,0.0,1388677117334.16,,,,
ECC,M5,CZ07,cPVVG,0.0,0.0,23005500253.26,2759687964.75,0.0,1388055663667.09,,,,
ECC,M5,CZ08,cPVVG,971992010.9,0.0,39258083826.59,5750195383.52,0.0,1672193518908.45,,,,
ECC,M5,CZ09,cPVVG,6652662701.4,0.0,45326849955.03,15242468113.34,0.0,1645129378233.26,,,,
ECC,M5,CZ10,cPVVG,9071058097.18,0.0,42085445963.6,20289479671.08,0.0,1694178371450.3,,,,
ECC,M5,CZ11,cPVVG,95659995523.37,0.0,69081128454.61,134103909278.3,0.0,1632244382757.44,,,,
ECC,M5,CZ12,cPVVG,93471802679.75,0.0,34049132226.98,124895200308.8,0.0,1430679761312.08,,,,
ECC,M5,CZ13,cPVVG,90081131793.92,0.0,69718297544.45,112065422666.04,0.0,1741207639289.03,,,,
ECC,M5,CZ14,cPVVG,49207748667.43,0.0,52125148866.64,70365608897.73,0.0,1593068068831.59,,,,
ECC,M5,CZ15,cPVVG,3743359779.99,0.0,143462868500.57,5219853131.4,0.0,2472351748010.69,,,,
ECC,M5,CZ16,cPVVG,114127884008.6,0.0,18280457757.71,203819385469.12,0.0,990058492499.21,,,,
Epr,M1,CZ01,cDXGF,51733974364.56,0.0,0.0,279011360567.23,0.0,3620956203.64,,,,
Epr,M1,CZ02,cDXGF,53397768266.87,0.0,1802991091.18,186977333549.82,0.0,93068870098.44,,,,
Epr,M1,CZ03,cDXGF,25136616496.01,0.0,336179911.38,104995113347.2,0.0,39996366144.41,,,,
Epr,M1,CZ04,cDXGF,40042842708.52,0.0,7396089062.34,144723335594.56,0.0,161246667356.82,,,,
Epr,M1,CZ05,cDXGF,14453905290.73,0.0,389375975.26,93218920539.29,0.0,53425638568.55,,,,
Epr,M1,CZ06,cDXGF,141728806.38,0.0,742474536.44,18107190499.16,0.0,114162588713.16,,,,
Epr,M1,CZ07,cDXGF,0.0,0.0,632964697.57,16678308001.79,0.0,120863819955.34,,,,
Epr,M1,CZ08,cDXGF,743674634.5,0.0,3777419621.92,25668897971.21,0.0,195291773820.66,,,,
Epr,M1,CZ09,cDXGF,4871389662.25,0.0,5438162142.6,35640871802.27,0.0,194375451945.22,,,,
Epr,M1,CZ10,cDXGF,3553690055.78,0.0,6220344008.47,37823912470.4,0.0,216913436047.34,,,,
Epr,M1,CZ11,cDXGF,61157680443.22,0.0,18713638481.52,172179426232.04,0.0,234564657907.66,,,,
Epr,M1,CZ12,cDXGF,63885443117.13,0.0,7520016777.02,175538369267.79,0.0,159196843841.27,,,,
Epr,M1,CZ13,cDXGF,60443582941.55,0.0,19999752103.5,144903641322.48,0.0,249247440862.78,,,,
Epr,M1,CZ14,cDXGF,41447207034.39,0.0,15117792439.82,134765742919.17,0.0,237600710169.99,,,,
Epr,M1,CZ15,cDXGF,2686984553.66,0.0,46864549771.54,13801833973.88,0.0,461827904663.87,,,,
Epr,M1,CZ16,cDXGF,78339887915.95,0.0,1368823701.87,297710818436.7,0.0,71596373454.81,,,,
Epr,M1,CZ01,cDXHP,0.0,13486337844.76,0.0,0.0,68960780637.31,3514402263.47,,,,
Epr,M1,CZ02,cDXHP,0.0,14145569587.35,1818415313.19,0.0,47740765937.14,93257214593.89,,,,
Epr,M1,CZ03,cDXHP,0.0,6312574524.54,340739266.35,0.0,25526138488.08,39887236717.9,,,,
Epr,M1,CZ04,cDXHP,0.0,10846472667.52,7446993993.23,0.0,37987071976.91,163288035824.43,,,,
Epr,M1,CZ05,cDXHP,0.0,3665621127.16,396899490.6,0.0,22997746871.4,53632615928.8,,,,
Epr,M1,CZ06,cDXHP,0.0,35048252.66,752185958.74,0.0,4266856349.98,108678063697.59,,,,
Epr,M1,CZ07,cDXHP,0.0,0.0,639154080.66,0.0,3931795588.31,116446090286.95,,,,
Epr,M1,CZ08,cDXHP,0.0,184046254.63,3792454111.56,0.0,6213040749.54,193739631643.55,,,,
Epr,M1,CZ09,cDXHP,0.0,1243310425.53,5453617631.25,0.0,8771521808.06,193942944250.63,,,,
Epr,M1,CZ10,cDXHP,0.0,898230947.74,6223185865.9,0.0,9376220692.44,216887293431.21,,,,
Epr,M1,CZ11,cDXHP,0.0,16721343103.43,18810872088.82,0.0,44510433522.1,236399986053.88,,,,
Epr,M1,CZ12,cDXHP,0.0,16774315295.52,7556213093.16,0.0,44688163242.99,159854303152.71,,,,
Epr,M1,CZ13,cDXHP,0.0,15859506158.88,20068229040.58,0.0,36983915924.78,250347415172.48,,,,
Epr,M1,CZ14,cDXHP,0.0,11991859939.31,15220905445.01,0.0,36920397411.39,240548218038.6,,,,
Epr,M1,CZ15,cDXHP,0.0,696651621.58,46864928030.6,0.0,3411160706.88,461932046557.74,,,,
Epr,M1,CZ16,cDXHP,0.0,23956577152.18,1382537703.03,0.0,87099085599.12,73048019108.24,,,,
Epr,M1,CZ01,cPTAC,0.0,0.0,0.0,0.0,0.0,3388522408.75,,,,
Epr,M1,CZ02,cPTAC,0.0,0.0,1782455100.6,0.0,0.0,91887421159.02,,,,
Epr,M1,CZ03,cPTAC,0.0,0.0,335151457.64,0.0,0.0,39722632274.76,,,,
Epr,M1,CZ04,cPTAC,0.0,0.0,7378320783.44,0.0,0.0,159843134950.79,,,,
Epr,M1,CZ05,cPTAC,0.0,0.0,387461275.39,0.0,0.0,52266200212.32,,,,
Epr,M1,CZ06,cPTAC,0.0,0.0,741567004.51,0.0,0.0,113949353644.47,,,,
Epr,M1,CZ07,cPTAC,0.0,0.0,632719647.75,0.0,0.0,120663553484.77,,,,
Epr,M1,CZ08,cPTAC,0.0,0.0,3769760980.22,0.0,0.0,194736480325.11,,,,
Epr,M1,CZ09,cPTAC,0.0,0.0,5430511670.75,0.0,0.0,193738180650.54,,,,
Epr,M1,CZ10,cPTAC,0.0,0.0,6213752787.27,0.0,0.0,216149101953.15,,,,
Epr,M1,CZ11,cPTAC,0.0,0.0,18715333970.68,0.0,0.0,233804351537.15,,,,
Epr,M1,CZ12,cPTAC,0.0,0.0,7515536455.37,0.0,0.0,158649913859.76,,,,
Epr,M1,CZ13,cPTAC,0.0,0.0,19999464027.58,0.0,0.0,248932222503.24,,,,
Epr,M1,CZ14,cPTAC,0.0,0.0,15113347774.67,0.0,0.0,236705502886.12,,,,
Epr,M1,CZ15,cPTAC,0.0,0.0,46862553832.82,0.0,0.0,461536759271.86,,,,
Epr,M1,CZ16,cPTAC,0.0,0.0,1368247657.52,0.0,0.0,71300653046.3,,,,
Epr,M1,CZ01,cPVVG,61760345661.45,0.0,0.0,373950961775.79,0.0,5435995579.09,,,,
Epr,M1,CZ02,cPVVG,65274987009.17,0.0,1283460490.15,253448918250.63,0.0,88715354200.19,,,,
Epr,M1,CZ03,cPVVG,31972480459.09,0.0,199132835.24,152441513130.29,0.0,42941560053.79,,,,
Epr,M1,CZ04,cPVVG,50340831993.05,0.0,5924807124.75,200858609334.19,0.0,154028911255.89,,,,
Epr,M1,CZ05,cPVVG,18698347058.61,0.0,288131889.44,139193842059.37,0.0,53496991255.43,,,,
Epr,M1,CZ06,cPVVG,191360676.89,0.0,459722809.16,33482703686.04,0.0,113225407833.82,,,,
Epr,M1,CZ07,cPVVG,0.0,0.0,377939224.73,31465997764.39,0.0,115677236741.8,,,,
Epr,M1,CZ08,cPVVG,1032262883.92,0.0,2455170690.08,42946651282.66,0.0,186092504927.61,,,,
Epr,M1,CZ09,cPVVG,6443950879.91,0.0,3680360159.94,57542385369.85,0.0,184365661974.59,,,,
Epr,M1,CZ10,cPVVG,5294155865.74,0.0,4569805391.48,61192538301.93,0.0,206845831787.97,,,,
Epr,M1,CZ11,cPVVG,75012929812.96,0.0,15179151943.89,234231428929.16,0.0,222948553034.04,,,,
Epr,M1,CZ12,cPVVG,79746754745.94,0.0,5919716882.33,238837678703.6,0.0,152607688668.71,,,,
Epr,M1,CZ13,cPVVG,77631671879.34,0.0,16044812879.66,202255017258.0,0.0,237242567107.47,,,,
Epr,M1,CZ14,cPVVG,51465960236.15,0.0,11840452167.92,186056819349.2,0.0,225369020391.12,,,,
Epr,M1,CZ15,cPVVG,3617602655.19,0.0,38496062287.92,23751453176.0,0.0,439467094698.81,,,,
Epr,M1,CZ16,cPVVG,96069768176.3,0.0,659220557.14,400454976200.94,0.0,67985438961.43,,,,
Epr,M2,CZ01,cDXGF,2619474956.78,0.0,5273615.39,5297250194.89,0.0,198648109372.25,,,,
Epr,M2,CZ02,cDXGF,2079819504.65,0.0,2095317823.15,3580747767.37,0.0,259814348249.02,,,,
Epr,M2,CZ03,cDXGF,769897605.16,0.0,907991696.96,1629192454.23,0.0,249103644443.11,,,,
Epr,M2,CZ04,cDXGF,941865422.8,0.0,5738317577.7,1767274807.44,0.0,297541644982.14,,,,
Epr,M2,CZ05,cDXGF,373796146.03,0.0,893872907.75,900856847.83,0.0,253515953370.93,,,,
Epr,M2,CZ06,cDXGF,1540659.86,0.0,2834025996.26,144905845.7,0.0,287652337785.54,,,,
Epr,M2,CZ07,cDXGF,0.0,0.0,2642194093.91,90343326.25,0.0,287683307032.36,,,,
Epr,M2,CZ08,cDXGF,11235362.73,0.0,6473726848.62,228436580.53,0.0,320789324816.75,,,,
Epr,M2,CZ09,cDXGF,77473845.78,0.0,7890900724.99,395827136.2,0.0,324304820364.71,,,,
Epr,M2,CZ10,cDXGF,48711086.77,0.0,6305248789.85,313707571.79,0.0,320989520353.35,,,,
Epr,M2,CZ11,cDXGF,2335043516.32,0.0,15630327913.26,3571738258.01,0.0,324940932888.35,,,,
Epr,M2,CZ12,cDXGF,1988571997.65,0.0,7156709173.01,3104803552.06,0.0,293680896232.54,,,,
Epr,M2,CZ13,cDXGF,1468059384.56,0.0,16587819047.46,2351602804.48,0.0,340733453444.35,,,,
Epr,M2,CZ14,cDXGF,831528873.12,0.0,12585683334.41,1639841430.27,0.0,332883608217.36,,,,
Epr,M2,CZ15,cDXGF,21092664.06,0.0,31636995823.0,111795614.66,0.0,432310983891.0,,,,
Epr,M2,CZ16,cDXGF,3455770527.51,0.0,4128968738.66,6689113502.49,0.0,258250771918.18,,,,
Epr,M2,CZ01,cDXHP,0.0,719804829.53,5259960.82,0.0,1389646318.56,197812398073.65,,,,
Epr,M2,CZ02,cDXHP,0.0,571212527.49,2083548986.46,0.0,953413963.67,259731441572.07,,,,
Epr,M2,CZ03,cDXHP,0.0,198068381.2,901584846.39,0.0,401964908.91,248545562929.88,,,,
Epr,M2,CZ04,cDXHP,0.0,259609347.97,5724489531.34,0.0,477219918.29,297052232168.5,,,,
Epr,M2,CZ05,cDXHP,0.0,95670234.86,886448135.32,0.0,225734487.67,253265634918.27,,,,
Epr,M2,CZ06,cDXHP,0.0,386317.33,2822912752.31,0.0,32537494.01,288129565042.11,,,,
Epr,M2,CZ07,cDXHP,0.0,0.0,2634078966.68,0.0,20295094.65,287536841933.89,,,,
Epr,M2,CZ08,cDXHP,0.0,2831010.57,6464810802.85,0.0,55026752.39,320896581803.43,,,,
Epr,M2,CZ09,cDXHP,0.0,20223481.69,7882599745.1,0.0,98413312.51,324368857634.8,,,,
Epr,M2,CZ10,cDXHP,0.0,12509322.76,6302035664.76,0.0,75225144.02,320971509226.88,,,,
Epr,M2,CZ11,cDXHP,0.0,662850297.59,15616459896.12,0.0,978879987.21,324511905703.56,,,,
Epr,M2,CZ12,cDXHP,0.0,538701849.3,7145976332.4,0.0,820382443.04,293242747372.55,,,,
Epr,M2,CZ13,cDXHP,0.0,393882209.91,16575704534.32,0.0,616918390.97,340534734913.58,,,,
Epr,M2,CZ14,cDXHP,0.0,256487596.86,12583041521.83,0.0,498400989.0,332665170676.94,,,,
Epr,M2,CZ15,cDXHP,0.0,5652085.93,31637517714.28,0.0,27589865.89,432376322624.59,,,,
Epr,M2,CZ16,cDXHP,0.0,1112545570.29,4115352540.44,0.0,2093085044.97,257496983826.65,,,,
Epr,M2,CZ01,cPTAC,0.0,0.0,5273615.34,0.0,0.0,198212511508.06,,,,
Epr,M2,CZ02,cPTAC,0.0,0.0,2095309262.84,0.0,0.0,259538370091.89,,,,
Epr,M2,CZ03,cPTAC,0.0,0.0,907508361.72,0.0,0.0,248955342543.45,,,,
Epr,M2,CZ04,cPTAC,0.0,0.0,5738386131.76,0.0,0.0,297415019858.63,,,,
Epr,M2,CZ05,cPTAC,0.0,0.0,893781692.33,0.0,0.0,253438665968.12,,,,
Epr,M2,CZ06,cPTAC,0.0,0.0,2833996808.51,0.0,0.0,287629118919.56,,,,
Epr,M2,CZ07,cPTAC,0.0,0.0,2642186901.68,0.0,0.0,287669143569.8,,,,
Epr,M2,CZ08,cPTAC,0.0,0.0,6474499415.66,0.0,0.0,320753878671.5,,,,
Epr,M2,CZ09,cPTAC,0.0,0.0,7890652488.73,0.0,0.0,324250246564.29,,,,
Epr,M2,CZ10,cPTAC,0.0,0.0,6304433961.94,0.0,0.0,320940966238.85,,,,
Epr,M2,CZ11,cPTAC,0.0,0.0,15630583512.8,0.0,0.0,324691727113.97,,,,
Epr,M2,CZ12,cPTAC,0.0,0.0,7156708893.18,0.0,0.0,293465742039.07,,,,
Epr,M2,CZ13,cPTAC,0.0,0.0,16587734452.79,0.0,0.0,340566708871.31,,,,
Epr,M2,CZ14,cPTAC,0.0,0.0,12585681214.01,0.0,0.0,332754111113.54,,,,
Epr,M2,CZ15,cPTAC,0.0,0.0,31636960273.94,0.0,0.0,432293126795.47,,,,
Epr,M2,CZ16,cPTAC,0.0,0.0,4130848148.7,0.0,0.0,257737367372.27,,,,
Epr,M2,CZ01,cPVVG,8881978690.55,0.0,3026861.02,14747418837.9,0.0,174928741195.41,,,,
Epr,M2,CZ02,cPVVG,9019290481.83,0.0,1385785542.66,12398675475.3,0.0,232729639741.08,,,,
Epr,M2,CZ03,cPVVG,4016387140.33,0.0,573171439.4,5845131784.43,0.0,223700575389.73,,,,
Epr,M2,CZ04,cPVVG,6132938657.22,0.0,3919487774.34,8004755025.32,0.0,268023998290.62,,,,
Epr,M2,CZ05,cPVVG,2384739275.31,0.0,563456509.37,3463730107.59,0.0,228216828688.74,,,,
Epr,M2,CZ06,cPVVG,8021860.84,0.0,1872849329.42,284146383.64,0.0,262992781430.97,,,,
Epr,M2,CZ07,cPVVG,0.0,0.0,1717914664.16,187721970.95,0.0,261584323338.9,,,,
Epr,M2,CZ08,cPVVG,50827089.03,0.0,4327612134.96,479066331.99,0.0,292248163925.38,,,,
Epr,M2,CZ09,cPVVG,521745905.23,0.0,5239842454.24,1152269293.54,0.0,294055679573.65,,,,
Epr,M2,CZ10,cPVVG,347234697.27,0.0,4156991183.59,844529482.65,0.0,292424408121.66,,,,
Epr,M2,CZ11,cPVVG,10379747264.13,0.0,10928664345.03,13392810355.2,0.0,291242593567.98,,,,
Epr,M2,CZ12,cPVVG,10560506136.03,0.0,4921160091.15,13152675309.7,0.0,264237167303.36,,,,
Epr,M2,CZ13,cPVVG,9704203760.25,0.0,11520180577.2,11623860755.05,0.0,307754705529.85,,,,
Epr,M2,CZ14,cPVVG,5407637180.87,0.0,8475609572.04,7288806909.0,0.0,298941382529.13,,,,
Epr,M2,CZ15,cPVVG,205308959.62,0.0,21971396411.37,390125999.4,0.0,396755673852.75,,,,
Epr,M2,CZ16,cPVVG,13385361848.57,0.0,2628809900.99,22043570229.36,0.0,223916236655.81,,,,
Epr,M3,CZ01,cDXGF,22147924056.13,0.0,171207644827.21,22147924056.13,0.0,171207644827.21,,,,
Epr,M3,CZ02,cDXGF,19339572160.36,0.0,230500610006.28,19339572160.36,0.0,230500610006.28,,,,
Epr,M3,CZ03,cDXGF,9791108198.92,0.0,221624845861.87,9791108198.92,0.0,221624845861.87,,,,
Epr,M3,CZ04,cDXGF,13866941014.78,0.0,266626914329.27,13866941014.78,0.0,266626914329.27,,,,
Epr,M3,CZ05,cDXGF,6005825589.13,0.0,224987843701.9,6005825589.13,0.0,224987843701.9,,,,
Epr,M3,CZ06,cDXGF,477910840.21,0.0,259391271970.76,477910840.21,0.0,259416817428.95,,,,
Epr,M3,CZ07,cDXGF,338928307.37,0.0,258724635807.14,338928307.37,0.0,258724635807.14,,,,
Epr,M3,CZ08,cDXGF,892735609.01,0.0,290596566868.45,892735609.01,0.0,290596566868.45,,,,
Epr,M3,CZ09,cDXGF,2263533339.54,0.0,292708968140.47,2263533339.54,0.0,292708968140.47,,,,
Epr,M3,CZ10,cDXGF,1661629361.45,0.0,292617058509.68,1661629361.45,0.0,292617058509.68,,,,
Epr,M3,CZ11,cDXGF,21487867964.81,0.0,289899763986.57,21487867964.81,0.0,289899763986.57,,,,
Epr,M3,CZ12,cDXGF,21759266194.91,0.0,262785155103.22,21759266194.91,0.0,262785155103.22,,,,
Epr,M3,CZ13,cDXGF,20207790588.17,0.0,306753120859.93,20207790588.17,0.0,306753120859.93,,,,
Epr,M3,CZ14,cDXGF,12924386805.62,0.0,298101968570.0,12924386805.62,0.0,298101968570.0,,,,
Epr,M3,CZ15,cDXGF,872598045.62,0.0,397992565520.44,872598045.62,0.0,397992565520.44,,,,
Epr,M3,CZ16,cDXGF,34545747469.62,0.0,217762231520.19,34545747469.62,0.0,217762231520.19,,,,
Epr,M3,CZ01,cDXHP,0.0,5625155663.15,171480398047.11,0.0,5625155663.15,171480398047.11,,,,
Epr,M3,CZ02,cDXHP,0.0,5009406136.95,231487596830.07,0.0,5009406136.95,231487596830.07,,,,
Epr,M3,CZ03,cDXHP,0.0,2415986141.73,223142122896.66,0.0,2415986141.73,223142122896.66,,,,
Epr,M3,CZ04,cDXHP,0.0,3637674417.13,267830962210.62,0.0,3637674417.13,267830962210.62,,,,
Epr,M3,CZ05,cDXHP,0.0,1492690900.11,226436780136.32,0.0,1492690900.11,226436780136.32,,,,
Epr,M3,CZ06,cDXHP,0.0,111141977.91,261337165040.2,0.0,111141977.91,261337165040.2,,,,
Epr,M3,CZ07,cDXHP,0.0,79436933.19,260544639055.09,0.0,79436933.19,260544639055.09,,,,
Epr,M3,CZ08,cDXHP,0.0,217635072.05,291811776099.09,0.0,217635072.05,291811776099.09,,,,
Epr,M3,CZ09,cDXHP,0.0,567237853.43,293752561771.36,0.0,567237853.43,293752561771.36,,,,
Epr,M3,CZ10,cDXHP,0.0,409701439.22,293168245950.97,0.0,409701439.22,293168245950.97,,,,
Epr,M3,CZ11,cDXHP,0.0,5682586439.24,291138217249.83,0.0,5682586439.24,291138217249.83,,,,
Epr,M3,CZ12,cDXHP,0.0,5609930142.42,263907111484.5,0.0,5609930142.42,263907111484.5,,,,
Epr,M3,CZ13,cDXHP,0.0,5200494480.22,307688586466.22,0.0,5200494480.22,307688586466.22,,,,
Epr,M3,CZ14,cDXHP,0.0,3651934679.94,299857907643.24,0.0,3651934679.94,299857907643.24,,,,
Epr,M3,CZ15,cDXHP,0.0,221477346.71,398051533377.82,0.0,221477346.71,398051533377.82,,,,
Epr,M3,CZ16,cDXHP,0.0,10156703174.92,216966623764.32,0.0,10156703174.92,216966623764.32,,,,
Epr,M3,CZ01,cPTAC,0.0,0.0,170509397677.47,0.0,0.0,170509397677.47,,,,
Epr,M3,CZ02,cPTAC,0.0,0.0,230104036818.77,0.0,0.0,230104036818.77,,,,
Epr,M3,CZ03,cPTAC,0.0,0.0,221406763493.38,0.0,0.0,221406763493.38,,,,
Epr,M3,CZ04,cPTAC,0.0,0.0,266380689671.27,0.0,0.0,266380689671.27,,,,
Epr,M3,CZ05,cPTAC,0.0,0.0,224851255428.4,0.0,0.0,224851255428.4,,,,
Epr,M3,CZ06,cPTAC,0.0,0.0,259357237476.04,0.0,0.0,259382782934.24,,,,
Epr,M3,CZ07,cPTAC,0.0,0.0,258697545622.6,0.0,0.0,258697545622.6,,,,
Epr,M3,CZ08,cPTAC,0.0,0.0,290531332339.46,0.0,0.0,290531332339.46,,,,
Epr,M3,CZ09,cPTAC,0.0,0.0,292606528278.36,0.0,0.0,292606528278.36,,,,
Epr,M3,CZ10,cPTAC,0.0,0.0,292535624842.64,0.0,0.0,292535624842.64,,,,
Epr,M3,CZ11,cPTAC,0.0,0.0,289562209083.95,0.0,0.0,289562209083.95,,,,
Epr,M3,CZ12,cPTAC,0.0,0.0,262458222442.18,0.0,0.0,262458222442.18,,,,
Epr,M3,CZ13,cPTAC,0.0,0.0,306476792641.35,0.0,0.0,306476792641.35,,,,
Epr,M3,CZ14,cPTAC,0.0,0.0,297882578653.74,0.0,0.0,297882578653.74,,,,
Epr,M3,CZ15,cPTAC,0.0,0.0,397961969199.8,0.0,0.0,397961969199.8,,,,
Epr,M3,CZ16,cPTAC,0.0,0.0,216979175564.51,0.0,0.0,216979175564.51,,,,
Epr,M3,CZ01,cPVVG,13574197717.51,0.0,2112448.3,22841285704.5,0.0,169581854895.06,,,,
Epr,M3,CZ02,cPVVG,14591722129.66,0.0,1146017991.29,19971937753.42,0.0,228534862768.14,,,,
Epr,M3,CZ03,cPVVG,7208197151.3,0.0,452891774.13,10118951174.34,0.0,219729111428.54,,,,
Epr,M3,CZ04,cPVVG,11085853096.19,0.0,3180066262.01,14335412283.92,0.0,264412617045.64,,,,
Epr,M3,CZ05,cPVVG,4392855276.27,0.0,434409499.17,6204979541.78,0.0,223041405367.58,,,,
Epr,M3,CZ06,cPVVG,29389715.51,0.0,1481846535.24,494485845.58,0.0,257341275473.65,,,,
Epr,M3,CZ07,cPVVG,0.0,0.0,1319338660.51,350544437.77,0.0,256623166962.22,,,,
Epr,M3,CZ08,cPVVG,178498414.08,0.0,3474363915.43,923305340.94,0.0,288318420690.71,,,,
Epr,M3,CZ09,cPVVG,1265899776.29,0.0,4150484560.89,2345441721.88,0.0,290353589767.58,,,,
Epr,M3,CZ10,cPVVG,910416410.42,0.0,3333691634.28,1720082543.64,0.0,290316667564.74,,,,
Epr,M3,CZ11,cPVVG,16980317464.33,0.0,8818722730.24,22231690992.92,0.0,287543501045.52,,,,
Epr,M3,CZ12,cPVVG,18103956103.8,0.0,4016762821.33,22491378827.38,0.0,260643323708.77,,,,
Epr,M3,CZ13,cPVVG,17661732850.82,0.0,9267011676.05,20921546523.93,0.0,304331252422.57,,,,
Epr,M3,CZ14,cPVVG,10109624037.75,0.0,6412941344.85,13393451349.07,0.0,295616272400.94,,,,
Epr,M3,CZ15,cPVVG,630025110.64,0.0,17629918561.43,905109521.95,0.0,395056458949.25,,,,
Epr,M3,CZ16,cPVVG,21396951838.32,0.0,1900025819.01,35920419591.29,0.0,215489580483.38,,,,
Epr,M4,CZ01,cDXGF,51732341573.33,0.0,6331.04,278982879568.91,0.0,22371258138.46,,,,
Epr,M4,CZ02,cDXGF,53397706111.19,0.0,1815376120.32,186956166302.01,0.0,120808034320.56,,,,
Epr,M4,CZ03,cDXGF,25136573256.75,0.0,345408884.71,104978819736.91,0.0,84373157365.99,,,,
Epr,M4,CZ04,cDXGF,40043196504.28,0.0,7425010359.31,144705233487.23,0.0,189078529790.94,,,,
Epr,M4,CZ05,cDXGF,14453891248.46,0.0,394777063.08,93201067175.93,0.0,92972624166.09,,,,
Epr,M4,CZ06,cDXGF,141728806.38,0.0,768965198.61,18100737284.18,0.0,163318524792.27,,,,
Epr,M4,CZ07,cDXGF,0.0,0.0,639231494.51,16671661878.29,0.0,162643357323.44,,,,
Epr,M4,CZ08,cDXGF,743674634.5,0.0,3815413079.21,25661645892.26,0.0,228795347736.59,,,,
Epr,M4,CZ09,cDXGF,4871389097.91,0.0,5473921053.12,35632933582.39,0.0,228676869516.0,,,,
Epr,M4,CZ10,cDXGF,3553689459.67,0.0,6245587688.66,37813724748.87,0.0,245688167637.36,,,,
Epr,M4,CZ11,cDXGF,61156160883.31,0.0,18866232151.39,172167347461.16,0.0,258186818468.99,,,,
Epr,M4,CZ12,cDXGF,63888844833.59,0.0,7592468171.85,175529689976.69,0.0,188137664245.54,,,,
Epr,M4,CZ13,cDXGF,60443620502.29,0.0,20141821821.86,144893164566.87,0.0,274954021609.39,,,,
Epr,M4,CZ14,cDXGF,41447046750.13,0.0,15241564759.23,134749924256.58,0.0,263658790382.75,,,,
Epr,M4,CZ15,cDXGF,2686984553.66,0.0,46973304876.11,13797422939.15,0.0,480919899076.89,,,,
Epr,M4,CZ16,cDXGF,78338130977.3,0.0,1662524045.56,297688026720.98,0.0,105804089722.24,,,,
Epr,M4,CZ01,cDXHP,0.0,13486326385.43,6331.22,0.0,68954596803.02,21479232389.21,,,,
Epr,M4,CZ02,cDXHP,0.0,14145554267.5,1830822109.26,0.0,47736325802.22,120749803003.08,,,,
Epr,M4,CZ03,cDXHP,0.0,6312564122.67,349100612.4,0.0,25522596442.65,82910034450.48,,,,
Epr,M4,CZ04,cDXHP,0.0,10846451917.96,7476402325.14,0.0,37982144097.72,191106237777.41,,,,
Epr,M4,CZ05,cDXHP,0.0,3665616986.51,402317348.62,0.0,22993704897.61,91437134559.5,,,,
Epr,M4,CZ06,cDXHP,0.0,35048252.66,778681883.95,0.0,4265436327.32,156272343923.91,,,,
Epr,M4,CZ07,cDXHP,0.0,0.0,645368168.19,0.0,3930257484.3,157198819857.05,,,,
Epr,M4,CZ08,cDXHP,0.0,184046254.63,3830519664.35,0.0,6211526886.1,227133831527.72,,,,
Epr,M4,CZ09,cDXHP,0.0,1243310290.91,5489223521.08,0.0,8769667071.28,228116562544.09,,,,
Epr,M4,CZ10,cDXHP,0.0,898230802.43,6248761965.09,0.0,9373875000.99,245613820853.65,,,,
Epr,M4,CZ11,cDXHP,0.0,16720957912.54,18963369574.59,0.0,44507407091.75,260061853500.6,,,,
Epr,M4,CZ12,cDXHP,0.0,16771949538.53,7627988012.35,0.0,44682874745.62,188586707107.92,,,,
Epr,M4,CZ13,cDXHP,0.0,15859512472.3,20210767782.81,0.0,36981486323.05,276093668611.27,,,,
Epr,M4,CZ14,cDXHP,0.0,11991823520.87,15344179588.73,0.0,36916546129.08,266739585648.76,,,,
Epr,M4,CZ15,cDXHP,0.0,696651621.58,46973682978.66,0.0,3410089814.09,481025719444.9,,,,
Epr,M4,CZ16,cDXHP,0.0,23956496158.57,1678512414.59,0.0,87093110724.88,107708973911.59,,,,
Epr,M4,CZ01,cPTAC,0.0,0.0,5434.02,0.0,0.0,20737386618.63,,,,
Epr,M4,CZ02,cPTAC,0.0,0.0,1795041907.05,0.0,0.0,118002979118.3,,,,
Epr,M4,CZ03,cPTAC,0.0,0.0,343431307.7,0.0,0.0,83051841101.89,,,,
Epr,M4,CZ04,cPTAC,0.0,0.0,7407344695.99,0.0,0.0,186042711141.57,,,,
Epr,M4,CZ05,cPTAC,0.0,0.0,392395622.85,0.0,0.0,90440369928.35,,,,
Epr,M4,CZ06,cPTAC,0.0,0.0,768030930.34,0.0,0.0,162744202412.39,,,,
Epr,M4,CZ07,cPTAC,0.0,0.0,639018994.97,0.0,0.0,162089782551.86,,,,
Epr,M4,CZ08,cPTAC,0.0,0.0,3808039204.95,0.0,0.0,227760978574.03,,,,
Epr,M4,CZ09,cPTAC,0.0,0.0,5465076795.15,0.0,0.0,227464174666.93,,,,
Epr,M4,CZ10,cPTAC,0.0,0.0,6238667717.41,0.0,0.0,244308098858.4,,,,
Epr,M4,CZ11,cPTAC,0.0,0.0,18868366343.02,0.0,0.0,256177589161.73,,,,
Epr,M4,CZ12,cPTAC,0.0,0.0,7587450522.36,0.0,0.0,186482587063.07,,,,
Epr,M4,CZ13,cPTAC,0.0,0.0,20141500402.93,0.0,0.0,273790138462.68,,,,
Epr,M4,CZ14,cPTAC,0.0,0.0,15236602562.8,0.0,0.0,260930515912.88,,,,
Epr,M4,CZ15,cPTAC,0.0,0.0,46970754244.23,0.0,0.0,480334438129.27,,,,
Epr,M4,CZ16,cPTAC,0.0,0.0,1662152117.79,0.0,0.0,103315128368.13,,,,
Epr,M4,CZ01,cPVVG,61760334842.84,0.0,0.0,373926940926.05,0.0,13581960189.16,,,,
Epr,M4,CZ02,cPVVG,65274959152.64,0.0,1288119978.68,253417092041.4,0.0,102429000692.92,,,,
Epr,M4,CZ03,cPVVG,31972455363.72,0.0,203152038.64,152424799737.35,0.0,64949244558.97,,,,
Epr,M4,CZ04,cPVVG,50340780658.76,0.0,5935361170.84,200831773118.44,0.0,168141702532.82,,,,
Epr,M4,CZ05,cPVVG,18698338921.72,0.0,290633755.48,139170481226.22,0.0,73294114015.27,,,,
Epr,M4,CZ06,cPVVG,191360676.89,0.0,472390657.57,33471267229.24,0.0,138275622382.56,,,,
Epr,M4,CZ07,cPVVG,0.0,0.0,381097178.68,31456402337.92,0.0,136358091852.85,,,,
Epr,M4,CZ08,cPVVG,1032262883.92,0.0,2469965037.69,42935562135.01,0.0,203036584534.52,,,,
Epr,M4,CZ09,cPVVG,6443950470.39,0.0,3694042750.51,57529422642.02,0.0,202102399067.66,,,,
Epr,M4,CZ10,cPVVG,5294155460.75,0.0,4578423310.2,61180980564.53,0.0,221334460723.16,,,,
Epr,M4,CZ11,cPVVG,75012881258.85,0.0,15214397069.06,234215929096.25,0.0,234994823422.55,,,,
Epr,M4,CZ12,cPVVG,79746680144.06,0.0,5939681589.3,238821193327.59,0.0,167502617007.32,,,,
Epr,M4,CZ13,cPVVG,77631616976.29,0.0,16073511728.42,202240395900.15,0.0,250484914353.82,,,,
Epr,M4,CZ14,cPVVG,51465861853.13,0.0,11865523543.12,186038790132.67,0.0,238749068937.28,,,,
Epr,M4,CZ15,cPVVG,3617602657.36,0.0,38520996936.8,23746782682.47,0.0,448952256533.17,,,,
Epr,M4,CZ16,cPVVG,96069573806.69,0.0,732069808.14,400426916962.49,0.0,86483484136.05,,,,
Epr,M5,CZ01,cDXGF,29114717736.95,0.0,106492307083.24,29114717736.95,0.0,106492307083.24,,,,
Epr,M5,CZ02,cDXGF,24666207799.8,0.0,186372667753.76,24666207799.8,0.0,186786479194.63,,,,
Epr,M5,CZ03,cDXGF,12223459076.68,0.0,168051405163.95,12223459076.68,0.0,168051405163.95,,,,
Epr,M5,CZ04,cDXGF,17393504197.81,0.0,226647879364.24,17393504197.81,0.0,228588281044.31,,,,
Epr,M5,CZ05,cDXGF,7532918156.86,0.0,169866272599.84,7532918156.86,0.0,169866272599.84,,,,
Epr,M5,CZ06,cDXGF,604110405.66,0.0,224494236435.96,604110405.66,0.0,225086973528.55,,,,
Epr,M5,CZ07,cDXGF,440982802.36,0.0,225468030696.16,440982802.36,0.0,225759548677.22,,,,
Epr,M5,CZ08,cDXGF,1174740205.83,0.0,273525049466.0,1174740205.83,0.0,273773190275.9,,,,
Epr,M5,CZ09,cDXGF,2886571688.21,0.0,267882050535.55,2886571688.21,0.0,268290438818.27,,,,
Epr,M5,CZ10,cDXGF,2068626117.39,0.0,275920930107.34,2068626117.39,0.0,276312737510.11,,,,
Epr,M5,CZ11,cDXGF,27192989700.78,0.0,267347229663.23,27192989700.78,0.0,268372987478.41,,,,
Epr,M5,CZ12,cDXGF,27158030853.2,0.0,233121704476.58,27158030853.2,0.0,233121704476.58,,,,
Epr,M5,CZ13,cDXGF,24855239275.03,0.0,288951941774.43,24855239275.03,0.0,289343883309.79,,,,
Epr,M5,CZ14,cDXGF,16877504858.66,0.0,260987457685.47,16877504858.66,0.0,262117182055.68,,,,
Epr,M5,CZ15,cDXGF,1085903222.82,0.0,410524695452.29,1085903222.82,0.0,420794614107.6,,,,
Epr,M5,CZ16,cDXGF,45850495521.66,0.0,151959560656.65,45850495521.66,0.0,151959560656.65,,,,
Epr,M5,CZ01,cDXHP,0.0,8849201669.42,123081736297.24,0.0,9262251447.1,123081736297.24,,,,
Epr,M5,CZ02,cDXHP,0.0,7564240389.16,196004757527.3,0.0,7884615386.82,196004757527.3,,,,
Epr,M5,CZ03,cDXHP,0.0,3231708225.64,182304049533.61,0.0,3231708225.64,182304049533.61,,,,
Epr,M5,CZ04,cDXHP,0.0,5404260120.11,234209375536.45,0.0,5635360305.72,234209375536.45,,,,
Epr,M5,CZ05,cDXHP,0.0,2079018047.77,186367326135.26,0.0,2164802229.99,186367326135.26,,,,
Epr,M5,CZ06,cDXHP,0.0,138515130.35,240579651353.54,0.0,138515130.35,240579651353.54,,,,
Epr,M5,CZ07,cDXHP,0.0,102090864.8,238852122614.22,0.0,102090864.8,238852122614.22,,,,
Epr,M5,CZ08,cDXHP,0.0,294771419.79,280405217451.54,0.0,294771419.79,280405217451.54,,,,
Epr,M5,CZ09,cDXHP,0.0,742865752.07,273709581142.66,0.0,742865752.07,273755843638.8,,,,
Epr,M5,CZ10,cDXHP,0.0,532458235.73,278641822913.89,0.0,532458235.73,278785809042.59,,,,
Epr,M5,CZ11,cDXHP,0.0,8279300257.55,271700080466.15,0.0,8279300257.55,271700080466.15,,,,
Epr,M5,CZ12,cDXHP,0.0,7802888892.16,239270957250.68,0.0,7929472503.09,239270957250.68,,,,
Epr,M5,CZ13,cDXHP,0.0,6898988516.34,292486857848.68,0.0,6898988516.34,292533412864.28,,,,
Epr,M5,CZ14,cDXHP,0.0,5807119305.23,266101945092.45,0.0,6088930391.58,266149336850.46,,,,
Epr,M5,CZ15,cDXHP,0.0,278444374.43,411199116721.44,0.0,278444374.43,420815142221.12,,,,
Epr,M5,CZ16,cDXHP,0.0,16697915876.4,166647930595.97,0.0,17007059471.94,166647930595.97,,,,
Epr,M5,CZ01,cPTAC,0.0,0.0,98820908762.8,0.0,0.0,98820908762.8,,,,
Epr,M5,CZ02,cPTAC,0.0,0.0,180799193815.54,0.0,0.0,181213005283.97,,,,
Epr,M5,CZ03,cPTAC,0.0,0.0,165249174171.1,0.0,0.0,165249174171.1,,,,
Epr,M5,CZ04,cPTAC,0.0,0.0,222110340236.71,0.0,0.0,224050741953.69,,,,
Epr,M5,CZ05,cPTAC,0.0,0.0,167566734262.87,0.0,0.0,167566734262.87,,,,
Epr,M5,CZ06,cPTAC,0.0,0.0,224087399192.57,0.0,0.0,224680136283.35,,,,
Epr,M5,CZ07,cPTAC,0.0,0.0,225071688138.14,0.0,0.0,225363206119.21,,,,
Epr,M5,CZ08,cPTAC,0.0,0.0,272703657663.72,0.0,0.0,272951798500.52,,,,
Epr,M5,CZ09,cPTAC,0.0,0.0,266709889502.61,0.0,0.0,267118277708.78,,,,
Epr,M5,CZ10,cPTAC,0.0,0.0,274831627046.47,0.0,0.0,275223434449.24,,,,
Epr,M5,CZ11,cPTAC,0.0,0.0,262119067445.3,0.0,0.0,263144825257.67,,,,
Epr,M5,CZ12,cPTAC,0.0,0.0,227676179804.17,0.0,0.0,227676179804.17,,,,
Epr,M5,CZ13,cPTAC,0.0,0.0,284188325682.29,0.0,0.0,284580267220.8,,,,
Epr,M5,CZ14,cPTAC,0.0,0.0,256912406530.65,0.0,0.0,258042130657.98,,,,
Epr,M5,CZ15,cPTAC,0.0,0.0,410229587288.71,0.0,0.0,420499505944.02,,,,
Epr,M5,CZ16,cPTAC,0.0,0.0,140348808173.69,0.0,0.0,140348808173.69,,,,
Epr,M5,CZ01,cPVVG,16413859961.07,0.0,1511652.51,28534882228.12,0.0,105393721370.34,,,,
Epr,M5,CZ02,cPVVG,17366553151.0,0.0,1069617061.28,24423453529.51,0.0,185102880605.94,,,,
Epr,M5,CZ03,cPVVG,8435643024.84,0.0,391184983.64,12189278319.02,0.0,166470453227.6,,,,
Epr,M5,CZ04,cPVVG,12994880707.42,0.0,3279166169.8,17299155028.99,0.0,226609316461.8,,,,
Epr,M5,CZ05,cPVVG,5062639621.41,0.0,384644253.41,7479339386.65,0.0,168242982921.69,,,,
Epr,M5,CZ06,cPVVG,34308777.41,0.0,1311810543.2,606650017.99,0.0,223070554145.72,,,,
Epr,M5,CZ07,cPVVG,0.0,0.0,1165624214.75,440872512.32,0.0,223713333276.91,,,,
Epr,M5,CZ08,cPVVG,204246338.18,0.0,3380475851.36,1169193927.79,0.0,271458986975.84,,,,
Epr,M5,CZ09,cPVVG,1491404874.66,0.0,4067706232.14,2892927149.23,0.0,265978092414.45,,,,
Epr,M5,CZ10,cPVVG,1046939974.86,0.0,3396722132.41,2073533881.45,0.0,273972926751.31,,,,
Epr,M5,CZ11,cPVVG,20451979931.47,0.0,9422677800.12,27146712432.93,0.0,266118833055.45,,,,
Epr,M5,CZ12,cPVVG,21399874694.85,0.0,4059776175.59,27120996455.66,0.0,231125547811.6,,,,
Epr,M5,CZ13,cPVVG,20736447055.24,0.0,9785977392.63,24973605621.04,0.0,286955101794.67,,,,
Epr,M5,CZ14,cPVVG,12279773596.62,0.0,6690993105.08,16734626428.81,0.0,259833798236.7,,,,
Epr,M5,CZ15,cPVVG,745475880.6,0.0,19620543466.34,1098356182.17,0.0,417649105398.34,,,,
Epr,M5,CZ16,cPVVG,26431092274.78,0.0,1626675103.06,45545581625.92,0.0,150344426978.37,,,,
ERC,M1,CZ01,cDXGF,7849042952.0,0.0,0.0,24698025875.01,0.0,72885618.08,,,,
ERC,M1,CZ02,cDXGF,5416465203.86,0.0,68927164.53,14670653358.73,0.0,3738993875.87,,,,
ERC,M1,CZ03,cDXGF,2965822291.49,0.0,3762841.5,9294159827.64,0.0,1346726003.85,,,,
ERC,M1,CZ04,cDXGF,4365967004.57,0.0,482006567.2,11499616482.69,0.0,7129596249.05,,,,
ERC,M1,CZ05,cDXGF,2083158161.66,0.0,5123332.77,8283893498.87,0.0,1799950360.49,,,,
ERC,M1,CZ06,cDXGF,244110462.54,0.0,29824099.13,1855889584.89,0.0,4410022154.95,,,,
ERC,M1,CZ07,cDXGF,15551072.5,0.0,24524063.27,1488699070.48,0.0,4793063244.0,,,,
ERC,M1,CZ08,cDXGF,382842207.44,0.0,238369254.28,2250446113.38,0.0,8461525900.28,,,,
ERC,M1,CZ09,cDXGF,859698810.22,0.0,356897067.89,3138020882.61,0.0,8576054794.37,,,,
ERC,M1,CZ10,cDXGF,782048608.05,0.0,434370236.79,3260188676.9,0.0,9566450643.59,,,,
ERC,M1,CZ11,cDXGF,5491066353.67,0.0,1263036434.64,12964921028.27,0.0,11100832393.37,,,,
ERC,M1,CZ12,cDXGF,5490988901.92,0.0,509476992.39,13081127400.96,0.0,7102854242.05,,,,
ERC,M1,CZ13,cDXGF,4763127268.52,0.0,1414285070.99,10351933312.55,0.0,11922346916.16,,,,
ERC,M1,CZ14,cDXGF,4775084753.52,0.0,1109802729.59,11013437629.59,0.0,11210793510.99,,,,
ERC,M1,CZ15,cDXGF,411300308.67,0.0,3487751327.15,1163821824.65,0.0,22931252302.3,,,,
ERC,M1,CZ16,cDXGF,10287876530.11,0.0,83707131.38,24924448180.35,0.0,3056953770.5,,,,
ERC,M1,CZ01,cDXHP,0.0,2030737797.31,0.0,0.0,6061008207.0,73902694.3,,,,
ERC,M1,CZ02,cDXHP,0.0,1441226233.62,69775102.76,0.0,3746560974.48,3756922004.32,,,,
ERC,M1,CZ03,cDXHP,0.0,745918443.3,3843094.25,0.0,2254112173.99,1353784622.0,,,,
ERC,M1,CZ04,cDXHP,0.0,1205978255.93,489692655.51,0.0,3039356053.61,7233803342.13,,,,
ERC,M1,CZ05,cDXHP,0.0,537880398.54,5222865.67,0.0,2043303807.36,1813672909.01,,,,
ERC,M1,CZ06,cDXHP,0.0,59890586.65,30230406.74,0.0,437515545.42,4212764690.66,,,,
ERC,M1,CZ07,cDXHP,0.0,3812351.49,24826930.9,0.0,349017374.56,4631131728.51,,,,
ERC,M1,CZ08,cDXHP,0.0,95221862.31,239440682.86,0.0,544613157.37,8382466278.46,,,,
ERC,M1,CZ09,cDXHP,0.0,218209641.03,358052202.49,0.0,772287936.09,8552028488.49,,,,
ERC,M1,CZ10,cDXHP,0.0,198427303.91,435031904.56,0.0,807341780.58,9560780591.01,,,,
ERC,M1,CZ11,cDXHP,0.0,1488265403.58,1273000416.44,0.0,3346848427.14,11178725078.26,,,,
ERC,M1,CZ12,cDXHP,0.0,1441600413.03,514322982.4,0.0,3324009212.3,7133379142.73,,,,
ERC,M1,CZ13,cDXHP,0.0,1244732100.75,1420481226.74,0.0,2634178228.24,11957065201.18,,,,
ERC,M1,CZ14,cDXHP,0.0,1381108237.09,1120900038.16,0.0,3025591904.29,11338736095.79,,,,
ERC,M1,CZ15,cDXHP,0.0,107191158.46,3487751327.15,0.0,291517609.29,22931252302.31,,,,
ERC,M1,CZ16,cDXHP,0.0,3083665788.39,84460863.68,0.0,7173899070.59,3102199662.14,,,,
ERC,M1,CZ01,cPTAC,0.0,0.0,0.0,0.0,0.0,66181687.54,,,,
ERC,M1,CZ02,cPTAC,0.0,0.0,66719384.11,0.0,0.0,3690598332.59,,,,
ERC,M1,CZ03,cPTAC,0.0,0.0,3739137.1,0.0,0.0,1336718904.65,,,,
ERC,M1,CZ04,cPTAC,0.0,0.0,481715325.95,0.0,0.0,7081595673.68,,,,
ERC,M1,CZ05,cPTAC,0.0,0.0,5090519.75,0.0,0.0,1749446510.23,,,,
ERC,M1,CZ06,cPTAC,0.0,0.0,29824000.2,0.0,0.0,4399431378.33,,,,
ERC,M1,CZ07,cPTAC,0.0,0.0,24524062.9,0.0,0.0,4783514880.96,,,,
ERC,M1,CZ08,cPTAC,0.0,0.0,238346229.74,0.0,0.0,8437181479.73,,,,
ERC,M1,CZ09,cPTAC,0.0,0.0,356851959.63,0.0,0.0,8549610673.45,,,,
ERC,M1,CZ10,cPTAC,0.0,0.0,434317802.84,0.0,0.0,9533932158.58,,,,
ERC,M1,CZ11,cPTAC,0.0,0.0,1262980509.74,0.0,0.0,11076485940.68,,,,
ERC,M1,CZ12,cPTAC,0.0,0.0,509412376.81,0.0,0.0,7083694775.5,,,,
ERC,M1,CZ13,cPTAC,0.0,0.0,1414155411.03,0.0,0.0,11911317895.84,,,,
ERC,M1,CZ14,cPTAC,0.0,0.0,1109167048.13,0.0,0.0,11183233071.19,,,,
ERC,M1,CZ15,cPTAC,0.0,0.0,3487708086.52,0.0,0.0,22920197282.69,,,,
ERC,M1,CZ16,cPTAC,0.0,0.0,83603432.02,0.0,0.0,3049931439.27,,,,
ERC,M1,CZ01,cPVVG,9509981375.81,0.0,0.0,30979671235.93,0.0,97246211.14,,,,
ERC,M1,CZ02,cPVVG,6877954688.2,0.0,48761010.64,19531644462.33,0.0,3458938923.47,,,,
ERC,M1,CZ03,cPVVG,3903843200.12,0.0,2779058.71,12968208252.0,0.0,1383406180.84,,,,
ERC,M1,CZ04,cPVVG,5719777150.78,0.0,387526135.69,15807401473.77,0.0,6644872009.99,,,,
ERC,M1,CZ05,cPVVG,2813663282.06,0.0,3257317.98,11796239881.96,0.0,1736509902.13,,,,
ERC,M1,CZ06,cPVVG,418069371.33,0.0,20707160.89,3249014967.96,0.0,4204303085.23,,,,
ERC,M1,CZ07,cPVVG,34483903.04,0.0,17790039.56,2663961599.69,0.0,4374197086.57,,,,
ERC,M1,CZ08,cPVVG,663348995.97,0.0,155988284.12,3782094619.05,0.0,7760664455.59,,,,
ERC,M1,CZ09,cPVVG,1386568232.34,0.0,246892020.79,5124446645.12,0.0,7852543799.27,,,,
ERC,M1,CZ10,cPVVG,1249294621.88,0.0,320740752.26,5161523714.13,0.0,8875845693.05,,,,
ERC,M1,CZ11,cPVVG,7193088543.54,0.0,1017776329.6,17681168812.65,0.0,10339530147.43,,,,
ERC,M1,CZ12,cPVVG,7101647941.58,0.0,401714270.66,17603799362.89,0.0,6633771663.56,,,,
ERC,M1,CZ13,cPVVG,6482357777.49,0.0,1128183913.47,14632923626.43,0.0,11103932552.63,,,,
ERC,M1,CZ14,cPVVG,6304136036.65,0.0,866242774.59,15166736917.59,0.0,10416753243.56,,,,
ERC,M1,CZ15,cPVVG,629931556.75,0.0,2785760667.81,2046013834.8,0.0,21332609621.64,,,,
ERC,M1,CZ16,cPVVG,13305225653.65,0.0,43579366.33,32674279649.91,0.0,2825757940.06,,,,
ERC,M2,CZ01,cDXGF,1163141516.1,0.0,0.0,3172547363.45,0.0,4702906121.72,,,,
ERC,M2,CZ02,cDXGF,701899361.87,0.0,66439689.78,1556334737.68,0.0,8615135061.58,,,,
ERC,M2,CZ03,cDXGF,318371767.09,0.0,3772484.4,885330098.38,0.0,7716999270.56,,,,
ERC,M2,CZ04,cDXGF,377469239.23,0.0,363208333.53,945915370.26,0.0,11038164623.64,,,,
ERC,M2,CZ05,cDXGF,141443567.51,0.0,5268229.41,573926624.8,0.0,7971481244.87,,,,
ERC,M2,CZ06,cDXGF,5185303.14,0.0,38177256.01,89157142.81,0.0,10559072183.45,,,,
ERC,M2,CZ07,cDXGF,67882.24,0.0,38200493.59,70017004.24,0.0,10606107463.66,,,,
ERC,M2,CZ08,cDXGF,3387923.56,0.0,288964374.45,108275399.12,0.0,12813636374.18,,,,
ERC,M2,CZ09,cDXGF,24925696.83,0.0,383842746.11,168604746.24,0.0,12965120590.36,,,,
ERC,M2,CZ10,cDXGF,11086369.77,0.0,374130721.85,129387875.23,0.0,12855178279.26,,,,
ERC,M2,CZ11,cDXGF,753221135.21,0.0,1071891196.28,1419753734.68,0.0,13197255647.74,,,,
ERC,M2,CZ12,cDXGF,771825608.58,0.0,425893795.49,1430173292.59,0.0,11022345867.36,,,,
ERC,M2,CZ13,cDXGF,523535451.8,0.0,1209497713.9,948664756.11,0.0,14372441914.47,,,,
ERC,M2,CZ14,cDXGF,376296865.63,0.0,947260650.55,884784992.8,0.0,13524332204.31,,,,
ERC,M2,CZ15,cDXGF,2819659.35,0.0,2648721813.82,29029813.5,0.0,20935264278.62,,,,
ERC,M2,CZ16,cDXGF,1419535949.5,0.0,154066799.44,3234846514.79,0.0,8280855901.01,,,,
ERC,M2,CZ01,cDXHP,0.0,311967190.51,0.0,0.0,815873437.84,4570194162.39,,,,
ERC,M2,CZ02,cDXHP,0.0,190904535.97,66194223.97,0.0,417361304.79,8505610558.43,,,,
ERC,M2,CZ03,cDXHP,0.0,81639566.85,3730944.04,0.0,219815323.83,7561241173.38,,,,
ERC,M2,CZ04,cDXHP,0.0,106148613.88,363191146.36,0.0,261529609.64,10938085431.03,,,,
ERC,M2,CZ05,cDXHP,0.0,36556441.12,5253656.92,0.0,145705604.81,7800931615.54,,,,
ERC,M2,CZ06,cDXHP,0.0,1295334.74,38160233.55,0.0,20875295.74,10442790116.71,,,,
ERC,M2,CZ07,cDXHP,0.0,16502.95,38078908.75,0.0,16321013.02,10493853076.15,,,,
ERC,M2,CZ08,cDXHP,0.0,850176.36,288184376.68,0.0,26181971.14,12749206560.41,,,,
ERC,M2,CZ09,cDXHP,0.0,6542340.43,383493760.56,0.0,41948985.43,12911080988.22,,,,
ERC,M2,CZ10,cDXHP,0.0,2869468.85,373890146.43,0.0,32361700.19,12825910937.28,,,,
ERC,M2,CZ11,cDXHP,0.0,211808517.0,1073650110.09,0.0,383554665.73,13145808839.16,,,,
ERC,M2,CZ12,cDXHP,0.0,207934061.69,425535550.93,0.0,379511153.28,10963781059.52,,,,
ERC,M2,CZ13,cDXHP,0.0,141249749.53,1210212298.49,0.0,250380647.44,14339394020.42,,,,
ERC,M2,CZ14,cDXHP,0.0,116108140.62,951397498.22,0.0,261843014.54,13421418386.9,,,,
ERC,M2,CZ15,cDXHP,0.0,753642.79,2648721813.82,0.0,7195651.94,20935264279.39,,,,
ERC,M2,CZ16,cDXHP,0.0,448459251.37,154044956.68,0.0,989248762.79,8157408838.79,,,,
ERC,M2,CZ01,cPTAC,0.0,0.0,0.0,0.0,0.0,4529122203.64,,,,
ERC,M2,CZ02,cPTAC,0.0,0.0,66436665.08,0.0,0.0,8523729883.5,,,,
ERC,M2,CZ03,cPTAC,0.0,0.0,3772250.73,0.0,0.0,7653897849.34,,,,
ERC,M2,CZ04,cPTAC,0.0,0.0,363208006.39,0.0,0.0,10969168838.65,,,,
ERC,M2,CZ05,cPTAC,0.0,0.0,5268221.59,0.0,0.0,7920940064.98,,,,
ERC,M2,CZ06,cPTAC,0.0,0.0,38177256.01,0.0,0.0,10548891589.52,,,,
ERC,M2,CZ07,cPTAC,0.0,0.0,38200493.59,0.0,0.0,10596962003.29,,,,
ERC,M2,CZ08,cPTAC,0.0,0.0,288964211.76,0.0,0.0,12800192873.95,,,,
ERC,M2,CZ09,cPTAC,0.0,0.0,383842608.76,0.0,0.0,12947448343.21,,,,
ERC,M2,CZ10,cPTAC,0.0,0.0,374130486.67,0.0,0.0,12839464421.79,,,,
ERC,M2,CZ11,cPTAC,0.0,0.0,1071890996.43,0.0,0.0,13133486542.32,,,,
ERC,M2,CZ12,cPTAC,0.0,0.0,425893634.98,0.0,0.0,10949022440.53,,,,
ERC,M2,CZ13,cPTAC,0.0,0.0,1209497491.07,0.0,0.0,14314374638.03,,,,
ERC,M2,CZ14,cPTAC,0.0,0.0,947260575.55,0.0,0.0,13461722107.43,,,,
ERC,M2,CZ15,cPTAC,0.0,0.0,2648720279.57,0.0,0.0,20931371352.9,,,,
ERC,M2,CZ16,cPTAC,0.0,0.0,154066201.95,0.0,0.0,8130266380.36,,,,
ERC,M2,CZ01,cPVVG,2377716356.97,0.0,0.0,5643204722.23,0.0,3715793777.49,,,,
ERC,M2,CZ02,cPVVG,1760292541.39,0.0,42516631.98,3355723201.09,0.0,7204858882.59,,,,
ERC,M2,CZ03,cPVVG,985817483.1,0.0,2343496.38,2071928825.08,0.0,6497810110.58,,,,
ERC,M2,CZ04,cPVVG,1348163260.19,0.0,254818486.2,2500851178.62,0.0,9378119741.11,,,,
ERC,M2,CZ05,cPVVG,593803109.02,0.0,3260639.57,1457234959.16,0.0,6703728211.73,,,,
ERC,M2,CZ06,cPVVG,62041622.31,0.0,25001582.64,265361222.61,0.0,9190930972.52,,,,
ERC,M2,CZ07,cPVVG,1855762.46,0.0,23847389.43,181361674.48,0.0,9175085345.25,,,,
ERC,M2,CZ08,cPVVG,77704809.71,0.0,191984326.29,337483455.61,0.0,11177212989.55,,,,
ERC,M2,CZ09,cPVVG,227909609.76,0.0,258390081.39,545707263.28,0.0,11231044806.83,,,,
ERC,M2,CZ10,cPVVG,177879832.16,0.0,248298908.91,448089444.98,0.0,11262451293.15,,,,
ERC,M2,CZ11,cPVVG,1894953215.81,0.0,780262931.08,3360298609.91,0.0,11415181398.7,,,,
ERC,M2,CZ12,cPVVG,1969212393.87,0.0,299505755.21,3305563254.43,0.0,9475086367.75,,,,
ERC,M2,CZ13,cPVVG,1779584512.71,0.0,877934794.67,2685891021.91,0.0,12511999626.49,,,,
ERC,M2,CZ14,cPVVG,1350136863.79,0.0,669947821.31,2392938718.7,0.0,11593740666.67,,,,
ERC,M2,CZ15,cPVVG,70902785.45,0.0,1898292397.93,134504440.05,0.0,18662440576.64,,,,
ERC,M2,CZ16,cPVVG,3310899281.79,0.0,97980386.73,6776172971.15,0.0,6757895258.92,,,,
ERC,M3,CZ01,cDXGF,7049728501.27,0.0,3595635955.09,7049728501.27,0.0,3595635955.09,,,,
ERC,M3,CZ02,cDXGF,4424571771.8,0.0,7153955237.34,4424571771.8,0.0,7153955237.34,,,,
ERC,M3,CZ03,cDXGF,2785869559.26,0.0,6470231985.93,2785869559.26,0.0,6470231985.93,,,,
ERC,M3,CZ04,cDXGF,3468537041.36,0.0,9383520572.85,3468537041.36,0.0,9383520572.85,,,,
ERC,M3,CZ05,cDXGF,2070386831.76,0.0,6667963479.53,2070386831.76,0.0,6667963479.53,,,,
ERC,M3,CZ06,cDXGF,458559036.2,0.0,9135456023.64,458559036.2,0.0,9135456023.64,,,,
ERC,M3,CZ07,cDXGF,303078308.19,0.0,9111637485.82,303078308.19,0.0,9111637485.82,,,,
ERC,M3,CZ08,cDXGF,591859555.14,0.0,11172264494.69,591859555.14,0.0,11172264494.69,,,,
ERC,M3,CZ09,cDXGF,939137652.1,0.0,11266065354.51,939137652.1,0.0,11266065354.51,,,,
ERC,M3,CZ10,cDXGF,801298019.03,0.0,11363533313.67,801298019.03,0.0,11363533313.67,,,,
ERC,M3,CZ11,cDXGF,4582680883.34,0.0,11411356790.95,4582680883.34,0.0,11411356790.95,,,,
ERC,M3,CZ12,cDXGF,4414268762.72,0.0,9485164284.14,4414268762.72,0.0,9485164284.14,,,,
ERC,M3,CZ13,cDXGF,3771068576.92,0.0,12508441769.31,3771068576.92,0.0,12508441769.31,,,,
ERC,M3,CZ14,cDXGF,3397187363.61,0.0,11633265161.48,3397187363.61,0.0,11633265161.48,,,,
ERC,M3,CZ15,cDXGF,278929533.33,0.0,18799037767.19,278929533.33,0.0,18799037767.19,,,,
ERC,M3,CZ16,cDXGF,8863802142.99,0.0,6564455606.05,8863802142.99,0.0,6564455606.05,,,,
ERC,M3,CZ01,cDXHP,0.0,1751368948.77,3572354364.47,0.0,1751368948.77,3572354364.47,,,,
ERC,M3,CZ02,cDXHP,0.0,1135815338.24,7206240400.44,0.0,1135815338.24,7206240400.44,,,,
ERC,M3,CZ03,cDXHP,0.0,682365288.89,6548353639.19,0.0,682365288.89,6548353639.19,,,,
ERC,M3,CZ04,cDXHP,0.0,915322252.54,9464217456.3,0.0,915322252.54,9464217456.3,,,,
ERC,M3,CZ05,cDXHP,0.0,514544299.79,6704401287.12,0.0,514544299.79,6704401287.12,,,,
ERC,M3,CZ06,cDXHP,0.0,109050883.15,9182685926.0,0.0,109050883.15,9182685926.0,,,,
ERC,M3,CZ07,cDXHP,0.0,71371224.05,9173531529.64,0.0,71371224.05,9173531529.64,,,,
ERC,M3,CZ08,cDXHP,0.0,143808325.81,11212388122.22,0.0,143808325.81,11212388122.22,,,,
ERC,M3,CZ09,cDXHP,0.0,232227179.51,11298458651.19,0.0,232227179.51,11298458651.19,,,,
ERC,M3,CZ10,cDXHP,0.0,198963694.29,11385663434.5,0.0,198963694.29,11385663434.5,,,,
ERC,M3,CZ11,cDXHP,0.0,1185735560.48,11474028663.26,0.0,1185735560.48,11474028663.26,,,,
ERC,M3,CZ12,cDXHP,0.0,1127676686.21,9546355237.4,0.0,1127676686.21,9546355237.4,,,,
ERC,M3,CZ13,cDXHP,0.0,959691759.71,12544150199.7,0.0,959691759.71,12544150199.7,,,,
ERC,M3,CZ14,cDXHP,0.0,933972532.89,11719733771.61,0.0,933972532.89,11719733771.61,,,,
ERC,M3,CZ15,cDXHP,0.0,70983220.99,18799031554.1,0.0,70983220.99,18799031554.1,,,,
ERC,M3,CZ16,cDXHP,0.0,2511360454.24,6520829531.14,0.0,2511360454.24,6520829531.14,,,,
ERC,M3,CZ01,cPTAC,0.0,0.0,3425608315.87,0.0,0.0,3425608315.87,,,,
ERC,M3,CZ02,cPTAC,0.0,0.0,7043490705.34,0.0,0.0,7043490705.34,,,,
ERC,M3,CZ03,cPTAC,0.0,0.0,6387392150.94,0.0,0.0,6387392150.94,,,,
ERC,M3,CZ04,cPTAC,0.0,0.0,9286162386.87,0.0,0.0,9286162386.87,,,,
ERC,M3,CZ05,cPTAC,0.0,0.0,6595743493.76,0.0,0.0,6595743493.76,,,,
ERC,M3,CZ06,cPTAC,0.0,0.0,9115531516.73,0.0,0.0,9115531516.73,,,,
ERC,M3,CZ07,cPTAC,0.0,0.0,9093148357.31,0.0,0.0,9093148357.31,,,,
ERC,M3,CZ08,cPTAC,0.0,0.0,11146787166.14,0.0,0.0,11146787166.14,,,,
ERC,M3,CZ09,cPTAC,0.0,0.0,11230404944.83,0.0,0.0,11230404944.83,,,,
ERC,M3,CZ10,cPTAC,0.0,0.0,11331134876.52,0.0,0.0,11331134876.52,,,,
ERC,M3,CZ11,cPTAC,0.0,0.0,11329099268.81,0.0,0.0,11329099268.81,,,,
ERC,M3,CZ12,cPTAC,0.0,0.0,9400264504.45,0.0,0.0,9400264504.45,,,,
ERC,M3,CZ13,cPTAC,0.0,0.0,12444568878.29,0.0,0.0,12444568878.29,,,,
ERC,M3,CZ14,cPTAC,0.0,0.0,11546896709.43,0.0,0.0,11546896709.43,,,,
ERC,M3,CZ15,cPTAC,0.0,0.0,18789331106.49,0.0,0.0,18789331106.49,,,,
ERC,M3,CZ16,cPTAC,0.0,0.0,6412367216.76,0.0,0.0,6412367216.76,,,,
ERC,M3,CZ01,cPVVG,3129516808.45,0.0,0.0,7282022442.59,0.0,3546280058.34,,,,
ERC,M3,CZ02,cPVVG,2427558866.49,0.0,31980028.4,4578965693.47,0.0,7077589182.02,,,,
ERC,M3,CZ03,cPVVG,1416682977.7,0.0,1609159.22,2884356944.08,0.0,6399250126.37,,,,
ERC,M3,CZ04,cPVVG,1972100256.23,0.0,198694106.36,3593881802.4,0.0,9288866674.5,,,,
ERC,M3,CZ05,cPVVG,935035711.34,0.0,2046494.26,2142854464.6,0.0,6591876591.89,,,,
ERC,M3,CZ06,cPVVG,140763052.54,0.0,18910951.35,475958618.68,0.0,9043531124.83,,,,
ERC,M3,CZ07,cPVVG,8845574.23,0.0,17056530.8,314354822.47,0.0,9019550425.78,,,,
ERC,M3,CZ08,cPVVG,202455349.96,0.0,156077991.62,613981646.33,0.0,11067672791.89,,,,
ERC,M3,CZ09,cPVVG,471929405.17,0.0,205046552.95,975674542.52,0.0,11158309005.37,,,,
ERC,M3,CZ10,cPVVG,398078542.44,0.0,199379652.69,831765224.91,0.0,11259113399.48,,,,
ERC,M3,CZ11,cPVVG,2653876151.81,0.0,634891682.02,4752458274.33,0.0,11306546624.98,,,,
ERC,M3,CZ12,cPVVG,2685732927.54,0.0,242479647.5,4573388435.13,0.0,9394946085.3,,,,
ERC,M3,CZ13,cPVVG,2567134192.6,0.0,717180630.61,3912581948.0,0.0,12396186306.43,,,,
ERC,M3,CZ14,cPVVG,2009993553.34,0.0,510973474.21,3529271675.25,0.0,11520475094.8,,,,
ERC,M3,CZ15,cPVVG,169492452.28,0.0,1548647156.27,290104472.01,0.0,18643922082.54,,,,
ERC,M3,CZ16,cPVVG,4661316454.56,0.0,67002154.49,9235031142.34,0.0,6482515703.53,,,,
ERC,M4,CZ01,cDXGF,7849038054.92,0.0,0.0,24697702142.21,0.0,521955725.6,,,,
ERC,M4,CZ02,cDXGF,5416462418.4,0.0,68942846.7,14670386591.1,0.0,4793639119.89,,,,
ERC,M4,CZ03,cDXGF,2965821460.86,0.0,3762897.79,9293848469.91,0.0,2931151729.62,,,,
ERC,M4,CZ04,cDXGF,4365962652.71,0.0,482154375.6,11499417359.43,0.0,8313502055.42,,,,
ERC,M4,CZ05,cDXGF,2083155696.25,0.0,5123436.11,8283504265.99,0.0,3244650748.07,,,,
ERC,M4,CZ06,cDXGF,244110445.29,0.0,29856579.81,1855599944.52,0.0,6464691958.94,,,,
ERC,M4,CZ07,cDXGF,15551072.5,0.0,24524101.84,1488521468.5,0.0,6449681206.21,,,,
ERC,M4,CZ08,cDXGF,382840912.31,0.0,238442623.17,2250291196.44,0.0,9930429091.7,,,,
ERC,M4,CZ09,cDXGF,859697740.06,0.0,356977638.33,3137787171.67,0.0,10087036671.05,,,,
ERC,M4,CZ10,cDXGF,781021658.03,0.0,434393794.48,3259064410.3,0.0,10845224653.5,,,,
ERC,M4,CZ11,cDXGF,5491063122.65,0.0,1268379546.74,12964761243.81,0.0,12142446456.86,,,,
ERC,M4,CZ12,cDXGF,5490986130.0,0.0,510890610.35,13080945312.89,0.0,8389895751.06,,,,
ERC,M4,CZ13,cDXGF,4763125528.57,0.0,1420313302.25,10351795413.5,0.0,13122999583.75,,,,
ERC,M4,CZ14,cDXGF,4775075615.45,0.0,1114649700.86,11013208249.93,0.0,12312317875.84,,,,
ERC,M4,CZ15,cDXGF,411300254.43,0.0,3491088975.38,1163700994.09,0.0,23849322631.35,,,,
ERC,M4,CZ16,cDXGF,10287850211.68,0.0,92679322.1,24924152980.4,0.0,4401901486.28,,,,
ERC,M4,CZ01,cDXHP,0.0,2030736611.79,0.0,0.0,6060931541.17,511055709.14,,,,
ERC,M4,CZ02,cDXHP,0.0,1441225519.84,69790913.2,0.0,3746496555.11,4812431183.72,,,,
ERC,M4,CZ03,cDXHP,0.0,745918239.85,3843175.79,0.0,2254038137.9,2912815282.42,,,,
ERC,M4,CZ04,cDXHP,0.0,1205977062.95,489840677.51,0.0,3039307852.18,8422463509.15,,,,
ERC,M4,CZ05,cDXHP,0.0,537879773.86,5222988.7,0.0,2043204544.58,3229952003.88,,,,
ERC,M4,CZ06,cDXHP,0.0,59890582.54,30263025.15,0.0,437448404.31,6209239707.29,,,,
ERC,M4,CZ07,cDXHP,0.0,3812351.49,24827008.31,0.0,348976187.67,6257965037.32,,,,
ERC,M4,CZ08,cDXHP,0.0,95221538.92,239514101.28,0.0,544576832.62,9847440895.06,,,,
ERC,M4,CZ09,cDXHP,0.0,218209364.61,358132787.19,0.0,772231274.34,10057748450.72,,,,
ERC,M4,CZ10,cDXHP,0.0,198154651.08,435055455.63,0.0,807045331.5,10836355151.66,,,,
ERC,M4,CZ11,cDXHP,0.0,1488264592.27,1278346231.62,0.0,3346810176.8,12222246573.17,,,,
ERC,M4,CZ12,cDXHP,0.0,1441599728.27,515738995.41,0.0,3323965939.15,8412078118.18,,,,
ERC,M4,CZ13,cDXHP,0.0,1244731671.11,1426511755.73,0.0,2634145292.45,13159121954.46,,,,
ERC,M4,CZ14,cDXHP,0.0,1381105702.51,1125752813.93,0.0,3025535403.51,12444543434.27,,,,
ERC,M4,CZ15,cDXHP,0.0,107191145.07,3491088975.38,0.0,291488774.64,23849322631.37,,,,
ERC,M4,CZ16,cDXHP,0.0,3083658551.58,93458451.11,0.0,7173824310.4,4461934246.0,,,,
ERC,M4,CZ01,cPTAC,0.0,0.0,0.0,0.0,0.0,468556522.7,,,,
ERC,M4,CZ02,cPTAC,0.0,0.0,66734911.2,0.0,0.0,4669448317.68,,,,
ERC,M4,CZ03,cPTAC,0.0,0.0,3739182.52,0.0,0.0,2869190669.42,,,,
ERC,M4,CZ04,cPTAC,0.0,0.0,481862770.42,0.0,0.0,8184635135.28,,,,
ERC,M4,CZ05,cPTAC,0.0,0.0,5090625.34,0.0,0.0,3111627912.25,,,,
ERC,M4,CZ06,cPTAC,0.0,0.0,29856480.01,0.0,0.0,6424136973.87,,,,
ERC,M4,CZ07,cPTAC,0.0,0.0,24524101.49,0.0,0.0,6413853374.18,,,,
ERC,M4,CZ08,cPTAC,0.0,0.0,238419587.04,0.0,0.0,9872623590.21,,,,
ERC,M4,CZ09,cPTAC,0.0,0.0,356932489.44,0.0,0.0,10024547813.14,,,,
ERC,M4,CZ10,cPTAC,0.0,0.0,434341367.47,0.0,0.0,10776612171.85,,,,
ERC,M4,CZ11,cPTAC,0.0,0.0,1268323512.56,0.0,0.0,12060524716.34,,,,
ERC,M4,CZ12,cPTAC,0.0,0.0,510825872.02,0.0,0.0,8320007420.4,,,,
ERC,M4,CZ13,cPTAC,0.0,0.0,1420183641.01,0.0,0.0,13072054532.64,,,,
ERC,M4,CZ14,cPTAC,0.0,0.0,1114034652.54,0.0,0.0,12197355833.93,,,,
ERC,M4,CZ15,cPTAC,0.0,0.0,3491045732.98,0.0,0.0,23818109517.59,,,,
ERC,M4,CZ16,cPTAC,0.0,0.0,92610044.97,0.0,0.0,4338413554.22,,,,
ERC,M4,CZ01,cPVVG,9509911786.24,0.0,0.0,30979250284.03,0.0,291224776.15,,,,
ERC,M4,CZ02,cPVVG,6877953184.85,0.0,48778319.89,19531355384.98,0.0,3997694936.48,,,,
ERC,M4,CZ03,cPVVG,3903842697.39,0.0,2779078.63,12967739622.07,0.0,2204142099.72,,,,
ERC,M4,CZ04,cPVVG,5719772154.96,0.0,387605985.65,15807130324.52,0.0,7274121236.58,,,,
ERC,M4,CZ05,cPVVG,2813661615.59,0.0,3257392.23,11795779308.49,0.0,2482533598.94,,,,
ERC,M4,CZ06,cPVVG,418069353.18,0.0,20730353.01,3248740799.59,0.0,5317810406.04,,,,
ERC,M4,CZ07,cPVVG,34483903.04,0.0,17790115.21,2663689391.51,0.0,5244354867.51,,,,
ERC,M4,CZ08,cPVVG,663347388.3,0.0,155997362.06,3781880021.64,0.0,8551744790.38,,,,
ERC,M4,CZ09,cPVVG,1386567238.29,0.0,246907530.1,5124118669.07,0.0,8669627278.71,,,,
ERC,M4,CZ10,cPVVG,1249292912.59,0.0,320744794.91,5161223472.89,0.0,9563930829.71,,,,
ERC,M4,CZ11,cPVVG,7193086324.53,0.0,1018377711.06,17680951277.8,0.0,10895080608.09,,,,
ERC,M4,CZ12,cPVVG,7101646189.11,0.0,402083004.69,17603553503.88,0.0,7333192340.99,,,,
ERC,M4,CZ13,cPVVG,6482357143.9,0.0,1128773662.44,14632710771.41,0.0,11763769992.51,,,,
ERC,M4,CZ14,cPVVG,6304127109.38,0.0,866556317.69,15166420197.88,0.0,10996915948.34,,,,
ERC,M4,CZ15,cPVVG,629931496.79,0.0,2786060327.94,2045825850.03,0.0,21801914672.86,,,,
ERC,M4,CZ16,cPVVG,13305213880.79,0.0,44590184.68,32673912519.42,0.0,3589388892.98,,,,
ERC,M5,CZ01,cDXGF,8983789345.69,0.0,2337491620.22,8983789345.69,0.0,2337491620.22,,,,
ERC,M5,CZ02,cDXGF,5461761414.3,0.0,6203663657.34,5461761414.3,0.0,6203663657.34,,,,
ERC,M5,CZ03,cDXGF,3387887046.04,0.0,5159059235.17,3387887046.04,0.0,5159059235.17,,,,
ERC,M5,CZ04,cDXGF,4243948803.3,0.0,8607013578.38,4243948803.3,0.0,8607013578.38,,,,
ERC,M5,CZ05,cDXGF,2540305062.37,0.0,5272079800.34,2540305062.37,0.0,5272079800.34,,,,
ERC,M5,CZ06,cDXGF,544180266.06,0.0,8271958862.32,544180266.06,0.0,8271958862.32,,,,
ERC,M5,CZ07,cDXGF,365774264.84,0.0,8243111800.62,365774264.84,0.0,8243111800.62,,,,
ERC,M5,CZ08,cDXGF,704872457.71,0.0,10873661586.94,704872457.71,0.0,10873661586.94,,,,
ERC,M5,CZ09,cDXGF,1115711223.46,0.0,10762449269.99,1115711223.46,0.0,10762449269.99,,,,
ERC,M5,CZ10,cDXGF,958333978.98,0.0,11173889315.9,958333978.98,0.0,11173889315.9,,,,
ERC,M5,CZ11,cDXGF,5538584636.13,0.0,11302962385.42,5538584636.13,0.0,11302962385.42,,,,
ERC,M5,CZ12,cDXGF,5354511587.93,0.0,9045127280.19,5354511587.93,0.0,9045127280.19,,,,
ERC,M5,CZ13,cDXGF,4478411538.6,0.0,12493674362.3,4478411538.6,0.0,12493674362.3,,,,
ERC,M5,CZ14,cDXGF,4198138464.21,0.0,11012880006.61,4198138464.21,0.0,11012880006.61,,,,
ERC,M5,CZ15,cDXGF,329957446.29,0.0,20099353620.96,329957446.29,0.0,20099353620.96,,,,
ERC,M5,CZ16,cDXGF,11187252635.72,0.0,5166437833.05,11187252635.72,0.0,5166437833.05,,,,
ERC,M5,CZ01,cDXHP,0.0,2330537028.08,2646854184.56,0.0,2404923418.95,2646854184.56,,,,
ERC,M5,CZ02,cDXHP,0.0,1492950979.7,6522225267.75,0.0,1511377993.42,6522225267.75,,,,
ERC,M5,CZ03,cDXHP,0.0,839280395.77,5589043641.15,0.0,839280395.77,5589043641.15,,,,
ERC,M5,CZ04,cDXHP,0.0,1215537520.34,8869723688.19,0.0,1215537520.34,8869723688.19,,,,
ERC,M5,CZ05,cDXHP,0.0,656913704.63,5722413643.78,0.0,656913704.63,5722413643.78,,,,
ERC,M5,CZ06,cDXHP,0.0,127879542.56,8616949183.26,0.0,127879542.56,8616949183.26,,,,
ERC,M5,CZ07,cDXHP,0.0,84916789.58,8575509665.08,0.0,84916789.58,8575509665.08,,,,
ERC,M5,CZ08,cDXHP,0.0,171270232.72,11054572871.76,0.0,171270232.72,11054572871.76,,,,
ERC,M5,CZ09,cDXHP,0.0,277443344.16,10891297721.92,0.0,277443344.16,10891297721.92,,,,
ERC,M5,CZ10,cDXHP,0.0,241205834.23,11243793250.64,0.0,241205834.23,11243793250.64,,,,
ERC,M5,CZ11,cDXHP,0.0,1495411946.69,11433504683.89,0.0,1495411946.69,11433504683.89,,,,
ERC,M5,CZ12,cDXHP,0.0,1423261022.05,9278881977.31,0.0,1423261022.05,9278881977.31,,,,
ERC,M5,CZ13,cDXHP,0.0,1170456321.8,12581731586.8,0.0,1170456321.8,12581731586.8,,,,
ERC,M5,CZ14,cDXHP,0.0,1276731989.02,11148180926.09,0.0,1276731989.02,11148180926.09,,,,
ERC,M5,CZ15,cDXHP,0.0,82812789.0,20099595775.17,0.0,82812789.0,20099595775.17,,,,
ERC,M5,CZ16,cDXHP,0.0,3566289851.21,5406555062.38,0.0,3661435937.24,5406555062.38,,,,
ERC,M5,CZ01,cPTAC,0.0,0.0,1975186262.69,0.0,0.0,1975186262.69,,,,
ERC,M5,CZ02,cPTAC,0.0,0.0,5841510349.51,0.0,0.0,5841510349.51,,,,
ERC,M5,CZ03,cPTAC,0.0,0.0,4897356072.83,0.0,0.0,4897356072.83,,,,
ERC,M5,CZ04,cPTAC,0.0,0.0,8224464297.69,0.0,0.0,8224464297.69,,,,
ERC,M5,CZ05,cPTAC,0.0,0.0,4973829130.6,0.0,0.0,4973829130.6,,,,
ERC,M5,CZ06,cPTAC,0.0,0.0,8168977513.15,0.0,0.0,8168977513.15,,,,
ERC,M5,CZ07,cPTAC,0.0,0.0,8142213477.13,0.0,0.0,8142213477.13,,,,
ERC,M5,CZ08,cPTAC,0.0,0.0,10742542861.61,0.0,0.0,10742542861.61,,,,
ERC,M5,CZ09,cPTAC,0.0,0.0,10609156413.81,0.0,0.0,10609156413.81,,,,
ERC,M5,CZ10,cPTAC,0.0,0.0,11006373172.33,0.0,0.0,11006373172.33,,,,
ERC,M5,CZ11,cPTAC,0.0,0.0,11052761749.46,0.0,0.0,11052761749.46,,,,
ERC,M5,CZ12,cPTAC,0.0,0.0,8773654611.97,0.0,0.0,8773654611.97,,,,
ERC,M5,CZ13,cPTAC,0.0,0.0,12265159298.15,0.0,0.0,12265159298.15,,,,
ERC,M5,CZ14,cPTAC,0.0,0.0,10720329531.35,0.0,0.0,10720329531.35,,,,
ERC,M5,CZ15,cPTAC,0.0,0.0,20028927400.81,0.0,0.0,20028927400.81,,,,
ERC,M5,CZ16,cPTAC,0.0,0.0,4866298764.15,0.0,0.0,4866298764.15,,,,
ERC,M5,CZ01,cPVVG,3698047293.56,0.0,0.0,8932007546.47,0.0,2307885954.54,,,,
ERC,M5,CZ02,cPVVG,2810798032.42,0.0,31722253.7,5493747740.72,0.0,6138005721.63,,,,
ERC,M5,CZ03,cPVVG,1618133772.26,0.0,1642905.28,3423247468.67,0.0,5102649900.92,,,,
ERC,M5,CZ04,cPVVG,2269612554.03,0.0,217664820.78,4284706582.95,0.0,8521001344.01,,,,
ERC,M5,CZ05,cPVVG,1062364738.85,0.0,2123936.61,2558715191.83,0.0,5211665646.38,,,,
ERC,M5,CZ06,cPVVG,155874172.66,0.0,19101195.84,556683188.6,0.0,8185049457.51,,,,
ERC,M5,CZ07,cPVVG,9595496.44,0.0,17252645.22,373429243.33,0.0,8156326774.38,,,,
ERC,M5,CZ08,cPVVG,223323047.23,0.0,159635743.78,719649358.32,0.0,10769112584.13,,,,
ERC,M5,CZ09,cPVVG,528846006.78,0.0,211939893.49,1140601340.22,0.0,10657738583.11,,,,
ERC,M5,CZ10,cPVVG,443768829.11,0.0,209629842.6,976182444.09,0.0,11068914071.19,,,,
ERC,M5,CZ11,cPVVG,3077792412.28,0.0,688938433.28,5621156928.01,0.0,11199011885.07,,,,
ERC,M5,CZ12,cPVVG,3096341535.01,0.0,254681877.93,5419657144.08,0.0,8958530685.47,,,,
ERC,M5,CZ13,cPVVG,2922930966.46,0.0,768197328.92,4562325663.0,0.0,12380717681.9,,,,
ERC,M5,CZ14,cPVVG,2358268145.8,0.0,550798278.57,4250681646.28,0.0,10906297858.14,,,,
ERC,M5,CZ15,cPVVG,193746465.15,0.0,1710216831.46,338820897.37,0.0,19931550881.07,,,,
ERC,M5,CZ16,cPVVG,5545468580.41,0.0,62326151.3,11309765702.05,0.0,5105254445.07,,,,
Ese,M1,CZ01,cDXGF,5030686318.41,0.0,22450630.99,133060967266.72,0.0,5493860359.7,,,,
Ese,M1,CZ02,cDXGF,12069704003.11,0.0,4020343963.87,102367970578.34,0.0,108133059707.75,,,,
Ese,M1,CZ03,cDXGF,2361048678.15,0.0,1016542656.44,50272688646.39,0.0,47165926543.46,,,,
Ese,M1,CZ04,cDXGF,7686862520.58,0.0,10676174078.37,81354502879.15,0.0,177807981510.28,,,,
Ese,M1,CZ05,cDXGF,1707241506.75,0.0,1151890274.74,48042441152.09,0.0,64857701399.02,,,,
Ese,M1,CZ06,cDXGF,0.0,0.0,2637123157.24,9742156649.86,0.0,128145919131.7,,,,
Ese,M1,CZ07,cDXGF,0.0,0.0,2947724033.64,8600881356.56,0.0,136819398392.91,,,,
Ese,M1,CZ08,cDXGF,0.0,0.0,7986762620.69,13648041852.49,0.0,215323983770.6,,,,
Ese,M1,CZ09,cDXGF,432389200.48,0.0,10348538311.07,19441484599.92,0.0,216538071076.06,,,,
Ese,M1,CZ10,cDXGF,304614931.37,0.0,11583784917.32,24491383743.86,0.0,239459187019.7,,,,
Ese,M1,CZ11,cDXGF,17693469500.89,0.0,21354685909.08,94465439708.08,0.0,250202895697.58,,,,
Ese,M1,CZ12,cDXGF,14316877617.41,0.0,10296488196.8,89558610226.66,0.0,173716338517.64,,,,
Ese,M1,CZ13,cDXGF,12194093186.03,0.0,23043326106.69,69080575518.32,0.0,262508993229.6,,,,
Ese,M1,CZ14,cDXGF,6802067229.7,0.0,18228650913.12,64479269551.81,0.0,249619641577.53,,,,
Ese,M1,CZ15,cDXGF,0.0,0.0,51175771058.1,6062221718.43,0.0,474519447032.1,,,,
Ese,M1,CZ16,cDXGF,29628819290.87,0.0,2953148455.75,173023442720.65,0.0,81559535578.57,,,,
Ese,M1,CZ01,cDXHP,0.0,1442253929.26,22774996.99,0.0,33494680406.97,5288979390.05,,,,
Ese,M1,CZ02,cDXHP,0.0,3339681062.9,4068958412.06,0.0,26680504475.23,108121868748.06,,,,
Ese,M1,CZ03,cDXHP,0.0,608014133.41,1028878049.23,0.0,12345425403.47,46948690272.92,,,,
Ese,M1,CZ04,cDXHP,0.0,2165861468.14,10828591748.78,0.0,21812297983.99,180211628673.85,,,,
Ese,M1,CZ05,cDXHP,0.0,438947682.7,1172269252.92,0.0,12062622090.92,64942233972.8,,,,
Ese,M1,CZ06,cDXHP,0.0,0.0,2664119527.33,0.0,2329958333.7,123870845288.87,,,,
Ese,M1,CZ07,cDXHP,0.0,0.0,2971540225.3,0.0,2053987043.94,133315348262.69,,,,
Ese,M1,CZ08,cDXHP,0.0,0.0,8023245214.22,0.0,3356533041.69,214010903176.59,,,,
Ese,M1,CZ09,cDXHP,0.0,114804622.04,10379596320.27,0.0,4845526428.72,216148620121.33,,,,
Ese,M1,CZ10,cDXHP,0.0,80175820.63,11605972110.13,0.0,6146321018.19,239441663697.75,,,,
Ese,M1,CZ11,cDXHP,0.0,5032851143.0,21550956434.99,0.0,24800923434.78,252260998151.66,,,,
Ese,M1,CZ12,cDXHP,0.0,3903260428.2,10399335978.36,0.0,23227356338.7,174294433200.62,,,,
Ese,M1,CZ13,cDXHP,0.0,3313051636.03,23186215730.6,0.0,17921719773.27,263717626720.51,,,,
Ese,M1,CZ14,cDXHP,0.0,2133886279.49,18424569304.1,0.0,18151883672.25,253060495448.28,,,,
Ese,M1,CZ15,cDXHP,0.0,0.0,51198725892.61,0.0,1520915553.22,474671970284.25,,,,
Ese,M1,CZ16,cDXHP,0.0,9510704515.91,2974047419.96,0.0,52284399707.68,82803512155.59,,,,
Ese,M1,CZ01,cPTAC,0.0,0.0,22754224.01,0.0,0.0,5369991755.19,,,,
Ese,M1,CZ02,cPTAC,0.0,0.0,4009987254.95,0.0,0.0,107556549229.32,,,,
Ese,M1,CZ03,cPTAC,0.0,0.0,1015937315.32,0.0,0.0,47055624806.65,,,,
Ese,M1,CZ04,cPTAC,0.0,0.0,10664668427.7,0.0,0.0,177046114432.09,,,,
Ese,M1,CZ05,cPTAC,0.0,0.0,1147997607.39,0.0,0.0,64391965575.49,,,,
Ese,M1,CZ06,cPTAC,0.0,0.0,2636832652.24,0.0,0.0,128074265393.95,,,,
Ese,M1,CZ07,cPTAC,0.0,0.0,2947315266.75,0.0,0.0,136748174170.18,,,,
Ese,M1,CZ08,cPTAC,0.0,0.0,7984255023.23,0.0,0.0,215122672429.52,,,,
Ese,M1,CZ09,cPTAC,0.0,0.0,10345469392.07,0.0,0.0,216316684987.63,,,,
Ese,M1,CZ10,cPTAC,0.0,0.0,11580189268.65,0.0,0.0,239149008341.24,,,,
Ese,M1,CZ11,cPTAC,0.0,0.0,21352292290.72,0.0,0.0,249857848700.88,,,,
Ese,M1,CZ12,cPTAC,0.0,0.0,10294812434.56,0.0,0.0,173459787349.91,,,,
Ese,M1,CZ13,cPTAC,0.0,0.0,23042316371.05,0.0,0.0,262373137942.85,,,,
Ese,M1,CZ14,cPTAC,0.0,0.0,18226192570.88,0.0,0.0,249168006935.5,,,,
Ese,M1,CZ15,cPTAC,0.0,0.0,51173449995.15,0.0,0.0,474436317999.33,,,,
Ese,M1,CZ16,cPTAC,0.0,0.0,2951511159.84,0.0,0.0,81326122761.87,,,,
Ese,M1,CZ01,cPVVG,40010334130.53,0.0,18861571.27,1081362635640.21,0.0,17402234939.79,,,,
Ese,M1,CZ02,cPVVG,67307534222.74,0.0,3145140902.78,829013055916.23,0.0,269975636316.98,,,,
Ese,M1,CZ03,cPVVG,13884443462.44,0.0,810000467.16,503659583620.15,0.0,122014819439.35,,,,
Ese,M1,CZ04,cPVVG,54843725347.11,0.0,8779809956.58,671042800987.09,0.0,467099385492.22,,,,
Ese,M1,CZ05,cPVVG,11432741007.54,0.0,971613435.45,494690461558.25,0.0,158002428867.36,,,,
Ese,M1,CZ06,cPVVG,101493608.59,0.0,2009440811.1,151600686476.58,0.0,301840470499.23,,,,
Ese,M1,CZ07,cPVVG,0.0,0.0,2148437178.28,135430376857.45,0.0,306121567360.35,,,,
Ese,M1,CZ08,cPVVG,934641244.36,0.0,5916155165.54,175371323164.98,0.0,525370617788.17,,,,
Ese,M1,CZ09,cPVVG,6600418827.62,0.0,7684599645.81,227730783732.78,0.0,530317548969.45,,,,
Ese,M1,CZ10,cPVVG,11992120779.58,0.0,8897194224.78,260882668751.06,0.0,626125462372.58,,,,
Ese,M1,CZ11,cPVVG,70361927140.94,0.0,18201007675.59,693204114086.49,0.0,656156987950.28,,,,
Ese,M1,CZ12,cPVVG,61110101836.84,0.0,8489318228.98,690031289075.68,0.0,450215906499.55,,,,
Ese,M1,CZ13,cPVVG,46779449386.53,0.0,19651554637.23,565232940563.05,0.0,687584854101.64,,,,
Ese,M1,CZ14,cPVVG,42753454398.54,0.0,14487583083.35,532559256143.69,0.0,638491113801.48,,,,
Ese,M1,CZ15,cPVVG,1745393722.66,0.0,48621616650.9,94175930623.87,0.0,1258111999529.07,,,,
Ese,M1,CZ16,cPVVG,166903935029.77,0.0,1979603538.73,1156256872374.23,0.0,185628779828.36,,,,
Ese,M2,CZ01,cDXGF,29973826.44,0.0,1437894688.16,1601048455.08,0.0,218793685544.9,,,,
Ese,M2,CZ02,cDXGF,138034062.61,0.0,6791153279.72,1711586610.07,0.0,285145596706.97,,,,
Ese,M2,CZ03,cDXGF,12216318.44,0.0,4974949560.0,663041773.7,0.0,271783100826.66,,,,
Ese,M2,CZ04,cDXGF,75054198.38,0.0,12194913316.46,1024879627.5,0.0,326184241211.28,,,,
Ese,M2,CZ05,cDXGF,14803070.85,0.0,5805702270.92,474070890.8,0.0,279359092364.52,,,,
Ese,M2,CZ06,cDXGF,0.0,0.0,8037657308.88,58838703.15,0.0,311696124509.69,,,,
Ese,M2,CZ07,cDXGF,0.0,0.0,7644351598.76,51203229.44,0.0,311329950586.32,,,,
Ese,M2,CZ08,cDXGF,0.0,0.0,13081785897.85,103212444.5,0.0,353043370359.38,,,,
Ese,M2,CZ09,cDXGF,815603.1,0.0,15227398481.27,202872546.38,0.0,358783580735.16,,,,
Ese,M2,CZ10,cDXGF,327311.68,0.0,14025273273.24,318964747.78,0.0,355797275664.96,,,,
Ese,M2,CZ11,cDXGF,236206051.23,0.0,21252588318.33,1477295103.78,0.0,355211358788.28,,,,
Ese,M2,CZ12,cDXGF,110132685.65,0.0,12276705446.63,1045851817.77,0.0,319454087322.47,,,,
Ese,M2,CZ13,cDXGF,59264123.71,0.0,22640790250.86,666636266.7,0.0,369957656601.64,,,,
Ese,M2,CZ14,cDXGF,35972427.39,0.0,18761797366.77,563541898.73,0.0,361511275421.54,,,,
Ese,M2,CZ15,cDXGF,0.0,0.0,41853522763.29,12658410.89,0.0,472369002476.68,,,,
Ese,M2,CZ16,cDXGF,484923078.05,0.0,8741358952.41,3336179371.29,0.0,283258116790.86,,,,
Ese,M2,CZ01,cDXHP,0.0,9320511.27,1442997411.09,0.0,414194325.48,217932272917.27,,,,
Ese,M2,CZ02,cDXHP,0.0,40151807.4,6830963283.81,0.0,458586006.7,284729118466.97,,,,
Ese,M2,CZ03,cDXHP,0.0,3160567.33,5007592389.43,0.0,159911788.66,270956317900.37,,,,
Ese,M2,CZ04,cDXHP,0.0,20421710.79,12258710361.66,0.0,281307063.47,325706001274.84,,,,
Ese,M2,CZ05,cDXHP,0.0,3867858.66,5860066943.24,0.0,120357912.88,278958853237.31,,,,
Ese,M2,CZ06,cDXHP,0.0,0.0,8094811782.59,0.0,13551522.14,312557414397.54,,,,
Ese,M2,CZ07,cDXHP,0.0,0.0,7688656733.97,0.0,11796681.73,311527539913.04,,,,
Ese,M2,CZ08,cDXHP,0.0,0.0,13117260652.89,0.0,24344117.27,353163319540.13,,,,
Ese,M2,CZ09,cDXHP,0.0,225069.45,15253115636.14,0.0,48832816.95,358867300550.8,,,,
Ese,M2,CZ10,cDXHP,0.0,89039.22,14036176631.78,0.0,79103813.43,355779640854.93,,,,
Ese,M2,CZ11,cDXHP,0.0,67432494.91,21320311146.56,0.0,395636824.61,354706354023.14,,,,
Ese,M2,CZ12,cDXHP,0.0,30755114.74,12328537856.33,0.0,272345647.44,318941626019.49,,,,
Ese,M2,CZ13,cDXHP,0.0,16327164.34,22678046561.0,0.0,169066750.04,369618603540.82,,,,
Ese,M2,CZ14,cDXHP,0.0,11951581.19,18816281071.37,0.0,167491495.58,361076247601.96,,,,
Ese,M2,CZ15,cDXHP,0.0,0.0,41863408081.0,0.0,3122381.97,472360881367.52,,,,
Ese,M2,CZ16,cDXHP,0.0,158986220.7,8755676334.92,0.0,1055880292.84,282999434888.23,,,,
Ese,M2,CZ01,cPTAC,0.0,0.0,1435392032.3,0.0,0.0,218615044489.21,,,,
Ese,M2,CZ02,cPTAC,0.0,0.0,6791107400.28,0.0,0.0,284972863244.66,,,,
Ese,M2,CZ03,cPTAC,0.0,0.0,4974741161.94,0.0,0.0,271714508479.96,,,,
Ese,M2,CZ04,cPTAC,0.0,0.0,12194541482.47,0.0,0.0,326090529280.54,,,,
Ese,M2,CZ05,cPTAC,0.0,0.0,5805581024.16,0.0,0.0,279317722744.58,,,,
Ese,M2,CZ06,cPTAC,0.0,0.0,8037654037.41,0.0,0.0,311689774631.51,,,,
Ese,M2,CZ07,cPTAC,0.0,0.0,7644343519.71,0.0,0.0,311324259628.46,,,,
Ese,M2,CZ08,cPTAC,0.0,0.0,13081762585.14,0.0,0.0,353031987583.55,,,,
Ese,M2,CZ09,cPTAC,0.0,0.0,15227315753.1,0.0,0.0,358759080125.12,,,,
Ese,M2,CZ10,cPTAC,0.0,0.0,14025116109.75,0.0,0.0,355765295437.62,,,,
Ese,M2,CZ11,cPTAC,0.0,0.0,21249631038.69,0.0,0.0,355062120424.89,,,,
Ese,M2,CZ12,cPTAC,0.0,0.0,12276524095.72,0.0,0.0,319339347612.08,,,,
Ese,M2,CZ13,cPTAC,0.0,0.0,22640745717.59,0.0,0.0,369884176776.52,,,,
Ese,M2,CZ14,cPTAC,0.0,0.0,18761467687.69,0.0,0.0,361448084547.15,,,,
Ese,M2,CZ15,cPTAC,0.0,0.0,41853517051.39,0.0,0.0,472366665517.32,,,,
Ese,M2,CZ16,cPTAC,0.0,0.0,8738876169.58,0.0,0.0,282937137203.4,,,,
Ese,M2,CZ01,cPVVG,656297876.24,0.0,1063651546.25,68917031724.43,0.0,203900545520.67,,,,
Ese,M2,CZ02,cPVVG,2670346150.06,0.0,5197914959.05,61509652389.31,0.0,416933138698.25,,,,
Ese,M2,CZ03,cPVVG,330556027.63,0.0,3811065243.31,36568937522.48,0.0,315211167436.3,,,,
Ese,M2,CZ04,cPVVG,1889404140.74,0.0,9310909317.64,51656776684.58,0.0,556484055202.86,,,,
Ese,M2,CZ05,cPVVG,335855367.81,0.0,4522836215.87,36524747737.58,0.0,344436032401.68,,,,
Ese,M2,CZ06,cPVVG,0.0,0.0,6296104820.33,9780025219.34,0.0,456195987345.34,,,,
Ese,M2,CZ07,cPVVG,0.0,0.0,5948905596.61,9681001502.29,0.0,454472365908.27,,,,
Ese,M2,CZ08,cPVVG,0.0,0.0,9946203463.96,12858631994.65,0.0,617839605574.72,,,,
Ese,M2,CZ09,cPVVG,75917016.57,0.0,11475362124.2,16127689785.01,0.0,625534052446.73,,,,
Ese,M2,CZ10,cPVVG,226800607.83,0.0,10464381014.52,21692785718.41,0.0,679116707372.67,,,,
Ese,M2,CZ11,cPVVG,3666703903.12,0.0,16403174063.88,47477512265.85,0.0,670009173702.26,,,,
Ese,M2,CZ12,cPVVG,2125274510.86,0.0,9352497760.75,47100063391.68,0.0,544253845987.84,,,,
Ese,M2,CZ13,cPVVG,1194545530.9,0.0,17386419818.05,33707979463.69,0.0,705780218212.14,,,,
Ese,M2,CZ14,cPVVG,1025711698.79,0.0,13739516106.93,32728149337.55,0.0,666878919061.03,,,,
Ese,M2,CZ15,cPVVG,10917931.58,0.0,33428640176.13,4010888899.34,0.0,1054751465671.09,,,,
Ese,M2,CZ16,cPVVG,8334082524.07,0.0,6264425652.83,72732688775.14,0.0,375923934106.48,,,,
Ese,M3,CZ01,cDXGF,7189335899.11,0.0,190068184025.65,7189335899.11,0.0,190330782978.99,,,,
Ese,M3,CZ02,cDXGF,9456745044.25,0.0,248581835576.34,9456745044.25,0.0,248581835576.34,,,,
Ese,M3,CZ03,cDXGF,3523320979.4,0.0,238644339069.07,3523320979.4,0.0,238644339069.07,,,,
Ese,M3,CZ04,cDXGF,7315897551.96,0.0,287836744814.76,7315897551.96,0.0,287836744814.76,,,,
Ese,M3,CZ05,cDXGF,2975095963.52,0.0,244929405989.3,2975095963.52,0.0,244929405989.3,,,,
Ese,M3,CZ06,cDXGF,443098578.8,0.0,277642575837.44,443098578.8,0.0,280008323950.25,,,,
Ese,M3,CZ07,cDXGF,368494039.79,0.0,278112731115.45,368494039.79,0.0,278512442138.38,,,,
Ese,M3,CZ08,cDXGF,716070643.81,0.0,315780410551.49,716070643.81,0.0,315780410551.49,,,,
Ese,M3,CZ09,cDXGF,1450039026.71,0.0,319056786598.15,1450039026.71,0.0,319056786598.15,,,,
Ese,M3,CZ10,cDXGF,1781950476.56,0.0,317859126981.13,1781950476.56,0.0,317859126981.13,,,,
Ese,M3,CZ11,cDXGF,11108493036.69,0.0,313463683475.11,11108493036.69,0.0,313463683475.11,,,,
Ese,M3,CZ12,cDXGF,8080846133.57,0.0,282598548486.96,8080846133.57,0.0,282598548486.96,,,,
Ese,M3,CZ13,cDXGF,5931158864.12,0.0,328976516928.65,5931158864.12,0.0,328976516928.65,,,,
Ese,M3,CZ14,cDXGF,4228528132.85,0.0,321237133978.79,4228528132.85,0.0,321237133978.79,,,,
Ese,M3,CZ15,cDXGF,109076191.92,0.0,430293310832.2,109076191.92,0.0,430293310832.2,,,,
Ese,M3,CZ16,cDXGF,21755824700.7,0.0,238070171048.88,21755824700.7,0.0,238070171048.88,,,,
Ese,M3,CZ01,cDXHP,0.0,1854175868.69,190177994958.18,0.0,1854175868.69,190177994958.18,,,,
Ese,M3,CZ02,cDXHP,0.0,2513182411.97,248961899071.03,0.0,2513182411.97,248961899071.03,,,,
Ese,M3,CZ03,cDXHP,0.0,869559376.19,239081964028.26,0.0,869559376.19,239081964028.26,,,,
Ese,M3,CZ04,cDXHP,0.0,1970139622.11,288667093414.68,0.0,1970139622.11,288667093414.68,,,,
Ese,M3,CZ05,cDXHP,0.0,759245634.11,245121507583.35,0.0,759245634.11,245121507583.35,,,,
Ese,M3,CZ06,cDXHP,0.0,106864332.55,280782652849.06,0.0,106864332.55,280782652849.06,,,,
Ese,M3,CZ07,cDXHP,0.0,88668274.08,279144065199.11,0.0,88668274.08,279144065199.11,,,,
Ese,M3,CZ08,cDXHP,0.0,176619889.58,316293755937.98,0.0,176619889.58,316293755937.98,,,,
Ese,M3,CZ09,cDXHP,0.0,363921540.15,319361483456.78,0.0,363921540.15,319361483456.78,,,,
Ese,M3,CZ10,cDXHP,0.0,454091163.79,317995225798.64,0.0,454091163.79,317995225798.64,,,,
Ese,M3,CZ11,cDXHP,0.0,2971926662.44,314484956360.07,0.0,2971926662.44,314484956360.07,,,,
Ese,M3,CZ12,cDXHP,0.0,2133192104.67,283380792810.95,0.0,2133192104.67,283380792810.95,,,,
Ese,M3,CZ13,cDXHP,0.0,1555560574.72,329717269640.01,0.0,1555560574.72,329717269640.01,,,,
Ese,M3,CZ14,cDXHP,0.0,1241015792.5,322557682269.21,0.0,1241015792.5,322557682269.21,,,,
Ese,M3,CZ15,cDXHP,0.0,28049116.89,430365925072.8,0.0,28049116.89,430365925072.8,,,,
Ese,M3,CZ16,cDXHP,0.0,6540346026.2,236685134279.99,0.0,6540346026.2,236685134279.99,,,,
Ese,M3,CZ01,cPTAC,0.0,0.0,189744648610.39,0.0,0.0,190007245446.04,,,,
Ese,M3,CZ02,cPTAC,0.0,0.0,248241753250.56,0.0,0.0,248241753250.56,,,,
Ese,M3,CZ03,cPTAC,0.0,0.0,238477338012.05,0.0,0.0,238477338012.05,,,,
Ese,M3,CZ04,cPTAC,0.0,0.0,287602144933.36,0.0,0.0,287602144933.36,,,,
Ese,M3,CZ05,cPTAC,0.0,0.0,244809038706.48,0.0,0.0,244809038706.48,,,,
Ese,M3,CZ06,cPTAC,0.0,0.0,277620409380.87,0.0,0.0,279986156897.75,,,,
Ese,M3,CZ07,cPTAC,0.0,0.0,278092369184.43,0.0,0.0,278492080207.29,,,,
Ese,M3,CZ08,cPTAC,0.0,0.0,315743444249.54,0.0,0.0,315743444249.54,,,,
Ese,M3,CZ09,cPTAC,0.0,0.0,319005158301.35,0.0,0.0,319005158301.35,,,,
Ese,M3,CZ10,cPTAC,0.0,0.0,317784918616.67,0.0,0.0,317784918616.67,,,,
Ese,M3,CZ11,cPTAC,0.0,0.0,313181678682.07,0.0,0.0,313181678682.07,,,,
Ese,M3,CZ12,cPTAC,0.0,0.0,282332509416.87,0.0,0.0,282332509416.87,,,,
Ese,M3,CZ13,cPTAC,0.0,0.0,328788764043.71,0.0,0.0,328788764043.71,,,,
Ese,M3,CZ14,cPTAC,0.0,0.0,321088447296.79,0.0,0.0,321088447296.79,,,,
Ese,M3,CZ15,cPTAC,0.0,0.0,430285253972.72,0.0,0.0,430285253972.72,,,,
Ese,M3,CZ16,cPTAC,0.0,0.0,237582052750.41,0.0,0.0,237582052750.41,,,,
Ese,M3,CZ01,cPVVG,3679475124.71,0.0,890842203.88,131316701528.84,0.0,218355250901.4,,,,
Ese,M3,CZ02,cPVVG,12437305444.36,0.0,4440741460.65,133901511729.47,0.0,468815049935.93,,,,
Ese,M3,CZ03,cPVVG,1995993032.05,0.0,3206052706.49,77466445796.75,0.0,390301681905.36,,,,
Ese,M3,CZ04,cPVVG,9702236491.88,0.0,7834015351.68,115043773193.19,0.0,603530919772.77,,,,
Ese,M3,CZ05,cPVVG,1927965111.66,0.0,3836767561.56,78219178255.2,0.0,422058839434.74,,,,
Ese,M3,CZ06,cPVVG,0.0,0.0,5403423077.32,25056396288.7,0.0,591385238541.98,,,,
Ese,M3,CZ07,cPVVG,0.0,0.0,5058347723.13,25255357784.02,0.0,593040560528.75,,,,
Ese,M3,CZ08,cPVVG,51382333.62,0.0,8434887259.93,32510941189.52,0.0,705981146773.95,,,,
Ese,M3,CZ09,cPVVG,860116682.8,0.0,9610485269.19,39725285893.01,0.0,699932480419.05,,,,
Ese,M3,CZ10,cPVVG,2077715635.4,0.0,8768145383.44,52248055802.22,0.0,742386184963.42,,,,
Ese,M3,CZ11,cPVVG,14047806787.77,0.0,13635537433.69,115926268583.92,0.0,705035422671.52,,,,
Ese,M3,CZ12,cPVVG,10460954475.86,0.0,7884475657.18,107523774312.17,0.0,596382182700.56,,,,
Ese,M3,CZ13,cPVVG,7780776245.0,0.0,14359997475.4,84188102592.55,0.0,750322485418.96,,,,
Ese,M3,CZ14,cPVVG,5608524158.57,0.0,10851325132.33,74366776555.25,0.0,702432246215.25,,,,
Ese,M3,CZ15,cPVVG,116151594.47,0.0,26941663467.75,11877431388.98,0.0,1088275746552.92,,,,
Ese,M3,CZ16,cPVVG,34542695700.91,0.0,4867609992.27,181603955747.49,0.0,411841763804.22,,,,
Ese,M4,CZ01,cDXGF,5030670728.06,0.0,139013891.81,133040894956.54,0.0,45241474189.7,,,,
Ese,M4,CZ02,cDXGF,12068994526.47,0.0,4693532550.47,102357658648.55,0.0,152722933790.47,,,,
Ese,M4,CZ03,cDXGF,2361130985.69,0.0,1947817914.33,50264436961.94,0.0,118175661969.54,,,,
Ese,M4,CZ04,cDXGF,7686841815.81,0.0,11345677908.36,81342160931.01,0.0,220118224945.4,,,,
Ese,M4,CZ05,cDXGF,1707241294.33,0.0,2514537215.54,48034938632.11,0.0,130201208573.4,,,,
Ese,M4,CZ06,cDXGF,0.0,0.0,3807007818.17,9740247016.91,0.0,198510738971.77,,,,
Ese,M4,CZ07,cDXGF,0.0,0.0,3680198049.14,8598564771.21,0.0,197198074812.01,,,,
Ese,M4,CZ08,cDXGF,0.0,0.0,8970061184.82,13644027189.36,0.0,264591625004.42,,,,
Ese,M4,CZ09,cDXGF,432386949.02,0.0,11385025094.1,19436349864.94,0.0,266799130069.63,,,,
Ese,M4,CZ10,cDXGF,304612774.04,0.0,12419149812.53,24485453801.16,0.0,281685891665.15,,,,
Ese,M4,CZ11,cDXGF,17693597227.95,0.0,22161058822.36,94457464977.9,0.0,285752345918.0,,,,
Ese,M4,CZ12,cDXGF,14316835722.28,0.0,11135973411.58,89550695475.17,0.0,216663699501.28,,,,
Ese,M4,CZ13,cDXGF,12194075610.47,0.0,23878159311.23,69073009523.66,0.0,300767622552.22,,,,
Ese,M4,CZ14,cDXGF,6802062616.23,0.0,18987125284.51,64468981926.83,0.0,288782578269.92,,,,
Ese,M4,CZ15,cDXGF,0.0,0.0,52109843564.35,6059339780.92,0.0,503138601027.39,,,,
Ese,M4,CZ16,cDXGF,29628701760.35,0.0,4879262244.75,173009713195.15,0.0,136359915787.15,,,,
Ese,M4,CZ01,cDXHP,0.0,1442249563.38,140605796.05,0.0,33489990225.05,43795429655.06,,,,
Ese,M4,CZ02,cDXHP,0.0,3339461627.54,4746524539.51,0.0,26677808345.97,152520972879.77,,,,
Ese,M4,CZ03,cDXHP,0.0,608034987.74,1968168325.22,0.0,12343392750.06,116699111163.74,,,,
Ese,M4,CZ04,cDXHP,0.0,2165555158.46,11501469789.97,0.0,21808953479.39,222574831592.45,,,,
Ese,M4,CZ05,cDXHP,0.0,438947626.48,2548482036.34,0.0,12060286049.51,128522226517.84,,,,
Ese,M4,CZ06,cDXHP,0.0,0.0,3840884174.57,0.0,2329313601.81,192902307092.09,,,,
Ese,M4,CZ07,cDXHP,0.0,0.0,3706903635.32,0.0,2053350389.3,192876360042.14,,,,
Ese,M4,CZ08,cDXHP,0.0,0.0,9009081401.8,0.0,3355511191.94,263168743599.9,,,,
Ese,M4,CZ09,cDXHP,0.0,114804031.22,11417944694.87,0.0,4844281156.56,266391871106.24,,,,
Ese,M4,CZ10,cDXHP,0.0,80175262.87,12442270864.34,0.0,6144892315.04,281693862166.77,,,,
Ese,M4,CZ11,cDXHP,0.0,5032884618.32,22360127287.7,0.0,24798967159.68,287886878353.02,,,,
Ese,M4,CZ12,cDXHP,0.0,3903249400.51,11243189183.0,0.0,23225431333.7,217121336662.39,,,,
Ese,M4,CZ13,cDXHP,0.0,3313046967.49,24022746740.24,0.0,17919847153.47,302024648487.13,,,,
Ese,M4,CZ14,cDXHP,0.0,2133884877.97,19185468112.2,0.0,18149203220.02,292447302502.92,,,,
Ese,M4,CZ15,cDXHP,0.0,0.0,52132968069.18,0.0,1520188040.12,503295226482.31,,,,
Ese,M4,CZ16,cDXHP,0.0,9510651628.45,4908265699.58,0.0,52280814485.82,138132234720.42,,,,
Ese,M4,CZ01,cPTAC,0.0,0.0,135927920.13,0.0,0.0,43610604790.17,,,,
Ese,M4,CZ02,cPTAC,0.0,0.0,4668024259.75,0.0,0.0,150810334554.37,,,,
Ese,M4,CZ03,cPTAC,0.0,0.0,1941896241.74,0.0,0.0,117251250462.64,,,,
Ese,M4,CZ04,cPTAC,0.0,0.0,11316851194.74,0.0,0.0,218034394278.25,,,,
Ese,M4,CZ05,cPTAC,0.0,0.0,2501045329.37,0.0,0.0,128800491010.08,,,,
Ese,M4,CZ06,cPTAC,0.0,0.0,3805599431.93,0.0,0.0,198202009272.37,,,,
Ese,M4,CZ07,cPTAC,0.0,0.0,3678796138.61,0.0,0.0,196903734576.74,,,,
Ese,M4,CZ08,cPTAC,0.0,0.0,8965984366.16,0.0,0.0,264068409506.79,,,,
Ese,M4,CZ09,cPTAC,0.0,0.0,11379422956.24,0.0,0.0,266189640019.55,,,,
Ese,M4,CZ10,cPTAC,0.0,0.0,12412085429.04,0.0,0.0,280905597681.28,,,,
Ese,M4,CZ11,cPTAC,0.0,0.0,22150128203.81,0.0,0.0,284415843163.78,,,,
Ese,M4,CZ12,cPTAC,0.0,0.0,11128809444.96,0.0,0.0,215461148379.73,,,,
Ese,M4,CZ13,cPTAC,0.0,0.0,23873923784.04,0.0,0.0,299894414034.34,,,,
Ese,M4,CZ14,cPTAC,0.0,0.0,18971600985.56,0.0,0.0,287121279401.86,,,,
Ese,M4,CZ15,cPTAC,0.0,0.0,52105799387.56,0.0,0.0,502877824242.59,,,,
Ese,M4,CZ16,cPTAC,0.0,0.0,4870899241.78,0.0,0.0,134556482543.45,,,,
Ese,M4,CZ01,cPVVG,40010322830.91,0.0,62510459.7,1081333782147.31,0.0,39636390312.66,,,,
Ese,M4,CZ02,cPVVG,67307504845.68,0.0,3483777745.98,828991519136.07,0.0,295721837027.83,,,,
Ese,M4,CZ03,cPVVG,13884439855.53,0.0,1273861116.27,503640072805.7,0.0,163769710869.8,,,,
Ese,M4,CZ04,cPVVG,54843695342.03,0.0,9085725462.94,671017344673.44,0.0,491597541261.75,,,,
Ese,M4,CZ05,cPVVG,11432740717.41,0.0,1688402042.62,494675093567.25,0.0,196515287578.32,,,,
Ese,M4,CZ06,cPVVG,101493608.59,0.0,2593547245.78,151595897914.02,0.0,342649868476.93,,,,
Ese,M4,CZ07,cPVVG,0.0,0.0,2500266820.64,135422480191.41,0.0,340565515191.77,,,,
Ese,M4,CZ08,cPVVG,934641365.37,0.0,6402504292.06,175359184536.54,0.0,553705534636.13,,,,
Ese,M4,CZ09,cPVVG,6600415500.34,0.0,8194592882.67,227720702495.38,0.0,559446028827.71,,,,
Ese,M4,CZ10,cPVVG,11992115310.35,0.0,9295495183.74,260872575331.19,0.0,650156051063.72,,,,
Ese,M4,CZ11,cPVVG,70361862830.41,0.0,18490834232.75,693189266789.43,0.0,676559239767.58,,,,
Ese,M4,CZ12,cPVVG,61110067436.98,0.0,8864424481.16,690013296235.71,0.0,475244441398.22,,,,
Ese,M4,CZ13,cPVVG,46779437217.56,0.0,19982689780.02,565217683874.52,0.0,709926696280.39,,,,
Ese,M4,CZ14,cPVVG,42753440611.98,0.0,14769265082.47,532538736943.38,0.0,661332979262.23,,,,
Ese,M4,CZ15,cPVVG,1745393722.66,0.0,49051391397.72,94168507383.81,0.0,1274232203558.04,,,,
Ese,M4,CZ16,cPVVG,166903761344.6,0.0,2927183277.37,1156232341610.67,0.0,218646331149.1,,,,
Ese,M5,CZ01,cDXGF,9598078685.37,0.0,129972732362.53,9598078685.37,0.0,130055649537.77,,,,
Ese,M5,CZ02,cDXGF,12114841612.68,0.0,211901486690.61,12114841612.68,0.0,212045494177.73,,,,
Ese,M5,CZ03,cDXGF,4452993533.85,0.0,192012492979.27,4452993533.85,0.0,192029190153.67,,,,
Ese,M5,CZ04,cDXGF,9204177265.31,0.0,252875896222.44,9204177265.31,0.0,254632595784.32,,,,
Ese,M5,CZ05,cDXGF,3816630708.6,0.0,197175958794.96,3816630708.6,0.0,197403938827.4,,,,
Ese,M5,CZ06,cDXGF,546572793.91,0.0,247197306411.3,546572793.91,0.0,249409764765.6,,,,
Ese,M5,CZ07,cDXGF,451428925.92,0.0,247453918358.2,451428925.92,0.0,248722559730.92,,,,
Ese,M5,CZ08,cDXGF,886201269.82,0.0,299415779425.91,886201269.82,0.0,300792516807.94,,,,
Ese,M5,CZ09,cDXGF,1806688548.76,0.0,296666642608.09,1806688548.76,0.0,297408009401.57,,,,
Ese,M5,CZ10,cDXGF,2261312929.46,0.0,304437212522.78,2261312929.46,0.0,304890368571.72,,,,
Ese,M5,CZ11,cDXGF,13773616116.82,0.0,294690979993.13,13773616116.82,0.0,295310813993.26,,,,
Ese,M5,CZ12,cDXGF,10123949562.02,0.0,257320525081.2,10123949562.02,0.0,257376472461.67,,,,
Ese,M5,CZ13,cDXGF,7264908469.26,0.0,314359848965.12,7264908469.26,0.0,314485822729.86,,,,
Ese,M5,CZ14,cDXGF,5536747519.32,0.0,286708880581.52,5536747519.32,0.0,287621663976.69,,,,
Ese,M5,CZ15,cDXGF,137514536.33,0.0,442680494252.61,137514536.33,0.0,448019347243.26,,,,
Ese,M5,CZ16,cDXGF,28014474686.97,0.0,178336694087.61,28014474686.97,0.0,178336694087.61,,,,
Ese,M5,CZ01,cDXHP,0.0,2859235238.06,146640985633.44,0.0,3041584916.79,146640985633.44,,,,
Ese,M5,CZ02,cDXHP,0.0,3776983592.19,220027093822.94,0.0,3806716637.33,220027093822.94,,,,
Ese,M5,CZ03,cDXHP,0.0,1148336229.63,203486472921.79,0.0,1148336229.63,203486472921.79,,,,
Ese,M5,CZ04,cDXHP,0.0,2895783467.74,261001789169.79,0.0,2895783467.74,261114734415.73,,,,
Ese,M5,CZ05,cDXHP,0.0,1089418193.57,210979160490.96,0.0,1089418193.57,210979160490.96,,,,
Ese,M5,CZ06,cDXHP,0.0,130510644.61,260913926287.61,0.0,130510644.61,260984054001.7,,,,
Ese,M5,CZ07,cDXHP,0.0,107491079.09,258134592304.58,0.0,107491079.09,258302529121.62,,,,
Ese,M5,CZ08,cDXHP,0.0,220528638.21,304776217762.86,0.0,220528638.21,305445124576.31,,,,
Ese,M5,CZ09,cDXHP,0.0,459901589.33,300302731255.7,0.0,459901589.33,300594212209.94,,,,
Ese,M5,CZ10,cDXHP,0.0,596284206.18,305772533051.03,0.0,596284206.18,306106173123.98,,,,
Ese,M5,CZ11,cDXHP,0.0,4000068669.25,298931351945.68,0.0,4000068669.25,298931351945.68,,,,
Ese,M5,CZ12,cDXHP,0.0,2939389674.84,263665433390.7,0.0,2939389674.84,263665433390.7,,,,
Ese,M5,CZ13,cDXHP,0.0,2014004090.64,317727510752.62,0.0,2014004090.64,317727510752.62,,,,
Ese,M5,CZ14,cDXHP,0.0,1972060053.49,292283628633.72,0.0,1972060053.49,292283628633.72,,,,
Ese,M5,CZ15,cDXHP,0.0,36102507.21,442845399086.11,0.0,36102507.21,448075079506.68,,,,
Ese,M5,CZ16,cDXHP,0.0,10183011318.2,189290004309.62,0.0,10222389766.8,189290004309.62,,,,
Ese,M5,CZ01,cPTAC,0.0,0.0,125474376926.06,0.0,0.0,125557294101.31,,,,
Ese,M5,CZ02,cPTAC,0.0,0.0,207350848249.14,0.0,0.0,207494855736.27,,,,
Ese,M5,CZ03,cPTAC,0.0,0.0,189848950308.37,0.0,0.0,189865647482.76,,,,
Ese,M5,CZ04,cPTAC,0.0,0.0,249140850095.27,0.0,0.0,250897549928.61,,,,
Ese,M5,CZ05,cPTAC,0.0,0.0,195222549980.09,0.0,0.0,195450530627.13,,,,
Ese,M5,CZ06,cPTAC,0.0,0.0,246818839769.6,0.0,0.0,249031297736.36,,,,
Ese,M5,CZ07,cPTAC,0.0,0.0,247075115337.62,0.0,0.0,248343756710.34,,,,
Ese,M5,CZ08,cPTAC,0.0,0.0,298760105201.08,0.0,0.0,300136842585.85,,,,
Ese,M5,CZ09,cPTAC,0.0,0.0,295689892892.59,0.0,0.0,296431259686.08,,,,
Ese,M5,CZ10,cPTAC,0.0,0.0,303137124455.4,0.0,0.0,303590280609.68,,,,
Ese,M5,CZ11,cPTAC,0.0,0.0,290727795806.03,0.0,0.0,291347629903.53,,,,
Ese,M5,CZ12,cPTAC,0.0,0.0,253492080095.22,0.0,0.0,253548027475.69,,,,
Ese,M5,CZ13,cPTAC,0.0,0.0,311270888835.9,0.0,0.0,311396862600.65,,,,
Ese,M5,CZ14,cPTAC,0.0,0.0,283859343747.57,0.0,0.0,284772127142.74,,,,
Ese,M5,CZ15,cPTAC,0.0,0.0,442427526677.82,0.0,0.0,447766379668.47,,,,
Ese,M5,CZ16,cPTAC,0.0,0.0,171976202890.12,0.0,0.0,171976202890.12,,,,
Ese,M5,CZ01,cPVVG,5629421320.26,0.0,705093911.0,208832520112.48,0.0,189615206341.38,,,,
Ese,M5,CZ02,cPVVG,17289192644.26,0.0,4177007929.79,208870925810.65,0.0,447976386397.14,,,,
Ese,M5,CZ03,cPVVG,2593463561.73,0.0,2816988138.47,118898719406.22,0.0,360147997849.76,,,,
Ese,M5,CZ04,cPVVG,13539321990.03,0.0,7886277958.42,178501637970.73,0.0,597882902659.92,,,,
Ese,M5,CZ05,cPVVG,2556949993.61,0.0,3404818467.07,120684902986.4,0.0,388605689423.82,,,,
Ese,M5,CZ06,cPVVG,0.0,0.0,4904701946.98,37307320429.74,0.0,571691575319.44,,,,
Ese,M5,CZ07,cPVVG,0.0,0.0,4574489063.19,36652308785.27,0.0,572976541820.82,,,,
Ese,M5,CZ08,cPVVG,71921920.55,0.0,8137301242.79,49599187857.81,0.0,711760310741.89,,,,
Ese,M5,CZ09,cPVVG,1280677840.86,0.0,9319340103.51,62219215211.73,0.0,698158332422.16,,,,
Ese,M5,CZ10,cPVVG,2994239190.02,0.0,8750866184.36,79257217001.21,0.0,758498499894.73,,,,
Ese,M5,CZ11,cPVVG,19699382129.22,0.0,14280660330.27,183994579430.38,0.0,732197614399.89,,,,
Ese,M5,CZ12,cPVVG,14390859659.58,0.0,7872432985.39,172075924665.31,0.0,598412663803.03,,,,
Ese,M5,CZ13,cPVVG,10434914684.84,0.0,14928852007.43,133820428717.94,0.0,784584864179.98,,,,
Ese,M5,CZ14,cPVVG,8552057336.01,0.0,11195316882.25,123342044298.38,0.0,706117436124.91,,,,
Ese,M5,CZ15,cPVVG,181015823.39,0.0,29217874730.86,19259268573.42,0.0,1228747055018.5,,,,
Ese,M5,CZ16,cPVVG,49676678774.95,0.0,4365866825.37,282396011716.45,0.0,358836031816.96,,,,
Eun,M1,CZ01,cDXGF,8181856620.08,0.0,917469586.9,1531086064599.24,0.0,122789152202.26,,,,
Eun,M1,CZ02,cDXGF,18875928817.58,0.0,33502349754.76,1092620229244.11,0.0,1708403780972.28,,,,
Eun,M1,CZ03,cDXGF,2020432846.21,0.0,10491738255.3,583726321094.86,0.0,827854186564.12,,,,
Eun,M1,CZ04,cDXGF,16348053878.42,0.0,75681325944.74,969221285909.0,0.0,2680988671403.68,,,,
Eun,M1,CZ05,cDXGF,3199191635.5,0.0,11768389576.3,627514160141.77,0.0,1146291132910.67,,,,
Eun,M1,CZ06,cDXGF,0.0,0.0,22915447426.63,137677729740.82,0.0,2102365063174.13,,,,
Eun,M1,CZ07,cDXGF,0.0,0.0,20625906778.67,104515897711.01,0.0,2277009926694.1,,,,
Eun,M1,CZ08,cDXGF,0.0,0.0,52310888596.08,203803902093.18,0.0,3306132504364.2,,,,
Eun,M1,CZ09,cDXGF,175206038.67,0.0,63977171942.59,259152491897.83,0.0,3309810119556.69,,,,
Eun,M1,CZ10,cDXGF,165665671.04,0.0,64172155541.6,283113495805.0,0.0,3578575898322.68,,,,
Eun,M1,CZ11,cDXGF,41434109580.39,0.0,136299371565.13,981107733706.48,0.0,3649727448559.27,,,,
Eun,M1,CZ12,cDXGF,11474919868.2,0.0,69099598089.54,937030669879.72,0.0,2585503170608.22,,,,
Eun,M1,CZ13,cDXGF,6515728329.63,0.0,144397704841.92,740814879684.27,0.0,3815092340582.14,,,,
Eun,M1,CZ14,cDXGF,14008416387.65,0.0,118682551421.13,872926160326.78,0.0,3743289388331.18,,,,
Eun,M1,CZ15,cDXGF,615826084.21,0.0,281597371812.24,122729316922.87,0.0,6752272297189.88,,,,
Eun,M1,CZ16,cDXGF,88580992968.84,0.0,22526788659.02,1588689329132.91,0.0,1356166665841.98,,,,
Eun,M1,CZ01,cDXHP,0.0,2242789297.48,955371780.92,0.0,389902351567.76,118572083282.67,,,,
Eun,M1,CZ02,cDXHP,0.0,5095596741.4,33971777722.46,0.0,287233762941.58,1711871407588.29,,,,
Eun,M1,CZ03,cDXHP,0.0,498354504.79,10682352212.27,0.0,144309438473.44,821219289707.79,,,,
Eun,M1,CZ04,cDXHP,0.0,4331627484.16,76573484463.3,0.0,262092071064.23,2707434017058.16,,,,
Eun,M1,CZ05,cDXHP,0.0,821361502.94,12096249826.18,0.0,159114892680.37,1143740669265.56,,,,
Eun,M1,CZ06,cDXHP,0.0,0.0,23250389580.61,0.0,32970322822.73,2051789296849.44,,,,
Eun,M1,CZ07,cDXHP,0.0,0.0,20841931846.02,0.0,25001242719.51,2237355750225.43,,,,
Eun,M1,CZ08,cDXHP,0.0,0.0,52606441446.21,0.0,50255418713.55,3295375868621.14,,,,
Eun,M1,CZ09,cDXHP,0.0,47384975.48,64203021519.25,0.0,64769163528.59,3308938071254.27,,,,
Eun,M1,CZ10,cDXHP,0.0,44439658.29,64295927283.98,0.0,71479089391.0,3579726634404.04,,,,
Eun,M1,CZ11,cDXHP,0.0,11516842514.1,137300414014.3,0.0,258200900423.8,3669983836151.1,,,,
Eun,M1,CZ12,cDXHP,0.0,3047193884.82,69789083785.35,0.0,244207377175.84,2594959589119.67,,,,
Eun,M1,CZ13,cDXHP,0.0,1688060270.98,145241272193.99,0.0,192101555248.62,3830551555148.0,,,,
Eun,M1,CZ14,cDXHP,0.0,4370735794.25,119976605509.31,0.0,247041621246.74,3781239970401.1,,,,
Eun,M1,CZ15,cDXHP,0.0,167632900.24,281755877543.87,0.0,30849275330.69,6754397820043.1,,,,
Eun,M1,CZ16,cDXHP,0.0,28411895524.89,22727667759.46,0.0,478830096262.72,1372717737603.07,,,,
Eun,M1,CZ01,cPTAC,0.0,0.0,898679813.2,0.0,0.0,123025979722.75,,,,
Eun,M1,CZ02,cPTAC,0.0,0.0,33393308023.54,0.0,0.0,1703587639079.75,,,,
Eun,M1,CZ03,cPTAC,0.0,0.0,10471746940.99,0.0,0.0,835742818848.59,,,,
Eun,M1,CZ04,cPTAC,0.0,0.0,75519077657.79,0.0,0.0,2673556326561.38,,,,
Eun,M1,CZ05,cPTAC,0.0,0.0,11722913112.96,0.0,0.0,1146240626831.98,,,,
Eun,M1,CZ06,cPTAC,0.0,0.0,22905234081.32,0.0,0.0,2112878244676.57,,,,
Eun,M1,CZ07,cPTAC,0.0,0.0,20626743315.1,0.0,0.0,2286436415593.09,,,,
Eun,M1,CZ08,cPTAC,0.0,0.0,52282155606.2,0.0,0.0,3310460225394.85,,,,
Eun,M1,CZ09,cPTAC,0.0,0.0,63939423566.15,0.0,0.0,3314747119064.73,,,,
Eun,M1,CZ10,cPTAC,0.0,0.0,64144443115.91,0.0,0.0,3580334085083.24,,,,
Eun,M1,CZ11,cPTAC,0.0,0.0,136270064978.45,0.0,0.0,3646921726676.24,,,,
Eun,M1,CZ12,cPTAC,0.0,0.0,69052973373.27,0.0,0.0,2586235901238.49,,,,
Eun,M1,CZ13,cPTAC,0.0,0.0,144382573665.2,0.0,0.0,3816066474662.69,,,,
Eun,M1,CZ14,cPTAC,0.0,0.0,118640481691.06,0.0,0.0,3736934664282.24,,,,
Eun,M1,CZ15,cPTAC,0.0,0.0,281584773332.05,0.0,0.0,6754545266235.75,,,,
Eun,M1,CZ16,cPTAC,0.0,0.0,22480954092.49,0.0,0.0,1345508805489.34,,,,
Eun,M1,CZ01,cPVVG,11141233560.07,0.0,371700937.75,2494269484443.46,0.0,97874762316.01,,,,
Eun,M1,CZ02,cPVVG,26303494912.4,0.0,10490912343.16,1846279461572.37,0.0,766528137377.29,,,,
Eun,M1,CZ03,cPVVG,3468892451.25,0.0,3510603810.4,1076707916207.09,0.0,436389867685.99,,,,
Eun,M1,CZ04,cPVVG,25177537351.25,0.0,25653212393.21,1609414486719.45,0.0,1186190837327.64,,,,
Eun,M1,CZ05,cPVVG,2713958517.66,0.0,4315491428.16,1169054107274.32,0.0,562054571968.94,,,,
Eun,M1,CZ06,cPVVG,0.0,0.0,7349323361.54,312529748819.41,0.0,1002498116994.98,,,,
Eun,M1,CZ07,cPVVG,0.0,0.0,6040800948.31,253972407737.32,0.0,1039858110577.56,,,,
Eun,M1,CZ08,cPVVG,0.0,0.0,15750058800.31,422112663778.79,0.0,1460171649857.13,,,,
Eun,M1,CZ09,cPVVG,238733122.44,0.0,19684166430.61,520623692307.32,0.0,1447443939783.91,,,,
Eun,M1,CZ10,cPVVG,213084171.79,0.0,20238285209.39,560130684699.89,0.0,1574769531694.64,,,,
Eun,M1,CZ11,cPVVG,54564754732.81,0.0,48865450195.16,1622065364254.07,0.0,1590198006280.55,,,,
Eun,M1,CZ12,cPVVG,16519608689.45,0.0,23137160627.77,1565973977565.55,0.0,1149985771220.97,,,,
Eun,M1,CZ13,cPVVG,6636363763.9,0.0,48830903799.82,1271556385248.89,0.0,1651724189129.28,,,,
Eun,M1,CZ14,cPVVG,18250669730.38,0.0,39790979995.91,1445200006873.99,0.0,1627742969133.79,,,,
Eun,M1,CZ15,cPVVG,816016983.94,0.0,100649220665.05,264266699261.2,0.0,2918327899573.34,,,,
Eun,M1,CZ16,cPVVG,125916707658.37,0.0,5734506545.14,2629659047682.08,0.0,588430960913.94,,,,
Eun,M2,CZ01,cDXGF,113906075.79,0.0,27528929821.23,26928589542.89,0.0,4287797197870.18,,,,
Eun,M2,CZ02,cDXGF,244153845.63,0.0,68010815461.56,19425374721.31,0.0,5074141971015.49,,,,
Eun,M2,CZ03,cDXGF,70251777.77,0.0,59602322695.8,9215848056.9,0.0,4914330334805.78,,,,
Eun,M2,CZ04,cDXGF,342314107.65,0.0,101082912319.11,14788164260.2,0.0,5529906457895.28,,,,
Eun,M2,CZ05,cDXGF,62189028.84,0.0,67209883053.35,7365783052.5,0.0,5034997682749.33,,,,
Eun,M2,CZ06,cDXGF,0.0,0.0,78989202614.94,887890236.91,0.0,5322512081078.06,,,,
Eun,M2,CZ07,cDXGF,0.0,0.0,67700455595.53,399885159.54,0.0,5327984029678.42,,,,
Eun,M2,CZ08,cDXGF,0.0,0.0,103518384577.85,1437173402.31,0.0,5776971013673.75,,,,
Eun,M2,CZ09,cDXGF,700705.19,0.0,114243957261.29,3001880176.41,0.0,5862796941443.57,,,,
Eun,M2,CZ10,cDXGF,545986.84,0.0,92671616071.2,2033840865.15,0.0,5756941278221.62,,,,
Eun,M2,CZ11,cDXGF,890593906.62,0.0,143529139731.5,21626408292.14,0.0,5766329807276.21,,,,
Eun,M2,CZ12,cDXGF,105246540.63,0.0,98100314611.0,16147710565.18,0.0,5392338702091.36,,,,
Eun,M2,CZ13,cDXGF,25121073.2,0.0,147957126746.89,12472937180.25,0.0,5895892711166.54,,,,
Eun,M2,CZ14,cDXGF,98665250.07,0.0,134946127105.01,11204205148.36,0.0,5914026499956.36,,,,
Eun,M2,CZ15,cDXGF,2750911.66,0.0,233840431112.29,823923855.01,0.0,7005619731699.8,,,,
Eun,M2,CZ16,cDXGF,1351749715.95,0.0,82144224164.39,45112685970.79,0.0,5116389096144.86,,,,
Eun,M2,CZ01,cDXHP,0.0,29875641.86,27788062428.58,0.0,6926883128.17,4319703406994.29,,,,
Eun,M2,CZ02,cDXHP,0.0,64857703.37,68720031368.04,0.0,5102492212.64,5088577714442.96,,,,
Eun,M2,CZ03,cDXHP,0.0,17359526.77,60182709073.54,0.0,2246175955.65,4937215161953.57,,,,
Eun,M2,CZ04,cDXHP,0.0,88626326.65,101835119974.87,0.0,3943510054.59,5539231341950.65,,,,
Eun,M2,CZ05,cDXHP,0.0,15723129.29,67893782002.43,0.0,1849280462.86,5067374570052.0,,,,
Eun,M2,CZ06,cDXHP,0.0,0.0,79394819006.78,0.0,208461332.8,5359353345092.36,,,,
Eun,M2,CZ07,cDXHP,0.0,0.0,68035916379.09,0.0,94267133.15,5353693702023.86,,,,
Eun,M2,CZ08,cDXHP,0.0,0.0,103890223203.49,0.0,346176369.16,5788708467262.78,,,,
Eun,M2,CZ09,cDXHP,0.0,196922.42,114470525121.19,0.0,737591859.93,5870305972147.73,,,,
Eun,M2,CZ10,cDXHP,0.0,150467.19,92719090054.59,0.0,512474275.71,5759745335844.14,,,,
Eun,M2,CZ11,cDXHP,0.0,244670473.35,144092116815.33,0.0,5697436123.83,5766891527037.17,,,,
Eun,M2,CZ12,cDXHP,0.0,27526222.32,98679197511.34,0.0,4166167448.68,5397226179135.94,,,,
Eun,M2,CZ13,cDXHP,0.0,6409687.64,148323559002.85,0.0,3170824375.84,5897456178669.37,,,,
Eun,M2,CZ14,cDXHP,0.0,31850987.84,135582539261.76,0.0,3245910311.85,5917081405561.88,,,,
Eun,M2,CZ15,cDXHP,0.0,777361.65,233959801508.4,0.0,214425981.43,7005451849534.67,,,,
Eun,M2,CZ16,cDXHP,0.0,433813301.21,82389987707.42,0.0,13489121149.93,5140066818516.2,,,,
Eun,M2,CZ01,cPTAC,0.0,0.0,27538166072.24,0.0,0.0,4287124766684.42,,,,
Eun,M2,CZ02,cPTAC,0.0,0.0,68011029567.38,0.0,0.0,5073655572130.43,,,,
Eun,M2,CZ03,cPTAC,0.0,0.0,59637802638.04,0.0,0.0,4915262326466.4,,,,
Eun,M2,CZ04,cPTAC,0.0,0.0,101102121358.88,0.0,0.0,5530531242567.85,,,,
Eun,M2,CZ05,cPTAC,0.0,0.0,67257001071.35,0.0,0.0,5036377460760.6,,,,
Eun,M2,CZ06,cPTAC,0.0,0.0,78980810704.99,0.0,0.0,5322429877487.08,,,,
Eun,M2,CZ07,cPTAC,0.0,0.0,67700403230.79,0.0,0.0,5327937590317.65,,,,
Eun,M2,CZ08,cPTAC,0.0,0.0,103517390015.95,0.0,0.0,5776865925165.14,,,,
Eun,M2,CZ09,cPTAC,0.0,0.0,114243035308.98,0.0,0.0,5862637234838.33,,,,
Eun,M2,CZ10,cPTAC,0.0,0.0,92670968649.51,0.0,0.0,5756804846087.22,,,,
Eun,M2,CZ11,cPTAC,0.0,0.0,143530830968.67,0.0,0.0,5766671081873.54,,,,
Eun,M2,CZ12,cPTAC,0.0,0.0,98097657477.89,0.0,0.0,5391830629347.23,,,,
Eun,M2,CZ13,cPTAC,0.0,0.0,147954427191.88,0.0,0.0,5895614958240.69,,,,
Eun,M2,CZ14,cPTAC,0.0,0.0,134942430577.19,0.0,0.0,5913313144872.36,,,,
Eun,M2,CZ15,cPTAC,0.0,0.0,233840195190.21,0.0,0.0,7005543286801.08,,,,
Eun,M2,CZ16,cPTAC,0.0,0.0,82159638659.18,0.0,0.0,5115888786263.91,,,,
Eun,M2,CZ01,cPVVG,436924328.88,0.0,9097897379.48,49688403228.01,0.0,1852397473118.67,,,,
Eun,M2,CZ02,cPVVG,1767619198.64,0.0,21626741925.99,39906083228.5,0.0,2127610160569.95,,,,
Eun,M2,CZ03,cPVVG,272150057.38,0.0,19823151312.85,18669766356.46,0.0,2078876203882.77,,,,
Eun,M2,CZ04,cPVVG,2726379808.37,0.0,31902765948.42,33994615651.08,0.0,2301547431356.49,,,,
Eun,M2,CZ05,cPVVG,169849360.74,0.0,23020159019.27,14488315622.36,0.0,2131261777333.37,,,,
Eun,M2,CZ06,cPVVG,0.0,0.0,27507258250.9,1871622207.06,0.0,2249987516100.59,,,,
Eun,M2,CZ07,cPVVG,0.0,0.0,23087516718.9,771634106.8,0.0,2241048440436.34,,,,
Eun,M2,CZ08,cPVVG,0.0,0.0,33779252166.63,2696394166.02,0.0,2402290900154.75,,,,
Eun,M2,CZ09,cPVVG,6874334.62,0.0,37682789352.63,6260657135.83,0.0,2428626127810.44,,,,
Eun,M2,CZ10,cPVVG,5947784.43,0.0,28932961360.03,3876438878.14,0.0,2394552974172.09,,,,
Eun,M2,CZ11,cPVVG,4974175543.05,0.0,44685561722.17,46409875331.85,0.0,2385943539446.38,,,,
Eun,M2,CZ12,cPVVG,931188326.33,0.0,30202996641.84,31273190513.09,0.0,2247241547772.85,,,,
Eun,M2,CZ13,cPVVG,197458054.08,0.0,43547636408.79,23320046681.62,0.0,2432663775875.2,,,,
Eun,M2,CZ14,cPVVG,859002421.75,0.0,41072108554.04,25343223971.58,0.0,2444383176130.53,,,,
Eun,M2,CZ15,cPVVG,22403116.47,0.0,70579301847.0,1675359892.45,0.0,2878471599426.63,,,,
Eun,M2,CZ16,cPVVG,8116902462.76,0.0,24998886781.39,103246454548.45,0.0,2110446195447.33,,,,
Eun,M3,CZ01,cDXGF,89429396305.02,0.0,3628299905685.04,89429396305.02,0.0,3653427213661.38,,,,
Eun,M3,CZ02,cDXGF,74897656571.8,0.0,4354167963296.33,74897656571.8,0.0,4354277029315.6,,,,
Eun,M3,CZ03,cDXGF,37386686722.35,0.0,4220335376447.8,37386686722.35,0.0,4221366095792.13,,,,
Eun,M3,CZ04,cDXGF,66363864165.34,0.0,4802233036083.76,66363864165.34,0.0,4803775256696.57,,,,
Eun,M3,CZ05,cDXGF,30992322417.74,0.0,4308883916864.83,30992322417.74,0.0,4326453028831.29,,,,
Eun,M3,CZ06,cDXGF,5182434847.42,0.0,4577709969319.92,5182434847.42,0.0,4668629953976.33,,,,
Eun,M3,CZ07,cDXGF,2458556330.46,0.0,4621020083200.37,2458556330.46,0.0,4663982974478.27,,,,
Eun,M3,CZ08,cDXGF,7589312772.18,0.0,5061485344419.08,7589312772.18,0.0,5066293471552.87,,,,
Eun,M3,CZ09,cDXGF,15077277075.67,0.0,5119083603596.8,15077277075.67,0.0,5119465704711.54,,,,
Eun,M3,CZ10,cDXGF,9170122899.15,0.0,5063566061001.75,9170122899.15,0.0,5063566061001.75,,,,
Eun,M3,CZ11,cDXGF,92633474187.49,0.0,5027732058176.54,92633474187.49,0.0,5027732058176.54,,,,
Eun,M3,CZ12,cDXGF,61463687992.71,0.0,4689114827636.26,61463687992.71,0.0,4689114827636.26,,,,
Eun,M3,CZ13,cDXGF,47445668866.29,0.0,5175533011139.61,47445668866.29,0.0,5175533011139.61,,,,
Eun,M3,CZ14,cDXGF,52864072448.71,0.0,5151047434638.86,52864072448.71,0.0,5151387485461.29,,,,
Eun,M3,CZ15,cDXGF,4182208486.35,0.0,6326677254674.25,4182208486.35,0.0,6326677254674.25,,,,
Eun,M3,CZ16,cDXGF,185222573299.71,0.0,4207504882500.4,185222573299.71,0.0,4226973773595.63,,,,
Eun,M3,CZ01,cDXHP,0.0,23042446015.78,3639789995482.75,0.0,23042446015.78,3639789995482.75,,,,
Eun,M3,CZ02,cDXHP,0.0,19756396800.42,4351311733426.84,0.0,19756396800.42,4351311733426.84,,,,
Eun,M3,CZ03,cDXHP,0.0,9257767300.2,4217735607738.74,0.0,9257767300.2,4217735607738.74,,,,
Eun,M3,CZ04,cDXHP,0.0,17836332331.4,4805586368580.45,0.0,17836332331.4,4805586368580.45,,,,
Eun,M3,CZ05,cDXHP,0.0,7886986780.04,4320050675601.11,0.0,7886986780.04,4320050675601.11,,,,
Eun,M3,CZ06,cDXHP,0.0,1252328888.62,4668095017369.55,0.0,1252328888.62,4671633515247.16,,,,
Eun,M3,CZ07,cDXHP,0.0,593148043.56,4665744205523.3,0.0,593148043.56,4667166065371.77,,,,
Eun,M3,CZ08,cDXHP,0.0,1868091983.52,5069217385241.37,0.0,1868091983.52,5069217385241.37,,,,
Eun,M3,CZ09,cDXHP,0.0,3782330823.9,5120649886753.89,0.0,3782330823.9,5120649886753.89,,,,
Eun,M3,CZ10,cDXHP,0.0,2339671671.46,5064280754970.69,0.0,2339671671.46,5064280754970.69,,,,
Eun,M3,CZ11,cDXHP,0.0,24547098795.32,5032702306970.38,0.0,24547098795.32,5032702306970.38,,,,
Eun,M3,CZ12,cDXHP,0.0,16053566772.36,4692678818517.15,0.0,16053566772.36,4692678818517.15,,,,
Eun,M3,CZ13,cDXHP,0.0,12268380754.64,5180880378295.8,0.0,12268380754.64,5180880378295.8,,,,
Eun,M3,CZ14,cDXHP,0.0,15268103906.74,5159789710832.99,0.0,15268103906.74,5159789710832.99,,,,
Eun,M3,CZ15,cDXHP,0.0,1084026570.7,6327615579574.38,0.0,1084026570.7,6327615579574.38,,,,
Eun,M3,CZ16,cDXHP,0.0,54210084485.97,4206508493061.19,0.0,54210084485.97,4206508493061.19,,,,
Eun,M3,CZ01,cPTAC,0.0,0.0,3626525538811.31,0.0,0.0,3651652756549.52,,,,
Eun,M3,CZ02,cPTAC,0.0,0.0,4353527879435.87,0.0,0.0,4353636945455.14,,,,
Eun,M3,CZ03,cPTAC,0.0,0.0,4219463965706.98,0.0,0.0,4220494684005.47,,,,
Eun,M3,CZ04,cPTAC,0.0,0.0,4801987093313.6,0.0,0.0,4803529304868.4,,,,
Eun,M3,CZ05,cPTAC,0.0,0.0,4310108929070.1,0.0,0.0,4327678033536.38,,,,
Eun,M3,CZ06,cPTAC,0.0,0.0,4577593719972.71,0.0,0.0,4668431113520.0,,,,
Eun,M3,CZ07,cPTAC,0.0,0.0,4620910646680.59,0.0,0.0,4663873533479.66,,,,
Eun,M3,CZ08,cPTAC,0.0,0.0,5061168871169.97,0.0,0.0,5065976998262.07,,,,
Eun,M3,CZ09,cPTAC,0.0,0.0,5118799212182.96,0.0,0.0,5119181313297.69,,,,
Eun,M3,CZ10,cPTAC,0.0,0.0,5063220567663.02,0.0,0.0,5063220567663.02,,,,
Eun,M3,CZ11,cPTAC,0.0,0.0,5027561380155.34,0.0,0.0,5027561380155.34,,,,
Eun,M3,CZ12,cPTAC,0.0,0.0,4688639792427.71,0.0,0.0,4688639792427.71,,,,
Eun,M3,CZ13,cPTAC,0.0,0.0,5173618522023.83,0.0,0.0,5173618522023.83,,,,
Eun,M3,CZ14,cPTAC,0.0,0.0,5149606805911.77,0.0,0.0,5149946856734.2,,,,
Eun,M3,CZ15,cPTAC,0.0,0.0,6326480331316.71,0.0,0.0,6326480331316.71,,,,
Eun,M3,CZ16,cPTAC,0.0,0.0,4205374232127.55,0.0,0.0,4225073502033.73,,,,
Eun,M3,CZ01,cPVVG,1115429403.14,0.0,8388336065.38,92279469644.86,0.0,1781588652670.79,,,,
Eun,M3,CZ02,cPVVG,4541582644.72,0.0,19821080356.71,77485514804.18,0.0,2058747516248.51,,,,
Eun,M3,CZ03,cPVVG,785000682.65,0.0,17954851296.99,38706462326.32,0.0,2006310325319.28,,,,
Eun,M3,CZ04,cPVVG,6248942028.22,0.0,29055927194.86,68764714756.24,0.0,2240953119010.53,,,,
Eun,M3,CZ05,cPVVG,1306744627.84,0.0,20884035463.77,32086611951.86,0.0,2051361678922.32,,,,
Eun,M3,CZ06,cPVVG,0.0,0.0,25048076305.75,5384225467.14,0.0,2178008336098.82,,,,
Eun,M3,CZ07,cPVVG,0.0,0.0,20832383494.46,2554814467.26,0.0,2171600900432.59,,,,
Eun,M3,CZ08,cPVVG,0.0,0.0,30330631877.71,7881314601.89,0.0,2336794168551.49,,,,
Eun,M3,CZ09,cPVVG,25123515.53,0.0,33667133639.5,15664947117.29,0.0,2363172215284.72,,,,
Eun,M3,CZ10,cPVVG,22778400.9,0.0,25859611770.6,9521457670.68,0.0,2340568772970.72,,,,
Eun,M3,CZ11,cPVVG,12346041016.35,0.0,39383961594.9,95980852584.8,0.0,2332440985867.42,,,,
Eun,M3,CZ12,cPVVG,2707651785.27,0.0,27300207699.11,63595365837.77,0.0,2190148101321.98,,,,
Eun,M3,CZ13,cPVVG,743447518.25,0.0,38408865771.54,49147678039.03,0.0,2381687914695.6,,,,
Eun,M3,CZ14,cPVVG,2295707609.32,0.0,35231282861.41,54917569070.98,0.0,2385354479731.58,,,,
Eun,M3,CZ15,cPVVG,104680168.88,0.0,61127875870.09,4345993808.07,0.0,2848496145495.97,,,,
Eun,M3,CZ16,cPVVG,19665434745.23,0.0,21489636485.17,193066077496.03,0.0,2009169525603.29,,,,
Eun,M4,CZ01,cDXGF,8180997227.51,0.0,4896557621.28,1530565919954.18,0.0,1388561694489.19,,,,
Eun,M4,CZ02,cDXGF,18870666690.79,0.0,43517875212.17,1092351510924.95,0.0,2816122500944.35,,,,
Eun,M4,CZ03,cDXGF,2020424771.96,0.0,25157673704.88,583506925248.85,0.0,2482757236864.27,,,,
Eun,M4,CZ04,cDXGF,16348046400.71,0.0,85282178828.27,968985544404.69,0.0,3725057474479.24,,,,
Eun,M4,CZ05,cDXGF,3199190392.92,0.0,31119124881.27,627262274003.03,0.0,2657562900544.16,,,,
Eun,M4,CZ06,cDXGF,0.0,0.0,37198330933.17,137596833826.59,0.0,3631457808368.03,,,,
Eun,M4,CZ07,cDXGF,0.0,0.0,28926443955.74,104453412929.54,0.0,3645854337588.65,,,,
Eun,M4,CZ08,cDXGF,0.0,0.0,64313317054.92,203713075449.93,0.0,4417170158484.21,,,,
Eun,M4,CZ09,cDXGF,175205837.13,0.0,76927989250.3,259064773109.23,0.0,4443396887977.06,,,,
Eun,M4,CZ10,cDXGF,165665593.43,0.0,72391798091.49,282998619098.01,0.0,4552293374171.93,,,,
Eun,M4,CZ11,cDXGF,41423860320.39,0.0,146285629329.51,980913318544.9,0.0,4512281479780.53,,,,
Eun,M4,CZ12,cDXGF,11474836719.22,0.0,79561084434.07,936830107857.49,0.0,3614804283680.59,,,,
Eun,M4,CZ13,cDXGF,6515725965.5,0.0,153747124016.73,740635190105.24,0.0,4697047544510.84,,,,
Eun,M4,CZ14,cDXGF,14008389778.79,0.0,129944452723.51,872744229731.39,0.0,4659588969732.71,,,,
Eun,M4,CZ15,cDXGF,615825372.87,0.0,292106300973.4,122680561671.12,0.0,7374630523418.48,,,,
Eun,M4,CZ16,cDXGF,88584613731.82,0.0,41998654334.23,1588454215148.94,0.0,2667762014393.74,,,,
Eun,M4,CZ01,cDXHP,0.0,2242767308.48,4998240660.2,0.0,389788557871.1,1363342810787.43,,,,
Eun,M4,CZ02,cDXHP,0.0,5094274566.23,44005617488.42,0.0,287170873267.51,2818103141552.82,,,,
Eun,M4,CZ03,cDXHP,0.0,498352030.63,25443563720.28,0.0,144257573760.08,2459279750296.38,,,,
Eun,M4,CZ04,cDXHP,0.0,4331625469.29,86202054675.84,0.0,262034026034.08,3753822670040.99,,,,
Eun,M4,CZ05,cDXHP,0.0,821361186.67,31558290295.2,0.0,159058680992.25,2630768308294.67,,,,
Eun,M4,CZ06,cDXHP,0.0,0.0,37563699285.87,0.0,32955277014.58,3572544053927.43,,,,
Eun,M4,CZ07,cDXHP,0.0,0.0,29170116230.41,0.0,24988084139.68,3599027423955.35,,,,
Eun,M4,CZ08,cDXHP,0.0,0.0,64621515856.02,0.0,50234394552.31,4406745303669.48,,,,
Eun,M4,CZ09,cDXHP,0.0,47384931.84,77165269550.28,0.0,64747402570.36,4443097832479.54,,,,
Eun,M4,CZ10,cDXHP,0.0,44439638.2,72522006065.77,0.0,71450203973.6,4554276697044.22,,,,
Eun,M4,CZ11,cDXHP,0.0,11514297080.65,147305896625.69,0.0,258152526267.97,4534011322383.44,,,,
Eun,M4,CZ12,cDXHP,0.0,3047173850.99,80287464770.59,0.0,244158228260.46,3624131950571.31,,,,
Eun,M4,CZ13,cDXHP,0.0,1688059656.5,154606955672.32,0.0,192056579726.9,4713449554215.58,,,,
Eun,M4,CZ14,cDXHP,0.0,4370727990.98,131244635657.72,0.0,246992455899.71,4701004292261.78,,,,
Eun,M4,CZ15,cDXHP,0.0,167632712.85,292267077183.2,0.0,30837099535.33,7376842500885.79,,,,
Eun,M4,CZ16,cDXHP,0.0,28411345043.73,42272514629.72,0.0,478770312033.1,2693737506965.25,,,,
Eun,M4,CZ01,cPTAC,0.0,0.0,4754296264.44,0.0,0.0,1337970307584.67,,,,
Eun,M4,CZ02,cPTAC,0.0,0.0,43186496197.08,0.0,0.0,2774210227569.48,,,,
Eun,M4,CZ03,cPTAC,0.0,0.0,25045081892.06,0.0,0.0,2460726738882.5,,,,
Eun,M4,CZ04,cPTAC,0.0,0.0,84855764865.44,0.0,0.0,3682015458090.5,,,,
Eun,M4,CZ05,cPTAC,0.0,0.0,30920012389.8,0.0,0.0,2630009069697.37,,,,
Eun,M4,CZ06,cPTAC,0.0,0.0,37155278460.71,0.0,0.0,3625429325495.88,,,,
Eun,M4,CZ07,cPTAC,0.0,0.0,28888128590.75,0.0,0.0,3640854780664.88,,,,
Eun,M4,CZ08,cPTAC,0.0,0.0,64247187919.2,0.0,0.0,4407196546545.52,,,,
Eun,M4,CZ09,cPTAC,0.0,0.0,76846847432.45,0.0,0.0,4431771935614.32,,,,
Eun,M4,CZ10,cPTAC,0.0,0.0,72302111871.34,0.0,0.0,4538424993500.05,,,,
Eun,M4,CZ11,cPTAC,0.0,0.0,146092083515.97,0.0,0.0,4476369953967.19,,,,
Eun,M4,CZ12,cPTAC,0.0,0.0,79412550455.39,0.0,0.0,3583016301557.55,,,,
Eun,M4,CZ13,cPTAC,0.0,0.0,153668206856.87,0.0,0.0,4673706383534.59,,,,
Eun,M4,CZ14,cPTAC,0.0,0.0,129595223006.15,0.0,0.0,4619975106964.03,,,,
Eun,M4,CZ15,cPTAC,0.0,0.0,292045086967.98,0.0,0.0,7368569561364.45,,,,
Eun,M4,CZ16,cPTAC,0.0,0.0,41768123665.28,0.0,0.0,2610672354299.36,,,,
Eun,M4,CZ01,cPVVG,11141127301.43,0.0,1057481503.35,2493482872076.97,0.0,445415914307.63,,,,
Eun,M4,CZ02,cPVVG,26303448849.63,0.0,12562052342.59,1845815607682.85,0.0,1058501402712.24,,,,
Eun,M4,CZ03,cPVVG,3468882425.13,0.0,6563208805.86,1076330830697.95,0.0,889231389189.82,,,,
Eun,M4,CZ04,cPVVG,25177529463.61,0.0,27635766717.93,1609105576597.24,0.0,1456807540745.99,,,,
Eun,M4,CZ05,cPVVG,2713958140.43,0.0,8731007969.5,1168613105776.26,0.0,975250175089.41,,,,
Eun,M4,CZ06,cPVVG,0.0,0.0,10587820636.67,312362449261.04,0.0,1405342309880.92,,,,
Eun,M4,CZ07,cPVVG,0.0,0.0,7861966205.0,253815801220.74,0.0,1399312091524.53,,,,
Eun,M4,CZ08,cPVVG,0.0,0.0,18388704366.17,421927159557.38,0.0,1744398997508.83,,,,
Eun,M4,CZ09,cPVVG,238728937.85,0.0,22611586840.95,520423340681.14,0.0,1742672750789.69,,,,
Eun,M4,CZ10,cPVVG,213088981.76,0.0,21899277631.04,559920181198.58,0.0,1825008218189.76,,,,
Eun,M4,CZ11,cPVVG,54552693401.26,0.0,50588749419.85,1621812373064.02,0.0,1810669595988.31,,,,
Eun,M4,CZ12,cPVVG,16519552658.6,0.0,25116073113.29,1565702105779.56,0.0,1415711935656.07,,,,
Eun,M4,CZ13,cPVVG,6636347414.89,0.0,50445682492.29,1271313266670.69,0.0,1879460451964.46,,,,
Eun,M4,CZ14,cPVVG,18250639876.59,0.0,41937720795.19,1444945210106.36,0.0,1869430265155.67,,,,
Eun,M4,CZ15,cPVVG,816018308.17,0.0,102820768355.2,264168205359.18,0.0,3074112779988.6,,,,
Eun,M4,CZ16,cPVVG,125916170117.17,0.0,9290360812.0,2629276001945.81,0.0,939513670865.05,,,,
Eun,M5,CZ01,cDXGF,114485323479.96,0.0,2776727258591.95,114485323479.96,0.0,2778228007953.07,,,,
Eun,M5,CZ02,cDXGF,93721389037.67,0.0,3798413637621.08,93721389037.67,0.0,3802821744246.95,,,,
Eun,M5,CZ03,cDXGF,46464712759.93,0.0,3573309027352.62,46464712759.93,0.0,3573503293430.86,,,,
Eun,M5,CZ04,cDXGF,82482731099.29,0.0,4312757109974.74,82482731099.29,0.0,4325154386169.29,,,,
Eun,M5,CZ05,cDXGF,38670393000.32,0.0,3673422008646.29,38670393000.32,0.0,3677175520774.53,,,,
Eun,M5,CZ06,cDXGF,6310139249.73,0.0,4253237089143.07,6310139249.73,0.0,4310790481015.73,,,,
Eun,M5,CZ07,cDXGF,2976997122.69,0.0,4281459081379.65,2976997122.69,0.0,4306514201230.49,,,,
Eun,M5,CZ08,cDXGF,9153838878.78,0.0,4853355705379.24,9153838878.78,0.0,4877444681362.05,,,,
Eun,M5,CZ09,cDXGF,18382806553.79,0.0,4813747716912.29,18382806553.79,0.0,4822887953025.98,,,,
Eun,M5,CZ10,cDXGF,11326127625.21,0.0,4865322950397.67,11326127625.21,0.0,4872254002623.6,,,,
Eun,M5,CZ11,cDXGF,113577762538.43,0.0,4728541645885.27,113577762538.43,0.0,4733954242926.79,,,,
Eun,M5,CZ12,cDXGF,75475735479.43,0.0,4306737115983.73,75475735479.43,0.0,4308354473911.44,,,,
Eun,M5,CZ13,cDXGF,57272716969.99,0.0,4931650768205.18,57272716969.99,0.0,4936200617169.72,,,,
Eun,M5,CZ14,cDXGF,67833970664.82,0.0,4640000374560.9,67833970664.82,0.0,4653353158739.43,,,,
Eun,M5,CZ15,cDXGF,5232622441.39,0.0,6501420501848.24,5232622441.39,0.0,6545818940323.74,,,,
Eun,M5,CZ16,cDXGF,232413470934.55,0.0,3329394302791.4,232413470934.55,0.0,3330122481473.2,,,,
Eun,M5,CZ01,cDXHP,0.0,33785367928.57,3031840987316.06,0.0,35313508641.26,3031840987316.06,,,,
Eun,M5,CZ02,cDXHP,0.0,28654718764.28,3939329966077.02,0.0,28654718764.28,3939329966077.02,,,,
Eun,M5,CZ03,cDXHP,0.0,11927581611.72,3744343635542.24,0.0,11927581611.72,3744343635542.24,,,,
Eun,M5,CZ04,cDXHP,0.0,25471933727.71,4401526618644.71,0.0,25471933727.71,4403501299374.29,,,,
Eun,M5,CZ05,cDXHP,0.0,10766260568.59,3870630572756.56,0.0,10766260568.59,3870630572756.56,,,,
Eun,M5,CZ06,cDXHP,0.0,1511914940.83,4443860853706.92,0.0,1511914940.83,4446854347930.52,,,,
Eun,M5,CZ07,cDXHP,0.0,712000467.04,4424799819663.32,0.0,712000467.04,4427264437724.66,,,,
Eun,M5,CZ08,cDXHP,0.0,2264093204.4,4931207508557.0,0.0,2264093204.4,4940490270701.99,,,,
Eun,M5,CZ09,cDXHP,0.0,4674367704.39,4861475064205.51,0.0,4674367704.39,4864293064053.94,,,,
Eun,M5,CZ10,cDXHP,0.0,2977329040.04,4887442110210.86,0.0,2977329040.04,4891265074063.82,,,,
Eun,M5,CZ11,cDXHP,0.0,32805556242.46,4772295848474.54,0.0,32805556242.46,4773036267696.27,,,,
Eun,M5,CZ12,cDXHP,0.0,21495512385.2,4398564370334.54,0.0,21495512385.2,4398564370334.54,,,,
Eun,M5,CZ13,cDXHP,0.0,15557295531.32,4977252234826.51,0.0,15557295531.32,4979401442734.81,,,,
Eun,M5,CZ14,cDXHP,0.0,23317273257.05,4702127399344.96,0.0,23317273257.05,4702611923465.7,,,,
Eun,M5,CZ15,cDXHP,0.0,1379218309.38,6503778694277.48,0.0,1379218309.38,6547061804268.17,,,,
Eun,M5,CZ16,cDXHP,0.0,81244251659.33,3454475891987.81,0.0,81365810990.77,3454475891987.81,,,,
Eun,M5,CZ01,cPTAC,0.0,0.0,2723716266689.88,0.0,0.0,2725217003186.71,,,,
Eun,M5,CZ02,cPTAC,0.0,0.0,3751742116026.49,0.0,0.0,3756150220703.63,,,,
Eun,M5,CZ03,cPTAC,0.0,0.0,3551263090192.85,0.0,0.0,3551457356271.09,,,,
Eun,M5,CZ04,cPTAC,0.0,0.0,4271327885462.32,0.0,0.0,4283855986547.45,,,,
Eun,M5,CZ05,cPTAC,0.0,0.0,3653075184895.23,0.0,0.0,3656828681262.8,,,,
Eun,M5,CZ06,cPTAC,0.0,0.0,4248995185587.05,0.0,0.0,4306548529416.98,,,,
Eun,M5,CZ07,cPTAC,0.0,0.0,4278645257717.92,0.0,0.0,4303700373909.98,,,,
Eun,M5,CZ08,cPTAC,0.0,0.0,4846456181051.31,0.0,0.0,4870545156464.43,,,,
Eun,M5,CZ09,cPTAC,0.0,0.0,4802831250738.49,0.0,0.0,4811971486838.08,,,,
Eun,M5,CZ10,cPTAC,0.0,0.0,4856827661220.92,0.0,0.0,4863758713446.85,,,,
Eun,M5,CZ11,cPTAC,0.0,0.0,4667802963705.16,0.0,0.0,4673215560746.68,,,,
Eun,M5,CZ12,cPTAC,0.0,0.0,4266349171562.81,0.0,0.0,4267966529374.46,,,,
Eun,M5,CZ13,cPTAC,0.0,0.0,4896315111859.47,0.0,0.0,4900864960824.0,,,,
Eun,M5,CZ14,cPTAC,0.0,0.0,4601114435367.33,0.0,0.0,4614467220131.43,,,,
Eun,M5,CZ15,cPTAC,0.0,0.0,6497335230527.12,0.0,0.0,6541733669164.28,,,,
Eun,M5,CZ16,cPTAC,0.0,0.0,3240692351291.06,0.0,0.0,3241420530298.62,,,,
Eun,M5,CZ01,cPVVG,1333436142.2,0.0,6341755985.09,113522950163.06,0.0,1310757592349.25,,,,
Eun,M5,CZ02,cPVVG,5250337368.93,0.0,17372851656.59,93982413252.57,0.0,1760040104993.4,,,,
Eun,M5,CZ03,cPVVG,866064728.1,0.0,15014410081.65,46736367198.39,0.0,1659739937604.65,,,,
Eun,M5,CZ04,cPVVG,7016405864.93,0.0,26394854492.36,83013294250.67,0.0,1981053886724.37,,,,
Eun,M5,CZ05,cPVVG,1317251499.74,0.0,17633519750.34,38746289531.17,0.0,1700431671610.5,,,,
Eun,M5,CZ06,cPVVG,0.0,0.0,21333770992.36,6433770674.59,0.0,1976408508165.95,,,,
Eun,M5,CZ07,cPVVG,0.0,0.0,17506755294.2,3037511268.3,0.0,1973849670619.05,,,,
Eun,M5,CZ08,cPVVG,0.0,0.0,27231086071.14,9323536277.27,0.0,2225426025720.52,,,,
Eun,M5,CZ09,cPVVG,30670055.45,0.0,30256945614.59,18716351773.27,0.0,2196182305781.73,,,,
Eun,M5,CZ10,cPVVG,27458005.11,0.0,23782021068.7,11477689330.81,0.0,2226739227929.65,,,,
Eun,M5,CZ11,cPVVG,14539620010.54,0.0,38476010362.91,114895551315.9,0.0,2163927848603.98,,,,
Eun,M5,CZ12,cPVVG,3099979990.68,0.0,25060094223.64,76108409638.64,0.0,1980364711983.39,,,,
Eun,M5,CZ13,cPVVG,825706103.39,0.0,37385724737.82,58072888478.37,0.0,2239587098496.96,,,,
Eun,M5,CZ14,cPVVG,2812346295.86,0.0,33153869849.77,68203607633.24,0.0,2113525271222.02,,,,
Eun,M5,CZ15,cPVVG,126606687.2,0.0,62046932677.55,5331588940.4,0.0,2936335941505.3,,,,
Eun,M5,CZ16,cPVVG,23699193803.95,0.0,17293206464.94,235418246379.46,0.0,1523722488283.87,,,,
Gro,M1,CZ01,cDXGF,5042383942.34,0.0,0.0,1209377180406.79,0.0,1510648971.9,,,,
Gro,M1,CZ02,cDXGF,3147686650.47,0.0,0.0,780308646386.9,0.0,120799125084.43,,,,
Gro,M1,CZ03,cDXGF,858096676.65,0.0,0.0,610800602760.32,0.0,38695916155.36,,,,
Gro,M1,CZ04,cDXGF,2827194815.02,0.0,0.0,631639010713.02,0.0,226397462216.19,,,,
Gro,M1,CZ05,cDXGF,831350696.05,0.0,0.0,570740483815.93,0.0,47602615392.78,,,,
Gro,M1,CZ06,cDXGF,9173747.7,0.0,0.0,234253470978.53,0.0,114301978612.54,,,,
Gro,M1,CZ07,cDXGF,0.0,0.0,0.0,215900060923.43,0.0,127327399860.98,,,,
Gro,M1,CZ08,cDXGF,43635916.01,0.0,0.0,239856563470.67,0.0,245823234688.35,,,,
Gro,M1,CZ09,cDXGF,376573902.49,0.0,0.0,289741975258.57,0.0,255596632414.68,,,,
Gro,M1,CZ10,cDXGF,220022597.81,0.0,0.0,291681733658.22,0.0,291242026153.19,,,,
Gro,M1,CZ11,cDXGF,4733232618.65,0.0,8720613.0,640195428141.94,0.0,333264881947.63,,,,
Gro,M1,CZ12,cDXGF,2272044386.92,0.0,0.0,660283897562.04,0.0,222916479396.26,,,,
Gro,M1,CZ13,cDXGF,1332088239.02,0.0,13380656.67,558581846572.49,0.0,354592410725.79,,,,
Gro,M1,CZ14,cDXGF,5061662612.23,0.0,0.0,550930367564.16,0.0,329161497980.01,,,,
Gro,M1,CZ15,cDXGF,239313831.62,0.0,23707141.93,142345511019.57,0.0,644390103916.96,,,,
Gro,M1,CZ16,cDXGF,19433328266.51,0.0,0.0,1040247451787.16,0.0,89849994502.38,,,,
Gro,M1,CZ01,cDXHP,0.0,1440381757.21,0.0,0.0,278226578071.69,1517181411.82,,,,
Gro,M1,CZ02,cDXHP,0.0,931219065.97,0.0,0.0,185407917079.15,121733031458.81,,,,
Gro,M1,CZ03,cDXHP,0.0,226904843.04,0.0,0.0,140090848309.14,39095425257.49,,,,
Gro,M1,CZ04,cDXHP,0.0,882330433.85,0.0,0.0,153649648345.52,227158634889.56,,,,
Gro,M1,CZ05,cDXHP,0.0,232692553.95,0.0,0.0,131747368140.39,48102207190.1,,,,
Gro,M1,CZ06,cDXHP,0.0,2283450.55,0.0,0.0,52587104287.71,110355740813.47,,,,
Gro,M1,CZ07,cDXHP,0.0,0.0,0.0,0.0,48271565106.76,125322677695.95,,,,
Gro,M1,CZ08,cDXHP,0.0,11092308.62,0.0,0.0,54771130601.92,245655634781.89,,,,
Gro,M1,CZ09,cDXHP,0.0,98916988.55,0.0,0.0,67310791600.58,256683736806.02,,,,
Gro,M1,CZ10,cDXHP,0.0,57750097.44,0.0,0.0,67882970076.57,291978925370.4,,,,
Gro,M1,CZ11,cDXHP,0.0,1363772491.92,8722793.54,0.0,154658216355.8,333277894326.27,,,,
Gro,M1,CZ12,cDXHP,0.0,644273746.06,0.0,0.0,157705170677.43,223885245000.94,,,,
Gro,M1,CZ13,cDXHP,0.0,385011676.08,13390298.37,0.0,134338877268.77,354635529631.68,,,,
Gro,M1,CZ14,cDXHP,0.0,1691049401.54,0.0,0.0,137715092822.15,330724294850.35,,,,
Gro,M1,CZ15,cDXHP,0.0,63874422.78,23707130.56,0.0,33010500303.15,644391032138.16,,,,
Gro,M1,CZ16,cDXHP,0.0,6875050385.65,0.0,0.0,277179886475.59,91365182845.18,,,,
Gro,M1,CZ01,cPTAC,0.0,0.0,0.0,0.0,0.0,1146286189.64,,,,
Gro,M1,CZ02,cPTAC,0.0,0.0,0.0,0.0,0.0,113525907920.43,,,,
Gro,M1,CZ03,cPTAC,0.0,0.0,0.0,0.0,0.0,36584824813.15,,,,
Gro,M1,CZ04,cPTAC,0.0,0.0,0.0,0.0,0.0,219851829646.6,,,,
Gro,M1,CZ05,cPTAC,0.0,0.0,0.0,0.0,0.0,41946348765.79,,,,
Gro,M1,CZ06,cPTAC,0.0,0.0,0.0,0.0,0.0,112144016338.62,,,,
Gro,M1,CZ07,cPTAC,0.0,0.0,0.0,0.0,0.0,124956573257.58,,,,
Gro,M1,CZ08,cPTAC,0.0,0.0,0.0,0.0,0.0,241201688362.94,,,,
Gro,M1,CZ09,cPTAC,0.0,0.0,0.0,0.0,0.0,250375277415.68,,,,
Gro,M1,CZ10,cPTAC,0.0,0.0,0.0,0.0,0.0,285716165820.62,,,,
Gro,M1,CZ11,cPTAC,0.0,0.0,8720422.99,0.0,0.0,330015068778.8,,,,
Gro,M1,CZ12,cPTAC,0.0,0.0,0.0,0.0,0.0,219808821190.23,,,,
Gro,M1,CZ13,cPTAC,0.0,0.0,13377338.79,0.0,0.0,352458117614.24,,,,
Gro,M1,CZ14,cPTAC,0.0,0.0,0.0,0.0,0.0,325733864453.98,,,,
Gro,M1,CZ15,cPTAC,0.0,0.0,23706649.46,0.0,0.0,641765714964.17,,,,
Gro,M1,CZ16,cPTAC,0.0,0.0,0.0,0.0,0.0,88267874212.15,,,,
Gro,M1,CZ01,cPVVG,6215273069.54,0.0,0.0,1375068477673.11,0.0,1768074066.98,,,,
Gro,M1,CZ02,cPVVG,4334406104.56,0.0,0.0,936146318349.26,0.0,108407017367.01,,,,
Gro,M1,CZ03,cPVVG,1140735775.09,0.0,0.0,743048325877.72,0.0,35805875055.05,,,,
Gro,M1,CZ04,cPVVG,4187797072.53,0.0,0.0,780245611120.59,0.0,206846623588.52,,,,
Gro,M1,CZ05,cPVVG,1131900583.88,0.0,0.0,700827804898.63,0.0,42310707106.56,,,,
Gro,M1,CZ06,cPVVG,14430353.11,0.0,0.0,318201628046.54,0.0,101610520467.7,,,,
Gro,M1,CZ07,cPVVG,0.0,0.0,0.0,296654044831.87,0.0,109265179645.26,,,,
Gro,M1,CZ08,cPVVG,78306783.35,0.0,0.0,321766819545.77,0.0,220651206379.91,,,,
Gro,M1,CZ09,cPVVG,552729123.08,0.0,0.0,383422836528.58,0.0,229792383906.63,,,,
Gro,M1,CZ10,cPVVG,350488317.19,0.0,0.0,382680884419.7,0.0,265102273249.63,,,,
Gro,M1,CZ11,cPVVG,6465678790.59,0.0,6702941.68,786478357744.39,0.0,309686921855.57,,,,
Gro,M1,CZ12,cPVVG,3350856772.96,0.0,0.0,805286608357.81,0.0,204740462161.1,,,,
Gro,M1,CZ13,cPVVG,2124796718.09,0.0,10427108.59,690524866292.58,0.0,331166597152.89,,,,
Gro,M1,CZ14,cPVVG,7243087969.82,0.0,0.0,679343768763.16,0.0,305137392812.98,,,,
Gro,M1,CZ15,cPVVG,390406932.37,0.0,18078892.72,197968654358.09,0.0,607766366227.48,,,,
Gro,M1,CZ16,cPVVG,24097960272.57,0.0,0.0,1230933940668.15,0.0,79459571296.99,,,,
Gro,M2,CZ01,cDXGF,1543485903.55,0.0,0.0,279171542684.98,0.0,62141957320.92,,,,
Gro,M2,CZ02,cDXGF,733152047.05,0.0,0.0,174205073767.57,0.0,170802805537.65,,,,
Gro,M2,CZ03,cDXGF,180024264.03,0.0,0.0,138915298835.49,0.0,131685047681.73,,,,
Gro,M2,CZ04,cDXGF,486526143.32,0.0,0.0,136053218632.89,0.0,243711417301.45,,,,
Gro,M2,CZ05,cDXGF,162817427.29,0.0,0.0,126414609237.97,0.0,136813663736.52,,,,
Gro,M2,CZ06,cDXGF,997242.28,0.0,0.0,58845429595.35,0.0,204475619922.17,,,,
Gro,M2,CZ07,cDXGF,0.0,0.0,0.0,55096641309.83,0.0,208363403933.0,,,,
Gro,M2,CZ08,cDXGF,5796206.15,0.0,0.0,59918693733.05,0.0,280078572303.65,,,,
Gro,M2,CZ09,cDXGF,57953358.25,0.0,0.0,67757298154.54,0.0,287425155013.19,,,,
Gro,M2,CZ10,cDXGF,20919120.29,0.0,0.0,64508898621.51,0.0,291488084930.52,,,,
Gro,M2,CZ11,cDXGF,870588390.68,0.0,6636503.95,145619648678.74,0.0,301495342577.04,,,,
Gro,M2,CZ12,cDXGF,463038640.68,0.0,0.0,148055224006.1,0.0,243465088208.63,,,,
Gro,M2,CZ13,cDXGF,233430378.48,0.0,9469416.83,119778495210.35,0.0,331498132129.62,,,,
Gro,M2,CZ14,cDXGF,947009886.96,0.0,0.0,120654953875.27,0.0,306395738185.96,,,,
Gro,M2,CZ15,cDXGF,36124173.76,0.0,15530227.03,33740171432.2,0.0,505251974077.43,,,,
Gro,M2,CZ16,cDXGF,4865828585.17,0.0,0.0,244497317360.15,0.0,166102600702.33,,,,
Gro,M2,CZ01,cDXHP,0.0,445403330.48,0.0,0.0,66428047113.28,62281320079.07,,,,
Gro,M2,CZ02,cDXHP,0.0,215200548.58,0.0,0.0,42463746850.13,171328289669.14,,,,
Gro,M2,CZ03,cDXHP,0.0,47326486.29,0.0,0.0,31914943559.61,132601373728.19,,,,
Gro,M2,CZ04,cDXHP,0.0,148910468.05,0.0,0.0,33796560997.95,243972349024.8,,,,
Gro,M2,CZ05,cDXHP,0.0,43965778.01,0.0,0.0,29148012100.16,137555005357.77,,,,
Gro,M2,CZ06,cDXHP,0.0,247665.32,0.0,0.0,12822930530.23,206222192052.86,,,,
Gro,M2,CZ07,cDXHP,0.0,0.0,0.0,0.0,11926250974.55,210097163109.42,,,,
Gro,M2,CZ08,cDXHP,0.0,1479694.48,0.0,0.0,13267948373.67,281290986927.9,,,,
Gro,M2,CZ09,cDXHP,0.0,15514060.03,0.0,0.0,15413414667.85,288443313184.68,,,,
Gro,M2,CZ10,cDXHP,0.0,5669252.7,0.0,0.0,14673457475.05,291987338000.15,,,,
Gro,M2,CZ11,cDXHP,0.0,259018283.25,6636439.96,0.0,35703514157.11,301492222914.71,,,,
Gro,M2,CZ12,cDXHP,0.0,133693804.99,0.0,0.0,36007036189.42,243943986745.02,,,,
Gro,M2,CZ13,cDXHP,0.0,64882861.33,9474307.48,0.0,28920256006.48,331504330994.87,,,,
Gro,M2,CZ14,cDXHP,0.0,313568594.77,0.0,0.0,31017353584.5,307037903714.4,,,,
Gro,M2,CZ15,cDXHP,0.0,9831949.0,15530216.28,0.0,7544898029.89,505252704535.28,,,,
Gro,M2,CZ16,cDXHP,0.0,1586352694.57,0.0,0.0,67292112765.58,168170556855.55,,,,
Gro,M2,CZ01,cPTAC,0.0,0.0,0.0,0.0,0.0,54901582283.49,,,,
Gro,M2,CZ02,cPTAC,0.0,0.0,0.0,0.0,0.0,163434170472.49,,,,
Gro,M2,CZ03,cPTAC,0.0,0.0,0.0,0.0,0.0,125571475960.74,,,,
Gro,M2,CZ04,cPTAC,0.0,0.0,0.0,0.0,0.0,236823980234.44,,,,
Gro,M2,CZ05,cPTAC,0.0,0.0,0.0,0.0,0.0,129709125207.37,,,,
Gro,M2,CZ06,cPTAC,0.0,0.0,0.0,0.0,0.0,200460728040.82,,,,
Gro,M2,CZ07,cPTAC,0.0,0.0,0.0,0.0,0.0,204428927952.25,,,,
Gro,M2,CZ08,cPTAC,0.0,0.0,0.0,0.0,0.0,275775470419.25,,,,
Gro,M2,CZ09,cPTAC,0.0,0.0,0.0,0.0,0.0,282935698029.21,,,,
Gro,M2,CZ10,cPTAC,0.0,0.0,0.0,0.0,0.0,287033541208.4,,,,
Gro,M2,CZ11,cPTAC,0.0,0.0,6636304.18,0.0,0.0,296179492484.9,,,,
Gro,M2,CZ12,cPTAC,0.0,0.0,0.0,0.0,0.0,238100429518.92,,,,
Gro,M2,CZ13,cPTAC,0.0,0.0,9465977.48,0.0,0.0,327084310073.98,,,,
Gro,M2,CZ14,cPTAC,0.0,0.0,0.0,0.0,0.0,300649279710.76,,,,
Gro,M2,CZ15,cPTAC,0.0,0.0,15529682.22,0.0,0.0,502646414891.54,,,,
Gro,M2,CZ16,cPTAC,0.0,0.0,0.0,0.0,0.0,159166547315.99,,,,
Gro,M2,CZ01,cPVVG,2889358232.44,0.0,0.0,373071048265.92,0.0,41059299255.72,,,,
Gro,M2,CZ02,cPVVG,1627517518.96,0.0,0.0,246638735619.43,0.0,131361749629.21,,,,
Gro,M2,CZ03,cPVVG,394652441.92,0.0,0.0,191143848087.93,0.0,97768268920.56,,,,
Gro,M2,CZ04,cPVVG,1442453659.27,0.0,0.0,199617249571.81,0.0,194530453972.94,,,,
Gro,M2,CZ05,cPVVG,332952259.5,0.0,0.0,177385794899.57,0.0,100081955874.25,,,,
Gro,M2,CZ06,cPVVG,6089035.7,0.0,0.0,83972683700.59,0.0,159702544231.34,,,,
Gro,M2,CZ07,cPVVG,0.0,0.0,0.0,79423344641.66,0.0,162669194366.22,,,,
Gro,M2,CZ08,cPVVG,31283595.99,0.0,0.0,88268442757.78,0.0,227574832954.6,,,,
Gro,M2,CZ09,cPVVG,182438149.6,0.0,0.0,100264340935.96,0.0,233019332730.18,,,,
Gro,M2,CZ10,cPVVG,112947446.52,0.0,0.0,95859063984.12,0.0,237701286871.4,,,,
Gro,M2,CZ11,cPVVG,2043423092.38,0.0,4479558.95,220312117670.58,0.0,251963417464.48,,,,
Gro,M2,CZ12,cPVVG,1295802473.48,0.0,0.0,217758132210.18,0.0,198131449794.24,,,,
Gro,M2,CZ13,cPVVG,773321778.84,0.0,6237662.29,182285017376.8,0.0,280385843519.63,,,,
Gro,M2,CZ14,cPVVG,2390570256.35,0.0,0.0,179285362794.09,0.0,253905520868.17,,,,
Gro,M2,CZ15,cPVVG,124180511.96,0.0,9400835.78,49642248632.65,0.0,439294196071.79,,,,
Gro,M2,CZ16,cPVVG,8898733808.4,0.0,0.0,350227613191.33,0.0,125612718375.46,,,,
Gro,M3,CZ01,cDXGF,422867810032.54,0.0,34797643057.7,426987284200.03,0.0,34797643057.7,,,,
Gro,M3,CZ02,cDXGF,287596776650.19,0.0,115822044467.82,289969498306.66,0.0,115822044467.82,,,,
Gro,M3,CZ03,cDXGF,222547350053.43,0.0,84803296795.84,224190784943.15,0.0,84803296795.84,,,,
Gro,M3,CZ04,cDXGF,236695056349.69,0.0,174984418167.55,238083800204.11,0.0,174984418167.55,,,,
Gro,M3,CZ05,cDXGF,209969130136.7,0.0,85560321685.91,211002011038.94,0.0,85560321685.91,,,,
Gro,M3,CZ06,cDXGF,102099535385.35,0.0,141253540294.24,102519292251.68,0.0,141253540294.24,,,,
Gro,M3,CZ07,cDXGF,96905847371.8,0.0,143445156465.56,97238877432.15,0.0,143445156465.56,,,,
Gro,M3,CZ08,cDXGF,108017279085.52,0.0,205095237465.17,108436543164.89,0.0,205108514773.81,,,,
Gro,M3,CZ09,cDXGF,122008232230.54,0.0,210186899103.4,122745227278.91,0.0,210205158049.88,,,,
Gro,M3,CZ10,cDXGF,117311502864.56,0.0,215400388146.74,117954992992.8,0.0,215422562561.99,,,,
Gro,M3,CZ11,cDXGF,259189080458.94,0.0,232764183065.46,261847202281.63,0.0,232764183065.46,,,,
Gro,M3,CZ12,cDXGF,253820940803.1,0.0,180187478411.51,256466404391.32,0.0,180187478411.51,,,,
Gro,M3,CZ13,cDXGF,215783684489.16,0.0,260345362202.22,218141981726.26,0.0,260345362202.22,,,,
Gro,M3,CZ14,cDXGF,212523959591.29,0.0,232035998413.66,214284284304.42,0.0,232058416643.61,,,,
Gro,M3,CZ15,cDXGF,61800332719.33,0.0,412903131416.47,62234272989.37,0.0,412925699483.48,,,,
Gro,M3,CZ16,cDXGF,409142397180.59,0.0,109528115615.8,412914372957.98,0.0,109528115615.8,,,,
Gro,M3,CZ01,cDXHP,0.0,97975838959.75,34234743772.63,0.0,99959353639.64,34234743772.63,,,,
Gro,M3,CZ02,cDXHP,0.0,68310043693.36,115416895977.26,0.0,69643640871.37,115416895977.26,,,,
Gro,M3,CZ03,cDXHP,0.0,50932440139.47,83886092399.99,0.0,51445915348.98,83886092399.99,,,,
Gro,M3,CZ04,cDXHP,0.0,57391015172.98,174977654190.5,0.0,58337060949.87,174977654190.5,,,,
Gro,M3,CZ05,cDXHP,0.0,48069021958.83,84619034625.76,0.0,48628055052.45,84619034625.76,,,,
Gro,M3,CZ06,cDXHP,0.0,22696804170.02,139595982090.28,0.0,22763301481.4,139595982090.28,,,,
Gro,M3,CZ07,cDXHP,0.0,21438264983.4,141876860428.76,0.0,21485544507.58,141876860428.76,,,,
Gro,M3,CZ08,cDXHP,0.0,24368332580.09,204357790888.1,0.0,24460744875.51,204366673706.71,,,,
Gro,M3,CZ09,cDXHP,0.0,28113309497.28,209497025152.91,0.0,28305729330.18,209515284094.95,,,,
Gro,M3,CZ10,cDXHP,0.0,26985492998.09,215112210176.87,0.0,27178346580.86,215134384592.19,,,,
Gro,M3,CZ11,cDXHP,0.0,62531618418.36,232768521200.41,0.0,63474723555.66,232768521200.41,,,,
Gro,M3,CZ12,cDXHP,0.0,60602027119.01,180093784934.18,0.0,61628293153.93,180093784934.18,,,,
Gro,M3,CZ13,cDXHP,0.0,51718957964.33,260370724475.52,0.0,52466258700.85,260370724475.52,,,,
Gro,M3,CZ14,cDXHP,0.0,52843237543.88,231617909903.79,0.0,53978424691.51,231640328133.2,,,,
Gro,M3,CZ15,cDXHP,0.0,14186286413.74,412904614271.71,0.0,14264820899.06,412927182338.68,,,,
Gro,M3,CZ16,cDXHP,0.0,106378285848.84,107587677298.94,0.0,109926167888.82,107587677298.94,,,,
Gro,M3,CZ01,cPTAC,0.0,0.0,30431854601.28,0.0,0.0,30431854601.28,,,,
Gro,M3,CZ02,cPTAC,0.0,0.0,110961355994.8,0.0,0.0,110961355994.8,,,,
Gro,M3,CZ03,cPTAC,0.0,0.0,80670065258.18,0.0,0.0,80670065258.18,,,,
Gro,M3,CZ04,cPTAC,0.0,0.0,170545144381.45,0.0,0.0,170545144381.45,,,,
Gro,M3,CZ05,cPTAC,0.0,0.0,79881967649.61,0.0,0.0,79881967649.61,,,,
Gro,M3,CZ06,cPTAC,0.0,0.0,137679943753.38,0.0,0.0,137679943753.38,,,,
Gro,M3,CZ07,cPTAC,0.0,0.0,139956441428.78,0.0,0.0,139956441428.78,,,,
Gro,M3,CZ08,cPTAC,0.0,0.0,201347953371.72,0.0,0.0,201356825462.78,,,,
Gro,M3,CZ09,cPTAC,0.0,0.0,206421854740.54,0.0,0.0,206435582944.82,,,,
Gro,M3,CZ10,cPTAC,0.0,0.0,211841038722.45,0.0,0.0,211863207756.74,,,,
Gro,M3,CZ11,cPTAC,0.0,0.0,229940518674.0,0.0,0.0,229940518674.0,,,,
Gro,M3,CZ12,cPTAC,0.0,0.0,177071730219.68,0.0,0.0,177071730219.68,,,,
Gro,M3,CZ13,cPTAC,0.0,0.0,257837157051.82,0.0,0.0,257837157051.82,,,,
Gro,M3,CZ14,cPTAC,0.0,0.0,228809050913.97,0.0,0.0,228831467606.69,,,,
Gro,M3,CZ15,cPTAC,0.0,0.0,410616984685.52,0.0,0.0,410639552287.63,,,,
Gro,M3,CZ16,cPTAC,0.0,0.0,106330155963.37,0.0,0.0,106330155963.37,,,,
Gro,M3,CZ01,cPVVG,3240846934.99,0.0,0.0,428502086717.18,0.0,34117194315.79,,,,
Gro,M3,CZ02,cPVVG,2133854859.99,0.0,0.0,295784480406.24,0.0,114499957062.26,,,,
Gro,M3,CZ03,cPVVG,528391534.01,0.0,0.0,227723850175.49,0.0,83710262666.23,,,,
Gro,M3,CZ04,cPVVG,2044857237.61,0.0,0.0,243748502589.09,0.0,173137955979.55,,,,
Gro,M3,CZ05,cPVVG,447801476.13,0.0,0.0,214227768562.02,0.0,84436929413.76,,,,
Gro,M3,CZ06,cPVVG,9400031.95,0.0,0.0,104773766241.72,0.0,139520642071.81,,,,
Gro,M3,CZ07,cPVVG,0.0,0.0,0.0,99318527130.25,0.0,141703423793.55,,,,
Gro,M3,CZ08,cPVVG,48243302.36,0.0,0.0,110990046753.2,0.0,202907133981.44,,,,
Gro,M3,CZ09,cPVVG,251996745.65,0.0,0.0,125844053104.03,0.0,207937154053.12,,,,
Gro,M3,CZ10,cPVVG,157934547.36,0.0,0.0,120832861367.04,0.0,213186142092.14,,,,
Gro,M3,CZ11,cPVVG,2747258789.9,0.0,3205212.17,269281209681.99,0.0,230485517811.51,,,,
Gro,M3,CZ12,cPVVG,1777647240.77,0.0,0.0,263232611911.72,0.0,178322159321.29,,,,
Gro,M3,CZ13,cPVVG,1147122126.78,0.0,4284908.87,224305223542.53,0.0,257826533950.5,,,,
Gro,M3,CZ14,cPVVG,3303445805.59,0.0,0.0,219701771757.62,0.0,229634888307.99,,,,
Gro,M3,CZ15,cPVVG,174485464.81,0.0,5738933.42,63679516634.45,0.0,409148314389.37,,,,
Gro,M3,CZ16,cPVVG,11268857111.57,0.0,0.0,419442571163.25,0.0,108023483256.27,,,,
Gro,M4,CZ01,cDXGF,5042389165.0,0.0,0.0,1209385241408.11,0.0,13864998991.24,,,,
Gro,M4,CZ02,cDXGF,3147688812.79,0.0,0.0,780422794059.53,0.0,140576984002.19,,,,
Gro,M4,CZ03,cDXGF,858096750.61,0.0,0.0,610882352462.25,0.0,67949376703.4,,,,
Gro,M4,CZ04,cDXGF,2827194188.84,0.0,0.0,631701507432.38,0.0,246052622157.66,,,,
Gro,M4,CZ05,cDXGF,831354795.43,0.0,0.0,570854624037.91,0.0,77536016602.12,,,,
Gro,M4,CZ06,cDXGF,9173744.94,0.0,0.0,234299793703.19,0.0,150857554458.35,,,,
Gro,M4,CZ07,cDXGF,0.0,0.0,0.0,215932646971.43,0.0,155153082798.03,,,,
Gro,M4,CZ08,cDXGF,43635889.49,0.0,0.0,239902524695.87,0.0,270850835226.48,,,,
Gro,M4,CZ09,cDXGF,376573716.55,0.0,0.0,289787722442.45,0.0,279725673848.65,,,,
Gro,M4,CZ10,cDXGF,220022804.11,0.0,0.0,291735153576.52,0.0,312052713380.51,,,,
Gro,M4,CZ11,cDXGF,4733231936.96,0.0,8720614.83,640248284188.31,0.0,349802813425.91,,,,
Gro,M4,CZ12,cDXGF,2272043163.96,0.0,0.0,660395698568.17,0.0,243564083133.57,,,,
Gro,M4,CZ13,cDXGF,1332087132.62,0.0,13380679.62,558610327778.62,0.0,375296213578.6,,,,
Gro,M4,CZ14,cDXGF,5061632401.68,0.0,0.0,550936017809.6,0.0,347750785612.0,,,,
Gro,M4,CZ15,cDXGF,239313786.1,0.0,23707238.37,142349094546.75,0.0,660691602974.21,,,,
Gro,M4,CZ16,cDXGF,19433317529.33,0.0,0.0,1040249461008.16,0.0,117562796583.19,,,,
Gro,M4,CZ01,cDXHP,0.0,1440383041.9,0.0,0.0,278228262557.34,13890674164.04,,,,
Gro,M4,CZ02,cDXHP,0.0,931215058.95,0.0,0.0,185433759272.64,141573465665.44,,,,
Gro,M4,CZ03,cDXHP,0.0,226904861.02,0.0,0.0,140107762287.74,68523894317.95,,,,
Gro,M4,CZ04,cDXHP,0.0,882330298.4,0.0,0.0,153663931044.15,246822927619.59,,,,
Gro,M4,CZ05,cDXHP,0.0,232693641.0,0.0,0.0,131772673131.59,78167781973.27,,,,
Gro,M4,CZ06,cDXHP,0.0,2283449.88,0.0,0.0,52596613730.17,147480547612.49,,,,
Gro,M4,CZ07,cDXHP,0.0,0.0,0.0,0.0,48278443187.45,153255890327.61,,,,
Gro,M4,CZ08,cDXHP,0.0,11092302.02,0.0,0.0,54781134060.69,270772075722.48,,,,
Gro,M4,CZ09,cDXHP,0.0,98916868.36,0.0,0.0,67320904272.34,280857174123.4,,,,
Gro,M4,CZ10,cDXHP,0.0,57750149.44,0.0,0.0,67893896109.44,312807695523.04,,,,
Gro,M4,CZ11,cDXHP,0.0,1363772309.61,8722799.0,0.0,154670319658.03,349812846170.18,,,,
Gro,M4,CZ12,cDXHP,0.0,644273522.13,0.0,0.0,157730683281.31,244567025560.17,,,,
Gro,M4,CZ13,cDXHP,0.0,385011367.15,13390319.97,0.0,134345507219.98,375341133194.48,,,,
Gro,M4,CZ14,cDXHP,0.0,1691048654.73,0.0,0.0,137716415450.99,349317229101.64,,,,
Gro,M4,CZ15,cDXHP,0.0,63874411.72,23707227.38,0.0,33011319063.81,660692940425.71,,,,
Gro,M4,CZ16,cDXHP,0.0,6875047239.35,0.0,0.0,277180390024.23,119297532533.57,,,,
Gro,M4,CZ01,cPTAC,0.0,0.0,0.0,0.0,0.0,10096019232.81,,,,
Gro,M4,CZ02,cPTAC,0.0,0.0,0.0,0.0,0.0,129280312916.85,,,,
Gro,M4,CZ03,cPTAC,0.0,0.0,0.0,0.0,0.0,62330247959.86,,,,
Gro,M4,CZ04,cPTAC,0.0,0.0,0.0,0.0,0.0,235118897913.97,,,,
Gro,M4,CZ05,cPTAC,0.0,0.0,0.0,0.0,0.0,67195643600.71,,,,
Gro,M4,CZ06,cPTAC,0.0,0.0,0.0,0.0,0.0,145703545668.7,,,,
Gro,M4,CZ07,cPTAC,0.0,0.0,0.0,0.0,0.0,150307777995.75,,,,
Gro,M4,CZ08,cPTAC,0.0,0.0,0.0,0.0,0.0,263805285329.33,,,,
Gro,M4,CZ09,cPTAC,0.0,0.0,0.0,0.0,0.0,271981584880.45,,,,
Gro,M4,CZ10,cPTAC,0.0,0.0,0.0,0.0,0.0,304108887214.52,,,,
Gro,M4,CZ11,cPTAC,0.0,0.0,8720425.07,0.0,0.0,343628173791.75,,,,
Gro,M4,CZ12,cPTAC,0.0,0.0,0.0,0.0,0.0,237323793439.92,,,,
Gro,M4,CZ13,cPTAC,0.0,0.0,13377360.93,0.0,0.0,370223848957.26,,,,
Gro,M4,CZ14,cPTAC,0.0,0.0,0.0,0.0,0.0,340663686723.88,,,,
Gro,M4,CZ15,cPTAC,0.0,0.0,23706747.97,0.0,0.0,656376677205.64,,,,
Gro,M4,CZ16,cPTAC,0.0,0.0,0.0,0.0,0.0,112210505933.8,,,,
Gro,M4,CZ01,cPVVG,6215277862.49,0.0,0.0,1375069374393.66,0.0,8634633087.27,,,,
Gro,M4,CZ02,cPVVG,4334406271.64,0.0,0.0,936192867976.17,0.0,118510618780.43,,,,
Gro,M4,CZ03,cPVVG,1140735825.33,0.0,0.0,743087709812.99,0.0,51370854615.28,,,,
Gro,M4,CZ04,cPVVG,4187794952.6,0.0,0.0,780269473659.79,0.0,216334719998.03,,,,
Gro,M4,CZ05,cPVVG,1131903031.35,0.0,0.0,700874971296.09,0.0,58121433964.28,,,,
Gro,M4,CZ06,cPVVG,14430349.91,0.0,0.0,318229554234.48,0.0,120219486440.18,,,,
Gro,M4,CZ07,cPVVG,0.0,0.0,0.0,296668701152.86,0.0,123583223004.77,,,,
Gro,M4,CZ08,cPVVG,78306759.11,0.0,0.0,321795187999.15,0.0,233033070999.86,,,,
Gro,M4,CZ09,cPVVG,552729043.46,0.0,0.0,383446588093.48,0.0,241709166468.0,,,,
Gro,M4,CZ10,cPVVG,350488351.45,0.0,0.0,382713622545.47,0.0,275035814908.63,,,,
Gro,M4,CZ11,cPVVG,6465677280.36,0.0,6702943.02,786501307135.94,0.0,317547379870.11,,,,
Gro,M4,CZ12,cPVVG,3350855670.34,0.0,0.0,805361121336.59,0.0,214821854614.07,,,,
Gro,M4,CZ13,cPVVG,2124795341.28,0.0,10427123.69,690549529532.03,0.0,341110087214.95,,,,
Gro,M4,CZ14,cPVVG,7243087252.38,0.0,0.0,679347192556.95,0.0,314144328137.94,,,,
Gro,M4,CZ15,cPVVG,390406923.63,0.0,18078984.73,197971385984.05,0.0,615467028897.69,,,,
Gro,M4,CZ16,cPVVG,24097956647.08,0.0,0.0,1230935308642.86,0.0,94241887846.98,,,,
Gro,M5,CZ01,cDXGF,540373853514.67,0.0,30057679193.97,546833178402.49,0.0,30057679193.97,,,,
Gro,M5,CZ02,cDXGF,358375768925.78,0.0,123972927025.87,360768189222.57,0.0,123972927025.87,,,,
Gro,M5,CZ03,cDXGF,271579157803.42,0.0,82229801182.87,273740721346.03,0.0,82229801182.87,,,,
Gro,M5,CZ04,cDXGF,291006280791.44,0.0,197071120195.9,292374945171.74,0.0,197101736745.93,,,,
Gro,M5,CZ05,cDXGF,253488920488.59,0.0,84045321554.54,254786709678.07,0.0,84079797513.45,,,,
Gro,M5,CZ06,cDXGF,116198091272.4,0.0,149839715505.56,116617848138.72,0.0,150753403792.55,,,,
Gro,M5,CZ07,cDXGF,109313257892.46,0.0,151683692859.44,109662683720.11,0.0,151771564340.3,,,,
Gro,M5,CZ08,cDXGF,123924789544.94,0.0,231290817422.03,124344053624.3,0.0,232583382205.76,,,,
Gro,M5,CZ09,cDXGF,142834715029.17,0.0,233282256507.18,143554810848.9,0.0,236288852720.21,,,,
Gro,M5,CZ10,cDXGF,137528508316.95,0.0,248227179657.34,138137533465.95,0.0,250935096877.51,,,,
Gro,M5,CZ11,cDXGF,318467079368.79,0.0,272014431581.15,321017819492.01,0.0,272014431581.15,,,,
Gro,M5,CZ12,cDXGF,313462997979.64,0.0,202614404873.89,316110045387.1,0.0,202614404873.89,,,,
Gro,M5,CZ13,cDXGF,263854967604.89,0.0,299624699580.96,266177191635.75,0.0,299624699580.96,,,,
Gro,M5,CZ14,cDXGF,263558013240.95,0.0,267997799797.66,265318337954.08,0.0,268281760916.67,,,,
Gro,M5,CZ15,cDXGF,70819596158.17,0.0,507208626719.32,71253536428.22,0.0,516932436551.14,,,,
Gro,M5,CZ16,cDXGF,519345193372.24,0.0,106157303352.16,524527511246.33,0.0,106157303352.16,,,,
Gro,M5,CZ01,cDXHP,0.0,126508638128.3,32304174359.57,0.0,138966634060.19,32304174359.57,,,,
Gro,M5,CZ02,cDXHP,0.0,84598376677.9,124994597009.72,0.0,94258037516.83,124994597009.72,,,,
Gro,M5,CZ03,cDXHP,0.0,63995217023.73,86064883140.52,0.0,64962207687.64,86064883140.52,,,,
Gro,M5,CZ04,cDXHP,0.0,70277477032.61,196704213852.73,0.0,78829405657.24,196704213852.73,,,,
Gro,M5,CZ05,cDXHP,0.0,59092561466.73,87026885584.68,0.0,61730897539.52,87026885584.68,,,,
Gro,M5,CZ06,cDXHP,0.0,25581279698.88,154535544881.32,0.0,25647777010.26,154535544881.32,,,,
Gro,M5,CZ07,cDXHP,0.0,23938498504.71,155457008158.22,0.0,23985778028.88,155457008158.22,,,,
Gro,M5,CZ08,cDXHP,0.0,27936516677.11,233369009890.97,0.0,28028928972.54,233497179553.13,,,,
Gro,M5,CZ09,cDXHP,0.0,33002443927.19,236355255124.65,0.0,33187452102.7,236770494347.01,,,,
Gro,M5,CZ10,cDXHP,0.0,32044810809.98,249802745401.04,0.0,32230202298.34,250811006557.89,,,,
Gro,M5,CZ11,cDXHP,0.0,76955931334.09,272006707116.85,0.0,82354538282.64,272006707116.85,,,,
Gro,M5,CZ12,cDXHP,0.0,75063919331.06,203095478281.43,0.0,80656774959.09,203095478281.43,,,,
Gro,M5,CZ13,cDXHP,0.0,64664212661.82,299669451265.55,0.0,67097142810.49,299669451265.55,,,,
Gro,M5,CZ14,cDXHP,0.0,65203954711.96,265943425505.73,0.0,73887473318.07,266123788827.11,,,,
Gro,M5,CZ15,cDXHP,0.0,16220804380.81,507213817537.79,0.0,16299338866.13,516937627339.86,,,,
Gro,M5,CZ16,cDXHP,0.0,137717094948.14,105866804346.41,0.0,161744437655.68,105866804346.41,,,,
Gro,M5,CZ01,cPTAC,0.0,0.0,20124872345.62,0.0,0.0,20124872345.62,,,,
Gro,M5,CZ02,cPTAC,0.0,0.0,110024959057.72,0.0,0.0,110024959057.72,,,,
Gro,M5,CZ03,cPTAC,0.0,0.0,73567150144.58,0.0,0.0,73567150144.58,,,,
Gro,M5,CZ04,cPTAC,0.0,0.0,183909802355.24,0.0,0.0,183940418057.96,,,,
Gro,M5,CZ05,cPTAC,0.0,0.0,70791059814.68,0.0,0.0,70808488640.35,,,,
Gro,M5,CZ06,cPTAC,0.0,0.0,142999933168.19,0.0,0.0,143913599440.33,,,,
Gro,M5,CZ07,cPTAC,0.0,0.0,144957560485.22,0.0,0.0,145045428232.82,,,,
Gro,M5,CZ08,cPTAC,0.0,0.0,222938256247.25,0.0,0.0,224230801483.83,,,,
Gro,M5,CZ09,cPTAC,0.0,0.0,223940199206.21,0.0,0.0,226946736529.01,,,,
Gro,M5,CZ10,cPTAC,0.0,0.0,238933027492.59,0.0,0.0,241640903582.98,,,,
Gro,M5,CZ11,cPTAC,0.0,0.0,264921654789.25,0.0,0.0,264921654789.25,,,,
Gro,M5,CZ12,cPTAC,0.0,0.0,194701839604.35,0.0,0.0,194701839604.35,,,,
Gro,M5,CZ13,cPTAC,0.0,0.0,292917447963.46,0.0,0.0,292917447963.46,,,,
Gro,M5,CZ14,cPTAC,0.0,0.0,259616615461.73,0.0,0.0,259900572441.77,,,,
Gro,M5,CZ15,cPTAC,0.0,0.0,501623713061.36,0.0,0.0,511347514039.38,,,,
Gro,M5,CZ16,cPTAC,0.0,0.0,97917983635.25,0.0,0.0,97917983635.25,,,,
Gro,M5,CZ01,cPVVG,3771804312.99,0.0,0.0,546864327382.07,0.0,29510825436.14,,,,
Gro,M5,CZ02,cPVVG,2426076543.19,0.0,0.0,359858562536.63,0.0,122543708496.1,,,,
Gro,M5,CZ03,cPVVG,604197548.87,0.0,0.0,273685799384.91,0.0,81197433862.02,,,,
Gro,M5,CZ04,cPVVG,2300564645.98,0.0,0.0,292138084488.78,0.0,195034909645.39,,,,
Gro,M5,CZ05,cPVVG,522782671.33,0.0,0.0,254771272431.57,0.0,82985117998.04,,,,
Gro,M5,CZ06,cPVVG,10233324.63,0.0,0.0,117602653708.12,0.0,148883715653.9,,,,
Gro,M5,CZ07,cPVVG,0.0,0.0,0.0,110649343418.11,0.0,149911794824.95,,,,
Gro,M5,CZ08,cPVVG,52066454.25,0.0,0.0,125357533658.65,0.0,230051368346.08,,,,
Gro,M5,CZ09,cPVVG,292099232.59,0.0,0.0,144547538904.75,0.0,233730577975.74,,,,
Gro,M5,CZ10,cPVVG,200748596.92,0.0,0.0,138884378337.01,0.0,248292507594.35,,,,
Gro,M5,CZ11,cPVVG,3218477283.39,0.0,3370802.16,320730466499.01,0.0,269367561799.8,,,,
Gro,M5,CZ12,cPVVG,1979147194.7,0.0,0.0,315161000323.28,0.0,200496608124.64,,,,
Gro,M5,CZ13,cPVVG,1262634705.53,0.0,4601212.81,266388955778.82,0.0,296741112646.87,,,,
Gro,M5,CZ14,cPVVG,3804705668.3,0.0,0.0,265494307283.25,0.0,265551709361.23,,,,
Gro,M5,CZ15,cPVVG,204524289.21,0.0,6120691.23,71932476972.69,0.0,512512674396.28,,,,
Gro,M5,CZ16,cPVVG,13227516337.64,0.0,0.0,525497087118.17,0.0,104748604635.34,,,,
Htl,M1,CZ01,cDXGF,0.0,0.0,0.0,259568087171.21,0.0,3392629986.38,,,,
Htl,M1,CZ02,cDXGF,0.0,0.0,0.0,168445274311.82,0.0,113067964574.66,,,,
Htl,M1,CZ03,cDXGF,0.0,0.0,0.0,95604753935.37,0.0,48394005002.26,,,,
Htl,M1,CZ04,cDXGF,0.0,0.0,0.0,130027674751.31,0.0,208143137450.5,,,,
Htl,M1,CZ05,cDXGF,0.0,0.0,0.0,84909505912.87,0.0,59266833799.85,,,,
Htl,M1,CZ06,cDXGF,0.0,0.0,0.0,16776986156.33,0.0,130917370200.1,,,,
Htl,M1,CZ07,cDXGF,0.0,0.0,0.0,13357852749.75,0.0,132426443609.35,,,,
Htl,M1,CZ08,cDXGF,0.0,0.0,19.0,22101543930.51,0.0,234614398682.39,,,,
Htl,M1,CZ09,cDXGF,0.0,0.0,73.51,34525188115.29,0.0,240734590635.66,,,,
Htl,M1,CZ10,cDXGF,0.0,0.0,84.9,38222749439.85,0.0,285460293774.01,,,,
Htl,M1,CZ11,cDXGF,7661789.79,0.0,3994308.41,155564537914.3,0.0,319858030572.45,,,,
Htl,M1,CZ12,cDXGF,0.0,0.0,0.0,156595248149.55,0.0,204552931827.52,,,,
Htl,M1,CZ13,cDXGF,0.0,0.0,4684860.38,130690940923.16,0.0,336646026579.93,,,,
Htl,M1,CZ14,cDXGF,0.0,0.0,5554487.04,110687991418.35,0.0,314706273221.72,,,,
Htl,M1,CZ15,cDXGF,0.0,0.0,1867894534.51,14696600551.47,0.0,605215330429.72,,,,
Htl,M1,CZ16,cDXGF,658682724.82,0.0,0.0,252649884947.83,0.0,87892275359.8,,,,
Htl,M1,CZ01,cDXHP,0.0,0.0,0.0,0.0,62943588671.68,3405129542.99,,,,
Htl,M1,CZ02,cDXHP,0.0,0.0,0.0,0.0,41883365695.76,115042329433.63,,,,
Htl,M1,CZ03,cDXHP,0.0,0.0,0.0,0.0,23022695256.43,49468303671.69,,,,
Htl,M1,CZ04,cDXHP,0.0,0.0,0.0,0.0,32834438245.35,210940553192.74,,,,
Htl,M1,CZ05,cDXHP,0.0,0.0,0.0,0.0,20630710673.52,60801631564.24,,,,
Htl,M1,CZ06,cDXHP,0.0,0.0,0.0,0.0,3955779900.05,128144371602.04,,,,
Htl,M1,CZ07,cDXHP,0.0,0.0,0.0,0.0,3147460296.2,130967607659.92,,,,
Htl,M1,CZ08,cDXHP,0.0,0.0,0.0,0.0,5287647771.29,236255856589.17,,,,
Htl,M1,CZ09,cDXHP,0.0,0.0,41.57,0.0,8380292709.47,242273100201.84,,,,
Htl,M1,CZ10,cDXHP,0.0,0.0,84.88,0.0,9309216997.45,286380131476.15,,,,
Htl,M1,CZ11,cDXHP,0.0,3300272.84,1687275.18,0.0,39053743609.6,322155253004.86,,,,
Htl,M1,CZ12,cDXHP,0.0,0.0,0.0,0.0,38787597666.34,207077834830.54,,,,
Htl,M1,CZ13,cDXHP,0.0,0.0,3466163.2,0.0,32527235249.54,338852138801.88,,,,
Htl,M1,CZ14,cDXHP,0.0,0.0,2813376.08,0.0,29110556213.27,318143652523.62,,,,
Htl,M1,CZ15,cDXHP,0.0,0.0,1864031913.57,0.0,3595539904.61,605277793912.52,,,,
Htl,M1,CZ16,cDXHP,0.0,220433986.01,0.0,0.0,72046167665.17,89511601189.64,,,,
Htl,M1,CZ01,cPTAC,0.0,0.0,0.0,0.0,0.0,5151304623.4,,,,
Htl,M1,CZ02,cPTAC,0.0,0.0,0.0,0.0,0.0,116247546750.5,,,,
Htl,M1,CZ03,cPTAC,0.0,0.0,0.0,0.0,0.0,54717726691.68,,,,
Htl,M1,CZ04,cPTAC,0.0,0.0,0.0,0.0,0.0,211270637663.65,,,,
Htl,M1,CZ05,cPTAC,0.0,0.0,0.0,0.0,0.0,63663944278.32,,,,
Htl,M1,CZ06,cPTAC,0.0,0.0,0.0,0.0,0.0,137669452464.07,,,,
Htl,M1,CZ07,cPTAC,0.0,0.0,0.0,0.0,0.0,138295905242.22,,,,
Htl,M1,CZ08,cPTAC,0.0,0.0,19.0,0.0,0.0,239245015941.95,,,,
Htl,M1,CZ09,cPTAC,0.0,0.0,73.51,0.0,0.0,245585094363.81,,,,
Htl,M1,CZ10,cPTAC,0.0,0.0,84.9,0.0,0.0,289217638231.21,,,,
Htl,M1,CZ11,cPTAC,0.0,0.0,3994331.2,0.0,0.0,321682998820.2,,,,
Htl,M1,CZ12,cPTAC,0.0,0.0,0.0,0.0,0.0,208223732378.26,,,,
Htl,M1,CZ13,cPTAC,0.0,0.0,4684848.09,0.0,0.0,339313914176.72,,,,
Htl,M1,CZ14,cPTAC,0.0,0.0,5554341.84,0.0,0.0,316501887576.18,,,,
Htl,M1,CZ15,cPTAC,0.0,0.0,1867857186.25,0.0,0.0,607748755378.31,,,,
Htl,M1,CZ16,cPTAC,0.0,0.0,0.0,0.0,0.0,90297262214.25,,,,
Htl,M1,CZ01,cPVVG,0.0,0.0,0.0,324362346461.52,0.0,4785798893.4,,,,
Htl,M1,CZ02,cPVVG,0.0,0.0,0.0,221264432952.23,0.0,108059717728.14,,,,
Htl,M1,CZ03,cPVVG,0.0,0.0,0.0,135576753733.64,0.0,50450366927.34,,,,
Htl,M1,CZ04,cPVVG,0.0,0.0,0.0,172446024475.25,0.0,200541612425.93,,,,
Htl,M1,CZ05,cPVVG,0.0,0.0,0.0,124253746824.42,0.0,59364774587.99,,,,
Htl,M1,CZ06,cPVVG,0.0,0.0,0.0,30161376220.83,0.0,133271944874.14,,,,
Htl,M1,CZ07,cPVVG,0.0,0.0,0.0,25339390770.48,0.0,133478238079.21,,,,
Htl,M1,CZ08,cPVVG,0.0,0.0,0.0,36641140027.3,0.0,227170397312.72,,,,
Htl,M1,CZ09,cPVVG,0.0,0.0,797.4,53320404197.75,0.0,231000626384.93,,,,
Htl,M1,CZ10,cPVVG,0.0,0.0,128.58,58446785017.68,0.0,272536992222.39,,,,
Htl,M1,CZ11,cPVVG,12567316.12,0.0,2434494.52,202683105261.68,0.0,308330494270.61,,,,
Htl,M1,CZ12,cPVVG,0.0,0.0,0.0,202673061420.51,0.0,196954293661.43,,,,
Htl,M1,CZ13,cPVVG,0.0,0.0,3464263.06,172495194199.66,0.0,325044869305.64,,,,
Htl,M1,CZ14,cPVVG,0.0,0.0,3409155.66,148289756588.18,0.0,302491834229.4,,,,
Htl,M1,CZ15,cPVVG,0.0,0.0,1297826347.43,24722409537.33,0.0,587649802551.84,,,,
Htl,M1,CZ16,cPVVG,842840203.19,0.0,0.0,327953530503.19,0.0,84591719112.17,,,,
Htl,M2,CZ01,cDXGF,0.0,0.0,0.0,1902772374.58,0.0,227456710923.74,,,,
Htl,M2,CZ02,cDXGF,0.0,0.0,0.0,1872534453.01,0.0,286678947991.95,,,,
Htl,M2,CZ03,cDXGF,0.0,0.0,0.0,641035161.56,0.0,282047447826.22,,,,
Htl,M2,CZ04,cDXGF,0.0,0.0,0.0,1069751518.11,0.0,321875703178.74,,,,
Htl,M2,CZ05,cDXGF,0.0,0.0,0.0,415992591.75,0.0,286377658957.39,,,,
Htl,M2,CZ06,cDXGF,0.0,0.0,0.0,7055718.4,0.0,321542778592.21,,,,
Htl,M2,CZ07,cDXGF,0.0,0.0,0.0,1801972.71,0.0,320266514427.73,,,,
Htl,M2,CZ08,cDXGF,0.0,0.0,0.0,12719343.64,0.0,355109651160.31,,,,
Htl,M2,CZ09,cDXGF,0.0,0.0,0.0,63132870.95,0.0,355981508924.04,,,,
Htl,M2,CZ10,cDXGF,0.0,0.0,0.0,31342176.68,0.0,358253592645.83,,,,
Htl,M2,CZ11,cDXGF,0.0,0.0,5644204.84,3452302323.43,0.0,345837947536.62,,,,
Htl,M2,CZ12,cDXGF,0.0,0.0,0.0,2372415554.84,0.0,312831860790.64,,,,
Htl,M2,CZ13,cDXGF,0.0,0.0,9368933.88,2141015998.66,0.0,360241065089.22,,,,
Htl,M2,CZ14,cDXGF,0.0,0.0,867020.82,368358314.79,0.0,356499883856.28,,,,
Htl,M2,CZ15,cDXGF,0.0,0.0,177272928.25,3249316.66,0.0,456541763837.11,,,,
Htl,M2,CZ16,cDXGF,96221.34,0.0,0.0,6356840008.49,0.0,281479533039.98,,,,
Htl,M2,CZ01,cDXHP,0.0,0.0,0.0,0.0,485306084.31,229310705233.27,,,,
Htl,M2,CZ02,cDXHP,0.0,0.0,0.0,0.0,486967249.31,286837212483.02,,,,
Htl,M2,CZ03,cDXHP,0.0,0.0,0.0,0.0,156663335.15,282674585827.78,,,,
Htl,M2,CZ04,cDXHP,0.0,0.0,0.0,0.0,275173201.29,321856155957.9,,,,
Htl,M2,CZ05,cDXHP,0.0,0.0,0.0,0.0,102564316.05,287414717210.26,,,,
Htl,M2,CZ06,cDXHP,0.0,0.0,0.0,0.0,1707745.84,323297721315.76,,,,
Htl,M2,CZ07,cDXHP,0.0,0.0,0.0,0.0,445609.65,321568424885.12,,,,
Htl,M2,CZ08,cDXHP,0.0,0.0,0.0,0.0,3131472.84,355407140878.97,,,,
Htl,M2,CZ09,cDXHP,0.0,0.0,0.0,0.0,16011168.76,356070039684.71,,,,
Htl,M2,CZ10,cDXHP,0.0,0.0,0.0,0.0,8003034.57,358322205268.65,,,,
Htl,M2,CZ11,cDXHP,0.0,0.0,5644202.71,0.0,892522699.5,345912452664.83,,,,
Htl,M2,CZ12,cDXHP,0.0,0.0,0.0,0.0,610818097.15,312866213178.52,,,,
Htl,M2,CZ13,cDXHP,0.0,0.0,9368938.58,0.0,547164648.45,360328415666.62,,,,
Htl,M2,CZ14,cDXHP,0.0,0.0,866908.4,0.0,108380126.7,356550079282.08,,,,
Htl,M2,CZ15,cDXHP,0.0,0.0,177272990.25,0.0,871897.27,456548700902.95,,,,
Htl,M2,CZ16,cDXHP,0.0,33685.32,0.0,0.0,1890610186.5,283043530176.68,,,,
Htl,M2,CZ01,cPTAC,0.0,0.0,0.0,0.0,0.0,227369929166.33,,,,
Htl,M2,CZ02,cPTAC,0.0,0.0,0.0,0.0,0.0,286615734558.01,,,,
Htl,M2,CZ03,cPTAC,0.0,0.0,0.0,0.0,0.0,282033244825.22,,,,
Htl,M2,CZ04,cPTAC,0.0,0.0,0.0,0.0,0.0,321834185211.8,,,,
Htl,M2,CZ05,cPTAC,0.0,0.0,0.0,0.0,0.0,286359674517.15,,,,
Htl,M2,CZ06,cPTAC,0.0,0.0,0.0,0.0,0.0,321568142483.07,,,,
Htl,M2,CZ07,cPTAC,0.0,0.0,0.0,0.0,0.0,320266204915.81,,,,
Htl,M2,CZ08,cPTAC,0.0,0.0,0.0,0.0,0.0,355107983439.56,,,,
Htl,M2,CZ09,cPTAC,0.0,0.0,0.0,0.0,0.0,355976503741.95,,,,
Htl,M2,CZ10,cPTAC,0.0,0.0,0.0,0.0,0.0,358250826445.37,,,,
Htl,M2,CZ11,cPTAC,0.0,0.0,5644206.21,0.0,0.0,345763181656.01,,,,
Htl,M2,CZ12,cPTAC,0.0,0.0,0.0,0.0,0.0,312778103736.42,,,,
Htl,M2,CZ13,cPTAC,0.0,0.0,9368939.26,0.0,0.0,360201553574.75,,,,
Htl,M2,CZ14,cPTAC,0.0,0.0,867022.28,0.0,0.0,356473408563.81,,,,
Htl,M2,CZ15,cPTAC,0.0,0.0,177272955.21,0.0,0.0,456545992031.97,,,,
Htl,M2,CZ16,cPTAC,0.0,0.0,0.0,0.0,0.0,281335109887.21,,,,
Htl,M2,CZ01,cPVVG,0.0,0.0,0.0,2746114099.8,0.0,205461634876.11,,,,
Htl,M2,CZ02,cPVVG,0.0,0.0,0.0,2649177892.48,0.0,258760701436.28,,,,
Htl,M2,CZ03,cPVVG,0.0,0.0,0.0,974753301.02,0.0,255351654693.48,,,,
Htl,M2,CZ04,cPVVG,0.0,0.0,0.0,1665805015.88,0.0,293223765007.54,,,,
Htl,M2,CZ05,cPVVG,0.0,0.0,0.0,656161679.82,0.0,260230991235.66,,,,
Htl,M2,CZ06,cPVVG,0.0,0.0,0.0,23874705.48,0.0,298588334959.36,,,,
Htl,M2,CZ07,cPVVG,0.0,0.0,0.0,5341273.53,0.0,296933477605.67,,,,
Htl,M2,CZ08,cPVVG,0.0,0.0,0.0,37143828.44,0.0,328670873158.44,,,,
Htl,M2,CZ09,cPVVG,0.0,0.0,0.0,136546563.43,0.0,327674963515.75,,,,
Htl,M2,CZ10,cPVVG,0.0,0.0,0.0,79570313.83,0.0,329658641050.86,,,,
Htl,M2,CZ11,cPVVG,0.0,0.0,3667242.09,4629967924.77,0.0,315106968338.87,,,,
Htl,M2,CZ12,cPVVG,0.0,0.0,0.0,3144389639.86,0.0,284753349459.02,,,,
Htl,M2,CZ13,cPVVG,0.0,0.0,6046823.73,2817452293.18,0.0,330547312398.69,,,,
Htl,M2,CZ14,cPVVG,0.0,0.0,568118.4,792288079.15,0.0,325681192263.64,,,,
Htl,M2,CZ15,cPVVG,0.0,0.0,117499400.56,12767956.74,0.0,428455009319.23,,,,
Htl,M2,CZ16,cPVVG,5333999.57,0.0,0.0,8625923055.52,0.0,250293867059.36,,,,
Htl,M3,CZ01,cDXGF,4394550866.56,0.0,195711959001.47,4394550866.56,0.0,195711959001.47,,,,
Htl,M3,CZ02,cDXGF,4064843685.21,0.0,249485098596.38,4064843685.21,0.0,249485098596.38,,,,
Htl,M3,CZ03,cDXGF,1670878654.8,0.0,247218042565.39,1670878654.8,0.0,247218042565.39,,,,
Htl,M3,CZ04,cDXGF,2675729620.31,0.0,286223782534.51,2675729620.31,0.0,286223782534.51,,,,
Htl,M3,CZ05,cDXGF,1063386823.89,0.0,251682781078.75,1063386823.89,0.0,251682781078.75,,,,
Htl,M3,CZ06,cDXGF,70121631.86,0.0,292881743919.15,70121631.86,0.0,292881743919.15,,,,
Htl,M3,CZ07,cDXGF,21518937.76,0.0,291311779691.07,21518937.76,0.0,291311779691.07,,,,
Htl,M3,CZ08,cDXGF,118012416.44,0.0,322465106732.42,118012416.44,0.0,322465106732.42,,,,
Htl,M3,CZ09,cDXGF,332992281.62,0.0,321551061895.05,332992281.62,0.0,321551061895.05,,,,
Htl,M3,CZ10,cDXGF,215464144.33,0.0,324364740910.87,215464144.33,0.0,324364740910.87,,,,
Htl,M3,CZ11,cDXGF,6786561747.48,0.0,309277525588.88,6786561747.48,0.0,309277525588.88,,,,
Htl,M3,CZ12,cDXGF,4752949120.84,0.0,277989425707.27,4752949120.84,0.0,277989425707.27,,,,
Htl,M3,CZ13,cDXGF,4415144177.24,0.0,325227629615.77,4415144177.24,0.0,325227629615.77,,,,
Htl,M3,CZ14,cDXGF,1525077893.21,0.0,320693162055.92,1525077893.21,0.0,320693162055.92,,,,
Htl,M3,CZ15,cDXGF,36340119.08,0.0,429107994798.49,36340119.08,0.0,429107994798.49,,,,
Htl,M3,CZ16,cDXGF,11964873353.06,0.0,238259094947.21,11964873353.06,0.0,238259094947.21,,,,
Htl,M3,CZ01,cDXHP,0.0,1098544550.48,194475976945.76,0.0,1098544550.48,194475976945.76,,,,
Htl,M3,CZ02,cDXHP,0.0,1043487517.1,249329036632.26,0.0,1043487517.1,249329036632.26,,,,
Htl,M3,CZ03,cDXHP,0.0,406845036.41,246864544082.99,0.0,406845036.41,246864544082.99,,,,
Htl,M3,CZ04,cDXHP,0.0,690477277.28,286330003848.85,0.0,690477277.28,286330003848.85,,,,
Htl,M3,CZ05,cDXHP,0.0,261385298.91,251018762328.83,0.0,261385298.91,251018762328.83,,,,
Htl,M3,CZ06,cDXHP,0.0,16913256.54,292862623755.86,0.0,16913256.54,292862623755.86,,,,
Htl,M3,CZ07,cDXHP,0.0,5209240.52,291288932509.53,0.0,5209240.52,291288932509.53,,,,
Htl,M3,CZ08,cDXHP,0.0,28751472.0,322537501181.64,0.0,28751472.0,322537501181.64,,,,
Htl,M3,CZ09,cDXHP,0.0,83237062.22,321621872832.94,0.0,83237062.22,321621872832.94,,,,
Htl,M3,CZ10,cDXHP,0.0,54185234.98,324447177760.26,0.0,54185234.98,324447177760.26,,,,
Htl,M3,CZ11,cDXHP,0.0,1748302987.54,309459251047.8,0.0,1748302987.54,309459251047.8,,,,
Htl,M3,CZ12,cDXHP,0.0,1214622541.02,278111303874.04,0.0,1214622541.02,278111303874.04,,,,
Htl,M3,CZ13,cDXHP,0.0,1124578775.55,325396608237.4,0.0,1124578775.55,325396608237.4,,,,
Htl,M3,CZ14,cDXHP,0.0,425455665.95,320980166955.21,0.0,425455665.95,320980166955.21,,,,
Htl,M3,CZ15,cDXHP,0.0,9359092.94,429114222460.65,0.0,9359092.94,429114222460.65,,,,
Htl,M3,CZ16,cDXHP,0.0,3502544343.6,236436498297.9,0.0,3502544343.6,236436498297.9,,,,
Htl,M3,CZ01,cPTAC,0.0,0.0,195578730718.39,0.0,0.0,195578730718.39,,,,
Htl,M3,CZ02,cPTAC,0.0,0.0,249356108854.39,0.0,0.0,249356108854.39,,,,
Htl,M3,CZ03,cPTAC,0.0,0.0,247156490317.66,0.0,0.0,247156490317.66,,,,
Htl,M3,CZ04,cPTAC,0.0,0.0,286152445527.24,0.0,0.0,286152445527.24,,,,
Htl,M3,CZ05,cPTAC,0.0,0.0,251639684062.57,0.0,0.0,251639684062.57,,,,
Htl,M3,CZ06,cPTAC,0.0,0.0,292877082804.56,0.0,0.0,292877082804.56,,,,
Htl,M3,CZ07,cPTAC,0.0,0.0,291309364285.81,0.0,0.0,291309364285.81,,,,
Htl,M3,CZ08,cPTAC,0.0,0.0,322456019968.53,0.0,0.0,322456019968.53,,,,
Htl,M3,CZ09,cPTAC,0.0,0.0,321535238214.72,0.0,0.0,321535238214.72,,,,
Htl,M3,CZ10,cPTAC,0.0,0.0,324350120774.84,0.0,0.0,324350120774.84,,,,
Htl,M3,CZ11,cPTAC,0.0,0.0,309149981093.03,0.0,0.0,309149981093.03,,,,
Htl,M3,CZ12,cPTAC,0.0,0.0,277858909161.74,0.0,0.0,277858909161.74,,,,
Htl,M3,CZ13,cPTAC,0.0,0.0,325145662363.09,0.0,0.0,325145662363.09,,,,
Htl,M3,CZ14,cPTAC,0.0,0.0,320632055250.32,0.0,0.0,320632055250.32,,,,
Htl,M3,CZ15,cPTAC,0.0,0.0,429104082802.65,0.0,0.0,429104082802.65,,,,
Htl,M3,CZ16,cPTAC,0.0,0.0,238026030481.21,0.0,0.0,238026030481.21,,,,
Htl,M3,CZ01,cPVVG,0.0,0.0,0.0,4437197218.37,0.0,193757234708.67,,,,
Htl,M3,CZ02,cPVVG,0.0,0.0,0.0,4157789731.78,0.0,247216458508.77,,,,
Htl,M3,CZ03,cPVVG,0.0,0.0,0.0,1702033807.12,0.0,244842795994.58,,,,
Htl,M3,CZ04,cPVVG,0.0,0.0,0.0,2749587540.6,0.0,283750371770.61,,,,
Htl,M3,CZ05,cPVVG,0.0,0.0,0.0,1084526518.64,0.0,249244562249.69,,,,
Htl,M3,CZ06,cPVVG,0.0,0.0,0.0,72234107.43,0.0,290341051103.54,,,,
Htl,M3,CZ07,cPVVG,0.0,0.0,0.0,22111838.37,0.0,288789344963.71,,,,
Htl,M3,CZ08,cPVVG,0.0,0.0,0.0,121735028.1,0.0,319770148824.4,,,,
Htl,M3,CZ09,cPVVG,0.0,0.0,0.0,344388421.91,0.0,318785798662.94,,,,
Htl,M3,CZ10,cPVVG,0.0,0.0,0.0,222397851.09,0.0,321607515481.0,,,,
Htl,M3,CZ11,cPVVG,0.0,0.0,2474379.11,7011037396.46,0.0,306689103552.54,,,,
Htl,M3,CZ12,cPVVG,0.0,0.0,0.0,4884598807.51,0.0,275629093937.46,,,,
Htl,M3,CZ13,cPVVG,0.0,0.0,4038853.67,4564860018.37,0.0,322554326280.13,,,,
Htl,M3,CZ14,cPVVG,0.0,0.0,382225.49,1575866427.54,0.0,317860286464.92,,,,
Htl,M3,CZ15,cPVVG,0.0,0.0,84375525.03,37698894.06,0.0,425815510291.68,,,,
Htl,M3,CZ16,cPVVG,37512271.6,0.0,0.0,12377752199.51,0.0,235650177034.31,,,,
Htl,M4,CZ01,cDXGF,0.0,0.0,0.0,259561340299.19,0.0,36546353898.61,,,,
Htl,M4,CZ02,cDXGF,0.0,0.0,0.0,168456210903.91,0.0,140047809236.34,,,,
Htl,M4,CZ03,cDXGF,0.0,0.0,0.0,95598463644.33,0.0,111207242256.2,,,,
Htl,M4,CZ04,cDXGF,0.0,0.0,0.0,130033516546.42,0.0,210909311970.31,,,,
Htl,M4,CZ05,cDXGF,0.0,0.0,0.0,84909338391.78,0.0,115772555205.92,,,,
Htl,M4,CZ06,cDXGF,0.0,0.0,0.0,16773717232.04,0.0,192870223677.06,,,,
Htl,M4,CZ07,cDXGF,0.0,0.0,0.0,13354847183.77,0.0,192063406378.76,,,,
Htl,M4,CZ08,cDXGF,0.0,0.0,0.0,22098638358.1,0.0,256812501728.76,,,,
Htl,M4,CZ09,cDXGF,0.0,0.0,0.0,34521964028.18,0.0,257750218036.49,,,,
Htl,M4,CZ10,cDXGF,0.0,0.0,0.0,38219543572.6,0.0,276377655422.62,,,,
Htl,M4,CZ11,cDXGF,7661785.09,0.0,3457031.47,155560095388.28,0.0,281988001489.42,,,,
Htl,M4,CZ12,cDXGF,0.0,0.0,0.0,156591509842.9,0.0,207311368154.07,,,,
Htl,M4,CZ13,cDXGF,0.0,0.0,5496229.9,130688736449.26,0.0,297980930532.34,,,,
Htl,M4,CZ14,cDXGF,0.0,0.0,727618.41,110682550329.46,0.0,283565336901.03,,,,
Htl,M4,CZ15,cDXGF,0.0,0.0,168515014.45,14693565805.25,0.0,488680133981.17,,,,
Htl,M4,CZ16,cDXGF,658681355.36,0.0,0.0,252642940910.0,0.0,132316136483.35,,,,
Htl,M4,CZ01,cDXHP,0.0,0.0,0.0,0.0,62941748126.54,36462886123.72,,,,
Htl,M4,CZ02,cDXHP,0.0,0.0,0.0,0.0,41883472819.73,140543347900.86,,,,
Htl,M4,CZ03,cDXHP,0.0,0.0,0.0,0.0,23021056576.58,111264917075.55,,,,
Htl,M4,CZ04,cDXHP,0.0,0.0,0.0,0.0,32835205772.91,211554647895.88,,,,
Htl,M4,CZ05,cDXHP,0.0,0.0,0.0,0.0,20628834088.08,116080507042.21,,,,
Htl,M4,CZ06,cDXHP,0.0,0.0,0.0,0.0,3955010733.69,188627527005.68,,,,
Htl,M4,CZ07,cDXHP,0.0,0.0,0.0,0.0,3146767569.71,188906048969.65,,,,
Htl,M4,CZ08,cDXHP,0.0,0.0,0.0,0.0,5286939744.98,256343636979.86,,,,
Htl,M4,CZ09,cDXHP,0.0,0.0,0.0,0.0,8379497789.49,257664602397.17,,,,
Htl,M4,CZ10,cDXHP,0.0,0.0,0.0,0.0,9308447590.5,276387420898.55,,,,
Htl,M4,CZ11,cDXHP,0.0,3300271.41,3455383.44,0.0,39052704906.39,282370447895.32,,,,
Htl,M4,CZ12,cDXHP,0.0,0.0,0.0,0.0,38786606761.39,207740467789.21,,,,
Htl,M4,CZ13,cDXHP,0.0,0.0,5493656.52,0.0,32526736114.97,298345971548.38,,,,
Htl,M4,CZ14,cDXHP,0.0,0.0,727400.15,0.0,29109199982.74,284417288913.84,,,,
Htl,M4,CZ15,cDXHP,0.0,0.0,168511685.17,0.0,3594786742.46,488695620604.32,,,,
Htl,M4,CZ16,cDXHP,0.0,220435035.53,0.0,0.0,72044069749.57,133639163216.43,,,,
Htl,M4,CZ01,cPTAC,0.0,0.0,0.0,0.0,0.0,34702124906.19,,,,
Htl,M4,CZ02,cPTAC,0.0,0.0,0.0,0.0,0.0,137509820199.24,,,,
Htl,M4,CZ03,cPTAC,0.0,0.0,0.0,0.0,0.0,110033202393.83,,,,
Htl,M4,CZ04,cPTAC,0.0,0.0,0.0,0.0,0.0,208375930986.72,,,,
Htl,M4,CZ05,cPTAC,0.0,0.0,0.0,0.0,0.0,113805443649.22,,,,
Htl,M4,CZ06,cPTAC,0.0,0.0,0.0,0.0,0.0,192472776659.97,,,,
Htl,M4,CZ07,cPTAC,0.0,0.0,0.0,0.0,0.0,191700152136.53,,,,
Htl,M4,CZ08,cPTAC,0.0,0.0,0.0,0.0,0.0,256135719040.6,,,,
Htl,M4,CZ09,cPTAC,0.0,0.0,0.0,0.0,0.0,256896294178.19,,,,
Htl,M4,CZ10,cPTAC,0.0,0.0,0.0,0.0,0.0,275382168739.38,,,,
Htl,M4,CZ11,cPTAC,0.0,0.0,3457034.77,0.0,0.0,280174835296.04,,,,
Htl,M4,CZ12,cPTAC,0.0,0.0,0.0,0.0,0.0,205807760004.78,,,,
Htl,M4,CZ13,cPTAC,0.0,0.0,5496233.11,0.0,0.0,296910433411.61,,,,
Htl,M4,CZ14,cPTAC,0.0,0.0,727618.48,0.0,0.0,281416850570.29,,,,
Htl,M4,CZ15,cPTAC,0.0,0.0,168515105.06,0.0,0.0,488179877799.18,,,,
Htl,M4,CZ16,cPTAC,0.0,0.0,0.0,0.0,0.0,130004943355.3,,,,
Htl,M4,CZ01,cPVVG,0.0,0.0,0.0,324371899797.71,0.0,25834674948.12,,,,
Htl,M4,CZ02,cPVVG,0.0,0.0,0.0,221306354495.1,0.0,121226068013.58,,,,
Htl,M4,CZ03,cPVVG,0.0,0.0,0.0,135577818680.35,0.0,90860763949.21,,,,
Htl,M4,CZ04,cPVVG,0.0,0.0,0.0,172471251067.61,0.0,190234088651.35,,,,
Htl,M4,CZ05,cPVVG,0.0,0.0,0.0,124268803440.13,0.0,95110956717.06,,,,
Htl,M4,CZ06,cPVVG,0.0,0.0,0.0,30162034069.0,0.0,168995606597.76,,,,
Htl,M4,CZ07,cPVVG,0.0,0.0,0.0,25339052979.47,0.0,167635032668.49,,,,
Htl,M4,CZ08,cPVVG,0.0,0.0,0.0,36640326532.35,0.0,232804684844.33,,,,
Htl,M4,CZ09,cPVVG,0.0,0.0,0.0,53318064392.41,0.0,232435085361.39,,,,
Htl,M4,CZ10,cPVVG,0.0,0.0,0.0,58444669910.36,0.0,251544408246.83,,,,
Htl,M4,CZ11,cPVVG,12567310.61,0.0,1383757.84,202678756216.95,0.0,261102095101.62,,,,
Htl,M4,CZ12,cPVVG,0.0,0.0,0.0,202673293075.58,0.0,187683864112.81,,,,
Htl,M4,CZ13,cPVVG,0.0,0.0,1926418.47,172493347096.01,0.0,276902590159.45,,,,
Htl,M4,CZ14,cPVVG,0.0,0.0,412961.67,148286252800.56,0.0,260718890549.64,,,,
Htl,M4,CZ15,cPVVG,0.0,0.0,105288117.53,24720544645.8,0.0,464561601384.86,,,,
Htl,M4,CZ16,cPVVG,843210277.47,0.0,0.0,327948831829.04,0.0,112876667362.34,,,,
Htl,M5,CZ01,cDXGF,5538393268.41,0.0,136440403613.59,5538393268.41,0.0,136440403613.59,,,,
Htl,M5,CZ02,cDXGF,4936774927.85,0.0,218502358929.9,4936774927.85,0.0,218549463343.74,,,,
Htl,M5,CZ03,cDXGF,2067176804.0,0.0,205385685444.8,2067176804.0,0.0,205398511059.59,,,,
Htl,M5,CZ04,cDXGF,3293687130.21,0.0,262487687555.17,3293687130.21,0.0,263017201979.99,,,,
Htl,M5,CZ05,cDXGF,1318296966.48,0.0,208678387123.37,1318296966.48,0.0,208892413449.23,,,,
Htl,M5,CZ06,cDXGF,94252885.18,0.0,268296765743.87,94252885.18,0.0,268865814134.4,,,,
Htl,M5,CZ07,cDXGF,28953783.87,0.0,267478794213.13,28953783.87,0.0,267790168267.08,,,,
Htl,M5,CZ08,cDXGF,151679805.13,0.0,314398317274.64,151679805.13,0.0,315050299073.54,,,,
Htl,M5,CZ09,cDXGF,414472364.66,0.0,307304495634.42,414472364.66,0.0,308165042469.55,,,,
Htl,M5,CZ10,cDXGF,277195259.62,0.0,317129649133.83,277195259.62,0.0,318424166041.78,,,,
Htl,M5,CZ11,cDXGF,7862733317.48,0.0,301206172970.66,7862733317.48,0.0,302695708389.19,,,,
Htl,M5,CZ12,cDXGF,5526451214.01,0.0,260127047145.6,5526451214.01,0.0,260196694780.16,,,,
Htl,M5,CZ13,cDXGF,4989563895.86,0.0,319355392385.88,4989563895.86,0.0,320421270738.33,,,,
Htl,M5,CZ14,cDXGF,1987130668.84,0.0,298624895464.63,1987130668.84,0.0,299434447611.53,,,,
Htl,M5,CZ15,cDXGF,49974478.11,0.0,441633477854.36,49974478.11,0.0,464000508911.69,,,,
Htl,M5,CZ16,cDXGF,14358565316.66,0.0,183244853637.74,14358565316.66,0.0,183244853637.74,,,,
Htl,M5,CZ01,cDXHP,0.0,1544625780.4,150762504047.6,0.0,1761123136.93,150762504047.6,,,,
Htl,M5,CZ02,cDXHP,0.0,1485192446.87,221958546122.33,0.0,1659523537.47,221958546122.33,,,,
Htl,M5,CZ03,cDXHP,0.0,544615063.96,214014776831.42,0.0,544615063.96,214014776831.42,,,,
Htl,M5,CZ04,cDXHP,0.0,1044107020.02,264055996573.12,0.0,1080529887.61,264137462032.99,,,,
Htl,M5,CZ05,cDXHP,0.0,371351544.81,218804122166.03,0.0,374063144.71,218804122166.03,,,,
Htl,M5,CZ06,cDXHP,0.0,22478020.97,279118812780.23,0.0,22478020.97,279118812780.23,,,,
Htl,M5,CZ07,cDXHP,0.0,6957260.82,276047477369.08,0.0,6957260.82,276047477369.08,,,,
Htl,M5,CZ08,cDXHP,0.0,37100259.7,316893832870.74,0.0,37100259.7,317060721815.83,,,,
Htl,M5,CZ09,cDXHP,0.0,105212963.13,308837129677.63,0.0,105212963.13,309395787529.69,,,,
Htl,M5,CZ10,cDXHP,0.0,72089184.15,317840219053.58,0.0,72089184.15,318979044123.82,,,,
Htl,M5,CZ11,cDXHP,0.0,2276151436.99,301980170583.79,0.0,2372675015.77,303059606158.26,,,,
Htl,M5,CZ12,cDXHP,0.0,1552583982.98,261714194205.39,0.0,1655568047.3,261714194205.39,,,,
Htl,M5,CZ13,cDXHP,0.0,1338666072.93,320138337030.88,0.0,1338666072.93,320945325821.54,,,,
Htl,M5,CZ14,cDXHP,0.0,672583760.78,299667695195.18,0.0,672583760.78,299855981697.42,,,,
Htl,M5,CZ15,cDXHP,0.0,13152207.08,441710102007.91,0.0,13152207.08,464008473429.21,,,,
Htl,M5,CZ16,cDXHP,0.0,5074047991.28,193261892609.92,0.0,5246739484.27,193261892609.92,,,,
Htl,M5,CZ01,cPTAC,0.0,0.0,134762666301.84,0.0,0.0,134762666301.84,,,,
Htl,M5,CZ02,cPTAC,0.0,0.0,215548384932.95,0.0,0.0,215595489404.94,,,,
Htl,M5,CZ03,cPTAC,0.0,0.0,203973208613.55,0.0,0.0,203986034251.04,,,,
Htl,M5,CZ04,cPTAC,0.0,0.0,260035226782.5,0.0,0.0,260564741186.84,,,,
Htl,M5,CZ05,cPTAC,0.0,0.0,207715541799.66,0.0,0.0,207929567819.07,,,,
Htl,M5,CZ06,cPTAC,0.0,0.0,268141074471.07,0.0,0.0,268710122877.72,,,,
Htl,M5,CZ07,cPTAC,0.0,0.0,267365131547.31,0.0,0.0,267676505601.26,,,,
Htl,M5,CZ08,cPTAC,0.0,0.0,314210226858.1,0.0,0.0,314862208655.13,,,,
Htl,M5,CZ09,cPTAC,0.0,0.0,307002583293.23,0.0,0.0,307863129624.79,,,,
Htl,M5,CZ10,cPTAC,0.0,0.0,316845097380.21,0.0,0.0,318139613657.81,,,,
Htl,M5,CZ11,cPTAC,0.0,0.0,298104472584.6,0.0,0.0,299594007968.24,,,,
Htl,M5,CZ12,cPTAC,0.0,0.0,256046836896.83,0.0,0.0,256116484670.04,,,,
Htl,M5,CZ13,cPTAC,0.0,0.0,316208537050.78,0.0,0.0,317274426848.69,,,,
Htl,M5,CZ14,cPTAC,0.0,0.0,295936279681.64,0.0,0.0,296745831216.33,,,,
Htl,M5,CZ15,cPTAC,0.0,0.0,441506624771.49,0.0,0.0,463873657368.8,,,,
Htl,M5,CZ16,cPTAC,0.0,0.0,176796009538.22,0.0,0.0,176796009538.22,,,,
Htl,M5,CZ01,cPVVG,0.0,0.0,0.0,5449064471.33,0.0,134986553847.45,,,,
Htl,M5,CZ02,cPVVG,0.0,0.0,0.0,4918568469.27,0.0,216500268898.38,,,,
Htl,M5,CZ03,cPVVG,0.0,0.0,0.0,2059136000.95,0.0,203337175604.82,,,,
Htl,M5,CZ04,cPVVG,0.0,0.0,0.0,3278639277.27,0.0,260706342803.71,,,,
Htl,M5,CZ05,cPVVG,0.0,0.0,0.0,1310272298.53,0.0,206773043983.72,,,,
Htl,M5,CZ06,cPVVG,0.0,0.0,0.0,94294621.59,0.0,266363297686.47,,,,
Htl,M5,CZ07,cPVVG,0.0,0.0,0.0,28976992.45,0.0,265289925231.96,,,,
Htl,M5,CZ08,cPVVG,0.0,0.0,0.0,152206792.42,0.0,312274270812.66,,,,
Htl,M5,CZ09,cPVVG,0.0,0.0,0.0,417314802.01,0.0,305389784804.73,,,,
Htl,M5,CZ10,cPVVG,0.0,0.0,0.0,277042348.7,0.0,315599349831.12,,,,
Htl,M5,CZ11,cPVVG,0.0,0.0,2353212.65,7929090564.01,0.0,300155380274.27,,,,
Htl,M5,CZ12,cPVVG,0.0,0.0,0.0,5557322286.49,0.0,257927244035.79,,,,
Htl,M5,CZ13,cPVVG,0.0,0.0,3815612.15,5063193931.37,0.0,317747862655.38,,,,
Htl,M5,CZ14,cPVVG,0.0,0.0,374059.72,1966232301.56,0.0,296739296099.99,,,,
Htl,M5,CZ15,cPVVG,0.0,0.0,85338064.02,49819281.98,0.0,460592454617.06,,,,
Htl,M5,CZ16,cPVVG,48831857.62,0.0,0.0,14370792862.21,0.0,181213992703.08,,,,
MBT,M1,CZ01,cDXGF,923769344.01,0.0,522.99,348770417201.33,0.0,14696242281.12,,,,
MBT,M1,CZ02,cDXGF,2540940222.1,0.0,1420006770.18,228076153647.62,0.0,281040193432.25,,,,
MBT,M1,CZ03,cDXGF,502790529.61,0.0,333591815.19,119750677388.55,0.0,136789487047.01,,,,
MBT,M1,CZ04,cDXGF,2242023204.14,0.0,4806252220.53,177977149900.95,0.0,467192610631.11,,,,
MBT,M1,CZ05,cDXGF,364818580.64,0.0,483417677.98,106885529207.78,0.0,172359507140.66,,,,
MBT,M1,CZ06,cDXGF,0.0,0.0,1074782682.85,13185411526.43,0.0,372243281833.43,,,,
MBT,M1,CZ07,cDXGF,0.0,0.0,764694135.99,7726361044.33,0.0,409975111286.17,,,,
MBT,M1,CZ08,cDXGF,0.0,0.0,2714370773.74,22350153826.8,0.0,612570216848.24,,,,
MBT,M1,CZ09,cDXGF,0.0,0.0,3776720789.2,36542598194.2,0.0,612548893236.38,,,,
MBT,M1,CZ10,cDXGF,0.0,0.0,3916164802.08,33320829874.05,0.0,671284689873.47,,,,
MBT,M1,CZ11,cDXGF,5260885313.04,0.0,13686954686.97,207253128125.11,0.0,699387284031.93,,,,
MBT,M1,CZ12,cDXGF,2147449686.85,0.0,5425843267.8,213098961082.03,0.0,476892121763.56,,,,
MBT,M1,CZ13,cDXGF,593659245.13,0.0,15123178428.22,165829582022.93,0.0,758955472007.35,,,,
MBT,M1,CZ14,cDXGF,2211397195.1,0.0,10911851098.48,166661206174.64,0.0,715455168237.82,,,,
MBT,M1,CZ15,cDXGF,0.0,0.0,36339238707.09,13850681228.37,0.0,1376111856296.85,,,,
MBT,M1,CZ16,cDXGF,11943194345.16,0.0,1234883812.97,407612793063.85,0.0,245517625388.93,,,,
MBT,M1,CZ01,cDXHP,0.0,235778799.35,536.19,0.0,88838020072.74,14633006687.91,,,,
MBT,M1,CZ02,cDXHP,0.0,657363197.84,1428328636.99,0.0,59845752735.16,285252301348.63,,,,
MBT,M1,CZ03,cDXHP,0.0,123969057.89,335517319.74,0.0,29575142405.26,138671975671.1,,,,
MBT,M1,CZ04,cDXHP,0.0,575072315.59,4743542802.62,0.0,48099050601.67,479827323778.07,,,,
MBT,M1,CZ05,cDXHP,0.0,93677915.1,487239801.4,0.0,27135406039.11,174587132776.7,,,,
MBT,M1,CZ06,cDXHP,0.0,0.0,1080864177.4,0.0,3196104066.45,368850283883.4,,,,
MBT,M1,CZ07,cDXHP,0.0,0.0,767473891.18,0.0,1880549091.47,406422742074.62,,,,
MBT,M1,CZ08,cDXHP,0.0,0.0,2713640358.98,0.0,5577452289.73,614969507300.79,,,,
MBT,M1,CZ09,cDXHP,0.0,0.0,3772933872.96,0.0,9245188048.93,617233788529.59,,,,
MBT,M1,CZ10,cDXHP,0.0,0.0,3892992354.2,0.0,8526255757.94,677544879330.87,,,,
MBT,M1,CZ11,cDXHP,0.0,1432570449.69,13716183791.61,0.0,54632311572.72,712051930472.85,,,,
MBT,M1,CZ12,cDXHP,0.0,553361761.39,5426230268.56,0.0,55464592448.9,485981754473.69,,,,
MBT,M1,CZ13,cDXHP,0.0,151319233.25,15190984695.11,0.0,43039166300.41,769211307564.32,,,,
MBT,M1,CZ14,cDXHP,0.0,684280373.82,10910587796.97,0.0,47759090634.78,728424854497.42,,,,
MBT,M1,CZ15,cDXHP,0.0,0.0,36281729554.98,0.0,3547473053.99,1378506754861.42,,,,
MBT,M1,CZ16,cDXHP,0.0,3860024094.77,1238943372.52,0.0,122042737942.01,250506623759.61,,,,
MBT,M1,CZ01,cPTAC,0.0,0.0,523.8,0.0,0.0,32627327680.46,,,,
MBT,M1,CZ02,cPTAC,0.0,0.0,1418938591.78,0.0,0.0,300851216557.95,,,,
MBT,M1,CZ03,cPTAC,0.0,0.0,333562406.27,0.0,0.0,163228675350.05,,,,
MBT,M1,CZ04,cPTAC,0.0,0.0,4805959556.95,0.0,0.0,484969330529.84,,,,
MBT,M1,CZ05,cPTAC,0.0,0.0,483178106.98,0.0,0.0,195956375460.27,,,,
MBT,M1,CZ06,cPTAC,0.0,0.0,1074757022.68,0.0,0.0,402072840988.92,,,,
MBT,M1,CZ07,cPTAC,0.0,0.0,765240184.87,0.0,0.0,436179034718.75,,,,
MBT,M1,CZ08,cPTAC,0.0,0.0,2713142408.9,0.0,0.0,631491848826.43,,,,
MBT,M1,CZ09,cPTAC,0.0,0.0,3775820955.27,0.0,0.0,633001279150.17,,,,
MBT,M1,CZ10,cPTAC,0.0,0.0,3915061820.99,0.0,0.0,688689068953.36,,,,
MBT,M1,CZ11,cPTAC,0.0,0.0,13686950363.59,0.0,0.0,710192769943.65,,,,
MBT,M1,CZ12,cPTAC,0.0,0.0,5425367311.97,0.0,0.0,494729833145.93,,,,
MBT,M1,CZ13,cPTAC,0.0,0.0,15123177080.47,0.0,0.0,772005243910.4,,,,
MBT,M1,CZ14,cPTAC,0.0,0.0,10911846076.14,0.0,0.0,726034709447.37,,,,
MBT,M1,CZ15,cPTAC,0.0,0.0,36339090299.02,0.0,0.0,1386824242585.73,,,,
MBT,M1,CZ16,cPTAC,0.0,0.0,1234876498.12,0.0,0.0,257298564921.67,,,,
MBT,M1,CZ01,cPVVG,1362754738.76,0.0,332.49,525517796977.91,0.0,21394627345.7,,,,
MBT,M1,CZ02,cPVVG,4135405392.89,0.0,1023085981.41,362162208695.93,0.0,270509053072.13,,,,
MBT,M1,CZ03,cPVVG,982323545.33,0.0,221578828.07,202042428790.83,0.0,146228635312.77,,,,
MBT,M1,CZ04,cPVVG,4093087685.7,0.0,3673119696.0,297398166920.78,0.0,450580540522.93,,,,
MBT,M1,CZ05,cPVVG,961120202.38,0.0,357700727.94,186150544684.73,0.0,173894452404.18,,,,
MBT,M1,CZ06,cPVVG,0.0,0.0,758296372.77,35536101061.7,0.0,374534734292.52,,,,
MBT,M1,CZ07,cPVVG,0.0,0.0,466363020.54,25545074758.78,0.0,399855825886.9,,,,
MBT,M1,CZ08,cPVVG,0.0,0.0,1841446116.26,54116275268.45,0.0,588682938031.25,,,,
MBT,M1,CZ09,cPVVG,0.0,0.0,2528332463.61,78602318899.29,0.0,586339437970.38,,,,
MBT,M1,CZ10,cPVVG,0.0,0.0,2802089420.74,75848830447.69,0.0,641011942894.18,,,,
MBT,M1,CZ11,cPVVG,7539566399.27,0.0,10915956979.52,342855947589.41,0.0,671135096928.11,,,,
MBT,M1,CZ12,cPVVG,3857783532.73,0.0,4213740742.34,345257509811.48,0.0,461961211573.09,,,,
MBT,M1,CZ13,cPVVG,1685125949.32,0.0,12012868427.47,285674934749.92,0.0,729093131657.35,,,,
MBT,M1,CZ14,cPVVG,3472810939.79,0.0,8486855301.34,284562562182.11,0.0,685000698918.66,,,,
MBT,M1,CZ15,cPVVG,0.0,0.0,28821002491.93,33188599762.02,0.0,1313344367296.02,,,,
MBT,M1,CZ16,cPVVG,18281158594.27,0.0,736905742.94,634528573978.88,0.0,234626643574.31,,,,
MBT,M2,CZ01,cDXGF,106390140.17,0.0,68540496.39,47623678873.91,0.0,549913697448.32,,,,
MBT,M2,CZ02,cDXGF,372383850.48,0.0,2204186326.95,33843900781.67,0.0,771500791931.23,,,,
MBT,M2,CZ03,cDXGF,46326386.96,0.0,948058413.23,16376504709.86,0.0,738987066747.76,,,,
MBT,M2,CZ04,cDXGF,175430702.84,0.0,4947495200.54,22384827758.48,0.0,904735630016.28,,,,
MBT,M2,CZ05,cDXGF,26580569.19,0.0,1255086383.1,13212152405.1,0.0,751857128231.85,,,,
MBT,M2,CZ06,cDXGF,0.0,0.0,2838188765.72,842704513.08,0.0,897164309274.7,,,,
MBT,M2,CZ07,cDXGF,0.0,0.0,2034417575.53,298012194.58,0.0,902239861360.76,,,,
MBT,M2,CZ08,cDXGF,0.0,0.0,4995507543.18,1160512932.82,0.0,1013568907734.38,,,,
MBT,M2,CZ09,cDXGF,0.0,0.0,6170928267.05,3374526913.16,0.0,1026840703666.32,,,,
MBT,M2,CZ10,cDXGF,0.0,0.0,5169685237.08,2917298834.86,0.0,1030654600880.25,,,,
MBT,M2,CZ11,cDXGF,1159375800.03,0.0,12415816306.7,35984409209.27,0.0,1015181933871.95,,,,
MBT,M2,CZ12,cDXGF,197415256.89,0.0,5981645442.41,33183701903.68,0.0,900680316900.2,,,,
MBT,M2,CZ13,cDXGF,49130459.22,0.0,13720582261.71,24887135205.08,0.0,1074271510227.51,,,,
MBT,M2,CZ14,cDXGF,116610764.41,0.0,9862218615.77,19841901721.84,0.0,1045060382003.74,,,,
MBT,M2,CZ15,cDXGF,0.0,0.0,28376870816.72,2232453102.17,0.0,1447971182317.78,,,,
MBT,M2,CZ16,cDXGF,1923057673.86,0.0,3160995531.33,87994250515.75,0.0,764535834813.13,,,,
MBT,M2,CZ01,cDXHP,0.0,27143482.73,63583175.93,0.0,12266347614.69,551977176235.51,,,,
MBT,M2,CZ02,cDXHP,0.0,95965769.02,2146306105.31,0.0,8653767097.65,774235235149.21,,,,
MBT,M2,CZ03,cDXHP,0.0,11414911.96,918938610.86,0.0,3958076390.4,742643631104.18,,,,
MBT,M2,CZ04,cDXHP,0.0,44770553.72,4852824852.77,0.0,5714773953.68,907669561868.44,,,,
MBT,M2,CZ05,cDXHP,0.0,6727758.09,1232151950.82,0.0,3198622861.67,755365450309.25,,,,
MBT,M2,CZ06,cDXHP,0.0,0.0,2788645549.7,0.0,203746067.38,902046723961.57,,,,
MBT,M2,CZ07,cDXHP,0.0,0.0,1985145109.01,0.0,72068803.29,905445399162.42,,,,
MBT,M2,CZ08,cDXHP,0.0,0.0,4928492991.81,0.0,279866701.03,1016586668909.79,,,,
MBT,M2,CZ09,cDXHP,0.0,0.0,6103890088.07,0.0,844082825.18,1029247079798.64,,,,
MBT,M2,CZ10,cDXHP,0.0,0.0,5103627215.76,0.0,725385185.53,1032577667045.58,,,,
MBT,M2,CZ11,cDXHP,0.0,312633704.92,12342803374.89,0.0,9378912213.38,1017645015215.19,,,,
MBT,M2,CZ12,cDXHP,0.0,50892976.9,5901874535.15,0.0,8377757613.15,903567149737.71,,,,
MBT,M2,CZ13,cDXHP,0.0,12483059.84,13662527045.09,0.0,6236408797.08,1076260133411.46,,,,
MBT,M2,CZ14,cDXHP,0.0,36175289.25,9801806073.37,0.0,5711884546.86,1047768220078.91,,,,
MBT,M2,CZ15,cDXHP,0.0,0.0,28367939630.83,0.0,574859536.41,1448748502118.51,,,,
MBT,M2,CZ16,cDXHP,0.0,610325696.16,3112597713.31,0.0,26387061730.36,765585985999.3,,,,
MBT,M2,CZ01,cPTAC,0.0,0.0,68540496.39,0.0,0.0,548540424469.65,,,,
MBT,M2,CZ02,cPTAC,0.0,0.0,2204182965.2,0.0,0.0,770365649505.65,,,,
MBT,M2,CZ03,cPTAC,0.0,0.0,948057921.41,0.0,0.0,738363517824.7,,,,
MBT,M2,CZ04,cPTAC,0.0,0.0,4947428177.56,0.0,0.0,903863684941.82,,,,
MBT,M2,CZ05,cPTAC,0.0,0.0,1254380761.6,0.0,0.0,751194963761.38,,,,
MBT,M2,CZ06,cPTAC,0.0,0.0,2838176630.19,0.0,0.0,897112457042.07,,,,
MBT,M2,CZ07,cPTAC,0.0,0.0,2034416041.32,0.0,0.0,902217614101.52,,,,
MBT,M2,CZ08,cPTAC,0.0,0.0,4995468618.18,0.0,0.0,1013500029349.59,,,,
MBT,M2,CZ09,cPTAC,0.0,0.0,6170810321.54,0.0,0.0,1026692086936.55,,,,
MBT,M2,CZ10,cPTAC,0.0,0.0,5169592645.13,0.0,0.0,1030529106411.96,,,,
MBT,M2,CZ11,cPTAC,0.0,0.0,12415816273.77,0.0,0.0,1014077281571.51,,,,
MBT,M2,CZ12,cPTAC,0.0,0.0,5981645298.2,0.0,0.0,899743178388.19,,,,
MBT,M2,CZ13,cPTAC,0.0,0.0,13720582043.96,0.0,0.0,1073592177150.78,,,,
MBT,M2,CZ14,cPTAC,0.0,0.0,9862069026.81,0.0,0.0,1044350662341.86,,,,
MBT,M2,CZ15,cPTAC,0.0,0.0,28376838334.79,0.0,0.0,1447878391473.76,,,,
MBT,M2,CZ16,cPTAC,0.0,0.0,3160982618.33,0.0,0.0,762094589490.17,,,,
MBT,M2,CZ01,cPVVG,361560487.98,0.0,45082466.08,78686405984.23,0.0,476911231459.74,,,,
MBT,M2,CZ02,cPVVG,1449483032.81,0.0,1562879840.31,57433585148.03,0.0,681308499119.65,,,,
MBT,M2,CZ03,cPVVG,243054530.02,0.0,648368523.6,28105192257.16,0.0,653613172491.58,,,,
MBT,M2,CZ04,cPVVG,1524714183.1,0.0,3457407140.16,43320930229.5,0.0,807845501936.56,,,,
MBT,M2,CZ05,cPVVG,255448061.89,0.0,875008502.59,23793731258.67,0.0,663546086686.52,,,,
MBT,M2,CZ06,cPVVG,0.0,0.0,2026341230.3,2160320017.07,0.0,810313418961.37,,,,
MBT,M2,CZ07,cPVVG,0.0,0.0,1412113398.94,803066969.22,0.0,812472481436.2,,,,
MBT,M2,CZ08,cPVVG,0.0,0.0,3531987539.14,2771813555.35,0.0,915815603421.65,,,,
MBT,M2,CZ09,cPVVG,0.0,0.0,4279311006.09,6901641845.75,0.0,923033095282.01,,,,
MBT,M2,CZ10,cPVVG,0.0,0.0,3541962539.09,5259969961.33,0.0,926205378622.49,,,,
MBT,M2,CZ11,cPVVG,3185948552.9,0.0,8912440708.55,62817419015.75,0.0,909020483172.48,,,,
MBT,M2,CZ12,cPVVG,1190720378.65,0.0,4228123206.18,56928630169.99,0.0,806389548775.57,,,,
MBT,M2,CZ13,cPVVG,306773636.63,0.0,9722405175.97,43700642844.23,0.0,967143816859.92,,,,
MBT,M2,CZ14,cPVVG,847833258.85,0.0,6897312429.87,37722017228.08,0.0,935602528980.03,,,,
MBT,M2,CZ15,cPVVG,0.0,0.0,19957821529.56,3499776980.57,0.0,1325335816952.2,,,,
MBT,M2,CZ16,cPVVG,4801325343.24,0.0,2090904544.25,151285590620.04,0.0,656633700337.56,,,,
MBT,M3,CZ01,cDXGF,101959577117.17,0.0,453228295875.42,101959577117.17,0.0,455417753823.28,,,,
MBT,M3,CZ02,cDXGF,76199050416.36,0.0,646815436919.43,76199050416.36,0.0,655110961574.97,,,,
MBT,M3,CZ03,cDXGF,40427461987.93,0.0,620724394152.48,40427461987.93,0.0,628682609020.31,,,,
MBT,M3,CZ04,cDXGF,59803650231.33,0.0,774773723425.29,59803650231.33,0.0,783679327188.48,,,,
MBT,M3,CZ05,cDXGF,30766930514.54,0.0,631327438298.84,30766930514.54,0.0,636886488928.98,,,,
MBT,M3,CZ06,cDXGF,3889677641.02,0.0,781537000855.47,3889677641.02,0.0,785697130024.97,,,,
MBT,M3,CZ07,cDXGF,1759976952.96,0.0,787050443450.01,1759976952.96,0.0,787050443450.01,,,,
MBT,M3,CZ08,cDXGF,5363065185.74,0.0,889184417669.82,5363065185.74,0.0,889184417669.82,,,,
MBT,M3,CZ09,cDXGF,11488680909.04,0.0,896341764854.24,11488680909.04,0.0,896341764854.24,,,,
MBT,M3,CZ10,cDXGF,8471392761.7,0.0,903823575839.6,8471392761.7,0.0,903823575839.6,,,,
MBT,M3,CZ11,cDXGF,85440106210.38,0.0,886461621931.18,85440106210.38,0.0,887175724195.2,,,,
MBT,M3,CZ12,cDXGF,77083454571.9,0.0,780690423684.1,77083454571.9,0.0,783475490769.34,,,,
MBT,M3,CZ13,cDXGF,63827036295.22,0.0,946203513741.22,63827036295.22,0.0,946203513741.22,,,,
MBT,M3,CZ14,cDXGF,55001915641.61,0.0,911439996380.43,55001915641.61,0.0,911859376134.32,,,,
MBT,M3,CZ15,cDXGF,4843023049.82,0.0,1314438918129.72,4843023049.82,0.0,1314438918129.72,,,,
MBT,M3,CZ16,cDXGF,191368465047.56,0.0,623862875724.51,191368465047.56,0.0,623862875724.51,,,,
MBT,M3,CZ01,cDXHP,0.0,25710539594.57,453777255285.17,0.0,25710539594.57,453777255285.17,,,,
MBT,M3,CZ02,cDXHP,0.0,19373254913.24,654618805299.06,0.0,19373254913.24,654618805299.06,,,,
MBT,M3,CZ03,cDXHP,0.0,9783279285.7,627410169830.54,0.0,9783279285.7,627410169830.54,,,,
MBT,M3,CZ04,cDXHP,0.0,15335442118.56,783454174472.54,0.0,15335442118.56,783454174472.54,,,,
MBT,M3,CZ05,cDXHP,0.0,7528948136.28,634737497082.23,0.0,7528948136.28,634737497082.23,,,,
MBT,M3,CZ06,cDXHP,0.0,930055360.78,783741725322.6,0.0,930055360.78,783741725322.6,,,,
MBT,M3,CZ07,cDXHP,0.0,418844424.16,785662521664.21,0.0,418844424.16,785662521664.21,,,,
MBT,M3,CZ08,cDXHP,0.0,1300242321.15,890267822483.54,0.0,1300242321.15,890267822483.54,,,,
MBT,M3,CZ09,cDXHP,0.0,2851324670.7,897461353857.79,0.0,2851324670.7,897461353857.79,,,,
MBT,M3,CZ10,cDXHP,0.0,2109529558.64,905336823260.49,0.0,2109529558.64,905336823260.49,,,,
MBT,M3,CZ11,cDXHP,0.0,21930598813.71,889906341732.0,0.0,21930598813.71,889906341732.0,,,,
MBT,M3,CZ12,cDXHP,0.0,19509335096.7,783974681953.77,0.0,19509335096.7,783974681953.77,,,,
MBT,M3,CZ13,cDXHP,0.0,16074062749.7,948767093955.32,0.0,16074062749.7,948767093955.32,,,,
MBT,M3,CZ14,cDXHP,0.0,15221825256.5,912865786512.79,0.0,15221825256.5,912865786512.79,,,,
MBT,M3,CZ15,cDXHP,0.0,1224326616.33,1315268116182.25,0.0,1224326616.33,1315268116182.25,,,,
MBT,M3,CZ16,cDXHP,0.0,54046901114.56,620361234475.77,0.0,54364679966.89,620361234475.77,,,,
MBT,M3,CZ01,cPTAC,0.0,0.0,452211499127.36,0.0,0.0,454400955107.18,,,,
MBT,M3,CZ02,cPTAC,0.0,0.0,645860561714.68,0.0,0.0,654156088316.29,,,,
MBT,M3,CZ03,cPTAC,0.0,0.0,620143540631.83,0.0,0.0,628101753835.88,,,,
MBT,M3,CZ04,cPTAC,0.0,0.0,773910979261.81,0.0,0.0,782816584611.57,,,,
MBT,M3,CZ05,cPTAC,0.0,0.0,630479393139.16,0.0,0.0,636038442924.0,,,,
MBT,M3,CZ06,cPTAC,0.0,0.0,781435649488.11,0.0,0.0,785595778657.6,,,,
MBT,M3,CZ07,cPTAC,0.0,0.0,786984227458.51,0.0,0.0,786984227458.51,,,,
MBT,M3,CZ08,cPTAC,0.0,0.0,889034913644.63,0.0,0.0,889034913644.63,,,,
MBT,M3,CZ09,cPTAC,0.0,0.0,896048522948.21,0.0,0.0,896048522948.21,,,,
MBT,M3,CZ10,cPTAC,0.0,0.0,903601590804.22,0.0,0.0,903601590804.22,,,,
MBT,M3,CZ11,cPTAC,0.0,0.0,885614344493.98,0.0,0.0,886328446758.0,,,,
MBT,M3,CZ12,cPTAC,0.0,0.0,779986712212.65,0.0,0.0,782771779297.89,,,,
MBT,M3,CZ13,cPTAC,0.0,0.0,945691662694.0,0.0,0.0,945691662694.0,,,,
MBT,M3,CZ14,cPTAC,0.0,0.0,910668025784.25,0.0,0.0,911087405538.14,,,,
MBT,M3,CZ15,cPTAC,0.0,0.0,1314340447432.34,0.0,0.0,1314340447432.34,,,,
MBT,M3,CZ16,cPTAC,0.0,0.0,622244866702.43,0.0,0.0,622244866702.43,,,,
MBT,M3,CZ01,cPVVG,552433797.13,0.0,38136517.49,104151815383.63,0.0,450924254021.5,,,,
MBT,M3,CZ02,cPVVG,2212093526.65,0.0,1258223508.58,78518082893.73,0.0,648844234307.89,,,,
MBT,M3,CZ03,cPVVG,683866472.93,0.0,502615006.27,41613067637.81,0.0,622611528350.62,,,,
MBT,M3,CZ04,cPVVG,2429340073.28,0.0,2703157250.08,61727690763.99,0.0,776357082529.13,,,,
MBT,M3,CZ05,cPVVG,495674423.01,0.0,676262566.87,31674434269.08,0.0,630585465203.08,,,,
MBT,M3,CZ06,cPVVG,0.0,0.0,1642909519.12,4046571512.48,0.0,778227523409.69,,,,
MBT,M3,CZ07,cPVVG,0.0,0.0,1136554663.85,1831623547.93,0.0,779427195166.21,,,,
MBT,M3,CZ08,cPVVG,0.0,0.0,2868686596.06,5570655633.98,0.0,880962853261.37,,,,
MBT,M3,CZ09,cPVVG,0.0,0.0,3368943852.64,11910797955.78,0.0,887873154882.04,,,,
MBT,M3,CZ10,cPVVG,0.0,0.0,2851144745.82,8757511516.09,0.0,895412594369.12,,,,
MBT,M3,CZ11,cPVVG,4203151361.4,0.0,7182037387.61,88121343906.26,0.0,879191911505.07,,,,
MBT,M3,CZ12,cPVVG,1941512391.18,0.0,3412063564.66,79330984158.06,0.0,776269408996.14,,,,
MBT,M3,CZ13,cPVVG,976134076.06,0.0,7808798867.61,65684311910.54,0.0,937805184971.85,,,,
MBT,M3,CZ14,cPVVG,1444875562.94,0.0,5341012716.48,56947409522.0,0.0,903212936186.67,,,,
MBT,M3,CZ15,cPVVG,0.0,0.0,15940581452.33,4986170852.35,0.0,1303418554006.32,,,,
MBT,M3,CZ16,cPVVG,7425864284.18,0.0,1588466436.52,198699015244.04,0.0,616786985572.75,,,,
MBT,M4,CZ01,cDXGF,923769255.46,0.0,3860590.9,348689800384.94,0.0,178791247247.6,,,,
MBT,M4,CZ02,cDXGF,2540940221.86,0.0,1526359248.12,228018095112.53,0.0,474180865575.88,,,,
MBT,M4,CZ03,cDXGF,502790529.61,0.0,472785544.1,119708334991.88,0.0,413496715587.76,,,,
MBT,M4,CZ04,cDXGF,2242023204.14,0.0,4909633951.39,177922615006.52,0.0,662421153043.76,,,,
MBT,M4,CZ05,cDXGF,364818580.64,0.0,734131502.28,106833855567.5,0.0,427912634790.12,,,,
MBT,M4,CZ06,cDXGF,0.0,0.0,1397465616.72,13172241338.14,0.0,663915025621.86,,,,
MBT,M4,CZ07,cDXGF,0.0,0.0,882038758.56,7716934899.53,0.0,670700344683.93,,,,
MBT,M4,CZ08,cDXGF,0.0,0.0,3041140740.75,22325670516.0,0.0,830557915208.77,,,,
MBT,M4,CZ09,cDXGF,0.0,0.0,4164282300.54,36518947243.58,0.0,835975677028.13,,,,
MBT,M4,CZ10,cDXGF,0.0,0.0,4117448045.97,33292597303.91,0.0,867832688604.13,,,,
MBT,M4,CZ11,cDXGF,5260884865.65,0.0,14031961530.1,207214739061.97,0.0,856705702243.7,,,,
MBT,M4,CZ12,cDXGF,2147449503.62,0.0,5672438511.4,213061096921.33,0.0,671793512734.32,,,,
MBT,M4,CZ13,cDXGF,593659245.13,0.0,15516521074.8,165798922564.96,0.0,924241980683.51,,,,
MBT,M4,CZ14,cDXGF,2211397195.1,0.0,11099547800.74,166623361512.09,0.0,884580106929.55,,,,
MBT,M4,CZ15,cDXGF,0.0,0.0,36911551981.22,13837359369.78,0.0,1514377481862.24,,,,
MBT,M4,CZ16,cDXGF,11935049809.01,0.0,1795961305.01,407565125697.99,0.0,459199791429.03,,,,
MBT,M4,CZ01,cDXHP,0.0,235778773.4,3872269.59,0.0,88818769996.57,176200674750.04,,,,
MBT,M4,CZ02,cDXHP,0.0,657363197.77,1534914356.91,0.0,59833395760.35,474353558066.65,,,,
MBT,M4,CZ03,cDXHP,0.0,123969057.89,475122880.85,0.0,29565239583.44,409081285015.88,,,,
MBT,M4,CZ04,cDXHP,0.0,575072315.59,4847695115.57,0.0,48086698619.0,670762266232.44,,,,
MBT,M4,CZ05,cDXHP,0.0,93677915.1,738785018.0,0.0,27123906997.57,423969404044.95,,,,
MBT,M4,CZ06,cDXHP,0.0,0.0,1403650530.26,0.0,3193353905.82,653054210803.85,,,,
MBT,M4,CZ07,cDXHP,0.0,0.0,885098119.29,0.0,1878585534.7,661646900779.35,,,,
MBT,M4,CZ08,cDXHP,0.0,0.0,3040929013.67,0.0,5572123402.82,827446086340.25,,,,
MBT,M4,CZ09,cDXHP,0.0,0.0,4160916009.48,0.0,9239760295.24,835940486751.14,,,,
MBT,M4,CZ10,cDXHP,0.0,0.0,4094342365.98,0.0,8519178699.28,869476759405.56,,,,
MBT,M4,CZ11,cDXHP,0.0,1432570432.9,14060185511.5,0.0,54623585924.09,866346366130.55,,,,
MBT,M4,CZ12,cDXHP,0.0,553361711.96,5673960015.64,0.0,55456708834.14,675546498517.47,,,,
MBT,M4,CZ13,cDXHP,0.0,151319233.25,15582029050.31,0.0,43031952944.85,931446857720.08,,,,
MBT,M4,CZ14,cDXHP,0.0,684280373.82,11101386637.39,0.0,47749204230.02,894813784957.67,,,,
MBT,M4,CZ15,cDXHP,0.0,0.0,36852716646.98,0.0,3544139618.43,1516543560851.39,,,,
MBT,M4,CZ16,cDXHP,0.0,3857293241.1,1800458891.77,0.0,122028875624.9,460563734173.77,,,,
MBT,M4,CZ01,cPTAC,0.0,0.0,3855709.72,0.0,0.0,174050502979.99,,,,
MBT,M4,CZ02,cPTAC,0.0,0.0,1525274900.35,0.0,0.0,469949608840.41,,,,
MBT,M4,CZ03,cPTAC,0.0,0.0,472658244.92,0.0,0.0,411061926210.07,,,,
MBT,M4,CZ04,cPTAC,0.0,0.0,4905890314.06,0.0,0.0,657704994396.01,,,,
MBT,M4,CZ05,cPTAC,0.0,0.0,724542515.46,0.0,0.0,424053439772.16,,,,
MBT,M4,CZ06,cPTAC,0.0,0.0,1397316294.5,0.0,0.0,663372452092.01,,,,
MBT,M4,CZ07,cPTAC,0.0,0.0,882086772.82,0.0,0.0,670311434695.79,,,,
MBT,M4,CZ08,cPTAC,0.0,0.0,3040226339.51,0.0,0.0,829446548404.02,,,,
MBT,M4,CZ09,cPTAC,0.0,0.0,4163073996.85,0.0,0.0,834504229644.6,,,,
MBT,M4,CZ10,cPTAC,0.0,0.0,4116333371.08,0.0,0.0,866371703288.0,,,,
MBT,M4,CZ11,cPTAC,0.0,0.0,14031791370.35,0.0,0.0,853198966467.91,,,,
MBT,M4,CZ12,cPTAC,0.0,0.0,5671961213.66,0.0,0.0,668739525156.65,,,,
MBT,M4,CZ13,cPTAC,0.0,0.0,15516476474.56,0.0,0.0,922088128133.45,,,,
MBT,M4,CZ14,cPTAC,0.0,0.0,11096534829.6,0.0,0.0,880177256810.0,,,,
MBT,M4,CZ15,cPTAC,0.0,0.0,36911223790.25,0.0,0.0,1513744163609.12,,,,
MBT,M4,CZ16,cPTAC,0.0,0.0,1795803504.22,0.0,0.0,453370140859.55,,,,
MBT,M4,CZ01,cPVVG,1362754693.43,0.0,840216.27,525430047910.15,0.0,129663176780.73,,,,
MBT,M4,CZ02,cPVVG,4135405394.14,0.0,1069600708.38,362085887614.51,0.0,401644297007.41,,,,
MBT,M4,CZ03,cPVVG,982323545.33,0.0,266330639.87,201989862923.97,0.0,335323866869.33,,,,
MBT,M4,CZ04,cPVVG,4093087686.47,0.0,3706952585.94,297329022659.09,0.0,584410302498.5,,,,
MBT,M4,CZ05,cPVVG,961120202.38,0.0,438538847.66,186083671276.12,0.0,347918568445.06,,,,
MBT,M4,CZ06,cPVVG,0.0,0.0,867571606.65,35512030022.02,0.0,572074240567.11,,,,
MBT,M4,CZ07,cPVVG,0.0,0.0,496563343.65,25522721636.39,0.0,575745383665.77,,,,
MBT,M4,CZ08,cPVVG,0.0,0.0,1954485173.5,54082315982.86,0.0,733991184390.48,,,,
MBT,M4,CZ09,cPVVG,0.0,0.0,2672565975.33,78566063583.67,0.0,737368332048.93,,,,
MBT,M4,CZ10,cPVVG,0.0,0.0,2886460862.88,75806771401.63,0.0,772006236699.36,,,,
MBT,M4,CZ11,cPVVG,7539566308.21,0.0,11031323095.37,342810898656.28,0.0,775616476037.57,,,,
MBT,M4,CZ12,cPVVG,3857783271.66,0.0,4307494047.83,345213667755.24,0.0,595714587934.05,,,,
MBT,M4,CZ13,cPVVG,1685125949.32,0.0,12144372557.11,285637367518.54,0.0,840533531224.73,,,,
MBT,M4,CZ14,cPVVG,3472810939.79,0.0,8563623567.24,284515063187.13,0.0,799282310932.93,,,,
MBT,M4,CZ15,cPVVG,0.0,0.0,29048979975.52,33168641498.32,0.0,1404853356307.56,,,,
MBT,M4,CZ16,cPVVG,18281108988.28,0.0,1009496507.87,634463271549.76,0.0,378581538936.95,,,,
MBT,M5,CZ01,cDXGF,120823971803.59,0.0,346457560564.27,120823971803.59,0.0,346457560564.27,,,,
MBT,M5,CZ02,cDXGF,86724640113.17,0.0,565514789409.23,86724640113.17,0.0,572672262282.01,,,,
MBT,M5,CZ03,cDXGF,46061771135.41,0.0,535597454066.23,46061771135.41,0.0,536357841344.87,,,,
MBT,M5,CZ04,cDXGF,67275033624.84,0.0,694056798315.82,67275033624.84,0.0,713872034573.85,,,,
MBT,M5,CZ05,cDXGF,35074788650.84,0.0,545243428371.92,35074788650.84,0.0,545899279658.8,,,,
MBT,M5,CZ06,cDXGF,4435174174.88,0.0,730792392850.62,4435174174.88,0.0,739356214179.04,,,,
MBT,M5,CZ07,cDXGF,1999065866.23,0.0,739858340312.43,1999065866.23,0.0,741554480325.75,,,,
MBT,M5,CZ08,cDXGF,6055058614.42,0.0,851932022048.2,6055058614.42,0.0,861218558441.85,,,,
MBT,M5,CZ09,cDXGF,12968075107.07,0.0,846525007324.18,12968075107.07,0.0,854042481103.95,,,,
MBT,M5,CZ10,cDXGF,9524953406.09,0.0,867880097103.56,9524953406.09,0.0,877157100420.05,,,,
MBT,M5,CZ11,cDXGF,95001897020.48,0.0,830205709022.05,95001897020.48,0.0,851452991927.64,,,,
MBT,M5,CZ12,cDXGF,85929302064.88,0.0,714544914043.91,85929302064.88,0.0,727140467097.72,,,,
MBT,M5,CZ13,cDXGF,70194608213.2,0.0,906643716324.46,70194608213.2,0.0,917883218198.67,,,,
MBT,M5,CZ14,cDXGF,62586675617.26,0.0,837104397098.28,62586675617.26,0.0,855638756253.0,,,,
MBT,M5,CZ15,cDXGF,5296803907.38,0.0,1341971595344.71,5296803907.38,0.0,1366377913072.45,,,,
MBT,M5,CZ16,cDXGF,218358277329.1,0.0,513786566670.73,218358277329.1,0.0,513786566670.73,,,,
MBT,M5,CZ01,cDXHP,0.0,30838973290.72,375671227434.35,0.0,31402054307.65,375671227434.35,,,,
MBT,M5,CZ02,cDXHP,0.0,22741948012.98,598404193723.58,0.0,22831389654.34,598404193723.58,,,,
MBT,M5,CZ03,cDXHP,0.0,11195835719.59,563599642248.3,0.0,11195835719.59,563599642248.3,,,,
MBT,M5,CZ04,cDXHP,0.0,17928731514.64,730325572689.11,0.0,17928731514.64,730621403042.34,,,,
MBT,M5,CZ05,cDXHP,0.0,8747257962.14,572104280539.25,0.0,8747257962.14,572104280539.25,,,,
MBT,M5,CZ06,cDXHP,0.0,1051613752.36,758098398587.04,0.0,1051613752.36,758098398587.04,,,,
MBT,M5,CZ07,cDXHP,0.0,471417241.03,758338330051.66,0.0,471417241.03,758338330051.66,,,,
MBT,M5,CZ08,cDXHP,0.0,1464269646.95,877738628649.57,0.0,1464269646.95,878051261126.62,,,,
MBT,M5,CZ09,cDXHP,0.0,3230172506.28,868198875044.43,0.0,3230172506.28,868797249666.65,,,,
MBT,M5,CZ10,cDXHP,0.0,2389812550.28,888816138813.52,0.0,2389812550.28,889416836602.74,,,,
MBT,M5,CZ11,cDXHP,0.0,24956587667.76,863009350371.38,0.0,24956587667.76,863359068499.4,,,,
MBT,M5,CZ12,cDXHP,0.0,22217868636.78,747281613361.5,0.0,22217868636.78,747281613361.5,,,,
MBT,M5,CZ13,cDXHP,0.0,17915094235.33,929892417151.6,0.0,17915094235.33,930170813782.1,,,,
MBT,M5,CZ14,cDXHP,0.0,18328810009.12,861309542431.84,0.0,18328810009.12,861463327111.73,,,,
MBT,M5,CZ15,cDXHP,0.0,1340733904.22,1349709374943.86,0.0,1340733904.22,1367140737828.06,,,,
MBT,M5,CZ16,cDXHP,0.0,65470846244.23,530692273376.46,0.0,66818108801.51,530692273376.46,,,,
MBT,M5,CZ01,cPTAC,0.0,0.0,340625521325.73,0.0,0.0,340625521325.73,,,,
MBT,M5,CZ02,cPTAC,0.0,0.0,560183691147.94,0.0,0.0,567341163943.09,,,,
MBT,M5,CZ03,cPTAC,0.0,0.0,532315279446.58,0.0,0.0,533075666725.22,,,,
MBT,M5,CZ04,cPTAC,0.0,0.0,689622480211.55,0.0,0.0,709470057174.28,,,,
MBT,M5,CZ05,cPTAC,0.0,0.0,541555273361.89,0.0,0.0,542211124605.75,,,,
MBT,M5,CZ06,cPTAC,0.0,0.0,730043097516.8,0.0,0.0,738606918845.22,,,,
MBT,M5,CZ07,cPTAC,0.0,0.0,739312897887.6,0.0,0.0,741009037900.91,,,,
MBT,M5,CZ08,cPTAC,0.0,0.0,850707213781.32,0.0,0.0,859993750174.97,,,,
MBT,M5,CZ09,cPTAC,0.0,0.0,844876030887.68,0.0,0.0,852393504667.45,,,,
MBT,M5,CZ10,cPTAC,0.0,0.0,866433575320.43,0.0,0.0,875710578636.93,,,,
MBT,M5,CZ11,cPTAC,0.0,0.0,825404008538.24,0.0,0.0,846651291443.83,,,,
MBT,M5,CZ12,cPTAC,0.0,0.0,710070938003.96,0.0,0.0,722666491057.52,,,,
MBT,M5,CZ13,cPTAC,0.0,0.0,903449010198.26,0.0,0.0,914688512072.46,,,,
MBT,M5,CZ14,cPTAC,0.0,0.0,832970344965.08,0.0,0.0,851504703975.46,,,,
MBT,M5,CZ15,cPTAC,0.0,0.0,1341422243624.4,0.0,0.0,1365828561352.14,,,,
MBT,M5,CZ16,cPTAC,0.0,0.0,506179953943.69,0.0,0.0,506179953943.69,,,,
MBT,M5,CZ01,cPVVG,618481534.0,0.0,14881360.5,122482899940.52,0.0,342716327883.69,,,,
MBT,M5,CZ02,cPVVG,2405777854.84,0.0,1016140624.95,88519315734.82,0.0,566935427469.51,,,,
MBT,M5,CZ03,cPVVG,733822975.82,0.0,384403601.37,47000882418.38,0.0,530762973918.44,,,,
MBT,M5,CZ04,cPVVG,2603013824.51,0.0,2415377713.51,68923507097.68,0.0,707093979984.78,,,,
MBT,M5,CZ05,cPVVG,534131558.1,0.0,575928638.48,35749713781.18,0.0,540111249084.47,,,,
MBT,M5,CZ06,cPVVG,0.0,0.0,1363669647.79,4588550846.82,0.0,731912582026.71,,,,
MBT,M5,CZ07,cPVVG,0.0,0.0,892157970.19,2069582644.84,0.0,733990793112.06,,,,
MBT,M5,CZ08,cPVVG,0.0,0.0,2457996019.52,6254930673.35,0.0,853053756045.99,,,,
MBT,M5,CZ09,cPVVG,0.0,0.0,2923463641.82,13378382001.89,0.0,845770302299.55,,,,
MBT,M5,CZ10,cPVVG,0.0,0.0,2436220280.64,9794192028.47,0.0,868848980765.22,,,,
MBT,M5,CZ11,cPVVG,4635919120.04,0.0,6951440185.62,97487034062.6,0.0,843793096575.78,,,,
MBT,M5,CZ12,cPVVG,2104579619.33,0.0,3005149798.96,87924020366.62,0.0,720326792039.49,,,,
MBT,M5,CZ13,cPVVG,1040103184.48,0.0,7480769485.19,71965026649.31,0.0,909692737714.66,,,,
MBT,M5,CZ14,cPVVG,1622868979.66,0.0,5008624264.3,64353594898.68,0.0,847502145021.9,,,,
MBT,M5,CZ15,cPVVG,0.0,0.0,16045945954.69,5445591850.33,0.0,1355028616902.61,,,,
MBT,M5,CZ16,cPVVG,8415636210.7,0.0,1222028595.3,225064594012.17,0.0,507778444799.26,,,,
MFmCmn,M1,CZ01,cDXGF,1088251519.76,0.0,44555490.62,48967543381.17,0.0,3284368876.69,,,,
MFmCmn,M1,CZ02,cDXGF,927005401.92,0.0,2025064257.75,28841473438.53,0.0,54042061708.83,,,,
MFmCmn,M1,CZ03,cDXGF,329574955.82,0.0,653551349.37,17546208100.33,0.0,25869046428.13,,,,
MFmCmn,M1,CZ04,cDXGF,724052044.55,0.0,4181428550.17,21413979682.22,0.0,86703155820.11,,,,
MFmCmn,M1,CZ05,cDXGF,250687516.79,0.0,669254826.28,14194214425.08,0.0,34147034008.42,,,,
MFmCmn,M1,CZ06,cDXGF,0.0,0.0,1571836552.47,2603428525.77,0.0,65791477059.04,,,,
MFmCmn,M1,CZ07,cDXGF,0.0,0.0,1592378516.08,1564448608.96,0.0,71642508680.32,,,,
MFmCmn,M1,CZ08,cDXGF,734366.6,0.0,3502642238.97,3426668721.46,0.0,107078358740.59,,,,
MFmCmn,M1,CZ09,cDXGF,26468623.89,0.0,4148441882.36,5146279691.57,0.0,110061647280.99,,,,
MFmCmn,M1,CZ10,cDXGF,33475482.72,0.0,3618507030.51,4594508934.87,0.0,109726806164.86,,,,
MFmCmn,M1,CZ11,cDXGF,1706697834.73,0.0,7144122592.92,27985324338.87,0.0,120765482179.11,,,,
MFmCmn,M1,CZ12,cDXGF,773492760.4,0.0,3829246175.17,25695275360.28,0.0,83731513504.92,,,,
MFmCmn,M1,CZ13,cDXGF,333838205.4,0.0,7570302260.65,19865354962.34,0.0,126300550796.27,,,,
MFmCmn,M1,CZ14,cDXGF,627903183.53,0.0,6177772550.39,18296452628.24,0.0,121002922641.62,,,,
MFmCmn,M1,CZ15,cDXGF,33728925.17,0.0,13109605623.45,1473813999.76,0.0,214125299570.78,,,,
MFmCmn,M1,CZ16,cDXGF,4100718352.87,0.0,1512580746.69,53355469447.45,0.0,46391430628.96,,,,
MFmCmn,M1,CZ01,cDXHP,0.0,292619593.06,44979853.75,0.0,12318551423.51,3298222740.03,,,,
MFmCmn,M1,CZ02,cDXHP,0.0,249100545.3,2037859924.43,0.0,7545564703.79,54601259882.34,,,,
MFmCmn,M1,CZ03,cDXHP,0.0,81149822.06,658781176.82,0.0,4285436457.9,26306173370.4,,,,
MFmCmn,M1,CZ04,cDXHP,0.0,193563471.34,4195768877.56,0.0,5778951421.9,87585527899.39,,,,
MFmCmn,M1,CZ05,cDXHP,0.0,63592152.11,675963043.96,0.0,3564396635.93,34655697324.49,,,,
MFmCmn,M1,CZ06,cDXHP,0.0,0.0,1574443761.47,0.0,623311264.79,66422848554.56,,,,
MFmCmn,M1,CZ07,cDXHP,0.0,0.0,1594132405.18,0.0,375306588.23,72125353592.13,,,,
MFmCmn,M1,CZ08,cDXHP,0.0,191181.65,3507470428.89,0.0,843683748.66,107675298918.26,,,,
MFmCmn,M1,CZ09,cDXHP,0.0,7192616.53,4153759970.57,0.0,1287828555.79,110575658023.82,,,,
MFmCmn,M1,CZ10,cDXHP,0.0,9023356.07,3621946104.59,0.0,1167618537.59,110090105557.16,,,,
MFmCmn,M1,CZ11,cDXHP,0.0,471020556.38,7161834819.7,0.0,7363749871.28,121481665061.74,,,,
MFmCmn,M1,CZ12,cDXHP,0.0,204922530.12,3846455096.94,0.0,6693006505.68,84537287203.02,,,,
MFmCmn,M1,CZ13,cDXHP,0.0,87206737.74,7586705362.05,0.0,5152556439.95,126944431949.96,,,,
MFmCmn,M1,CZ14,cDXHP,0.0,197480111.95,6185768715.9,0.0,5262850710.21,121623328275.87,,,,
MFmCmn,M1,CZ15,cDXHP,0.0,9293142.05,13110409712.89,0.0,378542803.32,214137215630.12,,,,
MFmCmn,M1,CZ16,cDXHP,0.0,1322063029.51,1512825979.82,0.0,16095102295.57,46785528451.32,,,,
MFmCmn,M1,CZ01,cPTAC,0.0,0.0,44284944.69,0.0,0.0,5922126227.67,,,,
MFmCmn,M1,CZ02,cPTAC,0.0,0.0,2024476230.57,0.0,0.0,56531102291.12,,,,
MFmCmn,M1,CZ03,cPTAC,0.0,0.0,653653623.14,0.0,0.0,29437654607.87,,,,
MFmCmn,M1,CZ04,cPTAC,0.0,0.0,4180219338.2,0.0,0.0,88939291121.3,,,,
MFmCmn,M1,CZ05,cPTAC,0.0,0.0,668951659.55,0.0,0.0,37585377545.4,,,,
MFmCmn,M1,CZ06,cPTAC,0.0,0.0,1571191787.11,0.0,0.0,69299521316.61,,,,
MFmCmn,M1,CZ07,cPTAC,0.0,0.0,1592416353.74,0.0,0.0,74819863883.77,,,,
MFmCmn,M1,CZ08,cPTAC,0.0,0.0,3503409660.36,0.0,0.0,109476141707.72,,,,
MFmCmn,M1,CZ09,cPTAC,0.0,0.0,4147770567.42,0.0,0.0,112595309775.22,,,,
MFmCmn,M1,CZ10,cPTAC,0.0,0.0,3617719594.05,0.0,0.0,111774587460.19,,,,
MFmCmn,M1,CZ11,cPTAC,0.0,0.0,7144156393.86,0.0,0.0,122089234555.53,,,,
MFmCmn,M1,CZ12,cPTAC,0.0,0.0,3829047274.71,0.0,0.0,85804836205.0,,,,
MFmCmn,M1,CZ13,cPTAC,0.0,0.0,7569934436.47,0.0,0.0,127885650902.05,,,,
MFmCmn,M1,CZ14,cPTAC,0.0,0.0,6176478909.0,0.0,0.0,122351007087.39,,,,
MFmCmn,M1,CZ15,cPTAC,0.0,0.0,13109606009.43,0.0,0.0,215476299306.86,,,,
MFmCmn,M1,CZ16,cPTAC,0.0,0.0,1506140737.61,0.0,0.0,47706436190.86,,,,
MFmCmn,M1,CZ01,cPVVG,2159096135.11,0.0,48016358.93,80810511698.21,0.0,4744821374.83,,,,
MFmCmn,M1,CZ02,cPVVG,2170277595.2,0.0,1688165677.8,53975776673.51,0.0,51674869549.45,,,,
MFmCmn,M1,CZ03,cPVVG,851078779.38,0.0,585444175.64,33296670284.87,0.0,27399401416.3,,,,
MFmCmn,M1,CZ04,cPVVG,1592407336.8,0.0,3496695982.37,42466814350.04,0.0,82697938412.2,,,,
MFmCmn,M1,CZ05,cPVVG,674150233.74,0.0,615296024.96,27626977161.13,0.0,34482327444.78,,,,
MFmCmn,M1,CZ06,cPVVG,0.0,0.0,1312715158.14,7136535025.36,0.0,64965101160.7,,,,
MFmCmn,M1,CZ07,cPVVG,0.0,0.0,1254397902.28,4853845423.33,0.0,68483605681.49,,,,
MFmCmn,M1,CZ08,cPVVG,2641896.09,0.0,2813565622.02,9304928915.48,0.0,101214501087.33,,,,
MFmCmn,M1,CZ09,cPVVG,61623351.46,0.0,3318068433.49,12927636506.49,0.0,103719928010.32,,,,
MFmCmn,M1,CZ10,cPVVG,73152903.64,0.0,2890896948.43,12003027484.97,0.0,103016742992.46,,,,
MFmCmn,M1,CZ11,cPVVG,3589730769.65,0.0,5929865089.03,55263990857.87,0.0,113838687605.6,,,,
MFmCmn,M1,CZ12,cPVVG,1918572319.29,0.0,3225975331.69,50045527567.37,0.0,80147335501.38,,,,
MFmCmn,M1,CZ13,cPVVG,1108905039.74,0.0,6222019762.21,41461304022.18,0.0,119188735652.48,,,,
MFmCmn,M1,CZ14,cPVVG,1420670090.21,0.0,5031499485.02,37621116323.37,0.0,114002695515.15,,,,
MFmCmn,M1,CZ15,cPVVG,74865883.85,0.0,10621563723.0,4843473906.18,0.0,200537643959.36,,,,
MFmCmn,M1,CZ16,cPVVG,8982688539.6,0.0,1223497797.84,94652449076.17,0.0,43992696388.66,,,,
MFmCmn,M2,CZ01,cDXGF,174892306.5,0.0,1049548172.46,12629259786.71,0.0,71610349584.68,,,,
MFmCmn,M2,CZ02,cDXGF,182727999.8,0.0,3685212349.78,7059624556.64,0.0,120706407340.75,,,,
MFmCmn,M2,CZ03,cDXGF,92423095.54,0.0,3039523352.6,4306058608.34,0.0,114752233087.78,,,,
MFmCmn,M2,CZ04,cDXGF,173300947.15,0.0,5666964593.04,4901208077.96,0.0,147359700390.48,,,,
MFmCmn,M2,CZ05,cDXGF,53935543.6,0.0,3286472598.73,3209649575.79,0.0,121335811492.01,,,,
MFmCmn,M2,CZ06,cDXGF,0.0,0.0,4086951842.19,344513171.32,0.0,142233758862.99,,,,
MFmCmn,M2,CZ07,cDXGF,0.0,0.0,3247925748.0,136442433.76,0.0,140948229928.5,,,,
MFmCmn,M2,CZ08,cDXGF,28175.61,0.0,5579432834.2,418192202.8,0.0,165556233043.29,,,,
MFmCmn,M2,CZ09,cDXGF,916467.15,0.0,6326300079.61,840378629.0,0.0,170857211083.77,,,,
MFmCmn,M2,CZ10,cDXGF,978094.58,0.0,4902489931.77,583549000.05,0.0,158042153530.06,,,,
MFmCmn,M2,CZ11,cDXGF,419682359.12,0.0,8359289661.14,7146527268.78,0.0,162660130845.62,,,,
MFmCmn,M2,CZ12,cDXGF,123547202.13,0.0,5563084921.36,5664471496.69,0.0,140465994842.25,,,,
MFmCmn,M2,CZ13,cDXGF,40497272.9,0.0,8654334585.08,4324269142.69,0.0,169674297412.33,,,,
MFmCmn,M2,CZ14,cDXGF,68831286.22,0.0,7560923860.79,3345139900.75,0.0,166869748665.91,,,,
MFmCmn,M2,CZ15,cDXGF,859130.87,0.0,13386620927.19,218708566.73,0.0,230806265188.72,,,,
MFmCmn,M2,CZ16,cDXGF,683586793.52,0.0,4220779171.91,15605557267.18,0.0,118564064370.39,,,,
MFmCmn,M2,CZ01,cDXHP,0.0,45539220.25,1055318901.72,0.0,3244155607.22,71677075754.16,,,,
MFmCmn,M2,CZ02,cDXHP,0.0,47041712.65,3699218371.31,0.0,1860844850.23,120896509361.66,,,,
MFmCmn,M2,CZ03,cDXHP,0.0,22250503.65,3054522354.66,0.0,1053745494.25,114955169791.55,,,,
MFmCmn,M2,CZ04,cDXHP,0.0,44039211.29,5678507577.69,0.0,1304550979.78,147527301906.84,,,,
MFmCmn,M2,CZ05,cDXHP,0.0,13191701.53,3303188976.83,0.0,803040524.63,121569120260.94,,,,
MFmCmn,M2,CZ06,cDXHP,0.0,0.0,4093237720.9,0.0,82211474.73,142792538659.55,,,,
MFmCmn,M2,CZ07,cDXHP,0.0,0.0,3255602497.82,0.0,32391901.97,141421568163.74,,,,
MFmCmn,M2,CZ08,cDXHP,0.0,7381.81,5584944942.81,0.0,101238741.18,165851169355.42,,,,
MFmCmn,M2,CZ09,cDXHP,0.0,251694.82,6331345959.72,0.0,209959413.7,170984197693.33,,,,
MFmCmn,M2,CZ10,cDXHP,0.0,264241.53,4904782301.4,0.0,148269702.29,158131982141.29,,,,
MFmCmn,M2,CZ11,cDXHP,0.0,112731352.99,8370602115.32,0.0,1894518535.38,162860251134.84,,,,
MFmCmn,M2,CZ12,cDXHP,0.0,31385229.58,5576818226.29,0.0,1481657205.2,140710871369.25,,,,
MFmCmn,M2,CZ13,cDXHP,0.0,10004085.95,8664824311.0,0.0,1109174945.34,169850878968.01,,,,
MFmCmn,M2,CZ14,cDXHP,0.0,21062163.48,7566896301.01,0.0,994734885.22,166995522518.04,,,,
MFmCmn,M2,CZ15,cDXHP,0.0,238658.81,13387133099.63,0.0,57565563.42,230813161860.54,,,,
MFmCmn,M2,CZ16,cDXHP,0.0,215390532.78,4221165894.06,0.0,4813463193.49,118436312827.1,,,,
MFmCmn,M2,CZ01,cPTAC,0.0,0.0,1045930905.51,0.0,0.0,70915363504.06,,,,
MFmCmn,M2,CZ02,cPTAC,0.0,0.0,3678640197.79,0.0,0.0,120251075863.81,,,,
MFmCmn,M2,CZ03,cPTAC,0.0,0.0,3036054675.7,0.0,0.0,114452861417.53,,,,
MFmCmn,M2,CZ04,cPTAC,0.0,0.0,5663108228.09,0.0,0.0,147014849244.21,,,,
MFmCmn,M2,CZ05,cPTAC,0.0,0.0,3281746380.47,0.0,0.0,121087316292.47,,,,
MFmCmn,M2,CZ06,cPTAC,0.0,0.0,4086986322.05,0.0,0.0,142199715579.02,,,,
MFmCmn,M2,CZ07,cPTAC,0.0,0.0,3247876083.33,0.0,0.0,140932779594.69,,,,
MFmCmn,M2,CZ08,cPTAC,0.0,0.0,5579134029.23,0.0,0.0,165510315306.02,,,,
MFmCmn,M2,CZ09,cPTAC,0.0,0.0,6324774914.29,0.0,0.0,170773777580.54,,,,
MFmCmn,M2,CZ10,cPTAC,0.0,0.0,4902138220.2,0.0,0.0,157978711010.17,,,,
MFmCmn,M2,CZ11,cPTAC,0.0,0.0,8351185824.97,0.0,0.0,162248922201.96,,,,
MFmCmn,M2,CZ12,cPTAC,0.0,0.0,5559215767.6,0.0,0.0,140112942440.63,,,,
MFmCmn,M2,CZ13,cPTAC,0.0,0.0,8651062595.26,0.0,0.0,169394276941.33,,,,
MFmCmn,M2,CZ14,cPTAC,0.0,0.0,7557388574.66,0.0,0.0,166594191982.37,,,,
MFmCmn,M2,CZ15,cPTAC,0.0,0.0,13386469492.85,0.0,0.0,230783440289.51,,,,
MFmCmn,M2,CZ16,cPTAC,0.0,0.0,4208104239.78,0.0,0.0,117765151773.99,,,,
MFmCmn,M2,CZ01,cPVVG,545488514.18,0.0,830073053.31,25649594191.72,0.0,56339034257.44,,,,
MFmCmn,M2,CZ02,cPVVG,711407682.22,0.0,2990985637.48,16541782586.46,0.0,100625081822.44,,,,
MFmCmn,M2,CZ03,cPVVG,357388838.18,0.0,2462484200.34,9758062464.17,0.0,94809099103.83,,,,
MFmCmn,M2,CZ04,cPVVG,694388780.45,0.0,4600097495.3,12195698184.7,0.0,126171786813.72,,,,
MFmCmn,M2,CZ05,cPVVG,287933354.85,0.0,2675595735.19,7117113539.13,0.0,100495509662.64,,,,
MFmCmn,M2,CZ06,cPVVG,0.0,0.0,3360971675.15,1187163243.87,0.0,122677123983.55,,,,
MFmCmn,M2,CZ07,cPVVG,0.0,0.0,2628801438.38,535721241.43,0.0,121236630137.68,,,,
MFmCmn,M2,CZ08,cPVVG,154697.28,0.0,4482040116.57,1555411259.54,0.0,143930632341.38,,,,
MFmCmn,M2,CZ09,cPVVG,8795619.35,0.0,5060411620.68,2800744489.23,0.0,147912532259.81,,,,
MFmCmn,M2,CZ10,cPVVG,9927791.11,0.0,3856794473.37,1945712454.81,0.0,136792884714.87,,,,
MFmCmn,M2,CZ11,cPVVG,1346007463.39,0.0,6676236175.18,18538335941.15,0.0,140605444828.19,,,,
MFmCmn,M2,CZ12,cPVVG,587828742.72,0.0,4483988368.63,14891572726.82,0.0,120742743433.77,,,,
MFmCmn,M2,CZ13,cPVVG,334206209.12,0.0,6883997741.57,12059248464.21,0.0,147824594318.32,,,,
MFmCmn,M2,CZ14,cPVVG,322231984.1,0.0,5971051538.6,9590433325.53,0.0,144569389293.08,,,,
MFmCmn,M2,CZ15,cPVVG,13075602.29,0.0,10442673254.15,694821367.09,0.0,205972008453.59,,,,
MFmCmn,M2,CZ16,cPVVG,2810575814.76,0.0,3260302099.91,36781084242.83,0.0,96359692605.13,,,,
MFmCmn,M3,CZ01,cDXGF,36477871577.22,0.0,51137604783.51,36477871577.22,0.0,51420503385.58,,,,
MFmCmn,M3,CZ02,cDXGF,24952105378.86,0.0,93551953548.43,24952105378.86,0.0,93677182617.66,,,,
MFmCmn,M3,CZ03,cDXGF,14914835724.4,0.0,87861652312.36,14914835724.4,0.0,87861652312.36,,,,
MFmCmn,M3,CZ04,cDXGF,19114790896.12,0.0,117634100015.61,19114790896.12,0.0,119252955260.96,,,,
MFmCmn,M3,CZ05,cDXGF,11162089528.39,0.0,92827052671.0,11162089528.39,0.0,92936745462.16,,,,
MFmCmn,M3,CZ06,cDXGF,2567393892.79,0.0,109815099496.56,2567393892.79,0.0,115624861218.49,,,,
MFmCmn,M3,CZ07,cDXGF,1406857635.36,0.0,109544833622.29,1406857635.36,0.0,113925484373.22,,,,
MFmCmn,M3,CZ08,cDXGF,3417688866.36,0.0,132691534552.92,3417688866.36,0.0,136033314187.85,,,,
MFmCmn,M3,CZ09,cDXGF,5434887086.66,0.0,138131792674.41,5434887086.66,0.0,139890437199.04,,,,
MFmCmn,M3,CZ10,cDXGF,4018403357.68,0.0,129705567164.14,4018403357.68,0.0,129935735266.26,,,,
MFmCmn,M3,CZ11,cDXGF,28609854483.49,0.0,133938124564.77,28609854483.49,0.0,134153186188.1,,,,
MFmCmn,M3,CZ12,cDXGF,23358008818.56,0.0,113999654849.96,23358008818.56,0.0,114517811219.08,,,,
MFmCmn,M3,CZ13,cDXGF,19629160945.44,0.0,140842283615.95,19629160945.44,0.0,141344844687.46,,,,
MFmCmn,M3,CZ14,cDXGF,16076880439.96,0.0,136995979789.38,16076880439.96,0.0,137518780887.72,,,,
MFmCmn,M3,CZ15,cDXGF,1589319420.23,0.0,199520345043.14,1589319420.23,0.0,199970341809.6,,,,
MFmCmn,M3,CZ16,cDXGF,51360891023.44,0.0,87534236415.97,51360891023.44,0.0,88245292574.33,,,,
MFmCmn,M3,CZ01,cDXHP,0.0,9126336716.98,51015622278.2,0.0,9126336716.98,51015622278.2,,,,
MFmCmn,M3,CZ02,cDXHP,0.0,6372931633.81,93306001284.61,0.0,6372931633.81,93322095085.39,,,,
MFmCmn,M3,CZ03,cDXHP,0.0,3629649289.07,87348370814.42,0.0,3629649289.07,87348370814.42,,,,
MFmCmn,M3,CZ04,cDXHP,0.0,4967337912.8,117694860355.58,0.0,4967337912.8,118995337476.28,,,,
MFmCmn,M3,CZ05,cDXHP,0.0,2768188699.06,92365875758.61,0.0,2768188699.06,92365875758.61,,,,
MFmCmn,M3,CZ06,cDXHP,0.0,614389779.76,112613409931.6,0.0,614389779.76,115272199658.5,,,,
MFmCmn,M3,CZ07,cDXHP,0.0,335832000.8,111399114737.3,0.0,335832000.8,113558572575.89,,,,
MFmCmn,M3,CZ08,cDXHP,0.0,830838324.3,133659385610.41,0.0,830838324.3,135817213284.69,,,,
MFmCmn,M3,CZ09,cDXHP,0.0,1341918994.28,138128330713.4,0.0,1341918994.28,139722418045.72,,,,
MFmCmn,M3,CZ10,cDXHP,0.0,1003680967.58,129578824143.85,0.0,1003680967.58,129808992245.66,,,,
MFmCmn,M3,CZ11,cDXHP,0.0,7313077445.85,133892220985.32,0.0,7313077445.85,134064806009.63,,,,
MFmCmn,M3,CZ12,cDXHP,0.0,5939475647.58,113932302265.78,0.0,5939475647.58,114302239925.64,,,,
MFmCmn,M3,CZ13,cDXHP,0.0,4964393575.32,140801189765.69,0.0,4964393575.32,141259621016.9,,,,
MFmCmn,M3,CZ14,cDXHP,0.0,4421968285.63,136927409571.98,0.0,4421968285.63,137382405462.18,,,,
MFmCmn,M3,CZ15,cDXHP,0.0,401387267.77,199507649697.76,0.0,401387267.77,199957646464.2,,,,
MFmCmn,M3,CZ16,cDXHP,0.0,14650186808.86,87443225794.02,0.0,14660327934.91,88032061601.22,,,,
MFmCmn,M3,CZ01,cPTAC,0.0,0.0,50507854658.03,0.0,0.0,50782850415.58,,,,
MFmCmn,M3,CZ02,cPTAC,0.0,0.0,93050361668.35,0.0,0.0,93175590560.22,,,,
MFmCmn,M3,CZ03,cPTAC,0.0,0.0,87492944843.99,0.0,0.0,87492944843.99,,,,
MFmCmn,M3,CZ04,cPTAC,0.0,0.0,117237708546.35,0.0,0.0,118835445915.25,,,,
MFmCmn,M3,CZ05,cPTAC,0.0,0.0,92474091026.62,0.0,0.0,92583782469.28,,,,
MFmCmn,M3,CZ06,cPTAC,0.0,0.0,109736555025.29,0.0,0.0,115536149115.87,,,,
MFmCmn,M3,CZ07,cPTAC,0.0,0.0,109479239042.91,0.0,0.0,113859861243.59,,,,
MFmCmn,M3,CZ08,cPTAC,0.0,0.0,132573926026.42,0.0,0.0,135915670655.89,,,,
MFmCmn,M3,CZ09,cPTAC,0.0,0.0,137976871932.24,0.0,0.0,139735496806.72,,,,
MFmCmn,M3,CZ10,cPTAC,0.0,0.0,129567643383.88,0.0,0.0,129797811438.51,,,,
MFmCmn,M3,CZ11,cPTAC,0.0,0.0,133518780297.21,0.0,0.0,133733841920.54,,,,
MFmCmn,M3,CZ12,cPTAC,0.0,0.0,113633531733.54,0.0,0.0,114151687916.49,,,,
MFmCmn,M3,CZ13,cPTAC,0.0,0.0,140564205460.9,0.0,0.0,141066766476.92,,,,
MFmCmn,M3,CZ14,cPTAC,0.0,0.0,136635766199.43,0.0,0.0,137158566738.76,,,,
MFmCmn,M3,CZ15,cPTAC,0.0,0.0,199458150183.72,0.0,0.0,199908146950.19,,,,
MFmCmn,M3,CZ16,cPTAC,0.0,0.0,86737211088.76,0.0,0.0,87448219751.33,,,,
MFmCmn,M3,CZ01,cPVVG,1068000707.87,0.0,702480465.07,37584366953.44,0.0,50823657291.52,,,,
MFmCmn,M3,CZ02,cPVVG,1337829809.68,0.0,2591161788.93,25976211605.22,0.0,92697013992.11,,,,
MFmCmn,M3,CZ03,cPVVG,650576570.68,0.0,2126754704.12,15523612078.08,0.0,86884059255.07,,,,
MFmCmn,M3,CZ04,cPVVG,1122088377.09,0.0,3971478267.77,19925702118.75,0.0,118100097221.23,,,,
MFmCmn,M3,CZ05,cPVVG,556816750.89,0.0,2317381484.05,11619894406.09,0.0,91909203882.73,,,,
MFmCmn,M3,CZ06,cPVVG,0.0,0.0,2969325955.04,2677788564.32,0.0,114462074011.54,,,,
MFmCmn,M3,CZ07,cPVVG,0.0,0.0,2286424716.45,1467715904.46,0.0,112758203135.82,,,,
MFmCmn,M3,CZ08,cPVVG,1119691.02,0.0,3888633202.07,3564227201.27,0.0,134716674751.8,,,,
MFmCmn,M3,CZ09,cPVVG,26248462.86,0.0,4364764679.96,5672530412.63,0.0,138509526928.78,,,,
MFmCmn,M3,CZ10,cPVVG,28586208.11,0.0,3289838726.41,4192557547.1,0.0,128661750292.72,,,,
MFmCmn,M3,CZ11,cPVVG,2295530142.7,0.0,5713227162.26,29824517229.26,0.0,132888555797.48,,,,
MFmCmn,M3,CZ12,cPVVG,1152084312.43,0.0,3868350864.75,24325272429.82,0.0,113415745535.55,,,,
MFmCmn,M3,CZ13,cPVVG,765428495.23,0.0,5870412837.43,20458489574.83,0.0,140026575168.2,,,,
MFmCmn,M3,CZ14,cPVVG,686544913.06,0.0,5007545662.72,16805862448.76,0.0,136172170526.7,,,,
MFmCmn,M3,CZ15,cPVVG,32648626.16,0.0,8797602642.53,1659155409.69,0.0,198228859545.99,,,,
MFmCmn,M3,CZ16,cPVVG,5192569284.0,0.0,2689484208.62,53932853421.47,0.0,87211719934.2,,,,
MFmCmn,M4,CZ01,cDXGF,1088058117.66,0.0,669405814.51,48962750036.19,0.0,46913976042.18,,,,
MFmCmn,M4,CZ02,cDXGF,927071970.26,0.0,3236016655.81,28839754489.47,0.0,100418736213.91,,,,
MFmCmn,M4,CZ03,cDXGF,329568443.28,0.0,2416567033.9,17544746025.64,0.0,91948221476.14,,,,
MFmCmn,M4,CZ04,cDXGF,724042884.19,0.0,5374281173.44,21411783225.64,0.0,131973416835.93,,,,
MFmCmn,M4,CZ05,cDXGF,250687401.1,0.0,2643754756.72,14193030682.95,0.0,97985585344.34,,,,
MFmCmn,M4,CZ06,cDXGF,0.0,0.0,3337146642.17,2600854993.11,0.0,125918256879.45,,,,
MFmCmn,M4,CZ07,cDXGF,0.0,0.0,2616373594.14,1563255574.43,0.0,124711133254.08,,,,
MFmCmn,M4,CZ08,cDXGF,734192.44,0.0,4912697901.13,3426110262.16,0.0,153489704679.88,,,,
MFmCmn,M4,CZ09,cDXGF,26467156.75,0.0,5673494723.34,5145880535.22,0.0,158561883536.64,,,,
MFmCmn,M4,CZ10,cDXGF,33474903.32,0.0,4578635837.5,4593662389.47,0.0,148457512541.48,,,,
MFmCmn,M4,CZ11,cDXGF,1706676779.13,0.0,8356566008.1,27983479315.24,0.0,155488223728.15,,,,
MFmCmn,M4,CZ12,cDXGF,773488189.35,0.0,5221370072.91,25693907696.61,0.0,126212489913.54,,,,
MFmCmn,M4,CZ13,cDXGF,333815881.19,0.0,8726460350.92,19863473017.7,0.0,162162779766.58,,,,
MFmCmn,M4,CZ14,cDXGF,627887326.88,0.0,7449032542.41,18294516842.18,0.0,158889848216.46,,,,
MFmCmn,M4,CZ15,cDXGF,33728815.31,0.0,14254540800.13,1473566511.68,0.0,241181814350.12,,,,
MFmCmn,M4,CZ16,cDXGF,4100616625.53,0.0,3562446663.41,53352594591.98,0.0,98733622422.95,,,,
MFmCmn,M4,CZ01,cDXHP,0.0,292579515.88,673328010.46,0.0,12317604359.03,46955043961.35,,,,
MFmCmn,M4,CZ02,cDXHP,0.0,249124631.93,3253190988.71,0.0,7545112259.69,100726814381.57,,,,
MFmCmn,M4,CZ03,cDXHP,0.0,81148204.53,2430090965.55,0.0,4285077831.51,92104690422.9,,,,
MFmCmn,M4,CZ04,cDXHP,0.0,193560929.52,5390447847.97,0.0,5778396636.91,132481577794.5,,,,
MFmCmn,M4,CZ05,cDXHP,0.0,63592130.34,2659197784.58,0.0,3564095382.72,98189238641.93,,,,
MFmCmn,M4,CZ06,cDXHP,0.0,0.0,3340955918.02,0.0,623177042.86,126028684435.5,,,,
MFmCmn,M4,CZ07,cDXHP,0.0,0.0,2618594879.2,0.0,375238413.77,124794375213.16,,,,
MFmCmn,M4,CZ08,cDXHP,0.0,191140.68,4919005730.89,0.0,843574379.06,153675861085.89,,,,
MFmCmn,M4,CZ09,cDXHP,0.0,7192239.33,5680089659.38,0.0,1287727492.41,158694200449.25,,,,
MFmCmn,M4,CZ10,cDXHP,0.0,9023198.02,4582634414.48,0.0,1167410702.4,148549166489.47,,,,
MFmCmn,M4,CZ11,cDXHP,0.0,471014497.98,8375650902.4,0.0,7363274218.65,155947409380.8,,,,
MFmCmn,M4,CZ12,cDXHP,0.0,204921404.61,5241712477.94,0.0,6692655588.24,126626183436.09,,,,
MFmCmn,M4,CZ13,cDXHP,0.0,87201182.95,8744203911.82,0.0,5152074380.42,162553110606.57,,,,
MFmCmn,M4,CZ14,cDXHP,0.0,197475273.45,7457467648.5,0.0,5262306464.34,159203160525.76,,,,
MFmCmn,M4,CZ15,cDXHP,0.0,9293112.34,14255399739.34,0.0,378480676.65,241195330187.58,,,,
MFmCmn,M4,CZ16,cDXHP,0.0,1322037110.65,3562646960.58,0.0,16094387329.42,98633442336.6,,,,
MFmCmn,M4,CZ01,cPTAC,0.0,0.0,657626962.06,0.0,0.0,45614140688.56,,,,
MFmCmn,M4,CZ02,cPTAC,0.0,0.0,3221947463.87,0.0,0.0,99403668443.27,,,,
MFmCmn,M4,CZ03,cPTAC,0.0,0.0,2407043621.49,0.0,0.0,91274163567.78,,,,
MFmCmn,M4,CZ04,cPTAC,0.0,0.0,5361102076.29,0.0,0.0,131011205161.09,,,,
MFmCmn,M4,CZ05,cPTAC,0.0,0.0,2632067881.71,0.0,0.0,97262069356.46,,,,
MFmCmn,M4,CZ06,cPTAC,0.0,0.0,3335726224.86,0.0,0.0,125768481619.18,,,,
MFmCmn,M4,CZ07,cPTAC,0.0,0.0,2615214999.97,0.0,0.0,124606803989.73,,,,
MFmCmn,M4,CZ08,cPTAC,0.0,0.0,4910633156.07,0.0,0.0,153266112552.06,,,,
MFmCmn,M4,CZ09,cPTAC,0.0,0.0,5670419652.26,0.0,0.0,158265795377.76,,,,
MFmCmn,M4,CZ10,cPTAC,0.0,0.0,4576503886.93,0.0,0.0,148166318250.89,,,,
MFmCmn,M4,CZ11,cPTAC,0.0,0.0,8344661633.07,0.0,0.0,154622798591.66,,,,
MFmCmn,M4,CZ12,cPTAC,0.0,0.0,5213634608.69,0.0,0.0,125449213330.04,,,,
MFmCmn,M4,CZ13,cPTAC,0.0,0.0,8720553023.96,0.0,0.0,161617586841.62,,,,
MFmCmn,M4,CZ14,cPTAC,0.0,0.0,7437515537.94,0.0,0.0,158022718287.49,,,,
MFmCmn,M4,CZ15,cPTAC,0.0,0.0,14253310147.01,0.0,0.0,241080835566.16,,,,
MFmCmn,M4,CZ16,cPTAC,0.0,0.0,3537330469.55,0.0,0.0,97146247827.58,,,,
MFmCmn,M4,CZ01,cPVVG,2159055155.32,0.0,451386560.19,80810450697.19,0.0,35402225829.47,,,,
MFmCmn,M4,CZ02,cPVVG,2170265980.79,0.0,2517856399.01,53973894561.85,0.0,83575567733.08,,,,
MFmCmn,M4,CZ03,cPVVG,851076399.45,0.0,1808132435.28,33295367624.91,0.0,74131223219.13,,,,
MFmCmn,M4,CZ04,cPVVG,1592403009.05,0.0,4297817350.13,42464598715.92,0.0,114061660988.34,,,,
MFmCmn,M4,CZ05,cPVVG,674150100.87,0.0,1997735651.38,27625610418.83,0.0,79309970682.72,,,,
MFmCmn,M4,CZ06,cPVVG,0.0,0.0,2568016198.7,7128642901.72,0.0,106712538737.97,,,,
MFmCmn,M4,CZ07,cPVVG,0.0,0.0,1957574639.84,4848980125.82,0.0,105213717496.45,,,,
MFmCmn,M4,CZ08,cPVVG,2641681.1,0.0,3770508720.55,9304004074.54,0.0,132798157809.56,,,,
MFmCmn,M4,CZ09,cPVVG,61622207.89,0.0,4368187772.71,12926912657.82,0.0,137054725046.35,,,,
MFmCmn,M4,CZ10,cPVVG,73152086.53,0.0,3513098480.09,12002352431.72,0.0,128977941126.31,,,,
MFmCmn,M4,CZ11,cPVVG,3589717955.36,0.0,6675745581.13,55262466935.43,0.0,137189921265.98,,,,
MFmCmn,M4,CZ12,cPVVG,1918124691.34,0.0,4126548159.99,50043992560.64,0.0,109536551755.0,,,,
MFmCmn,M4,CZ13,cPVVG,1108901215.21,0.0,6959891702.47,41460070516.71,0.0,143726719747.7,,,,
MFmCmn,M4,CZ14,cPVVG,1420664371.27,0.0,5865246065.16,37619534341.17,0.0,140124887266.45,,,,
MFmCmn,M4,CZ15,cPVVG,74865595.07,0.0,11360873311.62,4842985242.75,0.0,218625203014.54,,,,
MFmCmn,M4,CZ16,cPVVG,8982587741.57,0.0,2579570007.32,94649329951.9,0.0,80211201163.34,,,,
MFmCmn,M5,CZ01,cDXGF,41543120340.08,0.0,47712464406.62,41543120340.08,0.0,47859899237.75,,,,
MFmCmn,M5,CZ02,cDXGF,27643605163.7,0.0,91628145181.55,27643605163.7,0.0,91964304265.27,,,,
MFmCmn,M5,CZ03,cDXGF,16569001006.36,0.0,85037494892.93,16569001006.36,0.0,85066081390.17,,,,
MFmCmn,M5,CZ04,cDXGF,21056955493.65,0.0,116019429108.77,21056955493.65,0.0,118101469466.9,,,,
MFmCmn,M5,CZ05,cDXGF,12449036306.8,0.0,90025581350.87,12449036306.8,0.0,90191409903.49,,,,
MFmCmn,M5,CZ06,cDXGF,2815735021.9,0.0,109871012556.22,2815735021.9,0.0,115343193770.65,,,,
MFmCmn,M5,CZ07,cDXGF,1541765176.89,0.0,109201838586.51,1541765176.89,0.0,113452673106.78,,,,
MFmCmn,M5,CZ08,cDXGF,3735514995.64,0.0,133490685507.94,3735514995.64,0.0,137317582808.61,,,,
MFmCmn,M5,CZ09,cDXGF,5945345453.12,0.0,137657971122.45,5945345453.12,0.0,140207776788.07,,,,
MFmCmn,M5,CZ10,cDXGF,4435749163.29,0.0,130637445772.48,4435749163.29,0.0,131554145967.14,,,,
MFmCmn,M5,CZ11,cDXGF,31130247456.45,0.0,135034048007.77,31130247456.45,0.0,135757921782.39,,,,
MFmCmn,M5,CZ12,cDXGF,25631084654.59,0.0,113502439984.59,25631084654.59,0.0,114433243895.85,,,,
MFmCmn,M5,CZ13,cDXGF,21370016166.56,0.0,142004203089.53,21370016166.56,0.0,143024079122.15,,,,
MFmCmn,M5,CZ14,cDXGF,17904748661.49,0.0,135984507328.99,17904748661.49,0.0,137371460130.63,,,,
MFmCmn,M5,CZ15,cDXGF,1735603416.32,0.0,206186655300.46,1735603416.32,0.0,207570323434.25,,,,
MFmCmn,M5,CZ16,cDXGF,57065796955.77,0.0,83507226301.89,57065796955.77,0.0,83968058504.25,,,,
MFmCmn,M5,CZ01,cDXHP,0.0,10237923846.7,48192144818.42,0.0,10519159099.7,48192144818.42,,,,
MFmCmn,M5,CZ02,cDXHP,0.0,7166037736.47,91817788858.35,0.0,7207099833.5,91937746047.3,,,,
MFmCmn,M5,CZ03,cDXHP,0.0,4034034547.75,85024956067.14,0.0,4034034547.75,85024956067.14,,,,
MFmCmn,M5,CZ04,cDXHP,0.0,5617529534.05,116185400646.06,0.0,5617529534.05,117855105293.46,,,,
MFmCmn,M5,CZ05,cDXHP,0.0,3119919039.0,90090605613.49,0.0,3119919039.0,90090605613.49,,,,
MFmCmn,M5,CZ06,cDXHP,0.0,669164835.72,112328715027.52,0.0,669164835.72,115153833402.87,,,,
MFmCmn,M5,CZ07,cDXHP,0.0,365402572.03,111052307078.2,0.0,365402572.03,113255095590.22,,,,
MFmCmn,M5,CZ08,cDXHP,0.0,906825119.45,134199295600.56,0.0,906825119.45,137126309742.22,,,,
MFmCmn,M5,CZ09,cDXHP,0.0,1469773904.48,137695266327.07,0.0,1469773904.48,140045159064.54,,,,
MFmCmn,M5,CZ10,cDXHP,0.0,1112165481.34,130448009416.96,0.0,1112165481.34,131364709605.72,,,,
MFmCmn,M5,CZ11,cDXHP,0.0,8060542719.52,134958672947.04,0.0,8060542719.52,135541425560.79,,,,
MFmCmn,M5,CZ12,cDXHP,0.0,6608333497.91,113664939080.99,0.0,6608333497.91,114347031029.22,,,,
MFmCmn,M5,CZ13,cDXHP,0.0,5455698529.33,141985622749.56,0.0,5455698529.33,142870974112.4,,,,
MFmCmn,M5,CZ14,cDXHP,0.0,5110395841.46,135902287685.87,0.0,5118013753.53,137097202840.78,,,,
MFmCmn,M5,CZ15,cDXHP,0.0,437213856.23,206174677743.26,0.0,437213856.23,207545483515.9,,,,
MFmCmn,M5,CZ16,cDXHP,0.0,16891494016.55,83403873820.94,0.0,17113319914.98,83792724373.14,,,,
MFmCmn,M5,CZ01,cPTAC,0.0,0.0,46052221033.75,0.0,0.0,46182342534.37,,,,
MFmCmn,M5,CZ02,cPTAC,0.0,0.0,90283453023.69,0.0,0.0,90619611028.43,,,,
MFmCmn,M5,CZ03,cPTAC,0.0,0.0,84113376251.69,0.0,0.0,84141962750.08,,,,
MFmCmn,M5,CZ04,cPTAC,0.0,0.0,114812267380.09,0.0,0.0,116853625372.27,,,,
MFmCmn,M5,CZ05,cPTAC,0.0,0.0,89045382099.94,0.0,0.0,89211207520.52,,,,
MFmCmn,M5,CZ06,cPTAC,0.0,0.0,109631127669.58,0.0,0.0,115095225457.03,,,,
MFmCmn,M5,CZ07,cPTAC,0.0,0.0,109001873796.69,0.0,0.0,113252674344.72,,,,
MFmCmn,M5,CZ08,cPTAC,0.0,0.0,133108610009.33,0.0,0.0,136935447761.3,,,,
MFmCmn,M5,CZ09,cPTAC,0.0,0.0,137202542372.1,0.0,0.0,139752310304.17,,,,
MFmCmn,M5,CZ10,cPTAC,0.0,0.0,130199822462.66,0.0,0.0,131116521671.05,,,,
MFmCmn,M5,CZ11,cPTAC,0.0,0.0,134009501023.61,0.0,0.0,134733374798.23,,,,
MFmCmn,M5,CZ12,cPTAC,0.0,0.0,112489867865.44,0.0,0.0,113420671134.19,,,,
MFmCmn,M5,CZ13,cPTAC,0.0,0.0,141263193886.36,0.0,0.0,142283069857.38,,,,
MFmCmn,M5,CZ14,cPTAC,0.0,0.0,134952081283.09,0.0,0.0,136339032440.98,,,,
MFmCmn,M5,CZ15,cPTAC,0.0,0.0,206018729419.86,0.0,0.0,207402397553.65,,,,
MFmCmn,M5,CZ16,cPTAC,0.0,0.0,81770516515.89,0.0,0.0,82231348380.46,,,,
MFmCmn,M5,CZ01,cPVVG,1171725149.93,0.0,645641832.87,42637694490.93,0.0,47312307285.47,,,,
MFmCmn,M5,CZ02,cPVVG,1426189325.5,0.0,2526805758.7,28629345424.65,0.0,91018053453.39,,,,
MFmCmn,M5,CZ03,cPVVG,684092583.19,0.0,2024331581.23,17146844338.76,0.0,84130071042.79,,,,
MFmCmn,M5,CZ04,cPVVG,1184537112.78,0.0,3964234270.92,21861749568.46,0.0,116981611851.9,,,,
MFmCmn,M5,CZ05,cPVVG,583337032.93,0.0,2215325458.18,12877395528.07,0.0,89206046377.91,,,,
MFmCmn,M5,CZ06,cPVVG,0.0,0.0,2853538467.4,2930338913.84,0.0,114182478050.31,,,,
MFmCmn,M5,CZ07,cPVVG,0.0,0.0,2187014876.21,1604806047.32,0.0,112288459864.46,,,,
MFmCmn,M5,CZ08,cPVVG,1193058.12,0.0,3816948357.66,3886913158.79,0.0,135997669461.35,,,,
MFmCmn,M5,CZ09,cPVVG,28526869.34,0.0,4282417548.64,6192322983.21,0.0,138834673118.33,,,,
MFmCmn,M5,CZ10,cPVVG,31261611.91,0.0,3258666640.59,4614091223.9,0.0,130276953627.18,,,,
MFmCmn,M5,CZ11,cPVVG,2453623509.56,0.0,5801723445.21,32370401461.66,0.0,134500536059.73,,,,
MFmCmn,M5,CZ12,cPVVG,1225986968.23,0.0,3845518033.5,26602098137.39,0.0,113351033809.26,,,,
MFmCmn,M5,CZ13,cPVVG,804466497.43,0.0,5965590615.15,22221799347.55,0.0,141710677238.47,,,,
MFmCmn,M5,CZ14,cPVVG,750933617.42,0.0,5052380907.38,18643751641.34,0.0,136046512935.0,,,,
MFmCmn,M5,CZ15,cPVVG,35603892.05,0.0,9068064059.95,1810165442.07,0.0,205790271360.9,,,,
MFmCmn,M5,CZ16,cPVVG,5659407426.17,0.0,2584338494.08,59693647075.75,0.0,82992546131.0,,,,
MLI,M1,CZ01,cDXGF,0.0,0.0,0.0,925373080685.52,0.0,5159799742.77,,,,
MLI,M1,CZ02,cDXGF,0.0,0.0,0.0,619411172232.49,0.0,286620013076.3,,,,
MLI,M1,CZ03,cDXGF,0.0,0.0,0.0,399094342312.4,0.0,101803189758.53,,,,
MLI,M1,CZ04,cDXGF,0.0,0.0,0.0,508267283369.29,0.0,495753938386.53,,,,
MLI,M1,CZ05,cDXGF,0.0,0.0,0.0,350043382977.74,0.0,135938157032.53,,,,
MLI,M1,CZ06,cDXGF,0.0,0.0,0.0,94758696504.44,0.0,301494377781.69,,,,
MLI,M1,CZ07,cDXGF,0.0,0.0,0.0,77314190090.49,0.0,354132171161.64,,,,
MLI,M1,CZ08,cDXGF,0.0,0.0,0.0,127659611573.32,0.0,590913268486.54,,,,
MLI,M1,CZ09,cDXGF,0.0,0.0,0.0,170068460974.79,0.0,599702437353.86,,,,
MLI,M1,CZ10,cDXGF,0.0,0.0,0.0,162777011324.4,0.0,670468989697.83,,,,
MLI,M1,CZ11,cDXGF,268886577.25,0.0,0.0,556795697137.25,0.0,711806526648.16,,,,
MLI,M1,CZ12,cDXGF,0.0,0.0,0.0,556735998996.97,0.0,489448493163.01,,,,
MLI,M1,CZ13,cDXGF,0.0,0.0,0.0,451838854435.47,0.0,767585376380.48,,,,
MLI,M1,CZ14,cDXGF,423764952.67,0.0,0.0,463542078965.0,0.0,743137488516.21,,,,
MLI,M1,CZ15,cDXGF,0.0,0.0,0.0,68105826326.88,0.0,1405332189039.21,,,,
MLI,M1,CZ16,cDXGF,4076637551.19,0.0,0.0,891141347501.01,0.0,236781339592.52,,,,
MLI,M1,CZ01,cDXHP,0.0,0.0,0.0,0.0,232308523557.37,5197288368.29,,,,
MLI,M1,CZ02,cDXHP,0.0,0.0,0.0,0.0,160441238813.04,289679158251.43,,,,
MLI,M1,CZ03,cDXHP,0.0,0.0,0.0,0.0,97641321409.12,102229017894.82,,,,
MLI,M1,CZ04,cDXHP,0.0,0.0,0.0,0.0,135693650950.89,505533877168.52,,,,
MLI,M1,CZ05,cDXHP,0.0,0.0,0.0,0.0,87789806117.82,137418689474.72,,,,
MLI,M1,CZ06,cDXHP,0.0,0.0,0.0,0.0,22347103785.01,294044449618.66,,,,
MLI,M1,CZ07,cDXHP,0.0,0.0,0.0,0.0,18196253836.82,348693918885.17,,,,
MLI,M1,CZ08,cDXHP,0.0,0.0,0.0,0.0,30977417527.21,585372852954.75,,,,
MLI,M1,CZ09,cDXHP,0.0,0.0,0.0,0.0,41931397738.09,599414870838.2,,,,
MLI,M1,CZ10,cDXHP,0.0,0.0,0.0,0.0,40453628869.8,671703260458.61,,,,
MLI,M1,CZ11,cDXHP,0.0,82686618.84,0.0,0.0,143444233692.73,725541295670.18,,,,
MLI,M1,CZ12,cDXHP,0.0,0.0,0.0,0.0,142332446336.66,495134725629.03,,,,
MLI,M1,CZ13,cDXHP,0.0,0.0,0.0,0.0,114760715091.38,779284802787.06,,,,
MLI,M1,CZ14,cDXHP,0.0,150687097.44,0.0,0.0,128459347848.06,754512005416.21,,,,
MLI,M1,CZ15,cDXHP,0.0,0.0,0.0,0.0,16890687829.46,1418026769847.92,,,,
MLI,M1,CZ16,cDXHP,0.0,1441094765.34,0.0,0.0,259178863663.52,238237493306.65,,,,
MLI,M1,CZ01,cPTAC,0.0,0.0,0.0,0.0,0.0,4820439125.82,,,,
MLI,M1,CZ02,cPTAC,0.0,0.0,0.0,0.0,0.0,283495707285.49,,,,
MLI,M1,CZ03,cPTAC,0.0,0.0,0.0,0.0,0.0,101337346805.72,,,,
MLI,M1,CZ04,cPTAC,0.0,0.0,0.0,0.0,0.0,491814374101.84,,,,
MLI,M1,CZ05,cPTAC,0.0,0.0,0.0,0.0,0.0,132708650912.87,,,,
MLI,M1,CZ06,cPTAC,0.0,0.0,0.0,0.0,0.0,300691869774.77,,,,
MLI,M1,CZ07,cPTAC,0.0,0.0,0.0,0.0,0.0,353355335067.1,,,,
MLI,M1,CZ08,cPTAC,0.0,0.0,0.0,0.0,0.0,588677544791.21,,,,
MLI,M1,CZ09,cPTAC,0.0,0.0,0.0,0.0,0.0,597168086069.19,,,,
MLI,M1,CZ10,cPTAC,0.0,0.0,0.0,0.0,0.0,667906512616.56,,,,
MLI,M1,CZ11,cPTAC,0.0,0.0,0.0,0.0,0.0,709717248607.89,,,,
MLI,M1,CZ12,cPTAC,0.0,0.0,0.0,0.0,0.0,488223895949.73,,,,
MLI,M1,CZ13,cPTAC,0.0,0.0,0.0,0.0,0.0,767040130156.7,,,,
MLI,M1,CZ14,cPTAC,0.0,0.0,0.0,0.0,0.0,741206778175.95,,,,
MLI,M1,CZ15,cPTAC,0.0,0.0,0.0,0.0,0.0,1404545535012.14,,,,
MLI,M1,CZ16,cPTAC,0.0,0.0,0.0,0.0,0.0,236037902615.01,,,,
MLI,M1,CZ01,cPVVG,0.0,0.0,0.0,1490125223198.1,0.0,5845718020.33,,,,
MLI,M1,CZ02,cPVVG,0.0,0.0,0.0,981265818612.35,0.0,247397010006.0,,,,
MLI,M1,CZ03,cPVVG,0.0,0.0,0.0,703684935257.7,0.0,92882403449.29,,,,
MLI,M1,CZ04,cPVVG,0.0,0.0,0.0,821661406882.42,0.0,442397319432.93,,,,
MLI,M1,CZ05,cPVVG,0.0,0.0,0.0,662997096727.14,0.0,116812297109.47,,,,
MLI,M1,CZ06,cPVVG,0.0,0.0,0.0,217587059927.72,0.0,269275862198.6,,,,
MLI,M1,CZ07,cPVVG,0.0,0.0,0.0,193876893594.86,0.0,302929747450.39,,,,
MLI,M1,CZ08,cPVVG,0.0,0.0,0.0,268115372636.72,0.0,527722873841.1,,,,
MLI,M1,CZ09,cPVVG,0.0,0.0,0.0,331528495416.15,0.0,534161369005.56,,,,
MLI,M1,CZ10,cPVVG,0.0,0.0,0.0,327953959691.8,0.0,600440981921.97,,,,
MLI,M1,CZ11,cPVVG,374234282.64,0.0,0.0,871577109009.6,0.0,651492310074.23,,,,
MLI,M1,CZ12,cPVVG,0.0,0.0,0.0,872375648988.1,0.0,442123931158.93,,,,
MLI,M1,CZ13,cPVVG,0.0,0.0,0.0,733388472404.38,0.0,706365391986.05,,,,
MLI,M1,CZ14,cPVVG,566724275.66,0.0,0.0,760314044328.08,0.0,668518791407.7,,,,
MLI,M1,CZ15,cPVVG,0.0,0.0,0.0,153056101821.74,0.0,1306301450443.77,,,,
MLI,M1,CZ16,cPVVG,6052009122.69,0.0,0.0,1404670780802.58,0.0,204475085373.6,,,,
MLI,M2,CZ01,cDXGF,0.0,0.0,0.0,95300568769.22,0.0,424047247135.72,,,,
MLI,M2,CZ02,cDXGF,0.0,0.0,0.0,62209408044.87,0.0,655685139134.16,,,,
MLI,M2,CZ03,cDXGF,0.0,0.0,0.0,34851388945.25,0.0,596667932926.49,,,,
MLI,M2,CZ04,cDXGF,0.0,0.0,0.0,46019781831.32,0.0,801260909140.88,,,,
MLI,M2,CZ05,cDXGF,0.0,0.0,0.0,27153632763.99,0.0,610263711817.48,,,,
MLI,M2,CZ06,cDXGF,0.0,0.0,0.0,6486973980.6,0.0,774590926658.49,,,,
MLI,M2,CZ07,cDXGF,0.0,0.0,0.0,4875207360.95,0.0,789260598774.2,,,,
MLI,M2,CZ08,cDXGF,0.0,0.0,0.0,8388751938.19,0.0,909724977465.76,,,,
MLI,M2,CZ09,cDXGF,0.0,0.0,0.0,14721112225.55,0.0,914705118652.42,,,,
MLI,M2,CZ10,cDXGF,0.0,0.0,0.0,11362680841.46,0.0,936930394846.03,,,,
MLI,M2,CZ11,cDXGF,56244741.96,0.0,0.0,66816392439.67,0.0,906345961534.94,,,,
MLI,M2,CZ12,cDXGF,0.0,0.0,0.0,59788087567.67,0.0,803641774890.78,,,,
MLI,M2,CZ13,cDXGF,0.0,0.0,0.0,46701286169.92,0.0,989558825670.15,,,,
MLI,M2,CZ14,cDXGF,50131773.4,0.0,0.0,47611555345.9,0.0,950133007732.92,,,,
MLI,M2,CZ15,cDXGF,0.0,0.0,0.0,5121702133.28,0.0,1380099522934.75,,,,
MLI,M2,CZ16,cDXGF,517476194.75,0.0,0.0,127578362126.31,0.0,663189047991.13,,,,
MLI,M2,CZ01,cDXHP,0.0,0.0,0.0,0.0,24130567935.97,418896589080.13,,,,
MLI,M2,CZ02,cDXHP,0.0,0.0,0.0,0.0,16159127817.41,654138555069.77,,,,
MLI,M2,CZ03,cDXHP,0.0,0.0,0.0,0.0,8341703665.45,594792079157.48,,,,
MLI,M2,CZ04,cDXHP,0.0,0.0,0.0,0.0,12283858835.6,801123318917.34,,,,
MLI,M2,CZ05,cDXHP,0.0,0.0,0.0,0.0,6661408251.62,608737130744.0,,,,
MLI,M2,CZ06,cDXHP,0.0,0.0,0.0,0.0,1484735018.85,775068776341.33,,,,
MLI,M2,CZ07,cDXHP,0.0,0.0,0.0,0.0,1102927014.59,789680534887.39,,,,
MLI,M2,CZ08,cDXHP,0.0,0.0,0.0,0.0,1945136602.47,912582682270.23,,,,
MLI,M2,CZ09,cDXHP,0.0,0.0,0.0,0.0,3523198945.35,916910030191.04,,,,
MLI,M2,CZ10,cDXHP,0.0,0.0,0.0,0.0,2717869123.94,938699419067.85,,,,
MLI,M2,CZ11,cDXHP,0.0,15060573.34,0.0,0.0,17411201231.1,907341683991.5,,,,
MLI,M2,CZ12,cDXHP,0.0,0.0,0.0,0.0,15195952625.69,803131125352.8,,,,
MLI,M2,CZ13,cDXHP,0.0,0.0,0.0,0.0,11616187727.33,991103233527.54,,,,
MLI,M2,CZ14,cDXHP,0.0,15760240.42,0.0,0.0,13613810664.4,950201460369.03,,,,
MLI,M2,CZ15,cDXHP,0.0,0.0,0.0,0.0,1211948909.81,1383776912916.85,,,,
MLI,M2,CZ16,cDXHP,0.0,172211406.28,0.0,0.0,37862764850.69,663747966890.35,,,,
MLI,M2,CZ01,cPTAC,0.0,0.0,0.0,0.0,0.0,414161121932.74,,,,
MLI,M2,CZ02,cPTAC,0.0,0.0,0.0,0.0,0.0,648803032657.62,,,,
MLI,M2,CZ03,cPTAC,0.0,0.0,0.0,0.0,0.0,592663246537.07,,,,
MLI,M2,CZ04,cPTAC,0.0,0.0,0.0,0.0,0.0,796072390127.12,,,,
MLI,M2,CZ05,cPTAC,0.0,0.0,0.0,0.0,0.0,606901088122.54,,,,
MLI,M2,CZ06,cPTAC,0.0,0.0,0.0,0.0,0.0,773819740344.26,,,,
MLI,M2,CZ07,cPTAC,0.0,0.0,0.0,0.0,0.0,788658810404.41,,,,
MLI,M2,CZ08,cPTAC,0.0,0.0,0.0,0.0,0.0,908652289791.97,,,,
MLI,M2,CZ09,cPTAC,0.0,0.0,0.0,0.0,0.0,912907177626.12,,,,
MLI,M2,CZ10,cPTAC,0.0,0.0,0.0,0.0,0.0,935464091954.72,,,,
MLI,M2,CZ11,cPTAC,0.0,0.0,0.0,0.0,0.0,899898296361.04,,,,
MLI,M2,CZ12,cPTAC,0.0,0.0,0.0,0.0,0.0,797296694507.94,,,,
MLI,M2,CZ13,cPTAC,0.0,0.0,0.0,0.0,0.0,984245476678.18,,,,
MLI,M2,CZ14,cPTAC,0.0,0.0,0.0,0.0,0.0,944938265361.58,,,,
MLI,M2,CZ15,cPTAC,0.0,0.0,0.0,0.0,0.0,1379291565227.49,,,,
MLI,M2,CZ16,cPTAC,0.0,0.0,0.0,0.0,0.0,652024480478.0,,,,
MLI,M2,CZ01,cPVVG,0.0,0.0,0.0,280751204539.68,0.0,280196017168.5,,,,
MLI,M2,CZ02,cPVVG,0.0,0.0,0.0,173685458861.58,0.0,493673487418.23,,,,
MLI,M2,CZ03,cPVVG,0.0,0.0,0.0,110658730765.62,0.0,435968625650.23,,,,
MLI,M2,CZ04,cPVVG,0.0,0.0,0.0,134620962268.48,0.0,626638015614.4,,,,
MLI,M2,CZ05,cPVVG,0.0,0.0,0.0,88745333009.17,0.0,441809737639.25,,,,
MLI,M2,CZ06,cPVVG,0.0,0.0,0.0,23148885170.82,0.0,606570999935.48,,,,
MLI,M2,CZ07,cPVVG,0.0,0.0,0.0,17957448996.42,0.0,617931133162.46,,,,
MLI,M2,CZ08,cPVVG,0.0,0.0,0.0,30751927964.65,0.0,738134877192.12,,,,
MLI,M2,CZ09,cPVVG,0.0,0.0,0.0,45471558342.46,0.0,738286133722.65,,,,
MLI,M2,CZ10,cPVVG,0.0,0.0,0.0,38005241489.33,0.0,757852434973.49,,,,
MLI,M2,CZ11,cPVVG,122343455.01,0.0,0.0,169633134757.53,0.0,734955011350.96,,,,
MLI,M2,CZ12,cPVVG,0.0,0.0,0.0,162609803679.59,0.0,635886827476.79,,,,
MLI,M2,CZ13,cPVVG,0.0,0.0,0.0,129825755433.54,0.0,813841093274.43,,,,
MLI,M2,CZ14,cPVVG,170578894.01,0.0,0.0,134792166896.27,0.0,752558766706.46,,,,
MLI,M2,CZ15,cPVVG,0.0,0.0,0.0,16148359187.42,0.0,1184861266271.88,,,,
MLI,M2,CZ16,cPVVG,1811461884.18,0.0,0.0,331375991288.12,0.0,468603297789.86,,,,
MLI,M3,CZ01,cDXGF,372239721335.06,0.0,250374386766.97,372239721335.06,0.0,250374386766.97,,,,
MLI,M3,CZ02,cDXGF,239203183977.2,0.0,457941276766.3,239203183977.2,0.0,457941276766.3,,,,
MLI,M3,CZ03,cDXGF,155893445894.25,0.0,401072460068.82,155893445894.25,0.0,401072460068.82,,,,
MLI,M3,CZ04,cDXGF,191798328303.03,0.0,590120527393.93,191798328303.03,0.0,590120527393.93,,,,
MLI,M3,CZ05,cDXGF,127426522909.04,0.0,401402357468.31,127426522909.04,0.0,401402357468.31,,,,
MLI,M3,CZ06,cDXGF,38090780535.64,0.0,556914650619.36,38090780535.64,0.0,556914650619.36,,,,
MLI,M3,CZ07,cDXGF,32118227943.49,0.0,565241645737.86,32118227943.49,0.0,565241645737.86,,,,
MLI,M3,CZ08,cDXGF,50263221829.44,0.0,689207478963.72,50263221829.44,0.0,689207478963.72,,,,
MLI,M3,CZ09,cDXGF,72627404548.66,0.0,692446638865.12,72627404548.66,0.0,692446638865.12,,,,
MLI,M3,CZ10,cDXGF,61745607584.61,0.0,713917953032.7,61745607584.61,0.0,713917953032.7,,,,
MLI,M3,CZ11,cDXGF,241378997857.24,0.0,702012554235.27,241378997857.24,0.0,702012554235.27,,,,
MLI,M3,CZ12,cDXGF,228846540409.02,0.0,601671855620.47,228846540409.02,0.0,601671855620.47,,,,
MLI,M3,CZ13,cDXGF,192800122253.07,0.0,778415252885.67,192800122253.07,0.0,778415252885.67,,,,
MLI,M3,CZ14,cDXGF,195248541378.64,0.0,717187888918.36,195248541378.64,0.0,717187888918.36,,,,
MLI,M3,CZ15,cDXGF,29224413023.66,0.0,1130562113164.31,29224413023.66,0.0,1130562113164.31,,,,
MLI,M3,CZ16,cDXGF,445564562697.71,0.0,425009063381.37,445564562697.71,0.0,425009063381.37,,,,
MLI,M3,CZ01,cDXHP,0.0,92375177392.6,248053445057.34,0.0,92375177392.6,248053445057.34,,,,
MLI,M3,CZ02,cDXHP,0.0,60829265933.02,455308880522.06,0.0,60829265933.02,455308880522.06,,,,
MLI,M3,CZ03,cDXHP,0.0,37632076937.04,398781156452.48,0.0,37632076937.04,398781156452.48,,,,
MLI,M3,CZ04,cDXHP,0.0,49929466512.25,587877808775.04,0.0,49929466512.25,587877808775.04,,,,
MLI,M3,CZ05,cDXHP,0.0,31274802873.44,398604395732.89,0.0,31274802873.44,398604395732.89,,,,
MLI,M3,CZ06,cDXHP,0.0,8904877116.05,552708628199.46,0.0,8904877116.05,552708628199.46,,,,
MLI,M3,CZ07,cDXHP,0.0,7465265612.78,562173044951.05,0.0,7465265612.78,562173044951.05,,,,
MLI,M3,CZ08,cDXHP,0.0,11949866154.82,684664752373.94,0.0,11949866154.82,684664752373.94,,,,
MLI,M3,CZ09,cDXHP,0.0,17497587202.1,687814194066.7,0.0,17497587202.1,687814194066.7,,,,
MLI,M3,CZ10,cDXHP,0.0,15178453379.03,709508635539.99,0.0,15178453379.03,709508635539.99,,,,
MLI,M3,CZ11,cDXHP,0.0,61131832719.18,699583840333.51,0.0,61131832719.18,699583840333.51,,,,
MLI,M3,CZ12,cDXHP,0.0,57535964473.42,599149670816.62,0.0,57535964473.42,599149670816.62,,,,
MLI,M3,CZ13,cDXHP,0.0,47965774471.93,775578366646.74,0.0,47965774471.93,775578366646.74,,,,
MLI,M3,CZ14,cDXHP,0.0,52670778196.97,712765005522.51,0.0,52670778196.97,712765005522.51,,,,
MLI,M3,CZ15,cDXHP,0.0,7216837664.89,1127587779532.54,0.0,7216837664.89,1127587779532.54,,,,
MLI,M3,CZ16,cDXHP,0.0,123060738141.47,421193963580.43,0.0,123060738141.47,421193963580.43,,,,
MLI,M3,CZ01,cPTAC,0.0,0.0,240959038665.41,0.0,0.0,240959038665.41,,,,
MLI,M3,CZ02,cPTAC,0.0,0.0,452064443966.86,0.0,0.0,452064443966.86,,,,
MLI,M3,CZ03,cPTAC,0.0,0.0,397185038475.67,0.0,0.0,397185038475.67,,,,
MLI,M3,CZ04,cPTAC,0.0,0.0,585187407869.79,0.0,0.0,585187407869.79,,,,
MLI,M3,CZ05,cPTAC,0.0,0.0,398042762860.93,0.0,0.0,398042762860.93,,,,
MLI,M3,CZ06,cPTAC,0.0,0.0,555868249383.07,0.0,0.0,555868249383.07,,,,
MLI,M3,CZ07,cPTAC,0.0,0.0,564291735758.64,0.0,0.0,564291735758.64,,,,
MLI,M3,CZ08,cPTAC,0.0,0.0,687746162151.61,0.0,0.0,687746162151.61,,,,
MLI,M3,CZ09,cPTAC,0.0,0.0,690400064791.06,0.0,0.0,690400064791.06,,,,
MLI,M3,CZ10,cPTAC,0.0,0.0,712179981219.04,0.0,0.0,712179981219.04,,,,
MLI,M3,CZ11,cPTAC,0.0,0.0,697315691922.61,0.0,0.0,697315691922.61,,,,
MLI,M3,CZ12,cPTAC,0.0,0.0,596463542954.76,0.0,0.0,596463542954.76,,,,
MLI,M3,CZ13,cPTAC,0.0,0.0,774430160434.93,0.0,0.0,774430160434.93,,,,
MLI,M3,CZ14,cPTAC,0.0,0.0,712593670418.08,0.0,0.0,712593670418.08,,,,
MLI,M3,CZ15,cPTAC,0.0,0.0,1129726733813.16,0.0,0.0,1129726733813.16,,,,
MLI,M3,CZ16,cPTAC,0.0,0.0,416420027878.66,0.0,0.0,416420027878.66,,,,
MLI,M3,CZ01,cPVVG,0.0,0.0,0.0,374543960851.71,0.0,245889409320.0,,,,
MLI,M3,CZ02,cPVVG,0.0,0.0,0.0,241260721759.98,0.0,449468247370.39,,,,
MLI,M3,CZ03,cPVVG,0.0,0.0,0.0,157221770538.11,0.0,393569804746.03,,,,
MLI,M3,CZ04,cPVVG,0.0,0.0,0.0,193564298478.39,0.0,579254645192.57,,,,
MLI,M3,CZ05,cPVVG,0.0,0.0,0.0,128631353177.33,0.0,394017994993.23,,,,
MLI,M3,CZ06,cPVVG,0.0,0.0,0.0,38956311726.37,0.0,548176546304.69,,,,
MLI,M3,CZ07,cPVVG,0.0,0.0,0.0,32515866719.39,0.0,556531676596.63,,,,
MLI,M3,CZ08,cPVVG,0.0,0.0,0.0,50999808082.58,0.0,677651998973.3,,,,
MLI,M3,CZ09,cPVVG,0.0,0.0,0.0,73302284522.88,0.0,680414080420.14,,,,
MLI,M3,CZ10,cPVVG,0.0,0.0,0.0,62782904068.36,0.0,701192230724.14,,,,
MLI,M3,CZ11,cPVVG,154186274.72,0.0,0.0,245181174940.7,0.0,689123182822.85,,,,
MLI,M3,CZ12,cPVVG,0.0,0.0,0.0,231267250326.65,0.0,590951755406.81,,,,
MLI,M3,CZ13,cPVVG,0.0,0.0,0.0,195855916558.63,0.0,765093916092.34,,,,
MLI,M3,CZ14,cPVVG,215182575.67,0.0,0.0,198143906621.23,0.0,701939878722.69,,,,
MLI,M3,CZ15,cPVVG,0.0,0.0,0.0,30189047541.62,0.0,1117996065360.88,,,,
MLI,M3,CZ16,cPVVG,2294953086.27,0.0,0.0,451934403633.81,0.0,415494749198.74,,,,
MLI,M4,CZ01,cDXGF,0.0,0.0,0.0,925368385758.03,0.0,102015047215.45,,,,
MLI,M4,CZ02,cDXGF,0.0,0.0,0.0,619407423112.84,0.0,406987999664.92,,,,
MLI,M4,CZ03,cDXGF,0.0,0.0,0.0,399090563392.62,0.0,292964947315.75,,,,
MLI,M4,CZ04,cDXGF,0.0,0.0,0.0,508263536072.5,0.0,620746107844.58,,,,
MLI,M4,CZ05,cDXGF,0.0,0.0,0.0,350040276656.38,0.0,312721655148.94,,,,
MLI,M4,CZ06,cDXGF,0.0,0.0,0.0,94757264758.66,0.0,534403908582.32,,,,
MLI,M4,CZ07,cDXGF,0.0,0.0,0.0,77312652933.19,0.0,550759704262.43,,,,
MLI,M4,CZ08,cDXGF,0.0,0.0,0.0,127657515601.87,0.0,755650046683.92,,,,
MLI,M4,CZ09,cDXGF,0.0,0.0,0.0,170066429500.76,0.0,757719975974.39,,,,
MLI,M4,CZ10,cDXGF,0.0,0.0,0.0,162774858920.73,0.0,817283026178.81,,,,
MLI,M4,CZ11,cDXGF,268886577.25,0.0,0.0,556791700997.78,0.0,826376999462.05,,,,
MLI,M4,CZ12,cDXGF,0.0,0.0,0.0,556732929906.71,0.0,629526969217.8,,,,
MLI,M4,CZ13,cDXGF,0.0,0.0,0.0,451836030934.99,0.0,902232335238.89,,,,
MLI,M4,CZ14,cDXGF,423764952.67,0.0,0.0,463537261680.95,0.0,870831573212.84,,,,
MLI,M4,CZ15,cDXGF,0.0,0.0,0.0,68104504554.4,0.0,1518246200797.37,,,,
MLI,M4,CZ16,cDXGF,4076636069.75,0.0,0.0,891136572368.95,0.0,414990897768.78,,,,
MLI,M4,CZ01,cDXHP,0.0,0.0,0.0,0.0,232307406031.33,102213677496.15,,,,
MLI,M4,CZ02,cDXHP,0.0,0.0,0.0,0.0,160440308444.68,410863183241.44,,,,
MLI,M4,CZ03,cDXHP,0.0,0.0,0.0,0.0,97640410316.75,294148859411.01,,,,
MLI,M4,CZ04,cDXHP,0.0,0.0,0.0,0.0,135692601832.18,631463392800.71,,,,
MLI,M4,CZ05,cDXHP,0.0,0.0,0.0,0.0,87789032294.7,314766504127.96,,,,
MLI,M4,CZ06,cDXHP,0.0,0.0,0.0,0.0,22346761425.65,526900742378.57,,,,
MLI,M4,CZ07,cDXHP,0.0,0.0,0.0,0.0,18195890844.29,545330003034.36,,,,
MLI,M4,CZ08,cDXHP,0.0,0.0,0.0,0.0,30976915663.52,751027618391.68,,,,
MLI,M4,CZ09,cDXHP,0.0,0.0,0.0,0.0,41930919276.26,758039654007.74,,,,
MLI,M4,CZ10,cDXHP,0.0,0.0,0.0,0.0,40453091494.23,818998269921.16,,,,
MLI,M4,CZ11,cDXHP,0.0,82686618.84,0.0,0.0,143443218312.79,840884649987.88,,,,
MLI,M4,CZ12,cDXHP,0.0,0.0,0.0,0.0,142331684321.12,636026420258.54,,,,
MLI,M4,CZ13,cDXHP,0.0,0.0,0.0,0.0,114760023724.25,914984041785.01,,,,
MLI,M4,CZ14,cDXHP,0.0,150687097.44,0.0,0.0,128458048640.34,882939608730.34,,,,
MLI,M4,CZ15,cDXHP,0.0,0.0,0.0,0.0,16890365415.3,1531380172577.05,,,,
MLI,M4,CZ16,cDXHP,0.0,1441094277.15,0.0,0.0,259177575149.08,417162695746.71,,,,
MLI,M4,CZ01,cPTAC,0.0,0.0,0.0,0.0,0.0,89733729182.04,,,,
MLI,M4,CZ02,cPTAC,0.0,0.0,0.0,0.0,0.0,391078177593.34,,,,
MLI,M4,CZ03,cPTAC,0.0,0.0,0.0,0.0,0.0,283444431027.33,,,,
MLI,M4,CZ04,cPTAC,0.0,0.0,0.0,0.0,0.0,604197113278.1,,,,
MLI,M4,CZ05,cPTAC,0.0,0.0,0.0,0.0,0.0,298191049251.41,,,,
MLI,M4,CZ06,cPTAC,0.0,0.0,0.0,0.0,0.0,530081782051.06,,,,
MLI,M4,CZ07,cPTAC,0.0,0.0,0.0,0.0,0.0,546855958686.85,,,,
MLI,M4,CZ08,cPTAC,0.0,0.0,0.0,0.0,0.0,748737735343.59,,,,
MLI,M4,CZ09,cPTAC,0.0,0.0,0.0,0.0,0.0,749405925147.49,,,,
MLI,M4,CZ10,cPTAC,0.0,0.0,0.0,0.0,0.0,809134480966.5,,,,
MLI,M4,CZ11,cPTAC,0.0,0.0,0.0,0.0,0.0,814567972577.07,,,,
MLI,M4,CZ12,cPTAC,0.0,0.0,0.0,0.0,0.0,619755075554.68,,,,
MLI,M4,CZ13,cPTAC,0.0,0.0,0.0,0.0,0.0,894774394670.15,,,,
MLI,M4,CZ14,cPTAC,0.0,0.0,0.0,0.0,0.0,856129960928.26,,,,
MLI,M4,CZ15,cPTAC,0.0,0.0,0.0,0.0,0.0,1514278948964.34,,,,
MLI,M4,CZ16,cPTAC,0.0,0.0,0.0,0.0,0.0,398838367037.42,,,,
MLI,M4,CZ01,cPVVG,0.0,0.0,0.0,1490123083779.85,0.0,49083656380.46,,,,
MLI,M4,CZ02,cPVVG,0.0,0.0,0.0,981269046118.69,0.0,305102714879.1,,,,
MLI,M4,CZ03,cPVVG,0.0,0.0,0.0,703684110472.45,0.0,189572746260.12,,,,
MLI,M4,CZ04,cPVVG,0.0,0.0,0.0,821663066510.5,0.0,502980125731.14,,,,
MLI,M4,CZ05,cPVVG,0.0,0.0,0.0,662999758812.8,0.0,205446239656.24,,,,
MLI,M4,CZ06,cPVVG,0.0,0.0,0.0,217585097180.35,0.0,392512683906.09,,,,
MLI,M4,CZ07,cPVVG,0.0,0.0,0.0,193874723786.97,0.0,403840040054.34,,,,
MLI,M4,CZ08,cPVVG,0.0,0.0,0.0,268115073264.43,0.0,611670218802.86,,,,
MLI,M4,CZ09,cPVVG,0.0,0.0,0.0,331527753202.89,0.0,613501771779.95,,,,
MLI,M4,CZ10,cPVVG,0.0,0.0,0.0,327954259436.85,0.0,673915438996.61,,,,
MLI,M4,CZ11,cPVVG,374234282.64,0.0,0.0,871577131042.58,0.0,709197879512.55,,,,
MLI,M4,CZ12,cPVVG,0.0,0.0,0.0,872376923693.99,0.0,513318733484.96,,,,
MLI,M4,CZ13,cPVVG,0.0,0.0,0.0,733388656206.24,0.0,777666030514.04,,,,
MLI,M4,CZ14,cPVVG,566724275.66,0.0,0.0,760313360367.93,0.0,731125150246.7,,,,
MLI,M4,CZ15,cPVVG,0.0,0.0,0.0,153052614814.77,0.0,1363516492633.84,,,,
MLI,M4,CZ16,cPVVG,6052008692.15,0.0,0.0,1404666554891.14,0.0,292703040976.73,,,,
MLI,M5,CZ01,cDXGF,437185019363.98,0.0,207117843475.53,437185019363.98,0.0,207117843475.53,,,,
MLI,M5,CZ02,cDXGF,282965287873.89,0.0,434978199461.45,282965287873.89,0.0,434978199461.45,,,,
MLI,M5,CZ03,cDXGF,181605489054.76,0.0,364192548471.68,181605489054.76,0.0,364192548471.68,,,,
MLI,M5,CZ04,cDXGF,226914792668.44,0.0,580321265040.41,226914792668.44,0.0,581283082133.82,,,,
MLI,M5,CZ05,cDXGF,148737449953.12,0.0,368137919517.72,148737449953.12,0.0,368137919517.72,,,,
MLI,M5,CZ06,cDXGF,44133445268.37,0.0,550573053358.43,44133445268.37,0.0,550573053358.43,,,,
MLI,M5,CZ07,cDXGF,36635715939.86,0.0,556908449176.26,36635715939.86,0.0,556908449176.26,,,,
MLI,M5,CZ08,cDXGF,58654998563.45,0.0,707271306637.17,58654998563.45,0.0,707271306637.17,,,,
MLI,M5,CZ09,cDXGF,84015997704.84,0.0,697857437910.41,84015997704.84,0.0,699667004121.75,,,,
MLI,M5,CZ10,cDXGF,72309150013.29,0.0,735721410903.13,72309150013.29,0.0,737730987234.11,,,,
MLI,M5,CZ11,cDXGF,284078981994.53,0.0,725281897620.05,284078981994.53,0.0,727371187621.7,,,,
MLI,M5,CZ12,cDXGF,268631763884.71,0.0,600863763536.47,268631763884.71,0.0,600863763536.47,,,,
MLI,M5,CZ13,cDXGF,224826867641.94,0.0,802605447946.85,224826867641.94,0.0,802605447946.85,,,,
MLI,M5,CZ14,cDXGF,232423392311.75,0.0,727067921755.17,232423392311.75,0.0,727067921755.17,,,,
MLI,M5,CZ15,cDXGF,34344671343.99,0.0,1218033665993.08,34344671343.99,0.0,1248674812939.39,,,,
MLI,M5,CZ16,cDXGF,526332965648.53,0.0,379203923213.88,526332965648.53,0.0,379203923213.88,,,,
MLI,M5,CZ01,cDXHP,0.0,110982399787.43,217016597395.65,0.0,111222289303.22,217016597395.65,,,,
MLI,M5,CZ02,cDXHP,0.0,74854037000.37,443990723834.11,0.0,75160444145.33,443990723834.11,,,,
MLI,M5,CZ03,cDXHP,0.0,44026391321.28,374582197363.89,0.0,44026391321.28,374582197363.89,,,,
MLI,M5,CZ04,cDXHP,0.0,62632456714.76,582540898796.4,0.0,62697371328.93,582540898796.4,,,,
MLI,M5,CZ05,cDXHP,0.0,37157776724.09,377629858273.0,0.0,37157776724.09,377629858273.0,,,,
MLI,M5,CZ06,cDXHP,0.0,10218686986.54,551754750017.68,0.0,10218686986.54,551754750017.68,,,,
MLI,M5,CZ07,cDXHP,0.0,8434131004.65,559418021397.8,0.0,8434131004.65,559418021397.8,,,,
MLI,M5,CZ08,cDXHP,0.0,13847988855.5,705099035027.77,0.0,13847988855.5,705099035027.77,,,,
MLI,M5,CZ09,cDXHP,0.0,20495378153.4,696014185678.64,0.0,20495378153.4,696014185678.64,,,,
MLI,M5,CZ10,cDXHP,0.0,17846510287.7,731103752809.71,0.0,17846510287.7,731103752809.71,,,,
MLI,M5,CZ11,cDXHP,0.0,73775021689.56,719204888619.24,0.0,74251594663.28,719204888619.24,,,,
MLI,M5,CZ12,cDXHP,0.0,69379551635.6,605598635104.16,0.0,69557701066.91,605598635104.16,,,,
MLI,M5,CZ13,cDXHP,0.0,57232867876.99,797832597506.11,0.0,57232867876.99,797832597506.11,,,,
MLI,M5,CZ14,cDXHP,0.0,66836018497.87,714678816395.04,0.0,67379962927.53,714678816395.04,,,,
MLI,M5,CZ15,cDXHP,0.0,8363821435.51,1221894796452.18,0.0,8363821435.51,1224845293622.53,,,,
MLI,M5,CZ16,cDXHP,0.0,156692612811.23,378111226762.14,0.0,158521381333.43,378111226762.14,,,,
MLI,M5,CZ01,cPTAC,0.0,0.0,169309717868.36,0.0,0.0,169309717868.36,,,,
MLI,M5,CZ02,cPTAC,0.0,0.0,402472937228.32,0.0,0.0,402472937228.32,,,,
MLI,M5,CZ03,cPTAC,0.0,0.0,341310546095.11,0.0,0.0,341310546095.11,,,,
MLI,M5,CZ04,cPTAC,0.0,0.0,548052793723.32,0.0,0.0,549014610684.09,,,,
MLI,M5,CZ05,cPTAC,0.0,0.0,343740016511.55,0.0,0.0,343740016511.55,,,,
MLI,M5,CZ06,cPTAC,0.0,0.0,543748323443.24,0.0,0.0,543748323443.24,,,,
MLI,M5,CZ07,cPTAC,0.0,0.0,550345034689.45,0.0,0.0,550345034689.45,,,,
MLI,M5,CZ08,cPTAC,0.0,0.0,696422729498.59,0.0,0.0,696422729498.59,,,,
MLI,M5,CZ09,cPTAC,0.0,0.0,684598862314.55,0.0,0.0,686408428525.89,,,,
MLI,M5,CZ10,cPTAC,0.0,0.0,723145848905.55,0.0,0.0,725155425236.53,,,,
MLI,M5,CZ11,cPTAC,0.0,0.0,702120429579.71,0.0,0.0,704209719581.36,,,,
MLI,M5,CZ12,cPTAC,0.0,0.0,576276269002.76,0.0,0.0,576276269002.76,,,,
MLI,M5,CZ13,cPTAC,0.0,0.0,781762659174.42,0.0,0.0,781762659174.42,,,,
MLI,M5,CZ14,cPTAC,0.0,0.0,701272949777.98,0.0,0.0,701272949777.98,,,,
MLI,M5,CZ15,cPTAC,0.0,0.0,1212539595100.64,0.0,0.0,1243180742046.95,,,,
MLI,M5,CZ16,cPTAC,0.0,0.0,347219823455.19,0.0,0.0,347219823455.19,,,,
MLI,M5,CZ01,cPVVG,0.0,0.0,0.0,439325026383.27,0.0,203512957523.6,,,,
MLI,M5,CZ02,cPVVG,0.0,0.0,0.0,284784094717.92,0.0,426624706580.62,,,,
MLI,M5,CZ03,cPVVG,0.0,0.0,0.0,182724084385.25,0.0,357255216814.37,,,,
MLI,M5,CZ04,cPVVG,0.0,0.0,0.0,228512580394.63,0.0,570141441950.66,,,,
MLI,M5,CZ05,cPVVG,0.0,0.0,0.0,149831696054.35,0.0,361188558989.47,,,,
MLI,M5,CZ06,cPVVG,0.0,0.0,0.0,44647569243.49,0.0,541519702314.43,,,,
MLI,M5,CZ07,cPVVG,0.0,0.0,0.0,37356341069.79,0.0,547904530603.04,,,,
MLI,M5,CZ08,cPVVG,0.0,0.0,0.0,58685447506.42,0.0,694594674251.19,,,,
MLI,M5,CZ09,cPVVG,0.0,0.0,0.0,85129395359.64,0.0,686710822767.51,,,,
MLI,M5,CZ10,cPVVG,0.0,0.0,0.0,73233344935.33,0.0,723510876142.3,,,,
MLI,M5,CZ11,cPVVG,178496746.7,0.0,0.0,287463170474.74,0.0,713018975157.39,,,,
MLI,M5,CZ12,cPVVG,0.0,0.0,0.0,271288712943.94,0.0,589767894255.13,,,,
MLI,M5,CZ13,cPVVG,0.0,0.0,0.0,227808222161.07,0.0,788087424293.59,,,,
MLI,M5,CZ14,cPVVG,252115770.4,0.0,0.0,235014788580.57,0.0,710331641628.55,,,,
MLI,M5,CZ15,cPVVG,0.0,0.0,0.0,34952598899.69,0.0,1235512504295.76,,,,
MLI,M5,CZ16,cPVVG,2663502751.0,0.0,0.0,532480565437.31,0.0,370627404305.46,,,,
OfS,M1,CZ01,cDXGF,1088251519.76,0.0,44555490.62,48967543381.17,0.0,3284368876.69,,,,
OfS,M1,CZ02,cDXGF,927005401.92,0.0,2025064257.75,28841473438.53,0.0,54042061708.83,,,,
OfS,M1,CZ03,cDXGF,329574955.82,0.0,653551349.37,17546208100.33,0.0,25869046428.13,,,,
OfS,M1,CZ04,cDXGF,724052044.55,0.0,4181428550.17,21413979682.22,0.0,86703155820.11,,,,
OfS,M1,CZ05,cDXGF,250687516.79,0.0,669254826.28,14194214425.08,0.0,34147034008.42,,,,
OfS,M1,CZ06,cDXGF,0.0,0.0,1571836552.47,2603428525.77,0.0,65791477059.04,,,,
OfS,M1,CZ07,cDXGF,0.0,0.0,1592378516.08,1564448608.96,0.0,71642508680.32,,,,
OfS,M1,CZ08,cDXGF,734366.6,0.0,3502642238.97,3426668721.46,0.0,107078358740.59,,,,
OfS,M1,CZ09,cDXGF,26468623.89,0.0,4148441882.36,5146279691.57,0.0,110061647280.99,,,,
OfS,M1,CZ10,cDXGF,33475482.72,0.0,3618507030.51,4594508934.87,0.0,109726806164.86,,,,
OfS,M1,CZ11,cDXGF,1706697834.73,0.0,7144122592.92,27985324338.87,0.0,120765482179.11,,,,
OfS,M1,CZ12,cDXGF,773492760.4,0.0,3829246175.17,25695275360.28,0.0,83731513504.92,,,,
OfS,M1,CZ13,cDXGF,333838205.4,0.0,7570302260.65,19865354962.34,0.0,126300550796.27,,,,
OfS,M1,CZ14,cDXGF,627903183.53,0.0,6177772550.39,18296452628.24,0.0,121002922641.62,,,,
OfS,M1,CZ15,cDXGF,33728925.17,0.0,13109605623.45,1473813999.76,0.0,214125299570.78,,,,
OfS,M1,CZ16,cDXGF,4100718352.87,0.0,1512580746.69,53355469447.45,0.0,46391430628.96,,,,
OfS,M1,CZ01,cDXHP,0.0,292619593.06,44979853.75,0.0,12318551423.51,3298222740.03,,,,
OfS,M1,CZ02,cDXHP,0.0,249100545.3,2037859924.43,0.0,7545564703.79,54601259882.34,,,,
OfS,M1,CZ03,cDXHP,0.0,81149822.06,658781176.82,0.0,4285436457.9,26306173370.4,,,,
OfS,M1,CZ04,cDXHP,0.0,193563471.34,4195768877.56,0.0,5778951421.9,87585527899.39,,,,
OfS,M1,CZ05,cDXHP,0.0,63592152.11,675963043.96,0.0,3564396635.93,34655697324.49,,,,
OfS,M1,CZ06,cDXHP,0.0,0.0,1574443761.47,0.0,623311264.79,66422848554.56,,,,
OfS,M1,CZ07,cDXHP,0.0,0.0,1594132405.18,0.0,375306588.23,72125353592.13,,,,
OfS,M1,CZ08,cDXHP,0.0,191181.65,3507470428.89,0.0,843683748.66,107675298918.26,,,,
OfS,M1,CZ09,cDXHP,0.0,7192616.53,4153759970.57,0.0,1287828555.79,110575658023.82,,,,
OfS,M1,CZ10,cDXHP,0.0,9023356.07,3621946104.59,0.0,1167618537.59,110090105557.16,,,,
OfS,M1,CZ11,cDXHP,0.0,471020556.38,7161834819.7,0.0,7363749871.28,121481665061.74,,,,
OfS,M1,CZ12,cDXHP,0.0,204922530.12,3846455096.94,0.0,6693006505.68,84537287203.02,,,,
OfS,M1,CZ13,cDXHP,0.0,87206737.74,7586705362.05,0.0,5152556439.95,126944431949.96,,,,
OfS,M1,CZ14,cDXHP,0.0,197480111.95,6185768715.9,0.0,5262850710.21,121623328275.87,,,,
OfS,M1,CZ15,cDXHP,0.0,9293142.05,13110409712.89,0.0,378542803.32,214137215630.12,,,,
OfS,M1,CZ16,cDXHP,0.0,1322063029.51,1512825979.82,0.0,16095102295.57,46785528451.32,,,,
OfS,M1,CZ01,cPTAC,0.0,0.0,44284944.69,0.0,0.0,5922126227.67,,,,
OfS,M1,CZ02,cPTAC,0.0,0.0,2024476230.57,0.0,0.0,56531102291.12,,,,
OfS,M1,CZ03,cPTAC,0.0,0.0,653653623.14,0.0,0.0,29437654607.87,,,,
OfS,M1,CZ04,cPTAC,0.0,0.0,4180219338.2,0.0,0.0,88939291121.3,,,,
OfS,M1,CZ05,cPTAC,0.0,0.0,668951659.55,0.0,0.0,37585377545.4,,,,
OfS,M1,CZ06,cPTAC,0.0,0.0,1571191787.11,0.0,0.0,69299521316.61,,,,
OfS,M1,CZ07,cPTAC,0.0,0.0,1592416353.74,0.0,0.0,74819863883.77,,,,
OfS,M1,CZ08,cPTAC,0.0,0.0,3503409660.36,0.0,0.0,109476141707.72,,,,
OfS,M1,CZ09,cPTAC,0.0,0.0,4147770567.42,0.0,0.0,112595309775.22,,,,
OfS,M1,CZ10,cPTAC,0.0,0.0,3617719594.05,0.0,0.0,111774587460.19,,,,
OfS,M1,CZ11,cPTAC,0.0,0.0,7144156393.86,0.0,0.0,122089234555.53,,,,
OfS,M1,CZ12,cPTAC,0.0,0.0,3829047274.71,0.0,0.0,85804836205.0,,,,
OfS,M1,CZ13,cPTAC,0.0,0.0,7569934436.47,0.0,0.0,127885650902.05,,,,
OfS,M1,CZ14,cPTAC,0.0,0.0,6176478909.0,0.0,0.0,122351007087.39,,,,
OfS,M1,CZ15,cPTAC,0.0,0.0,13109606009.43,0.0,0.0,215476299306.86,,,,
OfS,M1,CZ16,cPTAC,0.0,0.0,1506140737.61,0.0,0.0,47706436190.86,,,,
OfS,M1,CZ01,cPVVG,2159096135.11,0.0,48016358.93,80810511698.21,0.0,4744821374.83,,,,
OfS,M1,CZ02,cPVVG,2170277595.2,0.0,1688165677.8,53975776673.51,0.0,51674869549.45,,,,
OfS,M1,CZ03,cPVVG,851078779.38,0.0,585444175.64,33296670284.87,0.0,27399401416.3,,,,
OfS,M1,CZ04,cPVVG,1592407336.8,0.0,3496695982.37,42466814350.04,0.0,82697938412.2,,,,
OfS,M1,CZ05,cPVVG,674150233.74,0.0,615296024.96,27626977161.13,0.0,34482327444.78,,,,
OfS,M1,CZ06,cPVVG,0.0,0.0,1312715158.14,7136535025.36,0.0,64965101160.7,,,,
OfS,M1,CZ07,cPVVG,0.0,0.0,1254397902.28,4853845423.33,0.0,68483605681.49,,,,
OfS,M1,CZ08,cPVVG,2641896.09,0.0,2813565622.02,9304928915.48,0.0,101214501087.33,,,,
OfS,M1,CZ09,cPVVG,61623351.46,0.0,3318068433.49,12927636506.49,0.0,103719928010.32,,,,
OfS,M1,CZ10,cPVVG,73152903.64,0.0,2890896948.43,12003027484.97,0.0,103016742992.46,,,,
OfS,M1,CZ11,cPVVG,3589730769.65,0.0,5929865089.03,55263990857.87,0.0,113838687605.6,,,,
OfS,M1,CZ12,cPVVG,1918572319.29,0.0,3225975331.69,50045527567.37,0.0,80147335501.38,,,,
OfS,M1,CZ13,cPVVG,1108905039.74,0.0,6222019762.21,41461304022.18,0.0,119188735652.48,,,,
OfS,M1,CZ14,cPVVG,1420670090.21,0.0,5031499485.02,37621116323.37,0.0,114002695515.15,,,,
OfS,M1,CZ15,cPVVG,74865883.85,0.0,10621563723.0,4843473906.18,0.0,200537643959.36,,,,
OfS,M1,CZ16,cPVVG,8982688539.6,0.0,1223497797.84,94652449076.17,0.0,43992696388.66,,,,
OfS,M2,CZ01,cDXGF,174892306.5,0.0,1049548172.46,12629259786.71,0.0,71610349584.68,,,,
OfS,M2,CZ02,cDXGF,182727999.8,0.0,3685212349.78,7059624556.64,0.0,120706407340.75,,,,
OfS,M2,CZ03,cDXGF,92423095.54,0.0,3039523352.6,4306058608.34,0.0,114752233087.78,,,,
OfS,M2,CZ04,cDXGF,173300947.15,0.0,5666964593.04,4901208077.96,0.0,147359700390.48,,,,
OfS,M2,CZ05,cDXGF,53935543.6,0.0,3286472598.73,3209649575.79,0.0,121335811492.01,,,,
OfS,M2,CZ06,cDXGF,0.0,0.0,4086951842.19,344513171.32,0.0,142233758862.99,,,,
OfS,M2,CZ07,cDXGF,0.0,0.0,3247925748.0,136442433.76,0.0,140948229928.5,,,,
OfS,M2,CZ08,cDXGF,28175.61,0.0,5579432834.2,418192202.8,0.0,165556233043.29,,,,
OfS,M2,CZ09,cDXGF,916467.15,0.0,6326300079.61,840378629.0,0.0,170857211083.77,,,,
OfS,M2,CZ10,cDXGF,978094.58,0.0,4902489931.77,583549000.05,0.0,158042153530.06,,,,
OfS,M2,CZ11,cDXGF,419682359.12,0.0,8359289661.14,7146527268.78,0.0,162660130845.62,,,,
OfS,M2,CZ12,cDXGF,123547202.13,0.0,5563084921.36,5664471496.69,0.0,140465994842.25,,,,
OfS,M2,CZ13,cDXGF,40497272.9,0.0,8654334585.08,4324269142.69,0.0,169674297412.33,,,,
OfS,M2,CZ14,cDXGF,68831286.22,0.0,7560923860.79,3345139900.75,0.0,166869748665.91,,,,
OfS,M2,CZ15,cDXGF,859130.87,0.0,13386620927.19,218708566.73,0.0,230806265188.72,,,,
OfS,M2,CZ16,cDXGF,683586793.52,0.0,4220779171.91,15605557267.18,0.0,118564064370.39,,,,
OfS,M2,CZ01,cDXHP,0.0,45539220.25,1055318901.72,0.0,3244155607.22,71677075754.16,,,,
OfS,M2,CZ02,cDXHP,0.0,47041712.65,3699218371.31,0.0,1860844850.23,120896509361.66,,,,
OfS,M2,CZ03,cDXHP,0.0,22250503.65,3054522354.66,0.0,1053745494.25,114955169791.55,,,,
OfS,M2,CZ04,cDXHP,0.0,44039211.29,5678507577.69,0.0,1304550979.78,147527301906.84,,,,
OfS,M2,CZ05,cDXHP,0.0,13191701.53,3303188976.83,0.0,803040524.63,121569120260.94,,,,
OfS,M2,CZ06,cDXHP,0.0,0.0,4093237720.9,0.0,82211474.73,142792538659.55,,,,
OfS,M2,CZ07,cDXHP,0.0,0.0,3255602497.82,0.0,32391901.97,141421568163.74,,,,
OfS,M2,CZ08,cDXHP,0.0,7381.81,5584944942.81,0.0,101238741.18,165851169355.42,,,,
OfS,M2,CZ09,cDXHP,0.0,251694.82,6331345959.72,0.0,209959413.7,170984197693.33,,,,
OfS,M2,CZ10,cDXHP,0.0,264241.53,4904782301.4,0.0,148269702.29,158131982141.29,,,,
OfS,M2,CZ11,cDXHP,0.0,112731352.99,8370602115.32,0.0,1894518535.38,162860251134.84,,,,
OfS,M2,CZ12,cDXHP,0.0,31385229.58,5576818226.29,0.0,1481657205.2,140710871369.25,,,,
OfS,M2,CZ13,cDXHP,0.0,10004085.95,8664824311.0,0.0,1109174945.34,169850878968.01,,,,
OfS,M2,CZ14,cDXHP,0.0,21062163.48,7566896301.01,0.0,994734885.22,166995522518.04,,,,
OfS,M2,CZ15,cDXHP,0.0,238658.81,13387133099.63,0.0,57565563.42,230813161860.54,,,,
OfS,M2,CZ16,cDXHP,0.0,215390532.78,4221165894.06,0.0,4813463193.49,118436312827.1,,,,
OfS,M2,CZ01,cPTAC,0.0,0.0,1045930905.51,0.0,0.0,70915363504.06,,,,
OfS,M2,CZ02,cPTAC,0.0,0.0,3678640197.79,0.0,0.0,120251075863.81,,,,
OfS,M2,CZ03,cPTAC,0.0,0.0,3036054675.7,0.0,0.0,114452861417.53,,,,
OfS,M2,CZ04,cPTAC,0.0,0.0,5663108228.09,0.0,0.0,147014849244.21,,,,
OfS,M2,CZ05,cPTAC,0.0,0.0,3281746380.47,0.0,0.0,121087316292.47,,,,
OfS,M2,CZ06,cPTAC,0.0,0.0,4086986322.05,0.0,0.0,142199715579.02,,,,
OfS,M2,CZ07,cPTAC,0.0,0.0,3247876083.33,0.0,0.0,140932779594.69,,,,
OfS,M2,CZ08,cPTAC,0.0,0.0,5579134029.23,0.0,0.0,165510315306.02,,,,
OfS,M2,CZ09,cPTAC,0.0,0.0,6324774914.29,0.0,0.0,170773777580.54,,,,
OfS,M2,CZ10,cPTAC,0.0,0.0,4902138220.2,0.0,0.0,157978711010.17,,,,
OfS,M2,CZ11,cPTAC,0.0,0.0,8351185824.97,0.0,0.0,162248922201.96,,,,
OfS,M2,CZ12,cPTAC,0.0,0.0,5559215767.6,0.0,0.0,140112942440.63,,,,
OfS,M2,CZ13,cPTAC,0.0,0.0,8651062595.26,0.0,0.0,169394276941.33,,,,
OfS,M2,CZ14,cPTAC,0.0,0.0,7557388574.66,0.0,0.0,166594191982.37,,,,
OfS,M2,CZ15,cPTAC,0.0,0.0,13386469492.85,0.0,0.0,230783440289.51,,,,
OfS,M2,CZ16,cPTAC,0.0,0.0,4208104239.78,0.0,0.0,117765151773.99,,,,
OfS,M2,CZ01,cPVVG,545488514.18,0.0,830073053.31,25649594191.72,0.0,56339034257.44,,,,
OfS,M2,CZ02,cPVVG,711407682.22,0.0,2990985637.48,16541782586.46,0.0,100625081822.44,,,,
OfS,M2,CZ03,cPVVG,357388838.18,0.0,2462484200.34,9758062464.17,0.0,94809099103.83,,,,
OfS,M2,CZ04,cPVVG,694388780.45,0.0,4600097495.3,12195698184.7,0.0,126171786813.72,,,,
OfS,M2,CZ05,cPVVG,287933354.85,0.0,2675595735.19,7117113539.13,0.0,100495509662.64,,,,
OfS,M2,CZ06,cPVVG,0.0,0.0,3360971675.15,1187163243.87,0.0,122677123983.55,,,,
OfS,M2,CZ07,cPVVG,0.0,0.0,2628801438.38,535721241.43,0.0,121236630137.68,,,,
OfS,M2,CZ08,cPVVG,154697.28,0.0,4482040116.57,1555411259.54,0.0,143930632341.38,,,,
OfS,M2,CZ09,cPVVG,8795619.35,0.0,5060411620.68,2800744489.23,0.0,147912532259.81,,,,
OfS,M2,CZ10,cPVVG,9927791.11,0.0,3856794473.37,1945712454.81,0.0,136792884714.87,,,,
OfS,M2,CZ11,cPVVG,1346007463.39,0.0,6676236175.18,18538335941.15,0.0,140605444828.19,,,,
OfS,M2,CZ12,cPVVG,587828742.72,0.0,4483988368.63,14891572726.82,0.0,120742743433.77,,,,
OfS,M2,CZ13,cPVVG,334206209.12,0.0,6883997741.57,12059248464.21,0.0,147824594318.32,,,,
OfS,M2,CZ14,cPVVG,322231984.1,0.0,5971051538.6,9590433325.53,0.0,144569389293.08,,,,
OfS,M2,CZ15,cPVVG,13075602.29,0.0,10442673254.15,694821367.09,0.0,205972008453.59,,,,
OfS,M2,CZ16,cPVVG,2810575814.76,0.0,3260302099.91,36781084242.83,0.0,96359692605.13,,,,
OfS,M3,CZ01,cDXGF,36477871577.22,0.0,51137604783.51,36477871577.22,0.0,51420503385.58,,,,
OfS,M3,CZ02,cDXGF,24952105378.86,0.0,93551953548.43,24952105378.86,0.0,93677182617.66,,,,
OfS,M3,CZ03,cDXGF,14914835724.4,0.0,87861652312.36,14914835724.4,0.0,87861652312.36,,,,
OfS,M3,CZ04,cDXGF,19114790896.12,0.0,117634100015.61,19114790896.12,0.0,119252955260.96,,,,
OfS,M3,CZ05,cDXGF,11162089528.39,0.0,92827052671.0,11162089528.39,0.0,92936745462.16,,,,
OfS,M3,CZ06,cDXGF,2567393892.79,0.0,109815099496.56,2567393892.79,0.0,115624861218.49,,,,
OfS,M3,CZ07,cDXGF,1406857635.36,0.0,109544833622.29,1406857635.36,0.0,113925484373.22,,,,
OfS,M3,CZ08,cDXGF,3417688866.36,0.0,132691534552.92,3417688866.36,0.0,136033314187.85,,,,
OfS,M3,CZ09,cDXGF,5434887086.66,0.0,138131792674.41,5434887086.66,0.0,139890437199.04,,,,
OfS,M3,CZ10,cDXGF,4018403357.68,0.0,129705567164.14,4018403357.68,0.0,129935735266.26,,,,
OfS,M3,CZ11,cDXGF,28609854483.49,0.0,133938124564.77,28609854483.49,0.0,134153186188.1,,,,
OfS,M3,CZ12,cDXGF,23358008818.56,0.0,113999654849.96,23358008818.56,0.0,114517811219.08,,,,
OfS,M3,CZ13,cDXGF,19629160945.44,0.0,140842283615.95,19629160945.44,0.0,141344844687.46,,,,
OfS,M3,CZ14,cDXGF,16076880439.96,0.0,136995979789.38,16076880439.96,0.0,137518780887.72,,,,
OfS,M3,CZ15,cDXGF,1589319420.23,0.0,199520345043.14,1589319420.23,0.0,199970341809.6,,,,
OfS,M3,CZ16,cDXGF,51360891023.44,0.0,87534236415.97,51360891023.44,0.0,88245292574.33,,,,
OfS,M3,CZ01,cDXHP,0.0,9126336716.98,51015622278.2,0.0,9126336716.98,51015622278.2,,,,
OfS,M3,CZ02,cDXHP,0.0,6372931633.81,93306001284.61,0.0,6372931633.81,93322095085.39,,,,
OfS,M3,CZ03,cDXHP,0.0,3629649289.07,87348370814.42,0.0,3629649289.07,87348370814.42,,,,
OfS,M3,CZ04,cDXHP,0.0,4967337912.8,117694860355.58,0.0,4967337912.8,118995337476.28,,,,
OfS,M3,CZ05,cDXHP,0.0,2768188699.06,92365875758.61,0.0,2768188699.06,92365875758.61,,,,
OfS,M3,CZ06,cDXHP,0.0,614389779.76,112613409931.6,0.0,614389779.76,115272199658.5,,,,
OfS,M3,CZ07,cDXHP,0.0,335832000.8,111399114737.3,0.0,335832000.8,113558572575.89,,,,
OfS,M3,CZ08,cDXHP,0.0,830838324.3,133659385610.41,0.0,830838324.3,135817213284.69,,,,
OfS,M3,CZ09,cDXHP,0.0,1341918994.28,138128330713.4,0.0,1341918994.28,139722418045.72,,,,
OfS,M3,CZ10,cDXHP,0.0,1003680967.58,129578824143.85,0.0,1003680967.58,129808992245.66,,,,
OfS,M3,CZ11,cDXHP,0.0,7313077445.85,133892220985.32,0.0,7313077445.85,134064806009.63,,,,
OfS,M3,CZ12,cDXHP,0.0,5939475647.58,113932302265.78,0.0,5939475647.58,114302239925.64,,,,
OfS,M3,CZ13,cDXHP,0.0,4964393575.32,140801189765.69,0.0,4964393575.32,141259621016.9,,,,
OfS,M3,CZ14,cDXHP,0.0,4421968285.63,136927409571.98,0.0,4421968285.63,137382405462.18,,,,
OfS,M3,CZ15,cDXHP,0.0,401387267.77,199507649697.76,0.0,401387267.77,199957646464.2,,,,
OfS,M3,CZ16,cDXHP,0.0,14650186808.86,87443225794.02,0.0,14660327934.91,88032061601.22,,,,
OfS,M3,CZ01,cPTAC,0.0,0.0,50507854658.03,0.0,0.0,50782850415.58,,,,
OfS,M3,CZ02,cPTAC,0.0,0.0,93050361668.35,0.0,0.0,93175590560.22,,,,
OfS,M3,CZ03,cPTAC,0.0,0.0,87492944843.99,0.0,0.0,87492944843.99,,,,
OfS,M3,CZ04,cPTAC,0.0,0.0,117237708546.35,0.0,0.0,118835445915.25,,,,
OfS,M3,CZ05,cPTAC,0.0,0.0,92474091026.62,0.0,0.0,92583782469.28,,,,
OfS,M3,CZ06,cPTAC,0.0,0.0,109736555025.29,0.0,0.0,115536149115.87,,,,
OfS,M3,CZ07,cPTAC,0.0,0.0,109479239042.91,0.0,0.0,113859861243.59,,,,
OfS,M3,CZ08,cPTAC,0.0,0.0,132573926026.42,0.0,0.0,135915670655.89,,,,
OfS,M3,CZ09,cPTAC,0.0,0.0,137976871932.24,0.0,0.0,139735496806.72,,,,
OfS,M3,CZ10,cPTAC,0.0,0.0,129567643383.88,0.0,0.0,129797811438.51,,,,
OfS,M3,CZ11,cPTAC,0.0,0.0,133518780297.21,0.0,0.0,133733841920.54,,,,
OfS,M3,CZ12,cPTAC,0.0,0.0,113633531733.54,0.0,0.0,114151687916.49,,,,
OfS,M3,CZ13,cPTAC,0.0,0.0,140564205460.9,0.0,0.0,141066766476.92,,,,
OfS,M3,CZ14,cPTAC,0.0,0.0,136635766199.43,0.0,0.0,137158566738.76,,,,
OfS,M3,CZ15,cPTAC,0.0,0.0,199458150183.72,0.0,0.0,199908146950.19,,,,
OfS,M3,CZ16,cPTAC,0.0,0.0,86737211088.76,0.0,0.0,87448219751.33,,,,
OfS,M3,CZ01,cPVVG,1068000707.87,0.0,702480465.07,37584366953.44,0.0,50823657291.52,,,,
OfS,M3,CZ02,cPVVG,1337829809.68,0.0,2591161788.93,25976211605.22,0.0,92697013992.11,,,,
OfS,M3,CZ03,cPVVG,650576570.68,0.0,2126754704.12,15523612078.08,0.0,86884059255.07,,,,
OfS,M3,CZ04,cPVVG,1122088377.09,0.0,3971478267.77,19925702118.75,0.0,118100097221.23,,,,
OfS,M3,CZ05,cPVVG,556816750.89,0.0,2317381484.05,11619894406.09,0.0,91909203882.73,,,,
OfS,M3,CZ06,cPVVG,0.0,0.0,2969325955.04,2677788564.32,0.0,114462074011.54,,,,
OfS,M3,CZ07,cPVVG,0.0,0.0,2286424716.45,1467715904.46,0.0,112758203135.82,,,,
OfS,M3,CZ08,cPVVG,1119691.02,0.0,3888633202.07,3564227201.27,0.0,134716674751.8,,,,
OfS,M3,CZ09,cPVVG,26248462.86,0.0,4364764679.96,5672530412.63,0.0,138509526928.78,,,,
OfS,M3,CZ10,cPVVG,28586208.11,0.0,3289838726.41,4192557547.1,0.0,128661750292.72,,,,
OfS,M3,CZ11,cPVVG,2295530142.7,0.0,5713227162.26,29824517229.26,0.0,132888555797.48,,,,
OfS,M3,CZ12,cPVVG,1152084312.43,0.0,3868350864.75,24325272429.82,0.0,113415745535.55,,,,
OfS,M3,CZ13,cPVVG,765428495.23,0.0,5870412837.43,20458489574.83,0.0,140026575168.2,,,,
OfS,M3,CZ14,cPVVG,686544913.06,0.0,5007545662.72,16805862448.76,0.0,136172170526.7,,,,
OfS,M3,CZ15,cPVVG,32648626.16,0.0,8797602642.53,1659155409.69,0.0,198228859545.99,,,,
OfS,M3,CZ16,cPVVG,5192569284.0,0.0,2689484208.62,53932853421.47,0.0,87211719934.2,,,,
OfS,M4,CZ01,cDXGF,1088058117.66,0.0,669405814.51,48962750036.19,0.0,46913976042.18,,,,
OfS,M4,CZ02,cDXGF,927071970.26,0.0,3236016655.81,28839754489.47,0.0,100418736213.91,,,,
OfS,M4,CZ03,cDXGF,329568443.28,0.0,2416567033.9,17544746025.64,0.0,91948221476.14,,,,
OfS,M4,CZ04,cDXGF,724042884.19,0.0,5374281173.44,21411783225.64,0.0,131973416835.93,,,,
OfS,M4,CZ05,cDXGF,250687401.1,0.0,2643754756.72,14193030682.95,0.0,97985585344.34,,,,
OfS,M4,CZ06,cDXGF,0.0,0.0,3337146642.17,2600854993.11,0.0,125918256879.45,,,,
OfS,M4,CZ07,cDXGF,0.0,0.0,2616373594.14,1563255574.43,0.0,124711133254.08,,,,
OfS,M4,CZ08,cDXGF,734192.44,0.0,4912697901.13,3426110262.16,0.0,153489704679.88,,,,
OfS,M4,CZ09,cDXGF,26467156.75,0.0,5673494723.34,5145880535.22,0.0,158561883536.64,,,,
OfS,M4,CZ10,cDXGF,33474903.32,0.0,4578635837.5,4593662389.47,0.0,148457512541.48,,,,
OfS,M4,CZ11,cDXGF,1706676779.13,0.0,8356566008.1,27983479315.24,0.0,155488223728.15,,,,
OfS,M4,CZ12,cDXGF,773488189.35,0.0,5221370072.91,25693907696.61,0.0,126212489913.54,,,,
OfS,M4,CZ13,cDXGF,333815881.19,0.0,8726460350.92,19863473017.7,0.0,162162779766.58,,,,
OfS,M4,CZ14,cDXGF,627887326.88,0.0,7449032542.41,18294516842.18,0.0,158889848216.46,,,,
OfS,M4,CZ15,cDXGF,33728815.31,0.0,14254540800.13,1473566511.68,0.0,241181814350.12,,,,
OfS,M4,CZ16,cDXGF,4100616625.53,0.0,3562446663.41,53352594591.98,0.0,98733622422.95,,,,
OfS,M4,CZ01,cDXHP,0.0,292579515.88,673328010.46,0.0,12317604359.03,46955043961.35,,,,
OfS,M4,CZ02,cDXHP,0.0,249124631.93,3253190988.71,0.0,7545112259.69,100726814381.57,,,,
OfS,M4,CZ03,cDXHP,0.0,81148204.53,2430090965.55,0.0,4285077831.51,92104690422.9,,,,
OfS,M4,CZ04,cDXHP,0.0,193560929.52,5390447847.97,0.0,5778396636.91,132481577794.5,,,,
OfS,M4,CZ05,cDXHP,0.0,63592130.34,2659197784.58,0.0,3564095382.72,98189238641.93,,,,
OfS,M4,CZ06,cDXHP,0.0,0.0,3340955918.02,0.0,623177042.86,126028684435.5,,,,
OfS,M4,CZ07,cDXHP,0.0,0.0,2618594879.2,0.0,375238413.77,124794375213.16,,,,
OfS,M4,CZ08,cDXHP,0.0,191140.68,4919005730.89,0.0,843574379.06,153675861085.89,,,,
OfS,M4,CZ09,cDXHP,0.0,7192239.33,5680089659.38,0.0,1287727492.41,158694200449.25,,,,
OfS,M4,CZ10,cDXHP,0.0,9023198.02,4582634414.48,0.0,1167410702.4,148549166489.47,,,,
OfS,M4,CZ11,cDXHP,0.0,471014497.98,8375650902.4,0.0,7363274218.65,155947409380.8,,,,
OfS,M4,CZ12,cDXHP,0.0,204921404.61,5241712477.94,0.0,6692655588.24,126626183436.09,,,,
OfS,M4,CZ13,cDXHP,0.0,87201182.95,8744203911.82,0.0,5152074380.42,162553110606.57,,,,
OfS,M4,CZ14,cDXHP,0.0,197475273.45,7457467648.5,0.0,5262306464.34,159203160525.76,,,,
OfS,M4,CZ15,cDXHP,0.0,9293112.34,14255399739.34,0.0,378480676.65,241195330187.58,,,,
OfS,M4,CZ16,cDXHP,0.0,1322037110.65,3562646960.58,0.0,16094387329.42,98633442336.6,,,,
OfS,M4,CZ01,cPTAC,0.0,0.0,657626962.06,0.0,0.0,45614140688.56,,,,
OfS,M4,CZ02,cPTAC,0.0,0.0,3221947463.87,0.0,0.0,99403668443.27,,,,
OfS,M4,CZ03,cPTAC,0.0,0.0,2407043621.49,0.0,0.0,91274163567.78,,,,
OfS,M4,CZ04,cPTAC,0.0,0.0,5361102076.29,0.0,0.0,131011205161.09,,,,
OfS,M4,CZ05,cPTAC,0.0,0.0,2632067881.71,0.0,0.0,97262069356.46,,,,
OfS,M4,CZ06,cPTAC,0.0,0.0,3335726224.86,0.0,0.0,125768481619.18,,,,
OfS,M4,CZ07,cPTAC,0.0,0.0,2615214999.97,0.0,0.0,124606803989.73,,,,
OfS,M4,CZ08,cPTAC,0.0,0.0,4910633156.07,0.0,0.0,153266112552.06,,,,
OfS,M4,CZ09,cPTAC,0.0,0.0,5670419652.26,0.0,0.0,158265795377.76,,,,
OfS,M4,CZ10,cPTAC,0.0,0.0,4576503886.93,0.0,0.0,148166318250.89,,,,
OfS,M4,CZ11,cPTAC,0.0,0.0,8344661633.07,0.0,0.0,154622798591.66,,,,
OfS,M4,CZ12,cPTAC,0.0,0.0,5213634608.69,0.0,0.0,125449213330.04,,,,
OfS,M4,CZ13,cPTAC,0.0,0.0,8720553023.96,0.0,0.0,161617586841.62,,,,
OfS,M4,CZ14,cPTAC,0.0,0.0,7437515537.94,0.0,0.0,158022718287.49,,,,
OfS,M4,CZ15,cPTAC,0.0,0.0,14253310147.01,0.0,0.0,241080835566.16,,,,
OfS,M4,CZ16,cPTAC,0.0,0.0,3537330469.55,0.0,0.0,97146247827.58,,,,
OfS,M4,CZ01,cPVVG,2159055155.32,0.0,451386560.19,80810450697.19,0.0,35402225829.47,,,,
OfS,M4,CZ02,cPVVG,2170265980.79,0.0,2517856399.01,53973894561.85,0.0,83575567733.08,,,,
OfS,M4,CZ03,cPVVG,851076399.45,0.0,1808132435.28,33295367624.91,0.0,74131223219.13,,,,
OfS,M4,CZ04,cPVVG,1592403009.05,0.0,4297817350.13,42464598715.92,0.0,114061660988.34,,,,
OfS,M4,CZ05,cPVVG,674150100.87,0.0,1997735651.38,27625610418.83,0.0,79309970682.72,,,,
OfS,M4,CZ06,cPVVG,0.0,0.0,2568016198.7,7128642901.72,0.0,106712538737.97,,,,
OfS,M4,CZ07,cPVVG,0.0,0.0,1957574639.84,4848980125.82,0.0,105213717496.45,,,,
OfS,M4,CZ08,cPVVG,2641681.1,0.0,3770508720.55,9304004074.54,0.0,132798157809.56,,,,
OfS,M4,CZ09,cPVVG,61622207.89,0.0,4368187772.71,12926912657.82,0.0,137054725046.35,,,,
OfS,M4,CZ10,cPVVG,73152086.53,0.0,3513098480.09,12002352431.72,0.0,128977941126.31,,,,
OfS,M4,CZ11,cPVVG,3589717955.36,0.0,6675745581.13,55262466935.43,0.0,137189921265.98,,,,
OfS,M4,CZ12,cPVVG,1918124691.34,0.0,4126548159.99,50043992560.64,0.0,109536551755.0,,,,
OfS,M4,CZ13,cPVVG,1108901215.21,0.0,6959891702.47,41460070516.71,0.0,143726719747.7,,,,
OfS,M4,CZ14,cPVVG,1420664371.27,0.0,5865246065.16,37619534341.17,0.0,140124887266.45,,,,
OfS,M4,CZ15,cPVVG,74865595.07,0.0,11360873311.62,4842985242.75,0.0,218625203014.54,,,,
OfS,M4,CZ16,cPVVG,8982587741.57,0.0,2579570007.32,94649329951.9,0.0,80211201163.34,,,,
OfS,M5,CZ01,cDXGF,41543120340.08,0.0,47712464406.62,41543120340.08,0.0,47859899237.75,,,,
OfS,M5,CZ02,cDXGF,27643605163.7,0.0,91628145181.55,27643605163.7,0.0,91964304265.27,,,,
OfS,M5,CZ03,cDXGF,16569001006.36,0.0,85037494892.93,16569001006.36,0.0,85066081390.17,,,,
OfS,M5,CZ04,cDXGF,21056955493.65,0.0,116019429108.77,21056955493.65,0.0,118101469466.9,,,,
OfS,M5,CZ05,cDXGF,12449036306.8,0.0,90025581350.87,12449036306.8,0.0,90191409903.49,,,,
OfS,M5,CZ06,cDXGF,2815735021.9,0.0,109871012556.22,2815735021.9,0.0,115343193770.65,,,,
OfS,M5,CZ07,cDXGF,1541765176.89,0.0,109201838586.51,1541765176.89,0.0,113452673106.78,,,,
OfS,M5,CZ08,cDXGF,3735514995.64,0.0,133490685507.94,3735514995.64,0.0,137317582808.61,,,,
OfS,M5,CZ09,cDXGF,5945345453.12,0.0,137657971122.45,5945345453.12,0.0,140207776788.07,,,,
OfS,M5,CZ10,cDXGF,4435749163.29,0.0,130637445772.48,4435749163.29,0.0,131554145967.14,,,,
OfS,M5,CZ11,cDXGF,31130247456.45,0.0,135034048007.77,31130247456.45,0.0,135757921782.39,,,,
OfS,M5,CZ12,cDXGF,25631084654.59,0.0,113502439984.59,25631084654.59,0.0,114433243895.85,,,,
OfS,M5,CZ13,cDXGF,21370016166.56,0.0,142004203089.53,21370016166.56,0.0,143024079122.15,,,,
OfS,M5,CZ14,cDXGF,17904748661.49,0.0,135984507328.99,17904748661.49,0.0,137371460130.63,,,,
OfS,M5,CZ15,cDXGF,1735603416.32,0.0,206186655300.46,1735603416.32,0.0,207570323434.25,,,,
OfS,M5,CZ16,cDXGF,57065796955.77,0.0,83507226301.89,57065796955.77,0.0,83968058504.25,,,,
OfS,M5,CZ01,cDXHP,0.0,10237923846.7,48192144818.42,0.0,10519159099.7,48192144818.42,,,,
OfS,M5,CZ02,cDXHP,0.0,7166037736.47,91817788858.35,0.0,7207099833.5,91937746047.3,,,,
OfS,M5,CZ03,cDXHP,0.0,4034034547.75,85024956067.14,0.0,4034034547.75,85024956067.14,,,,
OfS,M5,CZ04,cDXHP,0.0,5617529534.05,116185400646.06,0.0,5617529534.05,117855105293.46,,,,
OfS,M5,CZ05,cDXHP,0.0,3119919039.0,90090605613.49,0.0,3119919039.0,90090605613.49,,,,
OfS,M5,CZ06,cDXHP,0.0,669164835.72,112328715027.52,0.0,669164835.72,115153833402.87,,,,
OfS,M5,CZ07,cDXHP,0.0,365402572.03,111052307078.2,0.0,365402572.03,113255095590.22,,,,
OfS,M5,CZ08,cDXHP,0.0,906825119.45,134199295600.56,0.0,906825119.45,137126309742.22,,,,
OfS,M5,CZ09,cDXHP,0.0,1469773904.48,137695266327.07,0.0,1469773904.48,140045159064.54,,,,
OfS,M5,CZ10,cDXHP,0.0,1112165481.34,130448009416.96,0.0,1112165481.34,131364709605.72,,,,
OfS,M5,CZ11,cDXHP,0.0,8060542719.52,134958672947.04,0.0,8060542719.52,135541425560.79,,,,
OfS,M5,CZ12,cDXHP,0.0,6608333497.91,113664939080.99,0.0,6608333497.91,114347031029.22,,,,
OfS,M5,CZ13,cDXHP,0.0,5455698529.33,141985622749.56,0.0,5455698529.33,142870974112.4,,,,
OfS,M5,CZ14,cDXHP,0.0,5110395841.46,135902287685.87,0.0,5118013753.53,137097202840.78,,,,
OfS,M5,CZ15,cDXHP,0.0,437213856.23,206174677743.26,0.0,437213856.23,207545483515.9,,,,
OfS,M5,CZ16,cDXHP,0.0,16891494016.55,83403873820.94,0.0,17113319914.98,83792724373.14,,,,
OfS,M5,CZ01,cPTAC,0.0,0.0,46052221033.75,0.0,0.0,46182342534.37,,,,
OfS,M5,CZ02,cPTAC,0.0,0.0,90283453023.69,0.0,0.0,90619611028.43,,,,
OfS,M5,CZ03,cPTAC,0.0,0.0,84113376251.69,0.0,0.0,84141962750.08,,,,
OfS,M5,CZ04,cPTAC,0.0,0.0,114812267380.09,0.0,0.0,116853625372.27,,,,
OfS,M5,CZ05,cPTAC,0.0,0.0,89045382099.94,0.0,0.0,89211207520.52,,,,
OfS,M5,CZ06,cPTAC,0.0,0.0,109631127669.58,0.0,0.0,115095225457.03,,,,
OfS,M5,CZ07,cPTAC,0.0,0.0,109001873796.69,0.0,0.0,113252674344.72,,,,
OfS,M5,CZ08,cPTAC,0.0,0.0,133108610009.33,0.0,0.0,136935447761.3,,,,
OfS,M5,CZ09,cPTAC,0.0,0.0,137202542372.1,0.0,0.0,139752310304.17,,,,
OfS,M5,CZ10,cPTAC,0.0,0.0,130199822462.66,0.0,0.0,131116521671.05,,,,
OfS,M5,CZ11,cPTAC,0.0,0.0,134009501023.61,0.0,0.0,134733374798.23,,,,
OfS,M5,CZ12,cPTAC,0.0,0.0,112489867865.44,0.0,0.0,113420671134.19,,,,
OfS,M5,CZ13,cPTAC,0.0,0.0,141263193886.36,0.0,0.0,142283069857.38,,,,
OfS,M5,CZ14,cPTAC,0.0,0.0,134952081283.09,0.0,0.0,136339032440.98,,,,
OfS,M5,CZ15,cPTAC,0.0,0.0,206018729419.86,0.0,0.0,207402397553.65,,,,
OfS,M5,CZ16,cPTAC,0.0,0.0,81770516515.89,0.0,0.0,82231348380.46,,,,
OfS,M5,CZ01,cPVVG,1171725149.93,0.0,645641832.87,42637694490.93,0.0,47312307285.47,,,,
OfS,M5,CZ02,cPVVG,1426189325.5,0.0,2526805758.7,28629345424.65,0.0,91018053453.39,,,,
OfS,M5,CZ03,cPVVG,684092583.19,0.0,2024331581.23,17146844338.76,0.0,84130071042.79,,,,
OfS,M5,CZ04,cPVVG,1184537112.78,0.0,3964234270.92,21861749568.46,0.0,116981611851.9,,,,
OfS,M5,CZ05,cPVVG,583337032.93,0.0,2215325458.18,12877395528.07,0.0,89206046377.91,,,,
OfS,M5,CZ06,cPVVG,0.0,0.0,2853538467.4,2930338913.84,0.0,114182478050.31,,,,
OfS,M5,CZ07,cPVVG,0.0,0.0,2187014876.21,1604806047.32,0.0,112288459864.46,,,,
OfS,M5,CZ08,cPVVG,1193058.12,0.0,3816948357.66,3886913158.79,0.0,135997669461.35,,,,
OfS,M5,CZ09,cPVVG,28526869.34,0.0,4282417548.64,6192322983.21,0.0,138834673118.33,,,,
OfS,M5,CZ10,cPVVG,31261611.91,0.0,3258666640.59,4614091223.9,0.0,130276953627.18,,,,
OfS,M5,CZ11,cPVVG,2453623509.56,0.0,5801723445.21,32370401461.66,0.0,134500536059.73,,,,
OfS,M5,CZ12,cPVVG,1225986968.23,0.0,3845518033.5,26602098137.39,0.0,113351033809.26,,,,
OfS,M5,CZ13,cPVVG,804466497.43,0.0,5965590615.15,22221799347.55,0.0,141710677238.47,,,,
OfS,M5,CZ14,cPVVG,750933617.42,0.0,5052380907.38,18643751641.34,0.0,136046512935.0,,,,
OfS,M5,CZ15,cPVVG,35603892.05,0.0,9068064059.95,1810165442.07,0.0,205790271360.9,,,,
OfS,M5,CZ16,cPVVG,5659407426.17,0.0,2584338494.08,59693647075.75,0.0,82992546131.0,,,,
RFF,M1,CZ01,cDXGF,135175528.49,0.0,0.0,34331861843.69,0.0,634962196.69,,,,
RFF,M1,CZ02,cDXGF,350206517.93,0.0,125206.3,24450819799.45,0.0,14949977579.78,,,,
RFF,M1,CZ03,cDXGF,835294.6,0.0,162045.26,12541561208.36,0.0,6584819656.33,,,,
RFF,M1,CZ04,cDXGF,181827968.2,0.0,4844460.31,18934694171.56,0.0,24752915578.69,,,,
RFF,M1,CZ05,cDXGF,12163860.43,0.0,701800.26,11268149172.25,0.0,8729003649.78,,,,
RFF,M1,CZ06,cDXGF,0.0,0.0,13435383.96,2326402823.8,0.0,17366425073.78,,,,
RFF,M1,CZ07,cDXGF,0.0,0.0,12458079.35,1796843954.21,0.0,18848169900.58,,,,
RFF,M1,CZ08,cDXGF,984850.74,0.0,28332673.23,3534030762.17,0.0,29905959736.71,,,,
RFF,M1,CZ09,cDXGF,8463026.54,0.0,33915999.89,4739618943.41,0.0,31335171387.18,,,,
RFF,M1,CZ10,cDXGF,10571309.27,0.0,31478644.59,5956241104.0,0.0,33694458019.56,,,,
RFF,M1,CZ11,cDXGF,425934674.96,0.0,56646522.58,21676259849.5,0.0,37041094729.84,,,,
RFF,M1,CZ12,cDXGF,315812751.37,0.0,5715246.96,21212444135.4,0.0,24747667011.26,,,,
RFF,M1,CZ13,cDXGF,125793025.17,0.0,72500815.99,16239533228.48,0.0,39032301202.26,,,,
RFF,M1,CZ14,cDXGF,118423079.61,0.0,112368450.59,14218441334.47,0.0,35756233922.58,,,,
RFF,M1,CZ15,cDXGF,0.0,0.0,507700372.45,1610728802.67,0.0,68154908901.17,,,,
RFF,M1,CZ16,cDXGF,1550463109.48,0.0,22934024.87,34833019808.3,0.0,12533021197.45,,,,
RFF,M1,CZ01,cDXHP,0.0,38575416.26,0.0,0.0,8675169116.49,621563112.34,,,,
RFF,M1,CZ02,cDXHP,0.0,102436845.84,119755.28,0.0,6355076721.07,14988248100.26,,,,
RFF,M1,CZ03,cDXHP,0.0,222117.35,148433.47,0.0,3105328350.37,6546986570.32,,,,
RFF,M1,CZ04,cDXHP,0.0,53154154.01,4893045.46,0.0,5051603122.95,25103933289.63,,,,
RFF,M1,CZ05,cDXHP,0.0,3196413.21,709232.79,0.0,2856748916.52,8748280666.25,,,,
RFF,M1,CZ06,cDXHP,0.0,0.0,13414411.18,0.0,560340313.63,16948651264.51,,,,
RFF,M1,CZ07,cDXHP,0.0,0.0,12422111.35,0.0,432873856.23,18483971719.88,,,,
RFF,M1,CZ08,cDXHP,0.0,260494.62,28255733.07,0.0,874846155.03,29720796740.26,,,,
RFF,M1,CZ09,cDXHP,0.0,2278985.32,33977780.88,0.0,1186284451.89,31262027369.96,,,,
RFF,M1,CZ10,cDXHP,0.0,2903121.67,31516902.21,0.0,1500959031.05,33652718069.04,,,,
RFF,M1,CZ11,cDXHP,0.0,128039202.78,57126003.17,0.0,5672699886.11,37230417898.98,,,,
RFF,M1,CZ12,cDXHP,0.0,92204249.42,5778938.69,0.0,5471417732.24,24809704240.14,,,,
RFF,M1,CZ13,cDXHP,0.0,35823553.82,72924092.89,0.0,4194062224.56,39188913143.68,,,,
RFF,M1,CZ14,cDXHP,0.0,38785048.39,113520216.95,0.0,4036817211.52,36252321190.05,,,,
RFF,M1,CZ15,cDXHP,0.0,0.0,507700372.45,0.0,409147451.17,68154908901.17,,,,
RFF,M1,CZ16,cDXHP,0.0,508611561.25,23131519.85,0.0,10475337844.48,12658447763.56,,,,
RFF,M1,CZ01,cPTAC,0.0,0.0,0.0,0.0,0.0,613269249.42,,,,
RFF,M1,CZ02,cPTAC,0.0,0.0,125690.68,0.0,0.0,14868874700.51,,,,
RFF,M1,CZ03,cPTAC,0.0,0.0,161508.86,0.0,0.0,6569886755.59,,,,
RFF,M1,CZ04,cPTAC,0.0,0.0,4873965.91,0.0,0.0,24650179349.87,,,,
RFF,M1,CZ05,cPTAC,0.0,0.0,699360.53,0.0,0.0,8656645870.22,,,,
RFF,M1,CZ06,cPTAC,0.0,0.0,13435376.9,0.0,0.0,17358397685.78,,,,
RFF,M1,CZ07,cPTAC,0.0,0.0,12453534.47,0.0,0.0,18840048832.07,,,,
RFF,M1,CZ08,cPTAC,0.0,0.0,28332635.78,0.0,0.0,29876583173.61,,,,
RFF,M1,CZ09,cPTAC,0.0,0.0,33915922.13,0.0,0.0,31310424321.47,,,,
RFF,M1,CZ10,cPTAC,0.0,0.0,31463901.89,0.0,0.0,33652948979.67,,,,
RFF,M1,CZ11,cPTAC,0.0,0.0,56646165.54,0.0,0.0,36996377623.88,,,,
RFF,M1,CZ12,cPTAC,0.0,0.0,5714817.85,0.0,0.0,24713679953.65,,,,
RFF,M1,CZ13,cPTAC,0.0,0.0,72500780.96,0.0,0.0,39018623052.5,,,,
RFF,M1,CZ14,cPTAC,0.0,0.0,112368426.21,0.0,0.0,35695929292.99,,,,
RFF,M1,CZ15,cPTAC,0.0,0.0,507700357.18,0.0,0.0,68145393696.19,,,,
RFF,M1,CZ16,cPTAC,0.0,0.0,22932994.8,0.0,0.0,12494282290.42,,,,
RFF,M1,CZ01,cPVVG,186719007.96,0.0,0.0,50794841807.74,0.0,961531487.38,,,,
RFF,M1,CZ02,cPVVG,528907292.85,0.0,327814.89,38098839243.28,0.0,14453753982.17,,,,
RFF,M1,CZ03,cPVVG,7567725.0,0.0,388720.34,22052832841.74,0.0,7009031073.51,,,,
RFF,M1,CZ04,cPVVG,291016326.03,0.0,4429430.9,29977226976.12,0.0,24043735517.0,,,,
RFF,M1,CZ05,cPVVG,32904220.85,0.0,649164.11,21050208020.28,0.0,8837771622.94,,,,
RFF,M1,CZ06,cPVVG,0.0,0.0,9059914.13,5582416527.83,0.0,17436507274.95,,,,
RFF,M1,CZ07,cPVVG,0.0,0.0,8154090.19,4833965680.58,0.0,17977153113.48,,,,
RFF,M1,CZ08,cPVVG,3139659.17,0.0,20534919.07,7714858829.12,0.0,28511692461.35,,,,
RFF,M1,CZ09,cPVVG,22975243.43,0.0,23141860.35,9837812781.51,0.0,29814099323.02,,,,
RFF,M1,CZ10,cPVVG,31713538.66,0.0,22764588.89,12077839713.98,0.0,31847379649.81,,,,
RFF,M1,CZ11,cPVVG,661555967.07,0.0,45837841.28,33980081394.07,0.0,35405801143.76,,,,
RFF,M1,CZ12,cPVVG,454019465.96,0.0,5224178.24,32758633557.83,0.0,23993196572.72,,,,
RFF,M1,CZ13,cPVVG,200833073.43,0.0,56959927.74,26698375792.91,0.0,37290519777.78,,,,
RFF,M1,CZ14,cPVVG,167414839.64,0.0,90857136.09,23274413503.78,0.0,34356930950.82,,,,
RFF,M1,CZ15,cPVVG,0.0,0.0,346743409.53,4073172546.15,0.0,64854612455.46,,,,
RFF,M1,CZ16,cPVVG,2233337067.94,0.0,18247895.34,51268326460.11,0.0,12189855377.06,,,,
RFF,M2,CZ01,cDXGF,0.0,0.0,1414622.63,1758583612.49,0.0,23969994725.67,,,,
RFF,M2,CZ02,cDXGF,2012341.85,0.0,40401622.01,1626813177.69,0.0,38420407979.42,,,,
RFF,M2,CZ03,cDXGF,0.0,0.0,36551101.82,635225273.25,0.0,36633543192.17,,,,
RFF,M2,CZ04,cDXGF,2053778.86,0.0,74851762.44,1101068780.53,0.0,46369192604.12,,,,
RFF,M2,CZ05,cDXGF,0.0,0.0,27198285.3,435528643.96,0.0,38419480961.88,,,,
RFF,M2,CZ06,cDXGF,0.0,0.0,69358331.67,64477709.21,0.0,45632958531.94,,,,
RFF,M2,CZ07,cDXGF,0.0,0.0,42429972.65,41601088.66,0.0,44997509720.39,,,,
RFF,M2,CZ08,cDXGF,0.0,0.0,96066000.52,75967984.82,0.0,52564086598.99,,,,
RFF,M2,CZ09,cDXGF,0.0,0.0,136835257.62,169190731.37,0.0,54602902538.7,,,,
RFF,M2,CZ10,cDXGF,0.0,0.0,119908578.92,271450614.72,0.0,53164179422.13,,,,
RFF,M2,CZ11,cDXGF,3577200.37,0.0,173891522.42,1424332125.82,0.0,52135620901.35,,,,
RFF,M2,CZ12,cDXGF,1127456.75,0.0,102970403.46,1252962870.58,0.0,45520959076.56,,,,
RFF,M2,CZ13,cDXGF,89582.34,0.0,203680247.99,748908981.48,0.0,54476318742.4,,,,
RFF,M2,CZ14,cDXGF,449289.07,0.0,208250714.29,452243795.14,0.0,53695882257.63,,,,
RFF,M2,CZ15,cDXGF,0.0,0.0,589978271.05,7867658.49,0.0,73604115859.9,,,,
RFF,M2,CZ16,cDXGF,32335446.24,0.0,142283301.36,3512876549.36,0.0,38900889862.05,,,,
RFF,M2,CZ01,cDXHP,0.0,0.0,1415877.69,0.0,457908174.19,23595714573.42,,,,
RFF,M2,CZ02,cDXHP,0.0,583342.99,40403510.08,0.0,428759743.29,38006008278.97,,,,
RFF,M2,CZ03,cDXHP,0.0,0.0,36545149.5,0.0,155636893.28,36235664747.2,,,,
RFF,M2,CZ04,cDXHP,0.0,561041.82,74944384.55,0.0,298561681.07,45987429670.22,,,,
RFF,M2,CZ05,cDXHP,0.0,0.0,27121912.4,0.0,109643928.39,37981432242.83,,,,
RFF,M2,CZ06,cDXHP,0.0,0.0,69182319.17,0.0,15340192.32,45495962050.32,,,,
RFF,M2,CZ07,cDXHP,0.0,0.0,42348501.83,0.0,9892376.01,44800032267.71,,,,
RFF,M2,CZ08,cDXHP,0.0,0.0,96270639.5,0.0,18497825.54,52349071790.27,,,,
RFF,M2,CZ09,cDXHP,0.0,0.0,136882155.9,0.0,42169922.68,54404249550.6,,,,
RFF,M2,CZ10,cDXHP,0.0,0.0,120085199.74,0.0,68148700.02,52956085222.13,,,,
RFF,M2,CZ11,cDXHP,0.0,1081516.48,174331292.2,0.0,379673258.9,51917165315.44,,,,
RFF,M2,CZ12,cDXHP,0.0,317736.14,103128768.53,0.0,328971774.11,45259472467.83,,,,
RFF,M2,CZ13,cDXHP,0.0,24740.79,204211340.75,0.0,196106919.86,54298009109.33,,,,
RFF,M2,CZ14,cDXHP,0.0,150856.86,209121675.51,0.0,133736513.59,53382263689.21,,,,
RFF,M2,CZ15,cDXHP,0.0,0.0,589978271.05,0.0,2049357.55,73604115865.33,,,,
RFF,M2,CZ16,cDXHP,0.0,10865244.24,142452779.23,0.0,1113982333.42,38813474558.46,,,,
RFF,M2,CZ01,cPTAC,0.0,0.0,1414524.49,0.0,0.0,23864540059.81,,,,
RFF,M2,CZ02,cPTAC,0.0,0.0,40400607.31,0.0,0.0,38325960348.1,,,,
RFF,M2,CZ03,cPTAC,0.0,0.0,36550756.66,0.0,0.0,36592815813.24,,,,
RFF,M2,CZ04,cPTAC,0.0,0.0,74851533.34,0.0,0.0,46303579652.56,,,,
RFF,M2,CZ05,cPTAC,0.0,0.0,27196536.91,0.0,0.0,38389271416.38,,,,
RFF,M2,CZ06,cPTAC,0.0,0.0,69357796.59,0.0,0.0,45628535303.98,,,,
RFF,M2,CZ07,cPTAC,0.0,0.0,42429937.53,0.0,0.0,44994203211.53,,,,
RFF,M2,CZ08,cPTAC,0.0,0.0,96065677.12,0.0,0.0,52557647674.17,,,,
RFF,M2,CZ09,cPTAC,0.0,0.0,136834170.67,0.0,0.0,54589105781.41,,,,
RFF,M2,CZ10,cPTAC,0.0,0.0,119905632.97,0.0,0.0,53144461272.86,,,,
RFF,M2,CZ11,cPTAC,0.0,0.0,173891522.28,0.0,0.0,52055585439.82,,,,
RFF,M2,CZ12,cPTAC,0.0,0.0,102969954.37,0.0,0.0,45444779993.28,,,,
RFF,M2,CZ13,cPTAC,0.0,0.0,203680241.82,0.0,0.0,54425822252.21,,,,
RFF,M2,CZ14,cPTAC,0.0,0.0,208250651.08,0.0,0.0,53661372242.25,,,,
RFF,M2,CZ15,cPTAC,0.0,0.0,589978269.47,0.0,0.0,73602653046.83,,,,
RFF,M2,CZ16,cPTAC,0.0,0.0,142280985.68,0.0,0.0,38766830170.69,,,,
RFF,M2,CZ01,cPVVG,3144256.43,0.0,949800.41,4989994633.34,0.0,19341130247.17,,,,
RFF,M2,CZ02,cPVVG,36422443.32,0.0,30734885.11,4475622118.14,0.0,32408917737.94,,,,
RFF,M2,CZ03,cPVVG,82692.43,0.0,28044159.7,1979970598.93,0.0,30565895980.57,,,,
RFF,M2,CZ04,cPVVG,21855841.41,0.0,57220954.29,3164837643.36,0.0,40285329148.37,,,,
RFF,M2,CZ05,cPVVG,483508.01,0.0,20231526.48,1430418395.64,0.0,32142857877.34,,,,
RFF,M2,CZ06,cPVVG,0.0,0.0,51827407.43,257256756.82,0.0,39813943359.49,,,,
RFF,M2,CZ07,cPVVG,0.0,0.0,31731299.61,175735285.64,0.0,38843599822.69,,,,
RFF,M2,CZ08,cPVVG,0.0,0.0,74128036.34,365561825.99,0.0,45995123976.24,,,,
RFF,M2,CZ09,cPVVG,87051.48,0.0,103807203.53,713862090.88,0.0,47652490583.5,,,,
RFF,M2,CZ10,cPVVG,88895.53,0.0,92147063.16,905952021.56,0.0,46146946329.41,,,,
RFF,M2,CZ11,cPVVG,45255909.48,0.0,136339436.07,4533547795.0,0.0,45612700324.03,,,,
RFF,M2,CZ12,cPVVG,20822117.3,0.0,79240828.05,3796721761.43,0.0,39588127948.1,,,,
RFF,M2,CZ13,cPVVG,4817541.83,0.0,159205462.04,2772424557.36,0.0,47902118152.47,,,,
RFF,M2,CZ14,cPVVG,6825794.27,0.0,164470727.03,1610014996.12,0.0,47205920318.73,,,,
RFF,M2,CZ15,cPVVG,0.0,0.0,407440097.24,52059979.92,0.0,66579526779.66,,,,
RFF,M2,CZ16,cPVVG,256208019.48,0.0,108650882.24,8843196899.53,0.0,32481248570.42,,,,
RFF,M3,CZ01,cDXGF,7409707564.23,0.0,18736441222.82,7409707564.23,0.0,18740931756.05,,,,
RFF,M3,CZ02,cDXGF,6952454735.46,0.0,31719166255.26,6952454735.46,0.0,31719166255.26,,,,
RFF,M3,CZ03,cDXGF,3337129093.31,0.0,29803779856.78,3337129093.31,0.0,29803779856.78,,,,
RFF,M3,CZ04,cDXGF,5045506398.92,0.0,39902349836.66,5045506398.92,0.0,39912300986.52,,,,
RFF,M3,CZ05,cDXGF,2520710582.49,0.0,31247004743.25,2520710582.49,0.0,31322972628.81,,,,
RFF,M3,CZ06,cDXGF,586722956.31,0.0,39067560059.89,586722956.31,0.0,39204630057.15,,,,
RFF,M3,CZ07,cDXGF,424451167.88,0.0,38179563929.01,424451167.88,0.0,38197489757.9,,,,
RFF,M3,CZ08,cDXGF,830076067.34,0.0,45363214616.97,830076067.34,0.0,45375895753.29,,,,
RFF,M3,CZ09,cDXGF,1405036821.82,0.0,47059094377.06,1405036821.82,0.0,47069379171.13,,,,
RFF,M3,CZ10,cDXGF,1725402608.45,0.0,45911405575.61,1725402608.45,0.0,45920896649.15,,,,
RFF,M3,CZ11,cDXGF,7193695320.49,0.0,45528997323.17,7193695320.49,0.0,45540811020.34,,,,
RFF,M3,CZ12,cDXGF,6007845352.77,0.0,39375117804.5,6007845352.77,0.0,39378965697.21,,,,
RFF,M3,CZ13,cDXGF,4776850508.36,0.0,47920324257.03,4776850508.36,0.0,47927035642.69,,,,
RFF,M3,CZ14,cDXGF,2884495393.46,0.0,47057274744.16,2884495393.46,0.0,47069944395.39,,,,
RFF,M3,CZ15,cDXGF,194942653.1,0.0,67549257937.89,194942653.1,0.0,67556092899.25,,,,
RFF,M3,CZ16,cDXGF,12312732510.02,0.0,31805211637.3,12312732510.02,0.0,31805211637.3,,,,
RFF,M3,CZ01,cDXHP,0.0,1865253281.17,18726499187.35,0.0,1867504448.97,18726499187.35,,,,
RFF,M3,CZ02,cDXHP,0.0,1779205669.74,31996035706.6,0.0,1782960544.51,31996035706.6,,,,
RFF,M3,CZ03,cDXHP,0.0,816432036.57,29888356716.67,0.0,816432036.57,29888356716.67,,,,
RFF,M3,CZ04,cDXHP,0.0,1318819920.8,40323285363.75,0.0,1319435795.84,40325781365.92,,,,
RFF,M3,CZ05,cDXHP,0.0,627486635.71,31346500855.85,0.0,627486635.71,31346500855.85,,,,
RFF,M3,CZ06,cDXHP,0.0,139949305.91,39204122457.91,0.0,139949305.91,39205924452.65,,,,
RFF,M3,CZ07,cDXHP,0.0,100676005.06,38241153650.8,0.0,100676005.06,38241748789.43,,,,
RFF,M3,CZ08,cDXHP,0.0,202145019.01,45606657357.43,0.0,202145019.01,45611428119.25,,,,
RFF,M3,CZ09,cDXHP,0.0,347159141.9,47264062970.66,0.0,347159141.9,47274347753.36,,,,
RFF,M3,CZ10,cDXHP,0.0,428866578.21,46125943021.28,0.0,428866578.21,46135434089.94,,,,
RFF,M3,CZ11,cDXHP,0.0,1849133307.45,45833654684.14,0.0,1849133307.45,45845468379.2,,,,
RFF,M3,CZ12,cDXHP,0.0,1532040332.16,39685103901.4,0.0,1532613291.52,39688973649.9,,,,
RFF,M3,CZ13,cDXHP,0.0,1216339117.92,48172778546.22,0.0,1216339117.92,48179489929.42,,,,
RFF,M3,CZ14,cDXHP,0.0,806960731.44,47312526411.51,0.0,806960731.44,47325196033.56,,,,
RFF,M3,CZ15,cDXHP,0.0,49455034.01,67549236875.11,0.0,49455034.01,67556071836.47,,,,
RFF,M3,CZ16,cDXHP,0.0,3577396887.33,31596879273.64,0.0,3583673432.08,31596879273.64,,,,
RFF,M3,CZ01,cPTAC,0.0,0.0,18594593587.1,0.0,0.0,18599084118.41,,,,
RFF,M3,CZ02,cPTAC,0.0,0.0,31596678179.16,0.0,0.0,31596678179.16,,,,
RFF,M3,CZ03,cPTAC,0.0,0.0,29730628724.87,0.0,0.0,29730628724.87,,,,
RFF,M3,CZ04,cPTAC,0.0,0.0,39802914681.45,0.0,0.0,39812865831.3,,,,
RFF,M3,CZ05,cPTAC,0.0,0.0,31185107369.67,0.0,0.0,31261075245.96,,,,
RFF,M3,CZ06,cPTAC,0.0,0.0,39049075757.38,0.0,0.0,39186145753.28,,,,
RFF,M3,CZ07,cPTAC,0.0,0.0,38165959584.25,0.0,0.0,38183885412.91,,,,
RFF,M3,CZ08,cPTAC,0.0,0.0,45338986030.37,0.0,0.0,45351667166.69,,,,
RFF,M3,CZ09,cPTAC,0.0,0.0,47028385110.62,0.0,0.0,47038669904.69,,,,
RFF,M3,CZ10,cPTAC,0.0,0.0,45875884976.17,0.0,0.0,45885376049.71,,,,
RFF,M3,CZ11,cPTAC,0.0,0.0,45433758611.41,0.0,0.0,45445572308.58,,,,
RFF,M3,CZ12,cPTAC,0.0,0.0,39287862908.94,0.0,0.0,39291710801.65,,,,
RFF,M3,CZ13,cPTAC,0.0,0.0,47851201758.3,0.0,0.0,47857913143.97,,,,
RFF,M3,CZ14,cPTAC,0.0,0.0,46989870620.63,0.0,0.0,47002540271.86,,,,
RFF,M3,CZ15,cPTAC,0.0,0.0,67541098021.36,0.0,0.0,67547932982.72,,,,
RFF,M3,CZ16,cPTAC,0.0,0.0,31650072033.19,0.0,0.0,31650072033.19,,,,
RFF,M3,CZ01,cPVVG,17156607.91,0.0,940085.22,7630857795.01,0.0,18505815435.11,,,,
RFF,M3,CZ02,cPVVG,104031709.66,0.0,28339102.51,7165242348.17,0.0,31391506140.5,,,,
RFF,M3,CZ03,cPVVG,1462598.06,0.0,25937940.02,3437785601.72,0.0,29462508384.32,,,,
RFF,M3,CZ04,cPVVG,61791130.39,0.0,50416142.19,5212893753.65,0.0,39548158188.77,,,,
RFF,M3,CZ05,cPVVG,5963990.41,0.0,20162033.15,2595258887.97,0.0,30961750777.74,,,,
RFF,M3,CZ06,cPVVG,0.0,0.0,47119805.57,610024157.55,0.0,38812780494.69,,,,
RFF,M3,CZ07,cPVVG,0.0,0.0,28942952.3,441414027.72,0.0,37803742528.84,,,,
RFF,M3,CZ08,cPVVG,274983.94,0.0,67168191.9,864714380.21,0.0,44949857601.94,,,,
RFF,M3,CZ09,cPVVG,2205505.48,0.0,91969268.55,1464707029.43,0.0,46622389425.07,,,,
RFF,M3,CZ10,cPVVG,3569737.07,0.0,82764582.16,1794153391.65,0.0,45489999179.83,,,,
RFF,M3,CZ11,cPVVG,127333988.78,0.0,119295750.74,7479251257.26,0.0,45142443442.17,,,,
RFF,M3,CZ12,cPVVG,79246336.67,0.0,69778118.35,6225275217.64,0.0,39027891249.93,,,,
RFF,M3,CZ13,cPVVG,29658356.06,0.0,139061266.31,4972721954.55,0.0,47512273291.55,,,,
RFF,M3,CZ14,cPVVG,23431794.93,0.0,143359117.07,2996324621.93,0.0,46631030244.41,,,,
RFF,M3,CZ15,cPVVG,0.0,0.0,321469340.87,203500096.33,0.0,67004473679.97,,,,
RFF,M3,CZ16,cPVVG,531416950.18,0.0,96967598.77,12793484137.54,0.0,31413970794.04,,,,
RFF,M4,CZ01,cDXGF,135173801.84,0.0,0.0,34329577859.41,0.0,6525836669.83,,,,
RFF,M4,CZ02,cDXGF,350204820.51,0.0,4984942.84,24449560979.67,0.0,23111097668.86,,,,
RFF,M4,CZ03,cDXGF,835275.02,0.0,3939262.89,12540370416.08,0.0,18854461538.02,,,,
RFF,M4,CZ04,cDXGF,181826953.69,0.0,18740441.01,18933205503.01,0.0,33268139243.4,,,,
RFF,M4,CZ05,cDXGF,12163860.43,0.0,3597046.29,11266422911.85,0.0,20241639942.05,,,,
RFF,M4,CZ06,cDXGF,0.0,0.0,21409780.75,2325671377.03,0.0,31372406830.71,,,,
RFF,M4,CZ07,cDXGF,0.0,0.0,14729362.34,1796240243.83,0.0,30665264863.72,,,,
RFF,M4,CZ08,cDXGF,984781.52,0.0,39987075.99,3533311312.55,0.0,40760863301.37,,,,
RFF,M4,CZ09,cDXGF,8462837.95,0.0,52468604.15,4739116511.6,0.0,42527046359.8,,,,
RFF,M4,CZ10,cDXGF,10571081.6,0.0,54290993.17,5955556834.77,0.0,42920566427.2,,,,
RFF,M4,CZ11,cDXGF,425931754.1,0.0,99449893.9,21675401482.04,0.0,44256299276.96,,,,
RFF,M4,CZ12,cDXGF,315811562.44,0.0,27722728.03,21211476973.03,0.0,33561870612.51,,,,
RFF,M4,CZ13,cDXGF,125792759.23,0.0,118591195.63,16238717009.4,0.0,46519870413.35,,,,
RFF,M4,CZ14,cDXGF,118141855.62,0.0,149336273.83,14215975282.91,0.0,43910165949.47,,,,
RFF,M4,CZ15,cDXGF,0.0,0.0,538142395.78,1610234301.27,0.0,74837923152.36,,,,
RFF,M4,CZ16,cDXGF,1550447529.55,0.0,67659094.0,34831822141.69,0.0,23114587397.13,,,,
RFF,M4,CZ01,cDXHP,0.0,38575274.41,0.0,0.0,8674564532.85,6457865108.28,,,,
RFF,M4,CZ02,cDXHP,0.0,102436353.3,5020668.64,0.0,6354729127.08,23149351678.89,,,,
RFF,M4,CZ03,cDXHP,0.0,222112.02,3961344.77,0.0,3105033191.71,18720688214.59,,,,
RFF,M4,CZ04,cDXHP,0.0,53153801.13,18858394.67,0.0,5051220943.01,33652169721.35,,,,
RFF,M4,CZ05,cDXHP,0.0,3196413.21,3601208.08,0.0,2856310270.22,20188904855.41,,,,
RFF,M4,CZ06,cDXHP,0.0,0.0,21417985.51,0.0,560162481.04,30842610326.66,,,,
RFF,M4,CZ07,cDXHP,0.0,0.0,14701418.14,0.0,432730362.37,30227784306.72,,,,
RFF,M4,CZ08,cDXHP,0.0,260476.49,39961541.48,0.0,874670905.26,40543284908.27,,,,
RFF,M4,CZ09,cDXHP,0.0,2278935.23,52580482.87,0.0,1186161872.06,42440609243.94,,,,
RFF,M4,CZ10,cDXHP,0.0,2903059.87,54486380.05,0.0,1500791454.76,42875655848.33,,,,
RFF,M4,CZ11,cDXHP,0.0,128038341.52,100108544.9,0.0,5672482472.27,44464163997.55,,,,
RFF,M4,CZ12,cDXHP,0.0,92203897.48,27931165.08,0.0,5471178948.84,33609199125.37,,,,
RFF,M4,CZ13,cDXHP,0.0,35823477.36,119177045.38,0.0,4193856952.56,46689140690.76,,,,
RFF,M4,CZ14,cDXHP,0.0,38707049.85,150712229.85,0.0,4036181593.25,44454765268.59,,,,
RFF,M4,CZ15,cDXHP,0.0,0.0,538142395.78,0.0,409024942.96,74837923152.36,,,,
RFF,M4,CZ16,cDXHP,0.0,508606706.72,68097623.96,0.0,10475064465.32,23316396174.17,,,,
RFF,M4,CZ01,cPTAC,0.0,0.0,0.0,0.0,0.0,6175959856.98,,,,
RFF,M4,CZ02,cPTAC,0.0,0.0,4978277.47,0.0,0.0,22755947515.83,,,,
RFF,M4,CZ03,cPTAC,0.0,0.0,3937330.26,0.0,0.0,18657109942.23,,,,
RFF,M4,CZ04,cPTAC,0.0,0.0,18693783.53,0.0,0.0,32887060161.65,,,,
RFF,M4,CZ05,cPTAC,0.0,0.0,3591109.12,0.0,0.0,19953677160.83,,,,
RFF,M4,CZ06,cPTAC,0.0,0.0,21409389.08,0.0,0.0,31314519225.89,,,,
RFF,M4,CZ07,cPTAC,0.0,0.0,14724705.33,0.0,0.0,30607750672.75,,,,
RFF,M4,CZ08,cPTAC,0.0,0.0,39985850.68,0.0,0.0,40655012475.57,,,,
RFF,M4,CZ09,cPTAC,0.0,0.0,52466695.36,0.0,0.0,42414956670.44,,,,
RFF,M4,CZ10,cPTAC,0.0,0.0,54274523.67,0.0,0.0,42778231446.85,,,,
RFF,M4,CZ11,cPTAC,0.0,0.0,99448320.01,0.0,0.0,44015452381.69,,,,
RFF,M4,CZ12,cPTAC,0.0,0.0,27719733.02,0.0,0.0,33332611797.67,,,,
RFF,M4,CZ13,cPTAC,0.0,0.0,118590844.49,0.0,0.0,46362833616.63,,,,
RFF,M4,CZ14,cPTAC,0.0,0.0,149336118.4,0.0,0.0,43592945045.45,,,,
RFF,M4,CZ15,cPTAC,0.0,0.0,538141997.89,0.0,0.0,74781962005.02,,,,
RFF,M4,CZ16,cPTAC,0.0,0.0,67606575.31,0.0,0.0,22802588201.98,,,,
RFF,M4,CZ01,cPVVG,186723072.91,0.0,0.0,50791007813.03,0.0,4571053968.27,,,,
RFF,M4,CZ02,cPVVG,528905370.7,0.0,2426317.74,38096545256.5,0.0,19524880495.1,,,,
RFF,M4,CZ03,cPVVG,7567693.87,0.0,1900433.14,22050446057.61,0.0,14763968173.26,,,,
RFF,M4,CZ04,cPVVG,291014577.49,0.0,10357491.13,29974615529.15,0.0,29343476215.04,,,,
RFF,M4,CZ05,cPVVG,32904164.11,0.0,1892698.23,21047099998.06,0.0,16129539741.63,,,,
RFF,M4,CZ06,cPVVG,0.0,0.0,11774865.21,5580844380.25,0.0,26179871386.73,,,,
RFF,M4,CZ07,cPVVG,0.0,0.0,8872439.84,4832775926.08,0.0,25137112308.72,,,,
RFF,M4,CZ08,cPVVG,3139578.95,0.0,25134719.88,7713471529.32,0.0,35142409671.48,,,,
RFF,M4,CZ09,cPVVG,22974934.62,0.0,29200021.85,9836029012.86,0.0,36737175495.24,,,,
RFF,M4,CZ10,cPVVG,31713059.99,0.0,32905762.08,12076336313.68,0.0,37409084633.35,,,,
RFF,M4,CZ11,cPVVG,661552440.95,0.0,66717576.43,33978642193.22,0.0,39846264271.42,,,,
RFF,M4,CZ12,cPVVG,454018295.68,0.0,15658682.44,32756961400.57,0.0,29495616650.44,,,,
RFF,M4,CZ13,cPVVG,200832794.46,0.0,79251856.44,26696733915.01,0.0,41945268005.32,,,,
RFF,M4,CZ14,cPVVG,167414283.54,0.0,108971222.29,23271670710.35,0.0,39484628929.75,,,,
RFF,M4,CZ15,cPVVG,0.0,0.0,359576134.94,4071743074.07,0.0,68896649617.86,,,,
RFF,M4,CZ16,cPVVG,2233323898.33,0.0,40016712.3,51265549303.24,0.0,18923209574.31,,,,
RFF,M5,CZ01,cDXGF,8890076321.04,0.0,14231159623.75,8890076321.04,0.0,14235674650.33,,,,
RFF,M5,CZ02,cDXGF,8119321084.73,0.0,28544958446.12,8119321084.73,0.0,28583045743.83,,,,
RFF,M5,CZ03,cDXGF,3816547075.56,0.0,25738789025.36,3816547075.56,0.0,25738789025.36,,,,
RFF,M5,CZ04,cDXGF,5888262003.75,0.0,36590788302.34,5888262003.75,0.0,36918141362.2,,,,
RFF,M5,CZ05,cDXGF,2883372905.59,0.0,26776319405.21,2883372905.59,0.0,27011379138.39,,,,
RFF,M5,CZ06,cDXGF,655104992.57,0.0,36418165208.88,655104992.57,0.0,36693614933.11,,,,
RFF,M5,CZ07,cDXGF,466086535.82,0.0,35535549799.22,466086535.82,0.0,35655678242.93,,,,
RFF,M5,CZ08,cDXGF,931527592.58,0.0,43550902760.26,931527592.58,0.0,43887249419.6,,,,
RFF,M5,CZ09,cDXGF,1588073095.54,0.0,44631159577.89,1588073095.54,0.0,44913860412.43,,,,
RFF,M5,CZ10,cDXGF,1935647840.3,0.0,44451311562.8,1935647840.3,0.0,44666045874.76,,,,
RFF,M5,CZ11,cDXGF,8338465414.0,0.0,44675715726.95,8338465414.0,0.0,44704604361.58,,,,
RFF,M5,CZ12,cDXGF,7014888775.12,0.0,37578466278.78,7014888775.12,0.0,37589745678.01,,,,
RFF,M5,CZ13,cDXGF,5505406764.5,0.0,47350736687.1,5505406764.5,0.0,47365727487.01,,,,
RFF,M5,CZ14,cDXGF,3426055209.95,0.0,43510602626.23,3426055209.95,0.0,43953652179.29,,,,
RFF,M5,CZ15,cDXGF,221353261.08,0.0,69307819652.8,221353261.08,0.0,69860516623.02,,,,
RFF,M5,CZ16,cDXGF,14922420272.82,0.0,26611117402.38,14922420272.82,0.0,26611117402.38,,,,
RFF,M5,CZ01,cDXHP,0.0,2341885096.58,15609115559.62,0.0,2344136264.39,15609115559.62,,,,
RFF,M5,CZ02,cDXHP,0.0,2170100400.42,29838746224.28,0.0,2173855275.19,29838746224.28,,,,
RFF,M5,CZ03,cDXHP,0.0,940726490.58,26960972174.91,0.0,940726490.58,26960972174.91,,,,
RFF,M5,CZ04,cDXHP,0.0,1639904431.16,38026030606.39,0.0,1640520306.2,38101030453.15,,,,
RFF,M5,CZ05,cDXHP,0.0,734139836.6,28350393593.73,0.0,734139836.6,28350393593.73,,,,
RFF,M5,CZ06,cDXHP,0.0,155426139.06,37416960978.86,0.0,155426139.06,37445908699.36,,,,
RFF,M5,CZ07,cDXHP,0.0,110018676.51,36327303823.3,0.0,110018676.51,36342081511.86,,,,
RFF,M5,CZ08,cDXHP,0.0,227034113.01,44599696581.83,0.0,227034113.01,44685130450.2,,,,
RFF,M5,CZ09,cDXHP,0.0,394047903.25,45520004073.07,0.0,394047903.25,45580331642.76,,,,
RFF,M5,CZ10,cDXHP,0.0,485239616.45,45168052017.11,0.0,485239616.45,45239974027.62,,,,
RFF,M5,CZ11,cDXHP,0.0,2217060823.58,45321181109.57,0.0,2217060823.58,45350190072.98,,,,
RFF,M5,CZ12,cDXHP,0.0,1846349002.4,38572505037.21,0.0,1846921961.76,38576374785.91,,,,
RFF,M5,CZ13,cDXHP,0.0,1436870194.43,47959071610.69,0.0,1436870194.43,47974062191.26,,,,
RFF,M5,CZ14,cDXHP,0.0,1061196978.14,44530933083.76,0.0,1061196978.14,44543602716.51,,,,
RFF,M5,CZ15,cDXHP,0.0,56322062.5,69307844640.37,0.0,56322062.5,69860541610.59,,,,
RFF,M5,CZ16,cDXHP,0.0,4957056222.49,27026583446.86,0.0,4963332767.24,27026583446.86,,,,
RFF,M5,CZ01,cPTAC,0.0,0.0,13430291000.27,0.0,0.0,13434805922.6,,,,
RFF,M5,CZ02,cPTAC,0.0,0.0,27859093328.74,0.0,0.0,27897180626.45,,,,
RFF,M5,CZ03,cPTAC,0.0,0.0,25355789833.37,0.0,0.0,25355789833.37,,,,
RFF,M5,CZ04,cPTAC,0.0,0.0,35895262206.19,0.0,0.0,36222615235.08,,,,
RFF,M5,CZ05,cPTAC,0.0,0.0,26377802947.22,0.0,0.0,26612862579.23,,,,
RFF,M5,CZ06,cPTAC,0.0,0.0,36326671377.62,0.0,0.0,36602121100.62,,,,
RFF,M5,CZ07,cPTAC,0.0,0.0,35454877540.23,0.0,0.0,35575005983.94,,,,
RFF,M5,CZ08,cPTAC,0.0,0.0,43407902173.74,0.0,0.0,43744248833.2,,,,
RFF,M5,CZ09,cPTAC,0.0,0.0,44448927190.08,0.0,0.0,44731628024.14,,,,
RFF,M5,CZ10,cPTAC,0.0,0.0,44208242943.23,0.0,0.0,44422977254.78,,,,
RFF,M5,CZ11,cPTAC,0.0,0.0,44174741270.13,0.0,0.0,44203629904.77,,,,
RFF,M5,CZ12,cPTAC,0.0,0.0,37070167500.97,0.0,0.0,37081446900.2,,,,
RFF,M5,CZ13,cPTAC,0.0,0.0,46946948521.44,0.0,0.0,46961939321.34,,,,
RFF,M5,CZ14,cPTAC,0.0,0.0,42966046578.92,0.0,0.0,43409096131.97,,,,
RFF,M5,CZ15,cPTAC,0.0,0.0,69233749849.58,0.0,0.0,69786446819.79,,,,
RFF,M5,CZ16,cPTAC,0.0,0.0,25913603391.7,0.0,0.0,25913603391.7,,,,
RFF,M5,CZ01,cPVVG,19868600.22,0.0,650764.55,8968121606.87,0.0,14066448741.97,,,,
RFF,M5,CZ02,cPVVG,119470820.22,0.0,23364261.36,8248675078.37,0.0,28302156348.88,,,,
RFF,M5,CZ03,cPVVG,1554895.68,0.0,21351819.53,3890930002.8,0.0,25450534993.59,,,,
RFF,M5,CZ04,cPVVG,69298267.42,0.0,42730176.78,5993534803.5,0.0,36604769590.92,,,,
RFF,M5,CZ05,cPVVG,6546094.99,0.0,15791029.21,2935582691.79,0.0,26707968721.67,,,,
RFF,M5,CZ06,cPVVG,0.0,0.0,41827284.47,677220864.91,0.0,36327566853.04,,,,
RFF,M5,CZ07,cPVVG,0.0,0.0,26080049.18,482362074.46,0.0,35286795466.34,,,,
RFF,M5,CZ08,cPVVG,303323.45,0.0,62527307.06,963527913.65,0.0,43482676144.17,,,,
RFF,M5,CZ09,cPVVG,2522780.1,0.0,83241089.66,1643140091.67,0.0,44496825837.56,,,,
RFF,M5,CZ10,cPVVG,3995017.4,0.0,76744216.11,1997093182.76,0.0,44258164338.59,,,,
RFF,M5,CZ11,cPVVG,146832993.15,0.0,111608710.91,8565438661.59,0.0,44333768219.38,,,,
RFF,M5,CZ12,cPVVG,91984083.56,0.0,61530922.43,7169060611.61,0.0,37269940377.81,,,,
RFF,M5,CZ13,cPVVG,33625505.09,0.0,130481271.75,5666653432.62,0.0,46971871173.55,,,,
RFF,M5,CZ14,cPVVG,27770588.01,0.0,135917901.57,3501066129.45,0.0,43572075644.74,,,,
RFF,M5,CZ15,cPVVG,0.0,0.0,319519170.41,229372817.73,0.0,69318778188.41,,,,
RFF,M5,CZ16,cPVVG,624766183.83,0.0,82189698.24,15241905535.61,0.0,26296286930.81,,,,
Rt3,M1,CZ01,cDXGF,2615042160.89,0.0,0.0,480751456215.41,0.0,34261203756.73,,,,
Rt3,M1,CZ02,cDXGF,11849273469.52,0.0,74799462.52,424342387403.37,0.0,588510526745.93,,,,
Rt3,M1,CZ03,cDXGF,1667088307.53,0.0,124.19,235420202549.33,0.0,280269699649.26,,,,
Rt3,M1,CZ04,cDXGF,11611031650.11,0.0,450489750.45,351233665757.07,0.0,937900567306.42,,,,
Rt3,M1,CZ05,cDXGF,2049096720.87,0.0,0.0,220019618518.72,0.0,359814849659.03,,,,
Rt3,M1,CZ06,cDXGF,13676483.99,0.0,5346337.45,50603280951.11,0.0,685567442411.01,,,,
Rt3,M1,CZ07,cDXGF,7812075.82,0.0,17710490.27,42244408987.69,0.0,757975740452.39,,,,
Rt3,M1,CZ08,cDXGF,109808271.63,0.0,185978292.94,59296804387.73,0.0,1131398826312.89,,,,
Rt3,M1,CZ09,cDXGF,875126230.72,0.0,327013854.52,89467239319.55,0.0,1126101353639.84,,,,
Rt3,M1,CZ10,cDXGF,3295222007.79,0.0,462195706.66,117005325277.01,0.0,1316623549828.83,,,,
Rt3,M1,CZ11,cDXGF,12610505303.71,0.0,2597138868.5,360215597962.1,0.0,1260479106737.54,,,,
Rt3,M1,CZ12,cDXGF,8059439481.95,0.0,613879472.06,349888707706.84,0.0,916382429806.66,,,,
Rt3,M1,CZ13,cDXGF,4267844230.61,0.0,3467006127.9,266616485689.98,0.0,1326195852493.26,,,,
Rt3,M1,CZ14,cDXGF,7005960568.9,0.0,654999582.93,262871586449.38,0.0,1260361588983.84,,,,
Rt3,M1,CZ15,cDXGF,202977326.6,0.0,20026593126.12,28641695499.91,0.0,2305902646665.58,,,,
Rt3,M1,CZ16,cDXGF,36462929100.72,0.0,96994144.15,601276246631.82,0.0,448261248405.06,,,,
Rt3,M1,CZ01,cDXHP,0.0,794015884.47,0.0,0.0,120966452142.42,33859930526.95,,,,
Rt3,M1,CZ02,cDXHP,0.0,3481049687.69,75184539.69,0.0,110841068534.71,594849105240.39,,,,
Rt3,M1,CZ03,cDXHP,0.0,442827998.87,120.07,0.0,57234225273.74,278622880175.26,,,,
Rt3,M1,CZ04,cDXHP,0.0,3613124450.97,445794026.77,0.0,94691939171.94,959092063095.97,,,,
Rt3,M1,CZ05,cDXHP,0.0,578246586.02,0.0,0.0,54608077152.27,360479437087.78,,,,
Rt3,M1,CZ06,cDXHP,0.0,3427127.42,5346995.82,0.0,11902862059.07,655189444207.24,,,,
Rt3,M1,CZ07,cDXHP,0.0,2039765.14,17711343.59,0.0,9875575135.62,733792674136.24,,,,
Rt3,M1,CZ08,cDXHP,0.0,28262847.9,186432600.24,0.0,14363148517.59,1118454848481.73,,,,
Rt3,M1,CZ09,cDXHP,0.0,234713279.63,296999515.12,0.0,22095971869.94,1123457392877.74,,,,
Rt3,M1,CZ10,cDXHP,0.0,890714542.8,450053626.41,0.0,28973992723.31,1317952318430.73,,,,
Rt3,M1,CZ11,cDXHP,0.0,3731538830.93,2570593800.74,0.0,94885906420.67,1278651612591.86,,,,
Rt3,M1,CZ12,cDXHP,0.0,2280549107.86,616358675.31,0.0,91043519445.66,928402718533.33,,,,
Rt3,M1,CZ13,cDXHP,0.0,1209148460.53,3467059073.51,0.0,69284004246.37,1342277834003.54,,,,
Rt3,M1,CZ14,cDXHP,0.0,2296467976.1,629600417.35,0.0,74168158754.75,1286218981995.53,,,,
Rt3,M1,CZ15,cDXHP,0.0,56271512.39,20014144729.31,0.0,7236141641.57,2306084654139.75,,,,
Rt3,M1,CZ16,cDXHP,0.0,12000907237.64,97142698.71,0.0,180073687638.64,455456507096.95,,,,
Rt3,M1,CZ01,cPTAC,0.0,0.0,0.0,0.0,0.0,33357644129.29,,,,
Rt3,M1,CZ02,cPTAC,0.0,0.0,75152023.67,0.0,0.0,584865663365.16,,,,
Rt3,M1,CZ03,cPTAC,0.0,0.0,123.92,0.0,0.0,279298422968.96,,,,
Rt3,M1,CZ04,cPTAC,0.0,0.0,450474356.76,0.0,0.0,933655803709.96,,,,
Rt3,M1,CZ05,cPTAC,0.0,0.0,0.0,0.0,0.0,356740405570.46,,,,
Rt3,M1,CZ06,cPTAC,0.0,0.0,5346337.45,0.0,0.0,685011607312.92,,,,
Rt3,M1,CZ07,cPTAC,0.0,0.0,17710490.27,0.0,0.0,757437441508.47,,,,
Rt3,M1,CZ08,cPTAC,0.0,0.0,185978286.96,0.0,0.0,1130238806834.22,,,,
Rt3,M1,CZ09,cPTAC,0.0,0.0,327013784.84,0.0,0.0,1124697874037.97,,,,
Rt3,M1,CZ10,cPTAC,0.0,0.0,462195510.76,0.0,0.0,1314728151533.44,,,,
Rt3,M1,CZ11,cPTAC,0.0,0.0,2597135608.04,0.0,0.0,1258363586686.68,,,,
Rt3,M1,CZ12,cPTAC,0.0,0.0,613872457.8,0.0,0.0,915029912101.78,,,,
Rt3,M1,CZ13,cPTAC,0.0,0.0,3467005451.86,0.0,0.0,1325434210474.85,,,,
Rt3,M1,CZ14,cPTAC,0.0,0.0,654999401.76,0.0,0.0,1257806527106.94,,,,
Rt3,M1,CZ15,cPTAC,0.0,0.0,20026593126.12,0.0,0.0,2305402102911.27,,,,
Rt3,M1,CZ16,cPTAC,0.0,0.0,96992243.65,0.0,0.0,446831080005.69,,,,
Rt3,M1,CZ01,cPVVG,3979120379.2,0.0,0.0,775223290872.18,0.0,55228416171.2,,,,
Rt3,M1,CZ02,cPVVG,19334451843.1,0.0,51295740.03,693898227063.89,0.0,584908779716.74,,,,
Rt3,M1,CZ03,cPVVG,2923880445.54,0.0,224.3,402248904157.89,0.0,313412245522.46,,,,
Rt3,M1,CZ04,cPVVG,20035034326.79,0.0,298953814.64,592356131298.38,0.0,932089390079.62,,,,
Rt3,M1,CZ05,cPVVG,3414112338.93,0.0,0.0,376137419142.33,0.0,377509656047.23,,,,
Rt3,M1,CZ06,cPVVG,59901783.3,0.0,1528058.03,105706157372.26,0.0,711768809482.67,,,,
Rt3,M1,CZ07,cPVVG,39121411.96,0.0,8093433.8,91466130325.96,0.0,757235903308.13,,,,
Rt3,M1,CZ08,cPVVG,267739020.51,0.0,104336564.27,122968416211.13,0.0,1112599992144.86,,,,
Rt3,M1,CZ09,cPVVG,1950712236.83,0.0,183536406.77,179912127708.43,0.0,1106109814776.95,,,,
Rt3,M1,CZ10,cPVVG,7152965969.53,0.0,272833704.98,228787588287.82,0.0,1292465263572.67,,,,
Rt3,M1,CZ11,cPVVG,21630185956.42,0.0,1787226256.88,613068584023.66,0.0,1251522307816.92,,,,
Rt3,M1,CZ12,cPVVG,14389374108.65,0.0,440539548.73,597825286419.14,0.0,913126123991.51,,,,
Rt3,M1,CZ13,cPVVG,8435777944.11,0.0,2378785722.95,487002757479.62,0.0,1319052861931.8,,,,
Rt3,M1,CZ14,cPVVG,11466824680.62,0.0,439826426.66,452590124396.67,0.0,1252378543562.62,,,,
Rt3,M1,CZ15,cPVVG,360839610.41,0.0,14123521674.32,64207041491.43,0.0,2285764697690.98,,,,
Rt3,M1,CZ16,cPVVG,57744081495.81,0.0,64818723.76,994464682681.57,0.0,443354377847.06,,,,
Rt3,M2,CZ01,cDXGF,24798072.25,0.0,0.0,51925955248.87,0.0,1158501320938.84,,,,
Rt3,M2,CZ02,cDXGF,391919209.97,0.0,258231901.04,63026053325.34,0.0,1434337726527.01,,,,
Rt3,M2,CZ03,cDXGF,31536573.25,0.0,8358669.86,38095094719.14,0.0,1335824979030.48,,,,
Rt3,M2,CZ04,cDXGF,349844240.35,0.0,505363907.81,54521634987.22,0.0,1621950689273.33,,,,
Rt3,M2,CZ05,cDXGF,45866607.99,0.0,0.0,38097067644.4,0.0,1365938332389.43,,,,
Rt3,M2,CZ06,cDXGF,0.0,0.0,21823353.17,7922037843.34,0.0,1539938661199.69,,,,
Rt3,M2,CZ07,cDXGF,0.0,0.0,35023617.45,7164340063.62,0.0,1569536253276.39,,,,
Rt3,M2,CZ08,cDXGF,1109383.07,0.0,285800191.77,9208906868.71,0.0,1744044298175.72,,,,
Rt3,M2,CZ09,cDXGF,12212144.3,0.0,356526749.89,14093042570.14,0.0,1757320829308.45,,,,
Rt3,M2,CZ10,cDXGF,113869840.04,0.0,559598914.2,24405137137.37,0.0,1849747572625.95,,,,
Rt3,M2,CZ11,cDXGF,430663730.88,0.0,2545472903.01,46825386302.25,0.0,1753311720704.59,,,,
Rt3,M2,CZ12,cDXGF,178736425.55,0.0,721116556.89,44621547505.14,0.0,1604736144381.4,,,,
Rt3,M2,CZ13,cDXGF,42256490.12,0.0,3244435798.92,28776876230.22,0.0,1827166653515.21,,,,
Rt3,M2,CZ14,cDXGF,110831862.76,0.0,586987597.08,28699865902.72,0.0,1765091545538.3,,,,
Rt3,M2,CZ15,cDXGF,1171071.68,0.0,15896753175.34,2237317092.08,0.0,2268531253255.33,,,,
Rt3,M2,CZ16,cDXGF,1682747180.84,0.0,284613057.26,78016839218.85,0.0,1433818567503.11,,,,
Rt3,M2,CZ01,cDXHP,0.0,7824409.77,0.0,0.0,13365222070.47,1173201994212.95,,,,
Rt3,M2,CZ02,cDXHP,0.0,117235919.26,258552182.83,0.0,16744040468.65,1445872089549.37,,,,
Rt3,M2,CZ03,cDXHP,0.0,8437030.17,8363024.18,0.0,9269480263.29,1350751902359.28,,,,
Rt3,M2,CZ04,cDXHP,0.0,109913463.37,505867589.7,0.0,14921785186.74,1631008277126.85,,,,
Rt3,M2,CZ05,cDXHP,0.0,13385584.81,0.0,0.0,9511101183.54,1381855640613.56,,,,
Rt3,M2,CZ06,cDXHP,0.0,0.0,21823285.1,0.0,1834723096.98,1555607398513.62,,,,
Rt3,M2,CZ07,cDXHP,0.0,0.0,35029639.85,0.0,1637248359.64,1582418030254.71,,,,
Rt3,M2,CZ08,cDXHP,0.0,288920.54,285819145.54,0.0,2184119250.51,1753062050549.49,,,,
Rt3,M2,CZ09,cDXHP,0.0,3328237.6,356433098.38,0.0,3446276965.75,1764478819738.88,,,,
Rt3,M2,CZ10,cDXHP,0.0,30728585.93,558859067.59,0.0,6008685390.16,1854628189589.96,,,,
Rt3,M2,CZ11,cDXHP,0.0,126301978.49,2544866496.69,0.0,12460216973.04,1758485607219.19,,,,
Rt3,M2,CZ12,cDXHP,0.0,49799900.67,721057952.41,0.0,11749122579.41,1613241808210.86,,,,
Rt3,M2,CZ13,cDXHP,0.0,12059697.41,3242854914.29,0.0,7487467565.63,1831959324780.89,,,,
Rt3,M2,CZ14,cDXHP,0.0,36703672.63,588059612.89,0.0,8287594775.84,1773691913149.35,,,,
Rt3,M2,CZ15,cDXHP,0.0,330591.73,15896103561.63,0.0,557008483.63,2268516949558.4,,,,
Rt3,M2,CZ16,cDXHP,0.0,558965894.31,284644844.35,0.0,23787252959.77,1445579272036.85,,,,
Rt3,M2,CZ01,cPTAC,0.0,0.0,0.0,0.0,0.0,1153888738627.79,,,,
Rt3,M2,CZ02,cPTAC,0.0,0.0,258226777.92,0.0,0.0,1429151202588.76,,,,
Rt3,M2,CZ03,cPTAC,0.0,0.0,8358445.74,0.0,0.0,1332703547203.71,,,,
Rt3,M2,CZ04,cPTAC,0.0,0.0,505358984.22,0.0,0.0,1617202988678.96,,,,
Rt3,M2,CZ05,cPTAC,0.0,0.0,0.0,0.0,0.0,1362628741091.08,,,,
Rt3,M2,CZ06,cPTAC,0.0,0.0,21823353.17,0.0,0.0,1539258811934.29,,,,
Rt3,M2,CZ07,cPTAC,0.0,0.0,35023617.45,0.0,0.0,1568883939756.62,,,,
Rt3,M2,CZ08,cPTAC,0.0,0.0,285800191.41,0.0,0.0,1743165355107.06,,,,
Rt3,M2,CZ09,cPTAC,0.0,0.0,356526746.26,0.0,0.0,1756019263834.7,,,,
Rt3,M2,CZ10,cPTAC,0.0,0.0,559598808.12,0.0,0.0,1847696549796.51,,,,
Rt3,M2,CZ11,cPTAC,0.0,0.0,2545469963.3,0.0,0.0,1749293441302.55,,,,
Rt3,M2,CZ12,cPTAC,0.0,0.0,721116273.05,0.0,0.0,1600835213792.66,,,,
Rt3,M2,CZ13,cPTAC,0.0,0.0,3244435773.09,0.0,0.0,1824502112652.5,,,,
Rt3,M2,CZ14,cPTAC,0.0,0.0,586987586.74,0.0,0.0,1762230775608.81,,,,
Rt3,M2,CZ15,cPTAC,0.0,0.0,15896753175.32,0.0,0.0,2268158781794.96,,,,
Rt3,M2,CZ16,cPTAC,0.0,0.0,284612048.39,0.0,0.0,1427674086277.49,,,,
Rt3,M2,CZ01,cPVVG,135411166.12,0.0,0.0,92930223628.76,0.0,1042279846891.88,,,,
Rt3,M2,CZ02,cPVVG,1917877386.31,0.0,172807857.29,120366149476.39,0.0,1300566667615.17,,,,
Rt3,M2,CZ03,cPVVG,147518316.21,0.0,4352102.02,70394960060.68,0.0,1209914130099.75,,,,
Rt3,M2,CZ04,cPVVG,2096866054.2,0.0,344649203.1,110277686536.05,0.0,1479936534427.68,,,,
Rt3,M2,CZ05,cPVVG,226295201.05,0.0,0.0,70493418958.45,0.0,1235621237703.82,,,,
Rt3,M2,CZ06,cPVVG,0.0,0.0,12890998.79,18305734773.01,0.0,1411809163573.34,,,,
Rt3,M2,CZ07,cPVVG,0.0,0.0,22651609.55,16859915856.07,0.0,1431133034087.76,,,,
Rt3,M2,CZ08,cPVVG,11133055.15,0.0,187547417.0,21926243117.37,0.0,1604594417798.42,,,,
Rt3,M2,CZ09,cPVVG,121372456.57,0.0,226376461.99,32116983630.45,0.0,1610854151702.38,,,,
Rt3,M2,CZ10,cPVVG,844991190.0,0.0,359557069.34,52965821177.91,0.0,1696908929019.61,,,,
Rt3,M2,CZ11,cPVVG,2544322362.61,0.0,1696403613.99,103725117814.39,0.0,1613386575469.98,,,,
Rt3,M2,CZ12,cPVVG,1208033325.96,0.0,513277468.82,93299606753.28,0.0,1469755063745.91,,,,
Rt3,M2,CZ13,cPVVG,427286669.78,0.0,2100359389.88,66885550454.33,0.0,1687874275623.85,,,,
Rt3,M2,CZ14,cPVVG,824033943.64,0.0,378076179.44,61179953619.21,0.0,1624998096767.69,,,,
Rt3,M2,CZ15,cPVVG,10062426.83,0.0,9796039142.24,5882331263.84,0.0,2142511753309.64,,,,
Rt3,M2,CZ16,cPVVG,7763158199.44,0.0,188109645.76,159938622421.93,0.0,1272451132761.28,,,,
Rt3,M3,CZ01,cDXGF,116810580914.29,0.0,1009765940964.71,116810580914.29,0.0,1009806712876.0,,,,
Rt3,M3,CZ02,cDXGF,156464254603.99,0.0,1249378687417.54,156464254603.99,0.0,1249378687417.54,,,,
Rt3,M3,CZ03,cDXGF,92498233594.45,0.0,1170511170218.56,92498233594.45,0.0,1170511170218.56,,,,
Rt3,M3,CZ04,cDXGF,145161821432.86,0.0,1421987288152.67,145161821432.86,0.0,1422179524872.75,,,,
Rt3,M3,CZ05,cDXGF,93407492883.36,0.0,1191065751346.85,93407492883.36,0.0,1191229245873.75,,,,
Rt3,M3,CZ06,cDXGF,28024408186.77,0.0,1356781261154.9,28024408186.77,0.0,1360055317825.7,,,,
Rt3,M3,CZ07,cDXGF,26735655062.08,0.0,1375042729209.57,26735655062.08,0.0,1376140056625.22,,,,
Rt3,M3,CZ08,cDXGF,33421521644.61,0.0,1539123062741.23,33421521644.61,0.0,1539979644985.8,,,,
Rt3,M3,CZ09,cDXGF,47219118037.45,0.0,1545309765915.56,47219118037.45,0.0,1546014332702.38,,,,
Rt3,M3,CZ10,cDXGF,75963637765.58,0.0,1625727307942.95,75963637765.58,0.0,1626659236038.99,,,,
Rt3,M3,CZ11,cDXGF,141340694848.87,0.0,1553419972258.74,141340694848.87,0.0,1553419972258.74,,,,
Rt3,M3,CZ12,cDXGF,126046979439.49,0.0,1413536385327.09,126046979439.49,0.0,1413536385327.09,,,,
Rt3,M3,CZ13,cDXGF,96442985456.54,0.0,1626847300361.13,96442985456.54,0.0,1626847300361.13,,,,
Rt3,M3,CZ14,cDXGF,83640474062.77,0.0,1562788764356.66,83640474062.77,0.0,1562788764356.66,,,,
Rt3,M3,CZ15,cDXGF,10437261754.67,0.0,2080886963539.34,10437261754.67,0.0,2080886963539.34,,,,
Rt3,M3,CZ16,cDXGF,208270949099.01,0.0,1206617622499.35,208270949099.01,0.0,1206617622499.35,,,,
Rt3,M3,CZ01,cDXHP,0.0,29167571676.72,1002858523547.46,0.0,29167571676.72,1002858523547.46,,,,
Rt3,M3,CZ02,cDXHP,0.0,39921311990.38,1246983917674.18,0.0,39921311990.38,1246983917674.18,,,,
Rt3,M3,CZ03,cDXHP,0.0,22319948610.27,1165857172502.91,0.0,22319948610.27,1165857172502.91,,,,
Rt3,M3,CZ04,cDXHP,0.0,37725710945.34,1422137689785.55,0.0,37725710945.34,1422217788284.51,,,,
Rt3,M3,CZ05,cDXHP,0.0,22858039677.79,1185188560041.05,0.0,22858039677.79,1185188560041.05,,,,
Rt3,M3,CZ06,cDXHP,0.0,6576252003.28,1355099078340.82,0.0,6576252003.28,1355405825417.97,,,,
Rt3,M3,CZ07,cDXHP,0.0,6229537477.47,1372401868250.4,0.0,6229537477.47,1372401868250.4,,,,
Rt3,M3,CZ08,cDXHP,0.0,7996509620.14,1539655204530.24,0.0,7996509620.14,1539941495895.84,,,,
Rt3,M3,CZ09,cDXHP,0.0,11486349641.87,1545279199785.54,0.0,11486349641.87,1545520026377.33,,,,
Rt3,M3,CZ10,cDXHP,0.0,18461134273.72,1626448926344.68,0.0,18461134273.72,1627156019724.16,,,,
Rt3,M3,CZ11,cDXHP,0.0,36150021796.04,1557448301550.48,0.0,36150021796.04,1557448301550.48,,,,
Rt3,M3,CZ12,cDXHP,0.0,31985348569.49,1414977006369.26,0.0,31985348569.49,1414977006369.26,,,,
Rt3,M3,CZ13,cDXHP,0.0,24379225379.88,1630506791524.4,0.0,24379225379.88,1630506791524.4,,,,
Rt3,M3,CZ14,cDXHP,0.0,22589950066.97,1563975698858.13,0.0,22589950066.97,1563975698858.13,,,,
Rt3,M3,CZ15,cDXHP,0.0,2594949416.98,2080909729597.15,0.0,2594949416.98,2080909729597.15,,,,
Rt3,M3,CZ16,cDXHP,0.0,58957063029.78,1194026291492.11,0.0,58957063029.78,1194026291492.11,,,,
Rt3,M3,CZ01,cPTAC,0.0,0.0,1004343866823.39,0.0,0.0,1004384638256.05,,,,
Rt3,M3,CZ02,cPTAC,0.0,0.0,1243506664480.61,0.0,0.0,1243506664480.61,,,,
Rt3,M3,CZ03,cPTAC,0.0,0.0,1166836756272.21,0.0,0.0,1166836756272.21,,,,
Rt3,M3,CZ04,cPTAC,0.0,0.0,1416561827953.55,0.0,0.0,1416754064668.38,,,,
Rt3,M3,CZ05,cPTAC,0.0,0.0,1187143215191.91,0.0,0.0,1187306709307.22,,,,
Rt3,M3,CZ06,cPTAC,0.0,0.0,1355776052008.01,0.0,0.0,1359050101107.59,,,,
Rt3,M3,CZ07,cPTAC,0.0,0.0,1374142252201.86,0.0,0.0,1375239576410.8,,,,
Rt3,M3,CZ08,cPTAC,0.0,0.0,1537898843282.99,0.0,0.0,1538755425523.48,,,,
Rt3,M3,CZ09,cPTAC,0.0,0.0,1543611197793.22,0.0,0.0,1544315764546.75,,,,
Rt3,M3,CZ10,cPTAC,0.0,0.0,1623317785197.5,0.0,0.0,1624249713249.52,,,,
Rt3,M3,CZ11,cPTAC,0.0,0.0,1548923957631.68,0.0,0.0,1548923957631.68,,,,
Rt3,M3,CZ12,cPTAC,0.0,0.0,1409101389849.41,0.0,0.0,1409101389849.41,,,,
Rt3,M3,CZ13,cPTAC,0.0,0.0,1623729401881.19,0.0,0.0,1623729401881.19,,,,
Rt3,M3,CZ14,cPTAC,0.0,0.0,1559439835165.69,0.0,0.0,1559439835165.69,,,,
Rt3,M3,CZ15,cPTAC,0.0,0.0,2080444086952.59,0.0,0.0,2080444086952.59,,,,
Rt3,M3,CZ16,cPTAC,0.0,0.0,1199196730365.75,0.0,0.0,1199196730365.75,,,,
Rt3,M3,CZ01,cPVVG,220220842.27,0.0,0.0,125385740371.53,0.0,1001749814865.42,,,,
Rt3,M3,CZ02,cPVVG,3833105368.24,0.0,121625907.22,170065777172.89,0.0,1255240084630.41,,,,
Rt3,M3,CZ03,cPVVG,312069995.45,0.0,1959322.89,99509841483.29,0.0,1171916322087.35,,,,
Rt3,M3,CZ04,cPVVG,4425858363.37,0.0,247535667.39,157937879250.23,0.0,1435752055341.66,,,,
Rt3,M3,CZ05,cPVVG,448957879.76,0.0,0.0,99892064253.76,0.0,1194605237931.69,,,,
Rt3,M3,CZ06,cPVVG,0.0,0.0,7453028.51,29996647806.33,0.0,1375318367432.16,,,,
Rt3,M3,CZ07,cPVVG,0.0,0.0,16333424.25,28606451744.73,0.0,1388808121117.02,,,,
Rt3,M3,CZ08,cPVVG,35625105.05,0.0,128581965.21,35902322621.88,0.0,1559258926600.67,,,,
Rt3,M3,CZ09,cPVVG,345974833.33,0.0,146050092.26,50859134368.54,0.0,1565961747623.69,,,,
Rt3,M3,CZ10,cPVVG,2018439887.06,0.0,239887931.79,81951841004.86,0.0,1651989683846.05,,,,
Rt3,M3,CZ11,cPVVG,5114984751.74,0.0,1176191401.1,154622055836.4,0.0,1574458670544.5,,,,
Rt3,M3,CZ12,cPVVG,2722696315.85,0.0,387617330.46,137667274752.25,0.0,1428674342907.86,,,,
Rt3,M3,CZ13,cPVVG,1239476630.2,0.0,1405419107.24,105132296819.97,0.0,1650428245979.55,,,,
Rt3,M3,CZ14,cPVVG,1825782110.81,0.0,248700885.0,90590843551.39,0.0,1582063920713.08,,,,
Rt3,M3,CZ15,cPVVG,27643354.14,0.0,6121701238.12,11124821196.59,0.0,2122897799919.37,,,,
Rt3,M3,CZ16,cPVVG,14182500550.33,0.0,131566301.94,227214467438.78,0.0,1209261323885.71,,,,
Rt3,M4,CZ01,cDXGF,2614995042.98,0.0,0.0,480582690234.28,0.0,296946185435.36,,,,
Rt3,M4,CZ02,cDXGF,11848990795.94,0.0,138787118.47,424250703797.54,0.0,843813156582.29,,,,
Rt3,M4,CZ03,cDXGF,1667048271.09,0.0,2092954.39,235342119692.95,0.0,665571956852.93,,,,
Rt3,M4,CZ04,cDXGF,11610659892.99,0.0,469750380.72,351166758864.6,0.0,1177278531099.43,,,,
Rt3,M4,CZ05,cDXGF,2049008847.04,0.0,0.0,219929116779.94,0.0,729680112334.88,,,,
Rt3,M4,CZ06,cDXGF,13676432.39,0.0,9662126.72,50578231252.78,0.0,1097148281683.32,,,,
Rt3,M4,CZ07,cDXGF,7809602.56,0.0,19783526.11,42222425165.19,0.0,1125442531394.86,,,,
Rt3,M4,CZ08,cDXGF,109798410.52,0.0,199809463.77,59261585573.4,0.0,1423962740390.53,,,,
Rt3,M4,CZ09,cDXGF,875067385.11,0.0,333510096.81,89433990003.25,0.0,1413565301805.53,,,,
Rt3,M4,CZ10,cDXGF,3294945545.87,0.0,498631095.33,116976176721.27,0.0,1582145614064.61,,,,
Rt3,M4,CZ11,cDXGF,12610154551.9,0.0,2636162410.29,360162616703.14,0.0,1459838714558.21,,,,
Rt3,M4,CZ12,cDXGF,8059325052.99,0.0,672208661.35,349829054503.56,0.0,1153087452728.88,,,,
Rt3,M4,CZ13,cDXGF,4267284155.69,0.0,3489682027.79,266571478051.91,0.0,1538038393696.95,,,,
Rt3,M4,CZ14,cDXGF,7004310616.67,0.0,656085308.33,262831857202.08,0.0,1476716289213.1,,,,
Rt3,M4,CZ15,cDXGF,202976871.07,0.0,20034342753.0,28630993818.61,0.0,2476796615619.8,,,,
Rt3,M4,CZ16,cDXGF,36461452826.99,0.0,207065959.17,601220720731.66,0.0,748193065171.73,,,,
Rt3,M4,CZ01,cDXHP,0.0,794005793.27,0.0,0.0,120939867674.89,293562117380.77,,,,
Rt3,M4,CZ02,cDXHP,0.0,3480973504.29,139358181.74,0.0,110821369999.77,851203539590.85,,,,
Rt3,M4,CZ03,cDXHP,0.0,442817892.62,2098703.39,0.0,57218781239.14,661545735733.81,,,,
Rt3,M4,CZ04,cDXHP,0.0,3613021197.39,464866282.81,0.0,94676656492.47,1200242469225.13,,,,
Rt3,M4,CZ05,cDXHP,0.0,577750391.92,0.0,0.0,54591506393.44,726976506675.0,,,,
Rt3,M4,CZ06,cDXHP,0.0,3427114.8,9660370.39,0.0,11897430843.65,1064680587248.52,,,,
Rt3,M4,CZ07,cDXHP,0.0,2039167.91,19781614.57,0.0,9871202334.85,1099360490215.65,,,,
Rt3,M4,CZ08,cDXHP,0.0,28260461.97,200263933.04,0.0,14356112600.1,1412270469373.85,,,,
Rt3,M4,CZ09,cDXHP,0.0,234698683.7,303505588.38,0.0,22089018162.41,1411640480869.77,,,,
Rt3,M4,CZ10,cDXHP,0.0,890640880.07,486528598.4,0.0,28967382440.72,1584244997675.13,,,,
Rt3,M4,CZ11,cDXHP,0.0,3731435856.55,2609569536.47,0.0,94873111685.29,1479100876975.46,,,,
Rt3,M4,CZ12,cDXHP,0.0,2280517305.87,673706960.03,0.0,91031723022.88,1166643003771.96,,,,
Rt3,M4,CZ13,cDXHP,0.0,1208982424.78,3489789540.92,0.0,69272683865.52,1555254234249.09,,,,
Rt3,M4,CZ14,cDXHP,0.0,2296427326.23,630666904.44,0.0,74160420367.28,1504344498348.64,,,,
Rt3,M4,CZ15,cDXHP,0.0,56271387.99,20021724954.97,0.0,7233483704.8,2476984380761.27,,,,
Rt3,M4,CZ16,cDXHP,0.0,12001919146.92,207318361.9,0.0,180060791691.37,758534562009.98,,,,
Rt3,M4,CZ01,cPTAC,0.0,0.0,0.0,0.0,0.0,283057248469.93,,,,
Rt3,M4,CZ02,cPTAC,0.0,0.0,138573024.96,0.0,0.0,828721356112.96,,,,
Rt3,M4,CZ03,cPTAC,0.0,0.0,2090223.92,0.0,0.0,657027059748.13,,,,
Rt3,M4,CZ04,cPTAC,0.0,0.0,469734844.68,0.0,0.0,1161441176403.32,,,,
Rt3,M4,CZ05,cPTAC,0.0,0.0,0.0,0.0,0.0,718299409681.92,,,,
Rt3,M4,CZ06,cPTAC,0.0,0.0,9662126.72,0.0,0.0,1094490869504.45,,,,
Rt3,M4,CZ07,cPTAC,0.0,0.0,19783526.11,0.0,0.0,1123107128384.77,,,,
Rt3,M4,CZ08,cPTAC,0.0,0.0,199809455.93,0.0,0.0,1420384035064.45,,,,
Rt3,M4,CZ09,cPTAC,0.0,0.0,333510027.27,0.0,0.0,1408737693464.63,,,,
Rt3,M4,CZ10,cPTAC,0.0,0.0,498630830.43,0.0,0.0,1576197289795.99,,,,
Rt3,M4,CZ11,cPTAC,0.0,0.0,2636156587.48,0.0,0.0,1449003389399.41,,,,
Rt3,M4,CZ12,cPTAC,0.0,0.0,672030310.59,0.0,0.0,1143388975149.11,,,,
Rt3,M4,CZ13,cPTAC,0.0,0.0,3489681340.74,0.0,0.0,1530792465446.95,,,,
Rt3,M4,CZ14,cPTAC,0.0,0.0,656085128.17,0.0,0.0,1463959643112.77,,,,
Rt3,M4,CZ15,cPTAC,0.0,0.0,20034342752.99,0.0,0.0,2474731367538.47,,,,
Rt3,M4,CZ16,cPTAC,0.0,0.0,207049298.11,0.0,0.0,731606666640.71,,,,
Rt3,M4,CZ01,cPVVG,3979090946.53,0.0,0.0,774951046913.0,0.0,197012599016.58,,,,
Rt3,M4,CZ02,cPVVG,19332729623.48,0.0,73718889.19,693701068480.59,0.0,731207894992.8,,,,
Rt3,M4,CZ03,cPVVG,2923838476.71,0.0,430367.42,402085481420.32,0.0,537981059212.77,,,,
Rt3,M4,CZ04,cPVVG,20035178068.68,0.0,305032399.21,592208953830.14,0.0,1067274193089.68,,,,
Rt3,M4,CZ05,cPVVG,3414022889.74,0.0,0.0,375951514924.26,0.0,595803745207.92,,,,
Rt3,M4,CZ06,cPVVG,59899526.32,0.0,2014604.07,105632632417.15,0.0,952909726112.88,,,,
Rt3,M4,CZ07,cPVVG,39109730.44,0.0,8094645.69,91403389429.58,0.0,970866258792.07,,,,
Rt3,M4,CZ08,cPVVG,267728048.35,0.0,106575107.07,122885879980.01,0.0,1281386361021.63,,,,
Rt3,M4,CZ09,cPVVG,1950664771.64,0.0,184907563.71,179833113951.39,0.0,1271891116812.02,,,,
Rt3,M4,CZ10,cPVVG,7150862585.96,0.0,287182871.84,228712855163.51,0.0,1443632277535.28,,,,
Rt3,M4,CZ11,cPVVG,21630027624.07,0.0,1797612999.18,612976191649.26,0.0,1362879741349.32,,,,
Rt3,M4,CZ12,cPVVG,14389285847.2,0.0,461897201.55,597718718444.4,0.0,1047794972984.0,,,,
Rt3,M4,CZ13,cPVVG,8435735371.18,0.0,2388859429.1,486904753094.15,0.0,1439856146320.94,,,,
Rt3,M4,CZ14,cPVVG,11458140527.07,0.0,439912620.4,452512447842.61,0.0,1375677878168.32,,,,
Rt3,M4,CZ15,cPVVG,360839171.05,0.0,14127740478.49,64177674697.2,0.0,2382269024816.54,,,,
Rt3,M4,CZ16,cPVVG,57741702809.92,0.0,108913719.27,994356875120.98,0.0,619780835704.49,,,,
Rt3,M5,CZ01,cDXGF,145629766074.25,0.0,750436921758.13,145629766074.25,0.0,750537869771.37,,,,
Rt3,M5,CZ02,cDXGF,184583209284.76,0.0,1091956918163.17,184583209284.76,0.0,1096871181001.23,,,,
Rt3,M5,CZ03,cDXGF,109535495531.6,0.0,981989394338.3,109535495531.6,0.0,982404285030.21,,,,
Rt3,M5,CZ04,cDXGF,168836630978.35,0.0,1284233887799.63,168836630978.35,0.0,1317114433588.15,,,,
Rt3,M5,CZ05,cDXGF,110104198766.7,0.0,1011029117065.37,110104198766.7,0.0,1013740478940.38,,,,
Rt3,M5,CZ06,cDXGF,31864954870.57,0.0,1280461824411.51,31864954870.57,0.0,1287748063826.44,,,,
Rt3,M5,CZ07,cDXGF,30051740464.28,0.0,1294498369331.68,30051740464.28,0.0,1300377213755.71,,,,
Rt3,M5,CZ08,cDXGF,37790017872.12,0.0,1512369588971.05,37790017872.12,0.0,1523856787457.22,,,,
Rt3,M5,CZ09,cDXGF,53661883475.95,0.0,1483284159835.14,53661883475.95,0.0,1497994783336.02,,,,
Rt3,M5,CZ10,cDXGF,85090250070.48,0.0,1613462967415.54,85090250070.48,0.0,1626669432737.9,,,,
Rt3,M5,CZ11,cDXGF,163126212618.12,0.0,1504641034894.38,163126212618.12,0.0,1519869672448.42,,,,
Rt3,M5,CZ12,cDXGF,146688120817.26,0.0,1318050572904.59,146688120817.26,0.0,1324196561088.16,,,,
Rt3,M5,CZ13,cDXGF,110920770091.66,0.0,1602666482986.11,110920770091.66,0.0,1606565711910.69,,,,
Rt3,M5,CZ14,cDXGF,99239308682.84,0.0,1463022692413.95,99239308682.84,0.0,1483857242956.61,,,,
Rt3,M5,CZ15,cDXGF,11890895310.62,0.0,2233746598061.03,11890895310.62,0.0,2264630225965.51,,,,
Rt3,M5,CZ16,cDXGF,250906640025.07,0.0,954122995111.01,250906640025.07,0.0,954122995111.01,,,,
Rt3,M5,CZ01,cDXHP,0.0,36339323338.16,840745850301.84,0.0,37732885197.42,840745850301.84,,,,
Rt3,M5,CZ02,cDXHP,0.0,47287345336.17,1163290316223.56,0.0,48585330505.56,1163374254642.55,,,,
Rt3,M5,CZ03,cDXHP,0.0,26421643415.32,1061710588382.11,0.0,26440006461.59,1061710588382.11,,,,
Rt3,M5,CZ04,cDXHP,0.0,45124376763.26,1354348213654.16,0.0,45760591175.02,1355806415548.09,,,,
Rt3,M5,CZ05,cDXHP,0.0,26806939745.88,1089255402344.17,0.0,27221171410.46,1089255402344.17,,,,
Rt3,M5,CZ06,cDXHP,0.0,7401067643.92,1339043867046.22,0.0,7401067643.92,1340054507599.81,,,,
Rt3,M5,CZ07,cDXHP,0.0,6929187341.53,1351086046063.78,0.0,6929187341.53,1351564041302.67,,,,
Rt3,M5,CZ08,cDXHP,0.0,9016557373.35,1564335557358.9,0.0,9016557373.35,1567072448493.27,,,,
Rt3,M5,CZ09,cDXHP,0.0,13062720323.66,1530075259041.9,0.0,13062720323.66,1533572319245.51,,,,
Rt3,M5,CZ10,cDXHP,0.0,20713186039.39,1648837656282.69,0.0,20713186039.39,1653025281251.81,,,,
Rt3,M5,CZ11,cDXHP,0.0,42657709762.26,1543568670205.04,0.0,42790136537.04,1543695733765.13,,,,
Rt3,M5,CZ12,cDXHP,0.0,37992143900.48,1378586296968.37,0.0,38189192183.6,1378586296968.37,,,,
Rt3,M5,CZ13,cDXHP,0.0,28599855334.55,1635762333131.66,0.0,28599855334.55,1636208946402.22,,,,
Rt3,M5,CZ14,cDXHP,0.0,28351360480.84,1499107700560.92,0.0,28626317862.97,1499501193682.46,,,,
Rt3,M5,CZ15,cDXHP,0.0,2941923608.93,2234140006977.3,0.0,2941923608.93,2264355473940.5,,,,
Rt3,M5,CZ16,cDXHP,0.0,75362332511.87,1004687818422.48,0.0,78543951140.31,1004687818422.48,,,,
Rt3,M5,CZ01,cPTAC,0.0,0.0,729418026091.15,0.0,0.0,729518963076.48,,,,
Rt3,M5,CZ02,cPTAC,0.0,0.0,1070365434310.84,0.0,0.0,1075279659707.15,,,,
Rt3,M5,CZ03,cPTAC,0.0,0.0,970218507075.39,0.0,0.0,970633397357.99,,,,
Rt3,M5,CZ04,cPTAC,0.0,0.0,1266248518151.06,0.0,0.0,1299129042206.86,,,,
Rt3,M5,CZ05,cPTAC,0.0,0.0,998222367075.18,0.0,0.0,1000933706954.07,,,,
Rt3,M5,CZ06,cPTAC,0.0,0.0,1276650324576.33,0.0,0.0,1283936548780.4,,,,
Rt3,M5,CZ07,cPTAC,0.0,0.0,1290569553643.55,0.0,0.0,1296448393636.01,,,,
Rt3,M5,CZ08,cPTAC,0.0,0.0,1507289281513.87,0.0,0.0,1518776479970.9,,,,
Rt3,M5,CZ09,cPTAC,0.0,0.0,1477334784087.4,0.0,0.0,1492045407267.73,,,,
Rt3,M5,CZ10,cPTAC,0.0,0.0,1606575487436.72,0.0,0.0,1619781951919.36,,,,
Rt3,M5,CZ11,cPTAC,0.0,0.0,1479080487975.81,0.0,0.0,1494309126816.81,,,,
Rt3,M5,CZ12,cPTAC,0.0,0.0,1300109039180.09,0.0,0.0,1306255027327.59,,,,
Rt3,M5,CZ13,cPTAC,0.0,0.0,1591017651409.73,0.0,0.0,1594916880334.3,,,,
Rt3,M5,CZ14,cPTAC,0.0,0.0,1447312544262.42,0.0,0.0,1468147094805.08,,,,
Rt3,M5,CZ15,cPTAC,0.0,0.0,2231405837927.43,0.0,0.0,2262289465831.9,,,,
Rt3,M5,CZ16,cPTAC,0.0,0.0,919140581824.87,0.0,0.0,919140581824.87,,,,
Rt3,M5,CZ01,cPVVG,276762772.4,0.0,0.0,155453042090.27,0.0,747334264438.84,,,,
Rt3,M5,CZ02,cPVVG,4399871567.08,0.0,113697807.2,199944129242.93,0.0,1105364224875.76,,,,
Rt3,M5,CZ03,cPVVG,361527508.49,0.0,1776122.49,117578128010.81,0.0,986742941619.82,,,,
Rt3,M5,CZ04,cPVVG,5040027510.31,0.0,250443242.88,182836857295.68,0.0,1334381660107.52,,,,
Rt3,M5,CZ05,cPVVG,532339900.06,0.0,0.0,117518071189.77,0.0,1019806541381.23,,,,
Rt3,M5,CZ06,cPVVG,0.0,0.0,6840274.29,34036624741.51,0.0,1304166131644.71,,,,
Rt3,M5,CZ07,cPVVG,0.0,0.0,15431984.2,32093132300.84,0.0,1314018532808.74,,,,
Rt3,M5,CZ08,cPVVG,39378008.84,0.0,124026441.79,40551376374.7,0.0,1545130612163.64,,,,
Rt3,M5,CZ09,cPVVG,385072656.57,0.0,163923037.37,57751323010.35,0.0,1520298287605.76,,,,
Rt3,M5,CZ10,cPVVG,2231415124.9,0.0,243302472.98,91711356561.68,0.0,1654775936755.65,,,,
Rt3,M5,CZ11,cPVVG,5759605396.49,0.0,1223984288.27,178217013516.99,0.0,1545064005000.77,,,,
Rt3,M5,CZ12,cPVVG,3043280811.65,0.0,388586501.33,159730852270.82,0.0,1342178809381.26,,,,
Rt3,M5,CZ13,cPVVG,1378001603.4,0.0,1461768753.29,120836512242.05,0.0,1633988812702.8,,,,
Rt3,M5,CZ14,cPVVG,2111490968.13,0.0,266311062.52,106774030360.66,0.0,1507948441128.28,,,,
Rt3,M5,CZ15,cPVVG,31466347.86,0.0,6553135003.94,12680714854.77,0.0,2314441880588.56,,,,
Rt3,M5,CZ16,cPVVG,16454878908.6,0.0,125695923.2,272377750223.61,0.0,960033722200.72,,,,
RtL,M1,CZ01,cDXGF,143986597.31,0.0,0.0,449391284427.67,0.0,34689387725.94,,,,
RtL,M1,CZ02,cDXGF,153081809.95,0.0,0.0,335431598692.81,0.0,606209089890.92,,,,
RtL,M1,CZ03,cDXGF,0.0,0.0,0.0,161530563000.68,0.0,305597468618.83,,,,
RtL,M1,CZ04,cDXGF,74290590.56,0.0,5027428.98,270319249327.08,0.0,959077159646.93,,,,
RtL,M1,CZ05,cDXGF,0.0,0.0,0.0,144667760323.8,0.0,378991242944.76,,,,
RtL,M1,CZ06,cDXGF,0.0,0.0,0.0,23400188467.12,0.0,699078158725.04,,,,
RtL,M1,CZ07,cDXGF,0.0,0.0,0.0,17632130174.2,0.0,758246349784.46,,,,
RtL,M1,CZ08,cDXGF,0.0,0.0,0.0,39819453072.92,0.0,1127418150852.62,,,,
RtL,M1,CZ09,cDXGF,0.0,0.0,0.0,64496387803.65,0.0,1124538441419.3,,,,
RtL,M1,CZ10,cDXGF,0.0,0.0,0.0,57609128294.19,0.0,1255260418695.65,,,,
RtL,M1,CZ11,cDXGF,715224435.21,0.0,88208876.27,298198052236.73,0.0,1270306582644.3,,,,
RtL,M1,CZ12,cDXGF,60893149.59,0.0,18119158.76,295187881313.11,0.0,939980364411.08,,,,
RtL,M1,CZ13,cDXGF,0.0,0.0,85498632.35,234239645170.67,0.0,1342221442267.14,,,,
RtL,M1,CZ14,cDXGF,805644392.11,0.0,0.0,253029132151.0,0.0,1301709506393.54,,,,
RtL,M1,CZ15,cDXGF,0.0,0.0,104521713.59,26318321592.24,0.0,2298562912049.81,,,,
RtL,M1,CZ16,cDXGF,6699172009.23,0.0,0.0,552149344881.33,0.0,472716350767.8,,,,
RtL,M1,CZ01,cDXHP,0.0,68886490.61,0.0,0.0,114978533133.12,34066070028.07,,,,
RtL,M1,CZ02,cDXHP,0.0,59219502.5,0.0,0.0,89380093915.98,611016566367.66,,,,
RtL,M1,CZ03,cDXHP,0.0,0.0,0.0,0.0,39873985942.27,306024883269.74,,,,
RtL,M1,CZ04,cDXHP,0.0,25865531.89,5035481.52,0.0,74582558078.43,965449657577.54,,,,
RtL,M1,CZ05,cDXHP,0.0,0.0,0.0,0.0,36915967236.44,381232577398.14,,,,
RtL,M1,CZ06,cDXHP,0.0,0.0,0.0,0.0,5489264280.48,675589641395.27,,,,
RtL,M1,CZ07,cDXHP,0.0,0.0,0.0,0.0,4119377254.68,740382174255.39,,,,
RtL,M1,CZ08,cDXHP,0.0,0.0,0.0,0.0,9726481461.93,1121121096082.07,,,,
RtL,M1,CZ09,cDXHP,0.0,0.0,0.0,0.0,16101517712.91,1123641105246.39,,,,
RtL,M1,CZ10,cDXHP,0.0,0.0,0.0,0.0,14637649895.99,1255920789097.24,,,,
RtL,M1,CZ11,cDXHP,0.0,240742944.75,88326276.47,0.0,79429568818.09,1272599916576.16,,,,
RtL,M1,CZ12,cDXHP,0.0,21154860.31,18167257.11,0.0,77792873096.33,945206642065.96,,,,
RtL,M1,CZ13,cDXHP,0.0,0.0,85622937.27,0.0,61372094919.12,1345934676736.99,,,,
RtL,M1,CZ14,cDXHP,0.0,299746331.79,0.0,0.0,72272199707.67,1309845235225.93,,,,
RtL,M1,CZ15,cDXHP,0.0,0.0,104521713.59,0.0,6624496004.54,2298562731805.72,,,,
RtL,M1,CZ16,cDXHP,0.0,2799282414.05,0.0,0.0,168374914622.81,479665823491.35,,,,
RtL,M1,CZ01,cPTAC,0.0,0.0,0.0,0.0,0.0,37828672128.52,,,,
RtL,M1,CZ02,cPTAC,0.0,0.0,0.0,0.0,0.0,605320999525.25,,,,
RtL,M1,CZ03,cPTAC,0.0,0.0,0.0,0.0,0.0,309779354837.0,,,,
RtL,M1,CZ04,cPTAC,0.0,0.0,5027428.55,0.0,0.0,957387971216.85,,,,
RtL,M1,CZ05,cPTAC,0.0,0.0,0.0,0.0,0.0,380230830927.7,,,,
RtL,M1,CZ06,cPTAC,0.0,0.0,0.0,0.0,0.0,705733625819.49,,,,
RtL,M1,CZ07,cPTAC,0.0,0.0,0.0,0.0,0.0,764132214784.89,,,,
RtL,M1,CZ08,cPTAC,0.0,0.0,0.0,0.0,0.0,1129979855018.77,,,,
RtL,M1,CZ09,cPTAC,0.0,0.0,0.0,0.0,0.0,1127386178460.21,,,,
RtL,M1,CZ10,cPTAC,0.0,0.0,0.0,0.0,0.0,1256861470115.33,,,,
RtL,M1,CZ11,cPTAC,0.0,0.0,88208663.87,0.0,0.0,1270344205988.27,,,,
RtL,M1,CZ12,cPTAC,0.0,0.0,18119158.95,0.0,0.0,941991030607.88,,,,
RtL,M1,CZ13,cPTAC,0.0,0.0,85498632.45,0.0,0.0,1344359480687.32,,,,
RtL,M1,CZ14,cPTAC,0.0,0.0,0.0,0.0,0.0,1300927720891.53,,,,
RtL,M1,CZ15,cPTAC,0.0,0.0,104521713.59,0.0,0.0,2299655317583.0,,,,
RtL,M1,CZ16,cPTAC,0.0,0.0,0.0,0.0,0.0,474233051174.43,,,,
RtL,M1,CZ01,cPVVG,181591792.02,0.0,0.0,703072772385.61,0.0,54827462792.14,,,,
RtL,M1,CZ02,cPVVG,182884736.33,0.0,0.0,522657995290.53,0.0,587282321483.32,,,,
RtL,M1,CZ03,cPVVG,0.0,0.0,0.0,274017845990.49,0.0,332277373197.6,,,,
RtL,M1,CZ04,cPVVG,81086964.45,0.0,2593048.1,431641072881.1,0.0,924993114978.8,,,,
RtL,M1,CZ05,cPVVG,0.0,0.0,0.0,244114225848.5,0.0,388230320915.96,,,,
RtL,M1,CZ06,cPVVG,0.0,0.0,0.0,49008072826.52,0.0,709347704841.53,,,,
RtL,M1,CZ07,cPVVG,0.0,0.0,0.0,38383709601.18,0.0,745117723915.48,,,,
RtL,M1,CZ08,cPVVG,0.0,0.0,0.0,81650799385.29,0.0,1082940922118.81,,,,
RtL,M1,CZ09,cPVVG,0.0,0.0,0.0,121692015577.12,0.0,1078379627988.61,,,,
RtL,M1,CZ10,cPVVG,0.0,0.0,0.0,112766716359.03,0.0,1207713278094.14,,,,
RtL,M1,CZ11,cPVVG,857602451.11,0.0,62025462.42,476522128193.72,0.0,1222714748039.7,,,,
RtL,M1,CZ12,cPVVG,73638408.18,0.0,12202976.51,471252856612.55,0.0,910205212189.13,,,,
RtL,M1,CZ13,cPVVG,0.0,0.0,61425430.48,396263662168.82,0.0,1297432010346.76,,,,
RtL,M1,CZ14,cPVVG,879165173.86,0.0,0.0,400381599259.45,0.0,1252717150685.46,,,,
RtL,M1,CZ15,cPVVG,0.0,0.0,74468570.32,52600705350.04,0.0,2220062907303.47,,,,
RtL,M1,CZ16,cPVVG,8125689839.52,0.0,0.0,878892722983.33,0.0,456683610151.45,,,,
RtL,M2,CZ01,cDXGF,0.0,0.0,0.0,101661898196.29,0.0,1181599407294.95,,,,
RtL,M2,CZ02,cDXGF,0.0,0.0,0.0,66015123017.64,0.0,1463404025617.48,,,,
RtL,M2,CZ03,cDXGF,0.0,0.0,0.0,42731506522.85,0.0,1382958085381.48,,,,
RtL,M2,CZ04,cDXGF,0.0,0.0,4385969.03,55294762235.97,0.0,1649707999255.66,,,,
RtL,M2,CZ05,cDXGF,0.0,0.0,0.0,36155609735.91,0.0,1396362532157.05,,,,
RtL,M2,CZ06,cDXGF,0.0,0.0,0.0,10644321728.45,0.0,1563433540625.55,,,,
RtL,M2,CZ07,cDXGF,0.0,0.0,0.0,8661370966.68,0.0,1573163573236.25,,,,
RtL,M2,CZ08,cDXGF,0.0,0.0,0.0,14020201628.32,0.0,1730552419670.85,,,,
RtL,M2,CZ09,cDXGF,0.0,0.0,0.0,19155076194.02,0.0,1749697643820.32,,,,
RtL,M2,CZ10,cDXGF,0.0,0.0,0.0,15384088329.14,0.0,1777655378596.0,,,,
RtL,M2,CZ11,cDXGF,168919320.78,0.0,80980684.94,62895799004.43,0.0,1761370750318.53,,,,
RtL,M2,CZ12,cDXGF,0.0,0.0,16912252.17,59085377414.58,0.0,1633647806283.05,,,,
RtL,M2,CZ13,cDXGF,0.0,0.0,74218875.83,47931703301.86,0.0,1837759499353.12,,,,
RtL,M2,CZ14,cDXGF,297632943.8,0.0,0.0,53939503383.26,0.0,1805339979832.69,,,,
RtL,M2,CZ15,cDXGF,0.0,0.0,80255052.91,6928300653.54,0.0,2263340744957.21,,,,
RtL,M2,CZ16,cDXGF,2077057192.56,0.0,0.0,124598512828.53,0.0,1466739184151.03,,,,
RtL,M2,CZ01,cDXHP,0.0,0.0,0.0,0.0,24636201193.37,1196478211258.89,,,,
RtL,M2,CZ02,cDXHP,0.0,0.0,0.0,0.0,16492377695.29,1468102449802.77,,,,
RtL,M2,CZ03,cDXHP,0.0,0.0,0.0,0.0,10070476771.41,1394158783823.41,,,,
RtL,M2,CZ04,cDXHP,0.0,0.0,4384383.42,0.0,14114946460.22,1652336383157.83,,,,
RtL,M2,CZ05,cDXHP,0.0,0.0,0.0,0.0,8629155720.53,1408953307952.37,,,,
RtL,M2,CZ06,cDXHP,0.0,0.0,0.0,0.0,2466601115.18,1575874276343.16,,,,
RtL,M2,CZ07,cDXHP,0.0,0.0,0.0,0.0,1994603712.34,1583268060202.93,,,,
RtL,M2,CZ08,cDXHP,0.0,0.0,0.0,0.0,3301773257.91,1734027662535.76,,,,
RtL,M2,CZ09,cDXHP,0.0,0.0,0.0,0.0,4582956090.47,1751677835182.4,,,,
RtL,M2,CZ10,cDXHP,0.0,0.0,0.0,0.0,3706085411.86,1778236276375.05,,,,
RtL,M2,CZ11,cDXHP,0.0,47630776.26,80959353.53,0.0,15770238905.15,1762831408219.63,,,,
RtL,M2,CZ12,cDXHP,0.0,0.0,16907513.16,0.0,14698565057.28,1635953490957.87,,,,
RtL,M2,CZ13,cDXHP,0.0,0.0,74205589.8,0.0,11872114811.9,1839546379327.33,,,,
RtL,M2,CZ14,cDXHP,0.0,96174186.25,0.0,0.0,14127796484.12,1806804563068.27,,,,
RtL,M2,CZ15,cDXHP,0.0,0.0,80255052.91,0.0,1701007992.21,2263340601347.42,,,,
RtL,M2,CZ16,cDXHP,0.0,665281815.87,0.0,0.0,33897845560.21,1475767915100.1,,,,
RtL,M2,CZ01,cPTAC,0.0,0.0,0.0,0.0,0.0,1176206237690.03,,,,
RtL,M2,CZ02,cPTAC,0.0,0.0,0.0,0.0,0.0,1459682469343.34,,,,
RtL,M2,CZ03,cPTAC,0.0,0.0,0.0,0.0,0.0,1380729383896.29,,,,
RtL,M2,CZ04,cPTAC,0.0,0.0,4385969.03,0.0,0.0,1646795271956.87,,,,
RtL,M2,CZ05,cPTAC,0.0,0.0,0.0,0.0,0.0,1394395416427.9,,,,
RtL,M2,CZ06,cPTAC,0.0,0.0,0.0,0.0,0.0,1563020023854.33,,,,
RtL,M2,CZ07,cPTAC,0.0,0.0,0.0,0.0,0.0,1572801229673.49,,,,
RtL,M2,CZ08,cPTAC,0.0,0.0,0.0,0.0,0.0,1729968335910.78,,,,
RtL,M2,CZ09,cPTAC,0.0,0.0,0.0,0.0,0.0,1748805231429.87,,,,
RtL,M2,CZ10,cPTAC,0.0,0.0,0.0,0.0,0.0,1776942026258.29,,,,
RtL,M2,CZ11,cPTAC,0.0,0.0,80980904.8,0.0,0.0,1758275207540.4,,,,
RtL,M2,CZ12,cPTAC,0.0,0.0,16912252.17,0.0,0.0,1630576024369.94,,,,
RtL,M2,CZ13,cPTAC,0.0,0.0,74218875.83,0.0,0.0,1835562605786.49,,,,
RtL,M2,CZ14,cPTAC,0.0,0.0,0.0,0.0,0.0,1802455660676.62,,,,
RtL,M2,CZ15,cPTAC,0.0,0.0,80255052.91,0.0,0.0,2263010480710.52,,,,
RtL,M2,CZ16,cPTAC,0.0,0.0,0.0,0.0,0.0,1459832434535.79,,,,
RtL,M2,CZ01,cPVVG,0.0,0.0,0.0,114139531952.82,0.0,1057371864331.29,,,,
RtL,M2,CZ02,cPVVG,20299565.84,0.0,0.0,76537916279.65,0.0,1310656521299.23,,,,
RtL,M2,CZ03,cPVVG,0.0,0.0,0.0,47364230732.84,0.0,1252837049974.8,,,,
RtL,M2,CZ04,cPVVG,0.0,0.0,2503756.68,64583673144.73,0.0,1485653362147.25,,,,
RtL,M2,CZ05,cPVVG,0.0,0.0,0.0,40033367714.29,0.0,1263045593442.97,,,,
RtL,M2,CZ06,cPVVG,0.0,0.0,0.0,11424406310.96,0.0,1429973083161.78,,,,
RtL,M2,CZ07,cPVVG,0.0,0.0,0.0,9175880465.74,0.0,1436092495335.44,,,,
RtL,M2,CZ08,cPVVG,0.0,0.0,0.0,15199658202.45,0.0,1575952500072.43,,,,
RtL,M2,CZ09,cPVVG,0.0,0.0,0.0,21501214852.89,0.0,1588051851632.97,,,,
RtL,M2,CZ10,cPVVG,0.0,0.0,0.0,17035854494.82,0.0,1620131142936.94,,,,
RtL,M2,CZ11,cPVVG,222541751.04,0.0,54388039.8,73767345970.71,0.0,1595546702166.11,,,,
RtL,M2,CZ12,cPVVG,0.0,0.0,10909313.6,69353231623.86,0.0,1473257250800.98,,,,
RtL,M2,CZ13,cPVVG,0.0,0.0,49420273.12,55821858721.62,0.0,1674983096939.71,,,,
RtL,M2,CZ14,cPVVG,347528753.04,0.0,0.0,63358252668.79,0.0,1633954254261.68,,,,
RtL,M2,CZ15,cPVVG,0.0,0.0,49017369.59,7613227788.26,0.0,2102716950947.47,,,,
RtL,M2,CZ16,cPVVG,2457368809.27,0.0,0.0,145435783539.6,0.0,1284013135635.25,,,,
RtL,M3,CZ01,cDXGF,122871107419.88,0.0,1016255407390.34,122871107419.88,0.0,1016255407390.34,,,,
RtL,M3,CZ02,cDXGF,83074352614.68,0.0,1268380558740.61,83074352614.68,0.0,1268380558740.61,,,,
RtL,M3,CZ03,cDXGF,51533051488.89,0.0,1213095068905.33,51533051488.89,0.0,1213095068905.33,,,,
RtL,M3,CZ04,cDXGF,70212980624.02,0.0,1446185791484.81,70212980624.02,0.0,1446185791484.81,,,,
RtL,M3,CZ05,cDXGF,43705420005.12,0.0,1220701500066.6,43705420005.12,0.0,1220701500066.6,,,,
RtL,M3,CZ06,cDXGF,11835277093.71,0.0,1389142316085.59,11835277093.71,0.0,1389142316085.59,,,,
RtL,M3,CZ07,cDXGF,9421788554.19,0.0,1393534637618.06,9421788554.19,0.0,1393534637618.06,,,,
RtL,M3,CZ08,cDXGF,16248426227.52,0.0,1537098952652.05,16248426227.52,0.0,1537098952652.05,,,,
RtL,M3,CZ09,cDXGF,23207971054.42,0.0,1549406452379.01,23207971054.42,0.0,1549456155349.11,,,,
RtL,M3,CZ10,cDXGF,18167427832.07,0.0,1586285646410.33,18167427832.07,0.0,1586302953066.55,,,,
RtL,M3,CZ11,cDXGF,80585882086.31,0.0,1563375366008.97,80585882086.31,0.0,1563375366008.97,,,,
RtL,M3,CZ12,cDXGF,74786630324.62,0.0,1435842411553.63,74786630324.62,0.0,1435842411553.63,,,,
RtL,M3,CZ13,cDXGF,60236737856.93,0.0,1644435771825.96,60236737856.93,0.0,1644435771825.96,,,,
RtL,M3,CZ14,cDXGF,68312212119.53,0.0,1600169993991.13,68312212119.53,0.0,1600169993991.13,,,,
RtL,M3,CZ15,cDXGF,7970178896.2,0.0,2095094282167.62,7970178896.2,0.0,2095094282167.62,,,,
RtL,M3,CZ16,cDXGF,161075962696.1,0.0,1218963103856.98,161075962696.1,0.0,1218963103856.98,,,,
RtL,M3,CZ01,cDXHP,0.0,29622929767.9,1006998829630.9,0.0,29942200259.73,1006998829630.9,,,,
RtL,M3,CZ02,cDXHP,0.0,20796068481.46,1267773727773.42,0.0,20910118580.18,1267773727773.42,,,,
RtL,M3,CZ03,cDXHP,0.0,12247238036.11,1210288159204.49,0.0,12247238036.11,1210288159204.49,,,,
RtL,M3,CZ04,cDXHP,0.0,18073873373.6,1446967742279.34,0.0,18073873373.6,1446967742279.34,,,,
RtL,M3,CZ05,cDXHP,0.0,10557891110.13,1216434870979.94,0.0,10557891110.13,1216434870979.94,,,,
RtL,M3,CZ06,cDXHP,0.0,2753103879.49,1385345235043.33,0.0,2753103879.49,1385345235043.33,,,,
RtL,M3,CZ07,cDXHP,0.0,2175969381.89,1390788651019.07,0.0,2175969381.89,1390788651019.07,,,,
RtL,M3,CZ08,cDXHP,0.0,3841398045.56,1537299691985.79,0.0,3841398045.56,1537299691985.79,,,,
RtL,M3,CZ09,cDXHP,0.0,5597525088.49,1549525188447.11,0.0,5597525088.49,1549574891417.21,,,,
RtL,M3,CZ10,cDXHP,0.0,4411644110.23,1586791308213.53,0.0,4411644110.23,1586791308213.53,,,,
RtL,M3,CZ11,cDXHP,0.0,20346029086.07,1564139662671.44,0.0,20346029086.07,1564139662671.44,,,,
RtL,M3,CZ12,cDXHP,0.0,18737120212.81,1436870171355.41,0.0,18737120212.81,1436870171355.41,,,,
RtL,M3,CZ13,cDXHP,0.0,15011828044.57,1645383368817.99,0.0,15011828044.57,1645383368817.99,,,,
RtL,M3,CZ14,cDXHP,0.0,18048318308.34,1600799868980.76,0.0,18048318308.34,1600799868980.76,,,,
RtL,M3,CZ15,cDXHP,0.0,1968146833.38,2095093812784.86,0.0,1968146833.38,2095093812784.86,,,,
RtL,M3,CZ16,cDXHP,0.0,43021939699.13,1206230028010.1,0.0,43996796769.02,1206230028010.1,,,,
RtL,M3,CZ01,cPTAC,0.0,0.0,1010049554188.7,0.0,0.0,1010049554188.7,,,,
RtL,M3,CZ02,cPTAC,0.0,0.0,1264320282607.32,0.0,0.0,1264320282607.32,,,,
RtL,M3,CZ03,cPTAC,0.0,0.0,1210514504144.45,0.0,0.0,1210514504144.45,,,,
RtL,M3,CZ04,cPTAC,0.0,0.0,1442897488420.68,0.0,0.0,1442897488420.68,,,,
RtL,M3,CZ05,cPTAC,0.0,0.0,1218342216961.43,0.0,0.0,1218342216961.43,,,,
RtL,M3,CZ06,cPTAC,0.0,0.0,1388639708069.86,0.0,0.0,1388639708069.86,,,,
RtL,M3,CZ07,cPTAC,0.0,0.0,1393110432234.6,0.0,0.0,1393110432234.6,,,,
RtL,M3,CZ08,cPTAC,0.0,0.0,1536359744251.26,0.0,0.0,1536359744251.26,,,,
RtL,M3,CZ09,cPTAC,0.0,0.0,1548337354090.33,0.0,0.0,1548387057060.43,,,,
RtL,M3,CZ10,cPTAC,0.0,0.0,1585417977782.46,0.0,0.0,1585435284438.68,,,,
RtL,M3,CZ11,cPTAC,0.0,0.0,1560045868144.3,0.0,0.0,1560045868144.3,,,,
RtL,M3,CZ12,cPTAC,0.0,0.0,1432507869206.8,0.0,0.0,1432507869206.8,,,,
RtL,M3,CZ13,cPTAC,0.0,0.0,1641979922775.47,0.0,0.0,1641979922775.47,,,,
RtL,M3,CZ14,cPTAC,0.0,0.0,1597172701767.87,0.0,0.0,1597172701767.87,,,,
RtL,M3,CZ15,cPTAC,0.0,0.0,2094707450593.72,0.0,0.0,2094707450593.72,,,,
RtL,M3,CZ16,cPTAC,0.0,0.0,1211300982775.3,0.0,0.0,1211300982775.3,,,,
RtL,M3,CZ01,cPVVG,0.0,0.0,0.0,124299354067.82,0.0,1005900081820.0,,,,
RtL,M3,CZ02,cPVVG,21172840.96,0.0,0.0,85169257433.56,0.0,1256994937175.78,,,,
RtL,M3,CZ03,cPVVG,0.0,0.0,0.0,52129541271.86,0.0,1202201298993.76,,,,
RtL,M3,CZ04,cPVVG,5367346.16,0.0,1429543.61,72533248714.54,0.0,1433621709985.86,,,,
RtL,M3,CZ05,cPVVG,0.0,0.0,0.0,44333222897.27,0.0,1209419767872.57,,,,
RtL,M3,CZ06,cPVVG,0.0,0.0,0.0,12261385476.37,0.0,1376543618842.69,,,,
RtL,M3,CZ07,cPVVG,0.0,0.0,0.0,9738776011.21,0.0,1380875790632.6,,,,
RtL,M3,CZ08,cPVVG,0.0,0.0,0.0,16806301610.26,0.0,1523849692113.31,,,,
RtL,M3,CZ09,cPVVG,0.0,0.0,0.0,24067788255.33,0.0,1535893922931.63,,,,
RtL,M3,CZ10,cPVVG,0.0,0.0,0.0,18832453138.22,0.0,1572899691156.01,,,,
RtL,M3,CZ11,cPVVG,331920271.0,0.0,38360072.15,83580501538.17,0.0,1550336899879.7,,,,
RtL,M3,CZ12,cPVVG,0.0,0.0,8072268.91,77490243426.5,0.0,1423520384467.94,,,,
RtL,M3,CZ13,cPVVG,0.0,0.0,34494636.58,62497669331.39,0.0,1630947580544.1,,,,
RtL,M3,CZ14,cPVVG,379882524.96,0.0,0.0,70820947208.05,0.0,1586089424852.73,,,,
RtL,M3,CZ15,cPVVG,0.0,0.0,30172473.49,8276448130.89,0.0,2078850653683.09,,,,
RtL,M3,CZ16,cPVVG,2801848247.78,0.0,0.0,164242731374.84,0.0,1205211730606.29,,,,
RtL,M4,CZ01,cDXGF,143984385.24,0.0,0.0,449332288814.08,0.0,330712414939.84,,,,
RtL,M4,CZ02,cDXGF,153079960.89,0.0,0.0,335398455307.33,0.0,867487772928.99,,,,
RtL,M4,CZ03,cDXGF,0.0,0.0,0.0,161500138174.57,0.0,703406808225.48,,,,
RtL,M4,CZ04,cDXGF,74287863.02,0.0,4477359.3,270302527821.93,0.0,1207056802214.6,,,,
RtL,M4,CZ05,cDXGF,0.0,0.0,0.0,144647758401.97,0.0,753730273135.17,,,,
RtL,M4,CZ06,cDXGF,0.0,0.0,0.0,23394058795.08,0.0,1122641706005.79,,,,
RtL,M4,CZ07,cDXGF,0.0,0.0,0.0,17626255171.42,0.0,1134236250422.3,,,,
RtL,M4,CZ08,cDXGF,0.0,0.0,0.0,39811258535.58,0.0,1413879548230.89,,,,
RtL,M4,CZ09,cDXGF,0.0,0.0,0.0,64486546171.9,0.0,1407487096867.37,,,,
RtL,M4,CZ10,cDXGF,0.0,0.0,0.0,57601144712.95,0.0,1504264856966.13,,,,
RtL,M4,CZ11,cDXGF,715221233.22,0.0,88208186.68,298184396942.87,0.0,1473873084280.59,,,,
RtL,M4,CZ12,cDXGF,60892392.36,0.0,18119109.96,295171642536.5,0.0,1182549792487.2,,,,
RtL,M4,CZ13,cDXGF,0.0,0.0,85498401.32,234226184151.03,0.0,1556690210168.0,,,,
RtL,M4,CZ14,cDXGF,805637315.6,0.0,0.0,253012479097.66,0.0,1526624891383.6,,,,
RtL,M4,CZ15,cDXGF,0.0,0.0,104521712.42,26313185982.74,0.0,2466384309531.31,,,,
RtL,M4,CZ16,cDXGF,6699094380.07,0.0,0.0,552124643152.03,0.0,786795339714.88,,,,
RtL,M4,CZ01,cDXHP,0.0,68885390.19,0.0,0.0,114970378023.23,327814519647.69,,,,
RtL,M4,CZ02,cDXHP,0.0,59218636.09,0.0,0.0,89374867998.22,873207541635.29,,,,
RtL,M4,CZ03,cDXHP,0.0,0.0,0.0,0.0,39868666751.13,702353503725.45,,,,
RtL,M4,CZ04,cDXHP,0.0,25864472.07,4485413.09,0.0,74578276350.56,1213899055787.59,,,,
RtL,M4,CZ05,cDXHP,0.0,0.0,0.0,0.0,36912000605.09,752717561023.38,,,,
RtL,M4,CZ06,cDXHP,0.0,0.0,0.0,0.0,5488130681.05,1097943663831.8,,,,
RtL,M4,CZ07,cDXHP,0.0,0.0,0.0,0.0,4118164057.02,1114563435380.65,,,,
RtL,M4,CZ08,cDXHP,0.0,0.0,0.0,0.0,9724645842.54,1407967185771.43,,,,
RtL,M4,CZ09,cDXHP,0.0,0.0,0.0,0.0,16099128968.2,1406933421574.4,,,,
RtL,M4,CZ10,cDXHP,0.0,0.0,0.0,0.0,14635748633.1,1504932150176.96,,,,
RtL,M4,CZ11,cDXHP,0.0,240741636.7,88325579.24,0.0,79426165472.49,1476259973531.7,,,,
RtL,M4,CZ12,cDXHP,0.0,21154542.62,18167199.74,0.0,77789039132.86,1188130365652.18,,,,
RtL,M4,CZ13,cDXHP,0.0,0.0,85622707.93,0.0,61368782607.7,1560630539376.72,,,,
RtL,M4,CZ14,cDXHP,0.0,299743510.07,0.0,0.0,72267810453.79,1535323626052.47,,,,
RtL,M4,CZ15,cDXHP,0.0,0.0,104521712.42,0.0,6623212667.94,2466385932078.04,,,,
RtL,M4,CZ16,cDXHP,0.0,2799249351.9,0.0,0.0,168367980993.91,796440138374.39,,,,
RtL,M4,CZ01,cPTAC,0.0,0.0,0.0,0.0,0.0,314825879708.88,,,,
RtL,M4,CZ02,cPTAC,0.0,0.0,0.0,0.0,0.0,851266550680.74,,,,
RtL,M4,CZ03,cPTAC,0.0,0.0,0.0,0.0,0.0,694240430733.81,,,,
RtL,M4,CZ04,cPTAC,0.0,0.0,4477358.82,0.0,0.0,1189917145404.82,,,,
RtL,M4,CZ05,cPTAC,0.0,0.0,0.0,0.0,0.0,742028530521.15,,,,
RtL,M4,CZ06,cPTAC,0.0,0.0,0.0,0.0,0.0,1120269906610.16,,,,
RtL,M4,CZ07,cPTAC,0.0,0.0,0.0,0.0,0.0,1132177528923.79,,,,
RtL,M4,CZ08,cPTAC,0.0,0.0,0.0,0.0,0.0,1410034900704.38,,,,
RtL,M4,CZ09,cPTAC,0.0,0.0,0.0,0.0,0.0,1402111915611.14,,,,
RtL,M4,CZ10,cPTAC,0.0,0.0,0.0,0.0,0.0,1498991495056.79,,,,
RtL,M4,CZ11,cPTAC,0.0,0.0,88207966.91,0.0,0.0,1462546150471.86,,,,
RtL,M4,CZ12,cPTAC,0.0,0.0,18119109.96,0.0,0.0,1172049042453.87,,,,
RtL,M4,CZ13,cPTAC,0.0,0.0,85498401.32,0.0,0.0,1548565277641.31,,,,
RtL,M4,CZ14,cPTAC,0.0,0.0,0.0,0.0,0.0,1512190879899.92,,,,
RtL,M4,CZ15,cPTAC,0.0,0.0,104521712.42,0.0,0.0,2463881276848.82,,,,
RtL,M4,CZ16,cPTAC,0.0,0.0,0.0,0.0,0.0,769090707160.05,,,,
RtL,M4,CZ01,cPVVG,181589732.37,0.0,0.0,702973247109.77,0.0,226795769249.23,,,,
RtL,M4,CZ02,cPVVG,182883581.45,0.0,0.0,522580272040.06,0.0,740467402873.76,,,,
RtL,M4,CZ03,cPVVG,0.0,0.0,0.0,273984692636.63,0.0,572244684642.37,,,,
RtL,M4,CZ04,cPVVG,81083966.62,0.0,2581961.27,431592293370.13,0.0,1068140672342.04,,,,
RtL,M4,CZ05,cPVVG,0.0,0.0,0.0,244051688854.63,0.0,615626396074.18,,,,
RtL,M4,CZ06,cPVVG,0.0,0.0,0.0,48993313800.34,0.0,967725740754.05,,,,
RtL,M4,CZ07,cPVVG,0.0,0.0,0.0,38369803010.18,0.0,974612085541.16,,,,
RtL,M4,CZ08,cPVVG,0.0,0.0,0.0,81635131980.69,0.0,1253716769539.65,,,,
RtL,M4,CZ09,cPVVG,0.0,0.0,0.0,121675340511.57,0.0,1247510604864.67,,,,
RtL,M4,CZ10,cPVVG,0.0,0.0,0.0,112741209047.6,0.0,1353213525752.19,,,,
RtL,M4,CZ11,cPVVG,857599000.09,0.0,62024739.51,476492687233.82,0.0,1339245693756.61,,,,
RtL,M4,CZ12,cPVVG,73637542.61,0.0,12202981.88,471210414173.64,0.0,1051983615304.89,,,,
RtL,M4,CZ13,cPVVG,0.0,0.0,61425143.39,396222245013.67,0.0,1423258794815.12,,,,
RtL,M4,CZ14,cPVVG,879161633.96,0.0,0.0,400357146589.19,0.0,1384374493757.22,,,,
RtL,M4,CZ15,cPVVG,0.0,0.0,74468568.44,52589820793.16,0.0,2318479928871.33,,,,
RtL,M4,CZ16,cPVVG,8125634112.99,0.0,0.0,878846381450.96,0.0,647038223580.17,,,,
RtL,M5,CZ01,cDXGF,151727796619.11,0.0,771678443832.13,152541753625.62,0.0,771678443832.13,,,,
RtL,M5,CZ02,cDXGF,101644603945.88,0.0,1158362283128.89,101644603945.88,0.0,1158362283128.89,,,,
RtL,M5,CZ03,cDXGF,64059342588.54,0.0,1041568443234.16,64059342588.54,0.0,1041621770416.86,,,,
RtL,M5,CZ04,cDXGF,84297422295.98,0.0,1379574260410.85,84297422295.98,0.0,1380309086190.43,,,,
RtL,M5,CZ05,cDXGF,54223006146.63,0.0,1059588571014.41,54223006146.63,0.0,1060033215139.52,,,,
RtL,M5,CZ06,cDXGF,14044167209.37,0.0,1325086224087.36,14044167209.37,0.0,1327662180020.11,,,,
RtL,M5,CZ07,cDXGF,11067211473.97,0.0,1326837195856.62,11067211473.97,0.0,1327289711935.85,,,,
RtL,M5,CZ08,cDXGF,18936889404.67,0.0,1543301245238.49,18936889404.67,0.0,1548073459648.31,,,,
RtL,M5,CZ09,cDXGF,27231400440.17,0.0,1521881893351.95,27231400440.17,0.0,1529285093267.99,,,,
RtL,M5,CZ10,cDXGF,21521879994.06,0.0,1607880613693.91,21521879994.06,0.0,1611279344589.66,,,,
RtL,M5,CZ11,cDXGF,95430242415.99,0.0,1556813957095.33,95430242415.99,0.0,1557026856522.96,,,,
RtL,M5,CZ12,cDXGF,89513997113.53,0.0,1394046578553.82,89513997113.53,0.0,1394046578553.82,,,,
RtL,M5,CZ13,cDXGF,70954913843.99,0.0,1655610449833.27,70954913843.99,0.0,1655885012202.41,,,,
RtL,M5,CZ14,cDXGF,82160641215.9,0.0,1532794261519.36,82160641215.9,0.0,1535654178981.86,,,,
RtL,M5,CZ15,cDXGF,9238964502.97,0.0,2267435682568.32,9238964502.97,0.0,2281587241544.97,,,,
RtL,M5,CZ16,cDXGF,197234162502.31,0.0,983880367275.36,197461394650.44,0.0,983880367275.36,,,,
RtL,M5,CZ01,cDXHP,0.0,35840934808.07,856048738544.78,0.0,37723460857.11,856048738544.78,,,,
RtL,M5,CZ02,cDXHP,0.0,24576475010.8,1199600039614.26,0.0,26263023356.9,1199600039614.26,,,,
RtL,M5,CZ03,cDXHP,0.0,14874102642.91,1114040212470.34,0.0,15242925827.33,1114040212470.34,,,,
RtL,M5,CZ04,cDXHP,0.0,21232037904.15,1395273537116.12,0.0,22593220388.71,1395273537116.12,,,,
RtL,M5,CZ05,cDXHP,0.0,12618011132.25,1130928311934.78,0.0,13247226580.74,1130928311934.78,,,,
RtL,M5,CZ06,cDXHP,0.0,3218396819.04,1372456417892.8,0.0,3218396819.04,1372542230650.19,,,,
RtL,M5,CZ07,cDXHP,0.0,2522037624.87,1372600533867.71,0.0,2522037624.87,1372600533867.71,,,,
RtL,M5,CZ08,cDXHP,0.0,4462389653.04,1569457919184.56,0.0,4462389653.04,1569848492750.07,,,,
RtL,M5,CZ09,cDXHP,0.0,6563950639.69,1542337365735.69,0.0,6563950639.69,1543603680935.55,,,,
RtL,M5,CZ10,cDXHP,0.0,5251396023.24,1615615792001.43,0.0,5251396023.24,1616896453746.4,,,,
RtL,M5,CZ11,cDXHP,0.0,23891172023.89,1561362430643.36,0.0,24696448898.14,1561362430643.36,,,,
RtL,M5,CZ12,cDXHP,0.0,22179095393.64,1416179159736.28,0.0,22918039455.94,1416179159736.28,,,,
RtL,M5,CZ13,cDXHP,0.0,17779268769.83,1663375300662.97,0.0,18049325694.06,1663568645013.71,,,,
RtL,M5,CZ14,cDXHP,0.0,21260662043.62,1542895473825.95,0.0,22879579909.4,1543441938027.75,,,,
RtL,M5,CZ15,cDXHP,0.0,2237579362.79,2267436495463.18,0.0,2237579362.79,2281588054439.83,,,,
RtL,M5,CZ16,cDXHP,0.0,49573419280.74,1021662210140.05,0.0,58534286923.74,1021662210140.05,,,,
RtL,M5,CZ01,cPTAC,0.0,0.0,747469878113.37,0.0,0.0,747469878113.37,,,,
RtL,M5,CZ02,cPTAC,0.0,0.0,1133409115891.53,0.0,0.0,1133409115891.53,,,,
RtL,M5,CZ03,cPTAC,0.0,0.0,1030187830020.53,0.0,0.0,1030241157203.23,,,,
RtL,M5,CZ04,cPTAC,0.0,0.0,1361857775028.67,0.0,0.0,1362592600808.25,,,,
RtL,M5,CZ05,cPTAC,0.0,0.0,1050072354960.12,0.0,0.0,1050516995421.7,,,,
RtL,M5,CZ06,cPTAC,0.0,0.0,1323087197685.34,0.0,0.0,1325663153618.08,,,,
RtL,M5,CZ07,cPTAC,0.0,0.0,1325052223768.89,0.0,0.0,1325504739848.12,,,,
RtL,M5,CZ08,cPTAC,0.0,0.0,1540257635078.21,0.0,0.0,1545029849631.48,,,,
RtL,M5,CZ09,cPTAC,0.0,0.0,1515836183980.31,0.0,0.0,1523239383896.34,,,,
RtL,M5,CZ10,cPTAC,0.0,0.0,1603510390195.14,0.0,0.0,1606909121090.89,,,,
RtL,M5,CZ11,cPTAC,0.0,0.0,1533629581408.82,0.0,0.0,1533842480836.45,,,,
RtL,M5,CZ12,cPTAC,0.0,0.0,1369969634493.13,0.0,0.0,1369969634493.13,,,,
RtL,M5,CZ13,cPTAC,0.0,0.0,1634664238857.38,0.0,0.0,1634938801230.03,,,,
RtL,M5,CZ14,cPTAC,0.0,0.0,1511476605645.49,0.0,0.0,1514336523108.0,,,,
RtL,M5,CZ15,cPTAC,0.0,0.0,2264781786798.01,0.0,0.0,2278933345774.65,,,,
RtL,M5,CZ16,cPTAC,0.0,0.0,939277574359.94,0.0,0.0,939277574359.94,,,,
RtL,M5,CZ01,cPVVG,0.0,0.0,0.0,153427750718.52,0.0,763700043380.53,,,,
RtL,M5,CZ02,cPVVG,33126736.43,0.0,0.0,102852523477.32,0.0,1148071659446.12,,,,
RtL,M5,CZ03,cPVVG,0.0,0.0,0.0,64548338636.67,0.0,1032083767546.8,,,,
RtL,M5,CZ04,cPVVG,6054279.13,0.0,1440494.53,85691460846.1,0.0,1368392690720.71,,,,
RtL,M5,CZ05,cPVVG,0.0,0.0,0.0,54642861982.37,0.0,1050079251521.66,,,,
RtL,M5,CZ06,cPVVG,0.0,0.0,0.0,14346503670.89,0.0,1315380556341.3,,,,
RtL,M5,CZ07,cPVVG,0.0,0.0,0.0,11311362321.09,0.0,1314951057019.88,,,,
RtL,M5,CZ08,cPVVG,0.0,0.0,0.0,19387035662.0,0.0,1534663307229.21,,,,
RtL,M5,CZ09,cPVVG,0.0,0.0,0.0,27906151574.2,0.0,1515881848869.57,,,,
RtL,M5,CZ10,cPVVG,0.0,0.0,0.0,22051284055.95,0.0,1597579857750.64,,,,
RtL,M5,CZ11,cPVVG,398968747.26,0.0,38987646.54,97482934525.86,0.0,1544097203716.4,,,,
RtL,M5,CZ12,cPVVG,0.0,0.0,8152949.06,91083847787.7,0.0,1382197562999.79,,,,
RtL,M5,CZ13,cPVVG,0.0,0.0,35493635.09,72580419302.31,0.0,1642393359369.25,,,,
RtL,M5,CZ14,cPVVG,462642588.64,0.0,0.0,83747758286.69,0.0,1522302348364.49,,,,
RtL,M5,CZ15,cPVVG,0.0,0.0,31461836.8,9511004904.81,0.0,2264455939541.18,,,,
RtL,M5,CZ16,cPVVG,3487710248.21,0.0,0.0,200002209122.1,0.0,973052120619.68,,,,
RtS,M1,CZ01,cDXGF,22592321.86,0.0,0.0,92866407092.23,0.0,1354496033.04,,,,
RtS,M1,CZ02,cDXGF,998232313.4,0.0,1500650.17,68062404248.91,0.0,40977714670.2,,,,
RtS,M1,CZ03,cDXGF,47510839.75,0.0,0.0,39870973384.19,0.0,17206823810.87,,,,
RtS,M1,CZ04,cDXGF,622625817.87,0.0,62441033.45,52418496990.51,0.0,69527341960.66,,,,
RtS,M1,CZ05,cDXGF,100984813.86,0.0,0.0,34095351995.06,0.0,22374868026.99,,,,
RtS,M1,CZ06,cDXGF,0.0,0.0,0.0,9819540147.63,0.0,47332419637.73,,,,
RtS,M1,CZ07,cDXGF,0.0,0.0,824580.36,8556594514.33,0.0,50984976622.13,,,,
RtS,M1,CZ08,cDXGF,0.0,0.0,12876852.98,11265577528.83,0.0,82974346292.19,,,,
RtS,M1,CZ09,cDXGF,0.0,0.0,62178526.61,15522304950.08,0.0,84797562466.12,,,,
RtS,M1,CZ10,cDXGF,38745315.45,0.0,65439505.56,18921089592.9,0.0,96944842780.47,,,,
RtS,M1,CZ11,cDXGF,1584337768.4,0.0,763971531.14,59844101839.19,0.0,99412085670.57,,,,
RtS,M1,CZ12,cDXGF,956081311.17,0.0,90710320.09,60122747485.89,0.0,68915350703.12,,,,
RtS,M1,CZ13,cDXGF,275830394.33,0.0,1168191939.75,48080237699.35,0.0,104744612498.54,,,,
RtS,M1,CZ14,cDXGF,690293919.62,0.0,271195110.79,38803178779.13,0.0,96822269642.01,,,,
RtS,M1,CZ15,cDXGF,0.0,0.0,6112284815.88,4583702652.38,0.0,187198126762.56,,,,
RtS,M1,CZ16,cDXGF,7356552289.45,0.0,10685564.64,103153170706.92,0.0,32801954945.17,,,,
RtS,M1,CZ01,cDXHP,0.0,7674247.0,0.0,0.0,22630164137.96,1333927763.56,,,,
RtS,M1,CZ02,cDXHP,0.0,293970572.6,1503853.96,0.0,17089962795.96,41285920894.0,,,,
RtS,M1,CZ03,cDXHP,0.0,11771788.32,0.0,0.0,9507839185.05,17229493898.01,,,,
RtS,M1,CZ04,cDXHP,0.0,175197291.64,62651454.28,0.0,13489092255.67,70302097135.85,,,,
RtS,M1,CZ05,cDXHP,0.0,26112716.78,0.0,0.0,8282895263.85,22493771588.81,,,,
RtS,M1,CZ06,cDXHP,0.0,0.0,0.0,0.0,2281285238.36,46023281816.97,,,,
RtS,M1,CZ07,cDXHP,0.0,0.0,787519.94,0.0,1979007084.6,50087575063.15,,,,
RtS,M1,CZ08,cDXHP,0.0,0.0,12863185.24,0.0,2684628644.66,82728732980.57,,,,
RtS,M1,CZ09,cDXHP,0.0,0.0,58566630.06,0.0,3753820610.53,84821304688.74,,,,
RtS,M1,CZ10,cDXHP,0.0,10633729.81,65087852.93,0.0,4581342716.35,96986061878.91,,,,
RtS,M1,CZ11,cDXHP,0.0,465741566.77,755865169.72,0.0,15202573999.49,99805805726.83,,,,
RtS,M1,CZ12,cDXHP,0.0,263679913.2,90050937.98,0.0,15052488479.78,69332374097.31,,,,
RtS,M1,CZ13,cDXHP,0.0,77408844.08,1167547790.09,0.0,12065586445.79,105115480593.42,,,,
RtS,M1,CZ14,cDXHP,0.0,237183744.18,269983236.03,0.0,10438171394.04,97605016964.41,,,,
RtS,M1,CZ15,cDXHP,0.0,0.0,6112284815.88,0.0,1134126452.26,187198126758.97,,,,
RtS,M1,CZ16,cDXHP,0.0,2568664750.8,10729087.06,0.0,29540640484.04,33238826909.37,,,,
RtS,M1,CZ01,cPTAC,0.0,0.0,0.0,0.0,0.0,1287516967.83,,,,
RtS,M1,CZ02,cPTAC,0.0,0.0,1500650.16,0.0,0.0,40642493189.15,,,,
RtS,M1,CZ03,cPTAC,0.0,0.0,0.0,0.0,0.0,17127663856.1,,,,
RtS,M1,CZ04,cPTAC,0.0,0.0,62441015.54,0.0,0.0,69117808010.68,,,,
RtS,M1,CZ05,cPTAC,0.0,0.0,0.0,0.0,0.0,22074753926.92,,,,
RtS,M1,CZ06,cPTAC,0.0,0.0,0.0,0.0,0.0,47263853539.72,,,,
RtS,M1,CZ07,cPTAC,0.0,0.0,824580.36,0.0,0.0,50913813139.89,,,,
RtS,M1,CZ08,cPTAC,0.0,0.0,12876852.98,0.0,0.0,82798283608.08,,,,
RtS,M1,CZ09,cPTAC,0.0,0.0,62178527.01,0.0,0.0,84606567932.6,,,,
RtS,M1,CZ10,cPTAC,0.0,0.0,65439505.56,0.0,0.0,96703343725.33,,,,
RtS,M1,CZ11,cPTAC,0.0,0.0,763969173.86,0.0,0.0,99216108096.25,,,,
RtS,M1,CZ12,cPTAC,0.0,0.0,90705840.72,0.0,0.0,68769534017.93,,,,
RtS,M1,CZ13,cPTAC,0.0,0.0,1168191939.75,0.0,0.0,104672289025.08,,,,
RtS,M1,CZ14,cPTAC,0.0,0.0,271194731.55,0.0,0.0,96620391155.62,,,,
RtS,M1,CZ15,cPTAC,0.0,0.0,6112284815.88,0.0,0.0,187140560875.67,,,,
RtS,M1,CZ16,cPTAC,0.0,0.0,10685445.9,0.0,0.0,32711305957.44,,,,
RtS,M1,CZ01,cPVVG,29083367.09,0.0,0.0,124516614450.21,0.0,1986679188.03,,,,
RtS,M1,CZ02,cPVVG,1424121606.96,0.0,301588.77,93568867125.38,0.0,38877398029.4,,,,
RtS,M1,CZ03,cPVVG,88380332.66,0.0,0.0,57636243256.55,0.0,17932569442.92,,,,
RtS,M1,CZ04,cPVVG,966353810.16,0.0,37267484.69,73166670789.0,0.0,66649330599.08,,,,
RtS,M1,CZ05,cPVVG,153990887.39,0.0,0.0,51249285166.73,0.0,22192733392.96,,,,
RtS,M1,CZ06,cPVVG,0.0,0.0,0.0,16239526161.19,0.0,47244991058.54,,,,
RtS,M1,CZ07,cPVVG,0.0,0.0,576218.67,14684388953.91,0.0,48934915545.53,,,,
RtS,M1,CZ08,cPVVG,0.0,0.0,5462129.19,18733314637.19,0.0,78907530281.2,,,,
RtS,M1,CZ09,cPVVG,0.0,0.0,28995540.78,25145655836.08,0.0,80520702630.48,,,,
RtS,M1,CZ10,cPVVG,55633293.7,0.0,31152518.67,30455357121.34,0.0,91653128596.88,,,,
RtS,M1,CZ11,cPVVG,2292093190.65,0.0,449484969.66,84264928530.7,0.0,95281535294.02,,,,
RtS,M1,CZ12,cPVVG,1369676415.32,0.0,55647107.2,82939076346.87,0.0,66350126220.27,,,,
RtS,M1,CZ13,cPVVG,448400447.76,0.0,723528345.17,69696488194.66,0.0,100612221273.73,,,,
RtS,M1,CZ14,cPVVG,898719455.85,0.0,153214515.67,55751481027.86,0.0,93120241584.18,,,,
RtS,M1,CZ15,cPVVG,0.0,0.0,4193555988.36,8909451468.37,0.0,178706060162.94,,,,
RtS,M1,CZ16,cPVVG,9810106469.06,0.0,4002766.64,137345012860.7,0.0,31717410278.19,,,,
RtS,M2,CZ01,cDXGF,0.0,0.0,0.0,14637928235.17,0.0,49495435804.29,,,,
RtS,M2,CZ02,cDXGF,36543755.34,0.0,3561277.31,13115730846.67,0.0,83259252108.11,,,,
RtS,M2,CZ03,cDXGF,1549142.74,0.0,0.0,7171800117.77,0.0,76868211612.55,,,,
RtS,M2,CZ04,cDXGF,25213747.84,0.0,65041374.71,9760714232.52,0.0,104604148432.95,,,,
RtS,M2,CZ05,cDXGF,2586350.58,0.0,0.0,5593351308.79,0.0,79773314507.02,,,,
RtS,M2,CZ06,cDXGF,0.0,0.0,0.0,1289012589.01,0.0,99882207836.56,,,,
RtS,M2,CZ07,cDXGF,0.0,0.0,875570.57,1108446559.99,0.0,100134010509.1,,,,
RtS,M2,CZ08,cDXGF,0.0,0.0,17793086.72,1511572038.41,0.0,119840167098.01,,,,
RtS,M2,CZ09,cDXGF,0.0,0.0,64367187.97,2437476413.09,0.0,122982190447.16,,,,
RtS,M2,CZ10,cDXGF,1189633.37,0.0,75672948.94,3581204023.25,0.0,126688723437.75,,,,
RtS,M2,CZ11,cDXGF,57335327.27,0.0,793751387.01,10637280610.72,0.0,120213637896.14,,,,
RtS,M2,CZ12,cDXGF,22058833.46,0.0,105542773.63,11166222568.88,0.0,102895845310.5,,,,
RtS,M2,CZ13,cDXGF,2500558.3,0.0,1107428309.46,8072881994.94,0.0,127973757970.49,,,,
RtS,M2,CZ14,cDXGF,9001591.31,0.0,260427341.38,5772883562.4,0.0,122101518041.53,,,,
RtS,M2,CZ15,cDXGF,0.0,0.0,4844687285.1,327965830.71,0.0,181499366394.29,,,,
RtS,M2,CZ16,cDXGF,224804706.35,0.0,17552218.07,18888127180.21,0.0,80328465475.23,,,,
RtS,M2,CZ01,cDXHP,0.0,0.0,0.0,0.0,3656354982.61,49012424129.34,,,,
RtS,M2,CZ02,cDXHP,0.0,10050816.0,3538050.96,0.0,3351529489.24,82960163885.34,,,,
RtS,M2,CZ03,cDXHP,0.0,384316.44,0.0,0.0,1720403123.09,76615558837.94,,,,
RtS,M2,CZ04,cDXHP,0.0,6887357.56,64783853.92,0.0,2552999676.65,104466086410.95,,,,
RtS,M2,CZ05,cDXHP,0.0,677787.46,0.0,0.0,1360719607.68,79567547416.44,,,,
RtS,M2,CZ06,cDXHP,0.0,0.0,0.0,0.0,299857236.8,100306049965.38,,,,
RtS,M2,CZ07,cDXHP,0.0,0.0,875804.51,0.0,255870085.37,100414238495.33,,,,
RtS,M2,CZ08,cDXHP,0.0,0.0,17733773.35,0.0,357673904.97,119952524863.05,,,,
RtS,M2,CZ09,cDXHP,0.0,0.0,64227989.18,0.0,589592338.95,123026166263.1,,,,
RtS,M2,CZ10,cDXHP,0.0,323991.04,75630857.5,0.0,865728478.84,126690295232.92,,,,
RtS,M2,CZ11,cDXHP,0.0,16170420.4,792998257.21,0.0,2748607699.36,120249535583.64,,,,
RtS,M2,CZ12,cDXHP,0.0,5957775.47,105179539.47,0.0,2848433544.37,102845299000.33,,,,
RtS,M2,CZ13,cDXHP,0.0,682745.71,1106240333.25,0.0,2045952273.91,128015789685.56,,,,
RtS,M2,CZ14,cDXHP,0.0,3053384.84,263316773.2,0.0,1579779374.94,122146411952.54,,,,
RtS,M2,CZ15,cDXHP,0.0,0.0,4844687285.1,0.0,82241740.27,181499366380.29,,,,
RtS,M2,CZ16,cDXHP,0.0,78673162.76,17452102.83,0.0,5539412887.54,80556405493.69,,,,
RtS,M2,CZ01,cPTAC,0.0,0.0,0.0,0.0,0.0,48553238308.94,,,,
RtS,M2,CZ02,cPTAC,0.0,0.0,3561277.31,0.0,0.0,82505815155.98,,,,
RtS,M2,CZ03,cPTAC,0.0,0.0,0.0,0.0,0.0,76433275632.77,,,,
RtS,M2,CZ04,cPTAC,0.0,0.0,65041374.71,0.0,0.0,104011222091.14,,,,
RtS,M2,CZ05,cPTAC,0.0,0.0,0.0,0.0,0.0,79416707176.43,,,,
RtS,M2,CZ06,cPTAC,0.0,0.0,0.0,0.0,0.0,99796319405.77,,,,
RtS,M2,CZ07,cPTAC,0.0,0.0,875570.57,0.0,0.0,100057737677.0,,,,
RtS,M2,CZ08,cPTAC,0.0,0.0,17793086.72,0.0,0.0,119726404081.21,,,,
RtS,M2,CZ09,cPTAC,0.0,0.0,64367187.97,0.0,0.0,122806556347.86,,,,
RtS,M2,CZ10,cPTAC,0.0,0.0,75672540.14,0.0,0.0,126451845838.52,,,,
RtS,M2,CZ11,cPTAC,0.0,0.0,793751386.43,0.0,0.0,119597215730.66,,,,
RtS,M2,CZ12,cPTAC,0.0,0.0,105542755.61,0.0,0.0,102249762687.12,,,,
RtS,M2,CZ13,cPTAC,0.0,0.0,1107428309.46,0.0,0.0,127469653524.67,,,,
RtS,M2,CZ14,cPTAC,0.0,0.0,260427341.38,0.0,0.0,121689266529.25,,,,
RtS,M2,CZ15,cPTAC,0.0,0.0,4844687285.09,0.0,0.0,181466048776.12,,,,
RtS,M2,CZ16,cPTAC,0.0,0.0,17552218.21,0.0,0.0,79320315618.14,,,,
RtS,M2,CZ01,cPVVG,0.0,0.0,0.0,24126079790.67,0.0,40674239499.37,,,,
RtS,M2,CZ02,cPVVG,181149223.14,0.0,1982837.48,21353176911.78,0.0,70924180206.84,,,,
RtS,M2,CZ03,cPVVG,8674548.06,0.0,0.0,12101209803.11,0.0,65317983711.51,,,,
RtS,M2,CZ04,cPVVG,151695490.23,0.0,39234945.04,16317571548.5,0.0,91203997934.17,,,,
RtS,M2,CZ05,cPVVG,18967786.7,0.0,0.0,10069052056.55,0.0,67703041528.53,,,,
RtS,M2,CZ06,cPVVG,0.0,0.0,0.0,2467527535.36,0.0,88975380877.6,,,,
RtS,M2,CZ07,cPVVG,0.0,0.0,637627.45,2211123982.51,0.0,88539029026.55,,,,
RtS,M2,CZ08,cPVVG,0.0,0.0,9657664.74,3056970374.68,0.0,106723362723.98,,,,
RtS,M2,CZ09,cPVVG,0.0,0.0,35019075.4,4697459599.66,0.0,109022955294.57,,,,
RtS,M2,CZ10,cPVVG,7251781.66,0.0,41058389.13,6588147780.32,0.0,111779905069.83,,,,
RtS,M2,CZ11,cPVVG,315250025.08,0.0,477029554.42,19051709343.13,0.0,106807051671.47,,,,
RtS,M2,CZ12,cPVVG,128237978.03,0.0,64533416.62,18555542831.12,0.0,90584983567.2,,,,
RtS,M2,CZ13,cPVVG,23688767.39,0.0,662809729.96,14717929894.27,0.0,114416014977.61,,,,
RtS,M2,CZ14,cPVVG,53168170.42,0.0,146798942.93,10307880462.74,0.0,108440939287.55,,,,
RtS,M2,CZ15,cPVVG,0.0,0.0,2952667687.18,846310158.53,0.0,166159977912.7,,,,
RtS,M2,CZ16,cPVVG,1357329150.49,0.0,9631143.63,32367996242.17,0.0,68259687185.99,,,,
RtS,M3,CZ01,cDXGF,28028636009.31,0.0,39013796268.08,28028636009.31,0.0,39013796268.08,,,,
RtS,M3,CZ02,cDXGF,26160656761.62,0.0,68679055166.9,26160656761.62,0.0,68679055166.9,,,,
RtS,M3,CZ03,cDXGF,14652710836.05,0.0,63124107932.24,14652710836.05,0.0,63124107932.24,,,,
RtS,M3,CZ04,cDXGF,20642680172.72,0.0,89471131441.43,20642680172.72,0.0,89471131441.43,,,,
RtS,M3,CZ05,cDXGF,12297426444.28,0.0,65080863404.66,12297426444.28,0.0,65080863404.66,,,,
RtS,M3,CZ06,cDXGF,3420999696.14,0.0,86211394618.87,3420999696.14,0.0,86211394618.87,,,,
RtS,M3,CZ07,cDXGF,3169392679.58,0.0,85432756870.36,3169392679.58,0.0,85432756870.36,,,,
RtS,M3,CZ08,cDXGF,4310253287.48,0.0,103679081646.93,4310253287.48,0.0,103679081646.93,,,,
RtS,M3,CZ09,cDXGF,6283389773.66,0.0,106236115125.88,6283389773.66,0.0,106251505429.06,,,,
RtS,M3,CZ10,cDXGF,8695824344.85,0.0,109607874582.24,8695824344.85,0.0,109616314889.71,,,,
RtS,M3,CZ11,cDXGF,24428384779.21,0.0,105553888753.05,24428384779.21,0.0,105553888753.05,,,,
RtS,M3,CZ12,cDXGF,23150062267.15,0.0,89026319989.49,23150062267.15,0.0,89026319989.49,,,,
RtS,M3,CZ13,cDXGF,18937240443.75,0.0,112974850057.36,18937240443.75,0.0,112974850057.36,,,,
RtS,M3,CZ14,cDXGF,13276725907.47,0.0,107275394341.6,13276725907.47,0.0,107275394341.6,,,,
RtS,M3,CZ15,cDXGF,1342944514.31,0.0,165224304352.83,1342944514.31,0.0,165224304352.83,,,,
RtS,M3,CZ16,cDXGF,39865680962.84,0.0,65427160302.47,39865680962.84,0.0,65427160302.47,,,,
RtS,M3,CZ01,cDXHP,0.0,6844759097.21,38648135429.56,0.0,6849967540.73,38648135429.56,,,,
RtS,M3,CZ02,cDXHP,0.0,6518595833.76,68756615754.73,0.0,6530763357.81,68756615754.73,,,,
RtS,M3,CZ03,cDXHP,0.0,3490788844.03,62992906025.13,0.0,3490788844.03,62992906025.13,,,,
RtS,M3,CZ04,cDXHP,0.0,5242757691.67,89711460442.99,0.0,5242757691.67,89711460442.99,,,,
RtS,M3,CZ05,cDXHP,0.0,2961570438.52,64770477997.17,0.0,2961570438.52,64770477997.17,,,,
RtS,M3,CZ06,cDXHP,0.0,795746898.06,85999432286.34,0.0,795746898.06,85999432286.34,,,,
RtS,M3,CZ07,cDXHP,0.0,731901700.11,85246082063.84,0.0,731901700.11,85246082063.84,,,,
RtS,M3,CZ08,cDXHP,0.0,1016930487.9,103756947026.13,0.0,1016930487.9,103756947026.13,,,,
RtS,M3,CZ09,cDXHP,0.0,1508919236.85,106322642530.88,0.0,1508919236.85,106322642530.88,,,,
RtS,M3,CZ10,cDXHP,0.0,2084011063.44,109658423236.06,0.0,2084011063.44,109658423236.06,,,,
RtS,M3,CZ11,cDXHP,0.0,6146269232.63,105721866308.7,0.0,6146269232.63,105721866308.7,,,,
RtS,M3,CZ12,cDXHP,0.0,5777274510.2,89250167290.62,0.0,5777274510.2,89250167290.62,,,,
RtS,M3,CZ13,cDXHP,0.0,4703597000.44,113138679133.43,0.0,4703597000.44,113138679133.43,,,,
RtS,M3,CZ14,cDXHP,0.0,3498718858.2,107557559901.72,0.0,3498718858.2,107557559901.72,,,,
RtS,M3,CZ15,cDXHP,0.0,329620012.32,165224300783.57,0.0,329620012.32,165224300783.57,,,,
RtS,M3,CZ16,cDXHP,0.0,10972792336.14,64893083553.84,0.0,11104167463.11,64893083553.84,,,,
RtS,M3,CZ01,cPTAC,0.0,0.0,38044844137.31,0.0,0.0,38044844137.31,,,,
RtS,M3,CZ02,cPTAC,0.0,0.0,67950206530.18,0.0,0.0,67950206530.18,,,,
RtS,M3,CZ03,cPTAC,0.0,0.0,62649635881.77,0.0,0.0,62649635881.77,,,,
RtS,M3,CZ04,cPTAC,0.0,0.0,88840034814.04,0.0,0.0,88840034814.04,,,,
RtS,M3,CZ05,cPTAC,0.0,0.0,64665420057.91,0.0,0.0,64665420057.91,,,,
RtS,M3,CZ06,cPTAC,0.0,0.0,86090674831.66,0.0,0.0,86090674831.66,,,,
RtS,M3,CZ07,cPTAC,0.0,0.0,85326016235.23,0.0,0.0,85326016235.23,,,,
RtS,M3,CZ08,cPTAC,0.0,0.0,103517229355.09,0.0,0.0,103517229355.09,,,,
RtS,M3,CZ09,cPTAC,0.0,0.0,106025960734.09,0.0,0.0,106041351037.27,,,,
RtS,M3,CZ10,cPTAC,0.0,0.0,109354130510.79,0.0,0.0,109362570818.26,,,,
RtS,M3,CZ11,cPTAC,0.0,0.0,104976078294.49,0.0,0.0,104976078294.49,,,,
RtS,M3,CZ12,cPTAC,0.0,0.0,88422931714.05,0.0,0.0,88422931714.05,,,,
RtS,M3,CZ13,cPTAC,0.0,0.0,112528608905.45,0.0,0.0,112528608905.45,,,,
RtS,M3,CZ14,cPTAC,0.0,0.0,106824421439.41,0.0,0.0,106824421439.41,,,,
RtS,M3,CZ15,cPTAC,0.0,0.0,165170766755.41,0.0,0.0,165170766755.41,,,,
RtS,M3,CZ16,cPTAC,0.0,0.0,64438231655.72,0.0,0.0,64438231655.72,,,,
RtS,M3,CZ01,cPVVG,0.0,0.0,0.0,28439710662.96,0.0,38520477619.85,,,,
RtS,M3,CZ02,cPVVG,331255870.53,0.0,1040623.65,26611965044.47,0.0,67925640918.07,,,,
RtS,M3,CZ03,cPVVG,27143914.75,0.0,0.0,14867476552.07,0.0,62367988295.82,,,,
RtS,M3,CZ04,cPVVG,288921711.31,0.0,24377147.07,21065669611.83,0.0,88652239587.53,,,,
RtS,M3,CZ05,cPVVG,41066121.92,0.0,0.0,12472261803.57,0.0,64301276418.22,,,,
RtS,M3,CZ06,cPVVG,0.0,0.0,0.0,3517379379.14,0.0,85382093157.97,,,,
RtS,M3,CZ07,cPVVG,0.0,0.0,514413.24,3259251390.0,0.0,84591634737.06,,,,
RtS,M3,CZ08,cPVVG,0.0,0.0,4726353.17,4452356650.51,0.0,102743286236.73,,,,
RtS,M3,CZ09,cPVVG,0.0,0.0,17708472.09,6495545019.84,0.0,105277724167.46,,,,
RtS,M3,CZ10,cPVVG,11678606.86,0.0,20891240.66,8959519181.3,0.0,108629385847.84,,,,
RtS,M3,CZ11,cPVVG,578628205.39,0.0,296928898.98,25268713339.38,0.0,104684747494.65,,,,
RtS,M3,CZ12,cPVVG,297010328.69,0.0,41116075.88,23798660709.44,0.0,88249839158.4,,,,
RtS,M3,CZ13,cPVVG,78881616.68,0.0,408716687.57,19632433067.45,0.0,112057502993.13,,,,
RtS,M3,CZ14,cPVVG,132379768.79,0.0,80642611.19,13654387610.96,0.0,106332346785.88,,,,
RtS,M3,CZ15,cPVVG,0.0,0.0,1909897311.92,1395845256.19,0.0,163973118430.16,,,,
RtS,M3,CZ16,cPVVG,2398908977.3,0.0,4826122.59,40782346978.34,0.0,64610320290.88,,,,
RtS,M4,CZ01,cDXGF,22592319.07,0.0,0.0,92863597576.94,0.0,12642853742.77,,,,
RtS,M4,CZ02,cDXGF,998229918.58,0.0,1500700.74,68060920072.05,0.0,57603300587.58,,,,
RtS,M4,CZ03,cDXGF,47510839.75,0.0,0.0,39869308896.17,0.0,42681617607.02,,,,
RtS,M4,CZ04,cDXGF,622624743.37,0.0,62441494.02,52417464063.48,0.0,86266352474.08,,,,
RtS,M4,CZ05,cDXGF,100984813.86,0.0,0.0,34093636482.74,0.0,46804317727.42,,,,
RtS,M4,CZ06,cDXGF,0.0,0.0,0.0,9818827998.56,0.0,75358345193.56,,,,
RtS,M4,CZ07,cDXGF,0.0,0.0,824582.2,8555900182.63,0.0,75185201492.73,,,,
RtS,M4,CZ08,cDXGF,0.0,0.0,12876841.18,11264942560.33,0.0,103611748159.34,,,,
RtS,M4,CZ09,cDXGF,0.0,0.0,62178583.41,15521573451.55,0.0,106051969812.11,,,,
RtS,M4,CZ10,cDXGF,38745106.05,0.0,65439656.12,18920267902.44,0.0,115549543687.62,,,,
RtS,M4,CZ11,cDXGF,1584335990.06,0.0,765154019.88,59843130755.53,0.0,113220287682.04,,,,
RtS,M4,CZ12,cDXGF,956078853.84,0.0,92304775.79,60121565887.48,0.0,85436898593.63,,,,
RtS,M4,CZ13,cDXGF,275830302.02,0.0,1170350779.33,48079263039.63,0.0,119875275222.54,,,,
RtS,M4,CZ14,cDXGF,690293886.39,0.0,271195279.06,38801744161.83,0.0,112356701586.72,,,,
RtS,M4,CZ15,cDXGF,0.0,0.0,6114057256.67,4583239485.43,0.0,200327699114.84,,,,
RtS,M4,CZ16,cDXGF,7356513549.14,0.0,11738008.47,103150939703.55,0.0,51400196436.74,,,,
RtS,M4,CZ01,cDXHP,0.0,7674246.26,0.0,0.0,22629458519.76,12600784338.54,,,,
RtS,M4,CZ02,cDXHP,0.0,293969861.91,1503907.36,0.0,17089602651.77,58005506459.93,,,,
RtS,M4,CZ03,cDXHP,0.0,11771788.32,0.0,0.0,9507430509.84,42752758441.75,,,,
RtS,M4,CZ04,cDXHP,0.0,175196923.73,62651862.92,0.0,13488852511.57,87101471425.7,,,,
RtS,M4,CZ05,cDXHP,0.0,26112716.78,0.0,0.0,8282531557.82,47011408204.18,,,,
RtS,M4,CZ06,cDXHP,0.0,0.0,0.0,0.0,2281113068.15,74140436156.46,,,,
RtS,M4,CZ07,cDXHP,0.0,0.0,787521.66,0.0,1978844234.0,74242553882.04,,,,
RtS,M4,CZ08,cDXHP,0.0,0.0,12863192.42,0.0,2684478933.21,103409225922.66,,,,
RtS,M4,CZ09,cDXHP,0.0,0.0,58566716.75,0.0,3753646285.62,106105671168.89,,,,
RtS,M4,CZ10,cDXHP,0.0,10633675.22,65087995.23,0.0,4581147512.31,115597143096.3,,,,
RtS,M4,CZ11,cDXHP,0.0,465741006.38,756466689.77,0.0,15202334953.78,113629304857.89,,,,
RtS,M4,CZ12,cDXHP,0.0,263679250.13,91638542.99,0.0,15052201161.85,85901301877.62,,,,
RtS,M4,CZ13,cDXHP,0.0,77408818.22,1169696528.98,0.0,12065349516.74,120265564527.76,,,,
RtS,M4,CZ14,cDXHP,0.0,237183734.0,269983358.32,0.0,10437794846.27,113179049338.95,,,,
RtS,M4,CZ15,cDXHP,0.0,0.0,6114057256.67,0.0,1134014167.25,200327699081.32,,,,
RtS,M4,CZ16,cDXHP,0.0,2568657549.7,11783421.97,0.0,29540073750.85,52015077353.42,,,,
RtS,M4,CZ01,cPTAC,0.0,0.0,0.0,0.0,0.0,11685988736.95,,,,
RtS,M4,CZ02,cPTAC,0.0,0.0,1500700.74,0.0,0.0,56331653941.61,,,,
RtS,M4,CZ03,cPTAC,0.0,0.0,0.0,0.0,0.0,41901444448.35,,,,
RtS,M4,CZ04,cPTAC,0.0,0.0,62441476.05,0.0,0.0,84970729825.91,,,,
RtS,M4,CZ05,cPTAC,0.0,0.0,0.0,0.0,0.0,45781516000.96,,,,
RtS,M4,CZ06,cPTAC,0.0,0.0,0.0,0.0,0.0,75043810681.72,,,,
RtS,M4,CZ07,cPTAC,0.0,0.0,824582.2,0.0,0.0,74880884368.17,,,,
RtS,M4,CZ08,cPTAC,0.0,0.0,12876841.18,0.0,0.0,103168733598.2,,,,
RtS,M4,CZ09,cPTAC,0.0,0.0,62178583.74,0.0,0.0,105527578209.48,,,,
RtS,M4,CZ10,cPTAC,0.0,0.0,65439656.11,0.0,0.0,114945355201.37,,,,
RtS,M4,CZ11,cPTAC,0.0,0.0,765151647.71,0.0,0.0,112332050871.51,,,,
RtS,M4,CZ12,cPTAC,0.0,0.0,92300292.79,0.0,0.0,84653921157.61,,,,
RtS,M4,CZ13,cPTAC,0.0,0.0,1170350779.33,0.0,0.0,119304598568.7,,,,
RtS,M4,CZ14,cPTAC,0.0,0.0,271194899.57,0.0,0.0,111350024434.09,,,,
RtS,M4,CZ15,cPTAC,0.0,0.0,6114057256.67,0.0,0.0,200120934299.76,,,,
RtS,M4,CZ16,cPTAC,0.0,0.0,11738288.51,0.0,0.0,50134000453.98,,,,
RtS,M4,CZ01,cPVVG,29083364.77,0.0,0.0,124512536194.98,0.0,8326747986.49,,,,
RtS,M4,CZ02,cPVVG,1424119525.6,0.0,301617.08,93568185931.98,0.0,48916771084.84,,,,
RtS,M4,CZ03,cPVVG,88380332.66,0.0,0.0,57632831247.07,0.0,33713038183.4,,,,
RtS,M4,CZ04,cPVVG,966352519.04,0.0,37267922.59,73165834772.12,0.0,76767414122.87,,,,
RtS,M4,CZ05,cPVVG,153990887.39,0.0,0.0,51247544751.67,0.0,37326495523.62,,,,
RtS,M4,CZ06,cPVVG,0.0,0.0,0.0,16238224161.56,0.0,64769112910.95,,,,
RtS,M4,CZ07,cPVVG,0.0,0.0,576222.29,14683373625.03,0.0,63851909014.24,,,,
RtS,M4,CZ08,cPVVG,0.0,0.0,5462131.8,18732420308.39,0.0,91567893042.2,,,,
RtS,M4,CZ09,cPVVG,0.0,0.0,28995682.83,25144684021.2,0.0,93787964297.81,,,,
RtS,M4,CZ10,cPVVG,55632964.21,0.0,31152660.82,30454391627.38,0.0,102951308260.12,,,,
RtS,M4,CZ11,cPVVG,2292092770.28,0.0,449586558.18,84263699036.51,0.0,103539109788.54,,,,
RtS,M4,CZ12,cPVVG,1369674688.02,0.0,56001626.66,82937862281.5,0.0,76445072030.29,,,,
RtS,M4,CZ13,cPVVG,448400429.19,0.0,723781985.9,69695313887.87,0.0,109900250087.16,,,,
RtS,M4,CZ14,cPVVG,898719440.34,0.0,153214637.82,55749779043.06,0.0,102568634971.64,,,,
RtS,M4,CZ15,cPVVG,0.0,0.0,4193731293.54,8908810267.03,0.0,186723638426.66,,,,
RtS,M4,CZ16,cPVVG,9810093020.42,0.0,4064644.7,137342764519.04,0.0,43169815588.95,,,,
RtS,M5,CZ01,cDXGF,35775987973.85,0.0,30269327898.86,35775987973.85,0.0,30269327898.86,,,,
RtS,M5,CZ02,cDXGF,32469973256.01,0.0,65354932487.07,32469973256.01,0.0,65354932487.07,,,,
RtS,M5,CZ03,cDXGF,18188839288.22,0.0,56699487291.43,18188839288.22,0.0,56699487291.43,,,,
RtS,M5,CZ04,cDXGF,25306543057.38,0.0,87878361697.8,25306543057.38,0.0,88335749431.46,,,,
RtS,M5,CZ05,cDXGF,15080573198.62,0.0,58711790726.0,15080573198.62,0.0,58914721208.72,,,,
RtS,M5,CZ06,cDXGF,4158454974.31,0.0,84367156899.75,4158454974.31,0.0,84750268026.77,,,,
RtS,M5,CZ07,cDXGF,3788176482.8,0.0,83302259972.46,3788176482.8,0.0,83594305923.34,,,,
RtS,M5,CZ08,cDXGF,5131272319.27,0.0,105366892131.53,5131272319.27,0.0,106101885368.51,,,,
RtS,M5,CZ09,cDXGF,7558695845.16,0.0,106092495760.42,7558695845.16,0.0,107099354255.83,,,,
RtS,M5,CZ10,cDXGF,10306031783.36,0.0,112579652873.34,10306031783.36,0.0,113510271036.89,,,,
RtS,M5,CZ11,cDXGF,29654624921.73,0.0,108806509640.78,29654624921.73,0.0,109496186309.93,,,,
RtS,M5,CZ12,cDXGF,28544325646.76,0.0,89687764594.73,28544325646.76,0.0,89905523536.69,,,,
RtS,M5,CZ13,cDXGF,22892737828.54,0.0,117015784314.31,22892737828.54,0.0,117461482221.83,,,,
RtS,M5,CZ14,cDXGF,16597034680.09,0.0,106522807128.32,16597034680.09,0.0,107329517659.23,,,,
RtS,M5,CZ15,cDXGF,1597956717.25,0.0,178972837536.94,1597956717.25,0.0,180829721346.23,,,,
RtS,M5,CZ16,cDXGF,50817821883.57,0.0,56377125419.48,50817821883.57,0.0,56377125419.48,,,,
RtS,M5,CZ01,cDXHP,0.0,8841810208.8,33209605397.26,0.0,9060740672.67,33209605397.26,,,,
RtS,M5,CZ02,cDXHP,0.0,8078119714.33,67341068655.13,0.0,8401941141.77,67341068655.13,,,,
RtS,M5,CZ03,cDXHP,0.0,4280137033.11,59033815740.43,0.0,4333950934.41,59033815740.43,,,,
RtS,M5,CZ04,cDXHP,0.0,6409123543.65,89188596083.76,0.0,6724802971.78,89188596083.76,,,,
RtS,M5,CZ05,cDXHP,0.0,3603950302.74,61139971668.83,0.0,3675255869.04,61139971668.83,,,,
RtS,M5,CZ06,cDXHP,0.0,948889336.94,86140104245.16,0.0,948889336.94,86200799909.25,,,,
RtS,M5,CZ07,cDXHP,0.0,857830626.32,84973212765.86,0.0,857830626.32,84973212765.86,,,,
RtS,M5,CZ08,cDXHP,0.0,1199812718.19,107136701953.96,0.0,1199812718.19,107177865747.28,,,,
RtS,M5,CZ09,cDXHP,0.0,1809912830.16,107360338244.1,0.0,1809912830.16,107721684540.93,,,,
RtS,M5,CZ10,cDXHP,0.0,2470696366.22,113008162333.0,0.0,2470696366.22,113686360618.13,,,,
RtS,M5,CZ11,cDXHP,0.0,7495384043.69,109648552347.4,0.0,7678055117.95,109679084051.44,,,,
RtS,M5,CZ12,cDXHP,0.0,7143554122.49,91184385922.29,0.0,7311373871.35,91184385922.29,,,,
RtS,M5,CZ13,cDXHP,0.0,5723251414.24,117737009905.49,0.0,5802517591.12,117778184145.28,,,,
RtS,M5,CZ14,cDXHP,0.0,4420769855.19,107370046198.58,0.0,4712028491.29,107426108535.89,,,,
RtS,M5,CZ15,cDXHP,0.0,388330391.78,178973375704.04,0.0,388330391.78,180830259513.34,,,,
RtS,M5,CZ16,cDXHP,0.0,13751980681.11,57171190416.22,0.0,15955440631.23,57171190416.22,,,,
RtS,M5,CZ01,cPTAC,0.0,0.0,26825896616.04,0.0,0.0,26825896616.04,,,,
RtS,M5,CZ02,cPTAC,0.0,0.0,62583505444.83,0.0,0.0,62583505444.83,,,,
RtS,M5,CZ03,cPTAC,0.0,0.0,54794410469.63,0.0,0.0,54794410469.63,,,,
RtS,M5,CZ04,cPTAC,0.0,0.0,85068314110.01,0.0,0.0,85525701765.06,,,,
RtS,M5,CZ05,cPTAC,0.0,0.0,56759706664.17,0.0,0.0,56962635395.99,,,,
RtS,M5,CZ06,cPTAC,0.0,0.0,83772200120.81,0.0,0.0,84155311247.83,,,,
RtS,M5,CZ07,cPTAC,0.0,0.0,82717509321.43,0.0,0.0,83009555272.31,,,,
RtS,M5,CZ08,cPTAC,0.0,0.0,104604291118.98,0.0,0.0,105339284356.7,,,,
RtS,M5,CZ09,cPTAC,0.0,0.0,105156552817.79,0.0,0.0,106163411313.53,,,,
RtS,M5,CZ10,cPTAC,0.0,0.0,111487371237.91,0.0,0.0,112417989397.08,,,,
RtS,M5,CZ11,cPTAC,0.0,0.0,106737712210.88,0.0,0.0,107427388880.05,,,,
RtS,M5,CZ12,cPTAC,0.0,0.0,87579594985.57,0.0,0.0,87797353927.53,,,,
RtS,M5,CZ13,cPTAC,0.0,0.0,115307060560.36,0.0,0.0,115752758467.88,,,,
RtS,M5,CZ14,cPTAC,0.0,0.0,104456915244.68,0.0,0.0,105263625775.59,,,,
RtS,M5,CZ15,cPTAC,0.0,0.0,178596474972.83,0.0,0.0,180453358782.13,,,,
RtS,M5,CZ16,cPTAC,0.0,0.0,53294147649.08,0.0,0.0,53294147649.08,,,,
RtS,M5,CZ01,cPVVG,0.0,0.0,0.0,35825289760.32,0.0,29916046120.03,,,,
RtS,M5,CZ02,cPVVG,382774112.15,0.0,979033.46,32710354595.65,0.0,64650123448.1,,,,
RtS,M5,CZ03,cPVVG,29791856.16,0.0,0.0,18332226731.78,0.0,56029715720.98,,,,
RtS,M5,CZ04,cPVVG,324294864.29,0.0,24930887.29,25561923959.05,0.0,87581033323.25,,,,
RtS,M5,CZ05,cPVVG,46786307.07,0.0,0.0,15192480869.29,0.0,58217409916.39,,,,
RtS,M5,CZ06,cPVVG,0.0,0.0,0.0,4232866621.11,0.0,83941243815.96,,,,
RtS,M5,CZ07,cPVVG,0.0,0.0,554897.13,3859920687.93,0.0,82773391254.42,,,,
RtS,M5,CZ08,cPVVG,0.0,0.0,4670556.37,5238803329.33,0.0,105166973028.61,,,,
RtS,M5,CZ09,cPVVG,0.0,0.0,18111033.62,7721270241.35,0.0,106144668182.17,,,,
RtS,M5,CZ10,cPVVG,14383569.63,0.0,21369577.8,10522434036.57,0.0,112519754365.26,,,,
RtS,M5,CZ11,cPVVG,672042323.18,0.0,311873916.4,30194287023.62,0.0,108652178889.27,,,,
RtS,M5,CZ12,cPVVG,341103788.19,0.0,42472064.87,28929627058.12,0.0,89163437254.11,,,,
RtS,M5,CZ13,cPVVG,90079852.95,0.0,424982499.31,23349092375.9,0.0,116566113565.77,,,,
RtS,M5,CZ14,cPVVG,161295526.99,0.0,83953645.79,16809350061.72,0.0,106458481002.14,,,,
RtS,M5,CZ15,cPVVG,0.0,0.0,2030930107.19,1642322282.09,0.0,179552215700.31,,,,
RtS,M5,CZ16,cPVVG,2900306495.63,0.0,4609286.26,51305458932.04,0.0,55697786580.08,,,,
SCn,M1,CZ01,cDXGF,37149787153.13,0.0,0.0,9299400653744.19,0.0,3335865567.28,,,,
SCn,M1,CZ02,cDXGF,52021995596.3,0.0,0.0,5660189969420.93,0.0,655417239692.02,,,,
SCn,M1,CZ03,cDXGF,32999597189.21,0.0,0.0,4532485070178.82,0.0,204490172148.63,,,,
SCn,M1,CZ04,cDXGF,48495075667.8,0.0,0.0,4635395100522.46,0.0,1325858639101.37,,,,
SCn,M1,CZ05,cDXGF,29957220666.27,0.0,0.0,3986204462243.76,0.0,207976704778.46,,,,
SCn,M1,CZ06,cDXGF,6694943740.51,0.0,0.0,1606084434995.53,0.0,786294750493.74,,,,
SCn,M1,CZ07,cDXGF,2601515272.23,0.0,0.0,1477382950477.81,0.0,821811742455.4,,,,
SCn,M1,CZ08,cDXGF,11081505575.3,0.0,0.0,1635815793771.46,0.0,1606094738145.61,,,,
SCn,M1,CZ09,cDXGF,24956500005.38,0.0,0.0,2021867829641.86,0.0,1589211894041.03,,,,
SCn,M1,CZ10,cDXGF,28137988580.68,0.0,0.0,2072420567292.59,0.0,1771668846289.35,,,,
SCn,M1,CZ11,cDXGF,70874696346.89,0.0,4070042260.32,5072409595259.53,0.0,2046280413970.38,,,,
SCn,M1,CZ12,cDXGF,56746222905.93,0.0,0.0,5211004576261.48,0.0,1369509780454.95,,,,
SCn,M1,CZ13,cDXGF,37809534581.43,0.0,4016743504.64,4400884419136.62,0.0,2262513850239.17,,,,
SCn,M1,CZ14,cDXGF,59048075832.07,0.0,1845891083.12,4334081535646.54,0.0,2053520809232.56,,,,
SCn,M1,CZ15,cDXGF,32673211855.15,0.0,12076679287.78,948698730538.3,0.0,3959534749568.56,,,,
SCn,M1,CZ16,cDXGF,95192531111.53,0.0,0.0,8185364689978.31,0.0,608753943632.47,,,,
SCn,M1,CZ01,cDXHP,0.0,7561159869.71,0.0,0.0,2068675435359.36,3403964568.13,,,,
SCn,M1,CZ02,cDXHP,0.0,10928132477.15,0.0,0.0,1265614772713.27,655080521952.08,,,,
SCn,M1,CZ03,cDXHP,0.0,7208877658.41,0.0,0.0,993419748329.45,205554449607.19,,,,
SCn,M1,CZ04,cDXHP,0.0,9565382843.22,0.0,0.0,1054130296606.23,1325408673277.93,,,,
SCn,M1,CZ05,cDXHP,0.0,6707474853.99,0.0,0.0,883508810826.27,209246931506.57,,,,
SCn,M1,CZ06,cDXHP,0.0,1461113826.5,0.0,0.0,348361085486.57,796515298384.1,,,,
SCn,M1,CZ07,cDXHP,0.0,569907353.43,0.0,0.0,320737392750.6,825976498510.45,,,,
SCn,M1,CZ08,cDXHP,0.0,2500918046.19,0.0,0.0,362654744836.71,1605901480800.97,,,,
SCn,M1,CZ09,cDXHP,0.0,5736783432.14,0.0,0.0,452212415190.04,1588933230296.92,,,,
SCn,M1,CZ10,cDXHP,0.0,6387887109.47,0.0,0.0,460658807794.9,1771274611785.72,,,,
SCn,M1,CZ11,cDXHP,0.0,17521992366.83,4070042451.04,0.0,1147955039618.9,2046188262214.1,,,,
SCn,M1,CZ12,cDXHP,0.0,12399316523.88,0.0,0.0,1156918755164.51,1369393865877.73,,,,
SCn,M1,CZ13,cDXHP,0.0,8730309520.51,4016743504.64,0.0,1000113746559.91,2262496557405.18,,,,
SCn,M1,CZ14,cDXHP,0.0,26788634250.79,1845891395.89,0.0,1010060264379.78,2053374216797.95,,,,
SCn,M1,CZ15,cDXHP,0.0,7861955188.32,12076678152.78,0.0,216938000491.47,3959507777465.74,,,,
SCn,M1,CZ16,cDXHP,0.0,52799487523.72,0.0,0.0,2004698626515.06,623004135574.78,,,,
SCn,M1,CZ01,cPTAC,0.0,0.0,0.0,0.0,0.0,1103981347.34,,,,
SCn,M1,CZ02,cPTAC,0.0,0.0,0.0,0.0,0.0,619458818279.88,,,,
SCn,M1,CZ03,cPTAC,0.0,0.0,0.0,0.0,0.0,196173484661.52,,,,
SCn,M1,CZ04,cPTAC,0.0,0.0,0.0,0.0,0.0,1294149251267.59,,,,
SCn,M1,CZ05,cPTAC,0.0,0.0,0.0,0.0,0.0,181913066491.62,,,,
SCn,M1,CZ06,cPTAC,0.0,0.0,0.0,0.0,0.0,774040513327.6,,,,
SCn,M1,CZ07,cPTAC,0.0,0.0,0.0,0.0,0.0,812935973151.42,,,,
SCn,M1,CZ08,cPTAC,0.0,0.0,0.0,0.0,0.0,1575940268088.24,,,,
SCn,M1,CZ09,cPTAC,0.0,0.0,0.0,0.0,0.0,1553045644462.29,,,,
SCn,M1,CZ10,cPTAC,0.0,0.0,0.0,0.0,0.0,1736819578641.71,,,,
SCn,M1,CZ11,cPTAC,0.0,0.0,4070042260.31,0.0,0.0,2029593523524.64,,,,
SCn,M1,CZ12,cPTAC,0.0,0.0,0.0,0.0,0.0,1353818215442.11,,,,
SCn,M1,CZ13,cPTAC,0.0,0.0,4016743504.64,0.0,0.0,2252241053370.16,,,,
SCn,M1,CZ14,cPTAC,0.0,0.0,1845891083.12,0.0,0.0,2036655439099.18,,,,
SCn,M1,CZ15,cPTAC,0.0,0.0,12076680527.61,0.0,0.0,3940819199729.84,,,,
SCn,M1,CZ16,cPTAC,0.0,0.0,0.0,0.0,0.0,593583835437.2,,,,
SCn,M1,CZ01,cPVVG,38355695293.38,0.0,0.0,10018102743892.72,0.0,2413076413.35,,,,
SCn,M1,CZ02,cPVVG,53673416810.8,0.0,0.0,6151396082807.18,0.0,569523884022.51,,,,
SCn,M1,CZ03,cPVVG,33698803770.56,0.0,0.0,4770199455877.78,0.0,187296872602.45,,,,
SCn,M1,CZ04,cPVVG,50859036106.76,0.0,0.0,5051313651365.17,0.0,1218759165931.07,,,,
SCn,M1,CZ05,cPVVG,31002248947.53,0.0,0.0,4351093771649.2,0.0,179034032515.76,,,,
SCn,M1,CZ06,cPVVG,6682362483.77,0.0,0.0,1631303337819.85,0.0,780922907319.87,,,,
SCn,M1,CZ07,cPVVG,2596545699.0,0.0,0.0,1520942757667.9,0.0,810498924128.34,,,,
SCn,M1,CZ08,cPVVG,11398718618.07,0.0,0.0,1843850193829.61,0.0,1581087852321.01,,,,
SCn,M1,CZ09,cPVVG,25712488488.98,0.0,0.0,2256413395902.56,0.0,1558426243372.61,,,,
SCn,M1,CZ10,cPVVG,28683130780.22,0.0,0.0,2237684086182.76,0.0,1747751015736.81,,,,
SCn,M1,CZ11,cPVVG,72446269080.99,0.0,4003489307.21,5499170705403.92,0.0,2006810751100.75,,,,
SCn,M1,CZ12,cPVVG,58185157630.23,0.0,0.0,5554049554765.82,0.0,1329155183289.14,,,,
SCn,M1,CZ13,cPVVG,39636319613.58,0.0,3962763170.63,4774736203442.03,0.0,2223650372324.36,,,,
SCn,M1,CZ14,cPVVG,60691125604.57,0.0,3018099130.19,4734021693529.17,0.0,1898087018945.81,,,,
SCn,M1,CZ15,cPVVG,33835252263.22,0.0,11802861234.02,1154309948607.41,0.0,3889120185429.15,,,,
SCn,M1,CZ16,cPVVG,98807901074.8,0.0,0.0,9016279077197.21,0.0,541914936552.86,,,,
SCn,M2,CZ01,cDXGF,20108841208.45,0.0,0.0,1493253935812.33,0.0,332890052104.52,,,,
SCn,M2,CZ02,cDXGF,28254330113.67,0.0,0.0,933876316717.81,0.0,1024151781797.02,,,,
SCn,M2,CZ03,cDXGF,19203797719.48,0.0,0.0,598077924975.64,0.0,755544123192.53,,,,
SCn,M2,CZ04,cDXGF,27212038875.53,0.0,0.0,666119598377.58,0.0,1474409777880.84,,,,
SCn,M2,CZ05,cDXGF,17915501568.84,0.0,0.0,418546082355.97,0.0,745537571434.86,,,,
SCn,M2,CZ06,cDXGF,3561779468.75,0.0,0.0,137989597674.15,0.0,1213389705724.18,,,,
SCn,M2,CZ07,cDXGF,1301076215.3,0.0,0.0,104695386112.62,0.0,1254351895405.73,,,,
SCn,M2,CZ08,cDXGF,5391487472.52,0.0,0.0,169663783216.97,0.0,1757967939627.83,,,,
SCn,M2,CZ09,cDXGF,14686916972.73,0.0,0.0,258550635568.46,0.0,1771962844925.84,,,,
SCn,M2,CZ10,cDXGF,13323006273.2,0.0,0.0,233284883364.36,0.0,1788325091577.68,,,,
SCn,M2,CZ11,cDXGF,36781504138.01,0.0,558974697.96,964321964193.03,0.0,1867596861179.23,,,,
SCn,M2,CZ12,cDXGF,30419904883.14,0.0,0.0,988693214160.5,0.0,1515751873672.29,,,,
SCn,M2,CZ13,cDXGF,23761134785.94,0.0,888389819.55,809107093638.39,0.0,2147761452658.59,,,,
SCn,M2,CZ14,cDXGF,25969845188.97,0.0,0.0,713066185310.02,0.0,1897338880833.46,,,,
SCn,M2,CZ15,cDXGF,14903077923.75,0.0,1260880536.23,117078831996.12,0.0,3290619714422.56,,,,
SCn,M2,CZ16,cDXGF,41155982047.62,0.0,0.0,1710184515017.84,0.0,1021514725348.59,,,,
SCn,M2,CZ01,cDXHP,0.0,4594054927.01,0.0,0.0,356925269090.06,323608674396.63,,,,
SCn,M2,CZ02,cDXHP,0.0,6559103193.75,0.0,0.0,228890210561.67,1023878998335.82,,,,
SCn,M2,CZ03,cDXHP,0.0,4252389335.06,0.0,0.0,137198237235.29,753002602858.72,,,,
SCn,M2,CZ04,cDXHP,0.0,6271353547.72,0.0,0.0,166334389465.61,1474091960748.5,,,,
SCn,M2,CZ05,cDXHP,0.0,3947544364.29,0.0,0.0,97232128786.46,743281246479.66,,,,
SCn,M2,CZ06,cDXHP,0.0,781733412.92,0.0,0.0,30292353493.81,1216865916268.37,,,,
SCn,M2,CZ07,cDXHP,0.0,285365550.46,0.0,0.0,22595803114.18,1258224404283.44,,,,
SCn,M2,CZ08,cDXHP,0.0,1226608429.48,0.0,0.0,38094024116.45,1757914102125.5,,,,
SCn,M2,CZ09,cDXHP,0.0,2834409780.02,0.0,0.0,58681347506.21,1771862841633.21,,,,
SCn,M2,CZ10,cDXHP,0.0,3152043695.86,0.0,0.0,53689110705.21,1788198038643.32,,,,
SCn,M2,CZ11,cDXHP,0.0,8935305719.56,558974698.95,0.0,236617446455.96,1867485627403.31,,,,
SCn,M2,CZ12,cDXHP,0.0,5993888306.62,0.0,0.0,236863773698.58,1515623027484.38,,,,
SCn,M2,CZ13,cDXHP,0.0,5409138974.01,888389819.42,0.0,195776578714.75,2147689020480.59,,,,
SCn,M2,CZ14,cDXHP,0.0,7322259008.23,0.0,0.0,187079320886.39,1896904398233.03,,,,
SCn,M2,CZ15,cDXHP,0.0,3641980979.19,1260880536.12,0.0,27466847397.62,3290566852402.17,,,,
SCn,M2,CZ16,cDXHP,0.0,11980096109.4,0.0,0.0,481333847476.5,1029298605420.35,,,,
SCn,M2,CZ01,cPTAC,0.0,0.0,0.0,0.0,0.0,325746348667.04,,,,
SCn,M2,CZ02,cPTAC,0.0,0.0,0.0,0.0,0.0,1010460446431.89,,,,
SCn,M2,CZ03,cPTAC,0.0,0.0,0.0,0.0,0.0,748427523698.88,,,,
SCn,M2,CZ04,cPTAC,0.0,0.0,0.0,0.0,0.0,1459848374284.39,,,,
SCn,M2,CZ05,cPTAC,0.0,0.0,0.0,0.0,0.0,730299570848.66,,,,
SCn,M2,CZ06,cPTAC,0.0,0.0,0.0,0.0,0.0,1207299952068.48,,,,
SCn,M2,CZ07,cPTAC,0.0,0.0,0.0,0.0,0.0,1248519088561.43,,,,
SCn,M2,CZ08,cPTAC,0.0,0.0,0.0,0.0,0.0,1748504048027.22,,,,
SCn,M2,CZ09,cPTAC,0.0,0.0,0.0,0.0,0.0,1758342013167.37,,,,
SCn,M2,CZ10,cPTAC,0.0,0.0,0.0,0.0,0.0,1776210147995.58,,,,
SCn,M2,CZ11,cPTAC,0.0,0.0,558974699.38,0.0,0.0,1856889175935.83,,,,
SCn,M2,CZ12,cPTAC,0.0,0.0,0.0,0.0,0.0,1508125795821.07,,,,
SCn,M2,CZ13,cPTAC,0.0,0.0,888389996.96,0.0,0.0,2140564631590.6,,,,
SCn,M2,CZ14,cPTAC,0.0,0.0,0.0,0.0,0.0,1881215767059.78,,,,
SCn,M2,CZ15,cPTAC,0.0,0.0,1260880536.2,0.0,0.0,3284608977116.83,,,,
SCn,M2,CZ16,cPTAC,0.0,0.0,0.0,0.0,0.0,998873995987.12,,,,
SCn,M2,CZ01,cPVVG,21748200286.4,0.0,0.0,1907975330693.48,0.0,231583650686.31,,,,
SCn,M2,CZ02,cPVVG,30578248973.02,0.0,0.0,1227014515503.78,0.0,852889548518.45,,,,
SCn,M2,CZ03,cPVVG,20135479487.59,0.0,0.0,712837061801.06,0.0,671036722893.37,,,,
SCn,M2,CZ04,cPVVG,30337411043.68,0.0,0.0,986313708644.74,0.0,1277429232224.5,,,,
SCn,M2,CZ05,cPVVG,19230876178.11,0.0,0.0,546328429692.49,0.0,615477465543.83,,,,
SCn,M2,CZ06,cPVVG,3590135908.04,0.0,0.0,145735349845.68,0.0,1185811384853.13,,,,
SCn,M2,CZ07,cPVVG,1311154818.79,0.0,0.0,113865811344.24,0.0,1218988891038.5,,,,
SCn,M2,CZ08,cPVVG,5856529432.85,0.0,0.0,227658716231.59,0.0,1633962289407.65,,,,
SCn,M2,CZ09,cPVVG,16030757035.97,0.0,0.0,345990971218.6,0.0,1632939704252.67,,,,
SCn,M2,CZ10,cPVVG,14220347855.69,0.0,0.0,294621255912.39,0.0,1690439615107.38,,,,
SCn,M2,CZ11,cPVVG,39435340830.56,0.0,508216708.53,1287509507943.02,0.0,1748722672854.32,,,,
SCn,M2,CZ12,cPVVG,32504752516.1,0.0,0.0,1238719274670.23,0.0,1410116736173.57,,,,
SCn,M2,CZ13,cPVVG,22965150736.54,0.0,810664323.79,1081655150966.11,0.0,2023474411842.22,,,,
SCn,M2,CZ14,cPVVG,28853237402.53,0.0,0.0,1027281339907.46,0.0,1690155175035.23,,,,
SCn,M2,CZ15,cPVVG,16769192137.8,0.0,1144479791.59,151999001835.8,0.0,3115513191137.13,,,,
SCn,M2,CZ16,cPVVG,46558344323.31,0.0,0.0,2433175586504.02,0.0,786454157794.21,,,,
SCn,M3,CZ01,cDXGF,2278578386719.79,0.0,206471106384.39,2293777993656.17,0.0,206471106384.39,,,,
SCn,M3,CZ02,cDXGF,1431623598295.1,0.0,869909654075.57,1447614412979.47,0.0,869909654075.57,,,,
SCn,M3,CZ03,cDXGF,948521787265.26,0.0,629354177379.6,961788073570.35,0.0,629354177379.6,,,,
SCn,M3,CZ04,cDXGF,1110553306801.54,0.0,1315274554011.81,1118837925576.24,0.0,1315924812748.89,,,,
SCn,M3,CZ05,cDXGF,716334992981.12,0.0,586000992813.9,730583624810.26,0.0,586000992813.9,,,,
SCn,M3,CZ06,cDXGF,210872790553.54,0.0,1081210906152.53,218983006909.86,0.0,1089854427643.91,,,,
SCn,M3,CZ07,cDXGF,178244457895.38,0.0,1119035767126.72,189112561057.92,0.0,1120616502359.26,,,,
SCn,M3,CZ08,cDXGF,293253299001.67,0.0,1575054777103.62,303106385556.18,0.0,1583353633034.16,,,,
SCn,M3,CZ09,cDXGF,414109927293.11,0.0,1589605033731.17,430877448264.32,0.0,1604826930605.01,,,,
SCn,M3,CZ10,cDXGF,368464319649.84,0.0,1604434332496.38,384966024936.87,0.0,1644372109444.78,,,,
SCn,M3,CZ11,cDXGF,1474013216671.9,0.0,1692591855980.15,1490050034131.27,0.0,1739720992013.25,,,,
SCn,M3,CZ12,cDXGF,1433944717872.63,0.0,1379997868848.6,1456966535973.07,0.0,1391486554802.3,,,,
SCn,M3,CZ13,cDXGF,1238421442624.48,0.0,1972237735450.04,1250095253265.69,0.0,2014536221581.5,,,,
SCn,M3,CZ14,cDXGF,1143690606937.36,0.0,1725863501261.3,1159717183150.65,0.0,1745823256103.95,,,,
SCn,M3,CZ15,cDXGF,171940192594.52,0.0,2906719510406.79,182863506394.27,0.0,3108637373997.62,,,,
SCn,M3,CZ16,cDXGF,2599793779615.2,0.0,836819816023.64,2608027589044.15,0.0,836819816023.64,,,,
SCn,M3,CZ01,cDXHP,0.0,475661919838.09,208087626489.03,0.0,531150474329.93,208087626489.03,,,,
SCn,M3,CZ02,cDXHP,0.0,298637952619.4,869728637737.48,0.0,341834776785.24,869728637737.48,,,,
SCn,M3,CZ03,cDXHP,0.0,198007999176.24,639018639463.8,0.0,216648869890.54,639018639463.8,,,,
SCn,M3,CZ04,cDXHP,0.0,239070021968.12,1315102591662.2,0.0,268975838944.73,1315752850387.78,,,,
SCn,M3,CZ05,cDXHP,0.0,151070571306.22,590063625823.78,0.0,166370200174.21,590063625823.78,,,,
SCn,M3,CZ06,cDXHP,0.0,43242634825.93,1096639070369.78,0.0,47628892536.91,1100561014289.69,,,,
SCn,M3,CZ07,cDXHP,0.0,38076368433.6,1129498062876.12,0.0,40752213493.83,1129498062876.12,,,,
SCn,M3,CZ08,cDXHP,0.0,65509902989.22,1574993147934.38,0.0,67744627839.96,1583292003974.52,,,,
SCn,M3,CZ09,cDXHP,0.0,91740387433.65,1589498392928.58,0.0,97234977805.44,1604720289802.42,,,,
SCn,M3,CZ10,cDXHP,0.0,80937078358.31,1604285516008.48,0.0,87222452816.67,1644223293156.95,,,,
SCn,M3,CZ11,cDXHP,0.0,328885068309.75,1692545717257.91,0.0,353099614027.13,1739674853291.01,,,,
SCn,M3,CZ12,cDXHP,0.0,296292959957.37,1379913705070.42,0.0,338715258672.19,1391402391024.12,,,,
SCn,M3,CZ13,cDXHP,0.0,282037980955.04,1972176571247.56,0.0,294577121842.85,2014475057379.01,,,,
SCn,M3,CZ14,cDXHP,0.0,249002281389.38,1725674705739.27,0.0,287856373583.64,1745634460581.93,,,,
SCn,M3,CZ15,cDXHP,0.0,38835346886.48,2906690742903.07,0.0,42608710903.75,3108608605526.78,,,,
SCn,M3,CZ16,cDXHP,0.0,634357265507.64,840070120701.43,0.0,691447317277.02,840070120701.43,,,,
SCn,M3,CZ01,cPTAC,0.0,0.0,202830147586.42,0.0,0.0,202830147586.42,,,,
SCn,M3,CZ02,cPTAC,0.0,0.0,860605016193.08,0.0,0.0,860605016193.08,,,,
SCn,M3,CZ03,cPTAC,0.0,0.0,625193554271.65,0.0,0.0,625193554271.65,,,,
SCn,M3,CZ04,cPTAC,0.0,0.0,1306605405012.58,0.0,0.0,1307255663749.66,,,,
SCn,M3,CZ05,cPTAC,0.0,0.0,576531608515.29,0.0,0.0,576531608515.29,,,,
SCn,M3,CZ06,cPTAC,0.0,0.0,1075322225715.36,0.0,0.0,1083965747206.74,,,,
SCn,M3,CZ07,cPTAC,0.0,0.0,1113592608819.17,0.0,0.0,1115173344051.71,,,,
SCn,M3,CZ08,cPTAC,0.0,0.0,1566469345863.69,0.0,0.0,1574768201903.83,,,,
SCn,M3,CZ09,cPTAC,0.0,0.0,1577651826971.5,0.0,0.0,1592873723845.34,,,,
SCn,M3,CZ10,cPTAC,0.0,0.0,1593578045786.9,0.0,0.0,1633515822962.52,,,,
SCn,M3,CZ11,cPTAC,0.0,0.0,1688119928926.78,0.0,0.0,1735249064959.88,,,,
SCn,M3,CZ12,cPTAC,0.0,0.0,1375637299842.5,0.0,0.0,1387125985796.2,,,,
SCn,M3,CZ13,cPTAC,0.0,0.0,1967610883623.11,0.0,0.0,2009909369722.42,,,,
SCn,M3,CZ14,cPTAC,0.0,0.0,1719881139364.07,0.0,0.0,1739840894186.93,,,,
SCn,M3,CZ15,cPTAC,0.0,0.0,2902741372873.23,0.0,0.0,3104659235949.46,,,,
SCn,M3,CZ16,cPTAC,0.0,0.0,828959223857.01,0.0,0.0,828959223857.01,,,,
SCn,M3,CZ01,cPVVG,23020377507.23,0.0,0.0,2293818157496.52,0.0,191835069752.18,,,,
SCn,M3,CZ02,cPVVG,32049633889.36,0.0,0.0,1447639913607.17,0.0,818088169218.2,,,,
SCn,M3,CZ03,cPVVG,21765525478.49,0.0,0.0,961804989266.63,0.0,605793412224.97,,,,
SCn,M3,CZ04,cPVVG,31359760733.37,0.0,0.0,1118858398273.31,0.0,1272521144131.59,,,,
SCn,M3,CZ05,cPVVG,20626707998.56,0.0,0.0,730596802663.53,0.0,558540458457.29,,,,
SCn,M3,CZ06,cPVVG,4046159805.7,0.0,0.0,218987348240.81,0.0,1082669490008.4,,,,
SCn,M3,CZ07,cPVVG,1501305644.74,0.0,0.0,189116388190.92,0.0,1113277002454.39,,,,
SCn,M3,CZ08,cPVVG,6310894761.35,0.0,0.0,303112775432.98,0.0,1574002199628.77,,,,
SCn,M3,CZ09,cPVVG,16901774703.36,0.0,0.0,430886425845.33,0.0,1595229628935.94,,,,
SCn,M3,CZ10,cPVVG,15157964415.51,0.0,0.0,384973396180.52,0.0,1635900321171.27,,,,
SCn,M3,CZ11,cPVVG,40835726725.04,0.0,470041417.1,1490077677139.92,0.0,1731180368195.64,,,,
SCn,M3,CZ12,cPVVG,34374622174.02,0.0,0.0,1456992165167.98,0.0,1377185749359.44,,,,
SCn,M3,CZ13,cPVVG,24204282171.21,0.0,758182135.05,1250119144136.92,0.0,2004940578759.46,,,,
SCn,M3,CZ14,cPVVG,32712202088.24,0.0,0.0,1159739289661.69,0.0,1686011824083.55,,,,
SCn,M3,CZ15,cPVVG,17708605835.09,0.0,1058581541.95,182867728534.54,0.0,3094731487812.62,,,,
SCn,M3,CZ16,cPVVG,47637947245.68,0.0,0.0,2608085252094.6,0.0,774800461842.86,,,,
SCn,M4,CZ01,cDXGF,37149787153.13,0.0,0.0,9299400765190.35,0.0,4990313068.36,,,,
SCn,M4,CZ02,cDXGF,52021995596.3,0.0,0.0,5660191753614.11,0.0,673671922549.74,,,,
SCn,M4,CZ03,cDXGF,32999597189.21,0.0,0.0,4532485131877.89,0.0,217553562948.35,,,,
SCn,M4,CZ04,cDXGF,48495075667.8,0.0,0.0,4635398320419.36,0.0,1350328636497.94,,,,
SCn,M4,CZ05,cDXGF,29957220666.27,0.0,0.0,3986201821760.2,0.0,225325520866.58,,,,
SCn,M4,CZ06,cDXGF,6694943740.51,0.0,0.0,1606083533771.53,0.0,790380856773.54,,,,
SCn,M4,CZ07,cDXGF,2601515272.23,0.0,0.0,1477382682623.77,0.0,828025860135.0,,,,
SCn,M4,CZ08,cDXGF,11081505575.3,0.0,0.0,1635813566601.62,0.0,1634548167449.04,,,,
SCn,M4,CZ09,cDXGF,24956500005.38,0.0,0.0,2021866063934.84,0.0,1619445500393.53,,,,
SCn,M4,CZ10,cDXGF,28137988580.68,0.0,0.0,2072419975537.57,0.0,1787528410442.53,,,,
SCn,M4,CZ11,cDXGF,70874696346.89,0.0,4070792073.27,5072403889470.51,0.0,2071683016253.53,,,,
SCn,M4,CZ12,cDXGF,56746222905.93,0.0,0.0,5211006966652.34,0.0,1394474544354.97,,,,
SCn,M4,CZ13,cDXGF,37809534581.43,0.0,4016683060.9,4400888168418.06,0.0,2295423520732.38,,,,
SCn,M4,CZ14,cDXGF,59048075832.07,0.0,1846424919.6,4334081656903.19,0.0,2078433938282.88,,,,
SCn,M4,CZ15,cDXGF,32673211855.15,0.0,12076683385.64,948701705481.67,0.0,3988784285558.96,,,,
SCn,M4,CZ16,cDXGF,95192531111.53,0.0,0.0,8185362042157.09,0.0,685411736436.39,,,,
SCn,M4,CZ01,cDXHP,0.0,7561159869.71,0.0,0.0,2068675458970.53,5050824596.56,,,,
SCn,M4,CZ02,cDXHP,0.0,10928132477.15,0.0,0.0,1265615196843.6,673297961056.02,,,,
SCn,M4,CZ03,cDXHP,0.0,7208877658.41,0.0,0.0,993419761995.68,218763209961.73,,,,
SCn,M4,CZ04,cDXHP,0.0,9565382843.22,0.0,0.0,1054131058664.03,1349802094328.71,,,,
SCn,M4,CZ05,cDXHP,0.0,6707474853.99,0.0,0.0,883508232092.83,226643096777.74,,,,
SCn,M4,CZ06,cDXHP,0.0,1461113826.5,0.0,0.0,348360882272.23,800275370037.83,,,,
SCn,M4,CZ07,cDXHP,0.0,569907353.43,0.0,0.0,320737335818.77,832108763970.69,,,,
SCn,M4,CZ08,cDXHP,0.0,2500918046.19,0.0,0.0,362654253766.58,1634348610618.68,,,,
SCn,M4,CZ09,cDXHP,0.0,5736783432.14,0.0,0.0,452212024048.43,1619156320407.87,,,,
SCn,M4,CZ10,cDXHP,0.0,6387887109.47,0.0,0.0,460658689747.27,1787119657110.45,,,,
SCn,M4,CZ11,cDXHP,0.0,17521992366.83,4070792592.48,0.0,1147955078629.16,2071575493889.87,,,,
SCn,M4,CZ12,cDXHP,0.0,12399316523.88,0.0,0.0,1156919328827.55,1394336530789.86,,,,
SCn,M4,CZ13,cDXHP,0.0,8730309427.88,4016683060.91,0.0,1000114653205.84,2295399721141.94,,,,
SCn,M4,CZ14,cDXHP,0.0,26788634250.79,1846425121.43,0.0,1010055352504.9,2078211828285.05,,,,
SCn,M4,CZ15,cDXHP,0.0,7861955188.32,12076683690.2,0.0,216938694488.84,3988754300153.39,,,,
SCn,M4,CZ16,cDXHP,0.0,52799487523.11,0.0,0.0,2004697995723.38,701031391978.71,,,,
SCn,M4,CZ01,cPTAC,0.0,0.0,0.0,0.0,0.0,1930941315.32,,,,
SCn,M4,CZ02,cPTAC,0.0,0.0,0.0,0.0,0.0,635390344954.66,,,,
SCn,M4,CZ03,cPTAC,0.0,0.0,0.0,0.0,0.0,208684070494.06,,,,
SCn,M4,CZ04,cPTAC,0.0,0.0,0.0,0.0,0.0,1316219237641.89,,,,
SCn,M4,CZ05,cPTAC,0.0,0.0,0.0,0.0,0.0,197061347592.74,,,,
SCn,M4,CZ06,cPTAC,0.0,0.0,0.0,0.0,0.0,777894274146.39,,,,
SCn,M4,CZ07,cPTAC,0.0,0.0,0.0,0.0,0.0,818987494340.75,,,,
SCn,M4,CZ08,cPTAC,0.0,0.0,0.0,0.0,0.0,1602699420378.76,,,,
SCn,M4,CZ09,cPTAC,0.0,0.0,0.0,0.0,0.0,1581582477807.52,,,,
SCn,M4,CZ10,cPTAC,0.0,0.0,0.0,0.0,0.0,1751615619143.42,,,,
SCn,M4,CZ11,cPTAC,0.0,0.0,4070792073.27,0.0,0.0,2053284062844.08,,,,
SCn,M4,CZ12,cPTAC,0.0,0.0,0.0,0.0,0.0,1377284420423.64,,,,
SCn,M4,CZ13,cPTAC,0.0,0.0,4016683707.92,0.0,0.0,2282847225049.19,,,,
SCn,M4,CZ14,cPTAC,0.0,0.0,1846424919.6,0.0,0.0,2059143225413.64,,,,
SCn,M4,CZ15,cPTAC,0.0,0.0,12076682308.16,0.0,0.0,3968226576691.22,,,,
SCn,M4,CZ16,cPTAC,0.0,0.0,0.0,0.0,0.0,663296958210.59,,,,
SCn,M4,CZ01,cPVVG,38355695293.38,0.0,0.0,10018102743544.64,0.0,2413076466.0,,,,
SCn,M4,CZ02,cPVVG,53673416810.8,0.0,0.0,6151396022206.38,0.0,569524863528.6,,,,
SCn,M4,CZ03,cPVVG,33698803770.56,0.0,0.0,4770199456527.19,0.0,187296839539.01,,,,
SCn,M4,CZ04,cPVVG,50859036106.76,0.0,0.0,5051313682527.67,0.0,1219376120469.86,,,,
SCn,M4,CZ05,cPVVG,31002248947.53,0.0,0.0,4351093769791.7,0.0,179034032997.7,,,,
SCn,M4,CZ06,cPVVG,6682362483.77,0.0,0.0,1631303325704.14,0.0,780814666893.3,,,,
SCn,M4,CZ07,cPVVG,2596545699.0,0.0,0.0,1520942754917.43,0.0,810790049394.33,,,,
SCn,M4,CZ08,cPVVG,11398718618.07,0.0,0.0,1843850127919.68,0.0,1581939226721.52,,,,
SCn,M4,CZ09,cPVVG,25712488488.98,0.0,0.0,2256413401581.72,0.0,1559635400963.11,,,,
SCn,M4,CZ10,cPVVG,28683130780.22,0.0,0.0,2237684176623.15,0.0,1748070568763.87,,,,
SCn,M4,CZ11,cPVVG,72446269080.99,0.0,4004281285.47,5499169760778.88,0.0,2011189476774.57,,,,
SCn,M4,CZ12,cPVVG,58185157630.23,0.0,0.0,5554049623780.22,0.0,1332355168994.5,,,,
SCn,M4,CZ13,cPVVG,39636319613.58,0.0,3962787375.16,4774737338324.28,0.0,2228261033945.1,,,,
SCn,M4,CZ14,cPVVG,60691125604.57,0.0,3019163227.84,4734020359938.26,0.0,1899216292065.19,,,,
SCn,M4,CZ15,cPVVG,33835252263.22,0.0,11802855633.58,1154311517077.72,0.0,3894492338891.08,,,,
SCn,M4,CZ16,cPVVG,98807901074.8,0.0,0.0,9016278619689.58,0.0,544319918387.09,,,,
SCn,M5,CZ01,cDXGF,3109931613107.52,0.0,147923346097.54,3440523063973.81,0.0,147923346097.54,,,,
SCn,M5,CZ02,cDXGF,1993883375805.84,0.0,922754135117.36,2205763231509.26,0.0,969931902217.82,,,,
SCn,M5,CZ03,cDXGF,1296182308174.8,0.0,579225241042.74,1471963865786.03,0.0,594974608673.95,,,,
SCn,M5,CZ04,cDXGF,1534957997691.79,0.0,1184303132477.66,1692366594518.5,0.0,1535741174689.4,,,,
SCn,M5,CZ05,cDXGF,992583009011.52,0.0,558303879832.78,1106569550740.32,0.0,572140935182.76,,,,
SCn,M5,CZ06,cDXGF,285348533015.47,0.0,1000724837207.68,336779903666.71,0.0,1237252272547.67,,,,
SCn,M5,CZ07,cDXGF,246259797301.69,0.0,1050848005814.61,276342206058.39,0.0,1266492259402.19,,,,
SCn,M5,CZ08,cDXGF,423735725972.48,0.0,1464643416468.07,443441899081.51,0.0,1965699662573.71,,,,
SCn,M5,CZ09,cDXGF,569439394906.77,0.0,1488652058198.96,642892858574.28,0.0,1932487247691.22,,,,
SCn,M5,CZ10,cDXGF,515993878455.94,0.0,1226089099987.63,588344682331.6,0.0,2046800736226.46,,,,
SCn,M5,CZ11,cDXGF,2074062661215.28,0.0,1289466250752.44,2238111675449.64,0.0,2151299888685.97,,,,
SCn,M5,CZ12,cDXGF,1965539358016.47,0.0,1190209774036.13,2233963304734.41,0.0,1654655677955.57,,,,
SCn,M5,CZ13,cDXGF,1765562565343.41,0.0,1450086085540.35,1870626861114.31,0.0,2440008715425.89,,,,
SCn,M5,CZ14,cDXGF,1618160416961.82,0.0,1406226636140.08,1802465460912.49,0.0,2094422427024.14,,,,
SCn,M5,CZ15,cDXGF,227289789776.89,0.0,1652521176436.62,260126006445.74,0.0,3934259342525.08,,,,
SCn,M5,CZ16,cDXGF,3829370330444.02,0.0,764236864702.2,3952877307481.43,0.0,771012926174.82,,,,
SCn,M5,CZ01,cDXHP,0.0,612137432750.01,172397618010.05,0.0,965647078981.92,172397618010.05,,,,
SCn,M5,CZ02,cDXHP,0.0,373598488112.56,921538309504.22,0.0,649759478980.65,968716076591.83,,,,
SCn,M5,CZ03,cDXHP,0.0,247960017374.92,628210783382.31,0.0,399220862484.41,635423410369.59,,,,
SCn,M5,CZ04,cDXHP,0.0,298363004027.05,1183015626016.08,0.0,505879835437.67,1534453668213.69,,,,
SCn,M5,CZ05,cDXHP,0.0,190179134040.58,583543085266.25,0.0,306261746984.84,590952695418.35,,,,
SCn,M5,CZ06,cDXHP,0.0,50370019681.86,1147844536305.79,0.0,79365755866.35,1300201037915.19,,,,
SCn,M5,CZ07,cDXHP,0.0,48821746316.56,1178818240667.76,0.0,64786721801.15,1329823903873.23,,,,
SCn,M5,CZ08,cDXHP,0.0,87305396468.04,1464271378625.24,0.0,110201455288.06,1965327624730.88,,,,
SCn,M5,CZ09,cDXHP,0.0,106390260131.08,1488052530117.37,0.0,162050099280.83,1931887719609.64,,,,
SCn,M5,CZ10,cDXHP,0.0,99473436132.77,1225278945560.05,0.0,155563305630.02,2045990581783.34,,,,
SCn,M5,CZ11,cDXHP,0.0,404605781770.42,1289250294721.66,0.0,640137367789.99,2151083932013.52,,,,
SCn,M5,CZ12,cDXHP,0.0,370513241676.41,1189798128521.45,0.0,644865894211.66,1654244032345.9,,,,
SCn,M5,CZ13,cDXHP,0.0,358468605999.37,1449775293116.47,0.0,526722336656.66,2439697923162.95,,,,
SCn,M5,CZ14,cDXHP,0.0,295147842664.3,1405415759219.94,0.0,553572437159.29,2093611550022.16,,,,
SCn,M5,CZ15,cDXHP,0.0,50620199257.15,1652442943918.42,0.0,62441052913.86,3934181109891.47,,,,
SCn,M5,CZ16,cDXHP,0.0,622066690899.6,818619605802.39,0.0,1301967983292.5,818619605802.39,,,,
SCn,M5,CZ01,cPTAC,0.0,0.0,104130569937.24,0.0,0.0,104130569937.24,,,,
SCn,M5,CZ02,cPTAC,0.0,0.0,865317500101.23,0.0,0.0,911919640661.1,,,,
SCn,M5,CZ03,cPTAC,0.0,0.0,544773420843.27,0.0,0.0,560522811030.82,,,,
SCn,M5,CZ04,cPTAC,0.0,0.0,1135586577731.6,0.0,0.0,1487024620128.2,,,,
SCn,M5,CZ05,cPTAC,0.0,0.0,516219604354.98,0.0,0.0,530056661980.58,,,,
SCn,M5,CZ06,cPTAC,0.0,0.0,964935644498.09,0.0,0.0,1201463080391.71,,,,
SCn,M5,CZ07,cPTAC,0.0,0.0,1018845498136.61,0.0,0.0,1234489751722.51,,,,
SCn,M5,CZ08,cPTAC,0.0,0.0,1414078984336.71,0.0,0.0,1915135230466.04,,,,
SCn,M5,CZ09,cPTAC,0.0,0.0,1437248918755.36,0.0,0.0,1881084108247.62,,,,
SCn,M5,CZ10,cPTAC,0.0,0.0,1180812350401.88,0.0,0.0,2001523986674.17,,,,
SCn,M5,CZ11,cPTAC,0.0,0.0,1259570895884.88,0.0,0.0,2120794261322.21,,,,
SCn,M5,CZ12,cPTAC,0.0,0.0,1159893972944.72,0.0,0.0,1624339876783.86,,,,
SCn,M5,CZ13,cPTAC,0.0,0.0,1428269510185.07,0.0,0.0,2418192140231.55,,,,
SCn,M5,CZ14,cPTAC,0.0,0.0,1384131849799.35,0.0,0.0,2072327640327.86,,,,
SCn,M5,CZ15,cPTAC,0.0,0.0,1625185282312.75,0.0,0.0,3906923447436.12,,,,
SCn,M5,CZ16,cPTAC,0.0,0.0,726534018145.92,0.0,0.0,733310079520.01,,,,
SCn,M5,CZ01,cPVVG,28510922572.82,0.0,0.0,3440602138315.4,0.0,138709354883.42,,,,
SCn,M5,CZ02,cPVVG,40078457675.57,0.0,0.0,2205799649206.77,0.0,890767750513.46,,,,
SCn,M5,CZ03,cPVVG,26249642102.63,0.0,0.0,1471998511632.56,0.0,570748448501.75,,,,
SCn,M5,CZ04,cPVVG,37995523247.11,0.0,0.0,1692405961432.32,0.0,1455820821501.62,,,,
SCn,M5,CZ05,cPVVG,24377180675.17,0.0,0.0,1106560157652.72,0.0,541572225481.33,,,,
SCn,M5,CZ06,cPVVG,5166632694.3,0.0,0.0,336787927727.36,0.0,1230502360878.42,,,,
SCn,M5,CZ07,cPVVG,1924441978.9,0.0,0.0,276348068847.65,0.0,1259410768609.71,,,,
SCn,M5,CZ08,cPVVG,8136416443.22,0.0,0.0,443452038389.69,0.0,1956874793325.82,,,,
SCn,M5,CZ09,cPVVG,18650906795.03,0.0,0.0,642909243711.42,0.0,1923641224737.37,,,,
SCn,M5,CZ10,cPVVG,20883960446.68,0.0,0.0,588359170660.96,0.0,2039743661231.5,,,,
SCn,M5,CZ11,cPVVG,55613738634.95,0.0,3322440580.52,2238172474517.31,0.0,2144571461666.65,,,,
SCn,M5,CZ12,cPVVG,43867780417.07,0.0,0.0,2234021134761.65,0.0,1633665972469.95,,,,
SCn,M5,CZ13,cPVVG,29217105357.28,0.0,3318661915.06,1870678276177.82,0.0,2432450953287.74,,,,
SCn,M5,CZ14,cPVVG,42772253232.8,0.0,1833441979.75,1802515880396.79,0.0,1971669213447.34,,,,
SCn,M5,CZ15,cPVVG,23607579473.07,0.0,10544649382.41,260133485342.4,0.0,3924943483298.08,,,,
SCn,M5,CZ16,cPVVG,73127836719.3,0.0,0.0,3953001913911.38,0.0,712258521257.36,,,,
