Building Type,Run Type,Climate Zone,System Type,Heating Gas Energy,Heating Electricity Energy,Cooling Energy,Heating Gas Total Energy,Heating Electricity Total Energy,Cooling Total Energy,,,,
Asm,M1,CZ01,cDXGF,0,0,0,1316378579061.98,0,10835496089.54,,,,
Asm,M1,CZ02,cDXGF,0,0,0,932606103557.55,0,297744868706.32,,,,
Asm,M1,CZ03,cDXGF,0,0,0,586627181260.78,0,132669000672.58,,,,
Asm,M1,CZ04,cDXGF,0,0,184384.24,750611774697.85,0,519447796286.85,,,,
Asm,M1,CZ05,cDXGF,0,0,0,570614711840.27,0,166999345839,,,,
Asm,M1,CZ06,cDXGF,0,0,0,145343820051.58,0,313184488055.9,,,,
Asm,M1,CZ07,cDXGF,0,0,934447.55,127267270852.93,0,337776429936.24,,,,
Asm,M1,CZ08,cDXGF,0,0,2119366.81,187605250148.67,0,552989854459.53,,,,
Asm,M1,CZ09,cDXGF,0,0,8372214.8,250927110580.56,0,572492738342.92,,,,
Asm,M1,CZ10,cDXGF,0,0,5077624.85,275609432398.9,0,664927900148.83,,,,
Asm,M1,CZ11,cDXGF,0,0,97267740.07,766086494970.29,0,729912537855.35,,,,
Asm,M1,CZ12,cDXGF,0,0,310486.98,780070325283.74,0,499847934549.45,,,,
Asm,M1,CZ13,cDXGF,0,0,157232997.8,658328194397.97,0,769798024756.5,,,,
Asm,M1,CZ14,cDXGF,0,0,93750803.94,647273878697.94,0,739551192002.25,,,,
Asm,M1,CZ15,cDXGF,0,0,11217254147.43,132368236394.16,0,1353299927768.26,,,,
Asm,M1,CZ16,cDXGF,11959107.48,0,4650821.46,1230480829016.63,0,220325879086.74,2.1108829699342856e-05,,,
Asm,M1,CZ01,cDXHP,0,0,0,0,316818631740.97,10804424306.96,,,,
Asm,M1,CZ02,cDXHP,0,0,0,0,227400394295.07,299517736733.92,,,,
Asm,M1,CZ03,cDXHP,0,0,0,0,139412479750.72,133188881648.75,,,,
Asm,M1,CZ04,cDXHP,0,0,188691.71,0,185717361519.88,520543581280.19,,,,
Asm,M1,CZ05,cDXHP,0,0,0,0,136560656148.01,168333382295.46,,,,
Asm,M1,CZ06,cDXHP,0,0,0,0,33840124941.61,300431501188.97,,,,
Asm,M1,CZ07,cDXHP,0,0,0,0,29569113292.63,326930331247.36,,,,
Asm,M1,CZ08,cDXHP,0,0,2072987.38,0,44173086693.04,552227391145.07,,,,
Asm,M1,CZ09,cDXHP,0,0,7727046.76,0,59910867200.6,572685362706.88,,,,
Asm,M1,CZ10,cDXHP,0,0,5076138.5,0,65975192485.83,664948923449.98,,,,
Asm,M1,CZ11,cDXHP,0,0,97292246.3,0,189239488778.97,730143435922.89,,,,
Asm,M1,CZ12,cDXHP,0,0,310991.2,0,190465354890.47,500634159705.6,,,,
Asm,M1,CZ13,cDXHP,0,0,157284188.04,0,161477384498.71,770197206748.43,,,,
Asm,M1,CZ14,cDXHP,0,0,93637517.68,0,166155153027.6,740051140864.26,,,,
Asm,M1,CZ15,cDXHP,0,0,11217254147.43,0,31637250267.45,1353299927768.26,,,,
Asm,M1,CZ16,cDXHP,0,4721088.28,4657794.92,0,345255761810.11,225010131216.91,,,,
Asm,M1,CZ01,cPTAC,0,0,0,0,0,9403795844.55,,,,
Asm,M1,CZ02,cPTAC,0,0,0,0,0,289193831991.76,,,,
Asm,M1,CZ03,cPTAC,0,0,0,0,0,130490836698.65,,,,
Asm,M1,CZ04,cPTAC,0,0,184232.21,0,0,511331605535.86,,,,
Asm,M1,CZ05,cPTAC,0,0,0,0,0,160402590475.07,,,,
Asm,M1,CZ06,cPTAC,0,0,0,0,0,312088987568.38,,,,
Asm,M1,CZ07,cPTAC,0,0,934447.55,0,0,336575426231.74,,,,
Asm,M1,CZ08,cPTAC,0,0,2119366.81,0,0,550196889571.46,,,,
Asm,M1,CZ09,cPTAC,0,0,8371898.97,0,0,569327107619.48,,,,
Asm,M1,CZ10,cPTAC,0,0,5077624.85,0,0,660816455333.54,,,,
Asm,M1,CZ11,cPTAC,0,0,97267654.24,0,0,725635346369.79,,,,
Asm,M1,CZ12,cPTAC,0,0,310484.04,0,0,496336502607.38,,,,
Asm,M1,CZ13,cPTAC,0,0,157232896.77,0,0,767288308414.58,,,,
Asm,M1,CZ14,cPTAC,0,0,93750595.95,0,0,734249177262.44,,,,
Asm,M1,CZ15,cPTAC,0,0,11217254147.33,0,0,1351502329781.67,,,,
Asm,M1,CZ16,cPTAC,0,0,4650772.11,0,0,218330940036.86,,,,
Asm,M1,CZ01,cPVVG,0,0,0,1539468275895.06,0,14895519997.69,,,,
Asm,M1,CZ02,cPVVG,0,0,0,1119354735388.92,0,289910208066.72,,,,
Asm,M1,CZ03,cPVVG,0,0,0,735411028192.75,0,138006282884.07,,,,
Asm,M1,CZ04,cPVVG,0,0,170160.05,893104821739.52,0,503943203920.12,,,,
Asm,M1,CZ05,cPVVG,0,0,0,714100580504.1,0,168982135130.79,,,,
Asm,M1,CZ06,cPVVG,0,0,0,213884061648.26,0,309073593042.63,,,,
Asm,M1,CZ07,cPVVG,0,0,547144.81,191419183561.22,0,320533104589.87,,,,
Asm,M1,CZ08,cPVVG,0,0,955397.09,261656455642.68,0,533777505022.35,,,,
Asm,M1,CZ09,cPVVG,0,0,4296879.24,330624082355.78,0,550192534306.76,,,,
Asm,M1,CZ10,cPVVG,0,0,2896742.41,353178835636.26,0,639027781952.49,,,,
Asm,M1,CZ11,cPVVG,0,0,33982263.93,922384831324.22,0,705768439262.27,,,,
Asm,M1,CZ12,cPVVG,0,0,288680.63,947210698979.02,0,484516843629.12,,,,
Asm,M1,CZ13,cPVVG,0,0,69725223.12,801268588992.15,0,745139354046.08,,,,
Asm,M1,CZ14,cPVVG,0,0,40636141.32,832988826365.12,0,711094745472.04,,,,
Asm,M1,CZ15,cPVVG,0,0,7378136154.68,183555204272.44,0,1310580751442.43,,,,
Asm,M1,CZ16,cPVVG,23658385.21,0,2470658.49,1571191610992.74,0,210818119188.25,,1.5057606624472563e-05,,1.1719383986126098e-05
ECC,M1,CZ01,cDXGF,129063648898.93,0,29429818.09,791048642908.91,0,26091533042.78,,,,
ECC,M1,CZ02,cDXGF,168125051487.08,0,15922403972.41,607394683988.49,0,556522252904.57,,,,
ECC,M1,CZ03,cDXGF,75916278504.17,0,1780831632.07,316010230258.59,0,266715795181.17,,,,
ECC,M1,CZ04,cDXGF,144709074332.82,0,49299993925.13,489059507602.2,0,929990783452.66,,,,
ECC,M1,CZ05,cDXGF,50953751730.55,0,4018502160.53,283480143182.74,0,361806367323.47,,,,
ECC,M1,CZ06,cDXGF,1408485700.42,0,10987317271.97,52687530522,0,681848859329.04,,,,
ECC,M1,CZ07,cDXGF,0,0,13102331013.93,50444311135.28,0,732776887367.99,,,,
ECC,M1,CZ08,cDXGF,2551420713.74,0,40901255592.94,70963976996.33,0,1135713391516.43,,,,
ECC,M1,CZ09,cDXGF,16691214116.7,0,53293402438.62,111457957681.76,0,1133308907769.01,,,,
ECC,M1,CZ10,cDXGF,16619740498.79,0,65003862878.99,142499926962.56,0,1264162978207.78,,,,
ECC,M1,CZ11,cDXGF,199576158046.37,0,121216360997.29,567941983648.08,0,1358842789117.42,,,,
ECC,M1,CZ12,cDXGF,198415359621.2,0,48786866578.46,548941429294.06,0,926262983502.53,,,,
ECC,M1,CZ13,cDXGF,180364144740.95,0,121830657626.21,431190567697.11,0,1431059759314.74,,,,
ECC,M1,CZ14,cDXGF,114420399399.27,0,93375220654.22,379365890774.93,0,1338445459551.05,,,,
ECC,M1,CZ15,cDXGF,6863814659.44,0,335728084059.77,37900648724.29,0,2567893753298.48,,,,
ECC,M1,CZ16,cDXGF,244912728091.15,0,10738818788.95,992190520109.45,0,437832539985.69,,,,
ECC,M1,CZ01,cDXHP,0,34146723188.33,28812698.39,0,198713442455.75,25522149177.44,,,,
ECC,M1,CZ02,cDXHP,0,45089897480.83,16090009782.54,0,157740397982.21,557501720881.93,,,,
ECC,M1,CZ03,cDXHP,0,19177171166.01,1801153443.32,0,77596146351.05,265877313329.43,,,,
ECC,M1,CZ04,cDXHP,0,39885580391.73,49808799205.14,0,130975807604.52,939214608808.51,,,,
ECC,M1,CZ05,cDXHP,0,13012912169.41,4092075180.69,0,70765435159.18,361661058975.15,,,,
ECC,M1,CZ06,cDXHP,0,347292851.99,11132926373.9,0,12550744871.81,665636065884.64,,,,
ECC,M1,CZ07,cDXHP,0,0,13236384303.64,0,12042676533.64,718576669442.21,,,,
ECC,M1,CZ08,cDXHP,0,635805578.72,41099613291.71,0,17365601649.45,1131923198175.43,,,,
ECC,M1,CZ09,cDXHP,0,4302613924.65,53437177414.34,0,27737906429.85,1132562019291.57,,,,
ECC,M1,CZ10,cDXHP,0,4239481447.39,65074552731.17,0,35704575604.35,1264257280638.01,,,,
ECC,M1,CZ11,cDXHP,0,55277275627.86,121966675724.8,0,148715045729.02,1366865076647.48,,,,
ECC,M1,CZ12,cDXHP,0,52693925512.03,49126030084.47,0,141616213332.42,928912907494.97,,,,
ECC,M1,CZ13,cDXHP,0,47753603329.68,122342005872.7,0,111027173969.2,1436248899702.87,,,,
ECC,M1,CZ14,cDXHP,0,33894787016.43,94091677424.63,0,105675352206.81,1352641284041.21,,,,
ECC,M1,CZ15,cDXHP,0,1807356036.88,335799322464.31,0,9567984308.57,2568338940882.16,,,,
ECC,M1,CZ16,cDXHP,0,75992796732.38,10825898388.34,0,296817857295.87,444318961050.4,,,,
ECC,M1,CZ01,cPTAC,0,0,26598997.27,0,0,25181531225.13,,,,
ECC,M1,CZ02,cPTAC,0,0,15858353769.25,0,0,552485395634.27,,,,
ECC,M1,CZ03,cPTAC,0,0,1779496505.76,0,0,265733038736.43,,,,
ECC,M1,CZ04,cPTAC,0,0,49143218501.58,0,0,924942962250.45,,,,
ECC,M1,CZ05,cPTAC,0,0,3975242221.13,0,0,358527860348.32,,,,
ECC,M1,CZ06,cPTAC,0,0,10968365026.34,0,0,681378079617.49,,,,
ECC,M1,CZ07,cPTAC,0,0,13095640068.72,0,0,732298116145.46,,,,
ECC,M1,CZ08,cPTAC,0,0,40850557147,0,0,1134472733548.29,,,,
ECC,M1,CZ09,cPTAC,0,0,53201624036.24,0,0,1131686557068.8,,,,
ECC,M1,CZ10,cPTAC,0,0,64912909544.36,0,0,1262045777159.61,,,,
ECC,M1,CZ11,cPTAC,0,0,121165068093.87,0,0,1355699326247.8,,,,
ECC,M1,CZ12,cPTAC,0,0,48771818664.89,0,0,924452952016.87,,,,
ECC,M1,CZ13,cPTAC,0,0,121820047965.49,0,0,1430026305423.84,,,,
ECC,M1,CZ14,cPTAC,0,0,93334545966.72,0,0,1335084891586.13,,,,
ECC,M1,CZ15,cPTAC,0,0,335700830857.59,0,0,2567107783422.93,,,,
ECC,M1,CZ16,cPTAC,0,0,10730851733.69,0,0,435387395375.21,,,,
ECC,M1,CZ01,cPVVG,162132173405.4,0,56035761.63,1159815787370.02,0,41490867734.05,,,,
ECC,M1,CZ02,cPVVG,221760344240.01,0,11597248698.91,892971076440.99,0,534539112182.1,,,,
ECC,M1,CZ03,cPVVG,104049232418.53,0,1396653414.84,500188083115.69,0,286262303265.71,,,,
ECC,M1,CZ04,cPVVG,197935638777.72,0,39534809944.42,729807470555.35,0,891085774213.57,,,,
ECC,M1,CZ05,cPVVG,73145804471.18,0,3345888436.15,465585970120.67,0,364867265487.49,,,,
ECC,M1,CZ06,cPVVG,2068186379.64,0,8220122374.43,105723951423.77,0,684978058545.75,,,,
ECC,M1,CZ07,cPVVG,0,0,9289946195.19,101127714782.79,0,709609443576.72,,,,
ECC,M1,CZ08,cPVVG,3854830008.71,0,30335356709.1,132085449773.12,0,1086639502241.94,,,,
ECC,M1,CZ09,cPVVG,25567296326.69,0,39109995621.82,198042021645.02,0,1075780259872.25,,,,
ECC,M1,CZ10,cPVVG,27672595110.96,0,49687669800.55,246960117315.18,0,1199649377021.9,,,,
ECC,M1,CZ11,cPVVG,263579955779.48,0,97178371826.41,840004016371.17,0,1288121106689.3,,,,
ECC,M1,CZ12,cPVVG,266155285458.78,0,38428963218.87,811132098995.07,0,890060805793.73,,,,
ECC,M1,CZ13,cPVVG,253457368873.62,0,95000677914.91,664373243898.56,0,1360323669616.6,,,,
ECC,M1,CZ14,cPVVG,155071893947.1,0,71478186063.54,580604909480.54,0,1269308089839.52,,,,
ECC,M1,CZ15,cPVVG,10760218423.5,0,271616193874.26,73927740631.97,0,2425722094903.08,,,,
ECC,M1,CZ16,cPVVG,322421481867,0,6484613293.94,1435333512242.07,0,419655772990.66,,,,
Epr,M1,CZ01,cDXGF,52863927973.07,0,409.06,282865650230.31,0,3034331706.3,,,,
Epr,M1,CZ02,cDXGF,54152591205.28,0,1597846867.27,188184220133.89,0,89545412079.71,,0.017843983629754877,,
Epr,M1,CZ03,cDXGF,25422718291.61,0,110169199.84,106137085018.87,0,42905760956.02,,,,
Epr,M1,CZ04,cDXGF,40553185045.67,0,7104541945.04,142574136896.04,0,156679875071.06,,,,
Epr,M1,CZ05,cDXGF,14577244553.33,0,117045505.51,90842275342.44,0,55228707068.18,,,,
Epr,M1,CZ06,cDXGF,141750390.86,0,350082928.57,18294704917.74,0,109217013449.21,,,,
Epr,M1,CZ07,cDXGF,0,0,482071677.66,17391717813.1,0,116803174580.25,,,,
Epr,M1,CZ08,cDXGF,728588213.3,0,4381389339.1,25396106283.15,0,186304334396.85,,,,
Epr,M1,CZ09,cDXGF,4883026733.81,0,6165992477.59,36109366974.43,0,185786779173.39,,0.13522881022167466,,0.033188542828633885
Epr,M1,CZ10,cDXGF,3565571038.01,0,7470999068.86,38571165441.95,0,206532470627.23,,0.09244136123851952,,0.03617348422827125
Epr,M1,CZ11,cDXGF,61962069293.03,0,18995082766.7,173646651957.01,0,231637925680.33,,0.3568284708902424,,0.08200333650420445
Epr,M1,CZ12,cDXGF,64989092128.37,0,7338212381.6,174695040693.48,0,156480253560.73,,0.37201452239505695,,0.04689545303396405
Epr,M1,CZ13,cDXGF,61712082463.2,0,19392523388.48,143641977392.84,0,246807624334.99,,0.4296242893846163,,0.07857343727014966
Epr,M1,CZ14,cDXGF,41906488102.41,0,14951067755.8,129115093868.06,0,231572003363.83,,0.32456691814229993,,0.06456336490862374
Epr,M1,CZ15,cDXGF,2685000177.32,0,53810467058.73,14695166733.99,0,447181529360.09,,0.18271314820195816,,0.12033249033280057
Epr,M1,CZ16,cDXGF,74284212214.6,0,1193604397.51,298999929632.53,0,71125784222.09,,0.2484422397888022,,0.01678159911436582
Epr,M1,CZ01,cDXHP,0,13772711730.01,434.73,0,69990959372.72,3004926478.96,,,,
Epr,M1,CZ02,cDXHP,0,14342807464.42,1611155457.27,0,48117522816.06,89840883949.86,,,,
Epr,M1,CZ03,cDXHP,0,6383989927.11,111264286.18,0,25826552861.44,42821859357.83,,,,
Epr,M1,CZ04,cDXHP,0,10988820619.86,7150761282.7,0,37472438930.31,158826940131,,,,
Epr,M1,CZ05,cDXHP,0,3699442851.25,118418038.86,0,22394489440.19,55204969001.09,,,,
Epr,M1,CZ06,cDXHP,0,35056117.65,351844370.19,0,4320765474.17,104607575639.86,,,,
Epr,M1,CZ07,cDXHP,0,0,484154776.46,0,4118439621.55,112793342376.01,,,,
Epr,M1,CZ08,cDXHP,0,180363958.04,4398656249.13,0,6143734766.42,184947311843.5,,,,
Epr,M1,CZ09,cDXHP,0,1246252639.41,6183244011.33,0,8888064387.71,185372226833.69,,,,
Epr,M1,CZ10,cDXHP,0,901212267.07,7477116997.6,0,9572512340.61,206548087659.18,,,,
Epr,M1,CZ11,cDXHP,0,16928800020.81,19066872805.41,0,44902865587.8,233461418863.34,,,,
Epr,M1,CZ12,cDXHP,0,17058313480.1,7369079835.15,0,44458037735.65,157184234098.93,,,,
Epr,M1,CZ13,cDXHP,0,16191157892.79,19444615612.54,0,36566112337.73,247947139119.7,,,,
Epr,M1,CZ14,cDXHP,0,12127050272.56,15036584713.99,0,35180871621.23,234656454584.4,,,,
Epr,M1,CZ15,cDXHP,0,696147322.09,53806288374.27,0,3651077857.17,447279470728.73,,,,
Epr,M1,CZ16,cDXHP,0,22617543924.11,1202949230.64,0,87572569308.08,72582637197.61,,,,
Epr,M1,CZ01,cPTAC,0,0,0,0,0,2830613247.99,,,,
Epr,M1,CZ02,cPTAC,0,0,1579755556.91,0,0,88452866268.56,,,,
Epr,M1,CZ03,cPTAC,0,0,110094046.62,0,0,42616424353.34,,,,
Epr,M1,CZ04,cPTAC,0,0,7076839854.04,0,0,155456255901.25,,,,
Epr,M1,CZ05,cPTAC,0,0,115039529.76,0,0,54199194361.98,,,,
Epr,M1,CZ06,cPTAC,0,0,348676771.46,0,0,109059607608.81,,,,
Epr,M1,CZ07,cPTAC,0,0,481315845.48,0,0,116647315641.15,,,,
Epr,M1,CZ08,cPTAC,0,0,4369277611.62,0,0,185853676728.36,,,,
Epr,M1,CZ09,cPTAC,0,0,6153979274.21,0,0,185244376916.79,,,,
Epr,M1,CZ10,cPTAC,0,0,7454906523.77,0,0,205890720416.97,,,,
Epr,M1,CZ11,cPTAC,0,0,18992344820.86,0,0,230849392496.27,,,,
Epr,M1,CZ12,cPTAC,0,0,7331888275.65,0,0,155987969747.86,,,,
Epr,M1,CZ13,cPTAC,0,0,19390158276.9,0,0,246514568636.13,,,,
Epr,M1,CZ14,cPTAC,0,0,14946798106.25,0,0,230727576702.54,,,,
Epr,M1,CZ15,cPTAC,0,0,53806188416.9,0,0,446909067268.88,,,,
Epr,M1,CZ16,cPTAC,0,0,1192913723.26,0,0,70806634991.99,,,,
Epr,M1,CZ01,cPVVG,63077848094.31,0,0,377264811484.63,0,4539841232.98,,,,
Epr,M1,CZ02,cPVVG,66092756971.02,0,1083689814.7,253755261462.27,0,85622912462.19,,,,
Epr,M1,CZ03,cPVVG,32295310108.59,0,51767532.46,153169536599.41,0,45364398526.59,,,,
Epr,M1,CZ04,cPVVG,51052863948.44,0,5604593030.36,197840550288.36,0,149733192062.74,,,,
Epr,M1,CZ05,cPVVG,18828463914.77,0,63577950.38,135037948095.74,0,54979994645.48,,,,
Epr,M1,CZ06,cPVVG,191319811.67,0,139953688.05,33958751612.89,0,108964349585.11,,,,
Epr,M1,CZ07,cPVVG,0,0,187789934.08,32383771295.97,0,112090713111.05,,,,
Epr,M1,CZ08,cPVVG,1012571771.99,0,2829197864.5,43003868325.43,0,177660455286.7,,,,
Epr,M1,CZ09,cPVVG,6464486669.49,0,4183713128.31,58653332328.95,0,176094486367.18,,,,
Epr,M1,CZ10,cPVVG,5316830364.59,0,5548464747.42,62509693479.48,0,196816048508.22,,,,
Epr,M1,CZ11,cPVVG,75978783256.7,0,15296503919.19,234696960010.37,0,220012704358.61,,,,
Epr,M1,CZ12,cPVVG,81119003185.51,0,5675622191.63,236851574881.8,0,149909687027.81,,,,
Epr,M1,CZ13,cPVVG,79099990268.08,0,15168942574.69,200131266008.74,0,234957482007.79,,,,
Epr,M1,CZ14,cPVVG,52076117968.72,0,11435745741.91,179596563419.45,0,219587537121.28,,,,
Epr,M1,CZ15,cPVVG,3619020271.32,0,44299165818.68,25258414877.36,0,424597187182.37,,,,
Epr,M1,CZ16,cPVVG,91121812270.99,0,494350491.17,400213513747.27,0,67627564973.53,,,,
ERC,M1,CZ01,cDXGF,7488627599.04,0,0,24563446504.76,0,66776730.24,,,,
ERC,M1,CZ02,cDXGF,5340125501.8,0,49664052.5,14607154919.71,0,3584431313.39,,,,
ERC,M1,CZ03,cDXGF,2973638164.01,0,0,9364645474.99,0,1488034199.77,,,,
ERC,M1,CZ04,cDXGF,4530372163.1,0,462599801.25,11472541551.76,0,6939441204.97,,,,
ERC,M1,CZ05,cDXGF,2195452491.39,0,0,8162930396.75,0,1900157795.9,,,,
ERC,M1,CZ06,cDXGF,244180407.17,0,5911568.48,1842311105.08,0,4199074811.79,,,,
ERC,M1,CZ07,cDXGF,15551072.5,0,12891454.14,1520422380.4,0,4604887670.51,,,,
ERC,M1,CZ08,cDXGF,371293021.83,0,266878568.91,2231087557.68,0,8051676010.53,,,,
ERC,M1,CZ09,cDXGF,890708651.26,0,404563922.08,3188765723.76,0,8200480147.51,,,,
ERC,M1,CZ10,cDXGF,753728976.52,0,507216132.57,3254748962.13,0,9134623244.84,,,,
ERC,M1,CZ11,cDXGF,5398580024.34,0,1309219143.33,13009033770.24,0,11002030715.24,,,,
ERC,M1,CZ12,cDXGF,5568542722.25,0,499656762.78,13027818684.11,0,6991257203.61,,,,
ERC,M1,CZ13,cDXGF,4921926135.32,0,1379994424.25,10408510475.14,0,11808452971.56,,,,
ERC,M1,CZ14,cDXGF,4981358921.32,0,1118886630.72,10932159435.16,0,10967434472.66,,,,
ERC,M1,CZ15,cDXGF,411451976.05,0,3929887707.92,1206931843.94,0,22333181886.94,,,,
ERC,M1,CZ16,cDXGF,10195560465.73,0,68101513.67,25131037345.11,0,3013375663.6,,,,
ERC,M1,CZ01,cDXHP,0,1935500781.11,0,0,6026718532.25,67873668.1,,,,
ERC,M1,CZ02,cDXHP,0,1424462334.75,50281351.16,0,3735574468.4,3605354284.67,,,,
ERC,M1,CZ03,cDXHP,0,749452444.85,0,0,2274196168.81,1490617082.97,,,,
ERC,M1,CZ04,cDXHP,0,1257784414.39,469884758.9,0,3043296636.77,7045561147.36,,,,
ERC,M1,CZ05,cDXHP,0,569619499.81,0,0,2017321884.31,1902989691.51,,,,
ERC,M1,CZ06,cDXHP,0,59907607.64,5924166.26,0,435268217.01,4027534419.42,,,,
ERC,M1,CZ07,cDXHP,0,3812351.49,12943162.62,0,357746431.07,4450011011.08,,,,
ERC,M1,CZ08,cDXHP,0,92245342.85,268032633.29,0,539735059.12,7976113323.44,,,,
ERC,M1,CZ09,cDXHP,0,226010597.6,405861563.67,0,785234366.48,8176768891.72,,,,
ERC,M1,CZ10,cDXHP,0,190793218.29,508176482.59,0,806194102.35,9129568073.97,,,,
ERC,M1,CZ11,cDXHP,0,1466666971.47,1319257167.23,0,3359836390.37,11076337786.8,,,,
ERC,M1,CZ12,cDXHP,0,1463526031.55,504064472.98,0,3311939285.82,7022271690.17,,,,
ERC,M1,CZ13,cDXHP,0,1289869837.93,1385617262.97,0,2647261963.82,11844348875.65,,,,
ERC,M1,CZ14,cDXHP,0,1448419665.32,1129196781.07,0,3000598654.77,11100108320.69,,,,
ERC,M1,CZ15,cDXHP,0,107228780.84,3929887707.92,0,303637100.28,22333181886.94,,,,
ERC,M1,CZ16,cDXHP,0,3056556331.84,68541651.59,0,7250874710.99,3058214922.71,,,,
ERC,M1,CZ01,cPTAC,0,0,0,0,0,60992816.57,,,,
ERC,M1,CZ02,cPTAC,0,0,49160675.13,0,0,3542488024.78,,,,
ERC,M1,CZ03,cPTAC,0,0,0,0,0,1477154233.24,,,,
ERC,M1,CZ04,cPTAC,0,0,461887387.89,0,0,6898131762.52,,,,
ERC,M1,CZ05,cPTAC,0,0,0,0,0,1854430234.41,,,,
ERC,M1,CZ06,cPTAC,0,0,5911243.41,0,0,4191245009.26,,,,
ERC,M1,CZ07,cPTAC,0,0,12891403.19,0,0,4597567222.3,,,,
ERC,M1,CZ08,cPTAC,0,0,266847721.67,0,0,8031414423.98,,,,
ERC,M1,CZ09,cPTAC,0,0,404474748.36,0,0,8177991710.75,,,,
ERC,M1,CZ10,cPTAC,0,0,506548605.34,0,0,9107425936.09,,,,
ERC,M1,CZ11,cPTAC,0,0,1309171290.8,0,0,10976352754.86,,,,
ERC,M1,CZ12,cPTAC,0,0,499617660.81,0,0,6973233694.27,,,,
ERC,M1,CZ13,cPTAC,0,0,1379949199.8,0,0,11798766784.2,,,,
ERC,M1,CZ14,cPTAC,0,0,1118858847.1,0,0,10942774000.19,,,,
ERC,M1,CZ15,cPTAC,0,0,3929881298.94,0,0,22323878495.03,,,,
ERC,M1,CZ16,cPTAC,0,0,68036255.56,0,0,3003955384.4,,,,
ERC,M1,CZ01,cPVVG,9144739923.67,0,0,30743439579.26,0,81440832.04,,,,
ERC,M1,CZ02,cPVVG,6788893235.79,0,34683903.18,19425132588.22,0,3334748084.73,,,,
ERC,M1,CZ03,cPVVG,3894775158.98,0,0,13001572208.86,0,1513838393.15,,,,
ERC,M1,CZ04,cPVVG,5943459006.87,0,371527162.09,15762311500.28,0,6476453126.57,,,,
ERC,M1,CZ05,cPVVG,2950734930.92,0,0,11615501842.54,0,1824091523.73,,,,
ERC,M1,CZ06,cPVVG,420876717.88,0,1183884.99,3271350787.31,0,4020470617.89,,,,
ERC,M1,CZ07,cPVVG,34483903.04,0,5054148.35,2723821630.45,0,4209688774.14,,,,
ERC,M1,CZ08,cPVVG,639995212.41,0,170043597.09,3790863602.27,0,7382036345.41,,,,
ERC,M1,CZ09,cPVVG,1432556924.61,0,278511374.44,5227389231.6,0,7499514728.59,,,,
ERC,M1,CZ10,cPVVG,1214253194.19,0,376529333,5216503107.35,0,8466939251.48,,,,
ERC,M1,CZ11,cPVVG,7069361222.63,0,1051264668.08,17610369202.46,0,10233103406.71,,,,
ERC,M1,CZ12,cPVVG,7195422743.48,0,385933469.01,17527938168.23,0,6525073244.83,,,,
ERC,M1,CZ13,cPVVG,6684846258.25,0,1078539829.33,14657809026.51,0,10995732293.17,,,,
ERC,M1,CZ14,cPVVG,6530757049.92,0,859659161.75,15079663957.2,0,10188730769.77,,,,
ERC,M1,CZ15,cPVVG,629994483.25,0,3164599736.4,2125476882.33,0,20724648616.53,,,,
ERC,M1,CZ16,cPVVG,13248604585.68,0,26188644.12,32887634074.03,0,2792967118.43,,,,
Ese,M1,CZ01,cDXGF,4996719753.01,0,5108066.18,134171165210.83,0,4808859696.83,,,,
Ese,M1,CZ02,cDXGF,11790443633.74,0,4100576387.8,102039889387.86,0,105424674064.35,,,,
Ese,M1,CZ03,cDXGF,2318704949.97,0,461168156.12,50470106560.75,0,49189598298.29,,,,
Ese,M1,CZ04,cDXGF,7846152553.83,0,10851945999.64,79604293011.53,0,174542835851.26,,,,
Ese,M1,CZ05,cDXGF,1645319250.27,0,772000303.44,46830009312.15,0,65910496032.76,,,,
Ese,M1,CZ06,cDXGF,0,0,2459030354.21,9713168432.75,0,123919907560.87,,,,
Ese,M1,CZ07,cDXGF,0,0,3157576054.41,9198664692.29,0,133348742834.38,,,,
Ese,M1,CZ08,cDXGF,0,0,9341260482.78,13327600472.02,0,208906922035.96,,,,
Ese,M1,CZ09,cDXGF,430127852.37,0,11957374729.34,19349180039.82,0,210760528756.7,,,,
Ese,M1,CZ10,cDXGF,304523576.06,0,13558000296.94,24636872741.77,0,232487349353.13,,,,
Ese,M1,CZ11,cDXGF,16802849749.36,0,21774417417.03,94455010030.44,0,248268171277,,,,
Ese,M1,CZ12,cDXGF,14259435262.71,0,10310252197.13,88745362716.37,0,171605506186.16,,,,
Ese,M1,CZ13,cDXGF,12075043651.99,0,22733536055.99,67613685395.22,0,260546590877.86,,,,
Ese,M1,CZ14,cDXGF,6745122565.62,0,18425024433.96,61252194470.95,0,245456897786.37,,,,
Ese,M1,CZ15,cDXGF,0,0,57777340427.3,6514942137.51,0,465661976105.64,,,,
Ese,M1,CZ16,cDXGF,23958862408.98,0,2844268286.34,170844903136.69,0,81198464024.81,,,,
Ese,M1,CZ01,cDXHP,0,1432792584.8,4897778.3,0,33811828532.19,4688989054.73,,,,
Ese,M1,CZ02,cDXHP,0,3262714468.77,4145854160.18,0,26639931930.38,105502220995.58,,,,
Ese,M1,CZ03,cDXHP,0,597309991.8,466120437.18,0,12410291441.42,48945244708.74,,,,
Ese,M1,CZ04,cDXHP,0,2223032618.52,10996945729.12,0,21399684446.29,176998936928.32,,,,
Ese,M1,CZ05,cDXHP,0,422385748.23,783440351.94,0,11739708146.79,65830309299.75,,,,
Ese,M1,CZ06,cDXHP,0,0,2483593054.95,0,2328912605.62,120138200830.39,,,,
Ese,M1,CZ07,cDXHP,0,0,3180840175.16,0,2207994159.19,129965949794.11,,,,
Ese,M1,CZ08,cDXHP,0,0,9387323344.11,0,3279051830.6,207700379777.64,,,,
Ese,M1,CZ09,cDXHP,0,114202427.94,11994281293.28,0,4828607771.84,210397938758.32,,,,
Ese,M1,CZ10,cDXHP,0,80141080.9,13587131306.35,0,6197751936.15,232488320273.6,,,,
Ese,M1,CZ11,cDXHP,0,4789950884.74,21964671377.75,0,24781714205.71,250304299101.6,,,,
Ese,M1,CZ12,cDXHP,0,3887723364.8,10407626474.27,0,22997595392.37,172223038685.23,,,,
Ese,M1,CZ13,cDXHP,0,3280938380.22,22862815009.88,0,17481920918.98,261787125941.3,,,,
Ese,M1,CZ14,cDXHP,0,2121367820.42,18601454874.08,0,17130774990.22,249020162614.9,,,,
Ese,M1,CZ15,cDXHP,0,0,57803354006.89,0,1645400974.45,465809633470.54,,,,
Ese,M1,CZ16,cDXHP,0,7704414523.69,2862712075.09,0,51633192400.39,82467620266.29,,,,
Ese,M1,CZ01,cPTAC,0,0,4688449.77,0,0,4696953504.6,,,,
Ese,M1,CZ02,cPTAC,0,0,4093903077.09,0,0,104882815782.26,,,,
Ese,M1,CZ03,cPTAC,0,0,460174362.57,0,0,49073350162.61,,,,
Ese,M1,CZ04,cPTAC,0,0,10833943046.34,0,0,173829454622.98,,,,
Ese,M1,CZ05,cPTAC,0,0,769378631.13,0,0,65487931089.44,,,,
Ese,M1,CZ06,cPTAC,0,0,2457945026.2,0,0,123859373479.1,,,,
Ese,M1,CZ07,cPTAC,0,0,3156516046.22,0,0,133282651051.07,,,,
Ese,M1,CZ08,cPTAC,0,0,9335416978.53,0,0,208731351161.5,,,,
Ese,M1,CZ09,cPTAC,0,0,11949716276.86,0,0,210566562119.55,,,,
Ese,M1,CZ10,cPTAC,0,0,13551054720.41,0,0,232213357036.72,,,,
Ese,M1,CZ11,cPTAC,0,0,21772966472.16,0,0,247904006583.92,,,,
Ese,M1,CZ12,cPTAC,0,0,10307862467.93,0,0,171356548874.52,,,,
Ese,M1,CZ13,cPTAC,0,0,22732383351.74,0,0,260415562283.18,,,,
Ese,M1,CZ14,cPTAC,0,0,18421903046.82,0,0,245048884962.22,,,,
Ese,M1,CZ15,cPTAC,0,0,57775716895.45,0,0,465576729792.25,,,,
Ese,M1,CZ16,cPTAC,0,0,2843438499.8,0,0,80988825625.12,,,,
Ese,M1,CZ01,cPVVG,36470975424.02,0,15537625.84,1078069356912.06,0,15961502821.66,,,,
Ese,M1,CZ02,cPVVG,67501928030.79,0,3064343753.01,821563803089.34,0,266021809358.94,,,,
Ese,M1,CZ03,cPVVG,13274712319.4,0,367852597,501182652952.78,0,124304251132.73,,,,
Ese,M1,CZ04,cPVVG,56942961826.6,0,8836916624.17,665592069680.32,0,463301669039.34,,,,
Ese,M1,CZ05,cPVVG,11993236674.54,0,663851274.01,489780292814.93,0,158914203545.06,,,,
Ese,M1,CZ06,cPVVG,101880033.12,0,1836548690.08,149990967990.52,0,297264348852.76,,,,
Ese,M1,CZ07,cPVVG,0,0,2235802470.5,136415154134.96,0,302277090001.2,,,,
Ese,M1,CZ08,cPVVG,1044086336.64,0,6943885647.73,172674462468.49,0,517609516242,,,,
Ese,M1,CZ09,cPVVG,6261750214.33,0,8913504511.04,225215515810.9,0,522585473637.13,,,,
Ese,M1,CZ10,cPVVG,11796937972.1,0,10506570990.01,261550070142.08,0,617290195915.73,,,,
Ese,M1,CZ11,cPVVG,67784077610.86,0,18331742033.12,688977621399.35,0,652956350986.96,,,,
Ese,M1,CZ12,cPVVG,60949333771.26,0,8354011918.35,688321267494.89,0,447774089768.45,,,,
Ese,M1,CZ13,cPVVG,48069686846.12,0,18685492739.52,559040923782.79,0,685819768569.16,,,,
Ese,M1,CZ14,cPVVG,44732570239.79,0,14360040500.81,525350997105.98,0,633804972298.93,,,,
Ese,M1,CZ15,cPVVG,1745803044.46,0,54969730596.71,95153492391.44,0,1247363024464.17,,,,
Ese,M1,CZ16,cPVVG,160139497730.31,0,1820010337.51,1152612273033.29,0,184958791670.66,,,,
Eun,M1,CZ01,cDXGF,7828349095.62,0,685322351.55,1532397544827.25,0,104036555702.63,,,,
Eun,M1,CZ02,cDXGF,18721280956.03,0,37779712934.4,1085094538621.65,0,1661333190592.99,,,,
Eun,M1,CZ03,cDXGF,2082586266.53,0,6911914132.58,592825490064.86,0,853227619346.61,,,,
Eun,M1,CZ04,cDXGF,18267102237,0,74365926842.19,934847653892.23,0,2656712133896.85,,,,
Eun,M1,CZ05,cDXGF,2652029625.31,0,11353694370.76,607619092690.19,0,1153541077365.75,,,,
Eun,M1,CZ06,cDXGF,0,0,24402761956.97,132267044973.46,0,2037973816883.72,,,,
Eun,M1,CZ07,cDXGF,0,0,27028459515.01,106917535022.05,0,2232678981686.9,,,,
Eun,M1,CZ08,cDXGF,0,0,70759972008.06,194341093323.77,0,3208957483611.92,,,,
Eun,M1,CZ09,cDXGF,390663131.53,0,86136872540.42,255210889264.19,0,3207350881502.56,,,,
Eun,M1,CZ10,cDXGF,165665671.04,0,85813586599.55,285445265130.07,0,3464770649878.69,,,,
Eun,M1,CZ11,cDXGF,40883827241.26,0,136945264339.91,975309076254.54,0,3634929493365.65,,,,
Eun,M1,CZ12,cDXGF,15413222483.63,0,67964195616.95,913878796002.89,0,2565695914021.55,,,,
Eun,M1,CZ13,cDXGF,10585787438.72,0,134761862409.91,714519418137.24,0,3824220705499.19,,,,
Eun,M1,CZ14,cDXGF,14220494114.53,0,116550491801.8,831087417543.37,0,3707168879186.71,,,,
Eun,M1,CZ15,cDXGF,615826084.21,0,336707367143.39,127512272496.11,0,6632007770921.91,,,,
Eun,M1,CZ16,cDXGF,73863790779.67,0,22929571573.62,1589623884419.59,0,1359911525739.05,,,,
Eun,M1,CZ01,cDXHP,0,2195406182.15,774402176.3,0,390921808463.71,101821127363.84,,,,
Eun,M1,CZ02,cDXHP,0,5031057992.02,38289422722.16,0,285811923740.83,1666103839027.72,,,,
Eun,M1,CZ03,cDXHP,0,517924936.2,7087274947.11,0,146847690265.83,848334658122.82,,,,
Eun,M1,CZ04,cDXHP,0,4987494582.44,75268997781.05,0,252797950731.18,2683078908034.61,,,,
Eun,M1,CZ05,cDXHP,0,673872440.73,11698396368.49,0,153749656008.8,1148911779929.56,,,,
Eun,M1,CZ06,cDXHP,0,0,24771169411.05,0,31724975846.37,1993489687493.92,,,,
Eun,M1,CZ07,cDXHP,0,0,27339464460.8,0,25674222406.25,2197837349734.85,,,,
Eun,M1,CZ08,cDXHP,0,0,71200482732.72,0,47972347164.81,3199046156714.37,,,,
Eun,M1,CZ09,cDXHP,0,103048316.94,86476880814.59,0,63940649357.7,3206127619306.41,,,,
Eun,M1,CZ10,cDXHP,0,44439658.29,86025233036.9,0,72356521037.88,3465631028783.84,,,,
Eun,M1,CZ11,cDXHP,0,11369224408.61,137885381543.51,0,257551923012.11,3654354112770.87,,,,
Eun,M1,CZ12,cDXHP,0,4143900413.75,68635341331.89,0,237803500155.12,2574690167512.88,,,,
Eun,M1,CZ13,cDXHP,0,2848111446.65,135459393958.6,0,184400155425.01,3839411700036.45,,,,
Eun,M1,CZ14,cDXHP,0,4485610020.4,117671074389.24,0,234123643259.75,3746236913729.63,,,,
Eun,M1,CZ15,cDXHP,0,167632900.24,336903698755.47,0,32171526945.9,6634069819351.17,,,,
Eun,M1,CZ16,cDXHP,0,23986352251.38,23130635017.99,0,478835751880.99,1376482938027.17,,,,
Eun,M1,CZ01,cPTAC,0,0,663111023.92,0,0,104464669322.56,,,,
Eun,M1,CZ02,cPTAC,0,0,37673147074.87,0,0,1657348844180.93,,,,
Eun,M1,CZ03,cPTAC,0,0,6899931218.73,0,0,861066367476.64,,,,
Eun,M1,CZ04,cPTAC,0,0,74162742311.52,0,0,2650163693301.91,,,,
Eun,M1,CZ05,cPTAC,0,0,11325048773.24,0,0,1154473525137.1,,,,
Eun,M1,CZ06,cPTAC,0,0,24389144387.27,0,0,2048867938076.58,,,,
Eun,M1,CZ07,cPTAC,0,0,27020815570.64,0,0,2242184990443.63,,,,
Eun,M1,CZ08,cPTAC,0,0,70709160128.15,0,0,3214211509548.06,,,,
Eun,M1,CZ09,cPTAC,0,0,86074914075.04,0,0,3213133592696.64,,,,
Eun,M1,CZ10,cPTAC,0,0,85758818308.98,0,0,3467177921340.55,,,,
Eun,M1,CZ11,cPTAC,0,0,136899575977.35,0,0,3631515166273.32,,,,
Eun,M1,CZ12,cPTAC,0,0,67900525566.91,0,0,2567226585140.08,,,,
Eun,M1,CZ13,cPTAC,0,0,134722404384.09,0,0,3825842789792.35,,,,
Eun,M1,CZ14,cPTAC,0,0,116486958613.56,0,0,3701290656328.7,,,,
Eun,M1,CZ15,cPTAC,0,0,336692554720.79,0,0,6633834651310.5,,,,
Eun,M1,CZ16,cPTAC,0,0,22888060486.42,0,0,1347434983834.59,,,,
Eun,M1,CZ01,cPVVG,10308542565.65,0,345983068.3,2493353757295.11,0,86672775164.75,,,,
Eun,M1,CZ02,cPVVG,26148876603.42,0,11161621968.23,1827652945453.48,0,744717051358.13,,,,
Eun,M1,CZ03,cPVVG,3412644950.39,0,2241243059.71,1086295363654.88,0,447424112446.72,,,,
Eun,M1,CZ04,cPVVG,28275385997.01,0,24938094257.88,1565170044798.51,0,1170211675998.44,,,,
Eun,M1,CZ05,cPVVG,2585894049.05,0,4049766135.69,1136330374828.76,0,566139846464.08,,,,
Eun,M1,CZ06,cPVVG,0,0,7491974043.66,301355013961.54,0,974659346328.5,,,,
Eun,M1,CZ07,cPVVG,0,0,7758996351.62,252847213181.82,0,1017840653039.43,,,,
Eun,M1,CZ08,cPVVG,0,0,21383587745.65,404186019042.4,0,1413339528587.35,,,,
Eun,M1,CZ09,cPVVG,841931745.98,0,26180717064.33,513825224489.69,0,1396812093302.57,,,,
Eun,M1,CZ10,cPVVG,213084171.79,0,27142880602.77,561549188935.9,0,1515740465891.79,,,,
Eun,M1,CZ11,cPVVG,52908903865.8,0,49136543408.49,1607389795874.7,0,1578592295094.85,,,,
Eun,M1,CZ12,cPVVG,22173639196.6,0,22524812870.64,1523586314777.17,0,1136480240757.36,,,,
Eun,M1,CZ13,cPVVG,12948872690.79,0,45412873407.13,1228187205295.17,0,1650626164138.38,,,,
Eun,M1,CZ14,cPVVG,19255233804.3,0,39060970712.46,1390360534361.91,0,1604578900766.65,,,,
Eun,M1,CZ15,cPVVG,816016983.94,0,119563574636.26,270642468322.97,0,2843463448303.48,,,,
Eun,M1,CZ16,cPVVG,104212353177.76,0,5733221720.29,2646776256756.41,0,587364944383.29,,,,
Gro,M1,CZ01,cDXGF,5019205922.58,0,0,1205681369229.79,0,1438036761.75,,,,
Gro,M1,CZ02,cDXGF,3125169804.26,0,0,772428234023.3,0,118963905072.08,,,,
Gro,M1,CZ03,cDXGF,877728594.92,0,0,610113188454.29,0,38360663911.71,,,,
Gro,M1,CZ04,cDXGF,3013302282.36,0,0,625466322780.3,0,225676741613.86,,,,
Gro,M1,CZ05,cDXGF,909961473.47,0,0,566071441035.02,0,47912178679.92,,,,
Gro,M1,CZ06,cDXGF,9173747.7,0,0,229296603619.44,0,113222312903.11,,,,
Gro,M1,CZ07,cDXGF,0,0,0,214106395243.78,0,127013961462.17,,,,
Gro,M1,CZ08,cDXGF,43635916.01,0,0,234605439552.86,0,243394329665.9,,,,
Gro,M1,CZ09,cDXGF,364458282.75,0,0,284028692559.1,0,252796573356.03,,,,
Gro,M1,CZ10,cDXGF,212550514.83,0,0,288023216784.41,0,288690414735.71,,,,
Gro,M1,CZ11,cDXGF,4594658221.39,0,7312167.72,637387383672.28,0,331831713026.17,,,,
Gro,M1,CZ12,cDXGF,2463486562.08,0,0,657664759894.18,0,221939955100.2,,,,
Gro,M1,CZ13,cDXGF,1716340057,0,0,554670905150.53,0,354774163697.34,,,,
Gro,M1,CZ14,cDXGF,5003810330.9,0,0,545484795742.23,0,328463379888.91,,,,
Gro,M1,CZ15,cDXGF,239339466.02,0,20497905.25,139872036427.36,0,643063278336.66,,,,
Gro,M1,CZ16,cDXGF,16782781014.04,0,0,1035848577006.74,0,89068057097.92,,,,
Gro,M1,CZ01,cDXHP,0,1416434031.8,0,0,277513455420.3,1448267721.57,,,,
Gro,M1,CZ02,cDXHP,0,922503813.03,0,0,183570702595.31,119877931046.83,,,,
Gro,M1,CZ03,cDXHP,0,235046373.61,0,0,139995633350.48,38745993226.68,,,,
Gro,M1,CZ04,cDXHP,0,924719484.68,0,0,152243200320.04,226431784865.66,,,,
Gro,M1,CZ05,cDXHP,0,256833963.55,0,0,130654551122.14,48308880251.8,,,,
Gro,M1,CZ06,cDXHP,0,2283450.55,0,0,51528521517.47,109032423344,,,,
Gro,M1,CZ07,cDXHP,0,0,0,0,47923516443.93,124825092505.38,,,,
Gro,M1,CZ08,cDXHP,0,11092308.62,0,0,53587586504.18,243009524446,,,,
Gro,M1,CZ09,cDXHP,0,95507293.03,0,0,66024556698.94,253708900624.55,,,,
Gro,M1,CZ10,cDXHP,0,55998688.6,0,0,67147441643.67,289394808800.04,,,,
Gro,M1,CZ11,cDXHP,0,1385523504.05,7313733.8,0,154030136053.38,331843433774.44,,,,
Gro,M1,CZ12,cDXHP,0,741562667.79,0,0,157157407806.83,222918850498.51,,,,
Gro,M1,CZ13,cDXHP,0,499778336.23,0,0,133323277262.13,354816818071.38,,,,
Gro,M1,CZ14,cDXHP,0,1641165024.61,0,0,136180146282.2,330022638200.18,,,,
Gro,M1,CZ15,cDXHP,0,63881134.87,20497900.33,0,32511899727.84,643064197844.39,,,,
Gro,M1,CZ16,cDXHP,0,5845929209.89,0,0,275646175732.49,90560564764,,,,
Gro,M1,CZ01,cPTAC,0,0,0,0,0,1117270080.93,,,,
Gro,M1,CZ02,cPTAC,0,0,0,0,0,111930268387.44,,,,
Gro,M1,CZ03,cPTAC,0,0,0,0,0,36170622027.71,,,,
Gro,M1,CZ04,cPTAC,0,0,0,0,0,219277864745.47,,,,
Gro,M1,CZ05,cPTAC,0,0,0,0,0,42247336617.42,,,,
Gro,M1,CZ06,cPTAC,0,0,0,0,0,111321221437.42,,,,
Gro,M1,CZ07,cPTAC,0,0,0,0,0,124819595811.04,,,,
Gro,M1,CZ08,cPTAC,0,0,0,0,0,239162212259.64,,,,
Gro,M1,CZ09,cPTAC,0,0,0,0,0,247970957536.18,,,,
Gro,M1,CZ10,cPTAC,0,0,0,0,0,283521862736.63,,,,
Gro,M1,CZ11,cPTAC,0,0,7311657.27,0,0,328557067933.23,,,,
Gro,M1,CZ12,cPTAC,0,0,0,0,0,218846641711.72,,,,
Gro,M1,CZ13,cPTAC,0,0,0,0,0,352657031184.15,,,,
Gro,M1,CZ14,cPTAC,0,0,0,0,0,325290310387.2,,,,
Gro,M1,CZ15,cPTAC,0,0,20497652.88,0,0,640473611638.71,,,,
Gro,M1,CZ16,cPTAC,0,0,0,0,0,87503592549.21,,,,
Gro,M1,CZ01,cPVVG,6170337029.08,0,0,1371875018699.97,0,1685706445.58,,,,
Gro,M1,CZ02,cPVVG,4256482836.4,0,0,928305205642.16,0,106637542078.07,,,,
Gro,M1,CZ03,cPVVG,1133296908.46,0,0,742159788640.99,0,35553778361.68,,,,
Gro,M1,CZ04,cPVVG,4269946123.96,0,0,772946605082.55,0,206055516299.12,,,,
Gro,M1,CZ05,cPVVG,1205139370.47,0,0,695960187575.12,0,42551120113.85,,,,
Gro,M1,CZ06,cPVVG,14430353.11,0,0,312008323515.19,0,100633269034.19,,,,
Gro,M1,CZ07,cPVVG,0,0,0,293378954640.03,0,108731277026.28,,,,
Gro,M1,CZ08,cPVVG,78306783.35,0,0,315345718088.81,0,218391907939.06,,,,
Gro,M1,CZ09,cPVVG,537060178.89,0,0,375988832187.95,0,227077119554.05,,,,
Gro,M1,CZ10,cPVVG,362518220.83,0,0,377498967162.94,0,262572297778.74,,,,
Gro,M1,CZ11,cPVVG,6318162858.4,0,5266055.44,783026854796.79,0,308326589153.96,,,,
Gro,M1,CZ12,cPVVG,3561371657.91,0,0,801498584227.56,0,203654146422.36,,,,
Gro,M1,CZ13,cPVVG,2588650438.56,0,0,685969632674,0,331364905663.05,,,,
Gro,M1,CZ14,cPVVG,7097822563.45,0,0,673225316484.76,0,304497278621.07,,,,
Gro,M1,CZ15,cPVVG,390443318.84,0,16162359.53,194469709972.2,0,606507942756.26,,,,
Gro,M1,CZ16,cPVVG,20803223339.96,0,0,1225833966391.39,0,78639691716.06,,,,
Htl,M1,CZ01,cDXGF,0,0,0,258003939768.74,0,2985177786.45,,,,
Htl,M1,CZ02,cDXGF,0,0,0,167914247227.65,0,112609185826.87,,,,
Htl,M1,CZ03,cDXGF,0,0,0,95184276739.33,0,48771593467.86,,,,
Htl,M1,CZ04,cDXGF,0,0,98.14,130145808759.36,0,207967616735.75,,,,
Htl,M1,CZ05,cDXGF,0,0,0,84528424397.12,0,59256567332.85,,,,
Htl,M1,CZ06,cDXGF,0,0,704.57,16447159571.79,0,129684501148.95,,,,
Htl,M1,CZ07,cDXGF,0,0,386218.35,12988649958,0,131977327428.41,,,,
Htl,M1,CZ08,cDXGF,0,0,974.73,21641542272.5,0,233594761539.95,,,,
Htl,M1,CZ09,cDXGF,0,0,449608.89,34181610133.52,0,239523914077.28,,,,
Htl,M1,CZ10,cDXGF,0,0,226605.08,38132958888.3,0,284255086203.14,,,,
Htl,M1,CZ11,cDXGF,3695966.85,0,9026442.74,154348306302.08,0,319844943695.86,,,,
Htl,M1,CZ12,cDXGF,0,0,10.52,155692280497.86,0,204448964917.57,,,,
Htl,M1,CZ13,cDXGF,0,0,10386583.15,130734189613.87,0,337132070847.28,,,,
Htl,M1,CZ14,cDXGF,0,0,17793961.21,109879316410.35,0,314525076702.1,,,,
Htl,M1,CZ15,cDXGF,0,0,1925030675.75,14522035212.75,0,603740751929.51,,,,
Htl,M1,CZ16,cDXGF,631760548.13,0,0,252131105022.56,0,88042453549.75,,,,
Htl,M1,CZ01,cDXHP,0,0,0,0,62569202851.7,3030093115.79,,,,
Htl,M1,CZ02,cDXHP,0,0,0,0,41763486271.38,114672439397.42,,,,
Htl,M1,CZ03,cDXHP,0,0,0,0,22923786631.67,49915707638.91,,,,
Htl,M1,CZ04,cDXHP,0,0,62.16,0,32868904416.93,210683053723.89,,,,
Htl,M1,CZ05,cDXHP,0,0,0,0,20542935861.52,60890251446.65,,,,
Htl,M1,CZ06,cDXHP,0,0,0,0,3878055063.59,127089635820.55,,,,
Htl,M1,CZ07,cDXHP,0,0,138527.66,0,3058915156.15,130658010089.23,,,,
Htl,M1,CZ08,cDXHP,0,0,288029.04,0,5175942890.51,235287599553.53,,,,
Htl,M1,CZ09,cDXHP,0,0,226097.43,0,8297594309.98,241129756224.81,,,,
Htl,M1,CZ10,cDXHP,0,0,222824.8,0,9286535671.58,285215230419.19,,,,
Htl,M1,CZ11,cDXHP,0,1205267.15,4756018.48,0,38769201848.13,322198018040.61,,,,
Htl,M1,CZ12,cDXHP,0,0,6.93,0,38566072645.72,207071734678.19,,,,
Htl,M1,CZ13,cDXHP,0,0,7513750.94,0,32531409817.22,339361078285.3,,,,
Htl,M1,CZ14,cDXHP,0,0,12505799.35,0,28883036447.56,317973303170.29,,,,
Htl,M1,CZ15,cDXHP,0,0,1920031236.45,0,3554540036.41,603802059128.5,,,,
Htl,M1,CZ16,cDXHP,0,214548506.57,0,0,71892570420.71,89661397028.81,,,,
Htl,M1,CZ01,cPTAC,0,0,0,0,0,4747028152.53,,,,
Htl,M1,CZ02,cPTAC,0,0,0,0,0,115884975966.51,,,,
Htl,M1,CZ03,cPTAC,0,0,0,0,0,54968821197.94,,,,
Htl,M1,CZ04,cPTAC,0,0,98.14,0,0,210984524492.1,,,,
Htl,M1,CZ05,cPTAC,0,0,0,0,0,63675192019.64,,,,
Htl,M1,CZ06,cPTAC,0,0,704.6,0,0,136592880807.42,,,,
Htl,M1,CZ07,cPTAC,0,0,386200.97,0,0,137845501369.79,,,,
Htl,M1,CZ08,cPTAC,0,0,974.74,0,0,238550931769.04,,,,
Htl,M1,CZ09,cPTAC,0,0,449602.87,0,0,244730985632.86,,,,
Htl,M1,CZ10,cPTAC,0,0,226597.74,0,0,288224261596.37,,,,
Htl,M1,CZ11,cPTAC,0,0,9026494.38,0,0,321645817857.9,,,,
Htl,M1,CZ12,cPTAC,0,0,10.52,0,0,208095292493.04,,,,
Htl,M1,CZ13,cPTAC,0,0,10383426.98,0,0,339795890860.21,,,,
Htl,M1,CZ14,cPTAC,0,0,17793958.21,0,0,316359711789.91,,,,
Htl,M1,CZ15,cPTAC,0,0,1924988476.55,0,0,606107611559.86,,,,
Htl,M1,CZ16,cPTAC,0,0,0,0,0,90632648915.09,,,,
Htl,M1,CZ01,cPVVG,0,0,0,322927666661.35,0,4383717675.61,,,,
Htl,M1,CZ02,cPVVG,0,0,0,220915046443.67,0,107629817931.53,,,,
Htl,M1,CZ03,cPVVG,0,0,0,134984305420.8,0,50782437444.17,,,,
Htl,M1,CZ04,cPVVG,0,0,118.93,172531200467.86,0,200428574034.97,,,,
Htl,M1,CZ05,cPVVG,0,0,0,123599269432.41,0,59317516332.38,,,,
Htl,M1,CZ06,cPVVG,0,0,2591.15,29535092925.12,0,132206941816.18,,,,
Htl,M1,CZ07,cPVVG,0,0,178025.83,24783651447.29,0,133264016123.77,,,,
Htl,M1,CZ08,cPVVG,0,0,5617.7,36103810731.57,0,226127044861.46,,,,
Htl,M1,CZ09,cPVVG,0,0,442420.26,52820560284.57,0,229717629994.96,,,,
Htl,M1,CZ10,cPVVG,0,0,240673.63,58310201424.44,0,271307889818.98,,,,
Htl,M1,CZ11,cPVVG,4220961.1,0,5380515.3,201557039739.1,0,308406924632.78,,,,
Htl,M1,CZ12,cPVVG,0,0,20.45,201845663549.85,0,196842629524.3,,,,
Htl,M1,CZ13,cPVVG,0,0,7216990.69,172396187361.6,0,325484199431.92,,,,
Htl,M1,CZ14,cPVVG,0,0,11055043.22,147583486931.22,0,302380663742.69,,,,
Htl,M1,CZ15,cPVVG,0,0,1344099763.48,24271847864.08,0,586105106400.2,,,,
Htl,M1,CZ16,cPVVG,830744809.95,0,0,327356380379.35,0,84640912419.13,,,,
MBT,M1,CZ01,cDXGF,899712891.61,0,883.18,344404854578.08,0,12233485066.02,,,,
MBT,M1,CZ02,cDXGF,2492309994.64,0,1272041040.88,221535356138.93,0,273345247738.34,,,,
MBT,M1,CZ03,cDXGF,502790529.61,0,205056804.56,118344011822.02,0,141281644367.05,,,,
MBT,M1,CZ04,cDXGF,2173626990.88,0,4021622222.09,168700202853.07,0,466099875113.05,,,,
MBT,M1,CZ05,cDXGF,364818580.64,0,307163638.28,101314359947.32,0,174224622277.81,,,,
MBT,M1,CZ06,cDXGF,0,0,998997852.29,12235477845.72,0,362659983441.25,,,,
MBT,M1,CZ07,cDXGF,0,0,1189077032.26,7882411579.2,0,404568774502.76,,,,
MBT,M1,CZ08,cDXGF,0,0,4147401867.59,20544068044.42,0,596094475324.03,,,,
MBT,M1,CZ09,cDXGF,0,0,5145061420.82,34523989767.34,0,594475331147.51,,,,
MBT,M1,CZ10,cDXGF,0,0,5153257144.05,32593982527.81,0,652657912660.62,,,,
MBT,M1,CZ11,cDXGF,5248137199.25,0,12443913182.14,200401000615.92,0,699958728879.07,,,,
MBT,M1,CZ12,cDXGF,2556022458.59,0,4210717174.39,203047323208.49,0,476061442219.28,,,,
MBT,M1,CZ13,cDXGF,623639744.49,0,12884389226.1,154771688940.35,0,764078089755.44,,,,
MBT,M1,CZ14,cDXGF,1821389034.09,0,9393565618.34,157477081866.09,0,712471356725.65,,,,
MBT,M1,CZ15,cDXGF,0,0,43448951081.72,13017046504.26,0,1359604380766.18,,,,
MBT,M1,CZ16,cDXGF,9088863035,0,963872604.98,405705732018.6,0,244348915211.72,,,,
MBT,M1,CZ01,cDXHP,0,228613404.06,910.05,0,87935450262.7,12225659570.55,,,,
MBT,M1,CZ02,cDXHP,0,639404294.34,1273986496.04,0,58409617870.37,277621732213.92,,,,
MBT,M1,CZ03,cDXHP,0,123969057.89,206175240.11,0,29357336981.62,143324375317.78,,,,
MBT,M1,CZ04,cDXHP,0,553519335.63,3963561494.14,0,45649744600.4,478832098120.43,,,,
MBT,M1,CZ05,cDXHP,0,93677915.1,309307027.97,0,25750311255.9,175959895408.08,,,,
MBT,M1,CZ06,cDXHP,0,0,998401838.38,0,2987084203.59,360091600295.36,,,,
MBT,M1,CZ07,cDXHP,0,0,1193113628.18,0,1930488437.34,401942860191.96,,,,
MBT,M1,CZ08,cDXHP,0,0,4157302493.31,0,5154010044.22,598684056516.46,,,,
MBT,M1,CZ09,cDXHP,0,0,5151697266.75,0,8801602217.48,598918502031.74,,,,
MBT,M1,CZ10,cDXHP,0,0,5162813609.94,0,8420550043.83,658829479147.67,,,,
MBT,M1,CZ11,cDXHP,0,1420385486.7,12444641280.65,0,53246768636.44,712390569899.48,,,,
MBT,M1,CZ12,cDXHP,0,665999523.06,4212467413.4,0,52830532533.85,485170918282.49,,,,
MBT,M1,CZ13,cDXHP,0,159890454.89,12916744661.48,0,39952713826.89,774440116713.07,,,,
MBT,M1,CZ14,cDXHP,0,554574500.31,9339905417.92,0,45105525384.89,725781720665.8,,,,
MBT,M1,CZ15,cDXHP,0,0,43394643842.39,0,3367103797.01,1362042247100.08,,,,
MBT,M1,CZ16,cDXHP,0,2934035792.42,965761616.25,0,121978158199.89,249305094955.02,,,,
MBT,M1,CZ01,cPTAC,0,0,883.07,0,0,30757869094.9,,,,
MBT,M1,CZ02,cPTAC,0,0,1271837308.67,0,0,293727568282.06,,,,
MBT,M1,CZ03,cPTAC,0,0,205057123.07,0,0,167425403029.02,,,,
MBT,M1,CZ04,cPTAC,0,0,4023923637.31,0,0,484061253003.99,,,,
MBT,M1,CZ05,cPTAC,0,0,300815225.86,0,0,197996869857.65,,,,
MBT,M1,CZ06,cPTAC,0,0,998679658.1,0,0,393690771764.71,,,,
MBT,M1,CZ07,cPTAC,0,0,1188999974.16,0,0,430898080299.74,,,,
MBT,M1,CZ08,cPTAC,0,0,4145415121.64,0,0,616081762599.21,,,,
MBT,M1,CZ09,cPTAC,0,0,5136556823.73,0,0,616223800915.49,,,,
MBT,M1,CZ10,cPTAC,0,0,5152397780.37,0,0,671132485696.39,,,,
MBT,M1,CZ11,cPTAC,0,0,12443551661.38,0,0,710723769931.41,,,,
MBT,M1,CZ12,cPTAC,0,0,4210734078.53,0,0,493964449021.07,,,,
MBT,M1,CZ13,cPTAC,0,0,12884386337.75,0,0,777074252567.5,,,,
MBT,M1,CZ14,cPTAC,0,0,9393498336.01,0,0,723278161560.1,,,,
MBT,M1,CZ15,cPTAC,0,0,43449848412.84,0,0,1370309359745.5,,,,
MBT,M1,CZ16,cPTAC,0,0,963859188.11,0,0,256475106934.99,,,,
MBT,M1,CZ01,cPVVG,1316496720.53,0,32048.4,522720363288.62,0,18555756124.96,,,,
MBT,M1,CZ02,cPVVG,4095581879.77,0,894332091.72,354201383147.3,0,263875216646.18,,,,
MBT,M1,CZ03,cPVVG,982323545.33,0,133504444.68,201156747066.07,0,150616103708.49,,,,
MBT,M1,CZ04,cPVVG,3983499474.22,0,3115771160.68,286295292717.04,0,450018307714.58,,,,
MBT,M1,CZ05,cPVVG,961120202.38,0,196802783.98,177958955087.82,0,175747912389.22,,,,
MBT,M1,CZ06,cPVVG,0,0,616386852.75,33471335299.32,0,366268699245.64,,,,
MBT,M1,CZ07,cPVVG,0,0,707355085.55,25462245384.73,0,395341484942.98,,,,
MBT,M1,CZ08,cPVVG,0,0,2949539454.5,50287959859.84,0,573704893026.23,,,,
MBT,M1,CZ09,cPVVG,0,0,3639904885.96,75886563341.85,0,569430766956.11,,,,
MBT,M1,CZ10,cPVVG,0,0,3848515188.54,74307315062.57,0,623618907470.87,,,,
MBT,M1,CZ11,cPVVG,7545959133.33,0,9725261847.37,337261424033.71,0,671915477381.63,,,,
MBT,M1,CZ12,cPVVG,4598427942.31,0,3184838786.33,333724657988.98,0,461552402814.53,,,,
MBT,M1,CZ13,cPVVG,1798473576.89,0,9884582446.07,271755673366.05,0,734456637705.22,,,,
MBT,M1,CZ14,cPVVG,2856577808.94,0,7112795295.02,272480830164.46,0,682879400581.47,,,,
MBT,M1,CZ15,cPVVG,0,0,34809469954.87,31893293601.33,0,1296685275897.93,,,,
MBT,M1,CZ16,cPVVG,13224272395.46,0,555735744.92,636532369924.77,0,234425909350.83,,,,
MFmCmn,M1,CZ01,cDXGF,976424337.94,0,30012463.2,47883420132.25,0,2893350607.41,,,,
MFmCmn,M1,CZ02,cDXGF,911670851.15,0,2311592338.93,27874598831.45,0,53045843635.49,,,,
MFmCmn,M1,CZ03,cDXGF,291647044.56,0,433757354.18,17217469656.5,0,26235048335.66,,,,
MFmCmn,M1,CZ04,cDXGF,861258504.05,0,4112215901.25,20632900728.15,0,86596244644.97,,,,
MFmCmn,M1,CZ05,cDXGF,230145155.55,0,644258270.08,13624829953.84,0,34207417069.6,,,,
MFmCmn,M1,CZ06,cDXGF,0,0,1800547930.51,2474095415.87,0,64372637457.95,,,,
MFmCmn,M1,CZ07,cDXGF,0,0,2119754724.4,1619066870.24,0,70718738669.7,,,,
MFmCmn,M1,CZ08,cDXGF,734366.6,0,4666401350.02,3161421707.54,0,105001667413.1,,,,
MFmCmn,M1,CZ09,cDXGF,37244732.92,0,5475442047.89,4902809244.24,0,107908375124.81,,,,
MFmCmn,M1,CZ10,cDXGF,27589083.05,0,4767365630.19,4478948835.7,0,107506518293.38,,,,
MFmCmn,M1,CZ11,cDXGF,1645782255.25,0,7265708566.45,27222237740.08,0,120953464088.43,,,,
MFmCmn,M1,CZ12,cDXGF,1011939452.29,0,3833454096.36,24989390192.15,0,83482566873.72,,,,
MFmCmn,M1,CZ13,cDXGF,627990246.16,0,7239737754.5,18758511208.6,0,126859256184.53,,,,
MFmCmn,M1,CZ14,cDXGF,656735841.84,0,6148581772.98,17538961512.6,0,120578073064.54,,,,
MFmCmn,M1,CZ15,cDXGF,33728925.17,0,15749196154.97,1438776879.74,0,212507720060.35,,,,
MFmCmn,M1,CZ16,cDXGF,3344099074.54,0,1564736463.72,52494563677.21,0,46449526396.76,,,,
MFmCmn,M1,CZ01,cDXHP,0,264900471.75,30905265.83,0,12073480454.8,2922688906.6,,,,
MFmCmn,M1,CZ02,cDXHP,0,248140539.04,2325473168.41,0,7331717431.86,53633317394.4,,,,
MFmCmn,M1,CZ03,cDXHP,0,72499085.12,438035439.84,0,4221087060.92,26697517071.36,,,,
MFmCmn,M1,CZ04,cDXHP,0,240894911.28,4126551244.21,0,5584837993.6,87482750816.83,,,,
MFmCmn,M1,CZ05,cDXHP,0,58989448.73,651225931.03,0,3423542532.98,34713167358.47,,,,
MFmCmn,M1,CZ06,cDXHP,0,0,1809801692.87,0,596005238.8,65027411108.69,,,,
MFmCmn,M1,CZ07,cDXHP,0,0,2128875073.34,0,390124438.43,71214317301.74,,,,
MFmCmn,M1,CZ08,cDXHP,0,191181.65,4679006900.41,0,782347766.17,105595560411.44,,,,
MFmCmn,M1,CZ09,cDXHP,0,9761017.93,5484020991.91,0,1235247860.03,108407649533.58,,,,
MFmCmn,M1,CZ10,cDXHP,0,7420627.44,4772642698.57,0,1147271332.06,107862609729.42,,,,
MFmCmn,M1,CZ11,cDXHP,0,457625124.49,7282194084.1,0,7212421946.17,121663596317.4,,,,
MFmCmn,M1,CZ12,cDXHP,0,273149941.2,3849405750.75,0,6506766614.61,84275039588.85,,,,
MFmCmn,M1,CZ13,cDXHP,0,172628835.85,7252906645.42,0,4846876082.36,127495870494.12,,,,
MFmCmn,M1,CZ14,cDXHP,0,209116872.82,6154914643.48,0,5040065770.34,121209274101.36,,,,
MFmCmn,M1,CZ15,cDXHP,0,9293142.05,15750316842.19,0,372391579.08,212519932659.08,,,,
MFmCmn,M1,CZ16,cDXHP,0,1093057006.67,1565034132.56,0,15866227896.5,46842728911.77,,,,
MFmCmn,M1,CZ01,cPTAC,0,0,29535941.33,0,0,5605278542.8,,,,
MFmCmn,M1,CZ02,cPTAC,0,0,2310021580.43,0,0,55623189784.67,,,,
MFmCmn,M1,CZ03,cPTAC,0,0,433146902.71,0,0,29795826614.1,,,,
MFmCmn,M1,CZ04,cPTAC,0,0,4109660439.48,0,0,88888984042.87,,,,
MFmCmn,M1,CZ05,cPTAC,0,0,642836886.01,0,0,37687034626.07,,,,
MFmCmn,M1,CZ06,cPTAC,0,0,1799361963.62,0,0,68021148746.04,,,,
MFmCmn,M1,CZ07,cPTAC,0,0,2119563634.83,0,0,73967762580.03,,,,
MFmCmn,M1,CZ08,cPTAC,0,0,4664489713.77,0,0,107537874788.73,,,,
MFmCmn,M1,CZ09,cPTAC,0,0,5473511783.28,0,0,110605190498.66,,,,
MFmCmn,M1,CZ10,cPTAC,0,0,4765348603.38,0,0,109708757901.74,,,,
MFmCmn,M1,CZ11,cPTAC,0,0,7264665161.68,0,0,122304205044.66,,,,
MFmCmn,M1,CZ12,cPTAC,0,0,3833369895.78,0,0,85618484485.52,,,,
MFmCmn,M1,CZ13,cPTAC,0,0,7239643561.33,0,0,128448616017.77,,,,
MFmCmn,M1,CZ14,cPTAC,0,0,6147013846.57,0,0,121974743272.83,,,,
MFmCmn,M1,CZ15,cPTAC,0,0,15748666261.11,0,0,213856403123.49,,,,
MFmCmn,M1,CZ16,cPTAC,0,0,1561644030.67,0,0,47793697195.9,,,,
MFmCmn,M1,CZ01,cPVVG,1795066883.32,0,40285764.8,79852846300.87,0,4267344383.96,,,,
MFmCmn,M1,CZ02,cPVVG,1985517857.12,0,1900352849.92,52703342978.29,0,50720241622.59,,,,
MFmCmn,M1,CZ03,cPVVG,744865792.03,0,392573571.53,33218298692.49,0,27729299276.9,,,,
MFmCmn,M1,CZ04,cPVVG,1795860797.76,0,3431469891.49,41431214821.22,0,82587339704.9,,,,
MFmCmn,M1,CZ05,cPVVG,644073030.22,0,603749182.35,26809832584.49,0,34556741453.13,,,,
MFmCmn,M1,CZ06,cPVVG,0,0,1520529742.18,6798113476.3,0,63654543075.49,,,,
MFmCmn,M1,CZ07,cPVVG,0,0,1724482380.48,4869412928.43,0,67529787452.38,,,,
MFmCmn,M1,CZ08,cPVVG,3610195.51,0,3818666944.25,8745328394.66,0,99222390404.22,,,,
MFmCmn,M1,CZ09,cPVVG,138561828.07,0,4439100782.31,12569115944.88,0,101629612082.4,,,,
MFmCmn,M1,CZ10,cPVVG,62304270.93,0,3869252644.99,11755850713.13,0,100900456516.75,,,,
MFmCmn,M1,CZ11,cPVVG,3086180642.16,0,5999056707.05,54685845216.22,0,113989311568.52,,,,
MFmCmn,M1,CZ12,cPVVG,2301102922.92,0,3205249468.14,49322416195.8,0,79921327448.02,,,,
MFmCmn,M1,CZ13,cPVVG,1802371367.08,0,5873164190.43,40410269393.68,0,119753004783.38,,,,
MFmCmn,M1,CZ14,cPVVG,1426325335.65,0,4985819778.34,36444789651.26,0,113684552634.01,,,,
MFmCmn,M1,CZ15,cPVVG,74865883.85,0,12929318794.58,4776026974.08,0,198769054357.87,,,,
MFmCmn,M1,CZ16,cPVVG,7174486694.89,0,1247771048.05,93908648129.53,0,44095260652.51,,,,
MLI,M1,CZ01,cDXGF,31193524.67,0,0,911503280953.04,0,4301628902.65,,,,
MLI,M1,CZ02,cDXGF,25432277.11,0,0,605698640038.59,0,280456780046.14,,,,
MLI,M1,CZ03,cDXGF,0,0,0,386460741894.29,0,103345831761.91,,,,
MLI,M1,CZ04,cDXGF,0,0,0,495468570604.49,0,493932628947.58,,,,
MLI,M1,CZ05,cDXGF,0,0,0,340374336823.04,0,137324248022.35,,,,
MLI,M1,CZ06,cDXGF,0,0,0,88392909664.66,0,294745337858.12,,,,
MLI,M1,CZ07,cDXGF,0,0,0,72742475179.64,0,351454462142.23,,,,
MLI,M1,CZ08,cDXGF,0,0,0,119395359310.1,0,582524381169.54,,,,
MLI,M1,CZ09,cDXGF,0,0,0,160679200875.44,0,590699128188.88,,,,
MLI,M1,CZ10,cDXGF,0,0,0,155323474099.62,0,662172834033.08,,,,
MLI,M1,CZ11,cDXGF,335946246.09,0,0,541181014611.78,0,712007251634.61,,,,
MLI,M1,CZ12,cDXGF,40664076.28,0,0,543094938870.76,0,489621374641.34,,,,
MLI,M1,CZ13,cDXGF,0,0,0,441359849011.77,0,772308774206.82,,,,
MLI,M1,CZ14,cDXGF,256604849.49,0,0,448831812474.54,0,741378021102.82,,,,
MLI,M1,CZ15,cDXGF,0,0,0,60659716097.34,0,1396571972182.41,,,,
MLI,M1,CZ16,cDXGF,3015126673.26,0,0,879086214127.75,0,238043014041.19,,,,
MLI,M1,CZ01,cDXHP,0,9925071.23,0,0,228968978613.75,4351290153.83,,,,
MLI,M1,CZ02,cDXHP,0,6635277.97,0,0,157272343469.2,283436355997.91,,,,
MLI,M1,CZ03,cDXHP,0,0,0,0,94709781357.6,103708559885.28,,,,
MLI,M1,CZ04,cDXHP,0,5986514.02,0,0,132562590456.11,503658664753.02,,,,
MLI,M1,CZ05,cDXHP,0,0,0,0,85523287448.7,138247457044.67,,,,
MLI,M1,CZ06,cDXHP,0,0,0,0,20900531412.81,287933643841.1,,,,
MLI,M1,CZ07,cDXHP,0,0,0,0,17131942465.43,346338230750.88,,,,
MLI,M1,CZ08,cDXHP,0,0,0,0,29022351173.16,577945758545.71,,,,
MLI,M1,CZ09,cDXHP,0,0,0,0,39700362303.94,590518322861.64,,,,
MLI,M1,CZ10,cDXHP,0,0,0,0,38670105417.25,663290474644.54,,,,
MLI,M1,CZ11,cDXHP,0,101854280.59,0,0,139949549351.61,725510086532.57,,,,
MLI,M1,CZ12,cDXHP,0,14721266.27,0,0,139179982917.03,494790519280.15,,,,
MLI,M1,CZ13,cDXHP,0,4441395.05,0,0,112438736245.29,783831669140.65,,,,
MLI,M1,CZ14,cDXHP,0,91460228.01,0,0,124373610824.83,752850584156.93,,,,
MLI,M1,CZ15,cDXHP,0,0,0,0,15141559207.58,1409753805954.58,,,,
MLI,M1,CZ16,cDXHP,0,1057679729.26,0,0,255959583496.4,239496099250.15,,,,
MLI,M1,CZ01,cPTAC,0,0,0,0,0,3965515489.13,,,,
MLI,M1,CZ02,cPTAC,0,0,0,0,0,277443555661.1,,,,
MLI,M1,CZ03,cPTAC,0,0,0,0,0,102885478427.28,,,,
MLI,M1,CZ04,cPTAC,0,0,0,0,0,490419444671.94,,,,
MLI,M1,CZ05,cPTAC,0,0,0,0,0,134497600227.05,,,,
MLI,M1,CZ06,cPTAC,0,0,0,0,0,294129204655.98,,,,
MLI,M1,CZ07,cPTAC,0,0,0,0,0,350764853664.33,,,,
MLI,M1,CZ08,cPTAC,0,0,0,0,0,580468051582.19,,,,
MLI,M1,CZ09,cPTAC,0,0,0,0,0,588323803136.49,,,,
MLI,M1,CZ10,cPTAC,0,0,0,0,0,659811886914.53,,,,
MLI,M1,CZ11,cPTAC,0,0,0,0,0,710032762909.81,,,,
MLI,M1,CZ12,cPTAC,0,0,0,0,0,488473659104,,,,
MLI,M1,CZ13,cPTAC,0,0,0,0,0,771829503232.54,,,,
MLI,M1,CZ14,cPTAC,0,0,0,0,0,739572176231.94,,,,
MLI,M1,CZ15,cPTAC,0,0,0,0,0,1395954206265.85,,,,
MLI,M1,CZ16,cPTAC,0,0,0,0,0,237260727689.98,,,,
MLI,M1,CZ01,cPVVG,42061990.61,0,0,1474039943357.54,0,4547469897.74,,,,
MLI,M1,CZ02,cPVVG,51456264.75,0,0,966349544595.51,0,241582089216.18,,,,
MLI,M1,CZ03,cPVVG,0,0,0,694634981222.41,0,94598903793.2,,,,
MLI,M1,CZ04,cPVVG,21012214.61,0,0,809748690191.33,0,440302514344.89,,,,
MLI,M1,CZ05,cPVVG,0,0,0,647992189043.08,0,117971622028.04,,,,
MLI,M1,CZ06,cPVVG,0,0,0,205047044631.25,0,262865502632.88,,,,
MLI,M1,CZ07,cPVVG,0,0,0,185824001636.07,0,300117293356.89,,,,
MLI,M1,CZ08,cPVVG,0,0,0,256526608899.78,0,519952434040.78,,,,
MLI,M1,CZ09,cPVVG,0,0,0,320178665816.01,0,525504270996.96,,,,
MLI,M1,CZ10,cPVVG,0,0,0,318090532798.8,0,592997849403.24,,,,
MLI,M1,CZ11,cPVVG,471682670.55,0,0,858058917490.27,0,650925603670.37,,,,
MLI,M1,CZ12,cPVVG,94804954.14,0,0,856796715896.03,0,441594849113.39,,,,
MLI,M1,CZ13,cPVVG,17342696.87,0,0,719752177281.98,0,710504818826.34,,,,
MLI,M1,CZ14,cPVVG,378133068.38,0,0,744480445684.06,0,666684674690.83,,,,
MLI,M1,CZ15,cPVVG,0,0,0,141147644194.44,0,1297956186267.88,,,,
MLI,M1,CZ16,cPVVG,4440758031.83,0,0,1399145273533.94,0,206270762214.61,,,,
OfS,M1,CZ01,cDXGF,976424337.94,0,30012463.2,47883420132.25,0,2893350607.41,,,,
OfS,M1,CZ02,cDXGF,911670851.15,0,2311592338.93,27874598831.45,0,53045843635.49,,,,
OfS,M1,CZ03,cDXGF,291647044.56,0,433757354.18,17217469656.5,0,26235048335.66,,,,
OfS,M1,CZ04,cDXGF,861258504.05,0,4112215901.25,20632900728.15,0,86596244644.97,,,,
OfS,M1,CZ05,cDXGF,230145155.55,0,644258270.08,13624829953.84,0,34207417069.6,,,,
OfS,M1,CZ06,cDXGF,0,0,1800547930.51,2474095415.87,0,64372637457.95,,,,
OfS,M1,CZ07,cDXGF,0,0,2119754724.4,1619066870.24,0,70718738669.7,,,,
OfS,M1,CZ08,cDXGF,734366.6,0,4666401350.02,3161421707.54,0,105001667413.1,,,,
OfS,M1,CZ09,cDXGF,37244732.92,0,5475442047.89,4902809244.24,0,107908375124.81,,,,
OfS,M1,CZ10,cDXGF,27589083.05,0,4767365630.19,4478948835.7,0,107506518293.38,,,,
OfS,M1,CZ11,cDXGF,1645782255.25,0,7265708566.45,27222237740.08,0,120953464088.43,,,,
OfS,M1,CZ12,cDXGF,1011939452.29,0,3833454096.36,24989390192.15,0,83482566873.72,,,,
OfS,M1,CZ13,cDXGF,627990246.16,0,7239737754.5,18758511208.6,0,126859256184.53,,,,
OfS,M1,CZ14,cDXGF,656735841.84,0,6148581772.98,17538961512.6,0,120578073064.54,,,,
OfS,M1,CZ15,cDXGF,33728925.17,0,15749196154.97,1438776879.74,0,212507720060.35,,,,
OfS,M1,CZ16,cDXGF,3344099074.54,0,1564736463.72,52494563677.21,0,46449526396.76,,,,
OfS,M1,CZ01,cDXHP,0,264900471.75,30905265.83,0,12073480454.8,2922688906.6,,,,
OfS,M1,CZ02,cDXHP,0,248140539.04,2325473168.41,0,7331717431.86,53633317394.4,,,,
OfS,M1,CZ03,cDXHP,0,72499085.12,438035439.84,0,4221087060.92,26697517071.36,,,,
OfS,M1,CZ04,cDXHP,0,240894911.28,4126551244.21,0,5584837993.6,87482750816.83,,,,
OfS,M1,CZ05,cDXHP,0,58989448.73,651225931.03,0,3423542532.98,34713167358.47,,,,
OfS,M1,CZ06,cDXHP,0,0,1809801692.87,0,596005238.8,65027411108.69,,,,
OfS,M1,CZ07,cDXHP,0,0,2128875073.34,0,390124438.43,71214317301.74,,,,
OfS,M1,CZ08,cDXHP,0,191181.65,4679006900.41,0,782347766.17,105595560411.44,,,,
OfS,M1,CZ09,cDXHP,0,9761017.93,5484020991.91,0,1235247860.03,108407649533.58,,,,
OfS,M1,CZ10,cDXHP,0,7420627.44,4772642698.57,0,1147271332.06,107862609729.42,,,,
OfS,M1,CZ11,cDXHP,0,457625124.49,7282194084.1,0,7212421946.17,121663596317.4,,,,
OfS,M1,CZ12,cDXHP,0,273149941.2,3849405750.75,0,6506766614.61,84275039588.85,,,,
OfS,M1,CZ13,cDXHP,0,172628835.85,7252906645.42,0,4846876082.36,127495870494.12,,,,
OfS,M1,CZ14,cDXHP,0,209116872.82,6154914643.48,0,5040065770.34,121209274101.36,,,,
OfS,M1,CZ15,cDXHP,0,9293142.05,15750316842.19,0,372391579.08,212519932659.08,,,,
OfS,M1,CZ16,cDXHP,0,1093057006.67,1565034132.56,0,15866227896.5,46842728911.77,,,,
OfS,M1,CZ01,cPTAC,0,0,29535941.33,0,0,5605278542.8,,,,
OfS,M1,CZ02,cPTAC,0,0,2310021580.43,0,0,55623189784.67,,,,
OfS,M1,CZ03,cPTAC,0,0,433146902.71,0,0,29795826614.1,,,,
OfS,M1,CZ04,cPTAC,0,0,4109660439.48,0,0,88888984042.87,,,,
OfS,M1,CZ05,cPTAC,0,0,642836886.01,0,0,37687034626.07,,,,
OfS,M1,CZ06,cPTAC,0,0,1799361963.62,0,0,68021148746.04,,,,
OfS,M1,CZ07,cPTAC,0,0,2119563634.83,0,0,73967762580.03,,,,
OfS,M1,CZ08,cPTAC,0,0,4664489713.77,0,0,107537874788.73,,,,
OfS,M1,CZ09,cPTAC,0,0,5473511783.28,0,0,110605190498.66,,,,
OfS,M1,CZ10,cPTAC,0,0,4765348603.38,0,0,109708757901.74,,,,
OfS,M1,CZ11,cPTAC,0,0,7264665161.68,0,0,122304205044.66,,,,
OfS,M1,CZ12,cPTAC,0,0,3833369895.78,0,0,85618484485.52,,,,
OfS,M1,CZ13,cPTAC,0,0,7239643561.33,0,0,128448616017.77,,,,
OfS,M1,CZ14,cPTAC,0,0,6147013846.57,0,0,121974743272.83,,,,
OfS,M1,CZ15,cPTAC,0,0,15748666261.11,0,0,213856403123.49,,,,
OfS,M1,CZ16,cPTAC,0,0,1561644030.67,0,0,47793697195.9,,,,
OfS,M1,CZ01,cPVVG,1795066883.32,0,40285764.8,79852846300.87,0,4267344383.96,,,,
OfS,M1,CZ02,cPVVG,1985517857.12,0,1900352849.92,52703342978.29,0,50720241622.59,,,,
OfS,M1,CZ03,cPVVG,744865792.03,0,392573571.53,33218298692.49,0,27729299276.9,,,,
OfS,M1,CZ04,cPVVG,1795860797.76,0,3431469891.49,41431214821.22,0,82587339704.9,,,,
OfS,M1,CZ05,cPVVG,644073030.22,0,603749182.35,26809832584.49,0,34556741453.13,,,,
OfS,M1,CZ06,cPVVG,0,0,1520529742.18,6798113476.3,0,63654543075.49,,,,
OfS,M1,CZ07,cPVVG,0,0,1724482380.48,4869412928.43,0,67529787452.38,,,,
OfS,M1,CZ08,cPVVG,3610195.51,0,3818666944.25,8745328394.66,0,99222390404.22,,,,
OfS,M1,CZ09,cPVVG,138561828.07,0,4439100782.31,12569115944.88,0,101629612082.4,,,,
OfS,M1,CZ10,cPVVG,62304270.93,0,3869252644.99,11755850713.13,0,100900456516.75,,,,
OfS,M1,CZ11,cPVVG,3086180642.16,0,5999056707.05,54685845216.22,0,113989311568.52,,,,
OfS,M1,CZ12,cPVVG,2301102922.92,0,3205249468.14,49322416195.8,0,79921327448.02,,,,
OfS,M1,CZ13,cPVVG,1802371367.08,0,5873164190.43,40410269393.68,0,119753004783.38,,,,
OfS,M1,CZ14,cPVVG,1426325335.65,0,4985819778.34,36444789651.26,0,113684552634.01,,,,
OfS,M1,CZ15,cPVVG,74865883.85,0,12929318794.58,4776026974.08,0,198769054357.87,,,,
OfS,M1,CZ16,cPVVG,7174486694.89,0,1247771048.05,93908648129.53,0,44095260652.51,,,,
RFF,M1,CZ01,cDXGF,144577252.49,0,0,34306712309.36,0,612670776.55,,,,
RFF,M1,CZ02,cDXGF,284915392.7,0,94.04,24319916247.22,0,14918979896.19,,,,
RFF,M1,CZ03,cDXGF,5346568.88,0,25.7,12660349336.12,0,6597106892.33,,,,
RFF,M1,CZ04,cDXGF,189621373.93,0,696031.29,18873949707.73,0,24732735070.43,,,,
RFF,M1,CZ05,cDXGF,10862459.6,0,589873.01,11347600349.38,0,8736340058.28,,,,
RFF,M1,CZ06,cDXGF,0,0,10551190.91,2466839531.94,0,17346411796.91,,,,
RFF,M1,CZ07,cDXGF,0,0,13637161.97,1873720785.38,0,18826648569.89,,,,
RFF,M1,CZ08,cDXGF,0,0,22742025.41,3565085274.68,0,29903663796.19,,,,
RFF,M1,CZ09,cDXGF,6828960.63,0,28276568.44,4828740873.72,0,31359143897.83,,,,
RFF,M1,CZ10,cDXGF,6574940.87,0,28318117.61,6101668011.89,0,33714263530.38,,,,
RFF,M1,CZ11,cDXGF,338539084.04,0,44205002.33,21657892289.54,0,37053703028.7,,,,
RFF,M1,CZ12,cDXGF,252801956.14,0,3934864.21,21269886454.08,0,24750306966.52,,,,
RFF,M1,CZ13,cDXGF,166246907.05,0,48035192.28,16202023507.55,0,39076314502.68,,,,
RFF,M1,CZ14,cDXGF,83702302.3,0,87259947.83,14215257472.1,0,35771748185.12,,,,
RFF,M1,CZ15,cDXGF,0,0,539487660.21,1766239726.43,0,68171850419.09,,,,
RFF,M1,CZ16,cDXGF,1468725359.62,0,13587212.79,34870599864.14,0,12516134871.83,,,,
RFF,M1,CZ01,cDXHP,0,41338255.14,0,0,8675057231.6,602669112.12,,,,
RFF,M1,CZ02,cDXHP,0,81910650.95,104.65,0,6332672452.47,14957272546.43,,,,
RFF,M1,CZ03,cDXHP,0,1430050.53,28.44,0,3139841787.18,6554043992.41,,,,
RFF,M1,CZ04,cDXHP,0,57243332.69,702360.37,0,5044830568.26,25086943141.42,,,,
RFF,M1,CZ05,cDXHP,0,2855806.7,595718.63,0,2874032878.38,8761118761.44,,,,
RFF,M1,CZ06,cDXHP,0,0,10611446.82,0,594519893.14,16928971667.68,,,,
RFF,M1,CZ07,cDXHP,0,0,13719555.72,0,451583694.28,18463994881.69,,,,
RFF,M1,CZ08,cDXHP,0,0,22931096.26,0,881560250.46,29722792184.71,,,,
RFF,M1,CZ09,cDXHP,0,1792968.98,28485048.68,0,1210560139.08,31284951924.45,,,,
RFF,M1,CZ10,cDXHP,0,1805689.18,28438760.28,0,1538415920.67,33668301369.07,,,,
RFF,M1,CZ11,cDXHP,0,99536346.62,44556461.3,0,5677574428.23,37241917298.55,,,,
RFF,M1,CZ12,cDXHP,0,72723848.09,3934228.86,0,5482452350.41,24817403140.61,,,,
RFF,M1,CZ13,cDXHP,0,48726552.32,48327526.93,0,4178796262.57,39234171970.59,,,,
RFF,M1,CZ14,cDXHP,0,27653915.18,87888670.35,0,4034398670.64,36265192656.2,,,,
RFF,M1,CZ15,cDXHP,0,0,539487660.21,0,449482320.79,68171850419.09,,,,
RFF,M1,CZ16,cDXHP,0,482935499.54,13715733.25,0,10496321585.47,12642090912.46,,,,
RFF,M1,CZ01,cPTAC,0,0,0,0,0,592404171.84,,,,
RFF,M1,CZ02,cPTAC,0,0,94.04,0,0,14841447812.52,,,,
RFF,M1,CZ03,cPTAC,0,0,25.7,0,0,6581280973.62,,,,
RFF,M1,CZ04,cPTAC,0,0,696021.5,0,0,24635705714.78,,,,
RFF,M1,CZ05,cPTAC,0,0,587984.39,0,0,8667449416.49,,,,
RFF,M1,CZ06,cPTAC,0,0,10551123.7,0,0,17338971285.39,,,,
RFF,M1,CZ07,cPTAC,0,0,13639038.03,0,0,18818419216.39,,,,
RFF,M1,CZ08,cPTAC,0,0,22806614.1,0,0,29877091118.03,,,,
RFF,M1,CZ09,cPTAC,0,0,28278491.84,0,0,31335678124.7,,,,
RFF,M1,CZ10,cPTAC,0,0,28317391.58,0,0,33674023950.78,,,,
RFF,M1,CZ11,cPTAC,0,0,44204948.78,0,0,37007624513.54,,,,
RFF,M1,CZ12,cPTAC,0,0,3934859.06,0,0,24716477709.25,,,,
RFF,M1,CZ13,cPTAC,0,0,48035134.88,0,0,39062449268.63,,,,
RFF,M1,CZ14,cPTAC,0,0,87258592.46,0,0,35712864820.51,,,,
RFF,M1,CZ15,cPTAC,0,0,539486809.84,0,0,68161007493.03,,,,
RFF,M1,CZ16,cPTAC,0,0,13587192.12,0,0,12477728245.93,,,,
RFF,M1,CZ01,cPVVG,208162540.57,0,0,50800503143.36,0,935707715.69,,,,
RFF,M1,CZ02,cPVVG,428333208.93,0,142235.52,37862976114.4,0,14420174396.76,,,,
RFF,M1,CZ03,cPVVG,13189105.46,0,123416.73,22198945344.53,0,7026420203.5,,,,
RFF,M1,CZ04,cPVVG,301658693.24,0,1075590.43,29881895714.06,0,24021051266.32,,,,
RFF,M1,CZ05,cPVVG,26435486.21,0,381878.39,21143412675.82,0,8844379694.81,,,,
RFF,M1,CZ06,cPVVG,0,0,7814711.62,5728443353.27,0,17408102590,,,,
RFF,M1,CZ07,cPVVG,0,0,7898174.32,4968804731.95,0,17947188521.11,,,,
RFF,M1,CZ08,cPVVG,0,0,17252055.93,7742429445.68,0,28506731672.63,,,,
RFF,M1,CZ09,cPVVG,15714032.36,0,21472990.89,9882728556.58,0,29828425314.71,,,,
RFF,M1,CZ10,cPVVG,16295975.79,0,24133398.44,12297733661.43,0,31858915598.76,,,,
RFF,M1,CZ11,cPVVG,515329271.87,0,35824326.71,34000782298.9,0,35412723307.72,,,,
RFF,M1,CZ12,cPVVG,366136738.49,0,3606328.47,32757296179.11,0,23995418987.87,,,,
RFF,M1,CZ13,cPVVG,254450986.53,0,38364461.25,26682023785.55,0,37332776677.07,,,,
RFF,M1,CZ14,cPVVG,132891797.72,0,70685760.88,23300748322.12,0,34375668771.53,,,,
RFF,M1,CZ15,cPVVG,0,0,379190593.41,4308563665.33,0,64863657372.34,,,,
RFF,M1,CZ16,cPVVG,2103627203.13,0,11891626.7,51200966792.06,0,12173334194.81,,,,
Rt3,M1,CZ01,cDXGF,2302670920.31,0,0,475589715434.05,0,31629905222.62,,,,
Rt3,M1,CZ02,cDXGF,11754021376.64,0,171662682.41,417243374523.08,0,583735977179.85,,,,
Rt3,M1,CZ03,cDXGF,1835743212.95,0,968731.34,231015504077.03,0,282514909987.18,,,,
Rt3,M1,CZ04,cDXGF,12784431415.03,0,523559748.65,347223830212.45,0,934834568864.66,,,,
Rt3,M1,CZ05,cDXGF,2340334319.92,0,329761.33,215388040214.04,0,360679707663.96,,,,
Rt3,M1,CZ06,cDXGF,13708561.85,0,1455521.09,49946338537.83,0,681678556858.6,,,,
Rt3,M1,CZ07,cDXGF,0,0,17829870.47,42706785315.65,0,757844425646.31,,,,
Rt3,M1,CZ08,cDXGF,93366369.29,0,232654731.54,57887927214.73,0,1127030060703.99,,,,
Rt3,M1,CZ09,cDXGF,847476321.23,0,560499954.77,87466401484.82,0,1121128065058.01,,,,
Rt3,M1,CZ10,cDXGF,3325812944.47,0,775935431.66,117166191956.4,0,1311339363139.11,,,,
Rt3,M1,CZ11,cDXGF,12307532137.07,0,2768329910.16,352567533015.74,0,1258520220068.25,,,,
Rt3,M1,CZ12,cDXGF,8731073379.99,0,603382581.1,347610196754.62,0,913990974062.69,,,,
Rt3,M1,CZ13,cDXGF,5294541251.53,0,3198093375.14,262880764347.99,0,1326422845175.03,,,,
Rt3,M1,CZ14,cDXGF,7535592089.67,0,610682695.35,255416174824.13,0,1258395673173.74,,,,
Rt3,M1,CZ15,cDXGF,202977326.6,0,20427159849.35,28325465604.28,0,2303427626815.84,,,,
Rt3,M1,CZ16,cDXGF,35325559371.39,0,81064438.97,595006905424.57,0,445610328249.64,,,,
Rt3,M1,CZ01,cDXHP,0,710019174.51,0,0,119818563618.42,31442390245.48,,,,
Rt3,M1,CZ02,cDXHP,0,3475864997.2,172952052.43,0,109207482917.01,589661848968.91,,,,
Rt3,M1,CZ03,cDXHP,0,497511117.3,973531.14,0,56246538786.32,280461835770.41,,,,
Rt3,M1,CZ04,cDXHP,0,3999247052.07,523175836.31,0,93790110694.14,955975273398.93,,,,
Rt3,M1,CZ05,cDXHP,0,669424991.19,330283.93,0,53434279573.42,360482203478.36,,,,
Rt3,M1,CZ06,cDXHP,0,3435016.95,1459137.12,0,11763325433.54,652552426422.01,,,,
Rt3,M1,CZ07,cDXHP,0,0,17839255.3,0,10001320653.1,734253572646.46,,,,
Rt3,M1,CZ08,cDXHP,0,23945276.44,232254806.13,0,14021506308,1114983707083.55,,,,
Rt3,M1,CZ09,cDXHP,0,225698199.77,518261072.55,0,21632929295.85,1118806017508.55,,,,
Rt3,M1,CZ10,cDXHP,0,902260259.75,741225037.81,0,29101982805.16,1311843506919.73,,,,
Rt3,M1,CZ11,cDXHP,0,3655872463.1,2688246379.67,0,93000899187.07,1277035386573.42,,,,
Rt3,M1,CZ12,cDXHP,0,2487060343.11,604649298.13,0,90442965842.68,925482298115.86,,,,
Rt3,M1,CZ13,cDXHP,0,1521702049.48,3151743832.87,0,68270718822.57,1342833009464.68,,,,
Rt3,M1,CZ14,cDXHP,0,2475117176.28,544528913.51,0,71849223204.25,1284419921304.48,,,,
Rt3,M1,CZ15,cDXHP,0,56271512.39,20410266832.35,0,7189622776.31,2303616675330.87,,,,
Rt3,M1,CZ16,cDXHP,0,11666841895.84,81167618.05,0,178404760894.84,452942711920.86,,,,
Rt3,M1,CZ01,cPTAC,0,0,0,0,0,30780228806.17,,,,
Rt3,M1,CZ02,cPTAC,0,0,171652078.21,0,0,580189804247.77,,,,
Rt3,M1,CZ03,cPTAC,0,0,968656.55,0,0,281557879865.78,,,,
Rt3,M1,CZ04,cPTAC,0,0,523904357.38,0,0,930768116181.9,,,,
Rt3,M1,CZ05,cPTAC,0,0,328888.49,0,0,357801005397.64,,,,
Rt3,M1,CZ06,cPTAC,0,0,1455521.09,0,0,681151772985.66,,,,
Rt3,M1,CZ07,cPTAC,0,0,17829855.6,0,0,757324728211.02,,,,
Rt3,M1,CZ08,cPTAC,0,0,232654608.41,0,0,1125937686225.39,,,,
Rt3,M1,CZ09,cPTAC,0,0,560499069.18,0,0,1119842425938.54,,,,
Rt3,M1,CZ10,cPTAC,0,0,775931736.38,0,0,1309541203945.9,,,,
Rt3,M1,CZ11,cPTAC,0,0,2768316737.88,0,0,1256183125888.05,,,,
Rt3,M1,CZ12,cPTAC,0,0,603369185.66,0,0,912670820709.31,,,,
Rt3,M1,CZ13,cPTAC,0,0,3198086552.52,0,0,1325682206098.17,,,,
Rt3,M1,CZ14,cPTAC,0,0,610682693.62,0,0,1255948481649.38,,,,
Rt3,M1,CZ15,cPTAC,0,0,20427159849.35,0,0,2302960084589.86,,,,
Rt3,M1,CZ16,cPTAC,0,0,81062431.99,0,0,444263016236.1,,,,
Rt3,M1,CZ01,cPVVG,3565028732.15,0,0,770610452132.8,0,52287871244.66,,,,
Rt3,M1,CZ02,cPVVG,19079639064.01,0,124820648.97,684121128928.91,0,580568370069.19,,,,
Rt3,M1,CZ03,cPVVG,3089458089.93,0,592028.66,397101473941.55,0,314866815301.02,,,,
Rt3,M1,CZ04,cPVVG,21577350820.24,0,359141503.3,586328650780.64,0,929527137451.58,,,,
Rt3,M1,CZ05,cPVVG,3779371519.76,0,0,369118557860.74,0,378842829535.22,,,,
Rt3,M1,CZ06,cPVVG,62042636.69,0,1227660.78,103665541350.69,0,708656220878.4,,,,
Rt3,M1,CZ07,cPVVG,0,0,7188078.1,91499013828.72,0,757630047317.7,,,,
Rt3,M1,CZ08,cPVVG,265056101.66,0,131928024.79,119686566271.28,0,1109772959471.37,,,,
Rt3,M1,CZ09,cPVVG,2023114284.95,0,346243043.57,175561289195.19,0,1101739082899.79,,,,
Rt3,M1,CZ10,cPVVG,7058265741.92,0,479792935.24,227133016402.13,0,1287621376478.89,,,,
Rt3,M1,CZ11,cPVVG,20943136945.19,0,1842507335.7,605327424597.37,0,1249619971394.77,,,,
Rt3,M1,CZ12,cPVVG,15222026714.1,0,424380848.33,595547558750.58,0,911164766087.05,,,,
Rt3,M1,CZ13,cPVVG,10120819778.48,0,2065629548.85,480494608412.04,0,1319969686140.95,,,,
Rt3,M1,CZ14,cPVVG,12283437150.75,0,391434705.23,443535948124.53,0,1250426997749.32,,,,
Rt3,M1,CZ15,cPVVG,360839610.41,0,14572738430.92,62719407931.47,0,2282864471226.3,,,,
Rt3,M1,CZ16,cPVVG,56010520150.28,0,54534445.93,988791204674.45,0,440764201568.27,,,,
RtL,M1,CZ01,cDXGF,140603261.07,0,0,444680677393.03,0,32067327224.42,,,,
RtL,M1,CZ02,cDXGF,184133892.66,0,0,328764044942.05,0,600646856518.82,,,,
RtL,M1,CZ03,cDXGF,0,0,0,156868693266.17,0,308239096983.97,,,,
RtL,M1,CZ04,cDXGF,136222607.23,0,5823119.04,266540236264.55,0,955575549069.12,,,,
RtL,M1,CZ05,cDXGF,0,0,0,138839279660.87,0,379654695936.03,,,,
RtL,M1,CZ06,cDXGF,0,0,0,23516519065.81,0,694850055329.25,,,,
RtL,M1,CZ07,cDXGF,0,0,0,17934048548.83,0,757839963194.43,,,,
RtL,M1,CZ08,cDXGF,0,0,0,38191275877.86,0,1122293342952.73,,,,
RtL,M1,CZ09,cDXGF,0,0,0,61833816575.12,0,1119340944869.36,,,,
RtL,M1,CZ10,cDXGF,0,0,0,57987484935.96,0,1249220605317.81,,,,
RtL,M1,CZ11,cDXGF,734429585.88,0,93280350.58,289165922109.66,0,1268353806596.98,,,,
RtL,M1,CZ12,cDXGF,164034421.56,0,16444053.99,292765214012,0,937057370611.19,,,,
RtL,M1,CZ13,cDXGF,86960567.72,0,55096548.04,230425217202.3,0,1342662544420.74,,,,
RtL,M1,CZ14,cDXGF,764822839.03,0,2297303.86,244730230468.07,0,1299621285848.42,,,,
RtL,M1,CZ15,cDXGF,0,0,111028072.41,25735071523.75,0,2296196150794.57,,,,
RtL,M1,CZ16,cDXGF,5767766451.14,0,4969774.72,545777756980.19,0,469966535483.44,,,,
RtL,M1,CZ01,cDXHP,0,79125000.84,0,0,113966287921.41,31690953108.51,,,,
RtL,M1,CZ02,cDXHP,0,70237315.32,0,0,87835489017.04,605266529043.31,,,,
RtL,M1,CZ03,cDXHP,0,0,0,0,38803365845.65,308538639799.29,,,,
RtL,M1,CZ04,cDXHP,0,62931955.08,5838616.89,0,73703158338.03,961871357987.04,,,,
RtL,M1,CZ05,cDXHP,0,0,0,0,35426814920.77,380745714346.05,,,,
RtL,M1,CZ06,cDXHP,0,0,0,0,5545096485.13,671897185405.69,,,,
RtL,M1,CZ07,cDXHP,0,0,0,0,4209320649.95,740047979352.41,,,,
RtL,M1,CZ08,cDXHP,0,0,0,0,9330770366.8,1116245016288.75,,,,
RtL,M1,CZ09,cDXHP,0,0,0,0,15481323778.69,1118495386106.02,,,,
RtL,M1,CZ10,cDXHP,0,0,0,0,14806075035.27,1249703486537.1,,,,
RtL,M1,CZ11,cDXHP,0,242930446.72,93371343.47,0,77159837336.62,1270718695739.16,,,,
RtL,M1,CZ12,cDXHP,0,54621065.29,16460487.47,0,77092793709.49,942043232456.69,,,,
RtL,M1,CZ13,cDXHP,0,28548782.86,55160157.43,0,60247866079.4,1346450286783.34,,,,
RtL,M1,CZ14,cDXHP,0,291283299.02,2306066.31,0,69676321928.12,1307857339028.88,,,,
RtL,M1,CZ15,cDXHP,0,0,111028072.41,0,6519327940.58,2296196176814.63,,,,
RtL,M1,CZ16,cDXHP,0,2486527128.69,4971589.93,0,166974641984.13,477081863340.59,,,,
RtL,M1,CZ01,cPTAC,0,0,0,0,0,35228655171.42,,,,
RtL,M1,CZ02,cPTAC,0,0,0,0,0,599905884173.82,,,,
RtL,M1,CZ03,cPTAC,0,0,0,0,0,312382211172.64,,,,
RtL,M1,CZ04,cPTAC,0,0,5823119.25,0,0,954183084483.05,,,,
RtL,M1,CZ05,cPTAC,0,0,0,0,0,381158056136.81,,,,
RtL,M1,CZ06,cPTAC,0,0,0,0,0,701576768779.74,,,,
RtL,M1,CZ07,cPTAC,0,0,0,0,0,763741277666.32,,,,
RtL,M1,CZ08,cPTAC,0,0,0,0,0,1125106710100.97,,,,
RtL,M1,CZ09,cPTAC,0,0,0,0,0,1122390658650.82,,,,
RtL,M1,CZ10,cPTAC,0,0,0,0,0,1250962896045.03,,,,
RtL,M1,CZ11,cPTAC,0,0,93280351.02,0,0,1268220166080.44,,,,
RtL,M1,CZ12,cPTAC,0,0,16444076.1,0,0,939177424235.2,,,,
RtL,M1,CZ13,cPTAC,0,0,55096548.21,0,0,1344869550990.82,,,,
RtL,M1,CZ14,cPTAC,0,0,2297303.94,0,0,1298915258898.41,,,,
RtL,M1,CZ15,cPTAC,0,0,111028072.41,0,0,2297361785284.51,,,,
RtL,M1,CZ16,cPTAC,0,0,4970238.8,0,0,471651270592.06,,,,
RtL,M1,CZ01,cPVVG,165619513.84,0,0,696000980437.24,0,52304041262.06,,,,
RtL,M1,CZ02,cPVVG,219762129.18,0,0,512605200082.59,0,582378654048.86,,,,
RtL,M1,CZ03,cPVVG,0,0,0,267446188655.49,0,333741036395.78,,,,
RtL,M1,CZ04,cPVVG,174207878.73,0,3944292.68,425179175658.94,0,921731444947.9,,,,
RtL,M1,CZ05,cPVVG,0,0,0,236256607698.29,0,389040522854.28,,,,
RtL,M1,CZ06,cPVVG,0,0,0,47422847636.59,0,705621416196.85,,,,
RtL,M1,CZ07,cPVVG,0,0,0,38291738867.87,0,744930454812.84,,,,
RtL,M1,CZ08,cPVVG,0,0,0,77260825456.08,0,1079333239004.2,,,,
RtL,M1,CZ09,cPVVG,0,0,0,116362889280.59,0,1074245005567.47,,,,
RtL,M1,CZ10,cPVVG,0,0,0,111857374753.72,0,1202674395798.29,,,,
RtL,M1,CZ11,cPVVG,870743692.61,0,65793414.75,468445108975.91,0,1221202406165.4,,,,
RtL,M1,CZ12,cPVVG,199403770.9,0,11109972.81,468970578338.54,0,907653993189.9,,,,
RtL,M1,CZ13,cPVVG,107025896.24,0,37343643.95,388994163859.35,0,1298496495914.4,,,,
RtL,M1,CZ14,cPVVG,870602564.49,0,1658657.77,390692862899.28,0,1250871521686.68,,,,
RtL,M1,CZ15,cPVVG,0,0,80803376.39,50522116912.44,0,2216973345865.38,,,,
RtL,M1,CZ16,cPVVG,6864760747.58,0,2901298.06,875459790931.2,0,454055012679.88,,,,
RtS,M1,CZ01,cDXGF,38413266.32,0,0,92426229933.92,0,1215878375.05,,,,
RtS,M1,CZ02,cDXGF,1066876678.66,0,7482877.41,67374712345.97,0,40607116971.65,,,,
RtS,M1,CZ03,cDXGF,47510839.75,0,0,39450679208.03,0,17351352050.27,,,,
RtS,M1,CZ04,cDXGF,679872714.59,0,86829694.41,51946055849.69,0,69363359395.75,,,,
RtS,M1,CZ05,cDXGF,100984813.86,0,0,33593173931.07,0,22361074562.08,,,,
RtS,M1,CZ06,cDXGF,0,0,0,9604031516.43,0,47077228810.67,,,,
RtS,M1,CZ07,cDXGF,0,0,0,8619030515.14,0,50942754889.16,,,,
RtS,M1,CZ08,cDXGF,0,0,20756098.76,10932754253.26,0,82605623502.8,,,,
RtS,M1,CZ09,cDXGF,0,0,105415959.77,15224984174.94,0,84454303609.14,,,,
RtS,M1,CZ10,cDXGF,22520151.5,0,112196915.17,18933855072.08,0,96555171306.04,,,,
RtS,M1,CZ11,cDXGF,1523550392.43,0,767999314.35,59317906324.81,0,99229765838.56,,,,
RtS,M1,CZ12,cDXGF,1244201810.79,0,106990108.15,60241275660.82,0,68815214731.16,,,,
RtS,M1,CZ13,cDXGF,720873381.62,0,1105764714.55,47689452136.75,0,104704398077.74,,,,
RtS,M1,CZ14,cDXGF,571942764.13,0,286821709.97,37995612824.21,0,96698686605.71,,,,
RtS,M1,CZ15,cDXGF,0,0,6234121088.68,4552085235.99,0,186983738889.93,,,,
RtS,M1,CZ16,cDXGF,6573566567.8,0,5535888.43,102340698198.84,0,32688784962.51,,,,
RtS,M1,CZ01,cDXHP,0,14846992.23,0,0,22549464461.6,1202649987.12,,,,
RtS,M1,CZ02,cDXHP,0,315940066,7520567.33,0,16939382963.52,40915351632.84,,,,
RtS,M1,CZ03,cDXHP,0,11771788.32,0,0,9416779350.42,17340291237.18,,,,
RtS,M1,CZ04,cDXHP,0,195019419.47,86960610.17,0,13382920420.78,70133753456.84,,,,
RtS,M1,CZ05,cDXHP,0,26112716.78,0,0,8155845508.08,22447410926.29,,,,
RtS,M1,CZ06,cDXHP,0,0,0,0,2232175606.35,45782918235.96,,,,
RtS,M1,CZ07,cDXHP,0,0,0,0,1995894073.73,50053813219.14,,,,
RtS,M1,CZ08,cDXHP,0,0,20509754.65,0,2604636876.87,82369812353.12,,,,
RtS,M1,CZ09,cDXHP,0,0,104990702.18,0,3683999017.17,84479513127.67,,,,
RtS,M1,CZ10,cDXHP,0,6343316.63,112026495.99,0,4594091348.99,96592711790.55,,,,
RtS,M1,CZ11,cDXHP,0,448511019.17,766341301.41,0,15072611781.53,99631782730.49,,,,
RtS,M1,CZ12,cDXHP,0,344299118.77,107277218.19,0,15086228423.46,69227529130.11,,,,
RtS,M1,CZ13,cDXHP,0,206929983.93,1105752692.93,0,11975049069.27,105083679058.5,,,,
RtS,M1,CZ14,cDXHP,0,197262420.48,278697064.05,0,10186579790.52,97480651984.03,,,,
RtS,M1,CZ15,cDXHP,0,0,6234121088.68,0,1130681884.45,186983738887.73,,,,
RtS,M1,CZ16,cDXHP,0,2319023243.09,5553879.62,0,29317523561.69,33137484097.83,,,,
RtS,M1,CZ01,cPTAC,0,0,0,0,0,1151501720.5,,,,
RtS,M1,CZ02,cPTAC,0,0,7482877.03,0,0,40280446779.79,,,,
RtS,M1,CZ03,cPTAC,0,0,0,0,0,17267311607.84,,,,
RtS,M1,CZ04,cPTAC,0,0,86826010.69,0,0,68971862428.41,,,,
RtS,M1,CZ05,cPTAC,0,0,0,0,0,22079665856.45,,,,
RtS,M1,CZ06,cPTAC,0,0,0,0,0,47013989864.35,,,,
RtS,M1,CZ07,cPTAC,0,0,0,0,0,50873833610.7,,,,
RtS,M1,CZ08,cPTAC,0,0,20756098.76,0,0,82446859553.6,,,,
RtS,M1,CZ09,cPTAC,0,0,105415386.65,0,0,84279953042.54,,,,
RtS,M1,CZ10,cPTAC,0,0,112196912.64,0,0,96330460484.38,,,,
RtS,M1,CZ11,cPTAC,0,0,767998855.2,0,0,99025583592.28,,,,
RtS,M1,CZ12,cPTAC,0,0,106989439.12,0,0,68672918830.04,,,,
RtS,M1,CZ13,cPTAC,0,0,1105764714.55,0,0,104634695455.9,,,,
RtS,M1,CZ14,cPTAC,0,0,286821709.73,0,0,96507177462.39,,,,
RtS,M1,CZ15,cPTAC,0,0,6234121088.68,0,0,186928146263.57,,,,
RtS,M1,CZ16,cPTAC,0,0,5535888.14,0,0,32606758919.86,,,,
RtS,M1,CZ01,cPVVG,51316322.71,0,0,124102455257.8,0,1807054308.88,,,,
RtS,M1,CZ02,cPVVG,1468932466.36,0,3761825.47,92663944777.02,0,38533104713.19,,,,
RtS,M1,CZ03,cPVVG,89976346.61,0,0,57254775686.6,0,18086537704.58,,,,
RtS,M1,CZ04,cPVVG,1008343920.11,0,48908494.6,72520671417.61,0,66456567866.95,,,,
RtS,M1,CZ05,cPVVG,153990887.39,0,0,50789008948.99,0,22196066864.42,,,,
RtS,M1,CZ06,cPVVG,0,0,0,15976747024.27,0,46970529883.23,,,,
RtS,M1,CZ07,cPVVG,0,0,0,14736679292.56,0,48857208160.58,,,,
RtS,M1,CZ08,cPVVG,0,0,8457536.59,18311885268.65,0,78582299889.52,,,,
RtS,M1,CZ09,cPVVG,0,0,59130873.21,24717866606.2,0,80185975666.94,,,,
RtS,M1,CZ10,cPVVG,30093797.74,0,61606992.76,30267916101.07,0,91238065526.52,,,,
RtS,M1,CZ11,cPVVG,2141190650.01,0,453807788.01,83779982232.52,0,95116694976.01,,,,
RtS,M1,CZ12,cPVVG,1724191190.14,0,64061679.86,83225575282.07,0,66230492839.54,,,,
RtS,M1,CZ13,cPVVG,1063794350.33,0,668940864.75,69442429455.48,0,100594380397.81,,,,
RtS,M1,CZ14,cPVVG,762285316.36,0,158693953.25,54901597034.43,0,93003244524.83,,,,
RtS,M1,CZ15,cPVVG,0,0,4307192412.82,8823959579.34,0,178465162404.81,,,,
RtS,M1,CZ16,cPVVG,8726195525.79,0,1935370.56,136296789170.11,0,31578433443.9,,,,
SCn,M1,CZ01,cDXGF,37149787153.13,0,0,9308976323082.92,0,3336290669.4,,,,
SCn,M1,CZ02,cDXGF,52021995596.3,0,0,5659202464550.09,0,652988835296,,,,
SCn,M1,CZ03,cDXGF,32999597189.21,0,0,4544363014029.83,0,205704538413.34,,,,
SCn,M1,CZ04,cDXGF,48495075667.8,0,0,4660614562901.28,0,1320475966178.11,,,,
SCn,M1,CZ05,cDXGF,29957220666.27,0,0,4002219432011.47,0,208722671258.86,,,,
SCn,M1,CZ06,cDXGF,6694943740.51,0,0,1602834666758.78,0,784018991572.23,,,,
SCn,M1,CZ07,cDXGF,2601515272.23,0,0,1472005324825.08,0,820095065944.66,,,,
SCn,M1,CZ08,cDXGF,11081505575.3,0,0,1630461087055.43,0,1600545135014.9,,,,
SCn,M1,CZ09,cDXGF,24956500005.38,0,0,2019754294257.34,0,1583023288220.56,,,,
SCn,M1,CZ10,cDXGF,28137988580.68,0,0,2065595899267.24,0,1766399810790.38,,,,
SCn,M1,CZ11,cDXGF,70874696346.89,0,2150399462.2,5079506182962.89,0,2042988024947.85,,,,
SCn,M1,CZ12,cDXGF,56746222420.45,0,0,5221428208059.84,0,1369638407395.61,,,,
SCn,M1,CZ13,cDXGF,37809534581.43,0,449440069.59,4408200276708.02,0,2259446337888.21,,,,
SCn,M1,CZ14,cDXGF,59048075832.07,0,1622612153.49,4322668819896.72,0,2050941231849.75,,,,
SCn,M1,CZ15,cDXGF,32673211855.15,0,12277251112.8,945595116494.16,0,3952606659490.9,,,,
SCn,M1,CZ16,cDXGF,95192531111.53,0,0,8235181013413.37,0,608843294320.59,,,,
SCn,M1,CZ01,cDXHP,0,7561159869.71,0,0,2071396748298.95,3404392500.87,,,,
SCn,M1,CZ02,cDXHP,0,10928132477.15,0,0,1265804418408.67,652663768034.54,,,,
SCn,M1,CZ03,cDXHP,0,7208877658.41,0,0,996229548531.87,206761983482.27,,,,
SCn,M1,CZ04,cDXHP,0,9565382843.22,0,0,1060392772628.99,1320071312448.45,,,,
SCn,M1,CZ05,cDXHP,0,6707474853.99,0,0,887451405281.04,210006921822.91,,,,
SCn,M1,CZ06,cDXHP,0,1461113826.5,0,0,347577408347.97,794406965253.47,,,,
SCn,M1,CZ07,cDXHP,0,569907353.43,0,0,319475539534.21,824377317345.38,,,,
SCn,M1,CZ08,cDXHP,0,2500918046.19,0,0,361381147055.73,1600351277851.13,,,,
SCn,M1,CZ09,cDXHP,0,5736783432.14,0,0,451659692153.96,1582744958301.23,,,,
SCn,M1,CZ10,cDXHP,0,6387887109.47,0,0,458971192482.21,1766014527058.25,,,,
SCn,M1,CZ11,cDXHP,0,17521992366.83,2150399462.18,0,1149942949129.16,2042895440219.61,,,,
SCn,M1,CZ12,cDXHP,0,12399316562.41,0,0,1159467834157.65,1369523484685.76,,,,
SCn,M1,CZ13,cDXHP,0,8730309422.14,449440069.59,0,1001947417239.39,2259427677143.98,,,,
SCn,M1,CZ14,cDXHP,0,26788634250.79,1622612153.49,0,1007242561605.68,2050837130334.4,,,,
SCn,M1,CZ15,cDXHP,0,7861955188.32,12277254728.79,0,216197214074.32,3952578438652.03,,,,
SCn,M1,CZ16,cDXHP,0,58209482083.23,0,0,2019891147492.26,623523529038.97,,,,
SCn,M1,CZ01,cPTAC,0,0,0,0,0,1104391608.78,,,,
SCn,M1,CZ02,cPTAC,0,0,0,0,0,617219706770.28,,,,
SCn,M1,CZ03,cPTAC,0,0,0,0,0,197343871365.96,,,,
SCn,M1,CZ04,cPTAC,0,0,0,0,0,1289008843105.78,,,,
SCn,M1,CZ05,cPTAC,0,0,0,0,0,182442613142.8,,,,
SCn,M1,CZ06,cPTAC,0,0,0,0,0,772192707202.27,,,,
SCn,M1,CZ07,cPTAC,0,0,0,0,0,811644675468.29,,,,
SCn,M1,CZ08,cPTAC,0,0,0,0,0,1571047946277.96,,,,
SCn,M1,CZ09,cPTAC,0,0,0,0,0,1547528526337.96,,,,
SCn,M1,CZ10,cPTAC,0,0,0,0,0,1732275300376.02,,,,
SCn,M1,CZ11,cPTAC,0,0,2150399462.23,0,0,2026510486344.3,,,,
SCn,M1,CZ12,cPTAC,0,0,0,0,0,1353821220357.25,,,,
SCn,M1,CZ13,cPTAC,0,0,449440075.5,0,0,2249287239545.59,,,,
SCn,M1,CZ14,cPTAC,0,0,1622612153.49,0,0,2034221014117.44,,,,
SCn,M1,CZ15,cPTAC,0,0,12277254950.58,0,0,3933904179626.6,,,,
SCn,M1,CZ16,cPTAC,0,0,0,0,0,593418194698.83,,,,
SCn,M1,CZ01,cPVVG,38355695293.38,0,0,10027877609907.39,0,2413243034.96,,,,
SCn,M1,CZ02,cPVVG,53673416810.8,0,0,6152076426488.32,0,567987281276.26,,,,
SCn,M1,CZ03,cPVVG,33698803770.56,0,0,4781611358376.52,0,188492231882.17,,,,
SCn,M1,CZ04,cPVVG,50859036106.76,0,0,5079819942407.31,0,1214228710598.05,,,,
SCn,M1,CZ05,cPVVG,31002248947.53,0,0,4368125413792.28,0,179758477227.35,,,,
SCn,M1,CZ06,cPVVG,6682362483.77,0,0,1628168548162.65,0,778711992569.95,,,,
SCn,M1,CZ07,cPVVG,2596545699,0,0,1515864963043.01,0,808907341483.94,,,,
SCn,M1,CZ08,cPVVG,11398718618.07,0,0,1839621984355.79,0,1576083963746.17,,,,
SCn,M1,CZ09,cPVVG,25712488488.98,0,0,2256912644302.6,0,1553556408405.43,,,,
SCn,M1,CZ10,cPVVG,28683130780.22,0,0,2231919040056.26,0,1743006506876,,,,
SCn,M1,CZ11,cPVVG,72446269080.99,0,2102532797.1,5505710182626.16,0,2003524444406.73,,,,
SCn,M1,CZ12,cPVVG,58185157161.13,0,0,5565685838003.18,0,1329561991262.18,,,,
SCn,M1,CZ13,cPVVG,39636319613.58,0,433713442.88,4782394467033.66,0,2220864351940.12,,,,
SCn,M1,CZ14,cPVVG,60691125604.57,0,2256753955.53,4724211734106.84,0,1894924238131.76,,,,
SCn,M1,CZ15,cPVVG,33835252263.22,0,11908944266.47,1149312253073.59,0,3881921631031.55,,,,
SCn,M1,CZ16,cPVVG,98807901074.8,0,0,9064946131601.27,0,541793275586.17,,,,
Asm,M2,CZ01,cDXGF,0,0,0,275712704.39,0,776239339017.53,,,,
Asm,M2,CZ02,cDXGF,0,0,0,181768557.34,0,900459573909.67,,,,
Asm,M2,CZ03,cDXGF,0,0,0,39266523.67,0,869107504562.35,,,,
Asm,M2,CZ04,cDXGF,0,0,37917840.11,112523944.35,0,984080565715.24,,,,
Asm,M2,CZ05,cDXGF,0,0,0,27597436.26,0,881462305632.7,,,,
Asm,M2,CZ06,cDXGF,0,0,0,21640.69,0,940740351165.46,,,,
Asm,M2,CZ07,cDXGF,0,0,0,0,0,943203450747.6,,,,
Asm,M2,CZ08,cDXGF,0,0,52454586.02,825895.45,0,1008431994557.13,,,,
Asm,M2,CZ09,cDXGF,0,0,69388417.88,5066974.95,0,1023877382016.32,,,,
Asm,M2,CZ10,cDXGF,0,0,73271624.47,2343978.58,0,1028182033546.45,,,,
Asm,M2,CZ11,cDXGF,0,0,801996372.47,224807941.62,0,1028908043743.96,,,,
Asm,M2,CZ12,cDXGF,0,0,73932541.66,140087598.71,0,968423271845.33,,,,
Asm,M2,CZ13,cDXGF,0,0,1186593648.92,102685137.69,0,1056532745499.24,,,,
Asm,M2,CZ14,cDXGF,0,0,714544441.37,103084880.88,0,1056288612298.44,,,,
Asm,M2,CZ15,cDXGF,0,0,7590292289.24,1427543.46,0,1240195899659.52,,,,
Asm,M2,CZ16,cDXGF,0,0,67856139.86,810266158.97,0,909823943274.26,,,,
Asm,M2,CZ01,cDXHP,0,0,0,0,72324439.33,790271143491.12,,,,
Asm,M2,CZ02,cDXHP,0,0,0,0,49382628.09,903670129438.07,,,,
Asm,M2,CZ03,cDXHP,0,0,0,0,9793113.95,876124818527.45,,,,
Asm,M2,CZ04,cDXHP,0,0,37924928.31,0,31372428.08,984834402792.73,,,,
Asm,M2,CZ05,cDXHP,0,0,0,0,7352829.32,889048636684.1,,,,
Asm,M2,CZ06,cDXHP,0,0,0,0,5464.9,948862336008.78,,,,
Asm,M2,CZ07,cDXHP,0,0,0,0,0,949788743471.57,,,,
Asm,M2,CZ08,cDXHP,0,0,52445299.57,0,211303.58,1010506091269.13,,,,
Asm,M2,CZ09,cDXHP,0,0,69408225.83,0,1338100.61,1024676697618,,,,
Asm,M2,CZ10,cDXHP,0,0,73273359.63,0,628953.42,1028200613636.07,,,,
Asm,M2,CZ11,cDXHP,0,0,802039097.71,0,61256896.38,1028977137543.93,,,,
Asm,M2,CZ12,cDXHP,0,0,73945715.86,0,37326826.2,969177544722.42,,,,
Asm,M2,CZ13,cDXHP,0,0,1186721318.8,0,26951441.83,1056645763350.11,,,,
Asm,M2,CZ14,cDXHP,0,0,714620132.68,0,30341384.63,1056517712850.66,,,,
Asm,M2,CZ15,cDXHP,0,0,7590292289.24,0,389547.06,1240195899659.53,,,,
Asm,M2,CZ16,cDXHP,0,0,66943831.2,0,251330699.96,921960132767.46,,,,
Asm,M2,CZ01,cPTAC,0,0,0,0,0,776166726819.48,,,,
Asm,M2,CZ02,cPTAC,0,0,0,0,0,900431917097.62,,,,
Asm,M2,CZ03,cPTAC,0,0,0,0,0,869101094325.61,,,,
Asm,M2,CZ04,cPTAC,0,0,37917840.11,0,0,984067227432.56,,,,
Asm,M2,CZ05,cPTAC,0,0,0,0,0,881459292985.11,,,,
Asm,M2,CZ06,cPTAC,0,0,0,0,0,940740318863.65,,,,
Asm,M2,CZ07,cPTAC,0,0,0,0,0,943203450747.6,,,,
Asm,M2,CZ08,cPTAC,0,0,52454586.02,0,0,1008431650098.79,,,,
Asm,M2,CZ09,cPTAC,0,0,69388417.88,0,0,1023876667985.58,,,,
Asm,M2,CZ10,cPTAC,0,0,73271624.47,0,0,1028181612270.84,,,,
Asm,M2,CZ11,cPTAC,0,0,801996372.47,0,0,1028873485926.41,,,,
Asm,M2,CZ12,cPTAC,0,0,73932541.66,0,0,968403588693.86,,,,
Asm,M2,CZ13,cPTAC,0,0,1186593648.92,0,0,1056507006192.42,,,,
Asm,M2,CZ14,cPTAC,0,0,714544441.37,0,0,1056276331121.77,,,,
Asm,M2,CZ15,cPTAC,0,0,7590292289.24,0,0,1240195548968.65,,,,
Asm,M2,CZ16,cPTAC,0,0,67856139.86,0,0,909708273542.91,,,,
Asm,M2,CZ01,cPVVG,0,0,0,855687938.69,0,721924302289.68,,,,
Asm,M2,CZ02,cPVVG,0,0,0,614899049.53,0,826632986241.84,,,,
Asm,M2,CZ03,cPVVG,0,0,0,115136802.01,0,806729368557.81,,,,
Asm,M2,CZ04,cPVVG,0,0,21810561.61,393714082.51,0,896480853253.25,,,,
Asm,M2,CZ05,cPVVG,0,0,0,68332510.54,0,814943819550.09,,,,
Asm,M2,CZ06,cPVVG,0,0,0,399657.04,0,873789522710.82,,,,
Asm,M2,CZ07,cPVVG,0,0,0,0,0,874496655601.17,,,,
Asm,M2,CZ08,cPVVG,0,0,31615341.58,1367275.48,0,932506272647.86,,,,
Asm,M2,CZ09,cPVVG,0,0,40273402.13,11613326.85,0,938377948029.68,,,,
Asm,M2,CZ10,cPVVG,0,0,42421784.71,3729045.26,0,944371072207.09,,,,
Asm,M2,CZ11,cPVVG,0,0,452188523.55,915953937.53,0,940716848554.82,,,,
Asm,M2,CZ12,cPVVG,0,0,43851741.07,574247060.18,0,889688620602.86,,,,
Asm,M2,CZ13,cPVVG,0,0,677476811.12,329301881.24,0,969785332822.84,,,,
Asm,M2,CZ14,cPVVG,0,0,396893759.76,275745898.03,0,960714025905.63,,,,
Asm,M2,CZ15,cPVVG,0,0,4011520209.26,2700959.35,0,1148216762357.09,,,,
Asm,M2,CZ16,cPVVG,0,0,36200725.17,4051424728.94,0,813993012261.06,,,,
ECC,M2,CZ01,cDXGF,8099441633.63,0,5736811557.96,16704310204.96,0,1213682583352.1,,,,
ECC,M2,CZ02,cDXGF,12091624382.93,0,29062696806.7,20771526898.71,0,1553114671509.15,,,,
ECC,M2,CZ03,cDXGF,4471104057.01,0,21303796016.95,8975116037.25,0,1485939401635.04,,,,
ECC,M2,CZ04,cDXGF,6701249803.4,0,55850512436.28,12123785979.83,0,1764796153546.73,,,,
ECC,M2,CZ05,cDXGF,2296178361.81,0,29564916723.88,5682999233.45,0,1528624991433.12,,,,
ECC,M2,CZ06,cDXGF,36881534.72,0,44554016901.06,746663309.53,0,1698178735966.44,,,,
ECC,M2,CZ07,cDXGF,0,0,45365213871.89,511657426.35,0,1693981161824.56,,,,
ECC,M2,CZ08,cDXGF,47686954.57,0,71758955647.35,1014215838.63,0,1908735396235.66,,,,
ECC,M2,CZ09,cDXGF,409409830.66,0,83462314841.35,2230655704.13,0,1935329866684.06,,,,
ECC,M2,CZ10,cDXGF,477517356.78,0,77352615229.4,2699508415.91,0,1930162279144.62,,,,
ECC,M2,CZ11,cDXGF,14508775907.66,0,115684099904.94,21566502634.72,0,1932084155596.68,,,,
ECC,M2,CZ12,cDXGF,11702582858.26,0,58084309482.67,18318602766.38,0,1735348954886.6,,,,
ECC,M2,CZ13,cDXGF,8670204224.54,0,118706654132.83,13338943795.89,0,2018548478896.78,,,,
ECC,M2,CZ14,cDXGF,4225850038.33,0,97479586179.05,8298818116.08,0,1968513943919.37,,,,
ECC,M2,CZ15,cDXGF,81805323.29,0,261944336090.51,415131387.3,0,2571616536608.43,,,,
ECC,M2,CZ16,cDXGF,17226633394.08,0,39229475977.17,31422528180.64,0,1538182412277.49,,,,
ECC,M2,CZ01,cDXHP,0,2243255801.53,5782647399.79,0,4349934630.04,1211071861848.73,,,,
ECC,M2,CZ02,cDXHP,0,3296645911.17,29185048114.11,0,5558510731.49,1552873589411.01,,,,
ECC,M2,CZ03,cDXHP,0,1147213829.93,21424712266.5,0,2232878392.76,1482466010795.2,,,,
ECC,M2,CZ04,cDXHP,0,1830978063.89,56023062303.83,0,3322665470.93,1762554765867.52,,,,
ECC,M2,CZ05,cDXHP,0,589852074.89,29839235402.42,0,1449848008.36,1526206535564.77,,,,
ECC,M2,CZ06,cDXHP,0,9207795.95,44903888128.62,0,173074129.88,1702785481753.78,,,,
ECC,M2,CZ07,cDXHP,0,0,45704253311.52,0,118245108.43,1695433831068.46,,,,
ECC,M2,CZ08,cDXHP,0,12038992.97,71983797171.07,0,246281471.03,1910789881587.4,,,,
ECC,M2,CZ09,cDXHP,0,107018268.97,83592771251.36,0,558391891.94,1936627165225.92,,,,
ECC,M2,CZ10,cDXHP,0,123019986.51,77398439994.26,0,677667024.44,1930689562426.69,,,,
ECC,M2,CZ11,cDXHP,0,4058756642.12,115885980462.95,0,5861024887.36,1930568570325.67,,,,
ECC,M2,CZ12,cDXHP,0,3129496963.01,58199834048.03,0,4815391060.35,1733848208138.4,,,,
ECC,M2,CZ13,cDXHP,0,2302797125.86,118795016479.31,0,3490283878.65,2017945489556.86,,,,
ECC,M2,CZ14,cDXHP,0,1292691228.23,97695804983.01,0,2512515117.5,1967268247226.98,,,,
ECC,M2,CZ15,cDXHP,0,22020398.01,261984074901.2,0,103690044.14,2571588905160.02,,,,
ECC,M2,CZ16,cDXHP,0,5469336707.98,39296585927.89,0,9774861875.42,1538063601766.22,,,,
ECC,M2,CZ01,cPTAC,0,0,5736367865.93,0,0,1212346545699.96,,,,
ECC,M2,CZ02,cPTAC,0,0,29062871782.04,0,0,1551678328146.3,,,,
ECC,M2,CZ03,cPTAC,0,0,21302169530.04,0,0,1485296775276.75,,,,
ECC,M2,CZ04,cPTAC,0,0,55828309712.9,0,0,1763930804885.87,,,,
ECC,M2,CZ05,cPTAC,0,0,29560494843.53,0,0,1528164481233.74,,,,
ECC,M2,CZ06,cPTAC,0,0,44552758610.93,0,0,1698095764341.01,,,,
ECC,M2,CZ07,cPTAC,0,0,45364870091.32,0,0,1693909907097.33,,,,
ECC,M2,CZ08,cPTAC,0,0,71757729732.45,0,0,1908611742828.13,,,,
ECC,M2,CZ09,cPTAC,0,0,83455828146.02,0,0,1935057017839.58,,,,
ECC,M2,CZ10,cPTAC,0,0,77345006957.53,0,0,1929865110757.15,,,,
ECC,M2,CZ11,cPTAC,0,0,115683503765.11,0,0,1930754157938.02,,,,
ECC,M2,CZ12,cPTAC,0,0,58083412613.93,0,0,1734142528844.72,,,,
ECC,M2,CZ13,cPTAC,0,0,118705557079.92,0,0,2017673428593.31,,,,
ECC,M2,CZ14,cPTAC,0,0,97477119797.55,0,0,1967970549457.67,,,,
ECC,M2,CZ15,cPTAC,0,0,261951666500.06,0,0,2571571409353.24,,,,
ECC,M2,CZ16,cPTAC,0,0,39204511471.94,0,0,1536073386466.91,,,,
ECC,M2,CZ01,cPVVG,29449728192.36,0,4289411840.72,48762949822.78,0,1074281609765.48,,,,
ECC,M2,CZ02,cPVVG,43150683371.95,0,21618861642.84,62954088836.13,0,1383791548499.52,,,,
ECC,M2,CZ03,cPVVG,19008787963.05,0,15859418493.69,28745631190.26,0,1321365791418.52,,,,
ECC,M2,CZ04,cPVVG,34599503468.52,0,41419610229.72,47455717249.22,0,1586301233935.69,,,,
ECC,M2,CZ05,cPVVG,12411354427.29,0,22834282481.32,19437941554.04,0,1362778833126.98,,,,
ECC,M2,CZ06,cPVVG,181574877.45,0,35199398358.52,1642993399.79,0,1547741959111.66,,,,
ECC,M2,CZ07,cPVVG,0,0,35485306490.05,1161578862.08,0,1535252903834.61,,,,
ECC,M2,CZ08,cPVVG,277803413.28,0,54760090170.08,2303822624.94,0,1737490652834.52,,,,
ECC,M2,CZ09,cPVVG,2497188187.69,0,62379794287.67,6354509818.47,0,1750420779574.37,,,,
ECC,M2,CZ10,cPVVG,3159797472.4,0,56891840247.6,7984573049.46,0,1745703339498.24,,,,
ECC,M2,CZ11,cPVVG,52628374181.32,0,83525252231.18,69781545971.93,0,1730774665239.32,,,,
ECC,M2,CZ12,cPVVG,50459458866.21,0,42531251172.82,65551815846.14,0,1560516053492.54,,,,
ECC,M2,CZ13,cPVVG,45827196048.05,0,84619184216.04,56260544828.64,0,1821320555038.7,,,,
ECC,M2,CZ14,cPVVG,23628689056.82,0,68183239208.26,33350358900.94,0,1767676885356.4,,,,
ECC,M2,CZ15,cPVVG,760386949.54,0,187430893939.62,1441656437.59,0,2344017247227.63,,,,
ECC,M2,CZ16,cPVVG,58573558447.66,0,27414166449.02,97765910927.83,0,1339368094423.98,,,,
Epr,M2,CZ01,cDXGF,2667312651.33,0,19518286.05,5136173477.75,0,191990206590.55,,,,
Epr,M2,CZ02,cDXGF,2086779103.11,0,2026841348.23,3537402565.27,0,252550126083,,,,
Epr,M2,CZ03,cDXGF,770574457.74,0,681134482.86,1655543574.74,0,242188133078.29,,,,
Epr,M2,CZ04,cDXGF,955480030.91,0,5890619486.11,1838572026.37,0,290091357655.63,,,,
Epr,M2,CZ05,cDXGF,374585080.01,0,684977113.29,932359613.01,0,246754153479.61,,,,
Epr,M2,CZ06,cDXGF,1533736.75,0,3056815494.66,143363626.25,0,280279254813.61,,,,
Epr,M2,CZ07,cDXGF,0,0,3058812193.44,92396807.9,0,280024262019.96,,,,
Epr,M2,CZ08,cDXGF,11281415.1,0,7396446520.57,221413110.16,0,312371030326.24,,,,
Epr,M2,CZ09,cDXGF,78742447.89,0,8770263089.08,406475256.62,0,315986515675.61,,,,
Epr,M2,CZ10,cDXGF,48537592.69,0,7193296932.25,302059057.33,0,312512972279.74,,,,
Epr,M2,CZ11,cDXGF,2315322731.14,0,16173994577.92,3512335943.68,0,317700724387.82,,,,
Epr,M2,CZ12,cDXGF,2027452127.53,0,7321646311.48,3220735907.33,0,286369260693.44,,,,
Epr,M2,CZ13,cDXGF,1485926132.57,0,17065683369.91,2377919094.25,0,334077754325.07,,,,
Epr,M2,CZ14,cDXGF,841394750.78,0,13031147682.22,1734569425.58,0,325452616160.71,,,,
Epr,M2,CZ15,cDXGF,20884068.11,0,35690727365.85,110434421.65,0,422906182553.42,,,,
Epr,M2,CZ16,cDXGF,3462610507.39,0,4030941642.64,6368963398.91,0,250590847932.09,,,,
Epr,M2,CZ01,cDXHP,0,732000086.86,19386734.55,0,1331586177.86,191132531109.64,,,,
Epr,M2,CZ02,cDXHP,0,572866761.12,2017182601.7,0,943764385.21,252499035361.72,,,,
Epr,M2,CZ03,cDXHP,0,198288134.92,677630144.12,0,410006462.84,241613418163.56,,,,
Epr,M2,CZ04,cDXHP,0,263634858.02,5877709120.24,0,500181581.94,289621130945.4,,,,
Epr,M2,CZ05,cDXHP,0,95975628.81,679326160.36,0,235215186.64,246468468345.04,,,,
Epr,M2,CZ06,cDXHP,0,384560.58,3044797550.67,0,32385092.94,280685205534.33,,,,
Epr,M2,CZ07,cDXHP,0,0,3048626664.14,0,20866525.23,279842185572.18,,,,
Epr,M2,CZ08,cDXHP,0,2843937.21,7383447867.8,0,53572374.74,312468671647.3,,,,
Epr,M2,CZ09,cDXHP,0,20553717.92,8756272037.69,0,101541776.86,316044649192.09,,,,
Epr,M2,CZ10,cDXHP,0,12478989.61,7190800138.98,0,72822389.95,312497137729.62,,,,
Epr,M2,CZ11,cDXHP,0,658352211.62,16154813038.22,0,960434408.53,317283419709.36,,,,
Epr,M2,CZ12,cDXHP,0,549256395.51,7309033079.79,0,848993055.91,285940494896.57,,,,
Epr,M2,CZ13,cDXHP,0,398882663.82,17046428624.28,0,623498969.89,333877983699.2,,,,
Epr,M2,CZ14,cDXHP,0,258886472.31,13021672997.39,0,525991495.98,325237188055.35,,,,
Epr,M2,CZ15,cDXHP,0,5599795.26,35690950557.72,0,27335966.9,422967407527.3,,,,
Epr,M2,CZ16,cDXHP,0,1112108531.99,4017436598.89,0,1975283894.74,249852526562.18,,,,
Epr,M2,CZ01,cPTAC,0,0,19518285.85,0,0,191619866594.03,,,,
Epr,M2,CZ02,cPTAC,0,0,2026861724.99,0,0,252311786259.96,,,,
Epr,M2,CZ03,cPTAC,0,0,681133370.68,0,0,242052440003.93,,,,
Epr,M2,CZ04,cPTAC,0,0,5890309806.29,0,0,289967356308.27,,,,
Epr,M2,CZ05,cPTAC,0,0,684959471.42,0,0,246674816308.78,,,,
Epr,M2,CZ06,cPTAC,0,0,3055313000.19,0,0,280257928220.62,,,,
Epr,M2,CZ07,cPTAC,0,0,3058872482.34,0,0,280011449504.12,,,,
Epr,M2,CZ08,cPTAC,0,0,7395231452.5,0,0,312342210877.41,,,,
Epr,M2,CZ09,cPTAC,0,0,8770813188.69,0,0,315933839063.3,,,,
Epr,M2,CZ10,cPTAC,0,0,7194596571.66,0,0,312472538353.38,,,,
Epr,M2,CZ11,cPTAC,0,0,16173994826.1,0,0,317488447046.03,,,,
Epr,M2,CZ12,cPTAC,0,0,7321087113.14,0,0,286161246246,,,,
Epr,M2,CZ13,cPTAC,0,0,17064390367.81,0,0,333915939075.43,,,,
Epr,M2,CZ14,cPTAC,0,0,13033086467.15,0,0,325325936347.69,,,,
Epr,M2,CZ15,cPTAC,0,0,35690669870.88,0,0,422889722093.96,,,,
Epr,M2,CZ16,cPTAC,0,0,4030939215.94,0,0,250140722363.55,,,,
Epr,M2,CZ01,cPVVG,9084330693.75,0,11173502.72,14705977045.67,0,168878377616.18,,,,
Epr,M2,CZ02,cPVVG,9127789313.86,0,1317121718.2,12528111262.29,0,226196194506.16,,,,
Epr,M2,CZ03,cPVVG,4059063920.62,0,420845429.97,5897349871.64,0,217442890076.73,,,,
Epr,M2,CZ04,cPVVG,6216350572.53,0,3980663694.69,8152433304.23,0,261181310760.95,,,,
Epr,M2,CZ05,cPVVG,2394957044.03,0,418041377.75,3493177484.44,0,222091535098.37,,,,
Epr,M2,CZ06,cPVVG,8119671.76,0,1992573415.17,282524324.35,0,256014634658.9,,,,
Epr,M2,CZ07,cPVVG,0,0,2003772019.92,189670754.76,0,254336117213.44,,,,
Epr,M2,CZ08,cPVVG,50933788.03,0,4967265882.26,455157951.32,0,284145260814.02,,,,
Epr,M2,CZ09,cPVVG,522037483.21,0,5836629728.38,1158782344.03,0,286121513557.95,,,,
Epr,M2,CZ10,cPVVG,347719303.12,0,4749020668.52,806872077.72,0,284295299541.79,,,,
Epr,M2,CZ11,cPVVG,10505724383.5,0,11237538590.63,13527702001.78,0,284584426112.13,,,,
Epr,M2,CZ12,cPVVG,10708551557.11,0,4967172274.72,13448352212.86,0,257503494943.6,,,,
Epr,M2,CZ13,cPVVG,9874856679.11,0,11711768184.56,11869883146.61,0,301539896808.4,,,,
Epr,M2,CZ14,cPVVG,5451276965.17,0,8696787329.9,7471802486.66,0,292054274076.81,,,,
Epr,M2,CZ15,cPVVG,204654795.93,0,24811495418.78,385762472.54,0,386760971801.68,,,,
Epr,M2,CZ16,cPVVG,13368220619.64,0,2551376432.76,21459211470.58,0,217006397583.52,,,,
ERC,M2,CZ01,cDXGF,1147309186.96,0,0,3105219526.29,0,4435153653.41,,,,
ERC,M2,CZ02,cDXGF,702813803.2,0,50146601.5,1554463870.76,0,8314660559.42,,,,
ERC,M2,CZ03,cDXGF,318687392.91,0,0,883070661.86,0,7473066321.63,,,,
ERC,M2,CZ04,cDXGF,383054099.66,0,341094121.09,938108229.65,0,10709898759.97,,,,
ERC,M2,CZ05,cDXGF,143157278.16,0,0,561029688.89,0,7747196576.74,,,,
ERC,M2,CZ06,cDXGF,5190691.34,0,24523156.99,89043321.68,0,10196326102.82,,,,
ERC,M2,CZ07,cDXGF,67882.24,0,31397654.99,71037830.55,0,10241257946.86,,,,
ERC,M2,CZ08,cDXGF,3411377.47,0,333186915.61,102460208.03,0,12403153936.24,,,,
ERC,M2,CZ09,cDXGF,25057925.57,0,431245449.02,162589212.12,0,12562752557.52,,,,
ERC,M2,CZ10,cDXGF,10655559.16,0,425314195.6,120597415.3,0,12454743261.38,,,,
ERC,M2,CZ11,cDXGF,751656341.68,0,1117677876.51,1417013716.23,0,12887367106.53,,,,
ERC,M2,CZ12,cDXGF,776534984.59,0,423320448.8,1420520638.59,0,10688403803.86,,,,
ERC,M2,CZ13,cDXGF,525944162.92,0,1215198730.73,945730664.14,0,14085662734.08,,,,
ERC,M2,CZ14,cDXGF,380572048.62,0,971573056.22,887375161.18,0,13214695796.14,,,,
ERC,M2,CZ15,cDXGF,2829932.72,0,2948407271.94,27855270.19,0,20499643901.04,,,,
ERC,M2,CZ16,cDXGF,1294226747.31,0,156071536.04,3113294063.77,0,8007587553.26,,,,
ERC,M2,CZ01,cDXHP,0,307377009.78,0,0,797323582.64,4307360426.57,,,,
ERC,M2,CZ02,cDXHP,0,191197425.94,49913812.4,0,418197914.56,8211562387.49,,,,
ERC,M2,CZ03,cDXHP,0,81737961.59,0,0,219947888.58,7323008291.38,,,,
ERC,M2,CZ04,cDXHP,0,107944226.69,341069226.47,0,260488694.03,10615565758.79,,,,
ERC,M2,CZ05,cDXHP,0,37032474.47,0,0,142570860.07,7580520226.51,,,,
ERC,M2,CZ06,cDXHP,0,1296628.66,24520679.45,0,21049603.88,10080437132.44,,,,
ERC,M2,CZ07,cDXHP,0,16502.95,31332568.99,0,16668816.45,10131204447.69,,,,
ERC,M2,CZ08,cDXHP,0,855835.55,332177076.44,0,24889114.11,12340178032.89,,,,
ERC,M2,CZ09,cDXHP,0,6577003.36,430749180.63,0,40831980.41,12510794810.19,,,,
ERC,M2,CZ10,cDXHP,0,2758838.9,424975461.38,0,30502826.57,12426851317.68,,,,
ERC,M2,CZ11,cDXHP,0,211345286.31,1118544450.85,0,382648747.56,12836609993.42,,,,
ERC,M2,CZ12,cDXHP,0,209148761.94,422517456.69,0,376601693.85,10629979059.41,,,,
ERC,M2,CZ13,cDXHP,0,141861839.45,1215554089.42,0,249034779.04,14054000678.39,,,,
ERC,M2,CZ14,cDXHP,0,117508964.66,974884663.78,0,261251823.76,13113798846.93,,,,
ERC,M2,CZ15,cDXHP,0,756225.7,2948407271.94,0,6975186.8,20499643901.81,,,,
ERC,M2,CZ16,cDXHP,0,407119539.03,156010621.51,0,950441781.6,7894100665.09,,,,
ERC,M2,CZ01,cPTAC,0,0,0,0,0,4273165725.07,,,,
ERC,M2,CZ02,cPTAC,0,0,50146567.95,0,0,8227949831.3,,,,
ERC,M2,CZ03,cPTAC,0,0,0,0,0,7411955129.23,,,,
ERC,M2,CZ04,cPTAC,0,0,341094112.05,0,0,10643373224.16,,,,
ERC,M2,CZ05,cPTAC,0,0,0,0,0,7700436665,,,,
ERC,M2,CZ06,cPTAC,0,0,24523156.99,0,0,10186325840.41,,,,
ERC,M2,CZ07,cPTAC,0,0,31397637.46,0,0,10231902065.87,,,,
ERC,M2,CZ08,cPTAC,0,0,333186870.22,0,0,12390697148.17,,,,
ERC,M2,CZ09,cPTAC,0,0,431245410.68,0,0,12545736490.66,,,,
ERC,M2,CZ10,cPTAC,0,0,425314161.11,0,0,12439811544.1,,,,
ERC,M2,CZ11,cPTAC,0,0,1117677938.97,0,0,12824908394.37,,,,
ERC,M2,CZ12,cPTAC,0,0,423320448.1,0,0,10623478493.94,,,,
ERC,M2,CZ13,cPTAC,0,0,1215197835.95,0,0,14034246734.53,,,,
ERC,M2,CZ14,cPTAC,0,0,971573053.56,0,0,13153706607.95,,,,
ERC,M2,CZ15,cPTAC,0,0,2948406982.84,0,0,20496214521.81,,,,
ERC,M2,CZ16,cPTAC,0,0,156071408.33,0,0,7889696672.01,,,,
ERC,M2,CZ01,cPVVG,2321788025.95,0,0,5619669705.92,0,3509102498.23,,,,
ERC,M2,CZ02,cPVVG,1745827582.59,0,32027590.31,3351603993.47,0,6952247014.22,,,,
ERC,M2,CZ03,cPVVG,989361856.93,0,0,2060231737.97,0,6283990485.72,,,,
ERC,M2,CZ04,cPVVG,1376834507.51,0,237380753.98,2502680347.68,0,9097113162.05,,,,
ERC,M2,CZ05,cPVVG,605138443.42,0,0,1422133923.39,0,6507698952.5,,,,
ERC,M2,CZ06,cPVVG,62063615.47,0,15059403.57,252480236.56,0,8857828130.54,,,,
ERC,M2,CZ07,cPVVG,1855762.46,0,19190296.04,174532779.74,0,8842702473.74,,,,
ERC,M2,CZ08,cPVVG,77509456.05,0,218621061.74,317093506.49,0,10783904710.6,,,,
ERC,M2,CZ09,cPVVG,232538258.73,0,287006255.29,534715162.39,0,10851791247.25,,,,
ERC,M2,CZ10,cPVVG,176825468.3,0,281938977.64,432726028.86,0,10881140821.25,,,,
ERC,M2,CZ11,cPVVG,1874319308.19,0,810774529.12,3362530804.67,0,11142120500.32,,,,
ERC,M2,CZ12,cPVVG,2013627123.18,0,292234713.04,3314853825.2,0,9177757006.52,,,,
ERC,M2,CZ13,cPVVG,1798297804.37,0,872899714.91,2717702377.09,0,12271705929.62,,,,
ERC,M2,CZ14,cPVVG,1395353024.49,0,681859244.77,2416635481.05,0,11316482432.72,,,,
ERC,M2,CZ15,cPVVG,70940472.16,0,2132052107.05,130028898.51,0,18190046239.67,,,,
ERC,M2,CZ16,cPVVG,3213043746.61,0,95634218.81,6810490780.64,0,6566476782.56,,,,
Ese,M2,CZ01,cDXGF,32343891.37,0,1480325431.98,1328705136.49,0,214129254413.66,,,,
Ese,M2,CZ02,cDXGF,143381006.28,0,7085810091.66,1520331806.33,0,280017367270.83,,,,
Ese,M2,CZ03,cDXGF,15222194.9,0,4804526123.03,601984675.05,0,267207035518.58,,,,
Ese,M2,CZ04,cDXGF,76386832.49,0,12603832747.29,1025543575.59,0,320963379249.91,,,,
Ese,M2,CZ05,cDXGF,14329731.02,0,5948372833.4,515050017.68,0,275294750976.96,,,,
Ese,M2,CZ06,cDXGF,0,0,8589464515.89,79544934.74,0,306518438514.49,,,,
Ese,M2,CZ07,cDXGF,0,0,8667051589.13,66762864.96,0,306044001350.06,,,,
Ese,M2,CZ08,cDXGF,0,0,14814732347.76,119663006.05,0,347037437276.53,,,,
Ese,M2,CZ09,cDXGF,1196535.45,0,16901217055.62,269306077.78,0,352903458270.73,,,,
Ese,M2,CZ10,cDXGF,27732.27,0,15828433691.05,336119636.83,0,349574376376.46,,,,
Ese,M2,CZ11,cDXGF,252247966.56,0,21970126955.54,1394425855.91,0,349983949341.92,,,,
Ese,M2,CZ12,cDXGF,119130900.92,0,12681185193.47,1066108999.66,0,314297930667.75,,,,
Ese,M2,CZ13,cDXGF,71438300.13,0,23098945118.38,666577791.03,0,365329524012.7,,,,
Ese,M2,CZ14,cDXGF,34330405.8,0,19465613686.84,625658605.6,0,356718602619.1,,,,
Ese,M2,CZ15,cDXGF,0,0,46463917765.01,14963811.51,0,465636387021.25,,,,
Ese,M2,CZ16,cDXGF,460977984.4,0,8851314551.8,3262573099.68,0,278131650316.58,,,,
Ese,M2,CZ01,cDXHP,0,10041027.53,1493343943.91,0,335721063.1,213279665275.9,,,,
Ese,M2,CZ02,cDXHP,0,41624096.57,7116929976.36,0,409994613.78,279646083678.9,,,,
Ese,M2,CZ03,cDXHP,0,3977935.69,4835576930.67,0,146099770.06,266412703853.07,,,,
Ese,M2,CZ04,cDXHP,0,20837099.31,12660085408.59,0,284243905.89,320498554499.38,,,,
Ese,M2,CZ05,cDXHP,0,3721435.19,6001811502.18,0,131709020.44,274898286759.36,,,,
Ese,M2,CZ06,cDXHP,0,0,8655224749.91,0,18668051.41,307346653124.46,,,,
Ese,M2,CZ07,cDXHP,0,0,8721710893.62,0,15404514.3,306219360418.28,,,,
Ese,M2,CZ08,cDXHP,0,0,14857163560.66,0,28659373.38,347149817139.06,,,,
Ese,M2,CZ09,cDXHP,0,328213.06,16930291218.22,0,66366190.94,352987082889.32,,,,
Ese,M2,CZ10,cDXHP,0,7644.02,15844384655.28,0,84944109.85,349548518800.22,,,,
Ese,M2,CZ11,cDXHP,0,72473775.76,22032175956.23,0,370303410.64,349487748422.53,,,,
Ese,M2,CZ12,cDXHP,0,33370792.16,12719116609.09,0,277929629.69,313771234712.03,,,,
Ese,M2,CZ13,cDXHP,0,19598175.44,23127340513.01,0,170234589.03,365005436784.32,,,,
Ese,M2,CZ14,cDXHP,0,11404889.87,19510780632.69,0,185730335.68,356307795796.81,,,,
Ese,M2,CZ15,cDXHP,0,0,46475468401.43,0,3733129.27,465627726658.29,,,,
Ese,M2,CZ16,cDXHP,0,149375704.51,8867062432.93,0,1026548213.15,277900673382.87,,,,
Ese,M2,CZ01,cPTAC,0,0,1477667281.81,0,0,213979510466.45,,,,
Ese,M2,CZ02,cPTAC,0,0,7082682276.98,0,0,279868255583.84,,,,
Ese,M2,CZ03,cPTAC,0,0,4804697092.54,0,0,267147421463.01,,,,
Ese,M2,CZ04,cPTAC,0,0,12603622295.57,0,0,320868957251.93,,,,
Ese,M2,CZ05,cPTAC,0,0,5948206369.79,0,0,275250764893.93,,,,
Ese,M2,CZ06,cPTAC,0,0,8589436774.25,0,0,306509468144.86,,,,
Ese,M2,CZ07,cPTAC,0,0,8667038050.42,0,0,306036467792.63,,,,
Ese,M2,CZ08,cPTAC,0,0,14814665148.75,0,0,347022939559.57,,,,
Ese,M2,CZ09,cPTAC,0,0,16901068159.48,0,0,352873608104.59,,,,
Ese,M2,CZ10,cPTAC,0,0,15828384341.36,0,0,349539758179.62,,,,
Ese,M2,CZ11,cPTAC,0,0,21969899606.69,0,0,349841401307.86,,,,
Ese,M2,CZ12,cPTAC,0,0,12680932612.81,0,0,314186472834.45,,,,
Ese,M2,CZ13,cPTAC,0,0,23098815173.95,0,0,365256457472.4,,,,
Ese,M2,CZ14,cPTAC,0,0,19465507122.25,0,0,356646615068.37,,,,
Ese,M2,CZ15,cPTAC,0,0,46463907777.35,0,0,465634297764.56,,,,
Ese,M2,CZ16,cPTAC,0,0,8848559155.88,0,0,277814004247.99,,,,
Ese,M2,CZ01,cPVVG,627225087.29,0,1109569226.43,67936282811.17,0,199140370355.63,,,,
Ese,M2,CZ02,cPVVG,2655255420.2,0,5335207501.58,60991224625.11,0,410498370522.32,,,,
Ese,M2,CZ03,cPVVG,328724933.48,0,3629977057.6,35997097888.99,0,311580964698.42,,,,
Ese,M2,CZ04,cPVVG,2114842627.28,0,9611158495.14,51315578811.65,0,550929075330.83,,,,
Ese,M2,CZ05,cPVVG,343692539.84,0,4613515472.99,36022459206.23,0,340571626384.66,,,,
Ese,M2,CZ06,cPVVG,0,0,6787235071.19,9850855916.11,0,450299510840.98,,,,
Ese,M2,CZ07,cPVVG,0,0,6796801488.91,9932191417.68,0,448923220699.9,,,,
Ese,M2,CZ08,cPVVG,0,0,11299969234.6,12814799260.66,0,609522360022.73,,,,
Ese,M2,CZ09,cPVVG,92688879.88,0,12758236392.37,16196527356.79,0,617393916399.09,,,,
Ese,M2,CZ10,cPVVG,240920036.43,0,11866430794.67,21922497476.68,0,670187629423.66,,,,
Ese,M2,CZ11,cPVVG,3615797479.28,0,16814221407.93,46844133796.25,0,664550934053.99,,,,
Ese,M2,CZ12,cPVVG,2279275073.56,0,9596745796.62,46989066409.8,0,538420835548.76,,,,
Ese,M2,CZ13,cPVVG,1414754880.28,0,17414517288.21,33587713028.3,0,701435133543.11,,,,
Ese,M2,CZ14,cPVVG,1026752044.2,0,14117563322.62,32198681476.89,0,662044527271.88,,,,
Ese,M2,CZ15,cPVVG,10917931.58,0,37303347947.73,3982439708.45,0,1045803644319.08,,,,
Ese,M2,CZ16,cPVVG,7360961782.27,0,6289721184.31,69961563556.46,0,370787521893.82,,,,
Eun,M2,CZ01,cDXGF,116360931.78,0,31575208305.6,24959739192.58,0,4269527612878.76,,,,
Eun,M2,CZ02,cDXGF,251678132.11,0,77679573654.11,18248606108.37,0,5053433942058.75,,,,
Eun,M2,CZ03,cDXGF,71155300.2,0,61435030176.4,8722833529.56,0,4898185069819.06,,,,
Eun,M2,CZ04,cDXGF,341090366.85,0,103730849701.06,14409733297.94,0,5512615081284.82,,,,
Eun,M2,CZ05,cDXGF,60640700.81,0,68895940738.87,7247740566.39,0,5021548433388.17,,,,
Eun,M2,CZ06,cDXGF,0,0,85625086054,995009875.91,0,5307006541993.22,,,,
Eun,M2,CZ07,cDXGF,0,0,78974478650.4,529958948.43,0,5311419363150.77,,,,
Eun,M2,CZ08,cDXGF,0,0,120378672792.66,1543411120.24,0,5750702223777.49,,,,
Eun,M2,CZ09,cDXGF,700705.19,0,131857804430.88,3283958336.96,0,5836567651335.32,,,,
Eun,M2,CZ10,cDXGF,545986.84,0,109363007045.22,2199780820.95,0,5729299778444.91,,,,
Eun,M2,CZ11,cDXGF,894706998.11,0,146885508563.41,21044653866.79,0,5746497502181.21,,,,
Eun,M2,CZ12,cDXGF,154804555.8,0,100806750930.71,15835157929.31,0,5376498487207.58,,,,
Eun,M2,CZ13,cDXGF,42145875.66,0,147072574314.08,12072410125.4,0,5889452664328.61,,,,
Eun,M2,CZ14,cDXGF,92193409.11,0,133919245198.66,11102777232.58,0,5899083592178.23,,,,
Eun,M2,CZ15,cDXGF,2750911.66,0,264978403785.38,842937931.47,0,6961906721706.32,,,,
Eun,M2,CZ16,cDXGF,1284930892.42,0,85758070016.96,43593888950.42,0,5098715094289.68,,,,
Eun,M2,CZ01,cDXHP,0,30979459.99,31912519260.82,0,6420876835.47,4300425517673.35,,,,
Eun,M2,CZ02,cDXHP,0,66517191.36,78434524940.5,0,4818598410.77,5067521302510.92,,,,
Eun,M2,CZ03,cDXHP,0,17606184.04,62023403993.76,0,2140110023.76,4920701481956.69,,,,
Eun,M2,CZ04,cDXHP,0,88520403.93,104488035128.66,0,3872564410.7,5521884924942.33,,,,
Eun,M2,CZ05,cDXHP,0,15285586.43,69699248986.42,0,1827378406.24,5053753417092.44,,,,
Eun,M2,CZ06,cDXHP,0,0,86055146943.17,0,236100506.56,5343348060260.14,,,,
Eun,M2,CZ07,cDXHP,0,0,79441163101.64,0,125669634.73,5336735025480.9,,,,
Eun,M2,CZ08,cDXHP,0,0,120861351216.93,0,373892373.8,5762398011658.22,,,,
Eun,M2,CZ09,cDXHP,0,196922.42,132137706516.43,0,813485018.09,5844032536508.63,,,,
Eun,M2,CZ10,cDXHP,0,150467.19,109467791091.44,0,560955977.27,5732148306406.89,,,,
Eun,M2,CZ11,cDXHP,0,245755224.23,147433313597.69,0,5558239080.74,5746937597901.59,,,,
Eun,M2,CZ12,cDXHP,0,41361906.35,101397666527.87,0,4074611818.88,5381133824307.95,,,,
Eun,M2,CZ13,cDXHP,0,11446616.39,147402251999.34,0,3061320515.28,5891056360207.29,,,,
Eun,M2,CZ14,cDXHP,0,29701913.73,134493585769.68,0,3196159309.6,5902311921274.96,,,,
Eun,M2,CZ15,cDXHP,0,777361.65,265132764326.01,0,220166866.41,6961751902762.34,,,,
Eun,M2,CZ16,cDXHP,0,415197988.34,85954815200.93,0,12998099659.13,5122142704824.4,,,,
Eun,M2,CZ01,cPTAC,0,0,31585812923.23,0,0,4269147086418.81,,,,
Eun,M2,CZ02,cPTAC,0,0,77679587801.14,0,0,5053159883809.67,,,,
Eun,M2,CZ03,cPTAC,0,0,61450179574.5,0,0,4899249990241.57,,,,
Eun,M2,CZ04,cPTAC,0,0,103745295462.58,0,0,5513213072472.44,,,,
Eun,M2,CZ05,cPTAC,0,0,68928718720.95,0,0,5022912510496.24,,,,
Eun,M2,CZ06,cPTAC,0,0,85619561346.71,0,0,5306929471618.9,,,,
Eun,M2,CZ07,cPTAC,0,0,78974436329.03,0,0,5311361697271.66,,,,
Eun,M2,CZ08,cPTAC,0,0,120378273830.29,0,0,5750591579818.44,,,,
Eun,M2,CZ09,cPTAC,0,0,131857464813.76,0,0,5836369280952.48,,,,
Eun,M2,CZ10,cPTAC,0,0,109361900723.01,0,0,5729140228876.65,,,,
Eun,M2,CZ11,cPTAC,0,0,146882048683.49,0,0,5747202963396.82,,,,
Eun,M2,CZ12,cPTAC,0,0,100805938223.41,0,0,5376007620418.3,,,,
Eun,M2,CZ13,cPTAC,0,0,147072076748.82,0,0,5889235814617.07,,,,
Eun,M2,CZ14,cPTAC,0,0,133917884675.11,0,0,5898378428359.42,,,,
Eun,M2,CZ15,cPTAC,0,0,264978558574.59,0,0,6961817361677.62,,,,
Eun,M2,CZ16,cPTAC,0,0,85775142857.44,0,0,5098713638917.33,,,,
Eun,M2,CZ01,cPVVG,446345728.23,0,10289558349.11,45563420017.28,0,1831660762221.83,,,,
Eun,M2,CZ02,cPVVG,1793191904.92,0,24353892950.3,37478141302.89,0,2104989310481.65,,,,
Eun,M2,CZ03,cPVVG,271889043.92,0,20089127189.12,17443117096.27,0,2058859109965.54,,,,
Eun,M2,CZ04,cPVVG,2687269457.69,0,32868662828.03,32511473801.26,0,2280598934733.5,,,,
Eun,M2,CZ05,cPVVG,169849360.74,0,23681545338.3,14001819332.64,0,2112424136824.6,,,,
Eun,M2,CZ06,cPVVG,0,0,29766175490.92,2011757923.96,0,2229949146925.07,,,,
Eun,M2,CZ07,cPVVG,0,0,27135120602.01,984178776.13,0,2219873101149.77,,,,
Eun,M2,CZ08,cPVVG,0,0,39106331073.36,2857438930.17,0,2375959718866.63,,,,
Eun,M2,CZ09,cPVVG,9393265.9,0,43078478526.5,6341109927.09,0,2402221786483.23,,,,
Eun,M2,CZ10,cPVVG,5947784.43,0,33971119370.2,3944346061.73,0,2367337116310.85,,,,
Eun,M2,CZ11,cPVVG,4994342307.04,0,45829701618.1,43666936512.31,0,2363553971238.79,,,,
Eun,M2,CZ12,cPVVG,1287974913.22,0,31373614894.8,29995194427.37,0,2226950061994.28,,,,
Eun,M2,CZ13,cPVVG,333709991.12,0,43912053710.97,21972400241.18,0,2416383745113.9,,,,
Eun,M2,CZ14,cPVVG,822614777.55,0,41315508310.47,24510276494.46,0,2424245595098.4,,,,
Eun,M2,CZ15,cPVVG,22403116.47,0,80067991749.38,1663202784.43,0,2840838392140.7,,,,
Eun,M2,CZ16,cPVVG,7059296816.88,0,26189492016.02,98834441808.33,0,2089512350137.71,,,,
Gro,M2,CZ01,cDXGF,1418553089.22,0,0,275811387626.86,0,62016091258.62,,,,
Gro,M2,CZ02,cDXGF,722591989.11,0,0,170555523883.54,0,169854646438.17,,,,
Gro,M2,CZ03,cDXGF,195573400.02,0,0,135855121331.11,0,131493224373.53,,,,
Gro,M2,CZ04,cDXGF,565010254.11,0,0,133500111671.59,0,243207544966.5,,,,
Gro,M2,CZ05,cDXGF,190337649.47,0,0,124048815994.13,0,136586933144.94,,,,
Gro,M2,CZ06,cDXGF,997242.28,0,0,57402764297.85,0,204360011025.04,,,,
Gro,M2,CZ07,cDXGF,0,0,0,54285544979.72,0,208417106704.25,,,,
Gro,M2,CZ08,cDXGF,5796206.15,0,0,58303262107.97,0,279528024070.86,,,,
Gro,M2,CZ09,cDXGF,51715439.47,0,0,65846997116.92,0,286430512416.3,,,,
Gro,M2,CZ10,cDXGF,19072352.87,0,0,62994925491.72,0,290571383546.97,,,,
Gro,M2,CZ11,cDXGF,866140302.43,0,5846668.8,141997772300.41,0,300995362748.07,,,,
Gro,M2,CZ12,cDXGF,526382818.52,0,0,146248975677.44,0,243193021585.26,,,,
Gro,M2,CZ13,cDXGF,310496059.19,0,0,117612422862.31,0,331491926860.88,,,,
Gro,M2,CZ14,cDXGF,949272522.71,0,0,118476216364.1,0,306214611304.58,,,,
Gro,M2,CZ15,cDXGF,36124173.76,0,13226585.63,32186402087.17,0,503865072679.03,,,,
Gro,M2,CZ16,cDXGF,4821995016.83,0,0,241108632751.41,0,166005658096.33,,,,
Gro,M2,CZ01,cDXHP,0,409970080.45,0,0,65650231117.61,62125111757.07,,,,
Gro,M2,CZ02,cDXHP,0,213751540.84,0,0,41628687635.94,170353162534.7,,,,
Gro,M2,CZ03,cDXHP,0,52573879.54,0,0,31214120902.03,132401396233.75,,,,
Gro,M2,CZ04,cDXHP,0,177039131.76,0,0,33212429407.93,243464440819.08,,,,
Gro,M2,CZ05,cDXHP,0,52555140.25,0,0,28573195537.04,137328399132.04,,,,
Gro,M2,CZ06,cDXHP,0,247665.32,0,0,12514213513.61,206097637860.1,,,,
Gro,M2,CZ07,cDXHP,0,0,0,0,11756786218.96,210134055466.82,,,,
Gro,M2,CZ08,cDXHP,0,1479694.48,0,0,12898646412.23,280721173714.22,,,,
Gro,M2,CZ09,cDXHP,0,13903455.17,0,0,14978189220.1,287430884768.76,,,,
Gro,M2,CZ10,cDXHP,0,5168287.65,0,0,14348449888.45,291060404519.57,,,,
Gro,M2,CZ11,cDXHP,0,257135522.12,5846496.11,0,34829531059.04,300991066105.92,,,,
Gro,M2,CZ12,cDXHP,0,152600605.67,0,0,35583607484.55,243669141619.71,,,,
Gro,M2,CZ13,cDXHP,0,88240468.3,0,0,28420190334.93,331496428542.21,,,,
Gro,M2,CZ14,cDXHP,0,317092219.45,0,0,30356839492.79,306852438194.13,,,,
Gro,M2,CZ15,cDXHP,0,9831949,13226585.46,0,7200763129.2,503864750698.42,,,,
Gro,M2,CZ16,cDXHP,0,1573412946.45,0,0,66365231871.51,168066237805.86,,,,
Gro,M2,CZ01,cPTAC,0,0,0,0,0,54813032639.69,,,,
Gro,M2,CZ02,cPTAC,0,0,0,0,0,162757929451.38,,,,
Gro,M2,CZ03,cPTAC,0,0,0,0,0,125539630170.32,,,,
Gro,M2,CZ04,cPTAC,0,0,0,0,0,236458188714.27,,,,
Gro,M2,CZ05,cPTAC,0,0,0,0,0,129529641360.91,,,,
Gro,M2,CZ06,cPTAC,0,0,0,0,0,200425190440.71,,,,
Gro,M2,CZ07,cPTAC,0,0,0,0,0,204506920613.24,,,,
Gro,M2,CZ08,cPTAC,0,0,0,0,0,275287029256.56,,,,
Gro,M2,CZ09,cPTAC,0,0,0,0,0,282070777983.61,,,,
Gro,M2,CZ10,cPTAC,0,0,0,0,0,286187855409.12,,,,
Gro,M2,CZ11,cPTAC,0,0,5846188.06,0,0,295942254223.92,,,,
Gro,M2,CZ12,cPTAC,0,0,0,0,0,237870718317.92,,,,
Gro,M2,CZ13,cPTAC,0,0,0,0,0,327204898296.25,,,,
Gro,M2,CZ14,cPTAC,0,0,0,0,0,300727382526.79,,,,
Gro,M2,CZ15,cPTAC,0,0,13226384.62,0,0,501320804047.61,,,,
Gro,M2,CZ16,cPTAC,0,0,0,0,0,159157945624.15,,,,
Gro,M2,CZ01,cPVVG,2751677230.09,0,0,368439050644.54,0,40645171669.99,,,,
Gro,M2,CZ02,cPVVG,1605143896.23,0,0,242764001352.69,0,130326750315.66,,,,
Gro,M2,CZ03,cPVVG,411841859.07,0,0,188660494195.12,0,97736393124.91,,,,
Gro,M2,CZ04,cPVVG,1495582277.17,0,0,196630269541.46,0,193687416577.48,,,,
Gro,M2,CZ05,cPVVG,390881053.39,0,0,174737817173.25,0,99693270842.23,,,,
Gro,M2,CZ06,cPVVG,6089035.7,0,0,81141495585.15,0,159244108132.28,,,,
Gro,M2,CZ07,cPVVG,0,0,0,78047983199.07,0,162445960171.66,,,,
Gro,M2,CZ08,cPVVG,31283595.99,0,0,85725542079.16,0,226768128936.26,,,,
Gro,M2,CZ09,cPVVG,164593263.11,0,0,97339055337.63,0,231795927355.37,,,,
Gro,M2,CZ10,cPVVG,99656226.24,0,0,93723743740.87,0,236526425562.68,,,,
Gro,M2,CZ11,cPVVG,2012209832.61,0,3729389.48,217112907488.94,0,251496533864.77,,,,
Gro,M2,CZ12,cPVVG,1353162954.24,0,0,215366329259.21,0,197694485151.16,,,,
Gro,M2,CZ13,cPVVG,951938841.64,0,0,179064064245.85,0,280407692140.46,,,,
Gro,M2,CZ14,cPVVG,2369438201.73,0,0,176953958220.52,0,253672806261.21,,,,
Gro,M2,CZ15,cPVVG,124206130.97,0,8479864.57,47448420839.74,0,437575036038.91,,,,
Gro,M2,CZ16,cPVVG,8430126311.8,0,0,348393262091.63,0,125616869913.88,,,,
Htl,M2,CZ01,cDXGF,0,0,0,1815569457.41,0,227455032144.65,,,,
Htl,M2,CZ02,cDXGF,0,0,0,1801365939.85,0,286717066065.52,,,,
Htl,M2,CZ03,cDXGF,0,0,0,631569020.71,0,282229777026.15,,,,
Htl,M2,CZ04,cDXGF,0,0,0,1080981937.04,0,322010436084.4,,,,
Htl,M2,CZ05,cDXGF,0,0,0,420091662.38,0,286514492958.75,,,,
Htl,M2,CZ06,cDXGF,0,0,0,6131823.22,0,321501992519.81,,,,
Htl,M2,CZ07,cDXGF,0,0,0,1603581.28,0,320221032091.05,,,,
Htl,M2,CZ08,cDXGF,0,0,0,9550990.94,0,354831170894.35,,,,
Htl,M2,CZ09,cDXGF,0,0,0,70466369.88,0,355794008374.21,,,,
Htl,M2,CZ10,cDXGF,0,0,0,30185633.8,0,357968429049.65,,,,
Htl,M2,CZ11,cDXGF,0,0,9444574.22,3422365312.72,0,345993814267.82,,,,
Htl,M2,CZ12,cDXGF,0,0,0,2339968396.07,0,312983105113.23,,,,
Htl,M2,CZ13,cDXGF,0,0,18089120.46,2096954004.97,0,360582966026.13,,,,
Htl,M2,CZ14,cDXGF,0,0,4342796.9,370357854.9,0,356739929659.83,,,,
Htl,M2,CZ15,cDXGF,0,0,184537149.9,2906918.47,0,455883593037.89,,,,
Htl,M2,CZ16,cDXGF,152413.06,0,0,6209222155.88,0,281666230865.98,,,,
Htl,M2,CZ01,cDXHP,0,0,0,0,461667523.98,229306233023.46,,,,
Htl,M2,CZ02,cDXHP,0,0,0,0,470555420.72,286878506814.27,,,,
Htl,M2,CZ03,cDXHP,0,0,0,0,155051435.81,282859921541.13,,,,
Htl,M2,CZ04,cDXHP,0,0,0,0,281360017.98,321994208872.94,,,,
Htl,M2,CZ05,cDXHP,0,0,0,0,104572240.95,287561080147.99,,,,
Htl,M2,CZ06,cDXHP,0,0,0,0,1496574.02,323254014540.46,,,,
Htl,M2,CZ07,cDXHP,0,0,0,0,397600.22,321519956120.27,,,,
Htl,M2,CZ08,cDXHP,0,0,0,0,2365956.42,355122982689.86,,,,
Htl,M2,CZ09,cDXHP,0,0,0,0,18016361.13,355880132519.65,,,,
Htl,M2,CZ10,cDXHP,0,0,0,0,7763334.27,358034630512.32,,,,
Htl,M2,CZ11,cDXHP,0,0,9444574.72,0,886782638.62,346070371012.43,,,,
Htl,M2,CZ12,cDXHP,0,0,0,0,601672611.2,313021907113.94,,,,
Htl,M2,CZ13,cDXHP,0,0,18089155.63,0,531716465.03,360675545366.19,,,,
Htl,M2,CZ14,cDXHP,0,0,4342853.68,0,110088316.66,356789014076.66,,,,
Htl,M2,CZ15,cDXHP,0,0,184537207.25,0,784501.4,455890519417.25,,,,
Htl,M2,CZ16,cDXHP,0,55500.34,0,0,1842969352.1,283231114667.33,,,,
Htl,M2,CZ01,cPTAC,0,0,0,0,0,227367770625.75,,,,
Htl,M2,CZ02,cPTAC,0,0,0,0,0,286651570260.82,,,,
Htl,M2,CZ03,cPTAC,0,0,0,0,0,282215904863.3,,,,
Htl,M2,CZ04,cPTAC,0,0,0,0,0,321969180430.2,,,,
Htl,M2,CZ05,cPTAC,0,0,0,0,0,286497447632.44,,,,
Htl,M2,CZ06,cPTAC,0,0,0,0,0,321528922557.61,,,,
Htl,M2,CZ07,cPTAC,0,0,0,0,0,320221058076.62,,,,
Htl,M2,CZ08,cPTAC,0,0,0,0,0,354830461705.64,,,,
Htl,M2,CZ09,cPTAC,0,0,0,0,0,355789553033.2,,,,
Htl,M2,CZ10,cPTAC,0,0,0,0,0,357966779417.2,,,,
Htl,M2,CZ11,cPTAC,0,0,9444574.62,0,0,345919868230.03,,,,
Htl,M2,CZ12,cPTAC,0,0,0,0,0,312932592453.55,,,,
Htl,M2,CZ13,cPTAC,0,0,18089110.25,0,0,360550514258.06,,,,
Htl,M2,CZ14,cPTAC,0,0,4342797,0,0,356713527117.73,,,,
Htl,M2,CZ15,cPTAC,0,0,184537157.85,0,0,455888184444.03,,,,
Htl,M2,CZ16,cPTAC,0,0,0,0,0,281525304643.9,,,,
Htl,M2,CZ01,cPVVG,0,0,0,2646150143.06,0,205460885167.03,,,,
Htl,M2,CZ02,cPVVG,0,0,0,2556268045.02,0,258782881406.87,,,,
Htl,M2,CZ03,cPVVG,0,0,0,954749946.98,0,255527380720.82,,,,
Htl,M2,CZ04,cPVVG,0,0,0,1663527011.47,0,293351292239.76,,,,
Htl,M2,CZ05,cPVVG,0,0,0,655269915.87,0,260390802285.29,,,,
Htl,M2,CZ06,cPVVG,0,0,0,20555372.2,0,298566181145.9,,,,
Htl,M2,CZ07,cPVVG,0,0,0,4411049.53,0,296898249806.53,,,,
Htl,M2,CZ08,cPVVG,0,0,0,31546995.27,0,328403412519.75,,,,
Htl,M2,CZ09,cPVVG,0,0,0,137916891.27,0,327503299179.77,,,,
Htl,M2,CZ10,cPVVG,0,0,0,75836186.93,0,329381261106.22,,,,
Htl,M2,CZ11,cPVVG,0,0,6066040.89,4571743439.65,0,315253006311.57,,,,
Htl,M2,CZ12,cPVVG,0,0,0,3098265686.69,0,284917346644.99,,,,
Htl,M2,CZ13,cPVVG,0,0,11675955.69,2752242148.57,0,330891840457.55,,,,
Htl,M2,CZ14,cPVVG,0,0,2826585.28,784229600.62,0,325930430131.31,,,,
Htl,M2,CZ15,cPVVG,0,0,122179925.68,11570339.99,0,427797420799.56,,,,
Htl,M2,CZ16,cPVVG,5697503.57,0,0,8520749769.63,0,250440959050.18,,,,
MBT,M2,CZ01,cDXGF,106244956.09,0,34160977.24,40857017058.2,0,549373724955.9,,,,
MBT,M2,CZ02,cDXGF,371183464.78,0,2143267892.59,29998097444.57,0,770915882550.51,,,,
MBT,M2,CZ03,cDXGF,46326386.96,0,854843518.24,13989332111.51,0,740102709081.38,,,,
MBT,M2,CZ04,cDXGF,174643997.26,0,4448018930.53,20063549743.01,0,906088242769.7,,,,
MBT,M2,CZ05,cDXGF,26580569.19,0,1156587715.33,11457772073.01,0,753730043749.32,,,,
MBT,M2,CZ06,cDXGF,0,0,3242965207.32,617461304.54,0,898525772382.84,,,,
MBT,M2,CZ07,cDXGF,0,0,2823490832.16,280300231.05,0,903560640345.09,,,,
MBT,M2,CZ08,cDXGF,0,0,6406949947.25,805232792.24,0,1012776722400.79,,,,
MBT,M2,CZ09,cDXGF,0,0,7203971471.44,2504363221.48,0,1025823750808.19,,,,
MBT,M2,CZ10,cDXGF,0,0,6139685294.56,2150685062.84,0,1029312479303.92,,,,
MBT,M2,CZ11,cDXGF,1158982777.03,0,11451199707.05,31244769024.1,0,1015245143555.84,,,,
MBT,M2,CZ12,cDXGF,200021589.56,0,5154687846.83,30530220789.24,0,901604798600.05,,,,
MBT,M2,CZ13,cDXGF,49130459.22,0,12379964845.06,23101398611.18,0,1078411386983.8,,,,
MBT,M2,CZ14,cDXGF,110904291.55,0,8858175399.4,17174439998.38,0,1047553139116.11,,,,
MBT,M2,CZ15,cDXGF,0,0,33288789490.81,1639050813.65,0,1444103818533.24,,,,
MBT,M2,CZ16,cDXGF,1906745261.58,0,2713654553.79,78974404298.6,0,764883694747.72,,,,
MBT,M2,CZ01,cDXHP,0,27103222.91,34207236.06,0,10570172356.83,551423322727.88,,,,
MBT,M2,CZ02,cDXHP,0,95568574.3,2078027641.86,0,7771203380.67,773771776945.79,,,,
MBT,M2,CZ03,cDXHP,0,11414911.96,831574972.12,0,3415102715.4,743785239310.65,,,,
MBT,M2,CZ04,cDXHP,0,44517831.27,4335246384.35,0,5176878884.47,909147891316.57,,,,
MBT,M2,CZ05,cDXHP,0,6727758.09,1128365817.57,0,2807694362.18,757354002913.4,,,,
MBT,M2,CZ06,cDXHP,0,0,3190779341.09,0,149286813.89,903371737101.02,,,,
MBT,M2,CZ07,cDXHP,0,0,2781102314.39,0,67801538.14,906772845129.19,,,,
MBT,M2,CZ08,cDXHP,0,0,6327891166.78,0,196108047.77,1015778186429.84,,,,
MBT,M2,CZ09,cDXHP,0,0,7122362413.92,0,638580851.4,1028257114053.23,,,,
MBT,M2,CZ10,cDXHP,0,0,6061827944.4,0,545465046.3,1031257442945.55,,,,
MBT,M2,CZ11,cDXHP,0,312402431.41,11371156097.55,0,8293482560.53,1017878605169.51,,,,
MBT,M2,CZ12,cDXHP,0,51627507.73,5066795357.56,0,7724993566.6,904603313771.07,,,,
MBT,M2,CZ13,cDXHP,0,12483059.84,12302297799.29,0,5774304898.05,1080490474988.77,,,,
MBT,M2,CZ14,cDXHP,0,34249499.95,8783178992.83,0,5012035402.59,1050376743447.35,,,,
MBT,M2,CZ15,cDXHP,0,0,33281894114.38,0,431171111.21,1444895270380.6,,,,
MBT,M2,CZ16,cDXHP,0,605130163.64,2661186589.47,0,23911200159.45,766006325394.63,,,,
MBT,M2,CZ01,cPTAC,0,0,34160863.81,0,0,548201945747.01,,,,
MBT,M2,CZ02,cPTAC,0,0,2143264455.28,0,0,769833159920.83,,,,
MBT,M2,CZ03,cPTAC,0,0,854842802.74,0,0,739513945166.84,,,,
MBT,M2,CZ04,cPTAC,0,0,4448011870.79,0,0,905231413962.76,,,,
MBT,M2,CZ05,cPTAC,0,0,1156379842.7,0,0,753126306703.15,,,,
MBT,M2,CZ06,cPTAC,0,0,3242948057.13,0,0,898474722635.9,,,,
MBT,M2,CZ07,cPTAC,0,0,2823487775.44,0,0,903534438984.26,,,,
MBT,M2,CZ08,cPTAC,0,0,6406906285.62,0,0,1012712118374.85,,,,
MBT,M2,CZ09,cPTAC,0,0,7203800455.35,0,0,1025672372354.39,,,,
MBT,M2,CZ10,cPTAC,0,0,6139554484.94,0,0,1029197345791.39,,,,
MBT,M2,CZ11,cPTAC,0,0,11451199057.17,0,0,1014149058123.61,,,,
MBT,M2,CZ12,cPTAC,0,0,5154687347.77,0,0,900658099291.06,,,,
MBT,M2,CZ13,cPTAC,0,0,12379964818.41,0,0,1077651055150.66,,,,
MBT,M2,CZ14,cPTAC,0,0,8860138478.23,0,0,1046889442604.61,,,,
MBT,M2,CZ15,cPTAC,0,0,33288710240.47,0,0,1444007543318.46,,,,
MBT,M2,CZ16,cPTAC,0,0,2713542870.36,0,0,762869183208.21,,,,
MBT,M2,CZ01,cPVVG,359589190.46,0,22104774.95,71050859027.11,0,476248595804.43,,,,
MBT,M2,CZ02,cPVVG,1440790827.56,0,1483068664.93,52023779629.43,0,680465393958.65,,,,
MBT,M2,CZ03,cPVVG,243054530.02,0,575977518.75,25063856968.24,0,654525920184.93,,,,
MBT,M2,CZ04,cPVVG,1517314037.41,0,3134865028.39,39550881368.01,0,809218161107.42,,,,
MBT,M2,CZ05,cPVVG,255448061.89,0,767635307.6,21232296713.57,0,665320811189.22,,,,
MBT,M2,CZ06,cPVVG,0,0,2309510780.43,1724371701.44,0,811140793873.38,,,,
MBT,M2,CZ07,cPVVG,0,0,1986920387.63,752340800.62,0,813275942086.81,,,,
MBT,M2,CZ08,cPVVG,0,0,4570649150.71,2220999530.32,0,914340724965.99,,,,
MBT,M2,CZ09,cPVVG,0,0,5057657393.76,5486316286.3,0,921562599314.38,,,,
MBT,M2,CZ10,cPVVG,0,0,4256325945.37,4097654848.15,0,924467942661.08,,,,
MBT,M2,CZ11,cPVVG,3176810470.12,0,8036189029.36,56140977321.06,0,909375473987.78,,,,
MBT,M2,CZ12,cPVVG,1225461158.7,0,3622529650.39,52457564078.72,0,807286005548.66,,,,
MBT,M2,CZ13,cPVVG,307040768.17,0,8597364889.06,40106334031,0,971154075666.67,,,,
MBT,M2,CZ14,cPVVG,786355692.17,0,6064658684.58,34173379849.32,0,938214652498.07,,,,
MBT,M2,CZ15,cPVVG,0,0,23620098294.16,2558363133.26,0,1320167451544.76,,,,
MBT,M2,CZ16,cPVVG,4259356217.37,0,1776498130.67,141403075163.97,0,657546082389.61,,,,
MFmCmn,M2,CZ01,cDXGF,163838857.77,0,1224424005.91,11305908874.91,0,71191304986.54,,,,
MFmCmn,M2,CZ02,cDXGF,178996830.05,0,4069548252.85,6294377556.13,0,120384413437.58,,,,
MFmCmn,M2,CZ03,cDXGF,88225164.2,0,3080080190.56,3860174258.99,0,114677241682.97,,,,
MFmCmn,M2,CZ04,cDXGF,175820663.03,0,5785994982.29,4541730172.78,0,147379678569.09,,,,
MFmCmn,M2,CZ05,cDXGF,51616565.85,0,3416726709.72,2932893918.41,0,121523571864.26,,,,
MFmCmn,M2,CZ06,cDXGF,0,0,4500877293.06,328147294.23,0,142268328370.93,,,,
MFmCmn,M2,CZ07,cDXGF,0,0,4006824421.55,146601461.92,0,141132485238.91,,,,
MFmCmn,M2,CZ08,cDXGF,28175.61,0,6661989641.51,397307188.94,0,165469415319.42,,,,
MFmCmn,M2,CZ09,cDXGF,2644836.28,0,7444876143.43,786871083.62,0,170895597159.19,,,,
MFmCmn,M2,CZ10,cDXGF,824483.44,0,5951832709.73,535653766.72,0,158029650108.47,,,,
MFmCmn,M2,CZ11,cDXGF,409298492.72,0,8515914857.56,6156472472.59,0,162422892147.24,,,,
MFmCmn,M2,CZ12,cDXGF,161041130.93,0,5663452041,5171882813.71,0,140557750507.89,,,,
MFmCmn,M2,CZ13,cDXGF,60518238.82,0,8456257222.41,3859359017.61,0,170061487502.23,,,,
MFmCmn,M2,CZ14,cDXGF,65785757.81,0,7511995499.37,3065555891.67,0,167167583201.67,,,,
MFmCmn,M2,CZ15,cDXGF,859130.87,0,15455656666.9,198251993.7,0,230567362299.63,,,,
MFmCmn,M2,CZ16,cDXGF,566598154.43,0,4288760543.73,14302512373.29,0,118235606709.49,,,,
MFmCmn,M2,CZ01,cDXHP,0,43117531.15,1232032449.34,0,2910282098.08,71244468015.29,,,,
MFmCmn,M2,CZ02,cDXHP,0,46030266.3,4083115397.98,0,1678996417.64,120579686989.64,,,,
MFmCmn,M2,CZ03,cDXHP,0,21251278.87,3095060357.62,0,951451674.5,114883112093.47,,,,
MFmCmn,M2,CZ04,cDXHP,0,45166809.22,5797616244.8,0,1221417824.48,147557206697.97,,,,
MFmCmn,M2,CZ05,cDXHP,0,12562316.31,3434435181.24,0,737289756.3,121768619554.87,,,,
MFmCmn,M2,CZ06,cDXHP,0,0,4513680044.08,0,79218312.4,142817117548.91,,,,
MFmCmn,M2,CZ07,cDXHP,0,0,4018550269.72,0,35077111.39,141596981022.33,,,,
MFmCmn,M2,CZ08,cDXHP,0,7381.81,6671566644.5,0,97474787.1,165756912518.05,,,,
MFmCmn,M2,CZ09,cDXHP,0,688235.1,7451183687.54,0,199513357.71,171023601679.02,,,,
MFmCmn,M2,CZ10,cDXHP,0,223055.75,5955205253.47,0,138330223.5,158118486552.99,,,,
MFmCmn,M2,CZ11,cDXHP,0,110282341.91,8525893511.28,0,1660799199.8,162634603556.14,,,,
MFmCmn,M2,CZ12,cDXHP,0,41716541.83,5675855546.73,0,1352875953.22,140811523811.73,,,,
MFmCmn,M2,CZ13,cDXHP,0,15721382.8,8465116056.21,0,987982560.15,170247829854.56,,,,
MFmCmn,M2,CZ14,cDXHP,0,20140015.78,7517182849.68,0,912765047.46,167298365821.37,,,,
MFmCmn,M2,CZ15,cDXHP,0,238658.81,15456295522,0,52635519.72,230574498843.93,,,,
MFmCmn,M2,CZ16,cDXHP,0,181273660.07,4289193224.47,0,4430363693.07,118112448367.98,,,,
MFmCmn,M2,CZ01,cPTAC,0,0,1220208524.76,0,0,70561001072.87,,,,
MFmCmn,M2,CZ02,cPTAC,0,0,4066740523.17,0,0,119965729471.76,,,,
MFmCmn,M2,CZ03,cPTAC,0,0,3078380993.82,0,0,114389196150.97,,,,
MFmCmn,M2,CZ04,cPTAC,0,0,5783818922.24,0,0,147035773850.55,,,,
MFmCmn,M2,CZ05,cPTAC,0,0,3414930781.17,0,0,121279877811.57,,,,
MFmCmn,M2,CZ06,cPTAC,0,0,4500741060.67,0,0,142232685506.2,,,,
MFmCmn,M2,CZ07,cPTAC,0,0,4006780733.3,0,0,141114357428.26,,,,
MFmCmn,M2,CZ08,cPTAC,0,0,6661022631.22,0,0,165422451271.61,,,,
MFmCmn,M2,CZ09,cPTAC,0,0,7443799439.48,0,0,170806704705.44,,,,
MFmCmn,M2,CZ10,cPTAC,0,0,5951680346.28,0,0,157966265024.27,,,,
MFmCmn,M2,CZ11,cPTAC,0,0,8513822225.92,0,0,162014423753.57,,,,
MFmCmn,M2,CZ12,cPTAC,0,0,5662341754.63,0,0,140210336352.25,,,,
MFmCmn,M2,CZ13,cPTAC,0,0,8454861071.31,0,0,169792447174.77,,,,
MFmCmn,M2,CZ14,cPTAC,0,0,7508749184.12,0,0,166897309450.8,,,,
MFmCmn,M2,CZ15,cPTAC,0,0,15455584883.55,0,0,230543179582.86,,,,
MFmCmn,M2,CZ16,cPTAC,0,0,4276200713.26,0,0,117494622336.25,,,,
MFmCmn,M2,CZ01,cPVVG,484122720.85,0,978398850.4,24250843031.86,0,55841770455.96,,,,
MFmCmn,M2,CZ02,cPVVG,688928101.15,0,3280257105.95,15495543722.36,0,100108953827.77,,,,
MFmCmn,M2,CZ03,cPVVG,329386853.91,0,2483432857.64,9201828661.74,0,94685168216.02,,,,
MFmCmn,M2,CZ04,cPVVG,724774926.53,0,4684776270.18,11561170088.16,0,126094321898.84,,,,
MFmCmn,M2,CZ05,cPVVG,275741132.37,0,2793152760.54,6692146921.65,0,100619009332.79,,,,
MFmCmn,M2,CZ06,cPVVG,0,0,3733468293.13,1073480899.26,0,122510505088.73,,,,
MFmCmn,M2,CZ07,cPVVG,0,0,3298183578.31,557030871.38,0,121219540880.11,,,,
MFmCmn,M2,CZ08,cPVVG,154697.28,0,5409409315.35,1368609800.77,0,143522017591.2,,,,
MFmCmn,M2,CZ09,cPVVG,24285924.7,0,5986734336.05,2522229192.95,0,147625096354.22,,,,
MFmCmn,M2,CZ10,cPVVG,9212682.32,0,4742559062.38,1742946662.98,0,136499079887.69,,,,
MFmCmn,M2,CZ11,cPVVG,1264492324.14,0,6770874485.3,17418382192.23,0,140406911999.53,,,,
MFmCmn,M2,CZ12,cPVVG,741425679.58,0,4555477410.8,14317336227.39,0,120720198690.79,,,,
MFmCmn,M2,CZ13,cPVVG,494912386.91,0,6671298158.2,11319299951.61,0,148126401757.56,,,,
MFmCmn,M2,CZ14,cPVVG,320113224.95,0,5913932667.3,9083926961.96,0,144793241437.87,,,,
MFmCmn,M2,CZ15,cPVVG,13075602.29,0,12206455390.69,630359907.11,0,205356514769.42,,,,
MFmCmn,M2,CZ16,cPVVG,2165240732.75,0,3295495606.75,35241579855,0,96142993969,,,,
MLI,M2,CZ01,cDXGF,0,0,0,88021275163.29,0,425067003041.4,,,,
MLI,M2,CZ02,cDXGF,0,0,0,58901369742,0,656721102969.14,,,,
MLI,M2,CZ03,cDXGF,0,0,0,31249120816.72,0,597856921556.71,,,,
MLI,M2,CZ04,cDXGF,0,0,0,44466848549.58,0,802874879565.52,,,,
MLI,M2,CZ05,cDXGF,0,0,0,25135034605.1,0,612503622803.55,,,,
MLI,M2,CZ06,cDXGF,0,0,0,5511574707.69,0,776577269886.88,,,,
MLI,M2,CZ07,cDXGF,0,0,0,4275817818.89,0,791213393110.37,,,,
MLI,M2,CZ08,cDXGF,0,0,0,7351613158.08,0,910286004423.2,,,,
MLI,M2,CZ09,cDXGF,0,0,0,12758298390.94,0,914883254296.57,,,,
MLI,M2,CZ10,cDXGF,0,0,0,9916552760.15,0,937190704377.98,,,,
MLI,M2,CZ11,cDXGF,62510237.29,0,0,61230344239.43,0,907066493007.98,,,,
MLI,M2,CZ12,cDXGF,0,0,0,58295104703.32,0,805247215873.02,,,,
MLI,M2,CZ13,cDXGF,0,0,0,45831599817.25,0,993794159966.03,,,,
MLI,M2,CZ14,cDXGF,21925487.48,0,0,44654430149.36,0,952051601248.99,,,,
MLI,M2,CZ15,cDXGF,0,0,0,4180242528.87,0,1377858865353.52,,,,
MLI,M2,CZ16,cDXGF,345455345.78,0,0,116286087284.31,0,662630186242.78,,,,
MLI,M2,CZ01,cDXHP,0,0,0,0,22234870061.66,419640109031.19,,,,
MLI,M2,CZ02,cDXHP,0,0,0,0,15411091404.06,654480517831.44,,,,
MLI,M2,CZ03,cDXHP,0,0,0,0,7521498884.7,595826080417.73,,,,
MLI,M2,CZ04,cDXHP,0,0,0,0,12017710944.5,802222487839.38,,,,
MLI,M2,CZ05,cDXHP,0,0,0,0,6215606818.47,611009675159.21,,,,
MLI,M2,CZ06,cDXHP,0,0,0,0,1269222705.29,776974012863.67,,,,
MLI,M2,CZ07,cDXHP,0,0,0,0,971452959.23,791583846888.24,,,,
MLI,M2,CZ08,cDXHP,0,0,0,0,1712343930.68,912978960748.07,,,,
MLI,M2,CZ09,cDXHP,0,0,0,0,3062287343.69,916933584593.13,,,,
MLI,M2,CZ10,cDXHP,0,0,0,0,2388494399.03,938940761196.26,,,,
MLI,M2,CZ11,cDXHP,0,16899656.88,0,0,16089327082.29,907391745239.44,,,,
MLI,M2,CZ12,cDXHP,0,0,0,0,15012477935.64,804409791573.07,,,,
MLI,M2,CZ13,cDXHP,0,0,0,0,11584481436.56,995306275813.52,,,,
MLI,M2,CZ14,cDXHP,0,6634402.12,0,0,12788638732.98,952026547904.42,,,,
MLI,M2,CZ15,cDXHP,0,0,0,0,998011097.92,1381514177731.6,,,,
MLI,M2,CZ16,cDXHP,0,115481491.62,0,0,34747391515.94,663205506909.97,,,,
MLI,M2,CZ01,cPTAC,0,0,0,0,0,415697633293.17,,,,
MLI,M2,CZ02,cPTAC,0,0,0,0,0,649717929913.12,,,,
MLI,M2,CZ03,cPTAC,0,0,0,0,0,593844198718.53,,,,
MLI,M2,CZ04,cPTAC,0,0,0,0,0,797213281458.61,,,,
MLI,M2,CZ05,cPTAC,0,0,0,0,0,609001294758.34,,,,
MLI,M2,CZ06,cPTAC,0,0,0,0,0,775896998655.39,,,,
MLI,M2,CZ07,cPTAC,0,0,0,0,0,790676413119.65,,,,
MLI,M2,CZ08,cPTAC,0,0,0,0,0,909301863724.1,,,,
MLI,M2,CZ09,cPTAC,0,0,0,0,0,913234528355.25,,,,
MLI,M2,CZ10,cPTAC,0,0,0,0,0,935802547868.84,,,,
MLI,M2,CZ11,cPTAC,0,0,0,0,0,900286398445.42,,,,
MLI,M2,CZ12,cPTAC,0,0,0,0,0,798570862776.94,,,,
MLI,M2,CZ13,cPTAC,0,0,0,0,0,988360793674.31,,,,
MLI,M2,CZ14,cPTAC,0,0,0,0,0,946628381281.51,,,,
MLI,M2,CZ15,cPTAC,0,0,0,0,0,1377139584447.91,,,,
MLI,M2,CZ16,cPTAC,0,0,0,0,0,651478017175.94,,,,
MLI,M2,CZ01,cPVVG,0,0,0,268386043556.71,0,279049163027.66,,,,
MLI,M2,CZ02,cPVVG,8657627.84,0,0,165573705122.93,0,492288017737.94,,,,
MLI,M2,CZ03,cPVVG,0,0,0,102754293368.93,0,436227100382.13,,,,
MLI,M2,CZ04,cPVVG,0,0,0,127878266456.15,0,626631779289.59,,,,
MLI,M2,CZ05,cPVVG,0,0,0,83675924839.15,0,443296311141.5,,,,
MLI,M2,CZ06,cPVVG,0,0,0,19937417522.72,0,607829037766.59,,,,
MLI,M2,CZ07,cPVVG,0,0,0,16246272164.78,0,619573595550.39,,,,
MLI,M2,CZ08,cPVVG,0,0,0,27415846444.27,0,737868183756.18,,,,
MLI,M2,CZ09,cPVVG,0,0,0,40888375030.43,0,737505297408.03,,,,
MLI,M2,CZ10,cPVVG,0,0,0,34391072087.46,0,757501687065.67,,,,
MLI,M2,CZ11,cPVVG,148270587.59,0,0,158512443773,0,733485111964.25,,,,
MLI,M2,CZ12,cPVVG,11820508.86,0,0,155158958632.07,0,635937241965.43,,,,
MLI,M2,CZ13,cPVVG,0,0,0,124807179338.86,0,817388823886.16,,,,
MLI,M2,CZ14,cPVVG,82594789.64,0,0,128089816705.36,0,753778900254.73,,,,
MLI,M2,CZ15,cPVVG,0,0,0,12852284174.2,0,1181918798437.3,,,,
MLI,M2,CZ16,cPVVG,1182209858.08,0,0,313839500978.64,0,467019816988.28,,,,
OfS,M2,CZ01,cDXGF,163838857.77,0,1224424005.91,11305908874.91,0,71191304986.54,,,,
OfS,M2,CZ02,cDXGF,178996830.05,0,4069548252.85,6294377556.13,0,120384413437.58,,,,
OfS,M2,CZ03,cDXGF,88225164.2,0,3080080190.56,3860174258.99,0,114677241682.97,,,,
OfS,M2,CZ04,cDXGF,175820663.03,0,5785994982.29,4541730172.78,0,147379678569.09,,,,
OfS,M2,CZ05,cDXGF,51616565.85,0,3416726709.72,2932893918.41,0,121523571864.26,,,,
OfS,M2,CZ06,cDXGF,0,0,4500877293.06,328147294.23,0,142268328370.93,,,,
OfS,M2,CZ07,cDXGF,0,0,4006824421.55,146601461.92,0,141132485238.91,,,,
OfS,M2,CZ08,cDXGF,28175.61,0,6661989641.51,397307188.94,0,165469415319.42,,,,
OfS,M2,CZ09,cDXGF,2644836.28,0,7444876143.43,786871083.62,0,170895597159.19,,,,
OfS,M2,CZ10,cDXGF,824483.44,0,5951832709.73,535653766.72,0,158029650108.47,,,,
OfS,M2,CZ11,cDXGF,409298492.72,0,8515914857.56,6156472472.59,0,162422892147.24,,,,
OfS,M2,CZ12,cDXGF,161041130.93,0,5663452041,5171882813.71,0,140557750507.89,,,,
OfS,M2,CZ13,cDXGF,60518238.82,0,8456257222.41,3859359017.61,0,170061487502.23,,,,
OfS,M2,CZ14,cDXGF,65785757.81,0,7511995499.37,3065555891.67,0,167167583201.67,,,,
OfS,M2,CZ15,cDXGF,859130.87,0,15455656666.9,198251993.7,0,230567362299.63,,,,
OfS,M2,CZ16,cDXGF,566598154.43,0,4288760543.73,14302512373.29,0,118235606709.49,,,,
OfS,M2,CZ01,cDXHP,0,43117531.15,1232032449.34,0,2910282098.08,71244468015.29,,,,
OfS,M2,CZ02,cDXHP,0,46030266.3,4083115397.98,0,1678996417.64,120579686989.64,,,,
OfS,M2,CZ03,cDXHP,0,21251278.87,3095060357.62,0,951451674.5,114883112093.47,,,,
OfS,M2,CZ04,cDXHP,0,45166809.22,5797616244.8,0,1221417824.48,147557206697.97,,,,
OfS,M2,CZ05,cDXHP,0,12562316.31,3434435181.24,0,737289756.3,121768619554.87,,,,
OfS,M2,CZ06,cDXHP,0,0,4513680044.08,0,79218312.4,142817117548.91,,,,
OfS,M2,CZ07,cDXHP,0,0,4018550269.72,0,35077111.39,141596981022.33,,,,
OfS,M2,CZ08,cDXHP,0,7381.81,6671566644.5,0,97474787.1,165756912518.05,,,,
OfS,M2,CZ09,cDXHP,0,688235.1,7451183687.54,0,199513357.71,171023601679.02,,,,
OfS,M2,CZ10,cDXHP,0,223055.75,5955205253.47,0,138330223.5,158118486552.99,,,,
OfS,M2,CZ11,cDXHP,0,110282341.91,8525893511.28,0,1660799199.8,162634603556.14,,,,
OfS,M2,CZ12,cDXHP,0,41716541.83,5675855546.73,0,1352875953.22,140811523811.73,,,,
OfS,M2,CZ13,cDXHP,0,15721382.8,8465116056.21,0,987982560.15,170247829854.56,,,,
OfS,M2,CZ14,cDXHP,0,20140015.78,7517182849.68,0,912765047.46,167298365821.37,,,,
OfS,M2,CZ15,cDXHP,0,238658.81,15456295522,0,52635519.72,230574498843.93,,,,
OfS,M2,CZ16,cDXHP,0,181273660.07,4289193224.47,0,4430363693.07,118112448367.98,,,,
OfS,M2,CZ01,cPTAC,0,0,1220208524.76,0,0,70561001072.87,,,,
OfS,M2,CZ02,cPTAC,0,0,4066740523.17,0,0,119965729471.76,,,,
OfS,M2,CZ03,cPTAC,0,0,3078380993.82,0,0,114389196150.97,,,,
OfS,M2,CZ04,cPTAC,0,0,5783818922.24,0,0,147035773850.55,,,,
OfS,M2,CZ05,cPTAC,0,0,3414930781.17,0,0,121279877811.57,,,,
OfS,M2,CZ06,cPTAC,0,0,4500741060.67,0,0,142232685506.2,,,,
OfS,M2,CZ07,cPTAC,0,0,4006780733.3,0,0,141114357428.26,,,,
OfS,M2,CZ08,cPTAC,0,0,6661022631.22,0,0,165422451271.61,,,,
OfS,M2,CZ09,cPTAC,0,0,7443799439.48,0,0,170806704705.44,,,,
OfS,M2,CZ10,cPTAC,0,0,5951680346.28,0,0,157966265024.27,,,,
OfS,M2,CZ11,cPTAC,0,0,8513822225.92,0,0,162014423753.57,,,,
OfS,M2,CZ12,cPTAC,0,0,5662341754.63,0,0,140210336352.25,,,,
OfS,M2,CZ13,cPTAC,0,0,8454861071.31,0,0,169792447174.77,,,,
OfS,M2,CZ14,cPTAC,0,0,7508749184.12,0,0,166897309450.8,,,,
OfS,M2,CZ15,cPTAC,0,0,15455584883.55,0,0,230543179582.86,,,,
OfS,M2,CZ16,cPTAC,0,0,4276200713.26,0,0,117494622336.25,,,,
OfS,M2,CZ01,cPVVG,484122720.85,0,978398850.4,24250843031.86,0,55841770455.96,,,,
OfS,M2,CZ02,cPVVG,688928101.15,0,3280257105.95,15495543722.36,0,100108953827.77,,,,
OfS,M2,CZ03,cPVVG,329386853.91,0,2483432857.64,9201828661.74,0,94685168216.02,,,,
OfS,M2,CZ04,cPVVG,724774926.53,0,4684776270.18,11561170088.16,0,126094321898.84,,,,
OfS,M2,CZ05,cPVVG,275741132.37,0,2793152760.54,6692146921.65,0,100619009332.79,,,,
OfS,M2,CZ06,cPVVG,0,0,3733468293.13,1073480899.26,0,122510505088.73,,,,
OfS,M2,CZ07,cPVVG,0,0,3298183578.31,557030871.38,0,121219540880.11,,,,
OfS,M2,CZ08,cPVVG,154697.28,0,5409409315.35,1368609800.77,0,143522017591.2,,,,
OfS,M2,CZ09,cPVVG,24285924.7,0,5986734336.05,2522229192.95,0,147625096354.22,,,,
OfS,M2,CZ10,cPVVG,9212682.32,0,4742559062.38,1742946662.98,0,136499079887.69,,,,
OfS,M2,CZ11,cPVVG,1264492324.14,0,6770874485.3,17418382192.23,0,140406911999.53,,,,
OfS,M2,CZ12,cPVVG,741425679.58,0,4555477410.8,14317336227.39,0,120720198690.79,,,,
OfS,M2,CZ13,cPVVG,494912386.91,0,6671298158.2,11319299951.61,0,148126401757.56,,,,
OfS,M2,CZ14,cPVVG,320113224.95,0,5913932667.3,9083926961.96,0,144793241437.87,,,,
OfS,M2,CZ15,cPVVG,13075602.29,0,12206455390.69,630359907.11,0,205356514769.42,,,,
OfS,M2,CZ16,cPVVG,2165240732.75,0,3295495606.75,35241579855,0,96142993969,,,,
RFF,M2,CZ01,cDXGF,0,0,9222780.44,1693233146.25,0,23935476692.43,,,,
RFF,M2,CZ02,cDXGF,1460130.49,0,34709069.04,1641383772.43,0,38426426298.57,,,,
RFF,M2,CZ03,cDXGF,0,0,28675131.49,627680869.46,0,36637951566.38,,,,
RFF,M2,CZ04,cDXGF,1504218.55,0,70669926.54,1106467636.54,0,46369551664.59,,,,
RFF,M2,CZ05,cDXGF,0,0,24938796.52,458349689.09,0,38403778435.05,,,,
RFF,M2,CZ06,cDXGF,0,0,81881229.2,83317117.05,0,45625103914.64,,,,
RFF,M2,CZ07,cDXGF,0,0,65002285.47,52355415.94,0,44999498789.3,,,,
RFF,M2,CZ08,cDXGF,0,0,104316366.84,87215400.53,0,52544113826.31,,,,
RFF,M2,CZ09,cDXGF,0,0,142921082.37,206926233.82,0,54598029989.85,,,,
RFF,M2,CZ10,cDXGF,0,0,153169447.2,298990023.07,0,53149875023.52,,,,
RFF,M2,CZ11,cDXGF,2845456.79,0,159984574,1441861440.47,0,52108259680.95,,,,
RFF,M2,CZ12,cDXGF,367467.49,0,106357058.02,1301924695.86,0,45532681763.1,,,,
RFF,M2,CZ13,cDXGF,0,0,188337641.75,727880239.82,0,54490089254.1,,,,
RFF,M2,CZ14,cDXGF,227041.68,0,198881642.5,461885143.54,0,53711835843.36,,,,
RFF,M2,CZ15,cDXGF,0,0,633337549.43,10980490.72,0,73573531058.47,,,,
RFF,M2,CZ16,cDXGF,34401194.64,0,137233380.01,3451079630.67,0,38854627132.78,,,,
RFF,M2,CZ01,cDXHP,0,0,9221184.74,0,441377146,23561357005.46,,,,
RFF,M2,CZ02,cDXHP,0,401192.06,34784489.13,0,437038799.69,38010738872.24,,,,
RFF,M2,CZ03,cDXHP,0,0,28630906.22,0,154589776.7,36238471257.45,,,,
RFF,M2,CZ04,cDXHP,0,390193.41,70663462.7,0,300443312.33,45987007172.19,,,,
RFF,M2,CZ05,cDXHP,0,0,24844033.79,0,115245987.25,37964842494.84,,,,
RFF,M2,CZ06,cDXHP,0,0,81913610.73,0,19996646.39,45485884535.55,,,,
RFF,M2,CZ07,cDXHP,0,0,65094387.44,0,12489365.17,44799536268.94,,,,
RFF,M2,CZ08,cDXHP,0,0,104637371.18,0,21305085.97,52327468371.54,,,,
RFF,M2,CZ09,cDXHP,0,0,143074797.08,0,52141461.04,54397363347.07,,,,
RFF,M2,CZ10,cDXHP,0,0,153826070.29,0,75228210.38,52939657097.09,,,,
RFF,M2,CZ11,cDXHP,0,831944.3,160462191.48,0,389722598.41,51889661013.93,,,,
RFF,M2,CZ12,cDXHP,0,104091.48,106421873.97,0,343415435,45269442311.24,,,,
RFF,M2,CZ13,cDXHP,0,0,188851516.98,0,189068849.83,54311741947.54,,,,
RFF,M2,CZ14,cDXHP,0,75832.8,199843622.93,0,137024396.26,53397938950.02,,,,
RFF,M2,CZ15,cDXHP,0,0,633337549.43,0,2849551.52,73573531058.46,,,,
RFF,M2,CZ16,cDXHP,0,11651813.52,137353489.35,0,1098313042.02,38768062613.8,,,,
RFF,M2,CZ01,cPTAC,0,0,9222767.71,0,0,23833609942.78,,,,
RFF,M2,CZ02,cPTAC,0,0,34708930.96,0,0,38326401723.39,,,,
RFF,M2,CZ03,cPTAC,0,0,28675129.97,0,0,36595234430.21,,,,
RFF,M2,CZ04,cPTAC,0,0,70669739.33,0,0,46300765145.09,,,,
RFF,M2,CZ05,cPTAC,0,0,24938639.74,0,0,38372552077.99,,,,
RFF,M2,CZ06,cPTAC,0,0,81877511.55,0,0,45619340874.83,,,,
RFF,M2,CZ07,cPTAC,0,0,65000667.13,0,0,44994820008.75,,,,
RFF,M2,CZ08,cPTAC,0,0,104313671.99,0,0,52537046780.26,,,,
RFF,M2,CZ09,cPTAC,0,0,142916905.56,0,0,54582230508.3,,,,
RFF,M2,CZ10,cPTAC,0,0,153168127.8,0,0,53127269160.52,,,,
RFF,M2,CZ11,cPTAC,0,0,159984554.03,0,0,52020752877.63,,,,
RFF,M2,CZ12,cPTAC,0,0,106356981.05,0,0,45450187504.72,,,,
RFF,M2,CZ13,cPTAC,0,0,188337639.78,0,0,54441774970.89,,,,
RFF,M2,CZ14,cPTAC,0,0,198881635.31,0,0,53675620878.02,,,,
RFF,M2,CZ15,cPTAC,0,0,633337432.27,0,0,73572460457.03,,,,
RFF,M2,CZ16,cPTAC,0,0,137232320.77,0,0,38723967990.33,,,,
RFF,M2,CZ01,cPVVG,3589469.16,0,6776522.13,4917053359.58,0,19281819929.14,,,,
RFF,M2,CZ02,cPVVG,28703673.27,0,26151698.97,4481085973.38,0,32380848774.65,,,,
RFF,M2,CZ03,cPVVG,86353.95,0,21866858.32,1964122060.15,0,30564408587.54,,,,
RFF,M2,CZ04,cPVVG,17938495.45,0,53851477.02,3158261818.84,0,40297990795.76,,,,
RFF,M2,CZ05,cPVVG,450158.51,0,18213186.9,1444115362.42,0,32133647791.02,,,,
RFF,M2,CZ06,cPVVG,0,0,62226424.19,310823754.82,0,39813360759.99,,,,
RFF,M2,CZ07,cPVVG,0,0,49359379.25,201039764.94,0,38839615800,,,,
RFF,M2,CZ08,cPVVG,0,0,80766551.79,398186404.24,0,45979132801.74,,,,
RFF,M2,CZ09,cPVVG,267110.21,0,109688713.54,784156038.05,0,47645717135.93,,,,
RFF,M2,CZ10,cPVVG,62254.27,0,120435856.37,962898945.99,0,46126583313.27,,,,
RFF,M2,CZ11,cPVVG,41656879.28,0,124911794.28,4490190872.88,0,45595121755.92,,,,
RFF,M2,CZ12,cPVVG,16805562.43,0,81266699.53,3868368248.75,0,39591569102.81,,,,
RFF,M2,CZ13,cPVVG,6624844.24,0,147741979.37,2753355328.3,0,47900962459.5,,,,
RFF,M2,CZ14,cPVVG,3826949.35,0,157107362.18,1631007076.86,0,47232067139.4,,,,
RFF,M2,CZ15,cPVVG,0,0,447252788.54,68811512.77,0,66546682675.4,,,,
RFF,M2,CZ16,cPVVG,254143239.83,0,105858571.7,8761768920.85,0,32447435520.97,,,,
Rt3,M2,CZ01,cDXGF,31820407.14,0,0,50748672721.89,0,1158927827379.51,,,,
Rt3,M2,CZ02,cDXGF,439473593.43,0,328478218.36,61928508624.93,0,1433883819234.55,,,,
Rt3,M2,CZ03,cDXGF,55135798.05,0,24790319,36911173660.74,0,1335747529419.04,,,,
Rt3,M2,CZ04,cDXGF,505910387.15,0,546278483.21,54105812845.07,0,1622184972148.65,,,,
Rt3,M2,CZ05,cDXGF,89350180.05,0,6618541.2,37632009493.88,0,1366505729664.88,,,,
Rt3,M2,CZ06,cDXGF,0,0,23394523.16,8014491233.67,0,1540734370163.68,,,,
Rt3,M2,CZ07,cDXGF,0,0,51155938.62,7418069917.38,0,1570149203453.52,,,,
Rt3,M2,CZ08,cDXGF,904930.91,0,337173205.66,9250441181.39,0,1743573851277.72,,,,
Rt3,M2,CZ09,cDXGF,15353261.5,0,592458574.01,14166236046.36,0,1756071431917.18,,,,
Rt3,M2,CZ10,cDXGF,134525486.7,0,843804279.98,24684390267.28,0,1848443694156.61,,,,
Rt3,M2,CZ11,cDXGF,435655894.19,0,2727505669.19,45208926786.43,0,1752425225295.84,,,,
Rt3,M2,CZ12,cDXGF,256050808.19,0,683925241.44,44422561945.84,0,1604493316696.24,,,,
Rt3,M2,CZ13,cDXGF,91742951.03,0,3084258905.73,28603505156.64,0,1828272691029.3,,,,
Rt3,M2,CZ14,cDXGF,138989166.67,0,508734951.82,28381505524.45,0,1765362187216.93,,,,
Rt3,M2,CZ15,cDXGF,1171071.68,0,16156727993.08,2251330314.14,0,2265701331577.89,,,,
Rt3,M2,CZ16,cDXGF,1429730065.87,0,240900287.28,75176608348.3,0,1433526001440.31,,,,
Rt3,M2,CZ01,cDXHP,0,10375061.02,0,0,13085958639.53,1173600152705.8,,,,
Rt3,M2,CZ02,cDXHP,0,132756076.56,328980875.69,0,16504034729.23,1445333606696.67,,,,
Rt3,M2,CZ03,cDXHP,0,15329923.53,24784175.86,0,8996920800.1,1350656218252.51,,,,
Rt3,M2,CZ04,cDXHP,0,162104495.51,547088220.54,0,14824398266.07,1631262311197.68,,,,
Rt3,M2,CZ05,cDXHP,0,26733516.88,6615892.66,0,9386120601.81,1382448172487.12,,,,
Rt3,M2,CZ06,cDXHP,0,0,23425203.9,0,1864149270.7,1556363578209.48,,,,
Rt3,M2,CZ07,cDXHP,0,0,51152915.55,0,1702779665.21,1583001268540.08,,,,
Rt3,M2,CZ08,cDXHP,0,235321.31,337229938.62,0,2199877645.59,1752535898213.22,,,,
Rt3,M2,CZ09,cDXHP,0,4113866.21,592122257.89,0,3476335668.7,1763184639962.22,,,,
Rt3,M2,CZ10,cDXHP,0,36452487.04,843671013.77,0,6106953035.88,1853297674774.41,,,,
Rt3,M2,CZ11,cDXHP,0,128954720.18,2718309646.37,0,12080959607.27,1757572191998.92,,,,
Rt3,M2,CZ12,cDXHP,0,72497575.12,684360328.76,0,11699991370.87,1612905875476.83,,,,
Rt3,M2,CZ13,cDXHP,0,26843656.67,3083474933,0,7437548409.84,1833065275994.93,,,,
Rt3,M2,CZ14,cDXHP,0,46530442.78,509153179.86,0,8146046333.97,1773973552747.87,,,,
Rt3,M2,CZ15,cDXHP,0,330591.73,16154162171.73,0,563779928.26,2265684170043.35,,,,
Rt3,M2,CZ16,cDXHP,0,477333203,240943912.74,0,22981399929.98,1445362839506.68,,,,
Rt3,M2,CZ01,cPTAC,0,0,0,0,0,1154397827428.57,,,,
Rt3,M2,CZ02,cPTAC,0,0,328477175.72,0,0,1428776319358.42,,,,
Rt3,M2,CZ03,cPTAC,0,0,24790298.15,0,0,1332711055943.62,,,,
Rt3,M2,CZ04,cPTAC,0,0,546273429.97,0,0,1617451671675.44,,,,
Rt3,M2,CZ05,cPTAC,0,0,6618313.68,0,0,1363218664675.1,,,,
Rt3,M2,CZ06,cPTAC,0,0,23394523.16,0,0,1540039243591.88,,,,
Rt3,M2,CZ07,cPTAC,0,0,51155933.83,0,0,1569472649926.2,,,,
Rt3,M2,CZ08,cPTAC,0,0,337173200.59,0,0,1742690250411.19,,,,
Rt3,M2,CZ09,cPTAC,0,0,592458456.69,0,0,1754758743704.15,,,,
Rt3,M2,CZ10,cPTAC,0,0,843802875.14,0,0,1846375305629.67,,,,
Rt3,M2,CZ11,cPTAC,0,0,2727504713.02,0,0,1748483382286.66,,,,
Rt3,M2,CZ12,cPTAC,0,0,683923616.87,0,0,1600587179374.83,,,,
Rt3,M2,CZ13,cPTAC,0,0,3084258634.72,0,0,1825621055852.88,,,,
Rt3,M2,CZ14,cPTAC,0,0,508734951.75,0,0,1762518974082.63,,,,
Rt3,M2,CZ15,cPTAC,0,0,16156727993.11,0,0,2265330061330.07,,,,
Rt3,M2,CZ16,cPTAC,0,0,240899306.05,0,0,1427642322868.63,,,,
Rt3,M2,CZ01,cPVVG,142717065.6,0,0,90834400420.07,0,1042578378017.22,,,,
Rt3,M2,CZ02,cPVVG,1980808102.18,0,237332493.98,117861228275.59,0,1299733975262.16,,,,
Rt3,M2,CZ03,cPVVG,215771110.62,0,14784272.71,67935197985.94,0,1209889355618.41,,,,
Rt3,M2,CZ04,cPVVG,2565510240.16,0,380767857.72,108990636718.88,0,1479988348567.06,,,,
Rt3,M2,CZ05,cPVVG,349520110.87,0,2833998.85,69479870029,0,1236125161941.66,,,,
Rt3,M2,CZ06,cPVVG,0,0,16849456.23,18167678866.66,0,1412422133082.12,,,,
Rt3,M2,CZ07,cPVVG,0,0,31603480.64,17068885289.93,0,1431758212445.07,,,,
Rt3,M2,CZ08,cPVVG,8753853.07,0,224502382.45,21557183797.96,0,1603792135563.89,,,,
Rt3,M2,CZ09,cPVVG,138747165.2,0,387998307.12,31788530766.55,0,1609134199126.86,,,,
Rt3,M2,CZ10,cPVVG,921229171.44,0,551585365.19,53086972912.4,0,1695143460085.47,,,,
Rt3,M2,CZ11,cPVVG,2517579490.37,0,1784449080.69,100012661269.01,0,1612585766939.55,,,,
Rt3,M2,CZ12,cPVVG,1476741503.76,0,476798469.76,92344077913.82,0,1469423511951.15,,,,
Rt3,M2,CZ13,cPVVG,691010236.21,0,1922307915.9,66689916099.3,0,1688763865334.82,,,,
Rt3,M2,CZ14,cPVVG,967633943.28,0,319278272.28,60500102882.73,0,1625154545913.66,,,,
Rt3,M2,CZ15,cPVVG,10062426.83,0,10050386283.51,5827534781.83,0,2139312152405.23,,,,
Rt3,M2,CZ16,cPVVG,7066333068.58,0,159890767.46,155922320730.33,0,1272261094149.45,,,,
RtL,M2,CZ01,cDXGF,19655944.88,0,0,100636727751.4,0,1182346903620.26,,,,
RtL,M2,CZ02,cDXGF,11044757.26,0,0,65340622450.19,0,1463379284671.34,,,,
RtL,M2,CZ03,cDXGF,0,0,0,42334774889.92,0,1383593049530.21,,,,
RtL,M2,CZ04,cDXGF,34424521.43,0,5389587.95,54970655242.51,0,1650010002713.64,,,,
RtL,M2,CZ05,cDXGF,0,0,0,35834615128.14,0,1397001784069.11,,,,
RtL,M2,CZ06,cDXGF,0,0,0,10448566126.29,0,1564361130955.83,,,,
RtL,M2,CZ07,cDXGF,0,0,0,8609833246.43,0,1573805817277.33,,,,
RtL,M2,CZ08,cDXGF,0,0,0,13841904132.54,0,1730174245281.18,,,,
RtL,M2,CZ09,cDXGF,0,0,0,18881128038.15,0,1748528871149.41,,,,
RtL,M2,CZ10,cDXGF,0,0,0,15266682740.68,0,1776415285944.79,,,,
RtL,M2,CZ11,cDXGF,181968541.31,0,86111119.34,62534453436.49,0,1761172383027.66,,,,
RtL,M2,CZ12,cDXGF,0,0,15566238.73,58755819949.83,0,1633881569634.21,,,,
RtL,M2,CZ13,cDXGF,0,0,49347841.96,47527865292.35,0,1839035033738.33,,,,
RtL,M2,CZ14,cDXGF,274349138.53,0,1601558.2,53474386044.02,0,1805824775431.21,,,,
RtL,M2,CZ15,cDXGF,0,0,84142990.84,6749158899.41,0,2260419356475.69,,,,
RtL,M2,CZ16,cDXGF,1763102549.5,0,5205749.82,123537140575.12,0,1467067496099.99,,,,
RtL,M2,CZ01,cDXHP,0,8751251.1,0,0,24397441303.59,1197215954110.21,,,,
RtL,M2,CZ02,cDXHP,0,3591633.14,0,0,16342218566.2,1468039813887.97,,,,
RtL,M2,CZ03,cDXHP,0,0,0,0,9987207668.06,1394763916607.74,,,,
RtL,M2,CZ04,cDXHP,0,11439879.92,5387863.65,0,14032882116.93,1652644370950.36,,,,
RtL,M2,CZ05,cDXHP,0,0,0,0,8547906978.33,1409582103768.08,,,,
RtL,M2,CZ06,cDXHP,0,0,0,0,2424181772.36,1576762617678.19,,,,
RtL,M2,CZ07,cDXHP,0,0,0,0,1985714782.15,1583882437238.04,,,,
RtL,M2,CZ08,cDXHP,0,0,0,0,3259586211.53,1733618431275.21,,,,
RtL,M2,CZ09,cDXHP,0,0,0,0,4523180241,1750475565030.66,,,,
RtL,M2,CZ10,cDXHP,0,0,0,0,3689363505.08,1776982323748.42,,,,
RtL,M2,CZ11,cDXHP,0,52118636.7,86085006.92,0,15697147768.83,1762624019877.55,,,,
RtL,M2,CZ12,cDXHP,0,0,15562130.01,0,14613288911.65,1636188774599.85,,,,
RtL,M2,CZ13,cDXHP,0,0,49329298.89,0,11759517140.86,1840842879215.68,,,,
RtL,M2,CZ14,cDXHP,0,88289075.85,1603209.25,0,13961395093.61,1807307830710.55,,,,
RtL,M2,CZ15,cDXHP,0,0,84142990.84,0,1664391149.63,2260419259199.5,,,,
RtL,M2,CZ16,cDXHP,0,574939221.62,5203199.27,0,33647711827.46,1476330241471.59,,,,
RtL,M2,CZ01,cPTAC,0,0,0,0,0,1177026941972.78,,,,
RtL,M2,CZ02,cPTAC,0,0,0,0,0,1459709501825.96,,,,
RtL,M2,CZ03,cPTAC,0,0,0,0,0,1381422723347.73,,,,
RtL,M2,CZ04,cPTAC,0,0,5389587.95,0,0,1647140544701.67,,,,
RtL,M2,CZ05,cPTAC,0,0,0,0,0,1395077643059.97,,,,
RtL,M2,CZ06,cPTAC,0,0,0,0,0,1563948341406.04,,,,
RtL,M2,CZ07,cPTAC,0,0,0,0,0,1573436828217.34,,,,
RtL,M2,CZ08,cPTAC,0,0,0,0,0,1729598842168.96,,,,
RtL,M2,CZ09,cPTAC,0,0,0,0,0,1747653161029.7,,,,
RtL,M2,CZ10,cPTAC,0,0,0,0,0,1775707949051.13,,,,
RtL,M2,CZ11,cPTAC,0,0,86111119.34,0,0,1758117396907.25,,,,
RtL,M2,CZ12,cPTAC,0,0,15566238.73,0,0,1630863160762.69,,,,
RtL,M2,CZ13,cPTAC,0,0,49347841.96,0,0,1836899696889.6,,,,
RtL,M2,CZ14,cPTAC,0,0,1601558.2,0,0,1802994927902,,,,
RtL,M2,CZ15,cPTAC,0,0,84142990.84,0,0,2260104997611.91,,,,
RtL,M2,CZ16,cPTAC,0,0,5206125.67,0,0,1460206242491.59,,,,
RtL,M2,CZ01,cPVVG,25943578.75,0,0,113015454060.43,0,1058044501989.42,,,,
RtL,M2,CZ02,cPVVG,27564573.32,0,0,75608362214.96,0,1310559239086.79,,,,
RtL,M2,CZ03,cPVVG,0,0,0,46760909586.09,0,1253407104899.73,,,,
RtL,M2,CZ04,cPVVG,36272370.39,0,3491494.36,64063665948.51,0,1485996253852.31,,,,
RtL,M2,CZ05,cPVVG,0,0,0,39516880977.03,0,1263720388650.38,,,,
RtL,M2,CZ06,cPVVG,0,0,0,11268838830.25,0,1431000784024.57,,,,
RtL,M2,CZ07,cPVVG,0,0,0,9171921151.83,0,1436818827969.77,,,,
RtL,M2,CZ08,cPVVG,0,0,0,15041838360.51,0,1575597901676,,,,
RtL,M2,CZ09,cPVVG,0,0,0,21238820339.83,0,1586876427692.4,,,,
RtL,M2,CZ10,cPVVG,0,0,0,16960374543.18,0,1618895577275.36,,,,
RtL,M2,CZ11,cPVVG,224792074.27,0,58503888.68,73083116657.22,0,1595137897299.07,,,,
RtL,M2,CZ12,cPVVG,0,0,10157735.18,68898264771.54,0,1473488142958.01,,,,
RtL,M2,CZ13,cPVVG,0,0,31245603.94,55165846247.2,0,1676229939072.64,,,,
RtL,M2,CZ14,cPVVG,320186865.42,0,921123.23,62664640858.46,0,1634473613942.9,,,,
RtL,M2,CZ15,cPVVG,0,0,52615775.4,7412996433.16,0,2099712720637.71,,,,
RtL,M2,CZ16,cPVVG,2145882756.73,0,3159196.23,143486234576.07,0,1284376760480.42,,,,
RtS,M2,CZ01,cDXGF,0,0,0,14352778454.87,0,49441766026.33,,,,
RtS,M2,CZ02,cDXGF,45678411.81,0,10771574.44,12898428669.96,0,83172951508.49,,,,
RtS,M2,CZ03,cDXGF,1549142.74,0,0,6990869464.48,0,76806689959.08,,,,
RtS,M2,CZ04,cDXGF,29442793.24,0,91938048.35,9593585749.53,0,104575115047.39,,,,
RtS,M2,CZ05,cDXGF,2586350.58,0,0,5516461455.35,0,79792071114.84,,,,
RtS,M2,CZ06,cDXGF,0,0,0,1283367130.17,0,99916115982.36,,,,
RtS,M2,CZ07,cDXGF,0,0,0,1130087364.33,0,100138404386.42,,,,
RtS,M2,CZ08,cDXGF,0,0,29156167.68,1500171277.34,0,119783960185.79,,,,
RtS,M2,CZ09,cDXGF,0,0,106551527.28,2421766162.28,0,122906609931.42,,,,
RtS,M2,CZ10,cDXGF,1030516.37,0,120920557.74,3584614597.18,0,126581786985.11,,,,
RtS,M2,CZ11,cDXGF,65245016.86,0,795366342.26,10442355069.83,0,120021988827.38,,,,
RtS,M2,CZ12,cDXGF,36101289.11,0,114890416.37,11116895879.96,0,102882478787.73,,,,
RtS,M2,CZ13,cDXGF,8272159.13,0,1060810833.69,7955027813.8,0,128023205872.87,,,,
RtS,M2,CZ14,cDXGF,7520894.41,0,269337576.08,5735949881.31,0,122130074458.31,,,,
RtS,M2,CZ15,cDXGF,0,0,4904747453.58,310330023.21,0,181315740088.43,,,,
RtS,M2,CZ16,cDXGF,178520340.61,0,7699129.65,18497461283.2,0,80137343355.78,,,,
RtS,M2,CZ01,cDXHP,0,0,0,0,3587303369.97,48935545013.16,,,,
RtS,M2,CZ02,cDXHP,0,12814073.71,10696593.12,0,3304711193.62,82860319780.68,,,,
RtS,M2,CZ03,cDXHP,0,384316.44,0,0,1678987190.55,76555218795.98,,,,
RtS,M2,CZ04,cDXHP,0,8315308.55,91564980.36,0,2507294868.53,104436433733.14,,,,
RtS,M2,CZ05,cDXHP,0,677787.46,0,0,1342054739.08,79589913194.38,,,,
RtS,M2,CZ06,cDXHP,0,0,0,0,299833545.67,100333957241.96,,,,
RtS,M2,CZ07,cDXHP,0,0,0,0,261633691.37,100413753798.2,,,,
RtS,M2,CZ08,cDXHP,0,0,29080615.44,0,355789104.3,119896690590.22,,,,
RtS,M2,CZ09,cDXHP,0,0,106377863.21,0,588064636.62,122949922717.96,,,,
RtS,M2,CZ10,cDXHP,0,280843.49,120863066.06,0,870431387.35,126582852894.66,,,,
RtS,M2,CZ11,cDXHP,0,18710623.97,794479469.19,0,2707632588.24,120059504859.78,,,,
RtS,M2,CZ12,cDXHP,0,10026872.09,114392791.16,0,2836880961.01,102830981725.68,,,,
RtS,M2,CZ13,cDXHP,0,2363435.01,1059549173.62,0,2013826630.97,128064655680.11,,,,
RtS,M2,CZ14,cDXHP,0,2528402.91,268624924.94,0,1564404894.19,122168462722.53,,,,
RtS,M2,CZ15,cDXHP,0,0,4904747453.58,0,78490339.78,181315740598.28,,,,
RtS,M2,CZ16,cDXHP,0,62461645.9,7650261.52,0,5438318566.06,80368649592.06,,,,
RtS,M2,CZ01,cPTAC,0,0,0,0,0,48487049161.5,,,,
RtS,M2,CZ02,cPTAC,0,0,10771518.38,0,0,82401178284.38,,,,
RtS,M2,CZ03,cPTAC,0,0,0,0,0,76373923626.1,,,,
RtS,M2,CZ04,cPTAC,0,0,91937495.08,0,0,103981905032.01,,,,
RtS,M2,CZ05,cPTAC,0,0,0,0,0,79439731873.71,,,,
RtS,M2,CZ06,cPTAC,0,0,0,0,0,99830053030.03,,,,
RtS,M2,CZ07,cPTAC,0,0,0,0,0,100060355449.02,,,,
RtS,M2,CZ08,cPTAC,0,0,29156167.68,0,0,119669951687.96,,,,
RtS,M2,CZ09,cPTAC,0,0,106551524.82,0,0,122730068579.86,,,,
RtS,M2,CZ10,cPTAC,0,0,120920557.49,0,0,126341349086.45,,,,
RtS,M2,CZ11,cPTAC,0,0,795366300.75,0,0,119358876599.95,,,,
RtS,M2,CZ12,cPTAC,0,0,114890418.4,0,0,102224633752.53,,,,
RtS,M2,CZ13,cPTAC,0,0,1060810833.58,0,0,127520367924.88,,,,
RtS,M2,CZ14,cPTAC,0,0,269338544.54,0,0,121710921383.83,,,,
RtS,M2,CZ15,cPTAC,0,0,4904747453.58,0,0,181283421804.82,,,,
RtS,M2,CZ16,cPTAC,0,0,7699129.64,0,0,79156773549.43,,,,
RtS,M2,CZ01,cPVVG,0,0,0,23692917311.84,0,40517033736.57,,,,
RtS,M2,CZ02,cPVVG,219228103.08,0,5880433.42,20971061637.9,0,70772575413.01,,,,
RtS,M2,CZ03,cPVVG,8674548.06,0,0,11784280690.58,0,65196055355.91,,,,
RtS,M2,CZ04,cPVVG,162140477.13,0,54108472.39,15987701602.8,0,91177573840.57,,,,
RtS,M2,CZ05,cPVVG,18967786.7,0,0,9889987284.49,0,67718047686.13,,,,
RtS,M2,CZ06,cPVVG,0,0,0,2445791523.68,0,88992479933.8,,,,
RtS,M2,CZ07,cPVVG,0,0,0,2242808998.04,0,88550140176.85,,,,
RtS,M2,CZ08,cPVVG,0,0,15838199.22,3006111979.97,0,106634662600.04,,,,
RtS,M2,CZ09,cPVVG,0,0,60957966.35,4692583388.51,0,108912912773.32,,,,
RtS,M2,CZ10,cPVVG,5115910.56,0,69335400.32,6575904289.59,0,111643299553.28,,,,
RtS,M2,CZ11,cPVVG,341648400.02,0,477634428.88,18484662873.33,0,106603513453.81,,,,
RtS,M2,CZ12,cPVVG,191007543.06,0,68768647.81,18459553601.57,0,90532198613.89,,,,
RtS,M2,CZ13,cPVVG,68630578.06,0,628353060.67,14584013534.25,0,114394353403.68,,,,
RtS,M2,CZ14,cPVVG,46026510.2,0,149153479.96,10149925121.15,0,108432146666.7,,,,
RtS,M2,CZ15,cPVVG,0,0,2998318454.46,820215858.3,0,165948042402.82,,,,
RtS,M2,CZ16,cPVVG,1149810912.07,0,4282825.88,31423688097.99,0,68124030931.53,,,,
SCn,M2,CZ01,cDXGF,20108841208.45,0,0,1500003758944.49,0,334141806396.66,,,,
SCn,M2,CZ02,cDXGF,28254330113.67,0,0,930263711192.54,0,1022403325101.9,,,,
SCn,M2,CZ03,cDXGF,19203797719.48,0,0,598571282880.57,0,755411454057.31,,,,
SCn,M2,CZ04,cDXGF,27212038875.53,0,0,665697126204.74,0,1471108884087.43,,,,
SCn,M2,CZ05,cDXGF,17915501568.84,0,0,414885374386.23,0,744501094314.99,,,,
SCn,M2,CZ06,cDXGF,3561779468.75,0,0,140381081972.54,0,1213319147426.23,,,,
SCn,M2,CZ07,cDXGF,1301076215.3,0,0,105045410665.12,0,1253367042516.62,,,,
SCn,M2,CZ08,cDXGF,5391487472.52,0,0,171559831731,0,1757575989172.01,,,,
SCn,M2,CZ09,cDXGF,14686916972.73,0,0,261074888796.25,0,1771320330624.92,,,,
SCn,M2,CZ10,cDXGF,13323006273.2,0,0,234485569923.33,0,1788566357497.95,,,,
SCn,M2,CZ11,cDXGF,36781504138.01,0,411075211.15,969417164947.32,0,1868805438776.05,,,,
SCn,M2,CZ12,cDXGF,30419904883.14,0,0,993256008726.92,0,1515553961377.12,,,,
SCn,M2,CZ13,cDXGF,23761134785.94,0,0,814648636937.82,0,2148672470214.82,,,,
SCn,M2,CZ14,cDXGF,25969845188.97,0,240395932.66,712304945900.11,0,1897058855986.12,,,,
SCn,M2,CZ15,cDXGF,14903077923.75,0,922787895.56,117093192040.91,0,3287769383669.17,,,,
SCn,M2,CZ16,cDXGF,41155982047.62,0,0,1707866361076.16,0,1020747562846,,,,
SCn,M2,CZ01,cDXHP,0,4594054927.01,0,0,358327168704.99,324741941300.68,,,,
SCn,M2,CZ02,cDXHP,0,6559103193.75,0,0,227671981866.16,1022123270284.29,,,,
SCn,M2,CZ03,cDXHP,0,4252389335.06,0,0,137298377118.62,752949721176.65,,,,
SCn,M2,CZ04,cDXHP,0,6271353547.72,0,0,166135880702.66,1470801241362.97,,,,
SCn,M2,CZ05,cDXHP,0,3947544364.29,0,0,96266546615.6,742210823950.48,,,,
SCn,M2,CZ06,cDXHP,0,781733412.92,0,0,30807332089.61,1216840180452.48,,,,
SCn,M2,CZ07,cDXHP,0,285365550.46,0,0,22654973070.65,1257193413418.7,,,,
SCn,M2,CZ08,cDXHP,0,1226608429.48,0,0,38469859664.18,1757519538598.14,,,,
SCn,M2,CZ09,cDXHP,0,2834409780.02,0,0,59182032629.52,1771211137217.88,,,,
SCn,M2,CZ10,cDXHP,0,3152043695.86,0,0,53889330583.02,1788436530548.1,,,,
SCn,M2,CZ11,cDXHP,0,8935305719.56,411075520.71,0,237727138527.62,1868690737282.81,,,,
SCn,M2,CZ12,cDXHP,0,5993887984.06,0,0,237770634452.51,1515408877992.06,,,,
SCn,M2,CZ13,cDXHP,0,5409138974.01,0,0,196853639240.65,2148593053016.26,,,,
SCn,M2,CZ14,cDXHP,0,7322259008.23,240395932.66,0,186621403373.23,1896624069888.69,,,,
SCn,M2,CZ15,cDXHP,0,3641980979.19,922788391.32,0,27471533913.88,3287716642496.69,,,,
SCn,M2,CZ16,cDXHP,0,11980096109.4,0,0,480929623282.11,1028624937291.25,,,,
SCn,M2,CZ01,cPTAC,0,0,0,0,0,326426504602.02,,,,
SCn,M2,CZ02,cPTAC,0,0,0,0,0,1008400736261.05,,,,
SCn,M2,CZ03,cPTAC,0,0,0,0,0,747830280096.66,,,,
SCn,M2,CZ04,cPTAC,0,0,0,0,0,1456352252441.74,,,,
SCn,M2,CZ05,cPTAC,0,0,0,0,0,729824401801.8,,,,
SCn,M2,CZ06,cPTAC,0,0,0,0,0,1207045476029.04,,,,
SCn,M2,CZ07,cPTAC,0,0,0,0,0,1247349769068.89,,,,
SCn,M2,CZ08,cPTAC,0,0,0,0,0,1748044759806.2,,,,
SCn,M2,CZ09,cPTAC,0,0,0,0,0,1757674001824.31,,,,
SCn,M2,CZ10,cPTAC,0,0,0,0,0,1776486846656.56,,,,
SCn,M2,CZ11,cPTAC,0,0,411075211.07,0,0,1857021884675.89,,,,
SCn,M2,CZ12,cPTAC,0,0,0,0,0,1507259322819.46,,,,
SCn,M2,CZ13,cPTAC,0,0,0,0,0,2140637201531.04,,,,
SCn,M2,CZ14,cPTAC,0,0,240395932.66,0,0,1880614665871.01,,,,
SCn,M2,CZ15,cPTAC,0,0,922787927.44,0,0,3281809089553,,,,
SCn,M2,CZ16,cPTAC,0,0,0,0,0,997770795480.21,,,,
SCn,M2,CZ01,cPVVG,21748200286.4,0,0,1914691899131.42,0,232168980301.41,,,,
SCn,M2,CZ02,cPVVG,30578248973.02,0,0,1222646961273.25,0,851102800376.93,,,,
SCn,M2,CZ03,cPVVG,20135479487.59,0,0,713032549787.21,0,670887840981.8,,,,
SCn,M2,CZ04,cPVVG,30337411043.68,0,0,983842222112.89,0,1273773926604.26,,,,
SCn,M2,CZ05,cPVVG,19230876178.11,0,0,542881933106.33,0,614552087463.4,,,,
SCn,M2,CZ06,cPVVG,3590135908.04,0,0,147820538732.27,0,1185665880836.73,,,,
SCn,M2,CZ07,cPVVG,1311154818.79,0,0,113775102470.66,0,1217805736320.03,,,,
SCn,M2,CZ08,cPVVG,5856529432.85,0,0,228116250229.76,0,1633254528126.92,,,,
SCn,M2,CZ09,cPVVG,16030757035.97,0,0,345904358451.46,0,1631386712321.66,,,,
SCn,M2,CZ10,cPVVG,14220347855.69,0,0,294349284396.41,0,1690088269695.51,,,,
SCn,M2,CZ11,cPVVG,39435340830.56,0,371128647.66,1292072725602.11,0,1749108459916.62,,,,
SCn,M2,CZ12,cPVVG,32504752516.1,0,0,1242109687895.09,0,1409401958459.42,,,,
SCn,M2,CZ13,cPVVG,22965150736.54,0,0,1087059219040.8,0,2024606703826.14,,,,
SCn,M2,CZ14,cPVVG,28853237402.53,0,214018930.51,1025300046475.32,0,1689463362741.2,,,,
SCn,M2,CZ15,cPVVG,16769192137.8,0,832087107.87,151995771904.15,0,3112569523838.08,,,,
SCn,M2,CZ16,cPVVG,46558344323.31,0,0,2434067397881.92,0,786190427069.04,,,,
Asm,M3,CZ01,cDXGF,1896706286.02,0,689263435232.05,1896706286.02,0,689263435232.05,,,,
Asm,M3,CZ02,cDXGF,1465145210.55,0,797448887496.36,1465145210.55,0,797448887496.36,,,,
Asm,M3,CZ03,cDXGF,341482121.79,0,776217949947.05,341482121.79,0,776217949947.05,,,,
Asm,M3,CZ04,cDXGF,971167807.2,0,876242408898.07,971167807.2,0,876242408898.07,,,,
Asm,M3,CZ05,cDXGF,220565284.91,0,785738071302.74,220565284.91,0,785738071302.74,,,,
Asm,M3,CZ06,cDXGF,1414500.15,0,847869443567.73,1414500.15,0,847869443567.73,,,,
Asm,M3,CZ07,cDXGF,0,0,848537155007.7,0,0,848537155007.7,,,,
Asm,M3,CZ08,cDXGF,3577255.85,0,908621048226.74,3577255.85,0,908621048226.74,,,,
Asm,M3,CZ09,cDXGF,54136893.29,0,918975927626.07,54136893.29,0,918975927626.07,,,,
Asm,M3,CZ10,cDXGF,11299202.7,0,926471217496.94,11299202.7,0,926471217496.94,,,,
Asm,M3,CZ11,cDXGF,2092923732.72,0,923389915716.59,2092923732.72,0,923389915716.59,,,,
Asm,M3,CZ12,cDXGF,1439267404.02,0,865368012125.1,1439267404.02,0,865368012125.1,,,,
Asm,M3,CZ13,cDXGF,998928368.8,0,952879286705.52,998928368.8,0,952879286705.52,,,,
Asm,M3,CZ14,cDXGF,751066639.51,0,942904037358.74,751066639.51,0,942904037358.74,,,,
Asm,M3,CZ15,cDXGF,9101143.03,0,1142464647170.98,9101143.03,0,1142464647170.98,,,,
Asm,M3,CZ16,cDXGF,8269483947.09,0,782931165642.29,8269483947.09,0,782931165642.29,,,,
Asm,M3,CZ01,cDXHP,0,494700513.84,688691039412.76,0,494700513.84,688691039412.76,,,,
Asm,M3,CZ02,cDXHP,0,394202949.23,797814378081.16,0,394202949.23,797814378081.16,,,,
Asm,M3,CZ03,cDXHP,0,85405588.42,777502175939.98,0,85405588.42,777502175939.98,,,,
Asm,M3,CZ04,cDXHP,0,262622566.06,876305732452.46,0,262622566.06,876305732452.46,,,,
Asm,M3,CZ05,cDXHP,0,55921977.68,786633042984.02,0,55921977.68,786633042984.02,,,,
Asm,M3,CZ06,cDXHP,0,351647.41,849170283860.59,0,351647.41,849170283860.59,,,,
Asm,M3,CZ07,cDXHP,0,0,849540506261.05,0,0,849540506261.05,,,,
Asm,M3,CZ08,cDXHP,0,896214.11,908760961107.31,0,896214.11,908760961107.31,,,,
Asm,M3,CZ09,cDXHP,0,13838094.23,918888000536.9,0,13838094.23,918888000536.9,,,,
Asm,M3,CZ10,cDXHP,0,2940282.04,926479450186.75,0,2940282.04,926479450186.75,,,,
Asm,M3,CZ11,cDXHP,0,564544215.41,923443944164.19,0,564544215.41,923443944164.19,,,,
Asm,M3,CZ12,cDXHP,0,384013813.98,865502280150.12,0,384013813.98,865502280150.12,,,,
Asm,M3,CZ13,cDXHP,0,264880793.59,952972410054.22,0,264880793.59,952972410054.22,,,,
Asm,M3,CZ14,cDXHP,0,216078817.37,942637670764.01,0,216078817.37,942637670764.01,,,,
Asm,M3,CZ15,cDXHP,0,2464954.39,1142464645275.76,0,2464954.39,1142464645275.76,,,,
Asm,M3,CZ16,cDXHP,0,2451054209.61,777331920206.7,0,2451054209.61,777331920206.7,,,,
Asm,M3,CZ01,cPTAC,0,0,689186727950.07,0,0,689186727950.07,,,,
Asm,M3,CZ02,cPTAC,0,0,797382101040.03,0,0,797382101040.03,,,,
Asm,M3,CZ03,cPTAC,0,0,776198728981.71,0,0,776198728981.71,,,,
Asm,M3,CZ04,cPTAC,0,0,876197392602.28,0,0,876197392602.28,,,,
Asm,M3,CZ05,cPTAC,0,0,785730424683.49,0,0,785730424683.49,,,,
Asm,M3,CZ06,cPTAC,0,0,847869139714.83,0,0,847869139714.83,,,,
Asm,M3,CZ07,cPTAC,0,0,848537137570.89,0,0,848537137570.89,,,,
Asm,M3,CZ08,cPTAC,0,0,908620415389.02,0,0,908620415389.02,,,,
Asm,M3,CZ09,cPTAC,0,0,918969635526.17,0,0,918969635526.17,,,,
Asm,M3,CZ10,cPTAC,0,0,926503135198.8,0,0,926503135198.8,,,,
Asm,M3,CZ11,cPTAC,0,0,923290042805.04,0,0,923290042805.04,,,,
Asm,M3,CZ12,cPTAC,0,0,865311278102.97,0,0,865311278102.97,,,,
Asm,M3,CZ13,cPTAC,0,0,952832187382.27,0,0,952832187382.27,,,,
Asm,M3,CZ14,cPTAC,0,0,942863831353.9,0,0,942863831353.9,,,,
Asm,M3,CZ15,cPTAC,0,0,1142496082065.09,0,0,1142496082065.09,,,,
Asm,M3,CZ16,cPTAC,0,0,782729182362.05,0,0,782729182362.05,,,,
Asm,M3,CZ01,cPVVG,0,0,0,1968043491.2,0,683711373505.31,,,,
Asm,M3,CZ02,cPVVG,0,0,0,1522307415.26,0,791089170575.16,,,,
Asm,M3,CZ03,cPVVG,0,0,0,355223769.21,0,770007052987.24,,,,
Asm,M3,CZ04,cPVVG,0,0,11579269.44,1010105046.64,0,869302302861.01,,,,
Asm,M3,CZ05,cPVVG,0,0,0,229584643.86,0,779347910475.6,,,,
Asm,M3,CZ06,cPVVG,0,0,0,1478130.74,0,841093172212.59,,,,
Asm,M3,CZ07,cPVVG,0,0,0,0,0,841742802820.16,,,,
Asm,M3,CZ08,cPVVG,0,0,16288486.05,3734867.33,0,901567366063.04,,,,
Asm,M3,CZ09,cPVVG,0,0,22842694.75,56569602.63,0,911728908944.06,,,,
Asm,M3,CZ10,cPVVG,0,0,23542442.78,11803635.6,0,919254098283.65,,,,
Asm,M3,CZ11,cPVVG,0,0,236200148.68,2177343019.4,0,916222213451.5,,,,
Asm,M3,CZ12,cPVVG,0,0,21578545.18,1496362174.8,0,858659764881.63,,,,
Asm,M3,CZ13,cPVVG,0,0,365129369.41,1039316649.89,0,945550410654.57,,,,
Asm,M3,CZ14,cPVVG,0,0,210958439.07,783093911.93,0,935198737711.53,,,,
Asm,M3,CZ15,cPVVG,0,0,2014144198.03,9509494.41,0,1133846234827.72,,,,
Asm,M3,CZ16,cPVVG,0,0,17266509,8664947453.42,0,775224085207.77,,,,
ECC,M3,CZ01,cDXGF,72268657924.68,0,1044097994058.68,72268657924.68,0,1049893564644.3,,,,
ECC,M3,CZ02,cDXGF,96051895673.27,0,1367983543115.68,96051895673.27,0,1367983543115.68,,,,
ECC,M3,CZ03,cDXGF,45940081351.03,0,1304195626456.92,45940081351.03,0,1304195626456.92,,,,
ECC,M3,CZ04,cDXGF,79075517075.72,0,1572240835669.96,79075517075.72,0,1572889586251.16,,,,
ECC,M3,CZ05,cDXGF,33725487604.84,0,1337209493232.02,33725487604.84,0,1338047284786.99,,,,
ECC,M3,CZ06,cDXGF,3047771300.82,0,1499378741645.4,3047771300.82,0,1524181053649.54,,,,
ECC,M3,CZ07,cDXGF,2292096274.8,0,1510688730366.39,2292096274.8,0,1515235463085.59,,,,
ECC,M3,CZ08,cDXGF,4393500046.04,0,1721109087580.48,4393500046.04,0,1721286850595.43,,,,
ECC,M3,CZ09,cDXGF,12147529853.19,0,1734307633369.4,12147529853.19,0,1734341187397.69,,,,
ECC,M3,CZ10,cDXGF,16167275903.53,0,1735841842707.17,16167275903.53,0,1735874653073.63,,,,
ECC,M3,CZ11,cDXGF,108955734424.8,0,1716515989850.83,108955734424.8,0,1716548698281.37,,,,
ECC,M3,CZ12,cDXGF,104228691276.67,0,1548884918637.63,104228691276.67,0,1548884918637.63,,,,
ECC,M3,CZ13,cDXGF,94705653231.44,0,1808759376677.88,94705653231.44,0,1808759376677.88,,,,
ECC,M3,CZ14,cDXGF,57110667389.27,0,1756950453421.81,57110667389.27,0,1757139466456.99,,,,
ECC,M3,CZ15,cDXGF,4287618046.42,0,2337047317393.31,4287618046.42,0,2337047317393.31,,,,
ECC,M3,CZ16,cDXGF,154445714023.05,0,1294635297570.45,154445714023.05,0,1297735964249.59,,,,
ECC,M3,CZ01,cDXHP,0,18499535440.74,1051810865950.46,0,18499535440.74,1051810865950.46,,,,
ECC,M3,CZ02,cDXHP,0,25031136714.7,1370585091302.42,0,25031136714.7,1370585091302.42,,,,
ECC,M3,CZ03,cDXHP,0,11381378278.1,1309842828915.35,0,11381378278.1,1309842828915.35,,,,
ECC,M3,CZ04,cDXHP,0,20923399510.21,1576601924598.05,0,20923399510.21,1576601924598.05,,,,
ECC,M3,CZ05,cDXHP,0,8436571702.12,1344162796841.47,0,8436571702.12,1344162796841.47,,,,
ECC,M3,CZ06,cDXHP,0,729671975,1533481962644.44,0,729671975,1533739582184.95,,,,
ECC,M3,CZ07,cDXHP,0,546151958.3,1522231605680.46,0,546151958.3,1522231605680.46,,,,
ECC,M3,CZ08,cDXHP,0,1082193029.6,1724015788999.26,0,1082193029.6,1724015788999.26,,,,
ECC,M3,CZ09,cDXHP,0,3069531036.26,1735729657596.34,0,3069531036.26,1735729657596.34,,,,
ECC,M3,CZ10,cDXHP,0,4076274166.32,1735837541852.58,0,4076274166.32,1735837541852.58,,,,
ECC,M3,CZ11,cDXHP,0,28849723419.01,1720549007068.33,0,28849723419.01,1720549007068.33,,,,
ECC,M3,CZ12,cDXHP,0,26948209185.33,1552024496218.35,0,26948209185.33,1552024496218.35,,,,
ECC,M3,CZ13,cDXHP,0,24507296026.16,1811718977399.93,0,24507296026.16,1811718977399.93,,,,
ECC,M3,CZ14,cDXHP,0,15751058763.72,1763004320694.64,0,15751058763.72,1763004320694.64,,,,
ECC,M3,CZ15,cDXHP,0,1105853378.67,2337274323045.48,0,1105853378.67,2337274323045.48,,,,
ECC,M3,CZ16,cDXHP,0,45307993629.29,1294594353685.88,0,45307993629.29,1294594353685.88,,,,
ECC,M3,CZ01,cPTAC,0,0,1042219802240.93,0,0,1048015361599.94,,,,
ECC,M3,CZ02,cPTAC,0,0,1366225582861.4,0,0,1366225582861.4,,,,
ECC,M3,CZ03,cPTAC,0,0,1303293648613.96,0,0,1303293648613.96,,,,
ECC,M3,CZ04,cPTAC,0,0,1571107149747.82,0,0,1571755900329.02,,,,
ECC,M3,CZ05,cPTAC,0,0,1336618530279.02,0,0,1337456321815.66,,,,
ECC,M3,CZ06,cPTAC,0,0,1499226829673.88,0,0,1524029116951.95,,,,
ECC,M3,CZ07,cPTAC,0,0,1510571385438.25,0,0,1515118115664.88,,,,
ECC,M3,CZ08,cPTAC,0,0,1720906967639.59,0,0,1721084730774.12,,,,
ECC,M3,CZ09,cPTAC,0,0,1733876514092.6,0,0,1733910068124.71,,,,
ECC,M3,CZ10,cPTAC,0,0,1735339642089.16,0,0,1735372452455.63,,,,
ECC,M3,CZ11,cPTAC,0,0,1715124902950.34,0,0,1715157611380.87,,,,
ECC,M3,CZ12,cPTAC,0,0,1547558792324.5,0,0,1547558792324.5,,,,
ECC,M3,CZ13,cPTAC,0,0,1807726103345.38,0,0,1807726103345.38,,,,
ECC,M3,CZ14,cPTAC,0,0,1756109473276.19,0,0,1756298486311.37,,,,
ECC,M3,CZ15,cPTAC,0,0,2337004524029.1,0,0,2337004524029.1,,,,
ECC,M3,CZ16,cPTAC,0,0,1291747990095.39,0,0,1294848656152.41,,,,
ECC,M3,CZ01,cPVVG,42694983130.03,0,3613099878.73,74755206598.41,0,1040182351867.07,,,,
ECC,M3,CZ02,cPVVG,67002642686.94,0,18415555487.73,99486471888.3,0,1356108655403.6,,,,
ECC,M3,CZ03,cPVVG,31461160352.11,0,13142074093.4,47607623609.7,0,1292538429274.64,,,,
ECC,M3,CZ04,cPVVG,59303877159.96,0,34693454136.17,81998462328.57,0,1559794528698.52,,,,
ECC,M3,CZ05,cPVVG,23046054446.87,0,19387842815.52,34940419229.03,0,1326080662203.95,,,,
ECC,M3,CZ06,cPVVG,472002695.26,0,30691365274.75,3161931018.47,0,1511994249433.98,,,,
ECC,M3,CZ07,cPVVG,0,0,30636451933.14,2378091472.14,0,1502845110038.62,,,,
ECC,M3,CZ08,cPVVG,864582778.21,0,47081942613.25,4554715715.95,0,1707722088138.47,,,,
ECC,M3,CZ09,cPVVG,5836590717.16,0,52578566061.05,12617315028.44,0,1720239598876.81,,,,
ECC,M3,CZ10,cPVVG,8088062765.6,0,47891860707.45,16785895841.87,0,1721871608026.2,,,,
ECC,M3,CZ11,cPVVG,82259363742.11,0,67884986732.24,113065520094.88,0,1702496350941.88,,,,
ECC,M3,CZ12,cPVVG,82126053743.49,0,35525703714.15,108089741047.3,0,1536200028463.71,,,,
ECC,M3,CZ13,cPVVG,80356127145.66,0,68307671983.38,98698151078.86,0,1794383833415.96,,,,
ECC,M3,CZ14,cPVVG,42331817923.32,0,52745897242.26,59391267205.42,0,1742427251611.08,,,,
ECC,M3,CZ15,cPVVG,3291733703.75,0,151892905779.97,4462547068.91,0,2319625983775.05,,,,
ECC,M3,CZ16,cPVVG,92343664485.15,0,21044698204.26,161087231448.76,0,1284538925569.5,,,,
Epr,M3,CZ01,cDXGF,22220794117.83,0,165063509160.76,22220794117.83,0,165063509160.76,,,,
Epr,M3,CZ02,cDXGF,19616836991.36,0,224014791140.24,19616836991.36,0,224014791140.24,,,,
Epr,M3,CZ03,cDXGF,9953076966.61,0,215539857065.58,9953076966.61,0,215539857065.58,,,,
Epr,M3,CZ04,cDXGF,14083301810.96,0,259715892040.93,14083301810.96,0,259715892040.93,,,,
Epr,M3,CZ05,cDXGF,6037918625.67,0,219003160796.13,6037918625.67,0,219003160796.13,,,,
Epr,M3,CZ06,cDXGF,466681474.05,0,252260244088.28,466681474.05,0,252454759099.77,,,,
Epr,M3,CZ07,cDXGF,325768413.82,0,251453310964.16,325768413.82,0,251453310964.16,,,,
Epr,M3,CZ08,cDXGF,855716712.99,0,282266901336.9,855716712.99,0,282266901336.9,,,,
Epr,M3,CZ09,cDXGF,2256123503.9,0,284473923046.27,2256123503.9,0,284473923046.27,,,,
Epr,M3,CZ10,cDXGF,1615982791.13,0,284156103096.96,1615982791.13,0,284156103096.96,,,,
Epr,M3,CZ11,cDXGF,21670753698.68,0,283105818870.02,21670753698.68,0,283105818870.02,,,,
Epr,M3,CZ12,cDXGF,22276368171.18,0,256076918818.1,22276368171.18,0,256076918818.1,,,,
Epr,M3,CZ13,cDXGF,20749955181.67,0,300314287058.78,20749955181.67,0,300314287058.78,,,,
Epr,M3,CZ14,cDXGF,13162519146.25,0,291052350302.46,13162519146.25,0,291052350302.46,,,,
Epr,M3,CZ15,cDXGF,866884684.96,0,387019828852.73,866884684.96,0,387019828852.73,,,,
Epr,M3,CZ16,cDXGF,34064379942.57,0,210611921496.84,34064379942.57,0,210611921496.84,,,,
Epr,M3,CZ01,cDXHP,0,5626481958.46,165291929833.74,0,5626481958.46,165291929833.74,,,,
Epr,M3,CZ02,cDXHP,0,5079613004.15,224975089631.45,0,5079613004.15,224975089631.45,,,,
Epr,M3,CZ03,cDXHP,0,2458067830.6,217057889580.48,0,2458067830.6,217057889580.48,,,,
Epr,M3,CZ04,cDXHP,0,3701031403.66,260905721821.07,0,3701031403.66,260905721821.07,,,,
Epr,M3,CZ05,cDXHP,0,1501190905.27,220447755453.29,0,1501190905.27,220447755453.29,,,,
Epr,M3,CZ06,cDXHP,0,109461990.64,254347852443.45,0,109461990.64,254347852443.45,,,,
Epr,M3,CZ07,cDXHP,0,76529047.73,253227218102.06,0,76529047.73,253227218102.06,,,,
Epr,M3,CZ08,cDXHP,0,209399811.85,283442383916.24,0,209399811.85,283442383916.24,,,,
Epr,M3,CZ09,cDXHP,0,567384166.02,285485812840.3,0,567384166.02,285485812840.3,,,,
Epr,M3,CZ10,cDXHP,0,399759867.87,284687233524.56,0,399759867.87,284687233524.56,,,,
Epr,M3,CZ11,cDXHP,0,5724700765.34,284322154521.52,0,5724700765.34,284322154521.52,,,,
Epr,M3,CZ12,cDXHP,0,5733962946,257189139709.66,0,5733962946,257189139709.66,,,,
Epr,M3,CZ13,cDXHP,0,5333792838.66,301251760055.19,0,5333792838.66,301251760055.19,,,,
Epr,M3,CZ14,cDXHP,0,3710858461.36,292783868203.21,0,3710858461.36,292783868203.21,,,,
Epr,M3,CZ15,cDXHP,0,220418276.84,387076267196.42,0,220418276.84,387076267196.42,,,,
Epr,M3,CZ16,cDXHP,0,9986631123.06,209833077721.02,0,9986631123.06,209833077721.02,,,,
Epr,M3,CZ01,cPTAC,0,0,164433322232.5,0,0,164433322232.5,,,,
Epr,M3,CZ02,cPTAC,0,0,223693616000.82,0,0,223693616000.82,,,,
Epr,M3,CZ03,cPTAC,0,0,215349530238.85,0,0,215349530238.85,,,,
Epr,M3,CZ04,cPTAC,0,0,259492078829.71,0,0,259492078829.71,,,,
Epr,M3,CZ05,cPTAC,0,0,218877880676.92,0,0,218877880676.92,,,,
Epr,M3,CZ06,cPTAC,0,0,252229868591.23,0,0,252424383602.71,,,,
Epr,M3,CZ07,cPTAC,0,0,251431983750.59,0,0,251431983750.59,,,,
Epr,M3,CZ08,cPTAC,0,0,282208524429.3,0,0,282208524429.3,,,,
Epr,M3,CZ09,cPTAC,0,0,284380712326.35,0,0,284380712326.35,,,,
Epr,M3,CZ10,cPTAC,0,0,284084188854.33,0,0,284084188854.33,,,,
Epr,M3,CZ11,cPTAC,0,0,282825213972.34,0,0,282825213972.34,,,,
Epr,M3,CZ12,cPTAC,0,0,255790364054.37,0,0,255790364054.37,,,,
Epr,M3,CZ13,cPTAC,0,0,300071310418.64,0,0,300071310418.64,,,,
Epr,M3,CZ14,cPTAC,0,0,290849245617.13,0,0,290849245617.13,,,,
Epr,M3,CZ15,cPTAC,0,0,386993831361.44,0,0,386993831361.44,,,,
Epr,M3,CZ16,cPTAC,0,0,209886473602.71,0,0,209886473602.71,,,,
Epr,M3,CZ01,cPVVG,13932302669.77,0,8102572.14,22916422586.96,0,163484846719.63,,,,
Epr,M3,CZ02,cPVVG,14801384686.05,0,1105676943.14,20258201604.81,0,222109854513.17,,,,
Epr,M3,CZ03,cPVVG,7296067169.54,0,332373786.55,10286858194.97,0,213701520950.96,,,,
Epr,M3,CZ04,cPVVG,11252028373.82,0,3205205436.16,14559131238.74,0,257568084011.07,,,,
Epr,M3,CZ05,cPVVG,4419240767.63,0,320592530.35,6237417233.83,0,217111883231.3,,,,
Epr,M3,CZ06,cPVVG,29357770.1,0,1585314551.05,482886730.3,0,250429282573.9,,,,
Epr,M3,CZ07,cPVVG,0,0,1583000062.99,336917067.14,0,249405075137.82,,,,
Epr,M3,CZ08,cPVVG,174638501.53,0,4027752313.39,885306237,0,280051129328.32,,,,
Epr,M3,CZ09,cPVVG,1267414326.14,0,4649431272.27,2337525985,0,282188136447.88,,,,
Epr,M3,CZ10,cPVVG,912038388.26,0,3828542028.92,1672992252.12,0,281925273358.73,,,,
Epr,M3,CZ11,cPVVG,17235119880.78,0,8995140801.03,22422107455.99,0,280811232090.39,,,,
Epr,M3,CZ12,cPVVG,18385932528.76,0,4032856362.15,23032710400.44,0,253999173397.6,,,,
Epr,M3,CZ13,cPVVG,18015950640.23,0,9318755084.88,21486011927.08,0,297955613689.68,,,,
Epr,M3,CZ14,cPVVG,10222314481.43,0,6537948184.15,13639182365.47,0,288634052586.8,,,,
Epr,M3,CZ15,cPVVG,630076348.07,0,19988891866.98,899209797.09,0,384156373834.09,,,,
Epr,M3,CZ16,cPVVG,21128826332.94,0,1828586840.74,35416337026.73,0,208416458547.1,,,,
ERC,M3,CZ01,cDXGF,7023154182.93,0,3408166379.96,7023154182.93,0,3408166379.96,,,,
ERC,M3,CZ02,cDXGF,4456797258.84,0,6906608625.4,4456797258.84,0,6906608625.4,,,,
ERC,M3,CZ03,cDXGF,2809225000.23,0,6259670912.53,2809225000.23,0,6259670912.53,,,,
ERC,M3,CZ04,cDXGF,3494946990.27,0,9098722909.16,3494946990.27,0,9098722909.16,,,,
ERC,M3,CZ05,cDXGF,2049256240.82,0,6469440818.19,2049256240.82,0,6469440818.19,,,,
ERC,M3,CZ06,cDXGF,432579863.33,0,8806691315.75,432579863.33,0,8806691315.75,,,,
ERC,M3,CZ07,cDXGF,289245762.41,0,8780525035.36,289245762.41,0,8780525035.36,,,,
ERC,M3,CZ08,cDXGF,561146453.36,0,10764771629.67,561146453.36,0,10764771629.67,,,,
ERC,M3,CZ09,cDXGF,914639913.57,0,10875804160.49,914639913.57,0,10875804160.49,,,,
ERC,M3,CZ10,cDXGF,764683037.8,0,10959269704.17,764683037.8,0,10959269704.17,,,,
ERC,M3,CZ11,cDXGF,4630125628.4,0,11144670442.86,4630125628.4,0,11144670442.86,,,,
ERC,M3,CZ12,cDXGF,4460838603.47,0,9181631626.59,4460838603.47,0,9181631626.59,,,,
ERC,M3,CZ13,cDXGF,3838900528.91,0,12254997083.32,3838900528.91,0,12254997083.32,,,,
ERC,M3,CZ14,cDXGF,3443072493.23,0,11346428963.23,3443072493.23,0,11346428963.23,,,,
ERC,M3,CZ15,cDXGF,274290790.84,0,18266887834.67,274290790.84,0,18266887834.67,,,,
ERC,M3,CZ16,cDXGF,8963521323.74,0,6388538753.66,8963521323.74,0,6388538753.66,,,,
ERC,M3,CZ01,cDXHP,0,1742124586.4,3387724958.77,0,1742124586.4,3387724958.77,,,,
ERC,M3,CZ02,cDXHP,0,1144976099.47,6960352310.24,0,1144976099.47,6960352310.24,,,,
ERC,M3,CZ03,cDXHP,0,688987637.16,6338801738.44,0,688987637.16,6338801738.44,,,,
ERC,M3,CZ04,cDXHP,0,925670002.6,9178006477.43,0,925670002.6,9178006477.43,,,,
ERC,M3,CZ05,cDXHP,0,509761531.84,6508377557.06,0,509761531.84,6508377557.06,,,,
ERC,M3,CZ06,cDXHP,0,103233814.03,8853216867.37,0,103233814.03,8853216867.37,,,,
ERC,M3,CZ07,cDXHP,0,68345471.43,8840623206.22,0,68345471.43,8840623206.22,,,,
ERC,M3,CZ08,cDXHP,0,136567377.15,10803824129.77,0,136567377.15,10803824129.77,,,,
ERC,M3,CZ09,cDXHP,0,226948476.71,10907742519.5,0,226948476.71,10907742519.5,,,,
ERC,M3,CZ10,cDXHP,0,190413268.64,10980726859.37,0,190413268.64,10980726859.37,,,,
ERC,M3,CZ11,cDXHP,0,1196498499.3,11208123243.19,0,1196498499.3,11208123243.19,,,,
ERC,M3,CZ12,cDXHP,0,1138186197.29,9244428589.87,0,1138186197.29,9244428589.87,,,,
ERC,M3,CZ13,cDXHP,0,976020589.87,12291164170.53,0,976020589.87,12291164170.53,,,,
ERC,M3,CZ14,cDXHP,0,946191938.96,11433276466.02,0,946191938.96,11433276466.02,,,,
ERC,M3,CZ15,cDXHP,0,70102022.19,18266888507.3,0,70102022.19,18266888507.3,,,,
ERC,M3,CZ16,cDXHP,0,2542139559.36,6348530230.88,0,2542139559.36,6348530230.88,,,,
ERC,M3,CZ01,cPTAC,0,0,3259903279.04,0,0,3259903279.04,,,,
ERC,M3,CZ02,cPTAC,0,0,6818527593.83,0,0,6818527593.83,,,,
ERC,M3,CZ03,cPTAC,0,0,6182553835.54,0,0,6182553835.54,,,,
ERC,M3,CZ04,cPTAC,0,0,9006577667.26,0,0,9006577667.26,,,,
ERC,M3,CZ05,cPTAC,0,0,6400950321.29,0,0,6400950321.29,,,,
ERC,M3,CZ06,cPTAC,0,0,8786414460.29,0,0,8786414460.29,,,,
ERC,M3,CZ07,cPTAC,0,0,8762074334.88,0,0,8762074334.88,,,,
ERC,M3,CZ08,cPTAC,0,0,10740712034.5,0,0,10740712034.5,,,,
ERC,M3,CZ09,cPTAC,0,0,10841582502.48,0,0,10841582502.48,,,,
ERC,M3,CZ10,cPTAC,0,0,10927177751.54,0,0,10927177751.54,,,,
ERC,M3,CZ11,cPTAC,0,0,11082064787.02,0,0,11082064787.02,,,,
ERC,M3,CZ12,cPTAC,0,0,9104274997.92,0,0,9104274997.92,,,,
ERC,M3,CZ13,cPTAC,0,0,12193677802.03,0,0,12193677802.03,,,,
ERC,M3,CZ14,cPTAC,0,0,11262984232.57,0,0,11262984232.57,,,,
ERC,M3,CZ15,cPTAC,0,0,18257169757.41,0,0,18257169757.41,,,,
ERC,M3,CZ16,cPTAC,0,0,6263928986.69,0,0,6263928986.69,,,,
ERC,M3,CZ01,cPVVG,3059729844.44,0,0,7254386795.97,0,3361701496.48,,,,
ERC,M3,CZ02,cPVVG,2406218486.03,0,24950511.54,4612383300.64,0,6833871143.4,,,,
ERC,M3,CZ03,cPVVG,1417109025.29,0,0,2908519286.63,0,6191704556.85,,,,
ERC,M3,CZ04,cPVVG,2021895379.71,0,184210549.86,3621310282.21,0,9007327229.63,,,,
ERC,M3,CZ05,cPVVG,959284593.19,0,0,2120702228.15,0,6395923552.38,,,,
ERC,M3,CZ06,cPVVG,140808827.88,0,11850623.2,449011629.51,0,8717485780.47,,,,
ERC,M3,CZ07,cPVVG,8845574.23,0,14253231.61,300034765.18,0,8691410553.06,,,,
ERC,M3,CZ08,cPVVG,200850758.44,0,176195746.88,582173633.73,0,10663725735.49,,,,
ERC,M3,CZ09,cPVVG,487480438.93,0,226016900.23,950118217.4,0,10771530031.57,,,,
ERC,M3,CZ10,cPVVG,393508656.11,0,224514387.63,793716759.21,0,10858319129.81,,,,
ERC,M3,CZ11,cPVVG,2626790260.03,0,658420437.4,4801556698.6,0,11043314440.23,,,,
ERC,M3,CZ12,cPVVG,2760376681.39,0,233208374.15,4621576233.96,0,9095096667.97,,,,
ERC,M3,CZ13,cPVVG,2613742034.28,0,705921539.34,3983254160.58,0,12145913411.34,,,,
ERC,M3,CZ14,cPVVG,2083030083.56,0,517027667.28,3577012373.67,0,11236927336.98,,,,
ERC,M3,CZ15,cPVVG,169901421.3,0,1748820638.39,285306973.92,0,18115083833.82,,,,
ERC,M3,CZ16,cPVVG,4612177012.59,0,62159166.5,9339367814.59,0,6309794449.09,,,,
Ese,M3,CZ01,cDXGF,6900156377.25,0,185923151798.06,6900156377.25,0,186109667666.59,,,,
Ese,M3,CZ02,cDXGF,9246070732.94,0,243907195079.18,9246070732.94,0,243907195079.18,,,,
Ese,M3,CZ03,cDXGF,3389535182.6,0,234596885092.46,3389535182.6,0,234596885092.46,,,,
Ese,M3,CZ04,cDXGF,7155856766.86,0,282855914692.1,7155856766.86,0,282966829855.25,,,,
Ese,M3,CZ05,cDXGF,2967918939.57,0,241200826727.63,2967918939.57,0,241250766991.27,,,,
Ese,M3,CZ06,cDXGF,482741747.57,0,272218713068.07,482741747.57,0,275058162450.9,,,,
Ese,M3,CZ07,cDXGF,444800362.82,0,273229369142.25,444800362.82,0,273429193713.95,,,,
Ese,M3,CZ08,cDXGF,719843901.05,0,309747590383.58,719843901.05,0,309747590383.58,,,,
Ese,M3,CZ09,cDXGF,1419837702.5,0,313074998298.97,1419837702.5,0,313100748146.97,,,,
Ese,M3,CZ10,cDXGF,1742119155.31,0,311383302178.65,1742119155.31,0,311408418049.74,,,,
Ese,M3,CZ11,cDXGF,10635736498.18,0,308587526765.35,10635736498.18,0,308587526765.35,,,,
Ese,M3,CZ12,cDXGF,8033676372.82,0,277887681852.58,8033676372.82,0,277887681852.58,,,,
Ese,M3,CZ13,cDXGF,5881908995.14,0,324501599071.86,5881908995.14,0,324501599071.86,,,,
Ese,M3,CZ14,cDXGF,4166007011.29,0,316367073332.34,4166007011.29,0,316415094391.97,,,,
Ese,M3,CZ15,cDXGF,114776453.01,0,422389890176.66,114776453.01,0,422389890176.66,,,,
Ese,M3,CZ16,cDXGF,20374538762.39,0,233252594316.08,20374538762.39,0,233329618048.17,,,,
Ese,M3,CZ01,cDXHP,0,1774128704.76,185932150976.91,0,1774128704.76,185932150976.91,,,,
Ese,M3,CZ02,cDXHP,0,2465251288.33,244293452822.65,0,2465251288.33,244293452822.65,,,,
Ese,M3,CZ03,cDXHP,0,839660735.57,235065614360.25,0,839660735.57,235065614360.25,,,,
Ese,M3,CZ04,cDXHP,0,1936005712.12,283812155004.92,0,1936005712.12,283812155004.92,,,,
Ese,M3,CZ05,cDXHP,0,756597344.76,241490013261.05,0,756597344.76,241490013261.05,,,,
Ese,M3,CZ06,cDXHP,0,117405431.82,275857516861.46,0,117405431.82,275857516861.46,,,,
Ese,M3,CZ07,cDXHP,0,107514695.56,274054013328.22,0,107514695.56,274054013328.22,,,,
Ese,M3,CZ08,cDXHP,0,178431534.79,310242587071.62,0,178431534.79,310242587071.62,,,,
Ese,M3,CZ09,cDXHP,0,358483465.34,313395987800.6,0,358483465.34,313395987800.6,,,,
Ese,M3,CZ10,cDXHP,0,445843379.59,311538703050.91,0,445843379.59,311538703050.91,,,,
Ese,M3,CZ11,cDXHP,0,2847575971.98,309607735701.49,0,2847575971.98,309607735701.49,,,,
Ese,M3,CZ12,cDXHP,0,2118643153.61,278684977439.44,0,2118643153.61,278684977439.44,,,,
Ese,M3,CZ13,cDXHP,0,1538435553.26,325257963099.99,0,1538435553.26,325257963099.99,,,,
Ese,M3,CZ14,cDXHP,0,1213314363.22,317733324968.58,0,1213314363.22,317733324968.58,,,,
Ese,M3,CZ15,cDXHP,0,29826663.91,422458955829.33,0,29826663.91,422458955829.33,,,,
Ese,M3,CZ16,cDXHP,0,6105579938.41,231976391661.77,0,6105579938.41,231976391661.77,,,,
Ese,M3,CZ01,cPTAC,0,0,185641844818.75,0,0,185828360518.13,,,,
Ese,M3,CZ02,cPTAC,0,0,243605350506.72,0,0,243605350506.72,,,,
Ese,M3,CZ03,cPTAC,0,0,234449017475.79,0,0,234449017475.79,,,,
Ese,M3,CZ04,cPTAC,0,0,282621365583.55,0,0,282732280746.68,,,,
Ese,M3,CZ05,cPTAC,0,0,241081163249.62,0,0,241131103512.03,,,,
Ese,M3,CZ06,cPTAC,0,0,272192649594.06,0,0,275032097580.49,,,,
Ese,M3,CZ07,cPTAC,0,0,273204680072.13,0,0,273404504643.83,,,,
Ese,M3,CZ08,cPTAC,0,0,309707315288.91,0,0,309707315288.91,,,,
Ese,M3,CZ09,cPTAC,0,0,313010077320.81,0,0,313035827168.81,,,,
Ese,M3,CZ10,cPTAC,0,0,311308512413.26,0,0,311333628284.35,,,,
Ese,M3,CZ11,cPTAC,0,0,308292536208.95,0,0,308292536208.95,,,,
Ese,M3,CZ12,cPTAC,0,0,277626157216.74,0,0,277626157216.74,,,,
Ese,M3,CZ13,cPTAC,0,0,324323511962.66,0,0,324323511962.66,,,,
Ese,M3,CZ14,cPTAC,0,0,316205876473.26,0,0,316253897532.89,,,,
Ese,M3,CZ15,cPTAC,0,0,422381709271.03,0,0,422381709271.03,,,,
Ese,M3,CZ16,cPTAC,0,0,232755610063.56,0,0,232832633795.66,,,,
Ese,M3,CZ01,cPVVG,3168033250.56,0,935410088.5,128673017628.67,0,213007188714.71,,,,
Ese,M3,CZ02,cPVVG,11966353091.06,0,4520313103.31,131272535256.26,0,462325612941.47,,,,
Ese,M3,CZ03,cPVVG,1878263766.35,0,3019666755.61,75411545121.87,0,386596892977.55,,,,
Ese,M3,CZ04,cPVVG,10372927590.82,0,8079872721.64,114213543863.78,0,597151854672.57,,,,
Ese,M3,CZ05,cPVVG,2035408111.38,0,3900437298.51,77524476309.52,0,418050400856.17,,,,
Ese,M3,CZ06,cPVVG,0,0,5876131042.88,24641243361.54,0,583136492671.34,,,,
Ese,M3,CZ07,cPVVG,0,0,5834679881.75,25288496730.05,0,587318387546,,,,
Ese,M3,CZ08,cPVVG,73107000.74,0,9634017245.93,31691302992.17,0,698245327463.47,,,,
Ese,M3,CZ09,cPVVG,1045075517.51,0,10724256734.23,39314092160.19,0,692757891861.43,,,,
Ese,M3,CZ10,cPVVG,2064076900.28,0,9988012122.09,52222571896.96,0,734010608305.86,,,,
Ese,M3,CZ11,cPVVG,13235310009.09,0,13905244092.09,112302826949.73,0,700238891244.25,,,,
Ese,M3,CZ12,cPVVG,10694760479.27,0,8083135384.36,106818591716.45,0,590468968527.16,,,,
Ese,M3,CZ13,cPVVG,8151731083.89,0,14254831756.72,83263058577.45,0,745765301058.04,,,,
Ese,M3,CZ14,cPVVG,5891943946.5,0,11098557464.15,73690989450.52,0,697372947185.7,,,,
Ese,M3,CZ15,cPVVG,116151594.47,0,30290736312.54,11624099802.98,0,1079731087070.28,,,,
Ese,M3,CZ16,cPVVG,32933973432.36,0,4864615232.51,177165121987.01,0,406382588395.59,,,,
Eun,M3,CZ01,cDXGF,84518732494.96,0,3613564009082.2,84518732494.96,0,3634832905614.83,,,,
Eun,M3,CZ02,cDXGF,71693028295.23,0,4331078948261.4,71693028295.23,0,4331436905655.09,,,,
Eun,M3,CZ03,cDXGF,35916092866.01,0,4204018361451.64,35916092866.01,0,4206814496864.56,,,,
Eun,M3,CZ04,cDXGF,63279729242.66,0,4783414144746.84,63279729242.66,0,4785612421863.04,,,,
Eun,M3,CZ05,cDXGF,29951209262.57,0,4296786589454.91,29951209262.57,0,4314797808938.01,,,,
Eun,M3,CZ06,cDXGF,5116556575.08,0,4565031965288.42,5116556575.08,0,4653622510233.71,,,,
Eun,M3,CZ07,cDXGF,2665763075.58,0,4605420011816.4,2665763075.58,0,4646586016501.31,,,,
Eun,M3,CZ08,cDXGF,7230519299.36,0,5027724134124.48,7230519299.36,0,5036385289059.16,,,,
Eun,M3,CZ09,cDXGF,14406432172.08,0,5087599132002.46,14406432172.08,0,5089158515807.79,,,,
Eun,M3,CZ10,cDXGF,8933930959.67,0,5030661056215.47,8933930959.67,0,5030661056215.47,,,,
Eun,M3,CZ11,cDXGF,88354941237.31,0,5008155255271.04,88354941237.31,0,5008155255271.04,,,,
Eun,M3,CZ12,cDXGF,59718975491.37,0,4675103788356.26,59718975491.37,0,4675269026011.22,,,,
Eun,M3,CZ13,cDXGF,45280126355.02,0,5170703463837.77,45280126355.02,0,5170703463837.77,,,,
Eun,M3,CZ14,cDXGF,50869856012.44,0,5136712328160.42,50869856012.44,0,5138704681798.78,,,,
Eun,M3,CZ15,cDXGF,4021819348.12,0,6271756897907.97,4021819348.12,0,6272221121157.72,,,,
Eun,M3,CZ16,cDXGF,179114825967.48,0,4190109922472.1,179114825967.48,0,4210477440886.16,,,,
Eun,M3,CZ01,cDXHP,0,21837196368.8,3620678009003.79,0,21837196368.8,3620678009003.79,,,,
Eun,M3,CZ02,cDXHP,0,19011224880.95,4328416912881.28,0,19011224880.95,4328416912881.28,,,,
Eun,M3,CZ03,cDXHP,0,8939800651.09,4203434099273.2,0,8939800651.09,4203434099273.2,,,,
Eun,M3,CZ04,cDXHP,0,17069994033.54,4786838091751.99,0,17069994033.54,4787475535089.51,,,,
Eun,M3,CZ05,cDXHP,0,7641013632.24,4308418860644.39,0,7641013632.24,4308418860644.39,,,,
Eun,M3,CZ06,cDXHP,0,1245520940.2,4652935638485.26,0,1245520940.2,4656636292021.43,,,,
Eun,M3,CZ07,cDXHP,0,646219515.06,4647261001727.77,0,646219515.06,4649431846728.98,,,,
Eun,M3,CZ08,cDXHP,0,1791801352.86,5038767829698.7,0,1791801352.86,5038949661696.06,,,,
Eun,M3,CZ09,cDXHP,0,3641432684.45,5089917167683.26,0,3641432684.45,5090105228908.18,,,,
Eun,M3,CZ10,cDXHP,0,2303367925.32,5031179489004.84,0,2303367925.32,5031179489004.84,,,,
Eun,M3,CZ11,cDXHP,0,23535590236.17,5013201099399.6,0,23535590236.17,5013201099399.6,,,,
Eun,M3,CZ12,cDXHP,0,15584420064.47,4679007955131.08,0,15584420064.47,4679007955131.08,,,,
Eun,M3,CZ13,cDXHP,0,11671040597.58,5176301436786.64,0,11671040597.58,5176301436786.64,,,,
Eun,M3,CZ14,cDXHP,0,14652338835.41,5147187765020.15,0,14652338835.41,5147187765020.15,,,,
Eun,M3,CZ15,cDXHP,0,1048835691.51,6272672911114.43,0,1048835691.51,6273137134364.18,,,,
Eun,M3,CZ16,cDXHP,0,52544779981.09,4189992415033.35,0,52544779981.09,4189992415033.35,,,,
Eun,M3,CZ01,cPTAC,0,0,3612037865068.89,0,0,3633416742916.48,,,,
Eun,M3,CZ02,cPTAC,0,0,4330490816559.8,0,0,4330959872562.37,,,,
Eun,M3,CZ03,cPTAC,0,0,4203046100624.37,0,0,4206024332368.44,,,,
Eun,M3,CZ04,cPTAC,0,0,4783221624079.28,0,0,4785419901195.48,,,,
Eun,M3,CZ05,cPTAC,0,0,4298062181851.53,0,0,4316073436940.65,,,,
Eun,M3,CZ06,cPTAC,0,0,4564936914788.64,0,0,4653411779161.57,,,,
Eun,M3,CZ07,cPTAC,0,0,4605292255006.31,0,0,4646458259861.85,,,,
Eun,M3,CZ08,cPTAC,0,0,5027427162957.84,0,0,5036088314457.74,,,,
Eun,M3,CZ09,cPTAC,0,0,5087290595521.43,0,0,5088849977787.49,,,,
Eun,M3,CZ10,cPTAC,0,0,5030294736792.74,0,0,5030294736792.74,,,,
Eun,M3,CZ11,cPTAC,0,0,5008213715558.88,0,0,5008213715558.88,,,,
Eun,M3,CZ12,cPTAC,0,0,4674691819800.7,0,0,4674857057455.66,,,,
Eun,M3,CZ13,cPTAC,0,0,5168615995030.43,0,0,5168615995030.43,,,,
Eun,M3,CZ14,cPTAC,0,0,5135231132548.34,0,0,5137223485141.66,,,,
Eun,M3,CZ15,cPTAC,0,0,6271552390825.1,0,0,6272016614074.86,,,,
Eun,M3,CZ16,cPTAC,0,0,4188788646184.87,0,0,4209041451558.7,,,,
Eun,M3,CZ01,cPVVG,1092953418.27,0,9460204361.47,87220414368.78,0,1761159289769.74,,,,
Eun,M3,CZ02,cPVVG,4574251371.98,0,22294413189.17,74176424698.4,0,2036016391179.04,,,,
Eun,M3,CZ03,cPVVG,784708462.17,0,18245840054.92,37190161001.37,0,1987024151966.22,,,,
Eun,M3,CZ04,cPVVG,6194218203.16,0,29947314396.42,65567454136.56,0,2219640317944.2,,,,
Eun,M3,CZ05,cPVVG,1261606896.87,0,21536316089.74,31007952166.73,0,2033041670563.75,,,,
Eun,M3,CZ06,cPVVG,0,0,27157212417.11,5314612739.99,0,2158621275798.48,,,,
Eun,M3,CZ07,cPVVG,0,0,24590450946.46,2769583533.16,0,2150416147315.69,,,,
Eun,M3,CZ08,cPVVG,0,0,35358572055.03,7506996354.61,0,2309927607990.26,,,,
Eun,M3,CZ09,cPVVG,51424627.56,0,38626751879.64,14965924365.09,0,2335958627555.47,,,,
Eun,M3,CZ10,cPVVG,22778400.9,0,30500668041.62,9275689649.14,0,2312007983934.18,,,,
Eun,M3,CZ11,cPVVG,12206834041.28,0,40456062600.78,91547011078.9,0,2310308941373.6,,,,
Eun,M3,CZ12,cPVVG,3525284773.59,0,28387805076.75,61797896882.3,0,2170327113412.68,,,,
Eun,M3,CZ13,cPVVG,1368282987.28,0,38732857399.86,46910341166.22,0,2365686358230.91,,,,
Eun,M3,CZ14,cPVVG,2176466723.15,0,35580540886.73,52842705674.32,0,2365239794361.99,,,,
Eun,M3,CZ15,cPVVG,104680168.88,0,69885047928.23,4179281716.56,0,2808093073675.29,,,,
Eun,M3,CZ16,cPVVG,16302113517.98,0,22551459938.31,186692337407.04,0,1989003248204.59,,,,
Gro,M3,CZ01,cDXGF,418455367983.23,0,34134538961.08,422349445328.54,0,34134538961.08,,,,
Gro,M3,CZ02,cDXGF,283242703965.1,0,114683635254.26,285459629056.53,0,114683635254.26,,,,
Gro,M3,CZ03,cDXGF,220530309806.21,0,84823116310.87,222051734192.95,0,84823116310.87,,,,
Gro,M3,CZ04,cDXGF,233079311397.65,0,173998607316.35,234495914597.47,0,173998607316.35,,,,
Gro,M3,CZ05,cDXGF,207495914160.17,0,85207995845.42,208416427653.57,0,85207995845.42,,,,
Gro,M3,CZ06,cDXGF,98758083597.94,0,140486671946.62,99161902032.33,0,140486671946.62,,,,
Gro,M3,CZ07,cDXGF,95214841297.3,0,143007053868.46,95547477918.08,0,143007053868.46,,,,
Gro,M3,CZ08,cDXGF,104999049146.24,0,204039246154.06,105420034629.13,0,204048116907.36,,,,
Gro,M3,CZ09,cDXGF,118882781649.33,0,208803150380.98,119601869045.15,0,208816875443.37,,,,
Gro,M3,CZ10,cDXGF,114890375314.52,0,214024634587.94,115603701249.28,0,214037959800.51,,,,
Gro,M3,CZ11,cDXGF,256859637461.93,0,232213314710.63,259533753663.44,0,232213314710.63,,,,
Gro,M3,CZ12,cDXGF,252166444092.89,0,179669044257.49,254549765477.34,0,179669044257.49,,,,
Gro,M3,CZ13,cDXGF,212906550070.88,0,260388807389.41,215152596782.78,0,260388807389.41,,,,
Gro,M3,CZ14,cDXGF,210112728062.43,0,231586783619.74,211906194735.97,0,231604859737.34,,,,
Gro,M3,CZ15,cDXGF,59364317976.91,0,411007384285.29,59750028929.73,0,411029929543.22,,,,
Gro,M3,CZ16,cDXGF,406562748076.12,0,109405816450.67,410329738419.67,0,109405816450.67,,,,
Gro,M3,CZ01,cDXHP,0,97024786104.09,33582459134.01,0,98936996679.82,33582459134.01,,,,
Gro,M3,CZ02,cDXHP,0,67188125601,114273680656.1,0,68625284001.95,114273680656.1,,,,
Gro,M3,CZ03,cDXHP,0,50495076257.39,83897203418.95,0,50978094326.51,83897203418.95,,,,
Gro,M3,CZ04,cDXHP,0,56452705246.47,173990890026.14,0,57522656419.28,173990890026.14,,,,
Gro,M3,CZ05,cDXHP,0,47544211434.93,84274055254.55,0,48013068460.25,84274055254.55,,,,
Gro,M3,CZ06,cDXHP,0,21970258642.84,138835831943.67,0,22036056617.99,138835831943.67,,,,
Gro,M3,CZ07,cDXHP,0,21078620224.04,141432683048.28,0,21128614656.67,141432683048.28,,,,
Gro,M3,CZ08,cDXHP,0,23700886196.63,203290880372.37,0,23780809160.88,203299760068.54,,,,
Gro,M3,CZ09,cDXHP,0,27370852424.42,208107455523.29,0,27583704975.4,208121180579.91,,,,
Gro,M3,CZ10,cDXHP,0,26468501272.72,213733690436.95,0,26682538978.57,213747015645.64,,,,
Gro,M3,CZ11,cDXHP,0,62022576907.93,232217769475.1,0,62937920861.58,232217769475.1,,,,
Gro,M3,CZ12,cDXHP,0,60227247388.09,179576328576.49,0,61218580380.15,179576328576.49,,,,
Gro,M3,CZ13,cDXHP,0,51058650041.6,260414082399.82,0,51783041719.84,260414082399.82,,,,
Gro,M3,CZ14,cDXHP,0,52233789135.9,231168940104.34,0,53266359004.81,231187016220.88,,,,
Gro,M3,CZ15,cDXHP,0,13629597293.54,411008531855,0,13710010788.79,411031077112.5,,,,
Gro,M3,CZ16,cDXHP,0,105659673678.6,107455232419.66,0,109219712495.2,107455232419.66,,,,
Gro,M3,CZ01,cPTAC,0,0,29761005626.87,0,0,29761005626.87,,,,
Gro,M3,CZ02,cPTAC,0,0,109845719524.94,0,0,109845719524.94,,,,
Gro,M3,CZ03,cPTAC,0,0,80699185208.46,0,0,80699185208.46,,,,
Gro,M3,CZ04,cPTAC,0,0,169740643083.27,0,0,169740643083.27,,,,
Gro,M3,CZ05,cPTAC,0,0,79653876017.65,0,0,79653876017.65,,,,
Gro,M3,CZ06,cPTAC,0,0,136994733107.64,0,0,136994733107.64,,,,
Gro,M3,CZ07,cPTAC,0,0,139508330874.75,0,0,139508330874.75,,,,
Gro,M3,CZ08,cPTAC,0,0,200448193391.05,0,0,200452611344.38,,,,
Gro,M3,CZ09,cPTAC,0,0,205264867773.43,0,0,205274007450.72,,,,
Gro,M3,CZ10,cPTAC,0,0,210566627546.98,0,0,210579949517.81,,,,
Gro,M3,CZ11,cPTAC,0,0,229335594738.85,0,0,229335594738.85,,,,
Gro,M3,CZ12,cPTAC,0,0,176550408934.9,0,0,176550408934.9,,,,
Gro,M3,CZ13,cPTAC,0,0,257854957143.93,0,0,257854957143.93,,,,
Gro,M3,CZ14,cPTAC,0,0,228325051534.36,0,0,228343125969.61,,,,
Gro,M3,CZ15,cPTAC,0,0,408818440398.67,0,0,408840985228.75,,,,
Gro,M3,CZ16,cPTAC,0,0,106318401851.29,0,0,106318401851.29,,,,
Gro,M3,CZ01,cPVVG,3134776943.1,0,0,423839098832.86,0,33461414039.6,,,,
Gro,M3,CZ02,cPVVG,2113449642.97,0,0,291109438084.67,0,113366877002.8,,,,
Gro,M3,CZ03,cPVVG,549269077.1,0,0,225531527675.02,0,83726083401,,,,
Gro,M3,CZ04,cPVVG,2072805464.96,0,0,240064282637.75,0,172163019383.69,,,,
Gro,M3,CZ05,cPVVG,516209371.89,0,0,211589379200.63,0,84091030348.58,,,,
Gro,M3,CZ06,cPVVG,9400031.95,0,0,101303704310.81,0,138760436093.6,,,,
Gro,M3,CZ07,cPVVG,0,0,0,97574577273.63,0,141263587482.04,,,,
Gro,M3,CZ08,cPVVG,48243302.36,0,0,107869283655.11,0,201847368177.45,,,,
Gro,M3,CZ09,cPVVG,231599254.92,0,0,122595077076.44,0,206551438547.69,,,,
Gro,M3,CZ10,cPVVG,142517531.61,0,0,118405164464.76,0,211804437562.05,,,,
Gro,M3,CZ11,cPVVG,2699765912.41,0,2474168.95,266854744679.78,0,229938222986.11,,,,
Gro,M3,CZ12,cPVVG,1843827390.97,0,0,261228965221.05,0,177806899481.79,,,,
Gro,M3,CZ13,cPVVG,1347749580.14,0,0,221163513622.05,0,257874090058.9,,,,
Gro,M3,CZ14,cPVVG,3276031156.58,0,0,217256307074.5,0,229185700828.62,,,,
Gro,M3,CZ15,cPVVG,174509217.79,0,5635577,61116679368.17,0,407249498330.4,,,,
Gro,M3,CZ16,cPVVG,10540610902.32,0,0,416770297525.99,0,107899282691.05,,,,
Htl,M3,CZ01,cDXGF,4286687079.94,0,195737885869.33,4286687079.94,0,195737885869.33,,,,
Htl,M3,CZ02,cDXGF,3994068773.25,0,249528382030.57,3994068773.25,0,249528382030.57,,,,
Htl,M3,CZ03,cDXGF,1645319536.55,0,247390027961.08,1645319536.55,0,247390027961.08,,,,
Htl,M3,CZ04,cDXGF,2676341628.96,0,286341185509.05,2676341628.96,0,286341185509.05,,,,
Htl,M3,CZ05,cDXGF,1055408907.22,0,251837952911.91,1055408907.22,0,251842632307.24,,,,
Htl,M3,CZ06,cDXGF,65845711.32,0,292866168261.15,65845711.32,0,292866168261.15,,,,
Htl,M3,CZ07,cDXGF,18713660.58,0,291279683847.16,18713660.58,0,291279683847.16,,,,
Htl,M3,CZ08,cDXGF,107594889.74,0,322190706905.94,107594889.74,0,322190706905.94,,,,
Htl,M3,CZ09,cDXGF,329903988.86,0,321368194180.07,329903988.86,0,321368194180.07,,,,
Htl,M3,CZ10,cDXGF,210144170.45,0,324053966661.51,210144170.45,0,324053966661.51,,,,
Htl,M3,CZ11,cDXGF,6772936988.09,0,309402172380.09,6772936988.09,0,309402172380.09,,,,
Htl,M3,CZ12,cDXGF,4725481623.75,0,278149892922.09,4725481623.75,0,278149892922.09,,,,
Htl,M3,CZ13,cDXGF,4353694781.75,0,325600385347.69,4353694781.75,0,325600385347.69,,,,
Htl,M3,CZ14,cDXGF,1527717040.28,0,320923618294.24,1527717040.28,0,320923618294.24,,,,
Htl,M3,CZ15,cDXGF,33602948.07,0,428440471522.48,33602948.07,0,428440471522.48,,,,
Htl,M3,CZ16,cDXGF,11851963011.13,0,238322726749.65,11851963011.13,0,238322726749.65,,,,
Htl,M3,CZ01,cDXHP,0,1069127811.21,194494988694.47,0,1069127811.21,194494988694.47,,,,
Htl,M3,CZ02,cDXHP,0,1027251405.82,249373706114.77,0,1027251405.82,249373706114.77,,,,
Htl,M3,CZ03,cDXHP,0,401785847.29,247046552354.46,0,401785847.29,247046552354.46,,,,
Htl,M3,CZ04,cDXHP,0,693677583.18,286448436219.74,0,693677583.18,286448436219.74,,,,
Htl,M3,CZ05,cDXHP,0,260691437.87,251182119382.29,0,260691437.87,251182119382.29,,,,
Htl,M3,CZ06,cDXHP,0,15932035.69,292847653784.49,0,15932035.69,292847653784.49,,,,
Htl,M3,CZ07,cDXHP,0,4517496.68,291253645851.1,0,4517496.68,291253645851.1,,,,
Htl,M3,CZ08,cDXHP,0,26325009.14,322257293528.14,0,26325009.14,322257293528.14,,,,
Htl,M3,CZ09,cDXHP,0,82746618.59,321435555867.45,0,82746618.59,321435555867.45,,,,
Htl,M3,CZ10,cDXHP,0,53022799.93,324134079579.99,0,53022799.93,324134079579.99,,,,
Htl,M3,CZ11,cDXHP,0,1746995926.12,309585517606.09,0,1746995926.12,309585517606.09,,,,
Htl,M3,CZ12,cDXHP,0,1206374823.3,278276795342.2,0,1206374823.3,278276795342.2,,,,
Htl,M3,CZ13,cDXHP,0,1103223447.67,325772525455.98,0,1103223447.67,325772525455.98,,,,
Htl,M3,CZ14,cDXHP,0,427390710.44,321212053401.39,0,427390710.44,321212053401.39,,,,
Htl,M3,CZ15,cDXHP,0,8706991.39,428447079481.38,0,8706991.39,428447079481.38,,,,
Htl,M3,CZ16,cDXHP,0,3466772120.64,236541628837.02,0,3466772120.64,236541628837.02,,,,
Htl,M3,CZ01,cPTAC,0,0,195610874487.5,0,0,195610874487.5,,,,
Htl,M3,CZ02,cPTAC,0,0,249397725634.93,0,0,249397725634.93,,,,
Htl,M3,CZ03,cPTAC,0,0,247329816785.69,0,0,247329816785.69,,,,
Htl,M3,CZ04,cPTAC,0,0,286266996065.5,0,0,286266996065.5,,,,
Htl,M3,CZ05,cPTAC,0,0,251793346309.38,0,0,251798025776.55,,,,
Htl,M3,CZ06,cPTAC,0,0,292861261849.67,0,0,292861261849.67,,,,
Htl,M3,CZ07,cPTAC,0,0,291277669560.59,0,0,291277669560.59,,,,
Htl,M3,CZ08,cPTAC,0,0,322182645857.05,0,0,322182645857.05,,,,
Htl,M3,CZ09,cPTAC,0,0,321351442196.96,0,0,321351442196.96,,,,
Htl,M3,CZ10,cPTAC,0,0,324039609764.64,0,0,324039609764.64,,,,
Htl,M3,CZ11,cPTAC,0,0,309274449891.85,0,0,309274449891.85,,,,
Htl,M3,CZ12,cPTAC,0,0,278018716206.41,0,0,278018716206.41,,,,
Htl,M3,CZ13,cPTAC,0,0,325517824735.18,0,0,325517824735.18,,,,
Htl,M3,CZ14,cPTAC,0,0,320859516559.3,0,0,320859516559.3,,,,
Htl,M3,CZ15,cPTAC,0,0,428437034671.92,0,0,428437034671.92,,,,
Htl,M3,CZ16,cPTAC,0,0,238108967114.79,0,0,238108967114.79,,,,
Htl,M3,CZ01,cPVVG,0,0,0,4328588184.22,0,193780563360.48,,,,
Htl,M3,CZ02,cPVVG,0,0,0,4085495477.9,0,247259989403.56,,,,
Htl,M3,CZ03,cPVVG,0,0,0,1675878107.33,0,245015293875.73,,,,
Htl,M3,CZ04,cPVVG,0,0,0,2750068800.31,0,283867809015.07,,,,
Htl,M3,CZ05,cPVVG,0,0,0,1076327765.23,0,249403544579.16,,,,
Htl,M3,CZ06,cPVVG,0,0,0,67854986.24,0,290323434844.78,,,,
Htl,M3,CZ07,cPVVG,0,0,0,19165794.73,0,288755442549.97,,,,
Htl,M3,CZ08,cPVVG,0,0,0,111066041.12,0,319495773970.65,,,,
Htl,M3,CZ09,cPVVG,0,0,0,341224077.52,0,318604911184.05,,,,
Htl,M3,CZ10,cPVVG,0,0,0,216940329.09,0,321297912063.79,,,,
Htl,M3,CZ11,cPVVG,0,0,4078243.99,6997929668.73,0,306815634853.85,,,,
Htl,M3,CZ12,cPVVG,0,0,0,4856625368,0,275789669674.65,,,,
Htl,M3,CZ13,cPVVG,0,0,7841732.59,4501632298.21,0,322927480349.02,,,,
Htl,M3,CZ14,cPVVG,0,0,1916772.48,1578590197.88,0,318091602776.73,,,,
Htl,M3,CZ15,cPVVG,0,0,86849886.83,34850329.64,0,425149951402.1,,,,
Htl,M3,CZ16,cPVVG,37204408.39,0,0,12259792114.24,0,235725029761.1,,,,
MBT,M3,CZ01,cDXGF,94770451793,0,452282485971.66,94770451793,0,454873668934.6,,,,
MBT,M3,CZ02,cDXGF,70501365190.52,0,645990749739.94,70501365190.52,0,654177402948.36,,,,
MBT,M3,CZ03,cDXGF,37131335743.29,0,621102405314.67,37131335743.29,0,629679516088.71,,,,
MBT,M3,CZ04,cDXGF,55638995701.19,0,774307829935.89,55638995701.19,0,784732267138.91,,,,
MBT,M3,CZ05,cDXGF,27908018188.64,0,632318046299.34,27908018188.64,0,638547354401.05,,,,
MBT,M3,CZ06,cDXGF,3167799651.71,0,781730149503.89,3167799651.71,0,786413651399.75,,,,
MBT,M3,CZ07,cDXGF,1594125812.5,0,787560298699.89,1594125812.5,0,787664471096.8,,,,
MBT,M3,CZ08,cDXGF,4329924465.08,0,887062926967.65,4329924465.08,0,887107777239.84,,,,
MBT,M3,CZ09,cDXGF,9639676766.15,0,894041437372.84,9639676766.15,0,894250157811.6,,,,
MBT,M3,CZ10,cDXGF,6854988347.38,0,901308017485.2,6854988347.38,0,901308017485.2,,,,
MBT,M3,CZ11,cDXGF,79206516209.47,0,886594164500.06,79206516209.47,0,887783995940.37,,,,
MBT,M3,CZ12,cDXGF,72542951987.51,0,781173350180.45,72542951987.51,0,784288292574.83,,,,
MBT,M3,CZ13,cDXGF,59817397990.89,0,949999386227.62,59817397990.89,0,950114684780.81,,,,
MBT,M3,CZ14,cDXGF,51031076255.59,0,913643363402.01,51031076255.59,0,914369322895.78,,,,
MBT,M3,CZ15,cDXGF,3684767327.03,0,1307720676409.94,3684767327.03,0,1307720676409.94,,,,
MBT,M3,CZ16,cDXGF,182257951481.95,0,624872780528.71,182257951481.95,0,624872780528.71,,,,
MBT,M3,CZ01,cDXHP,0,23955963029.41,453184825305.25,0,23955963029.41,453184825305.25,,,,
MBT,M3,CZ02,cDXHP,0,18066551480.59,653725226166.51,0,18066551480.59,653725226166.51,,,,
MBT,M3,CZ03,cDXHP,0,9053246074.12,628504043631.51,0,9053246074.12,628504043631.51,,,,
MBT,M3,CZ04,cDXHP,0,14347160825.78,784583291952.83,0,14347160825.78,784583291952.83,,,,
MBT,M3,CZ05,cDXHP,0,6877620604.88,636482473613.25,0,6877620604.88,636482473613.25,,,,
MBT,M3,CZ06,cDXHP,0,767710250.78,784480765442.44,0,767710250.78,784480765442.44,,,,
MBT,M3,CZ07,cDXHP,0,382910545.17,786269412511.53,0,382910545.17,786269412511.53,,,,
MBT,M3,CZ08,cDXHP,0,1062152961.57,888098598476.71,0,1062152961.57,888098598476.71,,,,
MBT,M3,CZ09,cDXHP,0,2425551368.35,895292643289.4,0,2425551368.35,895292643289.4,,,,
MBT,M3,CZ10,cDXHP,0,1736568743.24,902757778627.32,0,1736568743.24,902757778627.32,,,,
MBT,M3,CZ11,cDXHP,0,20539425254.09,890612321245.16,0,20539425254.09,890612321245.16,,,,
MBT,M3,CZ12,cDXHP,0,18367042385.34,784926127640.98,0,18367042385.34,784926127640.98,,,,
MBT,M3,CZ13,cDXHP,0,15012710097.45,952780430099.1,0,15012710097.45,952780430099.1,,,,
MBT,M3,CZ14,cDXHP,0,14156679605.31,915453475347.49,0,14156679605.31,915453475347.49,,,,
MBT,M3,CZ15,cDXHP,0,949514290.35,1308529125416.84,0,949514290.35,1308529125416.84,,,,
MBT,M3,CZ16,cDXHP,0,51762455636.42,621374666236.53,0,52080234488.75,621374666236.53,,,,
MBT,M3,CZ01,cPTAC,0,0,451354942447.45,0,0,453946122992.47,,,,
MBT,M3,CZ02,cPTAC,0,0,645097847826.85,0,0,653284500137.2,,,,
MBT,M3,CZ03,cPTAC,0,0,620619119095.03,0,0,629196228997.04,,,,
MBT,M3,CZ04,cPTAC,0,0,773434585428.97,0,0,783859022037.91,,,,
MBT,M3,CZ05,cPTAC,0,0,631519156286.7,0,0,637748463759.37,,,,
MBT,M3,CZ06,cPTAC,0,0,781624663306.73,0,0,786308165202.59,,,,
MBT,M3,CZ07,cPTAC,0,0,787491149514.68,0,0,787595321911.59,,,,
MBT,M3,CZ08,cPTAC,0,0,886915223557.14,0,0,886960073829.32,,,,
MBT,M3,CZ09,cPTAC,0,0,893756662931.16,0,0,893965384301.27,,,,
MBT,M3,CZ10,cPTAC,0,0,901092799125.31,0,0,901092799125.31,,,,
MBT,M3,CZ11,cPTAC,0,0,885787025761.87,0,0,887025517915.16,,,,
MBT,M3,CZ12,cPTAC,0,0,780490074571.55,0,0,783605016965.93,,,,
MBT,M3,CZ13,cPTAC,0,0,949531757031.99,0,0,949647055585.18,,,,
MBT,M3,CZ14,cPTAC,0,0,912937630994.35,0,0,913663590488.12,,,,
MBT,M3,CZ15,cPTAC,0,0,1307600708579.84,0,0,1307600708579.84,,,,
MBT,M3,CZ16,cPTAC,0,0,623604849332.9,0,0,623604849332.9,,,,
MBT,M3,CZ01,cPVVG,541557474.67,0,15007130.7,96809821608.34,0,450371281133.74,,,,
MBT,M3,CZ02,cPVVG,2190950805.33,0,1178867415.72,72654855396.82,0,647936299411.84,,,,
MBT,M3,CZ03,cPVVG,683866472.93,0,432771637.72,38227367234.95,0,623617431877.24,,,,
MBT,M3,CZ04,cPVVG,2405324405.09,0,2508037669.74,57436158537.91,0,777421645800.76,,,,
MBT,M3,CZ05,cPVVG,495674423.01,0,554889587.92,28739735350.5,0,632246931540.71,,,,
MBT,M3,CZ06,cPVVG,0,0,1858798947.64,3297737575.45,0,778929073544.36,,,,
MBT,M3,CZ07,cPVVG,0,0,1600812656.81,1659327472.54,0,780023531578.42,,,,
MBT,M3,CZ08,cPVVG,0,0,3730245386.06,4502219633.18,0,878886807342.59,,,,
MBT,M3,CZ09,cPVVG,0,0,4050121583.32,10008765515.36,0,885808777321.76,,,,
MBT,M3,CZ10,cPVVG,0,0,3436690275.89,7093915007.24,0,892921129680.36,,,,
MBT,M3,CZ11,cPVVG,4210591130.11,0,6368577474.56,81704676837.37,0,879845403475.28,,,,
MBT,M3,CZ12,cPVVG,2071288929.67,0,2905104662.22,74662282629.09,0,777125500937.44,,,,
MBT,M3,CZ13,cPVVG,978636415.76,0,6785261667.66,61565136872.41,0,941735400187.97,,,,
MBT,M3,CZ14,cPVVG,1276386251.18,0,4622934060.67,52862098396.65,0,905749091233.69,,,,
MBT,M3,CZ15,cPVVG,0,0,18899208792.63,3798488028.84,0,1296763937202.8,,,,
MBT,M3,CZ16,cPVVG,5958099327.36,0,1349724566.59,189288140597.11,0,617809293279.58,,,,
MFmCmn,M3,CZ01,cDXGF,35128998077.36,0,50624700822.76,35128998077.36,0,50863383078.93,,,,
MFmCmn,M3,CZ02,cDXGF,23806753644.78,0,92697817567.31,23806753644.78,0,93117759119.74,,,,
MFmCmn,M3,CZ03,cDXGF,14461356153.63,0,87728019439.06,14461356153.63,0,87769447786.28,,,,
MFmCmn,M3,CZ04,cDXGF,18439569463.85,0,117482957692.55,18439569463.85,0,119111068263.1,,,,
MFmCmn,M3,CZ05,cDXGF,10655536478.89,0,92752437603.17,10655536478.89,0,92992406699.49,,,,
MFmCmn,M3,CZ06,cDXGF,2343765494.02,0,110009200430.53,2343765494.02,0,115406308092.6,,,,
MFmCmn,M3,CZ07,cDXGF,1418915031.52,0,109691454174.52,1418915031.52,0,113826003035.22,,,,
MFmCmn,M3,CZ08,cDXGF,3058513368.66,0,132416792394.46,3058513368.66,0,135451426692.44,,,,
MFmCmn,M3,CZ09,cDXGF,5085886713.01,0,137369856553.52,5085886713.01,0,139401379018.12,,,,
MFmCmn,M3,CZ10,cDXGF,3701273132.15,0,128900454978.28,3701273132.15,0,129454826062.73,,,,
MFmCmn,M3,CZ11,cDXGF,27599494092.61,0,133617218432.23,27599494092.61,0,133987915007.15,,,,
MFmCmn,M3,CZ12,cDXGF,22842400008.75,0,113411827140.92,22842400008.75,0,114475270249.09,,,,
MFmCmn,M3,CZ13,cDXGF,19045978466.98,0,140585783081.89,19045978466.98,0,141599405773.99,,,,
MFmCmn,M3,CZ14,cDXGF,15430922825.67,0,136847066933.46,15430922825.67,0,137705029743.99,,,,
MFmCmn,M3,CZ15,cDXGF,1450952176.18,0,198470995350.95,1450952176.18,0,199039422929.11,,,,
MFmCmn,M3,CZ16,cDXGF,49991181523.1,0,87171536339.91,49991181523.1,0,88077778601.52,,,,
MFmCmn,M3,CZ01,cDXHP,0,8785436574.06,50454577736.74,0,8800942629,50454577736.74,,,,
MFmCmn,M3,CZ02,cDXHP,0,6111417565.15,92669135904.29,0,6111417565.15,92772941108.86,,,,
MFmCmn,M3,CZ03,cDXHP,0,3533005114.37,87262963725.89,0,3533005114.37,87262963725.89,,,,
MFmCmn,M3,CZ04,cDXHP,0,4804810311.76,117408810189.5,0,4804810311.76,118864084367.03,,,,
MFmCmn,M3,CZ05,cDXHP,0,2646788266.3,92425019180.7,0,2646788266.3,92425019180.7,,,,
MFmCmn,M3,CZ06,cDXHP,0,563538639,112199523847.34,0,563538639,115050668520.5,,,,
MFmCmn,M3,CZ07,cDXHP,0,339725349.7,111436305710.62,0,339725349.7,113452126079.24,,,,
MFmCmn,M3,CZ08,cDXHP,0,747691841.68,133128443913.61,0,747691841.68,135228738781.82,,,,
MFmCmn,M3,CZ09,cDXHP,0,1263844075.48,137426080463.97,0,1263844075.48,139235235520.55,,,,
MFmCmn,M3,CZ10,cDXHP,0,932437211.83,128773463686.61,0,932437211.83,129327834767.99,,,,
MFmCmn,M3,CZ11,cDXHP,0,7091280300.8,133582243912.51,0,7091280300.8,133909227586.58,,,,
MFmCmn,M3,CZ12,cDXHP,0,5807892048.33,113430911742.23,0,5807892048.33,114274967449.16,,,,
MFmCmn,M3,CZ13,cDXHP,0,4806104603.01,140509085981.67,0,4806104603.01,141522708658.97,,,,
MFmCmn,M3,CZ14,cDXHP,0,4240365765.62,136795480659.2,0,4240365765.62,137574928465.35,,,,
MFmCmn,M3,CZ15,cDXHP,0,369340335.97,198458239047.87,0,369340335.97,199026666624.83,,,,
MFmCmn,M3,CZ16,cDXHP,0,14289714978.31,87120034130.15,0,14299856104.36,87868257142.88,,,,
MFmCmn,M3,CZ01,cPTAC,0,0,50025148987.14,0,0,50254102373.44,,,,
MFmCmn,M3,CZ02,cPTAC,0,0,92234332467.11,0,0,92654272851.76,,,,
MFmCmn,M3,CZ03,cPTAC,0,0,87384032306.1,0,0,87425460653.32,,,,
MFmCmn,M3,CZ04,cPTAC,0,0,117068336138.51,0,0,118696414151.29,,,,
MFmCmn,M3,CZ05,cPTAC,0,0,92415233588.98,0,0,92655201980.63,,,,
MFmCmn,M3,CZ06,cPTAC,0,0,109918132619.93,0,0,115315200109.02,,,,
MFmCmn,M3,CZ07,cPTAC,0,0,109623455854.2,0,0,113757982062.66,,,,
MFmCmn,M3,CZ08,cPTAC,0,0,132301357148.32,0,0,135335962730.51,,,,
MFmCmn,M3,CZ09,cPTAC,0,0,137210674433.25,0,0,139242178653.31,,,,
MFmCmn,M3,CZ10,cPTAC,0,0,128776251727.93,0,0,129318190560.37,,,,
MFmCmn,M3,CZ11,cPTAC,0,0,133230601431.62,0,0,133601298004.89,,,,
MFmCmn,M3,CZ12,cPTAC,0,0,113058321924.45,0,0,114121764444.91,,,,
MFmCmn,M3,CZ13,cPTAC,0,0,140326214643.6,0,0,141339836960.77,,,,
MFmCmn,M3,CZ14,cPTAC,0,0,136481829669.36,0,0,137339790908.43,,,,
MFmCmn,M3,CZ15,cPTAC,0,0,198408078784.59,0,0,198976506285.52,,,,
MFmCmn,M3,CZ16,cPTAC,0,0,86435846499.17,0,0,87331954639.4,,,,
MFmCmn,M3,CZ01,cPVVG,862507847.46,0,836858514.73,36191257026.36,0,50268960249.1,,,,
MFmCmn,M3,CZ02,cPVVG,1198176721.63,0,2828793962.57,24784109109.99,0,92143219776.32,,,,
MFmCmn,M3,CZ03,cPVVG,578238544.69,0,2132189625.86,15052512721.46,0,86795984247.75,,,,
MFmCmn,M3,CZ04,cPVVG,1159726236.06,0,4035995264.78,19222275927.27,0,117963749410.18,,,,
MFmCmn,M3,CZ05,cPVVG,537481175.41,0,2427418522.18,11092309299.91,0,91964044588.73,,,,
MFmCmn,M3,CZ06,cPVVG,0,0,3320365615.91,2444279599.48,0,114240639455.53,,,,
MFmCmn,M3,CZ07,cPVVG,0,0,2911370436.87,1480005393.01,0,112651399575.87,,,,
MFmCmn,M3,CZ08,cPVVG,723900.16,0,4728747059.79,3189247327.68,0,134132027467.11,,,,
MFmCmn,M3,CZ09,cPVVG,86736988.13,0,5180858773.62,5307965631.18,0,138022950010.27,,,,
MFmCmn,M3,CZ10,cPVVG,23288926.18,0,4077457114.84,3861222256.54,0,128181283711.59,,,,
MFmCmn,M3,CZ11,cPVVG,1933670684.74,0,5777840531.94,28770817510.91,0,132731755314.32,,,,
MFmCmn,M3,CZ12,cPVVG,1364890479.76,0,3923618704.48,23789291157.18,0,113378599302.91,,,,
MFmCmn,M3,CZ13,cPVVG,1096689370.61,0,5642667743.89,19852921220.29,0,140287683983.77,,,,
MFmCmn,M3,CZ14,cPVVG,676077622.87,0,4948854918.06,16130389415.4,0,136362300891.66,,,,
MFmCmn,M3,CZ15,cPVVG,32648626.16,0,10374741508.82,1514524282.14,0,197298438251.16,,,,
MFmCmn,M3,CZ16,cPVVG,4020188981.12,0,2706539451.49,52497127250.56,0,87049981931.53,,,,
MLI,M3,CZ01,cDXGF,357729224226.7,0,248226851231.25,357729224226.7,0,248226851231.25,,,,
MLI,M3,CZ02,cDXGF,228178222258.56,0,456680616074.9,228178222258.56,0,456680616074.9,,,,
MLI,M3,CZ03,cDXGF,145798162803.66,0,401018077722.34,145798162803.66,0,401018077722.34,,,,
MLI,M3,CZ04,cDXGF,184349231558.6,0,590329499487.74,184349231558.6,0,590329499487.74,,,,
MLI,M3,CZ05,cDXGF,120419220180.68,0,402148478948.14,120419220180.68,0,402148478948.14,,,,
MLI,M3,CZ06,cDXGF,33216282962.78,0,557891964410.98,33216282962.78,0,557891964410.98,,,,
MLI,M3,CZ07,cDXGF,29237402675.42,0,566673112979.89,29237402675.42,0,566673112979.89,,,,
MLI,M3,CZ08,cDXGF,45076191914.23,0,688605730591.22,45076191914.23,0,688605730591.22,,,,
MLI,M3,CZ09,cDXGF,65842163120.29,0,691269097383.4,65842163120.29,0,691269097383.4,,,,
MLI,M3,CZ10,cDXGF,55978751624.51,0,712872935067.26,55978751624.51,0,712872935067.26,,,,
MLI,M3,CZ11,cDXGF,227775164473.53,0,700107438735.81,227775164473.53,0,700107438735.81,,,,
MLI,M3,CZ12,cDXGF,219917650045.96,0,601504776226.18,219917650045.96,0,601504776226.18,,,,
MLI,M3,CZ13,cDXGF,185134172070.07,0,781414326559.98,185134172070.07,0,781414326559.98,,,,
MLI,M3,CZ14,cDXGF,187754279207.05,0,718253697539.93,187754279207.05,0,718253697539.93,,,,
MLI,M3,CZ15,cDXGF,23809132713.14,0,1127370337004.73,23809132713.14,0,1127432940697.04,,,,
MLI,M3,CZ16,cDXGF,430819949621.98,0,423150782184.5,430819949621.98,0,423150782184.5,,,,
MLI,M3,CZ01,cDXHP,0,88829713030.17,245837203456.95,0,88829713030.17,245837203456.95,,,,
MLI,M3,CZ02,cDXHP,0,58319627072.34,453949509315.92,0,58319627072.34,453949509315.92,,,,
MLI,M3,CZ03,cDXHP,0,35306062932.56,398759908719.72,0,35306062932.56,398759908719.72,,,,
MLI,M3,CZ04,cDXHP,0,48262114615.32,588068852330.65,0,48262114615.32,588068852330.65,,,,
MLI,M3,CZ05,cDXHP,0,29676237266.29,399352519189.43,0,29676237266.29,399352519189.43,,,,
MLI,M3,CZ06,cDXHP,0,7796279536.54,553615882932.55,0,7796279536.54,553615882932.55,,,,
MLI,M3,CZ07,cDXHP,0,6808394852.26,563552036754.38,0,6808394852.26,563552036754.38,,,,
MLI,M3,CZ08,cDXHP,0,10752831824.09,683940441981.76,0,10752831824.09,683940441981.76,,,,
MLI,M3,CZ09,cDXHP,0,15924093654.83,686560288336.49,0,15924093654.83,686560288336.49,,,,
MLI,M3,CZ10,cDXHP,0,13816851110.55,708347250244.35,0,13816851110.55,708347250244.35,,,,
MLI,M3,CZ11,cDXHP,0,57988768218.83,697678470702.03,0,57988768218.83,697678470702.03,,,,
MLI,M3,CZ12,cDXHP,0,55566256387.58,598961816709.66,0,55566256387.58,598961816709.66,,,,
MLI,M3,CZ13,cDXHP,0,46377692671.68,778637267496.79,0,46377692671.68,778637267496.79,,,,
MLI,M3,CZ14,cDXHP,0,50724652632.65,713858620273.08,0,50724652632.65,713858620273.08,,,,
MLI,M3,CZ15,cDXHP,0,5941128582.97,1124337586608.23,0,5941128582.97,1124337586608.23,,,,
MLI,M3,CZ16,cDXHP,0,119125616364.09,419377698483.68,0,119125616364.09,419377698483.68,,,,
MLI,M3,CZ01,cPTAC,0,0,239118927243.01,0,0,239118927243.01,,,,
MLI,M3,CZ02,cPTAC,0,0,449814279001.71,0,0,449814279001.71,,,,
MLI,M3,CZ03,cPTAC,0,0,396996917727.55,0,0,396996917727.55,,,,
MLI,M3,CZ04,cPTAC,0,0,585121722403.83,0,0,585121722403.83,,,,
MLI,M3,CZ05,cPTAC,0,0,398627702556.13,0,0,398627702556.13,,,,
MLI,M3,CZ06,cPTAC,0,0,556871549646.98,0,0,556871549646.98,,,,
MLI,M3,CZ07,cPTAC,0,0,565732238162.65,0,0,565732238162.65,,,,
MLI,M3,CZ08,cPTAC,0,0,687255322331.92,0,0,687255322331.92,,,,
MLI,M3,CZ09,cPTAC,0,0,689378186450.81,0,0,689378186450.81,,,,
MLI,M3,CZ10,cPTAC,0,0,711176846988.01,0,0,711176846988.01,,,,
MLI,M3,CZ11,cPTAC,0,0,694901931893.14,0,0,694901931893.14,,,,
MLI,M3,CZ12,cPTAC,0,0,595630832595.32,0,0,595630832595.32,,,,
MLI,M3,CZ13,cPTAC,0,0,776482389838.8,0,0,776482389838.8,,,,
MLI,M3,CZ14,cPTAC,0,0,713358097145.46,0,0,713358097145.46,,,,
MLI,M3,CZ15,cPTAC,0,0,1126527148291.84,0,0,1126589751984.15,,,,
MLI,M3,CZ16,cPTAC,0,0,415628015413.62,0,0,415628015413.62,,,,
MLI,M3,CZ01,cPVVG,8853846.64,0,0,359879139475.19,0,243753660790.59,,,,
MLI,M3,CZ02,cPVVG,9404499.89,0,0,230058578327.39,0,448194222715.88,,,,
MLI,M3,CZ03,cPVVG,0,0,0,146923831649.53,0,393510901062.19,,,,
MLI,M3,CZ04,cPVVG,0,0,0,186023842917.34,0,579449181866.78,,,,
MLI,M3,CZ05,cPVVG,0,0,0,121499843499.01,0,394761277868.94,,,,
MLI,M3,CZ06,cPVVG,0,0,0,33912080764.91,0,549095113486.22,,,,
MLI,M3,CZ07,cPVVG,0,0,0,29568436843.1,0,557917560379.82,,,,
MLI,M3,CZ08,cPVVG,0,0,0,45660287730.94,0,677014624301.19,,,,
MLI,M3,CZ09,cPVVG,0,0,0,66358300814.2,0,679233128349.18,,,,
MLI,M3,CZ10,cPVVG,0,0,0,56825948372.36,0,700125350724.26,,,,
MLI,M3,CZ11,cPVVG,175122121.2,0,0,231149319640.11,0,687236231670.9,,,,
MLI,M3,CZ12,cPVVG,14051638.32,0,0,222179436556.37,0,590785089423.32,,,,
MLI,M3,CZ13,cPVVG,0,0,0,187970551107.7,0,768049690546.88,,,,
MLI,M3,CZ14,cPVVG,129797279.74,0,0,190494321836.23,0,702996073557.28,,,,
MLI,M3,CZ15,cPVVG,0,0,0,24587086496.35,0,1114821266547.81,,,,
MLI,M3,CZ16,cPVVG,1584360852.34,0,0,436776723929.18,0,413667918182.6,,,,
OfS,M3,CZ01,cDXGF,35128998077.36,0,50624700822.76,35128998077.36,0,50863383078.93,,,,
OfS,M3,CZ02,cDXGF,23806753644.78,0,92697817567.31,23806753644.78,0,93117759119.74,,,,
OfS,M3,CZ03,cDXGF,14461356153.63,0,87728019439.06,14461356153.63,0,87769447786.28,,,,
OfS,M3,CZ04,cDXGF,18439569463.85,0,117482957692.55,18439569463.85,0,119111068263.1,,,,
OfS,M3,CZ05,cDXGF,10655536478.89,0,92752437603.17,10655536478.89,0,92992406699.49,,,,
OfS,M3,CZ06,cDXGF,2343765494.02,0,110009200430.53,2343765494.02,0,115406308092.6,,,,
OfS,M3,CZ07,cDXGF,1418915031.52,0,109691454174.52,1418915031.52,0,113826003035.22,,,,
OfS,M3,CZ08,cDXGF,3058513368.66,0,132416792394.46,3058513368.66,0,135451426692.44,,,,
OfS,M3,CZ09,cDXGF,5085886713.01,0,137369856553.52,5085886713.01,0,139401379018.12,,,,
OfS,M3,CZ10,cDXGF,3701273132.15,0,128900454978.28,3701273132.15,0,129454826062.73,,,,
OfS,M3,CZ11,cDXGF,27599494092.61,0,133617218432.23,27599494092.61,0,133987915007.15,,,,
OfS,M3,CZ12,cDXGF,22842400008.75,0,113411827140.92,22842400008.75,0,114475270249.09,,,,
OfS,M3,CZ13,cDXGF,19045978466.98,0,140585783081.89,19045978466.98,0,141599405773.99,,,,
OfS,M3,CZ14,cDXGF,15430922825.67,0,136847066933.46,15430922825.67,0,137705029743.99,,,,
OfS,M3,CZ15,cDXGF,1450952176.18,0,198470995350.95,1450952176.18,0,199039422929.11,,,,
OfS,M3,CZ16,cDXGF,49991181523.1,0,87171536339.91,49991181523.1,0,88077778601.52,,,,
OfS,M3,CZ01,cDXHP,0,8785436574.06,50454577736.74,0,8800942629,50454577736.74,,,,
OfS,M3,CZ02,cDXHP,0,6111417565.15,92669135904.29,0,6111417565.15,92772941108.86,,,,
OfS,M3,CZ03,cDXHP,0,3533005114.37,87262963725.89,0,3533005114.37,87262963725.89,,,,
OfS,M3,CZ04,cDXHP,0,4804810311.76,117408810189.5,0,4804810311.76,118864084367.03,,,,
OfS,M3,CZ05,cDXHP,0,2646788266.3,92425019180.7,0,2646788266.3,92425019180.7,,,,
OfS,M3,CZ06,cDXHP,0,563538639,112199523847.34,0,563538639,115050668520.5,,,,
OfS,M3,CZ07,cDXHP,0,339725349.7,111436305710.62,0,339725349.7,113452126079.24,,,,
OfS,M3,CZ08,cDXHP,0,747691841.68,133128443913.61,0,747691841.68,135228738781.82,,,,
OfS,M3,CZ09,cDXHP,0,1263844075.48,137426080463.97,0,1263844075.48,139235235520.55,,,,
OfS,M3,CZ10,cDXHP,0,932437211.83,128773463686.61,0,932437211.83,129327834767.99,,,,
OfS,M3,CZ11,cDXHP,0,7091280300.8,133582243912.51,0,7091280300.8,133909227586.58,,,,
OfS,M3,CZ12,cDXHP,0,5807892048.33,113430911742.23,0,5807892048.33,114274967449.16,,,,
OfS,M3,CZ13,cDXHP,0,4806104603.01,140509085981.67,0,4806104603.01,141522708658.97,,,,
OfS,M3,CZ14,cDXHP,0,4240365765.62,136795480659.2,0,4240365765.62,137574928465.35,,,,
OfS,M3,CZ15,cDXHP,0,369340335.97,198458239047.87,0,369340335.97,199026666624.83,,,,
OfS,M3,CZ16,cDXHP,0,14289714978.31,87120034130.15,0,14299856104.36,87868257142.88,,,,
OfS,M3,CZ01,cPTAC,0,0,50025148987.14,0,0,50254102373.44,,,,
OfS,M3,CZ02,cPTAC,0,0,92234332467.11,0,0,92654272851.76,,,,
OfS,M3,CZ03,cPTAC,0,0,87384032306.1,0,0,87425460653.32,,,,
OfS,M3,CZ04,cPTAC,0,0,117068336138.51,0,0,118696414151.29,,,,
OfS,M3,CZ05,cPTAC,0,0,92415233588.98,0,0,92655201980.63,,,,
OfS,M3,CZ06,cPTAC,0,0,109918132619.93,0,0,115315200109.02,,,,
OfS,M3,CZ07,cPTAC,0,0,109623455854.2,0,0,113757982062.66,,,,
OfS,M3,CZ08,cPTAC,0,0,132301357148.32,0,0,135335962730.51,,,,
OfS,M3,CZ09,cPTAC,0,0,137210674433.25,0,0,139242178653.31,,,,
OfS,M3,CZ10,cPTAC,0,0,128776251727.93,0,0,129318190560.37,,,,
OfS,M3,CZ11,cPTAC,0,0,133230601431.62,0,0,133601298004.89,,,,
OfS,M3,CZ12,cPTAC,0,0,113058321924.45,0,0,114121764444.91,,,,
OfS,M3,CZ13,cPTAC,0,0,140326214643.6,0,0,141339836960.77,,,,
OfS,M3,CZ14,cPTAC,0,0,136481829669.36,0,0,137339790908.43,,,,
OfS,M3,CZ15,cPTAC,0,0,198408078784.59,0,0,198976506285.52,,,,
OfS,M3,CZ16,cPTAC,0,0,86435846499.17,0,0,87331954639.4,,,,
OfS,M3,CZ01,cPVVG,862507847.46,0,836858514.73,36191257026.36,0,50268960249.1,,,,
OfS,M3,CZ02,cPVVG,1198176721.63,0,2828793962.57,24784109109.99,0,92143219776.32,,,,
OfS,M3,CZ03,cPVVG,578238544.69,0,2132189625.86,15052512721.46,0,86795984247.75,,,,
OfS,M3,CZ04,cPVVG,1159726236.06,0,4035995264.78,19222275927.27,0,117963749410.18,,,,
OfS,M3,CZ05,cPVVG,537481175.41,0,2427418522.18,11092309299.91,0,91964044588.73,,,,
OfS,M3,CZ06,cPVVG,0,0,3320365615.91,2444279599.48,0,114240639455.53,,,,
OfS,M3,CZ07,cPVVG,0,0,2911370436.87,1480005393.01,0,112651399575.87,,,,
OfS,M3,CZ08,cPVVG,723900.16,0,4728747059.79,3189247327.68,0,134132027467.11,,,,
OfS,M3,CZ09,cPVVG,86736988.13,0,5180858773.62,5307965631.18,0,138022950010.27,,,,
OfS,M3,CZ10,cPVVG,23288926.18,0,4077457114.84,3861222256.54,0,128181283711.59,,,,
OfS,M3,CZ11,cPVVG,1933670684.74,0,5777840531.94,28770817510.91,0,132731755314.32,,,,
OfS,M3,CZ12,cPVVG,1364890479.76,0,3923618704.48,23789291157.18,0,113378599302.91,,,,
OfS,M3,CZ13,cPVVG,1096689370.61,0,5642667743.89,19852921220.29,0,140287683983.77,,,,
OfS,M3,CZ14,cPVVG,676077622.87,0,4948854918.06,16130389415.4,0,136362300891.66,,,,
OfS,M3,CZ15,cPVVG,32648626.16,0,10374741508.82,1514524282.14,0,197298438251.16,,,,
OfS,M3,CZ16,cPVVG,4020188981.12,0,2706539451.49,52497127250.56,0,87049981931.53,,,,
RFF,M3,CZ01,cDXGF,7325736565.1,0,18673319626.24,7325736565.1,0,18673319626.24,,,,
RFF,M3,CZ02,cDXGF,6917927298.62,0,31686675205.05,6917927298.62,0,31686675205.05,,,,
RFF,M3,CZ03,cDXGF,3323137804.95,0,29801565263.65,3323137804.95,0,29801565263.65,,,,
RFF,M3,CZ04,cDXGF,5022698612.57,0,39908822699.55,5022698612.57,0,39919587880.08,,,,
RFF,M3,CZ05,cDXGF,2538769310.68,0,31210366522.03,2538769310.68,0,31318832917.74,,,,
RFF,M3,CZ06,cDXGF,651047381.41,0,39039731248.5,651047381.41,0,39206287840.71,,,,
RFF,M3,CZ07,cDXGF,463858912.95,0,38176602079.29,463858912.95,0,38193851192.5,,,,
RFF,M3,CZ08,cDXGF,874249705.14,0,45348803782.35,874249705.14,0,45353573000.54,,,,
RFF,M3,CZ09,cDXGF,1465065247.24,0,47051456962.44,1465065247.24,0,47061746925.74,,,,
RFF,M3,CZ10,cDXGF,1791137311.94,0,45900789873.34,1791137311.94,0,45910295535.06,,,,
RFF,M3,CZ11,cDXGF,7152331325.65,0,45502157436.4,7152331325.65,0,45508509435.5,,,,
RFF,M3,CZ12,cDXGF,6072763487.83,0,39385043871.22,6072763487.83,0,39387402638.49,,,,
RFF,M3,CZ13,cDXGF,4744520932.37,0,47908785237.45,4744520932.37,0,47912610769.95,,,,
RFF,M3,CZ14,cDXGF,2911678753.97,0,47081521463.27,2911678753.97,0,47083269929.75,,,,
RFF,M3,CZ15,cDXGF,228784183.14,0,67525719877.83,228784183.14,0,67528003226.34,,,,
RFF,M3,CZ16,cDXGF,12247659362.04,0,31776866554.61,12247659362.04,0,31776866554.61,,,,
RFF,M3,CZ01,cDXHP,0,1846206343.39,18656002114.21,0,1848007512.33,18656002114.21,,,,
RFF,M3,CZ02,cDXHP,0,1777346480.51,31961710693.43,0,1780024825.32,31961710693.43,,,,
RFF,M3,CZ03,cDXHP,0,815321480.81,29886221068.15,0,815321480.81,29886221068.15,,,,
RFF,M3,CZ04,cDXHP,0,1315891935.77,40328845948.7,0,1316507810.81,40332157300.22,,,,
RFF,M3,CZ05,cDXHP,0,631973126.4,31341456763.79,0,631973126.4,31341456763.79,,,,
RFF,M3,CZ06,cDXHP,0,155806081.76,39204816575.64,0,155806081.76,39206027572.17,,,,
RFF,M3,CZ07,cDXHP,0,110177978.28,38236208570.6,0,110177978.28,38236208570.6,,,,
RFF,M3,CZ08,cDXHP,0,212848169.47,45582507813.11,0,212848169.47,45587277030.97,,,,
RFF,M3,CZ09,cDXHP,0,363190608.65,47254364810.69,0,363190608.65,47264654766.36,,,,
RFF,M3,CZ10,cDXHP,0,445442155.45,46114213098.59,0,445442155.45,46123718756.19,,,,
RFF,M3,CZ11,cDXHP,0,1845403090.15,45806394062.4,0,1846078011.02,45812746060.66,,,,
RFF,M3,CZ12,cDXHP,0,1549859054.41,39694814161.41,0,1550439620.89,39696390366.93,,,,
RFF,M3,CZ13,cDXHP,0,1207567829.23,48161849621.82,0,1207567829.23,48165675153.91,,,,
RFF,M3,CZ14,cDXHP,0,814672708.24,47335925066.51,0,814672708.24,47337673528.57,,,,
RFF,M3,CZ15,cDXHP,0,58146113.24,67525700718.78,0,58146113.24,67527984067.3,,,,
RFF,M3,CZ16,cDXHP,0,3565653486.29,31568654303.24,0,3570613476.78,31568654303.24,,,,
RFF,M3,CZ01,cPTAC,0,0,18539881835.18,0,0,18539881835.18,,,,
RFF,M3,CZ02,cPTAC,0,0,31567568257.75,0,0,31567568257.75,,,,
RFF,M3,CZ03,cPTAC,0,0,29726951995.42,0,0,29726951995.42,,,,
RFF,M3,CZ04,cPTAC,0,0,39805494874.59,0,0,39816260055.12,,,,
RFF,M3,CZ05,cPTAC,0,0,31145531224.09,0,0,31253997600.98,,,,
RFF,M3,CZ06,cPTAC,0,0,39020594905.18,0,0,39187151496.53,,,,
RFF,M3,CZ07,cPTAC,0,0,38160940216.39,0,0,38178189329.53,,,,
RFF,M3,CZ08,cPTAC,0,0,45321499778.95,0,0,45326268997.14,,,,
RFF,M3,CZ09,cPTAC,0,0,47019195254.06,0,0,47029485217.36,,,,
RFF,M3,CZ10,cPTAC,0,0,45860840910.42,0,0,45870346572.14,,,,
RFF,M3,CZ11,cPTAC,0,0,45402797751.02,0,0,45409149750.12,,,,
RFF,M3,CZ12,cPTAC,0,0,39295951768.01,0,0,39298310535.28,,,,
RFF,M3,CZ13,cPTAC,0,0,47844473514.4,0,0,47848299046.9,,,,
RFF,M3,CZ14,cPTAC,0,0,47007271691.63,0,0,47009020158.11,,,,
RFF,M3,CZ15,cPTAC,0,0,67515910553.41,0,0,67518193901.93,,,,
RFF,M3,CZ16,cPTAC,0,0,31628289188.28,0,0,31628289188.28,,,,
RFF,M3,CZ01,cPVVG,18543400.42,0,7134632.87,7544001443.64,0,18437986037.63,,,,
RFF,M3,CZ02,cPVVG,83741838.43,0,24310232.78,7129507122.34,0,31358458897.21,,,,
RFF,M3,CZ03,cPVVG,1873033.61,0,21132737.22,3423209942.84,0,29460080715.22,,,,
RFF,M3,CZ04,cPVVG,49161310.19,0,47386276.97,5189493570.69,0,39554721339.24,,,,
RFF,M3,CZ05,cPVVG,5074068.61,0,18547715.65,2613775349.16,0,30957144488.42,,,,
RFF,M3,CZ06,cPVVG,0,0,58238736.43,676836226.56,0,38813480540.46,,,,
RFF,M3,CZ07,cPVVG,0,0,45708414.34,482306547.19,0,37799342902.76,,,,
RFF,M3,CZ08,cPVVG,0,0,74188016.79,910563191.6,0,44926716482.61,,,,
RFF,M3,CZ09,cPVVG,2523814.99,0,98376726.78,1526993612.18,0,46613475256.4,,,,
RFF,M3,CZ10,cPVVG,2351763.41,0,109823664.82,1862473968.64,0,45478463971.02,,,,
RFF,M3,CZ11,cPVVG,113826809.92,0,108625371.04,7436285831.51,0,45110195511.79,,,,
RFF,M3,CZ12,cPVVG,66505274.36,0,72461902.56,6292782555.98,0,39035721958.96,,,,
RFF,M3,CZ13,cPVVG,40066293.71,0,129643761.31,4939801143.42,0,47498242074.19,,,,
RFF,M3,CZ14,cPVVG,13420274.95,0,137555447.26,3024693585.67,0,46643730601.32,,,,
RFF,M3,CZ15,cPVVG,0,0,361205402.82,238765068.46,0,66975816464.51,,,,
RFF,M3,CZ16,cPVVG,519994203.4,0,94941074.42,12725069900.54,0,31385786478.29,,,,
Rt3,M3,CZ01,cDXGF,114227568856.56,0,1010133184493.37,114227568856.56,0,1010153948292.57,,,,
Rt3,M3,CZ02,cDXGF,153675581632.55,0,1248694010878.09,153675581632.55,0,1248694010878.09,,,,
Rt3,M3,CZ03,cDXGF,89563829531.04,0,1170635652562.74,89563829531.04,0,1170635652562.74,,,,
Rt3,M3,CZ04,cDXGF,144011885473.61,0,1421950899438.43,144011885473.61,0,1422143049928.8,,,,
Rt3,M3,CZ05,cDXGF,92188022775.88,0,1191619369962.48,92188022775.88,0,1191754574777.13,,,,
Rt3,M3,CZ06,cDXGF,27623377179.35,0,1357646893384.11,27623377179.35,0,1360813149206.77,,,,
Rt3,M3,CZ07,cDXGF,26824947486.03,0,1376175912097.4,26824947486.03,0,1376921835295.6,,,,
Rt3,M3,CZ08,cDXGF,32737143742.16,0,1538818891288.86,32737143742.16,0,1539375794353.68,,,,
Rt3,M3,CZ09,cDXGF,46410370303.84,0,1544086838657.52,46410370303.84,0,1544529860964.17,,,,
Rt3,M3,CZ10,cDXGF,75781979942.29,0,1624419322199.04,75781979942.29,0,1625018757083.89,,,,
Rt3,M3,CZ11,cDXGF,137841185569.5,0,1552834280214.48,137841185569.5,0,1552834280214.48,,,,
Rt3,M3,CZ12,cDXGF,124496681526.74,0,1413603564923.78,124496681526.74,0,1413603564923.78,,,,
Rt3,M3,CZ13,cDXGF,95136569631,0,1627641586751.56,95136569631,0,1627641586751.56,,,,
Rt3,M3,CZ14,cDXGF,82791736375.91,0,1562952917092.16,82791736375.91,0,1563025389778.14,,,,
Rt3,M3,CZ15,cDXGF,10183719072.21,0,2077809734098,10183719072.21,0,2077809734098,,,,
Rt3,M3,CZ16,cDXGF,205125745624.82,0,1206569335444.85,205125745624.82,0,1206569335444.85,,,,
Rt3,M3,CZ01,cDXHP,0,28562403099.32,1003184097451.28,0,28562403099.32,1003184097451.28,,,,
Rt3,M3,CZ02,cDXHP,0,39280087192.43,1246209717268.46,0,39280087192.43,1246209717268.46,,,,
Rt3,M3,CZ03,cDXHP,0,21640100522.94,1166000927086.52,0,21640100522.94,1166000927086.52,,,,
Rt3,M3,CZ04,cDXHP,0,37488748649.94,1422070518943.67,0,37488748649.94,1422150586376.26,,,,
Rt3,M3,CZ05,cDXHP,0,22542561683.35,1185688033656.8,0,22542561683.35,1185688033656.8,,,,
Rt3,M3,CZ06,cDXHP,0,6489427089.3,1355888531443.01,0,6489427089.3,1356162079938.32,,,,
Rt3,M3,CZ07,cDXHP,0,6258348740.47,1373150441771.1,0,6258348740.47,1373150441771.1,,,,
Rt3,M3,CZ08,cDXHP,0,7832969674.01,1539163387738.37,0,7832969674.01,1539243636739.31,,,,
Rt3,M3,CZ09,cDXHP,0,11301199148.75,1543810827854.7,0,11301199148.75,1543925838469.1,,,,
Rt3,M3,CZ10,cDXHP,0,18456658273.11,1625046455747.54,0,18456658273.11,1625420995368.8,,,,
Rt3,M3,CZ11,cDXHP,0,35316110556.7,1556815405821.18,0,35316110556.7,1556815405821.18,,,,
Rt3,M3,CZ12,cDXHP,0,31629578658.89,1415015567049.79,0,31629578658.89,1415015567049.79,,,,
Rt3,M3,CZ13,cDXHP,0,24078488347.9,1631319279423.91,0,24078488347.9,1631319279423.91,,,,
Rt3,M3,CZ14,cDXHP,0,22302344727.4,1564190705569.52,0,22302344727.4,1564190705569.52,,,,
Rt3,M3,CZ15,cDXHP,0,2545887716.8,2077831656652.65,0,2545887716.8,2077831656652.65,,,,
Rt3,M3,CZ16,cDXHP,0,58153884294.25,1193959323153.89,0,58153884294.25,1193959323153.89,,,,
Rt3,M3,CZ01,cPTAC,0,0,1004836184756.55,0,0,1004856948443.08,,,,
Rt3,M3,CZ02,cPTAC,0,0,1242890109430.39,0,0,1242890109430.39,,,,
Rt3,M3,CZ03,cPTAC,0,0,1167058722074.16,0,0,1167058722074.16,,,,
Rt3,M3,CZ04,cPTAC,0,0,1416583078983.29,0,0,1416775229445.12,,,,
Rt3,M3,CZ05,cPTAC,0,0,1187735613023.13,0,0,1187870817598.08,,,,
Rt3,M3,CZ06,cPTAC,0,0,1356643621863.96,0,0,1359809871780.98,,,,
Rt3,M3,CZ07,cPTAC,0,0,1375243767122.07,0,0,1375989688947.69,,,,
Rt3,M3,CZ08,cPTAC,0,0,1537608038320.21,0,0,1538164941428.79,,,,
Rt3,M3,CZ09,cPTAC,0,0,1542394329890.27,0,0,1542837352162.15,,,,
Rt3,M3,CZ10,cPTAC,0,0,1621975423452.46,0,0,1622574858292.48,,,,
Rt3,M3,CZ11,cPTAC,0,0,1548418162683.45,0,0,1548418162683.45,,,,
Rt3,M3,CZ12,cPTAC,0,0,1409203519341.35,0,0,1409203519341.35,,,,
Rt3,M3,CZ13,cPTAC,0,0,1624573925656.03,0,0,1624573925656.03,,,,
Rt3,M3,CZ14,cPTAC,0,0,1559631815735.41,0,0,1559704288421.38,,,,
Rt3,M3,CZ15,cPTAC,0,0,2077364787726.42,0,0,2077364787726.42,,,,
Rt3,M3,CZ16,cPTAC,0,0,1199421332470.93,0,0,1199421332470.93,,,,
Rt3,M3,CZ01,cPVVG,222160821.28,0,0,122493300181.4,0,1001871251937.57,,,,
Rt3,M3,CZ02,cPVVG,3814551368.92,0,183260787.98,166945434703.67,0,1254367734539.57,,,,
Rt3,M3,CZ03,cPVVG,428057480.73,0,8564701.85,96296430826.05,0,1172157281550.21,,,,
Rt3,M3,CZ04,cPVVG,5086816832.31,0,282788322.87,156646956989.02,0,1435725464156.21,,,,
Rt3,M3,CZ05,cPVVG,641470471.68,0,1732054.81,98548578966.18,0,1194993264701.48,,,,
Rt3,M3,CZ06,cPVVG,0,0,12815689.18,29545540782.1,0,1375873328409.32,,,,
Rt3,M3,CZ07,cPVVG,0,0,19245141.83,28723992721.77,0,1389702038740.74,,,,
Rt3,M3,CZ08,cPVVG,23443621.02,0,156529167.09,35128606852.94,0,1558465804259.31,,,,
Rt3,M3,CZ09,cPVVG,391706619.54,0,262148058.77,49970957701.47,0,1564372742745.61,,,,
Rt3,M3,CZ10,cPVVG,2110705405.4,0,374947809.3,81831531182.09,0,1650157837714.49,,,,
Rt3,M3,CZ11,cPVVG,4972610513.66,0,1217307558.72,150604508921.07,0,1573811480539.51,,,,
Rt3,M3,CZ12,cPVVG,3070296529.78,0,354571685.25,135936323119.12,0,1428723274880.52,,,,
Rt3,M3,CZ13,cPVVG,1722113902.78,0,1222473662.53,103688625250.23,0,1651271610398.3,,,,
Rt3,M3,CZ14,cPVVG,2087430896.95,0,206688512.86,89588568256.46,0,1582266460052.75,,,,
Rt3,M3,CZ15,cPVVG,27643354.14,0,6331718696.42,10862339040.32,0,2119700951771.56,,,,
Rt3,M3,CZ16,cPVVG,13183271926.39,0,111085791.7,223712708343.3,0,1209242862178.37,,,,
RtL,M3,CZ01,cDXGF,121640401319.19,0,1016984279783.84,121640401319.19,0,1016984279783.84,,,,
RtL,M3,CZ02,cDXGF,82033805452.04,0,1268382996307.75,82033805452.04,0,1268382996307.75,,,,
RtL,M3,CZ03,cDXGF,50802807285.02,0,1213759793433.18,50802807285.02,0,1213759793433.18,,,,
RtL,M3,CZ04,cDXGF,69546374405.53,0,1446539623618,69546374405.53,0,1446539623618,,,,
RtL,M3,CZ05,cDXGF,43026755789.93,0,1221437356711.3,43026755789.93,0,1221437356711.3,,,,
RtL,M3,CZ06,cDXGF,11666995029.2,0,1390328797235.96,11666995029.2,0,1390328797235.96,,,,
RtL,M3,CZ07,cDXGF,9426485624.48,0,1394366142467.66,9426485624.48,0,1394366142467.66,,,,
RtL,M3,CZ08,cDXGF,16010913069,0,1536798654096.6,16010913069,0,1536798654096.6,,,,
RtL,M3,CZ09,cDXGF,22817885042.06,0,1548342575000.33,22817885042.06,0,1548360773735.44,,,,
RtL,M3,CZ10,cDXGF,18080866527.34,0,1585045788813.19,18080866527.34,0,1585080500154.78,,,,
RtL,M3,CZ11,cDXGF,79481185373.16,0,1562999472481.69,79481185373.16,0,1562999472481.69,,,,
RtL,M3,CZ12,cDXGF,74334520599.96,0,1436198329382.28,74334520599.96,0,1436198329382.28,,,,
RtL,M3,CZ13,cDXGF,59597849704.28,0,1645909968218.05,59597849704.28,0,1645909968218.05,,,,
RtL,M3,CZ14,cDXGF,67389884772.21,0,1600572809073.78,67389884772.21,0,1600609897301.53,,,,
RtL,M3,CZ15,cDXGF,7763971207.28,0,2092065440414.44,7763971207.28,0,2092065440414.44,,,,
RtL,M3,CZ16,cDXGF,158204668400.07,0,1219057419948.34,158204668400.07,0,1219057419948.34,,,,
RtL,M3,CZ01,cDXHP,0,29371040943.08,1007679607910.92,0,29669855179.54,1007679607910.92,,,,
RtL,M3,CZ02,cDXHP,0,20600257788.95,1267684673479.73,0,20676106594.52,1267684673479.73,,,,
RtL,M3,CZ03,cDXHP,0,12089012746.53,1210953309856.68,0,12089012746.53,1210953309856.68,,,,
RtL,M3,CZ04,cDXHP,0,17908791773.84,1447300073174.71,0,17908791773.84,1447300073174.71,,,,
RtL,M3,CZ05,cDXHP,0,10385891943.9,1217139606225.01,0,10385891943.9,1217139606225.01,,,,
RtL,M3,CZ06,cDXHP,0,2719741118.23,1386505255088.13,0,2719741118.23,1386505255088.13,,,,
RtL,M3,CZ07,cDXHP,0,2181832656.51,1391578963531.36,0,2181832656.51,1391578963531.36,,,,
RtL,M3,CZ08,cDXHP,0,3786703539.36,1536939742632.33,0,3786703539.36,1536939742632.33,,,,
RtL,M3,CZ09,cDXHP,0,5511979172.7,1548421873555.69,0,5511979172.7,1548421873555.69,,,,
RtL,M3,CZ10,cDXHP,0,4406944183.9,1585543381658.04,0,4406944183.9,1585543381658.04,,,,
RtL,M3,CZ11,cDXHP,0,20091004911.88,1563756385478.79,0,20091004911.88,1563756385478.79,,,,
RtL,M3,CZ12,cDXHP,0,18624284077.75,1437209765514.85,0,18624284077.75,1437209765514.85,,,,
RtL,M3,CZ13,cDXHP,0,14837880658.1,1646868175587.85,0,14837880658.1,1646868175587.85,,,,
RtL,M3,CZ14,cDXHP,0,17691272117.46,1601227748158.09,0,17735966886.26,1601227748158.09,,,,
RtL,M3,CZ15,cDXHP,0,1926923334.03,2092065194397.8,0,1926923334.03,2092065194397.8,,,,
RtL,M3,CZ16,cDXHP,0,42196988474.4,1206297137203.51,0,43249393957.64,1206297137203.51,,,,
RtL,M3,CZ01,cPTAC,0,0,1010860933301.71,0,0,1010860933301.71,,,,
RtL,M3,CZ02,cPTAC,0,0,1264404166225.04,0,0,1264404166225.04,,,,
RtL,M3,CZ03,cPTAC,0,0,1211238823189.27,0,0,1211238823189.27,,,,
RtL,M3,CZ04,cPTAC,0,0,1443285813659.45,0,0,1443285813659.45,,,,
RtL,M3,CZ05,cPTAC,0,0,1219116890202.94,0,0,1219116890202.94,,,,
RtL,M3,CZ06,cPTAC,0,0,1389828515637.08,0,0,1389828515637.08,,,,
RtL,M3,CZ07,cPTAC,0,0,1393939424564.9,0,0,1393939424564.9,,,,
RtL,M3,CZ08,cPTAC,0,0,1536082885401.21,0,0,1536082885401.21,,,,
RtL,M3,CZ09,cPTAC,0,0,1547290934752.56,0,0,1547309133487.67,,,,
RtL,M3,CZ10,cPTAC,0,0,1584180846116.24,0,0,1584215557457.83,,,,
RtL,M3,CZ11,cPTAC,0,0,1559716506037.21,0,0,1559716506037.21,,,,
RtL,M3,CZ12,cPTAC,0,0,1432898441180.01,0,0,1432898441180.01,,,,
RtL,M3,CZ13,cPTAC,0,0,1643524734035.68,0,0,1643524734035.68,,,,
RtL,M3,CZ14,cPTAC,0,0,1597605842860.86,0,0,1597642931088.61,,,,
RtL,M3,CZ15,cPTAC,0,0,2091682369018.82,0,0,2091682369018.82,,,,
RtL,M3,CZ16,cPTAC,0,0,1211418956787.25,0,0,1211418956787.25,,,,
RtL,M3,CZ01,cPVVG,31234634.75,0,0,123042509619.03,0,1006611525381.86,,,,
RtL,M3,CZ02,cPVVG,28738218.44,0,0,84084570409.83,0,1256970445923.84,,,,
RtL,M3,CZ03,cPVVG,0,0,0,51380787397.89,0,1202857662073.52,,,,
RtL,M3,CZ04,cPVVG,41625093.86,0,2325498.72,71820324174.03,0,1433959228223.64,,,,
RtL,M3,CZ05,cPVVG,0,0,0,43636034226.88,0,1210142912236.86,,,,
RtL,M3,CZ06,cPVVG,0,0,0,12086871084.51,0,1377701405346.05,,,,
RtL,M3,CZ07,cPVVG,0,0,0,9744929657.9,0,1381683983488.36,,,,
RtL,M3,CZ08,cPVVG,0,0,0,16556872206.31,0,1523515744986.12,,,,
RtL,M3,CZ09,cPVVG,0,0,0,23667504340.07,0,1534766496636.64,,,,
RtL,M3,CZ10,cPVVG,0,0,0,18746737813.16,0,1571647672299.52,,,,
RtL,M3,CZ11,cPVVG,324401087.11,0,41934968.37,82425698186.77,0,1549951336888.87,,,,
RtL,M3,CZ12,cPVVG,5551289.14,0,6829419.45,77014520253.34,0,1423865648820.91,,,,
RtL,M3,CZ13,cPVVG,0,0,20242789.4,61829889905.34,0,1632413552663.47,,,,
RtL,M3,CZ14,cPVVG,342318330.19,0,501974.84,69852489190.88,0,1586515953104.17,,,,
RtL,M3,CZ15,cPVVG,0,0,33677757.16,8063401495.21,0,2075792731577.41,,,,
RtL,M3,CZ16,cPVVG,2486657459.05,0,1906938.36,161254156647.16,0,1205295850602.09,,,,
RtS,M3,CZ01,cDXGF,27492470945.88,0,38831620391.01,27492470945.88,0,38831620391.01,,,,
RtS,M3,CZ02,cDXGF,25593281369.31,0,68489935450.44,25593281369.31,0,68489935450.44,,,,
RtS,M3,CZ03,cDXGF,14206786901.39,0,62976824774.27,14206786901.39,0,62976824774.27,,,,
RtS,M3,CZ04,cDXGF,20223401621.07,0,89434470962.87,20223401621.07,0,89434470962.87,,,,
RtS,M3,CZ05,cDXGF,12034872579.33,0,65074146476.45,12034872579.33,0,65074146476.45,,,,
RtS,M3,CZ06,cDXGF,3392861766.27,0,86230251127.55,3392861766.27,0,86230251127.55,,,,
RtS,M3,CZ07,cDXGF,3186560214.12,0,85433974684.5,3186560214.12,0,85433974684.5,,,,
RtS,M3,CZ08,cDXGF,4224877949.43,0,103580466108.63,4224877949.43,0,103580466108.63,,,,
RtS,M3,CZ09,cDXGF,6214446880.23,0,106108478865.29,6214446880.23,0,106123872530.11,,,,
RtS,M3,CZ10,cDXGF,8630603900.36,0,109444064259.33,8630603900.36,0,109452502960.88,,,,
RtS,M3,CZ11,cDXGF,23653207727.01,0,105359377885.2,23653207727.01,0,105359377885.2,,,,
RtS,M3,CZ12,cDXGF,23020984065.72,0,88992057756.67,23020984065.72,0,88992057756.67,,,,
RtS,M3,CZ13,cDXGF,18633426291.88,0,112907714277.85,18633426291.88,0,112907714277.85,,,,
RtS,M3,CZ14,cDXGF,13039118678.43,0,107287852471.57,13039118678.43,0,107287852471.57,,,,
RtS,M3,CZ15,cDXGF,1292646369.07,0,164976790252.41,1292646369.07,0,164976790252.41,,,,
RtS,M3,CZ16,cDXGF,39010529651.29,0,65274022297.68,39010529651.29,0,65274022297.68,,,,
RtS,M3,CZ01,cDXHP,0,6709253562.1,38459102535.98,0,6725018817.81,38459102535.98,,,,
RtS,M3,CZ02,cDXHP,0,6381955965.07,68561282466.63,0,6400168044.43,68561282466.63,,,,
RtS,M3,CZ03,cDXHP,0,3387349483.42,62850411946.82,0,3387349483.42,62850411946.82,,,,
RtS,M3,CZ04,cDXHP,0,5139950540.22,89671189929.14,0,5139950540.22,89671189929.14,,,,
RtS,M3,CZ05,cDXHP,0,2896927981.25,64763326846.01,0,2896927981.25,64763326846.01,,,,
RtS,M3,CZ06,cDXHP,0,790952915.96,86014379958.62,0,790952915.96,86014379958.62,,,,
RtS,M3,CZ07,cDXHP,0,737226149.67,85242249928.82,0,737226149.67,85242249928.82,,,,
RtS,M3,CZ08,cDXHP,0,997259272.91,103655888431.42,0,997259272.91,103655888431.42,,,,
RtS,M3,CZ09,cDXHP,0,1494663117.54,106192157227.77,0,1494663117.54,106192157227.77,,,,
RtS,M3,CZ10,cDXHP,0,2072569310.15,109493567871.86,0,2072569310.15,109493567871.86,,,,
RtS,M3,CZ11,cDXHP,0,5959437529.82,105526645613.33,0,5959437529.82,105526645613.33,,,,
RtS,M3,CZ12,cDXHP,0,5749880182.58,89217549000.67,0,5749880182.58,89217549000.67,,,,
RtS,M3,CZ13,cDXHP,0,4632977102.53,113072049186.39,0,4632977102.53,113072049186.39,,,,
RtS,M3,CZ14,cDXHP,0,3424517848.28,107570449517.15,0,3424517848.28,107570449517.15,,,,
RtS,M3,CZ15,cDXHP,0,319200998.99,164976785430.66,0,319200998.99,164976785430.66,,,,
RtS,M3,CZ16,cDXHP,0,10785479117.11,64740950677.54,0,10879455686.82,64740950677.54,,,,
RtS,M3,CZ01,cPTAC,0,0,37856175621.11,0,0,37856175621.11,,,,
RtS,M3,CZ02,cPTAC,0,0,67766186208.34,0,0,67766186208.34,,,,
RtS,M3,CZ03,cPTAC,0,0,62517882889.88,0,0,62517882889.88,,,,
RtS,M3,CZ04,cPTAC,0,0,88823270422.43,0,0,88823270422.43,,,,
RtS,M3,CZ05,cPTAC,0,0,64659592542.59,0,0,64659592542.59,,,,
RtS,M3,CZ06,cPTAC,0,0,86113032661.68,0,0,86113032661.68,,,,
RtS,M3,CZ07,cPTAC,0,0,85325872600.83,0,0,85325872600.83,,,,
RtS,M3,CZ08,cPTAC,0,0,103428432750.67,0,0,103428432750.67,,,,
RtS,M3,CZ09,cPTAC,0,0,105900891617.43,0,0,105916285282.26,,,,
RtS,M3,CZ10,cPTAC,0,0,109177565595.63,0,0,109186004297.19,,,,
RtS,M3,CZ11,cPTAC,0,0,104751835969.63,0,0,104751835969.63,,,,
RtS,M3,CZ12,cPTAC,0,0,88429242121.51,0,0,88429242121.51,,,,
RtS,M3,CZ13,cPTAC,0,0,112473493015.56,0,0,112473493015.56,,,,
RtS,M3,CZ14,cPTAC,0,0,106823955673.16,0,0,106823955673.16,,,,
RtS,M3,CZ15,cPTAC,0,0,164925447508.54,0,0,164925447508.54,,,,
RtS,M3,CZ16,cPTAC,0,0,64308794157.42,0,0,64308794157.42,,,,
RtS,M3,CZ01,cPVVG,1125758.64,0,0,27887932024.92,0,38338569480.39,,,,
RtS,M3,CZ02,cPVVG,390787759.39,0,2956908.47,26026232582.54,0,67736579191.42,,,,
RtS,M3,CZ03,cPVVG,27143914.75,0,0,14405634062.46,0,62223213981.6,,,,
RtS,M3,CZ04,cPVVG,304434253.68,0,32200885.47,20631702127.58,0,88615410677.54,,,,
RtS,M3,CZ05,cPVVG,41066121.92,0,0,12201629068.02,0,64294009776.42,,,,
RtS,M3,CZ06,cPVVG,0,0,0,3488200358,0,85398393444.11,,,,
RtS,M3,CZ07,cPVVG,0,0,0,3277024972.5,0,84590151960.28,,,,
RtS,M3,CZ08,cPVVG,0,0,7824399.11,4363382163.76,0,102641778408.79,,,,
RtS,M3,CZ09,cPVVG,0,0,34033791.84,6424293902.75,0,105146812232.19,,,,
RtS,M3,CZ10,cPVVG,8064941.29,0,39272059.94,8891931198.53,0,108462265464.28,,,,
RtS,M3,CZ11,cPVVG,582674418.94,0,297260995.76,24462754384.99,0,104491259622.31,,,,
RtS,M3,CZ12,cPVVG,405103315.52,0,42450639.07,23665374671.02,0,88216088511.38,,,,
RtS,M3,CZ13,cPVVG,207870091.85,0,381034933.7,19318416543.69,0,111992441720.03,,,,
RtS,M3,CZ14,cPVVG,114236822.17,0,78435958.12,13407860059.68,0,106344346652.71,,,,
RtS,M3,CZ15,cPVVG,0,0,1950327324.98,1343657671.05,0,163723268273.29,,,,
RtS,M3,CZ16,cPVVG,2068628808.28,0,2223156.92,39887696861.06,0,64458527416.62,,,,
SCn,M3,CZ01,cDXGF,2282806181851.4,0,206409500750.84,2298005788787.78,0,206409500750.84,,,,
SCn,M3,CZ02,cDXGF,1426941697921.54,0,868051474667.43,1442932512605.91,0,868051474667.43,,,,
SCn,M3,CZ03,cDXGF,947261619301.01,0,629163854563.14,960527905606.1,0,629163854563.14,,,,
SCn,M3,CZ04,cDXGF,1107448949431.48,0,1307217836767.01,1115733568206.18,0,1312287390466.26,,,,
SCn,M3,CZ05,cDXGF,712848765048.74,0,584886598927.33,727097396877.87,0,584886598927.33,,,,
SCn,M3,CZ06,cDXGF,209931515519.26,0,1080106003934.7,218041731875.58,0,1088749525640.43,,,,
SCn,M3,CZ07,cDXGF,175760962437.17,0,1117053165578.21,186629065599.71,0,1118633900814.64,,,,
SCn,M3,CZ08,cDXGF,291434249453.76,0,1574042194873.98,301287336008.28,0,1582341050719.05,,,,
SCn,M3,CZ09,cDXGF,412794562830.89,0,1587305646548.16,429562083802.09,0,1602527543410.62,,,,
SCn,M3,CZ10,cDXGF,367076563664.15,0,1602056871493.56,383578268951.18,0,1643448041812.32,,,,
SCn,M3,CZ11,cDXGF,1478340614767.12,0,1692298220978.31,1494377432226.49,0,1740014396270.11,,,,
SCn,M3,CZ12,cDXGF,1436610602141.29,0,1376030041025.1,1459632420241.73,0,1390767962477.8,,,,
SCn,M3,CZ13,cDXGF,1243327090309.59,0,1970981196698.04,1255000900950.8,0,2015631302272.61,,,,
SCn,M3,CZ14,cDXGF,1141226001281.6,0,1723549384132.96,1157252577494.89,0,1744921972103.07,,,,
SCn,M3,CZ15,cDXGF,171604852963.87,0,2901924816861.54,182528166763.62,0,3105560960553.08,,,,
SCn,M3,CZ16,cDXGF,2601718546782.12,0,834265336447.87,2609952356211.07,0,836787316122.94,,,,
SCn,M3,CZ01,cDXHP,0,478453980229.87,208009034701.51,0,532154183511.68,208009034701.51,,,,
SCn,M3,CZ02,cDXHP,0,299843737154.14,867840404117.48,0,340476748394.17,867840404117.48,,,,
SCn,M3,CZ03,cDXHP,0,197124670615.17,638848457411,0,216325665802.28,638848457411,,,,
SCn,M3,CZ04,cDXHP,0,238852561680.47,1307039185133.88,0,268263384203.04,1312108738833.14,,,,
SCn,M3,CZ05,cDXHP,0,151046550436.37,588951485600.88,0,165480335502.06,588951485600.88,,,,
SCn,M3,CZ06,cDXHP,0,42990376655.08,1095547231255.35,0,47376634366.05,1099469175323.98,,,,
SCn,M3,CZ07,cDXHP,0,37510184349.31,1127503804145.7,0,40186029409.54,1127503804145.7,,,,
SCn,M3,CZ08,cDXHP,0,65015357942.13,1573976813324.7,0,67250082792.87,1582275669127.84,,,,
SCn,M3,CZ09,cDXHP,0,91349088094.84,1587192673664.22,0,96843678466.62,1602414570526.68,,,,
SCn,M3,CZ10,cDXHP,0,80582036352.92,1601900035082.96,0,86867410811.28,1643291205401.72,,,,
SCn,M3,CZ11,cDXHP,0,329895574024.88,1692250907437.74,0,354110119742.25,1739967082508.19,,,,
SCn,M3,CZ12,cDXHP,0,299447841126.53,1375936059092.53,0,339221277495.28,1390673980534.23,,,,
SCn,M3,CZ13,cDXHP,0,283019014377.25,1970913431159.89,0,295558155265.06,2015563536748,,,,
SCn,M3,CZ14,cDXHP,0,248205571284.14,1723352036593.98,0,287053868835.88,1744724624564.09,,,,
SCn,M3,CZ15,cDXHP,0,38750323322.69,2901896577896.78,0,42523687339.97,3105532721607.98,,,,
SCn,M3,CZ16,cDXHP,0,633971363889.11,840104342568.81,0,692168188048.48,840104342568.81,,,,
SCn,M3,CZ01,cPTAC,0,0,202550003351.71,0,0,202550003351.71,,,,
SCn,M3,CZ02,cPTAC,0,0,858852410779.16,0,0,858852410779.16,,,,
SCn,M3,CZ03,cPTAC,0,0,624923276456.96,0,0,624923276456.96,,,,
SCn,M3,CZ04,cPTAC,0,0,1298475712498.87,0,0,1303545266140.45,,,,
SCn,M3,CZ05,cPTAC,0,0,575845513853.07,0,0,575845513853.07,,,,
SCn,M3,CZ06,cPTAC,0,0,1074171506477.7,0,0,1082815028183.44,,,,
SCn,M3,CZ07,cPTAC,0,0,1111566584356.06,0,0,1113147319592.49,,,,
SCn,M3,CZ08,cPTAC,0,0,1565472102853.9,0,0,1573770958698.97,,,,
SCn,M3,CZ09,cPTAC,0,0,1575522145442.91,0,0,1590744042305.38,,,,
SCn,M3,CZ10,cPTAC,0,0,1591257921532.32,0,0,1632649091866.18,,,,
SCn,M3,CZ11,cPTAC,0,0,1687353678494.4,0,0,1735069853564.86,,,,
SCn,M3,CZ12,cPTAC,0,0,1371378115545.93,0,0,1386116037026.95,,,,
SCn,M3,CZ13,cPTAC,0,0,1966050772802.73,0,0,2010700878377.31,,,,
SCn,M3,CZ14,cPTAC,0,0,1717773985178.95,0,0,1739146573149.05,,,,
SCn,M3,CZ15,cPTAC,0,0,2898040010493.15,0,0,3101676153714.51,,,,
SCn,M3,CZ16,cPTAC,0,0,826529296069.99,0,0,829051275736.23,,,,
SCn,M3,CZ01,cPVVG,23020377507.23,0,0,2298046046165.87,0,191772939460.53,,,,
SCn,M3,CZ02,cPVVG,32049633889.36,0,0,1442957931035.81,0,816261352304.57,,,,
SCn,M3,CZ03,cPVVG,21765525478.49,0,0,960544797579.97,0,605605538403.84,,,,
SCn,M3,CZ04,cPVVG,31359760733.37,0,0,1115754016304.5,0,1268972457280.3,,,,
SCn,M3,CZ05,cPVVG,20626707998.56,0,0,727110504277.47,0,557472125645.9,,,,
SCn,M3,CZ06,cPVVG,4046159805.7,0,0,218046045529.47,0,1081575131042.09,,,,
SCn,M3,CZ07,cPVVG,1501305644.74,0,0,186632827330.37,0,1111307721943.35,,,,
SCn,M3,CZ08,cPVVG,6310894761.35,0,0,301293684321.4,0,1572987580659.7,,,,
SCn,M3,CZ09,cPVVG,16901774703.36,0,0,429571029812.66,0,1592950119052.09,,,,
SCn,M3,CZ10,cPVVG,15157964415.51,0,0,383585627967.41,0,1634985345197.8,,,,
SCn,M3,CZ11,cPVVG,40835726725.04,0,350570475.33,1494405167092.49,0,1731465823962.78,,,,
SCn,M3,CZ12,cPVVG,34374622107.69,0,0,1459658100953.74,0,1376468132838.05,,,,
SCn,M3,CZ13,cPVVG,24204282171.21,0,0,1255024899371.44,0,2006063976190.23,,,,
SCn,M3,CZ14,cPVVG,32712202088.24,0,200360339.91,1157274630531.58,0,1685115831926.94,,,,
SCn,M3,CZ15,cPVVG,17708605835.09,0,773281040.42,182532379393.04,0,3091661864572.55,,,,
SCn,M3,CZ16,cPVVG,47637947245.68,0,0,2610010105685.19,0,774596678399.14,,,,
Asm,M4,CZ01,cDXGF,0,0,0,1316288784845.8,0,50209720018.99,,,,
Asm,M4,CZ02,cDXGF,0,0,0,932473156662.31,0,353437873532.17,,,,
Asm,M4,CZ03,cDXGF,0,0,0,586542708620.18,0,211102952300.91,,,,
Asm,M4,CZ04,cDXGF,0,0,194477.6,750494885936.78,0,578503548953.14,,,,
Asm,M4,CZ05,cDXGF,0,0,0,570502785905.18,0,245837815471.1,,,,
Asm,M4,CZ06,cDXGF,0,0,0,145279383298.73,0,412271476406.58,,,,
Asm,M4,CZ07,cDXGF,0,0,934468.38,127217681397.09,0,421167779035.77,,,,
Asm,M4,CZ08,cDXGF,0,0,2294599.7,187553101191.68,0,622610590445.92,,,,
Asm,M4,CZ09,cDXGF,0,0,8726127.71,250860444596.24,0,642448521353.48,,,,
Asm,M4,CZ10,cDXGF,0,0,6049931.56,275550387626.45,0,723660098330.67,,,,
Asm,M4,CZ11,cDXGF,0,0,115682643.43,766039478081.07,0,774118580569.74,,,,
Asm,M4,CZ12,cDXGF,0,0,999817.11,779996723892.92,0,554414157594.23,,,,
Asm,M4,CZ13,cDXGF,0,0,197199889.85,658282967826.24,0,816848259561,,,,
Asm,M4,CZ14,cDXGF,0,0,102762772.74,647219508729.87,0,795417637303,,,,
Asm,M4,CZ15,cDXGF,0,0,11227136014.15,132330763770.88,0,1395585342420.09,,,,
Asm,M4,CZ16,cDXGF,11959051.16,0,5904421.96,1230416179405.12,0,296575783560.32,,,,
Asm,M4,CZ01,cDXHP,0,0,0,0,316803445322.24,50031828350.03,,,,
Asm,M4,CZ02,cDXHP,0,0,0,0,227370615677.6,355462916068.33,,,,
Asm,M4,CZ03,cDXHP,0,0,0,0,139394006270.43,211713975783.85,,,,
Asm,M4,CZ04,cDXHP,0,0,197373.9,0,185689940343.16,579688489014.54,,,,
Asm,M4,CZ05,cDXHP,0,0,0,0,136535176469.47,247264993003.27,,,,
Asm,M4,CZ06,cDXHP,0,0,0,0,33828543864.04,398161209979.4,,,,
Asm,M4,CZ07,cDXHP,0,0,0,0,29558703066.18,410160486052.98,,,,
Asm,M4,CZ08,cDXHP,0,0,2072994.05,0,44161515380.88,622051578528.14,,,,
Asm,M4,CZ09,cDXHP,0,0,8053398.74,0,59895651223.74,642739779801.08,,,,
Asm,M4,CZ10,cDXHP,0,0,6048442.02,0,65961537379.8,723695808489.85,,,,
Asm,M4,CZ11,cDXHP,0,0,115713379.52,0,189228611263.31,774373057901.68,,,,
Asm,M4,CZ12,cDXHP,0,0,980587.18,0,190448389167.41,555318197617.42,,,,
Asm,M4,CZ13,cDXHP,0,0,197287157.67,0,161466899290.07,817291115460.44,,,,
Asm,M4,CZ14,cDXHP,0,0,102654230.04,0,166142289549.71,795970454793.18,,,,
Asm,M4,CZ15,cDXHP,0,0,11227136014.15,0,31628626542.58,1395585342420.1,,,,
Asm,M4,CZ16,cDXHP,0,4721067.79,5912832.76,0,345242269082.28,301933392271.34,,,,
Asm,M4,CZ01,cPTAC,0,0,0,0,0,43931421519.32,,,,
Asm,M4,CZ02,cPTAC,0,0,0,0,0,339108487248.24,,,,
Asm,M4,CZ03,cPTAC,0,0,0,0,0,205555223899.69,,,,
Asm,M4,CZ04,cPTAC,0,0,194308.46,0,0,564611380065.43,,,,
Asm,M4,CZ05,cPTAC,0,0,0,0,0,234245314265.47,,,,
Asm,M4,CZ06,cPTAC,0,0,0,0,0,409599160804.96,,,,
Asm,M4,CZ07,cPTAC,0,0,934468.38,0,0,418520664986.16,,,,
Asm,M4,CZ08,cPTAC,0,0,2294599.7,0,0,618006088674.21,,,,
Asm,M4,CZ09,cPTAC,0,0,8725827.43,0,0,637104166327.37,,,,
Asm,M4,CZ10,cPTAC,0,0,6049931.56,0,0,717137957388.87,,,,
Asm,M4,CZ11,cPTAC,0,0,115682110.23,0,0,766187103646.43,,,,
Asm,M4,CZ12,cPTAC,0,0,999763.51,0,0,547351434733.24,,,,
Asm,M4,CZ13,cPTAC,0,0,197199707.28,0,0,811625142460.47,,,,
Asm,M4,CZ14,cPTAC,0,0,102762563.66,0,0,782933701237.21,,,,
Asm,M4,CZ15,cPTAC,0,0,11227136014.06,0,0,1391964277907.07,,,,
Asm,M4,CZ16,cPTAC,0,0,5904339.29,0,0,288784267608.48,,,,
Asm,M4,CZ01,cPVVG,0,0,0,1539429794139.65,0,33741881199.31,,,,
Asm,M4,CZ02,cPVVG,0,0,0,1119258612154.27,0,313284730072.77,,,,
Asm,M4,CZ03,cPVVG,0,0,0,735357956734.33,0,172992766410.92,,,,
Asm,M4,CZ04,cPVVG,0,0,170193.39,893010965812.24,0,526175421220.15,,,,
Asm,M4,CZ05,cPVVG,0,0,0,714026839253.36,0,203250317752.63,,,,
Asm,M4,CZ06,cPVVG,0,0,0,213847620224.02,0,348559793389.6,,,,
Asm,M4,CZ07,cPVVG,0,0,547172.62,191379947934.14,0,354124595891.39,,,,
Asm,M4,CZ08,cPVVG,0,0,956345.05,261622639843.48,0,561066014846.79,,,,
Asm,M4,CZ09,cPVVG,0,0,4307033.08,330574118268.86,0,576953405275.74,,,,
Asm,M4,CZ10,cPVVG,0,0,3050254.24,353137982985.91,0,660894915935.81,,,,
Asm,M4,CZ11,cPVVG,0,0,39254341.9,922353504169.28,0,721603252094.89,,,,
Asm,M4,CZ12,cPVVG,0,0,399569.98,947154740369.41,0,506559526674.26,,,,
Asm,M4,CZ13,cPVVG,0,0,80472294.45,801233538268.52,0,762758828839.16,,,,
Asm,M4,CZ14,cPVVG,0,0,44062605.63,832962087717.34,0,732161018649.42,,,,
Asm,M4,CZ15,cPVVG,0,0,7381236074.53,183522040572.81,0,1325983563483.13,,,,
Asm,M4,CZ16,cPVVG,23658377.79,0,2939964.5,1571148165722.69,0,245397234740.91,,,,
ECC,M4,CZ01,cDXGF,72268657924.68,0,1044097994058.68,72268657924.68,0,1049893564644.3,,,,
ECC,M4,CZ02,cDXGF,96051895673.27,0,1367983543115.68,96051895673.27,0,1367983543115.68,,,,
ECC,M4,CZ03,cDXGF,45940081351.03,0,1304195626456.92,45940081351.03,0,1304195626456.92,,,,
ECC,M4,CZ04,cDXGF,79075517075.72,0,1572240835669.96,79075517075.72,0,1572889586251.16,,,,
ECC,M4,CZ05,cDXGF,33725487604.84,0,1337209493232.02,33725487604.84,0,1338047284786.99,,,,
ECC,M4,CZ06,cDXGF,3047771300.82,0,1499378741645.4,3047771300.82,0,1524181053649.54,,,,
ECC,M4,CZ07,cDXGF,2292096274.8,0,1510688730366.39,2292096274.8,0,1515235463085.59,,,,
ECC,M4,CZ08,cDXGF,4393500046.04,0,1721109087580.48,4393500046.04,0,1721286850595.43,,,,
ECC,M4,CZ09,cDXGF,12147529853.19,0,1734307633369.4,12147529853.19,0,1734341187397.69,,,,
ECC,M4,CZ10,cDXGF,16167275903.53,0,1735841842707.17,16167275903.53,0,1735874653073.63,,,,
ECC,M4,CZ11,cDXGF,108955734424.8,0,1716515989850.83,108955734424.8,0,1716548698281.37,,,,
ECC,M4,CZ12,cDXGF,104228691276.67,0,1548884918637.63,104228691276.67,0,1548884918637.63,,,,
ECC,M4,CZ13,cDXGF,94705653231.44,0,1808759376677.88,94705653231.44,0,1808759376677.88,,,,
ECC,M4,CZ14,cDXGF,57110667389.27,0,1756950453421.81,57110667389.27,0,1757139466456.99,,,,
ECC,M4,CZ15,cDXGF,4287618046.42,0,2337047317393.31,4287618046.42,0,2337047317393.31,,,,
ECC,M4,CZ16,cDXGF,154445714023.05,0,1294635297570.45,154445714023.05,0,1297735964249.59,,,,
ECC,M4,CZ01,cDXHP,0,18499535440.74,1051810865950.46,0,18499535440.74,1051810865950.46,,,,
ECC,M4,CZ02,cDXHP,0,25031136714.7,1370585091302.42,0,25031136714.7,1370585091302.42,,,,
ECC,M4,CZ03,cDXHP,0,11381378278.1,1309842828915.35,0,11381378278.1,1309842828915.35,,,,
ECC,M4,CZ04,cDXHP,0,20923399510.21,1576601924598.05,0,20923399510.21,1576601924598.05,,,,
ECC,M4,CZ05,cDXHP,0,8436571702.12,1344162796841.47,0,8436571702.12,1344162796841.47,,,,
ECC,M4,CZ06,cDXHP,0,729671975,1533481962644.44,0,729671975,1533739582184.95,,,,
ECC,M4,CZ07,cDXHP,0,546151958.3,1522231605680.46,0,546151958.3,1522231605680.46,,,,
ECC,M4,CZ08,cDXHP,0,1082193029.6,1724015788999.26,0,1082193029.6,1724015788999.26,,,,
ECC,M4,CZ09,cDXHP,0,3069531036.26,1735729657596.34,0,3069531036.26,1735729657596.34,,,,
ECC,M4,CZ10,cDXHP,0,4076274166.32,1735837541852.58,0,4076274166.32,1735837541852.58,,,,
ECC,M4,CZ11,cDXHP,0,28849723419.01,1720549007068.33,0,28849723419.01,1720549007068.33,,,,
ECC,M4,CZ12,cDXHP,0,26948209185.33,1552024496218.35,0,26948209185.33,1552024496218.35,,,,
ECC,M4,CZ13,cDXHP,0,24507296026.16,1811718977399.93,0,24507296026.16,1811718977399.93,,,,
ECC,M4,CZ14,cDXHP,0,15751058763.72,1763004320694.64,0,15751058763.72,1763004320694.64,,,,
ECC,M4,CZ15,cDXHP,0,1105853378.67,2337274323045.48,0,1105853378.67,2337274323045.48,,,,
ECC,M4,CZ16,cDXHP,0,45307993629.29,1294594353685.88,0,45307993629.29,1294594353685.88,,,,
ECC,M4,CZ01,cPTAC,0,0,1042219802240.93,0,0,1048015361599.94,,,,
ECC,M4,CZ02,cPTAC,0,0,1366225582861.4,0,0,1366225582861.4,,,,
ECC,M4,CZ03,cPTAC,0,0,1303293648613.96,0,0,1303293648613.96,,,,
ECC,M4,CZ04,cPTAC,0,0,1571107149747.82,0,0,1571755900329.02,,,,
ECC,M4,CZ05,cPTAC,0,0,1336618530279.02,0,0,1337456321815.66,,,,
ECC,M4,CZ06,cPTAC,0,0,1499226829673.88,0,0,1524029116951.95,,,,
ECC,M4,CZ07,cPTAC,0,0,1510571385438.25,0,0,1515118115664.88,,,,
ECC,M4,CZ08,cPTAC,0,0,1720906967639.59,0,0,1721084730774.12,,,,
ECC,M4,CZ09,cPTAC,0,0,1733876514092.6,0,0,1733910068124.71,,,,
ECC,M4,CZ10,cPTAC,0,0,1735339642089.16,0,0,1735372452455.63,,,,
ECC,M4,CZ11,cPTAC,0,0,1715124902950.34,0,0,1715157611380.87,,,,
ECC,M4,CZ12,cPTAC,0,0,1547558792324.5,0,0,1547558792324.5,,,,
ECC,M4,CZ13,cPTAC,0,0,1807726103345.38,0,0,1807726103345.38,,,,
ECC,M4,CZ14,cPTAC,0,0,1756109473276.19,0,0,1756298486311.37,,,,
ECC,M4,CZ15,cPTAC,0,0,2337004524029.1,0,0,2337004524029.1,,,,
ECC,M4,CZ16,cPTAC,0,0,1291747990095.39,0,0,1294848656152.41,,,,
ECC,M4,CZ01,cPVVG,42694983130.03,0,3613099878.73,74755206598.41,0,1040182351867.07,,,,
ECC,M4,CZ02,cPVVG,67002642686.94,0,18415555487.73,99486471888.3,0,1356108655403.6,,,,
ECC,M4,CZ03,cPVVG,31461160352.11,0,13142074093.4,47607623609.7,0,1292538429274.64,,,,
ECC,M4,CZ04,cPVVG,59303877159.96,0,34693454136.17,81998462328.57,0,1559794528698.52,,,,
ECC,M4,CZ05,cPVVG,23046054446.87,0,19387842815.52,34940419229.03,0,1326080662203.95,,,,
ECC,M4,CZ06,cPVVG,472002695.26,0,30691365274.75,3161931018.47,0,1511994249433.98,,,,
ECC,M4,CZ07,cPVVG,0,0,30636451933.14,2378091472.14,0,1502845110038.62,,,,
ECC,M4,CZ08,cPVVG,864582778.21,0,47081942613.25,4554715715.95,0,1707722088138.47,,,,
ECC,M4,CZ09,cPVVG,5836590717.16,0,52578566061.05,12617315028.44,0,1720239598876.81,,,,
ECC,M4,CZ10,cPVVG,8088062765.6,0,47891860707.45,16785895841.87,0,1721871608026.2,,,,
ECC,M4,CZ11,cPVVG,82259363742.11,0,67884986732.24,113065520094.88,0,1702496350941.88,,,,
ECC,M4,CZ12,cPVVG,82126053743.49,0,35525703714.15,108089741047.3,0,1536200028463.71,,,,
ECC,M4,CZ13,cPVVG,80356127145.66,0,68307671983.38,98698151078.86,0,1794383833415.96,,,,
ECC,M4,CZ14,cPVVG,42331817923.32,0,52745897242.26,59391267205.42,0,1742427251611.08,,,,
ECC,M4,CZ15,cPVVG,3291733703.75,0,151892905779.97,4462547068.91,0,2319625983775.05,,,,
ECC,M4,CZ16,cPVVG,92343664485.15,0,21044698204.26,161087231448.76,0,1284538925569.5,,,,
Epr,M4,CZ01,cDXGF,52863926588.4,0,7330.28,282841218642.08,0,20543947274.84,,,,
Epr,M4,CZ02,cDXGF,54152558736.18,0,1607058779.33,188163674405.7,0,116751550176.38,,,,
Epr,M4,CZ03,cDXGF,25422689942.23,0,118537405.08,106121931467.68,0,84363039848.51,,,,
Epr,M4,CZ04,cDXGF,40553131727.54,0,7136679811.61,142555270816.1,0,183624294530.45,,,,
Epr,M4,CZ05,cDXGF,14577235048.1,0,121098440.96,90824364847.23,0,92803783825.15,,,,
Epr,M4,CZ06,cDXGF,141750390.86,0,382126197.75,18287907023.45,0,157869090087.71,,,,
Epr,M4,CZ07,cDXGF,0,0,489611804.11,17384944529.46,0,157562858975.92,,,,
Epr,M4,CZ08,cDXGF,728588213.3,0,4420494162.71,25389697342.43,0,220112273123.67,,,,
Epr,M4,CZ09,cDXGF,4883026246.94,0,6203592212.29,36102303017.54,0,219912548184.97,,,,
Epr,M4,CZ10,cDXGF,3565570443.23,0,7498504187.72,38561207507.43,0,234979267830.81,,,,
Epr,M4,CZ11,cDXGF,61962036960.69,0,19157645502.33,173636494453.99,0,254168038331.79,,,,
Epr,M4,CZ12,cDXGF,64989073978.02,0,7411471280.79,174683524472.72,0,183888804543.56,,,,
Epr,M4,CZ13,cDXGF,61712041854.63,0,19533757329.22,143630533764.97,0,271734238638.96,,,,
Epr,M4,CZ14,cDXGF,41906403217.18,0,15085185194.81,129100087461.4,0,256876455576.24,,,,
Epr,M4,CZ15,cDXGF,2685000177.32,0,53937470325.83,14690868353.91,0,466851139890.28,,,,
Epr,M4,CZ16,cDXGF,74280616011.14,0,1487162853.38,298974210855.42,0,104681254797.42,,,,
Epr,M4,CZ01,cDXHP,0,13772711385.57,7329.54,0,69985360006.47,19851138425.81,,,,
Epr,M4,CZ02,cDXHP,0,14342799456.47,1620372999.91,0,48113339446.32,116829765455.2,,,,
Epr,M4,CZ03,cDXHP,0,6383983263.51,119657458.1,0,25823124233.56,83008321186.55,,,,
Epr,M4,CZ04,cDXHP,0,10988806884.2,7182021743.83,0,37467631939.76,185765276342.77,,,,
Epr,M4,CZ05,cDXHP,0,3699439962.06,122472046.08,0,22390156261.17,91276954318.89,,,,
Epr,M4,CZ06,cDXHP,0,35056117.65,384014569.17,0,4319289945.15,151798842837.15,,,,
Epr,M4,CZ07,cDXHP,0,0,491744736.55,0,4116853022.53,152691408237.01,,,,
Epr,M4,CZ08,cDXHP,0,180363958.04,4437814962.56,0,6142244785.18,218623613860.1,,,,
Epr,M4,CZ09,cDXHP,0,1246252522.45,6220885563.94,0,8886520494.7,219375277108.94,,,,
Epr,M4,CZ10,cDXHP,0,901212119.81,7504632390.41,0,9570290568.03,234944445794.9,,,,
Epr,M4,CZ11,cDXHP,0,16928792014.83,19228648672.15,0,44900497927.25,256017497905.81,,,,
Epr,M4,CZ12,cDXHP,0,17057952823.7,7442058766.26,0,44454959189.72,184414972727.99,,,,
Epr,M4,CZ13,cDXHP,0,16191147621.83,19585730494.38,0,36563571627.53,272890302542.31,,,,
Epr,M4,CZ14,cDXHP,0,12127027599.48,15171039411.07,0,35177063086.74,260089344692.28,,,,
Epr,M4,CZ15,cDXHP,0,696147322.09,53931968989.46,0,3650030427.92,466949464135.93,,,,
Epr,M4,CZ16,cDXHP,0,22617144545.01,1497701427.23,0,87566773185.9,106511487409.39,,,,
Epr,M4,CZ01,cPTAC,0,0,6514.36,0,0,18985220929.41,,,,
Epr,M4,CZ02,cPTAC,0,0,1589202402.88,0,0,114134707438.95,,,,
Epr,M4,CZ03,cPTAC,0,0,118434937.43,0,0,83078159540.09,,,,
Epr,M4,CZ04,cPTAC,0,0,7110189669.88,0,0,180793468833.68,,,,
Epr,M4,CZ05,cPTAC,0,0,118806723.57,0,0,90491547318.71,,,,
Epr,M4,CZ06,cPTAC,0,0,380803132.52,0,0,157352032170.46,,,,
Epr,M4,CZ07,cPTAC,0,0,488848227.45,0,0,157030932584.39,,,,
Epr,M4,CZ08,cPTAC,0,0,4408712289.66,0,0,219215235794.23,,,,
Epr,M4,CZ09,cPTAC,0,0,6191360565.68,0,0,218860497249.95,,,,
Epr,M4,CZ10,cPTAC,0,0,7482368749.76,0,0,233744854447.45,,,,
Epr,M4,CZ11,cPTAC,0,0,19154618681.49,0,0,252147297040.83,,,,
Epr,M4,CZ12,cPTAC,0,0,7405434938.22,0,0,182420144778.65,,,,
Epr,M4,CZ13,cPTAC,0,0,19531523989.38,0,0,270608624297.9,,,,
Epr,M4,CZ14,cPTAC,0,0,15080547855.52,0,0,254362453994.67,,,,
Epr,M4,CZ15,cPTAC,0,0,53926433394.47,0,0,466261974416.48,,,,
Epr,M4,CZ16,cPTAC,0,0,1485514245.15,0,0,102447164923.37,,,,
Epr,M4,CZ01,cPVVG,63077847463.77,0,4916.35,377239996972.14,0,12153563102.41,,,,
Epr,M4,CZ02,cPVVG,66092746482.07,0,1087873904.17,253720323160.38,0,99026696276.76,,,,
Epr,M4,CZ03,cPVVG,32295288979.09,0,55162947.17,153152708462.97,0,65825858354.33,,,,
Epr,M4,CZ04,cPVVG,51052839839.17,0,5614332364.48,197816779495.91,0,163292611787.84,,,,
Epr,M4,CZ05,cPVVG,18828458338.12,0,65880265.9,135013572645.23,0,73708250997.05,,,,
Epr,M4,CZ06,cPVVG,191319811.67,0,153845827.32,33946253773.8,0,133770134231,,,,
Epr,M4,CZ07,cPVVG,0,0,192212774.68,32373280156.55,0,132201064158.64,,,,
Epr,M4,CZ08,cPVVG,1012571771.99,0,2844676504.97,42992791367.22,0,194892798931.64,,,,
Epr,M4,CZ09,cPVVG,6464486344.56,0,4197775740.57,58640682936.79,0,193809834890.98,,,,
Epr,M4,CZ10,cPVVG,5316829918.83,0,5558341132.71,62495904683.21,0,211101857057.43,,,,
Epr,M4,CZ11,cPVVG,75978764504.15,0,15330920114.3,234682355686.37,0,231335483473.55,,,,
Epr,M4,CZ12,cPVVG,81118999414.93,0,5695910935.39,236837270492.34,0,163871298321.39,,,,
Epr,M4,CZ13,cPVVG,79099973601.41,0,15196942650.79,200113839598.1,0,247656685191.55,,,,
Epr,M4,CZ14,cPVVG,52076056654.76,0,11461338365.79,179579894734.67,0,232497300811.36,,,,
Epr,M4,CZ15,cPVVG,3619020273.49,0,44323134707.62,25252996459.36,0,434409787324.21,,,,
Epr,M4,CZ16,cPVVG,91121708524.26,0,561806282.28,400186857961.31,0,85980233279.35,,,,
ERC,M4,CZ01,cDXGF,7488626116.78,0,0,24563096143.47,0,447329301.1,,,,
ERC,M4,CZ02,cDXGF,5340120907.02,0,49672767.81,14606904716.66,0,4616346233.56,,,,
ERC,M4,CZ03,cDXGF,2973637314.9,0,0,9364338360.62,0,2962561535.13,,,,
ERC,M4,CZ04,cDXGF,4530353125.76,0,462700377.71,11472299500.26,0,8057549879.12,,,,
ERC,M4,CZ05,cDXGF,2195449282.42,0,0,8162552458.45,0,3242558648.73,,,,
ERC,M4,CZ06,cDXGF,244180399.72,0,5949169.71,1842090692.45,0,6218514022.08,,,,
ERC,M4,CZ07,cDXGF,15551072.5,0,12891587.29,1520232269.73,0,6222180446.34,,,,
ERC,M4,CZ08,cDXGF,371292308.16,0,266939357.31,2230933784.46,0,9531613167.91,,,,
ERC,M4,CZ09,cDXGF,890705416,0,404636292.63,3188592171.86,0,9708467828.54,,,,
ERC,M4,CZ10,cDXGF,753727517.93,0,507264817.96,3254567334.52,0,10395188057.83,,,,
ERC,M4,CZ11,cDXGF,5397513356.43,0,1314633123.85,13007975397.66,0,11976654133.23,,,,
ERC,M4,CZ12,cDXGF,5568541303.53,0,500863141.63,13027664959.49,0,8194594018.9,,,,
ERC,M4,CZ13,cDXGF,4921924906.94,0,1385182424.74,10408375159.2,0,12956060012.16,,,,
ERC,M4,CZ14,cDXGF,4981351720.41,0,1123663896.52,10931926213.94,0,12027089709.06,,,,
ERC,M4,CZ15,cDXGF,411451937.45,0,3934894406.33,1206832377.01,0,23292452722.14,,,,
ERC,M4,CZ16,cDXGF,10195475188.68,0,77434835.71,25130706504.26,0,4356688416.51,,,,
ERC,M4,CZ01,cDXHP,0,1935500418.41,0,0,6026633775.72,444453278.5,,,,
ERC,M4,CZ02,cDXHP,0,1424461189.07,50288589.09,0,3735514372.99,4637567342.02,,,,
ERC,M4,CZ03,cDXHP,0,749452236.55,0,0,2274123216.09,2944573607.09,,,,
ERC,M4,CZ04,cDXHP,0,1257780256.86,469985539.73,0,3043240017.28,8168865425.6,,,,
ERC,M4,CZ05,cDXHP,0,569618652.86,0,0,2017225256.01,3219115753.05,,,,
ERC,M4,CZ06,cDXHP,0,59907605.85,5961930.09,0,435215653.21,5995375888.33,,,,
ERC,M4,CZ07,cDXHP,0,3812351.49,12943330.72,0,357702462.45,6043754448.3,,,,
ERC,M4,CZ08,cDXHP,0,92245164.91,268093459.24,0,539699091.09,9453261691.23,,,,
ERC,M4,CZ09,cDXHP,0,226009789.96,405933937.22,0,785192888.36,9680387630.79,,,,
ERC,M4,CZ10,cDXHP,0,190792847.08,508225341.27,0,806150787.12,10388339741.61,,,,
ERC,M4,CZ11,cDXHP,0,1466387791.14,1324673936.06,0,3359558106.55,12053031065.03,,,,
ERC,M4,CZ12,cDXHP,0,1463525675.89,505273171.36,0,3311902823.23,8217692616.42,,,,
ERC,M4,CZ13,cDXHP,0,1289869518.16,1390806835.71,0,2647229761.38,12992914808.84,,,,
ERC,M4,CZ14,cDXHP,0,1448417654.2,1133978847.05,0,3000541209.85,12163836930.06,,,,
ERC,M4,CZ15,cDXHP,0,107228771.31,3934894406.33,0,303613200.52,23292452722.14,,,,
ERC,M4,CZ16,cDXHP,0,3056529186.24,77902133.91,0,7250786225.6,4415530039.31,,,,
ERC,M4,CZ01,cPTAC,0,0,0,0,0,397751580.67,,,,
ERC,M4,CZ02,cPTAC,0,0,49168871.23,0,0,4500826513.76,,,,
ERC,M4,CZ03,cPTAC,0,0,0,0,0,2902090607.35,,,,
ERC,M4,CZ04,cPTAC,0,0,461988035.91,0,0,7935896257.46,,,,
ERC,M4,CZ05,cPTAC,0,0,0,0,0,3123070763.03,,,,
ERC,M4,CZ06,cPTAC,0,0,5948845.49,0,0,6182773364.06,,,,
ERC,M4,CZ07,cPTAC,0,0,12891536.34,0,0,6187224430.69,,,,
ERC,M4,CZ08,cPTAC,0,0,266908502.23,0,0,9480945081.75,,,,
ERC,M4,CZ09,cPTAC,0,0,404547121.27,0,0,9653733664.56,,,,
ERC,M4,CZ10,cPTAC,0,0,506597200.08,0,0,10332317553.95,,,,
ERC,M4,CZ11,cPTAC,0,0,1314584886.64,0,0,11892439105.43,,,,
ERC,M4,CZ12,cPTAC,0,0,500823667.94,0,0,8133873499.17,,,,
ERC,M4,CZ13,cPTAC,0,0,1385137171.57,0,0,12906855442.82,,,,
ERC,M4,CZ14,cPTAC,0,0,1123635769.32,0,0,11922037976.39,,,,
ERC,M4,CZ15,cPTAC,0,0,3934887996.94,0,0,23261445673.51,,,,
ERC,M4,CZ16,cPTAC,0,0,77366903.03,0,0,4296616299.69,,,,
ERC,M4,CZ01,cPVVG,9144739258.77,0,0,30743109139.12,0,233568589.59,,,,
ERC,M4,CZ02,cPVVG,6788889482.62,0,34683191.64,19424835043.03,0,3865326304.79,,,,
ERC,M4,CZ03,cPVVG,3894774700.03,0,0,13001292018.03,0,2277002207.26,,,,
ERC,M4,CZ04,cPVVG,5943452852.76,0,371542745.33,15761872846.67,0,7063854914.38,,,,
ERC,M4,CZ05,cPVVG,2950732492.29,0,0,11615112040.84,0,2510621912.64,,,,
ERC,M4,CZ06,cPVVG,420876456.12,0,1188769.95,3271026062.04,0,5116926483.82,,,,
ERC,M4,CZ07,cPVVG,34483903.04,0,5054260.88,2723546300,0,5056233244.26,,,,
ERC,M4,CZ08,cPVVG,639994443.45,0,170058597.21,3790646656.33,0,8177718638.24,,,,
ERC,M4,CZ09,cPVVG,1432554078.54,0,278558431.66,5227108512.67,0,8316080932.47,,,,
ERC,M4,CZ10,cPVVG,1214251056.51,0,376574530.26,5216331934.23,0,9144333170.98,,,,
ERC,M4,CZ11,cPVVG,7069354619.8,0,1051890738.83,17610147427.9,0,10739989055.34,,,,
ERC,M4,CZ12,cPVVG,7195421898.97,0,386125333.8,17527745356.84,0,7176074967.89,,,,
ERC,M4,CZ13,cPVVG,6684845343.33,0,1078998441.53,14657620437.25,0,11618323151.87,,,,
ERC,M4,CZ14,cPVVG,6530749921.26,0,860079166.3,15079318267.67,0,10742009142.67,,,,
ERC,M4,CZ15,cPVVG,629994447.11,0,3164952804.01,2125291806.89,0,21223541939.67,,,,
ERC,M4,CZ16,cPVVG,13248581591.15,0,27370339.52,32887260534.16,0,3557372246.08,,,,
Ese,M4,CZ01,cDXGF,4996704467.89,0,188220910.26,134151578519.29,0,43210576727.12,,,,
Ese,M4,CZ02,cDXGF,11790418133.21,0,4765174624.04,102029983452.39,0,149259469231.67,,,,
Ese,M4,CZ03,cDXGF,2317954823.47,0,1487235089.85,50460596147.53,0,117114907905.54,,,,
Ese,M4,CZ04,cDXGF,7846128933.35,0,11623372991.07,79591785369.15,0,216206638005.75,,,,
Ese,M4,CZ05,cDXGF,1645319043.12,0,2289164318.09,46821331368.77,0,129363006637.96,,,,
Ese,M4,CZ06,cDXGF,0,0,3781411931.96,9712099925.71,0,193978527377.14,,,,
Ese,M4,CZ07,cDXGF,0,0,3989155799.78,9196642374.4,0,192849330122.47,,,,
Ese,M4,CZ08,cDXGF,0,0,10338638786.03,13323057280.89,0,258521987876,,,,
Ese,M4,CZ09,cDXGF,430125077.44,0,12953312014.91,19344725031.18,0,260804434835.76,,,,
Ese,M4,CZ10,cDXGF,304521401.13,0,14439756499.77,24631209187.63,0,274545004654.39,,,,
Ese,M4,CZ11,cDXGF,16802792215.37,0,22681113247.95,94448197623.36,0,282835845231.98,,,,
Ese,M4,CZ12,cDXGF,14259391513.66,0,11287906626.8,88736634633.58,0,213368901829.82,,,,
Ese,M4,CZ13,cDXGF,12068279165.16,0,23609495959.3,67599519668.83,0,298201858544.98,,,,
Ese,M4,CZ14,cDXGF,6745116660.13,0,19252958119.09,61242257552.8,0,284096232648.24,,,,
Ese,M4,CZ15,cDXGF,0,0,58664046850.79,6512044957.5,0,494714616112.69,,,,
Ese,M4,CZ16,cDXGF,23958714763.09,0,4695281934.43,170832997527.52,0,134757457656.33,,,,
Ese,M4,CZ01,cDXHP,0,1432788320.82,190472663.78,0,33807231991.22,41902658001.96,,,,
Ese,M4,CZ02,cDXHP,0,3262707637.31,4815248778.22,0,26637490633.48,149178862190.07,,,,
Ese,M4,CZ03,cDXHP,0,597111762.48,1500650595.82,0,12408219496.78,115761922155.99,,,,
Ese,M4,CZ04,cDXHP,0,2223025876.84,11771857184.5,0,21396715276.83,218720501260.3,,,,
Ese,M4,CZ05,cDXHP,0,422385693.74,2315825567.04,0,11737596200.41,127821574772.13,,,,
Ese,M4,CZ06,cDXHP,0,0,3813142375.04,0,2328453308.1,188905152083.12,,,,
Ese,M4,CZ07,cDXHP,0,0,4016030648.35,0,2207419230.06,188774968684.58,,,,
Ese,M4,CZ08,cDXHP,0,0,10387238728.31,0,3277954004.15,257218569764.96,,,,
Ese,M4,CZ09,cDXHP,0,114201707.41,12992417037.27,0,4827498286.27,260436580140.13,,,,
Ese,M4,CZ10,cDXHP,0,80140518.58,14470186550.32,0,6196367170.84,274567660838,,,,
Ese,M4,CZ11,cDXHP,0,4789935635.59,22873556723.26,0,24779997643.97,284931553945.28,,,,
Ese,M4,CZ12,cDXHP,0,3887711828.74,11389541397.37,0,22995434028.7,213906057674.9,,,,
Ese,M4,CZ13,cDXHP,0,3279094361.7,23740836786.39,0,17478240023.06,299481327418.49,,,,
Ese,M4,CZ14,cDXHP,0,2121366022.94,19431816038.54,0,17128061699.8,287875409085.37,,,,
Ese,M4,CZ15,cDXHP,0,0,58690260547.89,0,1644675852.25,494866604209.05,,,,
Ese,M4,CZ16,cDXHP,0,7704369242.2,4720882838.54,0,51629920931.87,136533662219.5,,,,
Ese,M4,CZ01,cPTAC,0,0,184211480.21,0,0,41623755685.43,,,,
Ese,M4,CZ02,cPTAC,0,0,4744936870.22,0,0,147482548698.17,,,,
Ese,M4,CZ03,cPTAC,0,0,1482845400.41,0,0,116215007980.43,,,,
Ese,M4,CZ04,cPTAC,0,0,11587226592.09,0,0,214173910400.35,,,,
Ese,M4,CZ05,cPTAC,0,0,2274429429.98,0,0,128015613590.53,,,,
Ese,M4,CZ06,cPTAC,0,0,3778086731.85,0,0,193672510619.08,,,,
Ese,M4,CZ07,cPTAC,0,0,3987052043.29,0,0,192536861658.93,,,,
Ese,M4,CZ08,cPTAC,0,0,10329226509.74,0,0,258030317453.13,,,,
Ese,M4,CZ09,cPTAC,0,0,12942405032.18,0,0,260226571148.77,,,,
Ese,M4,CZ10,cPTAC,0,0,14428043227.35,0,0,273792164072.83,,,,
Ese,M4,CZ11,cPTAC,0,0,22671314119.52,0,0,281567680143.2,,,,
Ese,M4,CZ12,cPTAC,0,0,11279484926.94,0,0,212190568151.05,,,,
Ese,M4,CZ13,cPTAC,0,0,23604804600.28,0,0,297348555918.1,,,,
Ese,M4,CZ14,cPTAC,0,0,19235941009.86,0,0,282551682056.75,,,,
Ese,M4,CZ15,cPTAC,0,0,58660846309.69,0,0,494421911853.78,,,,
Ese,M4,CZ16,cPTAC,0,0,4685422631.74,0,0,133087445800.44,,,,
Ese,M4,CZ01,cPVVG,36470960388.36,0,89582971.71,1078042421238.95,0,37449857202.19,,,,
Ese,M4,CZ02,cPVVG,67499552252,0,3403606919.69,821537022321.56,0,291186485544.47,,,,
Ese,M4,CZ03,cPVVG,13274705888.15,0,869347820.22,501167332149.95,0,164105307712.73,,,,
Ese,M4,CZ04,cPVVG,56942906071.62,0,9195356014.84,665567428323.07,0,487255901167.96,,,,
Ese,M4,CZ05,cPVVG,11993236386.87,0,1448183179.06,489765480443.64,0,196110065788.11,,,,
Ese,M4,CZ06,cPVVG,101880033.12,0,2522389026.27,149988093317.02,0,337939957380.61,,,,
Ese,M4,CZ07,cPVVG,0,0,2643944830.92,136400020982.92,0,336142606842.69,,,,
Ese,M4,CZ08,cPVVG,1044086336.91,0,7438728740.78,172662854226.56,0,546120902299.29,,,,
Ese,M4,CZ09,cPVVG,6261745230.08,0,9397644094.89,225205592149.32,0,551683253240.3,,,,
Ese,M4,CZ10,cPVVG,11796932891.98,0,10922302215.09,261532795759.11,0,641207801273.13,,,,
Ese,M4,CZ11,cPVVG,67784027112.57,0,18681066609.34,688964483299.67,0,672654811252.99,,,,
Ese,M4,CZ12,cPVVG,60949333538.65,0,8812903207.33,688306763323.12,0,471938588969.87,,,,
Ese,M4,CZ13,cPVVG,48069672780.7,0,19019957448.82,559026335492.31,0,707661241479.42,,,,
Ese,M4,CZ14,cPVVG,44732558389.46,0,14660638076.34,525331715504.33,0,656205808563.32,,,,
Ese,M4,CZ15,cPVVG,1745803044.46,0,55385443089.18,95142339479.78,0,1263779178329.76,,,,
Ese,M4,CZ16,cPVVG,160139251092.77,0,2688554418.43,1152585612057.5,0,217322134400.95,,,,
Eun,M4,CZ01,cDXGF,7818273852.34,0,6430899268.37,1531899980033.66,0,1360300175523.76,,,,
Eun,M4,CZ02,cDXGF,18721195980.46,0,48861327554.43,1084836791146.54,0,2778110479180.47,,,,
Eun,M4,CZ03,cDXGF,2082578656.64,0,23594455715.95,592595771041.57,0,2482648897545.17,,,,
Eun,M4,CZ04,cDXGF,18267014484.37,0,85958807895.13,934637456292.26,0,3705999462139.08,,,,
Eun,M4,CZ05,cDXGF,2647840427.16,0,32352821090.5,607377925870.72,0,2665194422337.67,,,,
Eun,M4,CZ06,cDXGF,0,0,39971048479.75,132185874034.62,0,3604354183911.84,,,,
Eun,M4,CZ07,cDXGF,0,0,36350539044.72,106848184608.38,0,3625801747131.8,,,,
Eun,M4,CZ08,cDXGF,0,0,82250697374.52,194248872500.47,0,4364342661139.06,,,,
Eun,M4,CZ09,cDXGF,390629825.63,0,97730219816.79,255109273020.94,0,4375302085149.5,,,,
Eun,M4,CZ10,cDXGF,165665593.43,0,94519236504,285332566418.51,0,4472354494912.26,,,,
Eun,M4,CZ11,cDXGF,40883197044.94,0,147560833621.88,975129262761.01,0,4491417554000.89,,,,
Eun,M4,CZ12,cDXGF,15413092702.26,0,80144353005.14,913666796897.75,0,3598603908039.56,,,,
Eun,M4,CZ13,cDXGF,10581924736.8,0,144578123276.77,714324665563.35,0,4710322252054.1,,,,
Eun,M4,CZ14,cDXGF,14220371453.88,0,127773995952.49,830894212890.6,0,4631779927257.58,,,,
Eun,M4,CZ15,cDXGF,615825372.87,0,346068660808.29,127459926906.61,0,7274429546082.52,,,,
Eun,M4,CZ16,cDXGF,73862989391.29,0,42690242756.09,1589412151165.78,0,2643676829696.23,,,,
Eun,M4,CZ01,cDXHP,0,2195377827.96,6563173783.05,0,390808577783.41,1336351643982.83,,,,
Eun,M4,CZ02,cDXHP,0,5028993149.56,49414791277.77,0,285752510194.72,2781421347732.41,,,,
Eun,M4,CZ03,cDXHP,0,517923003.56,23856344930.28,0,146794990858.78,2461006231665.96,,,,
Eun,M4,CZ04,cDXHP,0,4987469125.96,86874658985.61,0,252745218620.28,3734902437870.37,,,,
Eun,M4,CZ05,cDXHP,0,672773608.6,32810895308.28,0,153697515602.05,2640423565915.02,,,,
Eun,M4,CZ06,cDXHP,0,0,40394082526.4,0,31708928945.91,3550224718117.72,,,,
Eun,M4,CZ07,cDXHP,0,0,36702652861.84,0,25659501734.8,3582996933069.07,,,,
Eun,M4,CZ08,cDXHP,0,0,82711110819.16,0,47952839348.82,4353908894360.44,,,,
Eun,M4,CZ09,cDXHP,0,103039982.73,98084312003.64,0,63915736048.99,4374451284015.32,,,,
Eun,M4,CZ10,cDXHP,0,44439638.2,94729321686.02,0,72329358751.64,4473992874916.85,,,,
Eun,M4,CZ11,cDXHP,0,11369030789.65,148520234274.24,0,257506967944.57,4512190393814.85,,,,
Eun,M4,CZ12,cDXHP,0,4143865884.24,80860200839.9,0,237752253778.39,3607958091571.08,,,,
Eun,M4,CZ13,cDXHP,0,2847092384.49,145291753239.94,0,184350810883.46,4726373156915.19,,,,
Eun,M4,CZ14,cDXHP,0,4485571345.56,128912766837.05,0,234073884382.02,4674291648642.97,,,,
Eun,M4,CZ15,cDXHP,0,167632712.85,346267185515.56,0,32158516789.67,7276585596842.76,,,,
Eun,M4,CZ16,cDXHP,0,23982354162.05,42961534710.62,0,478780232256.18,2668895743298.68,,,,
Eun,M4,CZ01,cPTAC,0,0,6236303070.01,0,0,1309608601565.99,,,,
Eun,M4,CZ02,cPTAC,0,0,48501505317.62,0,0,2736787369040.55,,,,
Eun,M4,CZ03,cPTAC,0,0,23471951154.97,0,0,2460196630762.36,,,,
Eun,M4,CZ04,cPTAC,0,0,85457348059.52,0,0,3664280538801.43,,,,
Eun,M4,CZ05,cPTAC,0,0,32142983249.77,0,0,2638440343155.25,,,,
Eun,M4,CZ06,cPTAC,0,0,39936916762.94,0,0,3598266366444.48,,,,
Eun,M4,CZ07,cPTAC,0,0,36321862341.91,0,0,3620478691534.61,,,,
Eun,M4,CZ08,cPTAC,0,0,82153609004.45,0,0,4354616236340.47,,,,
Eun,M4,CZ09,cPTAC,0,0,97622389949.99,0,0,4363501375193.22,,,,
Eun,M4,CZ10,cPTAC,0,0,94402594523.47,0,0,4457845161153.96,,,,
Eun,M4,CZ11,cPTAC,0,0,147364346255.49,0,0,4454417102253.62,,,,
Eun,M4,CZ12,cPTAC,0,0,79962801357.25,0,0,3566906910830.67,,,,
Eun,M4,CZ13,cPTAC,0,0,144464304094.45,0,0,4687408169391.35,,,,
Eun,M4,CZ14,cPTAC,0,0,127403022300.32,0,0,4594020593359.36,,,,
Eun,M4,CZ15,cPTAC,0,0,346024635489.76,0,0,7267556137887.71,,,,
Eun,M4,CZ16,cPTAC,0,0,42364282006,0,0,2589135534589.83,,,,
Eun,M4,CZ01,cPVVG,10308465227.77,0,1504648780.76,2492609360458.73,0,431333633479.03,,,,
Eun,M4,CZ02,cPVVG,26148805666.31,0,13504452461.12,1827227116582.84,0,1037436437567.74,,,,
Eun,M4,CZ03,cPVVG,3412638706.65,0,5716469320.03,1085921835741.31,0,889207325117.44,,,,
Eun,M4,CZ04,cPVVG,28244167537.3,0,27342950675.34,1564837499708.59,0,1441197920626.64,,,,
Eun,M4,CZ05,cPVVG,2585889179.37,0,8907679034.67,1135888803317.91,0,977120357175.65,,,,
Eun,M4,CZ06,cPVVG,0,0,11103502714.16,301186543087.68,0,1386766242079.9,,,,
Eun,M4,CZ07,cPVVG,0,0,9862238621.31,252699509011.05,0,1383099733943.25,,,,
Eun,M4,CZ08,cPVVG,0,0,23953945088.74,404009891963.03,0,1709060031929.12,,,,
Eun,M4,CZ09,cPVVG,841866178.16,0,28831560036.1,513643058280.76,0,1700481017733.07,,,,
Eun,M4,CZ10,cPVVG,213088981.76,0,28951397650.48,561337461102.1,0,1774207660573.69,,,,
Eun,M4,CZ11,cPVVG,52908395382.01,0,51012043664.15,1607146010779.83,0,1795952198080.93,,,,
Eun,M4,CZ12,cPVVG,22172249826.97,0,24887105692.5,1523309081142.56,0,1401007279221.25,,,,
Eun,M4,CZ13,cPVVG,12946874010.54,0,47122271409.19,1227912701855.35,0,1878711680264.97,,,,
Eun,M4,CZ14,cPVVG,19255111751.58,0,41208722306.72,1390087521505.54,0,1847544712597.47,,,,
Eun,M4,CZ15,cPVVG,816018308.17,0,121553891037.19,270531947588.36,0,3004419922340.05,,,,
Eun,M4,CZ16,cPVVG,104163324651.7,0,9183944551.59,2646382683564.99,0,929942875300.77,,,,
Gro,M4,CZ01,cDXGF,5019211165.6,0,0,1205687459905.34,0,13466806141.2,,,,
Gro,M4,CZ02,cDXGF,3125168035.15,0,0,772535065253.11,0,138788727709.21,,,,
Gro,M4,CZ03,cDXGF,877728779.95,0,0,610200569540.08,0,68121776893.12,,,,
Gro,M4,CZ04,cDXGF,3013294512.75,0,0,625534301311.29,0,244999220722.63,,,,
Gro,M4,CZ05,cDXGF,909962515.53,0,0,566167664551.71,0,77590220697.36,,,,
Gro,M4,CZ06,cDXGF,9173744.94,0,0,229340032081.93,0,149754748418.83,,,,
Gro,M4,CZ07,cDXGF,0,0,0,214142749109.19,0,154688045587.94,,,,
Gro,M4,CZ08,cDXGF,43635889.49,0,0,234652646778.41,0,269214816260.98,,,,
Gro,M4,CZ09,cDXGF,364458721.62,0,0,284071644497.22,0,277737543482.62,,,,
Gro,M4,CZ10,cDXGF,212550411.65,0,0,288076825865.66,0,309895695446.89,,,,
Gro,M4,CZ11,cDXGF,4594654284.51,0,7312170.94,637439185668.07,0,348911441683.72,,,,
Gro,M4,CZ12,cDXGF,2463485252.85,0,0,657748549905.68,0,242792139688.33,,,,
Gro,M4,CZ13,cDXGF,1716338608.49,0,0,554705172640.86,0,375621506702.81,,,,
Gro,M4,CZ14,cDXGF,5003789519.84,0,0,545493997747.93,0,347040636976.54,,,,
Gro,M4,CZ15,cDXGF,239339420.5,0,20498131.41,139874512230.59,0,659414392324.99,,,,
Gro,M4,CZ16,cDXGF,16782778121.26,0,0,1035850439883,0,117004287087.07,,,,
Gro,M4,CZ01,cDXHP,0,1416435301.62,0,0,277514701640.11,13489800600.49,,,,
Gro,M4,CZ02,cDXHP,0,922502665.44,0,0,183595434290.81,139760037018.41,,,,
Gro,M4,CZ03,cDXHP,0,235046409,0,0,140014693852.36,68689485774.17,,,,
Gro,M4,CZ04,cDXHP,0,924716500.93,0,0,152258422825.59,245761312545.87,,,,
Gro,M4,CZ05,cDXHP,0,256832479.41,0,0,130675718192.77,78144363411.63,,,,
Gro,M4,CZ06,cDXHP,0,2283449.88,0,0,51537567129.4,146146791469.4,,,,
Gro,M4,CZ07,cDXHP,0,0,0,0,47931279572.64,152613248472.1,,,,
Gro,M4,CZ08,cDXHP,0,11092302.02,0,0,53597904896.85,268925795670.67,,,,
Gro,M4,CZ09,cDXHP,0,95507420.53,0,0,66034052145.82,278697878814.54,,,,
Gro,M4,CZ10,cDXHP,0,55998661.55,0,0,67158658036.36,310614458453.16,,,,
Gro,M4,CZ11,cDXHP,0,1385522379.39,7313734.5,0,154041833711.88,348920731532.09,,,,
Gro,M4,CZ12,cDXHP,0,741562285.41,0,0,157176300857.9,243805888821.52,,,,
Gro,M4,CZ13,cDXHP,0,499777942.25,0,0,133331272083.89,375666294059.29,,,,
Gro,M4,CZ14,cDXHP,0,1641160031.1,0,0,136182204105.88,348604379472.47,,,,
Gro,M4,CZ15,cDXHP,0,63881123.81,20498126.55,0,32512473279.86,659415369042.63,,,,
Gro,M4,CZ16,cDXHP,0,5845928183.02,0,0,275646662128.63,118722215089.18,,,,
Gro,M4,CZ01,cPTAC,0,0,0,0,0,9925679660.37,,,,
Gro,M4,CZ02,cPTAC,0,0,0,0,0,127818573344.49,,,,
Gro,M4,CZ03,cPTAC,0,0,0,0,0,62455361258.95,,,,
Gro,M4,CZ04,cPTAC,0,0,0,0,0,234479453127.87,,,,
Gro,M4,CZ05,cPTAC,0,0,0,0,0,67492849200.77,,,,
Gro,M4,CZ06,cPTAC,0,0,0,0,0,144934532053.13,,,,
Gro,M4,CZ07,cPTAC,0,0,0,0,0,150003623900.83,,,,
Gro,M4,CZ08,cPTAC,0,0,0,0,0,262398364198.4,,,,
Gro,M4,CZ09,cPTAC,0,0,0,0,0,270304590513.15,,,,
Gro,M4,CZ10,cPTAC,0,0,0,0,0,302246558838.06,,,,
Gro,M4,CZ11,cPTAC,0,0,7311658.26,0,0,342674201078.74,,,,
Gro,M4,CZ12,cPTAC,0,0,0,0,0,236662153026.06,,,,
Gro,M4,CZ13,cPTAC,0,0,0,0,0,370625182700.45,,,,
Gro,M4,CZ14,cPTAC,0,0,0,0,0,340199061276.35,,,,
Gro,M4,CZ15,cPTAC,0,0,20497879.6,0,0,655186664139.97,,,,
Gro,M4,CZ16,cPTAC,0,0,0,0,0,111857585876.44,,,,
Gro,M4,CZ01,cPVVG,6170341780.64,0,0,1371874971282.84,0,8476824007.9,,,,
Gro,M4,CZ02,cPVVG,4256482906.02,0,0,928350433929.84,0,116820824966.08,,,,
Gro,M4,CZ03,cPVVG,1133297067.95,0,0,742198366929.92,0,51215442693.89,,,,
Gro,M4,CZ04,cPVVG,4269940479.79,0,0,772973842946.33,0,215428639562.1,,,,
Gro,M4,CZ05,cPVVG,1205140596.68,0,0,696005176398.42,0,58327642382.28,,,,
Gro,M4,CZ06,cPVVG,14430349.91,0,0,312033959555.82,0,119331428634.57,,,,
Gro,M4,CZ07,cPVVG,0,0,0,293396296702.54,0,123166489053.82,,,,
Gro,M4,CZ08,cPVVG,78306759.11,0,0,315372180605.83,0,231135497583.66,,,,
Gro,M4,CZ09,cPVVG,537060436.17,0,0,376011835620.27,0,239407617876.97,,,,
Gro,M4,CZ10,cPVVG,362518348.48,0,0,377534824489.83,0,272787824845.04,,,,
Gro,M4,CZ11,cPVVG,6318161229.41,0,5266057.37,783050922567.9,0,316426472431.53,,,,
Gro,M4,CZ12,cPVVG,3561370590.32,0,0,801552092173.39,0,213941707875.04,,,,
Gro,M4,CZ13,cPVVG,2588649021.3,0,0,685991168058.93,0,341449760117.16,,,,
Gro,M4,CZ14,cPVVG,7097820136.59,0,0,673232907792.82,0,313499262081.55,,,,
Gro,M4,CZ15,cPVVG,390443310.1,0,16162537.06,194471590967.59,0,614190331469.61,,,,
Gro,M4,CZ16,cPVVG,20803223609.74,0,0,1225834985055.61,0,93585290130.8,,,,
Htl,M4,CZ01,cDXGF,0,0,0,257996098459.05,0,36284303766.18,,,,
Htl,M4,CZ02,cDXGF,0,0,0,167928673382.76,0,140023500046.12,,,,
Htl,M4,CZ03,cDXGF,0,0,0,95177722361.74,0,111290676789.13,,,,
Htl,M4,CZ04,cDXGF,0,0,0,130150236569.07,0,211007440346.73,,,,
Htl,M4,CZ05,cDXGF,0,0,0,84532601404.28,0,115796016017.08,,,,
Htl,M4,CZ06,cDXGF,0,0,0,16443920895.42,0,192555373930.79,,,,
Htl,M4,CZ07,cDXGF,0,0,0,12985339952.61,0,191847960366.81,,,,
Htl,M4,CZ08,cDXGF,0,0,0,21638547918.21,0,256522529710.32,,,,
Htl,M4,CZ09,cDXGF,0,0,0,34178425485.85,0,257537176068.42,,,,
Htl,M4,CZ10,cDXGF,0,0,0,38129251241.88,0,276105512232.18,,,,
Htl,M4,CZ11,cDXGF,3695966.14,0,5624558.91,154344976269.35,0,281956130547.07,,,,
Htl,M4,CZ12,cDXGF,0,0,0,155689090496.77,0,207410647228.34,,,,
Htl,M4,CZ13,cDXGF,0,0,11443704.71,130731777762.39,0,298357413956.16,,,,
Htl,M4,CZ14,cDXGF,0,0,3878390.81,109873996940.62,0,283748862572.57,,,,
Htl,M4,CZ15,cDXGF,0,0,176769733.63,14519377532.45,0,487936002909.64,,,,
Htl,M4,CZ16,cDXGF,631761014.67,0,0,252124097500.96,0,132524607856.97,,,,
Htl,M4,CZ01,cDXHP,0,0,0,0,62567393075.52,36252730351.46,,,,
Htl,M4,CZ02,cDXHP,0,0,0,0,41763396910.16,140528753471.14,,,,
Htl,M4,CZ03,cDXHP,0,0,0,0,22922288564.51,111382212941.68,,,,
Htl,M4,CZ04,cDXHP,0,0,0,0,32869412661.9,211655903592.22,,,,
Htl,M4,CZ05,cDXHP,0,0,0,0,20541324121.34,116085844108.17,,,,
Htl,M4,CZ06,cDXHP,0,0,0,0,3877280033.56,188403458744.88,,,,
Htl,M4,CZ07,cDXHP,0,0,0,0,3058149859.14,188962032655.18,,,,
Htl,M4,CZ08,cDXHP,0,0,0,0,5175216610.05,256074731208.23,,,,
Htl,M4,CZ09,cDXHP,0,0,0,0,8296812717.55,257462933552.08,,,,
Htl,M4,CZ10,cDXHP,0,0,0,0,9285724278.08,276118035642.6,,,,
Htl,M4,CZ11,cDXHP,0,1205266.94,5619251.38,0,38768402588.63,282341489437.55,,,,
Htl,M4,CZ12,cDXHP,0,0,0,0,38565266924.08,207838621046.92,,,,
Htl,M4,CZ13,cDXHP,0,0,11440555.63,0,32530904005.62,298727328053.85,,,,
Htl,M4,CZ14,cDXHP,0,0,3876059.61,0,28881724705.73,284618274417.68,,,,
Htl,M4,CZ15,cDXHP,0,0,176767136.67,0,3553908335.8,487951577143.51,,,,
Htl,M4,CZ16,cDXHP,0,214546880.97,0,0,71890800337.07,133842930135.71,,,,
Htl,M4,CZ01,cPTAC,0,0,0,0,0,34454921913.91,,,,
Htl,M4,CZ02,cPTAC,0,0,0,0,0,137464788254.88,,,,
Htl,M4,CZ03,cPTAC,0,0,0,0,0,110099998885.44,,,,
Htl,M4,CZ04,cPTAC,0,0,0,0,0,208443695456.05,,,,
Htl,M4,CZ05,cPTAC,0,0,0,0,0,113863683102.86,,,,
Htl,M4,CZ06,cPTAC,0,0,0,0,0,192158676338.78,,,,
Htl,M4,CZ07,cPTAC,0,0,0,0,0,191482118299.23,,,,
Htl,M4,CZ08,cPTAC,0,0,0,0,0,255851375563.17,,,,
Htl,M4,CZ09,cPTAC,0,0,0,0,0,256701218314.18,,,,
Htl,M4,CZ10,cPTAC,0,0,0,0,0,275100494135.39,,,,
Htl,M4,CZ11,cPTAC,0,0,5624569.52,0,0,280129788410.96,,,,
Htl,M4,CZ12,cPTAC,0,0,0,0,0,205914175570.59,,,,
Htl,M4,CZ13,cPTAC,0,0,11443707.2,0,0,297269405169.62,,,,
Htl,M4,CZ14,cPTAC,0,0,3878388.46,0,0,281646693482.21,,,,
Htl,M4,CZ15,cPTAC,0,0,176769982.75,0,0,487423042476.64,,,,
Htl,M4,CZ16,cPTAC,0,0,0,0,0,130246624218.73,,,,
Htl,M4,CZ01,cPVVG,0,0,0,322938722202.97,0,25447971729.21,,,,
Htl,M4,CZ02,cPVVG,0,0,0,220959999515.07,0,121107280882.47,,,,
Htl,M4,CZ03,cPVVG,0,0,0,134986294570.64,0,90882292029.64,,,,
Htl,M4,CZ04,cPVVG,0,0,0,172555691149.81,0,190268055144.37,,,,
Htl,M4,CZ05,cPVVG,0,0,0,123622405284.85,0,95080192936.28,,,,
Htl,M4,CZ06,cPVVG,0,0,0,29534711372.13,0,168490782318.72,,,,
Htl,M4,CZ07,cPVVG,0,0,0,24783255227.61,0,167404016748.78,,,,
Htl,M4,CZ08,cPVVG,0,0,0,36103011746.8,0,232297840789.56,,,,
Htl,M4,CZ09,cPVVG,0,0,0,52817088046.4,0,232095740367.71,,,,
Htl,M4,CZ10,cPVVG,0,0,0,58307498751.41,0,251154139545.97,,,,
Htl,M4,CZ11,cPVVG,4220961.8,0,2092239.88,201553866370.98,0,261037258820.59,,,,
Htl,M4,CZ12,cPVVG,0,0,0,201848297162.17,0,187735008097.45,,,,
Htl,M4,CZ13,cPVVG,0,0,4568669.14,172396423907.46,0,277263676474.12,,,,
Htl,M4,CZ14,cPVVG,0,0,2307885.11,147579387601.16,0,260884778863.47,,,,
Htl,M4,CZ15,cPVVG,0,0,110921546.73,24270082454.23,0,463694009257.8,,,,
Htl,M4,CZ16,cPVVG,831754041.93,0,0,327350439312.69,0,113079969027.29,,,,
MBT,M4,CZ01,cDXGF,899712834.37,0,8556154.7,344328246228.88,0,175411321693.59,,,,
MBT,M4,CZ02,cDXGF,2492309570.13,0,1439208171.84,221480555879.14,0,469567714893.78,,,,
MBT,M4,CZ03,cDXGF,502790529.61,0,424451013.07,118301799007.25,0,414973232937.7,,,,
MBT,M4,CZ04,cDXGF,2173626990.88,0,4154027232.36,168645292720.82,0,661713240222.64,,,,
MBT,M4,CZ05,cDXGF,364818580.64,0,612255326.34,101264651038.06,0,430294021175.15,,,,
MBT,M4,CZ06,cDXGF,0,0,1497233575.55,12222312055.56,0,662140524809.64,,,,
MBT,M4,CZ07,cDXGF,0,0,1387198707.44,7872047033.89,0,670324950975.75,,,,
MBT,M4,CZ08,cDXGF,0,0,4426648364.23,20519891698.35,0,824069153764.15,,,,
MBT,M4,CZ09,cDXGF,0,0,5449037304.55,34500461799.78,0,826725937079.37,,,,
MBT,M4,CZ10,cDXGF,0,0,5335339255.2,32567455448.37,0,856674147378.91,,,,
MBT,M4,CZ11,cDXGF,5248134966.01,0,12755170624.27,200369954098.75,0,855964716227.36,,,,
MBT,M4,CZ12,cDXGF,2556017037.9,0,4575572284.38,203009745662.98,0,670691174257,,,,
MBT,M4,CZ13,cDXGF,623638925.4,0,13211975255.54,154740093593.27,0,928792934006.06,,,,
MBT,M4,CZ14,cDXGF,1821389034.09,0,9563751206.09,157439008046.85,0,883136716776.18,,,,
MBT,M4,CZ15,cDXGF,0,0,44079640058.29,13004097887.53,0,1501437316996.83,,,,
MBT,M4,CZ16,cDXGF,9088840906.74,0,1381564289.05,405662714442.35,0,457869775404.7,,,,
MBT,M4,CZ01,cDXHP,0,228613386.4,8577661.2,0,87917664412.96,173029627593.96,,,,
MBT,M4,CZ02,cDXHP,0,639404178.93,1442941493.73,0,58397884626.27,469635995422.51,,,,
MBT,M4,CZ03,cDXHP,0,123969057.89,426238354.09,0,29348381652.82,410714302540.11,,,,
MBT,M4,CZ04,cDXHP,0,553519335.63,4096961107.35,0,45638285260.92,670128676190.46,,,,
MBT,M4,CZ05,cDXHP,0,93677915.1,615315029.24,0,25739372823.34,426336202612.13,,,,
MBT,M4,CZ06,cDXHP,0,0,1497882415.6,0,2983975590.67,651910183095.33,,,,
MBT,M4,CZ07,cDXHP,0,0,1391597160.3,0,1927802423.24,662146743262.47,,,,
MBT,M4,CZ08,cDXHP,0,0,4436949539.65,0,5148352975.2,820980117413.44,,,,
MBT,M4,CZ09,cDXHP,0,0,5455838904.99,0,8796488285.1,826410133282.51,,,,
MBT,M4,CZ10,cDXHP,0,0,5345524164.25,0,8414362147.22,858181621755.11,,,,
MBT,M4,CZ11,cDXHP,0,1420384821.25,12754933327.98,0,53240111289.3,865365630848.94,,,,
MBT,M4,CZ12,cDXHP,0,665998010.97,4577795092.9,0,52822785803.28,674570126657.67,,,,
MBT,M4,CZ13,cDXHP,0,159890221.13,13244630006.39,0,39945363909.64,936127887181.47,,,,
MBT,M4,CZ14,cDXHP,0,554574500.31,9509577862.07,0,45096331994.3,893729701567.16,,,,
MBT,M4,CZ15,cDXHP,0,0,44025663705.11,0,3363812875.26,1503640428698.69,,,,
MBT,M4,CZ16,cDXHP,0,2934029326.78,1383641233.77,0,121966965777.87,459143479163.33,,,,
MBT,M4,CZ01,cPTAC,0,0,8547456.8,0,0,170770719388.97,,,,
MBT,M4,CZ02,cPTAC,0,0,1438712417.65,0,0,465377653929.82,,,,
MBT,M4,CZ03,cPTAC,0,0,424284931.94,0,0,412518622297.79,,,,
MBT,M4,CZ04,cPTAC,0,0,4154692397.47,0,0,657055065232.92,,,,
MBT,M4,CZ05,cPTAC,0,0,604646776.39,0,0,426637356916.22,,,,
MBT,M4,CZ06,cPTAC,0,0,1496683532.35,0,0,661619061806.81,,,,
MBT,M4,CZ07,cPTAC,0,0,1387069237.75,0,0,669911170281.08,,,,
MBT,M4,CZ08,cPTAC,0,0,4424817337.86,0,0,823033811748.82,,,,
MBT,M4,CZ09,cPTAC,0,0,5440150919.26,0,0,825295915379.17,,,,
MBT,M4,CZ10,cPTAC,0,0,5334556721.29,0,0,855137515634.76,,,,
MBT,M4,CZ11,cPTAC,0,0,12754889481.23,0,0,852546248439.28,,,,
MBT,M4,CZ12,cPTAC,0,0,4572430860.36,0,0,667767705276.74,,,,
MBT,M4,CZ13,cPTAC,0,0,13211949641.77,0,0,926607676210.11,,,,
MBT,M4,CZ14,cPTAC,0,0,9563203072.06,0,0,879079641476.68,,,,
MBT,M4,CZ15,cPTAC,0,0,44078357686.35,0,0,1500769301679.52,,,,
MBT,M4,CZ16,cPTAC,0,0,1378511662.73,0,0,452261923050.97,,,,
MBT,M4,CZ01,cPVVG,1316496656.82,0,1504852.12,522637406880.84,0,126351713702.82,,,,
MBT,M4,CZ02,cPVVG,4095581665.96,0,943618378.31,354127860784.42,0,396769318353.71,,,,
MBT,M4,CZ03,cPVVG,982323545.33,0,208915269.62,201104448863.94,0,337095928104.83,,,,
MBT,M4,CZ04,cPVVG,3983499474.22,0,3159376159.66,286230935883.89,0,583655712293.51,,,,
MBT,M4,CZ05,cPVVG,961120202.38,0,284269478.45,177891691432.14,0,349860030399.36,,,,
MBT,M4,CZ06,cPVVG,0,0,792701021.14,33447918379.18,0,569656642037.43,,,,
MBT,M4,CZ07,cPVVG,0,0,759109122.02,25439020545.87,0,574782145022.89,,,,
MBT,M4,CZ08,cPVVG,0,0,3019932764.84,50257474523.09,0,726485622955.09,,,,
MBT,M4,CZ09,cPVVG,0,0,3718062096.08,75850341489.93,0,727236586441.45,,,,
MBT,M4,CZ10,cPVVG,0,0,3905672241.62,74267839936.46,0,759765610148.18,,,,
MBT,M4,CZ11,cPVVG,7545958270.35,0,9833220888.95,337228842083.36,0,775160338847.61,,,,
MBT,M4,CZ12,cPVVG,4598425401.56,0,3344890229.07,333677673191.65,0,594894423124.74,,,,
MBT,M4,CZ13,cPVVG,1798473385.45,0,10011142618.43,271714681948.1,0,845071430534.4,,,,
MBT,M4,CZ14,cPVVG,2856577808.94,0,7174289821.7,272437757806.97,0,797698399058.92,,,,
MBT,M4,CZ15,cPVVG,0,0,35047030497.54,31872278398.76,0,1390381371813.22,,,,
MBT,M4,CZ16,cPVVG,13224253590.41,0,743067042.31,636471481005.12,0,378677312500.77,,,,
MFmCmn,M4,CZ01,cDXGF,976394207.49,0,802603583.36,47879916182.74,0,46332552637.12,,,,
MFmCmn,M4,CZ02,cDXGF,911649189.42,0,3581478593.55,27872741154.89,0,99776155984.74,,,,
MFmCmn,M4,CZ03,cDXGF,291643565.65,0,2394948230.11,17215800949.34,0,91957665180.93,,,,
MFmCmn,M4,CZ04,cDXGF,861243059.57,0,5461067696.48,20630997934.49,0,131850524737.31,,,,
MFmCmn,M4,CZ05,cDXGF,230141192.83,0,2750086545.03,13623669009.83,0,98197823724.08,,,,
MFmCmn,M4,CZ06,cDXGF,0,0,3665492448.1,2472714444.32,0,125645310449.02,,,,
MFmCmn,M4,CZ07,cDXGF,0,0,3275219966.63,1617933116.85,0,124670563963.43,,,,
MFmCmn,M4,CZ08,cDXGF,734192.44,0,6015295725.85,3160818194.15,0,152936792275.54,,,,
MFmCmn,M4,CZ09,cDXGF,37241724.48,0,6871711776.67,4902247360.19,0,157961617767.08,,,,
MFmCmn,M4,CZ10,cDXGF,27588920.42,0,5743817203.52,4478216943.91,0,147698010923.81,,,,
MFmCmn,M4,CZ11,cDXGF,1645730689.53,0,8493106359.37,27220203707.33,0,155366925834.26,,,,
MFmCmn,M4,CZ12,cDXGF,1011918714.51,0,5300704162.68,24987112780.42,0,126208532818.99,,,,
MFmCmn,M4,CZ13,cDXGF,627978344.7,0,8398332986.59,18756691382.91,0,162574171049.45,,,,
MFmCmn,M4,CZ14,cDXGF,656705114.49,0,7388000467.57,17537109757.43,0,158896261369.45,,,,
MFmCmn,M4,CZ15,cDXGF,33728815.31,0,16777748152.95,1438525327.7,0,240338005954.82,,,,
MFmCmn,M4,CZ16,cDXGF,3343946408.75,0,3598763886.61,52492151866.72,0,98391166441.02,,,,
MFmCmn,M4,CZ01,cDXHP,0,264890549.9,807994846.63,0,12072600450.42,46377151447.56,,,,
MFmCmn,M4,CZ02,cDXHP,0,248134514.27,3600242249.4,0,7331217344.39,100097078224.17,,,,
MFmCmn,M4,CZ03,cDXHP,0,72498174.12,2407881185.96,0,4220683044.03,92120768124.14,,,,
MFmCmn,M4,CZ04,cDXHP,0,240890053.98,5477501628.44,0,5584325064.63,132369739343.64,,,,
MFmCmn,M4,CZ05,cDXHP,0,58988447.37,2767155569.82,0,3423239388.68,98408770434.13,,,,
MFmCmn,M4,CZ06,cDXHP,0,0,3677133937.57,0,595896692.87,125762631707.32,,,,
MFmCmn,M4,CZ07,cDXHP,0,0,3286833257.97,0,390059815.23,124771958605.11,,,,
MFmCmn,M4,CZ08,cDXHP,0,191140.68,6030415905.74,0,782213884.54,153121330911.52,,,,
MFmCmn,M4,CZ09,cDXHP,0,9760273,6881565278.39,0,1235109365.42,158093418277.85,,,,
MFmCmn,M4,CZ10,cDXHP,0,7420585.75,5750022038.42,0,1147084916.89,147786545201.25,,,,
MFmCmn,M4,CZ11,cDXHP,0,457610427.21,8510644268.13,0,7211892969.92,155826721524.37,,,,
MFmCmn,M4,CZ12,cDXHP,0,273144340.63,5320489984.18,0,6506179634.62,126625328985.43,,,,
MFmCmn,M4,CZ13,cDXHP,0,172625600.01,8412824676.44,0,4846411852.28,162966649596.81,,,,
MFmCmn,M4,CZ14,cDXHP,0,209107506.12,7394801021.32,0,5039557573.18,159226725439.36,,,,
MFmCmn,M4,CZ15,cDXHP,0,9293112.34,16778916321.69,0,372327651.65,240351903115.94,,,,
MFmCmn,M4,CZ16,cDXHP,0,1092943347.88,3599268527.82,0,15865501657,98294149023.18,,,,
MFmCmn,M4,CZ01,cPTAC,0,0,784813628.67,0,0,45051770503.78,,,,
MFmCmn,M4,CZ02,cPTAC,0,0,3565524026.09,0,0,98769818963.58,,,,
MFmCmn,M4,CZ03,cPTAC,0,0,2385183594.81,0,0,91284964224.76,,,,
MFmCmn,M4,CZ04,cPTAC,0,0,5448216577.15,0,0,130892422353.4,,,,
MFmCmn,M4,CZ05,cPTAC,0,0,2740640013.34,0,0,97494063094.21,,,,
MFmCmn,M4,CZ06,cPTAC,0,0,3664196462.74,0,0,125494272030.95,,,,
MFmCmn,M4,CZ07,cPTAC,0,0,3274448752.9,0,0,124556511644.91,,,,
MFmCmn,M4,CZ08,cPTAC,0,0,6012231388.46,0,0,152727853773.71,,,,
MFmCmn,M4,CZ09,cPTAC,0,0,6867528402.34,0,0,157663566534.28,,,,
MFmCmn,M4,CZ10,cPTAC,0,0,5741241876.15,0,0,147404327581.69,,,,
MFmCmn,M4,CZ11,cPTAC,0,0,8482182440.1,0,0,154521554915.27,,,,
MFmCmn,M4,CZ12,cPTAC,0,0,5291652746.16,0,0,125434365260.71,,,,
MFmCmn,M4,CZ13,cPTAC,0,0,8391918087.4,0,0,162037517261.64,,,,
MFmCmn,M4,CZ14,cPTAC,0,0,7373255403.9,0,0,158027909237.51,,,,
MFmCmn,M4,CZ15,cPTAC,0,0,16776759322.73,0,0,240230167189.57,,,,
MFmCmn,M4,CZ16,cPTAC,0,0,3567324593.27,0,0,96886231338.18,,,,
MFmCmn,M4,CZ01,cPVVG,1795056420.12,0,560471089.95,79853917865.52,0,34786655791.67,,,,
MFmCmn,M4,CZ02,cPVVG,1985506064.75,0,2765194848.93,52701963324.09,0,82800271455.93,,,,
MFmCmn,M4,CZ03,cPVVG,744863813.61,0,1759839005.21,33216801510.77,0,74188340130.33,,,,
MFmCmn,M4,CZ04,cPVVG,1795851718.1,0,4341636894.08,41429407451.54,0,113848150267.29,,,,
MFmCmn,M4,CZ05,cPVVG,644071363.27,0,2094977947.15,26808676847.18,0,79462237535.9,,,,
MFmCmn,M4,CZ06,cPVVG,0,0,2851203897.8,6794537856.18,0,106255865537.96,,,,
MFmCmn,M4,CZ07,cPVVG,0,0,2526356929.25,4866301365.89,0,104934800949.17,,,,
MFmCmn,M4,CZ08,cPVVG,3609932.91,0,4723845108.94,8744417913.12,0,131926075277.37,,,,
MFmCmn,M4,CZ09,cPVVG,138556355.03,0,5377179731.85,12568266021.11,0,136123225247.04,,,,
MFmCmn,M4,CZ10,cPVVG,62303038.27,0,4517964625.38,11755323671.92,0,127893542915.6,,,,
MFmCmn,M4,CZ11,cPVVG,3086162518.24,0,6753277691.85,54684008906.47,0,137093918104.19,,,,
MFmCmn,M4,CZ12,cPVVG,2301073758.44,0,4174871828.05,49320973322.52,0,109490320712.06,,,,
MFmCmn,M4,CZ13,cPVVG,1802364687.04,0,6609045878.76,40408860763.72,0,144104140624.34,,,,
MFmCmn,M4,CZ14,cPVVG,1426308661.42,0,5790763227.6,36443084859.12,0,140046771812.95,,,,
MFmCmn,M4,CZ15,cPVVG,74865595.07,0,13598440808.67,4775391848,0,217356323832.94,,,,
MFmCmn,M4,CZ16,cPVVG,7174210053.15,0,2578358753.36,93906476366.31,0,80009859189.03,,,,
MLI,M4,CZ01,cDXGF,31193524.67,0,0,911499033716.95,0,100206234773.72,,,,
MLI,M4,CZ02,cDXGF,25432252.26,0,0,605695471279.02,0,403406770697.51,,,,
MLI,M4,CZ03,cDXGF,0,0,0,386458042266.75,0,292850345153,,,,
MLI,M4,CZ04,cDXGF,0,0,0,495465054859.52,0,619627206440.71,,,,
MLI,M4,CZ05,cDXGF,0,0,0,340371415372.97,0,313776450789.33,,,,
MLI,M4,CZ06,cDXGF,0,0,0,88391484750.15,0,533062544067.1,,,,
MLI,M4,CZ07,cDXGF,0,0,0,72741270760.51,0,552044284286.61,,,,
MLI,M4,CZ08,cDXGF,0,0,0,119393151521.22,0,752983901174.17,,,,
MLI,M4,CZ09,cDXGF,0,0,0,160675886621.23,0,753350260043.1,,,,
MLI,M4,CZ10,cDXGF,0,0,0,155321390915.2,0,813248099615.55,,,,
MLI,M4,CZ11,cDXGF,335946102.03,0,0,541178517159.43,0,826631666302.49,,,,
MLI,M4,CZ12,cDXGF,40664034.87,0,0,543092949235.77,0,628285052390.12,,,,
MLI,M4,CZ13,cDXGF,0,0,0,441357077863.86,0,905453753696.9,,,,
MLI,M4,CZ14,cDXGF,256604527.11,0,0,448825722061.86,0,869911649963.58,,,,
MLI,M4,CZ15,cDXGF,0,0,0,60658726892.71,0,1511802022391.3,,,,
MLI,M4,CZ16,cDXGF,3015124468.73,0,0,879080914276.49,0,414700910376.85,,,,
MLI,M4,CZ01,cDXHP,0,9925071.23,0,0,228967953180.64,100782780156.45,,,,
MLI,M4,CZ02,cDXHP,0,6635271.07,0,0,157271586458.7,407005627814.39,,,,
MLI,M4,CZ03,cDXHP,0,0,0,0,94709121316.77,294032967186.33,,,,
MLI,M4,CZ04,cDXHP,0,5986477.76,0,0,132561694249.97,630213491058.94,,,,
MLI,M4,CZ05,cDXHP,0,0,0,0,85522550400.72,315149217210.71,,,,
MLI,M4,CZ06,cDXHP,0,0,0,0,20900186971.15,526219402991.62,,,,
MLI,M4,CZ07,cDXHP,0,0,0,0,17131592942.68,546979284283.99,,,,
MLI,M4,CZ08,cDXHP,0,0,0,0,29021834455.8,749231085420.52,,,,
MLI,M4,CZ09,cDXHP,0,0,0,0,39699615513.65,753851486682.45,,,,
MLI,M4,CZ10,cDXHP,0,0,0,0,38669595636.77,814889481581.96,,,,
MLI,M4,CZ11,cDXHP,0,101854233.7,0,0,139948944376.29,840715448079.45,,,,
MLI,M4,CZ12,cDXHP,0,14721250.43,0,0,139179422949.96,634252864415.82,,,,
MLI,M4,CZ13,cDXHP,0,4441395.02,0,0,112438053196.31,917947364014.44,,,,
MLI,M4,CZ14,cDXHP,0,91460100.97,0,0,124372271248.27,882114019198.72,,,,
MLI,M4,CZ15,cDXHP,0,0,0,0,15141318853.75,1525401663758.66,,,,
MLI,M4,CZ16,cDXHP,0,1057679027.1,0,0,255958314708.53,416888069140.13,,,,
MLI,M4,CZ01,cPTAC,0,0,0,0,0,88756799904.35,,,,
MLI,M4,CZ02,cPTAC,0,0,0,0,0,388966483712.84,,,,
MLI,M4,CZ03,cPTAC,0,0,0,0,0,284361981933.33,,,,
MLI,M4,CZ04,cPTAC,0,0,0,0,0,603601791967.4,,,,
MLI,M4,CZ05,cPTAC,0,0,0,0,0,299614345000.85,,,,
MLI,M4,CZ06,cPTAC,0,0,0,0,0,528926213760.76,,,,
MLI,M4,CZ07,cPTAC,0,0,0,0,0,548157682165.29,,,,
MLI,M4,CZ08,cPTAC,0,0,0,0,0,746234324084.48,,,,
MLI,M4,CZ09,cPTAC,0,0,0,0,0,745609819478.13,,,,
MLI,M4,CZ10,cPTAC,0,0,0,0,0,805245242637.03,,,,
MLI,M4,CZ11,cPTAC,0,0,0,0,0,816295714638.35,,,,
MLI,M4,CZ12,cPTAC,0,0,0,0,0,619715173725.27,,,,
MLI,M4,CZ13,cPTAC,0,0,0,0,0,898212599995.39,,,,
MLI,M4,CZ14,cPTAC,0,0,0,0,0,856303856946.57,,,,
MLI,M4,CZ15,cPTAC,0,0,0,0,0,1508131136065.56,,,,
MLI,M4,CZ16,cPTAC,0,0,0,0,0,399539907042,,,,
MLI,M4,CZ01,cPVVG,42061990.61,0,0,1474037280412.52,0,46831614180.01,,,,
MLI,M4,CZ02,cPVVG,51456264.75,0,0,966353245731.29,0,300781153664.12,,,,
MLI,M4,CZ03,cPVVG,0,0,0,694634560512.07,0,190594920196.88,,,,
MLI,M4,CZ04,cPVVG,21012150.22,0,0,809750701160.16,0,501197734418.04,,,,
MLI,M4,CZ05,cPVVG,0,0,0,647995061371.42,0,205487342468.1,,,,
MLI,M4,CZ06,cPVVG,0,0,0,205044962508.17,0,389149965860.67,,,,
MLI,M4,CZ07,cPVVG,0,0,0,185821782971.93,0,403964053618.46,,,,
MLI,M4,CZ08,cPVVG,0,0,0,256524989253.55,0,607700128248.41,,,,
MLI,M4,CZ09,cPVVG,0,0,0,320177710139.72,0,608253244656.06,,,,
MLI,M4,CZ10,cPVVG,0,0,0,318090825189.45,0,668833800911.28,,,,
MLI,M4,CZ11,cPVVG,471682670.55,0,0,858059512707.73,0,709127345217.06,,,,
MLI,M4,CZ12,cPVVG,94804953.35,0,0,856797525114.35,0,511865890869.6,,,,
MLI,M4,CZ13,cPVVG,17342696.87,0,0,719752496148.27,0,780756191731.12,,,,
MLI,M4,CZ14,cPVVG,378132907.9,0,0,744480136222.05,0,729915481357.34,,,,
MLI,M4,CZ15,cPVVG,0,0,0,141147290381.7,0,1356160983319.48,,,,
MLI,M4,CZ16,cPVVG,4440757244.7,0,0,1399141814632.32,0,293440313301.84,,,,
OfS,M4,CZ01,cDXGF,976394207.49,0,802603583.36,47879916182.74,0,46332552637.12,,,,
OfS,M4,CZ02,cDXGF,911649189.42,0,3581478593.55,27872741154.89,0,99776155984.74,,,,
OfS,M4,CZ03,cDXGF,291643565.65,0,2394948230.11,17215800949.34,0,91957665180.93,,,,
OfS,M4,CZ04,cDXGF,861243059.57,0,5461067696.48,20630997934.49,0,131850524737.31,,,,
OfS,M4,CZ05,cDXGF,230141192.83,0,2750086545.03,13623669009.83,0,98197823724.08,,,,
OfS,M4,CZ06,cDXGF,0,0,3665492448.1,2472714444.32,0,125645310449.02,,,,
OfS,M4,CZ07,cDXGF,0,0,3275219966.63,1617933116.85,0,124670563963.43,,,,
OfS,M4,CZ08,cDXGF,734192.44,0,6015295725.85,3160818194.15,0,152936792275.54,,,,
OfS,M4,CZ09,cDXGF,37241724.48,0,6871711776.67,4902247360.19,0,157961617767.08,,,,
OfS,M4,CZ10,cDXGF,27588920.42,0,5743817203.52,4478216943.91,0,147698010923.81,,,,
OfS,M4,CZ11,cDXGF,1645730689.53,0,8493106359.37,27220203707.33,0,155366925834.26,,,,
OfS,M4,CZ12,cDXGF,1011918714.51,0,5300704162.68,24987112780.42,0,126208532818.99,,,,
OfS,M4,CZ13,cDXGF,627978344.7,0,8398332986.59,18756691382.91,0,162574171049.45,,,,
OfS,M4,CZ14,cDXGF,656705114.49,0,7388000467.57,17537109757.43,0,158896261369.45,,,,
OfS,M4,CZ15,cDXGF,33728815.31,0,16777748152.95,1438525327.7,0,240338005954.82,,,,
OfS,M4,CZ16,cDXGF,3343946408.75,0,3598763886.61,52492151866.72,0,98391166441.02,,,,
OfS,M4,CZ01,cDXHP,0,264890549.9,807994846.63,0,12072600450.42,46377151447.56,,,,
OfS,M4,CZ02,cDXHP,0,248134514.27,3600242249.4,0,7331217344.39,100097078224.17,,,,
OfS,M4,CZ03,cDXHP,0,72498174.12,2407881185.96,0,4220683044.03,92120768124.14,,,,
OfS,M4,CZ04,cDXHP,0,240890053.98,5477501628.44,0,5584325064.63,132369739343.64,,,,
OfS,M4,CZ05,cDXHP,0,58988447.37,2767155569.82,0,3423239388.68,98408770434.13,,,,
OfS,M4,CZ06,cDXHP,0,0,3677133937.57,0,595896692.87,125762631707.32,,,,
OfS,M4,CZ07,cDXHP,0,0,3286833257.97,0,390059815.23,124771958605.11,,,,
OfS,M4,CZ08,cDXHP,0,191140.68,6030415905.74,0,782213884.54,153121330911.52,,,,
OfS,M4,CZ09,cDXHP,0,9760273,6881565278.39,0,1235109365.42,158093418277.85,,,,
OfS,M4,CZ10,cDXHP,0,7420585.75,5750022038.42,0,1147084916.89,147786545201.25,,,,
OfS,M4,CZ11,cDXHP,0,457610427.21,8510644268.13,0,7211892969.92,155826721524.37,,,,
OfS,M4,CZ12,cDXHP,0,273144340.63,5320489984.18,0,6506179634.62,126625328985.43,,,,
OfS,M4,CZ13,cDXHP,0,172625600.01,8412824676.44,0,4846411852.28,162966649596.81,,,,
OfS,M4,CZ14,cDXHP,0,209107506.12,7394801021.32,0,5039557573.18,159226725439.36,,,,
OfS,M4,CZ15,cDXHP,0,9293112.34,16778916321.69,0,372327651.65,240351903115.94,,,,
OfS,M4,CZ16,cDXHP,0,1092943347.88,3599268527.82,0,15865501657,98294149023.18,,,,
OfS,M4,CZ01,cPTAC,0,0,784813628.67,0,0,45051770503.78,,,,
OfS,M4,CZ02,cPTAC,0,0,3565524026.09,0,0,98769818963.58,,,,
OfS,M4,CZ03,cPTAC,0,0,2385183594.81,0,0,91284964224.76,,,,
OfS,M4,CZ04,cPTAC,0,0,5448216577.15,0,0,130892422353.4,,,,
OfS,M4,CZ05,cPTAC,0,0,2740640013.34,0,0,97494063094.21,,,,
OfS,M4,CZ06,cPTAC,0,0,3664196462.74,0,0,125494272030.95,,,,
OfS,M4,CZ07,cPTAC,0,0,3274448752.9,0,0,124556511644.91,,,,
OfS,M4,CZ08,cPTAC,0,0,6012231388.46,0,0,152727853773.71,,,,
OfS,M4,CZ09,cPTAC,0,0,6867528402.34,0,0,157663566534.28,,,,
OfS,M4,CZ10,cPTAC,0,0,5741241876.15,0,0,147404327581.69,,,,
OfS,M4,CZ11,cPTAC,0,0,8482182440.1,0,0,154521554915.27,,,,
OfS,M4,CZ12,cPTAC,0,0,5291652746.16,0,0,125434365260.71,,,,
OfS,M4,CZ13,cPTAC,0,0,8391918087.4,0,0,162037517261.64,,,,
OfS,M4,CZ14,cPTAC,0,0,7373255403.9,0,0,158027909237.51,,,,
OfS,M4,CZ15,cPTAC,0,0,16776759322.73,0,0,240230167189.57,,,,
OfS,M4,CZ16,cPTAC,0,0,3567324593.27,0,0,96886231338.18,,,,
OfS,M4,CZ01,cPVVG,1795056420.12,0,560471089.95,79853917865.52,0,34786655791.67,,,,
OfS,M4,CZ02,cPVVG,1985506064.75,0,2765194848.93,52701963324.09,0,82800271455.93,,,,
OfS,M4,CZ03,cPVVG,744863813.61,0,1759839005.21,33216801510.77,0,74188340130.33,,,,
OfS,M4,CZ04,cPVVG,1795851718.1,0,4341636894.08,41429407451.54,0,113848150267.29,,,,
OfS,M4,CZ05,cPVVG,644071363.27,0,2094977947.15,26808676847.18,0,79462237535.9,,,,
OfS,M4,CZ06,cPVVG,0,0,2851203897.8,6794537856.18,0,106255865537.96,,,,
OfS,M4,CZ07,cPVVG,0,0,2526356929.25,4866301365.89,0,104934800949.17,,,,
OfS,M4,CZ08,cPVVG,3609932.91,0,4723845108.94,8744417913.12,0,131926075277.37,,,,
OfS,M4,CZ09,cPVVG,138556355.03,0,5377179731.85,12568266021.11,0,136123225247.04,,,,
OfS,M4,CZ10,cPVVG,62303038.27,0,4517964625.38,11755323671.92,0,127893542915.6,,,,
OfS,M4,CZ11,cPVVG,3086162518.24,0,6753277691.85,54684008906.47,0,137093918104.19,,,,
OfS,M4,CZ12,cPVVG,2301073758.44,0,4174871828.05,49320973322.52,0,109490320712.06,,,,
OfS,M4,CZ13,cPVVG,1802364687.04,0,6609045878.76,40408860763.72,0,144104140624.34,,,,
OfS,M4,CZ14,cPVVG,1426308661.42,0,5790763227.6,36443084859.12,0,140046771812.95,,,,
OfS,M4,CZ15,cPVVG,74865595.07,0,13598440808.67,4775391848,0,217356323832.94,,,,
OfS,M4,CZ16,cPVVG,7174210053.15,0,2578358753.36,93906476366.31,0,80009859189.03,,,,
RFF,M4,CZ01,cDXGF,144576803.7,0,101685.62,34304206731.56,0,6480443934.19,,,,
RFF,M4,CZ02,cDXGF,284913849.93,0,3260150.82,24318658839.56,0,23097730477.01,,,,
RFF,M4,CZ03,cDXGF,5346482.75,0,1957930.57,12658971716.46,0,18870202766.88,,,,
RFF,M4,CZ04,cDXGF,189618797.87,0,13210152.27,18872482901.59,0,33277759977.56,,,,
RFF,M4,CZ05,cDXGF,10862459.6,0,1904442.27,11345878540.02,0,20268236770.33,,,,
RFF,M4,CZ06,cDXGF,0,0,21953440.51,2466208238.4,0,31347824362.46,,,,
RFF,M4,CZ07,cDXGF,0,0,17888226.88,1872838582.3,0,30669022084.07,,,,
RFF,M4,CZ08,cDXGF,0,0,38604874.03,3564548768.11,0,40750952264.44,,,,
RFF,M4,CZ09,cDXGF,6828734.18,0,51130599.73,4827885691.27,0,42518738975.9,,,,
RFF,M4,CZ10,cDXGF,6574740.08,0,62244737.77,6100875895.56,0,42911836025.93,,,,
RFF,M4,CZ11,cDXGF,338537025.16,0,85536176.33,21656716373.31,0,44298890829.03,,,,
RFF,M4,CZ12,cDXGF,252800620.1,0,24158061.32,21269214203.84,0,33595192477.62,,,,
RFF,M4,CZ13,cDXGF,166246429.76,0,97847845.37,16202339609.1,0,46568107892.93,,,,
RFF,M4,CZ14,cDXGF,83701813.32,0,125629242.56,14213621231.81,0,43944377879.36,,,,
RFF,M4,CZ15,cDXGF,0,0,573964246.59,1765561207.25,0,74814835251.93,,,,
RFF,M4,CZ16,cDXGF,1468703040,0,65971163.82,34869177714.55,0,23104059174.22,,,,
RFF,M4,CZ01,cDXHP,0,41338125.34,102612.88,0,8674420555.51,6418327341.75,,,,
RFF,M4,CZ02,cDXHP,0,81910201.65,3288860.27,0,6332358386.56,23136056278.99,,,,
RFF,M4,CZ03,cDXHP,0,1430027.83,1979666,0,3139503220.15,18745654614.66,,,,
RFF,M4,CZ04,cDXHP,0,57242513.09,13306654.78,0,5044461608,33665594263.96,,,,
RFF,M4,CZ05,cDXHP,0,2855806.7,1923293.76,0,2873506549.18,20225199282.5,,,,
RFF,M4,CZ06,cDXHP,0,0,22089467.75,0,594366499.59,30828763682.43,,,,
RFF,M4,CZ07,cDXHP,0,0,17982983.75,0,451373337.77,30235729179.09,,,,
RFF,M4,CZ08,cDXHP,0,0,38860305.75,0,881427727.27,40536571713.62,,,,
RFF,M4,CZ09,cDXHP,0,1792910.21,51414893.6,0,1210352389.73,42431227924.21,,,,
RFF,M4,CZ10,cDXHP,0,1805634.83,62593343.89,0,1538219060.74,42863956063.12,,,,
RFF,M4,CZ11,cDXHP,0,99535751.24,86055943.11,0,5677279860.61,44503057212.87,,,,
RFF,M4,CZ12,cDXHP,0,72723450.2,24293398.4,0,5482280428.37,33650951835.13,,,,
RFF,M4,CZ13,cDXHP,0,48726414.23,98308891.52,0,4178893563.16,46738264729.65,,,,
RFF,M4,CZ14,cDXHP,0,27653764.21,126463239.27,0,4033961599.42,44485403406.97,,,,
RFF,M4,CZ15,cDXHP,0,0,573964246.59,0,449316140.73,74814835251.92,,,,
RFF,M4,CZ16,cDXHP,0,482928202.62,66396696.93,0,10495933548.42,23308094054.65,,,,
RFF,M4,CZ01,cPTAC,0,0,100760.47,0,0,6132637268.46,,,,
RFF,M4,CZ02,cPTAC,0,0,3259738.84,0,0,22750974404.19,,,,
RFF,M4,CZ03,cPTAC,0,0,1957926.98,0,0,18671709731.66,,,,
RFF,M4,CZ04,cPTAC,0,0,13209383.23,0,0,32901445156.66,,,,
RFF,M4,CZ05,cPTAC,0,0,1897468.11,0,0,19977187941.55,,,,
RFF,M4,CZ06,cPTAC,0,0,21942856.16,0,0,31287712915.97,,,,
RFF,M4,CZ07,cPTAC,0,0,17888475.69,0,0,30608917578.09,,,,
RFF,M4,CZ08,cPTAC,0,0,38506978,0,0,40647878667.28,,,,
RFF,M4,CZ09,cPTAC,0,0,51058779.82,0,0,42409985564.8,,,,
RFF,M4,CZ10,cPTAC,0,0,62232142.82,0,0,42767276619.4,,,,
RFF,M4,CZ11,cPTAC,0,0,85534333.47,0,0,44061309389.93,,,,
RFF,M4,CZ12,cPTAC,0,0,24156551.84,0,0,33368815928.46,,,,
RFF,M4,CZ13,cPTAC,0,0,97847243.17,0,0,46411682359.43,,,,
RFF,M4,CZ14,cPTAC,0,0,125625642.13,0,0,43629150664.37,,,,
RFF,M4,CZ15,cPTAC,0,0,573960362.94,0,0,74751219089.25,,,,
RFF,M4,CZ16,cPTAC,0,0,65957011.45,0,0,22796615383.81,,,,
RFF,M4,CZ01,cPVVG,208161910.24,0,12911.16,50796905573.51,0,4531530285.76,,,,
RFF,M4,CZ02,cPVVG,428331883.52,0,1359940.03,37860177418.81,0,19490326441.98,,,,
RFF,M4,CZ03,cPVVG,13189027.69,0,923302.03,22196421575.37,0,14775033071.96,,,,
RFF,M4,CZ04,cPVVG,301656375.16,0,6232401.28,29879319979.13,0,29344203278.57,,,,
RFF,M4,CZ05,cPVVG,26435486.21,0,750893.77,21140301610.07,0,16142565789.9,,,,
RFF,M4,CZ06,cPVVG,0,0,12077089.96,5727273119.46,0,26159243652.18,,,,
RFF,M4,CZ07,cPVVG,0,0,9192586.92,4967254876.02,0,25131284887.07,,,,
RFF,M4,CZ08,cPVVG,0,0,23056799.34,7741021940.22,0,35138928531.23,,,,
RFF,M4,CZ09,cPVVG,15713628.14,0,30813288.55,9880999716.57,0,36734461953.95,,,,
RFF,M4,CZ10,cPVVG,16295703.72,0,39534344.57,12296151195.72,0,37388271276.94,,,,
RFF,M4,CZ11,cPVVG,515328470.66,0,55896561.25,33999073827.75,0,39884686611.99,,,,
RFF,M4,CZ12,cPVVG,366135584.68,0,12913274.49,32755403596.62,0,29517029183.31,,,,
RFF,M4,CZ13,cPVVG,254450577.04,0,63273363.56,26680525781.96,0,41997351855.22,,,,
RFF,M4,CZ14,cPVVG,132890023.42,0,88255197.45,23298046500.33,0,39511724384.47,,,,
RFF,M4,CZ15,cPVVG,0,0,393697487.11,4307181793.61,0,68878865438.53,,,,
RFF,M4,CZ16,cPVVG,2103614881.58,0,38859105.05,51197894158.46,0,18901617069.57,,,,
Rt3,M4,CZ01,cDXGF,2302638723.41,0,0,475433184377.87,0,294901389673.97,,,,
Rt3,M4,CZ02,cDXGF,11755355203.1,0,238465883.3,417154411177.67,0,841996391588.13,,,,
Rt3,M4,CZ03,cDXGF,1835687196.18,0,8318381.54,230936755644.06,0,664981817002.36,,,,
Rt3,M4,CZ04,cDXGF,12783861258.71,0,527089613.49,347151736035.99,0,1176825917633.37,,,,
Rt3,M4,CZ05,cDXGF,2340204564.03,0,341880.84,215309534508.04,0,730606166145.05,,,,
Rt3,M4,CZ06,cDXGF,13708510.25,0,13282246.82,49921406638.33,0,1097320133394.43,,,,
Rt3,M4,CZ07,cDXGF,0,0,24861647.27,42686202746.59,0,1126698818901.43,,,,
Rt3,M4,CZ08,cDXGF,93357646.62,0,253083681.72,57855650978.84,0,1424612601795.88,,,,
Rt3,M4,CZ09,cDXGF,847392286.21,0,582711381.05,87440112897.55,0,1412626352516.32,,,,
Rt3,M4,CZ10,cDXGF,3325145150.76,0,825537404.16,117139241884.22,0,1581293520384.21,,,,
Rt3,M4,CZ11,cDXGF,12307469263.88,0,2796628925.61,352513190695.2,0,1458179333327.79,,,,
Rt3,M4,CZ12,cDXGF,8730900062.37,0,641961579.53,347549408540.51,0,1153708163370.53,,,,
Rt3,M4,CZ13,cDXGF,5294445683.1,0,3228321396.13,262822308147.4,0,1539705150112.15,,,,
Rt3,M4,CZ14,cDXGF,7536807795.7,0,613350962.44,255379165128.92,0,1476303452987.38,,,,
Rt3,M4,CZ15,cDXGF,202976871.07,0,20427160222.71,28314108745.68,0,2474881001558.94,,,,
Rt3,M4,CZ16,cDXGF,35324385798.68,0,168224609.84,594949504486.2,0,746947584589,,,,
Rt3,M4,CZ01,cDXHP,0,710011719.33,0,0,119790393832.4,292230792959,,,,
Rt3,M4,CZ02,cDXHP,0,3475788363.83,239982919.28,0,109187050851.46,849012307699.47,,,,
Rt3,M4,CZ03,cDXHP,0,497496164.72,8338496.01,0,56229139713,661010108294.42,,,,
Rt3,M4,CZ04,cDXHP,0,3999111585.05,526686630.54,0,93775549787.27,1199734353535.58,,,,
Rt3,M4,CZ05,cDXHP,0,669391503.48,341956.9,0,53417997492.08,727665853202.12,,,,
Rt3,M4,CZ06,cDXHP,0,3435004.33,13299828.71,0,11758608963.77,1066305845979.33,,,,
Rt3,M4,CZ07,cDXHP,0,0,24871288.29,0,9997119109.2,1101830814532.01,,,,
Rt3,M4,CZ08,cDXHP,0,23942745.34,252688370.44,0,14015266916.91,1413717823269.58,,,,
Rt3,M4,CZ09,cDXHP,0,225670472.34,540535426.76,0,21626959374.72,1411287386365.44,,,,
Rt3,M4,CZ10,cDXHP,0,902076276.62,791075607.22,0,29095504769.02,1582564580826.99,,,,
Rt3,M4,CZ11,cDXHP,0,3655814724.17,2713364690.28,0,92988360474.1,1477698916010.03,,,,
Rt3,M4,CZ12,cDXHP,0,2487013270,642042618.4,0,90429319681.62,1166716922051.26,,,,
Rt3,M4,CZ13,cDXHP,0,1521210385.81,3180573346.05,0,68257425786.06,1557296797209.3,,,,
Rt3,M4,CZ14,cDXHP,0,2474697963.05,546286911.9,0,71839376411.25,1504127827628.48,,,,
Rt3,M4,CZ15,cDXHP,0,56271387.99,20410267144.4,0,7186778362.04,2475075062738.24,,,,
Rt3,M4,CZ16,cDXHP,0,11667211456.32,168407314.05,0,178391440616.39,757463394770.55,,,,
Rt3,M4,CZ01,cPTAC,0,0,0,0,0,281340141704.36,,,,
Rt3,M4,CZ02,cPTAC,0,0,238440123.24,0,0,827265323194.89,,,,
Rt3,M4,CZ03,cPTAC,0,0,8317803.59,0,0,656547133614.8,,,,
Rt3,M4,CZ04,cPTAC,0,0,527434253.97,0,0,1160990527507.31,,,,
Rt3,M4,CZ05,cPTAC,0,0,340674.26,0,0,719464634554.01,,,,
Rt3,M4,CZ06,cPTAC,0,0,13282246.82,0,0,1094673353716.28,,,,
Rt3,M4,CZ07,cPTAC,0,0,24861610.86,0,0,1124317480425.38,,,,
Rt3,M4,CZ08,cPTAC,0,0,253083531.96,0,0,1421125654256.83,,,,
Rt3,M4,CZ09,cPTAC,0,0,582710194.26,0,0,1407884953412,,,,
Rt3,M4,CZ10,cPTAC,0,0,825532660.99,0,0,1575260496629.25,,,,
Rt3,M4,CZ11,cPTAC,0,0,2796612650.68,0,0,1447850520655.1,,,,
Rt3,M4,CZ12,cPTAC,0,0,641938234.18,0,0,1143805941522.03,,,,
Rt3,M4,CZ13,cPTAC,0,0,3228314735.84,0,0,1532431035829.89,,,,
Rt3,M4,CZ14,cPTAC,0,0,613350960.73,0,0,1464266670709.38,,,,
Rt3,M4,CZ15,cPTAC,0,0,20427160222.72,0,0,2472723468263.9,,,,
Rt3,M4,CZ16,cPTAC,0,0,168209403.05,0,0,730928325412.39,,,,
Rt3,M4,CZ01,cPVVG,3565008234.26,0,0,770336115282.82,0,195436318398.52,,,,
Rt3,M4,CZ02,cPVVG,19070439684.48,0,152928111.63,683947544230.81,0,728903178738.56,,,,
Rt3,M4,CZ03,cPVVG,3089398771.47,0,1444215.46,396932979209.03,0,538037951318.76,,,,
Rt3,M4,CZ04,cPVVG,21575252071.12,0,359939367.69,586189955550.47,0,1066048207636.49,,,,
Rt3,M4,CZ05,cPVVG,3779229278.43,0,0,368917421410.84,0,596904210600.09,,,,
Rt3,M4,CZ06,cPVVG,62039624.84,0,6104541.3,103594735978.93,0,952735658050.97,,,,
Rt3,M4,CZ07,cPVVG,0,0,7993718.17,91441724367.71,0,972269872092.89,,,,
Rt3,M4,CZ08,cPVVG,265035655.05,0,137534744.63,119612722001.52,0,1281837940979.65,,,,
Rt3,M4,CZ09,cPVVG,2022071786.46,0,356112173.06,175483905705.22,0,1270529783335.67,,,,
Rt3,M4,CZ10,cPVVG,7057095962.15,0,507073909.98,227058810973.16,0,1441722482975.36,,,,
Rt3,M4,CZ11,cPVVG,20942220739.36,0,1850576778.69,605233868935.8,0,1361611386386.93,,,,
Rt3,M4,CZ12,cPVVG,15221903147.93,0,434311758.76,595435458249.96,0,1048016552988.87,,,,
Rt3,M4,CZ13,cPVVG,10120754249.62,0,2081931581.71,480393968528.61,0,1441633755642.53,,,,
Rt3,M4,CZ14,cPVVG,12283265720.15,0,392403428,443469959790.95,0,1374953633803.05,,,,
Rt3,M4,CZ15,cPVVG,360839171.05,0,14572739151.05,62685225637.2,0,2379690882187.89,,,,
Rt3,M4,CZ16,cPVVG,56007135884.2,0,86184554.93,988672158124.85,0,618174991619.09,,,,
RtL,M4,CZ01,cDXGF,140601471.06,0,0,444631425276.71,0,329445162367.1,,,,
RtL,M4,CZ02,cDXGF,184130983.52,0,0,328735399246.06,0,865766601537.21,,,,
RtL,M4,CZ03,cDXGF,0,0,0,156838896314.18,0,702628251487.24,,,,
RtL,M4,CZ04,cDXGF,136213036.62,0,5822734.77,266517769568.72,0,1206694189866.13,,,,
RtL,M4,CZ05,cDXGF,0,0,0,138819862879.26,0,755214598934.49,,,,
RtL,M4,CZ06,cDXGF,0,0,0,23510535473.93,0,1123150609184.31,,,,
RtL,M4,CZ07,cDXGF,0,0,0,17928241473.15,0,1135899474889.37,,,,
RtL,M4,CZ08,cDXGF,0,0,0,38183050126.02,0,1414757238823.91,,,,
RtL,M4,CZ09,cDXGF,0,0,0,61823803867.73,0,1406754050440.63,,,,
RtL,M4,CZ10,cDXGF,0,0,0,57979012303.41,0,1503579790350.72,,,,
RtL,M4,CZ11,cDXGF,734426115.42,0,93238846.12,289153618555.43,0,1472436282568.3,,,,
RtL,M4,CZ12,cDXGF,164030633.34,0,16443480.56,292748499389.02,0,1183208738398.99,,,,
RtL,M4,CZ13,cDXGF,86959470.51,0,55063134.13,230412030626.81,0,1558804737575.02,,,,
RtL,M4,CZ14,cDXGF,764804306.18,0,2297304.35,244713252072.04,0,1526490890884.29,,,,
RtL,M4,CZ15,cDXGF,0,0,111028070.8,25731174822.75,0,2464085136189.04,,,,
RtL,M4,CZ16,cDXGF,5767680802.93,0,4969288.97,545748998188.85,0,785629102106.07,,,,
RtL,M4,CZ01,cDXHP,0,79123959.58,0,0,113958207728.13,327205998051.38,,,,
RtL,M4,CZ02,cDXHP,0,70235880.89,0,0,87830018116.95,871213198931.66,,,,
RtL,M4,CZ03,cDXHP,0,0,0,0,38797768472.4,701476034465.15,,,,
RtL,M4,CZ04,cDXHP,0,62927110.91,5838233.35,0,73697605667.9,1213452122573.62,,,,
RtL,M4,CZ05,cDXHP,0,0,0,0,35422862426.59,753548685343.84,,,,
RtL,M4,CZ06,cDXHP,0,0,0,0,5544013176.53,1099670621841.62,,,,
RtL,M4,CZ07,cDXHP,0,0,0,0,4208370578.25,1117004584226.15,,,,
RtL,M4,CZ08,cDXHP,0,0,0,0,9328878349.87,1409075011839.39,,,,
RtL,M4,CZ09,cDXHP,0,0,0,0,15478961506.43,1406303641781.44,,,,
RtL,M4,CZ10,cDXHP,0,0,0,0,14803892318.46,1504046844674.8,,,,
RtL,M4,CZ11,cDXHP,0,242929136.52,93329838.46,0,77156727878.14,1474876576533.18,,,,
RtL,M4,CZ12,cDXHP,0,54619729.72,16459924.32,0,77088746284.74,1188531386111.68,,,,
RtL,M4,CZ13,cDXHP,0,28548437.97,55126733.52,0,60244609751,1562810284312.93,,,,
RtL,M4,CZ14,cDXHP,0,291276311.6,2306066.77,0,69671876801.23,1535266660686.09,,,,
RtL,M4,CZ15,cDXHP,0,0,111028070.8,0,6518364126.69,2464086233888.86,,,,
RtL,M4,CZ16,cDXHP,0,2486490935.08,4971097.76,0,166966494069.38,795483176918.07,,,,
RtL,M4,CZ01,cPTAC,0,0,0,0,0,313836636325.44,,,,
RtL,M4,CZ02,cPTAC,0,0,0,0,0,849830567658.71,,,,
RtL,M4,CZ03,cPTAC,0,0,0,0,0,693772544265.54,,,,
RtL,M4,CZ04,cPTAC,0,0,5822734.77,0,0,1189599842647.01,,,,
RtL,M4,CZ05,cPTAC,0,0,0,0,0,743810405470.77,,,,
RtL,M4,CZ06,cPTAC,0,0,0,0,0,1120699510214.95,,,,
RtL,M4,CZ07,cPTAC,0,0,0,0,0,1133780375191.7,,,,
RtL,M4,CZ08,cPTAC,0,0,0,0,0,1411047431500.62,,,,
RtL,M4,CZ09,cPTAC,0,0,0,0,0,1401552762551.22,,,,
RtL,M4,CZ10,cPTAC,0,0,0,0,0,1498195043094.13,,,,
RtL,M4,CZ11,cPTAC,0,0,93238846.12,0,0,1461476231317.99,,,,
RtL,M4,CZ12,cPTAC,0,0,16443498.93,0,0,1172324384882.58,,,,
RtL,M4,CZ13,cPTAC,0,0,55063134.13,0,0,1550592390265.26,,,,
RtL,M4,CZ14,cPTAC,0,0,2297304.35,0,0,1512706286139.65,,,,
RtL,M4,CZ15,cPTAC,0,0,111028070.8,0,0,2461496113332.94,,,,
RtL,M4,CZ16,cPTAC,0,0,4969751.99,0,0,768529928425.48,,,,
RtL,M4,CZ01,cPVVG,165618016.35,0,0,695901460411.27,0,226146355962.97,,,,
RtL,M4,CZ02,cPVVG,219758773.83,0,0,512516729731.86,0,738247389307.23,,,,
RtL,M4,CZ03,cPVVG,0,0,0,267394474494.69,0,572413169370.64,,,,
RtL,M4,CZ04,cPVVG,174196815.62,0,3944047.01,425120778192.82,0,1067118071734.77,,,,
RtL,M4,CZ05,cPVVG,0,0,0,236191655237.68,0,617156848698.59,,,,
RtL,M4,CZ06,cPVVG,0,0,0,47406007612.6,0,968091300819.9,,,,
RtL,M4,CZ07,cPVVG,0,0,0,38277276058.35,0,976763649799.94,,,,
RtL,M4,CZ08,cPVVG,0,0,0,77243407040.09,0,1254427337143.75,,,,
RtL,M4,CZ09,cPVVG,0,0,0,116346439861.1,0,1246603548918.16,,,,
RtL,M4,CZ10,cPVVG,0,0,0,111838237067.68,0,1352214101470.03,,,,
RtL,M4,CZ11,cPVVG,870739247.09,0,65760692.26,468420008003.64,0,1338137888086.61,,,,
RtL,M4,CZ12,cPVVG,199400582.08,0,11109698.84,468912933914.25,0,1052382595685.58,,,,
RtL,M4,CZ13,cPVVG,107025278.02,0,37321857.4,388966807723.84,0,1425627430616.67,,,,
RtL,M4,CZ14,cPVVG,870592015.15,0,1658658.27,390662928883.04,0,1383974381692.62,,,,
RtL,M4,CZ15,cPVVG,0,0,80803374.22,50512553105.82,0,2315663568250.18,,,,
RtL,M4,CZ16,cPVVG,6864687996.42,0,2900392.18,875404106339.69,0,645194811793.23,,,,
RtS,M4,CZ01,cDXGF,38413166.41,0,0,92423348622.76,0,12541091644.93,,,,
RtS,M4,CZ02,cDXGF,1066874777.21,0,7482866.44,67373249120.56,0,57316724905.21,,,,
RtS,M4,CZ03,cDXGF,47510839.75,0,0,39449001802.18,0,42639899124.05,,,,
RtS,M4,CZ04,cDXGF,679869869.74,0,86830436.48,51944672964.14,0,86169239773.69,,,,
RtS,M4,CZ05,cDXGF,100984813.86,0,0,33591523438.6,0,46808277089.62,,,,
RtS,M4,CZ06,cDXGF,0,0,0,9603329001.2,0,75281456238.76,,,,
RtS,M4,CZ07,cDXGF,0,0,0,8618400549.46,0,75235986909.1,,,,
RtS,M4,CZ08,cDXGF,0,0,20756106.36,10932054701.03,0,103526058046.55,,,,
RtS,M4,CZ09,cDXGF,0,0,105416353.33,15224169839.27,0,105896629809.96,,,,
RtS,M4,CZ10,cDXGF,22520105.96,0,113312974.44,18933064907.41,0,115411818641.42,,,,
RtS,M4,CZ11,cDXGF,1523547269.79,0,769275814.92,59316928306.4,0,113105510997.67,,,,
RtS,M4,CZ12,cDXGF,1244196952.91,0,107076194.76,60239433249.68,0,85481475626.71,,,,
RtS,M4,CZ13,cDXGF,720872915.23,0,1107655803.06,47688549564.19,0,119924604462.98,,,,
RtS,M4,CZ14,cDXGF,571942432.14,0,286821907.25,37994143086.47,0,112288530623.76,,,,
RtS,M4,CZ15,cDXGF,0,0,6234627515.15,4551947977.11,0,200102832347.29,,,,
RtS,M4,CZ16,cDXGF,6573543774.92,0,5535900.49,102338560280.35,0,51274300432.71,,,,
RtS,M4,CZ01,cDXHP,0,14846966.87,0,0,22548756010.55,12521777331.15,,,,
RtS,M4,CZ02,cDXHP,0,315939474.48,7520617.1,0,16939028598.8,57718702856.31,,,,
RtS,M4,CZ03,cDXHP,0,11771788.32,0,0,9416378216.05,42699191007.07,,,,
RtS,M4,CZ04,cDXHP,0,195018507.5,86961314.03,0,13382579423.37,86999224727.93,,,,
RtS,M4,CZ05,cDXHP,0,26112716.78,0,0,8155433231.9,46993368873.91,,,,
RtS,M4,CZ06,cDXHP,0,0,0,0,2232007605.71,74115409455.97,,,,
RtS,M4,CZ07,cDXHP,0,0,0,0,1995722349.51,74313543939.71,,,,
RtS,M4,CZ08,cDXHP,0,0,20509777.95,0,2604471832.46,103340701166.22,,,,
RtS,M4,CZ09,cDXHP,0,0,104991042.68,0,3683796754.15,105953305350.66,,,,
RtS,M4,CZ10,cDXHP,0,6343304.35,113142689.55,0,4593903983.3,115456194672.62,,,,
RtS,M4,CZ11,cDXHP,0,448510080.3,767617948.36,0,15072374284.73,113522876386.14,,,,
RtS,M4,CZ12,cDXHP,0,344297832.9,107361566,0,15085776836.13,85937846075.82,,,,
RtS,M4,CZ13,cDXHP,0,206922608.63,1107643765.8,0,11974801568.57,120322990834.98,,,,
RtS,M4,CZ14,cDXHP,0,197262305.77,278697174.76,0,10186120362.12,113110446789.81,,,,
RtS,M4,CZ15,cDXHP,0,0,6234627515.15,0,1130646213.44,200102832311.96,,,,
RtS,M4,CZ16,cDXHP,0,2319015401.2,5553914.84,0,29316979567.24,51903847169.04,,,,
RtS,M4,CZ01,cPTAC,0,0,0,0,0,11579243156.01,,,,
RtS,M4,CZ02,cPTAC,0,0,7482866.07,0,0,56087158672.49,,,,
RtS,M4,CZ03,cPTAC,0,0,0,0,0,41877877704.45,,,,
RtS,M4,CZ04,cPTAC,0,0,86826749.14,0,0,84884060572.34,,,,
RtS,M4,CZ05,cPTAC,0,0,0,0,0,45798909135.2,,,,
RtS,M4,CZ06,cPTAC,0,0,0,0,0,74981734742.15,,,,
RtS,M4,CZ07,cPTAC,0,0,0,0,0,74927510904.07,,,,
RtS,M4,CZ08,cPTAC,0,0,20756106.36,0,0,103101483191.64,,,,
RtS,M4,CZ09,cPTAC,0,0,105415780.35,0,0,105399524581.05,,,,
RtS,M4,CZ10,cPTAC,0,0,113312971.75,0,0,114817206281.03,,,,
RtS,M4,CZ11,cPTAC,0,0,769275355.86,0,0,112246211799.47,,,,
RtS,M4,CZ12,cPTAC,0,0,107075529.62,0,0,84683145375.39,,,,
RtS,M4,CZ13,cPTAC,0,0,1107655803.05,0,0,119344308991.78,,,,
RtS,M4,CZ14,cPTAC,0,0,286821907.02,0,0,111333370061.48,,,,
RtS,M4,CZ15,cPTAC,0,0,6234627515.15,0,0,199892423210.32,,,,
RtS,M4,CZ16,cPTAC,0,0,5535900.2,0,0,50044548762.01,,,,
RtS,M4,CZ01,cPVVG,51316237.88,0,0,124098555835.29,0,8165977925.09,,,,
RtS,M4,CZ02,cPVVG,1468930917.15,0,3761873.29,92663215356.1,0,48607034404.36,,,,
RtS,M4,CZ03,cPVVG,89976340.7,0,0,57252383348.07,0,33709133918.21,,,,
RtS,M4,CZ04,cPVVG,1008340268.32,0,48909301.93,72519779095.11,0,76601293324.71,,,,
RtS,M4,CZ05,cPVVG,153990887.39,0,0,50786286007.93,0,37314593373.98,,,,
RtS,M4,CZ06,cPVVG,0,0,0,15975543459.96,0,64687384210.83,,,,
RtS,M4,CZ07,cPVVG,0,0,0,14735411284.84,0,63893273969.66,,,,
RtS,M4,CZ08,cPVVG,0,0,8457573.71,18310967782.91,0,91467169281.8,,,,
RtS,M4,CZ09,cPVVG,0,0,59131210.13,24716912517.61,0,93600136352.08,,,,
RtS,M4,CZ10,cPVVG,30093799.24,0,61607173.21,30266922197.12,0,102746253584.49,,,,
RtS,M4,CZ11,cPVVG,2141189766.21,0,453941067.24,83778816548.99,0,103461284694.48,,,,
RtS,M4,CZ12,cPVVG,1724187203.15,0,64062203.98,83224138035.93,0,76449771933.65,,,,
RtS,M4,CZ13,cPVVG,1063794102.95,0,669210832.74,69441326338.14,0,109967917199.92,,,,
RtS,M4,CZ14,cPVVG,762284944.18,0,158694004.18,54899396167.97,0,102522993105.06,,,,
RtS,M4,CZ15,cPVVG,0,0,4307315163.61,8822921404.64,0,186446749266.43,,,,
RtS,M4,CZ16,cPVVG,8726180900.58,0,1935418.58,136294846709.99,0,43027946052.91,,,,
SCn,M4,CZ01,cDXGF,37149787153.13,0,0,9308976434616.1,0,4992480644.76,,,,
SCn,M4,CZ02,cDXGF,52021995596.3,0,0,5659204206023.92,0,671301446216.16,,,,
SCn,M4,CZ03,cDXGF,32999597189.21,0,0,4544363019012.65,0,218773625445.63,,,,
SCn,M4,CZ04,cDXGF,48495075667.8,0,0,4660617842487.79,0,1344551497902.3,,,,
SCn,M4,CZ05,cDXGF,29957220666.27,0,0,4002216696290.27,0,226030400909.14,,,,
SCn,M4,CZ06,cDXGF,6694943740.51,0,0,1602833700480.26,0,788031957879.87,,,,
SCn,M4,CZ07,cDXGF,2601515272.23,0,0,1472005027340.3,0,826350024320.17,,,,
SCn,M4,CZ08,cDXGF,11081505575.3,0,0,1630459088614.9,0,1629149371676.84,,,,
SCn,M4,CZ09,cDXGF,24956500005.38,0,0,2019752459597.24,0,1612992437105.7,,,,
SCn,M4,CZ10,cDXGF,28137988580.68,0,0,2065595295784.54,0,1782368006317.06,,,,
SCn,M4,CZ11,cDXGF,70874696346.89,0,2151309314.13,5079506066861.21,0,2068245637037.91,,,,
SCn,M4,CZ12,cDXGF,56746222420.45,0,0,5221430737907.76,0,1394302917668.64,,,,
SCn,M4,CZ13,cDXGF,37809534581.43,0,449609148.57,4408203561984.28,0,2292321867454.02,,,,
SCn,M4,CZ14,cDXGF,59048075832.07,0,1623169114.22,4322668885257.55,0,2075523109600.62,,,,
SCn,M4,CZ15,cDXGF,32673211855.15,0,12277175097.96,945598536027.13,0,3982433126706.28,,,,
SCn,M4,CZ16,cDXGF,95192531111.53,0,0,8235178376441.58,0,685624920966.47,,,,
SCn,M4,CZ01,cDXHP,0,7561159869.71,0,0,2071396771909.98,5052984266.88,,,,
SCn,M4,CZ02,cDXHP,0,10928132477.15,0,0,1265804837454.79,670939355818.99,,,,
SCn,M4,CZ03,cDXHP,0,7208877658.41,0,0,996229550791.4,219976660003.29,,,,
SCn,M4,CZ04,cDXHP,0,9565382843.22,0,0,1060393546257.7,1344075359799.47,,,,
SCn,M4,CZ05,cDXHP,0,6707474853.99,0,0,887450805735.18,227363032780.91,,,,
SCn,M4,CZ06,cDXHP,0,1461113826.5,0,0,347577192167.38,798083301658.15,,,,
SCn,M4,CZ07,cDXHP,0,569907353.43,0,0,319475478929.53,830549522957.83,,,,
SCn,M4,CZ08,cDXHP,0,2500918046.19,0,0,361380707381.43,1628949302426.09,,,,
SCn,M4,CZ09,cDXHP,0,5736783432.14,0,0,451659285805.9,1612704004319.47,,,,
SCn,M4,CZ10,cDXHP,0,6387887109.47,0,0,458971069345.97,1781969574246.25,,,,
SCn,M4,CZ11,cDXHP,0,17521992366.83,2151309314.14,0,1149943003402.61,2068140267080.05,,,,
SCn,M4,CZ12,cDXHP,0,12399316562.41,0,0,1159468448351.6,1394166787348.63,,,,
SCn,M4,CZ13,cDXHP,0,8730309422.14,449609148.57,0,1001948201071.18,2292295638818,,,,
SCn,M4,CZ14,cDXHP,0,26788634250.79,1623169114.22,0,1007242575635.17,2075364289106.73,,,,
SCn,M4,CZ15,cDXHP,0,7861955188.32,12277178888.8,0,216193342374.45,3982401455913.84,,,,
SCn,M4,CZ16,cDXHP,0,58209482082.72,0,0,2019890523323.67,701656099942.47,,,,
SCn,M4,CZ01,cPTAC,0,0,0,0,0,1930639354.36,,,,
SCn,M4,CZ02,cPTAC,0,0,0,0,0,633264539075.15,,,,
SCn,M4,CZ03,cPTAC,0,0,0,0,0,209864016310.57,,,,
SCn,M4,CZ04,cPTAC,0,0,0,0,0,1310669771682.37,,,,
SCn,M4,CZ05,cPTAC,0,0,0,0,0,197573890453.63,,,,
SCn,M4,CZ06,cPTAC,0,0,0,0,0,775964774322.26,,,,
SCn,M4,CZ07,cPTAC,0,0,0,0,0,817742263706.09,,,,
SCn,M4,CZ08,cPTAC,0,0,0,0,0,1597972785321.86,,,,
SCn,M4,CZ09,cPTAC,0,0,0,0,0,1575756397118.18,,,,
SCn,M4,CZ10,cPTAC,0,0,0,0,0,1747162928552.42,,,,
SCn,M4,CZ11,cPTAC,0,0,2151309189.22,0,0,2050077376314.26,,,,
SCn,M4,CZ12,cPTAC,0,0,0,0,0,1376982646109.72,,,,
SCn,M4,CZ13,cPTAC,0,0,449609412.6,0,0,2279853860924.66,,,,
SCn,M4,CZ14,cPTAC,0,0,1623169114.21,0,0,2056423430170.57,,,,
SCn,M4,CZ15,cPTAC,0,0,12277177579.75,0,0,3961850164024.2,,,,
SCn,M4,CZ16,cPTAC,0,0,0,0,0,662986236265.81,,,,
SCn,M4,CZ01,cPVVG,38355695293.38,0,0,10027877609558.3,0,2413243087.12,,,,
SCn,M4,CZ02,cPVVG,53673416810.8,0,0,6152076358609.97,0,567989945243.96,,,,
SCn,M4,CZ03,cPVVG,33698803770.56,0,0,4781611359224.04,0,188492198963.47,,,,
SCn,M4,CZ04,cPVVG,50859036106.76,0,0,5079819969386.29,0,1214831141096.07,,,,
SCn,M4,CZ05,cPVVG,31002248947.53,0,0,4368125411694.32,0,179758477686.97,,,,
SCn,M4,CZ06,cPVVG,6682362483.77,0,0,1628168537244.94,0,778596907000.57,,,,
SCn,M4,CZ07,cPVVG,2596545699,0,0,1515864959593.6,0,809199967773.49,,,,
SCn,M4,CZ08,cPVVG,11398718618.07,0,0,1839621924208.34,0,1576883172661.95,,,,
SCn,M4,CZ09,cPVVG,25712488488.98,0,0,2256912632273.16,0,1554673284685.15,,,,
SCn,M4,CZ10,cPVVG,28683130780.22,0,0,2231919070929.79,0,1743345271904.97,,,,
SCn,M4,CZ11,cPVVG,72446269080.99,0,2103455726.51,5505709372444.4,0,2007827397286.43,,,,
SCn,M4,CZ12,cPVVG,58185157161.13,0,0,5565685820402.85,0,1332653550319,,,,
SCn,M4,CZ13,cPVVG,39636319613.58,0,433886789.62,4782395545022.22,0,2225433398585.03,,,,
SCn,M4,CZ14,cPVVG,60691125604.57,0,2257843731.11,4724178437180.29,0,1896054423342.02,,,,
SCn,M4,CZ15,cPVVG,33835252263.22,0,11908861268.39,1149314418758.11,0,3887393499865.14,,,,
SCn,M4,CZ16,cPVVG,98807901074.8,0,0,9064945723052.47,0,544144201506.81,,,,
Asm,M5,CZ01,cDXGF,2255519896.15,0,372577450416.79,2255519896.15,0,372577450416.79,,,,
Asm,M5,CZ02,cDXGF,1713406497.05,0,609444964220.24,1713406497.05,0,609862534328.47,,,,
Asm,M5,CZ03,cDXGF,395231942.25,0,536067619452.11,395231942.25,0,536739235409.58,,,,
Asm,M5,CZ04,cDXGF,1116063697.22,0,727381548977.37,1116063697.22,0,735736307970.84,,,,
Asm,M5,CZ05,cDXGF,253586546.01,0,550644957271.53,253586546.01,0,552362948762.26,,,,
Asm,M5,CZ06,cDXGF,1601112.86,0,699025835683.1,1601112.86,0,701281560987.38,,,,
Asm,M5,CZ07,cDXGF,0,0,703381671097.97,0,0,705271866100.15,,,,
Asm,M5,CZ08,cDXGF,4044436.57,0,830611973670.61,4044436.57,0,835911634046.35,,,,
Asm,M5,CZ09,cDXGF,61563001.04,0,817366069255.14,61563001.04,0,824243968760.98,,,,
Asm,M5,CZ10,cDXGF,13035426.04,0,850834760713.43,13035426.04,0,858515914362,,,,
Asm,M5,CZ11,cDXGF,2415590346.2,0,825541417561.85,2415590346.2,0,843042747654.33,,,,
Asm,M5,CZ12,cDXGF,1668853725.09,0,734911728036.65,1668853725.09,0,737288937300.15,,,,
Asm,M5,CZ13,cDXGF,1145563324.3,0,871918516102.57,1145563324.3,0,884057985421.78,,,,
Asm,M5,CZ14,cDXGF,873170983.4,0,805830226091.41,873170983.4,0,811664427780.31,,,,
Asm,M5,CZ15,cDXGF,10457657.76,0,1097071650521.39,10457657.76,0,1263459223504.31,,,,
Asm,M5,CZ16,cDXGF,9650262795.33,0,483155321633.77,9650262795.33,0,483155321633.77,,,,
Asm,M5,CZ01,cDXHP,0,618222608.46,443243302310.77,0,618222608.46,443243302310.77,,,,
Asm,M5,CZ02,cDXHP,0,489252187.66,624503336891.65,0,489252187.66,624503336891.65,,,,
Asm,M5,CZ03,cDXHP,0,100041353.78,582824738009.89,0,100041353.78,582824738009.89,,,,
Asm,M5,CZ04,cDXHP,0,320593952.6,729556978325.31,0,320593952.6,737001915648.87,,,,
Asm,M5,CZ05,cDXHP,0,65878411.95,598346536742.43,0,65878411.95,598346536742.43,,,,
Asm,M5,CZ06,cDXHP,0,397666.3,749639363659,0,397666.3,749639363659,,,,
Asm,M5,CZ07,cDXHP,0,0,745640147443.87,0,0,745640147443.87,,,,
Asm,M5,CZ08,cDXHP,0,1015735.44,837267388576.81,0,1015735.44,841611042196.19,,,,
Asm,M5,CZ09,cDXHP,0,15874467.49,819606203413.82,0,15874467.49,825848308471.7,,,,
Asm,M5,CZ10,cDXHP,0,3441336.38,850926825031.54,0,3441336.38,858587925629.42,,,,
Asm,M5,CZ11,cDXHP,0,682056598.45,825601627260.23,0,682056598.45,843102957372.87,,,,
Asm,M5,CZ12,cDXHP,0,465275397.64,737155166993.16,0,465275397.64,739559517913.66,,,,
Asm,M5,CZ13,cDXHP,0,314814839.83,872246862206.74,0,314814839.83,884269324491.69,,,,
Asm,M5,CZ14,cDXHP,0,271551145.77,805604000801.62,0,271551145.77,810994677925.68,,,,
Asm,M5,CZ15,cDXHP,0,2873333.98,1097071623652.36,0,2873333.98,1263459196635.28,,,,
Asm,M5,CZ16,cDXHP,0,3579952578.95,542306235821.95,0,3991150043.57,542306235821.95,,,,
Asm,M5,CZ01,cPTAC,0,0,371862956990.42,0,0,371862956990.42,,,,
Asm,M5,CZ02,cPTAC,0,0,608804930524,0,0,609222500632.24,,,,
Asm,M5,CZ03,cPTAC,0,0,535864052203.68,0,0,536535668161.16,,,,
Asm,M5,CZ04,cPTAC,0,0,726958938426.12,0,0,735313697419.59,,,,
Asm,M5,CZ05,cPTAC,0,0,550504097444.74,0,0,552222088935.47,,,,
Asm,M5,CZ06,cPTAC,0,0,699020264437.84,0,0,701275989742.11,,,,
Asm,M5,CZ07,cPTAC,0,0,703381501402.01,0,0,705271696404.2,,,,
Asm,M5,CZ08,cPTAC,0,0,830605689877.51,0,0,835905350253.25,,,,
Asm,M5,CZ09,cPTAC,0,0,817311641810.31,0,0,824189541316.14,,,,
Asm,M5,CZ10,cPTAC,0,0,850803268542.47,0,0,858484422191.05,,,,
Asm,M5,CZ11,cPTAC,0,0,814552533019.24,0,0,832053863111.72,,,,
Asm,M5,CZ12,cPTAC,0,0,734392461470.54,0,0,736769670734.04,,,,
Asm,M5,CZ13,cPTAC,0,0,871517513445.46,0,0,883656982764.68,,,,
Asm,M5,CZ14,cPTAC,0,0,805520646992.15,0,0,811354848681.05,,,,
Asm,M5,CZ15,cPTAC,0,0,1097055300587.28,0,0,1263442873570.2,,,,
Asm,M5,CZ16,cPTAC,0,0,471203543308.19,0,0,471203543308.19,,,,
Asm,M5,CZ01,cPVVG,0,0,0,2310303144.27,0,368803860181.92,,,,
Asm,M5,CZ02,cPVVG,0,0,0,1763232734.79,0,604341609605.03,,,,
Asm,M5,CZ03,cPVVG,0,0,0,407767207.67,0,531614231091.85,,,,
Asm,M5,CZ04,cPVVG,0,0,11260410.22,1151976762.53,0,729375666190.94,,,,
Asm,M5,CZ05,cPVVG,0,0,0,261752648.24,0,547039404688.87,,,,
Asm,M5,CZ06,cPVVG,0,0,0,1668091.28,0,694467581790.75,,,,
Asm,M5,CZ07,cPVVG,0,0,2293668.85,0,0,698407987957.12,,,,
Asm,M5,CZ08,cPVVG,0,0,17655456.83,4208023.79,0,828349732385.13,,,,
Asm,M5,CZ09,cPVVG,0,0,31923909.48,64049299.42,0,816774486292.89,,,,
Asm,M5,CZ10,cPVVG,0,0,31639380.07,13547463.79,0,850855062579.67,,,,
Asm,M5,CZ11,cPVVG,0,0,250171163.97,2496214298.23,0,836035913426.13,,,,
Asm,M5,CZ12,cPVVG,0,0,20049531.2,1722191006.75,0,730872758892.61,,,,
Asm,M5,CZ13,cPVVG,0,0,369405980.04,1184930327.97,0,876649265099.55,,,,
Asm,M5,CZ14,cPVVG,0,0,189230583.8,903522377.35,0,804339745768.17,,,,
Asm,M5,CZ15,cPVVG,0,0,2973054110.6,10899838.13,0,1254419000156.38,,,,
Asm,M5,CZ16,cPVVG,0,0,14583953.25,10033944646.19,0,477858998813.54,,,,
ECC,M5,CZ01,cDXGF,90987485722.3,0,727677397756.21,90987485722.3,0,728257066432.29,,,,
ECC,M5,CZ02,cDXGF,117539805685.11,0,1163052149706.87,117539805685.11,0,1164136960707.78,,,,
ECC,M5,CZ03,cDXGF,55496746407.21,0,1061925629720.92,55496746407.21,0,1062011821612.58,,,,
ECC,M5,CZ04,cDXGF,95345228249.87,0,1377381032240.36,95345228249.87,0,1385588940267.57,,,,
ECC,M5,CZ05,cDXGF,40879492553.74,0,1083535113333.68,40879492553.74,0,1090036611257.67,,,,
ECC,M5,CZ06,cDXGF,3769317887.4,0,1339716476202.62,3769317887.4,0,1363414323743.36,,,,
ECC,M5,CZ07,cDXGF,2858714051.42,0,1352483202259.29,2858714051.42,0,1361683409179.59,,,,
ECC,M5,CZ08,cDXGF,5484502542.77,0,1628280729134.72,5484502542.77,0,1639326106244.5,,,,
ECC,M5,CZ09,cDXGF,14857652004,0,1608055761123.76,14857652004,0,1615101543358.81,,,,
ECC,M5,CZ10,cDXGF,19564475129.54,0,1653635104992.9,19564475129.54,0,1660873144128.58,,,,
ECC,M5,CZ11,cDXGF,131406853273.7,0,1607901018928.08,131406853273.7,0,1614402796468.14,,,,
ECC,M5,CZ12,cDXGF,124519992826.73,0,1404683721096.02,124519992826.73,0,1406326176705.03,,,,
ECC,M5,CZ13,cDXGF,111271071764.64,0,1723566076582.43,111271071764.64,0,1729367133898.52,,,,
ECC,M5,CZ14,cDXGF,68736008851.27,0,1562738796974.48,68736008851.27,0,1573290601066.03,,,,
ECC,M5,CZ15,cDXGF,5032828791.12,0,2360342148991.57,5032828791.12,0,2423360178246.9,,,,
ECC,M5,CZ16,cDXGF,194423814305.49,0,970520115915.62,194423814305.49,0,970915755177.61,,,,
ECC,M5,CZ01,cDXHP,0,26963315127.59,815450333366.99,0,27180794971.19,815450333366.99,,,,
ECC,M5,CZ02,cDXHP,0,33790055688.46,1200345645338.47,0,34535779056.8,1200345645338.47,,,,
ECC,M5,CZ03,cDXHP,0,14318640022.38,1118285497964.27,0,14318640022.38,1118285497964.27,,,,
ECC,M5,CZ04,cDXHP,0,27891626386.63,1408546687322.43,0,28168449913.32,1410276206049.42,,,,
ECC,M5,CZ05,cDXHP,0,10871305104.28,1158659611024.61,0,10958310721.53,1158659611024.61,,,,
ECC,M5,CZ06,cDXHP,0,895628836.69,1420822743867.91,0,895628836.69,1424833767747.47,,,,
ECC,M5,CZ07,cDXHP,0,675124996.8,1407896819015.89,0,675124996.8,1409669628734.06,,,,
ECC,M5,CZ08,cDXHP,0,1359920051.25,1651352425667.14,0,1359920051.25,1657928423136.79,,,,
ECC,M5,CZ09,cDXHP,0,3804553291.34,1624180305387.72,0,3804553291.34,1626518227138.93,,,,
ECC,M5,CZ10,cDXHP,0,5043989362.36,1658059445281.79,0,5043989362.36,1663593352932.9,,,,
ECC,M5,CZ11,cDXHP,0,37427027500.66,1625327796382.73,0,37427027500.66,1627139597738.56,,,,
ECC,M5,CZ12,cDXHP,0,34229967375.77,1429329709938.33,0,34229967375.77,1429921253435.3,,,,
ECC,M5,CZ13,cDXHP,0,29660154955.12,1737241473167.39,0,29660154955.12,1740701418968.49,,,,
ECC,M5,CZ14,cDXHP,0,22011524490.98,1589061356984.86,0,22128001684.91,1590065156829.94,,,,
ECC,M5,CZ15,cDXHP,0,1296340192.27,2361567361282.41,0,1296340192.27,2423561931234.64,,,,
ECC,M5,CZ16,cDXHP,0,67363960535.26,1030274574521.01,0,67474475079.16,1030274574521.01,,,,
ECC,M5,CZ01,cPTAC,0,0,704941050831.1,0,0,705520718277.49,,,,
ECC,M5,CZ02,cPTAC,0,0,1141612989446.46,0,0,1142697797343.42,,,,
ECC,M5,CZ03,cPTAC,0,0,1051155683576,0,0,1051241875468.81,,,,
ECC,M5,CZ04,cPTAC,0,0,1358505849282.23,0,0,1366713750457.03,,,,
ECC,M5,CZ05,cPTAC,0,0,1074191608914.72,0,0,1080693105816.45,,,,
ECC,M5,CZ06,cPTAC,0,0,1337687502384.23,0,0,1361385322099.76,,,,
ECC,M5,CZ07,cPTAC,0,0,1350549469595.13,0,0,1359749676375.93,,,,
ECC,M5,CZ08,cPTAC,0,0,1625329724982.57,0,0,1636375102080.29,,,,
ECC,M5,CZ09,cPTAC,0,0,1602968316535.85,0,0,1610014098770.9,,,,
ECC,M5,CZ10,cPTAC,0,0,1647186405201.67,0,0,1654424444252.46,,,,
ECC,M5,CZ11,cPTAC,0,0,1589802116645.34,0,0,1596303894185.4,,,,
ECC,M5,CZ12,cPTAC,0,0,1386537184022.08,0,0,1388179639631.09,,,,
ECC,M5,CZ13,cPTAC,0,0,1709730374579.68,0,0,1715531431895.77,,,,
ECC,M5,CZ14,cPTAC,0,0,1548297326914.95,0,0,1558849131006.5,,,,
ECC,M5,CZ15,cPTAC,0,0,2359246282768.79,0,0,2422017566135.71,,,,
ECC,M5,CZ16,cPTAC,0,0,928733420929.01,0,0,929129060191.01,,,,
ECC,M5,CZ01,cPVVG,50422385766.29,0,2777214374.74,90683714840.03,0,720937072561.41,,,,
ECC,M5,CZ02,cPVVG,77519456619.39,0,16768909165.57,118288609308.38,0,1153723137298.44,,,,
ECC,M5,CZ03,cPVVG,35958691858.18,0,11063833996.79,56041698574.28,0,1051993339674.13,,,,
ECC,M5,CZ04,cPVVG,67697736796.75,0,33788640798.13,96377025367.39,0,1373753908690.73,,,,
ECC,M5,CZ05,cPVVG,26026855750.5,0,16532927936.93,41173857828.11,0,1079739817877.81,,,,
ECC,M5,CZ06,cPVVG,539363831.91,0,26502284279.22,3826653596.21,0,1351557998224.28,,,,
ECC,M5,CZ07,cPVVG,0,0,26652836364.97,2900127888.21,0,1349574579468.63,,,,
ECC,M5,CZ08,cPVVG,975678605.99,0,44105147254.14,5549050321.63,0,1625700929652.74,,,,
ECC,M5,CZ09,cPVVG,6663861660,0,49414127396.66,15106750084.24,0,1601337095434.91,,,,
ECC,M5,CZ10,cPVVG,9044021793.91,0,46838357920.03,19874894487.62,0,1646859262359.35,,,,
ECC,M5,CZ11,cPVVG,95771586551.34,0,70109301972.81,133334850795.28,0,1600938862915.82,,,,
ECC,M5,CZ12,cPVVG,94266854613.14,0,34543492440.22,126322078527.95,0,1394505085676.2,,,,
ECC,M5,CZ13,cPVVG,91048974586.33,0,69256297013.19,113498615040.02,0,1715303440914.35,,,,
ECC,M5,CZ14,cPVVG,49622256091.73,0,52501740959.76,71353202541.16,0,1559666611228.84,,,,
ECC,M5,CZ15,cPVVG,3739419163.52,0,162058598314.14,5170217674.02,0,2405025386554.52,,,,
ECC,M5,CZ16,cPVVG,110061068959.29,0,18047138191.2,196750423134.94,0,960756884336.19,,,,
Epr,M5,CZ01,cDXGF,29034842016.51,0,102238697839.98,29034842016.51,0,102238697839.98,,,,
Epr,M5,CZ02,cDXGF,24990267543.68,0,180949057550.31,24990267543.68,0,181431249940.95,,,,
Epr,M5,CZ03,cDXGF,12455458170.31,0,164022055712.25,12455458170.31,0,164022055712.25,,,,
Epr,M5,CZ04,cDXGF,17688004885.64,0,220166800287.13,17688004885.64,0,223250341880.92,,,,
Epr,M5,CZ05,cDXGF,7572834047.22,0,165596913984.24,7572834047.22,0,166362862293.58,,,,
Epr,M5,CZ06,cDXGF,600301584.55,0,217142522165.69,600301584.55,0,219060549195.58,,,,
Epr,M5,CZ07,cDXGF,427420236.85,0,218973018003.64,427420236.85,0,219596353363.5,,,,
Epr,M5,CZ08,cDXGF,1133240878.04,0,264796533913.96,1133240878.04,0,266300951219.54,,,,
Epr,M5,CZ09,cDXGF,2895610209.99,0,259931824962.67,2895610209.99,0,261335386393.3,,,,
Epr,M5,CZ10,cDXGF,2018310192.63,0,267472777822.33,2018310192.63,0,268810453069.01,,,,
Epr,M5,CZ11,cDXGF,27389870910.4,0,261349749743.11,27389870910.4,0,263645349835.93,,,,
Epr,M5,CZ12,cDXGF,27770992908.91,0,226858608177.12,27770992908.91,0,227496138900.42,,,,
Epr,M5,CZ13,cDXGF,25486760323.68,0,284604141232.21,25486760323.68,0,285881831997.41,,,,
Epr,M5,CZ14,cDXGF,17164270107.17,0,253600539881.99,17164270107.17,0,256809816137.29,,,,
Epr,M5,CZ15,cDXGF,1081550133.31,0,394163407126.6,1081550133.31,0,408966608093.92,,,,
Epr,M5,CZ16,cDXGF,45097828189.33,0,147483354904,45097828189.33,0,147483354904,,,,
Epr,M5,CZ01,cDXHP,0,8899445695.29,118261216871.84,0,9181075464.43,118261216871.84,,,,
Epr,M5,CZ02,cDXHP,0,7714460858.81,190330324971.52,0,7968351676.32,190330324971.52,,,,
Epr,M5,CZ03,cDXHP,0,3309801286.45,177816349477.35,0,3309801286.45,177816349477.35,,,,
Epr,M5,CZ04,cDXHP,0,5564955623.39,228675149473.27,0,5724382012.26,228713294377.69,,,,
Epr,M5,CZ05,cDXHP,0,2084546350.99,182151323296.72,0,2142495963.35,182151323296.72,,,,
Epr,M5,CZ06,cDXHP,0,140021635.36,234027447604.15,0,140021635.36,234027447604.15,,,,
Epr,M5,CZ07,cDXHP,0,99831485.79,232112264778.16,0,99831485.79,232144503032.93,,,,
Epr,M5,CZ08,cDXHP,0,284353307.47,272339356552.75,0,284353307.47,272601175647.76,,,,
Epr,M5,CZ09,cDXHP,0,750451480.79,266249582660.18,0,750451480.79,266582077290.91,,,,
Epr,M5,CZ10,cDXHP,0,525338233.65,270372882104.79,0,525338233.65,271259562526.06,,,,
Epr,M5,CZ11,cDXHP,0,8317228959.73,266616776391.35,0,8317228959.73,266918773557.27,,,,
Epr,M5,CZ12,cDXHP,0,7971682511.33,233332334660.09,0,8035092094.77,233382484127.01,,,,
Epr,M5,CZ13,cDXHP,0,7006932249.8,288609574703.07,0,7040355260.18,288813245268.75,,,,
Epr,M5,CZ14,cDXHP,0,5884791139.79,260444876624.25,0,6061742059.14,260805143818.52,,,,
Epr,M5,CZ15,cDXHP,0,278393038.48,394887937400.02,0,278393038.48,409011196391.32,,,,
Epr,M5,CZ16,cDXHP,0,16487698885.04,161611438033.53,0,16631689489.41,161611438033.53,,,,
Epr,M5,CZ01,cPTAC,0,0,94419639045.84,0,0,94419639045.84,,,,
Epr,M5,CZ02,cPTAC,0,0,175477817912.75,0,0,175993885846.68,,,,
Epr,M5,CZ03,cPTAC,0,0,161492895107.83,0,0,161492895107.83,,,,
Epr,M5,CZ04,cPTAC,0,0,216020570723.13,0,0,219143874189.87,,,,
Epr,M5,CZ05,cPTAC,0,0,163566953954.82,0,0,164332902104.32,,,,
Epr,M5,CZ06,cPTAC,0,0,216727738880.28,0,0,218645765910.17,,,,
Epr,M5,CZ07,cPTAC,0,0,218610243815.6,0,0,219233579173.41,,,,
Epr,M5,CZ08,cPTAC,0,0,264016585445.5,0,0,265521002688.69,,,,
Epr,M5,CZ09,cPTAC,0,0,258830645852.19,0,0,260234207282.82,,,,
Epr,M5,CZ10,cPTAC,0,0,266488414089.51,0,0,267826089161.23,,,,
Epr,M5,CZ11,cPTAC,0,0,256599906119.66,0,0,258895506212.48,,,,
Epr,M5,CZ12,cPTAC,0,0,222110581943.63,0,0,222748112669.17,,,,
Epr,M5,CZ13,cPTAC,0,0,280564092939.73,0,0,281841783720.63,,,,
Epr,M5,CZ14,cPTAC,0,0,249989360616.52,0,0,253198636870.71,,,,
Epr,M5,CZ15,cPTAC,0,0,393854033323.77,0,0,408657234290.57,,,,
Epr,M5,CZ16,cPTAC,0,0,136747731676.92,0,0,136747731676.92,,,,
Epr,M5,CZ01,cPVVG,16839531890.4,0,5841662.66,28493702786.62,0,101182837624.71,,,,
Epr,M5,CZ02,cPVVG,17613356283.41,0,1007837659.67,24749560894.2,0,179813792215.33,,,,
Epr,M5,CZ03,cPVVG,8538624511.5,0,272760779.1,12413623333.63,0,162494407601.4,,,,
Epr,M5,CZ04,cPVVG,13194908594.12,0,3259514415.4,17587537294.5,0,221351407599.31,,,,
Epr,M5,CZ05,cPVVG,5095200043.37,0,257806150.69,7520236349.56,0,164793493508.14,,,,
Epr,M5,CZ06,cPVVG,34270515.28,0,1359528080.35,601159245.58,0,217112773076.07,,,,
Epr,M5,CZ07,cPVVG,0,0,1386454315.54,426562609.42,0,217607297231.35,,,,
Epr,M5,CZ08,cPVVG,200042801.49,0,3888036908.29,1126856279.69,0,264070587089.63,,,,
Epr,M5,CZ09,cPVVG,1492959875.76,0,4518844346.46,2898372406.82,0,259115261230.43,,,,
Epr,M5,CZ10,cPVVG,1048832712.23,0,3882528307.74,2021388345.24,0,266565559668.31,,,,
Epr,M5,CZ11,cPVVG,20746504752.37,0,9536668045.24,27347563360.5,0,261466846016.35,,,,
Epr,M5,CZ12,cPVVG,21738637231.54,0,4030213528.93,27741470186.89,0,225581920054.36,,,,
Epr,M5,CZ13,cPVVG,21159924389.72,0,9665881657.79,25615593412.63,0,283568089482.16,,,,
Epr,M5,CZ14,cPVVG,12418189507.63,0,6718297689.1,17025652071.23,0,254606546371.05,,,,
Epr,M5,CZ15,cPVVG,745525232.36,0,22220590816.11,1093501167.76,0,405928496805.98,,,,
Epr,M5,CZ16,cPVVG,26069076284.36,0,1559897426.38,44811417563.74,0,145926913779.05,,,,
ERC,M5,CZ01,cDXGF,8940157583.28,0,2214081973.43,8940157583.28,0,2214081973.43,,,,
ERC,M5,CZ02,cDXGF,5503154523.79,0,5999488948.27,5503154523.79,0,5999488948.27,,,,
ERC,M5,CZ03,cDXGF,3421743858.64,0,5028371847.33,3421743858.64,0,5028371847.33,,,,
ERC,M5,CZ04,cDXGF,4279717495.21,0,8369328456.61,4279717495.21,0,8369328456.61,,,,
ERC,M5,CZ05,cDXGF,2512887494.18,0,5159510007.67,2512887494.18,0,5159510007.67,,,,
ERC,M5,CZ06,cDXGF,515571592.93,0,7958986553.01,515571592.93,0,7986143657.64,,,,
ERC,M5,CZ07,cDXGF,351309139.31,0,7953261670.91,351309139.31,0,7953261670.91,,,,
ERC,M5,CZ08,cDXGF,668874485.76,0,10496479737.86,668874485.76,0,10496479737.86,,,,
ERC,M5,CZ09,cDXGF,1088643742.8,0,10418005682.51,1088643742.8,0,10418005682.51,,,,
ERC,M5,CZ10,cDXGF,916765693.22,0,10807408844.49,916765693.22,0,10807408844.49,,,,
ERC,M5,CZ11,cDXGF,5592910448.12,0,11114003566.49,5592910448.12,0,11114003566.49,,,,
ERC,M5,CZ12,cDXGF,5397297009.29,0,8789977774.13,5397297009.29,0,8789977774.13,,,,
ERC,M5,CZ13,cDXGF,4553606023.17,0,12327639694,4553606023.17,0,12327639694,,,,
ERC,M5,CZ14,cDXGF,4247559121.64,0,10749501025.33,4247559121.64,0,10775671478.66,,,,
ERC,M5,CZ15,cDXGF,325578743.8,0,19544190165.56,325578743.8,0,19561019847.6,,,,
ERC,M5,CZ16,cDXGF,11322543829.43,0,5046572781.42,11322543829.43,0,5046572781.42,,,,
ERC,M5,CZ01,cDXHP,0,2336738718.22,2509080232.69,0,2395281179.9,2509080232.69,,,,
ERC,M5,CZ02,cDXHP,0,1507865905.89,6306736196.76,0,1526297740.86,6306736196.76,,,,
ERC,M5,CZ03,cDXHP,0,850439152.54,5444690813.91,0,850439152.54,5444690813.91,,,,
ERC,M5,CZ04,cDXHP,0,1222083965.61,8615571925.85,0,1232445727.83,8615571925.85,,,,
ERC,M5,CZ05,cDXHP,0,648542171.95,5584484772.57,0,648542171.95,5584484772.57,,,,
ERC,M5,CZ06,cDXHP,0,121820847.13,8311649541.32,0,121820847.13,8311649541.32,,,,
ERC,M5,CZ07,cDXHP,0,82049447.12,8268070095.74,0,82049447.12,8268070095.74,,,,
ERC,M5,CZ08,cDXHP,0,162849657.09,10665139329.02,0,162849657.09,10665139329.02,,,,
ERC,M5,CZ09,cDXHP,0,272167023.02,10538592950.02,0,272167023.02,10538592950.02,,,,
ERC,M5,CZ10,cDXHP,0,231915339.12,10873429342.03,0,231915339.12,10873429342.03,,,,
ERC,M5,CZ11,cDXHP,0,1508306574.66,11240371212.7,0,1508306574.66,11240371212.7,,,,
ERC,M5,CZ12,cDXHP,0,1431216823.77,9014281374.9,0,1431216823.77,9014281374.9,,,,
ERC,M5,CZ13,cDXHP,0,1186695721.69,12409207518.5,0,1186695721.69,12409207518.5,,,,
ERC,M5,CZ14,cDXHP,0,1271600860.47,10911018694.85,0,1282201372.73,10911018694.85,,,,
ERC,M5,CZ15,cDXHP,0,82182750.66,19544414531.4,0,82182750.66,19561244213.44,,,,
ERC,M5,CZ16,cDXHP,0,3620917437.41,5278942202.14,0,3716043091.28,5278942202.14,,,,
ERC,M5,CZ01,cPTAC,0,0,1863540604.6,0,0,1863540604.6,,,,
ERC,M5,CZ02,cPTAC,0,0,5675163789.79,0,0,5675163789.79,,,,
ERC,M5,CZ03,cPTAC,0,0,4782491133.84,0,0,4782491133.84,,,,
ERC,M5,CZ04,cPTAC,0,0,8004182833.67,0,0,8004182833.67,,,,
ERC,M5,CZ05,cPTAC,0,0,4875390233.23,0,0,4875390233.23,,,,
ERC,M5,CZ06,cPTAC,0,0,7852531366.74,0,0,7879688471.37,,,,
ERC,M5,CZ07,cPTAC,0,0,7850809192.63,0,0,7850809192.63,,,,
ERC,M5,CZ08,cPTAC,0,0,10367571518.55,0,0,10367571518.55,,,,
ERC,M5,CZ09,cPTAC,0,0,10269947009.08,0,0,10269947009.08,,,,
ERC,M5,CZ10,cPTAC,0,0,10640771307.09,0,0,10640771307.09,,,,
ERC,M5,CZ11,cPTAC,0,0,10902865908.86,0,0,10902865908.86,,,,
ERC,M5,CZ12,cPTAC,0,0,8552450710.35,0,0,8552450710.35,,,,
ERC,M5,CZ13,cPTAC,0,0,12121345547.41,0,0,12121345547.41,,,,
ERC,M5,CZ14,cPTAC,0,0,10473998150,0,0,10500168603.34,,,,
ERC,M5,CZ15,cPTAC,0,0,19469661884.21,0,0,19486491566.25,,,,
ERC,M5,CZ16,cPTAC,0,0,4755496199.79,0,0,4755496199.79,,,,
ERC,M5,CZ01,cPVVG,3607529898.93,0,0,8889766009.38,0,2185865926.66,,,,
ERC,M5,CZ02,cPVVG,2785314872.64,0,24348270.53,5535128549.52,0,5936909428.68,,,,
ERC,M5,CZ03,cPVVG,1619549419.95,0,0,3456560357.7,0,4974296635.23,,,,
ERC,M5,CZ04,cPVVG,2331048278.04,0,201358387.51,4320431792.1,0,8287001897.97,,,,
ERC,M5,CZ05,cPVVG,1091281996.94,0,0,2531367046.35,0,5101245669.88,,,,
ERC,M5,CZ06,cPVVG,155922604.74,0,11024047.56,527171501.24,0,7902630295.02,,,,
ERC,M5,CZ07,cPVVG,9595496.44,0,13575194.2,358408805.61,0,7869387843.1,,,,
ERC,M5,CZ08,cPVVG,221498010.44,0,176847828.46,682771377.9,0,10396117265.15,,,,
ERC,M5,CZ09,cPVVG,546534046.9,0,229831672.4,1112695410.38,0,10317632137,,,,
ERC,M5,CZ10,cPVVG,438315363.19,0,235564361.3,933451606.27,0,10706774858.27,,,,
ERC,M5,CZ11,cPVVG,3044999712.16,0,709973698.57,5676559861.03,0,11013015945.93,,,,
ERC,M5,CZ12,cPVVG,3176193363.12,0,242722362.58,5464585408.68,0,8707283415.82,,,,
ERC,M5,CZ13,cPVVG,2976378082.59,0,745291165.88,4639865406.76,0,12218170138.69,,,,
ERC,M5,CZ14,cPVVG,2449327851.19,0,549823462.5,4301818437.91,0,10673118449.11,,,,
ERC,M5,CZ15,cPVVG,194193222.75,0,1929225791.17,334222361.58,0,19397482164.81,,,,
ERC,M5,CZ16,cPVVG,5475041789.84,0,56564943.54,11445716885.12,0,4987408872.98,,,,
Ese,M5,CZ01,cDXGF,9180257677.19,0,126622952274.62,9180257677.19,0,126705886662.05,,,,
Ese,M5,CZ02,cDXGF,11855809892.27,0,207535469321.22,11855809892.27,0,207786786949.39,,,,
Ese,M5,CZ03,cDXGF,4301775483.84,0,189028932911.13,4301775483.84,0,189045646602.31,,,,
Ese,M5,CZ04,cDXGF,9027287492.63,0,247910009389.41,9027287492.63,0,250416084686.66,,,,
Ese,M5,CZ05,cDXGF,3809519234.78,0,194001470127.82,3809519234.78,0,194902041328.34,,,,
Ese,M5,CZ06,cDXGF,603221331.5,0,241561352253.53,603221331.5,0,244830841414.3,,,,
Ese,M5,CZ07,cDXGF,548381322.51,0,242795926306.32,548381322.51,0,244078439897.06,,,,
Ese,M5,CZ08,cDXGF,897983677.45,0,293268140346.82,897983677.45,0,295012968458.02,,,,
Ese,M5,CZ09,cDXGF,1788038245.92,0,290729923479.76,1788038245.92,0,292028424209.34,,,,
Ese,M5,CZ10,cDXGF,2227009981.22,0,297942294002.77,2227009981.22,0,299009029803.95,,,,
Ese,M5,CZ11,cDXGF,13196987663.66,0,289808452533.78,13196987663.66,0,291486179662.52,,,,
Ese,M5,CZ12,cDXGF,10047396363.43,0,252689431485.24,10047396363.43,0,253055539485.19,,,,
Ese,M5,CZ13,cDXGF,7179747968.6,0,310587864464.52,7179747968.6,0,311289904475,,,,
Ese,M5,CZ14,cDXGF,5434519185.94,0,281105637840.05,5434519185.94,0,283590438016.49,,,,
Ese,M5,CZ15,cDXGF,146797213.54,0,433091048768.96,146797213.54,0,439856907389.58,,,,
Ese,M5,CZ16,cDXGF,26266447894.8,0,174825728755.69,26266447894.8,0,174825728755.69,,,,
Ese,M5,CZ01,cDXHP,0,2772113471.18,142972223197.05,0,2884334005.41,142972223197.05,,,,
Ese,M5,CZ02,cDXHP,0,3617101251.3,215626321813.37,0,3745139300.34,215626321813.37,,,,
Ese,M5,CZ03,cDXHP,0,1121351314.8,200322930993.67,0,1121351314.8,200322930993.67,,,,
Ese,M5,CZ04,cDXHP,0,2850813420.31,256641564027.45,0,2850813420.31,256754631326.02,,,,
Ese,M5,CZ05,cDXHP,0,1071220894.67,208212384291.47,0,1071220894.67,208212384291.47,,,,
Ese,M5,CZ06,cDXHP,0,146064106.7,255831148478.99,0,146064106.7,256253772935.61,,,,
Ese,M5,CZ07,cDXHP,0,131958762.18,253253402492.11,0,131958762.18,253464442066.55,,,,
Ese,M5,CZ08,cDXHP,0,224877629.46,298621669282.63,0,224877629.46,299497099468.92,,,,
Ese,M5,CZ09,cDXHP,0,460079152.25,294911557543.41,0,460079152.25,295123032008.33,,,,
Ese,M5,CZ10,cDXHP,0,591049632.22,299616615153.88,0,591049632.22,300192300026.16,,,,
Ese,M5,CZ11,cDXHP,0,3842970928.98,295015258968.92,0,3842970928.98,295032890063.51,,,,
Ese,M5,CZ12,cDXHP,0,2905785479.27,259198884913.2,0,2905785479.27,259198884913.2,,,,
Ese,M5,CZ13,cDXHP,0,1977440047.29,314374534624.95,0,1977440047.29,314392030863.75,,,,
Ese,M5,CZ14,cDXHP,0,1885010036.46,288312052103.74,0,1885010036.46,288312052103.74,,,,
Ese,M5,CZ15,cDXHP,0,39059179.49,433318360473.86,0,39059179.49,439915387859.91,,,,
Ese,M5,CZ16,cDXHP,0,9548626597.22,185594473212.71,0,9548626597.22,185594473212.71,,,,
Ese,M5,CZ01,cPTAC,0,0,122100477991.21,0,0,122183412379.5,,,,
Ese,M5,CZ02,cPTAC,0,0,203168974705.1,0,0,203420292056,,,,
Ese,M5,CZ03,cPTAC,0,0,186952841887.66,0,0,186969555578.84,,,,
Ese,M5,CZ04,cPTAC,0,0,244172813801.34,0,0,246635266105.83,,,,
Ese,M5,CZ05,cPTAC,0,0,192126038519.42,0,0,193026609683.18,,,,
Ese,M5,CZ06,cPTAC,0,0,241131027212.37,0,0,244400515904.27,,,,
Ese,M5,CZ07,cPTAC,0,0,242395485499.32,0,0,243677999090.06,,,,
Ese,M5,CZ08,cPTAC,0,0,292592233364.42,0,0,294337061475.63,,,,
Ese,M5,CZ09,cPTAC,0,0,289740598760.03,0,0,291039099489.61,,,,
Ese,M5,CZ10,cPTAC,0,0,296695504889.79,0,0,297762240195.19,,,,
Ese,M5,CZ11,cPTAC,0,0,285849134602.63,0,0,287526861731.38,,,,
Ese,M5,CZ12,cPTAC,0,0,248989248198.25,0,0,249355356198.21,,,,
Ese,M5,CZ13,cPTAC,0,0,307720777610.77,0,0,308422817621.24,,,,
Ese,M5,CZ14,cPTAC,0,0,278333243180.6,0,0,280818043324.08,,,,
Ese,M5,CZ15,cPTAC,0,0,432837557733.21,0,0,439603416353.84,,,,
Ese,M5,CZ16,cPTAC,0,0,168912772191.77,0,0,168912772191.77,,,,
Ese,M5,CZ01,cPVVG,4822282145.14,0,742769425.09,205236782488.92,0,184738368097.85,,,,
Ese,M5,CZ02,cPVVG,16725288701.11,0,4214513835.42,205291353234.36,0,441977259209.72,,,,
Ese,M5,CZ03,cPVVG,2465997731.45,0,2609003057.93,116267156660.29,0,357843282974.13,,,,
Ese,M5,CZ04,cPVVG,14728713955.64,0,8066350051.08,177500964764.39,0,592313148469.09,,,,
Ese,M5,CZ05,cPVVG,2745458079.08,0,3400652339.84,119376899747.19,0,385618131692.68,,,,
Ese,M5,CZ06,cPVVG,0,0,5272229224,36777536259.79,0,564448499142.72,,,,
Ese,M5,CZ07,cPVVG,0,0,5263817947.36,36864228345.38,0,566973985206.11,,,,
Ese,M5,CZ08,cPVVG,101297415.51,0,9264189997.02,48335352234.47,0,704514378212.29,,,,
Ese,M5,CZ09,cPVVG,1521926772.46,0,10368446383.85,61716051129.55,0,691613936042.88,,,,
Ese,M5,CZ10,cPVVG,2998798772.69,0,9973978366.41,79729278368.03,0,751221057921.59,,,,
Ese,M5,CZ11,cPVVG,18712630480.89,0,14478014123.06,179200763310.23,0,727965967049.57,,,,
Ese,M5,CZ12,cPVVG,14811186295.68,0,7990256068.87,171397079386.97,0,592777623075.25,,,,
Ese,M5,CZ13,cPVVG,11132331447.27,0,14573882990.93,132775608918.92,0,780676151361.31,,,,
Ese,M5,CZ14,cPVVG,9115342537.57,0,11312053867.88,121591614024.48,0,701962350817.14,,,,
Ese,M5,CZ15,cPVVG,181015823.39,0,32820811522.18,19160588772.23,0,1219668851249.76,,,,
Ese,M5,CZ16,cPVVG,47609252513.35,0,4329008947.23,276352429625.87,0,355616621925.09,,,,
Eun,M5,CZ01,cDXGF,108343690193.34,0,2755763449354.19,108343690193.34,0,2757093433401.78,,,,
Eun,M5,CZ02,cDXGF,89897289903.88,0,3769622370422.98,89897289903.88,0,3776166806004.97,,,,
Eun,M5,CZ03,cDXGF,44829498326.42,0,3563371770269.11,44829498326.42,0,3564581937738.39,,,,
Eun,M5,CZ04,cDXGF,78780582585.48,0,4287104240967.47,78780582585.48,0,4309615975120.83,,,,
Eun,M5,CZ05,cDXGF,37401724308.16,0,3661211457639.8,37401724308.16,0,3674283515834.79,,,,
Eun,M5,CZ06,cDXGF,6279555143.5,0,4227874024111.3,6279555143.5,0,4293299541065.07,,,,
Eun,M5,CZ07,cDXGF,3228762801.78,0,4261713954181.21,3228762801.78,0,4288811016624.1,,,,
Eun,M5,CZ08,cDXGF,8775669580.67,0,4816718921589.5,8775669580.67,0,4845867934207.14,,,,
Eun,M5,CZ09,cDXGF,17659432397.15,0,4775512962570.36,17659432397.15,0,4794421391513.22,,,,
Eun,M5,CZ10,cDXGF,11100826444.77,0,4827130287666.5,11100826444.77,0,4843101286348.39,,,,
Eun,M5,CZ11,cDXGF,108556205544.3,0,4714294758358.41,108556205544.3,0,4725739605079.91,,,,
Eun,M5,CZ12,cDXGF,73177167458.38,0,4284514777804.74,73177167458.38,0,4292304287372.18,,,,
Eun,M5,CZ13,cDXGF,54520834785.6,0,4935483245309.44,54520834785.6,0,4948410966552.25,,,,
Eun,M5,CZ14,cDXGF,65093900341.76,0,4617622560721.83,65093900341.76,0,4646226440388.87,,,,
Eun,M5,CZ15,cDXGF,5041553081.86,0,6412054273379.5,5041553081.86,0,6485046443970.04,,,,
Eun,M5,CZ16,cDXGF,224869526057.47,0,3312330973033.48,224869526057.47,0,3313780860323.77,,,,
Eun,M5,CZ01,cDXHP,0,32154376128.85,3009701801900.04,0,33604857586.97,3009701801900.04,,,,
Eun,M5,CZ02,cDXHP,0,27483262394.47,3912378565107.13,0,27849647820.98,3912378565107.13,,,,
Eun,M5,CZ03,cDXHP,0,11635551395.3,3734168557730.52,0,11635551395.3,3734168557730.52,,,,
Eun,M5,CZ04,cDXHP,0,24345091308.49,4383948031292.6,0,24471299770.17,4388021831982.15,,,,
Eun,M5,CZ05,cDXHP,0,10424823887.54,3865930551153.37,0,10424823887.54,3865930551153.37,,,,
Eun,M5,CZ06,cDXHP,0,1522885712.62,4420719756041.84,0,1522885712.62,4428579202391.62,,,,
Eun,M5,CZ07,cDXHP,0,779661574.32,4404003094688.44,0,779661574.32,4408457509275.75,,,,
Eun,M5,CZ08,cDXHP,0,2193068307.39,4894415054126.64,0,2193068307.39,4907950049826.91,,,,
Eun,M5,CZ09,cDXHP,0,4549516026.82,4827400334451.74,0,4549516026.82,4836018335847.2,,,,
Eun,M5,CZ10,cDXHP,0,2982487886.72,4852939053530.26,0,2982487886.72,4862470857660.56,,,,
Eun,M5,CZ11,cDXHP,0,31718946087.5,4762088808992.43,0,31718946087.5,4764991823211.33,,,,
Eun,M5,CZ12,cDXHP,0,20746000076.9,4381125611670.73,0,20746000076.9,4382870509921.82,,,,
Eun,M5,CZ13,cDXHP,0,14687892955.56,4984132344132.11,0,14687892955.56,4990753711752.93,,,,
Eun,M5,CZ14,cDXHP,0,22179831233.35,4696461241769.17,0,22179831233.35,4698350815877.43,,,,
Eun,M5,CZ15,cDXHP,0,1341406984.89,6415404389144.04,0,1341406984.89,6486375291545.63,,,,
Eun,M5,CZ16,cDXHP,0,79033217270.75,3436865526829.83,0,79033217270.75,3436865526829.83,,,,
Eun,M5,CZ01,cPTAC,0,0,2702056723311.53,0,0,2703386704795.53,,,,
Eun,M5,CZ02,cPTAC,0,0,3722967506368.66,0,0,3729511938617.22,,,,
Eun,M5,CZ03,cPTAC,0,0,3541097622370.37,0,0,3542307789816.4,,,,
Eun,M5,CZ04,cPTAC,0,0,4246568747560.47,0,0,4269080477409.33,,,,
Eun,M5,CZ05,cPTAC,0,0,3641566500863.21,0,0,3654638551787.34,,,,
Eun,M5,CZ06,cPTAC,0,0,4223244214630.25,0,0,4288581940048.71,,,,
Eun,M5,CZ07,cPTAC,0,0,4258528664479.46,0,0,4285625725901.27,,,,
Eun,M5,CZ08,cPTAC,0,0,4809633711151.85,0,0,4838493015371.87,,,,
Eun,M5,CZ09,cPTAC,0,0,4764219136202.19,0,0,4783127554168.42,,,,
Eun,M5,CZ10,cPTAC,0,0,4817922414640.38,0,0,4833893413322.25,,,,
Eun,M5,CZ11,cPTAC,0,0,4651143196758.98,0,0,4662719619845.07,,,,
Eun,M5,CZ12,cPTAC,0,0,4243866639276.3,0,0,4251656148843.76,,,,
Eun,M5,CZ13,cPTAC,0,0,4902395739667.74,0,0,4915323460910.56,,,,
Eun,M5,CZ14,cPTAC,0,0,4579331432912.22,0,0,4607802942930.78,,,,
Eun,M5,CZ15,cPTAC,0,0,6407776540631.13,0,0,6480461804309.07,,,,
Eun,M5,CZ16,cPTAC,0,0,3219865781708.4,0,0,3221315663388.88,,,,
Eun,M5,CZ01,cPVVG,1311207343.84,0,7197027491.28,107376584460.59,0,1292754205604.08,,,,
Eun,M5,CZ02,cPVVG,5269568766.55,0,19408290707.87,90119927154.37,0,1738782163359.22,,,,
Eun,M5,CZ03,cPVVG,868795288.86,0,15147940279.47,45061254385.52,0,1646400549125.86,,,,
Eun,M5,CZ04,cPVVG,6965399580.15,0,27122445570.12,79269089066.72,0,1964019594661.07,,,,
Eun,M5,CZ05,cPVVG,1271020946.16,0,18104563251.22,37474933515.6,0,1690145409860.94,,,,
Eun,M5,CZ06,cPVVG,0,0,23063264142.95,6395798119.91,0,1958008552659.74,,,,
Eun,M5,CZ07,cPVVG,0,0,20976895908.72,3293095959.99,0,1954675523277.09,,,,
Eun,M5,CZ08,cPVVG,0,0,32079063563.28,8927412359.78,0,2199743842747.97,,,,
Eun,M5,CZ09,cPVVG,59898761.08,0,34941252028.04,17964081836.34,0,2172332234003.29,,,,
Eun,M5,CZ10,cPVVG,27458005.11,0,28275778741.24,11236994880.8,0,2201634955932.04,,,,
Eun,M5,CZ11,cPVVG,14361619161.22,0,39175376165.48,109771760911.2,0,2149777810722.18,,,,
Eun,M5,CZ12,cPVVG,4069314221.13,0,25828662020.95,73815998291.67,0,1961393938736.7,,,,
Eun,M5,CZ13,cPVVG,1563778780.18,0,36874325062.86,55300013003.29,0,2234646696305.52,,,,
Eun,M5,CZ14,cPVVG,2672156869.65,0,33126829499.74,65470411650.84,0,2099197178409.76,,,,
Eun,M5,CZ15,cPVVG,126606687.2,0,71473985292.51,5135664541.02,0,2893119661035.56,,,,
Eun,M5,CZ16,cPVVG,19729440267.9,0,18148392166.67,227736797846.06,0,1507776810368,,,,
Gro,M5,CZ01,cDXGF,534100022083.26,0,29369808052.42,540918964305.11,0,29369808052.42,,,,
Gro,M5,CZ02,cDXGF,353085453846.33,0,122439901550.86,355320285020.57,0,122439901550.86,,,,
Gro,M5,CZ03,cDXGF,269131463773.75,0,82182231363.39,271144859329.25,0,82182231363.39,,,,
Gro,M5,CZ04,cDXGF,286757829346.06,0,195950180604.63,288156403005.57,0,195950180604.63,,,,
Gro,M5,CZ05,cDXGF,250228710116.28,0,83858713315.56,251349689604.53,0,83876172277.64,,,,
Gro,M5,CZ06,cDXGF,112441030930.24,0,149298370431.37,112844849364.63,0,150028677460.65,,,,
Gro,M5,CZ07,cDXGF,107478916486.02,0,151237267517.17,107811553106.8,0,151277986040.18,,,,
Gro,M5,CZ08,cDXGF,120378097796.92,0,230041808523.72,120799083279.81,0,231306974875.94,,,,
Gro,M5,CZ09,cDXGF,139112923481.78,0,232566745011.66,139797203996.42,0,234743967910.56,,,,
Gro,M5,CZ10,cDXGF,134942168306.63,0,247451262544.62,135621029262.14,0,249573821690.83,,,,
Gro,M5,CZ11,cDXGF,315620942922.54,0,271169252094.57,318204940184.12,0,271169252094.57,,,,
Gro,M5,CZ12,cDXGF,311906444786.41,0,201926977399.56,314124074431.36,0,201926977399.56,,,,
Gro,M5,CZ13,cDXGF,260672843827.98,0,299875596710.64,262810670921.13,0,299943997277.79,,,,
Gro,M5,CZ14,cDXGF,259975914582.84,0,266916670376.76,261769381256.39,0,267548750098.44,,,,
Gro,M5,CZ15,cDXGF,68002756569.04,0,506558872695.24,68388467521.86,0,514677861055.07,,,,
Gro,M5,CZ16,cDXGF,515524589674.84,0,105695607091.85,521058271896.2,0,105695607091.85,,,,
Gro,M5,CZ01,cDXHP,0,125304760524.5,31549467496.32,0,137839534047.62,31549467496.32,,,,
Gro,M5,CZ02,cDXHP,0,82721483700.19,123445264842.01,0,93023141928.88,123445264842.01,,,,
Gro,M5,CZ03,cDXHP,0,63290216098.96,86004101461.49,0,64409432341.18,86004101461.49,,,,
Gro,M5,CZ04,cDXHP,0,68655432816.98,195553526269.62,0,77928378773.18,195553526269.62,,,,
Gro,M5,CZ05,cDXHP,0,58458440658.8,86737920266.95,0,60852083504.07,86737920266.95,,,,
Gro,M5,CZ06,cDXHP,0,24791406886.35,153630595622.31,0,24860626151.01,153630595622.31,,,,
Gro,M5,CZ07,cDXHP,0,23560048191.52,154819763530.48,0,23610042624.16,154819763530.48,,,,
Gro,M5,CZ08,cDXHP,0,27149638432.41,232073707399.74,0,27233222249.44,232197395161.81,,,,
Gro,M5,CZ09,cDXHP,0,32144275508.97,234804551601.4,0,32349716402.56,235248457416.79,,,,
Gro,M5,CZ10,cDXHP,0,31525926755.27,249088375192.99,0,31754941043.75,249511658699.74,,,,
Gro,M5,CZ11,cDXHP,0,75711781753.14,271161369999.19,0,81725203950.97,271161369999.19,,,,
Gro,M5,CZ12,cDXHP,0,74663079562.53,202407536436.11,0,80188175265.34,202407536436.11,,,,
Gro,M5,CZ13,cDXHP,0,63748472832.81,299917170898.85,0,66089386662.85,299985571466,,,,
Gro,M5,CZ14,cDXHP,0,65714789927.93,265159169710.68,0,72452549666.16,265402962450.1,,,,
Gro,M5,CZ15,cDXHP,0,15608952651.17,506563467033.58,0,15689366146.42,514682455394.39,,,,
Gro,M5,CZ16,cDXHP,0,134187139641.19,105359207586.27,0,160470096715.5,105359207586.27,,,,
Gro,M5,CZ01,cPTAC,0,0,19511878026.75,0,0,19511878026.75,,,,
Gro,M5,CZ02,cPTAC,0,0,108666820482.56,0,0,108666820482.56,,,,
Gro,M5,CZ03,cPTAC,0,0,73364102456.86,0,0,73364102456.86,,,,
Gro,M5,CZ04,cPTAC,0,0,182997766918.43,0,0,182997766918.43,,,,
Gro,M5,CZ05,cPTAC,0,0,70972904190.62,0,0,70972904190.62,,,,
Gro,M5,CZ06,cPTAC,0,0,142650319359.25,0,0,143362049941.35,,,,
Gro,M5,CZ07,cPTAC,0,0,144458043199.08,0,0,144498757978.85,,,,
Gro,M5,CZ08,cPTAC,0,0,222129363637.28,0,0,223390059724.83,,,,
Gro,M5,CZ09,cPTAC,0,0,223631066342.77,0,0,225803717522.35,,,,
Gro,M5,CZ10,cPTAC,0,0,238297421589.32,0,0,240390279905.1,,,,
Gro,M5,CZ11,cPTAC,0,0,263834681629.15,0,0,263834681629.15,,,,
Gro,M5,CZ12,cPTAC,0,0,193948965317.45,0,0,193948965317.45,,,,
Gro,M5,CZ13,cPTAC,0,0,293043285254.32,0,0,293111685378.35,,,,
Gro,M5,CZ14,cPTAC,0,0,258431723174.9,0,0,259063795710.81,,,,
Gro,M5,CZ15,cPTAC,0,0,501128335405.29,0,0,509247315751.7,,,,
Gro,M5,CZ16,cPTAC,0,0,97949757101.92,0,0,97949757101.92,,,,
Gro,M5,CZ01,cPVVG,3654463769.03,0,0,540949437077.56,0,28830658407.95,,,,
Gro,M5,CZ02,cPVVG,2412481197.77,0,0,354390429634.7,0,121016242591.65,,,,
Gro,M5,CZ03,cPVVG,631599527.8,0,0,271088752460.61,0,81146045602.03,,,,
Gro,M5,CZ04,cPVVG,2326470926.95,0,0,287849239716.37,0,193900021122.17,,,,
Gro,M5,CZ05,cPVVG,605424651.81,0,0,251336422426.54,0,82783236437.14,,,,
Gro,M5,CZ06,cPVVG,10233324.63,0,0,113744190263.38,0,148167438160.85,,,,
Gro,M5,CZ07,cPVVG,0,0,0,108753565252.84,0,149413125565.33,,,,
Gro,M5,CZ08,cPVVG,52066454.25,0,0,121774061835.56,0,228769838921.76,,,,
Gro,M5,CZ09,cPVVG,269494034.75,0,0,140747340946.57,0,232178225636.42,,,,
Gro,M5,CZ10,cPVVG,184003849.72,0,0,136320784872.07,0,246919765366.62,,,,
Gro,M5,CZ11,cPVVG,3152617049.5,0,2571742.81,317915958315.87,0,268529325358.87,,,,
Gro,M5,CZ12,cPVVG,2068323767.08,0,0,313121029512.99,0,199825912090.14,,,,
Gro,M5,CZ13,cPVVG,1503032869.48,0,0,262973837217.36,0,297078477048.22,,,,
Gro,M5,CZ14,cPVVG,3750719938.35,0,0,262009934468.07,0,264826157001.59,,,,
Gro,M5,CZ15,cPVVG,204549925.46,0,6219096.5,69027668823.05,0,510231835899.65,,,,
Gro,M5,CZ16,cPVVG,12227104014.21,0,0,522002701264.49,0,104291677888.69,,,,
Htl,M5,CZ01,cDXGF,5413255622.39,0,136350688970.31,5413255622.39,0,136350688970.31,,,,
Htl,M5,CZ02,cDXGF,4854730640.09,0,218503488425.99,4854730640.09,0,218547031443.27,,,,
Htl,M5,CZ03,cDXGF,2031981599.75,0,205545873605.59,2031981599.75,0,205566041022.55,,,,
Htl,M5,CZ04,cDXGF,3282130006.82,0,262021968466.59,3282130006.82,0,263085442761.23,,,,
Htl,M5,CZ05,cDXGF,1301100052.86,0,208601769244.55,1301100052.86,0,209011704212.33,,,,
Htl,M5,CZ06,cDXGF,87954011.95,0,267839093007.36,87954011.95,0,268778176238.06,,,,
Htl,M5,CZ07,cDXGF,25289430.65,0,267128542091.05,25289430.65,0,267673275976.53,,,,
Htl,M5,CZ08,cDXGF,138742004.53,0,313858634280.77,138742004.53,0,314733063085.81,,,,
Htl,M5,CZ09,cDXGF,407539815.81,0,306884687059.06,407539815.81,0,307966589721.84,,,,
Htl,M5,CZ10,cDXGF,269742889.05,0,316653697150.25,269742889.05,0,318140875421.1,,,,
Htl,M5,CZ11,cDXGF,7835995553.78,0,301070773932.92,7835995553.78,0,302733878705.33,,,,
Htl,M5,CZ12,cDXGF,5497417756.37,0,260172980530.28,5497417756.37,0,260308400682.07,,,,
Htl,M5,CZ13,cDXGF,4929254452.98,0,319787579530.67,4929254452.98,0,320881506301.44,,,,
Htl,M5,CZ14,cDXGF,1980530704.96,0,298530865099.32,1980530704.96,0,299521511092.62,,,,
Htl,M5,CZ15,cDXGF,46082857.4,0,439612752856.07,46082857.4,0,463077729247.92,,,,
Htl,M5,CZ16,cDXGF,14226828415.16,0,183404918954.28,14226828415.16,0,183404918954.28,,,,
Htl,M5,CZ01,cDXHP,0,1509913643.45,150688407594.78,0,1723908216.41,150688407594.78,,,,
Htl,M5,CZ02,cDXHP,0,1454203169.06,221956265191.8,0,1625954480.36,221956265191.8,,,,
Htl,M5,CZ03,cDXHP,0,536590910,214193217463.92,0,536590910,214193217463.92,,,,
Htl,M5,CZ04,cDXHP,0,1028453564.24,263618765330.42,0,1064876431.82,264214575127.02,,,,
Htl,M5,CZ05,cDXHP,0,366797625.7,218957725446.5,0,369509225.61,218957725446.5,,,,
Htl,M5,CZ06,cDXHP,0,21024507.04,278858390418.78,0,21024507.04,279083940954.14,,,,
Htl,M5,CZ07,cDXHP,0,6077000.52,275962456882.48,0,6077000.52,275962456882.48,,,,
Htl,M5,CZ08,cDXHP,0,34066435.81,316124436474.89,0,34066435.81,316741058838.88,,,,
Htl,M5,CZ09,cDXHP,0,103669988.98,308318053172.41,0,103669988.98,309197525732.51,,,,
Htl,M5,CZ10,cDXHP,0,70233931.56,317332724570.73,0,70233931.56,318694883648.85,,,,
Htl,M5,CZ11,cDXHP,0,2264464594.55,301914014394.7,0,2360988173.33,303110376770.25,,,,
Htl,M5,CZ12,cDXHP,0,1538386984.93,261831548780.19,0,1641371049.25,261831548780.19,,,,
Htl,M5,CZ13,cDXHP,0,1326404661.68,320556809057.8,0,1326404661.68,321408629617.73,,,,
Htl,M5,CZ14,cDXHP,0,669184329.22,299687362687.01,0,669184329.22,299977308713.63,,,,
Htl,M5,CZ15,cDXHP,0,12254363.61,439683216614.64,0,12254363.61,463085533034.5,,,,
Htl,M5,CZ16,cDXHP,0,5049387127.54,193447440017.43,0,5229351238.01,193447440017.43,,,,
Htl,M5,CZ01,cPTAC,0,0,134605354991.55,0,0,134605354991.55,,,,
Htl,M5,CZ02,cPTAC,0,0,215464881146.17,0,0,215504347971.53,,,,
Htl,M5,CZ03,cPTAC,0,0,204355866636.58,0,0,204376034016.37,,,,
Htl,M5,CZ04,cPTAC,0,0,259638871001.34,0,0,260702345517.25,,,,
Htl,M5,CZ05,cPTAC,0,0,207652358403.34,0,0,208062293618.1,,,,
Htl,M5,CZ06,cPTAC,0,0,267688320873.95,0,0,268627404474.89,,,,
Htl,M5,CZ07,cPTAC,0,0,267022940943.55,0,0,267567674672.85,,,,
Htl,M5,CZ08,cPTAC,0,0,313681095717.79,0,0,314555524454.63,,,,
Htl,M5,CZ09,cPTAC,0,0,306595837779.73,0,0,307677744597,,,,
Htl,M5,CZ10,cPTAC,0,0,316387885757.62,0,0,317875063502.92,,,,
Htl,M5,CZ11,cPTAC,0,0,297908899456.31,0,0,299572004303.21,,,,
Htl,M5,CZ12,cPTAC,0,0,256961410212.57,0,0,257096830351.08,,,,
Htl,M5,CZ13,cPTAC,0,0,315968698526.02,0,0,317062624820.45,,,,
Htl,M5,CZ14,cPTAC,0,0,295941113295.28,0,0,296931759812.94,,,,
Htl,M5,CZ15,cPTAC,0,0,439489547907.48,0,0,462954517464.21,,,,
Htl,M5,CZ16,cPTAC,0,0,176993570779.46,0,0,176993570779.46,,,,
Htl,M5,CZ01,cPVVG,0,0,0,5325342408.03,0,134895575129.73,,,,
Htl,M5,CZ02,cPVVG,0,0,0,4837386398.15,0,216498763225.29,,,,
Htl,M5,CZ03,cPVVG,0,0,0,2024453762.85,0,203507079577,,,,
Htl,M5,CZ04,cPVVG,0,0,0,3269559768.51,0,260777682294.08,,,,
Htl,M5,CZ05,cPVVG,0,0,0,1293985876.4,0,206896146572.6,,,,
Htl,M5,CZ06,cPVVG,0,0,0,88115442.97,0,266276825582.69,,,,
Htl,M5,CZ07,cPVVG,0,0,0,25267050.6,0,265171581608.43,,,,
Htl,M5,CZ08,cPVVG,0,0,0,139116776.9,0,311958020165.06,,,,
Htl,M5,CZ09,cPVVG,0,0,0,410655024.3,0,305195583913.88,,,,
Htl,M5,CZ10,cPVVG,0,0,0,269655329.56,0,315319469107.85,,,,
Htl,M5,CZ11,cPVVG,0,0,3867499.53,7905743363.1,0,300194897367.84,,,,
Htl,M5,CZ12,cPVVG,0,0,0,5528218513.66,0,258042285420.52,,,,
Htl,M5,CZ13,cPVVG,0,0,7468586.22,5000572736.63,0,318214916162.07,,,,
Htl,M5,CZ14,cPVVG,0,0,1896267.58,1960966060.11,0,296832168553.6,,,,
Htl,M5,CZ15,cPVVG,0,0,88483913.5,46006975.79,0,459664851031.85,,,,
Htl,M5,CZ16,cPVVG,48488848.95,0,0,14237189143.9,0,181374895696.57,,,,
MBT,M5,CZ01,cDXGF,112716380330.6,0,345053935191.68,112716380330.6,0,345053935191.68,,,,
MBT,M5,CZ02,cDXGF,80541402859.81,0,562380230741.1,80541402859.81,0,570587952228.29,,,,
MBT,M5,CZ03,cDXGF,42561436524.07,0,536389895897.87,42561436524.07,0,537586275233.27,,,,
MBT,M5,CZ04,cDXGF,62720458529.72,0,692084872172.14,62720458529.72,0,714324666792.65,,,,
MBT,M5,CZ05,cDXGF,31945202812.7,0,546237379511.36,31945202812.7,0,548172193712.05,,,,
MBT,M5,CZ06,cDXGF,3664509916.19,0,728015837855.05,3664509916.19,0,739379308571.81,,,,
MBT,M5,CZ07,cDXGF,1826450804.34,0,738440617748.95,1826450804.34,0,741926960709.98,,,,
MBT,M5,CZ08,cDXGF,4952790564.21,0,845541972353.49,4952790564.21,0,858270287341.36,,,,
MBT,M5,CZ09,cDXGF,11020767014.65,0,839382798277.86,11020767014.65,0,851126739187.37,,,,
MBT,M5,CZ10,cDXGF,7808836557.69,0,861510431281.63,7808836557.69,0,874092613961.07,,,,
MBT,M5,CZ11,cDXGF,88367244580.17,0,830989334578.9,88367244580.17,0,853448900543.45,,,,
MBT,M5,CZ12,cDXGF,80862078833.91,0,712688928170.6,80862078833.91,0,727553266283.74,,,,
MBT,M5,CZ13,cDXGF,65756775208.21,0,909016384360.96,65756775208.21,0,924329756950.18,,,,
MBT,M5,CZ14,cDXGF,58124386082.7,0,835155108248.22,58124386082.7,0,857765302891.91,,,,
MBT,M5,CZ15,cDXGF,4078594355.42,0,1324053254890.51,4078594355.42,0,1357113786652.08,,,,
MBT,M5,CZ16,cDXGF,208439823787.23,0,514092804541.54,208439823787.23,0,514092804541.54,,,,
MBT,M5,CZ01,cDXHP,0,28966787831.8,374337329163.93,0,29392593202.81,374337329163.93,,,,
MBT,M5,CZ02,cDXHP,0,21451444253.91,596455126768.19,0,21451444253.91,596455126768.19,,,,
MBT,M5,CZ03,cDXHP,0,10448141640.28,564855264041.19,0,10448141640.28,564855264041.19,,,,
MBT,M5,CZ04,cDXHP,0,16830162862.7,730631965079.09,0,16830162862.7,731722177134.32,,,,
MBT,M5,CZ05,cDXHP,0,8030641674.31,574443321408.72,0,8030641674.31,574443321408.72,,,,
MBT,M5,CZ06,cDXHP,0,883466740.72,757812145525.97,0,883466740.72,758349688067.7,,,,
MBT,M5,CZ07,cDXHP,0,436038329.07,758807431867.92,0,436038329.07,758807431867.92,,,,
MBT,M5,CZ08,cDXHP,0,1214249104.09,874026328513.74,0,1214249104.09,875621136868.81,,,,
MBT,M5,CZ09,cDXHP,0,2791931628.84,865230593360.54,0,2791931628.84,866778756165.42,,,,
MBT,M5,CZ10,cDXHP,0,2003990420.1,885194743349.86,0,2003990420.1,887360473938.32,,,,
MBT,M5,CZ11,cDXHP,0,23526870805.59,864494746167.43,0,23526870805.59,865833469681.51,,,,
MBT,M5,CZ12,cDXHP,0,20894113891,747727664683.01,0,20894113891,748000546719.92,,,,
MBT,M5,CZ13,cDXHP,0,16688485690.88,935250756995.18,0,16688485690.88,936507911854.62,,,,
MBT,M5,CZ14,cDXHP,0,17038537462.7,862597331274.68,0,17038537462.7,864532490064.12,,,,
MBT,M5,CZ15,cDXHP,0,1055003803.03,1332581655236.72,0,1055003803.03,1358279610663.94,,,,
MBT,M5,CZ16,cDXHP,0,63680955323.04,531100943418.41,0,64277740345.12,531100943418.41,,,,
MBT,M5,CZ01,cPTAC,0,0,339145640404.86,0,0,339145640404.86,,,,
MBT,M5,CZ02,cPTAC,0,0,557272781186.73,0,0,565480502614.14,,,,
MBT,M5,CZ03,cPTAC,0,0,533332292702.55,0,0,534528671991.07,,,,
MBT,M5,CZ04,cPTAC,0,0,687615769724.07,0,0,709815663362.92,,,,
MBT,M5,CZ05,cPTAC,0,0,542667777398,0,0,544602591541.59,,,,
MBT,M5,CZ06,cPTAC,0,0,727280090509.77,0,0,738643561190.16,,,,
MBT,M5,CZ07,cPTAC,0,0,737857943924.71,0,0,741344286885.75,,,,
MBT,M5,CZ08,cPTAC,0,0,844357289485.66,0,0,857085604473.53,,,,
MBT,M5,CZ09,cPTAC,0,0,838005154537.63,0,0,849562968785.39,,,,
MBT,M5,CZ10,cPTAC,0,0,860028047271.65,0,0,872610229951.09,,,,
MBT,M5,CZ11,cPTAC,0,0,826306730402.03,0,0,848766296366.58,,,,
MBT,M5,CZ12,cPTAC,0,0,708511658062.58,0,0,723375996203.16,,,,
MBT,M5,CZ13,cPTAC,0,0,906067846192.3,0,0,921381218781.53,,,,
MBT,M5,CZ14,cPTAC,0,0,830896673062.8,0,0,853506867706.48,,,,
MBT,M5,CZ15,cPTAC,0,0,1323449295827.57,0,0,1356509827589.14,,,,
MBT,M5,CZ16,cPTAC,0,0,506684881026.25,0,0,506684881026.25,,,,
MBT,M5,CZ01,cPVVG,606018087.37,0,13660270.11,114250021612.61,0,341313773164.75,,,,
MBT,M5,CZ02,cPVVG,2380233333.64,0,939918577.45,82189526009.87,0,564902442346.95,,,,
MBT,M5,CZ03,cPVVG,733822975.82,0,347834532.48,43416171654.53,0,532008741111.48,,,,
MBT,M5,CZ04,cPVVG,2575878575.23,0,2186902152.85,64256548194.17,0,707579162826.81,,,,
MBT,M5,CZ05,cPVVG,534131558.1,0,468602337.21,32559605953.3,0,542397882146.53,,,,
MBT,M5,CZ06,cPVVG,0,0,1557510701.29,3790925509.27,0,731947110638.66,,,,
MBT,M5,CZ07,cPVVG,0,0,1357202035.5,1890190753.32,0,734360371980.06,,,,
MBT,M5,CZ08,cPVVG,0,0,3289679197.05,5117967875.53,0,850136899472.54,,,,
MBT,M5,CZ09,cPVVG,0,0,3614869773.43,11378702069.65,0,842918241483.29,,,,
MBT,M5,CZ10,cPVVG,0,0,3043766589.79,8032487075.82,0,865832973293.02,,,,
MBT,M5,CZ11,cPVVG,4641163084.54,0,6100551911.25,90676741682.61,0,845847098536.5,,,,
MBT,M5,CZ12,cPVVG,2249771513.44,0,2516356925.25,82741908799.98,0,720827708837.34,,,,
MBT,M5,CZ13,cPVVG,1042831864.34,0,6291263717.48,67419836913.38,0,916211483198.97,,,,
MBT,M5,CZ14,cPVVG,1429790242.43,0,4235080588.54,59791379791.68,0,849690648866.44,,,,
MBT,M5,CZ15,cPVVG,0,0,19100630531.41,4197190717.94,0,1345880702775.74,,,,
MBT,M5,CZ16,cPVVG,6747909560.31,0,1016784626.31,214857375939.25,0,508119079758.08,,,,
MFmCmn,M5,CZ01,cDXGF,40063777398.44,0,47215169447.57,40063777398.44,0,47321170003.56,,,,
MFmCmn,M5,CZ02,cDXGF,26433984961.09,0,90572853642.6,26433984961.09,0,91324946888.64,,,,
MFmCmn,M5,CZ03,cDXGF,16106788445.63,0,84964374821.05,16106788445.63,0,85033530159.79,,,,
MFmCmn,M5,CZ04,cDXGF,20327026055.2,0,115751456068.04,20327026055.2,0,117926348931.74,,,,
MFmCmn,M5,CZ05,cDXGF,11890926364.06,0,89777329530.19,11890926364.06,0,90283641703.04,,,,
MFmCmn,M5,CZ06,cDXGF,2577086373.88,0,109899377098.07,2577086373.88,0,115070356010.17,,,,
MFmCmn,M5,CZ07,cDXGF,1555868199.59,0,109273022264.33,1555868199.59,0,113272640760.61,,,,
MFmCmn,M5,CZ08,cDXGF,3353538595.61,0,132928107425.18,3353538595.61,0,136674860324.89,,,,
MFmCmn,M5,CZ09,cDXGF,5576305390.43,0,136858352460.86,5576305390.43,0,139693087940.97,,,,
MFmCmn,M5,CZ10,cDXGF,4104583153.38,0,129713045777.26,4104583153.38,0,131077819516.73,,,,
MFmCmn,M5,CZ11,cDXGF,30097472155.48,0,134581341647.82,30097472155.48,0,135766766827.72,,,,
MFmCmn,M5,CZ12,cDXGF,25061757032.12,0,113006608127.29,25061757032.12,0,114377355677.45,,,,
MFmCmn,M5,CZ13,cDXGF,20712688098.55,0,141569057916.26,20712688098.55,0,143422724175.09,,,,
MFmCmn,M5,CZ14,cDXGF,17185426642.09,0,135452365145.35,17185426642.09,0,137526454243.76,,,,
MFmCmn,M5,CZ15,cDXGF,1589368846.86,0,204050580046.04,1589368846.86,0,206484876694.65,,,,
MFmCmn,M5,CZ16,cDXGF,55648328760.84,0,83183958193.12,55648328760.84,0,83794611659.7,,,,
MFmCmn,M5,CZ01,cDXHP,0,9960057112.42,47647262083.07,0,10175064452.57,47647262083.07,,,,
MFmCmn,M5,CZ02,cDXHP,0,6882062228.39,90988544341.4,0,6936822552.84,91313756237.59,,,,
MFmCmn,M5,CZ03,cDXHP,0,3940157766.2,84993166669.89,0,3940157766.2,84993166669.89,,,,
MFmCmn,M5,CZ04,cDXHP,0,5423447744.14,116036304182.64,0,5439415324.96,117697319373.99,,,,
MFmCmn,M5,CZ05,cDXHP,0,2984268367.77,90188751732.4,0,2984268367.77,90188751732.4,,,,
MFmCmn,M5,CZ06,cDXHP,0,616219326.95,111863419291.79,0,616219326.95,114877621625.93,,,,
MFmCmn,M5,CZ07,cDXHP,0,370317071.69,110929472499.12,0,370317071.69,113068273054.31,,,,
MFmCmn,M5,CZ08,cDXHP,0,819340274.29,133715369625.53,0,819340274.29,136482101453.66,,,,
MFmCmn,M5,CZ09,cDXHP,0,1389146604.25,137025704312.44,0,1389146604.25,139538533796.93,,,,
MFmCmn,M5,CZ10,cDXHP,0,1040258078.17,129636931658.56,0,1040258078.17,130893075509.56,,,,
MFmCmn,M5,CZ11,cDXHP,0,7845806527.82,134678122627.58,0,7845806527.82,135567040599.82,,,,
MFmCmn,M5,CZ12,cDXHP,0,6457089310.59,113186091960.99,0,6457089310.59,114303393738.32,,,,
MFmCmn,M5,CZ13,cDXHP,0,5268415374.45,141649115177.85,0,5268415374.45,143272786492.99,,,,
MFmCmn,M5,CZ14,cDXHP,0,4905215923.98,135723431714.26,0,4905215923.98,137269602166.72,,,,
MFmCmn,M5,CZ15,cDXHP,0,403918858.99,204037495736.71,0,403918858.99,206460652360.29,,,,
MFmCmn,M5,CZ16,cDXHP,0,16633423285.73,83076288493.5,0,16742311291.72,83621931080.62,,,,
MFmCmn,M5,CZ01,cPTAC,0,0,45549836580.92,0,0,45655826785.11,,,,
MFmCmn,M5,CZ02,cPTAC,0,0,89256193947.02,0,0,90008284685.79,,,,
MFmCmn,M5,CZ03,cPTAC,0,0,84060263843.76,0,0,84129419182.5,,,,
MFmCmn,M5,CZ04,cPTAC,0,0,114515437153.22,0,0,116690301864.93,,,,
MFmCmn,M5,CZ05,cPTAC,0,0,88824568776.99,0,0,89330875491.75,,,,
MFmCmn,M5,CZ06,cPTAC,0,0,109645582233.24,0,0,114816519351.09,,,,
MFmCmn,M5,CZ07,cPTAC,0,0,109057582310.81,0,0,113057175041.41,,,,
MFmCmn,M5,CZ08,cPTAC,0,0,132564495943.98,0,0,136311201492.79,,,,
MFmCmn,M5,CZ09,cPTAC,0,0,136391470771.46,0,0,139226173552.84,,,,
MFmCmn,M5,CZ10,cPTAC,0,0,129271621433.09,0,0,130623625545.04,,,,
MFmCmn,M5,CZ11,cPTAC,0,0,133604211619.26,0,0,134789636778.24,,,,
MFmCmn,M5,CZ12,cPTAC,0,0,112002200637.87,0,0,113372947681.47,,,,
MFmCmn,M5,CZ13,cPTAC,0,0,140844790296.22,0,0,142698456512.39,,,,
MFmCmn,M5,CZ14,cPTAC,0,0,134413518444.92,0,0,136487605590.81,,,,
MFmCmn,M5,CZ15,cPTAC,0,0,203867353186.88,0,0,206301649415.62,,,,
MFmCmn,M5,CZ16,cPTAC,0,0,81505809932.82,0,0,82116459299.61,,,,
MFmCmn,M5,CZ01,cPVVG,952810365.93,0,770114188.56,41113629010.18,0,46776643411.83,,,,
MFmCmn,M5,CZ02,cPVVG,1281663655.35,0,2754631411.79,27373502655.09,0,90385829216.8,,,,
MFmCmn,M5,CZ03,cPVVG,607988796.58,0,2019320271.18,16667613240.94,0,84101460420.95,,,,
MFmCmn,M5,CZ04,cPVVG,1232764827.95,0,4016379090.02,21103401437.06,0,116812925566.78,,,,
MFmCmn,M5,CZ05,cPVVG,561893352.35,0,2315350033.56,12299520075.75,0,89297778655.17,,,,
MFmCmn,M5,CZ06,cPVVG,0,0,3182059965.55,2681517049.05,0,113908172400.74,,,,
MFmCmn,M5,CZ07,cPVVG,0,0,2795946336.99,1619260778.09,0,112101366515.51,,,,
MFmCmn,M5,CZ08,cPVVG,783604.8,0,4660728238.92,3488584455,0,135352799543.35,,,,
MFmCmn,M5,CZ09,cPVVG,91551885.39,0,5119189874.6,5807307192.21,0,138323275652.88,,,,
MFmCmn,M5,CZ10,cPVVG,25463979.83,0,4074366192.85,4268229139.69,0,129801871847.14,,,,
MFmCmn,M5,CZ11,cPVVG,2076674520.07,0,5859779138.37,31293480646.22,0,134517197881.06,,,,
MFmCmn,M5,CZ12,cPVVG,1460779589.05,0,3885407647.72,26012593344.77,0,113302460186.8,,,,
MFmCmn,M5,CZ13,cPVVG,1164077300.77,0,5679720388.71,21541244560.93,0,142117759443.65,,,,
MFmCmn,M5,CZ14,cPVVG,741798896.8,0,4979941810.96,17894315962.39,0,136208157941.64,,,,
MFmCmn,M5,CZ15,cPVVG,35603892.05,0,10748483147.5,1657385825.77,0,204705529810.88,,,,
MFmCmn,M5,CZ16,cPVVG,4394363254.85,0,2596248663.42,58208923209.41,0,82825448211.74,,,,
MLI,M5,CZ01,cDXGF,420274571822.17,0,205284150502.87,420274571822.17,0,205284150502.87,,,,
MLI,M5,CZ02,cDXGF,270737886841.63,0,432354029385.68,270737886841.63,0,432354029385.68,,,,
MLI,M5,CZ03,cDXGF,170240012500.68,0,364417968640.32,170240012500.68,0,364417968640.32,,,,
MLI,M5,CZ04,cDXGF,218825361238.51,0,576770485531.57,218825361238.51,0,581158500395.1,,,,
MLI,M5,CZ05,cDXGF,140837057346.53,0,369156713953.96,140837057346.53,0,369156713953.96,,,,
MLI,M5,CZ06,cDXGF,38690728495.12,0,551066115343.74,38690728495.12,0,551205236296.15,,,,
MLI,M5,CZ07,cDXGF,33412526637.28,0,558326320266.15,33412526637.28,0,558326320266.15,,,,
MLI,M5,CZ08,cDXGF,52782341232.44,0,704885372223.69,52782341232.44,0,706689217629.21,,,,
MLI,M5,CZ09,cDXGF,76425703079.88,0,693293221829.83,76425703079.88,0,698738845684.88,,,,
MLI,M5,CZ10,cDXGF,65783132241.62,0,731836944271.04,65783132241.62,0,737160896947.4,,,,
MLI,M5,CZ11,cDXGF,268911188166.46,0,720969103194.66,268911188166.46,0,727135025518.96,,,,
MLI,M5,CZ12,cDXGF,259051244224.89,0,599555728338.5,259051244224.89,0,600558891878.86,,,,
MLI,M5,CZ13,cDXGF,216921195734.63,0,803917241934.37,216921195734.63,0,807021426712.37,,,,
MLI,M5,CZ14,cDXGF,223658596714.14,0,725115612832.32,223658596714.14,0,727969510296.1,,,,
MLI,M5,CZ15,cDXGF,28226877320.02,0,1209595802784.08,28226877320.02,0,1244912105582.57,,,,
MLI,M5,CZ16,cDXGF,508731349240.92,0,378076793448.21,508731349240.92,0,378076793448.21,,,,
MLI,M5,CZ01,cDXHP,0,106744261515.51,215182990850.73,0,106985805318.99,215182990850.73,,,,
MLI,M5,CZ02,cDXHP,0,72127655017.52,441385152211.35,0,72495829994.53,441385152211.35,,,,
MLI,M5,CZ03,cDXHP,0,41473585522.13,374754397963.87,0,41473585522.13,374754397963.87,,,,
MLI,M5,CZ04,cDXHP,0,60685255002.89,582593608657.23,0,60943203430.66,582593608657.23,,,,
MLI,M5,CZ05,cDXHP,0,35416873113.64,378556418422.04,0,35416873113.64,378556418422.04,,,,
MLI,M5,CZ06,cDXHP,0,8997121413.96,552307975701.58,0,8997121413.96,552307975701.58,,,,
MLI,M5,CZ07,cDXHP,0,7707530741.78,560797207913.5,0,7707530741.78,560797207913.5,,,,
MLI,M5,CZ08,cDXHP,0,12511649952.84,704343653958.68,0,12511649952.84,704343653958.68,,,,
MLI,M5,CZ09,cDXHP,0,18725695558.38,695259305745.02,0,18725695558.38,695259305745.02,,,,
MLI,M5,CZ10,cDXHP,0,16321356845.45,730824487470.08,0,16321356845.45,730824487470.08,,,,
MLI,M5,CZ11,cDXHP,0,70327568562.06,718779097844.23,0,70921795625.55,718779097844.23,,,,
MLI,M5,CZ12,cDXHP,0,67330110214.98,605280185757.54,0,67568544429.07,605280185757.54,,,,
MLI,M5,CZ13,cDXHP,0,55660112880.46,801861643755.51,0,55773218697.25,801861643755.51,,,,
MLI,M5,CZ14,cDXHP,0,64154625762.84,715969348073.95,0,64960843572.94,715969348073.95,,,,
MLI,M5,CZ15,cDXHP,0,6946314005.66,1218027653771.82,0,6946314005.66,1221819652825.21,,,,
MLI,M5,CZ16,cDXHP,0,152328205816.18,377047210400.51,0,153606431672.05,377047210400.51,,,,
MLI,M5,CZ01,cPTAC,0,0,166548371936.22,0,0,166548371936.22,,,,
MLI,M5,CZ02,cPTAC,0,0,401041493836.92,0,0,401041493836.92,,,,
MLI,M5,CZ03,cPTAC,0,0,341831274091.3,0,0,341831274091.3,,,,
MLI,M5,CZ04,cPTAC,0,0,545218114123.76,0,0,549606128987.29,,,,
MLI,M5,CZ05,cPTAC,0,0,344691820073.83,0,0,344691820073.83,,,,
MLI,M5,CZ06,cPTAC,0,0,543979031041.19,0,0,544118151993.61,,,,
MLI,M5,CZ07,cPTAC,0,0,551491642266.75,0,0,551491642266.75,,,,
MLI,M5,CZ08,cPTAC,0,0,694568684837.23,0,0,696372530242.75,,,,
MLI,M5,CZ09,cPTAC,0,0,680438285742.8,0,0,685883909691.88,,,,
MLI,M5,CZ10,cPTAC,0,0,719304346765.52,0,0,724628299441.88,,,,
MLI,M5,CZ11,cPTAC,0,0,699630417761.26,0,0,705796340154.16,,,,
MLI,M5,CZ12,cPTAC,0,0,575162922268.84,0,0,576166085809.2,,,,
MLI,M5,CZ13,cPTAC,0,0,782552255021.53,0,0,785656439799.53,,,,
MLI,M5,CZ14,cPTAC,0,0,700193563364.59,0,0,703047460915.78,,,,
MLI,M5,CZ15,cPTAC,0,0,1203856537853.1,0,0,1239172840651.59,,,,
MLI,M5,CZ16,cPTAC,0,0,347666571439.85,0,0,347666571439.85,,,,
MLI,M5,CZ01,cPVVG,10588679.87,0,0,422264852316.34,0,201712323864.92,,,,
MLI,M5,CZ02,cPVVG,12992050.67,0,0,272420486865.36,0,424043166854.24,,,,
MLI,M5,CZ03,cPVVG,0,0,0,171172317119.2,0,357492630093.59,,,,
MLI,M5,CZ04,cPVVG,0,0,0,220324293060.31,0,570033401081.46,,,,
MLI,M5,CZ05,cPVVG,0,0,0,141830748710.23,0,362207712100.82,,,,
MLI,M5,CZ06,cPVVG,0,0,0,39072346654.5,0,542114099797.49,,,,
MLI,M5,CZ07,cPVVG,0,0,0,34032856674.11,0,549267645024.67,,,,
MLI,M5,CZ08,cPVVG,0,0,0,52735408990.21,0,693977426873.79,,,,
MLI,M5,CZ09,cPVVG,0,0,0,77359496854.74,0,685787084720.17,,,,
MLI,M5,CZ10,cPVVG,0,0,0,66520635636.86,0,722929210416.07,,,,
MLI,M5,CZ11,cPVVG,201237779.8,0,0,271880412493.8,0,712732190699.65,,,,
MLI,M5,CZ12,cPVVG,16310140.49,0,0,261512063582.08,0,589486617862.48,,,,
MLI,M5,CZ13,cPVVG,0,0,0,219646021846.97,0,792463683945.02,,,,
MLI,M5,CZ14,cPVVG,151006193.27,0,0,226077988328.33,0,711219750589.79,,,,
MLI,M5,CZ15,cPVVG,0,0,0,28666874221.57,0,1231704845052.89,,,,
MLI,M5,CZ16,cPVVG,1841398765.03,0,0,514603478781.3,0,369525868541.27,,,,
OfS,M5,CZ01,cDXGF,40063777398.44,0,47215169447.57,40063777398.44,0,47321170003.56,,,,
OfS,M5,CZ02,cDXGF,26433984961.09,0,90572853642.6,26433984961.09,0,91324946888.64,,,,
OfS,M5,CZ03,cDXGF,16106788445.63,0,84964374821.05,16106788445.63,0,85033530159.79,,,,
OfS,M5,CZ04,cDXGF,20327026055.2,0,115751456068.04,20327026055.2,0,117926348931.74,,,,
OfS,M5,CZ05,cDXGF,11890926364.06,0,89777329530.19,11890926364.06,0,90283641703.04,,,,
OfS,M5,CZ06,cDXGF,2577086373.88,0,109899377098.07,2577086373.88,0,115070356010.17,,,,
OfS,M5,CZ07,cDXGF,1555868199.59,0,109273022264.33,1555868199.59,0,113272640760.61,,,,
OfS,M5,CZ08,cDXGF,3353538595.61,0,132928107425.18,3353538595.61,0,136674860324.89,,,,
OfS,M5,CZ09,cDXGF,5576305390.43,0,136858352460.86,5576305390.43,0,139693087940.97,,,,
OfS,M5,CZ10,cDXGF,4104583153.38,0,129713045777.26,4104583153.38,0,131077819516.73,,,,
OfS,M5,CZ11,cDXGF,30097472155.48,0,134581341647.82,30097472155.48,0,135766766827.72,,,,
OfS,M5,CZ12,cDXGF,25061757032.12,0,113006608127.29,25061757032.12,0,114377355677.45,,,,
OfS,M5,CZ13,cDXGF,20712688098.55,0,141569057916.26,20712688098.55,0,143422724175.09,,,,
OfS,M5,CZ14,cDXGF,17185426642.09,0,135452365145.35,17185426642.09,0,137526454243.76,,,,
OfS,M5,CZ15,cDXGF,1589368846.86,0,204050580046.04,1589368846.86,0,206484876694.65,,,,
OfS,M5,CZ16,cDXGF,55648328760.84,0,83183958193.12,55648328760.84,0,83794611659.7,,,,
OfS,M5,CZ01,cDXHP,0,9960057112.42,47647262083.07,0,10175064452.57,47647262083.07,,,,
OfS,M5,CZ02,cDXHP,0,6882062228.39,90988544341.4,0,6936822552.84,91313756237.59,,,,
OfS,M5,CZ03,cDXHP,0,3940157766.2,84993166669.89,0,3940157766.2,84993166669.89,,,,
OfS,M5,CZ04,cDXHP,0,5423447744.14,116036304182.64,0,5439415324.96,117697319373.99,,,,
OfS,M5,CZ05,cDXHP,0,2984268367.77,90188751732.4,0,2984268367.77,90188751732.4,,,,
OfS,M5,CZ06,cDXHP,0,616219326.95,111863419291.79,0,616219326.95,114877621625.93,,,,
OfS,M5,CZ07,cDXHP,0,370317071.69,110929472499.12,0,370317071.69,113068273054.31,,,,
OfS,M5,CZ08,cDXHP,0,819340274.29,133715369625.53,0,819340274.29,136482101453.66,,,,
OfS,M5,CZ09,cDXHP,0,1389146604.25,137025704312.44,0,1389146604.25,139538533796.93,,,,
OfS,M5,CZ10,cDXHP,0,1040258078.17,129636931658.56,0,1040258078.17,130893075509.56,,,,
OfS,M5,CZ11,cDXHP,0,7845806527.82,134678122627.58,0,7845806527.82,135567040599.82,,,,
OfS,M5,CZ12,cDXHP,0,6457089310.59,113186091960.99,0,6457089310.59,114303393738.32,,,,
OfS,M5,CZ13,cDXHP,0,5268415374.45,141649115177.85,0,5268415374.45,143272786492.99,,,,
OfS,M5,CZ14,cDXHP,0,4905215923.98,135723431714.26,0,4905215923.98,137269602166.72,,,,
OfS,M5,CZ15,cDXHP,0,403918858.99,204037495736.71,0,403918858.99,206460652360.29,,,,
OfS,M5,CZ16,cDXHP,0,16633423285.73,83076288493.5,0,16742311291.72,83621931080.62,,,,
OfS,M5,CZ01,cPTAC,0,0,45549836580.92,0,0,45655826785.11,,,,
OfS,M5,CZ02,cPTAC,0,0,89256193947.02,0,0,90008284685.79,,,,
OfS,M5,CZ03,cPTAC,0,0,84060263843.76,0,0,84129419182.5,,,,
OfS,M5,CZ04,cPTAC,0,0,114515437153.22,0,0,116690301864.93,,,,
OfS,M5,CZ05,cPTAC,0,0,88824568776.99,0,0,89330875491.75,,,,
OfS,M5,CZ06,cPTAC,0,0,109645582233.24,0,0,114816519351.09,,,,
OfS,M5,CZ07,cPTAC,0,0,109057582310.81,0,0,113057175041.41,,,,
OfS,M5,CZ08,cPTAC,0,0,132564495943.98,0,0,136311201492.79,,,,
OfS,M5,CZ09,cPTAC,0,0,136391470771.46,0,0,139226173552.84,,,,
OfS,M5,CZ10,cPTAC,0,0,129271621433.09,0,0,130623625545.04,,,,
OfS,M5,CZ11,cPTAC,0,0,133604211619.26,0,0,134789636778.24,,,,
OfS,M5,CZ12,cPTAC,0,0,112002200637.87,0,0,113372947681.47,,,,
OfS,M5,CZ13,cPTAC,0,0,140844790296.22,0,0,142698456512.39,,,,
OfS,M5,CZ14,cPTAC,0,0,134413518444.92,0,0,136487605590.81,,,,
OfS,M5,CZ15,cPTAC,0,0,203867353186.88,0,0,206301649415.62,,,,
OfS,M5,CZ16,cPTAC,0,0,81505809932.82,0,0,82116459299.61,,,,
OfS,M5,CZ01,cPVVG,952810365.93,0,770114188.56,41113629010.18,0,46776643411.83,,,,
OfS,M5,CZ02,cPVVG,1281663655.35,0,2754631411.79,27373502655.09,0,90385829216.8,,,,
OfS,M5,CZ03,cPVVG,607988796.58,0,2019320271.18,16667613240.94,0,84101460420.95,,,,
OfS,M5,CZ04,cPVVG,1232764827.95,0,4016379090.02,21103401437.06,0,116812925566.78,,,,
OfS,M5,CZ05,cPVVG,561893352.35,0,2315350033.56,12299520075.75,0,89297778655.17,,,,
OfS,M5,CZ06,cPVVG,0,0,3182059965.55,2681517049.05,0,113908172400.74,,,,
OfS,M5,CZ07,cPVVG,0,0,2795946336.99,1619260778.09,0,112101366515.51,,,,
OfS,M5,CZ08,cPVVG,783604.8,0,4660728238.92,3488584455,0,135352799543.35,,,,
OfS,M5,CZ09,cPVVG,91551885.39,0,5119189874.6,5807307192.21,0,138323275652.88,,,,
OfS,M5,CZ10,cPVVG,25463979.83,0,4074366192.85,4268229139.69,0,129801871847.14,,,,
OfS,M5,CZ11,cPVVG,2076674520.07,0,5859779138.37,31293480646.22,0,134517197881.06,,,,
OfS,M5,CZ12,cPVVG,1460779589.05,0,3885407647.72,26012593344.77,0,113302460186.8,,,,
OfS,M5,CZ13,cPVVG,1164077300.77,0,5679720388.71,21541244560.93,0,142117759443.65,,,,
OfS,M5,CZ14,cPVVG,741798896.8,0,4979941810.96,17894315962.39,0,136208157941.64,,,,
OfS,M5,CZ15,cPVVG,35603892.05,0,10748483147.5,1657385825.77,0,204705529810.88,,,,
OfS,M5,CZ16,cPVVG,4394363254.85,0,2596248663.42,58208923209.41,0,82825448211.74,,,,
RFF,M5,CZ01,cDXGF,8791490070.22,0,14178623174.13,8791490070.22,0,14183137093,,,,
RFF,M5,CZ02,cDXGF,8095517896.91,0,28512886878.86,8095517896.91,0,28550938109.14,,,,
RFF,M5,CZ03,cDXGF,3809173122.17,0,25737911970.12,3809173122.17,0,25737911970.12,,,,
RFF,M5,CZ04,cDXGF,5869957565.03,0,36574742203.41,5869957565.03,0,36916317798.97,,,,
RFF,M5,CZ05,cDXGF,2908267370.69,0,26771640597.17,2908267370.69,0,27007081125.38,,,,
RFF,M5,CZ06,cDXGF,732161169.3,0,36365980400.8,732161169.3,0,36687742143.83,,,,
RFF,M5,CZ07,cDXGF,511765868.71,0,35554734654.23,511765868.71,0,35661192212.02,,,,
RFF,M5,CZ08,cDXGF,982914277.16,0,43589299029.85,982914277.16,0,43874334490.28,,,,
RFF,M5,CZ09,cDXGF,1663979314.87,0,44647876204.5,1663979314.87,0,44915038561,,,,
RFF,M5,CZ10,cDXGF,2014082635.25,0,44501994858.65,2014082635.25,0,44669142714.69,,,,
RFF,M5,CZ11,cDXGF,8310490011.57,0,44645771433.56,8310490011.57,0,44694720205.58,,,,
RFF,M5,CZ12,cDXGF,7101501994.16,0,37581675363.26,7101501994.16,0,37591464808.84,,,,
RFF,M5,CZ13,cDXGF,5469400214.22,0,47316722169.96,5469400214.22,0,47363440020.9,,,,
RFF,M5,CZ14,cDXGF,3461069061.99,0,43572509467.74,3461069061.99,0,43969510209.46,,,,
RFF,M5,CZ15,cDXGF,261409375.74,0,69317560203.94,261409375.74,0,69857475042.81,,,,
RFF,M5,CZ16,cDXGF,14848722238.69,0,26584247635.94,14848722238.69,0,26584247635.94,,,,
RFF,M5,CZ01,cDXHP,0,2319568678.06,15548918056.85,0,2321369847,15548918056.85,,,,
RFF,M5,CZ02,cDXHP,0,2181081529.06,29806138494.61,0,2183759873.86,29806138494.61,,,,
RFF,M5,CZ03,cDXHP,0,942672685.81,26960264033.03,0,942672685.81,26960264033.03,,,,
RFF,M5,CZ04,cDXHP,0,1638001092.22,38024008735.95,0,1638616967.26,38099812808.47,,,,
RFF,M5,CZ05,cDXHP,0,738085281.12,28348846430.69,0,738085281.12,28348846430.69,,,,
RFF,M5,CZ06,cDXHP,0,174451780.7,37396332016.72,0,174451780.7,37438035610.74,,,,
RFF,M5,CZ07,cDXHP,0,121083913.55,36331464705.11,0,121083913.55,36345634090.24,,,,
RFF,M5,CZ08,cDXHP,0,239389713.6,44591377722.66,0,239389713.6,44668596246.77,,,,
RFF,M5,CZ09,cDXHP,0,414847151.36,45515571265.1,0,414847151.36,45575798746.33,,,,
RFF,M5,CZ10,cDXHP,0,504965459.94,45146559322.17,0,504965459.94,45236748434.81,,,,
RFF,M5,CZ11,cDXHP,0,2227018734.71,45316001464.72,0,2227693655.58,45339547287.36,,,,
RFF,M5,CZ12,cDXHP,0,1871138186.87,38577862822.11,0,1871718753.35,38579439027.68,,,,
RFF,M5,CZ13,cDXHP,0,1422785591.38,47959735048.59,0,1422785591.38,47972789956.35,,,,
RFF,M5,CZ14,cDXHP,0,1070500613.99,44561617992.26,0,1070500613.99,44563366458.78,,,,
RFF,M5,CZ15,cDXHP,0,66592795.06,69317608600.24,0,66592795.06,69857523439.1,,,,
RFF,M5,CZ16,cDXHP,0,4943556869.4,26999028143.63,0,4948516859.88,26999028143.63,,,,
RFF,M5,CZ01,cPTAC,0,0,13381196443.75,0,0,13385710362.52,,,,
RFF,M5,CZ02,cPTAC,0,0,27829550867.56,0,0,27867602097.85,,,,
RFF,M5,CZ03,cPTAC,0,0,25338593458.18,0,0,25338593458.18,,,,
RFF,M5,CZ04,cPTAC,0,0,35880582189.45,0,0,36222157753.36,,,,
RFF,M5,CZ05,cPTAC,0,0,26369615690.17,0,0,26605056126.92,,,,
RFF,M5,CZ06,cPTAC,0,0,36273217272.01,0,0,36594979014.6,,,,
RFF,M5,CZ07,cPTAC,0,0,35470646537.71,0,0,35577104095.42,,,,
RFF,M5,CZ08,cPTAC,0,0,43443798555.69,0,0,43728834016.12,,,,
RFF,M5,CZ09,cPTAC,0,0,44458884663.26,0,0,44726047019.57,,,,
RFF,M5,CZ10,cPTAC,0,0,44259097751.43,0,0,44426245607.11,,,,
RFF,M5,CZ11,cPTAC,0,0,44153529846.75,0,0,44202478618.77,,,,
RFF,M5,CZ12,cPTAC,0,0,37065535179.08,0,0,37075324624.66,,,,
RFF,M5,CZ13,cPTAC,0,0,46930866694.1,0,0,46977584545.04,,,,
RFF,M5,CZ14,cPTAC,0,0,43026517907.47,0,0,43423518953.16,,,,
RFF,M5,CZ15,cPTAC,0,0,69232000373.88,0,0,69771915212.74,,,,
RFF,M5,CZ16,cPTAC,0,0,25879532149.1,0,0,25879532149.1,,,,
RFF,M5,CZ01,cPVVG,21717241.47,0,5056997.88,8868122640.91,0,14013831830.62,,,,
RFF,M5,CZ02,cPVVG,95422353.65,0,19561612.15,8222962453.53,0,28269524132.62,,,,
RFF,M5,CZ03,cPVVG,2009722.15,0,16860741.52,3882368435.44,0,25449571179.15,,,,
RFF,M5,CZ04,cPVVG,54902600.65,0,39438585.72,5974233462.9,0,36602339810.2,,,,
RFF,M5,CZ05,cPVVG,5582519.7,0,14083588.69,2960571447.47,0,26703262299.33,,,,
RFF,M5,CZ06,cPVVG,0,0,50545623.42,756465215.87,0,36320962476.09,,,,
RFF,M5,CZ07,cPVVG,0,0,39571239.71,529474577.36,0,35291373548.51,,,,
RFF,M5,CZ08,cPVVG,0,0,66905930.23,1016394992.98,0,43468914740.35,,,,
RFF,M5,CZ09,cPVVG,2777386.84,0,87087744.62,1720751244.75,0,44496970046.22,,,,
RFF,M5,CZ10,cPVVG,2631648.98,0,99065771.86,2077406095.24,0,44260364238.73,,,,
RFF,M5,CZ11,cPVVG,130779942.64,0,100321978.82,8534924179.33,0,44323604289.36,,,,
RFF,M5,CZ12,cPVVG,76836733.16,0,63178537.44,7256701094.15,0,37271184362.29,,,,
RFF,M5,CZ13,cPVVG,45929613.29,0,119368366.55,5630278307.05,0,46969545631.43,,,,
RFF,M5,CZ14,cPVVG,15864659.02,0,126984900.29,3536600181.22,0,43587444389.17,,,,
RFF,M5,CZ15,cPVVG,0,0,358043667.01,270670687.3,0,69315161452.44,,,,
RFF,M5,CZ16,cPVVG,612355974.07,0,80300740.04,15165164293.1,0,26269522025,,,,
Rt3,M5,CZ01,cDXGF,142568439140.9,0,749953258203.86,142568439140.9,0,750034946050.51,,,,
Rt3,M5,CZ02,cDXGF,181426738178.1,0,1092602723563.76,181426738178.1,0,1094719061059.04,,,,
Rt3,M5,CZ03,cDXGF,106235233454.18,0,981862751802.67,106235233454.18,0,982251013515.73,,,,
Rt3,M5,CZ04,cDXGF,167541963783.01,0,1283103707326.57,167541963783.01,0,1315879530556.31,,,,
Rt3,M5,CZ05,cDXGF,108591044389.75,0,1011964871339.42,108591044389.75,0,1014347964673.02,,,,
Rt3,M5,CZ06,cDXGF,31448756251.66,0,1280702742659.33,31448756251.66,0,1288162401373.47,,,,
Rt3,M5,CZ07,cDXGF,30190238662.54,0,1296382754407.65,30190238662.54,0,1301301010253.13,,,,
Rt3,M5,CZ08,cDXGF,37030662689.67,0,1513115405022.06,37030662689.67,0,1522843691632.37,,,,
Rt3,M5,CZ09,cDXGF,52788961943.89,0,1482790532989.9,52788961943.89,0,1496063007644.71,,,,
Rt3,M5,CZ10,cDXGF,84996777498.6,0,1613402560879.57,84996777498.6,0,1624899495685.64,,,,
Rt3,M5,CZ11,cDXGF,159273440011.74,0,1498322845646.88,159273440011.74,0,1517876756109.15,,,,
Rt3,M5,CZ12,cDXGF,145037126978.52,0,1315449669198.66,145037126978.52,0,1322952017541.12,,,,
Rt3,M5,CZ13,cDXGF,109535468521.53,0,1596819845999.04,109535468521.53,0,1607424325784.14,,,,
Rt3,M5,CZ14,cDXGF,98088349597.18,0,1458059825355.97,98088349597.18,0,1482947974069.71,,,,
Rt3,M5,CZ15,cDXGF,11646668567.74,0,2234882733627.48,11646668567.74,0,2260660490684.63,,,,
Rt3,M5,CZ16,cDXGF,247302302633.86,0,952479009912.63,247302302633.86,0,952479009912.63,,,,
Rt3,M5,CZ01,cDXHP,0,35559058336.2,840359357258.65,0,37082796857.06,840359357258.65,,,,
Rt3,M5,CZ02,cDXHP,0,46665783838.19,1161179242640.27,0,47923668461.02,1161220927257.68,,,,
Rt3,M5,CZ03,cDXHP,0,25653632272.93,1061647038094.54,0,25692338129.99,1061647038094.54,,,,
Rt3,M5,CZ04,cDXHP,0,45053055662.08,1353838621630.17,0,45514754161.33,1355131580668.93,,,,
Rt3,M5,CZ05,cDXHP,0,26484125505.32,1089965897736.76,0,26824913267.16,1089965897736.76,,,,
Rt3,M5,CZ06,cDXHP,0,7314495820.2,1339229666410.23,0,7314495820.2,1340377119974.19,,,,
Rt3,M5,CZ07,cDXHP,0,6973108721.52,1352028799615.7,0,6973108721.52,1352506592277.93,,,,
Rt3,M5,CZ08,cDXHP,0,8836634419.25,1563492575638.91,0,8836634419.25,1566022544203.37,,,,
Rt3,M5,CZ09,cDXHP,0,12869366679.09,1528614456897.64,0,12869366679.09,1531972726289.29,,,,
Rt3,M5,CZ10,cDXHP,0,20752260927.31,1647595546188.86,0,20752260927.31,1651401416379.24,,,,
Rt3,M5,CZ11,cDXHP,0,41729137270.86,1542294832278.09,0,41888283253.11,1542381233961.05,,,,
Rt3,M5,CZ12,cDXHP,0,37538980746.98,1377470040208.72,0,37780358432.34,1377470040208.72,,,,
Rt3,M5,CZ13,cDXHP,0,28247820691.09,1636407317214.4,0,28247820691.09,1637002704156.26,,,,
Rt3,M5,CZ14,cDXHP,0,27957445098.56,1498278516331.06,0,28133905959.12,1499472782567.7,,,,
Rt3,M5,CZ15,cDXHP,0,2899751661.33,2235760773082.52,0,2899751661.33,2260383416579.59,,,,
Rt3,M5,CZ16,cDXHP,0,74199841043.86,1003383354682.1,0,77653846701.78,1003383354682.1,,,,
Rt3,M5,CZ01,cPTAC,0,0,729259893057.13,0,0,729300926993.21,,,,
Rt3,M5,CZ02,cPTAC,0,0,1072150398564.51,0,0,1074266724519.9,,,,
Rt3,M5,CZ03,cPTAC,0,0,970213148255.83,0,0,970601409473.5,,,,
Rt3,M5,CZ04,cPTAC,0,0,1265478311981.01,0,0,1298254116471.44,,,,
Rt3,M5,CZ05,cPTAC,0,0,999292195826.54,0,0,1001675269149.94,,,,
Rt3,M5,CZ06,cPTAC,0,0,1276911486418.41,0,0,1284371135746.55,,,,
Rt3,M5,CZ07,cPTAC,0,0,1292390608947.93,0,0,1297282532263.37,,,,
Rt3,M5,CZ08,cPTAC,0,0,1508129308951.79,0,0,1517857595549.68,,,,
Rt3,M5,CZ09,cPTAC,0,0,1476918260349.1,0,0,1490190734814.31,,,,
Rt3,M5,CZ10,cPTAC,0,0,1606469100889.9,0,0,1617966035360.2,,,,
Rt3,M5,CZ11,cPTAC,0,0,1473753496525.92,0,0,1493307406988.75,,,,
Rt3,M5,CZ12,cPTAC,0,0,1298670117709.02,0,0,1306344238892.02,,,,
Rt3,M5,CZ13,cPTAC,0,0,1584384750574.7,0,0,1594989230945.16,,,,
Rt3,M5,CZ14,cPTAC,0,0,1442834720794.77,0,0,1467722869508.51,,,,
Rt3,M5,CZ15,cPTAC,0,0,2232452860091.65,0,0,2258230617148.79,,,,
Rt3,M5,CZ16,cPTAC,0,0,917805652776.58,0,0,917805652776.58,,,,
Rt3,M5,CZ01,cPVVG,281102483.99,0,0,152033833218.04,0,746567975704.02,,,,
Rt3,M5,CZ02,cPVVG,4399864544.2,0,175355539.12,196408060208.91,0,1103007908201.35,,,,
Rt3,M5,CZ03,cPVVG,500138675.39,0,7757101.53,113964108863.47,0,986698913258.77,,,,
Rt3,M5,CZ04,cPVVG,5814148389.13,0,289930364.78,181383063965.71,0,1333137245318.77,,,,
Rt3,M5,CZ05,cPVVG,762055659.48,0,1490593.87,115856058601.45,0,1020230391957.2,,,,
Rt3,M5,CZ06,cPVVG,0,0,12175006.21,33566777840.88,0,1304443475485.2,,,,
Rt3,M5,CZ07,cPVVG,0,0,18117403.82,32269858227.4,0,1314998347959.47,,,,
Rt3,M5,CZ08,cPVVG,26117227.49,0,151798072.84,39691630130.05,0,1543932378567.01,,,,
Rt3,M5,CZ09,cPVVG,432676829.06,0,298802902.69,56786318008.33,0,1518196512529.86,,,,
Rt3,M5,CZ10,cPVVG,2335569988.93,0,399348521.97,91694448859.96,0,1652814582493.75,,,,
Rt3,M5,CZ11,cPVVG,5613709892.36,0,1297338539.72,173772862020.75,0,1542981719600.09,,,,
Rt3,M5,CZ12,cPVVG,3444508804.03,0,358328148.15,157889906509.97,0,1340913981918.01,,,,
Rt3,M5,CZ13,cPVVG,1922912319.21,0,1276253261.64,119294434936.34,0,1634913626808.4,,,,
Rt3,M5,CZ14,cPVVG,2423037154.69,0,237353191.07,105438158913.4,0,1506981956658.13,,,,
Rt3,M5,CZ15,cPVVG,31466347.86,0,6773970879.44,12433242080.8,0,2310285571174.96,,,,
Rt3,M5,CZ16,cPVVG,15295299572.35,0,105626061.61,268377066235.33,0,958414660867.41,,,,
RtL,M5,CZ01,cDXGF,150526499785.88,0,771453315286.41,151136967540.76,0,771453315286.41,,,,
RtL,M5,CZ02,cDXGF,100428373391.53,0,1156742099155.49,100428373391.53,0,1156742099155.49,,,,
RtL,M5,CZ03,cDXGF,63271652291.83,0,1041779024552.31,63271652291.83,0,1041877629061.94,,,,
RtL,M5,CZ04,cDXGF,83479439769.43,0,1378996463215.35,83479439769.43,0,1379988124670.08,,,,
RtL,M5,CZ05,cDXGF,53345341315.95,0,1060423699127.64,53345341315.95,0,1060795557190.14,,,,
RtL,M5,CZ06,cDXGF,13871256799.87,0,1325745974916.67,13871256799.87,0,1328474889120.67,,,,
RtL,M5,CZ07,cDXGF,11098185705.14,0,1327992512628.59,11098185705.14,0,1328302387975.13,,,,
RtL,M5,CZ08,cDXGF,18674950842.91,0,1543420622237.82,18674950842.91,0,1547365969053.04,,,,
RtL,M5,CZ09,cDXGF,26824484435.53,0,1522197876069.22,26824484435.53,0,1527852360795.69,,,,
RtL,M5,CZ10,cDXGF,21492057078.22,0,1608382136372.09,21492057078.22,0,1609956125747.38,,,,
RtL,M5,CZ11,cDXGF,94237553305.8,0,1555175048522.35,94237553305.8,0,1555858569447.94,,,,
RtL,M5,CZ12,cDXGF,89009227131.94,0,1392941668210.77,89009227131.94,0,1393212978850.87,,,,
RtL,M5,CZ13,cDXGF,70175030008.89,0,1656434239326.77,70175030008.89,0,1657220203362.04,,,,
RtL,M5,CZ14,cDXGF,80882501680.56,0,1532127422548.57,80882501680.56,0,1535633900634.66,,,,
RtL,M5,CZ15,cDXGF,9034359311.86,0,2263513711938.02,9034359311.86,0,2277730329926.14,,,,
RtL,M5,CZ16,cDXGF,193988077290.46,0,982417635335.16,194215309438.59,0,982417635335.16,,,,
RtL,M5,CZ01,cDXHP,0,35553376040.9,855945827983.79,0,37443115319.82,855945827983.79,,,,
RtL,M5,CZ02,cDXHP,0,24125574118.31,1198016790264.04,0,26024228287.09,1198016790264.04,,,,
RtL,M5,CZ03,cDXHP,0,14714764869.6,1114393169574.75,0,15084124079.61,1114393169574.75,,,,
RtL,M5,CZ04,cDXHP,0,21083975809.4,1394981989653.11,0,22415427992.65,1394981989653.11,,,,
RtL,M5,CZ05,cDXHP,0,12424235788.34,1131787527191.72,0,13024165195.87,1131787527191.72,,,,
RtL,M5,CZ06,cDXHP,0,3187138480.34,1373166630059.28,0,3187138480.34,1373252358350.97,,,,
RtL,M5,CZ07,cDXHP,0,2536758992.18,1373625851404.2,0,2536758992.18,1373625851404.2,,,,
RtL,M5,CZ08,cDXHP,0,4402883241.61,1568662546069.61,0,4402883241.61,1569072778264.18,,,,
RtL,M5,CZ09,cDXHP,0,6479276777.17,1541154472155.97,0,6479276777.17,1542290352929.17,,,,
RtL,M5,CZ10,cDXHP,0,5269897989.92,1614396477127.96,0,5269897989.92,1615577703486.58,,,,
RtL,M5,CZ11,cDXHP,0,23520058252.36,1559977829265.26,0,24417020805.73,1560239614000.48,,,,
RtL,M5,CZ12,cDXHP,0,22060264861.06,1415369612013.07,0,22772285849.08,1415369612013.07,,,,
RtL,M5,CZ13,cDXHP,0,17669150604.85,1664292778433.58,0,17804210055.01,1664830206061.44,,,,
RtL,M5,CZ14,cDXHP,0,20898962780.6,1542521892646.48,0,22370232620.07,1543548762801.22,,,,
RtL,M5,CZ15,cDXHP,0,2200100113.06,2263514097319.78,0,2200100113.06,2277730715307.9,,,,
RtL,M5,CZ16,cDXHP,0,48915177731.34,1020531034911.57,0,57714937190.2,1020531034911.57,,,,
RtL,M5,CZ01,cPTAC,0,0,747192078189.85,0,0,747192078189.85,,,,
RtL,M5,CZ02,cPTAC,0,0,1132688231904.85,0,0,1132688231904.85,,,,
RtL,M5,CZ03,cPTAC,0,0,1030661105407.83,0,0,1030759709417.71,,,,
RtL,M5,CZ04,cPTAC,0,0,1361471812684.96,0,0,1362463474139.69,,,,
RtL,M5,CZ05,cPTAC,0,0,1051060882132.98,0,0,1051432731782.45,,,,
RtL,M5,CZ06,cPTAC,0,0,1323695537944.06,0,0,1326424452148.07,,,,
RtL,M5,CZ07,cPTAC,0,0,1326222455912,0,0,1326532331258.54,,,,
RtL,M5,CZ08,cPTAC,0,0,1540505899210.13,0,0,1544451246025.35,,,,
RtL,M5,CZ09,cPTAC,0,0,1516811935066.49,0,0,1522466419792.96,,,,
RtL,M5,CZ10,cPTAC,0,0,1603990861208.37,0,0,1605564850583.66,,,,
RtL,M5,CZ11,cPTAC,0,0,1530846154077.2,0,0,1531529675002.79,,,,
RtL,M5,CZ12,cPTAC,0,0,1368580129783.72,0,0,1368851440423.81,,,,
RtL,M5,CZ13,cPTAC,0,0,1636017110217.54,0,0,1636803074252.81,,,,
RtL,M5,CZ14,cPTAC,0,0,1510688741712.22,0,0,1514195219798.31,,,,
RtL,M5,CZ15,cPTAC,0,0,2260809741004.3,0,0,2275026358992.42,,,,
RtL,M5,CZ16,cPTAC,0,0,942102776544.07,0,0,942102776544.07,,,,
RtL,M5,CZ01,cPVVG,46484283.06,0,0,152008377433.65,0,763467687677.86,,,,
RtL,M5,CZ02,cPVVG,44493529.18,0,0,101634080333.81,0,1146417884247.38,,,,
RtL,M5,CZ03,cPVVG,0,0,0,63743444875.97,0,1032336711878.76,,,,
RtL,M5,CZ04,cPVVG,59158347.62,0,2360943.77,84864672231.08,0,1368057385793.57,,,,
RtL,M5,CZ05,cPVVG,0,0,0,53752703402.84,0,1050836559017.35,,,,
RtL,M5,CZ06,cPVVG,0,0,0,14166086645.61,0,1316172343788.05,,,,
RtL,M5,CZ07,cPVVG,0,0,0,11340701244.22,0,1315933071753.84,,,,
RtL,M5,CZ08,cPVVG,0,0,0,19116988415.98,0,1533911909400.95,,,,
RtL,M5,CZ09,cPVVG,0,0,0,27477090921.18,0,1514405793362.44,,,,
RtL,M5,CZ10,cPVVG,0,0,0,22009672453.69,0,1596215243937.72,,,,
RtL,M5,CZ11,cPVVG,394262785.84,0,42615847.5,96243460887.65,0,1542925320477.32,,,,
RtL,M5,CZ12,cPVVG,6634807.22,0,6889678.76,90565632945.16,0,1381362897829.9,,,,
RtL,M5,CZ13,cPVVG,0,0,20568793.71,71779421381.72,0,1643742224142.53,,,,
RtL,M5,CZ14,cPVVG,414480717.96,0,546414.84,82460466000.86,0,1522270364241.28,,,,
RtL,M5,CZ15,cPVVG,0,0,35250638.36,9297639505.34,0,2260534968799.17,,,,
RtL,M5,CZ16,cPVVG,3086952173.06,0,1893518.77,196650499951.04,0,971592636751.15,,,,
RtS,M5,CZ01,cDXGF,35121813687.52,0,30112885327.42,35121813687.52,0,30112885327.42,,,,
RtS,M5,CZ02,cDXGF,31765827879.62,0,65105758857.07,31804485970.71,0,65105758857.07,,,,
RtS,M5,CZ03,cDXGF,17675162526.47,0,56600508826.87,17675162526.47,0,56600508826.87,,,,
RtS,M5,CZ04,cDXGF,24809776954.72,0,87810012484.34,24809776954.72,0,88260113778.01,,,,
RtS,M5,CZ05,cDXGF,14760573219.57,0,58765599628.18,14760573219.57,0,58918239565.04,,,,
RtS,M5,CZ06,cDXGF,4135021801.7,0,84195356101.47,4135021801.7,0,84735366819.72,,,,
RtS,M5,CZ07,cDXGF,3817576199.31,0,83368089699.22,3817576199.31,0,83611458906.6,,,,
RtS,M5,CZ08,cDXGF,5034786915.33,0,105411618404.32,5034786915.33,0,106004258607.93,,,,
RtS,M5,CZ09,cDXGF,7487972875.41,0,106191835784.23,7487972875.41,0,106966315659.04,,,,
RtS,M5,CZ10,cDXGF,10250994452.09,0,112687466646.33,10250994452.09,0,113372474949.72,,,,
RtS,M5,CZ11,cDXGF,28767686008.64,0,108632875085.88,28767686008.64,0,109307175027.99,,,,
RtS,M5,CZ12,cDXGF,28403425920.04,0,89594169216.26,28403425920.04,0,89825225318.29,,,,
RtS,M5,CZ13,cDXGF,22543755203.98,0,116824445051.13,22543755203.98,0,117401288214.82,,,,
RtS,M5,CZ14,cDXGF,16270179226.25,0,106275279612.26,16270179226.25,0,107302617642.84,,,,
RtS,M5,CZ15,cDXGF,1546825762.12,0,178537737825.31,1546825762.12,0,180581607417.33,,,,
RtS,M5,CZ16,cDXGF,49810515576.66,0,56197260176.24,49810515576.66,0,56197260176.24,,,,
RtS,M5,CZ01,cDXHP,0,8716039462.81,33035574145.94,0,8919828488,33035574145.94,,,,
RtS,M5,CZ02,cDXHP,0,7919902036.59,67091018998.37,0,8260079317.23,67091018998.37,,,,
RtS,M5,CZ03,cDXHP,0,4169749254.29,58930853887.4,0,4217834280.1,58930853887.4,,,,
RtS,M5,CZ04,cDXHP,0,6289420207.66,89119671565.32,0,6605325173.8,89119671565.32,,,,
RtS,M5,CZ05,cDXHP,0,3522961202.76,61143170500.27,0,3595622439.49,61143170500.27,,,,
RtS,M5,CZ06,cDXHP,0,946379307.56,86185014936.1,0,946379307.56,86185014936.1,,,,
RtS,M5,CZ07,cDXHP,0,866872547.17,84984883722.66,0,866872547.17,84984883722.66,,,,
RtS,M5,CZ08,cDXHP,0,1178038775.33,107019657594.12,0,1178038775.33,107069155179.61,,,,
RtS,M5,CZ09,cDXHP,0,1797098606.23,107296113180.08,0,1797098606.23,107584476612.42,,,,
RtS,M5,CZ10,cDXHP,0,2458263399.91,113100111183.18,0,2465150044.89,113545610920.64,,,,
RtS,M5,CZ11,cDXHP,0,7270016235.95,109423921157.02,0,7466760317.24,109495680710.63,,,,
RtS,M5,CZ12,cDXHP,0,7117262797.6,91110854547.23,0,7278083693.82,91110854547.23,,,,
RtS,M5,CZ13,cDXHP,0,5647822712.51,117630150833.64,0,5712878088.91,117722507038.55,,,,
RtS,M5,CZ14,cDXHP,0,4310303157.06,107209019575.82,0,4587582392.63,107422908274.72,,,,
RtS,M5,CZ15,cDXHP,0,378531855.41,178538267522.33,0,378531855.41,180582137114.35,,,,
RtS,M5,CZ16,cDXHP,0,13546119439.13,57002247674.22,0,15699416962.46,57002247674.22,,,,
RtS,M5,CZ01,cPTAC,0,0,26756603198.55,0,0,26756603198.55,,,,
RtS,M5,CZ02,cPTAC,0,0,62354313796.48,0,0,62354313796.48,,,,
RtS,M5,CZ03,cPTAC,0,0,54725762472.56,0,0,54725762472.56,,,,
RtS,M5,CZ04,cPTAC,0,0,85003723172.44,0,0,85453824426.35,,,,
RtS,M5,CZ05,cPTAC,0,0,56832661804.7,0,0,56985300460.8,,,,
RtS,M5,CZ06,cPTAC,0,0,83606587944.23,0,0,84146598662.48,,,,
RtS,M5,CZ07,cPTAC,0,0,82799962444.01,0,0,83043331651.39,,,,
RtS,M5,CZ08,cPTAC,0,0,104659508975.58,0,0,105252149179.19,,,,
RtS,M5,CZ09,cPTAC,0,0,105288308261.83,0,0,106062788136.64,,,,
RtS,M5,CZ10,cPTAC,0,0,111595420623.19,0,0,112280428926.57,,,,
RtS,M5,CZ11,cPTAC,0,0,106608050938.6,0,0,107282350879.2,,,,
RtS,M5,CZ12,cPTAC,0,0,87481486493.39,0,0,87712542595.42,,,,
RtS,M5,CZ13,cPTAC,0,0,115134181477.39,0,0,115711024641.08,,,,
RtS,M5,CZ14,cPTAC,0,0,104151520397.99,0,0,105178858428.57,,,,
RtS,M5,CZ15,cPTAC,0,0,178138709977.63,0,0,180182579569.65,,,,
RtS,M5,CZ16,cPTAC,0,0,53270056053.5,0,0,53270056053.5,,,,
RtS,M5,CZ01,cPVVG,1567309.97,0,0,35166589863.13,0,29760692863,,,,
RtS,M5,CZ02,cPVVG,452873451.99,0,2890543.71,32031381214.07,0,64401588873.67,,,,
RtS,M5,CZ03,cPVVG,29791856.16,0,0,17806625797.29,0,55932393426.07,,,,
RtS,M5,CZ04,cPVVG,344713831.8,0,32948753.37,25054730868.66,0,87504957016.62,,,,
RtS,M5,CZ05,cPVVG,46786307.07,0,0,14865838819.81,0,58220393776.79,,,,
RtS,M5,CZ06,cPVVG,0,0,0,4208592681.25,0,83924301074.87,,,,
RtS,M5,CZ07,cPVVG,0,0,0,3889601862.24,0,82786989749.81,,,,
RtS,M5,CZ08,cPVVG,0,0,7927079.65,5139309725.22,0,105066104521.88,,,,
RtS,M5,CZ09,cPVVG,0,0,35947487.31,7647611514.25,0,106008855929.62,,,,
RtS,M5,CZ10,cPVVG,10103694.63,0,40741548.48,10464574294.56,0,112378683100.55,,,,
RtS,M5,CZ11,cPVVG,679390651.06,0,310678707.4,29282229122.32,0,108463926004,,,,
RtS,M5,CZ12,cPVVG,468500098.61,0,43294096.3,28785356031.31,0,89083895329.22,,,,
RtS,M5,CZ13,cPVVG,239775380.9,0,392124902.21,22990826490.76,0,116508844601.84,,,,
RtS,M5,CZ14,cPVVG,138616846.06,0,83790518.42,16480671128.2,0,106431347380.54,,,,
RtS,M5,CZ15,cPVVG,0,0,2081745778.21,1589018662.45,0,179300272250.55,,,,
RtS,M5,CZ16,cPVVG,2507061200.5,0,2142744.79,50269787681.11,0,55519502704.54,,,,
SCn,M5,CZ01,cDXGF,3110904390105.73,0,147376473132.13,3445295742706.11,0,147376473132.13,,,,
SCn,M5,CZ02,cDXGF,1986857288017.18,0,924088914671.44,2194739613509.02,0,967111774121.37,,,,
SCn,M5,CZ03,cDXGF,1293567953178.97,0,579205342509.19,1469350104257.24,0,595351202751.08,,,,
SCn,M5,CZ04,cDXGF,1533538115054.9,0,1187106191444.07,1686804297480.82,0,1530747136328.35,,,,
SCn,M5,CZ05,cDXGF,989036430105.88,0,558090329867.42,1099461065167.82,0,571927385103.46,,,,
SCn,M5,CZ06,cDXGF,283580440812.25,0,996186671211.96,335011811463.49,0,1234336278755.66,,,,
SCn,M5,CZ07,cDXGF,242457877701.14,0,1047861469791.72,272540286457.84,0,1263864547567.47,,,,
SCn,M5,CZ08,cDXGF,420189102691.63,0,1462457498435.93,439895275800.65,0,1962647326929.94,,,,
SCn,M5,CZ09,cDXGF,562755357990.06,0,1485726965468.69,639490408383.85,0,1929443130879.46,,,,
SCn,M5,CZ10,cDXGF,513314016852.56,0,1221190319288.72,585664820728.23,0,2044560471781.2,,,,
SCn,M5,CZ11,cDXGF,2079475776257.8,0,1286390131920.28,2243524790492.15,0,2149714812984.22,,,,
SCn,M5,CZ12,cDXGF,1982958309399.78,0,1188953927988.58,2235993394603.97,0,1653831756342.1,,,,
SCn,M5,CZ13,cDXGF,1777619291466.69,0,1437911416547.38,1874866986553.64,0,2439138835105.62,,,,
SCn,M5,CZ14,cDXGF,1616267829733.64,0,1403390895853.19,1796566287881.21,0,2092690885906.93,,,,
SCn,M5,CZ15,cDXGF,226773274600.19,0,1647155120756.46,259609491269.04,0,3928219982506.88,,,,
SCn,M5,CZ16,cDXGF,3822837737901.6,0,756554592165.06,3958695346884,0,770462486900.25,,,,
SCn,M5,CZ01,cDXHP,0,613651126108.29,171810327919.19,0,969045137577.04,171810327919.19,,,,
SCn,M5,CZ02,cDXHP,0,376404285459.02,922836360596.61,0,646896946195.61,965859220031.35,,,,
SCn,M5,CZ03,cDXHP,0,243615847447.17,628530093106.28,0,398271958053.56,635742720155.13,,,,
SCn,M5,CZ04,cDXHP,0,296888972987.07,1185730460312,0,506097585833.44,1529371404639.5,,,,
SCn,M5,CZ05,cDXHP,0,191481345544.41,583336485166.31,0,304499562188.22,590746085928.59,,,,
SCn,M5,CZ06,cDXHP,0,49690362904.91,1145990153231.19,0,78685142636.85,1297233840420.21,,,,
SCn,M5,CZ07,cDXHP,0,47816982533.78,1176045515881.7,0,63824005338.33,1327051179490.12,,,,
SCn,M5,CZ08,cDXHP,0,86595296291.45,1462084592857.46,0,108968566280.94,1962274421362.16,,,,
SCn,M5,CZ09,cDXHP,0,104079127771.6,1485117470233.49,0,160822297737.21,1928833635644.26,,,,
SCn,M5,CZ10,cDXHP,0,97846763071.41,1220354851228.76,0,154941760728.07,2043725003780.59,,,,
SCn,M5,CZ11,cDXHP,0,405454272900.2,1286166394179.54,0,642837660306.57,2149491074909.56,,,,
SCn,M5,CZ12,cDXHP,0,367305925546.12,1188501818340.78,0,646630978173.85,1653379646681.91,,,,
SCn,M5,CZ13,cDXHP,0,358452445937.34,1437572810111.12,0,528014358997.32,2438800228778.41,,,,
SCn,M5,CZ14,cDXHP,0,293998542315.65,1402621185126.64,0,551216924924.56,2091921175180.39,,,,
SCn,M5,CZ15,cDXHP,0,50473238708.78,1647079673856.59,0,62294092365.49,3928144535954.5,,,,
SCn,M5,CZ16,cDXHP,0,625994741033.85,817474079895.56,0,1300931855971.52,817474079895.56,,,,
SCn,M5,CZ01,cPTAC,0,0,104121952556.44,0,0,104121952556.44,,,,
SCn,M5,CZ02,cPTAC,0,0,864489706879.84,0,0,906936939764.43,,,,
SCn,M5,CZ03,cPTAC,0,0,545508742693.23,0,0,561654625491.45,,,,
SCn,M5,CZ04,cPTAC,0,0,1140352687970.44,0,0,1483993632436.22,,,,
SCn,M5,CZ05,cPTAC,0,0,516624570615.95,0,0,530461619014.71,,,,
SCn,M5,CZ06,cPTAC,0,0,961943233612.84,0,0,1200092841714.97,,,,
SCn,M5,CZ07,cPTAC,0,0,1018165119394.12,0,0,1234168197168.44,,,,
SCn,M5,CZ08,cPTAC,0,0,1412332354358.52,0,0,1912522182852.97,,,,
SCn,M5,CZ09,cPTAC,0,0,1436590610524.2,0,0,1880306775934.98,,,,
SCn,M5,CZ10,cPTAC,0,0,1175840453629.66,0,0,1999210606241.23,,,,
SCn,M5,CZ11,cPTAC,0,0,1256283483623.16,0,0,2118997892436.49,,,,
SCn,M5,CZ12,cPTAC,0,0,1159465841181.08,0,0,1624343669536.9,,,,
SCn,M5,CZ13,cPTAC,0,0,1416000040742.2,0,0,2417227459665.39,,,,
SCn,M5,CZ14,cPTAC,0,0,1381565112593.01,0,0,2070865102646.75,,,,
SCn,M5,CZ15,cPTAC,0,0,1620309310103.85,0,0,3901374173447.48,,,,
SCn,M5,CZ16,cPTAC,0,0,717080724792.04,0,0,730988619282.93,,,,
SCn,M5,CZ01,cPVVG,28510922572.82,0,0,3445374753957.33,0,138213426965.91,,,,
SCn,M5,CZ02,cPVVG,40078457675.57,0,0,2194765914976.14,0,888698014672.65,,,,
SCn,M5,CZ03,cPVVG,26249642102.63,0,0,1469384276860.22,0,571045421535.02,,,,
SCn,M5,CZ04,cPVVG,37995523247.11,0,0,1686843636854.46,0,1451487572548.63,,,,
SCn,M5,CZ05,cPVVG,24377180675.17,0,0,1099447836569.97,0,541302014111.61,,,,
SCn,M5,CZ06,cPVVG,5166632694.3,0,0,335019731180.82,0,1227628636312.27,,,,
SCn,M5,CZ07,cPVVG,1924441978.9,0,0,272545972356.93,0,1256807910199.36,,,,
SCn,M5,CZ08,cPVVG,8136416443.22,0,0,439905137630.42,0,1953846388676.34,,,,
SCn,M5,CZ09,cPVVG,18650906795.03,0,0,639506526038.57,0,1920638720054.93,,,,
SCn,M5,CZ10,cPVVG,20883960446.68,0,0,585679163727.04,0,2037538068354.92,,,,
SCn,M5,CZ11,cPVVG,55613738634.95,0,1621076197.71,2243585684085.66,0,2143005248549.36,,,,
SCn,M5,CZ12,cPVVG,43867779691.97,0,0,2236051343711.08,0,1632914402783.08,,,,
SCn,M5,CZ13,cPVVG,29217105357.28,0,274014603.35,1874918430138.46,0,2431639392855.78,,,,
SCn,M5,CZ14,cPVVG,42772253232.8,0,1505630005.79,1796616420044.03,0,1969408700244.17,,,,
SCn,M5,CZ15,cPVVG,23607579473.07,0,10422157651.16,259616934774.36,0,3918915676054.08,,,,
SCn,M5,CZ16,cPVVG,73127836719.3,0,0,3958820387401.83,0,711750535431.67,,,,
