File Name,BldgLoc,BldgType,Story,BldgHVAC,BldgVint,TechGroup,TechType,TechID,Cohort,Case,Net Site EUI,Net Source EUI,Total Energy/Net Site Energy,Total Energy/Net Source Energy,Total,Heating,Cooling,Interior Lighting,Exterior Lighting,Interior Equipment,Exterior Equipment,Fans,Pumps,Heat Rejection,Humidification,Heat Recovery,Water Systems,Refrigeration,Generators,Heating Elec,Cooling Elec,Heating NG,Cooling NG,Interior Equipment Elec,Interior Equipment NG,Unmet Heating,Unmet Cooling,Conditioned Area,Electricity:Facility [J](Hourly)
runs/CZ01/DMo&0&rDXGF&Ex&dxAC_equip/RB-dxAC_equip-spltAC-SEER-BA-rDXGF-LRM-LSC-AOE/instance-out.sql,CZ01,DMo,weighted,rDXGF,Ex,dxAC_equip,,RB-dxAC_equip-spltAC-SEER-BA-rDXGF-LRM-LSC-AOE,DMo&0&rDXGF&Ex&dxAC_equip,RB-dxAC_equip-spltAC-SEER-BA-rDXGF-LRM-LSC-AOE,48.35,79.49,33474.59,55030.79,33474.59,4915.54,356.59,3129.96,0.0,12980.689999999999,0.0,345.14,0.0,0.0,0.0,0.0,11746.68,0.0,0.0,0.0,356.59,4915.54,0.0,5167.03,7813.66,0.0,0.0,230.77,8167242.018173086
runs/CZ01/DMo&0&rDXGF&Ex&dxAC_equip/RB-dxAC_equip-spltAC-SEER-BA-rDXGF-LRM-LSC-NR/instance-out.sql,CZ01,DMo,weighted,rDXGF,Ex,dxAC_equip,,RB-dxAC_equip-spltAC-SEER-BA-rDXGF-LRM-LSC-NR,DMo&0&rDXGF&Ex&dxAC_equip,RB-dxAC_equip-spltAC-SEER-BA-rDXGF-LRM-LSC-NR,48.3,79.33,33439.73,54920.38,33439.729999999996,4915.54,321.73,3129.96,0.0,12980.689999999999,0.0,345.14,0.0,0.0,0.0,0.0,11746.68,0.0,0.0,0.0,321.73,4915.54,0.0,5167.03,7813.66,0.0,0.0,230.77,7918454.9232414
runs/CZ01/DMo&0&rDXGF&Ex&dxAC_equip/RB-dxAC_equip-spltAC-SEER-BA-rDXGF-NoLRM-0%UC-AOE/instance-out.sql,CZ01,DMo,weighted,rDXGF,Ex,dxAC_equip,,RB-dxAC_equip-spltAC-SEER-BA-rDXGF-NoLRM-0%UC-AOE,DMo&0&rDXGF&Ex&dxAC_equip,RB-dxAC_equip-spltAC-SEER-BA-rDXGF-NoLRM-0%UC-AOE,48.4,79.64,33508.31,55137.56,33508.3,4915.54,390.3,3129.96,0.0,12980.689999999999,0.0,345.14,0.0,0.0,0.0,0.0,11746.68,0.0,0.0,0.0,390.3,4915.54,0.0,5167.03,7813.66,0.0,0.0,230.77,8407824.976430299
runs/CZ01/DMo&0&rDXGF&Ex&dxAC_equip/RB-dxAC_equip-spltAC-SEER-BA-rDXGF-NoLRM-0%UC-NR/instance-out.sql,CZ01,DMo,weighted,rDXGF,Ex,dxAC_equip,,RB-dxAC_equip-spltAC-SEER-BA-rDXGF-NoLRM-0%UC-NR,DMo&0&rDXGF&Ex&dxAC_equip,RB-dxAC_equip-spltAC-SEER-BA-rDXGF-NoLRM-0%UC-NR,48.35,79.47,33470.15,55016.71,33470.14,4915.54,352.15,3129.96,0.0,12980.689999999999,0.0,345.14,0.0,0.0,0.0,0.0,11746.68,0.0,0.0,0.0,352.15,4915.54,0.0,5167.03,7813.66,0.0,0.0,230.77,8135517.200732056
runs/CZ01/DMo&0&rDXGF&Ex&dxAC_equip/RB-dxAC_equip-spltAC-SEER-BA-rDXGF-NoLRM-22.5%UC-AOE/instance-out.sql,CZ01,DMo,weighted,rDXGF,Ex,dxAC_equip,,RB-dxAC_equip-spltAC-SEER-BA-rDXGF-NoLRM-22.5%UC-AOE,DMo&0&rDXGF&Ex&dxAC_equip,RB-dxAC_equip-spltAC-SEER-BA-rDXGF-NoLRM-22.5%UC-AOE,48.61,80.3,33651.43,55590.82,33651.42,4915.54,533.42,3129.96,0.0,12980.689999999999,0.0,345.14,0.0,0.0,0.0,0.0,11746.68,0.0,0.0,0.0,533.42,4915.54,0.0,5167.03,7813.66,0.0,0.0,230.77,9429167.72335447
runs/CZ01/DMo&0&rDXGF&Ex&dxAC_equip/RB-dxAC_equip-spltAC-SEER-BA-rDXGF-NoLRM-15%UC-AOE/instance-out.sql,CZ01,DMo,weighted,rDXGF,Ex,dxAC_equip,,RB-dxAC_equip-spltAC-SEER-BA-rDXGF-NoLRM-15%UC-AOE,DMo&0&rDXGF&Ex&dxAC_equip,RB-dxAC_equip-spltAC-SEER-BA-rDXGF-NoLRM-15%UC-AOE,48.54,80.08,33603.72,55439.73,33603.71,4915.54,485.72,3129.96,0.0,12980.689999999999,0.0,345.14,0.0,0.0,0.0,0.0,11746.68,0.0,0.0,0.0,485.72,4915.54,0.0,5167.03,7813.66,0.0,0.0,230.77,9088720.140513236
runs/CZ01/DMo&0&rDXHP&Ex&dxHP_equip/RB-dxHP_equip-spltHP-SEER-BA-rDXHP-LRM-LSC-AOE/instance-out.sql,CZ01,DMo,weighted,rDXHP,Ex,dxHP_equip,,RB-dxHP_equip-spltHP-SEER-BA-rDXHP-LRM-LSC-AOE,DMo&0&rDXHP&Ex&dxHP_equip,RB-dxHP_equip-spltHP-SEER-BA-rDXHP-LRM-LSC-AOE,44.39,81.76,30733.57,56605.51,30733.57,2034.33,356.86,3129.96,0.0,12980.689999999999,0.0,492.96,0.0,0.0,0.0,0.0,11738.77,0.0,0.0,2034.33,356.86,0.0,0.0,5167.03,7813.66,0.0,0.0,230.77,8166199.719938919
runs/CZ01/DMo&0&rDXGF&Ex&dxAC_equip/RB-dxAC_equip-spltAC-SEER-BA-rDXGF-NoLRM-40%UC-AOE/instance-out.sql,CZ01,DMo,weighted,rDXGF,Ex,dxAC_equip,,RB-dxAC_equip-spltAC-SEER-BA-rDXGF-NoLRM-40%UC-AOE,DMo&0&rDXGF&Ex&dxAC_equip,RB-dxAC_equip-spltAC-SEER-BA-rDXGF-NoLRM-40%UC-AOE,48.77,80.81,33762.74,55943.35,33762.740000000005,4915.54,644.74,3129.96,0.0,12980.689999999999,0.0,345.14,0.0,0.0,0.0,0.0,11746.68,0.0,0.0,0.0,644.74,4915.54,0.0,5167.03,7813.66,0.0,0.0,230.77,10223545.413947938
runs/CZ01/DMo&0&rDXGF&Ex&dxAC_equip/RB-dxAC_equip-spltAC-SEER-BA-rDXGF-NoLRM-30%UC-AOE/instance-out.sql,CZ01,DMo,weighted,rDXGF,Ex,dxAC_equip,,RB-dxAC_equip-spltAC-SEER-BA-rDXGF-NoLRM-30%UC-AOE,DMo&0&rDXGF&Ex&dxAC_equip,RB-dxAC_equip-spltAC-SEER-BA-rDXGF-NoLRM-30%UC-AOE,48.68,80.52,33699.13,55741.91,33699.130000000005,4915.54,581.13,3129.96,0.0,12980.689999999999,0.0,345.14,0.0,0.0,0.0,0.0,11746.68,0.0,0.0,0.0,581.13,4915.54,0.0,5167.03,7813.66,0.0,0.0,230.77,9769615.30393185
runs/CZ01/DMo&0&rDXGF&Ex&dxAC_equip/RB-dxAC_equip-spltAC-SEER-BA-rDXGF-NoLRM-7.5%UC-AOE/instance-out.sql,CZ01,DMo,weighted,rDXGF,Ex,dxAC_equip,,RB-dxAC_equip-spltAC-SEER-BA-rDXGF-NoLRM-7.5%UC-AOE,DMo&0&rDXGF&Ex&dxAC_equip,RB-dxAC_equip-spltAC-SEER-BA-rDXGF-NoLRM-7.5%UC-AOE,48.47,79.86,33556.01,55288.64,33556.009999999995,4915.54,438.01,3129.96,0.0,12980.689999999999,0.0,345.14,0.0,0.0,0.0,0.0,11746.68,0.0,0.0,0.0,438.01,4915.54,0.0,5167.03,7813.66,0.0,0.0,230.77,8748272.557911979
runs/CZ01/DMo&0&rDXHP&Ex&dxHP_equip/RB-dxHP_equip-spltHP-SEER-BA-rDXHP-LRM-LSC-NR/instance-out.sql,CZ01,DMo,weighted,rDXHP,Ex,dxHP_equip,,RB-dxHP_equip-spltHP-SEER-BA-rDXHP-LRM-LSC-NR,DMo&0&rDXHP&Ex&dxHP_equip,RB-dxHP_equip-spltHP-SEER-BA-rDXHP-LRM-LSC-NR,43.85,80.03,30355.69,55408.76,30355.690000000002,1691.34,321.97,3129.96,0.0,12980.689999999999,0.0,492.96,0.0,0.0,0.0,0.0,11738.77,0.0,0.0,1691.34,321.97,0.0,0.0,5167.03,7813.66,0.0,0.0,230.77,7917486.60818487
runs/CZ01/DMo&0&rDXHP&Ex&dxHP_equip/RB-dxHP_equip-spltHP-SEER-BA-rDXHP-LRM-LSC-NC/instance-out.sql,CZ01,DMo,weighted,rDXHP,Ex,dxHP_equip,,RB-dxHP_equip-spltHP-SEER-BA-rDXHP-LRM-LSC-NC,DMo&0&rDXHP&Ex&dxHP_equip,RB-dxHP_equip-spltHP-SEER-BA-rDXHP-LRM-LSC-NC,43.85,80.03,30355.69,55408.76,30355.690000000002,1691.34,321.97,3129.96,0.0,12980.689999999999,0.0,492.96,0.0,0.0,0.0,0.0,11738.77,0.0,0.0,1691.34,321.97,0.0,0.0,5167.03,7813.66,0.0,0.0,230.77,7917486.60818487
runs/CZ01/DMo&0&rDXHP&Ex&dxHP_equip/RB-dxHP_equip-spltHP-SEER-BA-rDXHP-NoLRM-0%UC-NC/instance-out.sql,CZ01,DMo,weighted,rDXHP,Ex,dxHP_equip,,RB-dxHP_equip-spltHP-SEER-BA-rDXHP-NoLRM-0%UC-NC,DMo&0&rDXHP&Ex&dxHP_equip,RB-dxHP_equip-spltHP-SEER-BA-rDXHP-NoLRM-0%UC-NC,43.97,80.41,30438.37,55670.61,30438.370000000003,1743.58,352.41,3129.96,0.0,12980.689999999999,0.0,492.96,0.0,0.0,0.0,0.0,11738.77,0.0,0.0,1743.58,352.41,0.0,0.0,5167.03,7813.66,0.0,0.0,230.77,8134484.336680175
runs/CZ01/DMo&0&rDXHP&Ex&dxHP_equip/RB-dxHP_equip-spltHP-SEER-BA-rDXHP-NoLRM-15%UC-AOE/instance-out.sql,CZ01,DMo,weighted,rDXHP,Ex,dxHP_equip,,RB-dxHP_equip-spltHP-SEER-BA-rDXHP-NoLRM-15%UC-AOE,DMo&0&rDXHP&Ex&dxHP_equip,RB-dxHP_equip-spltHP-SEER-BA-rDXHP-NoLRM-15%UC-AOE,44.94,83.51,31114.63,57812.32,31114.63,2286.17,486.08,3129.96,0.0,12980.689999999999,0.0,492.96,0.0,0.0,0.0,0.0,11738.77,0.0,0.0,2286.17,486.08,0.0,0.0,5167.03,7813.66,0.0,0.0,230.77,9087403.817295443
runs/CZ01/DMo&0&rDXHP&Ex&dxHP_equip/RB-dxHP_equip-spltHP-SEER-BA-rDXHP-NoLRM-0%UC-AOE/instance-out.sql,CZ01,DMo,weighted,rDXHP,Ex,dxHP_equip,,RB-dxHP_equip-spltHP-SEER-BA-rDXHP-NoLRM-0%UC-AOE,DMo&0&rDXHP&Ex&dxHP_equip,RB-dxHP_equip-spltHP-SEER-BA-rDXHP-NoLRM-0%UC-AOE,44.54,82.22,30833.06,56920.59,30833.059999999998,2100.08,390.59,3129.96,0.0,12980.689999999999,0.0,492.96,0.0,0.0,0.0,0.0,11738.77,0.0,0.0,2100.08,390.59,0.0,0.0,5167.03,7813.66,0.0,0.0,230.77,8406711.134727437
runs/CZ01/DMo&0&rDXHP&Ex&dxHP_equip/RB-dxHP_equip-spltHP-SEER-BA-rDXHP-NoLRM-22.5%UC-AOE/instance-out.sql,CZ01,DMo,weighted,rDXHP,Ex,dxHP_equip,,RB-dxHP_equip-spltHP-SEER-BA-rDXHP-NoLRM-22.5%UC-AOE,DMo&0&rDXHP&Ex&dxHP_equip,RB-dxHP_equip-spltHP-SEER-BA-rDXHP-NoLRM-22.5%UC-AOE,45.15,84.15,31255.41,58258.18,31255.41,2379.21,533.82,3129.96,0.0,12980.689999999999,0.0,492.96,0.0,0.0,0.0,0.0,11738.77,0.0,0.0,2379.21,533.82,0.0,0.0,5167.03,7813.66,0.0,0.0,230.77,9427750.159378972
runs/CZ01/DMo&0&rDXHP&Ex&dxHP_equip/RB-dxHP_equip-spltHP-SEER-BA-rDXHP-NoLRM-40%UC-AOE/instance-out.sql,CZ01,DMo,weighted,rDXHP,Ex,dxHP_equip,,RB-dxHP_equip-spltHP-SEER-BA-rDXHP-NoLRM-40%UC-AOE,DMo&0&rDXHP&Ex&dxHP_equip,RB-dxHP_equip-spltHP-SEER-BA-rDXHP-NoLRM-40%UC-AOE,45.62,85.65,31583.91,59298.53,31583.91,2596.31,645.22,3129.96,0.0,12980.689999999999,0.0,492.96,0.0,0.0,0.0,0.0,11738.77,0.0,0.0,2596.31,645.22,0.0,0.0,5167.03,7813.66,0.0,0.0,230.77,10221891.6215386
runs/CZ02/DMo&0&rDXGF&Ex&dxAC_equip/RB-dxAC_equip-spltAC-SEER-BA-rDXGF-NoLRM-0%UC-NR/instance-out.sql,CZ02,DMo,weighted,rDXGF,Ex,dxAC_equip,,RB-dxAC_equip-spltAC-SEER-BA-rDXGF-NoLRM-0%UC-NR,DMo&0&rDXGF&Ex&dxAC_equip,RB-dxAC_equip-spltAC-SEER-BA-rDXGF-NoLRM-0%UC-NR,56.54,95.17,39144.75,65888.45,39144.759999999995,8658.06,1740.51,3129.96,0.0,12980.689999999999,0.0,1222.96,0.0,0.0,0.0,0.0,11412.57,0.0,0.0,0.0,1740.51,8658.06,0.0,5167.03,7813.66,0.0,0.0,230.77,16500951.72988112
runs/CZ01/DMo&0&rDXHP&Ex&dxHP_equip/RB-dxHP_equip-spltHP-SEER-BA-rDXHP-NoLRM-0%UC-NR/instance-out.sql,CZ01,DMo,weighted,rDXHP,Ex,dxHP_equip,,RB-dxHP_equip-spltHP-SEER-BA-rDXHP-NoLRM-0%UC-NR,DMo&0&rDXHP&Ex&dxHP_equip,RB-dxHP_equip-spltHP-SEER-BA-rDXHP-NoLRM-0%UC-NR,43.97,80.41,30438.37,55670.61,30438.370000000003,1743.58,352.41,3129.96,0.0,12980.689999999999,0.0,492.96,0.0,0.0,0.0,0.0,11738.77,0.0,0.0,1743.58,352.41,0.0,0.0,5167.03,7813.66,0.0,0.0,230.77,8134484.336680175
runs/CZ02/DMo&0&rDXGF&Ex&dxAC_equip/RB-dxAC_equip-spltAC-SEER-BA-rDXGF-LRM-LSC-AOE/instance-out.sql,CZ02,DMo,weighted,rDXGF,Ex,dxAC_equip,,RB-dxAC_equip-spltAC-SEER-BA-rDXGF-LRM-LSC-AOE,DMo&0&rDXGF&Ex&dxAC_equip,RB-dxAC_equip-spltAC-SEER-BA-rDXGF-LRM-LSC-AOE,56.57,95.27,39166.73,65958.03,39166.729999999996,8658.06,1762.48,3129.96,0.0,12980.689999999999,0.0,1222.96,0.0,0.0,0.0,0.0,11412.57,0.0,0.0,0.0,1762.48,8658.06,0.0,5167.03,7813.66,0.0,0.0,230.77,16607278.791795893
runs/CZ02/DMo&0&rDXGF&Ex&dxAC_equip/RB-dxAC_equip-spltAC-SEER-BA-rDXGF-NoLRM-0%UC-AOE/instance-out.sql,CZ02,DMo,weighted,rDXGF,Ex,dxAC_equip,,RB-dxAC_equip-spltAC-SEER-BA-rDXGF-NoLRM-0%UC-AOE,DMo&0&rDXGF&Ex&dxAC_equip,RB-dxAC_equip-spltAC-SEER-BA-rDXGF-NoLRM-0%UC-AOE,56.81,96.03,39333.35,66485.74,39333.36,8658.06,1929.11,3129.96,0.0,12980.689999999999,0.0,1222.96,0.0,0.0,0.0,0.0,11412.57,0.0,0.0,0.0,1929.11,8658.06,0.0,5167.03,7813.66,0.0,0.0,230.77,17413602.709838986
runs/CZ01/DMo&0&rDXHP&Ex&dxHP_equip/RB-dxHP_equip-spltHP-SEER-BA-rDXHP-NoLRM-30%UC-AOE/instance-out.sql,CZ01,DMo,weighted,rDXHP,Ex,dxHP_equip,,RB-dxHP_equip-spltHP-SEER-BA-rDXHP-NoLRM-30%UC-AOE,DMo&0&rDXHP&Ex&dxHP_equip,RB-dxHP_equip-spltHP-SEER-BA-rDXHP-NoLRM-30%UC-AOE,45.35,84.79,31396.2,58704.05,31396.2,2472.25,581.56,3129.96,0.0,12980.689999999999,0.0,492.96,0.0,0.0,0.0,0.0,11738.77,0.0,0.0,2472.25,581.56,0.0,0.0,5167.03,7813.66,0.0,0.0,230.77,9768096.49919932
runs/CZ02/DMo&0&rDXGF&Ex&dxAC_equip/RB-dxAC_equip-spltAC-SEER-BA-rDXGF-NoLRM-30%UC-AOE/instance-out.sql,CZ02,DMo,weighted,rDXGF,Ex,dxAC_equip,,RB-dxAC_equip-spltAC-SEER-BA-rDXGF-NoLRM-30%UC-AOE,DMo&0&rDXGF&Ex&dxAC_equip,RB-dxAC_equip-spltAC-SEER-BA-rDXGF-NoLRM-30%UC-AOE,58.18,100.35,40276.53,69472.77,40276.53,8658.06,2872.28,3129.96,0.0,12980.689999999999,0.0,1222.96,0.0,0.0,0.0,0.0,11412.57,0.0,0.0,0.0,2872.28,8658.06,0.0,5167.03,7813.66,0.0,0.0,230.77,21977700.351577558
runs/CZ01/DMo&0&rDXHP&Ex&dxHP_equip/RB-dxHP_equip-spltHP-SEER-BA-rDXHP-NoLRM-7.5%UC-AOE/instance-out.sql,CZ01,DMo,weighted,rDXHP,Ex,dxHP_equip,,RB-dxHP_equip-spltHP-SEER-BA-rDXHP-NoLRM-7.5%UC-AOE,DMo&0&rDXHP&Ex&dxHP_equip,RB-dxHP_equip-spltHP-SEER-BA-rDXHP-NoLRM-7.5%UC-AOE,44.74,82.86,30973.84,57366.45,30973.85,2193.13,438.34,3129.96,0.0,12980.689999999999,0.0,492.96,0.0,0.0,0.0,0.0,11738.77,0.0,0.0,2193.13,438.34,0.0,0.0,5167.03,7813.66,0.0,0.0,230.77,8747057.47545182
runs/CZ02/DMo&0&rDXGF&Ex&dxAC_equip/RB-dxAC_equip-spltAC-SEER-BA-rDXGF-LRM-LSC-NR/instance-out.sql,CZ02,DMo,weighted,rDXGF,Ex,dxAC_equip,,RB-dxAC_equip-spltAC-SEER-BA-rDXGF-LRM-LSC-NR,DMo&0&rDXGF&Ex&dxAC_equip,RB-dxAC_equip-spltAC-SEER-BA-rDXGF-LRM-LSC-NR,56.32,94.48,38994.42,65412.33,38994.42,8658.06,1590.17,3129.96,0.0,12980.689999999999,0.0,1222.96,0.0,0.0,0.0,0.0,11412.57,0.0,0.0,0.0,1590.17,8658.06,0.0,5167.03,7813.66,0.0,0.0,230.77,15773458.364127003
runs/CZ02/DMo&0&rDXGF&Ex&dxAC_equip/RB-dxAC_equip-spltAC-SEER-BA-rDXGF-NoLRM-22.5%UC-AOE/instance-out.sql,CZ02,DMo,weighted,rDXGF,Ex,dxAC_equip,,RB-dxAC_equip-spltAC-SEER-BA-rDXGF-NoLRM-22.5%UC-AOE,DMo&0&rDXGF&Ex&dxAC_equip,RB-dxAC_equip-spltAC-SEER-BA-rDXGF-NoLRM-22.5%UC-AOE,57.84,99.27,40040.73,68726.01,40040.740000000005,8658.06,2636.49,3129.96,0.0,12980.689999999999,0.0,1222.96,0.0,0.0,0.0,0.0,11412.57,0.0,0.0,0.0,2636.49,8658.06,0.0,5167.03,7813.66,0.0,0.0,230.77,20836675.94549325
runs/CZ02/DMo&0&rDXGF&Ex&dxAC_equip/RB-dxAC_equip-spltAC-SEER-BA-rDXGF-NoLRM-15%UC-AOE/instance-out.sql,CZ02,DMo,weighted,rDXGF,Ex,dxAC_equip,,RB-dxAC_equip-spltAC-SEER-BA-rDXGF-NoLRM-15%UC-AOE,DMo&0&rDXGF&Ex&dxAC_equip,RB-dxAC_equip-spltAC-SEER-BA-rDXGF-NoLRM-15%UC-AOE,57.5,98.19,39804.94,67979.26,39804.94,8658.06,2400.69,3129.96,0.0,12980.689999999999,0.0,1222.96,0.0,0.0,0.0,0.0,11412.57,0.0,0.0,0.0,2400.69,8658.06,0.0,5167.03,7813.66,0.0,0.0,230.77,19695651.53182153
runs/CZ02/DMo&0&rDXGF&Ex&dxAC_equip/RB-dxAC_equip-spltAC-SEER-BA-rDXGF-NoLRM-40%UC-AOE/instance-out.sql,CZ02,DMo,weighted,rDXGF,Ex,dxAC_equip,,RB-dxAC_equip-spltAC-SEER-BA-rDXGF-NoLRM-40%UC-AOE,DMo&0&rDXGF&Ex&dxAC_equip,RB-dxAC_equip-spltAC-SEER-BA-rDXGF-NoLRM-40%UC-AOE,58.63,101.79,40590.92,70468.45,40590.92,8658.06,3186.67,3129.96,0.0,12980.689999999999,0.0,1222.96,0.0,0.0,0.0,0.0,11412.57,0.0,0.0,0.0,3186.67,8658.06,0.0,5167.03,7813.66,0.0,0.0,230.77,23499066.235002227
runs/CZ02/DMo&0&rDXHP&Ex&dxHP_equip/RB-dxHP_equip-spltHP-SEER-BA-rDXHP-NoLRM-0%UC-NC/instance-out.sql,CZ02,DMo,weighted,rDXHP,Ex,dxHP_equip,,RB-dxHP_equip-spltHP-SEER-BA-rDXHP-NoLRM-0%UC-NC,DMo&0&rDXHP&Ex&dxHP_equip,RB-dxHP_equip-spltHP-SEER-BA-rDXHP-NoLRM-0%UC-NC,48.65,96.28,33683.44,66659.05,33683.44,2870.84,1740.53,3129.96,0.0,12980.689999999999,0.0,1564.13,0.0,0.0,0.0,0.0,11397.29,0.0,0.0,2870.84,1740.53,0.0,0.0,5167.03,7813.66,0.0,0.0,230.77,16500970.40787822
runs/CZ02/DMo&0&rDXGF&Ex&dxAC_equip/RB-dxAC_equip-spltAC-SEER-BA-rDXGF-NoLRM-7.5%UC-AOE/instance-out.sql,CZ02,DMo,weighted,rDXGF,Ex,dxAC_equip,,RB-dxAC_equip-spltAC-SEER-BA-rDXGF-NoLRM-7.5%UC-AOE,DMo&0&rDXGF&Ex&dxAC_equip,RB-dxAC_equip-spltAC-SEER-BA-rDXGF-NoLRM-7.5%UC-AOE,57.15,97.11,39569.15,67232.5,39569.149999999994,8658.06,2164.9,3129.96,0.0,12980.689999999999,0.0,1222.96,0.0,0.0,0.0,0.0,11412.57,0.0,0.0,0.0,2164.9,8658.06,0.0,5167.03,7813.66,0.0,0.0,230.77,18554627.1189541
runs/CZ02/DMo&0&rDXHP&Ex&dxHP_equip/RB-dxHP_equip-spltHP-SEER-BA-rDXHP-NoLRM-0%UC-AOE/instance-out.sql,CZ02,DMo,weighted,rDXHP,Ex,dxHP_equip,,RB-dxHP_equip-spltHP-SEER-BA-rDXHP-NoLRM-0%UC-AOE,DMo&0&rDXHP&Ex&dxHP_equip,RB-dxHP_equip-spltHP-SEER-BA-rDXHP-NoLRM-0%UC-AOE,49.87,100.13,34523.85,69320.62,34523.850000000006,3522.65,1929.13,3129.96,0.0,12980.689999999999,0.0,1564.13,0.0,0.0,0.0,0.0,11397.29,0.0,0.0,3522.65,1929.13,0.0,0.0,5167.03,7813.66,0.0,0.0,230.77,17413622.812705047
runs/CZ02/DMo&0&rDXHP&Ex&dxHP_equip/RB-dxHP_equip-spltHP-SEER-BA-rDXHP-LRM-LSC-NR/instance-out.sql,CZ02,DMo,weighted,rDXHP,Ex,dxHP_equip,,RB-dxHP_equip-spltHP-SEER-BA-rDXHP-LRM-LSC-NR,DMo&0&rDXHP&Ex&dxHP_equip,RB-dxHP_equip-spltHP-SEER-BA-rDXHP-LRM-LSC-NR,48.3,95.16,33437.58,65880.42,33437.58,2775.32,1590.19,3129.96,0.0,12980.689999999999,0.0,1564.13,0.0,0.0,0.0,0.0,11397.29,0.0,0.0,2775.32,1590.19,0.0,0.0,5167.03,7813.66,0.0,0.0,230.77,15773475.906330965
runs/CZ02/DMo&0&rDXHP&Ex&dxHP_equip/RB-dxHP_equip-spltHP-SEER-BA-rDXHP-LRM-LSC-AOE/instance-out.sql,CZ02,DMo,weighted,rDXHP,Ex,dxHP_equip,,RB-dxHP_equip-spltHP-SEER-BA-rDXHP-LRM-LSC-AOE,DMo&0&rDXHP&Ex&dxHP_equip,RB-dxHP_equip-spltHP-SEER-BA-rDXHP-LRM-LSC-AOE,49.45,98.82,34237.01,68412.19,34237.009999999995,3402.44,1762.5,3129.96,0.0,12980.689999999999,0.0,1564.13,0.0,0.0,0.0,0.0,11397.29,0.0,0.0,3402.44,1762.5,0.0,0.0,5167.03,7813.66,0.0,0.0,230.77,16607297.63579526
runs/CZ02/DMo&0&rDXHP&Ex&dxHP_equip/RB-dxHP_equip-spltHP-SEER-BA-rDXHP-NoLRM-22.5%UC-AOE/instance-out.sql,CZ02,DMo,weighted,rDXHP,Ex,dxHP_equip,,RB-dxHP_equip-spltHP-SEER-BA-rDXHP-NoLRM-22.5%UC-AOE,DMo&0&rDXHP&Ex&dxHP_equip,RB-dxHP_equip-spltHP-SEER-BA-rDXHP-NoLRM-22.5%UC-AOE,51.63,105.7,35741.58,73177.17,35741.58,4032.99,2636.52,3129.96,0.0,12980.689999999999,0.0,1564.13,0.0,0.0,0.0,0.0,11397.29,0.0,0.0,4032.99,2636.52,0.0,0.0,5167.03,7813.66,0.0,0.0,230.77,20836701.39260473
runs/CZ02/DMo&0&rDXHP&Ex&dxHP_equip/RB-dxHP_equip-spltHP-SEER-BA-rDXHP-LRM-LSC-NC/instance-out.sql,CZ02,DMo,weighted,rDXHP,Ex,dxHP_equip,,RB-dxHP_equip-spltHP-SEER-BA-rDXHP-LRM-LSC-NC,DMo&0&rDXHP&Ex&dxHP_equip,RB-dxHP_equip-spltHP-SEER-BA-rDXHP-LRM-LSC-NC,48.3,95.16,33437.58,65880.42,33437.58,2775.32,1590.19,3129.96,0.0,12980.689999999999,0.0,1564.13,0.0,0.0,0.0,0.0,11397.29,0.0,0.0,2775.32,1590.19,0.0,0.0,5167.03,7813.66,0.0,0.0,230.77,15773475.906330965
runs/CZ02/DMo&0&rDXHP&Ex&dxHP_equip/RB-dxHP_equip-spltHP-SEER-BA-rDXHP-NoLRM-15%UC-AOE/instance-out.sql,CZ02,DMo,weighted,rDXHP,Ex,dxHP_equip,,RB-dxHP_equip-spltHP-SEER-BA-rDXHP-NoLRM-15%UC-AOE,DMo&0&rDXHP&Ex&dxHP_equip,RB-dxHP_equip-spltHP-SEER-BA-rDXHP-NoLRM-15%UC-AOE,51.04,103.84,35335.67,71891.66,35335.67,3862.88,2400.72,3129.96,0.0,12980.689999999999,0.0,1564.13,0.0,0.0,0.0,0.0,11397.29,0.0,0.0,3862.88,2400.72,0.0,0.0,5167.03,7813.66,0.0,0.0,230.77,19695675.197517868
runs/CZ02/DMo&0&rDXHP&Ex&dxHP_equip/RB-dxHP_equip-spltHP-SEER-BA-rDXHP-NoLRM-0%UC-NR/instance-out.sql,CZ02,DMo,weighted,rDXHP,Ex,dxHP_equip,,RB-dxHP_equip-spltHP-SEER-BA-rDXHP-NoLRM-0%UC-NR,DMo&0&rDXHP&Ex&dxHP_equip,RB-dxHP_equip-spltHP-SEER-BA-rDXHP-NoLRM-0%UC-NR,48.65,96.28,33683.44,66659.05,33683.44,2870.84,1740.53,3129.96,0.0,12980.689999999999,0.0,1564.13,0.0,0.0,0.0,0.0,11397.29,0.0,0.0,2870.84,1740.53,0.0,0.0,5167.03,7813.66,0.0,0.0,230.77,16500970.40787822
runs/CZ03/DMo&0&rDXGF&Ex&dxAC_equip/RB-dxAC_equip-spltAC-SEER-BA-rDXGF-LRM-LSC-AOE/instance-out.sql,CZ03,DMo,weighted,rDXGF,Ex,dxAC_equip,,RB-dxAC_equip-spltAC-SEER-BA-rDXGF-LRM-LSC-AOE,DMo&0&rDXGF&Ex&dxAC_equip,RB-dxAC_equip-spltAC-SEER-BA-rDXGF-LRM-LSC-AOE,52.19,90.37,36131.87,62567.35,36131.86,5642.16,1945.69,3129.96,0.0,12980.689999999999,0.0,991.32,0.0,0.0,0.0,0.0,11442.06,0.0,0.0,0.0,1945.69,5642.16,0.0,5167.03,7813.66,0.0,0.0,230.77,15953855.271133231
runs/CZ02/DMo&0&rDXHP&Ex&dxHP_equip/RB-dxHP_equip-spltHP-SEER-BA-rDXHP-NoLRM-30%UC-AOE/instance-out.sql,CZ02,DMo,weighted,rDXHP,Ex,dxHP_equip,,RB-dxHP_equip-spltHP-SEER-BA-rDXHP-NoLRM-30%UC-AOE,DMo&0&rDXHP&Ex&dxHP_equip,RB-dxHP_equip-spltHP-SEER-BA-rDXHP-NoLRM-30%UC-AOE,52.21,107.56,36147.49,74462.69,36147.490000000005,4203.11,2872.31,3129.96,0.0,12980.689999999999,0.0,1564.13,0.0,0.0,0.0,0.0,11397.29,0.0,0.0,4203.11,2872.31,0.0,0.0,5167.03,7813.66,0.0,0.0,230.77,21977727.58010417
runs/CZ02/DMo&0&rDXHP&Ex&dxHP_equip/RB-dxHP_equip-spltHP-SEER-BA-rDXHP-NoLRM-7.5%UC-AOE/instance-out.sql,CZ02,DMo,weighted,rDXHP,Ex,dxHP_equip,,RB-dxHP_equip-spltHP-SEER-BA-rDXHP-NoLRM-7.5%UC-AOE,DMo&0&rDXHP&Ex&dxHP_equip,RB-dxHP_equip-spltHP-SEER-BA-rDXHP-NoLRM-7.5%UC-AOE,50.45,101.99,34929.76,70606.14,34929.759999999995,3692.77,2164.92,3129.96,0.0,12980.689999999999,0.0,1564.13,0.0,0.0,0.0,0.0,11397.29,0.0,0.0,3692.77,2164.92,0.0,0.0,5167.03,7813.66,0.0,0.0,230.77,18554649.0032353
runs/CZ03/DMo&0&rDXGF&Ex&dxAC_equip/RB-dxAC_equip-spltAC-SEER-BA-rDXGF-NoLRM-0%UC-NR/instance-out.sql,CZ03,DMo,weighted,rDXGF,Ex,dxAC_equip,,RB-dxAC_equip-spltAC-SEER-BA-rDXGF-NoLRM-0%UC-NR,DMo&0&rDXGF&Ex&dxAC_equip,RB-dxAC_equip-spltAC-SEER-BA-rDXGF-NoLRM-0%UC-NR,52.16,90.26,36107.61,62490.53,36107.61,5642.16,1921.43,3129.96,0.0,12980.689999999999,0.0,991.32,0.0,0.0,0.0,0.0,11442.06,0.0,0.0,0.0,1921.43,5642.16,0.0,5167.03,7813.66,0.0,0.0,230.77,15849086.568449438
runs/CZ02/DMo&0&rDXHP&Ex&dxHP_equip/RB-dxHP_equip-spltHP-SEER-BA-rDXHP-NoLRM-40%UC-AOE/instance-out.sql,CZ02,DMo,weighted,rDXHP,Ex,dxHP_equip,,RB-dxHP_equip-spltHP-SEER-BA-rDXHP-NoLRM-40%UC-AOE,DMo&0&rDXHP&Ex&dxHP_equip,RB-dxHP_equip-spltHP-SEER-BA-rDXHP-NoLRM-40%UC-AOE,52.99,110.03,36688.7,76176.71,36688.7,4429.92,3186.71,3129.96,0.0,12980.689999999999,0.0,1564.13,0.0,0.0,0.0,0.0,11397.29,0.0,0.0,4429.92,3186.71,0.0,0.0,5167.03,7813.66,0.0,0.0,230.77,23499095.838749025
runs/CZ03/DMo&0&rDXGF&Ex&dxAC_equip/RB-dxAC_equip-spltAC-SEER-BA-rDXGF-NoLRM-40%UC-AOE/instance-out.sql,CZ03,DMo,weighted,rDXGF,Ex,dxAC_equip,,RB-dxAC_equip-spltAC-SEER-BA-rDXGF-NoLRM-40%UC-AOE,DMo&0&rDXGF&Ex&dxAC_equip,RB-dxAC_equip-spltAC-SEER-BA-rDXGF-NoLRM-40%UC-AOE,54.46,97.57,37704.1,67546.62,37704.1,5642.16,3517.92,3129.96,0.0,12980.689999999999,0.0,991.32,0.0,0.0,0.0,0.0,11442.06,0.0,0.0,0.0,3517.92,5642.16,0.0,5167.03,7813.66,0.0,0.0,230.77,22744634.745279897
runs/CZ03/DMo&0&rDXGF&Ex&dxAC_equip/RB-dxAC_equip-spltAC-SEER-BA-rDXGF-NoLRM-0%UC-AOE/instance-out.sql,CZ03,DMo,weighted,rDXGF,Ex,dxAC_equip,,RB-dxAC_equip-spltAC-SEER-BA-rDXGF-NoLRM-0%UC-AOE,DMo&0&rDXGF&Ex&dxAC_equip,RB-dxAC_equip-spltAC-SEER-BA-rDXGF-NoLRM-0%UC-AOE,52.46,91.22,36315.81,63149.91,36315.81,5642.16,2129.64,3129.96,0.0,12980.689999999999,0.0,991.32,0.0,0.0,0.0,0.0,11442.06,0.0,0.0,0.0,2129.64,5642.16,0.0,5167.03,7813.66,0.0,0.0,230.77,16748361.47975958
runs/CZ03/DMo&0&rDXGF&Ex&dxAC_equip/RB-dxAC_equip-spltAC-SEER-BA-rDXGF-LRM-LSC-NR/instance-out.sql,CZ03,DMo,weighted,rDXGF,Ex,dxAC_equip,,RB-dxAC_equip-spltAC-SEER-BA-rDXGF-LRM-LSC-NR,DMo&0&rDXGF&Ex&dxAC_equip,RB-dxAC_equip-spltAC-SEER-BA-rDXGF-LRM-LSC-NR,51.92,89.5,35941.65,61964.92,35941.64,5642.16,1755.47,3129.96,0.0,12980.689999999999,0.0,991.32,0.0,0.0,0.0,0.0,11442.06,0.0,0.0,0.0,1755.47,5642.16,0.0,5167.03,7813.66,0.0,0.0,230.77,15132255.549435522
runs/CZ03/DMo&0&rDXGF&Ex&dxAC_equip/RB-dxAC_equip-spltAC-SEER-BA-rDXGF-NoLRM-30%UC-AOE/instance-out.sql,CZ03,DMo,weighted,rDXGF,Ex,dxAC_equip,,RB-dxAC_equip-spltAC-SEER-BA-rDXGF-NoLRM-30%UC-AOE,DMo&0&rDXGF&Ex&dxAC_equip,RB-dxAC_equip-spltAC-SEER-BA-rDXGF-NoLRM-30%UC-AOE,53.96,95.98,37357.03,66447.44,37357.03,5642.16,3170.85,3129.96,0.0,12980.689999999999,0.0,991.32,0.0,0.0,0.0,0.0,11442.06,0.0,0.0,0.0,3170.85,5642.16,0.0,5167.03,7813.66,0.0,0.0,230.77,21245566.42679723
runs/CZ03/DMo&0&rDXGF&Ex&dxAC_equip/RB-dxAC_equip-spltAC-SEER-BA-rDXGF-NoLRM-15%UC-AOE/instance-out.sql,CZ03,DMo,weighted,rDXGF,Ex,dxAC_equip,,RB-dxAC_equip-spltAC-SEER-BA-rDXGF-NoLRM-15%UC-AOE,DMo&0&rDXGF&Ex&dxAC_equip,RB-dxAC_equip-spltAC-SEER-BA-rDXGF-NoLRM-15%UC-AOE,53.21,93.6,36836.42,64798.68,36836.42,5642.16,2650.24,3129.96,0.0,12980.689999999999,0.0,991.32,0.0,0.0,0.0,0.0,11442.06,0.0,0.0,0.0,2650.24,5642.16,0.0,5167.03,7813.66,0.0,0.0,230.77,18996963.954375345
runs/CZ03/DMo&0&rDXGF&Ex&dxAC_equip/RB-dxAC_equip-spltAC-SEER-BA-rDXGF-NoLRM-22.5%UC-AOE/instance-out.sql,CZ03,DMo,weighted,rDXGF,Ex,dxAC_equip,,RB-dxAC_equip-spltAC-SEER-BA-rDXGF-NoLRM-22.5%UC-AOE,DMo&0&rDXGF&Ex&dxAC_equip,RB-dxAC_equip-spltAC-SEER-BA-rDXGF-NoLRM-22.5%UC-AOE,53.58,94.79,37096.73,65623.06,37096.72,5642.16,2910.55,3129.96,0.0,12980.689999999999,0.0,991.32,0.0,0.0,0.0,0.0,11442.06,0.0,0.0,0.0,2910.55,5642.16,0.0,5167.03,7813.66,0.0,0.0,230.77,20121265.194324393
runs/CZ03/DMo&0&rDXHP&Ex&dxHP_equip/RB-dxHP_equip-spltHP-SEER-BA-rDXHP-LRM-LSC-NC/instance-out.sql,CZ03,DMo,weighted,rDXHP,Ex,dxHP_equip,,RB-dxHP_equip-spltHP-SEER-BA-rDXHP-LRM-LSC-NC,DMo&0&rDXHP&Ex&dxHP_equip,RB-dxHP_equip-spltHP-SEER-BA-rDXHP-LRM-LSC-NC,46.49,89.32,32186.14,61838.89,32186.13,1732.15,1758.03,3129.96,0.0,12980.689999999999,0.0,1150.47,0.0,0.0,0.0,0.0,11434.84,0.0,0.0,1732.15,1758.03,0.0,0.0,5167.03,7813.66,0.0,0.0,230.77,15132260.232670944
runs/CZ03/DMo&0&rDXGF&Ex&dxAC_equip/RB-dxAC_equip-spltAC-SEER-BA-rDXGF-NoLRM-7.5%UC-AOE/instance-out.sql,CZ03,DMo,weighted,rDXGF,Ex,dxAC_equip,,RB-dxAC_equip-spltAC-SEER-BA-rDXGF-NoLRM-7.5%UC-AOE,DMo&0&rDXGF&Ex&dxAC_equip,RB-dxAC_equip-spltAC-SEER-BA-rDXGF-NoLRM-7.5%UC-AOE,52.83,92.41,36576.12,63974.3,36576.119999999995,5642.16,2389.94,3129.96,0.0,12980.689999999999,0.0,991.32,0.0,0.0,0.0,0.0,11442.06,0.0,0.0,0.0,2389.94,5642.16,0.0,5167.03,7813.66,0.0,0.0,230.77,17872662.715218805
runs/CZ03/DMo&0&rDXHP&Ex&dxHP_equip/RB-dxHP_equip-spltHP-SEER-BA-rDXHP-LRM-LSC-AOE/instance-out.sql,CZ03,DMo,weighted,rDXHP,Ex,dxHP_equip,,RB-dxHP_equip-spltHP-SEER-BA-rDXHP-LRM-LSC-AOE,DMo&0&rDXHP&Ex&dxHP_equip,RB-dxHP_equip-spltHP-SEER-BA-rDXHP-LRM-LSC-AOE,47.36,92.08,32788.41,63746.29,32788.41,2143.93,1948.53,3129.96,0.0,12980.689999999999,0.0,1150.47,0.0,0.0,0.0,0.0,11434.84,0.0,0.0,2143.93,1948.53,0.0,0.0,5167.03,7813.66,0.0,0.0,230.77,15953860.324788596
runs/CZ03/DMo&0&rDXHP&Ex&dxHP_equip/RB-dxHP_equip-spltHP-SEER-BA-rDXHP-NoLRM-30%UC-AOE/instance-out.sql,CZ03,DMo,weighted,rDXHP,Ex,dxHP_equip,,RB-dxHP_equip-spltHP-SEER-BA-rDXHP-NoLRM-30%UC-AOE,DMo&0&rDXHP&Ex&dxHP_equip,RB-dxHP_equip-spltHP-SEER-BA-rDXHP-NoLRM-30%UC-AOE,49.89,100.09,34541.11,69297.07,34541.100000000006,2669.66,3175.48,3129.96,0.0,12980.689999999999,0.0,1150.47,0.0,0.0,0.0,0.0,11434.84,0.0,0.0,2669.66,3175.48,0.0,0.0,5167.03,7813.66,0.0,0.0,230.77,21245573.866231564
runs/CZ03/DMo&0&rDXHP&Ex&dxHP_equip/RB-dxHP_equip-spltHP-SEER-BA-rDXHP-LRM-LSC-NR/instance-out.sql,CZ03,DMo,weighted,rDXHP,Ex,dxHP_equip,,RB-dxHP_equip-spltHP-SEER-BA-rDXHP-LRM-LSC-NR,DMo&0&rDXHP&Ex&dxHP_equip,RB-dxHP_equip-spltHP-SEER-BA-rDXHP-LRM-LSC-NR,46.49,89.32,32186.14,61838.89,32186.13,1732.15,1758.03,3129.96,0.0,12980.689999999999,0.0,1150.47,0.0,0.0,0.0,0.0,11434.84,0.0,0.0,1732.15,1758.03,0.0,0.0,5167.03,7813.66,0.0,0.0,230.77,15132260.232670944
runs/CZ03/DMo&0&rDXHP&Ex&dxHP_equip/RB-dxHP_equip-spltHP-SEER-BA-rDXHP-NoLRM-0%UC-NR/instance-out.sql,CZ03,DMo,weighted,rDXHP,Ex,dxHP_equip,,RB-dxHP_equip-spltHP-SEER-BA-rDXHP-NoLRM-0%UC-NR,DMo&0&rDXHP&Ex&dxHP_equip,RB-dxHP_equip-spltHP-SEER-BA-rDXHP-NoLRM-0%UC-NR,46.82,90.37,32415.07,62563.9,32415.06,1794.87,1924.24,3129.96,0.0,12980.689999999999,0.0,1150.47,0.0,0.0,0.0,0.0,11434.84,0.0,0.0,1794.87,1924.24,0.0,0.0,5167.03,7813.66,0.0,0.0,230.77,15849091.574869618
runs/CZ03/DMo&0&rDXHP&Ex&dxHP_equip/RB-dxHP_equip-spltHP-SEER-BA-rDXHP-NoLRM-15%UC-AOE/instance-out.sql,CZ03,DMo,weighted,rDXHP,Ex,dxHP_equip,,RB-dxHP_equip-spltHP-SEER-BA-rDXHP-NoLRM-15%UC-AOE,DMo&0&rDXHP&Ex&dxHP_equip,RB-dxHP_equip-spltHP-SEER-BA-rDXHP-NoLRM-15%UC-AOE,48.82,96.69,33796.34,66938.38,33796.33,2446.26,2654.12,3129.96,0.0,12980.689999999999,0.0,1150.47,0.0,0.0,0.0,0.0,11434.84,0.0,0.0,2446.26,2654.12,0.0,0.0,5167.03,7813.66,0.0,0.0,230.77,18996970.380022585
runs/CZ03/DMo&0&rDXHP&Ex&dxHP_equip/RB-dxHP_equip-spltHP-SEER-BA-rDXHP-NoLRM-0%UC-AOE/instance-out.sql,CZ03,DMo,weighted,rDXHP,Ex,dxHP_equip,,RB-dxHP_equip-spltHP-SEER-BA-rDXHP-NoLRM-0%UC-AOE,DMo&0&rDXHP&Ex&dxHP_equip,RB-dxHP_equip-spltHP-SEER-BA-rDXHP-NoLRM-0%UC-AOE,47.74,93.28,33051.57,64579.7,33051.56,2222.86,2132.75,3129.96,0.0,12980.689999999999,0.0,1150.47,0.0,0.0,0.0,0.0,11434.84,0.0,0.0,2222.86,2132.75,0.0,0.0,5167.03,7813.66,0.0,0.0,230.77,16748366.89161972
runs/CZ03/DMo&0&rDXHP&Ex&dxHP_equip/RB-dxHP_equip-spltHP-SEER-BA-rDXHP-NoLRM-0%UC-NC/instance-out.sql,CZ03,DMo,weighted,rDXHP,Ex,dxHP_equip,,RB-dxHP_equip-spltHP-SEER-BA-rDXHP-NoLRM-0%UC-NC,DMo&0&rDXHP&Ex&dxHP_equip,RB-dxHP_equip-spltHP-SEER-BA-rDXHP-NoLRM-0%UC-NC,46.82,90.37,32415.07,62563.9,32415.06,1794.87,1924.24,3129.96,0.0,12980.689999999999,0.0,1150.47,0.0,0.0,0.0,0.0,11434.84,0.0,0.0,1794.87,1924.24,0.0,0.0,5167.03,7813.66,0.0,0.0,230.77,15849091.574869618
runs/CZ03/DMo&0&rDXHP&Ex&dxHP_equip/RB-dxHP_equip-spltHP-SEER-BA-rDXHP-NoLRM-40%UC-AOE/instance-out.sql,CZ03,DMo,weighted,rDXHP,Ex,dxHP_equip,,RB-dxHP_equip-spltHP-SEER-BA-rDXHP-NoLRM-40%UC-AOE,DMo&0&rDXHP&Ex&dxHP_equip,RB-dxHP_equip-spltHP-SEER-BA-rDXHP-NoLRM-40%UC-AOE,50.61,102.37,35037.62,70869.52,35037.61,2818.6,3523.06,3129.96,0.0,12980.689999999999,0.0,1150.47,0.0,0.0,0.0,0.0,11434.84,0.0,0.0,2818.6,3523.06,0.0,0.0,5167.03,7813.66,0.0,0.0,230.77,22744642.860572293
runs/CZ03/DMo&0&rDXHP&Ex&dxHP_equip/RB-dxHP_equip-spltHP-SEER-BA-rDXHP-NoLRM-22.5%UC-AOE/instance-out.sql,CZ03,DMo,weighted,rDXHP,Ex,dxHP_equip,,RB-dxHP_equip-spltHP-SEER-BA-rDXHP-NoLRM-22.5%UC-AOE,DMo&0&rDXHP&Ex&dxHP_equip,RB-dxHP_equip-spltHP-SEER-BA-rDXHP-NoLRM-22.5%UC-AOE,49.35,98.39,34168.72,68117.72,34168.72,2557.96,2914.8,3129.96,0.0,12980.689999999999,0.0,1150.47,0.0,0.0,0.0,0.0,11434.84,0.0,0.0,2557.96,2914.8,0.0,0.0,5167.03,7813.66,0.0,0.0,230.77,20121272.12686518
runs/CZ04/DMo&0&rDXGF&Ex&dxAC_equip/RB-dxAC_equip-spltAC-SEER-BA-rDXGF-LRM-LSC-NR/instance-out.sql,CZ04,DMo,weighted,rDXGF,Ex,dxAC_equip,,RB-dxAC_equip-spltAC-SEER-BA-rDXGF-LRM-LSC-NR,DMo&0&rDXGF&Ex&dxAC_equip,RB-dxAC_equip-spltAC-SEER-BA-rDXGF-LRM-LSC-NR,60.31,107.0,41754.36,74074.46,41754.36,8817.9,3516.53,3129.96,0.0,12980.689999999999,0.0,2018.81,0.0,0.0,0.0,0.0,11290.48,0.0,0.0,0.0,3516.53,8817.9,0.0,5167.03,7813.66,0.0,0.0,230.77,22239685.410110813
runs/CZ04/DMo&0&rDXGF&Ex&dxAC_equip/RB-dxAC_equip-spltAC-SEER-BA-rDXGF-NoLRM-15%UC-AOE/instance-out.sql,CZ04,DMo,weighted,rDXGF,Ex,dxAC_equip,,RB-dxAC_equip-spltAC-SEER-BA-rDXGF-NoLRM-15%UC-AOE,DMo&0&rDXGF&Ex&dxAC_equip,RB-dxAC_equip-spltAC-SEER-BA-rDXGF-NoLRM-15%UC-AOE,62.9,115.19,43546.77,79751.0,43546.770000000004,8817.9,5308.93,3129.96,0.0,12980.689999999999,0.0,2018.81,0.0,0.0,0.0,0.0,11290.48,0.0,0.0,0.0,5308.93,8817.9,0.0,5167.03,7813.66,0.0,0.0,230.77,28847447.590190902
runs/CZ03/DMo&0&rDXHP&Ex&dxHP_equip/RB-dxHP_equip-spltHP-SEER-BA-rDXHP-NoLRM-7.5%UC-AOE/instance-out.sql,CZ03,DMo,weighted,rDXHP,Ex,dxHP_equip,,RB-dxHP_equip-spltHP-SEER-BA-rDXHP-NoLRM-7.5%UC-AOE,DMo&0&rDXHP&Ex&dxHP_equip,RB-dxHP_equip-spltHP-SEER-BA-rDXHP-NoLRM-7.5%UC-AOE,48.28,94.98,33423.95,65759.04,33423.95,2334.56,2393.43,3129.96,0.0,12980.689999999999,0.0,1150.47,0.0,0.0,0.0,0.0,11434.84,0.0,0.0,2334.56,2393.43,0.0,0.0,5167.03,7813.66,0.0,0.0,230.77,17872668.63397249
runs/CZ04/DMo&0&rDXGF&Ex&dxAC_equip/RB-dxAC_equip-spltAC-SEER-BA-rDXGF-NoLRM-30%UC-AOE/instance-out.sql,CZ04,DMo,weighted,rDXGF,Ex,dxAC_equip,,RB-dxAC_equip-spltAC-SEER-BA-rDXGF-NoLRM-30%UC-AOE,DMo&0&rDXGF&Ex&dxAC_equip,RB-dxAC_equip-spltAC-SEER-BA-rDXGF-NoLRM-30%UC-AOE,64.41,119.97,44589.64,83053.79,44589.64,8817.9,6351.8,3129.96,0.0,12980.689999999999,0.0,2018.81,0.0,0.0,0.0,0.0,11290.48,0.0,0.0,0.0,6351.8,8817.9,0.0,5167.03,7813.66,0.0,0.0,230.77,32692040.459425822
runs/CZ04/DMo&0&rDXGF&Ex&dxAC_equip/RB-dxAC_equip-spltAC-SEER-BA-rDXGF-LRM-LSC-AOE/instance-out.sql,CZ04,DMo,weighted,rDXGF,Ex,dxAC_equip,,RB-dxAC_equip-spltAC-SEER-BA-rDXGF-LRM-LSC-AOE,DMo&0&rDXGF&Ex&dxAC_equip,RB-dxAC_equip-spltAC-SEER-BA-rDXGF-LRM-LSC-AOE,60.86,108.74,42135.41,75281.24,42135.41,8817.9,3897.57,3129.96,0.0,12980.689999999999,0.0,2018.81,0.0,0.0,0.0,0.0,11290.48,0.0,0.0,0.0,3897.57,8817.9,0.0,5167.03,7813.66,0.0,0.0,230.77,23644431.900495254
runs/CZ04/DMo&0&rDXGF&Ex&dxAC_equip/RB-dxAC_equip-spltAC-SEER-BA-rDXGF-NoLRM-0%UC-AOE/instance-out.sql,CZ04,DMo,weighted,rDXGF,Ex,dxAC_equip,,RB-dxAC_equip-spltAC-SEER-BA-rDXGF-NoLRM-0%UC-AOE,DMo&0&rDXGF&Ex&dxAC_equip,RB-dxAC_equip-spltAC-SEER-BA-rDXGF-NoLRM-0%UC-AOE,61.39,110.42,42503.89,76448.22,42503.89,8817.9,4266.06,3129.96,0.0,12980.689999999999,0.0,2018.81,0.0,0.0,0.0,0.0,11290.48,0.0,0.0,0.0,4266.06,8817.9,0.0,5167.03,7813.66,0.0,0.0,230.77,25002854.71720495
runs/CZ04/DMo&0&rDXHP&Ex&dxHP_equip/RB-dxHP_equip-spltHP-SEER-BA-rDXHP-LRM-LSC-AOE/instance-out.sql,CZ04,DMo,weighted,rDXHP,Ex,dxHP_equip,,RB-dxHP_equip-spltHP-SEER-BA-rDXHP-LRM-LSC-AOE,DMo&0&rDXHP&Ex&dxHP_equip,RB-dxHP_equip-spltHP-SEER-BA-rDXHP-LRM-LSC-AOE,53.73,112.73,37198.38,78047.02,37198.380000000005,3511.02,3900.3,3129.96,0.0,12980.689999999999,0.0,2402.09,0.0,0.0,0.0,0.0,11274.32,0.0,0.0,3511.02,3900.3,0.0,0.0,5167.03,7813.66,0.0,0.0,230.77,23644425.310789242
runs/CZ04/DMo&0&rDXGF&Ex&dxAC_equip/RB-dxAC_equip-spltAC-SEER-BA-rDXGF-NoLRM-0%UC-NR/instance-out.sql,CZ04,DMo,weighted,rDXGF,Ex,dxAC_equip,,RB-dxAC_equip-spltAC-SEER-BA-rDXGF-NoLRM-0%UC-NR,DMo&0&rDXGF&Ex&dxAC_equip,RB-dxAC_equip-spltAC-SEER-BA-rDXGF-NoLRM-0%UC-NR,60.79,108.52,42086.82,75127.35,42086.82,8817.9,3848.98,3129.96,0.0,12980.689999999999,0.0,2018.81,0.0,0.0,0.0,0.0,11290.48,0.0,0.0,0.0,3848.98,8817.9,0.0,5167.03,7813.66,0.0,0.0,230.77,23465301.524096057
runs/CZ04/DMo&0&rDXHP&Ex&dxHP_equip/RB-dxHP_equip-spltHP-SEER-BA-rDXHP-NoLRM-0%UC-AOE/instance-out.sql,CZ04,DMo,weighted,rDXHP,Ex,dxHP_equip,,RB-dxHP_equip-spltHP-SEER-BA-rDXHP-NoLRM-0%UC-AOE,DMo&0&rDXHP&Ex&dxHP_equip,RB-dxHP_equip-spltHP-SEER-BA-rDXHP-NoLRM-0%UC-AOE,54.44,114.99,37690.76,79606.38,37690.759999999995,3634.66,4269.04,3129.96,0.0,12980.689999999999,0.0,2402.09,0.0,0.0,0.0,0.0,11274.32,0.0,0.0,3634.66,4269.04,0.0,0.0,5167.03,7813.66,0.0,0.0,230.77,25002847.73331313
runs/CZ04/DMo&0&rDXGF&Ex&dxAC_equip/RB-dxAC_equip-spltAC-SEER-BA-rDXGF-NoLRM-22.5%UC-AOE/instance-out.sql,CZ04,DMo,weighted,rDXGF,Ex,dxAC_equip,,RB-dxAC_equip-spltAC-SEER-BA-rDXGF-NoLRM-22.5%UC-AOE,DMo&0&rDXGF&Ex&dxAC_equip,RB-dxAC_equip-spltAC-SEER-BA-rDXGF-NoLRM-22.5%UC-AOE,63.65,117.58,44068.2,81402.4,44068.21,8817.9,5830.37,3129.96,0.0,12980.689999999999,0.0,2018.81,0.0,0.0,0.0,0.0,11290.48,0.0,0.0,0.0,5830.37,8817.9,0.0,5167.03,7813.66,0.0,0.0,230.77,30769744.031199656
runs/CZ04/DMo&0&rDXGF&Ex&dxAC_equip/RB-dxAC_equip-spltAC-SEER-BA-rDXGF-NoLRM-40%UC-AOE/instance-out.sql,CZ04,DMo,weighted,rDXGF,Ex,dxAC_equip,,RB-dxAC_equip-spltAC-SEER-BA-rDXGF-NoLRM-40%UC-AOE,DMo&0&rDXGF&Ex&dxAC_equip,RB-dxAC_equip-spltAC-SEER-BA-rDXGF-NoLRM-40%UC-AOE,65.41,123.15,45284.89,85255.64,45284.89,8817.9,7047.05,3129.96,0.0,12980.689999999999,0.0,2018.81,0.0,0.0,0.0,0.0,11290.48,0.0,0.0,0.0,7047.05,8817.9,0.0,5167.03,7813.66,0.0,0.0,230.77,35255102.378292695
runs/CZ04/DMo&0&rDXHP&Ex&dxHP_equip/RB-dxHP_equip-spltHP-SEER-BA-rDXHP-NoLRM-15%UC-AOE/instance-out.sql,CZ04,DMo,weighted,rDXHP,Ex,dxHP_equip,,RB-dxHP_equip-spltHP-SEER-BA-rDXHP-NoLRM-15%UC-AOE,DMo&0&rDXHP&Ex&dxHP_equip,RB-dxHP_equip-spltHP-SEER-BA-rDXHP-NoLRM-15%UC-AOE,56.45,121.36,39084.28,84019.67,39084.29,3984.58,5312.64,3129.96,0.0,12980.689999999999,0.0,2402.09,0.0,0.0,0.0,0.0,11274.32,0.0,0.0,3984.58,5312.64,0.0,0.0,5167.03,7813.66,0.0,0.0,230.77,28847439.49067887
runs/CZ04/DMo&0&rDXGF&Ex&dxAC_equip/RB-dxAC_equip-spltAC-SEER-BA-rDXGF-NoLRM-7.5%UC-AOE/instance-out.sql,CZ04,DMo,weighted,rDXGF,Ex,dxAC_equip,,RB-dxAC_equip-spltAC-SEER-BA-rDXGF-NoLRM-7.5%UC-AOE,DMo&0&rDXGF&Ex&dxAC_equip,RB-dxAC_equip-spltAC-SEER-BA-rDXGF-NoLRM-7.5%UC-AOE,62.15,112.81,43025.33,78099.61,43025.33,8817.9,4787.49,3129.96,0.0,12980.689999999999,0.0,2018.81,0.0,0.0,0.0,0.0,11290.48,0.0,0.0,0.0,4787.49,8817.9,0.0,5167.03,7813.66,0.0,0.0,230.77,26925151.150537148
runs/CZ04/DMo&0&rDXHP&Ex&dxHP_equip/RB-dxHP_equip-spltHP-SEER-BA-rDXHP-NoLRM-30%UC-AOE/instance-out.sql,CZ04,DMo,weighted,rDXHP,Ex,dxHP_equip,,RB-dxHP_equip-spltHP-SEER-BA-rDXHP-NoLRM-30%UC-AOE,DMo&0&rDXHP&Ex&dxHP_equip,RB-dxHP_equip-spltHP-SEER-BA-rDXHP-NoLRM-30%UC-AOE,58.47,127.74,40477.81,88432.97,40477.81,4334.5,6356.25,3129.96,0.0,12980.689999999999,0.0,2402.09,0.0,0.0,0.0,0.0,11274.32,0.0,0.0,4334.5,6356.25,0.0,0.0,5167.03,7813.66,0.0,0.0,230.77,32692031.244293563
runs/CZ04/DMo&0&rDXHP&Ex&dxHP_equip/RB-dxHP_equip-spltHP-SEER-BA-rDXHP-NoLRM-22.5%UC-AOE/instance-out.sql,CZ04,DMo,weighted,rDXHP,Ex,dxHP_equip,,RB-dxHP_equip-spltHP-SEER-BA-rDXHP-NoLRM-22.5%UC-AOE,DMo&0&rDXHP&Ex&dxHP_equip,RB-dxHP_equip-spltHP-SEER-BA-rDXHP-NoLRM-22.5%UC-AOE,57.46,124.55,39781.05,86226.32,39781.05,4159.54,5834.44,3129.96,0.0,12980.689999999999,0.0,2402.09,0.0,0.0,0.0,0.0,11274.32,0.0,0.0,4159.54,5834.44,0.0,0.0,5167.03,7813.66,0.0,0.0,230.77,30769735.37387751
runs/CZ04/DMo&0&rDXHP&Ex&dxHP_equip/RB-dxHP_equip-spltHP-SEER-BA-rDXHP-LRM-LSC-NC/instance-out.sql,CZ04,DMo,weighted,rDXHP,Ex,dxHP_equip,,RB-dxHP_equip-spltHP-SEER-BA-rDXHP-LRM-LSC-NC,DMo&0&rDXHP&Ex&dxHP_equip,RB-dxHP_equip-spltHP-SEER-BA-rDXHP-LRM-LSC-NC,52.25,108.04,36172.08,74796.74,36172.09,2866.04,3518.99,3129.96,0.0,12980.689999999999,0.0,2402.09,0.0,0.0,0.0,0.0,11274.32,0.0,0.0,2866.04,3518.99,0.0,0.0,5167.03,7813.66,0.0,0.0,230.77,22239679.22803277
runs/CZ04/DMo&0&rDXHP&Ex&dxHP_equip/RB-dxHP_equip-spltHP-SEER-BA-rDXHP-LRM-LSC-NR/instance-out.sql,CZ04,DMo,weighted,rDXHP,Ex,dxHP_equip,,RB-dxHP_equip-spltHP-SEER-BA-rDXHP-LRM-LSC-NR,DMo&0&rDXHP&Ex&dxHP_equip,RB-dxHP_equip-spltHP-SEER-BA-rDXHP-LRM-LSC-NR,52.25,108.04,36172.08,74796.74,36172.09,2866.04,3518.99,3129.96,0.0,12980.689999999999,0.0,2402.09,0.0,0.0,0.0,0.0,11274.32,0.0,0.0,2866.04,3518.99,0.0,0.0,5167.03,7813.66,0.0,0.0,230.77,22239679.22803277
runs/CZ04/DMo&0&rDXHP&Ex&dxHP_equip/RB-dxHP_equip-spltHP-SEER-BA-rDXHP-NoLRM-0%UC-NC/instance-out.sql,CZ04,DMo,weighted,rDXHP,Ex,dxHP_equip,,RB-dxHP_equip-spltHP-SEER-BA-rDXHP-NoLRM-0%UC-NC,DMo&0&rDXHP&Ex&dxHP_equip,RB-dxHP_equip-spltHP-SEER-BA-rDXHP-NoLRM-0%UC-NC,52.87,110.01,36603.02,76161.5,36603.020000000004,2964.28,3851.68,3129.96,0.0,12980.689999999999,0.0,2402.09,0.0,0.0,0.0,0.0,11274.32,0.0,0.0,2964.28,3851.68,0.0,0.0,5167.03,7813.66,0.0,0.0,230.77,23465294.986369926
runs/CZ04/DMo&0&rDXHP&Ex&dxHP_equip/RB-dxHP_equip-spltHP-SEER-BA-rDXHP-NoLRM-0%UC-NR/instance-out.sql,CZ04,DMo,weighted,rDXHP,Ex,dxHP_equip,,RB-dxHP_equip-spltHP-SEER-BA-rDXHP-NoLRM-0%UC-NR,DMo&0&rDXHP&Ex&dxHP_equip,RB-dxHP_equip-spltHP-SEER-BA-rDXHP-NoLRM-0%UC-NR,52.87,110.01,36603.02,76161.5,36603.020000000004,2964.28,3851.68,3129.96,0.0,12980.689999999999,0.0,2402.09,0.0,0.0,0.0,0.0,11274.32,0.0,0.0,2964.28,3851.68,0.0,0.0,5167.03,7813.66,0.0,0.0,230.77,23465294.986369926
runs/CZ04/DMo&0&rDXHP&Ex&dxHP_equip/RB-dxHP_equip-spltHP-SEER-BA-rDXHP-NoLRM-40%UC-AOE/instance-out.sql,CZ04,DMo,weighted,rDXHP,Ex,dxHP_equip,,RB-dxHP_equip-spltHP-SEER-BA-rDXHP-NoLRM-40%UC-AOE,DMo&0&rDXHP&Ex&dxHP_equip,RB-dxHP_equip-spltHP-SEER-BA-rDXHP-NoLRM-40%UC-AOE,59.81,131.99,41406.83,91375.16,41406.83,4567.79,7051.98,3129.96,0.0,12980.689999999999,0.0,2402.09,0.0,0.0,0.0,0.0,11274.32,0.0,0.0,4567.79,7051.98,0.0,0.0,5167.03,7813.66,0.0,0.0,230.77,35255092.419413626
runs/CZ04/DMo&0&rDXHP&Ex&dxHP_equip/RB-dxHP_equip-spltHP-SEER-BA-rDXHP-NoLRM-7.5%UC-AOE/instance-out.sql,CZ04,DMo,weighted,rDXHP,Ex,dxHP_equip,,RB-dxHP_equip-spltHP-SEER-BA-rDXHP-NoLRM-7.5%UC-AOE,DMo&0&rDXHP&Ex&dxHP_equip,RB-dxHP_equip-spltHP-SEER-BA-rDXHP-NoLRM-7.5%UC-AOE,55.45,118.17,38387.52,81813.03,38387.53,3809.62,4790.84,3129.96,0.0,12980.689999999999,0.0,2402.09,0.0,0.0,0.0,0.0,11274.32,0.0,0.0,3809.62,4790.84,0.0,0.0,5167.03,7813.66,0.0,0.0,230.77,26925143.608835217
runs/CZ05/DMo&0&rDXGF&Ex&dxAC_equip/RB-dxAC_equip-spltAC-SEER-BA-rDXGF-LRM-LSC-NR/instance-out.sql,CZ05,DMo,weighted,rDXGF,Ex,dxAC_equip,,RB-dxAC_equip-spltAC-SEER-BA-rDXGF-LRM-LSC-NR,DMo&0&rDXGF&Ex&dxAC_equip,RB-dxAC_equip-spltAC-SEER-BA-rDXGF-LRM-LSC-NR,52.06,88.99,36043.56,61611.18,36043.55,5960.48,1462.17,3129.96,0.0,12980.689999999999,0.0,1061.75,0.0,0.0,0.0,0.0,11448.51,0.0,0.0,0.0,1462.17,5960.48,0.0,5167.03,7813.66,0.0,0.0,230.77,13729778.129714314
runs/CZ05/DMo&0&rDXGF&Ex&dxAC_equip/RB-dxAC_equip-spltAC-SEER-BA-rDXGF-LRM-LSC-AOE/instance-out.sql,CZ05,DMo,weighted,rDXGF,Ex,dxAC_equip,,RB-dxAC_equip-spltAC-SEER-BA-rDXGF-LRM-LSC-AOE,DMo&0&rDXGF&Ex&dxAC_equip,RB-dxAC_equip-spltAC-SEER-BA-rDXGF-LRM-LSC-AOE,52.29,89.72,36202.0,62112.96,36201.99,5960.48,1620.61,3129.96,0.0,12980.689999999999,0.0,1061.75,0.0,0.0,0.0,0.0,11448.51,0.0,0.0,0.0,1620.61,5960.48,0.0,5167.03,7813.66,0.0,0.0,230.77,14411357.04328188
runs/CZ05/DMo&0&rDXGF&Ex&dxAC_equip/RB-dxAC_equip-spltAC-SEER-BA-rDXGF-NoLRM-15%UC-AOE/instance-out.sql,CZ05,DMo,weighted,rDXGF,Ex,dxAC_equip,,RB-dxAC_equip-spltAC-SEER-BA-rDXGF-NoLRM-15%UC-AOE,DMo&0&rDXGF&Ex&dxAC_equip,RB-dxAC_equip-spltAC-SEER-BA-rDXGF-NoLRM-15%UC-AOE,53.14,92.4,36788.84,63971.48,36788.83,5960.48,2207.45,3129.96,0.0,12980.689999999999,0.0,1061.75,0.0,0.0,0.0,0.0,11448.51,0.0,0.0,0.0,2207.45,5960.48,0.0,5167.03,7813.66,0.0,0.0,230.77,16935845.130870733
runs/CZ05/DMo&0&rDXGF&Ex&dxAC_equip/RB-dxAC_equip-spltAC-SEER-BA-rDXGF-NoLRM-30%UC-AOE/instance-out.sql,CZ05,DMo,weighted,rDXGF,Ex,dxAC_equip,,RB-dxAC_equip-spltAC-SEER-BA-rDXGF-NoLRM-30%UC-AOE,DMo&0&rDXGF&Ex&dxAC_equip,RB-dxAC_equip-spltAC-SEER-BA-rDXGF-NoLRM-30%UC-AOE,53.77,94.39,37222.47,65344.78,37222.46,5960.48,2641.08,3129.96,0.0,12980.689999999999,0.0,1061.75,0.0,0.0,0.0,0.0,11448.51,0.0,0.0,0.0,2641.08,5960.48,0.0,5167.03,7813.66,0.0,0.0,230.77,18801230.414877117
runs/CZ05/DMo&0&rDXGF&Ex&dxAC_equip/RB-dxAC_equip-spltAC-SEER-BA-rDXGF-NoLRM-0%UC-AOE/instance-out.sql,CZ05,DMo,weighted,rDXGF,Ex,dxAC_equip,,RB-dxAC_equip-spltAC-SEER-BA-rDXGF-NoLRM-0%UC-AOE,DMo&0&rDXGF&Ex&dxAC_equip,RB-dxAC_equip-spltAC-SEER-BA-rDXGF-NoLRM-0%UC-AOE,52.51,90.42,36355.21,62598.19,36355.21,5960.48,1773.82,3129.96,0.0,12980.689999999999,0.0,1061.75,0.0,0.0,0.0,0.0,11448.51,0.0,0.0,0.0,1773.82,5960.48,0.0,5167.03,7813.66,0.0,0.0,230.77,15070459.845044356
runs/CZ05/DMo&0&rDXGF&Ex&dxAC_equip/RB-dxAC_equip-spltAC-SEER-BA-rDXGF-NoLRM-0%UC-NR/instance-out.sql,CZ05,DMo,weighted,rDXGF,Ex,dxAC_equip,,RB-dxAC_equip-spltAC-SEER-BA-rDXGF-NoLRM-0%UC-NR,DMo&0&rDXGF&Ex&dxAC_equip,RB-dxAC_equip-spltAC-SEER-BA-rDXGF-NoLRM-0%UC-NR,52.26,89.63,36181.79,62048.97,36181.79,5960.48,1600.41,3129.96,0.0,12980.689999999999,0.0,1061.75,0.0,0.0,0.0,0.0,11448.51,0.0,0.0,0.0,1600.41,5960.48,0.0,5167.03,7813.66,0.0,0.0,230.77,14324443.505381031
runs/CZ05/DMo&0&rDXHP&Ex&dxHP_equip/RB-dxHP_equip-spltHP-SEER-BA-rDXHP-LRM-LSC-AOE/instance-out.sql,CZ05,DMo,weighted,rDXHP,Ex,dxHP_equip,,RB-dxHP_equip-spltHP-SEER-BA-rDXHP-LRM-LSC-AOE,DMo&0&rDXHP&Ex&dxHP_equip,RB-dxHP_equip-spltHP-SEER-BA-rDXHP-LRM-LSC-AOE,47.29,91.83,32737.98,63578.12,32737.98,2292.54,1622.17,3129.96,0.0,12980.689999999999,0.0,1273.73,0.0,0.0,0.0,0.0,11438.89,0.0,0.0,2292.54,1622.17,0.0,0.0,5167.03,7813.66,0.0,0.0,230.77,14411358.434206124
runs/CZ05/DMo&0&rDXHP&Ex&dxHP_equip/RB-dxHP_equip-spltHP-SEER-BA-rDXHP-LRM-LSC-NR/instance-out.sql,CZ05,DMo,weighted,rDXHP,Ex,dxHP_equip,,RB-dxHP_equip-spltHP-SEER-BA-rDXHP-LRM-LSC-NR,DMo&0&rDXHP&Ex&dxHP_equip,RB-dxHP_equip-spltHP-SEER-BA-rDXHP-LRM-LSC-NR,46.43,89.12,32145.01,61700.19,32145.01,1858.16,1463.58,3129.96,0.0,12980.689999999999,0.0,1273.73,0.0,0.0,0.0,0.0,11438.89,0.0,0.0,1858.16,1463.58,0.0,0.0,5167.03,7813.66,0.0,0.0,230.77,13729779.38332079
runs/CZ05/DMo&0&rDXGF&Ex&dxAC_equip/RB-dxAC_equip-spltAC-SEER-BA-rDXGF-NoLRM-22.5%UC-AOE/instance-out.sql,CZ05,DMo,weighted,rDXGF,Ex,dxAC_equip,,RB-dxAC_equip-spltAC-SEER-BA-rDXGF-NoLRM-22.5%UC-AOE,DMo&0&rDXGF&Ex&dxAC_equip,RB-dxAC_equip-spltAC-SEER-BA-rDXGF-NoLRM-22.5%UC-AOE,53.45,93.39,37005.65,64658.13,37005.65,5960.48,2424.26,3129.96,0.0,12980.689999999999,0.0,1061.75,0.0,0.0,0.0,0.0,11448.51,0.0,0.0,0.0,2424.26,5960.48,0.0,5167.03,7813.66,0.0,0.0,230.77,17868537.775974963
runs/CZ05/DMo&0&rDXGF&Ex&dxAC_equip/RB-dxAC_equip-spltAC-SEER-BA-rDXGF-NoLRM-7.5%UC-AOE/instance-out.sql,CZ05,DMo,weighted,rDXGF,Ex,dxAC_equip,,RB-dxAC_equip-spltAC-SEER-BA-rDXGF-NoLRM-7.5%UC-AOE,DMo&0&rDXGF&Ex&dxAC_equip,RB-dxAC_equip-spltAC-SEER-BA-rDXGF-NoLRM-7.5%UC-AOE,52.83,91.41,36572.03,63284.84,36572.02,5960.48,1990.64,3129.96,0.0,12980.689999999999,0.0,1061.75,0.0,0.0,0.0,0.0,11448.51,0.0,0.0,0.0,1990.64,5960.48,0.0,5167.03,7813.66,0.0,0.0,230.77,16003152.486423943
runs/CZ05/DMo&0&rDXGF&Ex&dxAC_equip/RB-dxAC_equip-spltAC-SEER-BA-rDXGF-NoLRM-40%UC-AOE/instance-out.sql,CZ05,DMo,weighted,rDXGF,Ex,dxAC_equip,,RB-dxAC_equip-spltAC-SEER-BA-rDXGF-NoLRM-40%UC-AOE,DMo&0&rDXGF&Ex&dxAC_equip,RB-dxAC_equip-spltAC-SEER-BA-rDXGF-NoLRM-40%UC-AOE,54.18,95.71,37511.55,66260.31,37511.55,5960.48,2930.16,3129.96,0.0,12980.689999999999,0.0,1061.75,0.0,0.0,0.0,0.0,11448.51,0.0,0.0,0.0,2930.16,5960.48,0.0,5167.03,7813.66,0.0,0.0,230.77,20044820.60714704
runs/CZ05/DMo&0&rDXHP&Ex&dxHP_equip/RB-dxHP_equip-spltHP-SEER-BA-rDXHP-LRM-LSC-NC/instance-out.sql,CZ05,DMo,weighted,rDXHP,Ex,dxHP_equip,,RB-dxHP_equip-spltHP-SEER-BA-rDXHP-LRM-LSC-NC,DMo&0&rDXHP&Ex&dxHP_equip,RB-dxHP_equip-spltHP-SEER-BA-rDXHP-LRM-LSC-NC,46.43,89.12,32145.01,61700.19,32145.01,1858.16,1463.58,3129.96,0.0,12980.689999999999,0.0,1273.73,0.0,0.0,0.0,0.0,11438.89,0.0,0.0,1858.16,1463.58,0.0,0.0,5167.03,7813.66,0.0,0.0,230.77,13729779.38332079
runs/CZ05/DMo&0&rDXHP&Ex&dxHP_equip/RB-dxHP_equip-spltHP-SEER-BA-rDXHP-NoLRM-22.5%UC-AOE/instance-out.sql,CZ05,DMo,weighted,rDXHP,Ex,dxHP_equip,,RB-dxHP_equip-spltHP-SEER-BA-rDXHP-NoLRM-22.5%UC-AOE,DMo&0&rDXHP&Ex&dxHP_equip,RB-dxHP_equip-spltHP-SEER-BA-rDXHP-NoLRM-22.5%UC-AOE,49.08,97.51,33979.17,67508.98,33979.17,2729.3,2426.6,3129.96,0.0,12980.689999999999,0.0,1273.73,0.0,0.0,0.0,0.0,11438.89,0.0,0.0,2729.3,2426.6,0.0,0.0,5167.03,7813.66,0.0,0.0,230.77,17868539.863417737
runs/CZ05/DMo&0&rDXHP&Ex&dxHP_equip/RB-dxHP_equip-spltHP-SEER-BA-rDXHP-NoLRM-30%UC-AOE/instance-out.sql,CZ05,DMo,weighted,rDXHP,Ex,dxHP_equip,,RB-dxHP_equip-spltHP-SEER-BA-rDXHP-NoLRM-30%UC-AOE,DMo&0&rDXHP&Ex&dxHP_equip,RB-dxHP_equip-spltHP-SEER-BA-rDXHP-NoLRM-30%UC-AOE,49.56,99.04,34314.02,68569.46,34314.03,2847.13,2643.63,3129.96,0.0,12980.689999999999,0.0,1273.73,0.0,0.0,0.0,0.0,11438.89,0.0,0.0,2847.13,2643.63,0.0,0.0,5167.03,7813.66,0.0,0.0,230.77,18801232.69022957
runs/CZ05/DMo&0&rDXHP&Ex&dxHP_equip/RB-dxHP_equip-spltHP-SEER-BA-rDXHP-NoLRM-0%UC-AOE/instance-out.sql,CZ05,DMo,weighted,rDXHP,Ex,dxHP_equip,,RB-dxHP_equip-spltHP-SEER-BA-rDXHP-NoLRM-0%UC-AOE,DMo&0&rDXHP&Ex&dxHP_equip,RB-dxHP_equip-spltHP-SEER-BA-rDXHP-NoLRM-0%UC-AOE,47.63,92.92,32974.61,64327.53,32974.61,2375.8,1775.54,3129.96,0.0,12980.689999999999,0.0,1273.73,0.0,0.0,0.0,0.0,11438.89,0.0,0.0,2375.8,1775.54,0.0,0.0,5167.03,7813.66,0.0,0.0,230.77,15070461.368758105
runs/CZ05/DMo&0&rDXHP&Ex&dxHP_equip/RB-dxHP_equip-spltHP-SEER-BA-rDXHP-NoLRM-15%UC-AOE/instance-out.sql,CZ05,DMo,weighted,rDXHP,Ex,dxHP_equip,,RB-dxHP_equip-spltHP-SEER-BA-rDXHP-NoLRM-15%UC-AOE,DMo&0&rDXHP&Ex&dxHP_equip,RB-dxHP_equip-spltHP-SEER-BA-rDXHP-NoLRM-15%UC-AOE,48.6,95.98,33644.32,66448.49,33644.32,2611.47,2209.58,3129.96,0.0,12980.689999999999,0.0,1273.73,0.0,0.0,0.0,0.0,11438.89,0.0,0.0,2611.47,2209.58,0.0,0.0,5167.03,7813.66,0.0,0.0,230.77,16935847.03040383
runs/CZ05/DMo&0&rDXHP&Ex&dxHP_equip/RB-dxHP_equip-spltHP-SEER-BA-rDXHP-NoLRM-0%UC-NC/instance-out.sql,CZ05,DMo,weighted,rDXHP,Ex,dxHP_equip,,RB-dxHP_equip-spltHP-SEER-BA-rDXHP-NoLRM-0%UC-NC,DMo&0&rDXHP&Ex&dxHP_equip,RB-dxHP_equip-spltHP-SEER-BA-rDXHP-NoLRM-0%UC-NC,46.73,90.06,32349.54,62347.94,32349.539999999997,1924.32,1601.95,3129.96,0.0,12980.689999999999,0.0,1273.73,0.0,0.0,0.0,0.0,11438.89,0.0,0.0,1924.32,1601.95,0.0,0.0,5167.03,7813.66,0.0,0.0,230.77,14324444.878794793
runs/CZ05/DMo&0&rDXHP&Ex&dxHP_equip/RB-dxHP_equip-spltHP-SEER-BA-rDXHP-NoLRM-0%UC-NR/instance-out.sql,CZ05,DMo,weighted,rDXHP,Ex,dxHP_equip,,RB-dxHP_equip-spltHP-SEER-BA-rDXHP-NoLRM-0%UC-NR,DMo&0&rDXHP&Ex&dxHP_equip,RB-dxHP_equip-spltHP-SEER-BA-rDXHP-NoLRM-0%UC-NR,46.73,90.06,32349.54,62347.94,32349.539999999997,1924.32,1601.95,3129.96,0.0,12980.689999999999,0.0,1273.73,0.0,0.0,0.0,0.0,11438.89,0.0,0.0,1924.32,1601.95,0.0,0.0,5167.03,7813.66,0.0,0.0,230.77,14324444.878794793
runs/CZ05/DMo&0&rDXHP&Ex&dxHP_equip/RB-dxHP_equip-spltHP-SEER-BA-rDXHP-NoLRM-7.5%UC-AOE/instance-out.sql,CZ05,DMo,weighted,rDXHP,Ex,dxHP_equip,,RB-dxHP_equip-spltHP-SEER-BA-rDXHP-NoLRM-7.5%UC-AOE,DMo&0&rDXHP&Ex&dxHP_equip,RB-dxHP_equip-spltHP-SEER-BA-rDXHP-NoLRM-7.5%UC-AOE,48.11,94.45,33309.46,65388.01,33309.46,2493.63,1992.56,3129.96,0.0,12980.689999999999,0.0,1273.73,0.0,0.0,0.0,0.0,11438.89,0.0,0.0,2493.63,1992.56,0.0,0.0,5167.03,7813.66,0.0,0.0,230.77,16003154.198047366
runs/CZ05/DMo&0&rDXHP&Ex&dxHP_equip/RB-dxHP_equip-spltHP-SEER-BA-rDXHP-NoLRM-40%UC-AOE/instance-out.sql,CZ05,DMo,weighted,rDXHP,Ex,dxHP_equip,,RB-dxHP_equip-spltHP-SEER-BA-rDXHP-NoLRM-40%UC-AOE,DMo&0&rDXHP&Ex&dxHP_equip,RB-dxHP_equip-spltHP-SEER-BA-rDXHP-NoLRM-40%UC-AOE,50.21,101.09,34760.5,69983.43,34760.5,3004.24,2932.99,3129.96,0.0,12980.689999999999,0.0,1273.73,0.0,0.0,0.0,0.0,11438.89,0.0,0.0,3004.24,2932.99,0.0,0.0,5167.03,7813.66,0.0,0.0,230.77,20044823.133045726
runs/CZ06/DMo&0&rDXGF&Ex&dxAC_equip/RB-dxAC_equip-spltAC-SEER-BA-rDXGF-LRM-LSC-AOE/instance-out.sql,CZ06,DMo,weighted,rDXGF,Ex,dxAC_equip,,RB-dxAC_equip-spltAC-SEER-BA-rDXGF-LRM-LSC-AOE,DMo&0&rDXGF&Ex&dxAC_equip,RB-dxAC_equip-spltAC-SEER-BA-rDXGF-LRM-LSC-AOE,50.55,92.62,34999.53,64119.63,34999.53,3389.31,2787.73,3129.96,0.0,12980.689999999999,0.0,1483.76,0.0,0.0,0.0,0.0,11228.08,0.0,0.0,0.0,2787.73,3389.31,0.0,5167.03,7813.66,0.0,0.0,230.77,15593200.89478034
runs/CZ06/DMo&0&rDXGF&Ex&dxAC_equip/RB-dxAC_equip-spltAC-SEER-BA-rDXGF-LRM-LSC-NR/instance-out.sql,CZ06,DMo,weighted,rDXGF,Ex,dxAC_equip,,RB-dxAC_equip-spltAC-SEER-BA-rDXGF-LRM-LSC-NR,DMo&0&rDXGF&Ex&dxAC_equip,RB-dxAC_equip-spltAC-SEER-BA-rDXGF-LRM-LSC-NR,50.16,91.37,34726.98,63256.48,34726.979999999996,3389.31,2515.19,3129.96,0.0,12980.689999999999,0.0,1483.76,0.0,0.0,0.0,0.0,11228.08,0.0,0.0,0.0,2515.19,3389.31,0.0,5167.03,7813.66,0.0,0.0,230.77,14839385.995840047
runs/CZ06/DMo&0&rDXGF&Ex&dxAC_equip/RB-dxAC_equip-spltAC-SEER-BA-rDXGF-NoLRM-7.5%UC-AOE/instance-out.sql,CZ06,DMo,weighted,rDXGF,Ex,dxAC_equip,,RB-dxAC_equip-spltAC-SEER-BA-rDXGF-NoLRM-7.5%UC-AOE,DMo&0&rDXGF&Ex&dxAC_equip,RB-dxAC_equip-spltAC-SEER-BA-rDXGF-NoLRM-7.5%UC-AOE,51.47,95.53,35636.04,66135.47,35636.03999999999,3389.31,3424.25,3129.96,0.0,12980.689999999999,0.0,1483.76,0.0,0.0,0.0,0.0,11228.08,0.0,0.0,0.0,3424.25,3389.31,0.0,5167.03,7813.66,0.0,0.0,230.77,17353700.07869004
runs/CZ06/DMo&0&rDXGF&Ex&dxAC_equip/RB-dxAC_equip-spltAC-SEER-BA-rDXGF-NoLRM-30%UC-AOE/instance-out.sql,CZ06,DMo,weighted,rDXGF,Ex,dxAC_equip,,RB-dxAC_equip-spltAC-SEER-BA-rDXGF-NoLRM-30%UC-AOE,DMo&0&rDXGF&Ex&dxAC_equip,RB-dxAC_equip-spltAC-SEER-BA-rDXGF-NoLRM-30%UC-AOE,53.09,100.65,36754.91,69678.93,36754.91,3389.31,4543.12,3129.96,0.0,12980.689999999999,0.0,1483.76,0.0,0.0,0.0,0.0,11228.08,0.0,0.0,0.0,4543.12,3389.31,0.0,5167.03,7813.66,0.0,0.0,230.77,20448327.551573135
runs/CZ06/DMo&0&rDXGF&Ex&dxAC_equip/RB-dxAC_equip-spltAC-SEER-BA-rDXGF-NoLRM-40%UC-AOE/instance-out.sql,CZ06,DMo,weighted,rDXGF,Ex,dxAC_equip,,RB-dxAC_equip-spltAC-SEER-BA-rDXGF-NoLRM-40%UC-AOE,DMo&0&rDXGF&Ex&dxAC_equip,RB-dxAC_equip-spltAC-SEER-BA-rDXGF-NoLRM-40%UC-AOE,53.81,102.92,37252.19,71253.8,37252.19,3389.31,5040.4,3129.96,0.0,12980.689999999999,0.0,1483.76,0.0,0.0,0.0,0.0,11228.08,0.0,0.0,0.0,5040.4,3389.31,0.0,5167.03,7813.66,0.0,0.0,230.77,21823717.541563146
runs/CZ06/DMo&0&rDXGF&Ex&dxAC_equip/RB-dxAC_equip-spltAC-SEER-BA-rDXGF-NoLRM-15%UC-AOE/instance-out.sql,CZ06,DMo,weighted,rDXGF,Ex,dxAC_equip,,RB-dxAC_equip-spltAC-SEER-BA-rDXGF-NoLRM-15%UC-AOE,DMo&0&rDXGF&Ex&dxAC_equip,RB-dxAC_equip-spltAC-SEER-BA-rDXGF-NoLRM-15%UC-AOE,52.01,97.23,36009.0,67316.62,36009.0,3389.31,3797.2,3129.96,0.0,12980.689999999999,0.0,1483.76,0.0,0.0,0.0,0.0,11228.08,0.0,0.0,0.0,3797.2,3389.31,0.0,5167.03,7813.66,0.0,0.0,230.77,18385242.57145279
runs/CZ06/DMo&0&rDXGF&Ex&dxAC_equip/RB-dxAC_equip-spltAC-SEER-BA-rDXGF-NoLRM-0%UC-AOE/instance-out.sql,CZ06,DMo,weighted,rDXGF,Ex,dxAC_equip,,RB-dxAC_equip-spltAC-SEER-BA-rDXGF-NoLRM-0%UC-AOE,DMo&0&rDXGF&Ex&dxAC_equip,RB-dxAC_equip-spltAC-SEER-BA-rDXGF-NoLRM-0%UC-AOE,50.94,93.82,35263.08,64954.31,35263.09,3389.31,3051.29,3129.96,0.0,12980.689999999999,0.0,1483.76,0.0,0.0,0.0,0.0,11228.08,0.0,0.0,0.0,3051.29,3389.31,0.0,5167.03,7813.66,0.0,0.0,230.77,16322157.589319564
runs/CZ06/DMo&0&rDXGF&Ex&dxAC_equip/RB-dxAC_equip-spltAC-SEER-BA-rDXGF-NoLRM-0%UC-NR/instance-out.sql,CZ06,DMo,weighted,rDXGF,Ex,dxAC_equip,,RB-dxAC_equip-spltAC-SEER-BA-rDXGF-NoLRM-0%UC-NR,DMo&0&rDXGF&Ex&dxAC_equip,RB-dxAC_equip-spltAC-SEER-BA-rDXGF-NoLRM-0%UC-NR,50.5,92.46,34964.77,64009.56,34964.770000000004,3389.31,2752.98,3129.96,0.0,12980.689999999999,0.0,1483.76,0.0,0.0,0.0,0.0,11228.08,0.0,0.0,0.0,2752.98,3389.31,0.0,5167.03,7813.66,0.0,0.0,230.77,15497075.972947976
runs/CZ06/DMo&0&rDXGF&Ex&dxAC_equip/RB-dxAC_equip-spltAC-SEER-BA-rDXGF-NoLRM-22.5%UC-AOE/instance-out.sql,CZ06,DMo,weighted,rDXGF,Ex,dxAC_equip,,RB-dxAC_equip-spltAC-SEER-BA-rDXGF-NoLRM-22.5%UC-AOE,DMo&0&rDXGF&Ex&dxAC_equip,RB-dxAC_equip-spltAC-SEER-BA-rDXGF-NoLRM-22.5%UC-AOE,52.55,98.94,36381.95,68497.78,36381.96,3389.31,4170.16,3129.96,0.0,12980.689999999999,0.0,1483.76,0.0,0.0,0.0,0.0,11228.08,0.0,0.0,0.0,4170.16,3389.31,0.0,5167.03,7813.66,0.0,0.0,230.77,19416785.064942658
runs/CZ06/DMo&0&rDXHP&Ex&dxHP_equip/RB-dxHP_equip-spltHP-SEER-BA-rDXHP-LRM-LSC-NC/instance-out.sql,CZ06,DMo,weighted,rDXHP,Ex,dxHP_equip,,RB-dxHP_equip-spltHP-SEER-BA-rDXHP-LRM-LSC-NC,DMo&0&rDXHP&Ex&dxHP_equip,RB-dxHP_equip-spltHP-SEER-BA-rDXHP-LRM-LSC-NC,46.87,91.16,32449.22,63111.48,32449.22,998.17,2516.86,3129.96,0.0,12980.689999999999,0.0,1599.66,0.0,0.0,0.0,0.0,11223.88,0.0,0.0,998.17,2516.86,0.0,0.0,5167.03,7813.66,0.0,0.0,230.77,14839381.418042738
runs/CZ06/DMo&0&rDXHP&Ex&dxHP_equip/RB-dxHP_equip-spltHP-SEER-BA-rDXHP-LRM-LSC-AOE/instance-out.sql,CZ06,DMo,weighted,rDXHP,Ex,dxHP_equip,,RB-dxHP_equip-spltHP-SEER-BA-rDXHP-LRM-LSC-AOE,DMo&0&rDXHP&Ex&dxHP_equip,RB-dxHP_equip-spltHP-SEER-BA-rDXHP-LRM-LSC-AOE,47.63,93.56,32974.89,64776.3,32974.9,1251.12,2789.58,3129.96,0.0,12980.689999999999,0.0,1599.66,0.0,0.0,0.0,0.0,11223.88,0.0,0.0,1251.12,2789.58,0.0,0.0,5167.03,7813.66,0.0,0.0,230.77,15593196.021109631
runs/CZ06/DMo&0&rDXHP&Ex&dxHP_equip/RB-dxHP_equip-spltHP-SEER-BA-rDXHP-LRM-LSC-NR/instance-out.sql,CZ06,DMo,weighted,rDXHP,Ex,dxHP_equip,,RB-dxHP_equip-spltHP-SEER-BA-rDXHP-LRM-LSC-NR,DMo&0&rDXHP&Ex&dxHP_equip,RB-dxHP_equip-spltHP-SEER-BA-rDXHP-LRM-LSC-NR,46.87,91.16,32449.22,63111.48,32449.22,998.17,2516.86,3129.96,0.0,12980.689999999999,0.0,1599.66,0.0,0.0,0.0,0.0,11223.88,0.0,0.0,998.17,2516.86,0.0,0.0,5167.03,7813.66,0.0,0.0,230.77,14839381.418042738
runs/CZ06/DMo&0&rDXHP&Ex&dxHP_equip/RB-dxHP_equip-spltHP-SEER-BA-rDXHP-NoLRM-22.5%UC-AOE/instance-out.sql,CZ06,DMo,weighted,rDXHP,Ex,dxHP_equip,,RB-dxHP_equip-spltHP-SEER-BA-rDXHP-NoLRM-22.5%UC-AOE,DMo&0&rDXHP&Ex&dxHP_equip,RB-dxHP_equip-spltHP-SEER-BA-rDXHP-NoLRM-22.5%UC-AOE,50.0,101.06,34612.58,69962.85,34612.58,1505.46,4172.92,3129.96,0.0,12980.689999999999,0.0,1599.66,0.0,0.0,0.0,0.0,11223.88,0.0,0.0,1505.46,4172.92,0.0,0.0,5167.03,7813.66,0.0,0.0,230.77,19416778.69050981
runs/CZ06/DMo&0&rDXHP&Ex&dxHP_equip/RB-dxHP_equip-spltHP-SEER-BA-rDXHP-NoLRM-30%UC-AOE/instance-out.sql,CZ06,DMo,weighted,rDXHP,Ex,dxHP_equip,,RB-dxHP_equip-spltHP-SEER-BA-rDXHP-NoLRM-30%UC-AOE,DMo&0&rDXHP&Ex&dxHP_equip,RB-dxHP_equip-spltHP-SEER-BA-rDXHP-NoLRM-30%UC-AOE,50.63,103.08,35054.4,71362.09,35054.4,1574.08,4546.13,3129.96,0.0,12980.689999999999,0.0,1599.66,0.0,0.0,0.0,0.0,11223.88,0.0,0.0,1574.08,4546.13,0.0,0.0,5167.03,7813.66,0.0,0.0,230.77,20448320.772258416
runs/CZ06/DMo&0&rDXHP&Ex&dxHP_equip/RB-dxHP_equip-spltHP-SEER-BA-rDXHP-NoLRM-0%UC-NR/instance-out.sql,CZ06,DMo,weighted,rDXHP,Ex,dxHP_equip,,RB-dxHP_equip-spltHP-SEER-BA-rDXHP-NoLRM-0%UC-NR,DMo&0&rDXHP&Ex&dxHP_equip,RB-dxHP_equip-spltHP-SEER-BA-rDXHP-NoLRM-0%UC-NR,47.27,92.43,32725.69,63987.07,32725.690000000002,1036.7,2754.8,3129.96,0.0,12980.689999999999,0.0,1599.66,0.0,0.0,0.0,0.0,11223.88,0.0,0.0,1036.7,2754.8,0.0,0.0,5167.03,7813.66,0.0,0.0,230.77,15497071.137006428
runs/CZ06/DMo&0&rDXHP&Ex&dxHP_equip/RB-dxHP_equip-spltHP-SEER-BA-rDXHP-NoLRM-15%UC-AOE/instance-out.sql,CZ06,DMo,weighted,rDXHP,Ex,dxHP_equip,,RB-dxHP_equip-spltHP-SEER-BA-rDXHP-NoLRM-15%UC-AOE,DMo&0&rDXHP&Ex&dxHP_equip,RB-dxHP_equip-spltHP-SEER-BA-rDXHP-NoLRM-15%UC-AOE,49.36,99.04,34170.76,68563.6,34170.76,1436.85,3799.72,3129.96,0.0,12980.689999999999,0.0,1599.66,0.0,0.0,0.0,0.0,11223.88,0.0,0.0,1436.85,3799.72,0.0,0.0,5167.03,7813.66,0.0,0.0,230.77,18385236.601901814
runs/CZ06/DMo&0&rDXHP&Ex&dxHP_equip/RB-dxHP_equip-spltHP-SEER-BA-rDXHP-NoLRM-0%UC-NC/instance-out.sql,CZ06,DMo,weighted,rDXHP,Ex,dxHP_equip,,RB-dxHP_equip-spltHP-SEER-BA-rDXHP-NoLRM-0%UC-NC,DMo&0&rDXHP&Ex&dxHP_equip,RB-dxHP_equip-spltHP-SEER-BA-rDXHP-NoLRM-0%UC-NC,47.27,92.43,32725.69,63987.07,32725.690000000002,1036.7,2754.8,3129.96,0.0,12980.689999999999,0.0,1599.66,0.0,0.0,0.0,0.0,11223.88,0.0,0.0,1036.7,2754.8,0.0,0.0,5167.03,7813.66,0.0,0.0,230.77,15497071.137006428
runs/CZ06/DMo&0&rDXHP&Ex&dxHP_equip/RB-dxHP_equip-spltHP-SEER-BA-rDXHP-NoLRM-0%UC-AOE/instance-out.sql,CZ06,DMo,weighted,rDXHP,Ex,dxHP_equip,,RB-dxHP_equip-spltHP-SEER-BA-rDXHP-NoLRM-0%UC-AOE,DMo&0&rDXHP&Ex&dxHP_equip,RB-dxHP_equip-spltHP-SEER-BA-rDXHP-NoLRM-0%UC-AOE,48.08,94.99,33287.11,65765.1,33287.12,1299.61,3053.31,3129.96,0.0,12980.689999999999,0.0,1599.66,0.0,0.0,0.0,0.0,11223.88,0.0,0.0,1299.61,3053.31,0.0,0.0,5167.03,7813.66,0.0,0.0,230.77,16322152.42953233
runs/CZ07/DMo&0&rDXGF&Ex&dxAC_equip/RB-dxAC_equip-spltAC-SEER-BA-rDXGF-LRM-LSC-NR/instance-out.sql,CZ07,DMo,weighted,rDXGF,Ex,dxAC_equip,,RB-dxAC_equip-spltAC-SEER-BA-rDXGF-LRM-LSC-NR,DMo&0&rDXGF&Ex&dxAC_equip,RB-dxAC_equip-spltAC-SEER-BA-rDXGF-LRM-LSC-NR,48.6,87.76,33643.39,60759.09,33643.39,2972.17,2122.6,3129.96,0.0,12980.689999999999,0.0,1241.32,0.0,0.0,0.0,0.0,11196.66,0.0,0.0,0.0,2122.6,2972.17,0.0,5167.03,7813.66,0.0,1.17,230.77,15875243.88919577
runs/CZ06/DMo&0&rDXHP&Ex&dxHP_equip/RB-dxHP_equip-spltHP-SEER-BA-rDXHP-NoLRM-40%UC-AOE/instance-out.sql,CZ06,DMo,weighted,rDXHP,Ex,dxHP_equip,,RB-dxHP_equip-spltHP-SEER-BA-rDXHP-NoLRM-40%UC-AOE,DMo&0&rDXHP&Ex&dxHP_equip,RB-dxHP_equip-spltHP-SEER-BA-rDXHP-NoLRM-40%UC-AOE,51.48,105.77,35643.5,73227.76,35643.5,1665.57,5043.73,3129.96,0.0,12980.689999999999,0.0,1599.66,0.0,0.0,0.0,0.0,11223.88,0.0,0.0,1665.57,5043.73,0.0,0.0,5167.03,7813.66,0.0,0.0,230.77,21823710.222405933
runs/CZ07/DMo&0&rDXGF&Ex&dxAC_equip/RB-dxAC_equip-spltAC-SEER-BA-rDXGF-LRM-LSC-AOE/instance-out.sql,CZ07,DMo,weighted,rDXGF,Ex,dxAC_equip,,RB-dxAC_equip-spltAC-SEER-BA-rDXGF-LRM-LSC-AOE,DMo&0&rDXGF&Ex&dxAC_equip,RB-dxAC_equip-spltAC-SEER-BA-rDXGF-LRM-LSC-AOE,48.93,88.81,33873.39,61487.51,33873.39,2972.17,2352.6,3129.96,0.0,12980.689999999999,0.0,1241.32,0.0,0.0,0.0,0.0,11196.66,0.0,0.0,0.0,2352.6,2972.17,0.0,5167.03,7813.66,0.0,1.17,230.77,16706111.951511038
runs/CZ06/DMo&0&rDXHP&Ex&dxHP_equip/RB-dxHP_equip-spltHP-SEER-BA-rDXHP-NoLRM-7.5%UC-AOE/instance-out.sql,CZ06,DMo,weighted,rDXHP,Ex,dxHP_equip,,RB-dxHP_equip-spltHP-SEER-BA-rDXHP-NoLRM-7.5%UC-AOE,DMo&0&rDXHP&Ex&dxHP_equip,RB-dxHP_equip-spltHP-SEER-BA-rDXHP-NoLRM-7.5%UC-AOE,48.72,97.01,33728.94,67164.35,33728.94,1368.23,3426.51,3129.96,0.0,12980.689999999999,0.0,1599.66,0.0,0.0,0.0,0.0,11223.88,0.0,0.0,1368.23,3426.51,0.0,0.0,5167.03,7813.66,0.0,0.0,230.77,17353694.514020935
runs/CZ07/DMo&0&rDXGF&Ex&dxAC_equip/RB-dxAC_equip-spltAC-SEER-BA-rDXGF-NoLRM-30%UC-AOE/instance-out.sql,CZ07,DMo,weighted,rDXGF,Ex,dxAC_equip,,RB-dxAC_equip-spltAC-SEER-BA-rDXGF-NoLRM-30%UC-AOE,DMo&0&rDXGF&Ex&dxAC_equip,RB-dxAC_equip-spltAC-SEER-BA-rDXGF-NoLRM-30%UC-AOE,51.07,95.59,35354.78,66179.06,35354.78,2972.17,3833.99,3129.96,0.0,12980.689999999999,0.0,1241.32,0.0,0.0,0.0,0.0,11196.66,0.0,0.0,0.0,3833.99,2972.17,0.0,5167.03,7813.66,0.0,1.17,230.77,22057518.090200435
runs/CZ07/DMo&0&rDXGF&Ex&dxAC_equip/RB-dxAC_equip-spltAC-SEER-BA-rDXGF-NoLRM-0%UC-NR/instance-out.sql,CZ07,DMo,weighted,rDXGF,Ex,dxAC_equip,,RB-dxAC_equip-spltAC-SEER-BA-rDXGF-NoLRM-0%UC-NR,DMo&0&rDXGF&Ex&dxAC_equip,RB-dxAC_equip-spltAC-SEER-BA-rDXGF-NoLRM-0%UC-NR,48.89,88.68,33844.06,61394.62,33844.06,2972.17,2323.27,3129.96,0.0,12980.689999999999,0.0,1241.32,0.0,0.0,0.0,0.0,11196.66,0.0,0.0,0.0,2323.27,2972.17,0.0,5167.03,7813.66,0.0,1.17,230.77,16600161.3691395
runs/CZ07/DMo&0&rDXGF&Ex&dxAC_equip/RB-dxAC_equip-spltAC-SEER-BA-rDXGF-NoLRM-0%UC-AOE/instance-out.sql,CZ07,DMo,weighted,rDXGF,Ex,dxAC_equip,,RB-dxAC_equip-spltAC-SEER-BA-rDXGF-NoLRM-0%UC-AOE,DMo&0&rDXGF&Ex&dxAC_equip,RB-dxAC_equip-spltAC-SEER-BA-rDXGF-NoLRM-0%UC-AOE,49.25,89.83,34095.81,62191.9,34095.81,2972.17,2575.02,3129.96,0.0,12980.689999999999,0.0,1241.32,0.0,0.0,0.0,0.0,11196.66,0.0,0.0,0.0,2575.02,2972.17,0.0,5167.03,7813.66,0.0,1.17,230.77,17509580.86298385
runs/CZ07/DMo&0&rDXGF&Ex&dxAC_equip/RB-dxAC_equip-spltAC-SEER-BA-rDXGF-NoLRM-15%UC-AOE/instance-out.sql,CZ07,DMo,weighted,rDXGF,Ex,dxAC_equip,,RB-dxAC_equip-spltAC-SEER-BA-rDXGF-NoLRM-15%UC-AOE,DMo&0&rDXGF&Ex&dxAC_equip,RB-dxAC_equip-spltAC-SEER-BA-rDXGF-NoLRM-15%UC-AOE,50.16,92.71,34725.29,64185.48,34725.3,2972.17,3204.5,3129.96,0.0,12980.689999999999,0.0,1241.32,0.0,0.0,0.0,0.0,11196.66,0.0,0.0,0.0,3204.5,2972.17,0.0,5167.03,7813.66,0.0,1.17,230.77,19783549.477701455
runs/CZ07/DMo&0&rDXGF&Ex&dxAC_equip/RB-dxAC_equip-spltAC-SEER-BA-rDXGF-NoLRM-22.5%UC-AOE/instance-out.sql,CZ07,DMo,weighted,rDXGF,Ex,dxAC_equip,,RB-dxAC_equip-spltAC-SEER-BA-rDXGF-NoLRM-22.5%UC-AOE,DMo&0&rDXGF&Ex&dxAC_equip,RB-dxAC_equip-spltAC-SEER-BA-rDXGF-NoLRM-22.5%UC-AOE,50.61,94.15,35040.03,65182.27,35040.04,2972.17,3519.24,3129.96,0.0,12980.689999999999,0.0,1241.32,0.0,0.0,0.0,0.0,11196.66,0.0,0.0,0.0,3519.24,2972.17,0.0,5167.03,7813.66,0.0,1.17,230.77,20920533.787731215
runs/CZ07/DMo&0&rDXHP&Ex&dxHP_equip/RB-dxHP_equip-spltHP-SEER-BA-rDXHP-LRM-LSC-AOE/instance-out.sql,CZ07,DMo,weighted,rDXHP,Ex,dxHP_equip,,RB-dxHP_equip-spltHP-SEER-BA-rDXHP-LRM-LSC-AOE,DMo&0&rDXHP&Ex&dxHP_equip,RB-dxHP_equip-spltHP-SEER-BA-rDXHP-LRM-LSC-AOE,46.37,89.67,32103.52,62082.59,32103.52,1100.85,2354.92,3129.96,0.0,12980.689999999999,0.0,1344.88,0.0,0.0,0.0,0.0,11192.22,0.0,0.0,1100.85,2354.92,0.0,0.0,5167.03,7813.66,0.0,1.17,230.77,16706103.848896375
runs/CZ07/DMo&0&rDXGF&Ex&dxAC_equip/RB-dxAC_equip-spltAC-SEER-BA-rDXGF-NoLRM-7.5%UC-AOE/instance-out.sql,CZ07,DMo,weighted,rDXGF,Ex,dxAC_equip,,RB-dxAC_equip-spltAC-SEER-BA-rDXGF-NoLRM-7.5%UC-AOE,DMo&0&rDXGF&Ex&dxAC_equip,RB-dxAC_equip-spltAC-SEER-BA-rDXGF-NoLRM-7.5%UC-AOE,49.7,91.27,34410.55,63188.69,34410.55,2972.17,2889.76,3129.96,0.0,12980.689999999999,0.0,1241.32,0.0,0.0,0.0,0.0,11196.66,0.0,0.0,0.0,2889.76,2972.17,0.0,5167.03,7813.66,0.0,1.17,230.77,18646565.16847314
runs/CZ07/DMo&0&rDXGF&Ex&dxAC_equip/RB-dxAC_equip-spltAC-SEER-BA-rDXGF-NoLRM-40%UC-AOE/instance-out.sql,CZ07,DMo,weighted,rDXGF,Ex,dxAC_equip,,RB-dxAC_equip-spltAC-SEER-BA-rDXGF-NoLRM-40%UC-AOE,DMo&0&rDXGF&Ex&dxAC_equip,RB-dxAC_equip-spltAC-SEER-BA-rDXGF-NoLRM-40%UC-AOE,51.67,97.51,35774.43,67508.11,35774.44,2972.17,4253.64,3129.96,0.0,12980.689999999999,0.0,1241.32,0.0,0.0,0.0,0.0,11196.66,0.0,0.0,0.0,4253.64,2972.17,0.0,5167.03,7813.66,0.0,1.17,230.77,23573497.168774366
runs/CZ07/DMo&0&rDXHP&Ex&dxHP_equip/RB-dxHP_equip-spltHP-SEER-BA-rDXHP-NoLRM-15%UC-AOE/instance-out.sql,CZ07,DMo,weighted,rDXHP,Ex,dxHP_equip,,RB-dxHP_equip-spltHP-SEER-BA-rDXHP-NoLRM-15%UC-AOE,DMo&0&rDXHP&Ex&dxHP_equip,RB-dxHP_equip-spltHP-SEER-BA-rDXHP-NoLRM-15%UC-AOE,47.84,94.32,33119.85,65301.32,33119.850000000006,1264.44,3207.66,3129.96,0.0,12980.689999999999,0.0,1344.88,0.0,0.0,0.0,0.0,11192.22,0.0,0.0,1264.44,3207.66,0.0,0.0,5167.03,7813.66,0.0,1.17,230.77,19783538.76420947
runs/CZ07/DMo&0&rDXHP&Ex&dxHP_equip/RB-dxHP_equip-spltHP-SEER-BA-rDXHP-LRM-LSC-NC/instance-out.sql,CZ07,DMo,weighted,rDXHP,Ex,dxHP_equip,,RB-dxHP_equip-spltHP-SEER-BA-rDXHP-LRM-LSC-NC,DMo&0&rDXHP&Ex&dxHP_equip,RB-dxHP_equip-spltHP-SEER-BA-rDXHP-LRM-LSC-NC,45.72,87.6,31650.48,60647.84,31650.48,878.05,2124.69,3129.96,0.0,12980.689999999999,0.0,1344.88,0.0,0.0,0.0,0.0,11192.22,0.0,0.0,878.05,2124.69,0.0,0.0,5167.03,7813.66,0.0,1.17,230.77,15875236.491483988
runs/CZ07/DMo&0&rDXHP&Ex&dxHP_equip/RB-dxHP_equip-spltHP-SEER-BA-rDXHP-NoLRM-0%UC-AOE/instance-out.sql,CZ07,DMo,weighted,rDXHP,Ex,dxHP_equip,,RB-dxHP_equip-spltHP-SEER-BA-rDXHP-NoLRM-0%UC-AOE,DMo&0&rDXHP&Ex&dxHP_equip,RB-dxHP_equip-spltHP-SEER-BA-rDXHP-NoLRM-0%UC-AOE,46.75,90.89,32368.87,62922.95,32368.87,1143.56,2577.56,3129.96,0.0,12980.689999999999,0.0,1344.88,0.0,0.0,0.0,0.0,11192.22,0.0,0.0,1143.56,2577.56,0.0,0.0,5167.03,7813.66,0.0,1.17,230.77,17509572.078711558
runs/CZ07/DMo&0&rDXHP&Ex&dxHP_equip/RB-dxHP_equip-spltHP-SEER-BA-rDXHP-LRM-LSC-NR/instance-out.sql,CZ07,DMo,weighted,rDXHP,Ex,dxHP_equip,,RB-dxHP_equip-spltHP-SEER-BA-rDXHP-LRM-LSC-NR,DMo&0&rDXHP&Ex&dxHP_equip,RB-dxHP_equip-spltHP-SEER-BA-rDXHP-LRM-LSC-NR,45.72,87.6,31650.48,60647.84,31650.48,878.05,2124.69,3129.96,0.0,12980.689999999999,0.0,1344.88,0.0,0.0,0.0,0.0,11192.22,0.0,0.0,878.05,2124.69,0.0,0.0,5167.03,7813.66,0.0,1.17,230.77,15875236.491483988
runs/CZ07/DMo&0&rDXHP&Ex&dxHP_equip/RB-dxHP_equip-spltHP-SEER-BA-rDXHP-NoLRM-0%UC-NC/instance-out.sql,CZ07,DMo,weighted,rDXHP,Ex,dxHP_equip,,RB-dxHP_equip-spltHP-SEER-BA-rDXHP-NoLRM-0%UC-NC,DMo&0&rDXHP&Ex&dxHP_equip,RB-dxHP_equip-spltHP-SEER-BA-rDXHP-NoLRM-0%UC-NC,46.06,88.68,31885.29,61391.47,31885.29,911.99,2325.56,3129.96,0.0,12980.689999999999,0.0,1344.88,0.0,0.0,0.0,0.0,11192.22,0.0,0.0,911.99,2325.56,0.0,0.0,5167.03,7813.66,0.0,1.17,230.77,16600153.3564126
runs/CZ07/DMo&0&rDXHP&Ex&dxHP_equip/RB-dxHP_equip-spltHP-SEER-BA-rDXHP-NoLRM-0%UC-NR/instance-out.sql,CZ07,DMo,weighted,rDXHP,Ex,dxHP_equip,,RB-dxHP_equip-spltHP-SEER-BA-rDXHP-NoLRM-0%UC-NR,DMo&0&rDXHP&Ex&dxHP_equip,RB-dxHP_equip-spltHP-SEER-BA-rDXHP-NoLRM-0%UC-NR,46.06,88.68,31885.29,61391.47,31885.29,911.99,2325.56,3129.96,0.0,12980.689999999999,0.0,1344.88,0.0,0.0,0.0,0.0,11192.22,0.0,0.0,911.99,2325.56,0.0,0.0,5167.03,7813.66,0.0,1.17,230.77,16600153.3564126
runs/CZ07/DMo&0&rDXHP&Ex&dxHP_equip/RB-dxHP_equip-spltHP-SEER-BA-rDXHP-NoLRM-22.5%UC-AOE/instance-out.sql,CZ07,DMo,weighted,rDXHP,Ex,dxHP_equip,,RB-dxHP_equip-spltHP-SEER-BA-rDXHP-NoLRM-22.5%UC-AOE,DMo&0&rDXHP&Ex&dxHP_equip,RB-dxHP_equip-spltHP-SEER-BA-rDXHP-NoLRM-22.5%UC-AOE,48.38,96.04,33495.34,66490.5,33495.34,1324.88,3522.72,3129.96,0.0,12980.689999999999,0.0,1344.88,0.0,0.0,0.0,0.0,11192.22,0.0,0.0,1324.88,3522.72,0.0,0.0,5167.03,7813.66,0.0,1.17,230.77,20920522.10962938
runs/CZ08/DMo&0&rDXGF&Ex&dxAC_equip/RB-dxAC_equip-spltAC-SEER-BA-rDXGF-NoLRM-0%UC-AOE/instance-out.sql,CZ08,DMo,weighted,rDXGF,Ex,dxAC_equip,,RB-dxAC_equip-spltAC-SEER-BA-rDXGF-NoLRM-0%UC-AOE,DMo&0&rDXGF&Ex&dxAC_equip,RB-dxAC_equip-spltAC-SEER-BA-rDXGF-NoLRM-0%UC-AOE,54.09,105.34,37444.97,72930.95,37444.97,2951.34,5014.33,3129.96,0.0,12980.689999999999,0.0,2214.66,0.0,0.0,0.0,0.0,11153.99,0.0,0.0,0.0,5014.33,2951.34,0.0,5167.03,7813.66,0.0,4.33,230.77,26896575.491623264
runs/CZ07/DMo&0&rDXHP&Ex&dxHP_equip/RB-dxHP_equip-spltHP-SEER-BA-rDXHP-NoLRM-40%UC-AOE/instance-out.sql,CZ07,DMo,weighted,rDXHP,Ex,dxHP_equip,,RB-dxHP_equip-spltHP-SEER-BA-rDXHP-NoLRM-40%UC-AOE,DMo&0&rDXHP&Ex&dxHP_equip,RB-dxHP_equip-spltHP-SEER-BA-rDXHP-NoLRM-40%UC-AOE,49.65,100.05,34371.49,69265.26,34371.490000000005,1465.9,4257.84,3129.96,0.0,12980.689999999999,0.0,1344.88,0.0,0.0,0.0,0.0,11192.22,0.0,0.0,1465.9,4257.84,0.0,0.0,5167.03,7813.66,0.0,1.17,230.77,23573483.239916228
runs/CZ07/DMo&0&rDXHP&Ex&dxHP_equip/RB-dxHP_equip-spltHP-SEER-BA-rDXHP-NoLRM-30%UC-AOE/instance-out.sql,CZ07,DMo,weighted,rDXHP,Ex,dxHP_equip,,RB-dxHP_equip-spltHP-SEER-BA-rDXHP-NoLRM-30%UC-AOE,DMo&0&rDXHP&Ex&dxHP_equip,RB-dxHP_equip-spltHP-SEER-BA-rDXHP-NoLRM-30%UC-AOE,48.92,97.76,33870.83,67679.68,33870.83,1385.32,3837.77,3129.96,0.0,12980.689999999999,0.0,1344.88,0.0,0.0,0.0,0.0,11192.22,0.0,0.0,1385.32,3837.77,0.0,0.0,5167.03,7813.66,0.0,1.17,230.77,22057505.447488762
runs/CZ07/DMo&0&rDXHP&Ex&dxHP_equip/RB-dxHP_equip-spltHP-SEER-BA-rDXHP-NoLRM-7.5%UC-AOE/instance-out.sql,CZ07,DMo,weighted,rDXHP,Ex,dxHP_equip,,RB-dxHP_equip-spltHP-SEER-BA-rDXHP-NoLRM-7.5%UC-AOE,DMo&0&rDXHP&Ex&dxHP_equip,RB-dxHP_equip-spltHP-SEER-BA-rDXHP-NoLRM-7.5%UC-AOE,47.3,92.61,32744.36,64112.13,32744.36,1204.0,2892.61,3129.96,0.0,12980.689999999999,0.0,1344.88,0.0,0.0,0.0,0.0,11192.22,0.0,0.0,1204.0,2892.61,0.0,0.0,5167.03,7813.66,0.0,1.17,230.77,18646555.419591002
runs/CZ08/DMo&0&rDXGF&Ex&dxAC_equip/RB-dxAC_equip-spltAC-SEER-BA-rDXGF-LRM-LSC-AOE/instance-out.sql,CZ08,DMo,weighted,rDXGF,Ex,dxAC_equip,,RB-dxAC_equip-spltAC-SEER-BA-rDXGF-LRM-LSC-AOE,DMo&0&rDXGF&Ex&dxAC_equip,RB-dxAC_equip-spltAC-SEER-BA-rDXGF-LRM-LSC-AOE,53.46,103.36,37011.85,71559.28,37011.850000000006,2951.34,4581.21,3129.96,0.0,12980.689999999999,0.0,2214.66,0.0,0.0,0.0,0.0,11153.99,0.0,0.0,0.0,4581.21,2951.34,0.0,5167.03,7813.66,0.0,4.33,230.77,25376943.533191092
runs/CZ08/DMo&0&rDXGF&Ex&dxAC_equip/RB-dxAC_equip-spltAC-SEER-BA-rDXGF-NoLRM-0%UC-NR/instance-out.sql,CZ08,DMo,weighted,rDXGF,Ex,dxAC_equip,,RB-dxAC_equip-spltAC-SEER-BA-rDXGF-NoLRM-0%UC-NR,DMo&0&rDXGF&Ex&dxAC_equip,RB-dxAC_equip-spltAC-SEER-BA-rDXGF-NoLRM-0%UC-NR,53.38,103.1,36954.74,71378.4,36954.740000000005,2951.34,4524.1,3129.96,0.0,12980.689999999999,0.0,2214.66,0.0,0.0,0.0,0.0,11153.99,0.0,0.0,0.0,4524.1,2951.34,0.0,5167.03,7813.66,0.0,4.33,230.77,25176555.0817062
runs/CZ08/DMo&0&rDXGF&Ex&dxAC_equip/RB-dxAC_equip-spltAC-SEER-BA-rDXGF-LRM-LSC-NR/instance-out.sql,CZ08,DMo,weighted,rDXGF,Ex,dxAC_equip,,RB-dxAC_equip-spltAC-SEER-BA-rDXGF-LRM-LSC-NR,DMo&0&rDXGF&Ex&dxAC_equip,RB-dxAC_equip-spltAC-SEER-BA-rDXGF-LRM-LSC-NR,52.81,101.31,36563.97,70140.83,36563.97,2951.34,4133.33,3129.96,0.0,12980.689999999999,0.0,2214.66,0.0,0.0,0.0,0.0,11153.99,0.0,0.0,0.0,4133.33,2951.34,0.0,5167.03,7813.66,0.0,4.33,230.77,23805490.49660696
runs/CZ08/DMo&0&rDXGF&Ex&dxAC_equip/RB-dxAC_equip-spltAC-SEER-BA-rDXGF-NoLRM-15%UC-AOE/instance-out.sql,CZ08,DMo,weighted,rDXGF,Ex,dxAC_equip,,RB-dxAC_equip-spltAC-SEER-BA-rDXGF-NoLRM-15%UC-AOE,DMo&0&rDXGF&Ex&dxAC_equip,RB-dxAC_equip-spltAC-SEER-BA-rDXGF-NoLRM-15%UC-AOE,55.86,110.95,38670.76,76813.05,38670.76,2951.34,6240.12,3129.96,0.0,12980.689999999999,0.0,2214.66,0.0,0.0,0.0,0.0,11153.99,0.0,0.0,0.0,6240.12,2951.34,0.0,5167.03,7813.66,0.0,4.33,230.77,31197420.651969653
runs/CZ08/DMo&0&rDXHP&Ex&dxHP_equip/RB-dxHP_equip-spltHP-SEER-BA-rDXHP-LRM-LSC-NR/instance-out.sql,CZ08,DMo,weighted,rDXHP,Ex,dxHP_equip,,RB-dxHP_equip-spltHP-SEER-BA-rDXHP-LRM-LSC-NR,DMo&0&rDXHP&Ex&dxHP_equip,RB-dxHP_equip-spltHP-SEER-BA-rDXHP-LRM-LSC-NR,50.01,101.32,34621.36,70146.19,34621.35,901.91,4135.9,3129.96,0.0,12980.689999999999,0.0,2323.69,0.0,0.0,0.0,0.0,11149.2,0.0,0.0,901.91,4135.9,0.0,0.0,5167.03,7813.66,0.0,4.33,230.77,23805503.470718578
runs/CZ08/DMo&0&rDXHP&Ex&dxHP_equip/RB-dxHP_equip-spltHP-SEER-BA-rDXHP-LRM-LSC-NC/instance-out.sql,CZ08,DMo,weighted,rDXHP,Ex,dxHP_equip,,RB-dxHP_equip-spltHP-SEER-BA-rDXHP-LRM-LSC-NC,DMo&0&rDXHP&Ex&dxHP_equip,RB-dxHP_equip-spltHP-SEER-BA-rDXHP-LRM-LSC-NC,50.01,101.32,34621.36,70146.19,34621.35,901.91,4135.9,3129.96,0.0,12980.689999999999,0.0,2323.69,0.0,0.0,0.0,0.0,11149.2,0.0,0.0,901.91,4135.9,0.0,0.0,5167.03,7813.66,0.0,4.33,230.77,23805503.470718578
runs/CZ08/DMo&0&rDXGF&Ex&dxAC_equip/RB-dxAC_equip-spltAC-SEER-BA-rDXGF-NoLRM-22.5%UC-AOE/instance-out.sql,CZ08,DMo,weighted,rDXGF,Ex,dxAC_equip,,RB-dxAC_equip-spltAC-SEER-BA-rDXGF-NoLRM-22.5%UC-AOE,DMo&0&rDXGF&Ex&dxAC_equip,RB-dxAC_equip-spltAC-SEER-BA-rDXGF-NoLRM-22.5%UC-AOE,56.74,113.75,39283.66,78754.09,39283.66,2951.34,6853.02,3129.96,0.0,12980.689999999999,0.0,2214.66,0.0,0.0,0.0,0.0,11153.99,0.0,0.0,0.0,6853.02,2951.34,0.0,5167.03,7813.66,0.0,4.33,230.77,33347843.23719453
runs/CZ08/DMo&0&rDXGF&Ex&dxAC_equip/RB-dxAC_equip-spltAC-SEER-BA-rDXGF-NoLRM-7.5%UC-AOE/instance-out.sql,CZ08,DMo,weighted,rDXGF,Ex,dxAC_equip,,RB-dxAC_equip-spltAC-SEER-BA-rDXGF-NoLRM-7.5%UC-AOE,DMo&0&rDXGF&Ex&dxAC_equip,RB-dxAC_equip-spltAC-SEER-BA-rDXGF-NoLRM-7.5%UC-AOE,54.97,108.15,38057.86,74872.0,38057.869999999995,2951.34,5627.22,3129.96,0.0,12980.689999999999,0.0,2214.66,0.0,0.0,0.0,0.0,11153.99,0.0,0.0,0.0,5627.22,2951.34,0.0,5167.03,7813.66,0.0,4.33,230.77,29046998.068260577
runs/CZ08/DMo&0&rDXGF&Ex&dxAC_equip/RB-dxAC_equip-spltAC-SEER-BA-rDXGF-NoLRM-30%UC-AOE/instance-out.sql,CZ08,DMo,weighted,rDXGF,Ex,dxAC_equip,,RB-dxAC_equip-spltAC-SEER-BA-rDXGF-NoLRM-30%UC-AOE,DMo&0&rDXGF&Ex&dxAC_equip,RB-dxAC_equip-spltAC-SEER-BA-rDXGF-NoLRM-30%UC-AOE,57.63,116.56,39896.56,80695.14,39896.56,2951.34,7465.92,3129.96,0.0,12980.689999999999,0.0,2214.66,0.0,0.0,0.0,0.0,11153.99,0.0,0.0,0.0,7465.92,2951.34,0.0,5167.03,7813.66,0.0,4.33,230.77,35498265.808119856
runs/CZ08/DMo&0&rDXGF&Ex&dxAC_equip/RB-dxAC_equip-spltAC-SEER-BA-rDXGF-NoLRM-40%UC-AOE/instance-out.sql,CZ08,DMo,weighted,rDXGF,Ex,dxAC_equip,,RB-dxAC_equip-spltAC-SEER-BA-rDXGF-NoLRM-40%UC-AOE,DMo&0&rDXGF&Ex&dxAC_equip,RB-dxAC_equip-spltAC-SEER-BA-rDXGF-NoLRM-40%UC-AOE,58.81,120.3,40713.75,83283.2,40713.75,2951.34,8283.11,3129.96,0.0,12980.689999999999,0.0,2214.66,0.0,0.0,0.0,0.0,11153.99,0.0,0.0,0.0,8283.11,2951.34,0.0,5167.03,7813.66,0.0,4.33,230.77,38365495.91898081
runs/CZ08/DMo&0&rDXHP&Ex&dxHP_equip/RB-dxHP_equip-spltHP-SEER-BA-rDXHP-NoLRM-0%UC-NR/instance-out.sql,CZ08,DMo,weighted,rDXHP,Ex,dxHP_equip,,RB-dxHP_equip-spltHP-SEER-BA-rDXHP-NoLRM-0%UC-NR,DMo&0&rDXHP&Ex&dxHP_equip,RB-dxHP_equip-spltHP-SEER-BA-rDXHP-NoLRM-0%UC-NR,50.62,103.26,35045.47,71489.35,35045.47,935.01,4526.91,3129.96,0.0,12980.689999999999,0.0,2323.69,0.0,0.0,0.0,0.0,11149.2,0.0,0.0,935.01,4526.91,0.0,0.0,5167.03,7813.66,0.0,4.33,230.77,25176569.167221136
runs/CZ08/DMo&0&rDXHP&Ex&dxHP_equip/RB-dxHP_equip-spltHP-SEER-BA-rDXHP-LRM-LSC-AOE/instance-out.sql,CZ08,DMo,weighted,rDXHP,Ex,dxHP_equip,,RB-dxHP_equip-spltHP-SEER-BA-rDXHP-LRM-LSC-AOE,DMo&0&rDXHP&Ex&dxHP_equip,RB-dxHP_equip-spltHP-SEER-BA-rDXHP-LRM-LSC-AOE,50.97,104.37,35286.82,72253.73,35286.82,1119.22,4584.06,3129.96,0.0,12980.689999999999,0.0,2323.69,0.0,0.0,0.0,0.0,11149.2,0.0,0.0,1119.22,4584.06,0.0,0.0,5167.03,7813.66,0.0,4.33,230.77,25376957.7811436
runs/CZ08/DMo&0&rDXHP&Ex&dxHP_equip/RB-dxHP_equip-spltHP-SEER-BA-rDXHP-NoLRM-0%UC-NC/instance-out.sql,CZ08,DMo,weighted,rDXHP,Ex,dxHP_equip,,RB-dxHP_equip-spltHP-SEER-BA-rDXHP-NoLRM-0%UC-NC,DMo&0&rDXHP&Ex&dxHP_equip,RB-dxHP_equip-spltHP-SEER-BA-rDXHP-NoLRM-0%UC-NC,50.62,103.26,35045.47,71489.35,35045.47,935.01,4526.91,3129.96,0.0,12980.689999999999,0.0,2323.69,0.0,0.0,0.0,0.0,11149.2,0.0,0.0,935.01,4526.91,0.0,0.0,5167.03,7813.66,0.0,4.33,230.77,25176569.167221136
runs/CZ08/DMo&0&rDXHP&Ex&dxHP_equip/RB-dxHP_equip-spltHP-SEER-BA-rDXHP-NoLRM-0%UC-AOE/instance-out.sql,CZ08,DMo,weighted,rDXHP,Ex,dxHP_equip,,RB-dxHP_equip-spltHP-SEER-BA-rDXHP-NoLRM-0%UC-AOE,DMo&0&rDXHP&Ex&dxHP_equip,RB-dxHP_equip-spltHP-SEER-BA-rDXHP-NoLRM-0%UC-AOE,51.66,106.54,35761.86,73758.18,35761.86,1160.87,5017.45,3129.96,0.0,12980.689999999999,0.0,2323.69,0.0,0.0,0.0,0.0,11149.2,0.0,0.0,1160.87,5017.45,0.0,0.0,5167.03,7813.66,0.0,4.33,230.77,26896590.971409794
runs/CZ08/DMo&0&rDXHP&Ex&dxHP_equip/RB-dxHP_equip-spltHP-SEER-BA-rDXHP-NoLRM-15%UC-AOE/instance-out.sql,CZ08,DMo,weighted,rDXHP,Ex,dxHP_equip,,RB-dxHP_equip-spltHP-SEER-BA-rDXHP-NoLRM-15%UC-AOE,DMo&0&rDXHP&Ex&dxHP_equip,RB-dxHP_equip-spltHP-SEER-BA-rDXHP-NoLRM-15%UC-AOE,53.6,112.69,37106.32,78016.06,37106.31,1278.77,6244.0,3129.96,0.0,12980.689999999999,0.0,2323.69,0.0,0.0,0.0,0.0,11149.2,0.0,0.0,1278.77,6244.0,0.0,0.0,5167.03,7813.66,0.0,4.33,230.77,31197439.61807889
runs/CZ08/DMo&0&rDXHP&Ex&dxHP_equip/RB-dxHP_equip-spltHP-SEER-BA-rDXHP-NoLRM-22.5%UC-AOE/instance-out.sql,CZ08,DMo,weighted,rDXHP,Ex,dxHP_equip,,RB-dxHP_equip-spltHP-SEER-BA-rDXHP-NoLRM-22.5%UC-AOE,DMo&0&rDXHP&Ex&dxHP_equip,RB-dxHP_equip-spltHP-SEER-BA-rDXHP-NoLRM-22.5%UC-AOE,54.57,115.76,37778.54,80145.0,37778.54,1337.72,6857.28,3129.96,0.0,12980.689999999999,0.0,2323.69,0.0,0.0,0.0,0.0,11149.2,0.0,0.0,1337.72,6857.28,0.0,0.0,5167.03,7813.66,0.0,4.33,230.77,33347863.94646513
runs/CZ08/DMo&0&rDXHP&Ex&dxHP_equip/RB-dxHP_equip-spltHP-SEER-BA-rDXHP-NoLRM-40%UC-AOE/instance-out.sql,CZ08,DMo,weighted,rDXHP,Ex,dxHP_equip,,RB-dxHP_equip-spltHP-SEER-BA-rDXHP-NoLRM-40%UC-AOE,DMo&0&rDXHP&Ex&dxHP_equip,RB-dxHP_equip-spltHP-SEER-BA-rDXHP-NoLRM-40%UC-AOE,56.83,122.94,39347.07,85112.53,39347.07,1475.26,8288.26,3129.96,0.0,12980.689999999999,0.0,2323.69,0.0,0.0,0.0,0.0,11149.2,0.0,0.0,1475.26,8288.26,0.0,0.0,5167.03,7813.66,0.0,4.33,230.77,38365520.6956279
runs/CZ08/DMo&0&rDXHP&Ex&dxHP_equip/RB-dxHP_equip-spltHP-SEER-BA-rDXHP-NoLRM-30%UC-AOE/instance-out.sql,CZ08,DMo,weighted,rDXHP,Ex,dxHP_equip,,RB-dxHP_equip-spltHP-SEER-BA-rDXHP-NoLRM-30%UC-AOE,DMo&0&rDXHP&Ex&dxHP_equip,RB-dxHP_equip-spltHP-SEER-BA-rDXHP-NoLRM-30%UC-AOE,55.54,118.84,38450.77,82273.94,38450.770000000004,1396.66,7470.56,3129.96,0.0,12980.689999999999,0.0,2323.69,0.0,0.0,0.0,0.0,11149.2,0.0,0.0,1396.66,7470.56,0.0,0.0,5167.03,7813.66,0.0,4.33,230.77,35498288.26055181
runs/CZ08/DMo&0&rDXHP&Ex&dxHP_equip/RB-dxHP_equip-spltHP-SEER-BA-rDXHP-NoLRM-7.5%UC-AOE/instance-out.sql,CZ08,DMo,weighted,rDXHP,Ex,dxHP_equip,,RB-dxHP_equip-spltHP-SEER-BA-rDXHP-NoLRM-7.5%UC-AOE,DMo&0&rDXHP&Ex&dxHP_equip,RB-dxHP_equip-spltHP-SEER-BA-rDXHP-NoLRM-7.5%UC-AOE,52.63,109.61,36434.09,75887.12,36434.09,1219.82,5630.72,3129.96,0.0,12980.689999999999,0.0,2323.69,0.0,0.0,0.0,0.0,11149.2,0.0,0.0,1219.82,5630.72,0.0,0.0,5167.03,7813.66,0.0,4.33,230.77,29047015.291208453
runs/CZ09/DMo&0&rDXGF&Ex&dxAC_equip/RB-dxAC_equip-spltAC-SEER-BA-rDXGF-NoLRM-15%UC-AOE/instance-out.sql,CZ09,DMo,weighted,rDXGF,Ex,dxAC_equip,,RB-dxAC_equip-spltAC-SEER-BA-rDXGF-NoLRM-15%UC-AOE,DMo&0&rDXGF&Ex&dxAC_equip,RB-dxAC_equip-spltAC-SEER-BA-rDXGF-NoLRM-15%UC-AOE,61.28,119.97,42424.6,83055.4,42424.6,5662.14,6942.46,3129.96,0.0,12980.689999999999,0.0,2555.62,0.0,0.0,0.0,0.0,11153.73,0.0,0.0,0.0,6942.46,5662.14,0.0,5167.03,7813.66,0.0,27.67,230.77,37658740.80833248
runs/CZ09/DMo&0&rDXGF&Ex&dxAC_equip/RB-dxAC_equip-spltAC-SEER-BA-rDXGF-NoLRM-0%UC-AOE/instance-out.sql,CZ09,DMo,weighted,rDXGF,Ex,dxAC_equip,,RB-dxAC_equip-spltAC-SEER-BA-rDXGF-NoLRM-0%UC-AOE,DMo&0&rDXGF&Ex&dxAC_equip,RB-dxAC_equip-spltAC-SEER-BA-rDXGF-NoLRM-0%UC-AOE,59.31,113.73,41060.84,78736.37,41060.84,5662.14,5578.7,3129.96,0.0,12980.689999999999,0.0,2555.62,0.0,0.0,0.0,0.0,11153.73,0.0,0.0,0.0,5578.7,5662.14,0.0,5167.03,7813.66,0.0,27.67,230.77,32120299.52273557
runs/CZ09/DMo&0&rDXGF&Ex&dxAC_equip/RB-dxAC_equip-spltAC-SEER-BA-rDXGF-LRM-LSC-AOE/instance-out.sql,CZ09,DMo,weighted,rDXGF,Ex,dxAC_equip,,RB-dxAC_equip-spltAC-SEER-BA-rDXGF-LRM-LSC-AOE,DMo&0&rDXGF&Ex&dxAC_equip,RB-dxAC_equip-spltAC-SEER-BA-rDXGF-LRM-LSC-AOE,58.61,111.53,40578.98,77210.31,40578.979999999996,5662.14,5096.84,3129.96,0.0,12980.689999999999,0.0,2555.62,0.0,0.0,0.0,0.0,11153.73,0.0,0.0,0.0,5096.84,5662.14,0.0,5167.03,7813.66,0.0,27.67,230.77,30163383.599537022
runs/CZ09/DMo&0&rDXGF&Ex&dxAC_equip/RB-dxAC_equip-spltAC-SEER-BA-rDXGF-LRM-LSC-NR/instance-out.sql,CZ09,DMo,weighted,rDXGF,Ex,dxAC_equip,,RB-dxAC_equip-spltAC-SEER-BA-rDXGF-LRM-LSC-NR,DMo&0&rDXGF&Ex&dxAC_equip,RB-dxAC_equip-spltAC-SEER-BA-rDXGF-LRM-LSC-NR,57.89,109.25,40080.68,75632.22,40080.68,5662.14,4598.54,3129.96,0.0,12980.689999999999,0.0,2555.62,0.0,0.0,0.0,0.0,11153.73,0.0,0.0,0.0,4598.54,5662.14,0.0,5167.03,7813.66,0.0,27.67,230.77,28139734.74641411
runs/CZ09/DMo&0&rDXGF&Ex&dxAC_equip/RB-dxAC_equip-spltAC-SEER-BA-rDXGF-NoLRM-0%UC-NR/instance-out.sql,CZ09,DMo,weighted,rDXGF,Ex,dxAC_equip,,RB-dxAC_equip-spltAC-SEER-BA-rDXGF-NoLRM-0%UC-NR,DMo&0&rDXGF&Ex&dxAC_equip,RB-dxAC_equip-spltAC-SEER-BA-rDXGF-NoLRM-0%UC-NR,58.52,111.23,40515.44,77009.08,40515.44,5662.14,5033.29,3129.96,0.0,12980.689999999999,0.0,2555.62,0.0,0.0,0.0,0.0,11153.73,0.0,0.0,0.0,5033.29,5662.14,0.0,5167.03,7813.66,0.0,27.67,230.77,29905332.069783423
runs/CZ09/DMo&0&rDXHP&Ex&dxHP_equip/RB-dxHP_equip-spltHP-SEER-BA-rDXHP-LRM-LSC-AOE/instance-out.sql,CZ09,DMo,weighted,rDXHP,Ex,dxHP_equip,,RB-dxHP_equip-spltHP-SEER-BA-rDXHP-LRM-LSC-AOE,DMo&0&rDXHP&Ex&dxHP_equip,RB-dxHP_equip-spltHP-SEER-BA-rDXHP-LRM-LSC-AOE,53.75,113.19,37212.53,78360.75,37212.53,2081.36,5099.99,3129.96,0.0,12980.689999999999,0.0,2775.31,0.0,0.0,0.0,0.0,11145.21,0.0,0.0,2081.36,5099.99,0.0,0.0,5167.03,7813.66,0.0,27.67,230.77,30163393.39903145
runs/CZ09/DMo&0&rDXGF&Ex&dxAC_equip/RB-dxAC_equip-spltAC-SEER-BA-rDXGF-NoLRM-22.5%UC-AOE/instance-out.sql,CZ09,DMo,weighted,rDXGF,Ex,dxAC_equip,,RB-dxAC_equip-spltAC-SEER-BA-rDXGF-NoLRM-22.5%UC-AOE,DMo&0&rDXGF&Ex&dxAC_equip,RB-dxAC_equip-spltAC-SEER-BA-rDXGF-NoLRM-22.5%UC-AOE,62.26,123.09,43106.48,85214.92,43106.479999999996,5662.14,7624.34,3129.96,0.0,12980.689999999999,0.0,2555.62,0.0,0.0,0.0,0.0,11153.73,0.0,0.0,0.0,7624.34,5662.14,0.0,5167.03,7813.66,0.0,27.67,230.77,40427961.45763628
runs/CZ09/DMo&0&rDXGF&Ex&dxAC_equip/RB-dxAC_equip-spltAC-SEER-BA-rDXGF-NoLRM-30%UC-AOE/instance-out.sql,CZ09,DMo,weighted,rDXGF,Ex,dxAC_equip,,RB-dxAC_equip-spltAC-SEER-BA-rDXGF-NoLRM-30%UC-AOE,DMo&0&rDXGF&Ex&dxAC_equip,RB-dxAC_equip-spltAC-SEER-BA-rDXGF-NoLRM-30%UC-AOE,63.25,126.21,43788.36,87374.43,43788.36,5662.14,8306.22,3129.96,0.0,12980.689999999999,0.0,2555.62,0.0,0.0,0.0,0.0,11153.73,0.0,0.0,0.0,8306.22,5662.14,0.0,5167.03,7813.66,0.0,27.67,230.77,43197182.08852574
runs/CZ09/DMo&0&rDXHP&Ex&dxHP_equip/RB-dxHP_equip-spltHP-SEER-BA-rDXHP-NoLRM-0%UC-NR/instance-out.sql,CZ09,DMo,weighted,rDXHP,Ex,dxHP_equip,,RB-dxHP_equip-spltHP-SEER-BA-rDXHP-NoLRM-0%UC-NR,DMo&0&rDXHP&Ex&dxHP_equip,RB-dxHP_equip-spltHP-SEER-BA-rDXHP-NoLRM-0%UC-NR,53.15,111.3,36799.45,77052.51,36799.44,1731.86,5036.41,3129.96,0.0,12980.689999999999,0.0,2775.31,0.0,0.0,0.0,0.0,11145.21,0.0,0.0,1731.86,5036.41,0.0,0.0,5167.03,7813.66,0.0,27.67,230.77,29905341.7415092
runs/CZ09/DMo&0&rDXHP&Ex&dxHP_equip/RB-dxHP_equip-spltHP-SEER-BA-rDXHP-NoLRM-0%UC-AOE/instance-out.sql,CZ09,DMo,weighted,rDXHP,Ex,dxHP_equip,,RB-dxHP_equip-spltHP-SEER-BA-rDXHP-NoLRM-0%UC-AOE,DMo&0&rDXHP&Ex&dxHP_equip,RB-dxHP_equip-spltHP-SEER-BA-rDXHP-NoLRM-0%UC-AOE,54.56,115.75,37773.72,80138.05,37773.72,2160.4,5582.15,3129.96,0.0,12980.689999999999,0.0,2775.31,0.0,0.0,0.0,0.0,11145.21,0.0,0.0,2160.4,5582.15,0.0,0.0,5167.03,7813.66,0.0,27.67,230.77,32120310.29115473
runs/CZ09/DMo&0&rDXGF&Ex&dxAC_equip/RB-dxAC_equip-spltAC-SEER-BA-rDXGF-NoLRM-40%UC-AOE/instance-out.sql,CZ09,DMo,weighted,rDXGF,Ex,dxAC_equip,,RB-dxAC_equip-spltAC-SEER-BA-rDXGF-NoLRM-40%UC-AOE,DMo&0&rDXGF&Ex&dxAC_equip,RB-dxAC_equip-spltAC-SEER-BA-rDXGF-NoLRM-40%UC-AOE,64.56,130.37,44697.54,90253.78,44697.53999999999,5662.14,9215.39,3129.96,0.0,12980.689999999999,0.0,2555.62,0.0,0.0,0.0,0.0,11153.73,0.0,0.0,0.0,9215.39,5662.14,0.0,5167.03,7813.66,0.0,27.67,230.77,46889476.28402752
runs/CZ09/DMo&0&rDXGF&Ex&dxAC_equip/RB-dxAC_equip-spltAC-SEER-BA-rDXGF-NoLRM-7.5%UC-AOE/instance-out.sql,CZ09,DMo,weighted,rDXGF,Ex,dxAC_equip,,RB-dxAC_equip-spltAC-SEER-BA-rDXGF-NoLRM-7.5%UC-AOE,DMo&0&rDXGF&Ex&dxAC_equip,RB-dxAC_equip-spltAC-SEER-BA-rDXGF-NoLRM-7.5%UC-AOE,60.29,116.85,41742.72,80895.89,41742.72,5662.14,6260.58,3129.96,0.0,12980.689999999999,0.0,2555.62,0.0,0.0,0.0,0.0,11153.73,0.0,0.0,0.0,6260.58,5662.14,0.0,5167.03,7813.66,0.0,27.67,230.77,34889520.16098067
runs/CZ09/DMo&0&rDXHP&Ex&dxHP_equip/RB-dxHP_equip-spltHP-SEER-BA-rDXHP-LRM-LSC-NC/instance-out.sql,CZ09,DMo,weighted,rDXHP,Ex,dxHP_equip,,RB-dxHP_equip-spltHP-SEER-BA-rDXHP-LRM-LSC-NC,DMo&0&rDXHP&Ex&dxHP_equip,RB-dxHP_equip-spltHP-SEER-BA-rDXHP-LRM-LSC-NC,52.44,109.02,36301.62,75475.91,36301.619999999995,1669.06,4601.39,3129.96,0.0,12980.689999999999,0.0,2775.31,0.0,0.0,0.0,0.0,11145.21,0.0,0.0,1669.06,4601.39,0.0,0.0,5167.03,7813.66,0.0,27.67,230.77,28139743.54394243
runs/CZ09/DMo&0&rDXHP&Ex&dxHP_equip/RB-dxHP_equip-spltHP-SEER-BA-rDXHP-NoLRM-22.5%UC-AOE/instance-out.sql,CZ09,DMo,weighted,rDXHP,Ex,dxHP_equip,,RB-dxHP_equip-spltHP-SEER-BA-rDXHP-NoLRM-22.5%UC-AOE,DMo&0&rDXHP&Ex&dxHP_equip,RB-dxHP_equip-spltHP-SEER-BA-rDXHP-NoLRM-22.5%UC-AOE,58.0,126.65,40156.16,87683.23,40156.16,2495.93,7629.06,3129.96,0.0,12980.689999999999,0.0,2775.31,0.0,0.0,0.0,0.0,11145.21,0.0,0.0,2495.93,7629.06,0.0,0.0,5167.03,7813.66,0.0,27.67,230.77,40427976.33941517
runs/CZ09/DMo&0&rDXHP&Ex&dxHP_equip/RB-dxHP_equip-spltHP-SEER-BA-rDXHP-NoLRM-15%UC-AOE/instance-out.sql,CZ09,DMo,weighted,rDXHP,Ex,dxHP_equip,,RB-dxHP_equip-spltHP-SEER-BA-rDXHP-NoLRM-15%UC-AOE,DMo&0&rDXHP&Ex&dxHP_equip,RB-dxHP_equip-spltHP-SEER-BA-rDXHP-NoLRM-15%UC-AOE,56.86,123.02,39362.02,85168.17,39362.009999999995,2384.08,6946.75,3129.96,0.0,12980.689999999999,0.0,2775.31,0.0,0.0,0.0,0.0,11145.21,0.0,0.0,2384.08,6946.75,0.0,0.0,5167.03,7813.66,0.0,27.67,230.77,37658754.31899146
runs/CZ09/DMo&0&rDXHP&Ex&dxHP_equip/RB-dxHP_equip-spltHP-SEER-BA-rDXHP-LRM-LSC-NR/instance-out.sql,CZ09,DMo,weighted,rDXHP,Ex,dxHP_equip,,RB-dxHP_equip-spltHP-SEER-BA-rDXHP-LRM-LSC-NR,DMo&0&rDXHP&Ex&dxHP_equip,RB-dxHP_equip-spltHP-SEER-BA-rDXHP-LRM-LSC-NR,52.44,109.02,36301.62,75475.91,36301.619999999995,1669.06,4601.39,3129.96,0.0,12980.689999999999,0.0,2775.31,0.0,0.0,0.0,0.0,11145.21,0.0,0.0,1669.06,4601.39,0.0,0.0,5167.03,7813.66,0.0,27.67,230.77,28139743.54394243
runs/CZ09/DMo&0&rDXHP&Ex&dxHP_equip/RB-dxHP_equip-spltHP-SEER-BA-rDXHP-NoLRM-0%UC-NC/instance-out.sql,CZ09,DMo,weighted,rDXHP,Ex,dxHP_equip,,RB-dxHP_equip-spltHP-SEER-BA-rDXHP-NoLRM-0%UC-NC,DMo&0&rDXHP&Ex&dxHP_equip,RB-dxHP_equip-spltHP-SEER-BA-rDXHP-NoLRM-0%UC-NC,53.15,111.3,36799.45,77052.51,36799.44,1731.86,5036.41,3129.96,0.0,12980.689999999999,0.0,2775.31,0.0,0.0,0.0,0.0,11145.21,0.0,0.0,1731.86,5036.41,0.0,0.0,5167.03,7813.66,0.0,27.67,230.77,29905341.7415092
runs/CZ09/DMo&0&rDXHP&Ex&dxHP_equip/RB-dxHP_equip-spltHP-SEER-BA-rDXHP-NoLRM-40%UC-AOE/instance-out.sql,CZ09,DMo,weighted,rDXHP,Ex,dxHP_equip,,RB-dxHP_equip-spltHP-SEER-BA-rDXHP-NoLRM-40%UC-AOE,DMo&0&rDXHP&Ex&dxHP_equip,RB-dxHP_equip-spltHP-SEER-BA-rDXHP-NoLRM-40%UC-AOE,60.68,135.13,42009.17,93551.7,42009.16,2756.89,9221.1,3129.96,0.0,12980.689999999999,0.0,2775.31,0.0,0.0,0.0,0.0,11145.21,0.0,0.0,2756.89,9221.1,0.0,0.0,5167.03,7813.66,0.0,27.67,230.77,46889494.36508618
runs/CZ09/DMo&0&rDXHP&Ex&dxHP_equip/RB-dxHP_equip-spltHP-SEER-BA-rDXHP-NoLRM-30%UC-AOE/instance-out.sql,CZ09,DMo,weighted,rDXHP,Ex,dxHP_equip,,RB-dxHP_equip-spltHP-SEER-BA-rDXHP-NoLRM-30%UC-AOE,DMo&0&rDXHP&Ex&dxHP_equip,RB-dxHP_equip-spltHP-SEER-BA-rDXHP-NoLRM-30%UC-AOE,59.15,130.29,40950.31,90198.29,40950.3,2607.77,8311.36,3129.96,0.0,12980.689999999999,0.0,2775.31,0.0,0.0,0.0,0.0,11145.21,0.0,0.0,2607.77,8311.36,0.0,0.0,5167.03,7813.66,0.0,27.67,230.77,43197198.34142453
runs/CZ10/DMo&0&rDXGF&Ex&dxAC_equip/RB-dxAC_equip-spltAC-SEER-BA-rDXGF-NoLRM-0%UC-AOE/instance-out.sql,CZ10,DMo,weighted,rDXGF,Ex,dxAC_equip,,RB-dxAC_equip-spltAC-SEER-BA-rDXGF-NoLRM-0%UC-AOE,DMo&0&rDXGF&Ex&dxAC_equip,RB-dxAC_equip-spltAC-SEER-BA-rDXGF-NoLRM-0%UC-AOE,58.88,109.74,40762.4,75972.6,40762.41,6579.94,4742.86,3129.96,0.0,12980.689999999999,0.0,2219.95,0.0,0.0,0.0,0.0,11109.01,0.0,0.0,0.0,4742.86,6579.94,0.0,5167.03,7813.66,0.0,0.0,230.77,26773868.418704245
runs/CZ09/DMo&0&rDXHP&Ex&dxHP_equip/RB-dxHP_equip-spltHP-SEER-BA-rDXHP-NoLRM-7.5%UC-AOE/instance-out.sql,CZ09,DMo,weighted,rDXHP,Ex,dxHP_equip,,RB-dxHP_equip-spltHP-SEER-BA-rDXHP-NoLRM-7.5%UC-AOE,DMo&0&rDXHP&Ex&dxHP_equip,RB-dxHP_equip-spltHP-SEER-BA-rDXHP-NoLRM-7.5%UC-AOE,55.71,119.39,38567.87,82653.11,38567.869999999995,2272.24,6264.45,3129.96,0.0,12980.689999999999,0.0,2775.31,0.0,0.0,0.0,0.0,11145.21,0.0,0.0,2272.24,6264.45,0.0,0.0,5167.03,7813.66,0.0,27.67,230.77,34889532.300519735
runs/CZ10/DMo&0&rDXGF&Ex&dxAC_equip/RB-dxAC_equip-spltAC-SEER-BA-rDXGF-LRM-LSC-AOE/instance-out.sql,CZ10,DMo,weighted,rDXGF,Ex,dxAC_equip,,RB-dxAC_equip-spltAC-SEER-BA-rDXGF-LRM-LSC-AOE,DMo&0&rDXGF&Ex&dxAC_equip,RB-dxAC_equip-spltAC-SEER-BA-rDXGF-LRM-LSC-AOE,58.29,107.86,40352.74,74675.19,40352.74,6579.94,4333.19,3129.96,0.0,12980.689999999999,0.0,2219.95,0.0,0.0,0.0,0.0,11109.01,0.0,0.0,0.0,4333.19,6579.94,0.0,5167.03,7813.66,0.0,0.0,230.77,25265568.95598571
runs/CZ10/DMo&0&rDXGF&Ex&dxAC_equip/RB-dxAC_equip-spltAC-SEER-BA-rDXGF-NoLRM-15%UC-AOE/instance-out.sql,CZ10,DMo,weighted,rDXGF,Ex,dxAC_equip,,RB-dxAC_equip-spltAC-SEER-BA-rDXGF-NoLRM-15%UC-AOE,DMo&0&rDXGF&Ex&dxAC_equip,RB-dxAC_equip-spltAC-SEER-BA-rDXGF-NoLRM-15%UC-AOE,60.55,115.04,41921.84,79644.53,41921.84,6579.94,5902.29,3129.96,0.0,12980.689999999999,0.0,2219.95,0.0,0.0,0.0,0.0,11109.01,0.0,0.0,0.0,5902.29,6579.94,0.0,5167.03,7813.66,0.0,0.0,230.77,31042640.478011787
runs/CZ10/DMo&0&rDXGF&Ex&dxAC_equip/RB-dxAC_equip-spltAC-SEER-BA-rDXGF-LRM-LSC-NR/instance-out.sql,CZ10,DMo,weighted,rDXGF,Ex,dxAC_equip,,RB-dxAC_equip-spltAC-SEER-BA-rDXGF-LRM-LSC-NR,DMo&0&rDXGF&Ex&dxAC_equip,RB-dxAC_equip-spltAC-SEER-BA-rDXGF-LRM-LSC-NR,57.67,105.93,39929.1,73333.54,39929.11,6579.94,3909.56,3129.96,0.0,12980.689999999999,0.0,2219.95,0.0,0.0,0.0,0.0,11109.01,0.0,0.0,0.0,3909.56,6579.94,0.0,5167.03,7813.66,0.0,0.0,230.77,23705834.86536245
runs/CZ10/DMo&0&rDXGF&Ex&dxAC_equip/RB-dxAC_equip-spltAC-SEER-BA-rDXGF-NoLRM-0%UC-NR/instance-out.sql,CZ10,DMo,weighted,rDXGF,Ex,dxAC_equip,,RB-dxAC_equip-spltAC-SEER-BA-rDXGF-NoLRM-0%UC-NR,DMo&0&rDXGF&Ex&dxAC_equip,RB-dxAC_equip-spltAC-SEER-BA-rDXGF-NoLRM-0%UC-NR,58.21,107.62,40298.72,74504.11,40298.72,6579.94,4279.17,3129.96,0.0,12980.689999999999,0.0,2219.95,0.0,0.0,0.0,0.0,11109.01,0.0,0.0,0.0,4279.17,6579.94,0.0,5167.03,7813.66,0.0,0.0,230.77,25066674.880329728
runs/CZ10/DMo&0&rDXGF&Ex&dxAC_equip/RB-dxAC_equip-spltAC-SEER-BA-rDXGF-NoLRM-22.5%UC-AOE/instance-out.sql,CZ10,DMo,weighted,rDXGF,Ex,dxAC_equip,,RB-dxAC_equip-spltAC-SEER-BA-rDXGF-NoLRM-22.5%UC-AOE,DMo&0&rDXGF&Ex&dxAC_equip,RB-dxAC_equip-spltAC-SEER-BA-rDXGF-NoLRM-22.5%UC-AOE,61.39,117.69,42501.55,81480.49,42501.56,6579.94,6482.01,3129.96,0.0,12980.689999999999,0.0,2219.95,0.0,0.0,0.0,0.0,11109.01,0.0,0.0,0.0,6482.01,6579.94,0.0,5167.03,7813.66,0.0,0.0,230.77,33177026.512679573
runs/CZ10/DMo&0&rDXHP&Ex&dxHP_equip/RB-dxHP_equip-spltHP-SEER-BA-rDXHP-NoLRM-15%UC-AOE/instance-out.sql,CZ10,DMo,weighted,rDXHP,Ex,dxHP_equip,,RB-dxHP_equip-spltHP-SEER-BA-rDXHP-NoLRM-15%UC-AOE,DMo&0&rDXHP&Ex&dxHP_equip,RB-dxHP_equip-spltHP-SEER-BA-rDXHP-NoLRM-15%UC-AOE,55.51,118.91,38433.31,82324.66,38433.31,2839.04,5904.34,3129.96,0.0,12980.689999999999,0.0,2480.98,0.0,0.0,0.0,0.0,11098.31,0.0,0.0,2839.04,5904.34,0.0,0.0,5167.03,7813.66,0.0,0.0,230.77,31042643.31785463
runs/CZ10/DMo&0&rDXHP&Ex&dxHP_equip/RB-dxHP_equip-spltHP-SEER-BA-rDXHP-LRM-LSC-AOE/instance-out.sql,CZ10,DMo,weighted,rDXHP,Ex,dxHP_equip,,RB-dxHP_equip-spltHP-SEER-BA-rDXHP-LRM-LSC-AOE,DMo&0&rDXHP&Ex&dxHP_equip,RB-dxHP_equip-spltHP-SEER-BA-rDXHP-LRM-LSC-AOE,52.73,110.09,36503.64,76213.4,36503.64,2479.01,4334.7,3129.96,0.0,12980.689999999999,0.0,2480.98,0.0,0.0,0.0,0.0,11098.31,0.0,0.0,2479.01,4334.7,0.0,0.0,5167.03,7813.66,0.0,0.0,230.77,25265571.327964183
runs/CZ10/DMo&0&rDXHP&Ex&dxHP_equip/RB-dxHP_equip-spltHP-SEER-BA-rDXHP-LRM-LSC-NR/instance-out.sql,CZ10,DMo,weighted,rDXHP,Ex,dxHP_equip,,RB-dxHP_equip-spltHP-SEER-BA-rDXHP-LRM-LSC-NR,DMo&0&rDXHP&Ex&dxHP_equip,RB-dxHP_equip-spltHP-SEER-BA-rDXHP-LRM-LSC-NR,51.41,105.9,35589.51,73318.35,35589.51,1988.66,3910.91,3129.96,0.0,12980.689999999999,0.0,2480.98,0.0,0.0,0.0,0.0,11098.31,0.0,0.0,1988.66,3910.91,0.0,0.0,5167.03,7813.66,0.0,0.0,230.77,23705837.111023635
runs/CZ10/DMo&0&rDXGF&Ex&dxAC_equip/RB-dxAC_equip-spltAC-SEER-BA-rDXGF-NoLRM-40%UC-AOE/instance-out.sql,CZ10,DMo,weighted,rDXGF,Ex,dxAC_equip,,RB-dxAC_equip-spltAC-SEER-BA-rDXGF-NoLRM-40%UC-AOE,DMo&0&rDXGF&Ex&dxAC_equip,RB-dxAC_equip-spltAC-SEER-BA-rDXGF-NoLRM-40%UC-AOE,63.34,123.88,43854.23,85764.4,43854.229999999996,6579.94,7834.68,3129.96,0.0,12980.689999999999,0.0,2219.95,0.0,0.0,0.0,0.0,11109.01,0.0,0.0,0.0,7834.68,6579.94,0.0,5167.03,7813.66,0.0,0.0,230.77,38157260.5766266
runs/CZ10/DMo&0&rDXGF&Ex&dxAC_equip/RB-dxAC_equip-spltAC-SEER-BA-rDXGF-NoLRM-30%UC-AOE/instance-out.sql,CZ10,DMo,weighted,rDXGF,Ex,dxAC_equip,,RB-dxAC_equip-spltAC-SEER-BA-rDXGF-NoLRM-30%UC-AOE,DMo&0&rDXGF&Ex&dxAC_equip,RB-dxAC_equip-spltAC-SEER-BA-rDXGF-NoLRM-30%UC-AOE,62.23,120.34,43081.27,83316.45,43081.270000000004,6579.94,7061.73,3129.96,0.0,12980.689999999999,0.0,2219.95,0.0,0.0,0.0,0.0,11109.01,0.0,0.0,0.0,7061.73,6579.94,0.0,5167.03,7813.66,0.0,0.0,230.77,35311412.53315444
runs/CZ10/DMo&0&rDXGF&Ex&dxAC_equip/RB-dxAC_equip-spltAC-SEER-BA-rDXGF-NoLRM-7.5%UC-AOE/instance-out.sql,CZ10,DMo,weighted,rDXGF,Ex,dxAC_equip,,RB-dxAC_equip-spltAC-SEER-BA-rDXGF-NoLRM-7.5%UC-AOE,DMo&0&rDXGF&Ex&dxAC_equip,RB-dxAC_equip-spltAC-SEER-BA-rDXGF-NoLRM-7.5%UC-AOE,59.72,112.39,41342.12,77808.57,41342.12,6579.94,5322.58,3129.96,0.0,12980.689999999999,0.0,2219.95,0.0,0.0,0.0,0.0,11109.01,0.0,0.0,0.0,5322.58,6579.94,0.0,5167.03,7813.66,0.0,0.0,230.77,28908254.444848508
runs/CZ10/DMo&0&rDXHP&Ex&dxHP_equip/RB-dxHP_equip-spltHP-SEER-BA-rDXHP-NoLRM-22.5%UC-AOE/instance-out.sql,CZ10,DMo,weighted,rDXHP,Ex,dxHP_equip,,RB-dxHP_equip-spltHP-SEER-BA-rDXHP-NoLRM-22.5%UC-AOE,DMo&0&rDXHP&Ex&dxHP_equip,RB-dxHP_equip-spltHP-SEER-BA-rDXHP-NoLRM-22.5%UC-AOE,56.54,122.17,39146.24,84582.51,39146.240000000005,2972.05,6484.26,3129.96,0.0,12980.689999999999,0.0,2480.98,0.0,0.0,0.0,0.0,11098.31,0.0,0.0,2972.05,6484.26,0.0,0.0,5167.03,7813.66,0.0,0.0,230.77,33177029.525378715
runs/CZ10/DMo&0&rDXHP&Ex&dxHP_equip/RB-dxHP_equip-spltHP-SEER-BA-rDXHP-NoLRM-0%UC-NR/instance-out.sql,CZ10,DMo,weighted,rDXHP,Ex,dxHP_equip,,RB-dxHP_equip-spltHP-SEER-BA-rDXHP-NoLRM-0%UC-NR,DMo&0&rDXHP&Ex&dxHP_equip,RB-dxHP_equip-spltHP-SEER-BA-rDXHP-NoLRM-0%UC-NR,52.05,107.94,36033.94,74725.86,36033.94,2063.35,4280.66,3129.96,0.0,12980.689999999999,0.0,2480.98,0.0,0.0,0.0,0.0,11098.31,0.0,0.0,2063.35,4280.66,0.0,0.0,5167.03,7813.66,0.0,0.0,230.77,25066677.236200478
runs/CZ10/DMo&0&rDXHP&Ex&dxHP_equip/RB-dxHP_equip-spltHP-SEER-BA-rDXHP-NoLRM-0%UC-AOE/instance-out.sql,CZ10,DMo,weighted,rDXHP,Ex,dxHP_equip,,RB-dxHP_equip-spltHP-SEER-BA-rDXHP-NoLRM-0%UC-AOE,DMo&0&rDXHP&Ex&dxHP_equip,RB-dxHP_equip-spltHP-SEER-BA-rDXHP-NoLRM-0%UC-AOE,53.45,112.39,37007.44,77808.95,37007.45,2573.01,4744.5,3129.96,0.0,12980.689999999999,0.0,2480.98,0.0,0.0,0.0,0.0,11098.31,0.0,0.0,2573.01,4744.5,0.0,0.0,5167.03,7813.66,0.0,0.0,230.77,26773870.9128345
runs/CZ11/DMo&0&rDXGF&Ex&dxAC_equip/RB-dxAC_equip-spltAC-SEER-BA-rDXGF-LRM-LSC-NR/instance-out.sql,CZ11,DMo,weighted,rDXGF,Ex,dxAC_equip,,RB-dxAC_equip-spltAC-SEER-BA-rDXGF-LRM-LSC-NR,DMo&0&rDXGF&Ex&dxAC_equip,RB-dxAC_equip-spltAC-SEER-BA-rDXGF-LRM-LSC-NR,70.37,128.6,48717.62,89034.61,48717.61,12274.32,5940.23,3129.96,0.0,12980.689999999999,0.0,3153.42,0.0,0.0,0.0,0.0,11238.99,0.0,0.0,0.0,5940.23,12274.32,0.0,5167.03,7813.66,0.0,6.67,230.77,26786233.76745923
runs/CZ10/DMo&0&rDXHP&Ex&dxHP_equip/RB-dxHP_equip-spltHP-SEER-BA-rDXHP-LRM-LSC-NC/instance-out.sql,CZ10,DMo,weighted,rDXHP,Ex,dxHP_equip,,RB-dxHP_equip-spltHP-SEER-BA-rDXHP-LRM-LSC-NC,DMo&0&rDXHP&Ex&dxHP_equip,RB-dxHP_equip-spltHP-SEER-BA-rDXHP-LRM-LSC-NC,51.41,105.9,35589.51,73318.35,35589.51,1988.66,3910.91,3129.96,0.0,12980.689999999999,0.0,2480.98,0.0,0.0,0.0,0.0,11098.31,0.0,0.0,1988.66,3910.91,0.0,0.0,5167.03,7813.66,0.0,0.0,230.77,23705837.111023635
runs/CZ10/DMo&0&rDXHP&Ex&dxHP_equip/RB-dxHP_equip-spltHP-SEER-BA-rDXHP-NoLRM-30%UC-AOE/instance-out.sql,CZ10,DMo,weighted,rDXHP,Ex,dxHP_equip,,RB-dxHP_equip-spltHP-SEER-BA-rDXHP-NoLRM-30%UC-AOE,DMo&0&rDXHP&Ex&dxHP_equip,RB-dxHP_equip-spltHP-SEER-BA-rDXHP-NoLRM-30%UC-AOE,57.57,125.44,39859.17,86840.37,39859.17,3105.07,7064.17,3129.96,0.0,12980.689999999999,0.0,2480.98,0.0,0.0,0.0,0.0,11098.31,0.0,0.0,3105.07,7064.17,0.0,0.0,5167.03,7813.66,0.0,0.0,230.77,35311415.718709886
runs/CZ10/DMo&0&rDXHP&Ex&dxHP_equip/RB-dxHP_equip-spltHP-SEER-BA-rDXHP-NoLRM-0%UC-NC/instance-out.sql,CZ10,DMo,weighted,rDXHP,Ex,dxHP_equip,,RB-dxHP_equip-spltHP-SEER-BA-rDXHP-NoLRM-0%UC-NC,DMo&0&rDXHP&Ex&dxHP_equip,RB-dxHP_equip-spltHP-SEER-BA-rDXHP-NoLRM-0%UC-NC,52.05,107.94,36033.94,74725.86,36033.94,2063.35,4280.66,3129.96,0.0,12980.689999999999,0.0,2480.98,0.0,0.0,0.0,0.0,11098.31,0.0,0.0,2063.35,4280.66,0.0,0.0,5167.03,7813.66,0.0,0.0,230.77,25066677.236200478
runs/CZ10/DMo&0&rDXHP&Ex&dxHP_equip/RB-dxHP_equip-spltHP-SEER-BA-rDXHP-NoLRM-40%UC-AOE/instance-out.sql,CZ10,DMo,weighted,rDXHP,Ex,dxHP_equip,,RB-dxHP_equip-spltHP-SEER-BA-rDXHP-NoLRM-40%UC-AOE,DMo&0&rDXHP&Ex&dxHP_equip,RB-dxHP_equip-spltHP-SEER-BA-rDXHP-NoLRM-40%UC-AOE,58.95,129.78,40809.75,89850.84,40809.75,3282.42,7837.4,3129.96,0.0,12980.689999999999,0.0,2480.98,0.0,0.0,0.0,0.0,11098.31,0.0,0.0,3282.42,7837.4,0.0,0.0,5167.03,7813.66,0.0,0.0,230.77,38157263.992657095
runs/CZ11/DMo&0&rDXGF&Ex&dxAC_equip/RB-dxAC_equip-spltAC-SEER-BA-rDXGF-NoLRM-0%UC-AOE/instance-out.sql,CZ11,DMo,weighted,rDXGF,Ex,dxAC_equip,,RB-dxAC_equip-spltAC-SEER-BA-rDXGF-NoLRM-0%UC-AOE,DMo&0&rDXGF&Ex&dxAC_equip,RB-dxAC_equip-spltAC-SEER-BA-rDXGF-NoLRM-0%UC-AOE,72.2,134.4,49983.75,93044.44,49983.75,12274.32,7206.36,3129.96,0.0,12980.689999999999,0.0,3153.42,0.0,0.0,0.0,0.0,11238.99,0.0,0.0,0.0,7206.36,12274.32,0.0,5167.03,7813.66,0.0,6.67,230.77,30467041.224448886
runs/CZ10/DMo&0&rDXHP&Ex&dxHP_equip/RB-dxHP_equip-spltHP-SEER-BA-rDXHP-NoLRM-7.5%UC-AOE/instance-out.sql,CZ10,DMo,weighted,rDXHP,Ex,dxHP_equip,,RB-dxHP_equip-spltHP-SEER-BA-rDXHP-NoLRM-7.5%UC-AOE,DMo&0&rDXHP&Ex&dxHP_equip,RB-dxHP_equip-spltHP-SEER-BA-rDXHP-NoLRM-7.5%UC-AOE,54.48,115.65,37720.38,80066.81,37720.380000000005,2706.02,5324.42,3129.96,0.0,12980.689999999999,0.0,2480.98,0.0,0.0,0.0,0.0,11098.31,0.0,0.0,2706.02,5324.42,0.0,0.0,5167.03,7813.66,0.0,0.0,230.77,28908257.11183505
runs/CZ11/DMo&0&rDXGF&Ex&dxAC_equip/RB-dxAC_equip-spltAC-SEER-BA-rDXGF-NoLRM-22.5%UC-AOE/instance-out.sql,CZ11,DMo,weighted,rDXGF,Ex,dxAC_equip,,RB-dxAC_equip-spltAC-SEER-BA-rDXGF-NoLRM-22.5%UC-AOE,DMo&0&rDXGF&Ex&dxAC_equip,RB-dxAC_equip-spltAC-SEER-BA-rDXGF-NoLRM-22.5%UC-AOE,76.02,146.48,52626.23,101413.19,52626.229999999996,12274.32,9848.85,3129.96,0.0,12980.689999999999,0.0,3153.42,0.0,0.0,0.0,0.0,11238.99,0.0,0.0,0.0,9848.85,12274.32,0.0,5167.03,7813.66,0.0,6.67,230.77,38149092.822260216
runs/CZ11/DMo&0&rDXGF&Ex&dxAC_equip/RB-dxAC_equip-spltAC-SEER-BA-rDXGF-NoLRM-30%UC-AOE/instance-out.sql,CZ11,DMo,weighted,rDXGF,Ex,dxAC_equip,,RB-dxAC_equip-spltAC-SEER-BA-rDXGF-NoLRM-30%UC-AOE,DMo&0&rDXGF&Ex&dxAC_equip,RB-dxAC_equip-spltAC-SEER-BA-rDXGF-NoLRM-30%UC-AOE,77.29,150.51,53507.06,104202.78,53507.06,12274.32,10729.68,3129.96,0.0,12980.689999999999,0.0,3153.42,0.0,0.0,0.0,0.0,11238.99,0.0,0.0,0.0,10729.68,12274.32,0.0,5167.03,7813.66,0.0,6.67,230.77,40709776.67517998
runs/CZ11/DMo&0&rDXGF&Ex&dxAC_equip/RB-dxAC_equip-spltAC-SEER-BA-rDXGF-LRM-LSC-AOE/instance-out.sql,CZ11,DMo,weighted,rDXGF,Ex,dxAC_equip,,RB-dxAC_equip-spltAC-SEER-BA-rDXGF-LRM-LSC-AOE,DMo&0&rDXGF&Ex&dxAC_equip,RB-dxAC_equip-spltAC-SEER-BA-rDXGF-LRM-LSC-AOE,71.3,131.55,49361.29,91073.14,49361.29,12274.32,6583.91,3129.96,0.0,12980.689999999999,0.0,3153.42,0.0,0.0,0.0,0.0,11238.99,0.0,0.0,0.0,6583.91,12274.32,0.0,5167.03,7813.66,0.0,6.67,230.77,28657491.291821614
runs/CZ11/DMo&0&rDXGF&Ex&dxAC_equip/RB-dxAC_equip-spltAC-SEER-BA-rDXGF-NoLRM-15%UC-AOE/instance-out.sql,CZ11,DMo,weighted,rDXGF,Ex,dxAC_equip,,RB-dxAC_equip-spltAC-SEER-BA-rDXGF-NoLRM-15%UC-AOE,DMo&0&rDXGF&Ex&dxAC_equip,RB-dxAC_equip-spltAC-SEER-BA-rDXGF-NoLRM-15%UC-AOE,74.74,142.46,51745.4,98623.61,51745.4,12274.32,8968.02,3129.96,0.0,12980.689999999999,0.0,3153.42,0.0,0.0,0.0,0.0,11238.99,0.0,0.0,0.0,8968.02,12274.32,0.0,5167.03,7813.66,0.0,6.67,230.77,35588408.952312805
runs/CZ11/DMo&0&rDXGF&Ex&dxAC_equip/RB-dxAC_equip-spltAC-SEER-BA-rDXGF-NoLRM-0%UC-NR/instance-out.sql,CZ11,DMo,weighted,rDXGF,Ex,dxAC_equip,,RB-dxAC_equip-spltAC-SEER-BA-rDXGF-NoLRM-0%UC-NR,DMo&0&rDXGF&Ex&dxAC_equip,RB-dxAC_equip-spltAC-SEER-BA-rDXGF-NoLRM-0%UC-NR,71.18,131.17,49279.21,90813.19,49279.21000000001,12274.32,6501.83,3129.96,0.0,12980.689999999999,0.0,3153.42,0.0,0.0,0.0,0.0,11238.99,0.0,0.0,0.0,6501.83,12274.32,0.0,5167.03,7813.66,0.0,6.67,230.77,28418872.390138414
runs/CZ11/DMo&0&rDXHP&Ex&dxHP_equip/RB-dxHP_equip-spltHP-SEER-BA-rDXHP-LRM-LSC-NR/instance-out.sql,CZ11,DMo,weighted,rDXHP,Ex,dxHP_equip,,RB-dxHP_equip-spltHP-SEER-BA-rDXHP-LRM-LSC-NR,DMo&0&rDXHP&Ex&dxHP_equip,RB-dxHP_equip-spltHP-SEER-BA-rDXHP-LRM-LSC-NR,58.7,128.64,40641.29,89058.68,40641.3,3715.54,5941.82,3129.96,0.0,12980.689999999999,0.0,3650.8,0.0,0.0,0.0,0.0,11222.49,0.0,0.0,3715.54,5941.82,0.0,0.0,5167.03,7813.66,0.0,6.67,230.77,26786232.88570647
runs/CZ11/DMo&0&rDXHP&Ex&dxHP_equip/RB-dxHP_equip-spltHP-SEER-BA-rDXHP-LRM-LSC-NC/instance-out.sql,CZ11,DMo,weighted,rDXHP,Ex,dxHP_equip,,RB-dxHP_equip-spltHP-SEER-BA-rDXHP-LRM-LSC-NC,DMo&0&rDXHP&Ex&dxHP_equip,RB-dxHP_equip-spltHP-SEER-BA-rDXHP-LRM-LSC-NC,58.7,128.64,40641.29,89058.68,40641.3,3715.54,5941.82,3129.96,0.0,12980.689999999999,0.0,3650.8,0.0,0.0,0.0,0.0,11222.49,0.0,0.0,3715.54,5941.82,0.0,0.0,5167.03,7813.66,0.0,6.67,230.77,26786232.88570647
runs/CZ11/DMo&0&rDXGF&Ex&dxAC_equip/RB-dxAC_equip-spltAC-SEER-BA-rDXGF-NoLRM-40%UC-AOE/instance-out.sql,CZ11,DMo,weighted,rDXGF,Ex,dxAC_equip,,RB-dxAC_equip-spltAC-SEER-BA-rDXGF-NoLRM-40%UC-AOE,DMo&0&rDXGF&Ex&dxAC_equip,RB-dxAC_equip-spltAC-SEER-BA-rDXGF-NoLRM-40%UC-AOE,78.98,155.89,54681.5,107922.22,54681.5,12274.32,11904.11,3129.96,0.0,12980.689999999999,0.0,3153.42,0.0,0.0,0.0,0.0,11238.99,0.0,0.0,0.0,11904.11,12274.32,0.0,5167.03,7813.66,0.0,6.67,230.77,44124021.831808746
runs/CZ11/DMo&0&rDXGF&Ex&dxAC_equip/RB-dxAC_equip-spltAC-SEER-BA-rDXGF-NoLRM-7.5%UC-AOE/instance-out.sql,CZ11,DMo,weighted,rDXGF,Ex,dxAC_equip,,RB-dxAC_equip-spltAC-SEER-BA-rDXGF-NoLRM-7.5%UC-AOE,DMo&0&rDXGF&Ex&dxAC_equip,RB-dxAC_equip-spltAC-SEER-BA-rDXGF-NoLRM-7.5%UC-AOE,73.47,138.43,50864.57,95834.03,50864.57,12274.32,8087.19,3129.96,0.0,12980.689999999999,0.0,3153.42,0.0,0.0,0.0,0.0,11238.99,0.0,0.0,0.0,8087.19,12274.32,0.0,5167.03,7813.66,0.0,6.67,230.77,33027725.084170386
runs/CZ11/DMo&0&rDXHP&Ex&dxHP_equip/RB-dxHP_equip-spltHP-SEER-BA-rDXHP-NoLRM-22.5%UC-AOE/instance-out.sql,CZ11,DMo,weighted,rDXHP,Ex,dxHP_equip,,RB-dxHP_equip-spltHP-SEER-BA-rDXHP-NoLRM-22.5%UC-AOE,DMo&0&rDXHP&Ex&dxHP_equip,RB-dxHP_equip-spltHP-SEER-BA-rDXHP-NoLRM-22.5%UC-AOE,66.93,154.69,46336.52,107095.47,46336.520000000004,5501.1,9851.49,3129.96,0.0,12980.689999999999,0.0,3650.8,0.0,0.0,0.0,0.0,11222.49,0.0,0.0,5501.1,9851.49,0.0,0.0,5167.03,7813.66,0.0,6.67,230.77,38149091.374183305
runs/CZ11/DMo&0&rDXHP&Ex&dxHP_equip/RB-dxHP_equip-spltHP-SEER-BA-rDXHP-LRM-LSC-AOE/instance-out.sql,CZ11,DMo,weighted,rDXHP,Ex,dxHP_equip,,RB-dxHP_equip-spltHP-SEER-BA-rDXHP-LRM-LSC-AOE,DMo&0&rDXHP&Ex&dxHP_equip,RB-dxHP_equip-spltHP-SEER-BA-rDXHP-LRM-LSC-AOE,60.92,135.66,42175.48,93917.46,42175.490000000005,4605.87,6585.67,3129.96,0.0,12980.689999999999,0.0,3650.8,0.0,0.0,0.0,0.0,11222.49,0.0,0.0,4605.87,6585.67,0.0,0.0,5167.03,7813.66,0.0,6.67,230.77,28657490.316805504
runs/CZ11/DMo&0&rDXHP&Ex&dxHP_equip/RB-dxHP_equip-spltHP-SEER-BA-rDXHP-NoLRM-0%UC-AOE/instance-out.sql,CZ11,DMo,weighted,rDXHP,Ex,dxHP_equip,,RB-dxHP_equip-spltHP-SEER-BA-rDXHP-NoLRM-0%UC-AOE,DMo&0&rDXHP&Ex&dxHP_equip,RB-dxHP_equip-spltHP-SEER-BA-rDXHP-NoLRM-0%UC-AOE,62.07,139.29,42968.77,96429.81,42968.78,4776.55,7208.29,3129.96,0.0,12980.689999999999,0.0,3650.8,0.0,0.0,0.0,0.0,11222.49,0.0,0.0,4776.55,7208.29,0.0,0.0,5167.03,7813.66,0.0,6.67,230.77,30467040.159244932
runs/CZ11/DMo&0&rDXHP&Ex&dxHP_equip/RB-dxHP_equip-spltHP-SEER-BA-rDXHP-NoLRM-40%UC-AOE/instance-out.sql,CZ11,DMo,weighted,rDXHP,Ex,dxHP_equip,,RB-dxHP_equip-spltHP-SEER-BA-rDXHP-NoLRM-40%UC-AOE,DMo&0&rDXHP&Ex&dxHP_equip,RB-dxHP_equip-spltHP-SEER-BA-rDXHP-NoLRM-40%UC-AOE,70.71,166.67,48955.88,115390.98,48955.880000000005,6064.64,11907.3,3129.96,0.0,12980.689999999999,0.0,3650.8,0.0,0.0,0.0,0.0,11222.49,0.0,0.0,6064.64,11907.3,0.0,0.0,5167.03,7813.66,0.0,6.67,230.77,44124020.08594177
runs/CZ11/DMo&0&rDXHP&Ex&dxHP_equip/RB-dxHP_equip-spltHP-SEER-BA-rDXHP-NoLRM-0%UC-NC/instance-out.sql,CZ11,DMo,weighted,rDXHP,Ex,dxHP_equip,,RB-dxHP_equip-spltHP-SEER-BA-rDXHP-NoLRM-0%UC-NC,DMo&0&rDXHP&Ex&dxHP_equip,RB-dxHP_equip-spltHP-SEER-BA-rDXHP-NoLRM-0%UC-NC,59.71,131.83,41338.65,91267.22,41338.66,3851.15,6503.57,3129.96,0.0,12980.689999999999,0.0,3650.8,0.0,0.0,0.0,0.0,11222.49,0.0,0.0,3851.15,6503.57,0.0,0.0,5167.03,7813.66,0.0,6.67,230.77,28418871.427015055
runs/CZ11/DMo&0&rDXHP&Ex&dxHP_equip/RB-dxHP_equip-spltHP-SEER-BA-rDXHP-NoLRM-15%UC-AOE/instance-out.sql,CZ11,DMo,weighted,rDXHP,Ex,dxHP_equip,,RB-dxHP_equip-spltHP-SEER-BA-rDXHP-NoLRM-15%UC-AOE,DMo&0&rDXHP&Ex&dxHP_equip,RB-dxHP_equip-spltHP-SEER-BA-rDXHP-NoLRM-15%UC-AOE,65.31,149.56,45213.94,103540.25,45213.94,5259.58,8970.42,3129.96,0.0,12980.689999999999,0.0,3650.8,0.0,0.0,0.0,0.0,11222.49,0.0,0.0,5259.58,8970.42,0.0,0.0,5167.03,7813.66,0.0,6.67,230.77,35588407.63186021
runs/CZ11/DMo&0&rDXHP&Ex&dxHP_equip/RB-dxHP_equip-spltHP-SEER-BA-rDXHP-NoLRM-0%UC-NR/instance-out.sql,CZ11,DMo,weighted,rDXHP,Ex,dxHP_equip,,RB-dxHP_equip-spltHP-SEER-BA-rDXHP-NoLRM-0%UC-NR,DMo&0&rDXHP&Ex&dxHP_equip,RB-dxHP_equip-spltHP-SEER-BA-rDXHP-NoLRM-0%UC-NR,59.71,131.83,41338.65,91267.22,41338.66,3851.15,6503.57,3129.96,0.0,12980.689999999999,0.0,3650.8,0.0,0.0,0.0,0.0,11222.49,0.0,0.0,3851.15,6503.57,0.0,0.0,5167.03,7813.66,0.0,6.67,230.77,28418871.427015055
runs/CZ12/DMo&0&rDXGF&Ex&dxAC_equip/RB-dxAC_equip-spltAC-SEER-BA-rDXGF-LRM-LSC-NR/instance-out.sql,CZ12,DMo,weighted,rDXGF,Ex,dxAC_equip,,RB-dxAC_equip-spltAC-SEER-BA-rDXGF-LRM-LSC-NR,DMo&0&rDXGF&Ex&dxAC_equip,RB-dxAC_equip-spltAC-SEER-BA-rDXGF-LRM-LSC-NR,65.98,114.35,45681.66,79167.12,45681.66,12366.78,3635.58,3129.96,0.0,12980.689999999999,0.0,2300.84,0.0,0.0,0.0,0.0,11267.82,0.0,0.0,0.0,3635.58,12366.78,0.0,5167.03,7813.66,0.0,0.17,230.77,22885232.106655903
runs/CZ11/DMo&0&rDXHP&Ex&dxHP_equip/RB-dxHP_equip-spltHP-SEER-BA-rDXHP-NoLRM-30%UC-AOE/instance-out.sql,CZ11,DMo,weighted,rDXHP,Ex,dxHP_equip,,RB-dxHP_equip-spltHP-SEER-BA-rDXHP-NoLRM-30%UC-AOE,DMo&0&rDXHP&Ex&dxHP_equip,RB-dxHP_equip-spltHP-SEER-BA-rDXHP-NoLRM-30%UC-AOE,68.55,159.83,47459.1,110650.68,47459.11,5742.62,10732.55,3129.96,0.0,12980.689999999999,0.0,3650.8,0.0,0.0,0.0,0.0,11222.49,0.0,0.0,5742.62,10732.55,0.0,0.0,5167.03,7813.66,0.0,6.67,230.77,40709775.09947876
runs/CZ11/DMo&0&rDXHP&Ex&dxHP_equip/RB-dxHP_equip-spltHP-SEER-BA-rDXHP-NoLRM-7.5%UC-AOE/instance-out.sql,CZ11,DMo,weighted,rDXHP,Ex,dxHP_equip,,RB-dxHP_equip-spltHP-SEER-BA-rDXHP-NoLRM-7.5%UC-AOE,DMo&0&rDXHP&Ex&dxHP_equip,RB-dxHP_equip-spltHP-SEER-BA-rDXHP-NoLRM-7.5%UC-AOE,63.69,144.42,44091.36,99985.03,44091.36,5018.07,8089.36,3129.96,0.0,12980.689999999999,0.0,3650.8,0.0,0.0,0.0,0.0,11222.49,0.0,0.0,5018.07,8089.36,0.0,0.0,5167.03,7813.66,0.0,6.67,230.77,33027723.89134211
runs/CZ12/DMo&0&rDXGF&Ex&dxAC_equip/RB-dxAC_equip-spltAC-SEER-BA-rDXGF-NoLRM-30%UC-AOE/instance-out.sql,CZ12,DMo,weighted,rDXGF,Ex,dxAC_equip,,RB-dxAC_equip-spltAC-SEER-BA-rDXGF-NoLRM-30%UC-AOE,DMo&0&rDXGF&Ex&dxAC_equip,RB-dxAC_equip-spltAC-SEER-BA-rDXGF-NoLRM-30%UC-AOE,70.22,127.76,48612.93,88450.44,48612.93,12366.78,6566.85,3129.96,0.0,12980.689999999999,0.0,2300.84,0.0,0.0,0.0,0.0,11267.82,0.0,0.0,0.0,6566.85,12366.78,0.0,5167.03,7813.66,0.0,0.17,230.77,33849310.59566173
runs/CZ12/DMo&0&rDXGF&Ex&dxAC_equip/RB-dxAC_equip-spltAC-SEER-BA-rDXGF-NoLRM-22.5%UC-AOE/instance-out.sql,CZ12,DMo,weighted,rDXGF,Ex,dxAC_equip,,RB-dxAC_equip-spltAC-SEER-BA-rDXGF-NoLRM-22.5%UC-AOE,DMo&0&rDXGF&Ex&dxAC_equip,RB-dxAC_equip-spltAC-SEER-BA-rDXGF-NoLRM-22.5%UC-AOE,69.44,125.29,48073.84,86743.14,48073.84,12366.78,6027.76,3129.96,0.0,12980.689999999999,0.0,2300.84,0.0,0.0,0.0,0.0,11267.82,0.0,0.0,0.0,6027.76,12366.78,0.0,5167.03,7813.66,0.0,0.17,230.77,31832902.92305895
runs/CZ12/DMo&0&rDXHP&Ex&dxHP_equip/RB-dxHP_equip-spltHP-SEER-BA-rDXHP-LRM-LSC-AOE/instance-out.sql,CZ12,DMo,weighted,rDXHP,Ex,dxHP_equip,,RB-dxHP_equip-spltHP-SEER-BA-rDXHP-LRM-LSC-AOE,DMo&0&rDXHP&Ex&dxHP_equip,RB-dxHP_equip-spltHP-SEER-BA-rDXHP-LRM-LSC-AOE,56.12,120.38,38854.14,83342.56,38854.149999999994,4684.53,4031.13,3129.96,0.0,12980.689999999999,0.0,2778.35,0.0,0.0,0.0,0.0,11249.48,0.0,0.0,4684.53,4031.13,0.0,0.0,5167.03,7813.66,0.0,0.17,230.77,24358770.537556253
runs/CZ12/DMo&0&rDXGF&Ex&dxAC_equip/RB-dxAC_equip-spltAC-SEER-BA-rDXGF-LRM-LSC-AOE/instance-out.sql,CZ12,DMo,weighted,rDXGF,Ex,dxAC_equip,,RB-dxAC_equip-spltAC-SEER-BA-rDXGF-LRM-LSC-AOE,DMo&0&rDXGF&Ex&dxAC_equip,RB-dxAC_equip-spltAC-SEER-BA-rDXGF-LRM-LSC-AOE,66.55,116.15,46075.61,80414.75,46075.61,12366.78,4029.53,3129.96,0.0,12980.689999999999,0.0,2300.84,0.0,0.0,0.0,0.0,11267.82,0.0,0.0,0.0,4029.53,12366.78,0.0,5167.03,7813.66,0.0,0.17,230.77,24358751.778066203
runs/CZ12/DMo&0&rDXGF&Ex&dxAC_equip/RB-dxAC_equip-spltAC-SEER-BA-rDXGF-NoLRM-0%UC-AOE/instance-out.sql,CZ12,DMo,weighted,rDXGF,Ex,dxAC_equip,,RB-dxAC_equip-spltAC-SEER-BA-rDXGF-NoLRM-0%UC-AOE,DMo&0&rDXGF&Ex&dxAC_equip,RB-dxAC_equip-spltAC-SEER-BA-rDXGF-NoLRM-0%UC-AOE,67.1,117.9,46456.57,81621.24,46456.57,12366.78,4410.49,3129.96,0.0,12980.689999999999,0.0,2300.84,0.0,0.0,0.0,0.0,11267.82,0.0,0.0,0.0,4410.49,12366.78,0.0,5167.03,7813.66,0.0,0.17,230.77,25783679.874499127
runs/CZ12/DMo&0&rDXGF&Ex&dxAC_equip/RB-dxAC_equip-spltAC-SEER-BA-rDXGF-NoLRM-0%UC-NR/instance-out.sql,CZ12,DMo,weighted,rDXGF,Ex,dxAC_equip,,RB-dxAC_equip-spltAC-SEER-BA-rDXGF-NoLRM-0%UC-NR,DMo&0&rDXGF&Ex&dxAC_equip,RB-dxAC_equip-spltAC-SEER-BA-rDXGF-NoLRM-0%UC-NR,66.48,115.92,46025.38,80255.65,46025.37,12366.78,3979.29,3129.96,0.0,12980.689999999999,0.0,2300.84,0.0,0.0,0.0,0.0,11267.82,0.0,0.0,0.0,3979.29,12366.78,0.0,5167.03,7813.66,0.0,0.17,230.77,24170851.58740681
runs/CZ12/DMo&0&rDXGF&Ex&dxAC_equip/RB-dxAC_equip-spltAC-SEER-BA-rDXGF-NoLRM-15%UC-AOE/instance-out.sql,CZ12,DMo,weighted,rDXGF,Ex,dxAC_equip,,RB-dxAC_equip-spltAC-SEER-BA-rDXGF-NoLRM-15%UC-AOE,DMo&0&rDXGF&Ex&dxAC_equip,RB-dxAC_equip-spltAC-SEER-BA-rDXGF-NoLRM-15%UC-AOE,68.66,122.83,47534.75,85035.84,47534.75,12366.78,5488.67,3129.96,0.0,12980.689999999999,0.0,2300.84,0.0,0.0,0.0,0.0,11267.82,0.0,0.0,0.0,5488.67,12366.78,0.0,5167.03,7813.66,0.0,0.17,230.77,29816495.23704777
runs/CZ12/DMo&0&rDXGF&Ex&dxAC_equip/RB-dxAC_equip-spltAC-SEER-BA-rDXGF-NoLRM-40%UC-AOE/instance-out.sql,CZ12,DMo,weighted,rDXGF,Ex,dxAC_equip,,RB-dxAC_equip-spltAC-SEER-BA-rDXGF-NoLRM-40%UC-AOE,DMo&0&rDXGF&Ex&dxAC_equip,RB-dxAC_equip-spltAC-SEER-BA-rDXGF-NoLRM-40%UC-AOE,71.26,131.05,49331.72,90726.84,49331.72,12366.78,7285.64,3129.96,0.0,12980.689999999999,0.0,2300.84,0.0,0.0,0.0,0.0,11267.82,0.0,0.0,0.0,7285.64,12366.78,0.0,5167.03,7813.66,0.0,0.17,230.77,36537854.17441052
runs/CZ12/DMo&0&rDXHP&Ex&dxHP_equip/RB-dxHP_equip-spltHP-SEER-BA-rDXHP-LRM-LSC-NR/instance-out.sql,CZ12,DMo,weighted,rDXHP,Ex,dxHP_equip,,RB-dxHP_equip-spltHP-SEER-BA-rDXHP-LRM-LSC-NR,DMo&0&rDXHP&Ex&dxHP_equip,RB-dxHP_equip-spltHP-SEER-BA-rDXHP-LRM-LSC-NR,54.24,114.41,37548.07,79206.23,37548.07,3772.57,3637.03,3129.96,0.0,12980.689999999999,0.0,2778.35,0.0,0.0,0.0,0.0,11249.48,0.0,0.0,3772.57,3637.03,0.0,0.0,5167.03,7813.66,0.0,0.17,230.77,22885249.414268404
runs/CZ12/DMo&0&rDXGF&Ex&dxAC_equip/RB-dxAC_equip-spltAC-SEER-BA-rDXGF-NoLRM-7.5%UC-AOE/instance-out.sql,CZ12,DMo,weighted,rDXGF,Ex,dxAC_equip,,RB-dxAC_equip-spltAC-SEER-BA-rDXGF-NoLRM-7.5%UC-AOE,DMo&0&rDXGF&Ex&dxAC_equip,RB-dxAC_equip-spltAC-SEER-BA-rDXGF-NoLRM-7.5%UC-AOE,67.88,120.36,46995.66,83328.54,46995.66,12366.78,4949.58,3129.96,0.0,12980.689999999999,0.0,2300.84,0.0,0.0,0.0,0.0,11267.82,0.0,0.0,0.0,4949.58,12366.78,0.0,5167.03,7813.66,0.0,0.17,230.77,27800087.552457925
runs/CZ12/DMo&0&rDXHP&Ex&dxHP_equip/RB-dxHP_equip-spltHP-SEER-BA-rDXHP-LRM-LSC-NC/instance-out.sql,CZ12,DMo,weighted,rDXHP,Ex,dxHP_equip,,RB-dxHP_equip-spltHP-SEER-BA-rDXHP-LRM-LSC-NC,DMo&0&rDXHP&Ex&dxHP_equip,RB-dxHP_equip-spltHP-SEER-BA-rDXHP-LRM-LSC-NC,54.24,114.41,37548.07,79206.23,37548.07,3772.57,3637.03,3129.96,0.0,12980.689999999999,0.0,2778.35,0.0,0.0,0.0,0.0,11249.48,0.0,0.0,3772.57,3637.03,0.0,0.0,5167.03,7813.66,0.0,0.17,230.77,22885249.414268404
runs/CZ12/DMo&0&rDXHP&Ex&dxHP_equip/RB-dxHP_equip-spltHP-SEER-BA-rDXHP-NoLRM-22.5%UC-AOE/instance-out.sql,CZ12,DMo,weighted,rDXHP,Ex,dxHP_equip,,RB-dxHP_equip-spltHP-SEER-BA-rDXHP-NoLRM-22.5%UC-AOE,DMo&0&rDXHP&Ex&dxHP_equip,RB-dxHP_equip-spltHP-SEER-BA-rDXHP-NoLRM-22.5%UC-AOE,60.33,133.72,41770.14,92577.52,41770.14,5601.51,6030.15,3129.96,0.0,12980.689999999999,0.0,2778.35,0.0,0.0,0.0,0.0,11249.48,0.0,0.0,5601.51,6030.15,0.0,0.0,5167.03,7813.66,0.0,0.17,230.77,31832929.046924546
runs/CZ12/DMo&0&rDXHP&Ex&dxHP_equip/RB-dxHP_equip-spltHP-SEER-BA-rDXHP-NoLRM-0%UC-AOE/instance-out.sql,CZ12,DMo,weighted,rDXHP,Ex,dxHP_equip,,RB-dxHP_equip-spltHP-SEER-BA-rDXHP-NoLRM-0%UC-AOE,DMo&0&rDXHP&Ex&dxHP_equip,RB-dxHP_equip-spltHP-SEER-BA-rDXHP-NoLRM-0%UC-AOE,56.93,122.93,39410.07,85103.18,39410.07,4859.35,4412.24,3129.96,0.0,12980.689999999999,0.0,2778.35,0.0,0.0,0.0,0.0,11249.48,0.0,0.0,4859.35,4412.24,0.0,0.0,5167.03,7813.66,0.0,0.17,230.77,25783700.037988834
runs/CZ12/DMo&0&rDXHP&Ex&dxHP_equip/RB-dxHP_equip-spltHP-SEER-BA-rDXHP-NoLRM-15%UC-AOE/instance-out.sql,CZ12,DMo,weighted,rDXHP,Ex,dxHP_equip,,RB-dxHP_equip-spltHP-SEER-BA-rDXHP-NoLRM-15%UC-AOE,DMo&0&rDXHP&Ex&dxHP_equip,RB-dxHP_equip-spltHP-SEER-BA-rDXHP-NoLRM-15%UC-AOE,59.2,130.12,40983.45,90086.07,40983.45,5354.12,5490.85,3129.96,0.0,12980.689999999999,0.0,2778.35,0.0,0.0,0.0,0.0,11249.48,0.0,0.0,5354.12,5490.85,0.0,0.0,5167.03,7813.66,0.0,0.17,230.77,29816519.374121398
runs/CZ12/DMo&0&rDXHP&Ex&dxHP_equip/RB-dxHP_equip-spltHP-SEER-BA-rDXHP-NoLRM-40%UC-AOE/instance-out.sql,CZ12,DMo,weighted,rDXHP,Ex,dxHP_equip,,RB-dxHP_equip-spltHP-SEER-BA-rDXHP-NoLRM-40%UC-AOE,DMo&0&rDXHP&Ex&dxHP_equip,RB-dxHP_equip-spltHP-SEER-BA-rDXHP-NoLRM-40%UC-AOE,62.99,142.12,43605.75,98390.9,43605.75,6178.74,7288.53,3129.96,0.0,12980.689999999999,0.0,2778.35,0.0,0.0,0.0,0.0,11249.48,0.0,0.0,6178.74,7288.53,0.0,0.0,5167.03,7813.66,0.0,0.17,230.77,36537884.934124015
runs/CZ12/DMo&0&rDXHP&Ex&dxHP_equip/RB-dxHP_equip-spltHP-SEER-BA-rDXHP-NoLRM-0%UC-NC/instance-out.sql,CZ12,DMo,weighted,rDXHP,Ex,dxHP_equip,,RB-dxHP_equip-spltHP-SEER-BA-rDXHP-NoLRM-0%UC-NC,DMo&0&rDXHP&Ex&dxHP_equip,RB-dxHP_equip-spltHP-SEER-BA-rDXHP-NoLRM-0%UC-NC,54.93,116.62,38030.83,80735.12,38030.83,3911.47,3980.88,3129.96,0.0,12980.689999999999,0.0,2778.35,0.0,0.0,0.0,0.0,11249.48,0.0,0.0,3911.47,3980.88,0.0,0.0,5167.03,7813.66,0.0,0.17,230.77,24170870.16175643
runs/CZ12/DMo&0&rDXHP&Ex&dxHP_equip/RB-dxHP_equip-spltHP-SEER-BA-rDXHP-NoLRM-0%UC-NR/instance-out.sql,CZ12,DMo,weighted,rDXHP,Ex,dxHP_equip,,RB-dxHP_equip-spltHP-SEER-BA-rDXHP-NoLRM-0%UC-NR,DMo&0&rDXHP&Ex&dxHP_equip,RB-dxHP_equip-spltHP-SEER-BA-rDXHP-NoLRM-0%UC-NR,54.93,116.62,38030.83,80735.12,38030.83,3911.47,3980.88,3129.96,0.0,12980.689999999999,0.0,2778.35,0.0,0.0,0.0,0.0,11249.48,0.0,0.0,3911.47,3980.88,0.0,0.0,5167.03,7813.66,0.0,0.17,230.77,24170870.16175643
runs/CZ13/DMo&0&rDXGF&Ex&dxAC_equip/RB-dxAC_equip-spltAC-SEER-BA-rDXGF-LRM-LSC-NR/instance-out.sql,CZ13,DMo,weighted,rDXGF,Ex,dxAC_equip,,RB-dxAC_equip-spltAC-SEER-BA-rDXGF-LRM-LSC-NR,DMo&0&rDXGF&Ex&dxAC_equip,RB-dxAC_equip-spltAC-SEER-BA-rDXGF-LRM-LSC-NR,68.22,127.72,47230.65,88422.58,47230.65,10408.51,6333.59,3129.96,0.0,12980.689999999999,0.0,3240.06,0.0,0.0,0.0,0.0,11137.83,0.0,0.0,0.0,6333.59,10408.51,0.0,5167.03,7813.66,0.0,5.17,230.77,28676900.740499914
runs/CZ13/DMo&0&rDXGF&Ex&dxAC_equip/RB-dxAC_equip-spltAC-SEER-BA-rDXGF-NoLRM-30%UC-AOE/instance-out.sql,CZ13,DMo,weighted,rDXGF,Ex,dxAC_equip,,RB-dxAC_equip-spltAC-SEER-BA-rDXGF-NoLRM-30%UC-AOE,DMo&0&rDXGF&Ex&dxAC_equip,RB-dxAC_equip-spltAC-SEER-BA-rDXGF-NoLRM-30%UC-AOE,75.6,151.08,52337.25,104595.18,52337.25,10408.51,11440.2,3129.96,0.0,12980.689999999999,0.0,3240.06,0.0,0.0,0.0,0.0,11137.83,0.0,0.0,0.0,11440.2,10408.51,0.0,5167.03,7813.66,0.0,5.17,230.77,44123672.68031593
runs/CZ12/DMo&0&rDXHP&Ex&dxHP_equip/RB-dxHP_equip-spltHP-SEER-BA-rDXHP-NoLRM-7.5%UC-AOE/instance-out.sql,CZ12,DMo,weighted,rDXHP,Ex,dxHP_equip,,RB-dxHP_equip-spltHP-SEER-BA-rDXHP-NoLRM-7.5%UC-AOE,DMo&0&rDXHP&Ex&dxHP_equip,RB-dxHP_equip-spltHP-SEER-BA-rDXHP-NoLRM-7.5%UC-AOE,58.06,126.52,40196.76,87594.63,40196.759999999995,5106.74,4951.54,3129.96,0.0,12980.689999999999,0.0,2778.35,0.0,0.0,0.0,0.0,11249.48,0.0,0.0,5106.74,4951.54,0.0,0.0,5167.03,7813.66,0.0,0.17,230.77,27800109.702739585
runs/CZ12/DMo&0&rDXHP&Ex&dxHP_equip/RB-dxHP_equip-spltHP-SEER-BA-rDXHP-NoLRM-30%UC-AOE/instance-out.sql,CZ12,DMo,weighted,rDXHP,Ex,dxHP_equip,,RB-dxHP_equip-spltHP-SEER-BA-rDXHP-NoLRM-30%UC-AOE,DMo&0&rDXHP&Ex&dxHP_equip,RB-dxHP_equip-spltHP-SEER-BA-rDXHP-NoLRM-30%UC-AOE,61.47,137.32,42556.83,95068.97,42556.83,5848.89,6569.46,3129.96,0.0,12980.689999999999,0.0,2778.35,0.0,0.0,0.0,0.0,11249.48,0.0,0.0,5848.89,6569.46,0.0,0.0,5167.03,7813.66,0.0,0.17,230.77,33849338.70631929
runs/CZ13/DMo&0&rDXGF&Ex&dxAC_equip/RB-dxAC_equip-spltAC-SEER-BA-rDXGF-NoLRM-0%UC-AOE/instance-out.sql,CZ13,DMo,weighted,rDXGF,Ex,dxAC_equip,,RB-dxAC_equip-spltAC-SEER-BA-rDXGF-NoLRM-0%UC-AOE,DMo&0&rDXGF&Ex&dxAC_equip,RB-dxAC_equip-spltAC-SEER-BA-rDXGF-NoLRM-0%UC-AOE,70.17,133.9,48580.62,92697.94,48580.619999999995,10408.51,7683.57,3129.96,0.0,12980.689999999999,0.0,3240.06,0.0,0.0,0.0,0.0,11137.83,0.0,0.0,0.0,7683.57,10408.51,0.0,5167.03,7813.66,0.0,5.17,230.77,32760386.798561033
runs/CZ13/DMo&0&rDXGF&Ex&dxAC_equip/RB-dxAC_equip-spltAC-SEER-BA-rDXGF-NoLRM-40%UC-AOE/instance-out.sql,CZ13,DMo,weighted,rDXGF,Ex,dxAC_equip,,RB-dxAC_equip-spltAC-SEER-BA-rDXGF-NoLRM-40%UC-AOE,DMo&0&rDXGF&Ex&dxAC_equip,RB-dxAC_equip-spltAC-SEER-BA-rDXGF-NoLRM-40%UC-AOE,77.41,156.81,53589.46,108560.93,53589.46,10408.51,12692.41,3129.96,0.0,12980.689999999999,0.0,3240.06,0.0,0.0,0.0,0.0,11137.83,0.0,0.0,0.0,12692.41,10408.51,0.0,5167.03,7813.66,0.0,5.17,230.77,47911434.64798449
runs/CZ13/DMo&0&rDXHP&Ex&dxHP_equip/RB-dxHP_equip-spltHP-SEER-BA-rDXHP-LRM-LSC-AOE/instance-out.sql,CZ13,DMo,weighted,rDXHP,Ex,dxHP_equip,,RB-dxHP_equip-spltHP-SEER-BA-rDXHP-LRM-LSC-AOE,DMo&0&rDXHP&Ex&dxHP_equip,RB-dxHP_equip-spltHP-SEER-BA-rDXHP-LRM-LSC-AOE,60.47,134.54,41864.32,93141.48,41864.32,3948.58,7021.26,3129.96,0.0,12980.689999999999,0.0,3661.9,0.0,0.0,0.0,0.0,11121.93,0.0,0.0,3948.58,7021.26,0.0,0.0,5167.03,7813.66,0.0,5.17,230.77,30752827.694241814
runs/CZ13/DMo&0&rDXGF&Ex&dxAC_equip/RB-dxAC_equip-spltAC-SEER-BA-rDXGF-LRM-LSC-AOE/instance-out.sql,CZ13,DMo,weighted,rDXGF,Ex,dxAC_equip,,RB-dxAC_equip-spltAC-SEER-BA-rDXGF-LRM-LSC-AOE,DMo&0&rDXGF&Ex&dxAC_equip,RB-dxAC_equip-spltAC-SEER-BA-rDXGF-LRM-LSC-AOE,69.21,130.86,47916.95,90596.1,47916.95,10408.51,7019.9,3129.96,0.0,12980.689999999999,0.0,3240.06,0.0,0.0,0.0,0.0,11137.83,0.0,0.0,0.0,7019.9,10408.51,0.0,5167.03,7813.66,0.0,5.17,230.77,30752872.956124887
runs/CZ13/DMo&0&rDXGF&Ex&dxAC_equip/RB-dxAC_equip-spltAC-SEER-BA-rDXGF-NoLRM-22.5%UC-AOE/instance-out.sql,CZ13,DMo,weighted,rDXGF,Ex,dxAC_equip,,RB-dxAC_equip-spltAC-SEER-BA-rDXGF-NoLRM-22.5%UC-AOE,DMo&0&rDXGF&Ex&dxAC_equip,RB-dxAC_equip-spltAC-SEER-BA-rDXGF-NoLRM-22.5%UC-AOE,74.24,146.78,51398.09,101620.87,51398.09,10408.51,10501.04,3129.96,0.0,12980.689999999999,0.0,3240.06,0.0,0.0,0.0,0.0,11137.83,0.0,0.0,0.0,10501.04,10408.51,0.0,5167.03,7813.66,0.0,5.17,230.77,41282851.22070828
runs/CZ13/DMo&0&rDXHP&Ex&dxHP_equip/RB-dxHP_equip-spltHP-SEER-BA-rDXHP-LRM-LSC-NC/instance-out.sql,CZ13,DMo,weighted,rDXHP,Ex,dxHP_equip,,RB-dxHP_equip-spltHP-SEER-BA-rDXHP-LRM-LSC-NC,DMo&0&rDXHP&Ex&dxHP_equip,RB-dxHP_equip-spltHP-SEER-BA-rDXHP-LRM-LSC-NC,58.37,127.88,40410.22,88536.33,40410.22,3180.92,6334.82,3129.96,0.0,12980.689999999999,0.0,3661.9,0.0,0.0,0.0,0.0,11121.93,0.0,0.0,3180.92,6334.82,0.0,0.0,5167.03,7813.66,0.0,5.17,230.77,28676859.903661277
runs/CZ13/DMo&0&rDXGF&Ex&dxAC_equip/RB-dxAC_equip-spltAC-SEER-BA-rDXGF-NoLRM-15%UC-AOE/instance-out.sql,CZ13,DMo,weighted,rDXGF,Ex,dxAC_equip,,RB-dxAC_equip-spltAC-SEER-BA-rDXGF-NoLRM-15%UC-AOE,DMo&0&rDXGF&Ex&dxAC_equip,RB-dxAC_equip-spltAC-SEER-BA-rDXGF-NoLRM-15%UC-AOE,72.88,142.49,50458.94,98646.56,50458.93,10408.51,9561.88,3129.96,0.0,12980.689999999999,0.0,3240.06,0.0,0.0,0.0,0.0,11137.83,0.0,0.0,0.0,9561.88,10408.51,0.0,5167.03,7813.66,0.0,5.17,230.77,38442029.74221017
runs/CZ13/DMo&0&rDXGF&Ex&dxAC_equip/RB-dxAC_equip-spltAC-SEER-BA-rDXGF-NoLRM-0%UC-NR/instance-out.sql,CZ13,DMo,weighted,rDXGF,Ex,dxAC_equip,,RB-dxAC_equip-spltAC-SEER-BA-rDXGF-NoLRM-0%UC-NR,DMo&0&rDXGF&Ex&dxAC_equip,RB-dxAC_equip-spltAC-SEER-BA-rDXGF-NoLRM-0%UC-NR,69.09,130.46,47829.43,90318.94,47829.43,10408.51,6932.38,3129.96,0.0,12980.689999999999,0.0,3240.06,0.0,0.0,0.0,0.0,11137.83,0.0,0.0,0.0,6932.38,10408.51,0.0,5167.03,7813.66,0.0,5.17,230.77,30488149.259055957
runs/CZ13/DMo&0&rDXGF&Ex&dxAC_equip/RB-dxAC_equip-spltAC-SEER-BA-rDXGF-NoLRM-7.5%UC-AOE/instance-out.sql,CZ13,DMo,weighted,rDXGF,Ex,dxAC_equip,,RB-dxAC_equip-spltAC-SEER-BA-rDXGF-NoLRM-7.5%UC-AOE,DMo&0&rDXGF&Ex&dxAC_equip,RB-dxAC_equip-spltAC-SEER-BA-rDXGF-NoLRM-7.5%UC-AOE,71.53,138.19,49519.78,95672.25,49519.78,10408.51,8622.73,3129.96,0.0,12980.689999999999,0.0,3240.06,0.0,0.0,0.0,0.0,11137.83,0.0,0.0,0.0,8622.73,10408.51,0.0,5167.03,7813.66,0.0,5.17,230.77,35601208.26571452
runs/CZ13/DMo&0&rDXHP&Ex&dxHP_equip/RB-dxHP_equip-spltHP-SEER-BA-rDXHP-NoLRM-0%UC-NC/instance-out.sql,CZ13,DMo,weighted,rDXHP,Ex,dxHP_equip,,RB-dxHP_equip-spltHP-SEER-BA-rDXHP-NoLRM-0%UC-NC,DMo&0&rDXHP&Ex&dxHP_equip,RB-dxHP_equip-spltHP-SEER-BA-rDXHP-NoLRM-0%UC-NC,59.4,131.16,41126.05,90803.36,41126.05,3297.84,6933.73,3129.96,0.0,12980.689999999999,0.0,3661.9,0.0,0.0,0.0,0.0,11121.93,0.0,0.0,3297.84,6933.73,0.0,0.0,5167.03,7813.66,0.0,5.17,230.77,30488104.56144543
runs/CZ13/DMo&0&rDXHP&Ex&dxHP_equip/RB-dxHP_equip-spltHP-SEER-BA-rDXHP-LRM-LSC-NR/instance-out.sql,CZ13,DMo,weighted,rDXHP,Ex,dxHP_equip,,RB-dxHP_equip-spltHP-SEER-BA-rDXHP-LRM-LSC-NR,DMo&0&rDXHP&Ex&dxHP_equip,RB-dxHP_equip-spltHP-SEER-BA-rDXHP-LRM-LSC-NR,58.37,127.88,40410.22,88536.33,40410.22,3180.92,6334.82,3129.96,0.0,12980.689999999999,0.0,3661.9,0.0,0.0,0.0,0.0,11121.93,0.0,0.0,3180.92,6334.82,0.0,0.0,5167.03,7813.66,0.0,5.17,230.77,28676859.903661277
runs/CZ13/DMo&0&rDXHP&Ex&dxHP_equip/RB-dxHP_equip-spltHP-SEER-BA-rDXHP-NoLRM-0%UC-AOE/instance-out.sql,CZ13,DMo,weighted,rDXHP,Ex,dxHP_equip,,RB-dxHP_equip-spltHP-SEER-BA-rDXHP-NoLRM-0%UC-AOE,DMo&0&rDXHP&Ex&dxHP_equip,RB-dxHP_equip-spltHP-SEER-BA-rDXHP-NoLRM-0%UC-AOE,61.64,138.25,42675.28,95709.78,42675.28,4095.74,7685.06,3129.96,0.0,12980.689999999999,0.0,3661.9,0.0,0.0,0.0,0.0,11121.93,0.0,0.0,4095.74,7685.06,0.0,0.0,5167.03,7813.66,0.0,5.17,230.77,32760337.257556163
runs/CZ13/DMo&0&rDXHP&Ex&dxHP_equip/RB-dxHP_equip-spltHP-SEER-BA-rDXHP-NoLRM-22.5%UC-AOE/instance-out.sql,CZ13,DMo,weighted,rDXHP,Ex,dxHP_equip,,RB-dxHP_equip-spltHP-SEER-BA-rDXHP-NoLRM-22.5%UC-AOE,DMo&0&rDXHP&Ex&dxHP_equip,RB-dxHP_equip-spltHP-SEER-BA-rDXHP-NoLRM-22.5%UC-AOE,66.61,154.0,46118.02,106612.94,46118.020000000004,4720.47,10503.08,3129.96,0.0,12980.689999999999,0.0,3661.9,0.0,0.0,0.0,0.0,11121.93,0.0,0.0,4720.47,10503.08,0.0,0.0,5167.03,7813.66,0.0,5.17,230.77,41282783.51362032
runs/CZ13/DMo&0&rDXHP&Ex&dxHP_equip/RB-dxHP_equip-spltHP-SEER-BA-rDXHP-NoLRM-0%UC-NR/instance-out.sql,CZ13,DMo,weighted,rDXHP,Ex,dxHP_equip,,RB-dxHP_equip-spltHP-SEER-BA-rDXHP-NoLRM-0%UC-NR,DMo&0&rDXHP&Ex&dxHP_equip,RB-dxHP_equip-spltHP-SEER-BA-rDXHP-NoLRM-0%UC-NR,59.4,131.16,41126.05,90803.36,41126.05,3297.84,6933.73,3129.96,0.0,12980.689999999999,0.0,3661.9,0.0,0.0,0.0,0.0,11121.93,0.0,0.0,3297.84,6933.73,0.0,0.0,5167.03,7813.66,0.0,5.17,230.77,30488104.56144543
runs/CZ13/DMo&0&rDXHP&Ex&dxHP_equip/RB-dxHP_equip-spltHP-SEER-BA-rDXHP-NoLRM-7.5%UC-AOE/instance-out.sql,CZ13,DMo,weighted,rDXHP,Ex,dxHP_equip,,RB-dxHP_equip-spltHP-SEER-BA-rDXHP-NoLRM-7.5%UC-AOE,DMo&0&rDXHP&Ex&dxHP_equip,RB-dxHP_equip-spltHP-SEER-BA-rDXHP-NoLRM-7.5%UC-AOE,63.3,143.5,43822.86,99344.17,43822.86,4303.98,8624.4,3129.96,0.0,12980.689999999999,0.0,3661.9,0.0,0.0,0.0,0.0,11121.93,0.0,0.0,4303.98,8624.4,0.0,0.0,5167.03,7813.66,0.0,5.17,230.77,35601152.669348635
runs/CZ13/DMo&0&rDXHP&Ex&dxHP_equip/RB-dxHP_equip-spltHP-SEER-BA-rDXHP-NoLRM-15%UC-AOE/instance-out.sql,CZ13,DMo,weighted,rDXHP,Ex,dxHP_equip,,RB-dxHP_equip-spltHP-SEER-BA-rDXHP-NoLRM-15%UC-AOE,DMo&0&rDXHP&Ex&dxHP_equip,RB-dxHP_equip-spltHP-SEER-BA-rDXHP-NoLRM-15%UC-AOE,64.96,148.75,44970.44,102978.55,44970.44,4512.23,9563.74,3129.96,0.0,12980.689999999999,0.0,3661.9,0.0,0.0,0.0,0.0,11121.93,0.0,0.0,4512.23,9563.74,0.0,0.0,5167.03,7813.66,0.0,5.17,230.77,38441968.09048325
runs/CZ13/DMo&0&rDXHP&Ex&dxHP_equip/RB-dxHP_equip-spltHP-SEER-BA-rDXHP-NoLRM-30%UC-AOE/instance-out.sql,CZ13,DMo,weighted,rDXHP,Ex,dxHP_equip,,RB-dxHP_equip-spltHP-SEER-BA-rDXHP-NoLRM-30%UC-AOE,DMo&0&rDXHP&Ex&dxHP_equip,RB-dxHP_equip-spltHP-SEER-BA-rDXHP-NoLRM-30%UC-AOE,68.27,159.24,47265.6,110247.33,47265.6,4928.71,11442.42,3129.96,0.0,12980.689999999999,0.0,3661.9,0.0,0.0,0.0,0.0,11121.93,0.0,0.0,4928.71,11442.42,0.0,0.0,5167.03,7813.66,0.0,5.17,230.77,44123598.917866975
runs/CZ14/DMo&0&rDXGF&Ex&dxAC_equip/RB-dxAC_equip-spltAC-SEER-BA-rDXGF-LRM-LSC-AOE/instance-out.sql,CZ14,DMo,weighted,rDXGF,Ex,dxAC_equip,,RB-dxAC_equip-spltAC-SEER-BA-rDXGF-LRM-LSC-AOE,DMo&0&rDXGF&Ex&dxAC_equip,RB-dxAC_equip-spltAC-SEER-BA-rDXGF-LRM-LSC-AOE,79.56,137.69,55080.15,95324.97,55080.159999999996,19077.03,5444.22,3129.96,0.0,12980.689999999999,0.0,3358.21,0.0,0.0,0.0,0.0,11090.04,0.0,0.0,0.0,5444.22,19077.03,0.0,5167.03,7813.66,0.0,0.0,230.77,23229406.84270911
runs/CZ14/DMo&0&rDXGF&Ex&dxAC_equip/RB-dxAC_equip-spltAC-SEER-BA-rDXGF-NoLRM-0%UC-AOE/instance-out.sql,CZ14,DMo,weighted,rDXGF,Ex,dxAC_equip,,RB-dxAC_equip-spltAC-SEER-BA-rDXGF-NoLRM-0%UC-AOE,DMo&0&rDXGF&Ex&dxAC_equip,RB-dxAC_equip-spltAC-SEER-BA-rDXGF-NoLRM-0%UC-AOE,80.3,140.04,55594.86,96955.04,55594.85999999999,19077.03,5958.92,3129.96,0.0,12980.689999999999,0.0,3358.21,0.0,0.0,0.0,0.0,11090.04,0.0,0.0,0.0,5958.92,19077.03,0.0,5167.03,7813.66,0.0,0.0,230.77,24538358.523029543
runs/CZ13/DMo&0&rDXHP&Ex&dxHP_equip/RB-dxHP_equip-spltHP-SEER-BA-rDXHP-NoLRM-40%UC-AOE/instance-out.sql,CZ13,DMo,weighted,rDXHP,Ex,dxHP_equip,,RB-dxHP_equip-spltHP-SEER-BA-rDXHP-NoLRM-40%UC-AOE,DMo&0&rDXHP&Ex&dxHP_equip,RB-dxHP_equip-spltHP-SEER-BA-rDXHP-NoLRM-40%UC-AOE,70.48,166.24,48795.71,115093.18,48795.71,5206.36,12694.87,3129.96,0.0,12980.689999999999,0.0,3661.9,0.0,0.0,0.0,0.0,11121.93,0.0,0.0,5206.36,12694.87,0.0,0.0,5167.03,7813.66,0.0,5.17,230.77,47911352.81172082
runs/CZ14/DMo&0&rDXGF&Ex&dxAC_equip/RB-dxAC_equip-spltAC-SEER-BA-rDXGF-NoLRM-30%UC-AOE/instance-out.sql,CZ14,DMo,weighted,rDXGF,Ex,dxAC_equip,,RB-dxAC_equip-spltAC-SEER-BA-rDXGF-NoLRM-30%UC-AOE,DMo&0&rDXGF&Ex&dxAC_equip,RB-dxAC_equip-spltAC-SEER-BA-rDXGF-NoLRM-30%UC-AOE,84.51,153.37,58508.28,106181.84,58508.28,19077.03,8872.34,3129.96,0.0,12980.689999999999,0.0,3358.21,0.0,0.0,0.0,0.0,11090.04,0.0,0.0,0.0,8872.34,19077.03,0.0,5167.03,7813.66,0.0,0.0,230.77,31947518.965397794
runs/CZ14/DMo&0&rDXGF&Ex&dxAC_equip/RB-dxAC_equip-spltAC-SEER-BA-rDXGF-LRM-LSC-NR/instance-out.sql,CZ14,DMo,weighted,rDXGF,Ex,dxAC_equip,,RB-dxAC_equip-spltAC-SEER-BA-rDXGF-LRM-LSC-NR,DMo&0&rDXGF&Ex&dxAC_equip,RB-dxAC_equip-spltAC-SEER-BA-rDXGF-LRM-LSC-NR,78.79,135.26,54547.9,93639.31,54547.9,19077.03,4911.96,3129.96,0.0,12980.689999999999,0.0,3358.21,0.0,0.0,0.0,0.0,11090.04,0.0,0.0,0.0,4911.96,19077.03,0.0,5167.03,7813.66,0.0,0.0,230.77,21875818.507475853
runs/CZ14/DMo&0&rDXGF&Ex&dxAC_equip/RB-dxAC_equip-spltAC-SEER-BA-rDXGF-NoLRM-22.5%UC-AOE/instance-out.sql,CZ14,DMo,weighted,rDXGF,Ex,dxAC_equip,,RB-dxAC_equip-spltAC-SEER-BA-rDXGF-NoLRM-22.5%UC-AOE,DMo&0&rDXGF&Ex&dxAC_equip,RB-dxAC_equip-spltAC-SEER-BA-rDXGF-NoLRM-22.5%UC-AOE,83.46,150.04,57779.92,103875.14,57779.92,19077.03,8143.99,3129.96,0.0,12980.689999999999,0.0,3358.21,0.0,0.0,0.0,0.0,11090.04,0.0,0.0,0.0,8143.99,19077.03,0.0,5167.03,7813.66,0.0,0.0,230.77,30095228.861867875
runs/CZ14/DMo&0&rDXGF&Ex&dxAC_equip/RB-dxAC_equip-spltAC-SEER-BA-rDXGF-NoLRM-15%UC-AOE/instance-out.sql,CZ14,DMo,weighted,rDXGF,Ex,dxAC_equip,,RB-dxAC_equip-spltAC-SEER-BA-rDXGF-NoLRM-15%UC-AOE,DMo&0&rDXGF&Ex&dxAC_equip,RB-dxAC_equip-spltAC-SEER-BA-rDXGF-NoLRM-15%UC-AOE,82.41,146.71,57051.57,101568.44,57051.57,19077.03,7415.63,3129.96,0.0,12980.689999999999,0.0,3358.21,0.0,0.0,0.0,0.0,11090.04,0.0,0.0,0.0,7415.63,19077.03,0.0,5167.03,7813.66,0.0,0.0,230.77,28242938.74602088
runs/CZ14/DMo&0&rDXGF&Ex&dxAC_equip/RB-dxAC_equip-spltAC-SEER-BA-rDXGF-NoLRM-0%UC-NR/instance-out.sql,CZ14,DMo,weighted,rDXGF,Ex,dxAC_equip,,RB-dxAC_equip-spltAC-SEER-BA-rDXGF-NoLRM-0%UC-NR,DMo&0&rDXGF&Ex&dxAC_equip,RB-dxAC_equip-spltAC-SEER-BA-rDXGF-NoLRM-0%UC-NR,79.46,137.38,55012.28,95110.02,55012.28,19077.03,5376.35,3129.96,0.0,12980.689999999999,0.0,3358.21,0.0,0.0,0.0,0.0,11090.04,0.0,0.0,0.0,5376.35,19077.03,0.0,5167.03,7813.66,0.0,0.0,230.77,23056800.04878607
runs/CZ14/DMo&0&rDXHP&Ex&dxHP_equip/RB-dxHP_equip-spltHP-SEER-BA-rDXHP-LRM-LSC-NC/instance-out.sql,CZ14,DMo,weighted,rDXHP,Ex,dxHP_equip,,RB-dxHP_equip-spltHP-SEER-BA-rDXHP-LRM-LSC-NC,DMo&0&rDXHP&Ex&dxHP_equip,RB-dxHP_equip-spltHP-SEER-BA-rDXHP-LRM-LSC-NC,61.29,137.32,42432.64,95068.89,42432.64,6165.0,4913.51,3129.96,0.0,12980.689999999999,0.0,4182.78,0.0,0.0,0.0,0.0,11060.69,0.0,0.0,6165.0,4913.51,0.0,0.0,5167.03,7813.66,0.0,0.0,230.77,21875817.87910979
runs/CZ14/DMo&0&rDXGF&Ex&dxAC_equip/RB-dxAC_equip-spltAC-SEER-BA-rDXGF-NoLRM-7.5%UC-AOE/instance-out.sql,CZ14,DMo,weighted,rDXGF,Ex,dxAC_equip,,RB-dxAC_equip-spltAC-SEER-BA-rDXGF-NoLRM-7.5%UC-AOE,DMo&0&rDXGF&Ex&dxAC_equip,RB-dxAC_equip-spltAC-SEER-BA-rDXGF-NoLRM-7.5%UC-AOE,81.36,143.38,56323.21,99261.74,56323.219999999994,19077.03,6687.28,3129.96,0.0,12980.689999999999,0.0,3358.21,0.0,0.0,0.0,0.0,11090.04,0.0,0.0,0.0,6687.28,19077.03,0.0,5167.03,7813.66,0.0,0.0,230.77,26390648.63147954
runs/CZ14/DMo&0&rDXHP&Ex&dxHP_equip/RB-dxHP_equip-spltHP-SEER-BA-rDXHP-LRM-LSC-NR/instance-out.sql,CZ14,DMo,weighted,rDXHP,Ex,dxHP_equip,,RB-dxHP_equip-spltHP-SEER-BA-rDXHP-LRM-LSC-NR,DMo&0&rDXHP&Ex&dxHP_equip,RB-dxHP_equip-spltHP-SEER-BA-rDXHP-LRM-LSC-NR,61.29,137.32,42432.64,95068.89,42432.64,6165.0,4913.51,3129.96,0.0,12980.689999999999,0.0,4182.78,0.0,0.0,0.0,0.0,11060.69,0.0,0.0,6165.0,4913.51,0.0,0.0,5167.03,7813.66,0.0,0.0,230.77,21875817.87910979
runs/CZ14/DMo&0&rDXGF&Ex&dxAC_equip/RB-dxAC_equip-spltAC-SEER-BA-rDXGF-NoLRM-40%UC-AOE/instance-out.sql,CZ14,DMo,weighted,rDXGF,Ex,dxAC_equip,,RB-dxAC_equip-spltAC-SEER-BA-rDXGF-NoLRM-40%UC-AOE,DMo&0&rDXGF&Ex&dxAC_equip,RB-dxAC_equip-spltAC-SEER-BA-rDXGF-NoLRM-40%UC-AOE,85.91,157.81,59479.42,109257.44,59479.42,19077.03,9843.48,3129.96,0.0,12980.689999999999,0.0,3358.21,0.0,0.0,0.0,0.0,11090.04,0.0,0.0,0.0,9843.48,19077.03,0.0,5167.03,7813.66,0.0,0.0,230.77,34417239.11747257
runs/CZ14/DMo&0&rDXHP&Ex&dxHP_equip/RB-dxHP_equip-spltHP-SEER-BA-rDXHP-NoLRM-15%UC-AOE/instance-out.sql,CZ14,DMo,weighted,rDXHP,Ex,dxHP_equip,,RB-dxHP_equip-spltHP-SEER-BA-rDXHP-NoLRM-15%UC-AOE,DMo&0&rDXHP&Ex&dxHP_equip,RB-dxHP_equip-spltHP-SEER-BA-rDXHP-NoLRM-15%UC-AOE,68.6,160.47,47493.73,111097.37,47493.729999999996,8721.63,7417.97,3129.96,0.0,12980.689999999999,0.0,4182.78,0.0,0.0,0.0,0.0,11060.69,0.0,0.0,8721.63,7417.97,0.0,0.0,5167.03,7813.66,0.0,0.0,230.77,28242938.50887748
runs/CZ14/DMo&0&rDXHP&Ex&dxHP_equip/RB-dxHP_equip-spltHP-SEER-BA-rDXHP-LRM-LSC-AOE/instance-out.sql,CZ14,DMo,weighted,rDXHP,Ex,dxHP_equip,,RB-dxHP_equip-spltHP-SEER-BA-rDXHP-LRM-LSC-AOE,DMo&0&rDXHP&Ex&dxHP_equip,RB-dxHP_equip-spltHP-SEER-BA-rDXHP-LRM-LSC-AOE,64.19,146.5,44439.29,101423.94,44439.28,7639.22,5445.94,3129.96,0.0,12980.689999999999,0.0,4182.78,0.0,0.0,0.0,0.0,11060.69,0.0,0.0,7639.22,5445.94,0.0,0.0,5167.03,7813.66,0.0,0.0,230.77,23229406.297513206
runs/CZ14/DMo&0&rDXHP&Ex&dxHP_equip/RB-dxHP_equip-spltHP-SEER-BA-rDXHP-NoLRM-0%UC-AOE/instance-out.sql,CZ14,DMo,weighted,rDXHP,Ex,dxHP_equip,,RB-dxHP_equip-spltHP-SEER-BA-rDXHP-NoLRM-0%UC-AOE,DMo&0&rDXHP&Ex&dxHP_equip,RB-dxHP_equip-spltHP-SEER-BA-rDXHP-NoLRM-0%UC-AOE,65.34,150.15,45236.75,103949.52,45236.75,7921.82,5960.8,3129.96,0.0,12980.689999999999,0.0,4182.78,0.0,0.0,0.0,0.0,11060.69,0.0,0.0,7921.82,5960.8,0.0,0.0,5167.03,7813.66,0.0,0.0,230.77,24538358.05826114
runs/CZ14/DMo&0&rDXHP&Ex&dxHP_equip/RB-dxHP_equip-spltHP-SEER-BA-rDXHP-NoLRM-0%UC-NC/instance-out.sql,CZ14,DMo,weighted,rDXHP,Ex,dxHP_equip,,RB-dxHP_equip-spltHP-SEER-BA-rDXHP-NoLRM-0%UC-NC,DMo&0&rDXHP&Ex&dxHP_equip,RB-dxHP_equip-spltHP-SEER-BA-rDXHP-NoLRM-0%UC-NC,62.29,140.47,43121.72,97251.2,43121.71,6389.55,5378.04,3129.96,0.0,12980.689999999999,0.0,4182.78,0.0,0.0,0.0,0.0,11060.69,0.0,0.0,6389.55,5378.04,0.0,0.0,5167.03,7813.66,0.0,0.0,230.77,23056799.49298448
runs/CZ14/DMo&0&rDXHP&Ex&dxHP_equip/RB-dxHP_equip-spltHP-SEER-BA-rDXHP-NoLRM-0%UC-NR/instance-out.sql,CZ14,DMo,weighted,rDXHP,Ex,dxHP_equip,,RB-dxHP_equip-spltHP-SEER-BA-rDXHP-NoLRM-0%UC-NR,DMo&0&rDXHP&Ex&dxHP_equip,RB-dxHP_equip-spltHP-SEER-BA-rDXHP-NoLRM-0%UC-NR,62.29,140.47,43121.72,97251.2,43121.71,6389.55,5378.04,3129.96,0.0,12980.689999999999,0.0,4182.78,0.0,0.0,0.0,0.0,11060.69,0.0,0.0,6389.55,5378.04,0.0,0.0,5167.03,7813.66,0.0,0.0,230.77,23056799.49298448
runs/CZ14/DMo&0&rDXHP&Ex&dxHP_equip/RB-dxHP_equip-spltHP-SEER-BA-rDXHP-NoLRM-22.5%UC-AOE/instance-out.sql,CZ14,DMo,weighted,rDXHP,Ex,dxHP_equip,,RB-dxHP_equip-spltHP-SEER-BA-rDXHP-NoLRM-22.5%UC-AOE,DMo&0&rDXHP&Ex&dxHP_equip,RB-dxHP_equip-spltHP-SEER-BA-rDXHP-NoLRM-22.5%UC-AOE,70.23,165.63,48622.22,114671.3,48622.22,9121.54,8146.56,3129.96,0.0,12980.689999999999,0.0,4182.78,0.0,0.0,0.0,0.0,11060.69,0.0,0.0,9121.54,8146.56,0.0,0.0,5167.03,7813.66,0.0,0.0,230.77,30095228.73853697
runs/CZ14/DMo&0&rDXHP&Ex&dxHP_equip/RB-dxHP_equip-spltHP-SEER-BA-rDXHP-NoLRM-30%UC-AOE/instance-out.sql,CZ14,DMo,weighted,rDXHP,Ex,dxHP_equip,,RB-dxHP_equip-spltHP-SEER-BA-rDXHP-NoLRM-30%UC-AOE,DMo&0&rDXHP&Ex&dxHP_equip,RB-dxHP_equip-spltHP-SEER-BA-rDXHP-NoLRM-30%UC-AOE,71.86,170.8,49750.71,118245.23,49750.71,9521.44,8875.14,3129.96,0.0,12980.689999999999,0.0,4182.78,0.0,0.0,0.0,0.0,11060.69,0.0,0.0,9521.44,8875.14,0.0,0.0,5167.03,7813.66,0.0,0.0,230.77,31947518.955879383
runs/CZ14/DMo&0&rDXHP&Ex&dxHP_equip/RB-dxHP_equip-spltHP-SEER-BA-rDXHP-NoLRM-40%UC-AOE/instance-out.sql,CZ14,DMo,weighted,rDXHP,Ex,dxHP_equip,,RB-dxHP_equip-spltHP-SEER-BA-rDXHP-NoLRM-40%UC-AOE,DMo&0&rDXHP&Ex&dxHP_equip,RB-dxHP_equip-spltHP-SEER-BA-rDXHP-NoLRM-40%UC-AOE,74.03,177.68,51255.37,123010.46,51255.36,10054.65,9846.59,3129.96,0.0,12980.689999999999,0.0,4182.78,0.0,0.0,0.0,0.0,11060.69,0.0,0.0,10054.65,9846.59,0.0,0.0,5167.03,7813.66,0.0,0.0,230.77,34417239.25970416
runs/CZ14/DMo&0&rDXHP&Ex&dxHP_equip/RB-dxHP_equip-spltHP-SEER-BA-rDXHP-NoLRM-7.5%UC-AOE/instance-out.sql,CZ14,DMo,weighted,rDXHP,Ex,dxHP_equip,,RB-dxHP_equip-spltHP-SEER-BA-rDXHP-NoLRM-7.5%UC-AOE,DMo&0&rDXHP&Ex&dxHP_equip,RB-dxHP_equip-spltHP-SEER-BA-rDXHP-NoLRM-7.5%UC-AOE,66.97,155.31,46365.24,107523.45,46365.24,8321.73,6689.39,3129.96,0.0,12980.689999999999,0.0,4182.78,0.0,0.0,0.0,0.0,11060.69,0.0,0.0,8321.73,6689.39,0.0,0.0,5167.03,7813.66,0.0,0.0,230.77,26390648.280523635
runs/CZ15/DMo&0&rDXGF&Ex&dxAC_equip/RB-dxAC_equip-spltAC-SEER-BA-rDXGF-NoLRM-30%UC-AOE/instance-out.sql,CZ15,DMo,weighted,rDXGF,Ex,dxAC_equip,,RB-dxAC_equip-spltAC-SEER-BA-rDXGF-NoLRM-30%UC-AOE,DMo&0&rDXGF&Ex&dxAC_equip,RB-dxAC_equip-spltAC-SEER-BA-rDXGF-NoLRM-30%UC-AOE,82.83,193.7,57345.89,134102.24,57345.89,4117.19,21404.09,3129.96,0.0,12980.689999999999,0.0,4835.3,0.0,0.0,0.0,0.0,10878.65,0.0,0.0,0.0,21404.09,4117.19,0.0,5167.03,7813.66,0.0,95.33,230.77,53655598.46866976
runs/CZ15/DMo&0&rDXGF&Ex&dxAC_equip/RB-dxAC_equip-spltAC-SEER-BA-rDXGF-LRM-LSC-AOE/instance-out.sql,CZ15,DMo,weighted,rDXGF,Ex,dxAC_equip,,RB-dxAC_equip-spltAC-SEER-BA-rDXGF-LRM-LSC-AOE,DMo&0&rDXGF&Ex&dxAC_equip,RB-dxAC_equip-spltAC-SEER-BA-rDXGF-LRM-LSC-AOE,70.89,155.87,49075.71,107910.57,49075.71,4117.19,13133.91,3129.96,0.0,12980.689999999999,0.0,4835.3,0.0,0.0,0.0,0.0,10878.65,0.0,0.0,0.0,13133.91,4117.19,0.0,5167.03,7813.66,0.0,95.33,230.77,36601823.4261028
runs/CZ15/DMo&0&rDXGF&Ex&dxAC_equip/RB-dxAC_equip-spltAC-SEER-BA-rDXGF-NoLRM-0%UC-AOE/instance-out.sql,CZ15,DMo,weighted,rDXGF,Ex,dxAC_equip,,RB-dxAC_equip-spltAC-SEER-BA-rDXGF-NoLRM-0%UC-AOE,DMo&0&rDXGF&Ex&dxAC_equip,RB-dxAC_equip-spltAC-SEER-BA-rDXGF-NoLRM-0%UC-AOE,72.68,161.55,50317.4,111843.03,50317.4,4117.19,14375.61,3129.96,0.0,12980.689999999999,0.0,4835.3,0.0,0.0,0.0,0.0,10878.65,0.0,0.0,0.0,14375.61,4117.19,0.0,5167.03,7813.66,0.0,95.33,230.77,39162305.23496608
runs/CZ15/DMo&0&rDXGF&Ex&dxAC_equip/RB-dxAC_equip-spltAC-SEER-BA-rDXGF-NoLRM-7.5%UC-AOE/instance-out.sql,CZ15,DMo,weighted,rDXGF,Ex,dxAC_equip,,RB-dxAC_equip-spltAC-SEER-BA-rDXGF-NoLRM-7.5%UC-AOE,DMo&0&rDXGF&Ex&dxAC_equip,RB-dxAC_equip-spltAC-SEER-BA-rDXGF-NoLRM-7.5%UC-AOE,75.22,169.59,52074.53,117407.83,52074.53,4117.19,16132.73,3129.96,0.0,12980.689999999999,0.0,4835.3,0.0,0.0,0.0,0.0,10878.65,0.0,0.0,0.0,16132.73,4117.19,0.0,5167.03,7813.66,0.0,95.33,230.77,42785628.53920183
runs/CZ15/DMo&0&rDXGF&Ex&dxAC_equip/RB-dxAC_equip-spltAC-SEER-BA-rDXGF-LRM-LSC-NR/instance-out.sql,CZ15,DMo,weighted,rDXGF,Ex,dxAC_equip,,RB-dxAC_equip-spltAC-SEER-BA-rDXGF-LRM-LSC-NR,DMo&0&rDXGF&Ex&dxAC_equip,RB-dxAC_equip-spltAC-SEER-BA-rDXGF-LRM-LSC-NR,69.03,150.0,47791.66,103844.01,47791.66,4117.19,11849.87,3129.96,0.0,12980.689999999999,0.0,4835.3,0.0,0.0,0.0,0.0,10878.65,0.0,0.0,0.0,11849.87,4117.19,0.0,5167.03,7813.66,0.0,95.33,230.77,33954026.443859875
runs/CZ15/DMo&0&rDXHP&Ex&dxHP_equip/RB-dxHP_equip-spltHP-SEER-BA-rDXHP-LRM-LSC-NR/instance-out.sql,CZ15,DMo,weighted,rDXHP,Ex,dxHP_equip,,RB-dxHP_equip-spltHP-SEER-BA-rDXHP-LRM-LSC-NR,DMo&0&rDXHP&Ex&dxHP_equip,RB-dxHP_equip-spltHP-SEER-BA-rDXHP-LRM-LSC-NR,65.28,150.53,45194.18,104211.35,45194.18,1315.95,11852.87,3129.96,0.0,12980.689999999999,0.0,5044.44,0.0,0.0,0.0,0.0,10870.27,0.0,0.0,1315.95,11852.87,0.0,0.0,5167.03,7813.66,0.0,95.33,230.77,33954053.072503395
runs/CZ15/DMo&0&rDXHP&Ex&dxHP_equip/RB-dxHP_equip-spltHP-SEER-BA-rDXHP-LRM-LSC-AOE/instance-out.sql,CZ15,DMo,weighted,rDXHP,Ex,dxHP_equip,,RB-dxHP_equip-spltHP-SEER-BA-rDXHP-LRM-LSC-AOE,DMo&0&rDXHP&Ex&dxHP_equip,RB-dxHP_equip-spltHP-SEER-BA-rDXHP-LRM-LSC-AOE,67.61,157.91,46807.89,109321.96,46807.89,1645.29,13137.24,3129.96,0.0,12980.689999999999,0.0,5044.44,0.0,0.0,0.0,0.0,10870.27,0.0,0.0,1645.29,13137.24,0.0,0.0,5167.03,7813.66,0.0,95.33,230.77,36601852.940203056
runs/CZ15/DMo&0&rDXGF&Ex&dxAC_equip/RB-dxAC_equip-spltAC-SEER-BA-rDXGF-NoLRM-0%UC-NR/instance-out.sql,CZ15,DMo,weighted,rDXGF,Ex,dxAC_equip,,RB-dxAC_equip-spltAC-SEER-BA-rDXGF-NoLRM-0%UC-NR,DMo&0&rDXGF&Ex&dxAC_equip,RB-dxAC_equip-spltAC-SEER-BA-rDXGF-NoLRM-0%UC-NR,70.65,155.12,48911.97,107392.01,48911.97,4117.19,12970.18,3129.96,0.0,12980.689999999999,0.0,4835.3,0.0,0.0,0.0,0.0,10878.65,0.0,0.0,0.0,12970.18,4117.19,0.0,5167.03,7813.66,0.0,95.33,230.77,36264181.813680604
runs/CZ15/DMo&0&rDXHP&Ex&dxHP_equip/RB-dxHP_equip-spltHP-SEER-BA-rDXHP-NoLRM-0%UC-NC/instance-out.sql,CZ15,DMo,weighted,rDXHP,Ex,dxHP_equip,,RB-dxHP_equip-spltHP-SEER-BA-rDXHP-NoLRM-0%UC-NC,DMo&0&rDXHP&Ex&dxHP_equip,RB-dxHP_equip-spltHP-SEER-BA-rDXHP-NoLRM-0%UC-NC,66.97,155.88,46364.93,107919.12,46364.93,1366.11,12973.46,3129.96,0.0,12980.689999999999,0.0,5044.44,0.0,0.0,0.0,0.0,10870.27,0.0,0.0,1366.11,12973.46,0.0,0.0,5167.03,7813.66,0.0,95.33,230.77,36264210.95983336
runs/CZ15/DMo&0&rDXGF&Ex&dxAC_equip/RB-dxAC_equip-spltAC-SEER-BA-rDXGF-NoLRM-15%UC-AOE/instance-out.sql,CZ15,DMo,weighted,rDXGF,Ex,dxAC_equip,,RB-dxAC_equip-spltAC-SEER-BA-rDXGF-NoLRM-15%UC-AOE,DMo&0&rDXGF&Ex&dxAC_equip,RB-dxAC_equip-spltAC-SEER-BA-rDXGF-NoLRM-15%UC-AOE,77.76,177.63,53831.65,122972.63,53831.65,4117.19,17889.85,3129.96,0.0,12980.689999999999,0.0,4835.3,0.0,0.0,0.0,0.0,10878.65,0.0,0.0,0.0,17889.85,4117.19,0.0,5167.03,7813.66,0.0,95.33,230.77,46408951.855353065
runs/CZ15/DMo&0&rDXGF&Ex&dxAC_equip/RB-dxAC_equip-spltAC-SEER-BA-rDXGF-NoLRM-22.5%UC-AOE/instance-out.sql,CZ15,DMo,weighted,rDXGF,Ex,dxAC_equip,,RB-dxAC_equip-spltAC-SEER-BA-rDXGF-NoLRM-22.5%UC-AOE,DMo&0&rDXGF&Ex&dxAC_equip,RB-dxAC_equip-spltAC-SEER-BA-rDXGF-NoLRM-22.5%UC-AOE,80.29,185.66,55588.77,128537.43,55588.77,4117.19,19646.97,3129.96,0.0,12980.689999999999,0.0,4835.3,0.0,0.0,0.0,0.0,10878.65,0.0,0.0,0.0,19646.97,4117.19,0.0,5167.03,7813.66,0.0,95.33,230.77,50032275.17405832
runs/CZ15/DMo&0&rDXGF&Ex&dxAC_equip/RB-dxAC_equip-spltAC-SEER-BA-rDXGF-NoLRM-40%UC-AOE/instance-out.sql,CZ15,DMo,weighted,rDXGF,Ex,dxAC_equip,,RB-dxAC_equip-spltAC-SEER-BA-rDXGF-NoLRM-40%UC-AOE,DMo&0&rDXGF&Ex&dxAC_equip,RB-dxAC_equip-spltAC-SEER-BA-rDXGF-NoLRM-40%UC-AOE,86.22,204.42,59688.71,141521.97,59688.71,4117.19,23746.92,3129.96,0.0,12980.689999999999,0.0,4835.3,0.0,0.0,0.0,0.0,10878.65,0.0,0.0,0.0,23746.92,4117.19,0.0,5167.03,7813.66,0.0,95.33,230.77,58486696.22227241
runs/CZ15/DMo&0&rDXHP&Ex&dxHP_equip/RB-dxHP_equip-spltHP-SEER-BA-rDXHP-LRM-LSC-NC/instance-out.sql,CZ15,DMo,weighted,rDXHP,Ex,dxHP_equip,,RB-dxHP_equip-spltHP-SEER-BA-rDXHP-LRM-LSC-NC,DMo&0&rDXHP&Ex&dxHP_equip,RB-dxHP_equip-spltHP-SEER-BA-rDXHP-LRM-LSC-NC,65.28,150.53,45194.18,104211.35,45194.18,1315.95,11852.87,3129.96,0.0,12980.689999999999,0.0,5044.44,0.0,0.0,0.0,0.0,10870.27,0.0,0.0,1315.95,11852.87,0.0,0.0,5167.03,7813.66,0.0,95.33,230.77,33954053.072503395
runs/CZ15/DMo&0&rDXHP&Ex&dxHP_equip/RB-dxHP_equip-spltHP-SEER-BA-rDXHP-NoLRM-0%UC-AOE/instance-out.sql,CZ15,DMo,weighted,rDXHP,Ex,dxHP_equip,,RB-dxHP_equip-spltHP-SEER-BA-rDXHP-NoLRM-0%UC-AOE,DMo&0&rDXHP&Ex&dxHP_equip,RB-dxHP_equip-spltHP-SEER-BA-rDXHP-NoLRM-0%UC-AOE,69.5,163.88,48113.03,113455.36,48113.04,1708.42,14379.25,3129.96,0.0,12980.689999999999,0.0,5044.44,0.0,0.0,0.0,0.0,10870.27,0.0,0.0,1708.42,14379.25,0.0,0.0,5167.03,7813.66,0.0,95.33,230.77,39162337.539370686
runs/CZ15/DMo&0&rDXHP&Ex&dxHP_equip/RB-dxHP_equip-spltHP-SEER-BA-rDXHP-NoLRM-0%UC-NR/instance-out.sql,CZ15,DMo,weighted,rDXHP,Ex,dxHP_equip,,RB-dxHP_equip-spltHP-SEER-BA-rDXHP-NoLRM-0%UC-NR,DMo&0&rDXHP&Ex&dxHP_equip,RB-dxHP_equip-spltHP-SEER-BA-rDXHP-NoLRM-0%UC-NR,66.97,155.88,46364.93,107919.12,46364.93,1366.11,12973.46,3129.96,0.0,12980.689999999999,0.0,5044.44,0.0,0.0,0.0,0.0,10870.27,0.0,0.0,1366.11,12973.46,0.0,0.0,5167.03,7813.66,0.0,95.33,230.77,36264210.95983336
runs/CZ15/DMo&0&rDXHP&Ex&dxHP_equip/RB-dxHP_equip-spltHP-SEER-BA-rDXHP-NoLRM-15%UC-AOE/instance-out.sql,CZ15,DMo,weighted,rDXHP,Ex,dxHP_equip,,RB-dxHP_equip-spltHP-SEER-BA-rDXHP-NoLRM-15%UC-AOE,DMo&0&rDXHP&Ex&dxHP_equip,RB-dxHP_equip-spltHP-SEER-BA-rDXHP-NoLRM-15%UC-AOE,74.83,180.78,51806.84,125153.65,51806.840000000004,1887.1,17894.38,3129.96,0.0,12980.689999999999,0.0,5044.44,0.0,0.0,0.0,0.0,10870.27,0.0,0.0,1887.1,17894.38,0.0,0.0,5167.03,7813.66,0.0,95.33,230.77,46408992.05684547
runs/CZ16/DMo&0&rDXGF&Ex&dxAC_equip/RB-dxAC_equip-spltAC-SEER-BA-rDXGF-NoLRM-0%UC-AOE/instance-out.sql,CZ16,DMo,weighted,rDXGF,Ex,dxAC_equip,,RB-dxAC_equip-spltAC-SEER-BA-rDXGF-NoLRM-0%UC-AOE,DMo&0&rDXGF&Ex&dxAC_equip,RB-dxAC_equip-spltAC-SEER-BA-rDXGF-NoLRM-0%UC-AOE,59.17,101.79,40967.51,70470.48,40967.51,9080.67,2461.91,3129.96,0.0,12980.689999999999,0.0,1752.71,0.0,0.0,0.0,0.0,11561.57,0.0,0.0,0.0,2461.91,9080.67,0.0,5167.03,7813.66,0.0,0.0,230.77,20054489.36942185
runs/CZ16/DMo&0&rDXGF&Ex&dxAC_equip/RB-dxAC_equip-spltAC-SEER-BA-rDXGF-LRM-LSC-AOE/instance-out.sql,CZ16,DMo,weighted,rDXGF,Ex,dxAC_equip,,RB-dxAC_equip-spltAC-SEER-BA-rDXGF-LRM-LSC-AOE,DMo&0&rDXGF&Ex&dxAC_equip,RB-dxAC_equip-spltAC-SEER-BA-rDXGF-LRM-LSC-AOE,58.87,100.82,40754.87,69797.02,40754.87,9080.67,2249.26,3129.96,0.0,12980.689999999999,0.0,1752.71,0.0,0.0,0.0,0.0,11561.57,0.0,0.0,0.0,2249.26,9080.67,0.0,5167.03,7813.66,0.0,0.0,230.77,19113182.301598083
runs/CZ15/DMo&0&rDXHP&Ex&dxHP_equip/RB-dxHP_equip-spltHP-SEER-BA-rDXHP-NoLRM-22.5%UC-AOE/instance-out.sql,CZ15,DMo,weighted,rDXHP,Ex,dxHP_equip,,RB-dxHP_equip-spltHP-SEER-BA-rDXHP-NoLRM-22.5%UC-AOE,DMo&0&rDXHP&Ex&dxHP_equip,RB-dxHP_equip-spltHP-SEER-BA-rDXHP-NoLRM-22.5%UC-AOE,77.5,189.22,53653.74,131002.79,53653.75,1976.44,19651.95,3129.96,0.0,12980.689999999999,0.0,5044.44,0.0,0.0,0.0,0.0,10870.27,0.0,0.0,1976.44,19651.95,0.0,0.0,5167.03,7813.66,0.0,95.33,230.77,50032319.324094646
runs/CZ15/DMo&0&rDXHP&Ex&dxHP_equip/RB-dxHP_equip-spltHP-SEER-BA-rDXHP-NoLRM-30%UC-AOE/instance-out.sql,CZ15,DMo,weighted,rDXHP,Ex,dxHP_equip,,RB-dxHP_equip-spltHP-SEER-BA-rDXHP-NoLRM-30%UC-AOE,DMo&0&rDXHP&Ex&dxHP_equip,RB-dxHP_equip-spltHP-SEER-BA-rDXHP-NoLRM-30%UC-AOE,80.17,197.67,55500.65,136851.94,55500.65,2065.78,21409.51,3129.96,0.0,12980.689999999999,0.0,5044.44,0.0,0.0,0.0,0.0,10870.27,0.0,0.0,2065.78,21409.51,0.0,0.0,5167.03,7813.66,0.0,95.33,230.77,53655646.56724996
runs/CZ15/DMo&0&rDXHP&Ex&dxHP_equip/RB-dxHP_equip-spltHP-SEER-BA-rDXHP-NoLRM-40%UC-AOE/instance-out.sql,CZ15,DMo,weighted,rDXHP,Ex,dxHP_equip,,RB-dxHP_equip-spltHP-SEER-BA-rDXHP-NoLRM-40%UC-AOE,DMo&0&rDXHP&Ex&dxHP_equip,RB-dxHP_equip-spltHP-SEER-BA-rDXHP-NoLRM-40%UC-AOE,83.72,208.94,57963.19,144650.8,57963.19,2184.89,23752.93,3129.96,0.0,12980.689999999999,0.0,5044.44,0.0,0.0,0.0,0.0,10870.27,0.0,0.0,2184.89,23752.93,0.0,0.0,5167.03,7813.66,0.0,95.33,230.77,58486749.585577816
runs/CZ16/DMo&0&rDXGF&Ex&dxAC_equip/RB-dxAC_equip-spltAC-SEER-BA-rDXGF-NoLRM-40%UC-AOE/instance-out.sql,CZ16,DMo,weighted,rDXGF,Ex,dxAC_equip,,RB-dxAC_equip-spltAC-SEER-BA-rDXGF-NoLRM-40%UC-AOE,DMo&0&rDXGF&Ex&dxAC_equip,RB-dxAC_equip-spltAC-SEER-BA-rDXGF-NoLRM-40%UC-AOE,61.49,109.13,42572.41,75553.18,42572.41,9080.67,4066.81,3129.96,0.0,12980.689999999999,0.0,1752.71,0.0,0.0,0.0,0.0,11561.57,0.0,0.0,0.0,4066.81,9080.67,0.0,5167.03,7813.66,0.0,0.0,230.77,27158693.646435212
runs/CZ16/DMo&0&rDXGF&Ex&dxAC_equip/RB-dxAC_equip-spltAC-SEER-BA-rDXGF-NoLRM-15%UC-AOE/instance-out.sql,CZ16,DMo,weighted,rDXGF,Ex,dxAC_equip,,RB-dxAC_equip-spltAC-SEER-BA-rDXGF-NoLRM-15%UC-AOE,DMo&0&rDXGF&Ex&dxAC_equip,RB-dxAC_equip-spltAC-SEER-BA-rDXGF-NoLRM-15%UC-AOE,60.04,104.54,41569.35,72376.49,41569.350000000006,9080.67,3063.75,3129.96,0.0,12980.689999999999,0.0,1752.71,0.0,0.0,0.0,0.0,11561.57,0.0,0.0,0.0,3063.75,9080.67,0.0,5167.03,7813.66,0.0,0.0,230.77,22718565.973355945
runs/CZ15/DMo&0&rDXHP&Ex&dxHP_equip/RB-dxHP_equip-spltHP-SEER-BA-rDXHP-NoLRM-7.5%UC-AOE/instance-out.sql,CZ15,DMo,weighted,rDXHP,Ex,dxHP_equip,,RB-dxHP_equip-spltHP-SEER-BA-rDXHP-NoLRM-7.5%UC-AOE,DMo&0&rDXHP&Ex&dxHP_equip,RB-dxHP_equip-spltHP-SEER-BA-rDXHP-NoLRM-7.5%UC-AOE,72.16,172.33,49959.94,119304.5,49959.94,1797.76,16136.82,3129.96,0.0,12980.689999999999,0.0,5044.44,0.0,0.0,0.0,0.0,10870.27,0.0,0.0,1797.76,16136.82,0.0,0.0,5167.03,7813.66,0.0,95.33,230.77,42785664.79215034
runs/CZ16/DMo&0&rDXHP&Ex&dxHP_equip/RB-dxHP_equip-spltHP-SEER-BA-rDXHP-LRM-LSC-AOE/instance-out.sql,CZ16,DMo,weighted,rDXHP,Ex,dxHP_equip,,RB-dxHP_equip-spltHP-SEER-BA-rDXHP-LRM-LSC-AOE,DMo&0&rDXHP&Ex&dxHP_equip,RB-dxHP_equip-spltHP-SEER-BA-rDXHP-LRM-LSC-AOE,52.24,107.21,36167.43,74219.86,36167.43,4012.99,2249.56,3129.96,0.0,12980.689999999999,0.0,2250.04,0.0,0.0,0.0,0.0,11544.19,0.0,0.0,4012.99,2249.56,0.0,0.0,5167.03,7813.66,0.17,0.0,230.77,19113665.26579072
runs/CZ16/DMo&0&rDXGF&Ex&dxAC_equip/RB-dxAC_equip-spltAC-SEER-BA-rDXGF-LRM-LSC-NR/instance-out.sql,CZ16,DMo,weighted,rDXGF,Ex,dxAC_equip,,RB-dxAC_equip-spltAC-SEER-BA-rDXGF-LRM-LSC-NR,DMo&0&rDXGF&Ex&dxAC_equip,RB-dxAC_equip-spltAC-SEER-BA-rDXGF-LRM-LSC-NR,58.55,99.81,40534.97,69100.6,40534.97,9080.67,2029.36,3129.96,0.0,12980.689999999999,0.0,1752.71,0.0,0.0,0.0,0.0,11561.57,0.0,0.0,0.0,2029.36,9080.67,0.0,5167.03,7813.66,0.0,0.0,230.77,18139775.654099107
runs/CZ16/DMo&0&rDXHP&Ex&dxHP_equip/RB-dxHP_equip-spltHP-SEER-BA-rDXHP-LRM-LSC-NC/instance-out.sql,CZ16,DMo,weighted,rDXHP,Ex,dxHP_equip,,RB-dxHP_equip-spltHP-SEER-BA-rDXHP-LRM-LSC-NC,DMo&0&rDXHP&Ex&dxHP_equip,RB-dxHP_equip-spltHP-SEER-BA-rDXHP-LRM-LSC-NC,51.0,103.29,35311.28,71508.43,35311.28,3376.77,2029.63,3129.96,0.0,12980.689999999999,0.0,2250.04,0.0,0.0,0.0,0.0,11544.19,0.0,0.0,3376.77,2029.63,0.0,0.0,5167.03,7813.66,0.17,0.0,230.77,18140219.629593484
runs/CZ16/DMo&0&rDXGF&Ex&dxAC_equip/RB-dxAC_equip-spltAC-SEER-BA-rDXGF-NoLRM-0%UC-NR/instance-out.sql,CZ16,DMo,weighted,rDXGF,Ex,dxAC_equip,,RB-dxAC_equip-spltAC-SEER-BA-rDXGF-NoLRM-0%UC-NR,DMo&0&rDXGF&Ex&dxAC_equip,RB-dxAC_equip-spltAC-SEER-BA-rDXGF-NoLRM-0%UC-NR,58.83,100.69,40726.83,69708.22,40726.82,9080.67,2221.22,3129.96,0.0,12980.689999999999,0.0,1752.71,0.0,0.0,0.0,0.0,11561.57,0.0,0.0,0.0,2221.22,9080.67,0.0,5167.03,7813.66,0.0,0.0,230.77,18989055.492704436
runs/CZ16/DMo&0&rDXGF&Ex&dxAC_equip/RB-dxAC_equip-spltAC-SEER-BA-rDXGF-NoLRM-22.5%UC-AOE/instance-out.sql,CZ16,DMo,weighted,rDXGF,Ex,dxAC_equip,,RB-dxAC_equip-spltAC-SEER-BA-rDXGF-NoLRM-22.5%UC-AOE,DMo&0&rDXGF&Ex&dxAC_equip,RB-dxAC_equip-spltAC-SEER-BA-rDXGF-NoLRM-22.5%UC-AOE,60.48,105.92,41870.27,73329.5,41870.270000000004,9080.67,3364.66,3129.96,0.0,12980.689999999999,0.0,1752.71,0.0,0.0,0.0,0.0,11561.57,0.0,0.0,0.0,3364.66,9080.67,0.0,5167.03,7813.66,0.0,0.0,230.77,24050604.278452165
runs/CZ16/DMo&0&rDXGF&Ex&dxAC_equip/RB-dxAC_equip-spltAC-SEER-BA-rDXGF-NoLRM-30%UC-AOE/instance-out.sql,CZ16,DMo,weighted,rDXGF,Ex,dxAC_equip,,RB-dxAC_equip-spltAC-SEER-BA-rDXGF-NoLRM-30%UC-AOE,DMo&0&rDXGF&Ex&dxAC_equip,RB-dxAC_equip-spltAC-SEER-BA-rDXGF-NoLRM-30%UC-AOE,60.91,107.3,42171.19,74282.5,42171.19,9080.67,3665.58,3129.96,0.0,12980.689999999999,0.0,1752.71,0.0,0.0,0.0,0.0,11561.57,0.0,0.0,0.0,3665.58,9080.67,0.0,5167.03,7813.66,0.0,0.0,230.77,25382642.574690793
runs/CZ16/DMo&0&rDXGF&Ex&dxAC_equip/RB-dxAC_equip-spltAC-SEER-BA-rDXGF-NoLRM-7.5%UC-AOE/instance-out.sql,CZ16,DMo,weighted,rDXGF,Ex,dxAC_equip,,RB-dxAC_equip-spltAC-SEER-BA-rDXGF-NoLRM-7.5%UC-AOE,DMo&0&rDXGF&Ex&dxAC_equip,RB-dxAC_equip-spltAC-SEER-BA-rDXGF-NoLRM-7.5%UC-AOE,59.61,103.17,41268.43,71423.49,41268.43,9080.67,2762.83,3129.96,0.0,12980.689999999999,0.0,1752.71,0.0,0.0,0.0,0.0,11561.57,0.0,0.0,0.0,2762.83,9080.67,0.0,5167.03,7813.66,0.0,0.0,230.77,21386527.669198662
runs/CZ16/DMo&0&rDXHP&Ex&dxHP_equip/RB-dxHP_equip-spltHP-SEER-BA-rDXHP-NoLRM-0%UC-AOE/instance-out.sql,CZ16,DMo,weighted,rDXHP,Ex,dxHP_equip,,RB-dxHP_equip-spltHP-SEER-BA-rDXHP-NoLRM-0%UC-AOE,DMo&0&rDXHP&Ex&dxHP_equip,RB-dxHP_equip-spltHP-SEER-BA-rDXHP-NoLRM-0%UC-AOE,52.72,108.74,36502.07,75279.65,36502.07,4134.95,2462.24,3129.96,0.0,12980.689999999999,0.0,2250.04,0.0,0.0,0.0,0.0,11544.19,0.0,0.0,4134.95,2462.24,0.0,0.0,5167.03,7813.66,0.17,0.0,230.77,20055010.03660052
runs/CZ16/DMo&0&rDXHP&Ex&dxHP_equip/RB-dxHP_equip-spltHP-SEER-BA-rDXHP-NoLRM-0%UC-NC/instance-out.sql,CZ16,DMo,weighted,rDXHP,Ex,dxHP_equip,,RB-dxHP_equip-spltHP-SEER-BA-rDXHP-NoLRM-0%UC-NC,DMo&0&rDXHP&Ex&dxHP_equip,RB-dxHP_equip-spltHP-SEER-BA-rDXHP-NoLRM-0%UC-NC,51.42,104.61,35600.07,72423.03,35600.07,3473.68,2221.52,3129.96,0.0,12980.689999999999,0.0,2250.04,0.0,0.0,0.0,0.0,11544.19,0.0,0.0,3473.68,2221.52,0.0,0.0,5167.03,7813.66,0.17,0.0,230.77,18989533.485138647
runs/CZ16/DMo&0&rDXHP&Ex&dxHP_equip/RB-dxHP_equip-spltHP-SEER-BA-rDXHP-LRM-LSC-NR/instance-out.sql,CZ16,DMo,weighted,rDXHP,Ex,dxHP_equip,,RB-dxHP_equip-spltHP-SEER-BA-rDXHP-LRM-LSC-NR,DMo&0&rDXHP&Ex&dxHP_equip,RB-dxHP_equip-spltHP-SEER-BA-rDXHP-LRM-LSC-NR,51.0,103.29,35311.28,71508.43,35311.28,3376.77,2029.63,3129.96,0.0,12980.689999999999,0.0,2250.04,0.0,0.0,0.0,0.0,11544.19,0.0,0.0,3376.77,2029.63,0.0,0.0,5167.03,7813.66,0.17,0.0,230.77,18140219.629593484
runs/CZ16/DMo&0&rDXHP&Ex&dxHP_equip/RB-dxHP_equip-spltHP-SEER-BA-rDXHP-NoLRM-0%UC-NR/instance-out.sql,CZ16,DMo,weighted,rDXHP,Ex,dxHP_equip,,RB-dxHP_equip-spltHP-SEER-BA-rDXHP-NoLRM-0%UC-NR,DMo&0&rDXHP&Ex&dxHP_equip,RB-dxHP_equip-spltHP-SEER-BA-rDXHP-NoLRM-0%UC-NR,51.42,104.61,35600.07,72423.03,35600.07,3473.68,2221.52,3129.96,0.0,12980.689999999999,0.0,2250.04,0.0,0.0,0.0,0.0,11544.19,0.0,0.0,3473.68,2221.52,0.0,0.0,5167.03,7813.66,0.17,0.0,230.77,18989533.485138647
runs/CZ16/DMo&0&rDXHP&Ex&dxHP_equip/RB-dxHP_equip-spltHP-SEER-BA-rDXHP-NoLRM-22.5%UC-AOE/instance-out.sql,CZ16,DMo,weighted,rDXHP,Ex,dxHP_equip,,RB-dxHP_equip-spltHP-SEER-BA-rDXHP-NoLRM-22.5%UC-AOE,DMo&0&rDXHP&Ex&dxHP_equip,RB-dxHP_equip-spltHP-SEER-BA-rDXHP-NoLRM-22.5%UC-AOE,54.78,115.24,37922.7,79778.78,37922.7,4652.71,3365.11,3129.96,0.0,12980.689999999999,0.0,2250.04,0.0,0.0,0.0,0.0,11544.19,0.0,0.0,4652.71,3365.11,0.0,0.0,5167.03,7813.66,0.17,0.0,230.77,24051285.005477138
runs/CZ16/DMo&0&rDXHP&Ex&dxHP_equip/RB-dxHP_equip-spltHP-SEER-BA-rDXHP-NoLRM-15%UC-AOE/instance-out.sql,CZ16,DMo,weighted,rDXHP,Ex,dxHP_equip,,RB-dxHP_equip-spltHP-SEER-BA-rDXHP-NoLRM-15%UC-AOE,DMo&0&rDXHP&Ex&dxHP_equip,RB-dxHP_equip-spltHP-SEER-BA-rDXHP-NoLRM-15%UC-AOE,54.09,113.07,37449.15,78279.07,37449.149999999994,4480.12,3064.16,3129.96,0.0,12980.689999999999,0.0,2250.04,0.0,0.0,0.0,0.0,11544.19,0.0,0.0,4480.12,3064.16,0.0,0.0,5167.03,7813.66,0.17,0.0,230.77,22719193.34709873
runs/CZ16/DMo&0&rDXHP&Ex&dxHP_equip/RB-dxHP_equip-spltHP-SEER-BA-rDXHP-NoLRM-40%UC-AOE/instance-out.sql,CZ16,DMo,weighted,rDXHP,Ex,dxHP_equip,,RB-dxHP_equip-spltHP-SEER-BA-rDXHP-NoLRM-40%UC-AOE,DMo&0&rDXHP&Ex&dxHP_equip,RB-dxHP_equip-spltHP-SEER-BA-rDXHP-NoLRM-40%UC-AOE,56.37,120.29,39027.63,83278.1,39027.63,5055.4,4067.35,3129.96,0.0,12980.689999999999,0.0,2250.04,0.0,0.0,0.0,0.0,11544.19,0.0,0.0,5055.4,4067.35,0.0,0.0,5167.03,7813.66,0.17,0.0,230.77,27159498.864451535
runs/CZ16/DMo&0&rDXHP&Ex&dxHP_equip/RB-dxHP_equip-spltHP-SEER-BA-rDXHP-NoLRM-30%UC-AOE/instance-out.sql,CZ16,DMo,weighted,rDXHP,Ex,dxHP_equip,,RB-dxHP_equip-spltHP-SEER-BA-rDXHP-NoLRM-30%UC-AOE,DMo&0&rDXHP&Ex&dxHP_equip,RB-dxHP_equip-spltHP-SEER-BA-rDXHP-NoLRM-30%UC-AOE,55.46,117.4,38396.24,81278.49,38396.24,4825.29,3666.07,3129.96,0.0,12980.689999999999,0.0,2250.04,0.0,0.0,0.0,0.0,11544.19,0.0,0.0,4825.29,3666.07,0.0,0.0,5167.03,7813.66,0.17,0.0,230.77,25383376.654997602
runs/CZ16/DMo&0&rDXHP&Ex&dxHP_equip/RB-dxHP_equip-spltHP-SEER-BA-rDXHP-NoLRM-7.5%UC-AOE/instance-out.sql,CZ16,DMo,weighted,rDXHP,Ex,dxHP_equip,,RB-dxHP_equip-spltHP-SEER-BA-rDXHP-NoLRM-7.5%UC-AOE,DMo&0&rDXHP&Ex&dxHP_equip,RB-dxHP_equip-spltHP-SEER-BA-rDXHP-NoLRM-7.5%UC-AOE,53.41,110.9,36975.61,76779.36,36975.61,4307.54,2763.2,3129.96,0.0,12980.689999999999,0.0,2250.04,0.0,0.0,0.0,0.0,11544.19,0.0,0.0,4307.54,2763.2,0.0,0.0,5167.03,7813.66,0.17,0.0,230.77,21387101.689659305
