File Name,BldgLoc,BldgType,Story,BldgHVAC,BldgVint,TechGroup,TechType,TechID,Cohort,Case,Net Site EUI,Net Source EUI,Total Energy/Net Site Energy,Total Energy/Net Source Energy,Total,Heating,Cooling,Interior Lighting,Exterior Lighting,Interior Equipment,Exterior Equipment,Fans,Pumps,Heat Rejection,Humidification,Heat Recovery,Water Systems,Refrigeration,Generators,Heating Elec,Cooling Elec,Heating NG,Cooling NG,Interior Equipment Elec,Interior Equipment NG,Unmet Heating,Unmet Cooling,Conditioned Area,Electricity:Facility [J](Hourly)
runs/CZ01/MFm&0&rDXGF&Ex&dxAC_equip/RB-dxAC_equip-spltAC-SEER-BA-rDXGF-NoLRM-0%UC-AOE/instance-out.sql,CZ01,MFm,0,rDXGF,Ex,dxAC_equip,,RB-dxAC_equip-spltAC-SEER-BA-rDXGF-NoLRM-0%UC-AOE,MFm&0&rDXGF&Ex&dxAC_equip,RB-dxAC_equip-spltAC-SEER-BA-rDXGF-NoLRM-0%UC-AOE,51.34,86.63,263736.12,445021.99,263736.12,23002.92,1461.83,14740.46,0.0,73945.06,0.0,515.27,0.0,0.0,0.0,0.0,150070.57,0.0,0.0,0.0,1461.83,23002.92,0.0,59678.04,14267.02,0.0,0.0,2283.19,57144223.54128954
runs/CZ01/MFm&0&rDXGF&Ex&dxAC_equip/RB-dxAC_equip-spltAC-SEER-BA-rDXGF-LRM-LSC-AOE/instance-out.sql,CZ01,MFm,0,rDXGF,Ex,dxAC_equip,,RB-dxAC_equip-spltAC-SEER-BA-rDXGF-LRM-LSC-AOE,MFm&0&rDXGF&Ex&dxAC_equip,RB-dxAC_equip-spltAC-SEER-BA-rDXGF-LRM-LSC-AOE,51.31,86.55,263609.85,444622.11,263609.86,23002.92,1335.56,14740.46,0.0,73945.06,0.0,515.27,0.0,0.0,0.0,0.0,150070.57,0.0,0.0,0.0,1335.56,23002.92,0.0,59678.04,14267.02,0.0,0.0,2283.19,56279811.51082339
runs/CZ01/MFm&0&rDXGF&Ex&dxAC_equip/RB-dxAC_equip-spltAC-SEER-BA-rDXGF-NoLRM-0%UC-NR/instance-out.sql,CZ01,MFm,0,rDXGF,Ex,dxAC_equip,,RB-dxAC_equip-spltAC-SEER-BA-rDXGF-NoLRM-0%UC-NR,MFm&0&rDXGF&Ex&dxAC_equip,RB-dxAC_equip-spltAC-SEER-BA-rDXGF-NoLRM-0%UC-NR,51.31,86.54,263593.2,444569.38,263593.20999999996,23002.92,1318.91,14740.46,0.0,73945.06,0.0,515.27,0.0,0.0,0.0,0.0,150070.57,0.0,0.0,0.0,1318.91,23002.92,0.0,59678.04,14267.02,0.0,0.0,2283.19,56165824.57650758
runs/CZ01/MFm&0&rDXGF&Ex&dxAC_equip/RB-dxAC_equip-spltAC-SEER-BA-rDXGF-LRM-LSC-NR/instance-out.sql,CZ01,MFm,0,rDXGF,Ex,dxAC_equip,,RB-dxAC_equip-spltAC-SEER-BA-rDXGF-LRM-LSC-NR,MFm&0&rDXGF&Ex&dxAC_equip,RB-dxAC_equip-spltAC-SEER-BA-rDXGF-LRM-LSC-NR,51.29,86.47,263479.28,444208.59,263479.28,23002.92,1204.99,14740.46,0.0,73945.06,0.0,515.27,0.0,0.0,0.0,0.0,150070.57,0.0,0.0,0.0,1204.99,23002.92,0.0,59678.04,14267.02,0.0,0.0,2283.19,55385922.10385321
runs/CZ01/MFm&0&rDXGF&Ex&dxAC_equip/RB-dxAC_equip-spltAC-SEER-BA-rDXGF-NoLRM-22.5%UC-AOE/instance-out.sql,CZ01,MFm,0,rDXGF,Ex,dxAC_equip,,RB-dxAC_equip-spltAC-SEER-BA-rDXGF-NoLRM-22.5%UC-AOE,MFm&0&rDXGF&Ex&dxAC_equip,RB-dxAC_equip-spltAC-SEER-BA-rDXGF-NoLRM-22.5%UC-AOE,51.44,86.96,264272.15,446719.61,264272.16000000003,23002.92,1997.86,14740.46,0.0,73945.06,0.0,515.27,0.0,0.0,0.0,0.0,150070.57,0.0,0.0,0.0,1997.86,23002.92,0.0,59678.04,14267.02,0.0,0.0,2283.19,60813897.2541163
runs/CZ01/MFm&0&rDXGF&Ex&dxAC_equip/RB-dxAC_equip-spltAC-SEER-BA-rDXGF-NoLRM-40%UC-AOE/instance-out.sql,CZ01,MFm,0,rDXGF,Ex,dxAC_equip,,RB-dxAC_equip-spltAC-SEER-BA-rDXGF-NoLRM-40%UC-AOE,MFm&0&rDXGF&Ex&dxAC_equip,RB-dxAC_equip-spltAC-SEER-BA-rDXGF-NoLRM-40%UC-AOE,51.52,87.22,264689.07,448039.99,264689.06999999995,23002.92,2414.78,14740.46,0.0,73945.06,0.0,515.27,0.0,0.0,0.0,0.0,150070.57,0.0,0.0,0.0,2414.78,23002.92,0.0,59678.04,14267.02,0.0,0.0,2283.19,63668087.91440725
runs/CZ01/MFm&0&rDXGF&Ex&dxAC_equip/RB-dxAC_equip-spltAC-SEER-BA-rDXGF-NoLRM-15%UC-AOE/instance-out.sql,CZ01,MFm,0,rDXGF,Ex,dxAC_equip,,RB-dxAC_equip-spltAC-SEER-BA-rDXGF-NoLRM-15%UC-AOE,MFm&0&rDXGF&Ex&dxAC_equip,RB-dxAC_equip-spltAC-SEER-BA-rDXGF-NoLRM-15%UC-AOE,51.41,86.85,264093.48,446153.74,264093.48,23002.92,1819.19,14740.46,0.0,73945.06,0.0,515.27,0.0,0.0,0.0,0.0,150070.57,0.0,0.0,0.0,1819.19,23002.92,0.0,59678.04,14267.02,0.0,0.0,2283.19,59590672.68125835
runs/CZ01/MFm&0&rDXGF&Ex&dxAC_equip/RB-dxAC_equip-spltAC-SEER-BA-rDXGF-NoLRM-30%UC-AOE/instance-out.sql,CZ01,MFm,0,rDXGF,Ex,dxAC_equip,,RB-dxAC_equip-spltAC-SEER-BA-rDXGF-NoLRM-30%UC-AOE,MFm&0&rDXGF&Ex&dxAC_equip,RB-dxAC_equip-spltAC-SEER-BA-rDXGF-NoLRM-30%UC-AOE,51.48,87.07,264450.83,447285.49,264450.82999999996,23002.92,2176.54,14740.46,0.0,73945.06,0.0,515.27,0.0,0.0,0.0,0.0,150070.57,0.0,0.0,0.0,2176.54,23002.92,0.0,59678.04,14267.02,0.0,0.0,2283.19,62037121.818840235
runs/CZ01/MFm&0&rDXHP&Ex&dxHP_equip/RB-dxHP_equip-spltHP-SEER-BA-rDXHP-LRM-LSC-AOE/instance-out.sql,CZ01,MFm,0,rDXHP,Ex,dxHP_equip,,RB-dxHP_equip-spltHP-SEER-BA-rDXHP-LRM-LSC-AOE,MFm&0&rDXHP&Ex&dxHP_equip,RB-dxHP_equip-spltHP-SEER-BA-rDXHP-LRM-LSC-AOE,49.76,90.97,255639.22,467311.49,255639.22,14775.01,1334.98,14740.46,0.0,73945.06,0.0,781.44,0.0,0.0,0.0,0.0,150062.26,0.0,0.0,14775.01,1334.98,0.0,0.0,59678.04,14267.02,0.0,0.0,2283.19,56281348.06644131
runs/CZ01/MFm&0&rDXGF&Ex&dxAC_equip/RB-dxAC_equip-spltAC-SEER-BA-rDXGF-NoLRM-7.5%UC-AOE/instance-out.sql,CZ01,MFm,0,rDXGF,Ex,dxAC_equip,,RB-dxAC_equip-spltAC-SEER-BA-rDXGF-NoLRM-7.5%UC-AOE,MFm&0&rDXGF&Ex&dxAC_equip,RB-dxAC_equip-spltAC-SEER-BA-rDXGF-NoLRM-7.5%UC-AOE,51.37,86.74,263914.8,445587.87,263914.8,23002.92,1640.51,14740.46,0.0,73945.06,0.0,515.27,0.0,0.0,0.0,0.0,150070.57,0.0,0.0,0.0,1640.51,23002.92,0.0,59678.04,14267.02,0.0,0.0,2283.19,58367448.10926262
runs/CZ01/MFm&0&rDXHP&Ex&dxHP_equip/RB-dxHP_equip-spltHP-SEER-BA-rDXHP-LRM-LSC-NR/instance-out.sql,CZ01,MFm,0,rDXHP,Ex,dxHP_equip,,RB-dxHP_equip-spltHP-SEER-BA-rDXHP-LRM-LSC-NR,MFm&0&rDXHP&Ex&dxHP_equip,RB-dxHP_equip-spltHP-SEER-BA-rDXHP-LRM-LSC-NR,49.31,89.53,253309.34,459932.79,253309.35,12575.65,1204.46,14740.46,0.0,73945.06,0.0,781.44,0.0,0.0,0.0,0.0,150062.26,0.0,0.0,12575.65,1204.46,0.0,0.0,59678.04,14267.02,0.0,0.0,2283.19,55387331.023034
runs/CZ01/MFm&0&rDXHP&Ex&dxHP_equip/RB-dxHP_equip-spltHP-SEER-BA-rDXHP-NoLRM-0%UC-NR/instance-out.sql,CZ01,MFm,0,rDXHP,Ex,dxHP_equip,,RB-dxHP_equip-spltHP-SEER-BA-rDXHP-NoLRM-0%UC-NR,MFm&0&rDXHP&Ex&dxHP_equip,RB-dxHP_equip-spltHP-SEER-BA-rDXHP-NoLRM-0%UC-NR,49.4,89.81,253758.21,461354.35,253758.21,12910.65,1318.33,14740.46,0.0,73945.06,0.0,781.44,0.0,0.0,0.0,0.0,150062.26,0.0,0.0,12910.65,1318.33,0.0,0.0,59678.04,14267.02,0.0,0.0,2283.19,56167344.856190175
runs/CZ01/MFm&0&rDXHP&Ex&dxHP_equip/RB-dxHP_equip-spltHP-SEER-BA-rDXHP-NoLRM-0%UC-AOE/instance-out.sql,CZ01,MFm,0,rDXHP,Ex,dxHP_equip,,RB-dxHP_equip-spltHP-SEER-BA-rDXHP-NoLRM-0%UC-AOE,MFm&0&rDXHP&Ex&dxHP_equip,RB-dxHP_equip-spltHP-SEER-BA-rDXHP-NoLRM-0%UC-AOE,49.87,91.3,256187.03,469046.42,256187.03,15196.61,1461.19,14740.46,0.0,73945.06,0.0,781.44,0.0,0.0,0.0,0.0,150062.26,0.0,0.0,15196.61,1461.19,0.0,0.0,59678.04,14267.02,0.0,0.0,2283.19,57145883.524336964
runs/CZ01/MFm&0&rDXHP&Ex&dxHP_equip/RB-dxHP_equip-spltHP-SEER-BA-rDXHP-LRM-LSC-NC/instance-out.sql,CZ01,MFm,0,rDXHP,Ex,dxHP_equip,,RB-dxHP_equip-spltHP-SEER-BA-rDXHP-LRM-LSC-NC,MFm&0&rDXHP&Ex&dxHP_equip,RB-dxHP_equip-spltHP-SEER-BA-rDXHP-LRM-LSC-NC,49.31,89.53,253309.34,459932.79,253309.35,12575.65,1204.46,14740.46,0.0,73945.06,0.0,781.44,0.0,0.0,0.0,0.0,150062.26,0.0,0.0,12575.65,1204.46,0.0,0.0,59678.04,14267.02,0.0,0.0,2283.19,55387331.023034
runs/CZ01/MFm&0&rDXHP&Ex&dxHP_equip/RB-dxHP_equip-spltHP-SEER-BA-rDXHP-NoLRM-15%UC-AOE/instance-out.sql,CZ01,MFm,0,rDXHP,Ex,dxHP_equip,,RB-dxHP_equip-spltHP-SEER-BA-rDXHP-NoLRM-15%UC-AOE,MFm&0&rDXHP&Ex&dxHP_equip,RB-dxHP_equip-spltHP-SEER-BA-rDXHP-NoLRM-15%UC-AOE,50.17,92.26,257737.45,473956.59,257737.45,16389.83,1818.39,14740.46,0.0,73945.06,0.0,781.44,0.0,0.0,0.0,0.0,150062.26,0.0,0.0,16389.83,1818.39,0.0,0.0,59678.04,14267.02,0.0,0.0,2283.19,59592681.987219095
runs/CZ02/MFm&0&rDXGF&Ex&dxAC_equip/RB-dxAC_equip-spltAC-SEER-BA-rDXGF-LRM-LSC-AOE/instance-out.sql,CZ02,MFm,0,rDXGF,Ex,dxAC_equip,,RB-dxAC_equip-spltAC-SEER-BA-rDXGF-LRM-LSC-AOE,MFm&0&rDXGF&Ex&dxAC_equip,RB-dxAC_equip-spltAC-SEER-BA-rDXGF-LRM-LSC-AOE,55.42,93.74,284689.05,481561.44,284689.05,40934.12,6902.74,14740.46,0.0,73945.06,0.0,1712.12,0.0,0.0,0.0,0.0,146454.54,0.0,0.0,0.0,6902.74,40934.12,0.0,59678.04,14267.02,0.0,0.0,2283.19,97317003.23052093
runs/CZ01/MFm&0&rDXHP&Ex&dxHP_equip/RB-dxHP_equip-spltHP-SEER-BA-rDXHP-NoLRM-22.5%UC-AOE/instance-out.sql,CZ01,MFm,0,rDXHP,Ex,dxHP_equip,,RB-dxHP_equip-spltHP-SEER-BA-rDXHP-NoLRM-22.5%UC-AOE,MFm&0&rDXHP&Ex&dxHP_equip,RB-dxHP_equip-spltHP-SEER-BA-rDXHP-NoLRM-22.5%UC-AOE,50.32,92.74,258512.66,476411.68,258512.66,16986.44,1996.99,14740.46,0.0,73945.06,0.0,781.44,0.0,0.0,0.0,0.0,150062.26,0.0,0.0,16986.44,1996.99,0.0,0.0,59678.04,14267.02,0.0,0.0,2283.19,60816081.22153413
runs/CZ01/MFm&0&rDXHP&Ex&dxHP_equip/RB-dxHP_equip-spltHP-SEER-BA-rDXHP-NoLRM-0%UC-NC/instance-out.sql,CZ01,MFm,0,rDXHP,Ex,dxHP_equip,,RB-dxHP_equip-spltHP-SEER-BA-rDXHP-NoLRM-0%UC-NC,MFm&0&rDXHP&Ex&dxHP_equip,RB-dxHP_equip-spltHP-SEER-BA-rDXHP-NoLRM-0%UC-NC,49.4,89.81,253758.21,461354.35,253758.21,12910.65,1318.33,14740.46,0.0,73945.06,0.0,781.44,0.0,0.0,0.0,0.0,150062.26,0.0,0.0,12910.65,1318.33,0.0,0.0,59678.04,14267.02,0.0,0.0,2283.19,56167344.856190175
runs/CZ01/MFm&0&rDXHP&Ex&dxHP_equip/RB-dxHP_equip-spltHP-SEER-BA-rDXHP-NoLRM-30%UC-AOE/instance-out.sql,CZ01,MFm,0,rDXHP,Ex,dxHP_equip,,RB-dxHP_equip-spltHP-SEER-BA-rDXHP-NoLRM-30%UC-AOE,MFm&0&rDXHP&Ex&dxHP_equip,RB-dxHP_equip-spltHP-SEER-BA-rDXHP-NoLRM-30%UC-AOE,50.47,93.22,259287.87,478866.76,259287.87000000002,17583.05,2175.59,14740.46,0.0,73945.06,0.0,781.44,0.0,0.0,0.0,0.0,150062.26,0.0,0.0,17583.05,2175.59,0.0,0.0,59678.04,14267.02,0.0,0.0,2283.19,62039480.447713986
runs/CZ01/MFm&0&rDXHP&Ex&dxHP_equip/RB-dxHP_equip-spltHP-SEER-BA-rDXHP-NoLRM-40%UC-AOE/instance-out.sql,CZ01,MFm,0,rDXHP,Ex,dxHP_equip,,RB-dxHP_equip-spltHP-SEER-BA-rDXHP-NoLRM-40%UC-AOE,MFm&0&rDXHP&Ex&dxHP_equip,RB-dxHP_equip-spltHP-SEER-BA-rDXHP-NoLRM-40%UC-AOE,50.67,93.85,260321.48,482140.21,260321.48,18378.53,2413.72,14740.46,0.0,73945.06,0.0,781.44,0.0,0.0,0.0,0.0,150062.26,0.0,0.0,18378.53,2413.72,0.0,0.0,59678.04,14267.02,0.0,0.0,2283.19,63670679.425223544
runs/CZ02/MFm&0&rDXGF&Ex&dxAC_equip/RB-dxAC_equip-spltAC-SEER-BA-rDXGF-LRM-LSC-NR/instance-out.sql,CZ02,MFm,0,rDXGF,Ex,dxAC_equip,,RB-dxAC_equip-spltAC-SEER-BA-rDXGF-LRM-LSC-NR,MFm&0&rDXGF&Ex&dxAC_equip,RB-dxAC_equip-spltAC-SEER-BA-rDXGF-LRM-LSC-NR,55.29,93.32,284014.2,479424.19,284014.2,40934.12,6227.89,14740.46,0.0,73945.06,0.0,1712.12,0.0,0.0,0.0,0.0,146454.54,0.0,0.0,0.0,6227.89,40934.12,0.0,59678.04,14267.02,0.0,0.0,2283.19,92924265.02899763
runs/CZ02/MFm&0&rDXGF&Ex&dxAC_equip/RB-dxAC_equip-spltAC-SEER-BA-rDXGF-NoLRM-0%UC-AOE/instance-out.sql,CZ02,MFm,0,rDXGF,Ex,dxAC_equip,,RB-dxAC_equip-spltAC-SEER-BA-rDXGF-NoLRM-0%UC-AOE,MFm&0&rDXGF&Ex&dxAC_equip,RB-dxAC_equip-spltAC-SEER-BA-rDXGF-NoLRM-0%UC-AOE,55.54,94.14,285341.65,483628.2,285341.64,40934.12,7555.34,14740.46,0.0,73945.06,0.0,1712.12,0.0,0.0,0.0,0.0,146454.54,0.0,0.0,0.0,7555.34,40934.12,0.0,59678.04,14267.02,0.0,0.0,2283.19,101564884.1411531
runs/CZ01/MFm&0&rDXHP&Ex&dxHP_equip/RB-dxHP_equip-spltHP-SEER-BA-rDXHP-NoLRM-7.5%UC-AOE/instance-out.sql,CZ01,MFm,0,rDXHP,Ex,dxHP_equip,,RB-dxHP_equip-spltHP-SEER-BA-rDXHP-NoLRM-7.5%UC-AOE,MFm&0&rDXHP&Ex&dxHP_equip,RB-dxHP_equip-spltHP-SEER-BA-rDXHP-NoLRM-7.5%UC-AOE,50.02,91.78,256962.24,471501.51,256962.24000000002,15793.22,1639.79,14740.46,0.0,73945.06,0.0,781.44,0.0,0.0,0.0,0.0,150062.26,0.0,0.0,15793.22,1639.79,0.0,0.0,59678.04,14267.02,0.0,0.0,2283.19,58369282.75376643
runs/CZ02/MFm&0&rDXGF&Ex&dxAC_equip/RB-dxAC_equip-spltAC-SEER-BA-rDXGF-NoLRM-0%UC-NR/instance-out.sql,CZ02,MFm,0,rDXGF,Ex,dxAC_equip,,RB-dxAC_equip-spltAC-SEER-BA-rDXGF-NoLRM-0%UC-NR,MFm&0&rDXGF&Ex&dxAC_equip,RB-dxAC_equip-spltAC-SEER-BA-rDXGF-NoLRM-0%UC-NR,55.4,93.69,284602.99,481288.9,284602.99,40934.12,6816.69,14740.46,0.0,73945.06,0.0,1712.12,0.0,0.0,0.0,0.0,146454.54,0.0,0.0,0.0,6816.69,40934.12,0.0,59678.04,14267.02,0.0,0.0,2283.19,96756850.31122327
runs/CZ02/MFm&0&rDXGF&Ex&dxAC_equip/RB-dxAC_equip-spltAC-SEER-BA-rDXGF-NoLRM-22.5%UC-AOE/instance-out.sql,CZ02,MFm,0,rDXGF,Ex,dxAC_equip,,RB-dxAC_equip-spltAC-SEER-BA-rDXGF-NoLRM-22.5%UC-AOE,MFm&0&rDXGF&Ex&dxAC_equip,RB-dxAC_equip-spltAC-SEER-BA-rDXGF-NoLRM-22.5%UC-AOE,56.08,95.85,288112.1,492402.22,288112.08999999997,40934.12,10325.79,14740.46,0.0,73945.06,0.0,1712.12,0.0,0.0,0.0,0.0,146454.54,0.0,0.0,0.0,10325.79,40934.12,0.0,59678.04,14267.02,0.0,0.0,2283.19,119598340.83027309
runs/CZ02/MFm&0&rDXGF&Ex&dxAC_equip/RB-dxAC_equip-spltAC-SEER-BA-rDXGF-NoLRM-30%UC-AOE/instance-out.sql,CZ02,MFm,0,rDXGF,Ex,dxAC_equip,,RB-dxAC_equip-spltAC-SEER-BA-rDXGF-NoLRM-30%UC-AOE,MFm&0&rDXGF&Ex&dxAC_equip,RB-dxAC_equip-spltAC-SEER-BA-rDXGF-NoLRM-30%UC-AOE,56.26,96.42,289035.58,495326.89,289035.57999999996,40934.12,11249.27,14740.46,0.0,73945.06,0.0,1712.12,0.0,0.0,0.0,0.0,146454.54,0.0,0.0,0.0,11249.27,40934.12,0.0,59678.04,14267.02,0.0,0.0,2283.19,125609493.02942179
runs/CZ02/MFm&0&rDXGF&Ex&dxAC_equip/RB-dxAC_equip-spltAC-SEER-BA-rDXGF-NoLRM-15%UC-AOE/instance-out.sql,CZ02,MFm,0,rDXGF,Ex,dxAC_equip,,RB-dxAC_equip-spltAC-SEER-BA-rDXGF-NoLRM-15%UC-AOE,MFm&0&rDXGF&Ex&dxAC_equip,RB-dxAC_equip-spltAC-SEER-BA-rDXGF-NoLRM-15%UC-AOE,55.9,95.28,287188.61,489477.55,287188.61,40934.12,9402.31,14740.46,0.0,73945.06,0.0,1712.12,0.0,0.0,0.0,0.0,146454.54,0.0,0.0,0.0,9402.31,40934.12,0.0,59678.04,14267.02,0.0,0.0,2283.19,113587188.59115233
runs/CZ02/MFm&0&rDXGF&Ex&dxAC_equip/RB-dxAC_equip-spltAC-SEER-BA-rDXGF-NoLRM-7.5%UC-AOE/instance-out.sql,CZ02,MFm,0,rDXGF,Ex,dxAC_equip,,RB-dxAC_equip-spltAC-SEER-BA-rDXGF-NoLRM-7.5%UC-AOE,MFm&0&rDXGF&Ex&dxAC_equip,RB-dxAC_equip-spltAC-SEER-BA-rDXGF-NoLRM-7.5%UC-AOE,55.72,94.71,286265.13,486552.88,286265.13,40934.12,8478.82,14740.46,0.0,73945.06,0.0,1712.12,0.0,0.0,0.0,0.0,146454.54,0.0,0.0,0.0,8478.82,40934.12,0.0,59678.04,14267.02,0.0,0.0,2283.19,107576036.35626873
runs/CZ02/MFm&0&rDXGF&Ex&dxAC_equip/RB-dxAC_equip-spltAC-SEER-BA-rDXGF-NoLRM-40%UC-AOE/instance-out.sql,CZ02,MFm,0,rDXGF,Ex,dxAC_equip,,RB-dxAC_equip-spltAC-SEER-BA-rDXGF-NoLRM-40%UC-AOE,MFm&0&rDXGF&Ex&dxAC_equip,RB-dxAC_equip-spltAC-SEER-BA-rDXGF-NoLRM-40%UC-AOE,56.5,97.18,290266.89,499226.46,290266.89,40934.12,12480.58,14740.46,0.0,73945.06,0.0,1712.12,0.0,0.0,0.0,0.0,146454.54,0.0,0.0,0.0,12480.58,40934.12,0.0,59678.04,14267.02,0.0,0.0,2283.19,133624362.6738335
runs/CZ02/MFm&0&rDXHP&Ex&dxHP_equip/RB-dxHP_equip-spltHP-SEER-BA-rDXHP-LRM-LSC-AOE/instance-out.sql,CZ02,MFm,0,rDXHP,Ex,dxHP_equip,,RB-dxHP_equip-spltHP-SEER-BA-rDXHP-LRM-LSC-AOE,MFm&0&rDXHP&Ex&dxHP_equip,RB-dxHP_equip-spltHP-SEER-BA-rDXHP-LRM-LSC-AOE,51.88,99.13,266503.42,509272.88,266503.42000000004,22227.73,6903.05,14740.46,0.0,73945.06,0.0,2251.57,0.0,0.0,0.0,0.0,146435.55,0.0,0.0,22227.73,6903.05,0.0,0.0,59678.04,14267.02,0.0,0.0,2283.19,97317248.44349238
runs/CZ02/MFm&0&rDXHP&Ex&dxHP_equip/RB-dxHP_equip-spltHP-SEER-BA-rDXHP-LRM-LSC-NC/instance-out.sql,CZ02,MFm,0,rDXHP,Ex,dxHP_equip,,RB-dxHP_equip-spltHP-SEER-BA-rDXHP-LRM-LSC-NC,MFm&0&rDXHP&Ex&dxHP_equip,RB-dxHP_equip-spltHP-SEER-BA-rDXHP-LRM-LSC-NC,51.0,96.36,261999.51,495009.0,261999.51,18398.7,6228.17,14740.46,0.0,73945.06,0.0,2251.57,0.0,0.0,0.0,0.0,146435.55,0.0,0.0,18398.7,6228.17,0.0,0.0,59678.04,14267.02,0.0,0.0,2283.19,92924487.68915328
runs/CZ02/MFm&0&rDXHP&Ex&dxHP_equip/RB-dxHP_equip-spltHP-SEER-BA-rDXHP-LRM-LSC-NR/instance-out.sql,CZ02,MFm,0,rDXHP,Ex,dxHP_equip,,RB-dxHP_equip-spltHP-SEER-BA-rDXHP-LRM-LSC-NR,MFm&0&rDXHP&Ex&dxHP_equip,RB-dxHP_equip-spltHP-SEER-BA-rDXHP-LRM-LSC-NR,51.0,96.36,261999.51,495009.0,261999.51,18398.7,6228.17,14740.46,0.0,73945.06,0.0,2251.57,0.0,0.0,0.0,0.0,146435.55,0.0,0.0,18398.7,6228.17,0.0,0.0,59678.04,14267.02,0.0,0.0,2283.19,92924487.68915328
runs/CZ02/MFm&0&rDXHP&Ex&dxHP_equip/RB-dxHP_equip-spltHP-SEER-BA-rDXHP-NoLRM-0%UC-AOE/instance-out.sql,CZ02,MFm,0,rDXHP,Ex,dxHP_equip,,RB-dxHP_equip-spltHP-SEER-BA-rDXHP-NoLRM-0%UC-AOE,MFm&0&rDXHP&Ex&dxHP_equip,RB-dxHP_equip-spltHP-SEER-BA-rDXHP-NoLRM-0%UC-AOE,52.15,99.99,267890.05,513664.32,267890.04000000004,22961.73,7555.67,14740.46,0.0,73945.06,0.0,2251.57,0.0,0.0,0.0,0.0,146435.55,0.0,0.0,22961.73,7555.67,0.0,0.0,59678.04,14267.02,0.0,0.0,2283.19,101565151.16322659
runs/CZ02/MFm&0&rDXHP&Ex&dxHP_equip/RB-dxHP_equip-spltHP-SEER-BA-rDXHP-NoLRM-0%UC-NC/instance-out.sql,CZ02,MFm,0,rDXHP,Ex,dxHP_equip,,RB-dxHP_equip-spltHP-SEER-BA-rDXHP-NoLRM-0%UC-NC,MFm&0&rDXHP&Ex&dxHP_equip,RB-dxHP_equip-spltHP-SEER-BA-rDXHP-NoLRM-0%UC-NC,51.23,97.08,263171.55,498720.84,263171.55,18981.92,6816.99,14740.46,0.0,73945.06,0.0,2251.57,0.0,0.0,0.0,0.0,146435.55,0.0,0.0,18981.92,6816.99,0.0,0.0,59678.04,14267.02,0.0,0.0,2283.19,96757092.64830615
runs/CZ02/MFm&0&rDXHP&Ex&dxHP_equip/RB-dxHP_equip-spltHP-SEER-BA-rDXHP-NoLRM-0%UC-NR/instance-out.sql,CZ02,MFm,0,rDXHP,Ex,dxHP_equip,,RB-dxHP_equip-spltHP-SEER-BA-rDXHP-NoLRM-0%UC-NR,MFm&0&rDXHP&Ex&dxHP_equip,RB-dxHP_equip-spltHP-SEER-BA-rDXHP-NoLRM-0%UC-NR,51.23,97.08,263171.55,498720.84,263171.55,18981.92,6816.99,14740.46,0.0,73945.06,0.0,2251.57,0.0,0.0,0.0,0.0,146435.55,0.0,0.0,18981.92,6816.99,0.0,0.0,59678.04,14267.02,0.0,0.0,2283.19,96757092.64830615
runs/CZ02/MFm&0&rDXHP&Ex&dxHP_equip/RB-dxHP_equip-spltHP-SEER-BA-rDXHP-NoLRM-15%UC-AOE/instance-out.sql,CZ02,MFm,0,rDXHP,Ex,dxHP_equip,,RB-dxHP_equip-spltHP-SEER-BA-rDXHP-NoLRM-15%UC-AOE,MFm&0&rDXHP&Ex&dxHP_equip,RB-dxHP_equip-spltHP-SEER-BA-rDXHP-NoLRM-15%UC-AOE,52.91,102.41,271814.46,526092.94,271814.46,25039.1,9402.72,14740.46,0.0,73945.06,0.0,2251.57,0.0,0.0,0.0,0.0,146435.55,0.0,0.0,25039.1,9402.72,0.0,0.0,59678.04,14267.02,0.0,0.0,2283.19,113587517.33709943
runs/CZ03/MFm&0&rDXGF&Ex&dxAC_equip/RB-dxAC_equip-spltAC-SEER-BA-rDXGF-LRM-LSC-AOE/instance-out.sql,CZ03,MFm,0,rDXGF,Ex,dxAC_equip,,RB-dxAC_equip-spltAC-SEER-BA-rDXGF-LRM-LSC-AOE,MFm&0&rDXGF&Ex&dxAC_equip,RB-dxAC_equip-spltAC-SEER-BA-rDXGF-LRM-LSC-AOE,56.93,96.4,292460.45,495206.57,292460.46,45658.86,9338.89,14740.46,0.0,73945.06,0.0,1782.43,0.0,0.0,0.0,0.0,146994.75,0.0,0.0,0.0,9338.89,45658.86,0.0,59678.04,14267.02,0.0,0.0,2283.19,96866916.52523763
runs/CZ02/MFm&0&rDXHP&Ex&dxHP_equip/RB-dxHP_equip-spltHP-SEER-BA-rDXHP-NoLRM-7.5%UC-AOE/instance-out.sql,CZ02,MFm,0,rDXHP,Ex,dxHP_equip,,RB-dxHP_equip-spltHP-SEER-BA-rDXHP-NoLRM-7.5%UC-AOE,MFm&0&rDXHP&Ex&dxHP_equip,RB-dxHP_equip-spltHP-SEER-BA-rDXHP-NoLRM-7.5%UC-AOE,52.53,101.2,269852.25,519878.63,269852.25,24000.42,8479.19,14740.46,0.0,73945.06,0.0,2251.57,0.0,0.0,0.0,0.0,146435.55,0.0,0.0,24000.42,8479.19,0.0,0.0,59678.04,14267.02,0.0,0.0,2283.19,107576334.24027897
runs/CZ02/MFm&0&rDXHP&Ex&dxHP_equip/RB-dxHP_equip-spltHP-SEER-BA-rDXHP-NoLRM-22.5%UC-AOE/instance-out.sql,CZ02,MFm,0,rDXHP,Ex,dxHP_equip,,RB-dxHP_equip-spltHP-SEER-BA-rDXHP-NoLRM-22.5%UC-AOE,MFm&0&rDXHP&Ex&dxHP_equip,RB-dxHP_equip-spltHP-SEER-BA-rDXHP-NoLRM-22.5%UC-AOE,53.29,103.62,273776.67,532307.24,273776.66000000003,26077.78,10326.24,14740.46,0.0,73945.06,0.0,2251.57,0.0,0.0,0.0,0.0,146435.55,0.0,0.0,26077.78,10326.24,0.0,0.0,59678.04,14267.02,0.0,0.0,2283.19,119598700.43815708
runs/CZ02/MFm&0&rDXHP&Ex&dxHP_equip/RB-dxHP_equip-spltHP-SEER-BA-rDXHP-NoLRM-40%UC-AOE/instance-out.sql,CZ02,MFm,0,rDXHP,Ex,dxHP_equip,,RB-dxHP_equip-spltHP-SEER-BA-rDXHP-NoLRM-40%UC-AOE,MFm&0&rDXHP&Ex&dxHP_equip,RB-dxHP_equip-spltHP-SEER-BA-rDXHP-NoLRM-40%UC-AOE,54.18,106.44,278355.15,546807.29,278355.14,28501.37,12481.13,14740.46,0.0,73945.06,0.0,2251.57,0.0,0.0,0.0,0.0,146435.55,0.0,0.0,28501.37,12481.13,0.0,0.0,59678.04,14267.02,0.0,0.0,2283.19,133624794.29290333
runs/CZ02/MFm&0&rDXHP&Ex&dxHP_equip/RB-dxHP_equip-spltHP-SEER-BA-rDXHP-NoLRM-30%UC-AOE/instance-out.sql,CZ02,MFm,0,rDXHP,Ex,dxHP_equip,,RB-dxHP_equip-spltHP-SEER-BA-rDXHP-NoLRM-30%UC-AOE,MFm&0&rDXHP&Ex&dxHP_equip,RB-dxHP_equip-spltHP-SEER-BA-rDXHP-NoLRM-30%UC-AOE,53.68,104.83,275738.87,538521.55,275738.87,27116.46,11249.76,14740.46,0.0,73945.06,0.0,2251.57,0.0,0.0,0.0,0.0,146435.55,0.0,0.0,27116.46,11249.76,0.0,0.0,59678.04,14267.02,0.0,0.0,2283.19,125609883.49924248
runs/CZ03/MFm&0&rDXGF&Ex&dxAC_equip/RB-dxAC_equip-spltAC-SEER-BA-rDXGF-NoLRM-0%UC-AOE/instance-out.sql,CZ03,MFm,0,rDXGF,Ex,dxAC_equip,,RB-dxAC_equip-spltAC-SEER-BA-rDXGF-NoLRM-0%UC-AOE,MFm&0&rDXGF&Ex&dxAC_equip,RB-dxAC_equip-spltAC-SEER-BA-rDXGF-NoLRM-0%UC-AOE,57.1,96.94,293343.37,498002.76,293343.37,45658.86,10221.8,14740.46,0.0,73945.06,0.0,1782.43,0.0,0.0,0.0,0.0,146994.75,0.0,0.0,0.0,10221.8,45658.86,0.0,59678.04,14267.02,0.0,0.0,2283.19,101201865.40754727
runs/CZ03/MFm&0&rDXGF&Ex&dxAC_equip/RB-dxAC_equip-spltAC-SEER-BA-rDXGF-LRM-LSC-NR/instance-out.sql,CZ03,MFm,0,rDXGF,Ex,dxAC_equip,,RB-dxAC_equip-spltAC-SEER-BA-rDXGF-LRM-LSC-NR,MFm&0&rDXGF&Ex&dxAC_equip,RB-dxAC_equip-spltAC-SEER-BA-rDXGF-LRM-LSC-NR,56.75,95.83,291547.43,492315.04,291547.44,45658.86,8425.87,14740.46,0.0,73945.06,0.0,1782.43,0.0,0.0,0.0,0.0,146994.75,0.0,0.0,0.0,8425.87,45658.86,0.0,59678.04,14267.02,0.0,0.0,2283.19,92384141.24090454
runs/CZ03/MFm&0&rDXGF&Ex&dxAC_equip/RB-dxAC_equip-spltAC-SEER-BA-rDXGF-NoLRM-0%UC-NR/instance-out.sql,CZ03,MFm,0,rDXGF,Ex,dxAC_equip,,RB-dxAC_equip-spltAC-SEER-BA-rDXGF-NoLRM-0%UC-NR,MFm&0&rDXGF&Ex&dxAC_equip,RB-dxAC_equip-spltAC-SEER-BA-rDXGF-NoLRM-0%UC-NR,56.91,96.33,292344.03,494837.85,292344.03,45658.86,9222.46,14740.46,0.0,73945.06,0.0,1782.43,0.0,0.0,0.0,0.0,146994.75,0.0,0.0,0.0,9222.46,45658.86,0.0,59678.04,14267.02,0.0,0.0,2283.19,96295282.2627624
runs/CZ03/MFm&0&rDXGF&Ex&dxAC_equip/RB-dxAC_equip-spltAC-SEER-BA-rDXGF-NoLRM-22.5%UC-AOE/instance-out.sql,CZ03,MFm,0,rDXGF,Ex,dxAC_equip,,RB-dxAC_equip-spltAC-SEER-BA-rDXGF-NoLRM-22.5%UC-AOE,MFm&0&rDXGF&Ex&dxAC_equip,RB-dxAC_equip-spltAC-SEER-BA-rDXGF-NoLRM-22.5%UC-AOE,57.83,99.25,297091.58,509873.34,297091.58,45658.86,13970.01,14740.46,0.0,73945.06,0.0,1782.43,0.0,0.0,0.0,0.0,146994.75,0.0,0.0,0.0,13970.01,45658.86,0.0,59678.04,14267.02,0.0,0.0,2283.19,119604950.27817419
runs/CZ03/MFm&0&rDXGF&Ex&dxAC_equip/RB-dxAC_equip-spltAC-SEER-BA-rDXGF-NoLRM-30%UC-AOE/instance-out.sql,CZ03,MFm,0,rDXGF,Ex,dxAC_equip,,RB-dxAC_equip-spltAC-SEER-BA-rDXGF-NoLRM-30%UC-AOE,MFm&0&rDXGF&Ex&dxAC_equip,RB-dxAC_equip-spltAC-SEER-BA-rDXGF-NoLRM-30%UC-AOE,58.08,100.02,298340.98,513830.2,298340.98,45658.86,15219.42,14740.46,0.0,73945.06,0.0,1782.43,0.0,0.0,0.0,0.0,146994.75,0.0,0.0,0.0,15219.42,45658.86,0.0,59678.04,14267.02,0.0,0.0,2283.19,125739311.87053221
runs/CZ03/MFm&0&rDXGF&Ex&dxAC_equip/RB-dxAC_equip-spltAC-SEER-BA-rDXGF-NoLRM-15%UC-AOE/instance-out.sql,CZ03,MFm,0,rDXGF,Ex,dxAC_equip,,RB-dxAC_equip-spltAC-SEER-BA-rDXGF-NoLRM-15%UC-AOE,MFm&0&rDXGF&Ex&dxAC_equip,RB-dxAC_equip-spltAC-SEER-BA-rDXGF-NoLRM-15%UC-AOE,57.59,98.48,295842.17,505916.48,295842.18,45658.86,12720.61,14740.46,0.0,73945.06,0.0,1782.43,0.0,0.0,0.0,0.0,146994.75,0.0,0.0,0.0,12720.61,45658.86,0.0,59678.04,14267.02,0.0,0.0,2283.19,113470588.64502482
runs/CZ03/MFm&0&rDXGF&Ex&dxAC_equip/RB-dxAC_equip-spltAC-SEER-BA-rDXGF-NoLRM-40%UC-AOE/instance-out.sql,CZ03,MFm,0,rDXGF,Ex,dxAC_equip,,RB-dxAC_equip-spltAC-SEER-BA-rDXGF-NoLRM-40%UC-AOE,MFm&0&rDXGF&Ex&dxAC_equip,RB-dxAC_equip-spltAC-SEER-BA-rDXGF-NoLRM-40%UC-AOE,58.4,101.05,300006.85,519106.01,300006.85000000003,45658.86,16885.29,14740.46,0.0,73945.06,0.0,1782.43,0.0,0.0,0.0,0.0,146994.75,0.0,0.0,0.0,16885.29,45658.86,0.0,59678.04,14267.02,0.0,0.0,2283.19,133918460.70682324
runs/CZ03/MFm&0&rDXGF&Ex&dxAC_equip/RB-dxAC_equip-spltAC-SEER-BA-rDXGF-NoLRM-7.5%UC-AOE/instance-out.sql,CZ03,MFm,0,rDXGF,Ex,dxAC_equip,,RB-dxAC_equip-spltAC-SEER-BA-rDXGF-NoLRM-7.5%UC-AOE,MFm&0&rDXGF&Ex&dxAC_equip,RB-dxAC_equip-spltAC-SEER-BA-rDXGF-NoLRM-7.5%UC-AOE,57.35,97.71,294592.77,501959.62,294592.77,45658.86,11471.21,14740.46,0.0,73945.06,0.0,1782.43,0.0,0.0,0.0,0.0,146994.75,0.0,0.0,0.0,11471.21,45658.86,0.0,59678.04,14267.02,0.0,0.0,2283.19,107336227.01619947
runs/CZ03/MFm&0&rDXHP&Ex&dxHP_equip/RB-dxHP_equip-spltHP-SEER-BA-rDXHP-LRM-LSC-AOE/instance-out.sql,CZ03,MFm,0,rDXHP,Ex,dxHP_equip,,RB-dxHP_equip-spltHP-SEER-BA-rDXHP-LRM-LSC-AOE,MFm&0&rDXHP&Ex&dxHP_equip,RB-dxHP_equip-spltHP-SEER-BA-rDXHP-LRM-LSC-AOE,52.92,102.22,271861.96,525110.28,271861.97,24626.35,9338.31,14740.46,0.0,73945.06,0.0,2232.26,0.0,0.0,0.0,0.0,146979.52,0.0,0.0,24626.35,9338.31,0.0,0.0,59678.04,14267.02,0.0,0.0,2283.19,96866833.78840065
runs/CZ03/MFm&0&rDXHP&Ex&dxHP_equip/RB-dxHP_equip-spltHP-SEER-BA-rDXHP-LRM-LSC-NC/instance-out.sql,CZ03,MFm,0,rDXHP,Ex,dxHP_equip,,RB-dxHP_equip-spltHP-SEER-BA-rDXHP-LRM-LSC-NC,MFm&0&rDXHP&Ex&dxHP_equip,RB-dxHP_equip-spltHP-SEER-BA-rDXHP-LRM-LSC-NC,51.83,98.75,266238.23,507299.91,266238.23,19915.57,8425.34,14740.46,0.0,73945.06,0.0,2232.26,0.0,0.0,0.0,0.0,146979.52,0.0,0.0,19915.57,8425.34,0.0,0.0,59678.04,14267.02,0.0,0.0,2283.19,92384065.92703024
runs/CZ03/MFm&0&rDXHP&Ex&dxHP_equip/RB-dxHP_equip-spltHP-SEER-BA-rDXHP-NoLRM-0%UC-AOE/instance-out.sql,CZ03,MFm,0,rDXHP,Ex,dxHP_equip,,RB-dxHP_equip-spltHP-SEER-BA-rDXHP-NoLRM-0%UC-AOE,MFm&0&rDXHP&Ex&dxHP_equip,RB-dxHP_equip-spltHP-SEER-BA-rDXHP-NoLRM-0%UC-AOE,53.27,103.32,273647.85,530766.18,273647.85,25529.38,10221.16,14740.46,0.0,73945.06,0.0,2232.26,0.0,0.0,0.0,0.0,146979.52,0.0,0.0,25529.38,10221.16,0.0,0.0,59678.04,14267.02,0.0,0.0,2283.19,101201775.49253121
runs/CZ03/MFm&0&rDXHP&Ex&dxHP_equip/RB-dxHP_equip-spltHP-SEER-BA-rDXHP-LRM-LSC-NR/instance-out.sql,CZ03,MFm,0,rDXHP,Ex,dxHP_equip,,RB-dxHP_equip-spltHP-SEER-BA-rDXHP-LRM-LSC-NR,MFm&0&rDXHP&Ex&dxHP_equip,RB-dxHP_equip-spltHP-SEER-BA-rDXHP-LRM-LSC-NR,51.83,98.75,266238.23,507299.91,266238.23,19915.57,8425.34,14740.46,0.0,73945.06,0.0,2232.26,0.0,0.0,0.0,0.0,146979.52,0.0,0.0,19915.57,8425.34,0.0,0.0,59678.04,14267.02,0.0,0.0,2283.19,92384065.92703024
runs/CZ03/MFm&0&rDXHP&Ex&dxHP_equip/RB-dxHP_equip-spltHP-SEER-BA-rDXHP-NoLRM-22.5%UC-AOE/instance-out.sql,CZ03,MFm,0,rDXHP,Ex,dxHP_equip,,RB-dxHP_equip-spltHP-SEER-BA-rDXHP-NoLRM-22.5%UC-AOE,MFm&0&rDXHP&Ex&dxHP_equip,RB-dxHP_equip-spltHP-SEER-BA-rDXHP-NoLRM-22.5%UC-AOE,54.74,107.99,281229.43,554777.05,281229.43,29362.98,13969.14,14740.46,0.0,73945.06,0.0,2232.26,0.0,0.0,0.0,0.0,146979.52,0.0,0.0,29362.98,13969.14,0.0,0.0,59678.04,14267.02,0.0,0.0,2283.19,119604829.88975641
runs/CZ03/MFm&0&rDXHP&Ex&dxHP_equip/RB-dxHP_equip-spltHP-SEER-BA-rDXHP-NoLRM-0%UC-NR/instance-out.sql,CZ03,MFm,0,rDXHP,Ex,dxHP_equip,,RB-dxHP_equip-spltHP-SEER-BA-rDXHP-NoLRM-0%UC-NR,MFm&0&rDXHP&Ex&dxHP_equip,RB-dxHP_equip-spltHP-SEER-BA-rDXHP-NoLRM-0%UC-NR,52.12,99.68,267752.29,512094.95,267752.29,20633.09,9221.89,14740.46,0.0,73945.06,0.0,2232.26,0.0,0.0,0.0,0.0,146979.52,0.0,0.0,20633.09,9221.89,0.0,0.0,59678.04,14267.02,0.0,0.0,2283.19,96295200.47248632
runs/CZ03/MFm&0&rDXHP&Ex&dxHP_equip/RB-dxHP_equip-spltHP-SEER-BA-rDXHP-NoLRM-0%UC-NC/instance-out.sql,CZ03,MFm,0,rDXHP,Ex,dxHP_equip,,RB-dxHP_equip-spltHP-SEER-BA-rDXHP-NoLRM-0%UC-NC,MFm&0&rDXHP&Ex&dxHP_equip,RB-dxHP_equip-spltHP-SEER-BA-rDXHP-NoLRM-0%UC-NC,52.12,99.68,267752.29,512094.95,267752.29,20633.09,9221.89,14740.46,0.0,73945.06,0.0,2232.26,0.0,0.0,0.0,0.0,146979.52,0.0,0.0,20633.09,9221.89,0.0,0.0,59678.04,14267.02,0.0,0.0,2283.19,96295200.47248632
runs/CZ03/MFm&0&rDXHP&Ex&dxHP_equip/RB-dxHP_equip-spltHP-SEER-BA-rDXHP-NoLRM-30%UC-AOE/instance-out.sql,CZ03,MFm,0,rDXHP,Ex,dxHP_equip,,RB-dxHP_equip-spltHP-SEER-BA-rDXHP-NoLRM-30%UC-AOE,MFm&0&rDXHP&Ex&dxHP_equip,RB-dxHP_equip-spltHP-SEER-BA-rDXHP-NoLRM-30%UC-AOE,55.24,109.55,283756.62,562780.67,283756.63,30640.85,15218.46,14740.46,0.0,73945.06,0.0,2232.26,0.0,0.0,0.0,0.0,146979.52,0.0,0.0,30640.85,15218.46,0.0,0.0,59678.04,14267.02,0.0,0.0,2283.19,125739181.32431394
runs/CZ03/MFm&0&rDXHP&Ex&dxHP_equip/RB-dxHP_equip-spltHP-SEER-BA-rDXHP-NoLRM-40%UC-AOE/instance-out.sql,CZ03,MFm,0,rDXHP,Ex,dxHP_equip,,RB-dxHP_equip-spltHP-SEER-BA-rDXHP-NoLRM-40%UC-AOE,MFm&0&rDXHP&Ex&dxHP_equip,RB-dxHP_equip-spltHP-SEER-BA-rDXHP-NoLRM-40%UC-AOE,55.89,111.63,287126.22,573452.17,287126.22,32344.68,16884.23,14740.46,0.0,73945.06,0.0,2232.26,0.0,0.0,0.0,0.0,146979.52,0.0,0.0,32344.68,16884.23,0.0,0.0,59678.04,14267.02,0.0,0.0,2283.19,133918316.61687085
runs/CZ04/MFm&0&rDXGF&Ex&dxAC_equip/RB-dxAC_equip-spltAC-SEER-BA-rDXGF-LRM-LSC-NR/instance-out.sql,CZ04,MFm,0,rDXGF,Ex,dxAC_equip,,RB-dxAC_equip-spltAC-SEER-BA-rDXGF-LRM-LSC-NR,MFm&0&rDXGF&Ex&dxAC_equip,RB-dxAC_equip-spltAC-SEER-BA-rDXGF-LRM-LSC-NR,62.18,105.24,319442.0,540633.28,319441.99,67170.44,15031.03,14740.46,0.0,73945.06,0.0,3857.31,0.0,0.0,0.0,0.0,144697.68,0.0,0.0,0.0,15031.03,67170.44,0.0,59678.04,14267.02,0.0,0.0,2283.19,131367741.97675346
runs/CZ03/MFm&0&rDXHP&Ex&dxHP_equip/RB-dxHP_equip-spltHP-SEER-BA-rDXHP-NoLRM-15%UC-AOE/instance-out.sql,CZ03,MFm,0,rDXHP,Ex,dxHP_equip,,RB-dxHP_equip-spltHP-SEER-BA-rDXHP-NoLRM-15%UC-AOE,MFm&0&rDXHP&Ex&dxHP_equip,RB-dxHP_equip-spltHP-SEER-BA-rDXHP-NoLRM-15%UC-AOE,54.25,106.43,278702.24,546773.42,278702.24,28085.11,12719.81,14740.46,0.0,73945.06,0.0,2232.26,0.0,0.0,0.0,0.0,146979.52,0.0,0.0,28085.11,12719.81,0.0,0.0,59678.04,14267.02,0.0,0.0,2283.19,113470478.41440764
runs/CZ04/MFm&0&rDXGF&Ex&dxAC_equip/RB-dxAC_equip-spltAC-SEER-BA-rDXGF-NoLRM-0%UC-AOE/instance-out.sql,CZ04,MFm,0,rDXGF,Ex,dxAC_equip,,RB-dxAC_equip-spltAC-SEER-BA-rDXGF-NoLRM-0%UC-AOE,MFm&0&rDXGF&Ex&dxAC_equip,RB-dxAC_equip-spltAC-SEER-BA-rDXGF-NoLRM-0%UC-AOE,62.81,107.21,322645.79,550779.68,322645.78,67170.44,18234.82,14740.46,0.0,73945.06,0.0,3857.31,0.0,0.0,0.0,0.0,144697.68,0.0,0.0,0.0,18234.82,67170.44,0.0,59678.04,14267.02,0.0,0.0,2283.19,146994908.0187105
runs/CZ04/MFm&0&rDXGF&Ex&dxAC_equip/RB-dxAC_equip-spltAC-SEER-BA-rDXGF-NoLRM-0%UC-NR/instance-out.sql,CZ04,MFm,0,rDXGF,Ex,dxAC_equip,,RB-dxAC_equip-spltAC-SEER-BA-rDXGF-NoLRM-0%UC-NR,MFm&0&rDXGF&Ex&dxAC_equip,RB-dxAC_equip-spltAC-SEER-BA-rDXGF-NoLRM-0%UC-NR,62.46,106.12,320863.05,545133.76,320863.05,67170.44,16452.09,14740.46,0.0,73945.06,0.0,3857.31,0.0,0.0,0.0,0.0,144697.68,0.0,0.0,0.0,16452.09,67170.44,0.0,59678.04,14267.02,0.0,0.0,2283.19,138299241.4211677
runs/CZ03/MFm&0&rDXHP&Ex&dxHP_equip/RB-dxHP_equip-spltHP-SEER-BA-rDXHP-NoLRM-7.5%UC-AOE/instance-out.sql,CZ03,MFm,0,rDXHP,Ex,dxHP_equip,,RB-dxHP_equip-spltHP-SEER-BA-rDXHP-NoLRM-7.5%UC-AOE,MFm&0&rDXHP&Ex&dxHP_equip,RB-dxHP_equip-spltHP-SEER-BA-rDXHP-NoLRM-7.5%UC-AOE,53.76,104.88,276175.04,538769.8,276175.04,26807.24,11470.49,14740.46,0.0,73945.06,0.0,2232.26,0.0,0.0,0.0,0.0,146979.52,0.0,0.0,26807.24,11470.49,0.0,0.0,59678.04,14267.02,0.0,0.0,2283.19,107336126.94338287
runs/CZ04/MFm&0&rDXGF&Ex&dxAC_equip/RB-dxAC_equip-spltAC-SEER-BA-rDXGF-NoLRM-15%UC-AOE/instance-out.sql,CZ04,MFm,0,rDXGF,Ex,dxAC_equip,,RB-dxAC_equip-spltAC-SEER-BA-rDXGF-NoLRM-15%UC-AOE,MFm&0&rDXGF&Ex&dxAC_equip,RB-dxAC_equip-spltAC-SEER-BA-rDXGF-NoLRM-15%UC-AOE,63.67,109.96,327103.44,564897.08,327103.43999999994,67170.44,22692.48,14740.46,0.0,73945.06,0.0,3857.31,0.0,0.0,0.0,0.0,144697.68,0.0,0.0,0.0,22692.48,67170.44,0.0,59678.04,14267.02,0.0,0.0,2283.19,168738089.31260622
runs/CZ04/MFm&0&rDXGF&Ex&dxAC_equip/RB-dxAC_equip-spltAC-SEER-BA-rDXGF-NoLRM-22.5%UC-AOE/instance-out.sql,CZ04,MFm,0,rDXGF,Ex,dxAC_equip,,RB-dxAC_equip-spltAC-SEER-BA-rDXGF-NoLRM-22.5%UC-AOE,MFm&0&rDXGF&Ex&dxAC_equip,RB-dxAC_equip-spltAC-SEER-BA-rDXGF-NoLRM-22.5%UC-AOE,64.11,111.34,329332.27,571955.78,329332.27,67170.44,24921.31,14740.46,0.0,73945.06,0.0,3857.31,0.0,0.0,0.0,0.0,144697.68,0.0,0.0,0.0,24921.31,67170.44,0.0,59678.04,14267.02,0.0,0.0,2283.19,179609679.98509318
runs/CZ04/MFm&0&rDXGF&Ex&dxAC_equip/RB-dxAC_equip-spltAC-SEER-BA-rDXGF-NoLRM-30%UC-AOE/instance-out.sql,CZ04,MFm,0,rDXGF,Ex,dxAC_equip,,RB-dxAC_equip-spltAC-SEER-BA-rDXGF-NoLRM-30%UC-AOE,MFm&0&rDXGF&Ex&dxAC_equip,RB-dxAC_equip-spltAC-SEER-BA-rDXGF-NoLRM-30%UC-AOE,64.54,112.71,331561.1,579014.48,331561.1,67170.44,27150.14,14740.46,0.0,73945.06,0.0,3857.31,0.0,0.0,0.0,0.0,144697.68,0.0,0.0,0.0,27150.14,67170.44,0.0,59678.04,14267.02,0.0,0.0,2283.19,190481270.5852879
runs/CZ04/MFm&0&rDXGF&Ex&dxAC_equip/RB-dxAC_equip-spltAC-SEER-BA-rDXGF-LRM-LSC-AOE/instance-out.sql,CZ04,MFm,0,rDXGF,Ex,dxAC_equip,,RB-dxAC_equip-spltAC-SEER-BA-rDXGF-LRM-LSC-AOE,MFm&0&rDXGF&Ex&dxAC_equip,RB-dxAC_equip-spltAC-SEER-BA-rDXGF-LRM-LSC-AOE,62.5,106.24,321070.75,545791.53,321070.74,67170.44,16659.78,14740.46,0.0,73945.06,0.0,3857.31,0.0,0.0,0.0,0.0,144697.68,0.0,0.0,0.0,16659.78,67170.44,0.0,59678.04,14267.02,0.0,0.0,2283.19,139312317.28588638
runs/CZ04/MFm&0&rDXGF&Ex&dxAC_equip/RB-dxAC_equip-spltAC-SEER-BA-rDXGF-NoLRM-7.5%UC-AOE/instance-out.sql,CZ04,MFm,0,rDXGF,Ex,dxAC_equip,,RB-dxAC_equip-spltAC-SEER-BA-rDXGF-NoLRM-7.5%UC-AOE,MFm&0&rDXGF&Ex&dxAC_equip,RB-dxAC_equip-spltAC-SEER-BA-rDXGF-NoLRM-7.5%UC-AOE,63.24,108.59,324874.62,557838.38,324874.61,67170.44,20463.65,14740.46,0.0,73945.06,0.0,3857.31,0.0,0.0,0.0,0.0,144697.68,0.0,0.0,0.0,20463.65,67170.44,0.0,59678.04,14267.02,0.0,0.0,2283.19,157866498.64778247
runs/CZ04/MFm&0&rDXGF&Ex&dxAC_equip/RB-dxAC_equip-spltAC-SEER-BA-rDXGF-NoLRM-40%UC-AOE/instance-out.sql,CZ04,MFm,0,rDXGF,Ex,dxAC_equip,,RB-dxAC_equip-spltAC-SEER-BA-rDXGF-NoLRM-40%UC-AOE,MFm&0&rDXGF&Ex&dxAC_equip,RB-dxAC_equip-spltAC-SEER-BA-rDXGF-NoLRM-40%UC-AOE,65.12,114.54,334532.87,588426.08,334532.87,67170.44,30121.91,14740.46,0.0,73945.06,0.0,3857.31,0.0,0.0,0.0,0.0,144697.68,0.0,0.0,0.0,30121.91,67170.44,0.0,59678.04,14267.02,0.0,0.0,2283.19,204976724.80125535
runs/CZ04/MFm&0&rDXHP&Ex&dxHP_equip/RB-dxHP_equip-spltHP-SEER-BA-rDXHP-LRM-LSC-NC/instance-out.sql,CZ04,MFm,0,rDXHP,Ex,dxHP_equip,,RB-dxHP_equip-spltHP-SEER-BA-rDXHP-LRM-LSC-NC,MFm&0&rDXHP&Ex&dxHP_equip,RB-dxHP_equip-spltHP-SEER-BA-rDXHP-LRM-LSC-NC,54.83,109.21,281672.33,561010.29,281672.33,28398.15,15029.37,14740.46,0.0,73945.06,0.0,4898.81,0.0,0.0,0.0,0.0,144660.48,0.0,0.0,28398.15,15029.37,0.0,0.0,59678.04,14267.02,0.0,0.0,2283.19,131367843.08550173
runs/CZ04/MFm&0&rDXHP&Ex&dxHP_equip/RB-dxHP_equip-spltHP-SEER-BA-rDXHP-LRM-LSC-AOE/instance-out.sql,CZ04,MFm,0,rDXHP,Ex,dxHP_equip,,RB-dxHP_equip-spltHP-SEER-BA-rDXHP-LRM-LSC-AOE,MFm&0&rDXHP&Ex&dxHP_equip,RB-dxHP_equip-spltHP-SEER-BA-rDXHP-LRM-LSC-AOE,56.39,114.15,289690.56,586404.0,289690.55,34787.8,16657.94,14740.46,0.0,73945.06,0.0,4898.81,0.0,0.0,0.0,0.0,144660.48,0.0,0.0,34787.8,16657.94,0.0,0.0,59678.04,14267.02,0.0,0.0,2283.19,139312428.6731321
runs/CZ04/MFm&0&rDXHP&Ex&dxHP_equip/RB-dxHP_equip-spltHP-SEER-BA-rDXHP-LRM-LSC-NR/instance-out.sql,CZ04,MFm,0,rDXHP,Ex,dxHP_equip,,RB-dxHP_equip-spltHP-SEER-BA-rDXHP-LRM-LSC-NR,MFm&0&rDXHP&Ex&dxHP_equip,RB-dxHP_equip-spltHP-SEER-BA-rDXHP-LRM-LSC-NR,54.83,109.21,281672.33,561010.29,281672.33,28398.15,15029.37,14740.46,0.0,73945.06,0.0,4898.81,0.0,0.0,0.0,0.0,144660.48,0.0,0.0,28398.15,15029.37,0.0,0.0,59678.04,14267.02,0.0,0.0,2283.19,131367843.08550173
runs/CZ04/MFm&0&rDXHP&Ex&dxHP_equip/RB-dxHP_equip-spltHP-SEER-BA-rDXHP-NoLRM-0%UC-AOE/instance-out.sql,CZ04,MFm,0,rDXHP,Ex,dxHP_equip,,RB-dxHP_equip-spltHP-SEER-BA-rDXHP-NoLRM-0%UC-AOE,MFm&0&rDXHP&Ex&dxHP_equip,RB-dxHP_equip-spltHP-SEER-BA-rDXHP-NoLRM-0%UC-AOE,56.94,115.88,292490.28,595270.72,292490.28,36012.66,18232.8,14740.46,0.0,73945.06,0.0,4898.81,0.0,0.0,0.0,0.0,144660.48,0.0,0.0,36012.66,18232.8,0.0,0.0,59678.04,14267.02,0.0,0.0,2283.19,146995029.34550434
runs/CZ04/MFm&0&rDXHP&Ex&dxHP_equip/RB-dxHP_equip-spltHP-SEER-BA-rDXHP-NoLRM-0%UC-NC/instance-out.sql,CZ04,MFm,0,rDXHP,Ex,dxHP_equip,,RB-dxHP_equip-spltHP-SEER-BA-rDXHP-NoLRM-0%UC-NC,MFm&0&rDXHP&Ex&dxHP_equip,RB-dxHP_equip-spltHP-SEER-BA-rDXHP-NoLRM-0%UC-NC,55.3,110.68,284066.47,568592.52,284066.47,29371.39,16450.27,14740.46,0.0,73945.06,0.0,4898.81,0.0,0.0,0.0,0.0,144660.48,0.0,0.0,29371.39,16450.27,0.0,0.0,59678.04,14267.02,0.0,0.0,2283.19,138299351.4977206
runs/CZ04/MFm&0&rDXHP&Ex&dxHP_equip/RB-dxHP_equip-spltHP-SEER-BA-rDXHP-NoLRM-0%UC-NR/instance-out.sql,CZ04,MFm,0,rDXHP,Ex,dxHP_equip,,RB-dxHP_equip-spltHP-SEER-BA-rDXHP-NoLRM-0%UC-NR,MFm&0&rDXHP&Ex&dxHP_equip,RB-dxHP_equip-spltHP-SEER-BA-rDXHP-NoLRM-0%UC-NR,55.3,110.68,284066.47,568592.52,284066.47,29371.39,16450.27,14740.46,0.0,73945.06,0.0,4898.81,0.0,0.0,0.0,0.0,144660.48,0.0,0.0,29371.39,16450.27,0.0,0.0,59678.04,14267.02,0.0,0.0,2283.19,138299351.4977206
runs/CZ04/MFm&0&rDXHP&Ex&dxHP_equip/RB-dxHP_equip-spltHP-SEER-BA-rDXHP-NoLRM-15%UC-AOE/instance-out.sql,CZ04,MFm,0,rDXHP,Ex,dxHP_equip,,RB-dxHP_equip-spltHP-SEER-BA-rDXHP-NoLRM-15%UC-AOE,MFm&0&rDXHP&Ex&dxHP_equip,RB-dxHP_equip-spltHP-SEER-BA-rDXHP-NoLRM-15%UC-AOE,58.48,120.76,300414.02,620365.22,300414.02,39479.24,22689.97,14740.46,0.0,73945.06,0.0,4898.81,0.0,0.0,0.0,0.0,144660.48,0.0,0.0,39479.24,22689.97,0.0,0.0,59678.04,14267.02,0.0,0.0,2283.19,168738238.7701968
runs/CZ04/MFm&0&rDXHP&Ex&dxHP_equip/RB-dxHP_equip-spltHP-SEER-BA-rDXHP-NoLRM-40%UC-AOE/instance-out.sql,CZ04,MFm,0,rDXHP,Ex,dxHP_equip,,RB-dxHP_equip-spltHP-SEER-BA-rDXHP-NoLRM-40%UC-AOE,MFm&0&rDXHP&Ex&dxHP_equip,RB-dxHP_equip-spltHP-SEER-BA-rDXHP-NoLRM-40%UC-AOE,61.05,128.9,313620.26,662189.38,313620.26,45256.87,30118.57,14740.46,0.0,73945.06,0.0,4898.81,0.0,0.0,0.0,0.0,144660.48,0.0,0.0,45256.87,30118.57,0.0,0.0,59678.04,14267.02,0.0,0.0,2283.19,204976921.14350712
runs/CZ04/MFm&0&rDXHP&Ex&dxHP_equip/RB-dxHP_equip-spltHP-SEER-BA-rDXHP-NoLRM-22.5%UC-AOE/instance-out.sql,CZ04,MFm,0,rDXHP,Ex,dxHP_equip,,RB-dxHP_equip-spltHP-SEER-BA-rDXHP-NoLRM-22.5%UC-AOE,MFm&0&rDXHP&Ex&dxHP_equip,RB-dxHP_equip-spltHP-SEER-BA-rDXHP-NoLRM-22.5%UC-AOE,59.25,123.2,304375.9,632912.47,304375.89,41212.53,24918.55,14740.46,0.0,73945.06,0.0,4898.81,0.0,0.0,0.0,0.0,144660.48,0.0,0.0,41212.53,24918.55,0.0,0.0,59678.04,14267.02,0.0,0.0,2283.19,179609843.50808215
runs/CZ05/MFm&0&rDXGF&Ex&dxAC_equip/RB-dxAC_equip-spltAC-SEER-BA-rDXGF-LRM-LSC-AOE/instance-out.sql,CZ05,MFm,0,rDXGF,Ex,dxAC_equip,,RB-dxAC_equip-spltAC-SEER-BA-rDXGF-LRM-LSC-AOE,MFm&0&rDXGF&Ex&dxAC_equip,RB-dxAC_equip-spltAC-SEER-BA-rDXGF-LRM-LSC-AOE,57.18,96.22,293742.77,494312.69,293742.77,48299.59,7952.54,14740.46,0.0,73945.06,0.0,2072.32,0.0,0.0,0.0,0.0,146732.79,0.0,0.0,0.0,7952.54,48299.59,0.0,59678.04,14267.02,0.0,0.0,2283.19,82613074.38531688
runs/CZ04/MFm&0&rDXHP&Ex&dxHP_equip/RB-dxHP_equip-spltHP-SEER-BA-rDXHP-NoLRM-30%UC-AOE/instance-out.sql,CZ04,MFm,0,rDXHP,Ex,dxHP_equip,,RB-dxHP_equip-spltHP-SEER-BA-rDXHP-NoLRM-30%UC-AOE,MFm&0&rDXHP&Ex&dxHP_equip,RB-dxHP_equip-spltHP-SEER-BA-rDXHP-NoLRM-30%UC-AOE,60.02,125.65,308337.77,645459.72,308337.76,42945.82,27147.13,14740.46,0.0,73945.06,0.0,4898.81,0.0,0.0,0.0,0.0,144660.48,0.0,0.0,42945.82,27147.13,0.0,0.0,59678.04,14267.02,0.0,0.0,2283.19,190481448.17367518
runs/CZ05/MFm&0&rDXGF&Ex&dxAC_equip/RB-dxAC_equip-spltAC-SEER-BA-rDXGF-NoLRM-0%UC-NR/instance-out.sql,CZ05,MFm,0,rDXGF,Ex,dxAC_equip,,RB-dxAC_equip-spltAC-SEER-BA-rDXGF-NoLRM-0%UC-NR,MFm&0&rDXGF&Ex&dxAC_equip,RB-dxAC_equip-spltAC-SEER-BA-rDXGF-NoLRM-0%UC-NR,57.16,96.16,293643.63,493998.7,293643.63,48299.59,7853.4,14740.46,0.0,73945.06,0.0,2072.32,0.0,0.0,0.0,0.0,146732.79,0.0,0.0,0.0,7853.4,48299.59,0.0,59678.04,14267.02,0.0,0.0,2283.19,82215924.29825865
runs/CZ05/MFm&0&rDXGF&Ex&dxAC_equip/RB-dxAC_equip-spltAC-SEER-BA-rDXGF-NoLRM-15%UC-AOE/instance-out.sql,CZ05,MFm,0,rDXGF,Ex,dxAC_equip,,RB-dxAC_equip-spltAC-SEER-BA-rDXGF-NoLRM-15%UC-AOE,MFm&0&rDXGF&Ex&dxAC_equip,RB-dxAC_equip-spltAC-SEER-BA-rDXGF-NoLRM-15%UC-AOE,57.74,98.0,296622.48,503432.72,296622.48,48299.59,10832.25,14740.46,0.0,73945.06,0.0,2072.32,0.0,0.0,0.0,0.0,146732.79,0.0,0.0,0.0,10832.25,48299.59,0.0,59678.04,14267.02,0.0,0.0,2283.19,94148684.23366013
runs/CZ05/MFm&0&rDXGF&Ex&dxAC_equip/RB-dxAC_equip-spltAC-SEER-BA-rDXGF-LRM-LSC-NR/instance-out.sql,CZ05,MFm,0,rDXGF,Ex,dxAC_equip,,RB-dxAC_equip-spltAC-SEER-BA-rDXGF-LRM-LSC-NR,MFm&0&rDXGF&Ex&dxAC_equip,RB-dxAC_equip-spltAC-SEER-BA-rDXGF-LRM-LSC-NR,57.03,95.74,292965.29,491850.4,292965.29000000004,48299.59,7175.06,14740.46,0.0,73945.06,0.0,2072.32,0.0,0.0,0.0,0.0,146732.79,0.0,0.0,0.0,7175.06,48299.59,0.0,59678.04,14267.02,0.0,0.0,2283.19,79498609.92560041
runs/CZ04/MFm&0&rDXHP&Ex&dxHP_equip/RB-dxHP_equip-spltHP-SEER-BA-rDXHP-NoLRM-7.5%UC-AOE/instance-out.sql,CZ04,MFm,0,rDXHP,Ex,dxHP_equip,,RB-dxHP_equip-spltHP-SEER-BA-rDXHP-NoLRM-7.5%UC-AOE,MFm&0&rDXHP&Ex&dxHP_equip,RB-dxHP_equip-spltHP-SEER-BA-rDXHP-NoLRM-7.5%UC-AOE,57.71,118.32,296452.15,607817.97,296452.15,37745.95,20461.38,14740.46,0.0,73945.06,0.0,4898.81,0.0,0.0,0.0,0.0,144660.48,0.0,0.0,37745.95,20461.38,0.0,0.0,59678.04,14267.02,0.0,0.0,2283.19,157866634.0399747
runs/CZ05/MFm&0&rDXGF&Ex&dxAC_equip/RB-dxAC_equip-spltAC-SEER-BA-rDXGF-NoLRM-30%UC-AOE/instance-out.sql,CZ05,MFm,0,rDXGF,Ex,dxAC_equip,,RB-dxAC_equip-spltAC-SEER-BA-rDXGF-NoLRM-30%UC-AOE,MFm&0&rDXGF&Ex&dxAC_equip,RB-dxAC_equip-spltAC-SEER-BA-rDXGF-NoLRM-30%UC-AOE,58.15,99.31,298750.34,510171.66,298750.33999999997,48299.59,12960.11,14740.46,0.0,73945.06,0.0,2072.32,0.0,0.0,0.0,0.0,146732.79,0.0,0.0,0.0,12960.11,48299.59,0.0,59678.04,14267.02,0.0,0.0,2283.19,102672533.86437511
runs/CZ05/MFm&0&rDXGF&Ex&dxAC_equip/RB-dxAC_equip-spltAC-SEER-BA-rDXGF-NoLRM-0%UC-AOE/instance-out.sql,CZ05,MFm,0,rDXGF,Ex,dxAC_equip,,RB-dxAC_equip-spltAC-SEER-BA-rDXGF-NoLRM-0%UC-AOE,MFm&0&rDXGF&Ex&dxAC_equip,RB-dxAC_equip-spltAC-SEER-BA-rDXGF-NoLRM-0%UC-AOE,57.33,96.69,294494.61,496693.78,294494.62,48299.59,8704.38,14740.46,0.0,73945.06,0.0,2072.32,0.0,0.0,0.0,0.0,146732.79,0.0,0.0,0.0,8704.38,48299.59,0.0,59678.04,14267.02,0.0,0.0,2283.19,85624834.59462872
runs/CZ05/MFm&0&rDXGF&Ex&dxAC_equip/RB-dxAC_equip-spltAC-SEER-BA-rDXGF-NoLRM-22.5%UC-AOE/instance-out.sql,CZ05,MFm,0,rDXGF,Ex,dxAC_equip,,RB-dxAC_equip-spltAC-SEER-BA-rDXGF-NoLRM-22.5%UC-AOE,MFm&0&rDXGF&Ex&dxAC_equip,RB-dxAC_equip-spltAC-SEER-BA-rDXGF-NoLRM-22.5%UC-AOE,57.95,98.65,297686.41,506802.19,297686.41000000003,48299.59,11896.18,14740.46,0.0,73945.06,0.0,2072.32,0.0,0.0,0.0,0.0,146732.79,0.0,0.0,0.0,11896.18,48299.59,0.0,59678.04,14267.02,0.0,0.0,2283.19,98410609.06318776
runs/CZ05/MFm&0&rDXGF&Ex&dxAC_equip/RB-dxAC_equip-spltAC-SEER-BA-rDXGF-NoLRM-40%UC-AOE/instance-out.sql,CZ05,MFm,0,rDXGF,Ex,dxAC_equip,,RB-dxAC_equip-spltAC-SEER-BA-rDXGF-NoLRM-40%UC-AOE,MFm&0&rDXGF&Ex&dxAC_equip,RB-dxAC_equip-spltAC-SEER-BA-rDXGF-NoLRM-40%UC-AOE,58.43,100.18,300168.91,514664.28,300168.92000000004,48299.59,14378.68,14740.46,0.0,73945.06,0.0,2072.32,0.0,0.0,0.0,0.0,146732.79,0.0,0.0,0.0,14378.68,48299.59,0.0,59678.04,14267.02,0.0,0.0,2283.19,108355100.29825103
runs/CZ05/MFm&0&rDXGF&Ex&dxAC_equip/RB-dxAC_equip-spltAC-SEER-BA-rDXGF-NoLRM-7.5%UC-AOE/instance-out.sql,CZ05,MFm,0,rDXGF,Ex,dxAC_equip,,RB-dxAC_equip-spltAC-SEER-BA-rDXGF-NoLRM-7.5%UC-AOE,MFm&0&rDXGF&Ex&dxAC_equip,RB-dxAC_equip-spltAC-SEER-BA-rDXGF-NoLRM-7.5%UC-AOE,57.53,97.34,295558.54,500063.25,295558.55000000005,48299.59,9768.32,14740.46,0.0,73945.06,0.0,2072.32,0.0,0.0,0.0,0.0,146732.79,0.0,0.0,0.0,9768.32,48299.59,0.0,59678.04,14267.02,0.0,0.0,2283.19,89886759.40713666
runs/CZ05/MFm&0&rDXHP&Ex&dxHP_equip/RB-dxHP_equip-spltHP-SEER-BA-rDXHP-LRM-LSC-AOE/instance-out.sql,CZ05,MFm,0,rDXHP,Ex,dxHP_equip,,RB-dxHP_equip-spltHP-SEER-BA-rDXHP-LRM-LSC-AOE,MFm&0&rDXHP&Ex&dxHP_equip,RB-dxHP_equip-spltHP-SEER-BA-rDXHP-LRM-LSC-AOE,52.84,102.08,271465.62,524411.79,271465.62,25481.13,7954.6,14740.46,0.0,73945.06,0.0,2632.12,0.0,0.0,0.0,0.0,146712.26,0.0,0.0,25481.13,7954.6,0.0,0.0,59678.04,14267.02,0.0,0.0,2283.19,82610225.83276585
runs/CZ05/MFm&0&rDXHP&Ex&dxHP_equip/RB-dxHP_equip-spltHP-SEER-BA-rDXHP-LRM-LSC-NC/instance-out.sql,CZ05,MFm,0,rDXHP,Ex,dxHP_equip,,RB-dxHP_equip-spltHP-SEER-BA-rDXHP-LRM-LSC-NC,MFm&0&rDXHP&Ex&dxHP_equip,RB-dxHP_equip-spltHP-SEER-BA-rDXHP-LRM-LSC-NC,51.76,98.64,265881.7,506727.49,265881.69999999995,20674.88,7176.92,14740.46,0.0,73945.06,0.0,2632.12,0.0,0.0,0.0,0.0,146712.26,0.0,0.0,20674.88,7176.92,0.0,0.0,59678.04,14267.02,0.0,0.0,2283.19,79496005.66370583
runs/CZ05/MFm&0&rDXHP&Ex&dxHP_equip/RB-dxHP_equip-spltHP-SEER-BA-rDXHP-LRM-LSC-NR/instance-out.sql,CZ05,MFm,0,rDXHP,Ex,dxHP_equip,,RB-dxHP_equip-spltHP-SEER-BA-rDXHP-LRM-LSC-NR,MFm&0&rDXHP&Ex&dxHP_equip,RB-dxHP_equip-spltHP-SEER-BA-rDXHP-LRM-LSC-NR,51.76,98.64,265881.7,506727.49,265881.69999999995,20674.88,7176.92,14740.46,0.0,73945.06,0.0,2632.12,0.0,0.0,0.0,0.0,146712.26,0.0,0.0,20674.88,7176.92,0.0,0.0,59678.04,14267.02,0.0,0.0,2283.19,79496005.66370583
runs/CZ05/MFm&0&rDXHP&Ex&dxHP_equip/RB-dxHP_equip-spltHP-SEER-BA-rDXHP-NoLRM-0%UC-NR/instance-out.sql,CZ05,MFm,0,rDXHP,Ex,dxHP_equip,,RB-dxHP_equip-spltHP-SEER-BA-rDXHP-NoLRM-0%UC-NR,MFm&0&rDXHP&Ex&dxHP_equip,RB-dxHP_equip-spltHP-SEER-BA-rDXHP-NoLRM-0%UC-NR,52.03,99.51,267292.28,511194.79,267292.27,21406.94,7855.43,14740.46,0.0,73945.06,0.0,2632.12,0.0,0.0,0.0,0.0,146712.26,0.0,0.0,21406.94,7855.43,0.0,0.0,59678.04,14267.02,0.0,0.0,2283.19,82213106.89714849
runs/CZ05/MFm&0&rDXHP&Ex&dxHP_equip/RB-dxHP_equip-spltHP-SEER-BA-rDXHP-NoLRM-15%UC-AOE/instance-out.sql,CZ05,MFm,0,rDXHP,Ex,dxHP_equip,,RB-dxHP_equip-spltHP-SEER-BA-rDXHP-NoLRM-15%UC-AOE,MFm&0&rDXHP&Ex&dxHP_equip,RB-dxHP_equip-spltHP-SEER-BA-rDXHP-NoLRM-15%UC-AOE,54.09,106.03,277874.94,544710.08,277874.94,29009.99,10835.05,14740.46,0.0,73945.06,0.0,2632.12,0.0,0.0,0.0,0.0,146712.26,0.0,0.0,29009.99,10835.05,0.0,0.0,59678.04,14267.02,0.0,0.0,2283.19,94144930.85726571
runs/CZ05/MFm&0&rDXHP&Ex&dxHP_equip/RB-dxHP_equip-spltHP-SEER-BA-rDXHP-NoLRM-0%UC-AOE/instance-out.sql,CZ05,MFm,0,rDXHP,Ex,dxHP_equip,,RB-dxHP_equip-spltHP-SEER-BA-rDXHP-NoLRM-0%UC-AOE,MFm&0&rDXHP&Ex&dxHP_equip,RB-dxHP_equip-spltHP-SEER-BA-rDXHP-NoLRM-0%UC-AOE,53.17,103.11,273138.99,529711.35,273138.99,26402.45,8706.64,14740.46,0.0,73945.06,0.0,2632.12,0.0,0.0,0.0,0.0,146712.26,0.0,0.0,26402.45,8706.64,0.0,0.0,59678.04,14267.02,0.0,0.0,2283.19,85621749.80728093
runs/CZ05/MFm&0&rDXHP&Ex&dxHP_equip/RB-dxHP_equip-spltHP-SEER-BA-rDXHP-NoLRM-0%UC-NC/instance-out.sql,CZ05,MFm,0,rDXHP,Ex,dxHP_equip,,RB-dxHP_equip-spltHP-SEER-BA-rDXHP-NoLRM-0%UC-NC,MFm&0&rDXHP&Ex&dxHP_equip,RB-dxHP_equip-spltHP-SEER-BA-rDXHP-NoLRM-0%UC-NC,52.03,99.51,267292.28,511194.79,267292.27,21406.94,7855.43,14740.46,0.0,73945.06,0.0,2632.12,0.0,0.0,0.0,0.0,146712.26,0.0,0.0,21406.94,7855.43,0.0,0.0,59678.04,14267.02,0.0,0.0,2283.19,82213106.89714849
runs/CZ05/MFm&0&rDXHP&Ex&dxHP_equip/RB-dxHP_equip-spltHP-SEER-BA-rDXHP-NoLRM-22.5%UC-AOE/instance-out.sql,CZ05,MFm,0,rDXHP,Ex,dxHP_equip,,RB-dxHP_equip-spltHP-SEER-BA-rDXHP-NoLRM-22.5%UC-AOE,MFm&0&rDXHP&Ex&dxHP_equip,RB-dxHP_equip-spltHP-SEER-BA-rDXHP-NoLRM-22.5%UC-AOE,54.55,107.49,280242.91,552209.45,280242.91000000003,30313.75,11899.26,14740.46,0.0,73945.06,0.0,2632.12,0.0,0.0,0.0,0.0,146712.26,0.0,0.0,30313.75,11899.26,0.0,0.0,59678.04,14267.02,0.0,0.0,2283.19,98406521.39226925
runs/CZ05/MFm&0&rDXHP&Ex&dxHP_equip/RB-dxHP_equip-spltHP-SEER-BA-rDXHP-NoLRM-40%UC-AOE/instance-out.sql,CZ05,MFm,0,rDXHP,Ex,dxHP_equip,,RB-dxHP_equip-spltHP-SEER-BA-rDXHP-NoLRM-40%UC-AOE,MFm&0&rDXHP&Ex&dxHP_equip,RB-dxHP_equip-spltHP-SEER-BA-rDXHP-NoLRM-40%UC-AOE,55.63,110.9,285768.18,569707.98,285768.18,33355.87,14382.4,14740.46,0.0,73945.06,0.0,2632.12,0.0,0.0,0.0,0.0,146712.26,0.0,0.0,33355.87,14382.4,0.0,0.0,59678.04,14267.02,0.0,0.0,2283.19,108350232.60677895
runs/CZ05/MFm&0&rDXHP&Ex&dxHP_equip/RB-dxHP_equip-spltHP-SEER-BA-rDXHP-NoLRM-30%UC-AOE/instance-out.sql,CZ05,MFm,0,rDXHP,Ex,dxHP_equip,,RB-dxHP_equip-spltHP-SEER-BA-rDXHP-NoLRM-30%UC-AOE,MFm&0&rDXHP&Ex&dxHP_equip,RB-dxHP_equip-spltHP-SEER-BA-rDXHP-NoLRM-30%UC-AOE,55.01,108.95,282610.88,559708.82,282610.88,31617.52,12963.46,14740.46,0.0,73945.06,0.0,2632.12,0.0,0.0,0.0,0.0,146712.26,0.0,0.0,31617.52,12963.46,0.0,0.0,59678.04,14267.02,0.0,0.0,2283.19,102668111.89893475
runs/CZ05/MFm&0&rDXHP&Ex&dxHP_equip/RB-dxHP_equip-spltHP-SEER-BA-rDXHP-NoLRM-7.5%UC-AOE/instance-out.sql,CZ05,MFm,0,rDXHP,Ex,dxHP_equip,,RB-dxHP_equip-spltHP-SEER-BA-rDXHP-NoLRM-7.5%UC-AOE,MFm&0&rDXHP&Ex&dxHP_equip,RB-dxHP_equip-spltHP-SEER-BA-rDXHP-NoLRM-7.5%UC-AOE,53.63,104.57,275506.96,537210.71,275506.95999999996,27706.22,9770.84,14740.46,0.0,73945.06,0.0,2632.12,0.0,0.0,0.0,0.0,146712.26,0.0,0.0,27706.22,9770.84,0.0,0.0,59678.04,14267.02,0.0,0.0,2283.19,89883340.32526611
runs/CZ06/MFm&0&rDXGF&Ex&dxAC_equip/RB-dxAC_equip-spltAC-SEER-BA-rDXGF-NoLRM-0%UC-AOE/instance-out.sql,CZ06,MFm,0,rDXGF,Ex,dxAC_equip,,RB-dxAC_equip-spltAC-SEER-BA-rDXGF-NoLRM-0%UC-AOE,MFm&0&rDXGF&Ex&dxAC_equip,RB-dxAC_equip-spltAC-SEER-BA-rDXGF-NoLRM-0%UC-AOE,53.16,93.27,273082.81,479143.16,273082.81000000006,26130.41,11279.61,14740.46,0.0,73945.06,0.0,2214.22,0.0,0.0,0.0,0.0,144773.04,0.0,0.0,0.0,11279.61,26130.41,0.0,59678.04,14267.02,0.0,0.0,2283.19,93569364.41345334
runs/CZ06/MFm&0&rDXGF&Ex&dxAC_equip/RB-dxAC_equip-spltAC-SEER-BA-rDXGF-NoLRM-0%UC-NR/instance-out.sql,CZ06,MFm,0,rDXGF,Ex,dxAC_equip,,RB-dxAC_equip-spltAC-SEER-BA-rDXGF-NoLRM-0%UC-NR,MFm&0&rDXGF&Ex&dxAC_equip,RB-dxAC_equip-spltAC-SEER-BA-rDXGF-NoLRM-0%UC-NR,52.94,92.59,271980.05,475650.73,271980.06000000006,26130.41,10176.85,14740.46,0.0,73945.06,0.0,2214.22,0.0,0.0,0.0,0.0,144773.04,0.0,0.0,0.0,10176.85,26130.41,0.0,59678.04,14267.02,0.0,0.0,2283.19,89472452.3206705
runs/CZ06/MFm&0&rDXGF&Ex&dxAC_equip/RB-dxAC_equip-spltAC-SEER-BA-rDXGF-LRM-LSC-NR/instance-out.sql,CZ06,MFm,0,rDXGF,Ex,dxAC_equip,,RB-dxAC_equip-spltAC-SEER-BA-rDXGF-LRM-LSC-NR,MFm&0&rDXGF&Ex&dxAC_equip,RB-dxAC_equip-spltAC-SEER-BA-rDXGF-LRM-LSC-NR,52.77,92.05,271101.02,472866.84,271101.03,26130.41,9297.82,14740.46,0.0,73945.06,0.0,2214.22,0.0,0.0,0.0,0.0,144773.04,0.0,0.0,0.0,9297.82,26130.41,0.0,59678.04,14267.02,0.0,0.0,2283.19,86206717.18968436
runs/CZ06/MFm&0&rDXGF&Ex&dxAC_equip/RB-dxAC_equip-spltAC-SEER-BA-rDXGF-NoLRM-15%UC-AOE/instance-out.sql,CZ06,MFm,0,rDXGF,Ex,dxAC_equip,,RB-dxAC_equip-spltAC-SEER-BA-rDXGF-NoLRM-15%UC-AOE,MFm&0&rDXGF&Ex&dxAC_equip,RB-dxAC_equip-spltAC-SEER-BA-rDXGF-NoLRM-15%UC-AOE,53.7,94.97,275840.21,487875.83,275840.20999999996,26130.41,14037.01,14740.46,0.0,73945.06,0.0,2214.22,0.0,0.0,0.0,0.0,144773.04,0.0,0.0,0.0,14037.01,26130.41,0.0,59678.04,14267.02,0.0,0.0,2283.19,103813536.19479823
runs/CZ06/MFm&0&rDXGF&Ex&dxAC_equip/RB-dxAC_equip-spltAC-SEER-BA-rDXGF-NoLRM-22.5%UC-AOE/instance-out.sql,CZ06,MFm,0,rDXGF,Ex,dxAC_equip,,RB-dxAC_equip-spltAC-SEER-BA-rDXGF-NoLRM-22.5%UC-AOE,MFm&0&rDXGF&Ex&dxAC_equip,RB-dxAC_equip-spltAC-SEER-BA-rDXGF-NoLRM-22.5%UC-AOE,53.96,95.82,277218.9,492242.17,277218.91000000003,26130.41,15415.7,14740.46,0.0,73945.06,0.0,2214.22,0.0,0.0,0.0,0.0,144773.04,0.0,0.0,0.0,15415.7,26130.41,0.0,59678.04,14267.02,0.0,0.0,2283.19,108935622.09750327
runs/CZ06/MFm&0&rDXGF&Ex&dxAC_equip/RB-dxAC_equip-spltAC-SEER-BA-rDXGF-LRM-LSC-AOE/instance-out.sql,CZ06,MFm,0,rDXGF,Ex,dxAC_equip,,RB-dxAC_equip-spltAC-SEER-BA-rDXGF-LRM-LSC-AOE,MFm&0&rDXGF&Ex&dxAC_equip,RB-dxAC_equip-spltAC-SEER-BA-rDXGF-LRM-LSC-AOE,52.97,92.67,272108.53,476057.61,272108.53,26130.41,10305.33,14740.46,0.0,73945.06,0.0,2214.22,0.0,0.0,0.0,0.0,144773.04,0.0,0.0,0.0,10305.33,26130.41,0.0,59678.04,14267.02,0.0,0.0,2283.19,89949757.04648015
runs/CZ06/MFm&0&rDXGF&Ex&dxAC_equip/RB-dxAC_equip-spltAC-SEER-BA-rDXGF-NoLRM-7.5%UC-AOE/instance-out.sql,CZ06,MFm,0,rDXGF,Ex,dxAC_equip,,RB-dxAC_equip-spltAC-SEER-BA-rDXGF-NoLRM-7.5%UC-AOE,MFm&0&rDXGF&Ex&dxAC_equip,RB-dxAC_equip-spltAC-SEER-BA-rDXGF-NoLRM-7.5%UC-AOE,53.43,94.12,274461.51,483509.49,274461.51,26130.41,12658.31,14740.46,0.0,73945.06,0.0,2214.22,0.0,0.0,0.0,0.0,144773.04,0.0,0.0,0.0,12658.31,26130.41,0.0,59678.04,14267.02,0.0,0.0,2283.19,98691450.29570368
runs/CZ06/MFm&0&rDXGF&Ex&dxAC_equip/RB-dxAC_equip-spltAC-SEER-BA-rDXGF-NoLRM-30%UC-AOE/instance-out.sql,CZ06,MFm,0,rDXGF,Ex,dxAC_equip,,RB-dxAC_equip-spltAC-SEER-BA-rDXGF-NoLRM-30%UC-AOE,MFm&0&rDXGF&Ex&dxAC_equip,RB-dxAC_equip-spltAC-SEER-BA-rDXGF-NoLRM-30%UC-AOE,54.23,96.67,278597.6,496608.51,278597.61,26130.41,16794.4,14740.46,0.0,73945.06,0.0,2214.22,0.0,0.0,0.0,0.0,144773.04,0.0,0.0,0.0,16794.4,26130.41,0.0,59678.04,14267.02,0.0,0.0,2283.19,114057707.96614824
runs/CZ06/MFm&0&rDXGF&Ex&dxAC_equip/RB-dxAC_equip-spltAC-SEER-BA-rDXGF-NoLRM-40%UC-AOE/instance-out.sql,CZ06,MFm,0,rDXGF,Ex,dxAC_equip,,RB-dxAC_equip-spltAC-SEER-BA-rDXGF-NoLRM-40%UC-AOE,MFm&0&rDXGF&Ex&dxAC_equip,RB-dxAC_equip-spltAC-SEER-BA-rDXGF-NoLRM-40%UC-AOE,54.59,97.8,280435.87,502430.29,280435.87,26130.41,18632.67,14740.46,0.0,73945.06,0.0,2214.22,0.0,0.0,0.0,0.0,144773.04,0.0,0.0,0.0,18632.67,26130.41,0.0,59678.04,14267.02,0.0,0.0,2283.19,120887155.82981846
runs/CZ06/MFm&0&rDXHP&Ex&dxHP_equip/RB-dxHP_equip-spltHP-SEER-BA-rDXHP-LRM-LSC-NC/instance-out.sql,CZ06,MFm,0,rDXHP,Ex,dxHP_equip,,RB-dxHP_equip-spltHP-SEER-BA-rDXHP-LRM-LSC-NC,MFm&0&rDXHP&Ex&dxHP_equip,RB-dxHP_equip-spltHP-SEER-BA-rDXHP-LRM-LSC-NC,49.78,93.18,255737.31,478661.26,255737.31000000003,10469.24,9298.98,14740.46,0.0,73945.06,0.0,2520.92,0.0,0.0,0.0,0.0,144762.64,0.0,0.0,10469.24,9298.98,0.0,0.0,59678.04,14267.02,0.0,0.0,2283.19,86206897.04784209
runs/CZ06/MFm&0&rDXHP&Ex&dxHP_equip/RB-dxHP_equip-spltHP-SEER-BA-rDXHP-LRM-LSC-AOE/instance-out.sql,CZ06,MFm,0,rDXHP,Ex,dxHP_equip,,RB-dxHP_equip-spltHP-SEER-BA-rDXHP-LRM-LSC-AOE,MFm&0&rDXHP&Ex&dxHP_equip,RB-dxHP_equip-spltHP-SEER-BA-rDXHP-LRM-LSC-AOE,50.49,95.42,259384.64,490212.36,259384.64,13108.95,10306.61,14740.46,0.0,73945.06,0.0,2520.92,0.0,0.0,0.0,0.0,144762.64,0.0,0.0,13108.95,10306.61,0.0,0.0,59678.04,14267.02,0.0,0.0,2283.19,89949955.09175295
runs/CZ06/MFm&0&rDXHP&Ex&dxHP_equip/RB-dxHP_equip-spltHP-SEER-BA-rDXHP-LRM-LSC-NR/instance-out.sql,CZ06,MFm,0,rDXHP,Ex,dxHP_equip,,RB-dxHP_equip-spltHP-SEER-BA-rDXHP-LRM-LSC-NR,MFm&0&rDXHP&Ex&dxHP_equip,RB-dxHP_equip-spltHP-SEER-BA-rDXHP-LRM-LSC-NR,49.78,93.18,255737.31,478661.26,255737.31000000003,10469.24,9298.98,14740.46,0.0,73945.06,0.0,2520.92,0.0,0.0,0.0,0.0,144762.64,0.0,0.0,10469.24,9298.98,0.0,0.0,59678.04,14267.02,0.0,0.0,2283.19,86206897.04784209
runs/CZ06/MFm&0&rDXHP&Ex&dxHP_equip/RB-dxHP_equip-spltHP-SEER-BA-rDXHP-NoLRM-0%UC-AOE/instance-out.sql,CZ06,MFm,0,rDXHP,Ex,dxHP_equip,,RB-dxHP_equip-spltHP-SEER-BA-rDXHP-NoLRM-0%UC-AOE,MFm&0&rDXHP&Ex&dxHP_equip,RB-dxHP_equip-spltHP-SEER-BA-rDXHP-NoLRM-0%UC-AOE,50.78,96.34,260865.06,494900.84,260865.06000000003,13614.96,11281.01,14740.46,0.0,73945.06,0.0,2520.92,0.0,0.0,0.0,0.0,144762.64,0.0,0.0,13614.96,11281.01,0.0,0.0,59678.04,14267.02,0.0,0.0,2283.19,93569580.04609314
runs/CZ06/MFm&0&rDXHP&Ex&dxHP_equip/RB-dxHP_equip-spltHP-SEER-BA-rDXHP-NoLRM-40%UC-AOE/instance-out.sql,CZ06,MFm,0,rDXHP,Ex,dxHP_equip,,RB-dxHP_equip-spltHP-SEER-BA-rDXHP-NoLRM-40%UC-AOE,MFm&0&rDXHP&Ex&dxHP_equip,RB-dxHP_equip-spltHP-SEER-BA-rDXHP-NoLRM-40%UC-AOE,52.95,103.23,272038.01,530285.58,272038.01,17433.94,18634.98,14740.46,0.0,73945.06,0.0,2520.92,0.0,0.0,0.0,0.0,144762.64,0.0,0.0,17433.94,18634.98,0.0,0.0,59678.04,14267.02,0.0,0.0,2283.19,120887504.19730341
runs/CZ06/MFm&0&rDXHP&Ex&dxHP_equip/RB-dxHP_equip-spltHP-SEER-BA-rDXHP-NoLRM-30%UC-AOE/instance-out.sql,CZ06,MFm,0,rDXHP,Ex,dxHP_equip,,RB-dxHP_equip-spltHP-SEER-BA-rDXHP-NoLRM-30%UC-AOE,MFm&0&rDXHP&Ex&dxHP_equip,RB-dxHP_equip-spltHP-SEER-BA-rDXHP-NoLRM-30%UC-AOE,52.41,101.5,269244.77,521439.39,269244.77,16479.2,16796.49,14740.46,0.0,73945.06,0.0,2520.92,0.0,0.0,0.0,0.0,144762.64,0.0,0.0,16479.2,16796.49,0.0,0.0,59678.04,14267.02,0.0,0.0,2283.19,114058023.14992185
runs/CZ06/MFm&0&rDXHP&Ex&dxHP_equip/RB-dxHP_equip-spltHP-SEER-BA-rDXHP-NoLRM-0%UC-NR/instance-out.sql,CZ06,MFm,0,rDXHP,Ex,dxHP_equip,,RB-dxHP_equip-spltHP-SEER-BA-rDXHP-NoLRM-0%UC-NR,MFm&0&rDXHP&Ex&dxHP_equip,RB-dxHP_equip-spltHP-SEER-BA-rDXHP-NoLRM-0%UC-NR,50.03,93.97,257018.51,482718.84,257018.52000000002,10871.31,10178.12,14740.46,0.0,73945.06,0.0,2520.92,0.0,0.0,0.0,0.0,144762.64,0.0,0.0,10871.31,10178.12,0.0,0.0,59678.04,14267.02,0.0,0.0,2283.19,89472648.04675987
runs/CZ06/MFm&0&rDXHP&Ex&dxHP_equip/RB-dxHP_equip-spltHP-SEER-BA-rDXHP-NoLRM-15%UC-AOE/instance-out.sql,CZ06,MFm,0,rDXHP,Ex,dxHP_equip,,RB-dxHP_equip-spltHP-SEER-BA-rDXHP-NoLRM-15%UC-AOE,MFm&0&rDXHP&Ex&dxHP_equip,RB-dxHP_equip-spltHP-SEER-BA-rDXHP-NoLRM-15%UC-AOE,51.6,98.92,265054.91,508170.12,265054.92000000004,15047.08,14038.75,14740.46,0.0,73945.06,0.0,2520.92,0.0,0.0,0.0,0.0,144762.64,0.0,0.0,15047.08,14038.75,0.0,0.0,59678.04,14267.02,0.0,0.0,2283.19,103813801.60300496
runs/CZ06/MFm&0&rDXHP&Ex&dxHP_equip/RB-dxHP_equip-spltHP-SEER-BA-rDXHP-NoLRM-0%UC-NC/instance-out.sql,CZ06,MFm,0,rDXHP,Ex,dxHP_equip,,RB-dxHP_equip-spltHP-SEER-BA-rDXHP-NoLRM-0%UC-NC,MFm&0&rDXHP&Ex&dxHP_equip,RB-dxHP_equip-spltHP-SEER-BA-rDXHP-NoLRM-0%UC-NC,50.03,93.97,257018.51,482718.84,257018.52000000002,10871.31,10178.12,14740.46,0.0,73945.06,0.0,2520.92,0.0,0.0,0.0,0.0,144762.64,0.0,0.0,10871.31,10178.12,0.0,0.0,59678.04,14267.02,0.0,0.0,2283.19,89472648.04675987
runs/CZ06/MFm&0&rDXHP&Ex&dxHP_equip/RB-dxHP_equip-spltHP-SEER-BA-rDXHP-NoLRM-22.5%UC-AOE/instance-out.sql,CZ06,MFm,0,rDXHP,Ex,dxHP_equip,,RB-dxHP_equip-spltHP-SEER-BA-rDXHP-NoLRM-22.5%UC-AOE,MFm&0&rDXHP&Ex&dxHP_equip,RB-dxHP_equip-spltHP-SEER-BA-rDXHP-NoLRM-22.5%UC-AOE,52.0,100.21,267149.84,514804.76,267149.85,15763.14,15417.62,14740.46,0.0,73945.06,0.0,2520.92,0.0,0.0,0.0,0.0,144762.64,0.0,0.0,15763.14,15417.62,0.0,0.0,59678.04,14267.02,0.0,0.0,2283.19,108935912.39349353
runs/CZ06/MFm&0&rDXHP&Ex&dxHP_equip/RB-dxHP_equip-spltHP-SEER-BA-rDXHP-NoLRM-7.5%UC-AOE/instance-out.sql,CZ06,MFm,0,rDXHP,Ex,dxHP_equip,,RB-dxHP_equip-spltHP-SEER-BA-rDXHP-NoLRM-7.5%UC-AOE,MFm&0&rDXHP&Ex&dxHP_equip,RB-dxHP_equip-spltHP-SEER-BA-rDXHP-NoLRM-7.5%UC-AOE,51.19,97.63,262959.99,501535.48,262959.99,14331.02,12659.88,14740.46,0.0,73945.06,0.0,2520.92,0.0,0.0,0.0,0.0,144762.64,0.0,0.0,14331.02,12659.88,0.0,0.0,59678.04,14267.02,0.0,0.0,2283.19,98691690.81612691
runs/CZ07/MFm&0&rDXGF&Ex&dxAC_equip/RB-dxAC_equip-spltAC-SEER-BA-rDXGF-LRM-LSC-AOE/instance-out.sql,CZ07,MFm,0,rDXGF,Ex,dxAC_equip,,RB-dxAC_equip-spltAC-SEER-BA-rDXGF-LRM-LSC-AOE,MFm&0&rDXGF&Ex&dxAC_equip,RB-dxAC_equip-spltAC-SEER-BA-rDXGF-LRM-LSC-AOE,51.5,90.09,264559.93,462823.12,264559.93,21486.26,8252.68,14740.46,0.0,73945.06,0.0,1841.61,0.0,0.0,0.0,0.0,144293.86,0.0,0.0,0.0,8252.68,21486.26,0.0,59678.04,14267.02,0.0,0.0,2283.19,101613497.63628176
runs/CZ07/MFm&0&rDXGF&Ex&dxAC_equip/RB-dxAC_equip-spltAC-SEER-BA-rDXGF-NoLRM-0%UC-AOE/instance-out.sql,CZ07,MFm,0,rDXGF,Ex,dxAC_equip,,RB-dxAC_equip-spltAC-SEER-BA-rDXGF-NoLRM-0%UC-AOE,MFm&0&rDXGF&Ex&dxAC_equip,RB-dxAC_equip-spltAC-SEER-BA-rDXGF-NoLRM-0%UC-AOE,51.65,90.57,265340.15,465294.07,265340.15,21486.26,9032.9,14740.46,0.0,73945.06,0.0,1841.61,0.0,0.0,0.0,0.0,144293.86,0.0,0.0,0.0,9032.9,21486.26,0.0,59678.04,14267.02,0.0,0.0,2283.19,106194406.52457976
runs/CZ07/MFm&0&rDXGF&Ex&dxAC_equip/RB-dxAC_equip-spltAC-SEER-BA-rDXGF-LRM-LSC-NR/instance-out.sql,CZ07,MFm,0,rDXGF,Ex,dxAC_equip,,RB-dxAC_equip-spltAC-SEER-BA-rDXGF-LRM-LSC-NR,MFm&0&rDXGF&Ex&dxAC_equip,RB-dxAC_equip-spltAC-SEER-BA-rDXGF-LRM-LSC-NR,51.34,89.6,263753.11,460267.9,263753.11,21486.26,7445.86,14740.46,0.0,73945.06,0.0,1841.61,0.0,0.0,0.0,0.0,144293.86,0.0,0.0,0.0,7445.86,21486.26,0.0,59678.04,14267.02,0.0,0.0,2283.19,96876374.84619637
runs/CZ07/MFm&0&rDXGF&Ex&dxAC_equip/RB-dxAC_equip-spltAC-SEER-BA-rDXGF-NoLRM-0%UC-NR/instance-out.sql,CZ07,MFm,0,rDXGF,Ex,dxAC_equip,,RB-dxAC_equip-spltAC-SEER-BA-rDXGF-NoLRM-0%UC-NR,MFm&0&rDXGF&Ex&dxAC_equip,RB-dxAC_equip-spltAC-SEER-BA-rDXGF-NoLRM-0%UC-NR,51.48,90.03,264457.05,462497.28,264457.05000000005,21486.26,8149.8,14740.46,0.0,73945.06,0.0,1841.61,0.0,0.0,0.0,0.0,144293.86,0.0,0.0,0.0,8149.8,21486.26,0.0,59678.04,14267.02,0.0,0.0,2283.19,101009429.50424111
runs/CZ07/MFm&0&rDXGF&Ex&dxAC_equip/RB-dxAC_equip-spltAC-SEER-BA-rDXGF-NoLRM-15%UC-AOE/instance-out.sql,CZ07,MFm,0,rDXGF,Ex,dxAC_equip,,RB-dxAC_equip-spltAC-SEER-BA-rDXGF-NoLRM-15%UC-AOE,MFm&0&rDXGF&Ex&dxAC_equip,RB-dxAC_equip-spltAC-SEER-BA-rDXGF-NoLRM-15%UC-AOE,52.08,91.94,267548.32,472287.35,267548.32,21486.26,11241.07,14740.46,0.0,73945.06,0.0,1841.61,0.0,0.0,0.0,0.0,144293.86,0.0,0.0,0.0,11241.07,21486.26,0.0,59678.04,14267.02,0.0,0.0,2283.19,119159242.985739
runs/CZ07/MFm&0&rDXGF&Ex&dxAC_equip/RB-dxAC_equip-spltAC-SEER-BA-rDXGF-NoLRM-22.5%UC-AOE/instance-out.sql,CZ07,MFm,0,rDXGF,Ex,dxAC_equip,,RB-dxAC_equip-spltAC-SEER-BA-rDXGF-NoLRM-22.5%UC-AOE,MFm&0&rDXGF&Ex&dxAC_equip,RB-dxAC_equip-spltAC-SEER-BA-rDXGF-NoLRM-22.5%UC-AOE,52.3,92.62,268652.41,475783.99,268652.41000000003,21486.26,12345.16,14740.46,0.0,73945.06,0.0,1841.61,0.0,0.0,0.0,0.0,144293.86,0.0,0.0,0.0,12345.16,21486.26,0.0,59678.04,14267.02,0.0,0.0,2283.19,125641661.23154682
runs/CZ07/MFm&0&rDXGF&Ex&dxAC_equip/RB-dxAC_equip-spltAC-SEER-BA-rDXGF-NoLRM-30%UC-AOE/instance-out.sql,CZ07,MFm,0,rDXGF,Ex,dxAC_equip,,RB-dxAC_equip-spltAC-SEER-BA-rDXGF-NoLRM-30%UC-AOE,MFm&0&rDXGF&Ex&dxAC_equip,RB-dxAC_equip-spltAC-SEER-BA-rDXGF-NoLRM-30%UC-AOE,52.51,93.3,269756.49,479280.63,269756.5,21486.26,13449.25,14740.46,0.0,73945.06,0.0,1841.61,0.0,0.0,0.0,0.0,144293.86,0.0,0.0,0.0,13449.25,21486.26,0.0,59678.04,14267.02,0.0,0.0,2283.19,132124079.43424888
runs/CZ07/MFm&0&rDXGF&Ex&dxAC_equip/RB-dxAC_equip-spltAC-SEER-BA-rDXGF-NoLRM-40%UC-AOE/instance-out.sql,CZ07,MFm,0,rDXGF,Ex,dxAC_equip,,RB-dxAC_equip-spltAC-SEER-BA-rDXGF-NoLRM-40%UC-AOE,MFm&0&rDXGF&Ex&dxAC_equip,RB-dxAC_equip-spltAC-SEER-BA-rDXGF-NoLRM-40%UC-AOE,52.8,94.2,271228.61,483942.81,271228.61,21486.26,14921.36,14740.46,0.0,73945.06,0.0,1841.61,0.0,0.0,0.0,0.0,144293.86,0.0,0.0,0.0,14921.36,21486.26,0.0,59678.04,14267.02,0.0,0.0,2283.19,140767303.75363582
runs/CZ07/MFm&0&rDXHP&Ex&dxHP_equip/RB-dxHP_equip-spltHP-SEER-BA-rDXHP-NoLRM-0%UC-NC/instance-out.sql,CZ07,MFm,0,rDXHP,Ex,dxHP_equip,,RB-dxHP_equip-spltHP-SEER-BA-rDXHP-NoLRM-0%UC-NC,MFm&0&rDXHP&Ex&dxHP_equip,RB-dxHP_equip-spltHP-SEER-BA-rDXHP-NoLRM-0%UC-NC,49.0,90.89,251717.23,466924.45,251717.22,8494.53,8149.54,14740.46,0.0,73945.06,0.0,2102.56,0.0,0.0,0.0,0.0,144285.07,0.0,0.0,8494.53,8149.54,0.0,0.0,59678.04,14267.02,0.0,0.0,2283.19,101009563.92154133
runs/CZ07/MFm&0&rDXGF&Ex&dxAC_equip/RB-dxAC_equip-spltAC-SEER-BA-rDXGF-NoLRM-7.5%UC-AOE/instance-out.sql,CZ07,MFm,0,rDXGF,Ex,dxAC_equip,,RB-dxAC_equip-spltAC-SEER-BA-rDXGF-NoLRM-7.5%UC-AOE,MFm&0&rDXGF&Ex&dxAC_equip,RB-dxAC_equip-spltAC-SEER-BA-rDXGF-NoLRM-7.5%UC-AOE,51.87,91.25,266444.24,468790.71,266444.24,21486.26,10136.99,14740.46,0.0,73945.06,0.0,1841.61,0.0,0.0,0.0,0.0,144293.86,0.0,0.0,0.0,10136.99,21486.26,0.0,59678.04,14267.02,0.0,0.0,2283.19,112676824.7445005
runs/CZ07/MFm&0&rDXHP&Ex&dxHP_equip/RB-dxHP_equip-spltHP-SEER-BA-rDXHP-LRM-LSC-NC/instance-out.sql,CZ07,MFm,0,rDXHP,Ex,dxHP_equip,,RB-dxHP_equip-spltHP-SEER-BA-rDXHP-LRM-LSC-NC,MFm&0&rDXHP&Ex&dxHP_equip,RB-dxHP_equip-spltHP-SEER-BA-rDXHP-LRM-LSC-NC,48.8,90.26,250699.53,463701.41,250699.53,8180.75,7445.63,14740.46,0.0,73945.06,0.0,2102.56,0.0,0.0,0.0,0.0,144285.07,0.0,0.0,8180.75,7445.63,0.0,0.0,59678.04,14267.02,0.0,0.0,2283.19,96876499.63155723
runs/CZ07/MFm&0&rDXHP&Ex&dxHP_equip/RB-dxHP_equip-spltHP-SEER-BA-rDXHP-LRM-LSC-AOE/instance-out.sql,CZ07,MFm,0,rDXHP,Ex,dxHP_equip,,RB-dxHP_equip-spltHP-SEER-BA-rDXHP-LRM-LSC-AOE,MFm&0&rDXHP&Ex&dxHP_equip,RB-dxHP_equip-spltHP-SEER-BA-rDXHP-LRM-LSC-AOE,49.36,92.03,253566.38,472780.7,253566.37,10240.8,8252.43,14740.46,0.0,73945.06,0.0,2102.56,0.0,0.0,0.0,0.0,144285.07,0.0,0.0,10240.8,8252.43,0.0,0.0,59678.04,14267.02,0.0,0.0,2283.19,101613633.46134165
runs/CZ07/MFm&0&rDXHP&Ex&dxHP_equip/RB-dxHP_equip-spltHP-SEER-BA-rDXHP-LRM-LSC-NR/instance-out.sql,CZ07,MFm,0,rDXHP,Ex,dxHP_equip,,RB-dxHP_equip-spltHP-SEER-BA-rDXHP-LRM-LSC-NR,MFm&0&rDXHP&Ex&dxHP_equip,RB-dxHP_equip-spltHP-SEER-BA-rDXHP-LRM-LSC-NR,48.8,90.26,250699.53,463701.41,250699.53,8180.75,7445.63,14740.46,0.0,73945.06,0.0,2102.56,0.0,0.0,0.0,0.0,144285.07,0.0,0.0,8180.75,7445.63,0.0,0.0,59678.04,14267.02,0.0,0.0,2283.19,96876499.63155723
runs/CZ07/MFm&0&rDXHP&Ex&dxHP_equip/RB-dxHP_equip-spltHP-SEER-BA-rDXHP-NoLRM-0%UC-AOE/instance-out.sql,CZ07,MFm,0,rDXHP,Ex,dxHP_equip,,RB-dxHP_equip-spltHP-SEER-BA-rDXHP-NoLRM-0%UC-AOE,MFm&0&rDXHP&Ex&dxHP_equip,RB-dxHP_equip-spltHP-SEER-BA-rDXHP-NoLRM-0%UC-AOE,49.59,92.76,254741.47,476502.23,254741.47,10635.7,9032.62,14740.46,0.0,73945.06,0.0,2102.56,0.0,0.0,0.0,0.0,144285.07,0.0,0.0,10635.7,9032.62,0.0,0.0,59678.04,14267.02,0.0,0.0,2283.19,106194553.02528764
runs/CZ07/MFm&0&rDXHP&Ex&dxHP_equip/RB-dxHP_equip-spltHP-SEER-BA-rDXHP-NoLRM-0%UC-NR/instance-out.sql,CZ07,MFm,0,rDXHP,Ex,dxHP_equip,,RB-dxHP_equip-spltHP-SEER-BA-rDXHP-NoLRM-0%UC-NR,MFm&0&rDXHP&Ex&dxHP_equip,RB-dxHP_equip-spltHP-SEER-BA-rDXHP-NoLRM-0%UC-NR,49.0,90.89,251717.23,466924.45,251717.22,8494.53,8149.54,14740.46,0.0,73945.06,0.0,2102.56,0.0,0.0,0.0,0.0,144285.07,0.0,0.0,8494.53,8149.54,0.0,0.0,59678.04,14267.02,0.0,0.0,2283.19,101009563.92154133
runs/CZ07/MFm&0&rDXHP&Ex&dxHP_equip/RB-dxHP_equip-spltHP-SEER-BA-rDXHP-NoLRM-15%UC-AOE/instance-out.sql,CZ07,MFm,0,rDXHP,Ex,dxHP_equip,,RB-dxHP_equip-spltHP-SEER-BA-rDXHP-NoLRM-15%UC-AOE,MFm&0&rDXHP&Ex&dxHP_equip,RB-dxHP_equip-spltHP-SEER-BA-rDXHP-NoLRM-15%UC-AOE,50.24,94.81,258067.21,487034.84,258067.21,11753.33,11240.72,14740.46,0.0,73945.06,0.0,2102.56,0.0,0.0,0.0,0.0,144285.07,0.0,0.0,11753.33,11240.72,0.0,0.0,59678.04,14267.02,0.0,0.0,2283.19,119159419.70054495
runs/CZ07/MFm&0&rDXHP&Ex&dxHP_equip/RB-dxHP_equip-spltHP-SEER-BA-rDXHP-NoLRM-22.5%UC-AOE/instance-out.sql,CZ07,MFm,0,rDXHP,Ex,dxHP_equip,,RB-dxHP_equip-spltHP-SEER-BA-rDXHP-NoLRM-22.5%UC-AOE,MFm&0&rDXHP&Ex&dxHP_equip,RB-dxHP_equip-spltHP-SEER-BA-rDXHP-NoLRM-22.5%UC-AOE,50.56,95.83,259730.08,492301.14,259730.06999999998,12312.15,12344.78,14740.46,0.0,73945.06,0.0,2102.56,0.0,0.0,0.0,0.0,144285.07,0.0,0.0,12312.15,12344.78,0.0,0.0,59678.04,14267.02,0.0,0.0,2283.19,125641853.05340184
runs/CZ08/MFm&0&rDXGF&Ex&dxAC_equip/RB-dxAC_equip-spltAC-SEER-BA-rDXGF-LRM-LSC-AOE/instance-out.sql,CZ08,MFm,0,rDXGF,Ex,dxAC_equip,,RB-dxAC_equip-spltAC-SEER-BA-rDXGF-LRM-LSC-AOE,MFm&0&rDXGF&Ex&dxAC_equip,RB-dxAC_equip-spltAC-SEER-BA-rDXGF-LRM-LSC-AOE,54.97,100.69,282413.51,517239.32,282413.51,23370.22,22316.86,14740.46,0.0,73945.06,0.0,4610.33,0.0,0.0,0.0,0.0,143430.58,0.0,0.0,0.0,22316.86,23370.22,0.0,59678.04,14267.02,0.0,0.0,2283.19,153589747.76347363
runs/CZ07/MFm&0&rDXHP&Ex&dxHP_equip/RB-dxHP_equip-spltHP-SEER-BA-rDXHP-NoLRM-30%UC-AOE/instance-out.sql,CZ07,MFm,0,rDXHP,Ex,dxHP_equip,,RB-dxHP_equip-spltHP-SEER-BA-rDXHP-NoLRM-30%UC-AOE,MFm&0&rDXHP&Ex&dxHP_equip,RB-dxHP_equip-spltHP-SEER-BA-rDXHP-NoLRM-30%UC-AOE,50.88,96.86,261392.94,497567.45,261392.94,12870.97,13448.83,14740.46,0.0,73945.06,0.0,2102.56,0.0,0.0,0.0,0.0,144285.07,0.0,0.0,12870.97,13448.83,0.0,0.0,59678.04,14267.02,0.0,0.0,2283.19,132124286.36315286
runs/CZ08/MFm&0&rDXGF&Ex&dxAC_equip/RB-dxAC_equip-spltAC-SEER-BA-rDXGF-LRM-LSC-NR/instance-out.sql,CZ08,MFm,0,rDXGF,Ex,dxAC_equip,,RB-dxAC_equip-spltAC-SEER-BA-rDXGF-LRM-LSC-NR,MFm&0&rDXGF&Ex&dxAC_equip,RB-dxAC_equip-spltAC-SEER-BA-rDXGF-LRM-LSC-NR,54.55,99.34,280231.69,510329.51,280231.7,23370.22,20135.04,14740.46,0.0,73945.06,0.0,4610.33,0.0,0.0,0.0,0.0,143430.58,0.0,0.0,0.0,20135.04,23370.22,0.0,59678.04,14267.02,0.0,0.0,2283.19,144470095.12650126
runs/CZ07/MFm&0&rDXHP&Ex&dxHP_equip/RB-dxHP_equip-spltHP-SEER-BA-rDXHP-NoLRM-40%UC-AOE/instance-out.sql,CZ07,MFm,0,rDXHP,Ex,dxHP_equip,,RB-dxHP_equip-spltHP-SEER-BA-rDXHP-NoLRM-40%UC-AOE,MFm&0&rDXHP&Ex&dxHP_equip,RB-dxHP_equip-spltHP-SEER-BA-rDXHP-NoLRM-40%UC-AOE,51.31,98.22,263610.1,504589.19,263610.1,13616.06,14920.89,14740.46,0.0,73945.06,0.0,2102.56,0.0,0.0,0.0,0.0,144285.07,0.0,0.0,13616.06,14920.89,0.0,0.0,59678.04,14267.02,0.0,0.0,2283.19,140767530.8252719
runs/CZ07/MFm&0&rDXHP&Ex&dxHP_equip/RB-dxHP_equip-spltHP-SEER-BA-rDXHP-NoLRM-7.5%UC-AOE/instance-out.sql,CZ07,MFm,0,rDXHP,Ex,dxHP_equip,,RB-dxHP_equip-spltHP-SEER-BA-rDXHP-NoLRM-7.5%UC-AOE,MFm&0&rDXHP&Ex&dxHP_equip,RB-dxHP_equip-spltHP-SEER-BA-rDXHP-NoLRM-7.5%UC-AOE,49.91,93.78,256404.34,481768.53,256404.34,11194.51,10136.67,14740.46,0.0,73945.06,0.0,2102.56,0.0,0.0,0.0,0.0,144285.07,0.0,0.0,11194.51,10136.67,0.0,0.0,59678.04,14267.02,0.0,0.0,2283.19,112676986.3522574
runs/CZ08/MFm&0&rDXGF&Ex&dxAC_equip/RB-dxAC_equip-spltAC-SEER-BA-rDXGF-NoLRM-0%UC-AOE/instance-out.sql,CZ08,MFm,0,rDXGF,Ex,dxAC_equip,,RB-dxAC_equip-spltAC-SEER-BA-rDXGF-NoLRM-0%UC-AOE,MFm&0&rDXGF&Ex&dxAC_equip,RB-dxAC_equip-spltAC-SEER-BA-rDXGF-NoLRM-0%UC-AOE,55.39,101.99,284523.37,523921.26,284523.38,23370.22,24426.72,14740.46,0.0,73945.06,0.0,4610.33,0.0,0.0,0.0,0.0,143430.58,0.0,0.0,0.0,24426.72,23370.22,0.0,59678.04,14267.02,0.0,0.0,2283.19,162408665.8439451
runs/CZ08/MFm&0&rDXGF&Ex&dxAC_equip/RB-dxAC_equip-spltAC-SEER-BA-rDXGF-NoLRM-0%UC-NR/instance-out.sql,CZ08,MFm,0,rDXGF,Ex,dxAC_equip,,RB-dxAC_equip-spltAC-SEER-BA-rDXGF-NoLRM-0%UC-NR,MFm&0&rDXGF&Ex&dxAC_equip,RB-dxAC_equip-spltAC-SEER-BA-rDXGF-NoLRM-0%UC-NR,54.92,100.51,282135.29,516358.19,282135.29000000004,23370.22,22038.64,14740.46,0.0,73945.06,0.0,4610.33,0.0,0.0,0.0,0.0,143430.58,0.0,0.0,0.0,22038.64,23370.22,0.0,59678.04,14267.02,0.0,0.0,2283.19,152426828.4604728
runs/CZ08/MFm&0&rDXGF&Ex&dxAC_equip/RB-dxAC_equip-spltAC-SEER-BA-rDXGF-NoLRM-15%UC-AOE/instance-out.sql,CZ08,MFm,0,rDXGF,Ex,dxAC_equip,,RB-dxAC_equip-spltAC-SEER-BA-rDXGF-NoLRM-15%UC-AOE,MFm&0&rDXGF&Ex&dxAC_equip,RB-dxAC_equip-spltAC-SEER-BA-rDXGF-NoLRM-15%UC-AOE,56.55,105.67,290494.7,542832.44,290494.7,23370.22,30398.04,14740.46,0.0,73945.06,0.0,4610.33,0.0,0.0,0.0,0.0,143430.58,0.0,0.0,0.0,30398.04,23370.22,0.0,59678.04,14267.02,0.0,0.0,2283.19,187367867.9293095
runs/CZ08/MFm&0&rDXGF&Ex&dxAC_equip/RB-dxAC_equip-spltAC-SEER-BA-rDXGF-NoLRM-30%UC-AOE/instance-out.sql,CZ08,MFm,0,rDXGF,Ex,dxAC_equip,,RB-dxAC_equip-spltAC-SEER-BA-rDXGF-NoLRM-30%UC-AOE,MFm&0&rDXGF&Ex&dxAC_equip,RB-dxAC_equip-spltAC-SEER-BA-rDXGF-NoLRM-30%UC-AOE,57.71,109.35,296466.02,561743.61,296466.02,23370.22,36369.37,14740.46,0.0,73945.06,0.0,4610.33,0.0,0.0,0.0,0.0,143430.58,0.0,0.0,0.0,36369.37,23370.22,0.0,59678.04,14267.02,0.0,0.0,2283.19,212327069.9903221
runs/CZ08/MFm&0&rDXGF&Ex&dxAC_equip/RB-dxAC_equip-spltAC-SEER-BA-rDXGF-NoLRM-22.5%UC-AOE/instance-out.sql,CZ08,MFm,0,rDXGF,Ex,dxAC_equip,,RB-dxAC_equip-spltAC-SEER-BA-rDXGF-NoLRM-22.5%UC-AOE,MFm&0&rDXGF&Ex&dxAC_equip,RB-dxAC_equip-spltAC-SEER-BA-rDXGF-NoLRM-22.5%UC-AOE,57.13,107.51,293480.36,552288.03,293480.36,23370.22,33383.71,14740.46,0.0,73945.06,0.0,4610.33,0.0,0.0,0.0,0.0,143430.58,0.0,0.0,0.0,33383.71,23370.22,0.0,59678.04,14267.02,0.0,0.0,2283.19,199847469.00130826
runs/CZ08/MFm&0&rDXGF&Ex&dxAC_equip/RB-dxAC_equip-spltAC-SEER-BA-rDXGF-NoLRM-40%UC-AOE/instance-out.sql,CZ08,MFm,0,rDXGF,Ex,dxAC_equip,,RB-dxAC_equip-spltAC-SEER-BA-rDXGF-NoLRM-40%UC-AOE,MFm&0&rDXGF&Ex&dxAC_equip,RB-dxAC_equip-spltAC-SEER-BA-rDXGF-NoLRM-40%UC-AOE,58.48,111.8,300446.9,574351.06,300446.9,23370.22,40350.25,14740.46,0.0,73945.06,0.0,4610.33,0.0,0.0,0.0,0.0,143430.58,0.0,0.0,0.0,40350.25,23370.22,0.0,59678.04,14267.02,0.0,0.0,2283.19,228966538.07023233
runs/CZ08/MFm&0&rDXHP&Ex&dxHP_equip/RB-dxHP_equip-spltHP-SEER-BA-rDXHP-LRM-LSC-NC/instance-out.sql,CZ08,MFm,0,rDXHP,Ex,dxHP_equip,,RB-dxHP_equip-spltHP-SEER-BA-rDXHP-LRM-LSC-NC,MFm&0&rDXHP&Ex&dxHP_equip,RB-dxHP_equip-spltHP-SEER-BA-rDXHP-LRM-LSC-NC,51.89,100.39,266555.08,515718.43,266555.08,9376.14,20135.5,14740.46,0.0,73945.06,0.0,4938.18,0.0,0.0,0.0,0.0,143419.74,0.0,0.0,9376.14,20135.5,0.0,0.0,59678.04,14267.02,0.0,0.0,2283.19,144470826.73664582
runs/CZ08/MFm&0&rDXHP&Ex&dxHP_equip/RB-dxHP_equip-spltHP-SEER-BA-rDXHP-LRM-LSC-AOE/instance-out.sql,CZ08,MFm,0,rDXHP,Ex,dxHP_equip,,RB-dxHP_equip-spltHP-SEER-BA-rDXHP-LRM-LSC-AOE,MFm&0&rDXHP&Ex&dxHP_equip,RB-dxHP_equip-spltHP-SEER-BA-rDXHP-LRM-LSC-AOE,52.75,103.11,270963.95,529681.32,270963.95,11603.15,22317.36,14740.46,0.0,73945.06,0.0,4938.18,0.0,0.0,0.0,0.0,143419.74,0.0,0.0,11603.15,22317.36,0.0,0.0,59678.04,14267.02,0.0,0.0,2283.19,153590549.7659393
runs/CZ08/MFm&0&rDXGF&Ex&dxAC_equip/RB-dxAC_equip-spltAC-SEER-BA-rDXGF-NoLRM-7.5%UC-AOE/instance-out.sql,CZ08,MFm,0,rDXGF,Ex,dxAC_equip,,RB-dxAC_equip-spltAC-SEER-BA-rDXGF-NoLRM-7.5%UC-AOE,MFm&0&rDXGF&Ex&dxAC_equip,RB-dxAC_equip-spltAC-SEER-BA-rDXGF-NoLRM-7.5%UC-AOE,55.97,103.83,287509.04,533376.85,287509.04000000004,23370.22,27412.38,14740.46,0.0,73945.06,0.0,4610.33,0.0,0.0,0.0,0.0,143430.58,0.0,0.0,0.0,27412.38,23370.22,0.0,59678.04,14267.02,0.0,0.0,2283.19,174888266.8661074
runs/CZ08/MFm&0&rDXHP&Ex&dxHP_equip/RB-dxHP_equip-spltHP-SEER-BA-rDXHP-NoLRM-0%UC-AOE/instance-out.sql,CZ08,MFm,0,rDXHP,Ex,dxHP_equip,,RB-dxHP_equip-spltHP-SEER-BA-rDXHP-NoLRM-0%UC-AOE,MFm&0&rDXHP&Ex&dxHP_equip,RB-dxHP_equip-spltHP-SEER-BA-rDXHP-NoLRM-0%UC-AOE,53.24,104.67,273500.77,537715.42,273500.77,12030.05,24427.28,14740.46,0.0,73945.06,0.0,4938.18,0.0,0.0,0.0,0.0,143419.74,0.0,0.0,12030.05,24427.28,0.0,0.0,59678.04,14267.02,0.0,0.0,2283.19,162409535.91743684
runs/CZ08/MFm&0&rDXHP&Ex&dxHP_equip/RB-dxHP_equip-spltHP-SEER-BA-rDXHP-LRM-LSC-NR/instance-out.sql,CZ08,MFm,0,rDXHP,Ex,dxHP_equip,,RB-dxHP_equip-spltHP-SEER-BA-rDXHP-LRM-LSC-NR,MFm&0&rDXHP&Ex&dxHP_equip,RB-dxHP_equip-spltHP-SEER-BA-rDXHP-LRM-LSC-NR,51.89,100.39,266555.08,515718.43,266555.08,9376.14,20135.5,14740.46,0.0,73945.06,0.0,4938.18,0.0,0.0,0.0,0.0,143419.74,0.0,0.0,9376.14,20135.5,0.0,0.0,59678.04,14267.02,0.0,0.0,2283.19,144470826.73664582
runs/CZ08/MFm&0&rDXHP&Ex&dxHP_equip/RB-dxHP_equip-spltHP-SEER-BA-rDXHP-NoLRM-0%UC-NC/instance-out.sql,CZ08,MFm,0,rDXHP,Ex,dxHP_equip,,RB-dxHP_equip-spltHP-SEER-BA-rDXHP-NoLRM-0%UC-NC,MFm&0&rDXHP&Ex&dxHP_equip,RB-dxHP_equip-spltHP-SEER-BA-rDXHP-NoLRM-0%UC-NC,52.32,101.77,268797.93,522821.51,268797.93,9715.35,22039.13,14740.46,0.0,73945.06,0.0,4938.18,0.0,0.0,0.0,0.0,143419.74,0.0,0.0,9715.35,22039.13,0.0,0.0,59678.04,14267.02,0.0,0.0,2283.19,152427621.48665476
runs/CZ08/MFm&0&rDXHP&Ex&dxHP_equip/RB-dxHP_equip-spltHP-SEER-BA-rDXHP-NoLRM-0%UC-NR/instance-out.sql,CZ08,MFm,0,rDXHP,Ex,dxHP_equip,,RB-dxHP_equip-spltHP-SEER-BA-rDXHP-NoLRM-0%UC-NR,MFm&0&rDXHP&Ex&dxHP_equip,RB-dxHP_equip-spltHP-SEER-BA-rDXHP-NoLRM-0%UC-NR,52.32,101.77,268797.93,522821.51,268797.93,9715.35,22039.13,14740.46,0.0,73945.06,0.0,4938.18,0.0,0.0,0.0,0.0,143419.74,0.0,0.0,9715.35,22039.13,0.0,0.0,59678.04,14267.02,0.0,0.0,2283.19,152427621.48665476
runs/CZ08/MFm&0&rDXHP&Ex&dxHP_equip/RB-dxHP_equip-spltHP-SEER-BA-rDXHP-NoLRM-15%UC-AOE/instance-out.sql,CZ08,MFm,0,rDXHP,Ex,dxHP_equip,,RB-dxHP_equip-spltHP-SEER-BA-rDXHP-NoLRM-15%UC-AOE,MFm&0&rDXHP&Ex&dxHP_equip,RB-dxHP_equip-spltHP-SEER-BA-rDXHP-NoLRM-15%UC-AOE,54.64,109.1,280680.45,560453.45,280680.45,13238.27,30398.73,14740.46,0.0,73945.06,0.0,4938.18,0.0,0.0,0.0,0.0,143419.74,0.0,0.0,13238.27,30398.73,0.0,0.0,59678.04,14267.02,0.0,0.0,2283.19,187368930.65664858
runs/CZ08/MFm&0&rDXHP&Ex&dxHP_equip/RB-dxHP_equip-spltHP-SEER-BA-rDXHP-NoLRM-22.5%UC-AOE/instance-out.sql,CZ08,MFm,0,rDXHP,Ex,dxHP_equip,,RB-dxHP_equip-spltHP-SEER-BA-rDXHP-NoLRM-22.5%UC-AOE,MFm&0&rDXHP&Ex&dxHP_equip,RB-dxHP_equip-spltHP-SEER-BA-rDXHP-NoLRM-22.5%UC-AOE,55.34,111.31,284270.28,571822.46,284270.28,13842.38,33384.46,14740.46,0.0,73945.06,0.0,4938.18,0.0,0.0,0.0,0.0,143419.74,0.0,0.0,13842.38,33384.46,0.0,0.0,59678.04,14267.02,0.0,0.0,2283.19,199848628.0555713
runs/CZ08/MFm&0&rDXHP&Ex&dxHP_equip/RB-dxHP_equip-spltHP-SEER-BA-rDXHP-NoLRM-40%UC-AOE/instance-out.sql,CZ08,MFm,0,rDXHP,Ex,dxHP_equip,,RB-dxHP_equip-spltHP-SEER-BA-rDXHP-NoLRM-40%UC-AOE,MFm&0&rDXHP&Ex&dxHP_equip,RB-dxHP_equip-spltHP-SEER-BA-rDXHP-NoLRM-40%UC-AOE,56.97,116.47,292646.57,598350.16,292646.57,15251.97,40351.16,14740.46,0.0,73945.06,0.0,4938.18,0.0,0.0,0.0,0.0,143419.74,0.0,0.0,15251.97,40351.16,0.0,0.0,59678.04,14267.02,0.0,0.0,2283.19,228967921.887317
runs/CZ08/MFm&0&rDXHP&Ex&dxHP_equip/RB-dxHP_equip-spltHP-SEER-BA-rDXHP-NoLRM-7.5%UC-AOE/instance-out.sql,CZ08,MFm,0,rDXHP,Ex,dxHP_equip,,RB-dxHP_equip-spltHP-SEER-BA-rDXHP-NoLRM-7.5%UC-AOE,MFm&0&rDXHP&Ex&dxHP_equip,RB-dxHP_equip-spltHP-SEER-BA-rDXHP-NoLRM-7.5%UC-AOE,53.94,106.88,277090.61,549084.44,277090.61,12634.16,27413.0,14740.46,0.0,73945.06,0.0,4938.18,0.0,0.0,0.0,0.0,143419.74,0.0,0.0,12634.16,27413.0,0.0,0.0,59678.04,14267.02,0.0,0.0,2283.19,174889233.2665227
runs/CZ08/MFm&0&rDXHP&Ex&dxHP_equip/RB-dxHP_equip-spltHP-SEER-BA-rDXHP-NoLRM-30%UC-AOE/instance-out.sql,CZ08,MFm,0,rDXHP,Ex,dxHP_equip,,RB-dxHP_equip-spltHP-SEER-BA-rDXHP-NoLRM-30%UC-AOE,MFm&0&rDXHP&Ex&dxHP_equip,RB-dxHP_equip-spltHP-SEER-BA-rDXHP-NoLRM-30%UC-AOE,56.03,113.52,287860.12,583191.48,287860.12,14446.49,36370.19,14740.46,0.0,73945.06,0.0,4938.18,0.0,0.0,0.0,0.0,143419.74,0.0,0.0,14446.49,36370.19,0.0,0.0,59678.04,14267.02,0.0,0.0,2283.19,212328325.37150836
runs/CZ09/MFm&0&rDXGF&Ex&dxAC_equip/RB-dxAC_equip-spltAC-SEER-BA-rDXGF-LRM-LSC-AOE/instance-out.sql,CZ09,MFm,0,rDXGF,Ex,dxAC_equip,,RB-dxAC_equip-spltAC-SEER-BA-rDXGF-LRM-LSC-AOE,MFm&0&rDXGF&Ex&dxAC_equip,RB-dxAC_equip-spltAC-SEER-BA-rDXGF-LRM-LSC-AOE,59.04,105.07,303310.81,539743.92,303310.81,44464.85,21908.85,14740.46,0.0,73945.06,0.0,4947.25,0.0,0.0,0.0,0.0,143304.33,0.0,0.0,0.0,21908.85,44464.85,0.0,59678.04,14267.02,0.0,0.0,2283.19,165181704.91880268
runs/CZ09/MFm&0&rDXGF&Ex&dxAC_equip/RB-dxAC_equip-spltAC-SEER-BA-rDXGF-LRM-LSC-NR/instance-out.sql,CZ09,MFm,0,rDXGF,Ex,dxAC_equip,,RB-dxAC_equip-spltAC-SEER-BA-rDXGF-LRM-LSC-NR,MFm&0&rDXGF&Ex&dxAC_equip,RB-dxAC_equip-spltAC-SEER-BA-rDXGF-LRM-LSC-NR,58.63,103.75,301168.88,532960.44,301168.89,44464.85,19766.93,14740.46,0.0,73945.06,0.0,4947.25,0.0,0.0,0.0,0.0,143304.33,0.0,0.0,0.0,19766.93,44464.85,0.0,59678.04,14267.02,0.0,0.0,2283.19,155041097.81907755
runs/CZ09/MFm&0&rDXGF&Ex&dxAC_equip/RB-dxAC_equip-spltAC-SEER-BA-rDXGF-NoLRM-0%UC-NR/instance-out.sql,CZ09,MFm,0,rDXGF,Ex,dxAC_equip,,RB-dxAC_equip-spltAC-SEER-BA-rDXGF-NoLRM-0%UC-NR,MFm&0&rDXGF&Ex&dxAC_equip,RB-dxAC_equip-spltAC-SEER-BA-rDXGF-NoLRM-0%UC-NR,58.99,104.9,303037.68,538878.9,303037.68,44464.85,21635.72,14740.46,0.0,73945.06,0.0,4947.25,0.0,0.0,0.0,0.0,143304.33,0.0,0.0,0.0,21635.72,44464.85,0.0,59678.04,14267.02,0.0,0.0,2283.19,163888595.6075326
runs/CZ09/MFm&0&rDXGF&Ex&dxAC_equip/RB-dxAC_equip-spltAC-SEER-BA-rDXGF-NoLRM-0%UC-AOE/instance-out.sql,CZ09,MFm,0,rDXGF,Ex,dxAC_equip,,RB-dxAC_equip-spltAC-SEER-BA-rDXGF-NoLRM-0%UC-AOE,MFm&0&rDXGF&Ex&dxAC_equip,RB-dxAC_equip-spltAC-SEER-BA-rDXGF-NoLRM-0%UC-AOE,59.45,106.34,305382.11,546303.71,305382.11,44464.85,23980.15,14740.46,0.0,73945.06,0.0,4947.25,0.0,0.0,0.0,0.0,143304.33,0.0,0.0,0.0,23980.15,44464.85,0.0,59678.04,14267.02,0.0,0.0,2283.19,174987909.92009452
runs/CZ09/MFm&0&rDXGF&Ex&dxAC_equip/RB-dxAC_equip-spltAC-SEER-BA-rDXGF-NoLRM-30%UC-AOE/instance-out.sql,CZ09,MFm,0,rDXGF,Ex,dxAC_equip,,RB-dxAC_equip-spltAC-SEER-BA-rDXGF-NoLRM-30%UC-AOE,MFm&0&rDXGF&Ex&dxAC_equip,RB-dxAC_equip-spltAC-SEER-BA-rDXGF-NoLRM-30%UC-AOE,61.73,113.57,317106.41,583434.58,317106.41000000003,44464.85,35704.45,14740.46,0.0,73945.06,0.0,4947.25,0.0,0.0,0.0,0.0,143304.33,0.0,0.0,0.0,35704.45,44464.85,0.0,59678.04,14267.02,0.0,0.0,2283.19,230494730.59015828
runs/CZ09/MFm&0&rDXGF&Ex&dxAC_equip/RB-dxAC_equip-spltAC-SEER-BA-rDXGF-NoLRM-15%UC-AOE/instance-out.sql,CZ09,MFm,0,rDXGF,Ex,dxAC_equip,,RB-dxAC_equip-spltAC-SEER-BA-rDXGF-NoLRM-15%UC-AOE,MFm&0&rDXGF&Ex&dxAC_equip,RB-dxAC_equip-spltAC-SEER-BA-rDXGF-NoLRM-15%UC-AOE,60.59,109.96,311244.26,564869.14,311244.26,44464.85,29842.3,14740.46,0.0,73945.06,0.0,4947.25,0.0,0.0,0.0,0.0,143304.33,0.0,0.0,0.0,29842.3,44464.85,0.0,59678.04,14267.02,0.0,0.0,2283.19,202741320.2686654
runs/CZ09/MFm&0&rDXGF&Ex&dxAC_equip/RB-dxAC_equip-spltAC-SEER-BA-rDXGF-NoLRM-22.5%UC-AOE/instance-out.sql,CZ09,MFm,0,rDXGF,Ex,dxAC_equip,,RB-dxAC_equip-spltAC-SEER-BA-rDXGF-NoLRM-22.5%UC-AOE,MFm&0&rDXGF&Ex&dxAC_equip,RB-dxAC_equip-spltAC-SEER-BA-rDXGF-NoLRM-22.5%UC-AOE,61.16,111.76,314175.33,574151.86,314175.32999999996,44464.85,32773.38,14740.46,0.0,73945.06,0.0,4947.25,0.0,0.0,0.0,0.0,143304.33,0.0,0.0,0.0,32773.38,44464.85,0.0,59678.04,14267.02,0.0,0.0,2283.19,216618025.47554943
runs/CZ09/MFm&0&rDXGF&Ex&dxAC_equip/RB-dxAC_equip-spltAC-SEER-BA-rDXGF-NoLRM-40%UC-AOE/instance-out.sql,CZ09,MFm,0,rDXGF,Ex,dxAC_equip,,RB-dxAC_equip-spltAC-SEER-BA-rDXGF-NoLRM-40%UC-AOE,MFm&0&rDXGF&Ex&dxAC_equip,RB-dxAC_equip-spltAC-SEER-BA-rDXGF-NoLRM-40%UC-AOE,62.49,115.98,321014.51,595811.53,321014.51,44464.85,39612.55,14740.46,0.0,73945.06,0.0,4947.25,0.0,0.0,0.0,0.0,143304.33,0.0,0.0,0.0,39612.55,44464.85,0.0,59678.04,14267.02,0.0,0.0,2283.19,248997004.18144774
runs/CZ09/MFm&0&rDXGF&Ex&dxAC_equip/RB-dxAC_equip-spltAC-SEER-BA-rDXGF-NoLRM-7.5%UC-AOE/instance-out.sql,CZ09,MFm,0,rDXGF,Ex,dxAC_equip,,RB-dxAC_equip-spltAC-SEER-BA-rDXGF-NoLRM-7.5%UC-AOE,MFm&0&rDXGF&Ex&dxAC_equip,RB-dxAC_equip-spltAC-SEER-BA-rDXGF-NoLRM-7.5%UC-AOE,60.02,108.15,308313.18,555586.42,308313.18,44464.85,26911.22,14740.46,0.0,73945.06,0.0,4947.25,0.0,0.0,0.0,0.0,143304.33,0.0,0.0,0.0,26911.22,44464.85,0.0,59678.04,14267.02,0.0,0.0,2283.19,188864615.07156286
runs/CZ09/MFm&0&rDXHP&Ex&dxHP_equip/RB-dxHP_equip-spltHP-SEER-BA-rDXHP-LRM-LSC-NC/instance-out.sql,CZ09,MFm,0,rDXHP,Ex,dxHP_equip,,RB-dxHP_equip-spltHP-SEER-BA-rDXHP-LRM-LSC-NC,MFm&0&rDXHP&Ex&dxHP_equip,RB-dxHP_equip-spltHP-SEER-BA-rDXHP-LRM-LSC-NC,53.5,105.56,274849.09,542265.85,274849.07999999996,17528.2,19766.62,14740.46,0.0,73945.06,0.0,5583.58,0.0,0.0,0.0,0.0,143285.16,0.0,0.0,17528.2,19766.62,0.0,0.0,59678.04,14267.02,0.0,0.0,2283.19,155040257.10627252
runs/CZ09/MFm&0&rDXHP&Ex&dxHP_equip/RB-dxHP_equip-spltHP-SEER-BA-rDXHP-LRM-LSC-AOE/instance-out.sql,CZ09,MFm,0,rDXHP,Ex,dxHP_equip,,RB-dxHP_equip-spltHP-SEER-BA-rDXHP-LRM-LSC-AOE,MFm&0&rDXHP&Ex&dxHP_equip,RB-dxHP_equip-spltHP-SEER-BA-rDXHP-LRM-LSC-AOE,54.75,109.52,281274.43,562614.92,281274.43,21811.65,21908.52,14740.46,0.0,73945.06,0.0,5583.58,0.0,0.0,0.0,0.0,143285.16,0.0,0.0,21811.65,21908.52,0.0,0.0,59678.04,14267.02,0.0,0.0,2283.19,165180779.18150926
runs/CZ09/MFm&0&rDXHP&Ex&dxHP_equip/RB-dxHP_equip-spltHP-SEER-BA-rDXHP-LRM-LSC-NR/instance-out.sql,CZ09,MFm,0,rDXHP,Ex,dxHP_equip,,RB-dxHP_equip-spltHP-SEER-BA-rDXHP-LRM-LSC-NR,MFm&0&rDXHP&Ex&dxHP_equip,RB-dxHP_equip-spltHP-SEER-BA-rDXHP-LRM-LSC-NR,53.5,105.56,274849.09,542265.85,274849.07999999996,17528.2,19766.62,14740.46,0.0,73945.06,0.0,5583.58,0.0,0.0,0.0,0.0,143285.16,0.0,0.0,17528.2,19766.62,0.0,0.0,59678.04,14267.02,0.0,0.0,2283.19,155040257.10627252
runs/CZ09/MFm&0&rDXHP&Ex&dxHP_equip/RB-dxHP_equip-spltHP-SEER-BA-rDXHP-NoLRM-0%UC-NR/instance-out.sql,CZ09,MFm,0,rDXHP,Ex,dxHP_equip,,RB-dxHP_equip-spltHP-SEER-BA-rDXHP-NoLRM-0%UC-NR,MFm&0&rDXHP&Ex&dxHP_equip,RB-dxHP_equip-spltHP-SEER-BA-rDXHP-NoLRM-0%UC-NR,53.99,107.11,277370.28,550250.49,277370.28,18180.63,21635.39,14740.46,0.0,73945.06,0.0,5583.58,0.0,0.0,0.0,0.0,143285.16,0.0,0.0,18180.63,21635.39,0.0,0.0,59678.04,14267.02,0.0,0.0,2283.19,163887680.71238664
runs/CZ09/MFm&0&rDXHP&Ex&dxHP_equip/RB-dxHP_equip-spltHP-SEER-BA-rDXHP-NoLRM-0%UC-AOE/instance-out.sql,CZ09,MFm,0,rDXHP,Ex,dxHP_equip,,RB-dxHP_equip-spltHP-SEER-BA-rDXHP-NoLRM-0%UC-AOE,MFm&0&rDXHP&Ex&dxHP_equip,RB-dxHP_equip-spltHP-SEER-BA-rDXHP-NoLRM-0%UC-AOE,55.32,111.3,284166.8,571775.06,284166.8,22632.76,23979.78,14740.46,0.0,73945.06,0.0,5583.58,0.0,0.0,0.0,0.0,143285.16,0.0,0.0,22632.76,23979.78,0.0,0.0,59678.04,14267.02,0.0,0.0,2283.19,174986901.96212584
runs/CZ09/MFm&0&rDXHP&Ex&dxHP_equip/RB-dxHP_equip-spltHP-SEER-BA-rDXHP-NoLRM-0%UC-NC/instance-out.sql,CZ09,MFm,0,rDXHP,Ex,dxHP_equip,,RB-dxHP_equip-spltHP-SEER-BA-rDXHP-NoLRM-0%UC-NC,MFm&0&rDXHP&Ex&dxHP_equip,RB-dxHP_equip-spltHP-SEER-BA-rDXHP-NoLRM-0%UC-NC,53.99,107.11,277370.28,550250.49,277370.28,18180.63,21635.39,14740.46,0.0,73945.06,0.0,5583.58,0.0,0.0,0.0,0.0,143285.16,0.0,0.0,18180.63,21635.39,0.0,0.0,59678.04,14267.02,0.0,0.0,2283.19,163887680.71238664
runs/CZ09/MFm&0&rDXHP&Ex&dxHP_equip/RB-dxHP_equip-spltHP-SEER-BA-rDXHP-NoLRM-15%UC-AOE/instance-out.sql,CZ09,MFm,0,rDXHP,Ex,dxHP_equip,,RB-dxHP_equip-spltHP-SEER-BA-rDXHP-NoLRM-15%UC-AOE,MFm&0&rDXHP&Ex&dxHP_equip,RB-dxHP_equip-spltHP-SEER-BA-rDXHP-NoLRM-15%UC-AOE,56.91,116.35,292352.76,597700.01,292352.76,24956.66,29841.84,14740.46,0.0,73945.06,0.0,5583.58,0.0,0.0,0.0,0.0,143285.16,0.0,0.0,24956.66,29841.84,0.0,0.0,59678.04,14267.02,0.0,0.0,2283.19,202740079.61067265
runs/CZ09/MFm&0&rDXHP&Ex&dxHP_equip/RB-dxHP_equip-spltHP-SEER-BA-rDXHP-NoLRM-22.5%UC-AOE/instance-out.sql,CZ09,MFm,0,rDXHP,Ex,dxHP_equip,,RB-dxHP_equip-spltHP-SEER-BA-rDXHP-NoLRM-22.5%UC-AOE,MFm&0&rDXHP&Ex&dxHP_equip,RB-dxHP_equip-spltHP-SEER-BA-rDXHP-NoLRM-22.5%UC-AOE,57.71,118.87,296445.75,610662.48,296445.74,26118.61,32772.87,14740.46,0.0,73945.06,0.0,5583.58,0.0,0.0,0.0,0.0,143285.16,0.0,0.0,26118.61,32772.87,0.0,0.0,59678.04,14267.02,0.0,0.0,2283.19,216616668.46754438
runs/CZ09/MFm&0&rDXHP&Ex&dxHP_equip/RB-dxHP_equip-spltHP-SEER-BA-rDXHP-NoLRM-7.5%UC-AOE/instance-out.sql,CZ09,MFm,0,rDXHP,Ex,dxHP_equip,,RB-dxHP_equip-spltHP-SEER-BA-rDXHP-NoLRM-7.5%UC-AOE,MFm&0&rDXHP&Ex&dxHP_equip,RB-dxHP_equip-spltHP-SEER-BA-rDXHP-NoLRM-7.5%UC-AOE,56.11,113.82,288259.78,584737.54,288259.78,23794.71,26910.81,14740.46,0.0,73945.06,0.0,5583.58,0.0,0.0,0.0,0.0,143285.16,0.0,0.0,23794.71,26910.81,0.0,0.0,59678.04,14267.02,0.0,0.0,2283.19,188863490.76358235
runs/CZ09/MFm&0&rDXHP&Ex&dxHP_equip/RB-dxHP_equip-spltHP-SEER-BA-rDXHP-NoLRM-40%UC-AOE/instance-out.sql,CZ09,MFm,0,rDXHP,Ex,dxHP_equip,,RB-dxHP_equip-spltHP-SEER-BA-rDXHP-NoLRM-40%UC-AOE,MFm&0&rDXHP&Ex&dxHP_equip,RB-dxHP_equip-spltHP-SEER-BA-rDXHP-NoLRM-40%UC-AOE,59.57,124.76,305996.04,640908.25,305996.03,28829.83,39611.94,14740.46,0.0,73945.06,0.0,5583.58,0.0,0.0,0.0,0.0,143285.16,0.0,0.0,28829.83,39611.94,0.0,0.0,59678.04,14267.02,0.0,0.0,2283.19,248995375.69008154
runs/CZ09/MFm&0&rDXHP&Ex&dxHP_equip/RB-dxHP_equip-spltHP-SEER-BA-rDXHP-NoLRM-30%UC-AOE/instance-out.sql,CZ09,MFm,0,rDXHP,Ex,dxHP_equip,,RB-dxHP_equip-spltHP-SEER-BA-rDXHP-NoLRM-30%UC-AOE,MFm&0&rDXHP&Ex&dxHP_equip,RB-dxHP_equip-spltHP-SEER-BA-rDXHP-NoLRM-30%UC-AOE,58.5,121.39,300538.73,623624.95,300538.72,27280.56,35703.9,14740.46,0.0,73945.06,0.0,5583.58,0.0,0.0,0.0,0.0,143285.16,0.0,0.0,27280.56,35703.9,0.0,0.0,59678.04,14267.02,0.0,0.0,2283.19,230493257.23214167
runs/CZ10/MFm&0&rDXGF&Ex&dxAC_equip/RB-dxAC_equip-spltAC-SEER-BA-rDXGF-LRM-LSC-NR/instance-out.sql,CZ10,MFm,0,rDXGF,Ex,dxAC_equip,,RB-dxAC_equip-spltAC-SEER-BA-rDXGF-LRM-LSC-NR,MFm&0&rDXGF&Ex&dxAC_equip,RB-dxAC_equip-spltAC-SEER-BA-rDXGF-LRM-LSC-NR,54.03,98.8,277551.37,507542.24,277551.37,20830.61,20440.96,14740.46,0.0,73945.06,0.0,4361.16,0.0,0.0,0.0,0.0,143233.11,0.0,0.0,0.0,20440.96,20830.61,0.0,59678.04,14267.02,0.0,0.0,2283.19,143314523.4096376
runs/CZ10/MFm&0&rDXGF&Ex&dxAC_equip/RB-dxAC_equip-spltAC-SEER-BA-rDXGF-LRM-LSC-AOE/instance-out.sql,CZ10,MFm,0,rDXGF,Ex,dxAC_equip,,RB-dxAC_equip-spltAC-SEER-BA-rDXGF-LRM-LSC-AOE,MFm&0&rDXGF&Ex&dxAC_equip,RB-dxAC_equip-spltAC-SEER-BA-rDXGF-LRM-LSC-AOE,54.46,100.16,279766.33,514557.04,279766.33999999997,20830.61,22655.92,14740.46,0.0,73945.06,0.0,4361.16,0.0,0.0,0.0,0.0,143233.11,0.0,0.0,0.0,22655.92,20830.61,0.0,59678.04,14267.02,0.0,0.0,2283.19,152369156.96392024
runs/CZ10/MFm&0&rDXGF&Ex&dxAC_equip/RB-dxAC_equip-spltAC-SEER-BA-rDXGF-NoLRM-0%UC-NR/instance-out.sql,CZ10,MFm,0,rDXGF,Ex,dxAC_equip,,RB-dxAC_equip-spltAC-SEER-BA-rDXGF-NoLRM-0%UC-NR,MFm&0&rDXGF&Ex&dxAC_equip,RB-dxAC_equip-spltAC-SEER-BA-rDXGF-NoLRM-0%UC-NR,54.4,99.99,279483.89,513662.52,279483.89,20830.61,22373.48,14740.46,0.0,73945.06,0.0,4361.16,0.0,0.0,0.0,0.0,143233.11,0.0,0.0,0.0,22373.48,20830.61,0.0,59678.04,14267.02,0.0,0.0,2283.19,151214528.76029932
runs/CZ10/MFm&0&rDXGF&Ex&dxAC_equip/RB-dxAC_equip-spltAC-SEER-BA-rDXGF-NoLRM-0%UC-AOE/instance-out.sql,CZ10,MFm,0,rDXGF,Ex,dxAC_equip,,RB-dxAC_equip-spltAC-SEER-BA-rDXGF-NoLRM-0%UC-AOE,MFm&0&rDXGF&Ex&dxAC_equip,RB-dxAC_equip-spltAC-SEER-BA-rDXGF-NoLRM-0%UC-AOE,54.88,101.48,281908.26,521340.51,281908.26,20830.61,24797.85,14740.46,0.0,73945.06,0.0,4361.16,0.0,0.0,0.0,0.0,143233.11,0.0,0.0,0.0,24797.85,20830.61,0.0,59678.04,14267.02,0.0,0.0,2283.19,161125200.06584442
runs/CZ10/MFm&0&rDXGF&Ex&dxAC_equip/RB-dxAC_equip-spltAC-SEER-BA-rDXGF-NoLRM-15%UC-AOE/instance-out.sql,CZ10,MFm,0,rDXGF,Ex,dxAC_equip,,RB-dxAC_equip-spltAC-SEER-BA-rDXGF-NoLRM-15%UC-AOE,MFm&0&rDXGF&Ex&dxAC_equip,RB-dxAC_equip-spltAC-SEER-BA-rDXGF-NoLRM-15%UC-AOE,56.06,105.22,287970.3,540539.0,287970.31,20830.61,30859.89,14740.46,0.0,73945.06,0.0,4361.16,0.0,0.0,0.0,0.0,143233.11,0.0,0.0,0.0,30859.89,20830.61,0.0,59678.04,14267.02,0.0,0.0,2283.19,185906454.09892458
runs/CZ10/MFm&0&rDXGF&Ex&dxAC_equip/RB-dxAC_equip-spltAC-SEER-BA-rDXGF-NoLRM-7.5%UC-AOE/instance-out.sql,CZ10,MFm,0,rDXGF,Ex,dxAC_equip,,RB-dxAC_equip-spltAC-SEER-BA-rDXGF-NoLRM-7.5%UC-AOE,MFm&0&rDXGF&Ex&dxAC_equip,RB-dxAC_equip-spltAC-SEER-BA-rDXGF-NoLRM-7.5%UC-AOE,55.47,103.35,284939.28,530939.75,284939.28,20830.61,27828.87,14740.46,0.0,73945.06,0.0,4361.16,0.0,0.0,0.0,0.0,143233.11,0.0,0.0,0.0,27828.87,20830.61,0.0,59678.04,14267.02,0.0,0.0,2283.19,173515827.06201094
runs/CZ10/MFm&0&rDXGF&Ex&dxAC_equip/RB-dxAC_equip-spltAC-SEER-BA-rDXGF-NoLRM-22.5%UC-AOE/instance-out.sql,CZ10,MFm,0,rDXGF,Ex,dxAC_equip,,RB-dxAC_equip-spltAC-SEER-BA-rDXGF-NoLRM-22.5%UC-AOE,MFm&0&rDXGF&Ex&dxAC_equip,RB-dxAC_equip-spltAC-SEER-BA-rDXGF-NoLRM-22.5%UC-AOE,56.65,107.09,291001.33,550138.25,291001.33,20830.61,33890.91,14740.46,0.0,73945.06,0.0,4361.16,0.0,0.0,0.0,0.0,143233.11,0.0,0.0,0.0,33890.91,20830.61,0.0,59678.04,14267.02,0.0,0.0,2283.19,198297081.14457226
runs/CZ10/MFm&0&rDXGF&Ex&dxAC_equip/RB-dxAC_equip-spltAC-SEER-BA-rDXGF-NoLRM-40%UC-AOE/instance-out.sql,CZ10,MFm,0,rDXGF,Ex,dxAC_equip,,RB-dxAC_equip-spltAC-SEER-BA-rDXGF-NoLRM-40%UC-AOE,MFm&0&rDXGF&Ex&dxAC_equip,RB-dxAC_equip-spltAC-SEER-BA-rDXGF-NoLRM-40%UC-AOE,58.02,111.45,298073.71,572536.5,298073.71,20830.61,40963.3,14740.46,0.0,73945.06,0.0,4361.16,0.0,0.0,0.0,0.0,143233.11,0.0,0.0,0.0,40963.3,20830.61,0.0,59678.04,14267.02,0.0,0.0,2283.19,227208544.1527167
runs/CZ10/MFm&0&rDXGF&Ex&dxAC_equip/RB-dxAC_equip-spltAC-SEER-BA-rDXGF-NoLRM-30%UC-AOE/instance-out.sql,CZ10,MFm,0,rDXGF,Ex,dxAC_equip,,RB-dxAC_equip-spltAC-SEER-BA-rDXGF-NoLRM-30%UC-AOE,MFm&0&rDXGF&Ex&dxAC_equip,RB-dxAC_equip-spltAC-SEER-BA-rDXGF-NoLRM-30%UC-AOE,57.24,108.96,294032.35,559737.5,294032.35,20830.61,36921.94,14740.46,0.0,73945.06,0.0,4361.16,0.0,0.0,0.0,0.0,143233.11,0.0,0.0,0.0,36921.94,20830.61,0.0,59678.04,14267.02,0.0,0.0,2283.19,210687708.1078266
runs/CZ10/MFm&0&rDXHP&Ex&dxHP_equip/RB-dxHP_equip-spltHP-SEER-BA-rDXHP-LRM-LSC-NC/instance-out.sql,CZ10,MFm,0,rDXHP,Ex,dxHP_equip,,RB-dxHP_equip-spltHP-SEER-BA-rDXHP-LRM-LSC-NC,MFm&0&rDXHP&Ex&dxHP_equip,RB-dxHP_equip-spltHP-SEER-BA-rDXHP-LRM-LSC-NC,51.72,99.94,265699.6,513418.88,265699.61,8659.53,20440.84,14740.46,0.0,73945.06,0.0,4690.68,0.0,0.0,0.0,0.0,143223.02,0.0,0.0,8659.53,20440.84,0.0,0.0,59678.04,14267.02,0.0,0.0,2283.19,143314995.82259977
runs/CZ10/MFm&0&rDXHP&Ex&dxHP_equip/RB-dxHP_equip-spltHP-SEER-BA-rDXHP-LRM-LSC-AOE/instance-out.sql,CZ10,MFm,0,rDXHP,Ex,dxHP_equip,,RB-dxHP_equip-spltHP-SEER-BA-rDXHP-LRM-LSC-AOE,MFm&0&rDXHP&Ex&dxHP_equip,RB-dxHP_equip-spltHP-SEER-BA-rDXHP-LRM-LSC-AOE,52.53,102.5,269844.07,526544.41,269844.07999999996,10589.05,22655.8,14740.46,0.0,73945.06,0.0,4690.68,0.0,0.0,0.0,0.0,143223.02,0.0,0.0,10589.05,22655.8,0.0,0.0,59678.04,14267.02,0.0,0.0,2283.19,152369676.07653382
runs/CZ10/MFm&0&rDXHP&Ex&dxHP_equip/RB-dxHP_equip-spltHP-SEER-BA-rDXHP-LRM-LSC-NR/instance-out.sql,CZ10,MFm,0,rDXHP,Ex,dxHP_equip,,RB-dxHP_equip-spltHP-SEER-BA-rDXHP-LRM-LSC-NR,MFm&0&rDXHP&Ex&dxHP_equip,RB-dxHP_equip-spltHP-SEER-BA-rDXHP-LRM-LSC-NR,51.72,99.94,265699.6,513418.88,265699.61,8659.53,20440.84,14740.46,0.0,73945.06,0.0,4690.68,0.0,0.0,0.0,0.0,143223.02,0.0,0.0,8659.53,20440.84,0.0,0.0,59678.04,14267.02,0.0,0.0,2283.19,143314995.82259977
runs/CZ10/MFm&0&rDXHP&Ex&dxHP_equip/RB-dxHP_equip-spltHP-SEER-BA-rDXHP-NoLRM-0%UC-NC/instance-out.sql,CZ10,MFm,0,rDXHP,Ex,dxHP_equip,,RB-dxHP_equip-spltHP-SEER-BA-rDXHP-NoLRM-0%UC-NC,MFm&0&rDXHP&Ex&dxHP_equip,RB-dxHP_equip-spltHP-SEER-BA-rDXHP-NoLRM-0%UC-NC,52.15,101.31,267926.0,520469.89,267926.01,8953.42,22373.35,14740.46,0.0,73945.06,0.0,4690.68,0.0,0.0,0.0,0.0,143223.02,0.0,0.0,8953.42,22373.35,0.0,0.0,59678.04,14267.02,0.0,0.0,2283.19,151215041.9178696
runs/CZ10/MFm&0&rDXHP&Ex&dxHP_equip/RB-dxHP_equip-spltHP-SEER-BA-rDXHP-NoLRM-0%UC-AOE/instance-out.sql,CZ10,MFm,0,rDXHP,Ex,dxHP_equip,,RB-dxHP_equip-spltHP-SEER-BA-rDXHP-NoLRM-0%UC-AOE,MFm&0&rDXHP&Ex&dxHP_equip,RB-dxHP_equip-spltHP-SEER-BA-rDXHP-NoLRM-0%UC-AOE,53.02,104.05,272355.86,534499.24,272355.86,10958.92,24797.71,14740.46,0.0,73945.06,0.0,4690.68,0.0,0.0,0.0,0.0,143223.02,0.0,0.0,10958.92,24797.71,0.0,0.0,59678.04,14267.02,0.0,0.0,2283.19,161125764.33811662
runs/CZ10/MFm&0&rDXHP&Ex&dxHP_equip/RB-dxHP_equip-spltHP-SEER-BA-rDXHP-NoLRM-0%UC-NR/instance-out.sql,CZ10,MFm,0,rDXHP,Ex,dxHP_equip,,RB-dxHP_equip-spltHP-SEER-BA-rDXHP-NoLRM-0%UC-NR,MFm&0&rDXHP&Ex&dxHP_equip,RB-dxHP_equip-spltHP-SEER-BA-rDXHP-NoLRM-0%UC-NR,52.15,101.31,267926.0,520469.89,267926.01,8953.42,22373.35,14740.46,0.0,73945.06,0.0,4690.68,0.0,0.0,0.0,0.0,143223.02,0.0,0.0,8953.42,22373.35,0.0,0.0,59678.04,14267.02,0.0,0.0,2283.19,151215041.9178696
runs/CZ10/MFm&0&rDXHP&Ex&dxHP_equip/RB-dxHP_equip-spltHP-SEER-BA-rDXHP-NoLRM-15%UC-AOE/instance-out.sql,CZ10,MFm,0,rDXHP,Ex,dxHP_equip,,RB-dxHP_equip-spltHP-SEER-BA-rDXHP-NoLRM-15%UC-AOE,MFm&0&rDXHP&Ex&dxHP_equip,RB-dxHP_equip-spltHP-SEER-BA-rDXHP-NoLRM-15%UC-AOE,54.4,108.43,279464.69,557012.91,279464.69,12005.74,30859.72,14740.46,0.0,73945.06,0.0,4690.68,0.0,0.0,0.0,0.0,143223.02,0.0,0.0,12005.74,30859.72,0.0,0.0,59678.04,14267.02,0.0,0.0,2283.19,185907146.18155134
runs/CZ10/MFm&0&rDXHP&Ex&dxHP_equip/RB-dxHP_equip-spltHP-SEER-BA-rDXHP-NoLRM-22.5%UC-AOE/instance-out.sql,CZ10,MFm,0,rDXHP,Ex,dxHP_equip,,RB-dxHP_equip-spltHP-SEER-BA-rDXHP-NoLRM-22.5%UC-AOE,MFm&0&rDXHP&Ex&dxHP_equip,RB-dxHP_equip-spltHP-SEER-BA-rDXHP-NoLRM-22.5%UC-AOE,55.09,110.62,283019.11,568269.75,283019.11,12529.15,33890.72,14740.46,0.0,73945.06,0.0,4690.68,0.0,0.0,0.0,0.0,143223.02,0.0,0.0,12529.15,33890.72,0.0,0.0,59678.04,14267.02,0.0,0.0,2283.19,198297837.1323764
runs/CZ10/MFm&0&rDXHP&Ex&dxHP_equip/RB-dxHP_equip-spltHP-SEER-BA-rDXHP-NoLRM-7.5%UC-AOE/instance-out.sql,CZ10,MFm,0,rDXHP,Ex,dxHP_equip,,RB-dxHP_equip-spltHP-SEER-BA-rDXHP-NoLRM-7.5%UC-AOE,MFm&0&rDXHP&Ex&dxHP_equip,RB-dxHP_equip-spltHP-SEER-BA-rDXHP-NoLRM-7.5%UC-AOE,53.71,106.24,275910.27,545756.07,275910.27999999997,11482.33,27828.71,14740.46,0.0,73945.06,0.0,4690.68,0.0,0.0,0.0,0.0,143223.02,0.0,0.0,11482.33,27828.71,0.0,0.0,59678.04,14267.02,0.0,0.0,2283.19,173516455.23946032
runs/CZ10/MFm&0&rDXHP&Ex&dxHP_equip/RB-dxHP_equip-spltHP-SEER-BA-rDXHP-NoLRM-30%UC-AOE/instance-out.sql,CZ10,MFm,0,rDXHP,Ex,dxHP_equip,,RB-dxHP_equip-spltHP-SEER-BA-rDXHP-NoLRM-30%UC-AOE,MFm&0&rDXHP&Ex&dxHP_equip,RB-dxHP_equip-spltHP-SEER-BA-rDXHP-NoLRM-30%UC-AOE,55.78,112.81,286573.52,579526.58,286573.52999999997,13052.56,36921.73,14740.46,0.0,73945.06,0.0,4690.68,0.0,0.0,0.0,0.0,143223.02,0.0,0.0,13052.56,36921.73,0.0,0.0,59678.04,14267.02,0.0,0.0,2283.19,210688528.00080776
runs/CZ11/MFm&0&rDXGF&Ex&dxAC_equip/RB-dxAC_equip-spltAC-SEER-BA-rDXGF-NoLRM-7.5%UC-AOE/instance-out.sql,CZ11,MFm,0,rDXGF,Ex,dxAC_equip,,RB-dxAC_equip-spltAC-SEER-BA-rDXGF-NoLRM-7.5%UC-AOE,MFm&0&rDXGF&Ex&dxAC_equip,RB-dxAC_equip-spltAC-SEER-BA-rDXGF-NoLRM-7.5%UC-AOE,61.4,114.82,315404.03,589866.59,315404.02999999997,37207.26,38760.49,14740.46,0.0,73945.06,0.0,5865.0,0.0,0.0,0.0,0.0,144885.76,0.0,0.0,0.0,38760.49,37207.26,0.0,59678.04,14267.02,0.0,0.0,2283.19,201400906.29563314
runs/CZ10/MFm&0&rDXHP&Ex&dxHP_equip/RB-dxHP_equip-spltHP-SEER-BA-rDXHP-NoLRM-40%UC-AOE/instance-out.sql,CZ10,MFm,0,rDXHP,Ex,dxHP_equip,,RB-dxHP_equip-spltHP-SEER-BA-rDXHP-NoLRM-40%UC-AOE,MFm&0&rDXHP&Ex&dxHP_equip,RB-dxHP_equip-spltHP-SEER-BA-rDXHP-NoLRM-40%UC-AOE,56.71,115.73,291312.74,594535.7,291312.75,13750.44,40963.07,14740.46,0.0,73945.06,0.0,4690.68,0.0,0.0,0.0,0.0,143223.02,0.0,0.0,13750.44,40963.07,0.0,0.0,59678.04,14267.02,0.0,0.0,2283.19,227209449.25260097
runs/CZ11/MFm&0&rDXGF&Ex&dxAC_equip/RB-dxAC_equip-spltAC-SEER-BA-rDXGF-LRM-LSC-NR/instance-out.sql,CZ11,MFm,0,rDXGF,Ex,dxAC_equip,,RB-dxAC_equip-spltAC-SEER-BA-rDXGF-LRM-LSC-NR,MFm&0&rDXGF&Ex&dxAC_equip,RB-dxAC_equip-spltAC-SEER-BA-rDXGF-LRM-LSC-NR,59.39,108.48,305114.04,557278.17,305114.04,37207.26,28470.49,14740.46,0.0,73945.06,0.0,5865.0,0.0,0.0,0.0,0.0,144885.76,0.0,0.0,0.0,28470.49,37207.26,0.0,59678.04,14267.02,0.0,0.0,2283.19,164471870.08122593
runs/CZ11/MFm&0&rDXGF&Ex&dxAC_equip/RB-dxAC_equip-spltAC-SEER-BA-rDXGF-NoLRM-0%UC-AOE/instance-out.sql,CZ11,MFm,0,rDXGF,Ex,dxAC_equip,,RB-dxAC_equip-spltAC-SEER-BA-rDXGF-NoLRM-0%UC-AOE,MFm&0&rDXGF&Ex&dxAC_equip,RB-dxAC_equip-spltAC-SEER-BA-rDXGF-NoLRM-0%UC-AOE,60.57,112.22,311182.38,576496.61,311182.38,37207.26,34538.83,14740.46,0.0,73945.06,0.0,5865.0,0.0,0.0,0.0,0.0,144885.76,0.0,0.0,0.0,34538.83,37207.26,0.0,59678.04,14267.02,0.0,0.0,2283.19,186250106.23986506
runs/CZ11/MFm&0&rDXGF&Ex&dxAC_equip/RB-dxAC_equip-spltAC-SEER-BA-rDXGF-LRM-LSC-AOE/instance-out.sql,CZ11,MFm,0,rDXGF,Ex,dxAC_equip,,RB-dxAC_equip-spltAC-SEER-BA-rDXGF-LRM-LSC-AOE,MFm&0&rDXGF&Ex&dxAC_equip,RB-dxAC_equip-spltAC-SEER-BA-rDXGF-LRM-LSC-AOE,59.99,110.38,308199.07,567048.48,308199.07,37207.26,31555.53,14740.46,0.0,73945.06,0.0,5865.0,0.0,0.0,0.0,0.0,144885.76,0.0,0.0,0.0,31555.53,37207.26,0.0,59678.04,14267.02,0.0,0.0,2283.19,175543540.83700186
runs/CZ11/MFm&0&rDXGF&Ex&dxAC_equip/RB-dxAC_equip-spltAC-SEER-BA-rDXGF-NoLRM-22.5%UC-AOE/instance-out.sql,CZ11,MFm,0,rDXGF,Ex,dxAC_equip,,RB-dxAC_equip-spltAC-SEER-BA-rDXGF-NoLRM-22.5%UC-AOE,MFm&0&rDXGF&Ex&dxAC_equip,RB-dxAC_equip-spltAC-SEER-BA-rDXGF-NoLRM-22.5%UC-AOE,63.04,120.03,323847.34,616606.56,323847.35,37207.26,47203.8,14740.46,0.0,73945.06,0.0,5865.0,0.0,0.0,0.0,0.0,144885.76,0.0,0.0,0.0,47203.8,37207.26,0.0,59678.04,14267.02,0.0,0.0,2283.19,231702506.517497
runs/CZ11/MFm&0&rDXGF&Ex&dxAC_equip/RB-dxAC_equip-spltAC-SEER-BA-rDXGF-NoLRM-0%UC-NR/instance-out.sql,CZ11,MFm,0,rDXGF,Ex,dxAC_equip,,RB-dxAC_equip-spltAC-SEER-BA-rDXGF-NoLRM-0%UC-NR,MFm&0&rDXGF&Ex&dxAC_equip,RB-dxAC_equip-spltAC-SEER-BA-rDXGF-NoLRM-0%UC-NR,59.92,110.14,307805.68,565802.59,307805.68,37207.26,31162.13,14740.46,0.0,73945.06,0.0,5865.0,0.0,0.0,0.0,0.0,144885.76,0.0,0.0,0.0,31162.13,37207.26,0.0,59678.04,14267.02,0.0,0.0,2283.19,174131704.20781237
runs/CZ11/MFm&0&rDXGF&Ex&dxAC_equip/RB-dxAC_equip-spltAC-SEER-BA-rDXGF-NoLRM-40%UC-AOE/instance-out.sql,CZ11,MFm,0,rDXGF,Ex,dxAC_equip,,RB-dxAC_equip-spltAC-SEER-BA-rDXGF-NoLRM-40%UC-AOE,MFm&0&rDXGF&Ex&dxAC_equip,RB-dxAC_equip-spltAC-SEER-BA-rDXGF-NoLRM-40%UC-AOE,64.96,126.1,333697.88,647803.19,333697.88,37207.26,57054.33,14740.46,0.0,73945.06,0.0,5865.0,0.0,0.0,0.0,0.0,144885.76,0.0,0.0,0.0,57054.33,37207.26,0.0,59678.04,14267.02,0.0,0.0,2283.19,267054373.33518514
runs/CZ11/MFm&0&rDXHP&Ex&dxHP_equip/RB-dxHP_equip-spltHP-SEER-BA-rDXHP-LRM-LSC-NC/instance-out.sql,CZ11,MFm,0,rDXHP,Ex,dxHP_equip,,RB-dxHP_equip-spltHP-SEER-BA-rDXHP-LRM-LSC-NC,MFm&0&rDXHP&Ex&dxHP_equip,RB-dxHP_equip-spltHP-SEER-BA-rDXHP-LRM-LSC-NC,55.29,110.58,284035.88,568066.91,284035.89,15548.48,28470.9,14740.46,0.0,73945.06,0.0,6464.66,0.0,0.0,0.0,0.0,144866.31,0.0,0.0,15548.48,28470.9,0.0,0.0,59678.04,14267.02,0.0,0.0,2283.19,164471746.36888066
runs/CZ11/MFm&0&rDXHP&Ex&dxHP_equip/RB-dxHP_equip-spltHP-SEER-BA-rDXHP-LRM-LSC-AOE/instance-out.sql,CZ11,MFm,0,rDXHP,Ex,dxHP_equip,,RB-dxHP_equip-spltHP-SEER-BA-rDXHP-LRM-LSC-AOE,MFm&0&rDXHP&Ex&dxHP_equip,RB-dxHP_equip-spltHP-SEER-BA-rDXHP-LRM-LSC-AOE,56.53,114.51,290415.67,588271.7,290415.68,18843.19,31555.98,14740.46,0.0,73945.06,0.0,6464.66,0.0,0.0,0.0,0.0,144866.31,0.0,0.0,18843.19,31555.98,0.0,0.0,59678.04,14267.02,0.0,0.0,2283.19,175543406.34937993
runs/CZ11/MFm&0&rDXGF&Ex&dxAC_equip/RB-dxAC_equip-spltAC-SEER-BA-rDXGF-NoLRM-30%UC-AOE/instance-out.sql,CZ11,MFm,0,rDXGF,Ex,dxAC_equip,,RB-dxAC_equip-spltAC-SEER-BA-rDXGF-NoLRM-30%UC-AOE,MFm&0&rDXGF&Ex&dxAC_equip,RB-dxAC_equip-spltAC-SEER-BA-rDXGF-NoLRM-30%UC-AOE,63.86,122.63,328069.0,629976.55,328069.0,37207.26,51425.45,14740.46,0.0,73945.06,0.0,5865.0,0.0,0.0,0.0,0.0,144885.76,0.0,0.0,0.0,51425.45,37207.26,0.0,59678.04,14267.02,0.0,0.0,2283.19,246853306.53302124
runs/CZ11/MFm&0&rDXGF&Ex&dxAC_equip/RB-dxAC_equip-spltAC-SEER-BA-rDXGF-NoLRM-15%UC-AOE/instance-out.sql,CZ11,MFm,0,rDXGF,Ex,dxAC_equip,,RB-dxAC_equip-spltAC-SEER-BA-rDXGF-NoLRM-15%UC-AOE,MFm&0&rDXGF&Ex&dxAC_equip,RB-dxAC_equip-spltAC-SEER-BA-rDXGF-NoLRM-15%UC-AOE,62.22,117.43,319625.69,603236.58,319625.69,37207.26,42982.14,14740.46,0.0,73945.06,0.0,5865.0,0.0,0.0,0.0,0.0,144885.76,0.0,0.0,0.0,42982.14,37207.26,0.0,59678.04,14267.02,0.0,0.0,2283.19,216551706.40122527
runs/CZ11/MFm&0&rDXHP&Ex&dxHP_equip/RB-dxHP_equip-spltHP-SEER-BA-rDXHP-LRM-LSC-NR/instance-out.sql,CZ11,MFm,0,rDXHP,Ex,dxHP_equip,,RB-dxHP_equip-spltHP-SEER-BA-rDXHP-LRM-LSC-NR,MFm&0&rDXHP&Ex&dxHP_equip,RB-dxHP_equip-spltHP-SEER-BA-rDXHP-LRM-LSC-NR,55.29,110.58,284035.88,568066.91,284035.89,15548.48,28470.9,14740.46,0.0,73945.06,0.0,6464.66,0.0,0.0,0.0,0.0,144866.31,0.0,0.0,15548.48,28470.9,0.0,0.0,59678.04,14267.02,0.0,0.0,2283.19,164471746.36888066
runs/CZ11/MFm&0&rDXHP&Ex&dxHP_equip/RB-dxHP_equip-spltHP-SEER-BA-rDXHP-NoLRM-0%UC-NC/instance-out.sql,CZ11,MFm,0,rDXHP,Ex,dxHP_equip,,RB-dxHP_equip-spltHP-SEER-BA-rDXHP-NoLRM-0%UC-NC,MFm&0&rDXHP&Ex&dxHP_equip,RB-dxHP_equip-spltHP-SEER-BA-rDXHP-NoLRM-0%UC-NC,55.91,112.55,287229.4,578180.76,287229.4,16050.32,31162.58,14740.46,0.0,73945.06,0.0,6464.66,0.0,0.0,0.0,0.0,144866.31,0.0,0.0,16050.32,31162.58,0.0,0.0,59678.04,14267.02,0.0,0.0,2283.19,174131571.09423152
runs/CZ11/MFm&0&rDXHP&Ex&dxHP_equip/RB-dxHP_equip-spltHP-SEER-BA-rDXHP-NoLRM-0%UC-AOE/instance-out.sql,CZ11,MFm,0,rDXHP,Ex,dxHP_equip,,RB-dxHP_equip-spltHP-SEER-BA-rDXHP-NoLRM-0%UC-AOE,MFm&0&rDXHP&Ex&dxHP_equip,RB-dxHP_equip-spltHP-SEER-BA-rDXHP-NoLRM-0%UC-AOE,57.24,116.74,294030.6,599720.16,294030.6,19474.77,34539.33,14740.46,0.0,73945.06,0.0,6464.66,0.0,0.0,0.0,0.0,144866.31,0.0,0.0,19474.77,34539.33,0.0,0.0,59678.04,14267.02,0.0,0.0,2283.19,186249961.3322978
runs/CZ11/MFm&0&rDXHP&Ex&dxHP_equip/RB-dxHP_equip-spltHP-SEER-BA-rDXHP-NoLRM-0%UC-NR/instance-out.sql,CZ11,MFm,0,rDXHP,Ex,dxHP_equip,,RB-dxHP_equip-spltHP-SEER-BA-rDXHP-NoLRM-0%UC-NR,MFm&0&rDXHP&Ex&dxHP_equip,RB-dxHP_equip-spltHP-SEER-BA-rDXHP-NoLRM-0%UC-NR,55.91,112.55,287229.4,578180.76,287229.4,16050.32,31162.58,14740.46,0.0,73945.06,0.0,6464.66,0.0,0.0,0.0,0.0,144866.31,0.0,0.0,16050.32,31162.58,0.0,0.0,59678.04,14267.02,0.0,0.0,2283.19,174131571.09423152
runs/CZ11/MFm&0&rDXHP&Ex&dxHP_equip/RB-dxHP_equip-spltHP-SEER-BA-rDXHP-NoLRM-15%UC-AOE/instance-out.sql,CZ11,MFm,0,rDXHP,Ex,dxHP_equip,,RB-dxHP_equip-spltHP-SEER-BA-rDXHP-NoLRM-15%UC-AOE,MFm&0&rDXHP&Ex&dxHP_equip,RB-dxHP_equip-spltHP-SEER-BA-rDXHP-NoLRM-15%UC-AOE,59.23,123.05,304261.51,632121.46,304261.51,21262.25,42982.76,14740.46,0.0,73945.06,0.0,6464.66,0.0,0.0,0.0,0.0,144866.31,0.0,0.0,21262.25,42982.76,0.0,0.0,59678.04,14267.02,0.0,0.0,2283.19,216551532.00324655
runs/CZ11/MFm&0&rDXHP&Ex&dxHP_equip/RB-dxHP_equip-spltHP-SEER-BA-rDXHP-NoLRM-22.5%UC-AOE/instance-out.sql,CZ11,MFm,0,rDXHP,Ex,dxHP_equip,,RB-dxHP_equip-spltHP-SEER-BA-rDXHP-NoLRM-22.5%UC-AOE,MFm&0&rDXHP&Ex&dxHP_equip,RB-dxHP_equip-spltHP-SEER-BA-rDXHP-NoLRM-22.5%UC-AOE,60.22,126.2,309376.96,648322.11,309376.97,22155.99,47204.48,14740.46,0.0,73945.06,0.0,6464.66,0.0,0.0,0.0,0.0,144866.31,0.0,0.0,22155.99,47204.48,0.0,0.0,59678.04,14267.02,0.0,0.0,2283.19,231702317.3743125
runs/CZ11/MFm&0&rDXHP&Ex&dxHP_equip/RB-dxHP_equip-spltHP-SEER-BA-rDXHP-NoLRM-30%UC-AOE/instance-out.sql,CZ11,MFm,0,rDXHP,Ex,dxHP_equip,,RB-dxHP_equip-spltHP-SEER-BA-rDXHP-NoLRM-30%UC-AOE,MFm&0&rDXHP&Ex&dxHP_equip,RB-dxHP_equip-spltHP-SEER-BA-rDXHP-NoLRM-30%UC-AOE,61.22,129.36,314492.42,664522.76,314492.42,23049.72,51426.2,14740.46,0.0,73945.06,0.0,6464.66,0.0,0.0,0.0,0.0,144866.31,0.0,0.0,23049.72,51426.2,0.0,0.0,59678.04,14267.02,0.0,0.0,2283.19,246853102.64463112
runs/CZ11/MFm&0&rDXHP&Ex&dxHP_equip/RB-dxHP_equip-spltHP-SEER-BA-rDXHP-NoLRM-40%UC-AOE/instance-out.sql,CZ11,MFm,0,rDXHP,Ex,dxHP_equip,,RB-dxHP_equip-spltHP-SEER-BA-rDXHP-NoLRM-40%UC-AOE,MFm&0&rDXHP&Ex&dxHP_equip,RB-dxHP_equip-spltHP-SEER-BA-rDXHP-NoLRM-40%UC-AOE,62.55,133.56,321313.03,686123.62,321313.03,24241.38,57055.15,14740.46,0.0,73945.06,0.0,6464.66,0.0,0.0,0.0,0.0,144866.31,0.0,0.0,24241.38,57055.15,0.0,0.0,59678.04,14267.02,0.0,0.0,2283.19,267054149.7865207
runs/CZ12/MFm&0&rDXGF&Ex&dxAC_equip/RB-dxAC_equip-spltAC-SEER-BA-rDXGF-LRM-LSC-AOE/instance-out.sql,CZ12,MFm,0,rDXGF,Ex,dxAC_equip,,RB-dxAC_equip-spltAC-SEER-BA-rDXGF-LRM-LSC-AOE,MFm&0&rDXGF&Ex&dxAC_equip,RB-dxAC_equip-spltAC-SEER-BA-rDXGF-LRM-LSC-AOE,55.89,97.61,287105.74,501420.21,287105.73,36618.7,13958.05,14740.46,0.0,73945.06,0.0,2932.9,0.0,0.0,0.0,0.0,144910.56,0.0,0.0,0.0,13958.05,36618.7,0.0,59678.04,14267.02,0.0,0.0,2283.19,123835858.14481385
runs/CZ11/MFm&0&rDXHP&Ex&dxHP_equip/RB-dxHP_equip-spltHP-SEER-BA-rDXHP-NoLRM-7.5%UC-AOE/instance-out.sql,CZ11,MFm,0,rDXHP,Ex,dxHP_equip,,RB-dxHP_equip-spltHP-SEER-BA-rDXHP-NoLRM-7.5%UC-AOE,MFm&0&rDXHP&Ex&dxHP_equip,RB-dxHP_equip-spltHP-SEER-BA-rDXHP-NoLRM-7.5%UC-AOE,58.23,119.9,299146.05,615920.81,299146.06,20368.51,38761.04,14740.46,0.0,73945.06,0.0,6464.66,0.0,0.0,0.0,0.0,144866.31,0.0,0.0,20368.51,38761.04,0.0,0.0,59678.04,14267.02,0.0,0.0,2283.19,201400746.6428601
runs/CZ12/MFm&0&rDXGF&Ex&dxAC_equip/RB-dxAC_equip-spltAC-SEER-BA-rDXGF-LRM-LSC-NR/instance-out.sql,CZ12,MFm,0,rDXGF,Ex,dxAC_equip,,RB-dxAC_equip-spltAC-SEER-BA-rDXGF-LRM-LSC-NR,MFm&0&rDXGF&Ex&dxAC_equip,RB-dxAC_equip-spltAC-SEER-BA-rDXGF-LRM-LSC-NR,55.62,96.77,285741.12,497098.48,285741.12,36618.7,12593.44,14740.46,0.0,73945.06,0.0,2932.9,0.0,0.0,0.0,0.0,144910.56,0.0,0.0,0.0,12593.44,36618.7,0.0,59678.04,14267.02,0.0,0.0,2283.19,117184227.6747146
runs/CZ12/MFm&0&rDXGF&Ex&dxAC_equip/RB-dxAC_equip-spltAC-SEER-BA-rDXGF-NoLRM-15%UC-AOE/instance-out.sql,CZ12,MFm,0,rDXGF,Ex,dxAC_equip,,RB-dxAC_equip-spltAC-SEER-BA-rDXGF-NoLRM-15%UC-AOE,MFm&0&rDXGF&Ex&dxAC_equip,RB-dxAC_equip-spltAC-SEER-BA-rDXGF-NoLRM-15%UC-AOE,56.87,100.72,292160.11,517427.39,292160.1,36618.7,19012.42,14740.46,0.0,73945.06,0.0,2932.9,0.0,0.0,0.0,0.0,144910.56,0.0,0.0,0.0,19012.42,36618.7,0.0,59678.04,14267.02,0.0,0.0,2283.19,148472714.64161342
runs/CZ12/MFm&0&rDXGF&Ex&dxAC_equip/RB-dxAC_equip-spltAC-SEER-BA-rDXGF-NoLRM-0%UC-NR/instance-out.sql,CZ12,MFm,0,rDXGF,Ex,dxAC_equip,,RB-dxAC_equip-spltAC-SEER-BA-rDXGF-NoLRM-0%UC-NR,MFm&0&rDXGF&Ex&dxAC_equip,RB-dxAC_equip-spltAC-SEER-BA-rDXGF-NoLRM-0%UC-NR,55.85,97.5,286931.72,500869.11,286931.72,36618.7,13784.04,14740.46,0.0,73945.06,0.0,2932.9,0.0,0.0,0.0,0.0,144910.56,0.0,0.0,0.0,13784.04,36618.7,0.0,59678.04,14267.02,0.0,0.0,2283.19,122987655.94040675
runs/CZ12/MFm&0&rDXGF&Ex&dxAC_equip/RB-dxAC_equip-spltAC-SEER-BA-rDXGF-NoLRM-22.5%UC-AOE/instance-out.sql,CZ12,MFm,0,rDXGF,Ex,dxAC_equip,,RB-dxAC_equip-spltAC-SEER-BA-rDXGF-NoLRM-22.5%UC-AOE,MFm&0&rDXGF&Ex&dxAC_equip,RB-dxAC_equip-spltAC-SEER-BA-rDXGF-NoLRM-22.5%UC-AOE,57.24,101.87,294027.48,523341.38,294027.48,36618.7,20879.8,14740.46,0.0,73945.06,0.0,2932.9,0.0,0.0,0.0,0.0,144910.56,0.0,0.0,0.0,20879.8,36618.7,0.0,59678.04,14267.02,0.0,0.0,2283.19,157575001.54327208
runs/CZ12/MFm&0&rDXGF&Ex&dxAC_equip/RB-dxAC_equip-spltAC-SEER-BA-rDXGF-NoLRM-30%UC-AOE/instance-out.sql,CZ12,MFm,0,rDXGF,Ex,dxAC_equip,,RB-dxAC_equip-spltAC-SEER-BA-rDXGF-NoLRM-30%UC-AOE,MFm&0&rDXGF&Ex&dxAC_equip,RB-dxAC_equip-spltAC-SEER-BA-rDXGF-NoLRM-30%UC-AOE,57.6,103.02,295894.86,529255.37,295894.86,36618.7,22747.18,14740.46,0.0,73945.06,0.0,2932.9,0.0,0.0,0.0,0.0,144910.56,0.0,0.0,0.0,22747.18,36618.7,0.0,59678.04,14267.02,0.0,0.0,2283.19,166677288.38440377
runs/CZ12/MFm&0&rDXGF&Ex&dxAC_equip/RB-dxAC_equip-spltAC-SEER-BA-rDXGF-NoLRM-0%UC-AOE/instance-out.sql,CZ12,MFm,0,rDXGF,Ex,dxAC_equip,,RB-dxAC_equip-spltAC-SEER-BA-rDXGF-NoLRM-0%UC-AOE,MFm&0&rDXGF&Ex&dxAC_equip,RB-dxAC_equip-spltAC-SEER-BA-rDXGF-NoLRM-0%UC-AOE,56.14,98.42,288425.35,505599.42,288425.35,36618.7,15277.66,14740.46,0.0,73945.06,0.0,2932.9,0.0,0.0,0.0,0.0,144910.56,0.0,0.0,0.0,15277.66,36618.7,0.0,59678.04,14267.02,0.0,0.0,2283.19,130268140.88106154
runs/CZ12/MFm&0&rDXHP&Ex&dxHP_equip/RB-dxHP_equip-spltHP-SEER-BA-rDXHP-LRM-LSC-AOE/instance-out.sql,CZ12,MFm,0,rDXHP,Ex,dxHP_equip,,RB-dxHP_equip-spltHP-SEER-BA-rDXHP-LRM-LSC-AOE,MFm&0&rDXHP&Ex&dxHP_equip,RB-dxHP_equip-spltHP-SEER-BA-rDXHP-LRM-LSC-AOE,52.55,101.89,269961.07,523433.02,269961.07,18997.5,13957.95,14740.46,0.0,73945.06,0.0,3425.49,0.0,0.0,0.0,0.0,144894.6,0.0,0.0,18997.5,13957.95,0.0,0.0,59678.04,14267.02,0.0,0.0,2283.19,123835840.15701488
runs/CZ12/MFm&0&rDXGF&Ex&dxAC_equip/RB-dxAC_equip-spltAC-SEER-BA-rDXGF-NoLRM-7.5%UC-AOE/instance-out.sql,CZ12,MFm,0,rDXGF,Ex,dxAC_equip,,RB-dxAC_equip-spltAC-SEER-BA-rDXGF-NoLRM-7.5%UC-AOE,MFm&0&rDXGF&Ex&dxAC_equip,RB-dxAC_equip-spltAC-SEER-BA-rDXGF-NoLRM-7.5%UC-AOE,56.51,99.57,290292.73,511513.41,290292.72,36618.7,17145.04,14740.46,0.0,73945.06,0.0,2932.9,0.0,0.0,0.0,0.0,144910.56,0.0,0.0,0.0,17145.04,36618.7,0.0,59678.04,14267.02,0.0,0.0,2283.19,139370427.74637082
runs/CZ12/MFm&0&rDXHP&Ex&dxHP_equip/RB-dxHP_equip-spltHP-SEER-BA-rDXHP-NoLRM-0%UC-NR/instance-out.sql,CZ12,MFm,0,rDXHP,Ex,dxHP_equip,,RB-dxHP_equip-spltHP-SEER-BA-rDXHP-NoLRM-0%UC-NR,MFm&0&rDXHP&Ex&dxHP_equip,RB-dxHP_equip-spltHP-SEER-BA-rDXHP-NoLRM-0%UC-NR,51.96,100.04,266950.41,513898.28,266950.41000000003,16160.86,13783.94,14740.46,0.0,73945.06,0.0,3425.49,0.0,0.0,0.0,0.0,144894.6,0.0,0.0,16160.86,13783.94,0.0,0.0,59678.04,14267.02,0.0,0.0,2283.19,122987638.19022141
runs/CZ12/MFm&0&rDXGF&Ex&dxAC_equip/RB-dxAC_equip-spltAC-SEER-BA-rDXGF-NoLRM-40%UC-AOE/instance-out.sql,CZ12,MFm,0,rDXGF,Ex,dxAC_equip,,RB-dxAC_equip-spltAC-SEER-BA-rDXGF-NoLRM-40%UC-AOE,MFm&0&rDXGF&Ex&dxAC_equip,RB-dxAC_equip-spltAC-SEER-BA-rDXGF-NoLRM-40%UC-AOE,58.08,104.56,298384.7,537140.68,298384.69,36618.7,25237.01,14740.46,0.0,73945.06,0.0,2932.9,0.0,0.0,0.0,0.0,144910.56,0.0,0.0,0.0,25237.01,36618.7,0.0,59678.04,14267.02,0.0,0.0,2283.19,178813670.90821433
runs/CZ12/MFm&0&rDXHP&Ex&dxHP_equip/RB-dxHP_equip-spltHP-SEER-BA-rDXHP-NoLRM-0%UC-NC/instance-out.sql,CZ12,MFm,0,rDXHP,Ex,dxHP_equip,,RB-dxHP_equip-spltHP-SEER-BA-rDXHP-NoLRM-0%UC-NC,MFm&0&rDXHP&Ex&dxHP_equip,RB-dxHP_equip-spltHP-SEER-BA-rDXHP-NoLRM-0%UC-NC,51.96,100.04,266950.41,513898.28,266950.41000000003,16160.86,13783.94,14740.46,0.0,73945.06,0.0,3425.49,0.0,0.0,0.0,0.0,144894.6,0.0,0.0,16160.86,13783.94,0.0,0.0,59678.04,14267.02,0.0,0.0,2283.19,122987638.19022141
runs/CZ12/MFm&0&rDXHP&Ex&dxHP_equip/RB-dxHP_equip-spltHP-SEER-BA-rDXHP-NoLRM-0%UC-AOE/instance-out.sql,CZ12,MFm,0,rDXHP,Ex,dxHP_equip,,RB-dxHP_equip-spltHP-SEER-BA-rDXHP-NoLRM-0%UC-AOE,MFm&0&rDXHP&Ex&dxHP_equip,RB-dxHP_equip-spltHP-SEER-BA-rDXHP-NoLRM-0%UC-AOE,52.93,103.1,271922.14,529643.75,271922.14,19638.97,15277.55,14740.46,0.0,73945.06,0.0,3425.49,0.0,0.0,0.0,0.0,144894.6,0.0,0.0,19638.97,15277.55,0.0,0.0,59678.04,14267.02,0.0,0.0,2283.19,130268121.09133598
runs/CZ12/MFm&0&rDXHP&Ex&dxHP_equip/RB-dxHP_equip-spltHP-SEER-BA-rDXHP-LRM-LSC-NR/instance-out.sql,CZ12,MFm,0,rDXHP,Ex,dxHP_equip,,RB-dxHP_equip-spltHP-SEER-BA-rDXHP-LRM-LSC-NR,MFm&0&rDXHP&Ex&dxHP_equip,RB-dxHP_equip-spltHP-SEER-BA-rDXHP-LRM-LSC-NR,51.63,98.99,265250.12,508513.47,265250.12,15651.16,12593.34,14740.46,0.0,73945.06,0.0,3425.49,0.0,0.0,0.0,0.0,144894.6,0.0,0.0,15651.16,12593.34,0.0,0.0,59678.04,14267.02,0.0,0.0,2283.19,117184211.55028981
runs/CZ12/MFm&0&rDXHP&Ex&dxHP_equip/RB-dxHP_equip-spltHP-SEER-BA-rDXHP-LRM-LSC-NC/instance-out.sql,CZ12,MFm,0,rDXHP,Ex,dxHP_equip,,RB-dxHP_equip-spltHP-SEER-BA-rDXHP-LRM-LSC-NC,MFm&0&rDXHP&Ex&dxHP_equip,RB-dxHP_equip-spltHP-SEER-BA-rDXHP-LRM-LSC-NC,51.63,98.99,265250.12,508513.47,265250.12,15651.16,12593.34,14740.46,0.0,73945.06,0.0,3425.49,0.0,0.0,0.0,0.0,144894.6,0.0,0.0,15651.16,12593.34,0.0,0.0,59678.04,14267.02,0.0,0.0,2283.19,117184211.55028981
runs/CZ12/MFm&0&rDXHP&Ex&dxHP_equip/RB-dxHP_equip-spltHP-SEER-BA-rDXHP-NoLRM-15%UC-AOE/instance-out.sql,CZ12,MFm,0,rDXHP,Ex,dxHP_equip,,RB-dxHP_equip-spltHP-SEER-BA-rDXHP-NoLRM-15%UC-AOE,MFm&0&rDXHP&Ex&dxHP_equip,RB-dxHP_equip-spltHP-SEER-BA-rDXHP-NoLRM-15%UC-AOE,54.01,106.52,277472.36,547221.29,277472.36,21454.46,19012.28,14740.46,0.0,73945.06,0.0,3425.49,0.0,0.0,0.0,0.0,144894.6,0.0,0.0,21454.46,19012.28,0.0,0.0,59678.04,14267.02,0.0,0.0,2283.19,148472689.7520957
runs/CZ12/MFm&0&rDXHP&Ex&dxHP_equip/RB-dxHP_equip-spltHP-SEER-BA-rDXHP-NoLRM-22.5%UC-AOE/instance-out.sql,CZ12,MFm,0,rDXHP,Ex,dxHP_equip,,RB-dxHP_equip-spltHP-SEER-BA-rDXHP-NoLRM-22.5%UC-AOE,MFm&0&rDXHP&Ex&dxHP_equip,RB-dxHP_equip-spltHP-SEER-BA-rDXHP-NoLRM-22.5%UC-AOE,54.55,108.23,280247.47,556010.06,280247.47,22362.21,20879.64,14740.46,0.0,73945.06,0.0,3425.49,0.0,0.0,0.0,0.0,144894.6,0.0,0.0,22362.21,20879.64,0.0,0.0,59678.04,14267.02,0.0,0.0,2283.19,157574974.1038583
runs/CZ12/MFm&0&rDXHP&Ex&dxHP_equip/RB-dxHP_equip-spltHP-SEER-BA-rDXHP-NoLRM-40%UC-AOE/instance-out.sql,CZ12,MFm,0,rDXHP,Ex,dxHP_equip,,RB-dxHP_equip-spltHP-SEER-BA-rDXHP-NoLRM-40%UC-AOE,MFm&0&rDXHP&Ex&dxHP_equip,RB-dxHP_equip-spltHP-SEER-BA-rDXHP-NoLRM-40%UC-AOE,55.81,112.22,286722.72,576517.18,286722.72,24480.28,25236.83,14740.46,0.0,73945.06,0.0,3425.49,0.0,0.0,0.0,0.0,144894.6,0.0,0.0,24480.28,25236.83,0.0,0.0,59678.04,14267.02,0.0,0.0,2283.19,178813637.5190431
runs/CZ12/MFm&0&rDXHP&Ex&dxHP_equip/RB-dxHP_equip-spltHP-SEER-BA-rDXHP-NoLRM-30%UC-AOE/instance-out.sql,CZ12,MFm,0,rDXHP,Ex,dxHP_equip,,RB-dxHP_equip-spltHP-SEER-BA-rDXHP-NoLRM-30%UC-AOE,MFm&0&rDXHP&Ex&dxHP_equip,RB-dxHP_equip-spltHP-SEER-BA-rDXHP-NoLRM-30%UC-AOE,55.09,109.94,283022.58,564798.83,283022.58,23269.95,22747.01,14740.46,0.0,73945.06,0.0,3425.49,0.0,0.0,0.0,0.0,144894.6,0.0,0.0,23269.95,22747.01,0.0,0.0,59678.04,14267.02,0.0,0.0,2283.19,166677258.39509392
runs/CZ12/MFm&0&rDXHP&Ex&dxHP_equip/RB-dxHP_equip-spltHP-SEER-BA-rDXHP-NoLRM-7.5%UC-AOE/instance-out.sql,CZ12,MFm,0,rDXHP,Ex,dxHP_equip,,RB-dxHP_equip-spltHP-SEER-BA-rDXHP-NoLRM-7.5%UC-AOE,MFm&0&rDXHP&Ex&dxHP_equip,RB-dxHP_equip-spltHP-SEER-BA-rDXHP-NoLRM-7.5%UC-AOE,53.47,104.81,274697.25,538432.52,274697.25,20546.72,17144.92,14740.46,0.0,73945.06,0.0,3425.49,0.0,0.0,0.0,0.0,144894.6,0.0,0.0,20546.72,17144.92,0.0,0.0,59678.04,14267.02,0.0,0.0,2283.19,139370405.4067492
runs/CZ13/MFm&0&rDXGF&Ex&dxAC_equip/RB-dxAC_equip-spltAC-SEER-BA-rDXGF-LRM-LSC-AOE/instance-out.sql,CZ13,MFm,0,rDXGF,Ex,dxAC_equip,,RB-dxAC_equip-spltAC-SEER-BA-rDXGF-LRM-LSC-AOE,MFm&0&rDXGF&Ex&dxAC_equip,RB-dxAC_equip-spltAC-SEER-BA-rDXGF-LRM-LSC-AOE,66.3,121.81,340579.81,625738.27,340579.81,59096.29,40045.68,14740.46,0.0,73945.06,0.0,8699.41,0.0,0.0,0.0,0.0,144052.9,0.0,0.0,0.0,40045.68,59096.29,0.0,59678.04,14267.02,0.0,0.0,2283.19,207606664.25384277
runs/CZ13/MFm&0&rDXGF&Ex&dxAC_equip/RB-dxAC_equip-spltAC-SEER-BA-rDXGF-LRM-LSC-NR/instance-out.sql,CZ13,MFm,0,rDXGF,Ex,dxAC_equip,,RB-dxAC_equip-spltAC-SEER-BA-rDXGF-LRM-LSC-NR,MFm&0&rDXGF&Ex&dxAC_equip,RB-dxAC_equip-spltAC-SEER-BA-rDXGF-LRM-LSC-NR,65.54,119.39,336664.73,613339.21,336664.73,59096.29,36130.6,14740.46,0.0,73945.06,0.0,8699.41,0.0,0.0,0.0,0.0,144052.9,0.0,0.0,0.0,36130.6,59096.29,0.0,59678.04,14267.02,0.0,0.0,2283.19,193992857.69019365
runs/CZ13/MFm&0&rDXGF&Ex&dxAC_equip/RB-dxAC_equip-spltAC-SEER-BA-rDXGF-NoLRM-0%UC-AOE/instance-out.sql,CZ13,MFm,0,rDXGF,Ex,dxAC_equip,,RB-dxAC_equip-spltAC-SEER-BA-rDXGF-NoLRM-0%UC-AOE,MFm&0&rDXGF&Ex&dxAC_equip,RB-dxAC_equip-spltAC-SEER-BA-rDXGF-NoLRM-0%UC-AOE,67.03,124.14,344365.78,637728.45,344365.78,59096.29,43831.65,14740.46,0.0,73945.06,0.0,8699.41,0.0,0.0,0.0,0.0,144052.9,0.0,0.0,0.0,43831.65,59096.29,0.0,59678.04,14267.02,0.0,0.0,2283.19,220771534.6307549
runs/CZ13/MFm&0&rDXGF&Ex&dxAC_equip/RB-dxAC_equip-spltAC-SEER-BA-rDXGF-NoLRM-22.5%UC-AOE/instance-out.sql,CZ13,MFm,0,rDXGF,Ex,dxAC_equip,,RB-dxAC_equip-spltAC-SEER-BA-rDXGF-NoLRM-22.5%UC-AOE,MFm&0&rDXGF&Ex&dxAC_equip,RB-dxAC_equip-spltAC-SEER-BA-rDXGF-NoLRM-22.5%UC-AOE,70.16,134.05,360438.32,688630.16,360438.32,59096.29,59904.18,14740.46,0.0,73945.06,0.0,8699.41,0.0,0.0,0.0,0.0,144052.9,0.0,0.0,0.0,59904.18,59096.29,0.0,59678.04,14267.02,0.0,0.0,2283.19,276660135.2658871
runs/CZ13/MFm&0&rDXGF&Ex&dxAC_equip/RB-dxAC_equip-spltAC-SEER-BA-rDXGF-NoLRM-0%UC-NR/instance-out.sql,CZ13,MFm,0,rDXGF,Ex,dxAC_equip,,RB-dxAC_equip-spltAC-SEER-BA-rDXGF-NoLRM-0%UC-NR,MFm&0&rDXGF&Ex&dxAC_equip,RB-dxAC_equip-spltAC-SEER-BA-rDXGF-NoLRM-0%UC-NR,66.2,121.5,340080.57,624157.17,340080.57,59096.29,39546.43,14740.46,0.0,73945.06,0.0,8699.41,0.0,0.0,0.0,0.0,144052.9,0.0,0.0,0.0,39546.43,59096.29,0.0,59678.04,14267.02,0.0,0.0,2283.19,205870659.70735347
runs/CZ13/MFm&0&rDXGF&Ex&dxAC_equip/RB-dxAC_equip-spltAC-SEER-BA-rDXGF-NoLRM-15%UC-AOE/instance-out.sql,CZ13,MFm,0,rDXGF,Ex,dxAC_equip,,RB-dxAC_equip-spltAC-SEER-BA-rDXGF-NoLRM-15%UC-AOE,MFm&0&rDXGF&Ex&dxAC_equip,RB-dxAC_equip-spltAC-SEER-BA-rDXGF-NoLRM-15%UC-AOE,69.12,130.75,355080.8,671662.92,355080.81,59096.29,54546.67,14740.46,0.0,73945.06,0.0,8699.41,0.0,0.0,0.0,0.0,144052.9,0.0,0.0,0.0,54546.67,59096.29,0.0,59678.04,14267.02,0.0,0.0,2283.19,258030601.6916672
runs/CZ13/MFm&0&rDXGF&Ex&dxAC_equip/RB-dxAC_equip-spltAC-SEER-BA-rDXGF-NoLRM-7.5%UC-AOE/instance-out.sql,CZ13,MFm,0,rDXGF,Ex,dxAC_equip,,RB-dxAC_equip-spltAC-SEER-BA-rDXGF-NoLRM-7.5%UC-AOE,MFm&0&rDXGF&Ex&dxAC_equip,RB-dxAC_equip-spltAC-SEER-BA-rDXGF-NoLRM-7.5%UC-AOE,68.08,127.44,349723.29,654695.69,349723.29000000004,59096.29,49189.16,14740.46,0.0,73945.06,0.0,8699.41,0.0,0.0,0.0,0.0,144052.9,0.0,0.0,0.0,49189.16,59096.29,0.0,59678.04,14267.02,0.0,0.0,2283.19,239401068.13057902
runs/CZ13/MFm&0&rDXGF&Ex&dxAC_equip/RB-dxAC_equip-spltAC-SEER-BA-rDXGF-NoLRM-30%UC-AOE/instance-out.sql,CZ13,MFm,0,rDXGF,Ex,dxAC_equip,,RB-dxAC_equip-spltAC-SEER-BA-rDXGF-NoLRM-30%UC-AOE,MFm&0&rDXGF&Ex&dxAC_equip,RB-dxAC_equip-spltAC-SEER-BA-rDXGF-NoLRM-30%UC-AOE,71.21,137.35,365795.83,705597.4,365795.82999999996,59096.29,65261.69,14740.46,0.0,73945.06,0.0,8699.41,0.0,0.0,0.0,0.0,144052.9,0.0,0.0,0.0,65261.69,59096.29,0.0,59678.04,14267.02,0.0,0.0,2283.19,295289668.7162272
runs/CZ13/MFm&0&rDXGF&Ex&dxAC_equip/RB-dxAC_equip-spltAC-SEER-BA-rDXGF-NoLRM-40%UC-AOE/instance-out.sql,CZ13,MFm,0,rDXGF,Ex,dxAC_equip,,RB-dxAC_equip-spltAC-SEER-BA-rDXGF-NoLRM-40%UC-AOE,MFm&0&rDXGF&Ex&dxAC_equip,RB-dxAC_equip-spltAC-SEER-BA-rDXGF-NoLRM-40%UC-AOE,72.6,141.76,372939.17,728220.38,372939.17000000004,59096.29,72405.04,14740.46,0.0,73945.06,0.0,8699.41,0.0,0.0,0.0,0.0,144052.9,0.0,0.0,0.0,72405.04,59096.29,0.0,59678.04,14267.02,0.0,0.0,2283.19,320129046.79117066
runs/CZ13/MFm&0&rDXHP&Ex&dxHP_equip/RB-dxHP_equip-spltHP-SEER-BA-rDXHP-NoLRM-0%UC-AOE/instance-out.sql,CZ13,MFm,0,rDXHP,Ex,dxHP_equip,,RB-dxHP_equip-spltHP-SEER-BA-rDXHP-NoLRM-0%UC-AOE,MFm&0&rDXHP&Ex&dxHP_equip,RB-dxHP_equip-spltHP-SEER-BA-rDXHP-NoLRM-0%UC-AOE,61.34,130.1,315136.69,668325.01,315136.68,28918.35,43831.69,14740.46,0.0,73945.06,0.0,9680.64,0.0,0.0,0.0,0.0,144020.48,0.0,0.0,28918.35,43831.69,0.0,0.0,59678.04,14267.02,0.0,0.0,2283.19,220771583.86640617
runs/CZ13/MFm&0&rDXHP&Ex&dxHP_equip/RB-dxHP_equip-spltHP-SEER-BA-rDXHP-LRM-LSC-NR/instance-out.sql,CZ13,MFm,0,rDXHP,Ex,dxHP_equip,,RB-dxHP_equip-spltHP-SEER-BA-rDXHP-LRM-LSC-NR,MFm&0&rDXHP&Ex&dxHP_equip,RB-dxHP_equip-spltHP-SEER-BA-rDXHP-LRM-LSC-NR,58.63,121.49,301184.79,624139.37,301184.79000000004,22667.52,36130.63,14740.46,0.0,73945.06,0.0,9680.64,0.0,0.0,0.0,0.0,144020.48,0.0,0.0,22667.52,36130.63,0.0,0.0,59678.04,14267.02,0.0,0.0,2283.19,193992898.0434269
runs/CZ13/MFm&0&rDXHP&Ex&dxHP_equip/RB-dxHP_equip-spltHP-SEER-BA-rDXHP-LRM-LSC-AOE/instance-out.sql,CZ13,MFm,0,rDXHP,Ex,dxHP_equip,,RB-dxHP_equip-spltHP-SEER-BA-rDXHP-LRM-LSC-AOE,MFm&0&rDXHP&Ex&dxHP_equip,RB-dxHP_equip-spltHP-SEER-BA-rDXHP-LRM-LSC-AOE,60.41,127.14,310345.21,653150.41,310345.2,27912.85,40045.72,14740.46,0.0,73945.06,0.0,9680.64,0.0,0.0,0.0,0.0,144020.48,0.0,0.0,27912.85,40045.72,0.0,0.0,59678.04,14267.02,0.0,0.0,2283.19,207606709.12274057
runs/CZ13/MFm&0&rDXHP&Ex&dxHP_equip/RB-dxHP_equip-spltHP-SEER-BA-rDXHP-LRM-LSC-NC/instance-out.sql,CZ13,MFm,0,rDXHP,Ex,dxHP_equip,,RB-dxHP_equip-spltHP-SEER-BA-rDXHP-LRM-LSC-NC,MFm&0&rDXHP&Ex&dxHP_equip,RB-dxHP_equip-spltHP-SEER-BA-rDXHP-LRM-LSC-NC,58.63,121.49,301184.79,624139.37,301184.79000000004,22667.52,36130.63,14740.46,0.0,73945.06,0.0,9680.64,0.0,0.0,0.0,0.0,144020.48,0.0,0.0,22667.52,36130.63,0.0,0.0,59678.04,14267.02,0.0,0.0,2283.19,193992898.0434269
runs/CZ13/MFm&0&rDXHP&Ex&dxHP_equip/RB-dxHP_equip-spltHP-SEER-BA-rDXHP-NoLRM-0%UC-NR/instance-out.sql,CZ13,MFm,0,rDXHP,Ex,dxHP_equip,,RB-dxHP_equip-spltHP-SEER-BA-rDXHP-NoLRM-0%UC-NR,MFm&0&rDXHP&Ex&dxHP_equip,RB-dxHP_equip-spltHP-SEER-BA-rDXHP-NoLRM-0%UC-NR,59.45,124.09,305399.58,637487.59,305399.57,23466.46,39546.47,14740.46,0.0,73945.06,0.0,9680.64,0.0,0.0,0.0,0.0,144020.48,0.0,0.0,23466.46,39546.47,0.0,0.0,59678.04,14267.02,0.0,0.0,2283.19,205870704.000423
runs/CZ13/MFm&0&rDXHP&Ex&dxHP_equip/RB-dxHP_equip-spltHP-SEER-BA-rDXHP-NoLRM-0%UC-NC/instance-out.sql,CZ13,MFm,0,rDXHP,Ex,dxHP_equip,,RB-dxHP_equip-spltHP-SEER-BA-rDXHP-NoLRM-0%UC-NC,MFm&0&rDXHP&Ex&dxHP_equip,RB-dxHP_equip-spltHP-SEER-BA-rDXHP-NoLRM-0%UC-NC,59.45,124.09,305399.58,637487.59,305399.57,23466.46,39546.47,14740.46,0.0,73945.06,0.0,9680.64,0.0,0.0,0.0,0.0,144020.48,0.0,0.0,23466.46,39546.47,0.0,0.0,59678.04,14267.02,0.0,0.0,2283.19,205870704.000423
runs/CZ13/MFm&0&rDXHP&Ex&dxHP_equip/RB-dxHP_equip-spltHP-SEER-BA-rDXHP-NoLRM-22.5%UC-AOE/instance-out.sql,CZ13,MFm,0,rDXHP,Ex,dxHP_equip,,RB-dxHP_equip-spltHP-SEER-BA-rDXHP-NoLRM-22.5%UC-AOE,MFm&0&rDXHP&Ex&dxHP_equip,RB-dxHP_equip-spltHP-SEER-BA-rDXHP-NoLRM-22.5%UC-AOE,65.3,142.64,335477.86,732745.51,335477.85,33186.97,59904.24,14740.46,0.0,73945.06,0.0,9680.64,0.0,0.0,0.0,0.0,144020.48,0.0,0.0,33186.97,59904.24,0.0,0.0,59678.04,14267.02,0.0,0.0,2283.19,276660203.03964293
runs/CZ13/MFm&0&rDXHP&Ex&dxHP_equip/RB-dxHP_equip-spltHP-SEER-BA-rDXHP-NoLRM-30%UC-AOE/instance-out.sql,CZ13,MFm,0,rDXHP,Ex,dxHP_equip,,RB-dxHP_equip-spltHP-SEER-BA-rDXHP-NoLRM-30%UC-AOE,MFm&0&rDXHP&Ex&dxHP_equip,RB-dxHP_equip-spltHP-SEER-BA-rDXHP-NoLRM-30%UC-AOE,66.62,146.82,342258.25,754219.01,342258.25,34609.85,65261.76,14740.46,0.0,73945.06,0.0,9680.64,0.0,0.0,0.0,0.0,144020.48,0.0,0.0,34609.85,65261.76,0.0,0.0,59678.04,14267.02,0.0,0.0,2283.19,295289742.66935116
runs/CZ13/MFm&0&rDXHP&Ex&dxHP_equip/RB-dxHP_equip-spltHP-SEER-BA-rDXHP-NoLRM-15%UC-AOE/instance-out.sql,CZ13,MFm,0,rDXHP,Ex,dxHP_equip,,RB-dxHP_equip-spltHP-SEER-BA-rDXHP-NoLRM-15%UC-AOE,MFm&0&rDXHP&Ex&dxHP_equip,RB-dxHP_equip-spltHP-SEER-BA-rDXHP-NoLRM-15%UC-AOE,63.98,138.46,328697.47,711272.01,328697.45999999996,31764.1,54546.73,14740.46,0.0,73945.06,0.0,9680.64,0.0,0.0,0.0,0.0,144020.48,0.0,0.0,31764.1,54546.73,0.0,0.0,59678.04,14267.02,0.0,0.0,2283.19,258030663.28605485
runs/CZ13/MFm&0&rDXHP&Ex&dxHP_equip/RB-dxHP_equip-spltHP-SEER-BA-rDXHP-NoLRM-40%UC-AOE/instance-out.sql,CZ13,MFm,0,rDXHP,Ex,dxHP_equip,,RB-dxHP_equip-spltHP-SEER-BA-rDXHP-NoLRM-40%UC-AOE,MFm&0&rDXHP&Ex&dxHP_equip,RB-dxHP_equip-spltHP-SEER-BA-rDXHP-NoLRM-40%UC-AOE,68.38,152.39,351298.77,782850.34,351298.77,36507.02,72405.11,14740.46,0.0,73945.06,0.0,9680.64,0.0,0.0,0.0,0.0,144020.48,0.0,0.0,36507.02,72405.11,0.0,0.0,59678.04,14267.02,0.0,0.0,2283.19,320129128.98345226
runs/CZ14/MFm&0&rDXGF&Ex&dxAC_equip/RB-dxAC_equip-spltAC-SEER-BA-rDXGF-LRM-LSC-AOE/instance-out.sql,CZ14,MFm,0,rDXGF,Ex,dxAC_equip,,RB-dxAC_equip-spltAC-SEER-BA-rDXGF-LRM-LSC-AOE,MFm&0&rDXGF&Ex&dxAC_equip,RB-dxAC_equip-spltAC-SEER-BA-rDXGF-LRM-LSC-AOE,61.52,108.55,316037.42,557622.44,316037.42000000004,54778.47,23381.95,14740.46,0.0,73945.06,0.0,5434.24,0.0,0.0,0.0,0.0,143757.23,0.0,0.0,0.0,23381.95,54778.47,0.0,59678.04,14267.02,0.0,0.0,2283.19,124572420.51596393
runs/CZ13/MFm&0&rDXHP&Ex&dxHP_equip/RB-dxHP_equip-spltHP-SEER-BA-rDXHP-NoLRM-7.5%UC-AOE/instance-out.sql,CZ13,MFm,0,rDXHP,Ex,dxHP_equip,,RB-dxHP_equip-spltHP-SEER-BA-rDXHP-NoLRM-7.5%UC-AOE,MFm&0&rDXHP&Ex&dxHP_equip,RB-dxHP_equip-spltHP-SEER-BA-rDXHP-NoLRM-7.5%UC-AOE,62.66,134.28,321917.08,689798.51,321917.07,30341.22,49189.21,14740.46,0.0,73945.06,0.0,9680.64,0.0,0.0,0.0,0.0,144020.48,0.0,0.0,30341.22,49189.21,0.0,0.0,59678.04,14267.02,0.0,0.0,2283.19,239401123.54559848
runs/CZ14/MFm&0&rDXGF&Ex&dxAC_equip/RB-dxAC_equip-spltAC-SEER-BA-rDXGF-LRM-LSC-NR/instance-out.sql,CZ14,MFm,0,rDXGF,Ex,dxAC_equip,,RB-dxAC_equip-spltAC-SEER-BA-rDXGF-LRM-LSC-NR,MFm&0&rDXGF&Ex&dxAC_equip,RB-dxAC_equip-spltAC-SEER-BA-rDXGF-LRM-LSC-NR,61.07,107.14,313751.47,550382.85,313751.47,54778.47,21096.01,14740.46,0.0,73945.06,0.0,5434.24,0.0,0.0,0.0,0.0,143757.23,0.0,0.0,0.0,21096.01,54778.47,0.0,59678.04,14267.02,0.0,0.0,2283.19,118036074.5286665
runs/CZ14/MFm&0&rDXGF&Ex&dxAC_equip/RB-dxAC_equip-spltAC-SEER-BA-rDXGF-NoLRM-0%UC-AOE/instance-out.sql,CZ14,MFm,0,rDXGF,Ex,dxAC_equip,,RB-dxAC_equip-spltAC-SEER-BA-rDXGF-NoLRM-0%UC-AOE,MFm&0&rDXGF&Ex&dxAC_equip,RB-dxAC_equip-spltAC-SEER-BA-rDXGF-NoLRM-0%UC-AOE,61.95,109.91,318247.98,564623.29,318247.98,54778.47,25592.52,14740.46,0.0,73945.06,0.0,5434.24,0.0,0.0,0.0,0.0,143757.23,0.0,0.0,0.0,25592.52,54778.47,0.0,59678.04,14267.02,0.0,0.0,2283.19,130893220.45234516
runs/CZ14/MFm&0&rDXGF&Ex&dxAC_equip/RB-dxAC_equip-spltAC-SEER-BA-rDXGF-NoLRM-0%UC-NR/instance-out.sql,CZ14,MFm,0,rDXGF,Ex,dxAC_equip,,RB-dxAC_equip-spltAC-SEER-BA-rDXGF-NoLRM-0%UC-NR,MFm&0&rDXGF&Ex&dxAC_equip,RB-dxAC_equip-spltAC-SEER-BA-rDXGF-NoLRM-0%UC-NR,61.46,108.37,315745.92,556699.26,315745.92000000004,54778.47,23090.45,14740.46,0.0,73945.06,0.0,5434.24,0.0,0.0,0.0,0.0,143757.23,0.0,0.0,0.0,23090.45,54778.47,0.0,59678.04,14267.02,0.0,0.0,2283.19,123738919.15113083
runs/CZ14/MFm&0&rDXGF&Ex&dxAC_equip/RB-dxAC_equip-spltAC-SEER-BA-rDXGF-NoLRM-22.5%UC-AOE/instance-out.sql,CZ14,MFm,0,rDXGF,Ex,dxAC_equip,,RB-dxAC_equip-spltAC-SEER-BA-rDXGF-NoLRM-22.5%UC-AOE,MFm&0&rDXGF&Ex&dxAC_equip,RB-dxAC_equip-spltAC-SEER-BA-rDXGF-NoLRM-22.5%UC-AOE,63.78,115.69,327632.45,594343.89,327632.44999999995,54778.47,34976.98,14740.46,0.0,73945.06,0.0,5434.24,0.0,0.0,0.0,0.0,143757.23,0.0,0.0,0.0,34976.98,54778.47,0.0,59678.04,14267.02,0.0,0.0,2283.19,157726805.07756954
runs/CZ14/MFm&0&rDXGF&Ex&dxAC_equip/RB-dxAC_equip-spltAC-SEER-BA-rDXGF-NoLRM-15%UC-AOE/instance-out.sql,CZ14,MFm,0,rDXGF,Ex,dxAC_equip,,RB-dxAC_equip-spltAC-SEER-BA-rDXGF-NoLRM-15%UC-AOE,MFm&0&rDXGF&Ex&dxAC_equip,RB-dxAC_equip-spltAC-SEER-BA-rDXGF-NoLRM-15%UC-AOE,63.17,113.77,324504.29,584437.02,324504.29000000004,54778.47,31848.83,14740.46,0.0,73945.06,0.0,5434.24,0.0,0.0,0.0,0.0,143757.23,0.0,0.0,0.0,31848.83,54778.47,0.0,59678.04,14267.02,0.0,0.0,2283.19,148782276.85515332
runs/CZ14/MFm&0&rDXGF&Ex&dxAC_equip/RB-dxAC_equip-spltAC-SEER-BA-rDXGF-NoLRM-30%UC-AOE/instance-out.sql,CZ14,MFm,0,rDXGF,Ex,dxAC_equip,,RB-dxAC_equip-spltAC-SEER-BA-rDXGF-NoLRM-30%UC-AOE,MFm&0&rDXGF&Ex&dxAC_equip,RB-dxAC_equip-spltAC-SEER-BA-rDXGF-NoLRM-30%UC-AOE,64.39,117.62,330760.6,604250.76,330760.6,54778.47,38105.13,14740.46,0.0,73945.06,0.0,5434.24,0.0,0.0,0.0,0.0,143757.23,0.0,0.0,0.0,38105.13,54778.47,0.0,59678.04,14267.02,0.0,0.0,2283.19,166671333.2405078
runs/CZ14/MFm&0&rDXGF&Ex&dxAC_equip/RB-dxAC_equip-spltAC-SEER-BA-rDXGF-NoLRM-40%UC-AOE/instance-out.sql,CZ14,MFm,0,rDXGF,Ex,dxAC_equip,,RB-dxAC_equip-spltAC-SEER-BA-rDXGF-NoLRM-40%UC-AOE,MFm&0&rDXGF&Ex&dxAC_equip,RB-dxAC_equip-spltAC-SEER-BA-rDXGF-NoLRM-40%UC-AOE,65.2,120.19,334931.47,617459.91,334931.47,54778.47,42276.01,14740.46,0.0,73945.06,0.0,5434.24,0.0,0.0,0.0,0.0,143757.23,0.0,0.0,0.0,42276.01,54778.47,0.0,59678.04,14267.02,0.0,0.0,2283.19,178597370.8588652
runs/CZ14/MFm&0&rDXGF&Ex&dxAC_equip/RB-dxAC_equip-spltAC-SEER-BA-rDXGF-NoLRM-7.5%UC-AOE/instance-out.sql,CZ14,MFm,0,rDXGF,Ex,dxAC_equip,,RB-dxAC_equip-spltAC-SEER-BA-rDXGF-NoLRM-7.5%UC-AOE,MFm&0&rDXGF&Ex&dxAC_equip,RB-dxAC_equip-spltAC-SEER-BA-rDXGF-NoLRM-7.5%UC-AOE,62.56,111.84,321376.14,574530.16,321376.14,54778.47,28720.67,14740.46,0.0,73945.06,0.0,5434.24,0.0,0.0,0.0,0.0,143757.23,0.0,0.0,0.0,28720.67,54778.47,0.0,59678.04,14267.02,0.0,0.0,2283.19,139837748.639042
runs/CZ14/MFm&0&rDXHP&Ex&dxHP_equip/RB-dxHP_equip-spltHP-SEER-BA-rDXHP-LRM-LSC-AOE/instance-out.sql,CZ14,MFm,0,rDXHP,Ex,dxHP_equip,,RB-dxHP_equip-spltHP-SEER-BA-rDXHP-LRM-LSC-AOE,MFm&0&rDXHP&Ex&dxHP_equip,RB-dxHP_equip-spltHP-SEER-BA-rDXHP-LRM-LSC-AOE,56.53,114.98,290421.3,590664.59,290421.3,28107.28,23383.55,14740.46,0.0,73945.06,0.0,6518.85,0.0,0.0,0.0,0.0,143726.09,0.0,0.0,28107.28,23383.55,0.0,0.0,59678.04,14267.02,0.0,0.0,2283.19,124572897.31501089
runs/CZ14/MFm&0&rDXHP&Ex&dxHP_equip/RB-dxHP_equip-spltHP-SEER-BA-rDXHP-LRM-LSC-NC/instance-out.sql,CZ14,MFm,0,rDXHP,Ex,dxHP_equip,,RB-dxHP_equip-spltHP-SEER-BA-rDXHP-LRM-LSC-NC,MFm&0&rDXHP&Ex&dxHP_equip,RB-dxHP_equip-spltHP-SEER-BA-rDXHP-LRM-LSC-NC,55.11,110.47,283107.3,567501.17,283107.31,23079.39,21097.45,14740.46,0.0,73945.06,0.0,6518.85,0.0,0.0,0.0,0.0,143726.09,0.0,0.0,23079.39,21097.45,0.0,0.0,59678.04,14267.02,0.0,0.0,2283.19,118036512.03144456
runs/CZ14/MFm&0&rDXHP&Ex&dxHP_equip/RB-dxHP_equip-spltHP-SEER-BA-rDXHP-LRM-LSC-NR/instance-out.sql,CZ14,MFm,0,rDXHP,Ex,dxHP_equip,,RB-dxHP_equip-spltHP-SEER-BA-rDXHP-LRM-LSC-NR,MFm&0&rDXHP&Ex&dxHP_equip,RB-dxHP_equip-spltHP-SEER-BA-rDXHP-LRM-LSC-NR,55.11,110.47,283107.3,567501.17,283107.31,23079.39,21097.45,14740.46,0.0,73945.06,0.0,6518.85,0.0,0.0,0.0,0.0,143726.09,0.0,0.0,23079.39,21097.45,0.0,0.0,59678.04,14267.02,0.0,0.0,2283.19,118036512.03144456
runs/CZ14/MFm&0&rDXHP&Ex&dxHP_equip/RB-dxHP_equip-spltHP-SEER-BA-rDXHP-NoLRM-0%UC-AOE/instance-out.sql,CZ14,MFm,0,rDXHP,Ex,dxHP_equip,,RB-dxHP_equip-spltHP-SEER-BA-rDXHP-NoLRM-0%UC-AOE,MFm&0&rDXHP&Ex&dxHP_equip,RB-dxHP_equip-spltHP-SEER-BA-rDXHP-NoLRM-0%UC-AOE,57.15,116.94,293595.83,600718.33,293595.82999999996,29071.1,25594.26,14740.46,0.0,73945.06,0.0,6518.85,0.0,0.0,0.0,0.0,143726.09,0.0,0.0,29071.1,25594.26,0.0,0.0,59678.04,14267.02,0.0,0.0,2283.19,130893735.2518062
runs/CZ14/MFm&0&rDXHP&Ex&dxHP_equip/RB-dxHP_equip-spltHP-SEER-BA-rDXHP-NoLRM-0%UC-NC/instance-out.sql,CZ14,MFm,0,rDXHP,Ex,dxHP_equip,,RB-dxHP_equip-spltHP-SEER-BA-rDXHP-NoLRM-0%UC-NC,MFm&0&rDXHP&Ex&dxHP_equip,RB-dxHP_equip-spltHP-SEER-BA-rDXHP-NoLRM-0%UC-NC,55.65,112.17,285867.71,576243.37,285867.70999999996,23845.21,23092.03,14740.46,0.0,73945.06,0.0,6518.85,0.0,0.0,0.0,0.0,143726.09,0.0,0.0,23845.21,23092.03,0.0,0.0,59678.04,14267.02,0.0,0.0,2283.19,123739390.93919858
runs/CZ14/MFm&0&rDXHP&Ex&dxHP_equip/RB-dxHP_equip-spltHP-SEER-BA-rDXHP-NoLRM-15%UC-AOE/instance-out.sql,CZ14,MFm,0,rDXHP,Ex,dxHP_equip,,RB-dxHP_equip-spltHP-SEER-BA-rDXHP-NoLRM-15%UC-AOE,MFm&0&rDXHP&Ex&dxHP_equip,RB-dxHP_equip-spltHP-SEER-BA-rDXHP-NoLRM-15%UC-AOE,58.9,122.47,302580.35,629172.3,302580.35,31798.88,31851.0,14740.46,0.0,73945.06,0.0,6518.85,0.0,0.0,0.0,0.0,143726.09,0.0,0.0,31798.88,31851.0,0.0,0.0,59678.04,14267.02,0.0,0.0,2283.19,148782899.20295593
runs/CZ14/MFm&0&rDXHP&Ex&dxHP_equip/RB-dxHP_equip-spltHP-SEER-BA-rDXHP-NoLRM-0%UC-NR/instance-out.sql,CZ14,MFm,0,rDXHP,Ex,dxHP_equip,,RB-dxHP_equip-spltHP-SEER-BA-rDXHP-NoLRM-0%UC-NR,MFm&0&rDXHP&Ex&dxHP_equip,RB-dxHP_equip-spltHP-SEER-BA-rDXHP-NoLRM-0%UC-NR,55.65,112.17,285867.71,576243.37,285867.70999999996,23845.21,23092.03,14740.46,0.0,73945.06,0.0,6518.85,0.0,0.0,0.0,0.0,143726.09,0.0,0.0,23845.21,23092.03,0.0,0.0,59678.04,14267.02,0.0,0.0,2283.19,123739390.93919858
runs/CZ14/MFm&0&rDXHP&Ex&dxHP_equip/RB-dxHP_equip-spltHP-SEER-BA-rDXHP-NoLRM-7.5%UC-AOE/instance-out.sql,CZ14,MFm,0,rDXHP,Ex,dxHP_equip,,RB-dxHP_equip-spltHP-SEER-BA-rDXHP-NoLRM-7.5%UC-AOE,MFm&0&rDXHP&Ex&dxHP_equip,RB-dxHP_equip-spltHP-SEER-BA-rDXHP-NoLRM-7.5%UC-AOE,58.03,119.71,298088.09,614945.32,298088.08999999997,30434.99,28722.63,14740.46,0.0,73945.06,0.0,6518.85,0.0,0.0,0.0,0.0,143726.09,0.0,0.0,30434.99,28722.63,0.0,0.0,59678.04,14267.02,0.0,0.0,2283.19,139838317.21267372
runs/CZ14/MFm&0&rDXHP&Ex&dxHP_equip/RB-dxHP_equip-spltHP-SEER-BA-rDXHP-NoLRM-22.5%UC-AOE/instance-out.sql,CZ14,MFm,0,rDXHP,Ex,dxHP_equip,,RB-dxHP_equip-spltHP-SEER-BA-rDXHP-NoLRM-22.5%UC-AOE,MFm&0&rDXHP&Ex&dxHP_equip,RB-dxHP_equip-spltHP-SEER-BA-rDXHP-NoLRM-22.5%UC-AOE,59.77,125.24,307072.61,643399.29,307072.61,33162.77,34979.37,14740.46,0.0,73945.06,0.0,6518.85,0.0,0.0,0.0,0.0,143726.09,0.0,0.0,33162.77,34979.37,0.0,0.0,59678.04,14267.02,0.0,0.0,2283.19,157727481.19954306
runs/CZ14/MFm&0&rDXHP&Ex&dxHP_equip/RB-dxHP_equip-spltHP-SEER-BA-rDXHP-NoLRM-40%UC-AOE/instance-out.sql,CZ14,MFm,0,rDXHP,Ex,dxHP_equip,,RB-dxHP_equip-spltHP-SEER-BA-rDXHP-NoLRM-40%UC-AOE,MFm&0&rDXHP&Ex&dxHP_equip,RB-dxHP_equip-spltHP-SEER-BA-rDXHP-NoLRM-40%UC-AOE,61.82,131.71,317554.55,676595.6,317554.55,36345.19,42278.89,14740.46,0.0,73945.06,0.0,6518.85,0.0,0.0,0.0,0.0,143726.09,0.0,0.0,36345.19,42278.89,0.0,0.0,59678.04,14267.02,0.0,0.0,2283.19,178598172.4539037
runs/CZ15/MFm&0&rDXGF&Ex&dxAC_equip/RB-dxAC_equip-spltAC-SEER-BA-rDXGF-LRM-LSC-AOE/instance-out.sql,CZ15,MFm,0,rDXGF,Ex,dxAC_equip,,RB-dxAC_equip-spltAC-SEER-BA-rDXGF-LRM-LSC-AOE,MFm&0&rDXGF&Ex&dxAC_equip,RB-dxAC_equip-spltAC-SEER-BA-rDXGF-LRM-LSC-AOE,64.08,133.31,329214.69,684836.89,329214.7,16370.63,70211.05,14740.46,0.0,73945.06,0.0,12820.36,0.0,0.0,0.0,0.0,141127.13,0.0,0.0,0.0,70211.05,16370.63,0.0,59678.04,14267.02,0.0,0.0,2283.19,229801508.0821694
runs/CZ14/MFm&0&rDXHP&Ex&dxHP_equip/RB-dxHP_equip-spltHP-SEER-BA-rDXHP-NoLRM-30%UC-AOE/instance-out.sql,CZ14,MFm,0,rDXHP,Ex,dxHP_equip,,RB-dxHP_equip-spltHP-SEER-BA-rDXHP-NoLRM-30%UC-AOE,MFm&0&rDXHP&Ex&dxHP_equip,RB-dxHP_equip-spltHP-SEER-BA-rDXHP-NoLRM-30%UC-AOE,60.65,128.01,311564.87,657626.28,311564.87,34526.67,38107.73,14740.46,0.0,73945.06,0.0,6518.85,0.0,0.0,0.0,0.0,143726.09,0.0,0.0,34526.67,38107.73,0.0,0.0,59678.04,14267.02,0.0,0.0,2283.19,166672063.13665184
runs/CZ15/MFm&0&rDXGF&Ex&dxAC_equip/RB-dxAC_equip-spltAC-SEER-BA-rDXGF-LRM-LSC-NR/instance-out.sql,CZ15,MFm,0,rDXGF,Ex,dxAC_equip,,RB-dxAC_equip-spltAC-SEER-BA-rDXGF-LRM-LSC-NR,MFm&0&rDXGF&Ex&dxAC_equip,RB-dxAC_equip-spltAC-SEER-BA-rDXGF-LRM-LSC-NR,62.75,129.08,322350.49,663097.94,322350.49,16370.63,63346.84,14740.46,0.0,73945.06,0.0,12820.36,0.0,0.0,0.0,0.0,141127.13,0.0,0.0,0.0,63346.84,16370.63,0.0,59678.04,14267.02,0.0,0.0,2283.19,214107316.27681866
runs/CZ15/MFm&0&rDXGF&Ex&dxAC_equip/RB-dxAC_equip-spltAC-SEER-BA-rDXGF-NoLRM-0%UC-AOE/instance-out.sql,CZ15,MFm,0,rDXGF,Ex,dxAC_equip,,RB-dxAC_equip-spltAC-SEER-BA-rDXGF-NoLRM-0%UC-AOE,MFm&0&rDXGF&Ex&dxAC_equip,RB-dxAC_equip-spltAC-SEER-BA-rDXGF-NoLRM-0%UC-AOE,65.38,137.4,335852.55,705858.96,335852.55000000005,16370.63,76848.9,14740.46,0.0,73945.06,0.0,12820.36,0.0,0.0,0.0,0.0,141127.13,0.0,0.0,0.0,76848.9,16370.63,0.0,59678.04,14267.02,0.0,0.0,2283.19,244978159.8012796
runs/CZ15/MFm&0&rDXGF&Ex&dxAC_equip/RB-dxAC_equip-spltAC-SEER-BA-rDXGF-NoLRM-0%UC-NR/instance-out.sql,CZ15,MFm,0,rDXGF,Ex,dxAC_equip,,RB-dxAC_equip-spltAC-SEER-BA-rDXGF-NoLRM-0%UC-NR,MFm&0&rDXGF&Ex&dxAC_equip,RB-dxAC_equip-spltAC-SEER-BA-rDXGF-NoLRM-0%UC-NR,63.91,132.77,328339.38,682064.78,328339.39,16370.63,69335.74,14740.46,0.0,73945.06,0.0,12820.36,0.0,0.0,0.0,0.0,141127.13,0.0,0.0,0.0,69335.74,16370.63,0.0,59678.04,14267.02,0.0,0.0,2283.19,227800217.09862393
runs/CZ15/MFm&0&rDXGF&Ex&dxAC_equip/RB-dxAC_equip-spltAC-SEER-BA-rDXGF-NoLRM-22.5%UC-AOE/instance-out.sql,CZ15,MFm,0,rDXGF,Ex,dxAC_equip,,RB-dxAC_equip-spltAC-SEER-BA-rDXGF-NoLRM-22.5%UC-AOE,MFm&0&rDXGF&Ex&dxAC_equip,RB-dxAC_equip-spltAC-SEER-BA-rDXGF-NoLRM-22.5%UC-AOE,70.86,154.77,364032.1,795103.62,364032.11,16370.63,105028.46,14740.46,0.0,73945.06,0.0,12820.36,0.0,0.0,0.0,0.0,141127.13,0.0,0.0,0.0,105028.46,16370.63,0.0,59678.04,14267.02,0.0,0.0,2283.19,309407341.60282433
runs/CZ15/MFm&0&rDXGF&Ex&dxAC_equip/RB-dxAC_equip-spltAC-SEER-BA-rDXGF-NoLRM-15%UC-AOE/instance-out.sql,CZ15,MFm,0,rDXGF,Ex,dxAC_equip,,RB-dxAC_equip-spltAC-SEER-BA-rDXGF-NoLRM-15%UC-AOE,MFm&0&rDXGF&Ex&dxAC_equip,RB-dxAC_equip-spltAC-SEER-BA-rDXGF-NoLRM-15%UC-AOE,69.03,148.98,354638.92,765355.4,354638.92000000004,16370.63,95635.27,14740.46,0.0,73945.06,0.0,12820.36,0.0,0.0,0.0,0.0,141127.13,0.0,0.0,0.0,95635.27,16370.63,0.0,59678.04,14267.02,0.0,0.0,2283.19,287930947.63534176
runs/CZ15/MFm&0&rDXGF&Ex&dxAC_equip/RB-dxAC_equip-spltAC-SEER-BA-rDXGF-NoLRM-30%UC-AOE/instance-out.sql,CZ15,MFm,0,rDXGF,Ex,dxAC_equip,,RB-dxAC_equip-spltAC-SEER-BA-rDXGF-NoLRM-30%UC-AOE,MFm&0&rDXGF&Ex&dxAC_equip,RB-dxAC_equip-spltAC-SEER-BA-rDXGF-NoLRM-30%UC-AOE,72.69,160.57,373425.29,824851.83,373425.29000000004,16370.63,114421.64,14740.46,0.0,73945.06,0.0,12820.36,0.0,0.0,0.0,0.0,141127.13,0.0,0.0,0.0,114421.64,16370.63,0.0,59678.04,14267.02,0.0,0.0,2283.19,330883735.4274965
runs/CZ15/MFm&0&rDXGF&Ex&dxAC_equip/RB-dxAC_equip-spltAC-SEER-BA-rDXGF-NoLRM-40%UC-AOE/instance-out.sql,CZ15,MFm,0,rDXGF,Ex,dxAC_equip,,RB-dxAC_equip-spltAC-SEER-BA-rDXGF-NoLRM-40%UC-AOE,MFm&0&rDXGF&Ex&dxAC_equip,RB-dxAC_equip-spltAC-SEER-BA-rDXGF-NoLRM-40%UC-AOE,75.13,168.29,385949.53,864516.12,385949.54000000004,16370.63,126945.89,14740.46,0.0,73945.06,0.0,12820.36,0.0,0.0,0.0,0.0,141127.13,0.0,0.0,0.0,126945.89,16370.63,0.0,59678.04,14267.02,0.0,0.0,2283.19,359518927.3564535
runs/CZ15/MFm&0&rDXGF&Ex&dxAC_equip/RB-dxAC_equip-spltAC-SEER-BA-rDXGF-NoLRM-7.5%UC-AOE/instance-out.sql,CZ15,MFm,0,rDXGF,Ex,dxAC_equip,,RB-dxAC_equip-spltAC-SEER-BA-rDXGF-NoLRM-7.5%UC-AOE,MFm&0&rDXGF&Ex&dxAC_equip,RB-dxAC_equip-spltAC-SEER-BA-rDXGF-NoLRM-7.5%UC-AOE,67.21,143.19,345245.73,735607.18,345245.73,16370.63,86242.08,14740.46,0.0,73945.06,0.0,12820.36,0.0,0.0,0.0,0.0,141127.13,0.0,0.0,0.0,86242.08,16370.63,0.0,59678.04,14267.02,0.0,0.0,2283.19,266454553.68299767
runs/CZ15/MFm&0&rDXHP&Ex&dxHP_equip/RB-dxHP_equip-spltHP-SEER-BA-rDXHP-LRM-LSC-AOE/instance-out.sql,CZ15,MFm,0,rDXHP,Ex,dxHP_equip,,RB-dxHP_equip-spltHP-SEER-BA-rDXHP-LRM-LSC-AOE,MFm&0&rDXHP&Ex&dxHP_equip,RB-dxHP_equip-spltHP-SEER-BA-rDXHP-LRM-LSC-AOE,62.42,134.67,320643.48,691808.11,320643.49,7530.26,70210.02,14740.46,0.0,73945.06,0.0,13098.33,0.0,0.0,0.0,0.0,141119.34,0.0,0.0,7530.26,70210.02,0.0,0.0,59678.04,14267.02,0.0,0.0,2283.19,229800998.188189
runs/CZ15/MFm&0&rDXHP&Ex&dxHP_equip/RB-dxHP_equip-spltHP-SEER-BA-rDXHP-LRM-LSC-NC/instance-out.sql,CZ15,MFm,0,rDXHP,Ex,dxHP_equip,,RB-dxHP_equip-spltHP-SEER-BA-rDXHP-LRM-LSC-NC,MFm&0&rDXHP&Ex&dxHP_equip,RB-dxHP_equip-spltHP-SEER-BA-rDXHP-LRM-LSC-NC,60.8,129.55,312348.19,665536.92,312348.19999999995,6099.08,63345.91,14740.46,0.0,73945.06,0.0,13098.33,0.0,0.0,0.0,0.0,141119.34,0.0,0.0,6099.08,63345.91,0.0,0.0,59678.04,14267.02,0.0,0.0,2283.19,214106849.64634982
runs/CZ15/MFm&0&rDXHP&Ex&dxHP_equip/RB-dxHP_equip-spltHP-SEER-BA-rDXHP-LRM-LSC-NR/instance-out.sql,CZ15,MFm,0,rDXHP,Ex,dxHP_equip,,RB-dxHP_equip-spltHP-SEER-BA-rDXHP-LRM-LSC-NR,MFm&0&rDXHP&Ex&dxHP_equip,RB-dxHP_equip-spltHP-SEER-BA-rDXHP-LRM-LSC-NR,60.8,129.55,312348.19,665536.92,312348.19999999995,6099.08,63345.91,14740.46,0.0,73945.06,0.0,13098.33,0.0,0.0,0.0,0.0,141119.34,0.0,0.0,6099.08,63345.91,0.0,0.0,59678.04,14267.02,0.0,0.0,2283.19,214106849.64634982
runs/CZ15/MFm&0&rDXHP&Ex&dxHP_equip/RB-dxHP_equip-spltHP-SEER-BA-rDXHP-NoLRM-0%UC-AOE/instance-out.sql,CZ15,MFm,0,rDXHP,Ex,dxHP_equip,,RB-dxHP_equip-spltHP-SEER-BA-rDXHP-NoLRM-0%UC-AOE,MFm&0&rDXHP&Ex&dxHP_equip,RB-dxHP_equip-spltHP-SEER-BA-rDXHP-NoLRM-0%UC-AOE,63.76,138.93,327555.59,713698.74,327555.58999999997,7804.61,76847.77,14740.46,0.0,73945.06,0.0,13098.33,0.0,0.0,0.0,0.0,141119.34,0.0,0.0,7804.61,76847.77,0.0,0.0,59678.04,14267.02,0.0,0.0,2283.19,244977608.0704683
runs/CZ15/MFm&0&rDXHP&Ex&dxHP_equip/RB-dxHP_equip-spltHP-SEER-BA-rDXHP-NoLRM-15%UC-AOE/instance-out.sql,CZ15,MFm,0,rDXHP,Ex,dxHP_equip,,RB-dxHP_equip-spltHP-SEER-BA-rDXHP-NoLRM-15%UC-AOE,MFm&0&rDXHP&Ex&dxHP_equip,RB-dxHP_equip-spltHP-SEER-BA-rDXHP-NoLRM-15%UC-AOE,67.57,150.99,347118.14,775653.35,347118.14,8581.07,95633.87,14740.46,0.0,73945.06,0.0,13098.33,0.0,0.0,0.0,0.0,141119.34,0.0,0.0,8581.07,95633.87,0.0,0.0,59678.04,14267.02,0.0,0.0,2283.19,287930277.4984056
runs/CZ15/MFm&0&rDXHP&Ex&dxHP_equip/RB-dxHP_equip-spltHP-SEER-BA-rDXHP-NoLRM-0%UC-NR/instance-out.sql,CZ15,MFm,0,rDXHP,Ex,dxHP_equip,,RB-dxHP_equip-spltHP-SEER-BA-rDXHP-NoLRM-0%UC-NR,MFm&0&rDXHP&Ex&dxHP_equip,RB-dxHP_equip-spltHP-SEER-BA-rDXHP-NoLRM-0%UC-NR,62.01,133.38,318554.99,685193.87,318555.0,6317.07,69334.72,14740.46,0.0,73945.06,0.0,13098.33,0.0,0.0,0.0,0.0,141119.34,0.0,0.0,6317.07,69334.72,0.0,0.0,59678.04,14267.02,0.0,0.0,2283.19,227799712.72151726
runs/CZ15/MFm&0&rDXHP&Ex&dxHP_equip/RB-dxHP_equip-spltHP-SEER-BA-rDXHP-NoLRM-0%UC-NC/instance-out.sql,CZ15,MFm,0,rDXHP,Ex,dxHP_equip,,RB-dxHP_equip-spltHP-SEER-BA-rDXHP-NoLRM-0%UC-NC,MFm&0&rDXHP&Ex&dxHP_equip,RB-dxHP_equip-spltHP-SEER-BA-rDXHP-NoLRM-0%UC-NC,62.01,133.38,318554.99,685193.87,318555.0,6317.07,69334.72,14740.46,0.0,73945.06,0.0,13098.33,0.0,0.0,0.0,0.0,141119.34,0.0,0.0,6317.07,69334.72,0.0,0.0,59678.04,14267.02,0.0,0.0,2283.19,227799712.72151726
runs/CZ15/MFm&0&rDXHP&Ex&dxHP_equip/RB-dxHP_equip-spltHP-SEER-BA-rDXHP-NoLRM-22.5%UC-AOE/instance-out.sql,CZ15,MFm,0,rDXHP,Ex,dxHP_equip,,RB-dxHP_equip-spltHP-SEER-BA-rDXHP-NoLRM-22.5%UC-AOE,MFm&0&rDXHP&Ex&dxHP_equip,RB-dxHP_equip-spltHP-SEER-BA-rDXHP-NoLRM-22.5%UC-AOE,69.47,157.02,356899.42,806630.65,356899.42,8969.3,105026.91,14740.46,0.0,73945.06,0.0,13098.33,0.0,0.0,0.0,0.0,141119.34,0.0,0.0,8969.3,105026.91,0.0,0.0,59678.04,14267.02,0.0,0.0,2283.19,309406612.2628255
runs/CZ15/MFm&0&rDXHP&Ex&dxHP_equip/RB-dxHP_equip-spltHP-SEER-BA-rDXHP-NoLRM-40%UC-AOE/instance-out.sql,CZ15,MFm,0,rDXHP,Ex,dxHP_equip,,RB-dxHP_equip-spltHP-SEER-BA-rDXHP-NoLRM-40%UC-AOE,MFm&0&rDXHP&Ex&dxHP_equip,RB-dxHP_equip-spltHP-SEER-BA-rDXHP-NoLRM-40%UC-AOE,73.92,171.09,379722.4,878911.03,379722.4,9875.17,126944.02,14740.46,0.0,73945.06,0.0,13098.33,0.0,0.0,0.0,0.0,141119.34,0.0,0.0,9875.17,126944.02,0.0,0.0,59678.04,14267.02,0.0,0.0,2283.19,359518059.8759757
runs/CZ16/MFm&0&rDXGF&Ex&dxAC_equip/RB-dxAC_equip-spltAC-SEER-BA-rDXGF-LRM-LSC-AOE/instance-out.sql,CZ16,MFm,0,rDXGF,Ex,dxAC_equip,,RB-dxAC_equip-spltAC-SEER-BA-rDXGF-LRM-LSC-AOE,MFm&0&rDXGF&Ex&dxAC_equip,RB-dxAC_equip-spltAC-SEER-BA-rDXGF-LRM-LSC-AOE,60.35,100.44,310006.18,515990.77,310006.18,61732.17,8699.33,14740.46,0.0,73945.06,0.0,3269.14,0.0,0.0,0.0,0.0,147620.0,0.0,0.0,0.0,8699.33,61732.17,0.0,59678.04,14267.02,0.0,0.0,2283.19,109092988.45590863
runs/CZ16/MFm&0&rDXGF&Ex&dxAC_equip/RB-dxAC_equip-spltAC-SEER-BA-rDXGF-NoLRM-0%UC-AOE/instance-out.sql,CZ16,MFm,0,rDXGF,Ex,dxAC_equip,,RB-dxAC_equip-spltAC-SEER-BA-rDXGF-NoLRM-0%UC-AOE,MFm&0&rDXGF&Ex&dxAC_equip,RB-dxAC_equip-spltAC-SEER-BA-rDXGF-NoLRM-0%UC-AOE,60.51,100.95,310828.62,518595.46,310828.62,61732.17,9521.78,14740.46,0.0,73945.06,0.0,3269.14,0.0,0.0,0.0,0.0,147620.0,0.0,0.0,0.0,9521.78,61732.17,0.0,59678.04,14267.02,0.0,0.0,2283.19,114022480.22607368
runs/CZ16/MFm&0&rDXGF&Ex&dxAC_equip/RB-dxAC_equip-spltAC-SEER-BA-rDXGF-NoLRM-15%UC-AOE/instance-out.sql,CZ16,MFm,0,rDXGF,Ex,dxAC_equip,,RB-dxAC_equip-spltAC-SEER-BA-rDXGF-NoLRM-15%UC-AOE,MFm&0&rDXGF&Ex&dxAC_equip,RB-dxAC_equip-spltAC-SEER-BA-rDXGF-NoLRM-15%UC-AOE,60.96,102.38,313156.3,525967.22,313156.30000000005,61732.17,11849.46,14740.46,0.0,73945.06,0.0,3269.14,0.0,0.0,0.0,0.0,147620.0,0.0,0.0,0.0,11849.46,61732.17,0.0,59678.04,14267.02,0.0,0.0,2283.19,127973872.01211838
runs/CZ15/MFm&0&rDXHP&Ex&dxHP_equip/RB-dxHP_equip-spltHP-SEER-BA-rDXHP-NoLRM-7.5%UC-AOE/instance-out.sql,CZ15,MFm,0,rDXHP,Ex,dxHP_equip,,RB-dxHP_equip-spltHP-SEER-BA-rDXHP-NoLRM-7.5%UC-AOE,MFm&0&rDXHP&Ex&dxHP_equip,RB-dxHP_equip-spltHP-SEER-BA-rDXHP-NoLRM-7.5%UC-AOE,65.67,144.96,337336.86,744676.04,337336.87,8192.84,86240.82,14740.46,0.0,73945.06,0.0,13098.33,0.0,0.0,0.0,0.0,141119.34,0.0,0.0,8192.84,86240.82,0.0,0.0,59678.04,14267.02,0.0,0.0,2283.19,266453942.74912396
runs/CZ16/MFm&0&rDXGF&Ex&dxAC_equip/RB-dxAC_equip-spltAC-SEER-BA-rDXGF-LRM-LSC-NR/instance-out.sql,CZ16,MFm,0,rDXGF,Ex,dxAC_equip,,RB-dxAC_equip-spltAC-SEER-BA-rDXGF-LRM-LSC-NR,MFm&0&rDXGF&Ex&dxAC_equip,RB-dxAC_equip-spltAC-SEER-BA-rDXGF-LRM-LSC-NR,60.18,99.92,309155.68,513297.25,309155.68,61732.17,7848.84,14740.46,0.0,73945.06,0.0,3269.14,0.0,0.0,0.0,0.0,147620.0,0.0,0.0,0.0,7848.84,61732.17,0.0,59678.04,14267.02,0.0,0.0,2283.19,103995395.73415878
runs/CZ15/MFm&0&rDXHP&Ex&dxHP_equip/RB-dxHP_equip-spltHP-SEER-BA-rDXHP-NoLRM-30%UC-AOE/instance-out.sql,CZ15,MFm,0,rDXHP,Ex,dxHP_equip,,RB-dxHP_equip-spltHP-SEER-BA-rDXHP-NoLRM-30%UC-AOE,MFm&0&rDXHP&Ex&dxHP_equip,RB-dxHP_equip-spltHP-SEER-BA-rDXHP-NoLRM-30%UC-AOE,71.38,163.05,366680.69,837607.95,366680.69999999995,9357.53,114419.96,14740.46,0.0,73945.06,0.0,13098.33,0.0,0.0,0.0,0.0,141119.34,0.0,0.0,9357.53,114419.96,0.0,0.0,59678.04,14267.02,0.0,0.0,2283.19,330882946.8844354
runs/CZ16/MFm&0&rDXGF&Ex&dxAC_equip/RB-dxAC_equip-spltAC-SEER-BA-rDXGF-NoLRM-0%UC-NR/instance-out.sql,CZ16,MFm,0,rDXGF,Ex,dxAC_equip,,RB-dxAC_equip-spltAC-SEER-BA-rDXGF-NoLRM-0%UC-NR,MFm&0&rDXGF&Ex&dxAC_equip,RB-dxAC_equip-spltAC-SEER-BA-rDXGF-NoLRM-0%UC-NR,60.32,100.38,309897.72,515647.29,309897.72000000003,61732.17,8590.88,14740.46,0.0,73945.06,0.0,3269.14,0.0,0.0,0.0,0.0,147620.0,0.0,0.0,0.0,8590.88,61732.17,0.0,59678.04,14267.02,0.0,0.0,2283.19,108442953.94133446
runs/CZ16/MFm&0&rDXGF&Ex&dxAC_equip/RB-dxAC_equip-spltAC-SEER-BA-rDXGF-NoLRM-22.5%UC-AOE/instance-out.sql,CZ16,MFm,0,rDXGF,Ex,dxAC_equip,,RB-dxAC_equip-spltAC-SEER-BA-rDXGF-NoLRM-22.5%UC-AOE,MFm&0&rDXGF&Ex&dxAC_equip,RB-dxAC_equip-spltAC-SEER-BA-rDXGF-NoLRM-22.5%UC-AOE,61.19,103.1,314320.14,529653.1,314320.14,61732.17,13013.3,14740.46,0.0,73945.06,0.0,3269.14,0.0,0.0,0.0,0.0,147620.0,0.0,0.0,0.0,13013.3,61732.17,0.0,59678.04,14267.02,0.0,0.0,2283.19,134949567.92152774
runs/CZ16/MFm&0&rDXGF&Ex&dxAC_equip/RB-dxAC_equip-spltAC-SEER-BA-rDXGF-NoLRM-30%UC-AOE/instance-out.sql,CZ16,MFm,0,rDXGF,Ex,dxAC_equip,,RB-dxAC_equip-spltAC-SEER-BA-rDXGF-NoLRM-30%UC-AOE,MFm&0&rDXGF&Ex&dxAC_equip,RB-dxAC_equip-spltAC-SEER-BA-rDXGF-NoLRM-30%UC-AOE,61.41,103.82,315483.99,533338.98,315483.98,61732.17,14177.14,14740.46,0.0,73945.06,0.0,3269.14,0.0,0.0,0.0,0.0,147620.0,0.0,0.0,0.0,14177.14,61732.17,0.0,59678.04,14267.02,0.0,0.0,2283.19,141925263.78455123
runs/CZ16/MFm&0&rDXGF&Ex&dxAC_equip/RB-dxAC_equip-spltAC-SEER-BA-rDXGF-NoLRM-7.5%UC-AOE/instance-out.sql,CZ16,MFm,0,rDXGF,Ex,dxAC_equip,,RB-dxAC_equip-spltAC-SEER-BA-rDXGF-NoLRM-7.5%UC-AOE,MFm&0&rDXGF&Ex&dxAC_equip,RB-dxAC_equip-spltAC-SEER-BA-rDXGF-NoLRM-7.5%UC-AOE,60.73,101.67,311992.46,522281.34,311992.46,61732.17,10685.62,14740.46,0.0,73945.06,0.0,3269.14,0.0,0.0,0.0,0.0,147620.0,0.0,0.0,0.0,10685.62,61732.17,0.0,59678.04,14267.02,0.0,0.0,2283.19,120998176.10762608
runs/CZ16/MFm&0&rDXHP&Ex&dxHP_equip/RB-dxHP_equip-spltHP-SEER-BA-rDXHP-LRM-LSC-AOE/instance-out.sql,CZ16,MFm,0,rDXHP,Ex,dxHP_equip,,RB-dxHP_equip-spltHP-SEER-BA-rDXHP-LRM-LSC-AOE,MFm&0&rDXHP&Ex&dxHP_equip,RB-dxHP_equip-spltHP-SEER-BA-rDXHP-LRM-LSC-AOE,55.32,109.57,284183.05,562871.39,284183.05000000005,34560.66,8699.42,14740.46,0.0,73945.06,0.0,4653.12,0.0,0.0,0.0,0.0,147584.32,0.0,0.0,34560.66,8699.42,0.0,0.0,59678.04,14267.02,0.0,0.0,2283.19,109092755.10586849
runs/CZ16/MFm&0&rDXGF&Ex&dxAC_equip/RB-dxAC_equip-spltAC-SEER-BA-rDXGF-NoLRM-40%UC-AOE/instance-out.sql,CZ16,MFm,0,rDXGF,Ex,dxAC_equip,,RB-dxAC_equip-spltAC-SEER-BA-rDXGF-NoLRM-40%UC-AOE,MFm&0&rDXGF&Ex&dxAC_equip,RB-dxAC_equip-spltAC-SEER-BA-rDXGF-NoLRM-40%UC-AOE,61.71,104.78,317035.77,538253.49,317035.77,61732.17,15728.93,14740.46,0.0,73945.06,0.0,3269.14,0.0,0.0,0.0,0.0,147620.0,0.0,0.0,0.0,15728.93,61732.17,0.0,59678.04,14267.02,0.0,0.0,2283.19,151226191.65477097
runs/CZ16/MFm&0&rDXHP&Ex&dxHP_equip/RB-dxHP_equip-spltHP-SEER-BA-rDXHP-LRM-LSC-NC/instance-out.sql,CZ16,MFm,0,rDXHP,Ex,dxHP_equip,,RB-dxHP_equip-spltHP-SEER-BA-rDXHP-LRM-LSC-NC,MFm&0&rDXHP&Ex&dxHP_equip,RB-dxHP_equip-spltHP-SEER-BA-rDXHP-LRM-LSC-NC,54.08,105.66,277838.8,542779.14,277838.80000000005,29066.91,7848.92,14740.46,0.0,73945.06,0.0,4653.12,0.0,0.0,0.0,0.0,147584.32,0.0,0.0,29066.91,7848.92,0.0,0.0,59678.04,14267.02,0.0,0.0,2283.19,103995181.56772828
runs/CZ16/MFm&0&rDXHP&Ex&dxHP_equip/RB-dxHP_equip-spltHP-SEER-BA-rDXHP-LRM-LSC-NR/instance-out.sql,CZ16,MFm,0,rDXHP,Ex,dxHP_equip,,RB-dxHP_equip-spltHP-SEER-BA-rDXHP-LRM-LSC-NR,MFm&0&rDXHP&Ex&dxHP_equip,RB-dxHP_equip-spltHP-SEER-BA-rDXHP-LRM-LSC-NR,54.08,105.66,277838.8,542779.14,277838.80000000005,29066.91,7848.92,14740.46,0.0,73945.06,0.0,4653.12,0.0,0.0,0.0,0.0,147584.32,0.0,0.0,29066.91,7848.92,0.0,0.0,59678.04,14267.02,0.0,0.0,2283.19,103995181.56772828
runs/CZ16/MFm&0&rDXHP&Ex&dxHP_equip/RB-dxHP_equip-spltHP-SEER-BA-rDXHP-NoLRM-0%UC-AOE/instance-out.sql,CZ16,MFm,0,rDXHP,Ex,dxHP_equip,,RB-dxHP_equip-spltHP-SEER-BA-rDXHP-NoLRM-0%UC-AOE,MFm&0&rDXHP&Ex&dxHP_equip,RB-dxHP_equip-spltHP-SEER-BA-rDXHP-NoLRM-0%UC-AOE,55.68,110.72,286058.63,568811.34,286058.63,35613.78,9521.88,14740.46,0.0,73945.06,0.0,4653.12,0.0,0.0,0.0,0.0,147584.32,0.0,0.0,35613.78,9521.88,0.0,0.0,59678.04,14267.02,0.0,0.0,2283.19,114022228.32503286
runs/CZ16/MFm&0&rDXHP&Ex&dxHP_equip/RB-dxHP_equip-spltHP-SEER-BA-rDXHP-NoLRM-0%UC-NC/instance-out.sql,CZ16,MFm,0,rDXHP,Ex,dxHP_equip,,RB-dxHP_equip-spltHP-SEER-BA-rDXHP-NoLRM-0%UC-NC,MFm&0&rDXHP&Ex&dxHP_equip,RB-dxHP_equip-spltHP-SEER-BA-rDXHP-NoLRM-0%UC-NC,54.39,106.63,279417.63,547779.29,279417.63,29903.69,8590.97,14740.46,0.0,73945.06,0.0,4653.12,0.0,0.0,0.0,0.0,147584.32,0.0,0.0,29903.69,8590.97,0.0,0.0,59678.04,14267.02,0.0,0.0,2283.19,108442723.03754866
runs/CZ16/MFm&0&rDXHP&Ex&dxHP_equip/RB-dxHP_equip-spltHP-SEER-BA-rDXHP-NoLRM-30%UC-AOE/instance-out.sql,CZ16,MFm,0,rDXHP,Ex,dxHP_equip,,RB-dxHP_equip-spltHP-SEER-BA-rDXHP-NoLRM-30%UC-AOE,MFm&0&rDXHP&Ex&dxHP_equip,RB-dxHP_equip-spltHP-SEER-BA-rDXHP-NoLRM-30%UC-AOE,57.75,117.27,296675.09,602433.67,296675.08999999997,41574.84,14177.29,14740.46,0.0,73945.06,0.0,4653.12,0.0,0.0,0.0,0.0,147584.32,0.0,0.0,41574.84,14177.29,0.0,0.0,59678.04,14267.02,0.0,0.0,2283.19,141924906.8778465
runs/CZ16/MFm&0&rDXHP&Ex&dxHP_equip/RB-dxHP_equip-spltHP-SEER-BA-rDXHP-NoLRM-0%UC-NR/instance-out.sql,CZ16,MFm,0,rDXHP,Ex,dxHP_equip,,RB-dxHP_equip-spltHP-SEER-BA-rDXHP-NoLRM-0%UC-NR,MFm&0&rDXHP&Ex&dxHP_equip,RB-dxHP_equip-spltHP-SEER-BA-rDXHP-NoLRM-0%UC-NR,54.39,106.63,279417.63,547779.29,279417.63,29903.69,8590.97,14740.46,0.0,73945.06,0.0,4653.12,0.0,0.0,0.0,0.0,147584.32,0.0,0.0,29903.69,8590.97,0.0,0.0,59678.04,14267.02,0.0,0.0,2283.19,108442723.03754866
runs/CZ16/MFm&0&rDXHP&Ex&dxHP_equip/RB-dxHP_equip-spltHP-SEER-BA-rDXHP-NoLRM-22.5%UC-AOE/instance-out.sql,CZ16,MFm,0,rDXHP,Ex,dxHP_equip,,RB-dxHP_equip-spltHP-SEER-BA-rDXHP-NoLRM-22.5%UC-AOE,MFm&0&rDXHP&Ex&dxHP_equip,RB-dxHP_equip-spltHP-SEER-BA-rDXHP-NoLRM-22.5%UC-AOE,57.23,115.63,294020.97,594028.08,294020.97,40084.57,13013.43,14740.46,0.0,73945.06,0.0,4653.12,0.0,0.0,0.0,0.0,147584.32,0.0,0.0,40084.57,13013.43,0.0,0.0,59678.04,14267.02,0.0,0.0,2283.19,134949237.26623893
runs/CZ16/MFm&0&rDXHP&Ex&dxHP_equip/RB-dxHP_equip-spltHP-SEER-BA-rDXHP-NoLRM-15%UC-AOE/instance-out.sql,CZ16,MFm,0,rDXHP,Ex,dxHP_equip,,RB-dxHP_equip-spltHP-SEER-BA-rDXHP-NoLRM-15%UC-AOE,MFm&0&rDXHP&Ex&dxHP_equip,RB-dxHP_equip-spltHP-SEER-BA-rDXHP-NoLRM-15%UC-AOE,56.72,114.0,291366.86,585622.5,291366.86,38594.31,11849.58,14740.46,0.0,73945.06,0.0,4653.12,0.0,0.0,0.0,0.0,147584.32,0.0,0.0,38594.31,11849.58,0.0,0.0,59678.04,14267.02,0.0,0.0,2283.19,127973567.6082456
runs/CZ16/MFm&0&rDXHP&Ex&dxHP_equip/RB-dxHP_equip-spltHP-SEER-BA-rDXHP-NoLRM-7.5%UC-AOE/instance-out.sql,CZ16,MFm,0,rDXHP,Ex,dxHP_equip,,RB-dxHP_equip-spltHP-SEER-BA-rDXHP-NoLRM-7.5%UC-AOE,MFm&0&rDXHP&Ex&dxHP_equip,RB-dxHP_equip-spltHP-SEER-BA-rDXHP-NoLRM-7.5%UC-AOE,56.2,112.36,288712.74,577216.92,288712.74,37104.05,10685.73,14740.46,0.0,73945.06,0.0,4653.12,0.0,0.0,0.0,0.0,147584.32,0.0,0.0,37104.05,10685.73,0.0,0.0,59678.04,14267.02,0.0,0.0,2283.19,120997897.95516935
runs/CZ16/MFm&0&rDXHP&Ex&dxHP_equip/RB-dxHP_equip-spltHP-SEER-BA-rDXHP-NoLRM-40%UC-AOE/instance-out.sql,CZ16,MFm,0,rDXHP,Ex,dxHP_equip,,RB-dxHP_equip-spltHP-SEER-BA-rDXHP-NoLRM-40%UC-AOE,MFm&0&rDXHP&Ex&dxHP_equip,RB-dxHP_equip-spltHP-SEER-BA-rDXHP-NoLRM-40%UC-AOE,58.44,119.45,300213.91,613641.11,300213.91000000003,43561.85,15729.09,14740.46,0.0,73945.06,0.0,4653.12,0.0,0.0,0.0,0.0,147584.32,0.0,0.0,43561.85,15729.09,0.0,0.0,59678.04,14267.02,0.0,0.0,2283.19,151225799.74617824
